ISO-10303-21;
HEADER;
FILE_DESCRIPTION (( 'STEP AP214' ),
    '1' );
FILE_NAME ('pi4withall.STEP',
    '2026-05-05T17:37:15',
    ( '' ),
    ( '' ),
    'SwSTEP 2.0',
    'SolidWorks 2025',
    '' );
FILE_SCHEMA (( 'AUTOMOTIVE_DESIGN' ));
ENDSEC;

DATA;
#1 = AXIS2_PLACEMENT_3D ( 'NONE', #1359, #155, #1686 ) ;
#2 = ORIENTED_EDGE ( 'NONE', *, *, #490, .F. ) ;
#3 = DIRECTION ( 'NONE',  ( 0.000000000000000000, 1.000000000000000000, -1.321694076934709909E-16 ) ) ;
#4 = DIRECTION ( 'NONE',  ( 1.000000000000000000, 0.000000000000000000, 0.000000000000000000 ) ) ;
#5 = DIRECTION ( 'NONE',  ( 0.000000000000000000, 0.000000000000000000, 1.000000000000000000 ) ) ;
#6 = CARTESIAN_POINT ( 'NONE',  ( -0.4999999999999872324, 3.350977009464993660E-32, -4.864112972341769985E-17 ) ) ;
#7 = ORIENTED_EDGE ( 'NONE', *, *, #690, .F. ) ;
#8 = ORIENTED_EDGE ( 'NONE', *, *, #990, .F. ) ;
#9 = SURFACE_STYLE_USAGE ( .BOTH. , #679 ) ;
#10 = DIRECTION ( 'NONE',  ( 2.238352872228138170E-16, 0.000000000000000000, -1.000000000000000000 ) ) ;
#11 = PLANE ( 'NONE',  #944 ) ;
#12 = EDGE_CURVE ( 'NONE', #561, #461, #48, .T. ) ;
#13 = FACE_OUTER_BOUND ( 'NONE', #1253, .T. ) ;
#14 = EDGE_LOOP ( 'NONE', ( #50, #1131, #142, #36, #1198, #742, #963, #464, #1123, #399 ) ) ;
#15 = ORIENTED_EDGE ( 'NONE', *, *, #275, .F. ) ;
#16 = LINE ( 'NONE', #127, #756 ) ;
#17 = CARTESIAN_POINT ( 'NONE',  ( 0.000000000000000000, 27.20000000000000995, 43.50000000000000711 ) ) ;
#18 = AXIS2_PLACEMENT_3D ( 'NONE', #290, #160, #5 ) ;
#19 = AXIS2_PLACEMENT_3D ( 'NONE', #1350, #555, #1496 ) ;
#20 = EDGE_CURVE ( 'NONE', #364, #629, #301, .T. ) ;
#21 = ADVANCED_FACE ( 'NONE', ( #435 ), #1513, .F. ) ;
#22 = PRESENTATION_LAYER_ASSIGNMENT (  '', '', ( #1345 ) ) ;
#23 = CIRCLE ( 'NONE', #1009, 1.500000000000001332 ) ;
#24 = EDGE_LOOP ( 'NONE', ( #1165, #1027 ) ) ;
#25 = DIRECTION ( 'NONE',  ( 1.000000000000000000, 0.000000000000000000, 4.364084216293855082E-16 ) ) ;
#26 = PRESENTATION_STYLE_ASSIGNMENT (( #1234 ) ) ;
#27 = ORIENTED_EDGE ( 'NONE', *, *, #1644, .F. ) ;
#28 = FACE_OUTER_BOUND ( 'NONE', #598, .T. ) ;
#29 = DIRECTION ( 'NONE',  ( -0.000000000000000000, -0.000000000000000000, -1.000000000000000000 ) ) ;
#30 = EDGE_CURVE ( 'NONE', #1144, #295, #31, .T. ) ;
#31 = LINE ( 'NONE', #569, #1003 ) ;
#32 = UNCERTAINTY_MEASURE_WITH_UNIT (LENGTH_MEASURE( 1.000000000000000082E-05 ), #1232, 'distance_accuracy_value', 'NONE');
#33 = VERTEX_POINT ( 'NONE', #1381 ) ;
#34 = DIRECTION ( 'NONE',  ( -1.000000000000000000, 0.000000000000000000, 0.000000000000000000 ) ) ;
#35 =( NAMED_UNIT ( * ) SI_UNIT ( $, .STERADIAN. ) SOLID_ANGLE_UNIT ( ) );
#36 = ORIENTED_EDGE ( 'NONE', *, *, #1116, .T. ) ;
#37 = FILL_AREA_STYLE_COLOUR ( '', #345 ) ;
#38 = DIRECTION ( 'NONE',  ( 2.238352872228138170E-16, 0.000000000000000000, -1.000000000000000000 ) ) ;
#39 = DIRECTION ( 'NONE',  ( 1.000000000000000000, 0.000000000000000000, 0.000000000000000000 ) ) ;
#40 = CARTESIAN_POINT ( 'NONE',  ( 0.000000000000000000, 0.000000000000000000, 50.49999999999997868 ) ) ;
#41 = ORIENTED_EDGE ( 'NONE', *, *, #451, .T. ) ;
#42 = CYLINDRICAL_SURFACE ( 'NONE', #1230, 1.500000000000001332 ) ;
#43 = DIRECTION ( 'NONE',  ( 0.000000000000000000, -0.000000000000000000, -1.000000000000000000 ) ) ;
#44 = FACE_OUTER_BOUND ( 'NONE', #440, .T. ) ;
#45 = LINE ( 'NONE', #593, #843 ) ;
#46 = AXIS2_PLACEMENT_3D ( 'NONE', #229, #1012, #478 ) ;
#47 = VECTOR ( 'NONE', #1736, 1000.000000000000000 ) ;
#48 = LINE ( 'NONE', #1501, #1687 ) ;
#49 = VECTOR ( 'NONE', #1002, 1000.000000000000000 ) ;
#50 = ORIENTED_EDGE ( 'NONE', *, *, #726, .T. ) ;
#51 = CARTESIAN_POINT ( 'NONE',  ( 0.000000000000000000, 15.33409334685713254, -52.60279599323013144 ) ) ;
#52 = STYLED_ITEM ( 'NONE', ( #395 ), #968 ) ;
#53 = VECTOR ( 'NONE', #977, 1000.000000000000000 ) ;
#54 = FACE_OUTER_BOUND ( 'NONE', #225, .T. ) ;
#55 = ADVANCED_FACE ( 'NONE', ( #992 ), #178, .T. ) ;
#56 = ORIENTED_EDGE ( 'NONE', *, *, #114, .F. ) ;
#57 = EDGE_CURVE ( 'NONE', #684, #725, #1122, .T. ) ;
#58 = CARTESIAN_POINT ( 'NONE',  ( 51.17499999999999005, 23.60000000000000142, 55.50000000000000000 ) ) ;
#59 = EDGE_CURVE ( 'NONE', #882, #212, #186, .T. ) ;
#60 = AXIS2_PLACEMENT_3D ( 'NONE', #313, #1248, #583 ) ;
#61 = DIRECTION ( 'NONE',  ( -0.000000000000000000, 1.000000000000000000, -0.000000000000000000 ) ) ;
#62 = APPLICATION_PROTOCOL_DEFINITION ( 'draft international standard', 'automotive_design', 1998, #419 ) ;
#63 = DIRECTION ( 'NONE',  ( 1.000000000000000000, 0.000000000000000000, 0.000000000000000000 ) ) ;
#64 = EDGE_LOOP ( 'NONE', ( #71, #384, #545, #1220 ) ) ;
#65 = CARTESIAN_POINT ( 'NONE',  ( 3.675000000000011369, 23.60000000000000142, 52.49999999999999289 ) ) ;
#66 = DIRECTION ( 'NONE',  ( 0.000000000000000000, 0.000000000000000000, 1.000000000000000000 ) ) ;
#67 = ORIENTED_EDGE ( 'NONE', *, *, #1548, .T. ) ;
#68 = DIRECTION ( 'NONE',  ( -0.000000000000000000, -0.000000000000000000, -1.000000000000000000 ) ) ;
#69 = LINE ( 'NONE', #850, #1745 ) ;
#70 = CARTESIAN_POINT ( 'NONE',  ( 0.000000000000000000, -3.000000000000000000, 37.00000000000000000 ) ) ;
#71 = ORIENTED_EDGE ( 'NONE', *, *, #381, .F. ) ;
#72 =( LENGTH_UNIT ( ) NAMED_UNIT ( * ) SI_UNIT ( .MILLI., .METRE. ) );
#73 = ORIENTED_EDGE ( 'NONE', *, *, #451, .F. ) ;
#74 = DIRECTION ( 'NONE',  ( -0.000000000000000000, -1.000000000000000000, -0.000000000000000000 ) ) ;
#75 = DIRECTION ( 'NONE',  ( -0.000000000000000000, -0.000000000000000000, -1.000000000000000000 ) ) ;
#76 = LINE ( 'NONE', #346, #899 ) ;
#77 =( GEOMETRIC_REPRESENTATION_CONTEXT ( 3 ) GLOBAL_UNCERTAINTY_ASSIGNED_CONTEXT ( ( #807 ) ) GLOBAL_UNIT_ASSIGNED_CONTEXT ( ( #1651, #697, #458 ) ) REPRESENTATION_CONTEXT ( 'NONE', 'WORKASPACE' ) );
#78 = FACE_BOUND ( 'NONE', #1078, .T. ) ;
#79 = COLOUR_RGB ( '',0.2509803921568627416, 0.2509803921568627416, 0.2509803921568627416 ) ;
#80 = VECTOR ( 'NONE', #1646, 1000.000000000000000 ) ;
#81 = ORIENTED_EDGE ( 'NONE', *, *, #851, .T. ) ;
#82 = SURFACE_SIDE_STYLE ('',( #504 ) ) ;
#83 = SURFACE_SIDE_STYLE ('',( #224 ) ) ;
#84 = ORIENTED_EDGE ( 'NONE', *, *, #20, .F. ) ;
#85 = LINE ( 'NONE', #911, #1605 ) ;
#86 =( GEOMETRIC_REPRESENTATION_CONTEXT ( 3 ) GLOBAL_UNCERTAINTY_ASSIGNED_CONTEXT ( ( #1750 ) ) GLOBAL_UNIT_ASSIGNED_CONTEXT ( ( #1647, #439, #35 ) ) REPRESENTATION_CONTEXT ( 'NONE', 'WORKASPACE' ) );
#87 = PRESENTATION_STYLE_ASSIGNMENT (( #896 ) ) ;
#88 =( GEOMETRIC_REPRESENTATION_CONTEXT ( 3 ) GLOBAL_UNCERTAINTY_ASSIGNED_CONTEXT ( ( #724 ) ) GLOBAL_UNIT_ASSIGNED_CONTEXT ( ( #72, #482, #892 ) ) REPRESENTATION_CONTEXT ( 'NONE', 'WORKASPACE' ) );
#89 = CARTESIAN_POINT ( 'NONE',  ( 0.000000000000000000, 85.00000000000000000, 35.49999999999999289 ) ) ;
#90 = ORIENTED_EDGE ( 'NONE', *, *, #1438, .F. ) ;
#91 = PLANE ( 'NONE',  #371 ) ;
#92 = ORIENTED_EDGE ( 'NONE', *, *, #1601, .T. ) ;
#93 = PLANE ( 'NONE',  #1544 ) ;
#94 =( NAMED_UNIT ( * ) SI_UNIT ( $, .STERADIAN. ) SOLID_ANGLE_UNIT ( ) );
#95 = EDGE_LOOP ( 'NONE', ( #1535, #1691, #685, #1140 ) ) ;
#96 = DIRECTION ( 'NONE',  ( -0.000000000000000000, 1.000000000000000000, -0.000000000000000000 ) ) ;
#97 = ORIENTED_EDGE ( 'NONE', *, *, #494, .F. ) ;
#98 = CYLINDRICAL_SURFACE ( 'NONE', #105, 1.500000000000001332 ) ;
#99 = ADVANCED_FACE ( 'NONE', ( #596 ), #337, .F. ) ;
#100 = EDGE_CURVE ( 'NONE', #1046, #586, #740, .T. ) ;
#101 = CARTESIAN_POINT ( 'NONE',  ( 52.67499999999999005, 23.60000000000000142, 35.49999999999999289 ) ) ;
#102 = CARTESIAN_POINT ( 'NONE',  ( 44.17500000000000426, 18.00000000000000000, 55.50000000000000000 ) ) ;
#103 = ORIENTED_EDGE ( 'NONE', *, *, #1277, .F. ) ;
#104 = VECTOR ( 'NONE', #960, 1000.000000000000000 ) ;
#105 = AXIS2_PLACEMENT_3D ( 'NONE', #894, #787, #506 ) ;
#106 = LINE ( 'NONE', #1449, #1583 ) ;
#107 = VERTEX_POINT ( 'NONE', #1000 ) ;
#108 = LINE ( 'NONE', #1189, #1057 ) ;
#109 = VECTOR ( 'NONE', #832, 1000.000000000000000 ) ;
#110 = ADVANCED_FACE ( 'NONE', ( #881 ), #1191, .T. ) ;
#111 = CARTESIAN_POINT ( 'NONE',  ( 3.675000000000011369, 23.60000000000000142, 52.49999999999999289 ) ) ;
#112 = PLANE ( 'NONE',  #864 ) ;
#113 = MECHANICAL_DESIGN_GEOMETRIC_PRESENTATION_REPRESENTATION (  '', ( #1268 ), #459 ) ;
#114 = EDGE_CURVE ( 'NONE', #1017, #770, #623, .T. ) ;
#115 = PRODUCT_DEFINITION_FORMATION_WITH_SPECIFIED_SOURCE ( 'Symmetric', '', #1240, .NOT_KNOWN. ) ;
#116 = VECTOR ( 'NONE', #147, 1000.000000000000000 ) ;
#117 = ORIENTED_EDGE ( 'NONE', *, *, #1712, .F. ) ;
#118 = VECTOR ( 'NONE', #1267, 1000.000000000000000 ) ;
#119 = PRESENTATION_STYLE_ASSIGNMENT (( #1327 ) ) ;
#120 = ORIENTED_EDGE ( 'NONE', *, *, #1139, .F. ) ;
#121 = LINE ( 'NONE', #1570, #1084 ) ;
#122 = ADVANCED_BREP_SHAPE_REPRESENTATION ( 'pi4withall', ( #572, #1464 ), #788 ) ;
#123 = CARTESIAN_POINT ( 'NONE',  ( 0.000000000000000000, 79.70000000000000284, 43.50000000000000000 ) ) ;
#124 = ORIENTED_EDGE ( 'NONE', *, *, #792, .F. ) ;
#125 = DIRECTION ( 'NONE',  ( 0.000000000000000000, 0.000000000000000000, -1.000000000000000000 ) ) ;
#126 = ORIENTED_EDGE ( 'NONE', *, *, #1116, .F. ) ;
#127 = CARTESIAN_POINT ( 'NONE',  ( -2.203862529228395722E-14, -3.000000000000000000, 50.49999999999997868 ) ) ;
#128 = CARTESIAN_POINT ( 'NONE',  ( 51.17499999999999005, 23.60000000000000142, 35.49999999999999289 ) ) ;
#129 = DIRECTION ( 'NONE',  ( 1.000000000000000000, 0.000000000000000000, 0.000000000000000000 ) ) ;
#130 = EDGE_CURVE ( 'NONE', #1275, #652, #502, .T. ) ;
#131 = ORIENTED_EDGE ( 'NONE', *, *, #1044, .F. ) ;
#132 = EDGE_CURVE ( 'NONE', #725, #753, #344, .T. ) ;
#133 = VECTOR ( 'NONE', #942, 1000.000000000000000 ) ;
#134 = ORIENTED_EDGE ( 'NONE', *, *, #1347, .T. ) ;
#135 = FILL_AREA_STYLE ('',( #1639 ) ) ;
#136 = AXIS2_PLACEMENT_3D ( 'NONE', #1376, #1519, #174 ) ;
#137 = CARTESIAN_POINT ( 'NONE',  ( -13.22620606345436478, 0.000000000000000000, 35.49999999999999289 ) ) ;
#138 =( NAMED_UNIT ( * ) PLANE_ANGLE_UNIT ( ) SI_UNIT ( $, .RADIAN. ) );
#139 = VECTOR ( 'NONE', #1190, 1000.000000000000000 ) ;
#140 = ORIENTED_EDGE ( 'NONE', *, *, #1475, .T. ) ;
#141 = STYLED_ITEM ( 'NONE', ( #119 ), #122 ) ;
#142 = ORIENTED_EDGE ( 'NONE', *, *, #1044, .T. ) ;
#143 = PRESENTATION_STYLE_ASSIGNMENT (( #408 ) ) ;
#144 = ADVANCED_FACE ( 'NONE', ( #1681 ), #657, .F. ) ;
#145 = CARTESIAN_POINT ( 'NONE',  ( 1.900000000000006350, 15.33409334685713254, 50.49999999999997868 ) ) ;
#146 = CARTESIAN_POINT ( 'NONE',  ( 0.000000000000000000, 85.00000000000000000, 50.49999999999997868 ) ) ;
#147 = DIRECTION ( 'NONE',  ( -0.000000000000000000, -0.000000000000000000, -1.000000000000000000 ) ) ;
#148 = ORIENTED_EDGE ( 'NONE', *, *, #1475, .F. ) ;
#149 = ORIENTED_EDGE ( 'NONE', *, *, #927, .F. ) ;
#150 = FILL_AREA_STYLE ('',( #1215 ) ) ;
#151 = CARTESIAN_POINT ( 'NONE',  ( 54.00000000000000711, -3.000000000000000000, 50.49999999999999289 ) ) ;
#152 = EDGE_CURVE ( 'NONE', #1317, #316, #1556, .T. ) ;
#153 = EDGE_CURVE ( 'NONE', #559, #616, #1566, .T. ) ;
#154 = DIRECTION ( 'NONE',  ( -1.334402673828313339E-16, 0.000000000000000000, 1.000000000000000000 ) ) ;
#155 = DIRECTION ( 'NONE',  ( 0.000000000000000000, 0.000000000000000000, -1.000000000000000000 ) ) ;
#156 = PRESENTATION_STYLE_ASSIGNMENT (( #1101 ) ) ;
#157 = ORIENTED_EDGE ( 'NONE', *, *, #1312, .T. ) ;
#158 = VECTOR ( 'NONE', #219, 1000.000000000000000 ) ;
#159 = CARTESIAN_POINT ( 'NONE',  ( 0.000000000000000000, -3.000000000000000000, 0.000000000000000000 ) ) ;
#160 = DIRECTION ( 'NONE',  ( -1.000000000000000000, 0.000000000000000000, 0.000000000000000000 ) ) ;
#161 = VECTOR ( 'NONE', #1588, 1000.000000000000000 ) ;
#162 = ADVANCED_FACE ( 'NONE', ( #363, #78, #614, #1150, #1598 ), #1738, .F. ) ;
#163 = CARTESIAN_POINT ( 'NONE',  ( 16.90000000000001634, 18.00000000000000000, 3.782816354065556461E-15 ) ) ;
#164 = COLOUR_RGB ( '',0.7529411764705882248, 0.7529411764705882248, 0.7529411764705882248 ) ;
#165 = EDGE_CURVE ( 'NONE', #167, #570, #750, .T. ) ;
#166 =( NAMED_UNIT ( * ) PLANE_ANGLE_UNIT ( ) SI_UNIT ( $, .RADIAN. ) );
#167 = VERTEX_POINT ( 'NONE', #1280 ) ;
#168 = VECTOR ( 'NONE', #965, 1000.000000000000000 ) ;
#169 = AXIS2_PLACEMENT_3D ( 'NONE', #1493, #952, #1076 ) ;
#170 = ORIENTED_EDGE ( 'NONE', *, *, #637, .F. ) ;
#171 = CARTESIAN_POINT ( 'NONE',  ( 20.05000000000000426, 18.00000000000000000, 50.49999999999997868 ) ) ;
#172 = DIRECTION ( 'NONE',  ( -1.000000000000000000, 0.000000000000000000, 0.000000000000000000 ) ) ;
#173 = VERTEX_POINT ( 'NONE', #1138 ) ;
#174 = DIRECTION ( 'NONE',  ( 0.000000000000000000, 0.000000000000000000, 1.000000000000000000 ) ) ;
#175 = CARTESIAN_POINT ( 'NONE',  ( 12.17500000000000071, 85.00000000000000000, 52.50000000000000000 ) ) ;
#176 = DIRECTION ( 'NONE',  ( -1.000000000000000000, 0.000000000000000000, -0.000000000000000000 ) ) ;
#177 = DIRECTION ( 'NONE',  ( 1.000000000000000000, 0.000000000000000000, 0.000000000000000000 ) ) ;
#178 = PLANE ( 'NONE',  #1260 ) ;
#179 = EDGE_LOOP ( 'NONE', ( #505, #1478, #1045, #783, #546, #678, #1307, #580, #1281, #601 ) ) ;
#180 = PLANE ( 'NONE',  #809 ) ;
#181 = FACE_OUTER_BOUND ( 'NONE', #946, .T. ) ;
#182 = ORIENTED_EDGE ( 'NONE', *, *, #12, .F. ) ;
#183 = CARTESIAN_POINT ( 'NONE',  ( 5.175000000000013145, 23.60000000000000142, 52.49999999999999289 ) ) ;
#184 = DIRECTION ( 'NONE',  ( 0.000000000000000000, -0.000000000000000000, 1.000000000000000000 ) ) ;
#185 = LINE ( 'NONE', #1010, #1034 ) ;
#186 = LINE ( 'NONE', #723, #537 ) ;
#187 = EDGE_CURVE ( 'NONE', #966, #1068, #1458, .T. ) ;
#188 = ORIENTED_EDGE ( 'NONE', *, *, #1635, .T. ) ;
#189 = FACE_OUTER_BOUND ( 'NONE', #1355, .T. ) ;
#190 = ADVANCED_FACE ( 'NONE', ( #1288, #889, #1297 ), #112, .F. ) ;
#191 = FACE_OUTER_BOUND ( 'NONE', #533, .T. ) ;
#192 = CARTESIAN_POINT ( 'NONE',  ( 0.000000000000000000, -3.000000000000000000, 37.00000000000000000 ) ) ;
#193 = PRESENTATION_LAYER_ASSIGNMENT (  '', '', ( #1202 ) ) ;
#194 = AXIS2_PLACEMENT_3D ( 'NONE', #1714, #917, #754 ) ;
#195 = CARTESIAN_POINT ( 'NONE',  ( 0.000000000000000000, 18.00000000000000000, 55.50000000000000000 ) ) ;
#196 = FILL_AREA_STYLE ('',( #824 ) ) ;
#197 = UNCERTAINTY_MEASURE_WITH_UNIT (LENGTH_MEASURE( 1.000000000000000082E-05 ), #1283, 'distance_accuracy_value', 'NONE');
#198 = PRESENTATION_LAYER_ASSIGNMENT (  '', '', ( #1435 ) ) ;
#199 = ORIENTED_EDGE ( 'NONE', *, *, #1670, .T. ) ;
#200 = CARTESIAN_POINT ( 'NONE',  ( 35.05000000000000426, -3.000000000000000000, 37.00000000000000000 ) ) ;
#201 = ADVANCED_FACE ( 'NONE', ( #541 ), #1236, .T. ) ;
#202 = CARTESIAN_POINT ( 'NONE',  ( -0.4999999999999922284, 79.70000000000000284, 37.00000000000000000 ) ) ;
#203 = EDGE_LOOP ( 'NONE', ( #1424, #1109, #699, #1195 ) ) ;
#204 = STYLED_ITEM ( 'NONE', ( #358 ), #1615 ) ;
#205 = VECTOR ( 'NONE', #943, 1000.000000000000000 ) ;
#206 = CARTESIAN_POINT ( 'NONE',  ( 1.900000000000007683, 85.00000000000000000, 37.00000000000000000 ) ) ;
#207 = PRESENTATION_STYLE_ASSIGNMENT (( #1379 ) ) ;
#208 = CARTESIAN_POINT ( 'NONE',  ( 38.10000000000000853, 18.00000000000000000, 50.49999999999998579 ) ) ;
#209 = ORIENTED_EDGE ( 'NONE', *, *, #1320, .T. ) ;
#210 = CARTESIAN_POINT ( 'NONE',  ( 0.000000000000000000, 15.33409334685713254, 36.99999999999999289 ) ) ;
#211 = DIRECTION ( 'NONE',  ( -1.000000000000000000, 0.000000000000000000, -1.259073490628328923E-16 ) ) ;
#212 = VERTEX_POINT ( 'NONE', #1631 ) ;
#213 = SURFACE_STYLE_USAGE ( .BOTH. , #738 ) ;
#214 = EDGE_CURVE ( 'NONE', #1315, #922, #681, .T. ) ;
#215 = EDGE_CURVE ( 'NONE', #1046, #282, #1352, .T. ) ;
#216 = DIRECTION ( 'NONE',  ( 1.000000000000000000, 0.000000000000000000, 4.364084216293855082E-16 ) ) ;
#217 = DIRECTION ( 'NONE',  ( 1.000000000000000000, 0.000000000000000000, 0.000000000000000000 ) ) ;
#218 = DIRECTION ( 'NONE',  ( 1.000000000000000000, 0.000000000000000000, 0.000000000000000000 ) ) ;
#219 = DIRECTION ( 'NONE',  ( 1.259073490628328923E-16, 0.000000000000000000, -1.000000000000000000 ) ) ;
#220 = UNCERTAINTY_MEASURE_WITH_UNIT (LENGTH_MEASURE( 1.000000000000000082E-05 ), #664, 'distance_accuracy_value', 'NONE');
#221 = APPLICATION_CONTEXT ( 'automotive_design' ) ;
#222 = ORIENTED_EDGE ( 'NONE', *, *, #1174, .T. ) ;
#223 = DIRECTION ( 'NONE',  ( 0.000000000000000000, -1.000000000000000000, 1.321694076934710155E-16 ) ) ;
#224 = SURFACE_STYLE_FILL_AREA ( #352 ) ;
#225 = EDGE_LOOP ( 'NONE', ( #1422, #1400, #209, #1638 ) ) ;
#226 = LINE ( 'NONE', #511, #1689 ) ;
#227 = LINE ( 'NONE', #367, #846 ) ;
#228 = LINE ( 'NONE', #123, #1322 ) ;
#229 = CARTESIAN_POINT ( 'NONE',  ( 3.675000000000011369, 23.60000000000000142, 35.49999999999999289 ) ) ;
#230 = COLOUR_RGB ( '',0.7529411764705882248, 0.7529411764705882248, 0.7529411764705882248 ) ;
#231 = ORIENTED_EDGE ( 'NONE', *, *, #456, .F. ) ;
#232 =( NAMED_UNIT ( * ) PLANE_ANGLE_UNIT ( ) SI_UNIT ( $, .RADIAN. ) );
#233 = PLANE ( 'NONE',  #1237 ) ;
#234 = ORIENTED_EDGE ( 'NONE', *, *, #853, .F. ) ;
#235 = COLOUR_RGB ( '',0.7529411764705882248, 0.7529411764705882248, 0.7529411764705882248 ) ;
#236 = FACE_OUTER_BOUND ( 'NONE', #95, .T. ) ;
#237 = CIRCLE ( 'NONE', #1208, 1.500000000000001332 ) ;
#238 = CYLINDRICAL_SURFACE ( 'NONE', #1324, 1.500000000000001332 ) ;
#239 = VECTOR ( 'NONE', #96, 1000.000000000000000 ) ;
#240 = FACE_BOUND ( 'NONE', #262, .T. ) ;
#241 = CIRCLE ( 'NONE', #60, 1.500000000000001332 ) ;
#242 = ORIENTED_EDGE ( 'NONE', *, *, #100, .T. ) ;
#243 = CARTESIAN_POINT ( 'NONE',  ( 56.35000000000000142, 0.000000000000000000, 35.49999999999999289 ) ) ;
#244 = ORIENTED_EDGE ( 'NONE', *, *, #1427, .F. ) ;
#245 = CARTESIAN_POINT ( 'NONE',  ( 35.05000000000000426, 0.000000000000000000, 37.00000000000000000 ) ) ;
#246 = LINE ( 'NONE', #1597, #520 ) ;
#247 = DIRECTION ( 'NONE',  ( 0.000000000000000000, 1.000000000000000000, -1.321694076934709909E-16 ) ) ;
#248 = VERTEX_POINT ( 'NONE', #1481 ) ;
#249 = EDGE_CURVE ( 'NONE', #586, #1713, #814, .T. ) ;
#250 = CARTESIAN_POINT ( 'NONE',  ( 12.17499999999999183, 85.00000000000000000, -2.283271169731634164E-15 ) ) ;
#251 = ORIENTED_EDGE ( 'NONE', *, *, #1093, .T. ) ;
#252 = CARTESIAN_POINT ( 'NONE',  ( 12.17500000000000249, 85.00000000000000000, 55.50000000000000000 ) ) ;
#253 = ADVANCED_FACE ( 'NONE', ( #28 ), #11, .F. ) ;
#254 = DIRECTION ( 'NONE',  ( -1.000000000000000000, 0.000000000000000000, 0.000000000000000000 ) ) ;
#255 = SURFACE_STYLE_USAGE ( .BOTH. , #913 ) ;
#256 = STYLED_ITEM ( 'NONE', ( #156 ), #21 ) ;
#257 = VERTEX_POINT ( 'NONE', #967 ) ;
#258 = VECTOR ( 'NONE', #1731, 1000.000000000000000 ) ;
#259 = AXIS2_PLACEMENT_3D ( 'NONE', #1329, #1425, #1563 ) ;
#260 = DIRECTION ( 'NONE',  ( 0.000000000000000000, 0.000000000000000000, -1.000000000000000000 ) ) ;
#261 = PRODUCT_DEFINITION ( 'General', '', #115, #413 ) ;
#262 = EDGE_LOOP ( 'NONE', ( #1595, #831 ) ) ;
#263 = CARTESIAN_POINT ( 'NONE',  ( 16.90000000000000568, 18.00000000000000000, 52.50000000000000000 ) ) ;
#264 = STYLED_ITEM ( 'NONE', ( #641 ), #876 ) ;
#265 =( LENGTH_UNIT ( ) NAMED_UNIT ( * ) SI_UNIT ( .MILLI., .METRE. ) );
#266 = SURFACE_SIDE_STYLE ('',( #528 ) ) ;
#267 = COLOUR_RGB ( '',0.7529411764705882248, 0.7529411764705882248, 0.7529411764705882248 ) ;
#268 = AXIS2_PLACEMENT_3D ( 'NONE', #509, #211, #373 ) ;
#269 = ORIENTED_EDGE ( 'NONE', *, *, #579, .T. ) ;
#270 = CARTESIAN_POINT ( 'NONE',  ( 0.000000000000000000, 15.33409334685713254, 36.99999999999999289 ) ) ;
#271 = ORIENTED_EDGE ( 'NONE', *, *, #1320, .F. ) ;
#272 = FACE_OUTER_BOUND ( 'NONE', #14, .T. ) ;
#273 = PLANE ( 'NONE',  #492 ) ;
#274 = DIRECTION ( 'NONE',  ( -1.000000000000000000, 0.000000000000000000, -9.251858538542971828E-16 ) ) ;
#275 = EDGE_CURVE ( 'NONE', #966, #167, #305, .T. ) ;
#276 = ORIENTED_EDGE ( 'NONE', *, *, #30, .T. ) ;
#277 = SURFACE_STYLE_FILL_AREA ( #784 ) ;
#278 = EDGE_LOOP ( 'NONE', ( #1545, #389, #15, #296 ) ) ;
#279 = CARTESIAN_POINT ( 'NONE',  ( -0.4999999999999930611, 27.20000000000000995, 43.50000000000000711 ) ) ;
#280 = CARTESIAN_POINT ( 'NONE',  ( -2.203862529228395722E-14, 85.00000000000000000, 50.49999999999997868 ) ) ;
#281 = DIRECTION ( 'NONE',  ( -0.000000000000000000, -1.000000000000000000, -0.000000000000000000 ) ) ;
#282 = VERTEX_POINT ( 'NONE', #1358 ) ;
#283 = LINE ( 'NONE', #1594, #1377 ) ;
#284 = CLOSED_SHELL ( 'NONE', ( #523, #530, #1543, #625, #1669, #1624, #612, #144, #838, #368, #1615, #1497, #566, #1073, #876, #190, #968, #201, #1026, #603, #21, #780, #253, #1033, #369, #477, #1299, #1196, #1592, #810, #1402, #417, #1105, #558, #1507, #1022, #162, #1468, #110, #55, #695, #693, #324, #1531, #99, #1154, #1255 ) ) ;
#285 = EDGE_LOOP ( 'NONE', ( #1245, #607, #874, #244 ) ) ;
#286 = LINE ( 'NONE', #1334, #1511 ) ;
#287 = MECHANICAL_DESIGN_GEOMETRIC_PRESENTATION_REPRESENTATION (  '', ( #1032 ), #1743 ) ;
#288 = CARTESIAN_POINT ( 'NONE',  ( 12.17499999999999183, 18.00000000000000000, -2.283271169731634164E-15 ) ) ;
#289 = MECHANICAL_DESIGN_GEOMETRIC_PRESENTATION_REPRESENTATION (  '', ( #1435 ), #1514 ) ;
#290 = CARTESIAN_POINT ( 'NONE',  ( 38.10000000000000853, 18.00000000000000000, 0.000000000000000000 ) ) ;
#291 = LINE ( 'NONE', #816, #498 ) ;
#292 =( GEOMETRIC_REPRESENTATION_CONTEXT ( 3 ) GLOBAL_UNCERTAINTY_ASSIGNED_CONTEXT ( ( #741 ) ) GLOBAL_UNIT_ASSIGNED_CONTEXT ( ( #1323, #370, #900 ) ) REPRESENTATION_CONTEXT ( 'NONE', 'WORKASPACE' ) );
#293 = VECTOR ( 'NONE', #1018, 1000.000000000000000 ) ;
#294 = EDGE_CURVE ( 'NONE', #772, #893, #1223, .T. ) ;
#295 = VERTEX_POINT ( 'NONE', #17 ) ;
#296 = ORIENTED_EDGE ( 'NONE', *, *, #549, .F. ) ;
#297 = PRESENTATION_STYLE_ASSIGNMENT (( #9 ) ) ;
#298 = SURFACE_STYLE_FILL_AREA ( #548 ) ;
#299 = DIRECTION ( 'NONE',  ( -1.000000000000000000, 0.000000000000000000, -0.000000000000000000 ) ) ;
#300 = LINE ( 'NONE', #1625, #205 ) ;
#301 = LINE ( 'NONE', #1243, #484 ) ;
#302 = ORIENTED_EDGE ( 'NONE', *, *, #827, .F. ) ;
#303 = SURFACE_STYLE_FILL_AREA ( #135 ) ;
#304 = DIRECTION ( 'NONE',  ( 4.364084216293854589E-16, 0.000000000000000000, -1.000000000000000000 ) ) ;
#305 = LINE ( 'NONE', #1508, #1110 ) ;
#306 = PLANE ( 'NONE',  #732 ) ;
#307 = UNCERTAINTY_MEASURE_WITH_UNIT (LENGTH_MEASURE( 1.000000000000000082E-05 ), #1217, 'distance_accuracy_value', 'NONE');
#308 = ORIENTED_EDGE ( 'NONE', *, *, #676, .F. ) ;
#309 = DIRECTION ( 'NONE',  ( -0.000000000000000000, -1.000000000000000000, -0.000000000000000000 ) ) ;
#310 = VERTEX_POINT ( 'NONE', #828 ) ;
#311 =( NAMED_UNIT ( * ) PLANE_ANGLE_UNIT ( ) SI_UNIT ( $, .RADIAN. ) );
#312 = EDGE_CURVE ( 'NONE', #1728, #1472, #1641, .T. ) ;
#313 = CARTESIAN_POINT ( 'NONE',  ( 52.67499999999999716, 81.60000000000000853, 50.49999999999999289 ) ) ;
#314 = CARTESIAN_POINT ( 'NONE',  ( 44.17500000000000426, 85.00000000000000000, 50.49999999999999289 ) ) ;
#315 = CARTESIAN_POINT ( 'NONE',  ( 56.35000000000000142, 85.00000000000000000, 50.49999999999997868 ) ) ;
#316 = VERTEX_POINT ( 'NONE', #1499 ) ;
#317 = VECTOR ( 'NONE', #365, 1000.000000000000000 ) ;
#318 = AXIS2_PLACEMENT_3D ( 'NONE', #1100, #706, #125 ) ;
#319 = VERTEX_POINT ( 'NONE', #1364 ) ;
#320 = VECTOR ( 'NONE', #1648, 1000.000000000000000 ) ;
#321 = ORIENTED_EDGE ( 'NONE', *, *, #1091, .F. ) ;
#322 = DIRECTION ( 'NONE',  ( 0.000000000000000000, -1.000000000000000000, 0.000000000000000000 ) ) ;
#323 = DIRECTION ( 'NONE',  ( 0.000000000000000000, 1.000000000000000000, 0.000000000000000000 ) ) ;
#324 = ADVANCED_FACE ( 'NONE', ( #797 ), #1336, .T. ) ;
#325 = EDGE_CURVE ( 'NONE', #248, #925, #1394, .T. ) ;
#326 = CARTESIAN_POINT ( 'NONE',  ( 38.10000000000000853, 0.000000000000000000, 37.00000000000000000 ) ) ;
#327 = UNCERTAINTY_MEASURE_WITH_UNIT (LENGTH_MEASURE( 1.000000000000000082E-05 ), #452, 'distance_accuracy_value', 'NONE');
#328 = EDGE_CURVE ( 'NONE', #257, #319, #1005, .T. ) ;
#329 = ORIENTED_EDGE ( 'NONE', *, *, #1548, .F. ) ;
#330 = CARTESIAN_POINT ( 'NONE',  ( 35.05000000000000426, -3.000000000000000000, 0.000000000000000000 ) ) ;
#331 = CARTESIAN_POINT ( 'NONE',  ( 3.674999999999997602, 81.60000000000000853, 55.50000000000000000 ) ) ;
#332 = EDGE_LOOP ( 'NONE', ( #582, #1261 ) ) ;
#333 = SURFACE_STYLE_FILL_AREA ( #878 ) ;
#334 = LINE ( 'NONE', #343, #1303 ) ;
#335 = SURFACE_SIDE_STYLE ('',( #1396 ) ) ;
#336 = SHAPE_DEFINITION_REPRESENTATION ( #953, #122 ) ;
#337 = CYLINDRICAL_SURFACE ( 'NONE', #1319, 1.500000000000001332 ) ;
#338 = ORIENTED_EDGE ( 'NONE', *, *, #602, .F. ) ;
#339 = DIRECTION ( 'NONE',  ( -1.000000000000000000, 0.000000000000000000, 0.000000000000000000 ) ) ;
#340 = CARTESIAN_POINT ( 'NONE',  ( 56.35000000000000142, 0.000000000000000000, 55.50000000000000000 ) ) ;
#341 = VERTEX_POINT ( 'NONE', #1418 ) ;
#342 =( NAMED_UNIT ( * ) SI_UNIT ( $, .STERADIAN. ) SOLID_ANGLE_UNIT ( ) );
#343 = CARTESIAN_POINT ( 'NONE',  ( 0.000000000000000000, 18.00000000000000000, 50.49999999999997868 ) ) ;
#344 = CIRCLE ( 'NONE', #46, 1.500000000000001332 ) ;
#345 = COLOUR_RGB ( '',0.2509803921568627416, 0.2509803921568627416, 0.2509803921568627416 ) ;
#346 = CARTESIAN_POINT ( 'NONE',  ( 0.000000000000000000, -0.000000000000000000, 37.00000000000000000 ) ) ;
#347 = CARTESIAN_POINT ( 'NONE',  ( 0.000000000000000000, 0.000000000000000000, 0.000000000000000000 ) ) ;
#348 = DIRECTION ( 'NONE',  ( 0.000000000000000000, -0.000000000000000000, 1.000000000000000000 ) ) ;
#349 = AXIS2_PLACEMENT_3D ( 'NONE', #1428, #1170, #658 ) ;
#350 = VERTEX_POINT ( 'NONE', #183 ) ;
#351 = CARTESIAN_POINT ( 'NONE',  ( 2.174999999999996270, 81.60000000000000853, 35.49999999999999289 ) ) ;
#352 = FILL_AREA_STYLE ('',( #1561 ) ) ;
#353 = ORIENTED_EDGE ( 'NONE', *, *, #165, .F. ) ;
#354 = DIRECTION ( 'NONE',  ( -0.000000000000000000, -1.000000000000000000, -0.000000000000000000 ) ) ;
#355 = DIRECTION ( 'NONE',  ( 0.000000000000000000, 0.000000000000000000, 1.000000000000000000 ) ) ;
#356 = ORIENTED_EDGE ( 'NONE', *, *, #615, .T. ) ;
#357 =( LENGTH_UNIT ( ) NAMED_UNIT ( * ) SI_UNIT ( .MILLI., .METRE. ) );
#358 = PRESENTATION_STYLE_ASSIGNMENT (( #1164 ) ) ;
#359 = ORIENTED_EDGE ( 'NONE', *, *, #748, .T. ) ;
#360 = CARTESIAN_POINT ( 'NONE',  ( 1.900000000000005906, 85.00000000000000000, 50.49999999999997868 ) ) ;
#361 = DIRECTION ( 'NONE',  ( -1.000000000000000000, 0.000000000000000000, 0.000000000000000000 ) ) ;
#362 = SURFACE_STYLE_USAGE ( .BOTH. , #529 ) ;
#363 = FACE_BOUND ( 'NONE', #691, .T. ) ;
#364 = VERTEX_POINT ( 'NONE', #1118 ) ;
#365 = DIRECTION ( 'NONE',  ( -0.000000000000000000, -1.000000000000000000, -0.000000000000000000 ) ) ;
#366 = CARTESIAN_POINT ( 'NONE',  ( 54.00000000000000711, -3.000000000000000000, 37.00000000000000000 ) ) ;
#367 = CARTESIAN_POINT ( 'NONE',  ( 0.000000000000000000, 15.33409334685713254, 50.49999999999997868 ) ) ;
#368 = ADVANCED_FACE ( 'NONE', ( #1276 ), #1529, .F. ) ;
#369 = ADVANCED_FACE ( 'NONE', ( #44 ), #1135, .T. ) ;
#370 =( NAMED_UNIT ( * ) PLANE_ANGLE_UNIT ( ) SI_UNIT ( $, .RADIAN. ) );
#371 = AXIS2_PLACEMENT_3D ( 'NONE', #457, #713, #468 ) ;
#372 = EDGE_LOOP ( 'NONE', ( #1375, #404, #131, #1618, #1077, #1518 ) ) ;
#373 = DIRECTION ( 'NONE',  ( -1.259073490628328923E-16, 0.000000000000000000, 1.000000000000000000 ) ) ;
#374 = ORIENTED_EDGE ( 'NONE', *, *, #550, .F. ) ;
#375 = DIRECTION ( 'NONE',  ( 0.000000000000000000, 0.000000000000000000, -1.000000000000000000 ) ) ;
#376 = VECTOR ( 'NONE', #432, 1000.000000000000000 ) ;
#377 = DIRECTION ( 'NONE',  ( 9.251858538542971828E-16, 0.000000000000000000, -1.000000000000000000 ) ) ;
#378 = DIRECTION ( 'NONE',  ( -0.000000000000000000, -1.000000000000000000, -0.000000000000000000 ) ) ;
#379 = EDGE_CURVE ( 'NONE', #770, #1144, #619, .T. ) ;
#380 = AXIS2_PLACEMENT_3D ( 'NONE', #849, #323, #184 ) ;
#381 = EDGE_CURVE ( 'NONE', #107, #786, #836, .T. ) ;
#382 = EDGE_LOOP ( 'NONE', ( #97, #1013, #862, #1655, #103, #1188, #242 ) ) ;
#383 = FILL_AREA_STYLE ('',( #1415 ) ) ;
#384 = ORIENTED_EDGE ( 'NONE', *, *, #1389, .F. ) ;
#385 = CARTESIAN_POINT ( 'NONE',  ( 12.17499999999999183, 85.00000000000000000, -2.283271169731634164E-15 ) ) ;
#386 = CARTESIAN_POINT ( 'NONE',  ( -2.203862529228395722E-14, 18.00000000000000000, 50.49999999999997868 ) ) ;
#387 = CARTESIAN_POINT ( 'NONE',  ( 54.17499999999999716, 23.60000000000000142, 35.49999999999999289 ) ) ;
#388 = EDGE_CURVE ( 'NONE', #578, #719, #1451, .T. ) ;
#389 = ORIENTED_EDGE ( 'NONE', *, *, #1242, .T. ) ;
#390 =( NAMED_UNIT ( * ) SI_UNIT ( $, .STERADIAN. ) SOLID_ANGLE_UNIT ( ) );
#391 = VERTEX_POINT ( 'NONE', #366 ) ;
#392 = LINE ( 'NONE', #263, #47 ) ;
#393 = LINE ( 'NONE', #386, #1748 ) ;
#394 = DIRECTION ( 'NONE',  ( 1.000000000000000000, 0.000000000000000000, 0.000000000000000000 ) ) ;
#395 = PRESENTATION_STYLE_ASSIGNMENT (( #255 ) ) ;
#396 = ORIENTED_EDGE ( 'NONE', *, *, #388, .T. ) ;
#397 = AXIS2_PLACEMENT_3D ( 'NONE', #1262, #845, #1503 ) ;
#398 = LINE ( 'NONE', #577, #1210 ) ;
#399 = ORIENTED_EDGE ( 'NONE', *, *, #1266, .F. ) ;
#400 =( NAMED_UNIT ( * ) PLANE_ANGLE_UNIT ( ) SI_UNIT ( $, .RADIAN. ) );
#401 = STYLED_ITEM ( 'NONE', ( #26 ), #1592 ) ;
#402 = CIRCLE ( 'NONE', #1298, 1.500000000000001332 ) ;
#403 = DIRECTION ( 'NONE',  ( -1.000000000000000000, 0.000000000000000000, -0.000000000000000000 ) ) ;
#404 = ORIENTED_EDGE ( 'NONE', *, *, #490, .T. ) ;
#405 = VECTOR ( 'NONE', #441, 1000.000000000000000 ) ;
#406 = DIRECTION ( 'NONE',  ( 1.334402673828313339E-16, -0.000000000000000000, -1.000000000000000000 ) ) ;
#407 = EDGE_LOOP ( 'NONE', ( #199, #1332, #1213, #1466, #618, #1117 ) ) ;
#408 = SURFACE_STYLE_USAGE ( .BOTH. , #1629 ) ;
#409 = SURFACE_SIDE_STYLE ('',( #298 ) ) ;
#410 = SURFACE_SIDE_STYLE ('',( #935 ) ) ;
#411 = PRESENTATION_STYLE_ASSIGNMENT (( #1632 ) ) ;
#412 = ORIENTED_EDGE ( 'NONE', *, *, #57, .T. ) ;
#413 = PRODUCT_DEFINITION_CONTEXT ( 'detailed design', #419, 'design' ) ;
#414 = ORIENTED_EDGE ( 'NONE', *, *, #1185, .T. ) ;
#415 = CARTESIAN_POINT ( 'NONE',  ( -0.4999999999999930611, 79.70000000000000284, 43.50000000000000000 ) ) ;
#416 = FILL_AREA_STYLE ('',( #1616 ) ) ;
#417 = ADVANCED_FACE ( 'NONE', ( #236 ), #662, .F. ) ;
#418 = EDGE_LOOP ( 'NONE', ( #1092, #1749 ) ) ;
#419 = APPLICATION_CONTEXT ( 'automotive_design' ) ;
#420 = ORIENTED_EDGE ( 'NONE', *, *, #1139, .T. ) ;
#421 = PLANE ( 'NONE',  #1404 ) ;
#422 = PRESENTATION_STYLE_ASSIGNMENT (( #535 ) ) ;
#423 = VECTOR ( 'NONE', #39, 1000.000000000000000 ) ;
#424 = SURFACE_STYLE_USAGE ( .BOTH. , #410 ) ;
#425 = PLANE ( 'NONE',  #169 ) ;
#426 = VECTOR ( 'NONE', #66, 1000.000000000000000 ) ;
#427 = EDGE_CURVE ( 'NONE', #1275, #1062, #85, .T. ) ;
#428 = ORIENTED_EDGE ( 'NONE', *, *, #1252, .T. ) ;
#429 = EDGE_CURVE ( 'NONE', #540, #282, #1721, .T. ) ;
#430 = ORIENTED_EDGE ( 'NONE', *, *, #759, .F. ) ;
#431 =( NAMED_UNIT ( * ) PLANE_ANGLE_UNIT ( ) SI_UNIT ( $, .RADIAN. ) );
#432 = DIRECTION ( 'NONE',  ( 0.000000000000000000, -1.000000000000000000, 0.000000000000000000 ) ) ;
#433 = CARTESIAN_POINT ( 'NONE',  ( 1.900000000000012124, 15.33409334685713254, 2.392239632193839991E-16 ) ) ;
#434 = CARTESIAN_POINT ( 'NONE',  ( 20.05000000000000782, 0.000000000000000000, 37.00000000000000000 ) ) ;
#435 = FACE_OUTER_BOUND ( 'NONE', #1284, .T. ) ;
#436 = EDGE_CURVE ( 'NONE', #848, #364, #226, .T. ) ;
#437 = VERTEX_POINT ( 'NONE', #905 ) ;
#438 = LINE ( 'NONE', #975, #489 ) ;
#439 =( NAMED_UNIT ( * ) PLANE_ANGLE_UNIT ( ) SI_UNIT ( $, .RADIAN. ) );
#440 = EDGE_LOOP ( 'NONE', ( #1181, #134, #795, #1328, #914, #716, #420, #1727, #1652, #1289 ) ) ;
#441 = DIRECTION ( 'NONE',  ( -0.000000000000000000, -1.000000000000000000, -0.000000000000000000 ) ) ;
#442 = FILL_AREA_STYLE_COLOUR ( '', #1058 ) ;
#443 = LINE ( 'NONE', #667, #734 ) ;
#444 = SURFACE_STYLE_FILL_AREA ( #196 ) ;
#445 = EDGE_LOOP ( 'NONE', ( #1037, #531, #518, #1023 ) ) ;
#446 = DIRECTION ( 'NONE',  ( 0.000000000000000000, 0.000000000000000000, 1.000000000000000000 ) ) ;
#447 = VECTOR ( 'NONE', #872, 1000.000000000000000 ) ;
#448 = LINE ( 'NONE', #865, #924 ) ;
#449 = EDGE_CURVE ( 'NONE', #540, #1550, #1305, .T. ) ;
#450 = ORIENTED_EDGE ( 'NONE', *, *, #466, .T. ) ;
#451 = EDGE_CURVE ( 'NONE', #1360, #661, #519, .T. ) ;
#452 =( LENGTH_UNIT ( ) NAMED_UNIT ( * ) SI_UNIT ( .MILLI., .METRE. ) );
#453 = STYLED_ITEM ( 'NONE', ( #858 ), #369 ) ;
#454 = CARTESIAN_POINT ( 'NONE',  ( 56.35000000000000142, 15.33409334685713254, -52.60279599323013144 ) ) ;
#455 = PRESENTATION_LAYER_ASSIGNMENT (  '', '', ( #264 ) ) ;
#456 = EDGE_CURVE ( 'NONE', #1310, #770, #1444, .T. ) ;
#457 = CARTESIAN_POINT ( 'NONE',  ( 20.05000000000001492, 18.00000000000000000, 4.487897508817420855E-15 ) ) ;
#458 =( NAMED_UNIT ( * ) SI_UNIT ( $, .STERADIAN. ) SOLID_ANGLE_UNIT ( ) );
#459 =( GEOMETRIC_REPRESENTATION_CONTEXT ( 3 ) GLOBAL_UNCERTAINTY_ASSIGNED_CONTEXT ( ( #674 ) ) GLOBAL_UNIT_ASSIGNED_CONTEXT ( ( #1306, #1025, #94 ) ) REPRESENTATION_CONTEXT ( 'NONE', 'WORKASPACE' ) );
#460 = VECTOR ( 'NONE', #177, 1000.000000000000000 ) ;
#461 = VERTEX_POINT ( 'NONE', #245 ) ;
#462 = CARTESIAN_POINT ( 'NONE',  ( 0.000000000000000000, 15.33409334685713254, -52.60279599323013144 ) ) ;
#463 = CARTESIAN_POINT ( 'NONE',  ( 12.17500000000000249, 18.00000000000000000, 55.50000000000000000 ) ) ;
#464 = ORIENTED_EDGE ( 'NONE', *, *, #215, .T. ) ;
#465 = SURFACE_SIDE_STYLE ('',( #590 ) ) ;
#466 = EDGE_CURVE ( 'NONE', #1231, #1441, #1434, .T. ) ;
#467 = CARTESIAN_POINT ( 'NONE',  ( 0.000000000000000000, 27.20000000000000995, 36.99999999999999289 ) ) ;
#468 = DIRECTION ( 'NONE',  ( -2.238352872228138170E-16, 0.000000000000000000, 1.000000000000000000 ) ) ;
#469 = CARTESIAN_POINT ( 'NONE',  ( 0.000000000000000000, 18.00000000000000000, 52.50000000000000000 ) ) ;
#470 = UNCERTAINTY_MEASURE_WITH_UNIT (LENGTH_MEASURE( 1.000000000000000082E-05 ), #1656, 'distance_accuracy_value', 'NONE');
#471 = ORIENTED_EDGE ( 'NONE', *, *, #1091, .T. ) ;
#472 = FACE_OUTER_BOUND ( 'NONE', #203, .T. ) ;
#473 = SURFACE_SIDE_STYLE ('',( #600 ) ) ;
#474 = VERTEX_POINT ( 'NONE', #1029 ) ;
#475 = FACE_OUTER_BOUND ( 'NONE', #885, .T. ) ;
#476 = DIRECTION ( 'NONE',  ( -1.000000000000000000, 0.000000000000000000, 0.000000000000000000 ) ) ;
#477 = ADVANCED_FACE ( 'NONE', ( #768 ), #93, .F. ) ;
#478 = DIRECTION ( 'NONE',  ( -1.000000000000000000, 0.000000000000000000, 0.000000000000000000 ) ) ;
#479 = EDGE_CURVE ( 'NONE', #316, #437, #1157, .T. ) ;
#480 = ORIENTED_EDGE ( 'NONE', *, *, #294, .F. ) ;
#481 = DIRECTION ( 'NONE',  ( 0.000000000000000000, -1.000000000000000000, 0.000000000000000000 ) ) ;
#482 =( NAMED_UNIT ( * ) PLANE_ANGLE_UNIT ( ) SI_UNIT ( $, .RADIAN. ) );
#483 = CARTESIAN_POINT ( 'NONE',  ( 0.000000000000000000, 18.00000000000000000, 0.000000000000000000 ) ) ;
#484 = VECTOR ( 'NONE', #1494, 1000.000000000000000 ) ;
#485 = DIRECTION ( 'NONE',  ( -0.000000000000000000, 0.000000000000000000, 1.000000000000000000 ) ) ;
#486 = VECTOR ( 'NONE', #1166, 1000.000000000000000 ) ;
#487 = DIRECTION ( 'NONE',  ( -0.000000000000000000, 0.000000000000000000, 1.000000000000000000 ) ) ;
#488 = CARTESIAN_POINT ( 'NONE',  ( 0.000000000000000000, -3.000000000000000000, 37.00000000000000000 ) ) ;
#489 = VECTOR ( 'NONE', #309, 1000.000000000000000 ) ;
#490 = EDGE_CURVE ( 'NONE', #1611, #1001, #108, .T. ) ;
#491 = VERTEX_POINT ( 'NONE', #1708 ) ;
#492 = AXIS2_PLACEMENT_3D ( 'NONE', #796, #790, #1330 ) ;
#493 = FILL_AREA_STYLE ('',( #627 ) ) ;
#494 = EDGE_CURVE ( 'NONE', #1472, #586, #1578, .T. ) ;
#495 = CIRCLE ( 'NONE', #1699, 1.500000000000001332 ) ;
#496 = EDGE_LOOP ( 'NONE', ( #1219, #27, #890, #708 ) ) ;
#497 = DIRECTION ( 'NONE',  ( 0.000000000000000000, -1.000000000000000000, 0.000000000000000000 ) ) ;
#498 = VECTOR ( 'NONE', #1642, 1000.000000000000000 ) ;
#499 = DIRECTION ( 'NONE',  ( 1.000000000000000000, 0.000000000000000000, 0.000000000000000000 ) ) ;
#500 = VECTOR ( 'NONE', #739, 1000.000000000000000 ) ;
#501 = CARTESIAN_POINT ( 'NONE',  ( 54.00000000000000711, 85.00000000000000000, 0.000000000000000000 ) ) ;
#502 = LINE ( 'NONE', #488, #895 ) ;
#503 = ORIENTED_EDGE ( 'NONE', *, *, #1308, .T. ) ;
#504 = SURFACE_STYLE_FILL_AREA ( #493 ) ;
#505 = ORIENTED_EDGE ( 'NONE', *, *, #1015, .F. ) ;
#506 = DIRECTION ( 'NONE',  ( -1.000000000000000000, 0.000000000000000000, 0.000000000000000000 ) ) ;
#507 = EDGE_CURVE ( 'NONE', #310, #811, #392, .T. ) ;
#508 = ORIENTED_EDGE ( 'NONE', *, *, #804, .T. ) ;
#509 = CARTESIAN_POINT ( 'NONE',  ( 1.900000000000012124, 85.00000000000000000, 2.392239632193839991E-16 ) ) ;
#510 = ORIENTED_EDGE ( 'NONE', *, *, #1657, .F. ) ;
#511 = CARTESIAN_POINT ( 'NONE',  ( 0.000000000000000000, 15.33409334685713254, 50.49999999999997868 ) ) ;
#512 = DIRECTION ( 'NONE',  ( -1.000000000000000000, -0.000000000000000000, -0.000000000000000000 ) ) ;
#513 = DIRECTION ( 'NONE',  ( 1.000000000000000000, 0.000000000000000000, 9.251858538542971828E-16 ) ) ;
#514 = VECTOR ( 'NONE', #919, 1000.000000000000000 ) ;
#515 = VECTOR ( 'NONE', #802, 1000.000000000000000 ) ;
#516 =( GEOMETRIC_REPRESENTATION_CONTEXT ( 3 ) GLOBAL_UNCERTAINTY_ASSIGNED_CONTEXT ( ( #1662 ) ) GLOBAL_UNIT_ASSIGNED_CONTEXT ( ( #793, #907, #888 ) ) REPRESENTATION_CONTEXT ( 'NONE', 'WORKASPACE' ) );
#517 = ORIENTED_EDGE ( 'NONE', *, *, #1591, .T. ) ;
#518 = ORIENTED_EDGE ( 'NONE', *, *, #898, .T. ) ;
#519 = LINE ( 'NONE', #779, #1659 ) ;
#520 = VECTOR ( 'NONE', #1183, 1000.000000000000000 ) ;
#521 = LINE ( 'NONE', #1286, #1038 ) ;
#522 = SURFACE_STYLE_FILL_AREA ( #1599 ) ;
#523 = ADVANCED_FACE ( 'NONE', ( #886 ), #98, .F. ) ;
#524 = ORIENTED_EDGE ( 'NONE', *, *, #1300, .T. ) ;
#525 = ORIENTED_EDGE ( 'NONE', *, *, #152, .T. ) ;
#526 = DIRECTION ( 'NONE',  ( 0.000000000000000000, 1.000000000000000000, -0.000000000000000000 ) ) ;
#527 = CARTESIAN_POINT ( 'NONE',  ( 0.000000000000000000, 85.00000000000000000, 55.50000000000000000 ) ) ;
#528 = SURFACE_STYLE_FILL_AREA ( #1184 ) ;
#529 = SURFACE_SIDE_STYLE ('',( #1331 ) ) ;
#530 = ADVANCED_FACE ( 'NONE', ( #534 ), #646, .F. ) ;
#531 = ORIENTED_EDGE ( 'NONE', *, *, #214, .T. ) ;
#532 = CARTESIAN_POINT ( 'NONE',  ( 52.67499999999999716, 81.60000000000000853, 35.49999999999999289 ) ) ;
#533 = EDGE_LOOP ( 'NONE', ( #1247, #666, #904, #1052 ) ) ;
#534 = FACE_OUTER_BOUND ( 'NONE', #1272, .T. ) ;
#535 = SURFACE_STYLE_USAGE ( .BOTH. , #409 ) ;
#536 = CARTESIAN_POINT ( 'NONE',  ( 0.000000000000000000, 15.33409334685713254, 36.99999999999999289 ) ) ;
#537 = VECTOR ( 'NONE', #1259, 1000.000000000000000 ) ;
#538 = ORIENTED_EDGE ( 'NONE', *, *, #1591, .F. ) ;
#539 = VECTOR ( 'NONE', #1273, 1000.000000000000000 ) ;
#540 = VERTEX_POINT ( 'NONE', #1024 ) ;
#541 = FACE_OUTER_BOUND ( 'NONE', #1371, .T. ) ;
#542 = AXIS2_PLACEMENT_3D ( 'NONE', #1744, #1351, #813 ) ;
#543 = MECHANICAL_DESIGN_GEOMETRIC_PRESENTATION_REPRESENTATION (  '', ( #204 ), #88 ) ;
#544 = CARTESIAN_POINT ( 'NONE',  ( 0.000000000000000000, 18.00000000000000000, 37.00000000000000000 ) ) ;
#545 = ORIENTED_EDGE ( 'NONE', *, *, #12, .T. ) ;
#546 = ORIENTED_EDGE ( 'NONE', *, *, #955, .T. ) ;
#547 =( LENGTH_UNIT ( ) NAMED_UNIT ( * ) SI_UNIT ( .MILLI., .METRE. ) );
#548 = FILL_AREA_STYLE ('',( #1737 ) ) ;
#549 = EDGE_CURVE ( 'NONE', #561, #966, #121, .T. ) ;
#550 = EDGE_CURVE ( 'NONE', #893, #295, #1072, .T. ) ;
#551 = CARTESIAN_POINT ( 'NONE',  ( 54.17499999999999716, 23.60000000000000142, 55.50000000000000000 ) ) ;
#552 = FILL_AREA_STYLE_COLOUR ( '', #1637 ) ;
#553 = ORIENTED_EDGE ( 'NONE', *, *, #1266, .T. ) ;
#554 = ORIENTED_EDGE ( 'NONE', *, *, #1635, .F. ) ;
#555 = DIRECTION ( 'NONE',  ( 0.000000000000000000, -1.000000000000000000, 0.000000000000000000 ) ) ;
#556 = LINE ( 'NONE', #1630, #785 ) ;
#557 = LINE ( 'NONE', #1337, #1610 ) ;
#558 = ADVANCED_FACE ( 'NONE', ( #669 ), #1467, .F. ) ;
#559 = VERTEX_POINT ( 'NONE', #1473 ) ;
#560 =( GEOMETRIC_REPRESENTATION_CONTEXT ( 3 ) GLOBAL_UNCERTAINTY_ASSIGNED_CONTEXT ( ( #220 ) ) GLOBAL_UNIT_ASSIGNED_CONTEXT ( ( #664, #400, #1201 ) ) REPRESENTATION_CONTEXT ( 'NONE', 'WORKASPACE' ) );
#561 = VERTEX_POINT ( 'NONE', #948 ) ;
#562 = DIRECTION ( 'NONE',  ( -2.238352872228138170E-16, 0.000000000000000000, 1.000000000000000000 ) ) ;
#563 = STYLED_ITEM ( 'NONE', ( #720 ), #368 ) ;
#564 = DIRECTION ( 'NONE',  ( 1.000000000000000000, 0.000000000000000000, 0.000000000000000000 ) ) ;
#565 = VECTOR ( 'NONE', #1149, 1000.000000000000000 ) ;
#566 = ADVANCED_FACE ( 'NONE', ( #272 ), #940, .F. ) ;
#567 = PRESENTATION_LAYER_ASSIGNMENT (  '', '', ( #1325 ) ) ;
#568 = MECHANICAL_DESIGN_GEOMETRIC_PRESENTATION_REPRESENTATION (  '', ( #1063 ), #1520 ) ;
#569 = CARTESIAN_POINT ( 'NONE',  ( 0.000000000000000000, 27.20000000000000995, 37.00000000000000711 ) ) ;
#570 = VERTEX_POINT ( 'NONE', #1079 ) ;
#571 = DIRECTION ( 'NONE',  ( -1.000000000000000000, 0.000000000000000000, 0.000000000000000000 ) ) ;
#572 = MANIFOLD_SOLID_BREP ( 'Cut-Extrude6', #284 ) ;
#573 = CARTESIAN_POINT ( 'NONE',  ( 52.67499999999999005, 23.60000000000000142, 50.49999999999999289 ) ) ;
#574 = VERTEX_POINT ( 'NONE', #1221 ) ;
#575 = DIRECTION ( 'NONE',  ( 0.000000000000000000, 0.000000000000000000, -1.000000000000000000 ) ) ;
#576 = LINE ( 'NONE', #1258, #1159 ) ;
#577 = CARTESIAN_POINT ( 'NONE',  ( 1.900000000000005684, 85.00000000000000000, 52.49999999999998579 ) ) ;
#578 = VERTEX_POINT ( 'NONE', #812 ) ;
#579 = EDGE_CURVE ( 'NONE', #939, #844, #1362, .T. ) ;
#580 = ORIENTED_EDGE ( 'NONE', *, *, #275, .T. ) ;
#581 = LINE ( 'NONE', #717, #109 ) ;
#582 = ORIENTED_EDGE ( 'NONE', *, *, #1690, .F. ) ;
#583 = DIRECTION ( 'NONE',  ( -1.000000000000000000, 0.000000000000000000, 0.000000000000000000 ) ) ;
#584 = LINE ( 'NONE', #1672, #1008 ) ;
#585 = DIRECTION ( 'NONE',  ( 1.000000000000000000, 0.000000000000000000, 0.000000000000000000 ) ) ;
#586 = VERTEX_POINT ( 'NONE', #700 ) ;
#587 = CARTESIAN_POINT ( 'NONE',  ( 3.674999999999997602, 81.60000000000000853, 52.49999999999999289 ) ) ;
#588 = AXIS2_PLACEMENT_3D ( 'NONE', #469, #1251, #1369 ) ;
#589 = EDGE_LOOP ( 'NONE', ( #525, #148, #1406, #910 ) ) ;
#590 = SURFACE_STYLE_FILL_AREA ( #711 ) ;
#591 = EDGE_CURVE ( 'NONE', #1417, #364, #286, .T. ) ;
#592 = AXIS2_PLACEMENT_3D ( 'NONE', #610, #322, #728 ) ;
#593 = CARTESIAN_POINT ( 'NONE',  ( 56.35000000000000142, 0.000000000000000000, 55.50000000000000000 ) ) ;
#594 = MECHANICAL_DESIGN_GEOMETRIC_PRESENTATION_REPRESENTATION (  '', ( #264 ), #516 ) ;
#595 = DIRECTION ( 'NONE',  ( 1.000000000000000000, 0.000000000000000000, 0.000000000000000000 ) ) ;
#596 = FACE_OUTER_BOUND ( 'NONE', #1346, .T. ) ;
#597 = AXIS2_PLACEMENT_3D ( 'NONE', #111, #377, #906 ) ;
#598 = EDGE_LOOP ( 'NONE', ( #1214, #1393, #92, #988 ) ) ;
#599 = DIRECTION ( 'NONE',  ( -0.000000000000000000, -0.000000000000000000, -1.000000000000000000 ) ) ;
#600 = SURFACE_STYLE_FILL_AREA ( #701 ) ;
#601 = ORIENTED_EDGE ( 'NONE', *, *, #602, .T. ) ;
#602 = EDGE_CURVE ( 'NONE', #570, #1447, #16, .T. ) ;
#603 = ADVANCED_FACE ( 'NONE', ( #1356 ), #421, .F. ) ;
#604 = PLANE ( 'NONE',  #1523 ) ;
#605 =( LENGTH_UNIT ( ) NAMED_UNIT ( * ) SI_UNIT ( .MILLI., .METRE. ) );
#606 = DIRECTION ( 'NONE',  ( -1.000000000000000000, 0.000000000000000000, 0.000000000000000000 ) ) ;
#607 = ORIENTED_EDGE ( 'NONE', *, *, #927, .T. ) ;
#608 = DIRECTION ( 'NONE',  ( -0.000000000000000000, 1.000000000000000000, -0.000000000000000000 ) ) ;
#609 = CYLINDRICAL_SURFACE ( 'NONE', #1581, 1.500000000000001332 ) ;
#610 = CARTESIAN_POINT ( 'NONE',  ( 0.000000000000000000, 15.33409334685713254, -52.60279599323013144 ) ) ;
#611 = CARTESIAN_POINT ( 'NONE',  ( 52.67499999999999716, 81.60000000000000853, 35.49999999999999289 ) ) ;
#612 = ADVANCED_FACE ( 'NONE', ( #189 ), #1414, .F. ) ;
#613 = DIRECTION ( 'NONE',  ( 1.000000000000000000, 0.000000000000000000, 0.000000000000000000 ) ) ;
#614 = FACE_BOUND ( 'NONE', #24, .T. ) ;
#615 = EDGE_CURVE ( 'NONE', #1231, #491, #1675, .T. ) ;
#616 = VERTEX_POINT ( 'NONE', #709 ) ;
#617 = DIRECTION ( 'NONE',  ( -1.000000000000000000, 0.000000000000000000, 0.000000000000000000 ) ) ;
#618 = ORIENTED_EDGE ( 'NONE', *, *, #1075, .F. ) ;
#619 = LINE ( 'NONE', #1285, #1344 ) ;
#620 = PRESENTATION_LAYER_ASSIGNMENT (  '', '', ( #972 ) ) ;
#621 = MECHANICAL_DESIGN_GEOMETRIC_PRESENTATION_REPRESENTATION (  '', ( #1345 ), #677 ) ;
#622 = PLANE ( 'NONE',  #1177 ) ;
#623 = LINE ( 'NONE', #1130, #258 ) ;
#624 = EDGE_CURVE ( 'NONE', #799, #1711, #581, .T. ) ;
#625 = ADVANCED_FACE ( 'NONE', ( #472 ), #42, .F. ) ;
#626 = ORIENTED_EDGE ( 'NONE', *, *, #1623, .F. ) ;
#627 = FILL_AREA_STYLE_COLOUR ( '', #230 ) ;
#628 = SURFACE_STYLE_FILL_AREA ( #383 ) ;
#629 = VERTEX_POINT ( 'NONE', #171 ) ;
#630 = CARTESIAN_POINT ( 'NONE',  ( 2.174999999999996270, 81.60000000000000853, 55.50000000000000000 ) ) ;
#631 = LINE ( 'NONE', #1175, #633 ) ;
#632 = VECTOR ( 'NONE', #1238, 1000.000000000000000 ) ;
#633 = VECTOR ( 'NONE', #887, 1000.000000000000000 ) ;
#634 = DIRECTION ( 'NONE',  ( 1.000000000000000000, 0.000000000000000000, 0.000000000000000000 ) ) ;
#635 = ORIENTED_EDGE ( 'NONE', *, *, #1644, .T. ) ;
#636 = SURFACE_STYLE_USAGE ( .BOTH. , #82 ) ;
#637 = EDGE_CURVE ( 'NONE', #350, #684, #1485, .T. ) ;
#638 = ORIENTED_EDGE ( 'NONE', *, *, #1723, .T. ) ;
#639 = DIRECTION ( 'NONE',  ( 0.000000000000000000, 1.000000000000000000, 0.000000000000000000 ) ) ;
#640 = DIRECTION ( 'NONE',  ( 0.000000000000000000, -1.000000000000000000, 0.000000000000000000 ) ) ;
#641 = PRESENTATION_STYLE_ASSIGNMENT (( #362 ) ) ;
#642 = ORIENTED_EDGE ( 'NONE', *, *, #955, .F. ) ;
#643 = DIRECTION ( 'NONE',  ( 0.000000000000000000, 0.000000000000000000, -1.000000000000000000 ) ) ;
#644 = EDGE_CURVE ( 'NONE', #1417, #1062, #1401, .T. ) ;
#645 = ORIENTED_EDGE ( 'NONE', *, *, #687, .F. ) ;
#646 = CYLINDRICAL_SURFACE ( 'NONE', #259, 1.500000000000001332 ) ;
#647 = DIRECTION ( 'NONE',  ( 0.000000000000000000, 0.000000000000000000, -1.000000000000000000 ) ) ;
#648 = EDGE_CURVE ( 'NONE', #491, #1186, #438, .T. ) ;
#649 = LINE ( 'NONE', #1725, #1747 ) ;
#650 = VECTOR ( 'NONE', #154, 1000.000000000000000 ) ;
#651 = COLOUR_RGB ( '',0.7529411764705882248, 0.7529411764705882248, 0.7529411764705882248 ) ;
#652 = VERTEX_POINT ( 'NONE', #200 ) ;
#653 = ORIENTED_EDGE ( 'NONE', *, *, #1522, .T. ) ;
#654 = DIRECTION ( 'NONE',  ( -0.000000000000000000, 0.000000000000000000, 1.000000000000000000 ) ) ;
#655 = PRESENTATION_LAYER_ASSIGNMENT (  '', '', ( #981 ) ) ;
#656 = PRESENTATION_LAYER_ASSIGNMENT (  '', '', ( #1063 ) ) ;
#657 = PLANE ( 'NONE',  #1366 ) ;
#658 = DIRECTION ( 'NONE',  ( -1.000000000000000000, 0.000000000000000000, 0.000000000000000000 ) ) ;
#659 = ORIENTED_EDGE ( 'NONE', *, *, #1712, .T. ) ;
#660 = FACE_BOUND ( 'NONE', #1587, .T. ) ;
#661 = VERTEX_POINT ( 'NONE', #736 ) ;
#662 = PLANE ( 'NONE',  #194 ) ;
#663 = CARTESIAN_POINT ( 'NONE',  ( 3.674999999999997602, 81.60000000000000853, 52.49999999999999289 ) ) ;
#664 =( LENGTH_UNIT ( ) NAMED_UNIT ( * ) SI_UNIT ( .MILLI., .METRE. ) );
#665 =( NAMED_UNIT ( * ) SI_UNIT ( $, .STERADIAN. ) SOLID_ANGLE_UNIT ( ) );
#666 = ORIENTED_EDGE ( 'NONE', *, *, #1167, .F. ) ;
#667 = CARTESIAN_POINT ( 'NONE',  ( -0.4999999999999922284, 79.70000000000000284, 37.00000000000000000 ) ) ;
#668 = ORIENTED_EDGE ( 'NONE', *, *, #1194, .T. ) ;
#669 = FACE_OUTER_BOUND ( 'NONE', #285, .T. ) ;
#670 = CARTESIAN_POINT ( 'NONE',  ( 54.00000000000000711, -3.000000000000000000, 37.00000000000000000 ) ) ;
#671 = DIRECTION ( 'NONE',  ( -1.000000000000000000, -1.763672110244721780E-32, -1.334402673828313339E-16 ) ) ;
#672 = PRODUCT_RELATED_PRODUCT_CATEGORY ( 'part', '', ( #1240 ) ) ;
#673 = EDGE_LOOP ( 'NONE', ( #81, #1567, #1645, #67 ) ) ;
#674 = UNCERTAINTY_MEASURE_WITH_UNIT (LENGTH_MEASURE( 1.000000000000000082E-05 ), #1306, 'distance_accuracy_value', 'NONE');
#675 = VECTOR ( 'NONE', #1182, 1000.000000000000000 ) ;
#676 = EDGE_CURVE ( 'NONE', #248, #1083, #1282, .T. ) ;
#677 =( GEOMETRIC_REPRESENTATION_CONTEXT ( 3 ) GLOBAL_UNCERTAINTY_ASSIGNED_CONTEXT ( ( #1411 ) ) GLOBAL_UNIT_ASSIGNED_CONTEXT ( ( #357, #232, #1163 ) ) REPRESENTATION_CONTEXT ( 'NONE', 'WORKASPACE' ) );
#678 = ORIENTED_EDGE ( 'NONE', *, *, #1347, .F. ) ;
#679 = SURFACE_SIDE_STYLE ('',( #1053 ) ) ;
#680 = LINE ( 'NONE', #137, #1348 ) ;
#681 = LINE ( 'NONE', #551, #1431 ) ;
#682 = PRESENTATION_LAYER_ASSIGNMENT (  '', '', ( #401 ) ) ;
#683 = MECHANICAL_DESIGN_GEOMETRIC_PRESENTATION_REPRESENTATION (  '', ( #141 ), #903 ) ;
#684 = VERTEX_POINT ( 'NONE', #1665 ) ;
#685 = ORIENTED_EDGE ( 'NONE', *, *, #936, .F. ) ;
#686 = DIRECTION ( 'NONE',  ( 1.259073490628328676E-16, -1.321694076934709909E-16, -1.000000000000000000 ) ) ;
#687 = EDGE_CURVE ( 'NONE', #1360, #578, #1547, .T. ) ;
#688 = LINE ( 'NONE', #1216, #1408 ) ;
#689 = DIRECTION ( 'NONE',  ( -1.000000000000000000, -0.000000000000000000, -0.000000000000000000 ) ) ;
#690 = EDGE_CURVE ( 'NONE', #474, #786, #1516, .T. ) ;
#691 = EDGE_LOOP ( 'NONE', ( #801, #1156 ) ) ;
#692 = ORIENTED_EDGE ( 'NONE', *, *, #1015, .T. ) ;
#693 = ADVANCED_FACE ( 'NONE', ( #743 ), #875, .T. ) ;
#694 = FACE_OUTER_BOUND ( 'NONE', #1059, .T. ) ;
#695 = ADVANCED_FACE ( 'NONE', ( #1526 ), #180, .T. ) ;
#696 = CARTESIAN_POINT ( 'NONE',  ( 1.900000000000007683, 0.000000000000000000, 37.00000000000000000 ) ) ;
#697 =( NAMED_UNIT ( * ) PLANE_ANGLE_UNIT ( ) SI_UNIT ( $, .RADIAN. ) );
#698 = VECTOR ( 'NONE', #1688, 1000.000000000000000 ) ;
#699 = ORIENTED_EDGE ( 'NONE', *, *, #1239, .T. ) ;
#700 = CARTESIAN_POINT ( 'NONE',  ( 1.900000000000006350, 85.00000000000000000, 50.49999999999997868 ) ) ;
#701 = FILL_AREA_STYLE ('',( #1504 ) ) ;
#702 = AXIS2_PLACEMENT_3D ( 'NONE', #880, #1420, #176 ) ;
#703 = DIRECTION ( 'NONE',  ( -0.000000000000000000, -0.000000000000000000, -1.000000000000000000 ) ) ;
#704 = DIRECTION ( 'NONE',  ( -1.000000000000000000, 0.000000000000000000, 0.000000000000000000 ) ) ;
#705 = AXIS2_PLACEMENT_3D ( 'NONE', #1571, #640, #1169 ) ;
#706 = DIRECTION ( 'NONE',  ( 1.000000000000000000, 0.000000000000000000, 0.000000000000000000 ) ) ;
#707 = ORIENTED_EDGE ( 'NONE', *, *, #1716, .T. ) ;
#708 = ORIENTED_EDGE ( 'NONE', *, *, #427, .T. ) ;
#709 = CARTESIAN_POINT ( 'NONE',  ( 51.17499999999999716, 81.60000000000000853, 35.49999999999999289 ) ) ;
#710 = ORIENTED_EDGE ( 'NONE', *, *, #214, .F. ) ;
#711 = FILL_AREA_STYLE ('',( #1386 ) ) ;
#712 = CARTESIAN_POINT ( 'NONE',  ( 3.675000000000011369, 23.60000000000000142, 55.50000000000000000 ) ) ;
#713 = DIRECTION ( 'NONE',  ( -1.000000000000000000, 0.000000000000000000, -2.238352872228138170E-16 ) ) ;
#714 = DIRECTION ( 'NONE',  ( -0.000000000000000000, -1.000000000000000000, -0.000000000000000000 ) ) ;
#715 = EDGE_CURVE ( 'NONE', #854, #652, #1546, .T. ) ;
#716 = ORIENTED_EDGE ( 'NONE', *, *, #945, .T. ) ;
#717 = CARTESIAN_POINT ( 'NONE',  ( -2.203862529228395722E-14, 85.00000000000000000, 50.49999999999997868 ) ) ;
#718 = PLANE ( 'NONE',  #1061 ) ;
#719 = VERTEX_POINT ( 'NONE', #351 ) ;
#720 = PRESENTATION_STYLE_ASSIGNMENT (( #1538 ) ) ;
#721 = CARTESIAN_POINT ( 'NONE',  ( 0.000000000000000000, 85.00000000000000000, 37.00000000000000000 ) ) ;
#722 = CARTESIAN_POINT ( 'NONE',  ( 0.000000000000000000, -0.000000000000000000, 37.00000000000000000 ) ) ;
#723 = CARTESIAN_POINT ( 'NONE',  ( 44.17500000000000426, 18.00000000000000000, 0.000000000000000000 ) ) ;
#724 = UNCERTAINTY_MEASURE_WITH_UNIT (LENGTH_MEASURE( 1.000000000000000082E-05 ), #72, 'distance_accuracy_value', 'NONE');
#725 = VERTEX_POINT ( 'NONE', #1095 ) ;
#726 = EDGE_CURVE ( 'NONE', #341, #799, #1653, .T. ) ;
#727 = DIRECTION ( 'NONE',  ( 0.000000000000000000, -0.000000000000000000, -1.000000000000000000 ) ) ;
#728 = DIRECTION ( 'NONE',  ( 0.000000000000000000, -0.000000000000000000, -1.000000000000000000 ) ) ;
#729 = CARTESIAN_POINT ( 'NONE',  ( 35.05000000000000426, 18.00000000000000000, 52.50000000000000000 ) ) ;
#730 = VECTOR ( 'NONE', #855, 1000.000000000000000 ) ;
#731 = DIRECTION ( 'NONE',  ( 0.000000000000000000, 0.000000000000000000, 1.000000000000000000 ) ) ;
#732 = AXIS2_PLACEMENT_3D ( 'NONE', #6, #671, #1081 ) ;
#733 = SURFACE_SIDE_STYLE ('',( #444 ) ) ;
#734 = VECTOR ( 'NONE', #406, 1000.000000000000000 ) ;
#735 = EDGE_LOOP ( 'NONE', ( #825, #356, #1707, #776 ) ) ;
#736 = CARTESIAN_POINT ( 'NONE',  ( 5.174999999999998934, 81.60000000000000853, 35.49999999999999289 ) ) ;
#737 = LINE ( 'NONE', #1527, #426 ) ;
#738 = SURFACE_SIDE_STYLE ('',( #333 ) ) ;
#739 = DIRECTION ( 'NONE',  ( 1.000000000000000000, 0.000000000000000000, 9.251858538542971828E-16 ) ) ;
#740 = LINE ( 'NONE', #1470, #158 ) ;
#741 = UNCERTAINTY_MEASURE_WITH_UNIT (LENGTH_MEASURE( 1.000000000000000082E-05 ), #1323, 'distance_accuracy_value', 'NONE');
#742 = ORIENTED_EDGE ( 'NONE', *, *, #249, .F. ) ;
#743 = FACE_OUTER_BOUND ( 'NONE', #278, .T. ) ;
#744 = DIRECTION ( 'NONE',  ( 0.000000000000000000, 0.000000000000000000, -1.000000000000000000 ) ) ;
#745 = EDGE_LOOP ( 'NONE', ( #1735, #1094, #329, #251, #269, #302 ) ) ;
#746 = DIRECTION ( 'NONE',  ( 0.000000000000000000, -0.000000000000000000, -1.000000000000000000 ) ) ;
#747 = CARTESIAN_POINT ( 'NONE',  ( 54.17499999999999716, 23.60000000000000142, 50.49999999999999289 ) ) ;
#748 = EDGE_CURVE ( 'NONE', #753, #725, #1663, .T. ) ;
#749 = PLANE ( 'NONE',  #1634 ) ;
#750 = LINE ( 'NONE', #208, #698 ) ;
#751 = ORIENTED_EDGE ( 'NONE', *, *, #827, .T. ) ;
#752 =( NAMED_UNIT ( * ) PLANE_ANGLE_UNIT ( ) SI_UNIT ( $, .RADIAN. ) );
#753 = VERTEX_POINT ( 'NONE', #1560 ) ;
#754 = DIRECTION ( 'NONE',  ( 0.000000000000000000, -1.000000000000000000, 1.321694076934709909E-16 ) ) ;
#755 = FACE_OUTER_BOUND ( 'NONE', #819, .T. ) ;
#756 = VECTOR ( 'NONE', #25, 1000.000000000000000 ) ;
#757 = AXIS2_PLACEMENT_3D ( 'NONE', #1290, #883, #1141 ) ;
#758 = LINE ( 'NONE', #1296, #565 ) ;
#759 = EDGE_CURVE ( 'NONE', #1206, #1315, #1722, .T. ) ;
#760 = CARTESIAN_POINT ( 'NONE',  ( -13.22620606345436478, 85.00000000000000000, 35.49999999999999289 ) ) ;
#761 = VECTOR ( 'NONE', #378, 1000.000000000000000 ) ;
#762 = EDGE_CURVE ( 'NONE', #1017, #772, #1692, .T. ) ;
#763 = EDGE_LOOP ( 'NONE', ( #710, #430, #414, #524 ) ) ;
#764 = COLOUR_RGB ( '',0.7529411764705882248, 0.7529411764705882248, 0.7529411764705882248 ) ;
#765 = PRESENTATION_LAYER_ASSIGNMENT (  '', '', ( #204 ) ) ;
#766 = DIRECTION ( 'NONE',  ( 0.000000000000000000, 0.000000000000000000, -1.000000000000000000 ) ) ;
#767 = ORIENTED_EDGE ( 'NONE', *, *, #1312, .F. ) ;
#768 = FACE_OUTER_BOUND ( 'NONE', #1614, .T. ) ;
#769 = FILL_AREA_STYLE_COLOUR ( '', #1120 ) ;
#770 = VERTEX_POINT ( 'NONE', #891 ) ;
#771 = CARTESIAN_POINT ( 'NONE',  ( 54.00000000000000711, -3.000000000000000000, 0.000000000000000000 ) ) ;
#772 = VERTEX_POINT ( 'NONE', #1568 ) ;
#773 = CARTESIAN_POINT ( 'NONE',  ( 0.000000000000000000, -3.000000000000000000, 37.00000000000000000 ) ) ;
#774 = CARTESIAN_POINT ( 'NONE',  ( 1.900000000000007683, -3.000000000000000000, 37.00000000000000000 ) ) ;
#775 = LINE ( 'NONE', #1732, #1693 ) ;
#776 = ORIENTED_EDGE ( 'NONE', *, *, #1244, .F. ) ;
#777 = LINE ( 'NONE', #1309, #239 ) ;
#778 = EDGE_LOOP ( 'NONE', ( #767, #450, #692, #188, #1643 ) ) ;
#779 = CARTESIAN_POINT ( 'NONE',  ( 5.174999999999998934, 81.60000000000000853, 55.50000000000000000 ) ) ;
#780 = ADVANCED_FACE ( 'NONE', ( #1302 ), #91, .T. ) ;
#781 = SURFACE_SIDE_STYLE ('',( #1031 ) ) ;
#782 = VECTOR ( 'NONE', #375, 1000.000000000000000 ) ;
#783 = ORIENTED_EDGE ( 'NONE', *, *, #624, .F. ) ;
#784 = FILL_AREA_STYLE ('',( #915 ) ) ;
#785 = VECTOR ( 'NONE', #564, 1000.000000000000000 ) ;
#786 = VERTEX_POINT ( 'NONE', #326 ) ;
#787 = DIRECTION ( 'NONE',  ( -0.000000000000000000, -0.000000000000000000, -1.000000000000000000 ) ) ;
#788 =( GEOMETRIC_REPRESENTATION_CONTEXT ( 3 ) GLOBAL_UNCERTAINTY_ASSIGNED_CONTEXT ( ( #1102 ) ) GLOBAL_UNIT_ASSIGNED_CONTEXT ( ( #1197, #1060, #390 ) ) REPRESENTATION_CONTEXT ( 'NONE', 'WORKASPACE' ) );
#789 = EDGE_CURVE ( 'NONE', #1525, #996, #76, .T. ) ;
#790 = DIRECTION ( 'NONE',  ( 0.000000000000000000, -1.000000000000000000, 0.000000000000000000 ) ) ;
#791 = PRESENTATION_STYLE_ASSIGNMENT (( #1048 ) ) ;
#792 = EDGE_CURVE ( 'NONE', #461, #786, #1249, .T. ) ;
#793 =( LENGTH_UNIT ( ) NAMED_UNIT ( * ) SI_UNIT ( .MILLI., .METRE. ) );
#794 = EDGE_LOOP ( 'NONE', ( #866, #653 ) ) ;
#795 = ORIENTED_EDGE ( 'NONE', *, *, #59, .F. ) ;
#796 = CARTESIAN_POINT ( 'NONE',  ( 0.000000000000000000, -3.000000000000000000, 0.000000000000000000 ) ) ;
#797 = FACE_OUTER_BOUND ( 'NONE', #735, .T. ) ;
#798 = CARTESIAN_POINT ( 'NONE',  ( 1.900000000000005684, -3.000000000000000000, 52.49999999999998579 ) ) ;
#799 = VERTEX_POINT ( 'NONE', #314 ) ;
#800 = DIRECTION ( 'NONE',  ( 1.000000000000000000, 0.000000000000000000, 0.000000000000000000 ) ) ;
#801 = ORIENTED_EDGE ( 'NONE', *, *, #1300, .F. ) ;
#802 = DIRECTION ( 'NONE',  ( 0.000000000000000000, -1.000000000000000000, 0.000000000000000000 ) ) ;
#803 =( LENGTH_UNIT ( ) NAMED_UNIT ( * ) SI_UNIT ( .MILLI., .METRE. ) );
#804 = EDGE_CURVE ( 'NONE', #786, #33, #1137, .T. ) ;
#805 = EDGE_CURVE ( 'NONE', #1600, #1711, #185, .T. ) ;
#806 = ORIENTED_EDGE ( 'NONE', *, *, #676, .T. ) ;
#807 = UNCERTAINTY_MEASURE_WITH_UNIT (LENGTH_MEASURE( 1.000000000000000082E-05 ), #1651, 'distance_accuracy_value', 'NONE');
#808 = VECTOR ( 'NONE', #1696, 1000.000000000000000 ) ;
#809 = AXIS2_PLACEMENT_3D ( 'NONE', #51, #1383, #1132 ) ;
#810 = ADVANCED_FACE ( 'NONE', ( #1532 ), #622, .F. ) ;
#811 = VERTEX_POINT ( 'NONE', #1409 ) ;
#812 = CARTESIAN_POINT ( 'NONE',  ( 2.174999999999996270, 81.60000000000000853, 52.49999999999999289 ) ) ;
#813 = DIRECTION ( 'NONE',  ( 0.000000000000000000, -0.000000000000000000, -1.000000000000000000 ) ) ;
#814 = LINE ( 'NONE', #146, #1398 ) ;
#815 = AXIS2_PLACEMENT_3D ( 'NONE', #202, #1363, #727 ) ;
#816 = CARTESIAN_POINT ( 'NONE',  ( 0.000000000000000000, 15.33409334685713254, 36.99999999999999289 ) ) ;
#817 = ORIENTED_EDGE ( 'NONE', *, *, #30, .F. ) ;
#818 = AXIS2_PLACEMENT_3D ( 'NONE', #712, #29, #704 ) ;
#819 = EDGE_LOOP ( 'NONE', ( #659, #554, #338, #1577 ) ) ;
#820 = EDGE_CURVE ( 'NONE', #1062, #461, #584, .T. ) ;
#821 =( NAMED_UNIT ( * ) SI_UNIT ( $, .STERADIAN. ) SOLID_ANGLE_UNIT ( ) );
#822 = DIRECTION ( 'NONE',  ( 1.000000000000000000, 0.000000000000000000, 0.000000000000000000 ) ) ;
#823 = PLANE ( 'NONE',  #1 ) ;
#824 = FILL_AREA_STYLE_COLOUR ( '', #1343 ) ;
#825 = ORIENTED_EDGE ( 'NONE', *, *, #466, .F. ) ;
#826 = LINE ( 'NONE', #1263, #376 ) ;
#827 = EDGE_CURVE ( 'NONE', #1525, #844, #1121, .T. ) ;
#828 = CARTESIAN_POINT ( 'NONE',  ( 16.90000000000000568, 18.00000000000000000, 52.50000000000000000 ) ) ;
#829 = SURFACE_SIDE_STYLE ('',( #1066 ) ) ;
#830 = VECTOR ( 'NONE', #1596, 1000.000000000000000 ) ;
#831 = ORIENTED_EDGE ( 'NONE', *, *, #687, .T. ) ;
#832 = DIRECTION ( 'NONE',  ( 1.000000000000000000, 0.000000000000000000, 4.364084216293855082E-16 ) ) ;
#833 = AXIS2_PLACEMENT_3D ( 'NONE', #462, #481, #986 ) ;
#834 = CYLINDRICAL_SURFACE ( 'NONE', #1636, 1.500000000000001332 ) ;
#835 = ORIENTED_EDGE ( 'NONE', *, *, #549, .T. ) ;
#836 = LINE ( 'NONE', #1145, #808 ) ;
#837 = LINE ( 'NONE', #58, #1585 ) ;
#838 = ADVANCED_FACE ( 'NONE', ( #840 ), #1649, .F. ) ;
#839 = COLOUR_RGB ( '',0.2509803921568627416, 0.2509803921568627416, 0.2509803921568627416 ) ;
#840 = FACE_OUTER_BOUND ( 'NONE', #937, .T. ) ;
#841 = DIRECTION ( 'NONE',  ( 2.238352872228138170E-16, 0.000000000000000000, -1.000000000000000000 ) ) ;
#842 = DIRECTION ( 'NONE',  ( 0.000000000000000000, -0.000000000000000000, 1.000000000000000000 ) ) ;
#843 = VECTOR ( 'NONE', #1530, 1000.000000000000000 ) ;
#844 = VERTEX_POINT ( 'NONE', #1269 ) ;
#845 = DIRECTION ( 'NONE',  ( 0.000000000000000000, 0.000000000000000000, -1.000000000000000000 ) ) ;
#846 = VECTOR ( 'NONE', #499, 1000.000000000000000 ) ;
#847 = VECTOR ( 'NONE', #38, 1000.000000000000000 ) ;
#848 = VERTEX_POINT ( 'NONE', #1524 ) ;
#849 = CARTESIAN_POINT ( 'NONE',  ( -0.4999999999999922284, 27.20000000000000995, 37.00000000000000711 ) ) ;
#850 = CARTESIAN_POINT ( 'NONE',  ( 0.000000000000000000, 15.33409334685713254, 50.49999999999997868 ) ) ;
#851 = EDGE_CURVE ( 'NONE', #1684, #1472, #69, .T. ) ;
#852 = ORIENTED_EDGE ( 'NONE', *, *, #644, .T. ) ;
#853 = EDGE_CURVE ( 'NONE', #882, #1550, #1129, .T. ) ;
#854 = VERTEX_POINT ( 'NONE', #1680 ) ;
#855 = DIRECTION ( 'NONE',  ( 0.000000000000000000, 0.000000000000000000, -1.000000000000000000 ) ) ;
#856 = DIRECTION ( 'NONE',  ( -1.000000000000000000, 0.000000000000000000, 0.000000000000000000 ) ) ;
#857 = ORIENTED_EDGE ( 'NONE', *, *, #132, .T. ) ;
#858 = PRESENTATION_STYLE_ASSIGNMENT (( #213 ) ) ;
#859 = DIRECTION ( 'NONE',  ( -1.000000000000000000, 0.000000000000000000, 0.000000000000000000 ) ) ;
#860 = CARTESIAN_POINT ( 'NONE',  ( 3.674999999999997602, 81.60000000000000853, 55.50000000000000000 ) ) ;
#861 = UNCERTAINTY_MEASURE_WITH_UNIT (LENGTH_MEASURE( 1.000000000000000082E-05 ), #605, 'distance_accuracy_value', 'NONE');
#862 = ORIENTED_EDGE ( 'NONE', *, *, #1207, .T. ) ;
#863 = DIRECTION ( 'NONE',  ( 1.000000000000000000, 0.000000000000000000, 0.000000000000000000 ) ) ;
#864 = AXIS2_PLACEMENT_3D ( 'NONE', #280, #1098, #1065 ) ;
#865 = CARTESIAN_POINT ( 'NONE',  ( 0.000000000000000000, -0.000000000000000000, 37.00000000000000000 ) ) ;
#866 = ORIENTED_EDGE ( 'NONE', *, *, #1167, .T. ) ;
#867 =( GEOMETRIC_REPRESENTATION_CONTEXT ( 3 ) GLOBAL_UNCERTAINTY_ASSIGNED_CONTEXT ( ( #1557 ) ) GLOBAL_UNIT_ASSIGNED_CONTEXT ( ( #547, #958, #1604 ) ) REPRESENTATION_CONTEXT ( 'NONE', 'WORKASPACE' ) );
#868 = CARTESIAN_POINT ( 'NONE',  ( -4.857225732735058602E-14, -3.000000000000000000, 52.49999999999998579 ) ) ;
#869 = VECTOR ( 'NONE', #1540, 1000.000000000000000 ) ;
#870 = CARTESIAN_POINT ( 'NONE',  ( 0.000000000000000000, -3.000000000000000000, 37.00000000000000000 ) ) ;
#871 = APPLICATION_PROTOCOL_DEFINITION ( 'draft international standard', 'automotive_design', 1998, #221 ) ;
#872 = DIRECTION ( 'NONE',  ( -0.000000000000000000, -0.000000000000000000, -1.000000000000000000 ) ) ;
#873 = AXIS2_PLACEMENT_3D ( 'NONE', #101, #1579, #254 ) ;
#874 = ORIENTED_EDGE ( 'NONE', *, *, #1580, .F. ) ;
#875 = PLANE ( 'NONE',  #833 ) ;
#876 = ADVANCED_FACE ( 'NONE', ( #999 ), #749, .F. ) ;
#877 = ORIENTED_EDGE ( 'NONE', *, *, #1705, .T. ) ;
#878 = FILL_AREA_STYLE ('',( #37 ) ) ;
#879 = DIRECTION ( 'NONE',  ( -1.000000000000000000, -0.000000000000000000, -0.000000000000000000 ) ) ;
#880 = CARTESIAN_POINT ( 'NONE',  ( 0.000000000000000000, 0.000000000000000000, 55.50000000000000000 ) ) ;
#881 = FACE_OUTER_BOUND ( 'NONE', #673, .T. ) ;
#882 = VERTEX_POINT ( 'NONE', #102 ) ;
#883 = DIRECTION ( 'NONE',  ( 4.364084216293854589E-16, 0.000000000000000000, -1.000000000000000000 ) ) ;
#884 = FACE_OUTER_BOUND ( 'NONE', #382, .T. ) ;
#885 = EDGE_LOOP ( 'NONE', ( #1361, #276, #374, #480 ) ) ;
#886 = FACE_OUTER_BOUND ( 'NONE', #445, .T. ) ;
#887 = DIRECTION ( 'NONE',  ( 0.000000000000000000, 0.000000000000000000, 1.000000000000000000 ) ) ;
#888 =( NAMED_UNIT ( * ) SI_UNIT ( $, .STERADIAN. ) SOLID_ANGLE_UNIT ( ) );
#889 = FACE_BOUND ( 'NONE', #794, .T. ) ;
#890 = ORIENTED_EDGE ( 'NONE', *, *, #130, .F. ) ;
#891 = CARTESIAN_POINT ( 'NONE',  ( 0.000000000000000000, 79.70000000000000284, 37.00000000000000000 ) ) ;
#892 =( NAMED_UNIT ( * ) SI_UNIT ( $, .STERADIAN. ) SOLID_ANGLE_UNIT ( ) );
#893 = VERTEX_POINT ( 'NONE', #1178 ) ;
#894 = CARTESIAN_POINT ( 'NONE',  ( 52.67499999999999005, 23.60000000000000142, 55.50000000000000000 ) ) ;
#895 = VECTOR ( 'NONE', #394, 1000.000000000000000 ) ;
#896 = SURFACE_STYLE_USAGE ( .BOTH. , #781 ) ;
#897 = MECHANICAL_DESIGN_GEOMETRIC_PRESENTATION_REPRESENTATION (  '', ( #563 ), #1229 ) ;
#898 = EDGE_CURVE ( 'NONE', #922, #1433, #1459, .T. ) ;
#899 = VECTOR ( 'NONE', #991, 1000.000000000000000 ) ;
#900 =( NAMED_UNIT ( * ) SI_UNIT ( $, .STERADIAN. ) SOLID_ANGLE_UNIT ( ) );
#901 = ORIENTED_EDGE ( 'NONE', *, *, #1403, .T. ) ;
#902 =( GEOMETRIC_REPRESENTATION_CONTEXT ( 3 ) GLOBAL_UNCERTAINTY_ASSIGNED_CONTEXT ( ( #1627 ) ) GLOBAL_UNIT_ASSIGNED_CONTEXT ( ( #265, #1469, #821 ) ) REPRESENTATION_CONTEXT ( 'NONE', 'WORKASPACE' ) );
#903 =( GEOMETRIC_REPRESENTATION_CONTEXT ( 3 ) GLOBAL_UNCERTAINTY_ASSIGNED_CONTEXT ( ( #1069 ) ) GLOBAL_UNIT_ASSIGNED_CONTEXT ( ( #1070, #166, #1250 ) ) REPRESENTATION_CONTEXT ( 'NONE', 'WORKASPACE' ) );
#904 = ORIENTED_EDGE ( 'NONE', *, *, #153, .T. ) ;
#905 = CARTESIAN_POINT ( 'NONE',  ( 16.90000000000000924, 0.000000000000000000, 37.00000000000000000 ) ) ;
#906 = DIRECTION ( 'NONE',  ( -1.000000000000000000, 0.000000000000000000, 0.000000000000000000 ) ) ;
#907 =( NAMED_UNIT ( * ) PLANE_ANGLE_UNIT ( ) SI_UNIT ( $, .RADIAN. ) );
#908 = EDGE_LOOP ( 'NONE', ( #1301, #1674, #1385, #428 ) ) ;
#909 = SURFACE_STYLE_USAGE ( .BOTH. , #1576 ) ;
#910 = ORIENTED_EDGE ( 'NONE', *, *, #1277, .T. ) ;
#911 = CARTESIAN_POINT ( 'NONE',  ( 20.05000000000000782, -3.000000000000000000, 37.00000000000000000 ) ) ;
#912 = DIRECTION ( 'NONE',  ( -0.000000000000000000, 1.000000000000000000, -0.000000000000000000 ) ) ;
#913 = SURFACE_SIDE_STYLE ('',( #522 ) ) ;
#914 = ORIENTED_EDGE ( 'NONE', *, *, #1440, .T. ) ;
#915 = FILL_AREA_STYLE_COLOUR ( '', #1612 ) ;
#916 = EDGE_LOOP ( 'NONE', ( #1668, #1463, #1486, #707 ) ) ;
#917 = DIRECTION ( 'NONE',  ( -1.259073490628328676E-16, 1.321694076934709909E-16, 1.000000000000000000 ) ) ;
#918 = FACE_OUTER_BOUND ( 'NONE', #372, .T. ) ;
#919 = DIRECTION ( 'NONE',  ( 1.000000000000000000, 0.000000000000000000, 0.000000000000000000 ) ) ;
#920 = VECTOR ( 'NONE', #984, 1000.000000000000000 ) ;
#921 = MECHANICAL_DESIGN_GEOMETRIC_PRESENTATION_REPRESENTATION (  '', ( #453 ), #1399 ) ;
#922 = VERTEX_POINT ( 'NONE', #387 ) ;
#923 = CARTESIAN_POINT ( 'NONE',  ( 3.674999999999997602, 81.60000000000000853, 35.49999999999999289 ) ) ;
#924 = VECTOR ( 'NONE', #1133, 1000.000000000000000 ) ;
#925 = VERTEX_POINT ( 'NONE', #1446 ) ;
#926 =( GEOMETRIC_REPRESENTATION_CONTEXT ( 3 ) GLOBAL_UNCERTAINTY_ASSIGNED_CONTEXT ( ( #1228 ) ) GLOBAL_UNIT_ASSIGNED_CONTEXT ( ( #803, #138, #665 ) ) REPRESENTATION_CONTEXT ( 'NONE', 'WORKASPACE' ) );
#927 = EDGE_CURVE ( 'NONE', #295, #1310, #228, .T. ) ;
#928 = FILL_AREA_STYLE_COLOUR ( '', #1082 ) ;
#929 = FILL_AREA_STYLE ('',( #552 ) ) ;
#930 = CIRCLE ( 'NONE', #1158, 1.500000000000001332 ) ;
#931 = ORIENTED_EDGE ( 'NONE', *, *, #507, .T. ) ;
#932 = EDGE_LOOP ( 'NONE', ( #751, #1489, #1354, #1430, #1443, #124, #1291, #1452, #985, #1112 ) ) ;
#933 = DIRECTION ( 'NONE',  ( 0.000000000000000000, 0.000000000000000000, 1.000000000000000000 ) ) ;
#934 = FACE_OUTER_BOUND ( 'NONE', #589, .T. ) ;
#935 = SURFACE_STYLE_FILL_AREA ( #416 ) ;
#936 = EDGE_CURVE ( 'NONE', #772, #1144, #758, .T. ) ;
#937 = EDGE_LOOP ( 'NONE', ( #234, #1502, #553, #1257 ) ) ;
#938 = CARTESIAN_POINT ( 'NONE',  ( 3.674999999999997602, 81.60000000000000853, 35.49999999999999289 ) ) ;
#939 = VERTEX_POINT ( 'NONE', #89 ) ;
#940 = PLANE ( 'NONE',  #19 ) ;
#941 = LINE ( 'NONE', #1606, #1295 ) ;
#942 = DIRECTION ( 'NONE',  ( 1.000000000000000000, 0.000000000000000000, 9.251858538542971828E-16 ) ) ;
#943 = DIRECTION ( 'NONE',  ( 0.000000000000000000, 1.000000000000000000, 0.000000000000000000 ) ) ;
#944 = AXIS2_PLACEMENT_3D ( 'NONE', #950, #575, #299 ) ;
#945 = EDGE_CURVE ( 'NONE', #1413, #310, #775, .T. ) ;
#946 = EDGE_LOOP ( 'NONE', ( #645, #41, #1107, #1677 ) ) ;
#947 = EDGE_LOOP ( 'NONE', ( #1702, #642, #1584, #901 ) ) ;
#948 = CARTESIAN_POINT ( 'NONE',  ( 35.05000000000000426, 15.33409334685713254, 37.00000000000000000 ) ) ;
#949 = DIRECTION ( 'NONE',  ( -1.875376730785737966E-16, 0.000000000000000000, -1.000000000000000000 ) ) ;
#950 = CARTESIAN_POINT ( 'NONE',  ( 0.000000000000000000, 18.00000000000000000, 37.00000000000000000 ) ) ;
#951 = VECTOR ( 'NONE', #1222, 1000.000000000000000 ) ;
#952 = DIRECTION ( 'NONE',  ( -1.000000000000000000, 0.000000000000000000, -2.238352872228138170E-16 ) ) ;
#953 = PRODUCT_DEFINITION_SHAPE ( 'NONE', 'NONE',  #261 ) ;
#954 = ORIENTED_EDGE ( 'NONE', *, *, #436, .T. ) ;
#955 = EDGE_CURVE ( 'NONE', #799, #212, #1314, .T. ) ;
#956 = EDGE_CURVE ( 'NONE', #33, #1186, #649, .T. ) ;
#957 = ORIENTED_EDGE ( 'NONE', *, *, #456, .T. ) ;
#958 =( NAMED_UNIT ( * ) PLANE_ANGLE_UNIT ( ) SI_UNIT ( $, .RADIAN. ) );
#959 = CARTESIAN_POINT ( 'NONE',  ( -0.4999999999999930611, 79.70000000000000284, 43.50000000000000000 ) ) ;
#960 = DIRECTION ( 'NONE',  ( -1.259073490628328923E-16, 0.000000000000000000, 1.000000000000000000 ) ) ;
#961 = CARTESIAN_POINT ( 'NONE',  ( -4.857225732735058602E-14, 85.00000000000000000, 52.49999999999998579 ) ) ;
#962 = ORIENTED_EDGE ( 'NONE', *, *, #325, .F. ) ;
#963 = ORIENTED_EDGE ( 'NONE', *, *, #100, .F. ) ;
#964 = CARTESIAN_POINT ( 'NONE',  ( 20.05000000000000782, 18.00000000000000000, 37.00000000000000000 ) ) ;
#965 = DIRECTION ( 'NONE',  ( 1.000000000000000000, -0.000000000000000000, 1.259073490628328676E-16 ) ) ;
#966 = VERTEX_POINT ( 'NONE', #1161 ) ;
#967 = CARTESIAN_POINT ( 'NONE',  ( 54.17500000000000426, 81.60000000000000853, 50.49999999999999289 ) ) ;
#968 = ADVANCED_FACE ( 'NONE', ( #1460, #240, #1700 ), #1710, .F. ) ;
#969 = CARTESIAN_POINT ( 'NONE',  ( 56.35000000000000142, 0.000000000000000000, 37.00000000000000000 ) ) ;
#970 = DIRECTION ( 'NONE',  ( -0.000000000000000000, -0.000000000000000000, -1.000000000000000000 ) ) ;
#971 = CARTESIAN_POINT ( 'NONE',  ( 1.900000000000007683, 15.33409334685713254, 36.99999999999999289 ) ) ;
#972 = STYLED_ITEM ( 'NONE', ( #791 ), #190 ) ;
#973 = STYLED_ITEM ( 'NONE', ( #297 ), #603 ) ;
#974 = ORIENTED_EDGE ( 'NONE', *, *, #1448, .T. ) ;
#975 = CARTESIAN_POINT ( 'NONE',  ( 56.35000000000000142, 85.00000000000000000, 37.00000000000000000 ) ) ;
#976 = VECTOR ( 'NONE', #608, 1000.000000000000000 ) ;
#977 = DIRECTION ( 'NONE',  ( -0.000000000000000000, -0.000000000000000000, -1.000000000000000000 ) ) ;
#978 = VERTEX_POINT ( 'NONE', #798 ) ;
#979 = PRESENTATION_LAYER_ASSIGNMENT (  '', '', ( #52 ) ) ;
#980 = LINE ( 'NONE', #721, #405 ) ;
#981 = STYLED_ITEM ( 'NONE', ( #422 ), #1402 ) ;
#982 = VECTOR ( 'NONE', #744, 1000.000000000000000 ) ;
#983 =( NAMED_UNIT ( * ) SI_UNIT ( $, .STERADIAN. ) SOLID_ANGLE_UNIT ( ) );
#984 = DIRECTION ( 'NONE',  ( -0.000000000000000000, -0.000000000000000000, -1.000000000000000000 ) ) ;
#985 = ORIENTED_EDGE ( 'NONE', *, *, #1704, .F. ) ;
#986 = DIRECTION ( 'NONE',  ( 0.000000000000000000, -0.000000000000000000, -1.000000000000000000 ) ) ;
#987 = DIRECTION ( 'NONE',  ( -1.000000000000000000, 0.000000000000000000, 0.000000000000000000 ) ) ;
#988 = ORIENTED_EDGE ( 'NONE', *, *, #1533, .T. ) ;
#989 = LINE ( 'NONE', #454, #118 ) ;
#990 = EDGE_CURVE ( 'NONE', #1720, #1728, #1225, .T. ) ;
#991 = DIRECTION ( 'NONE',  ( 1.000000000000000000, 0.000000000000000000, 0.000000000000000000 ) ) ;
#992 = FACE_OUTER_BOUND ( 'NONE', #1682, .T. ) ;
#993 = ORIENTED_EDGE ( 'NONE', *, *, #579, .F. ) ;
#994 = CARTESIAN_POINT ( 'NONE',  ( 52.67499999999999716, 81.60000000000000853, 55.50000000000000000 ) ) ;
#995 = FACE_OUTER_BOUND ( 'NONE', #1333, .T. ) ;
#996 = VERTEX_POINT ( 'NONE', #696 ) ;
#997 = DIRECTION ( 'NONE',  ( 1.000000000000000000, 0.000000000000000000, 0.000000000000000000 ) ) ;
#998 = LINE ( 'NONE', #868, #500 ) ;
#999 = FACE_OUTER_BOUND ( 'NONE', #778, .T. ) ;
#1000 = CARTESIAN_POINT ( 'NONE',  ( 38.10000000000000853, 15.33409334685713254, 37.00000000000000000 ) ) ;
#1001 = VERTEX_POINT ( 'NONE', #1609 ) ;
#1002 = DIRECTION ( 'NONE',  ( 0.000000000000000000, 0.000000000000000000, -1.000000000000000000 ) ) ;
#1003 = VECTOR ( 'NONE', #842, 1000.000000000000000 ) ;
#1004 = ORIENTED_EDGE ( 'NONE', *, *, #1049, .T. ) ;
#1005 = LINE ( 'NONE', #1551, #1484 ) ;
#1006 = PRESENTATION_LAYER_ASSIGNMENT (  '', '', ( #453 ) ) ;
#1007 = DIRECTION ( 'NONE',  ( -0.000000000000000000, -1.000000000000000000, -0.000000000000000000 ) ) ;
#1008 = VECTOR ( 'NONE', #217, 1000.000000000000000 ) ;
#1009 = AXIS2_PLACEMENT_3D ( 'NONE', #573, #304, #1096 ) ;
#1010 = CARTESIAN_POINT ( 'NONE',  ( 56.35000000000000142, 85.00000000000000000, 50.49999999999997868 ) ) ;
#1011 = MECHANICAL_DESIGN_GEOMETRIC_PRESENTATION_REPRESENTATION (  '', ( #1325 ), #926 ) ;
#1012 = DIRECTION ( 'NONE',  ( 0.000000000000000000, 0.000000000000000000, -1.000000000000000000 ) ) ;
#1013 = ORIENTED_EDGE ( 'NONE', *, *, #312, .F. ) ;
#1014 = DIRECTION ( 'NONE',  ( 0.000000000000000000, 0.000000000000000000, -1.000000000000000000 ) ) ;
#1015 = EDGE_CURVE ( 'NONE', #1441, #1447, #557, .T. ) ;
#1016 = CARTESIAN_POINT ( 'NONE',  ( 16.90000000000000924, 18.00000000000000000, 37.00000000000000000 ) ) ;
#1017 = VERTEX_POINT ( 'NONE', #1500 ) ;
#1018 = DIRECTION ( 'NONE',  ( 1.259073490628328923E-16, 0.000000000000000000, -1.000000000000000000 ) ) ;
#1019 = DIRECTION ( 'NONE',  ( 0.000000000000000000, 1.000000000000000000, 0.000000000000000000 ) ) ;
#1020 = ORIENTED_EDGE ( 'NONE', *, *, #615, .F. ) ;
#1021 =( NAMED_UNIT ( * ) SI_UNIT ( $, .STERADIAN. ) SOLID_ANGLE_UNIT ( ) );
#1022 = ADVANCED_FACE ( 'NONE', ( #1617 ), #306, .T. ) ;
#1023 = ORIENTED_EDGE ( 'NONE', *, *, #1185, .F. ) ;
#1024 = CARTESIAN_POINT ( 'NONE',  ( 12.17500000000000249, 85.00000000000000000, 55.50000000000000000 ) ) ;
#1025 =( NAMED_UNIT ( * ) PLANE_ANGLE_UNIT ( ) SI_UNIT ( $, .RADIAN. ) );
#1026 = ADVANCED_FACE ( 'NONE', ( #1365 ), #1746, .F. ) ;
#1027 = ORIENTED_EDGE ( 'NONE', *, *, #1709, .F. ) ;
#1028 = ORIENTED_EDGE ( 'NONE', *, *, #436, .F. ) ;
#1029 = CARTESIAN_POINT ( 'NONE',  ( 38.10000000000000853, -3.000000000000000000, 37.00000000000000000 ) ) ;
#1030 = AXIS2_PLACEMENT_3D ( 'NONE', #1541, #1608, #63 ) ;
#1031 = SURFACE_STYLE_FILL_AREA ( #1294 ) ;
#1032 = STYLED_ITEM ( 'NONE', ( #143 ), #572 ) ;
#1033 = ADVANCED_FACE ( 'NONE', ( #13 ), #425, .F. ) ;
#1034 = VECTOR ( 'NONE', #61, 1000.000000000000000 ) ;
#1035 = CARTESIAN_POINT ( 'NONE',  ( 44.17500000000000426, 85.00000000000000000, 50.49999999999999289 ) ) ;
#1036 = MECHANICAL_DESIGN_GEOMETRIC_PRESENTATION_REPRESENTATION (  '', ( #52 ), #292 ) ;
#1037 = ORIENTED_EDGE ( 'NONE', *, *, #1505, .F. ) ;
#1038 = VECTOR ( 'NONE', #1589, 1000.000000000000000 ) ;
#1039 = DIRECTION ( 'NONE',  ( 1.875376730785737966E-16, 0.000000000000000000, 1.000000000000000000 ) ) ;
#1040 = ORIENTED_EDGE ( 'NONE', *, *, #1308, .F. ) ;
#1041 = CARTESIAN_POINT ( 'NONE',  ( 54.00000000000000711, 15.33409334685713254, 0.000000000000000000 ) ) ;
#1042 = LINE ( 'NONE', #1313, #293 ) ;
#1043 = EDGE_CURVE ( 'NONE', #848, #173, #300, .T. ) ;
#1044 = EDGE_CURVE ( 'NONE', #1711, #1001, #1483, .T. ) ;
#1045 = ORIENTED_EDGE ( 'NONE', *, *, #805, .T. ) ;
#1046 = VERTEX_POINT ( 'NONE', #1192 ) ;
#1047 = DIRECTION ( 'NONE',  ( -0.000000000000000000, 1.000000000000000000, -0.000000000000000000 ) ) ;
#1048 = SURFACE_STYLE_USAGE ( .BOTH. , #266 ) ;
#1049 = EDGE_CURVE ( 'NONE', #1664, #1417, #291, .T. ) ;
#1050 = ORIENTED_EDGE ( 'NONE', *, *, #1572, .F. ) ;
#1051 = CARTESIAN_POINT ( 'NONE',  ( 0.000000000000000000, -0.000000000000000000, 37.00000000000000000 ) ) ;
#1052 = ORIENTED_EDGE ( 'NONE', *, *, #1690, .T. ) ;
#1053 = SURFACE_STYLE_FILL_AREA ( #150 ) ;
#1054 = CARTESIAN_POINT ( 'NONE',  ( 5.174999999999998934, 81.60000000000000853, 52.49999999999999289 ) ) ;
#1055 = PRESENTATION_LAYER_ASSIGNMENT (  '', '', ( #256 ) ) ;
#1056 = DIRECTION ( 'NONE',  ( 0.000000000000000000, 0.000000000000000000, -1.000000000000000000 ) ) ;
#1057 = VECTOR ( 'NONE', #526, 1000.000000000000000 ) ;
#1058 = COLOUR_RGB ( '',0.2509803921568627416, 0.2509803921568627416, 0.2509803921568627416 ) ;
#1059 = EDGE_LOOP ( 'NONE', ( #1071, #1476, #1152, #1050 ) ) ;
#1060 =( NAMED_UNIT ( * ) PLANE_ANGLE_UNIT ( ) SI_UNIT ( $, .RADIAN. ) );
#1061 = AXIS2_PLACEMENT_3D ( 'NONE', #159, #1256, #43 ) ;
#1062 = VERTEX_POINT ( 'NONE', #434 ) ;
#1063 = STYLED_ITEM ( 'NONE', ( #1423 ), #1624 ) ;
#1064 = DIRECTION ( 'NONE',  ( 9.251858538542971828E-16, 0.000000000000000000, -1.000000000000000000 ) ) ;
#1065 = DIRECTION ( 'NONE',  ( -1.000000000000000000, 0.000000000000000000, -4.364084216293854589E-16 ) ) ;
#1066 = SURFACE_STYLE_FILL_AREA ( #929 ) ;
#1067 = VECTOR ( 'NONE', #912, 1000.000000000000000 ) ;
#1068 = VERTEX_POINT ( 'NONE', #1353 ) ;
#1069 = UNCERTAINTY_MEASURE_WITH_UNIT (LENGTH_MEASURE( 1.000000000000000082E-05 ), #1070, 'distance_accuracy_value', 'NONE');
#1070 =( LENGTH_UNIT ( ) NAMED_UNIT ( * ) SI_UNIT ( .MILLI., .METRE. ) );
#1071 = ORIENTED_EDGE ( 'NONE', *, *, #990, .T. ) ;
#1072 = LINE ( 'NONE', #279, #1457 ) ;
#1073 = ADVANCED_FACE ( 'NONE', ( #1218 ), #823, .F. ) ;
#1074 = LINE ( 'NONE', #288, #1552 ) ;
#1075 = EDGE_CURVE ( 'NONE', #282, #1413, #1378, .T. ) ;
#1076 = DIRECTION ( 'NONE',  ( -2.238352872228138170E-16, 0.000000000000000000, 1.000000000000000000 ) ) ;
#1077 = ORIENTED_EDGE ( 'NONE', *, *, #1106, .F. ) ;
#1078 = EDGE_LOOP ( 'NONE', ( #1515, #1742 ) ) ;
#1079 = CARTESIAN_POINT ( 'NONE',  ( 38.10000000000000853, -3.000000000000000000, 50.49999999999998579 ) ) ;
#1080 = CARTESIAN_POINT ( 'NONE',  ( 44.17500000000000426, 85.00000000000000000, 55.50000000000000000 ) ) ;
#1081 = DIRECTION ( 'NONE',  ( -1.334402673828313339E-16, 0.000000000000000000, 1.000000000000000000 ) ) ;
#1082 = COLOUR_RGB ( '',0.7529411764705882248, 0.7529411764705882248, 0.7529411764705882248 ) ;
#1083 = VERTEX_POINT ( 'NONE', #1671 ) ;
#1084 = VECTOR ( 'NONE', #933, 1000.000000000000000 ) ;
#1085 = AXIS2_PLACEMENT_3D ( 'NONE', #65, #1536, #339 ) ;
#1086 = ORIENTED_EDGE ( 'NONE', *, *, #690, .T. ) ;
#1087 = DIRECTION ( 'NONE',  ( -1.000000000000000000, 0.000000000000000000, 0.000000000000000000 ) ) ;
#1088 = CARTESIAN_POINT ( 'NONE',  ( -0.4999999999999922284, 27.20000000000000995, 37.00000000000000711 ) ) ;
#1089 = CIRCLE ( 'NONE', #1151, 1.500000000000001332 ) ;
#1090 = CARTESIAN_POINT ( 'NONE',  ( 56.35000000000000142, 85.00000000000000000, 55.50000000000000000 ) ) ;
#1091 = EDGE_CURVE ( 'NONE', #925, #854, #1658, .T. ) ;
#1092 = ORIENTED_EDGE ( 'NONE', *, *, #759, .T. ) ;
#1093 = EDGE_CURVE ( 'NONE', #1713, #939, #1387, .T. ) ;
#1094 = ORIENTED_EDGE ( 'NONE', *, *, #1572, .T. ) ;
#1095 = CARTESIAN_POINT ( 'NONE',  ( 2.175000000000010481, 23.60000000000000142, 35.49999999999999289 ) ) ;
#1096 = DIRECTION ( 'NONE',  ( -1.000000000000000000, 0.000000000000000000, 0.000000000000000000 ) ) ;
#1097 = ORIENTED_EDGE ( 'NONE', *, *, #1168, .T. ) ;
#1098 = DIRECTION ( 'NONE',  ( 4.364084216293854589E-16, 0.000000000000000000, -1.000000000000000000 ) ) ;
#1099 = LINE ( 'NONE', #1108, #320 ) ;
#1100 = CARTESIAN_POINT ( 'NONE',  ( 0.000000000000000000, 0.000000000000000000, 55.50000000000000000 ) ) ;
#1101 = SURFACE_STYLE_USAGE ( .BOTH. , #733 ) ;
#1102 = UNCERTAINTY_MEASURE_WITH_UNIT (LENGTH_MEASURE( 1.000000000000000082E-05 ), #1197, 'distance_accuracy_value', 'NONE');
#1103 = ORIENTED_EDGE ( 'NONE', *, *, #637, .T. ) ;
#1104 = CARTESIAN_POINT ( 'NONE',  ( 38.10000000000000853, -3.000000000000000000, 37.00000000000000000 ) ) ;
#1105 = ADVANCED_FACE ( 'NONE', ( #475 ), #1407, .F. ) ;
#1106 = EDGE_CURVE ( 'NONE', #491, #1600, #989, .T. ) ;
#1107 = ORIENTED_EDGE ( 'NONE', *, *, #1709, .T. ) ;
#1108 = CARTESIAN_POINT ( 'NONE',  ( 16.90000000000001634, 15.33409334685713254, 3.782816354065556461E-15 ) ) ;
#1109 = ORIENTED_EDGE ( 'NONE', *, *, #328, .T. ) ;
#1110 = VECTOR ( 'NONE', #822, 1000.000000000000000 ) ;
#1111 = PRESENTATION_LAYER_ASSIGNMENT (  '', '', ( #563 ) ) ;
#1112 = ORIENTED_EDGE ( 'NONE', *, *, #789, .F. ) ;
#1113 = CARTESIAN_POINT ( 'NONE',  ( 35.05000000000000426, 18.00000000000000000, 0.000000000000000000 ) ) ;
#1114 = AXIS2_PLACEMENT_3D ( 'NONE', #1391, #1014, #617 ) ;
#1115 = DIRECTION ( 'NONE',  ( 4.364084216293854589E-16, 0.000000000000000000, -1.000000000000000000 ) ) ;
#1116 = EDGE_CURVE ( 'NONE', #1001, #939, #576, .T. ) ;
#1117 = ORIENTED_EDGE ( 'NONE', *, *, #215, .F. ) ;
#1118 = CARTESIAN_POINT ( 'NONE',  ( 20.05000000000000426, 15.33409334685713254, 50.49999999999997868 ) ) ;
#1119 = DIRECTION ( 'NONE',  ( -0.000000000000000000, -1.000000000000000000, -0.000000000000000000 ) ) ;
#1120 = COLOUR_RGB ( '',0.7529411764705882248, 0.7529411764705882248, 0.7529411764705882248 ) ;
#1121 = LINE ( 'NONE', #1279, #1607 ) ;
#1122 = LINE ( 'NONE', #1661, #920 ) ;
#1123 = ORIENTED_EDGE ( 'NONE', *, *, #429, .F. ) ;
#1124 = DIRECTION ( 'NONE',  ( -1.000000000000000000, 0.000000000000000000, 0.000000000000000000 ) ) ;
#1125 = DIRECTION ( 'NONE',  ( -1.000000000000000000, 0.000000000000000000, 0.000000000000000000 ) ) ;
#1126 = EDGE_LOOP ( 'NONE', ( #835, #1628, #626, #471, #1338, #635, #182 ) ) ;
#1127 = CARTESIAN_POINT ( 'NONE',  ( 0.000000000000000000, 18.00000000000000000, 52.50000000000000000 ) ) ;
#1128 = CARTESIAN_POINT ( 'NONE',  ( 51.17499999999999005, 23.60000000000000142, 50.49999999999999289 ) ) ;
#1129 = LINE ( 'NONE', #195, #1205 ) ;
#1130 = CARTESIAN_POINT ( 'NONE',  ( -0.4999999999999922284, 79.70000000000000284, 37.00000000000000000 ) ) ;
#1131 = ORIENTED_EDGE ( 'NONE', *, *, #624, .T. ) ;
#1132 = DIRECTION ( 'NONE',  ( 0.000000000000000000, -0.000000000000000000, -1.000000000000000000 ) ) ;
#1133 = DIRECTION ( 'NONE',  ( 1.000000000000000000, 0.000000000000000000, 0.000000000000000000 ) ) ;
#1134 = ORIENTED_EDGE ( 'NONE', *, *, #1440, .F. ) ;
#1135 = PLANE ( 'NONE',  #1718 ) ;
#1136 = CYLINDRICAL_SURFACE ( 'NONE', #818, 1.500000000000001332 ) ;
#1137 = LINE ( 'NONE', #1388, #869 ) ;
#1138 = CARTESIAN_POINT ( 'NONE',  ( 16.90000000000000568, 18.00000000000000000, 50.49999999999997868 ) ) ;
#1139 = EDGE_CURVE ( 'NONE', #310, #173, #1509, .T. ) ;
#1140 = ORIENTED_EDGE ( 'NONE', *, *, #762, .F. ) ;
#1141 = DIRECTION ( 'NONE',  ( -1.000000000000000000, 0.000000000000000000, 0.000000000000000000 ) ) ;
#1142 = VECTOR ( 'NONE', #1421, 1000.000000000000000 ) ;
#1143 = VECTOR ( 'NONE', #639, 1000.000000000000000 ) ;
#1144 = VERTEX_POINT ( 'NONE', #467 ) ;
#1145 = CARTESIAN_POINT ( 'NONE',  ( 38.10000000000000853, 18.00000000000000000, 37.00000000000000000 ) ) ;
#1146 = VECTOR ( 'NONE', #223, 1000.000000000000000 ) ;
#1147 = CARTESIAN_POINT ( 'NONE',  ( 1.900000000000007683, -3.000000000000000000, 37.00000000000000000 ) ) ;
#1148 = AXIS2_PLACEMENT_3D ( 'NONE', #1274, #1115, #172 ) ;
#1149 = DIRECTION ( 'NONE',  ( 1.000000000000000000, -0.000000000000000000, 1.259073490628328676E-16 ) ) ;
#1150 = FACE_BOUND ( 'NONE', #332, .T. ) ;
#1151 = AXIS2_PLACEMENT_3D ( 'NONE', #923, #1613, #1465 ) ;
#1152 = ORIENTED_EDGE ( 'NONE', *, *, #851, .F. ) ;
#1153 = CARTESIAN_POINT ( 'NONE',  ( -0.4999999999999922284, 79.70000000000000284, 37.00000000000000000 ) ) ;
#1154 = ADVANCED_FACE ( 'NONE', ( #1521 ), #1136, .F. ) ;
#1155 = CARTESIAN_POINT ( 'NONE',  ( 35.05000000000000426, 18.00000000000000000, 0.000000000000000000 ) ) ;
#1156 = ORIENTED_EDGE ( 'NONE', *, *, #898, .F. ) ;
#1157 = LINE ( 'NONE', #1292, #1204 ) ;
#1158 = AXIS2_PLACEMENT_3D ( 'NONE', #611, #647, #361 ) ;
#1159 = VECTOR ( 'NONE', #879, 1000.000000000000000 ) ;
#1160 = LINE ( 'NONE', #527, #1437 ) ;
#1161 = CARTESIAN_POINT ( 'NONE',  ( 35.05000000000000426, 15.33409334685713254, 50.49999999999997868 ) ) ;
#1162 = EDGE_LOOP ( 'NONE', ( #84, #1390, #852, #1304, #271, #308, #638 ) ) ;
#1163 =( NAMED_UNIT ( * ) SI_UNIT ( $, .STERADIAN. ) SOLID_ANGLE_UNIT ( ) );
#1164 = SURFACE_STYLE_USAGE ( .BOTH. , #83 ) ;
#1165 = ORIENTED_EDGE ( 'NONE', *, *, #1705, .F. ) ;
#1166 = DIRECTION ( 'NONE',  ( -0.000000000000000000, -0.000000000000000000, -1.000000000000000000 ) ) ;
#1167 = EDGE_CURVE ( 'NONE', #559, #257, #241, .T. ) ;
#1168 = EDGE_CURVE ( 'NONE', #1664, #848, #1099, .T. ) ;
#1169 = DIRECTION ( 'NONE',  ( 0.000000000000000000, -0.000000000000000000, -1.000000000000000000 ) ) ;
#1170 = DIRECTION ( 'NONE',  ( 0.000000000000000000, 0.000000000000000000, -1.000000000000000000 ) ) ;
#1171 = ORIENTED_EDGE ( 'NONE', *, *, #381, .T. ) ;
#1172 = ORIENTED_EDGE ( 'NONE', *, *, #648, .F. ) ;
#1173 = DIRECTION ( 'NONE',  ( 1.000000000000000000, 0.000000000000000000, 0.000000000000000000 ) ) ;
#1174 = EDGE_CURVE ( 'NONE', #1720, #1525, #980, .T. ) ;
#1175 = CARTESIAN_POINT ( 'NONE',  ( 38.10000000000000853, 15.33409334685713254, 0.000000000000000000 ) ) ;
#1176 = PRESENTATION_LAYER_ASSIGNMENT (  '', '', ( #973 ) ) ;
#1177 = AXIS2_PLACEMENT_3D ( 'NONE', #870, #487, #613 ) ;
#1178 = CARTESIAN_POINT ( 'NONE',  ( -0.4999999999999930611, 27.20000000000000995, 43.50000000000000711 ) ) ;
#1179 = AXIS2_PLACEMENT_3D ( 'NONE', #544, #1056, #403 ) ;
#1180 = EDGE_LOOP ( 'NONE', ( #1172, #1020, #157, #1209 ) ) ;
#1181 = ORIENTED_EDGE ( 'NONE', *, *, #1623, .T. ) ;
#1182 = DIRECTION ( 'NONE',  ( -1.875376730785737966E-16, 0.000000000000000000, -1.000000000000000000 ) ) ;
#1183 = DIRECTION ( 'NONE',  ( -0.000000000000000000, -1.000000000000000000, -0.000000000000000000 ) ) ;
#1184 = FILL_AREA_STYLE ('',( #928 ) ) ;
#1185 = EDGE_CURVE ( 'NONE', #1206, #1433, #837, .T. ) ;
#1186 = VERTEX_POINT ( 'NONE', #969 ) ;
#1187 = LINE ( 'NONE', #1051, #460 ) ;
#1188 = ORIENTED_EDGE ( 'NONE', *, *, #1670, .F. ) ;
#1189 = CARTESIAN_POINT ( 'NONE',  ( 56.35000000000000142, 0.000000000000000000, 35.49999999999999289 ) ) ;
#1190 = DIRECTION ( 'NONE',  ( -0.000000000000000000, -1.000000000000000000, -0.000000000000000000 ) ) ;
#1191 = PLANE ( 'NONE',  #1030 ) ;
#1192 = CARTESIAN_POINT ( 'NONE',  ( 1.900000000000005684, 85.00000000000000000, 52.49999999999998579 ) ) ;
#1193 = EDGE_CURVE ( 'NONE', #1186, #1611, #45, .T. ) ;
#1194 = EDGE_CURVE ( 'NONE', #629, #173, #334, .T. ) ;
#1195 = ORIENTED_EDGE ( 'NONE', *, *, #153, .F. ) ;
#1196 = ADVANCED_FACE ( 'NONE', ( #1395 ), #604, .F. ) ;
#1197 =( LENGTH_UNIT ( ) NAMED_UNIT ( * ) SI_UNIT ( .MILLI., .METRE. ) );
#1198 = ORIENTED_EDGE ( 'NONE', *, *, #1093, .F. ) ;
#1199 = CARTESIAN_POINT ( 'NONE',  ( -0.4999999999999930611, 79.70000000000000284, 43.50000000000000000 ) ) ;
#1200 = PLANE ( 'NONE',  #542 ) ;
#1201 =( NAMED_UNIT ( * ) SI_UNIT ( $, .STERADIAN. ) SOLID_ANGLE_UNIT ( ) );
#1202 = STYLED_ITEM ( 'NONE', ( #1474 ), #201 ) ;
#1203 = DIRECTION ( 'NONE',  ( 9.251858538542971828E-16, 0.000000000000000000, -1.000000000000000000 ) ) ;
#1204 = VECTOR ( 'NONE', #1455, 1000.000000000000000 ) ;
#1205 = VECTOR ( 'NONE', #476, 1000.000000000000000 ) ;
#1206 = VERTEX_POINT ( 'NONE', #1128 ) ;
#1207 = EDGE_CURVE ( 'NONE', #1728, #996, #1679, .T. ) ;
#1208 = AXIS2_PLACEMENT_3D ( 'NONE', #663, #1064, #1087 ) ;
#1209 = ORIENTED_EDGE ( 'NONE', *, *, #956, .T. ) ;
#1210 = VECTOR ( 'NONE', #1734, 1000.000000000000000 ) ;
#1211 = DIRECTION ( 'NONE',  ( -1.000000000000000000, -0.000000000000000000, -0.000000000000000000 ) ) ;
#1212 =( NAMED_UNIT ( * ) PLANE_ANGLE_UNIT ( ) SI_UNIT ( $, .RADIAN. ) );
#1213 = ORIENTED_EDGE ( 'NONE', *, *, #507, .F. ) ;
#1214 = ORIENTED_EDGE ( 'NONE', *, *, #644, .F. ) ;
#1215 = FILL_AREA_STYLE_COLOUR ( '', #651 ) ;
#1216 = CARTESIAN_POINT ( 'NONE',  ( 16.90000000000001634, -3.000000000000000000, 3.782816354065556461E-15 ) ) ;
#1217 =( LENGTH_UNIT ( ) NAMED_UNIT ( * ) SI_UNIT ( .MILLI., .METRE. ) );
#1218 = FACE_OUTER_BOUND ( 'NONE', #1180, .T. ) ;
#1219 = ORIENTED_EDGE ( 'NONE', *, *, #820, .T. ) ;
#1220 = ORIENTED_EDGE ( 'NONE', *, *, #792, .T. ) ;
#1221 = CARTESIAN_POINT ( 'NONE',  ( -0.4999999999999930611, 79.70000000000000284, 43.50000000000000000 ) ) ;
#1222 = DIRECTION ( 'NONE',  ( -0.000000000000000000, 1.000000000000000000, -1.321694076934710155E-16 ) ) ;
#1223 = LINE ( 'NONE', #1088, #650 ) ;
#1224 = EDGE_CURVE ( 'NONE', #978, #811, #998, .T. ) ;
#1225 = LINE ( 'NONE', #536, #1436 ) ;
#1226 = MECHANICAL_DESIGN_GEOMETRIC_PRESENTATION_REPRESENTATION (  '', ( #972 ), #560 ) ;
#1227 = ORIENTED_EDGE ( 'NONE', *, *, #1601, .F. ) ;
#1228 = UNCERTAINTY_MEASURE_WITH_UNIT (LENGTH_MEASURE( 1.000000000000000082E-05 ), #803, 'distance_accuracy_value', 'NONE');
#1229 =( GEOMETRIC_REPRESENTATION_CONTEXT ( 3 ) GLOBAL_UNCERTAINTY_ASSIGNED_CONTEXT ( ( #327 ) ) GLOBAL_UNIT_ASSIGNED_CONTEXT ( ( #452, #311, #1265 ) ) REPRESENTATION_CONTEXT ( 'NONE', 'WORKASPACE' ) );
#1230 = AXIS2_PLACEMENT_3D ( 'NONE', #994, #599, #1124 ) ;
#1231 = VERTEX_POINT ( 'NONE', #1278 ) ;
#1232 =( LENGTH_UNIT ( ) NAMED_UNIT ( * ) SI_UNIT ( .MILLI., .METRE. ) );
#1233 = MECHANICAL_DESIGN_GEOMETRIC_PRESENTATION_REPRESENTATION (  '', ( #981 ), #902 ) ;
#1234 = SURFACE_STYLE_USAGE ( .BOTH. , #473 ) ;
#1235 = EDGE_LOOP ( 'NONE', ( #1717, #1134, #1562, #1739 ) ) ;
#1236 = PLANE ( 'NONE',  #18 ) ;
#1237 = AXIS2_PLACEMENT_3D ( 'NONE', #250, #1706, #1039 ) ;
#1238 = DIRECTION ( 'NONE',  ( -0.000000000000000000, -0.000000000000000000, -1.000000000000000000 ) ) ;
#1239 = EDGE_CURVE ( 'NONE', #319, #616, #930, .T. ) ;
#1240 = PRODUCT ( 'pi4withall', 'pi4withall', '', ( #1270 ) ) ;
#1241 = DIRECTION ( 'NONE',  ( 0.000000000000000000, 0.000000000000000000, -1.000000000000000000 ) ) ;
#1242 = EDGE_CURVE ( 'NONE', #107, #167, #631, .T. ) ;
#1243 = CARTESIAN_POINT ( 'NONE',  ( 20.05000000000000426, 18.00000000000000000, 50.49999999999997868 ) ) ;
#1244 = EDGE_CURVE ( 'NONE', #1441, #1600, #227, .T. ) ;
#1245 = ORIENTED_EDGE ( 'NONE', *, *, #550, .T. ) ;
#1246 = CARTESIAN_POINT ( 'NONE',  ( 20.05000000000000426, 18.00000000000000000, 52.50000000000000000 ) ) ;
#1247 = ORIENTED_EDGE ( 'NONE', *, *, #328, .F. ) ;
#1248 = DIRECTION ( 'NONE',  ( 4.364084216293854589E-16, 0.000000000000000000, -1.000000000000000000 ) ) ;
#1249 = LINE ( 'NONE', #722, #423 ) ;
#1250 =( NAMED_UNIT ( * ) SI_UNIT ( $, .STERADIAN. ) SOLID_ANGLE_UNIT ( ) );
#1251 = DIRECTION ( 'NONE',  ( 0.000000000000000000, 0.000000000000000000, -1.000000000000000000 ) ) ;
#1252 = EDGE_CURVE ( 'NONE', #1317, #996, #1698, .T. ) ;
#1253 = EDGE_LOOP ( 'NONE', ( #1097, #1506, #120, #931, #140, #1450, #1227 ) ) ;
#1254 = CARTESIAN_POINT ( 'NONE',  ( 44.17500000000000426, 85.00000000000000000, 0.000000000000000000 ) ) ;
#1255 = ADVANCED_FACE ( 'NONE', ( #1564 ), #238, .F. ) ;
#1256 = DIRECTION ( 'NONE',  ( 0.000000000000000000, -1.000000000000000000, 0.000000000000000000 ) ) ;
#1257 = ORIENTED_EDGE ( 'NONE', *, *, #449, .T. ) ;
#1258 = CARTESIAN_POINT ( 'NONE',  ( -13.22620606345436478, 85.00000000000000000, 35.49999999999999289 ) ) ;
#1259 = DIRECTION ( 'NONE',  ( 0.000000000000000000, 0.000000000000000000, -1.000000000000000000 ) ) ;
#1260 = AXIS2_PLACEMENT_3D ( 'NONE', #40, #1534, #585 ) ;
#1261 = ORIENTED_EDGE ( 'NONE', *, *, #1239, .F. ) ;
#1262 = CARTESIAN_POINT ( 'NONE',  ( 0.000000000000000000, 85.00000000000000000, 37.00000000000000000 ) ) ;
#1263 = CARTESIAN_POINT ( 'NONE',  ( 0.000000000000000000, 85.00000000000000000, 50.49999999999997868 ) ) ;
#1264 = ORIENTED_EDGE ( 'NONE', *, *, #1416, .F. ) ;
#1265 =( NAMED_UNIT ( * ) SI_UNIT ( $, .STERADIAN. ) SOLID_ANGLE_UNIT ( ) );
#1266 = EDGE_CURVE ( 'NONE', #341, #540, #1160, .T. ) ;
#1267 = DIRECTION ( 'NONE',  ( 0.000000000000000000, 0.000000000000000000, 1.000000000000000000 ) ) ;
#1268 = STYLED_ITEM ( 'NONE', ( #87 ), #1299 ) ;
#1269 = CARTESIAN_POINT ( 'NONE',  ( 0.000000000000000000, 0.000000000000000000, 35.49999999999999289 ) ) ;
#1270 = PRODUCT_CONTEXT ( 'NONE', #221, 'mechanical' ) ;
#1271 = CARTESIAN_POINT ( 'NONE',  ( 0.000000000000000000, 0.000000000000000000, 55.50000000000000000 ) ) ;
#1272 = EDGE_LOOP ( 'NONE', ( #170, #517, #359, #1593 ) ) ;
#1273 = DIRECTION ( 'NONE',  ( -0.000000000000000000, -1.000000000000000000, -0.000000000000000000 ) ) ;
#1274 = CARTESIAN_POINT ( 'NONE',  ( 52.67499999999999716, 81.60000000000000853, 50.49999999999999289 ) ) ;
#1275 = VERTEX_POINT ( 'NONE', #1730 ) ;
#1276 = FACE_OUTER_BOUND ( 'NONE', #947, .T. ) ;
#1277 = EDGE_CURVE ( 'NONE', #978, #1317, #1042, .T. ) ;
#1278 = CARTESIAN_POINT ( 'NONE',  ( 54.00000000000000711, 15.33409334685713254, 36.99999999999999289 ) ) ;
#1279 = CARTESIAN_POINT ( 'NONE',  ( 0.000000000000000000, 0.000000000000000000, 55.50000000000000000 ) ) ;
#1280 = CARTESIAN_POINT ( 'NONE',  ( 38.10000000000000853, 15.33409334685713254, 50.49999999999998579 ) ) ;
#1281 = ORIENTED_EDGE ( 'NONE', *, *, #165, .T. ) ;
#1282 = LINE ( 'NONE', #1246, #539 ) ;
#1283 =( LENGTH_UNIT ( ) NAMED_UNIT ( * ) SI_UNIT ( .MILLI., .METRE. ) );
#1284 = EDGE_LOOP ( 'NONE', ( #806, #1326, #321, #962 ) ) ;
#1285 = CARTESIAN_POINT ( 'NONE',  ( 0.000000000000000000, 85.00000000000000000, 37.00000000000000000 ) ) ;
#1286 = CARTESIAN_POINT ( 'NONE',  ( 20.05000000000001492, -3.000000000000000000, 4.487897508817420855E-15 ) ) ;
#1287 = FILL_AREA_STYLE_COLOUR ( '', #164 ) ;
#1288 = FACE_BOUND ( 'NONE', #418, .T. ) ;
#1289 = ORIENTED_EDGE ( 'NONE', *, *, #325, .T. ) ;
#1290 = CARTESIAN_POINT ( 'NONE',  ( 52.67499999999999005, 23.60000000000000142, 50.49999999999999289 ) ) ;
#1291 = ORIENTED_EDGE ( 'NONE', *, *, #820, .F. ) ;
#1292 = CARTESIAN_POINT ( 'NONE',  ( 16.90000000000000924, -3.000000000000000000, 37.00000000000000000 ) ) ;
#1293 = VECTOR ( 'NONE', #863, 1000.000000000000000 ) ;
#1294 = FILL_AREA_STYLE ('',( #769 ) ) ;
#1295 = VECTOR ( 'NONE', #4, 1000.000000000000000 ) ;
#1296 = CARTESIAN_POINT ( 'NONE',  ( -0.4999999999999922284, 27.20000000000000995, 37.00000000000000711 ) ) ;
#1297 = FACE_OUTER_BOUND ( 'NONE', #179, .T. ) ;
#1298 = AXIS2_PLACEMENT_3D ( 'NONE', #938, #260, #1512 ) ;
#1299 = ADVANCED_FACE ( 'NONE', ( #755 ), #1419, .T. ) ;
#1300 = EDGE_CURVE ( 'NONE', #1433, #922, #1666, .T. ) ;
#1301 = ORIENTED_EDGE ( 'NONE', *, *, #1704, .T. ) ;
#1302 = FACE_OUTER_BOUND ( 'NONE', #1162, .T. ) ;
#1303 = VECTOR ( 'NONE', #859, 1000.000000000000000 ) ;
#1304 = ORIENTED_EDGE ( 'NONE', *, *, #427, .F. ) ;
#1305 = LINE ( 'NONE', #252, #830 ) ;
#1306 =( LENGTH_UNIT ( ) NAMED_UNIT ( * ) SI_UNIT ( .MILLI., .METRE. ) );
#1307 = ORIENTED_EDGE ( 'NONE', *, *, #187, .F. ) ;
#1308 = EDGE_CURVE ( 'NONE', #684, #350, #1724, .T. ) ;
#1309 = CARTESIAN_POINT ( 'NONE',  ( 35.05000000000000426, -3.000000000000000000, 37.00000000000000000 ) ) ;
#1310 = VERTEX_POINT ( 'NONE', #1445 ) ;
#1311 = DIRECTION ( 'NONE',  ( 1.000000000000000000, 0.000000000000000000, 0.000000000000000000 ) ) ;
#1312 = EDGE_CURVE ( 'NONE', #1231, #33, #246, .T. ) ;
#1313 = CARTESIAN_POINT ( 'NONE',  ( 1.900000000000012124, -3.000000000000000000, 2.392239632193839991E-16 ) ) ;
#1314 = LINE ( 'NONE', #1035, #761 ) ;
#1315 = VERTEX_POINT ( 'NONE', #747 ) ;
#1316 = CARTESIAN_POINT ( 'NONE',  ( 16.90000000000000924, 15.33409334685713254, 37.00000000000000000 ) ) ;
#1317 = VERTEX_POINT ( 'NONE', #1147 ) ;
#1318 = CARTESIAN_POINT ( 'NONE',  ( 0.000000000000000000, 79.70000000000000284, 37.00000000000000000 ) ) ;
#1319 = AXIS2_PLACEMENT_3D ( 'NONE', #860, #1397, #606 ) ;
#1320 = EDGE_CURVE ( 'NONE', #1083, #1275, #521, .T. ) ;
#1321 = COLOUR_RGB ( '',0.5999999999999999778, 1.000000000000000000, 0.4666666666666666741 ) ;
#1322 = VECTOR ( 'NONE', #247, 1000.000000000000000 ) ;
#1323 =( LENGTH_UNIT ( ) NAMED_UNIT ( * ) SI_UNIT ( .MILLI., .METRE. ) );
#1324 = AXIS2_PLACEMENT_3D ( 'NONE', #1715, #75, #1426 ) ;
#1325 = STYLED_ITEM ( 'NONE', ( #411 ), #1033 ) ;
#1326 = ORIENTED_EDGE ( 'NONE', *, *, #1487, .T. ) ;
#1327 = SURFACE_STYLE_USAGE ( .BOTH. , #1339 ) ;
#1328 = ORIENTED_EDGE ( 'NONE', *, *, #853, .T. ) ;
#1329 = CARTESIAN_POINT ( 'NONE',  ( 3.675000000000011369, 23.60000000000000142, 55.50000000000000000 ) ) ;
#1330 = DIRECTION ( 'NONE',  ( 0.000000000000000000, -0.000000000000000000, -1.000000000000000000 ) ) ;
#1331 = SURFACE_STYLE_FILL_AREA ( #1582 ) ;
#1332 = ORIENTED_EDGE ( 'NONE', *, *, #1224, .T. ) ;
#1333 = EDGE_LOOP ( 'NONE', ( #1528, #957, #56, #1695 ) ) ;
#1334 = CARTESIAN_POINT ( 'NONE',  ( 20.05000000000001492, 15.33409334685713254, 4.487897508817420855E-15 ) ) ;
#1335 = CARTESIAN_POINT ( 'NONE',  ( 12.17500000000000071, 18.00000000000000355, 52.50000000000000000 ) ) ;
#1336 = PLANE ( 'NONE',  #592 ) ;
#1337 = CARTESIAN_POINT ( 'NONE',  ( 54.00000000000000711, 85.00000000000000000, 50.49999999999999289 ) ) ;
#1338 = ORIENTED_EDGE ( 'NONE', *, *, #715, .T. ) ;
#1339 = SURFACE_SIDE_STYLE ('',( #277 ) ) ;
#1340 = ORIENTED_EDGE ( 'NONE', *, *, #379, .F. ) ;
#1341 = CARTESIAN_POINT ( 'NONE',  ( 53.99999999999999289, 15.33409334685713254, 50.49999999999997868 ) ) ;
#1342 =( NAMED_UNIT ( * ) SI_UNIT ( $, .STERADIAN. ) SOLID_ANGLE_UNIT ( ) );
#1343 = COLOUR_RGB ( '',0.7529411764705882248, 0.7529411764705882248, 0.7529411764705882248 ) ;
#1344 = VECTOR ( 'NONE', #74, 1000.000000000000000 ) ;
#1345 = STYLED_ITEM ( 'NONE', ( #1703 ), #780 ) ;
#1346 = EDGE_LOOP ( 'NONE', ( #73, #1264, #396, #877 ) ) ;
#1347 = EDGE_CURVE ( 'NONE', #1068, #212, #393, .T. ) ;
#1348 = VECTOR ( 'NONE', #1211, 1000.000000000000000 ) ;
#1349 = ORIENTED_EDGE ( 'NONE', *, *, #20, .T. ) ;
#1350 = CARTESIAN_POINT ( 'NONE',  ( 0.000000000000000000, 85.00000000000000000, 55.50000000000000000 ) ) ;
#1351 = DIRECTION ( 'NONE',  ( 0.000000000000000000, -1.000000000000000000, 0.000000000000000000 ) ) ;
#1352 = LINE ( 'NONE', #1622, #133 ) ;
#1353 = CARTESIAN_POINT ( 'NONE',  ( 35.05000000000000426, 18.00000000000000000, 50.49999999999997868 ) ) ;
#1354 = ORIENTED_EDGE ( 'NONE', *, *, #1193, .F. ) ;
#1355 = EDGE_LOOP ( 'NONE', ( #1619, #8, #222, #1603 ) ) ;
#1356 = FACE_OUTER_BOUND ( 'NONE', #1126, .T. ) ;
#1357 = LINE ( 'NONE', #415, #951 ) ;
#1358 = CARTESIAN_POINT ( 'NONE',  ( 12.17500000000000071, 85.00000000000000000, 52.50000000000000000 ) ) ;
#1359 = CARTESIAN_POINT ( 'NONE',  ( 0.000000000000000000, 85.00000000000000000, 37.00000000000000000 ) ) ;
#1360 = VERTEX_POINT ( 'NONE', #1054 ) ;
#1361 = ORIENTED_EDGE ( 'NONE', *, *, #936, .T. ) ;
#1362 = LINE ( 'NONE', #1490, #515 ) ;
#1363 = DIRECTION ( 'NONE',  ( 0.000000000000000000, -1.000000000000000000, 0.000000000000000000 ) ) ;
#1364 = CARTESIAN_POINT ( 'NONE',  ( 54.17500000000000426, 81.60000000000000853, 35.49999999999999289 ) ) ;
#1365 = FACE_OUTER_BOUND ( 'NONE', #64, .T. ) ;
#1366 = AXIS2_PLACEMENT_3D ( 'NONE', #1271, #1019, #348 ) ;
#1367 = PRESENTATION_LAYER_ASSIGNMENT (  '', '', ( #1032 ) ) ;
#1368 = LINE ( 'NONE', #1453, #1554 ) ;
#1369 = DIRECTION ( 'NONE',  ( -1.000000000000000000, 0.000000000000000000, -0.000000000000000000 ) ) ;
#1370 = AXIS2_PLACEMENT_3D ( 'NONE', #587, #1372, #571 ) ;
#1371 = EDGE_LOOP ( 'NONE', ( #1626, #1171, #7, #510, #353 ) ) ;
#1372 = DIRECTION ( 'NONE',  ( 9.251858538542971828E-16, 0.000000000000000000, -1.000000000000000000 ) ) ;
#1373 = MECHANICAL_DESIGN_GEOMETRIC_PRESENTATION_REPRESENTATION (  '', ( #401 ), #86 ) ;
#1374 = LINE ( 'NONE', #959, #168 ) ;
#1375 = ORIENTED_EDGE ( 'NONE', *, *, #1193, .T. ) ;
#1376 = CARTESIAN_POINT ( 'NONE',  ( 44.17500000000000426, 85.00000000000000000, 0.000000000000000000 ) ) ;
#1377 = VECTOR ( 'NONE', #800, 1000.000000000000000 ) ;
#1378 = LINE ( 'NONE', #175, #1412 ) ;
#1379 = SURFACE_STYLE_USAGE ( .BOTH. , #335 ) ;
#1380 = PLANE ( 'NONE',  #318 ) ;
#1381 = CARTESIAN_POINT ( 'NONE',  ( 54.00000000000000711, 0.000000000000000000, 37.00000000000000000 ) ) ;
#1382 = ORIENTED_EDGE ( 'NONE', *, *, #1043, .F. ) ;
#1383 = DIRECTION ( 'NONE',  ( 0.000000000000000000, -1.000000000000000000, 0.000000000000000000 ) ) ;
#1384 = CARTESIAN_POINT ( 'NONE',  ( 5.175000000000013145, 23.60000000000000142, 55.50000000000000000 ) ) ;
#1385 = ORIENTED_EDGE ( 'NONE', *, *, #152, .F. ) ;
#1386 = FILL_AREA_STYLE_COLOUR ( '', #79 ) ;
#1387 = LINE ( 'NONE', #1539, #632 ) ;
#1388 = CARTESIAN_POINT ( 'NONE',  ( 0.000000000000000000, -0.000000000000000000, 37.00000000000000000 ) ) ;
#1389 = EDGE_CURVE ( 'NONE', #561, #107, #941, .T. ) ;
#1390 = ORIENTED_EDGE ( 'NONE', *, *, #591, .F. ) ;
#1391 = CARTESIAN_POINT ( 'NONE',  ( 3.675000000000011369, 23.60000000000000142, 35.49999999999999289 ) ) ;
#1392 = PLANE ( 'NONE',  #815 ) ;
#1393 = ORIENTED_EDGE ( 'NONE', *, *, #1049, .F. ) ;
#1394 = LINE ( 'NONE', #1127, #1575 ) ;
#1395 = FACE_OUTER_BOUND ( 'NONE', #496, .T. ) ;
#1396 = SURFACE_STYLE_FILL_AREA ( #1660 ) ;
#1397 = DIRECTION ( 'NONE',  ( -0.000000000000000000, -0.000000000000000000, -1.000000000000000000 ) ) ;
#1398 = VECTOR ( 'NONE', #689, 1000.000000000000000 ) ;
#1399 =( GEOMETRIC_REPRESENTATION_CONTEXT ( 3 ) GLOBAL_UNCERTAINTY_ASSIGNED_CONTEXT ( ( #470 ) ) GLOBAL_UNIT_ASSIGNED_CONTEXT ( ( #1656, #1678, #342 ) ) REPRESENTATION_CONTEXT ( 'NONE', 'WORKASPACE' ) );
#1400 = ORIENTED_EDGE ( 'NONE', *, *, #1487, .F. ) ;
#1401 = LINE ( 'NONE', #964, #80 ) ;
#1402 = ADVANCED_FACE ( 'NONE', ( #934 ), #273, .T. ) ;
#1403 = EDGE_CURVE ( 'NONE', #341, #882, #1492, .T. ) ;
#1404 = AXIS2_PLACEMENT_3D ( 'NONE', #1113, #34, #446 ) ;
#1405 = DIRECTION ( 'NONE',  ( 0.000000000000000000, 0.000000000000000000, 1.000000000000000000 ) ) ;
#1406 = ORIENTED_EDGE ( 'NONE', *, *, #1224, .F. ) ;
#1407 = PLANE ( 'NONE',  #380 ) ;
#1408 = VECTOR ( 'NONE', #10, 1000.000000000000000 ) ;
#1409 = CARTESIAN_POINT ( 'NONE',  ( 16.90000000000000568, -3.000000000000000000, 52.50000000000000000 ) ) ;
#1410 = DIRECTION ( 'NONE',  ( 1.000000000000000000, 0.000000000000000000, -0.000000000000000000 ) ) ;
#1411 = UNCERTAINTY_MEASURE_WITH_UNIT (LENGTH_MEASURE( 1.000000000000000082E-05 ), #357, 'distance_accuracy_value', 'NONE');
#1412 = VECTOR ( 'NONE', #354, 1000.000000000000000 ) ;
#1413 = VERTEX_POINT ( 'NONE', #1335 ) ;
#1414 = PLANE ( 'NONE',  #397 ) ;
#1415 = FILL_AREA_STYLE_COLOUR ( '', #1726 ) ;
#1416 = EDGE_CURVE ( 'NONE', #578, #1360, #237, .T. ) ;
#1417 = VERTEX_POINT ( 'NONE', #1621 ) ;
#1418 = CARTESIAN_POINT ( 'NONE',  ( 44.17499999999999005, 85.00000000000000000, 55.50000000000000000 ) ) ;
#1419 = PLANE ( 'NONE',  #705 ) ;
#1420 = DIRECTION ( 'NONE',  ( 0.000000000000000000, 0.000000000000000000, -1.000000000000000000 ) ) ;
#1421 = DIRECTION ( 'NONE',  ( 0.000000000000000000, 1.000000000000000000, 0.000000000000000000 ) ) ;
#1422 = ORIENTED_EDGE ( 'NONE', *, *, #715, .F. ) ;
#1423 = PRESENTATION_STYLE_ASSIGNMENT (( #909 ) ) ;
#1424 = ORIENTED_EDGE ( 'NONE', *, *, #1522, .F. ) ;
#1425 = DIRECTION ( 'NONE',  ( -0.000000000000000000, -0.000000000000000000, -1.000000000000000000 ) ) ;
#1426 = DIRECTION ( 'NONE',  ( -1.000000000000000000, 0.000000000000000000, 0.000000000000000000 ) ) ;
#1427 = EDGE_CURVE ( 'NONE', #893, #574, #1357, .T. ) ;
#1428 = CARTESIAN_POINT ( 'NONE',  ( 52.67499999999999005, 23.60000000000000142, 35.49999999999999289 ) ) ;
#1429 = CARTESIAN_POINT ( 'NONE',  ( 35.05000000000000426, 18.00000000000000000, 50.49999999999997868 ) ) ;
#1430 = ORIENTED_EDGE ( 'NONE', *, *, #956, .F. ) ;
#1431 = VECTOR ( 'NONE', #703, 1000.000000000000000 ) ;
#1432 = AXIS2_PLACEMENT_3D ( 'NONE', #1199, #686, #3 ) ;
#1433 = VERTEX_POINT ( 'NONE', #128 ) ;
#1434 = LINE ( 'NONE', #1041, #161 ) ;
#1435 = STYLED_ITEM ( 'NONE', ( #207 ), #838 ) ;
#1436 = VECTOR ( 'NONE', #129, 1000.000000000000000 ) ;
#1437 = VECTOR ( 'NONE', #512, 1000.000000000000000 ) ;
#1438 = EDGE_CURVE ( 'NONE', #391, #33, #1640, .T. ) ;
#1439 = PRESENTATION_LAYER_ASSIGNMENT (  '', '', ( #141 ) ) ;
#1440 = EDGE_CURVE ( 'NONE', #1550, #1413, #1074, .T. ) ;
#1441 = VERTEX_POINT ( 'NONE', #1341 ) ;
#1442 = PLANE ( 'NONE',  #268 ) ;
#1443 = ORIENTED_EDGE ( 'NONE', *, *, #804, .F. ) ;
#1444 = LINE ( 'NONE', #1318, #782 ) ;
#1445 = CARTESIAN_POINT ( 'NONE',  ( 0.000000000000000000, 79.70000000000000284, 43.50000000000000000 ) ) ;
#1446 = CARTESIAN_POINT ( 'NONE',  ( 35.05000000000000426, 18.00000000000000000, 52.50000000000000000 ) ) ;
#1447 = VERTEX_POINT ( 'NONE', #151 ) ;
#1448 = EDGE_CURVE ( 'NONE', #1611, #844, #680, .T. ) ;
#1449 = CARTESIAN_POINT ( 'NONE',  ( 38.10000000000000853, -3.000000000000000000, 0.000000000000000000 ) ) ;
#1450 = ORIENTED_EDGE ( 'NONE', *, *, #479, .T. ) ;
#1451 = LINE ( 'NONE', #630, #486 ) ;
#1452 = ORIENTED_EDGE ( 'NONE', *, *, #1533, .F. ) ;
#1453 = CARTESIAN_POINT ( 'NONE',  ( 20.05000000000001492, 18.00000000000000000, 4.487897508817420855E-15 ) ) ;
#1454 = MECHANICAL_DESIGN_GEOMETRIC_PRESENTATION_REPRESENTATION (  '', ( #256 ), #77 ) ;
#1455 = DIRECTION ( 'NONE',  ( -0.000000000000000000, 1.000000000000000000, -0.000000000000000000 ) ) ;
#1456 = PLANE ( 'NONE',  #1697 ) ;
#1457 = VECTOR ( 'NONE', #1620, 1000.000000000000000 ) ;
#1458 = LINE ( 'NONE', #1429, #1142 ) ;
#1459 = CIRCLE ( 'NONE', #349, 1.500000000000001332 ) ;
#1460 = FACE_BOUND ( 'NONE', #1471, .T. ) ;
#1461 = VECTOR ( 'NONE', #1480, 1000.000000000000000 ) ;
#1462 = AXIS2_PLACEMENT_3D ( 'NONE', #961, #1203, #274 ) ;
#1463 = ORIENTED_EDGE ( 'NONE', *, *, #294, .T. ) ;
#1464 = AXIS2_PLACEMENT_3D ( 'NONE', #347, #731, #218 ) ;
#1465 = DIRECTION ( 'NONE',  ( -1.000000000000000000, 0.000000000000000000, 0.000000000000000000 ) ) ;
#1466 = ORIENTED_EDGE ( 'NONE', *, *, #945, .F. ) ;
#1467 = PLANE ( 'NONE',  #1432 ) ;
#1468 = ADVANCED_FACE ( 'NONE', ( #694 ), #1200, .T. ) ;
#1469 =( NAMED_UNIT ( * ) PLANE_ANGLE_UNIT ( ) SI_UNIT ( $, .RADIAN. ) );
#1470 = CARTESIAN_POINT ( 'NONE',  ( 1.900000000000012124, 85.00000000000000000, 2.392239632193839991E-16 ) ) ;
#1471 = EDGE_LOOP ( 'NONE', ( #503, #1103 ) ) ;
#1472 = VERTEX_POINT ( 'NONE', #145 ) ;
#1473 = CARTESIAN_POINT ( 'NONE',  ( 51.17499999999999716, 81.60000000000000853, 50.49999999999999289 ) ) ;
#1474 = PRESENTATION_STYLE_ASSIGNMENT (( #424 ) ) ;
#1475 = EDGE_CURVE ( 'NONE', #811, #316, #688, .T. ) ;
#1476 = ORIENTED_EDGE ( 'NONE', *, *, #312, .T. ) ;
#1477 = CARTESIAN_POINT ( 'NONE',  ( 0.000000000000000000, 85.00000000000000000, 50.49999999999997868 ) ) ;
#1478 = ORIENTED_EDGE ( 'NONE', *, *, #1244, .T. ) ;
#1479 =( NAMED_UNIT ( * ) SI_UNIT ( $, .STERADIAN. ) SOLID_ANGLE_UNIT ( ) );
#1480 = DIRECTION ( 'NONE',  ( -0.000000000000000000, 1.000000000000000000, -0.000000000000000000 ) ) ;
#1481 = CARTESIAN_POINT ( 'NONE',  ( 20.05000000000000426, 18.00000000000000000, 52.50000000000000000 ) ) ;
#1482 = AXIS2_PLACEMENT_3D ( 'NONE', #760, #355, #1410 ) ;
#1483 = LINE ( 'NONE', #1090, #116 ) ;
#1484 = VECTOR ( 'NONE', #1685, 1000.000000000000000 ) ;
#1485 = CIRCLE ( 'NONE', #1085, 1.500000000000001332 ) ;
#1486 = ORIENTED_EDGE ( 'NONE', *, *, #1427, .T. ) ;
#1487 = EDGE_CURVE ( 'NONE', #1083, #854, #556, .T. ) ;
#1488 = CIRCLE ( 'NONE', #1148, 1.500000000000001332 ) ;
#1489 = ORIENTED_EDGE ( 'NONE', *, *, #1448, .F. ) ;
#1490 = CARTESIAN_POINT ( 'NONE',  ( 0.000000000000000000, 0.000000000000000000, 35.49999999999999289 ) ) ;
#1491 = VECTOR ( 'NONE', #766, 1000.000000000000000 ) ;
#1492 = LINE ( 'NONE', #1080, #139 ) ;
#1493 = CARTESIAN_POINT ( 'NONE',  ( 16.90000000000001634, 18.00000000000000000, 3.782816354065556461E-15 ) ) ;
#1494 = DIRECTION ( 'NONE',  ( 0.000000000000000000, 1.000000000000000000, 0.000000000000000000 ) ) ;
#1495 = EDGE_LOOP ( 'NONE', ( #126, #2, #974, #993 ) ) ;
#1496 = DIRECTION ( 'NONE',  ( 0.000000000000000000, -0.000000000000000000, -1.000000000000000000 ) ) ;
#1497 = ADVANCED_FACE ( 'NONE', ( #918 ), #1456, .F. ) ;
#1498 = LINE ( 'NONE', #1384, #53 ) ;
#1499 = CARTESIAN_POINT ( 'NONE',  ( 16.90000000000000924, -3.000000000000000000, 37.00000000000000000 ) ) ;
#1500 = CARTESIAN_POINT ( 'NONE',  ( -0.4999999999999922284, 79.70000000000000284, 37.00000000000000000 ) ) ;
#1501 = CARTESIAN_POINT ( 'NONE',  ( 35.05000000000000426, 18.00000000000000000, 37.00000000000000000 ) ) ;
#1502 = ORIENTED_EDGE ( 'NONE', *, *, #1403, .F. ) ;
#1503 = DIRECTION ( 'NONE',  ( -1.000000000000000000, 0.000000000000000000, -0.000000000000000000 ) ) ;
#1504 = FILL_AREA_STYLE_COLOUR ( '', #267 ) ;
#1505 = EDGE_CURVE ( 'NONE', #1315, #1206, #23, .T. ) ;
#1506 = ORIENTED_EDGE ( 'NONE', *, *, #1043, .T. ) ;
#1507 = ADVANCED_FACE ( 'NONE', ( #995 ), #1392, .F. ) ;
#1508 = CARTESIAN_POINT ( 'NONE',  ( 0.000000000000000000, 15.33409334685713254, 50.49999999999997868 ) ) ;
#1509 = LINE ( 'NONE', #163, #847 ) ;
#1510 = MECHANICAL_DESIGN_GEOMETRIC_PRESENTATION_REPRESENTATION (  '', ( #1202 ), #1741 ) ;
#1511 = VECTOR ( 'NONE', #562, 1000.000000000000000 ) ;
#1512 = DIRECTION ( 'NONE',  ( -1.000000000000000000, 0.000000000000000000, 0.000000000000000000 ) ) ;
#1513 = PLANE ( 'NONE',  #588 ) ;
#1514 =( GEOMETRIC_REPRESENTATION_CONTEXT ( 3 ) GLOBAL_UNCERTAINTY_ASSIGNED_CONTEXT ( ( #861 ) ) GLOBAL_UNIT_ASSIGNED_CONTEXT ( ( #605, #1555, #983 ) ) REPRESENTATION_CONTEXT ( 'NONE', 'WORKASPACE' ) );
#1515 = ORIENTED_EDGE ( 'NONE', *, *, #132, .F. ) ;
#1516 = LINE ( 'NONE', #1104, #976 ) ;
#1517 = PRESENTATION_LAYER_ASSIGNMENT (  '', '', ( #1268 ) ) ;
#1518 = ORIENTED_EDGE ( 'NONE', *, *, #648, .T. ) ;
#1519 = DIRECTION ( 'NONE',  ( -1.000000000000000000, 0.000000000000000000, 0.000000000000000000 ) ) ;
#1520 =( GEOMETRIC_REPRESENTATION_CONTEXT ( 3 ) GLOBAL_UNCERTAINTY_ASSIGNED_CONTEXT ( ( #197 ) ) GLOBAL_UNIT_ASSIGNED_CONTEXT ( ( #1283, #752, #1021 ) ) REPRESENTATION_CONTEXT ( 'NONE', 'WORKASPACE' ) );
#1521 = FACE_OUTER_BOUND ( 'NONE', #1569, .T. ) ;
#1522 = EDGE_CURVE ( 'NONE', #257, #559, #1488, .T. ) ;
#1523 = AXIS2_PLACEMENT_3D ( 'NONE', #192, #485, #1553 ) ;
#1524 = CARTESIAN_POINT ( 'NONE',  ( 16.90000000000000568, 15.33409334685713254, 50.49999999999997868 ) ) ;
#1525 = VERTEX_POINT ( 'NONE', #1654 ) ;
#1526 = FACE_OUTER_BOUND ( 'NONE', #1559, .T. ) ;
#1527 = CARTESIAN_POINT ( 'NONE',  ( 0.000000000000000000, 15.33409334685713254, -52.60279599323013144 ) ) ;
#1528 = ORIENTED_EDGE ( 'NONE', *, *, #1580, .T. ) ;
#1529 = PLANE ( 'NONE',  #136 ) ;
#1530 = DIRECTION ( 'NONE',  ( -0.000000000000000000, -0.000000000000000000, -1.000000000000000000 ) ) ;
#1531 = ADVANCED_FACE ( 'NONE', ( #191 ), #834, .F. ) ;
#1532 = FACE_OUTER_BOUND ( 'NONE', #908, .T. ) ;
#1533 = EDGE_CURVE ( 'NONE', #437, #1062, #448, .T. ) ;
#1534 = DIRECTION ( 'NONE',  ( -0.000000000000000000, 0.000000000000000000, 1.000000000000000000 ) ) ;
#1535 = ORIENTED_EDGE ( 'NONE', *, *, #114, .T. ) ;
#1536 = DIRECTION ( 'NONE',  ( 9.251858538542971828E-16, 0.000000000000000000, -1.000000000000000000 ) ) ;
#1537 = DIRECTION ( 'NONE',  ( -0.000000000000000000, -0.000000000000000000, -1.000000000000000000 ) ) ;
#1538 = SURFACE_STYLE_USAGE ( .BOTH. , #465 ) ;
#1539 = CARTESIAN_POINT ( 'NONE',  ( 0.000000000000000000, 85.00000000000000000, 55.50000000000000000 ) ) ;
#1540 = DIRECTION ( 'NONE',  ( 1.000000000000000000, 0.000000000000000000, 0.000000000000000000 ) ) ;
#1541 = CARTESIAN_POINT ( 'NONE',  ( 0.000000000000000000, 0.000000000000000000, 50.49999999999997868 ) ) ;
#1542 = COLOUR_RGB ( '',0.7529411764705882248, 0.7529411764705882248, 0.7529411764705882248 ) ;
#1543 = ADVANCED_FACE ( 'NONE', ( #181 ), #609, .F. ) ;
#1544 = AXIS2_PLACEMENT_3D ( 'NONE', #773, #654, #1311 ) ;
#1545 = ORIENTED_EDGE ( 'NONE', *, *, #1389, .T. ) ;
#1546 = LINE ( 'NONE', #330, #49 ) ;
#1547 = CIRCLE ( 'NONE', #1370, 1.500000000000001332 ) ;
#1548 = EDGE_CURVE ( 'NONE', #1713, #1684, #826, .T. ) ;
#1549 = LINE ( 'NONE', #771, #982 ) ;
#1550 = VERTEX_POINT ( 'NONE', #463 ) ;
#1551 = CARTESIAN_POINT ( 'NONE',  ( 54.17500000000000426, 81.60000000000000853, 55.50000000000000000 ) ) ;
#1552 = VECTOR ( 'NONE', #949, 1000.000000000000000 ) ;
#1553 = DIRECTION ( 'NONE',  ( 1.000000000000000000, 0.000000000000000000, 0.000000000000000000 ) ) ;
#1554 = VECTOR ( 'NONE', #841, 1000.000000000000000 ) ;
#1555 =( NAMED_UNIT ( * ) PLANE_ANGLE_UNIT ( ) SI_UNIT ( $, .RADIAN. ) );
#1556 = LINE ( 'NONE', #70, #514 ) ;
#1557 = UNCERTAINTY_MEASURE_WITH_UNIT (LENGTH_MEASURE( 1.000000000000000082E-05 ), #547, 'distance_accuracy_value', 'NONE');
#1558 = VECTOR ( 'NONE', #1119, 1000.000000000000000 ) ;
#1559 = EDGE_LOOP ( 'NONE', ( #1004, #1574, #1028, #1733 ) ) ;
#1560 = CARTESIAN_POINT ( 'NONE',  ( 5.175000000000013145, 23.60000000000000142, 35.49999999999999289 ) ) ;
#1561 = FILL_AREA_STYLE_COLOUR ( '', #839 ) ;
#1562 = ORIENTED_EDGE ( 'NONE', *, *, #449, .F. ) ;
#1563 = DIRECTION ( 'NONE',  ( -1.000000000000000000, 0.000000000000000000, 0.000000000000000000 ) ) ;
#1564 = FACE_OUTER_BOUND ( 'NONE', #763, .T. ) ;
#1565 = DIRECTION ( 'NONE',  ( 0.000000000000000000, 0.000000000000000000, 1.000000000000000000 ) ) ;
#1566 = LINE ( 'NONE', #1701, #447 ) ;
#1567 = ORIENTED_EDGE ( 'NONE', *, *, #494, .T. ) ;
#1568 = CARTESIAN_POINT ( 'NONE',  ( -0.4999999999999922284, 27.20000000000000995, 37.00000000000000711 ) ) ;
#1569 = EDGE_LOOP ( 'NONE', ( #538, #1040, #412, #857 ) ) ;
#1570 = CARTESIAN_POINT ( 'NONE',  ( 35.05000000000000426, 15.33409334685713254, 0.000000000000000000 ) ) ;
#1571 = CARTESIAN_POINT ( 'NONE',  ( 0.000000000000000000, -3.000000000000000000, 0.000000000000000000 ) ) ;
#1572 = EDGE_CURVE ( 'NONE', #1720, #1684, #737, .T. ) ;
#1573 = FILL_AREA_STYLE_COLOUR ( '', #235 ) ;
#1574 = ORIENTED_EDGE ( 'NONE', *, *, #591, .T. ) ;
#1575 = VECTOR ( 'NONE', #997, 1000.000000000000000 ) ;
#1576 = SURFACE_SIDE_STYLE ('',( #628 ) ) ;
#1577 = ORIENTED_EDGE ( 'NONE', *, *, #1657, .T. ) ;
#1578 = LINE ( 'NONE', #360, #1143 ) ;
#1579 = DIRECTION ( 'NONE',  ( 0.000000000000000000, 0.000000000000000000, -1.000000000000000000 ) ) ;
#1580 = EDGE_CURVE ( 'NONE', #574, #1310, #1374, .T. ) ;
#1581 = AXIS2_PLACEMENT_3D ( 'NONE', #331, #1537, #1125 ) ;
#1582 = FILL_AREA_STYLE ('',( #1287 ) ) ;
#1583 = VECTOR ( 'NONE', #643, 1000.000000000000000 ) ;
#1584 = ORIENTED_EDGE ( 'NONE', *, *, #726, .F. ) ;
#1585 = VECTOR ( 'NONE', #68, 1000.000000000000000 ) ;
#1586 = LINE ( 'NONE', #1155, #1491 ) ;
#1587 = EDGE_LOOP ( 'NONE', ( #817, #1340, #231, #149 ) ) ;
#1588 = DIRECTION ( 'NONE',  ( 0.000000000000000000, 0.000000000000000000, 1.000000000000000000 ) ) ;
#1589 = DIRECTION ( 'NONE',  ( 2.238352872228138170E-16, 0.000000000000000000, -1.000000000000000000 ) ) ;
#1590 = DIRECTION ( 'NONE',  ( -1.000000000000000000, 0.000000000000000000, 0.000000000000000000 ) ) ;
#1591 = EDGE_CURVE ( 'NONE', #350, #753, #1498, .T. ) ;
#1592 = ADVANCED_FACE ( 'NONE', ( #54 ), #718, .T. ) ;
#1593 = ORIENTED_EDGE ( 'NONE', *, *, #57, .F. ) ;
#1594 = CARTESIAN_POINT ( 'NONE',  ( 0.000000000000000000, -3.000000000000000000, 37.00000000000000000 ) ) ;
#1595 = ORIENTED_EDGE ( 'NONE', *, *, #1416, .T. ) ;
#1596 = DIRECTION ( 'NONE',  ( -0.000000000000000000, -1.000000000000000000, -0.000000000000000000 ) ) ;
#1597 = CARTESIAN_POINT ( 'NONE',  ( 54.00000000000000711, 85.00000000000000000, 37.00000000000000000 ) ) ;
#1598 = FACE_OUTER_BOUND ( 'NONE', #1495, .T. ) ;
#1599 = FILL_AREA_STYLE ('',( #1573 ) ) ;
#1600 = VERTEX_POINT ( 'NONE', #1719 ) ;
#1601 = EDGE_CURVE ( 'NONE', #1664, #437, #1683, .T. ) ;
#1602 = FACE_OUTER_BOUND ( 'NONE', #745, .T. ) ;
#1603 = ORIENTED_EDGE ( 'NONE', *, *, #789, .T. ) ;
#1604 =( NAMED_UNIT ( * ) SI_UNIT ( $, .STERADIAN. ) SOLID_ANGLE_UNIT ( ) );
#1605 = VECTOR ( 'NONE', #1047, 1000.000000000000000 ) ;
#1606 = CARTESIAN_POINT ( 'NONE',  ( 0.000000000000000000, 15.33409334685713254, 36.99999999999999289 ) ) ;
#1607 = VECTOR ( 'NONE', #970, 1000.000000000000000 ) ;
#1608 = DIRECTION ( 'NONE',  ( -0.000000000000000000, 0.000000000000000000, 1.000000000000000000 ) ) ;
#1609 = CARTESIAN_POINT ( 'NONE',  ( 56.35000000000000142, 85.00000000000000000, 35.49999999999999289 ) ) ;
#1610 = VECTOR ( 'NONE', #281, 1000.000000000000000 ) ;
#1611 = VERTEX_POINT ( 'NONE', #243 ) ;
#1612 = COLOUR_RGB ( '',0.5999999999999999778, 1.000000000000000000, 0.4666666666666666741 ) ;
#1613 = DIRECTION ( 'NONE',  ( 0.000000000000000000, 0.000000000000000000, -1.000000000000000000 ) ) ;
#1614 = EDGE_LOOP ( 'NONE', ( #508, #90, #117, #1086 ) ) ;
#1615 = ADVANCED_FACE ( 'NONE', ( #1694 ), #233, .T. ) ;
#1616 = FILL_AREA_STYLE_COLOUR ( '', #1542 ) ;
#1617 = FACE_OUTER_BOUND ( 'NONE', #916, .T. ) ;
#1618 = ORIENTED_EDGE ( 'NONE', *, *, #805, .F. ) ;
#1619 = ORIENTED_EDGE ( 'NONE', *, *, #1207, .F. ) ;
#1620 = DIRECTION ( 'NONE',  ( 1.000000000000000000, -0.000000000000000000, 1.259073490628328676E-16 ) ) ;
#1621 = CARTESIAN_POINT ( 'NONE',  ( 20.05000000000000782, 15.33409334685713254, 37.00000000000000000 ) ) ;
#1622 = CARTESIAN_POINT ( 'NONE',  ( -4.857225732735058602E-14, 85.00000000000000000, 52.49999999999998579 ) ) ;
#1623 = EDGE_CURVE ( 'NONE', #925, #1068, #1586, .T. ) ;
#1624 = ADVANCED_FACE ( 'NONE', ( #884 ), #1442, .T. ) ;
#1625 = CARTESIAN_POINT ( 'NONE',  ( 16.90000000000000568, 18.00000000000000000, 50.49999999999997868 ) ) ;
#1626 = ORIENTED_EDGE ( 'NONE', *, *, #1242, .F. ) ;
#1627 = UNCERTAINTY_MEASURE_WITH_UNIT (LENGTH_MEASURE( 1.000000000000000082E-05 ), #265, 'distance_accuracy_value', 'NONE');
#1628 = ORIENTED_EDGE ( 'NONE', *, *, #187, .T. ) ;
#1629 = SURFACE_SIDE_STYLE ('',( #303 ) ) ;
#1630 = CARTESIAN_POINT ( 'NONE',  ( 0.000000000000000000, -3.000000000000000000, 52.50000000000000000 ) ) ;
#1631 = CARTESIAN_POINT ( 'NONE',  ( 44.17500000000000426, 18.00000000000000000, 50.49999999999999289 ) ) ;
#1632 = SURFACE_STYLE_USAGE ( .BOTH. , #829 ) ;
#1633 = MECHANICAL_DESIGN_GEOMETRIC_PRESENTATION_REPRESENTATION (  '', ( #973 ), #867 ) ;
#1634 = AXIS2_PLACEMENT_3D ( 'NONE', #501, #1590, #1565 ) ;
#1635 = EDGE_CURVE ( 'NONE', #1447, #391, #1549, .T. ) ;
#1636 = AXIS2_PLACEMENT_3D ( 'NONE', #1667, #1676, #987 ) ;
#1637 = COLOUR_RGB ( '',0.7529411764705882248, 0.7529411764705882248, 0.7529411764705882248 ) ;
#1638 = ORIENTED_EDGE ( 'NONE', *, *, #130, .T. ) ;
#1639 = FILL_AREA_STYLE_COLOUR ( '', #1321 ) ;
#1640 = LINE ( 'NONE', #670, #1461 ) ;
#1641 = LINE ( 'NONE', #433, #104 ) ;
#1642 = DIRECTION ( 'NONE',  ( 1.000000000000000000, 0.000000000000000000, 0.000000000000000000 ) ) ;
#1643 = ORIENTED_EDGE ( 'NONE', *, *, #1438, .T. ) ;
#1644 = EDGE_CURVE ( 'NONE', #652, #461, #777, .T. ) ;
#1645 = ORIENTED_EDGE ( 'NONE', *, *, #249, .T. ) ;
#1646 = DIRECTION ( 'NONE',  ( -0.000000000000000000, -1.000000000000000000, -0.000000000000000000 ) ) ;
#1647 =( LENGTH_UNIT ( ) NAMED_UNIT ( * ) SI_UNIT ( .MILLI., .METRE. ) );
#1648 = DIRECTION ( 'NONE',  ( -2.238352872228138170E-16, 0.000000000000000000, 1.000000000000000000 ) ) ;
#1649 = PLANE ( 'NONE',  #702 ) ;
#1650 = CARTESIAN_POINT ( 'NONE',  ( 0.000000000000000000, 15.33409334685713254, 50.49999999999997868 ) ) ;
#1651 =( LENGTH_UNIT ( ) NAMED_UNIT ( * ) SI_UNIT ( .MILLI., .METRE. ) );
#1652 = ORIENTED_EDGE ( 'NONE', *, *, #1723, .F. ) ;
#1653 = LINE ( 'NONE', #1254, #730 ) ;
#1654 = CARTESIAN_POINT ( 'NONE',  ( 0.000000000000000000, -0.000000000000000000, 37.00000000000000000 ) ) ;
#1655 = ORIENTED_EDGE ( 'NONE', *, *, #1252, .F. ) ;
#1656 =( LENGTH_UNIT ( ) NAMED_UNIT ( * ) SI_UNIT ( .MILLI., .METRE. ) );
#1657 = EDGE_CURVE ( 'NONE', #570, #474, #106, .T. ) ;
#1658 = LINE ( 'NONE', #729, #1558 ) ;
#1659 = VECTOR ( 'NONE', #1729, 1000.000000000000000 ) ;
#1660 = FILL_AREA_STYLE ('',( #442 ) ) ;
#1661 = CARTESIAN_POINT ( 'NONE',  ( 2.175000000000010481, 23.60000000000000142, 55.50000000000000000 ) ) ;
#1662 = UNCERTAINTY_MEASURE_WITH_UNIT (LENGTH_MEASURE( 1.000000000000000082E-05 ), #793, 'distance_accuracy_value', 'NONE');
#1663 = CIRCLE ( 'NONE', #1114, 1.500000000000001332 ) ;
#1664 = VERTEX_POINT ( 'NONE', #1316 ) ;
#1665 = CARTESIAN_POINT ( 'NONE',  ( 2.175000000000010481, 23.60000000000000142, 52.49999999999999289 ) ) ;
#1666 = CIRCLE ( 'NONE', #873, 1.500000000000001332 ) ;
#1667 = CARTESIAN_POINT ( 'NONE',  ( 52.67499999999999716, 81.60000000000000853, 55.50000000000000000 ) ) ;
#1668 = ORIENTED_EDGE ( 'NONE', *, *, #762, .T. ) ;
#1669 = ADVANCED_FACE ( 'NONE', ( #1602, #660 ), #1380, .F. ) ;
#1670 = EDGE_CURVE ( 'NONE', #1046, #978, #398, .T. ) ;
#1671 = CARTESIAN_POINT ( 'NONE',  ( 20.05000000000000426, -3.000000000000000000, 52.50000000000000000 ) ) ;
#1672 = CARTESIAN_POINT ( 'NONE',  ( 0.000000000000000000, -0.000000000000000000, 37.00000000000000000 ) ) ;
#1673 = VECTOR ( 'NONE', #1007, 1000.000000000000000 ) ;
#1674 = ORIENTED_EDGE ( 'NONE', *, *, #479, .F. ) ;
#1675 = LINE ( 'NONE', #210, #1293 ) ;
#1676 = DIRECTION ( 'NONE',  ( -0.000000000000000000, -0.000000000000000000, -1.000000000000000000 ) ) ;
#1677 = ORIENTED_EDGE ( 'NONE', *, *, #388, .F. ) ;
#1678 =( NAMED_UNIT ( * ) PLANE_ANGLE_UNIT ( ) SI_UNIT ( $, .RADIAN. ) );
#1679 = LINE ( 'NONE', #206, #1673 ) ;
#1680 = CARTESIAN_POINT ( 'NONE',  ( 35.05000000000000426, -3.000000000000000000, 52.50000000000000000 ) ) ;
#1681 = FACE_OUTER_BOUND ( 'NONE', #932, .T. ) ;
#1682 = EDGE_LOOP ( 'NONE', ( #954, #1349, #668, #1382 ) ) ;
#1683 = LINE ( 'NONE', #1016, #317 ) ;
#1684 = VERTEX_POINT ( 'NONE', #1650 ) ;
#1685 = DIRECTION ( 'NONE',  ( -0.000000000000000000, -0.000000000000000000, -1.000000000000000000 ) ) ;
#1686 = DIRECTION ( 'NONE',  ( -1.000000000000000000, 0.000000000000000000, -0.000000000000000000 ) ) ;
#1687 = VECTOR ( 'NONE', #714, 1000.000000000000000 ) ;
#1688 = DIRECTION ( 'NONE',  ( -0.000000000000000000, -1.000000000000000000, -0.000000000000000000 ) ) ;
#1689 = VECTOR ( 'NONE', #1173, 1000.000000000000000 ) ;
#1690 = EDGE_CURVE ( 'NONE', #616, #319, #495, .T. ) ;
#1691 = ORIENTED_EDGE ( 'NONE', *, *, #379, .T. ) ;
#1692 = LINE ( 'NONE', #1153, #1146 ) ;
#1693 = VECTOR ( 'NONE', #513, 1000.000000000000000 ) ;
#1694 = FACE_OUTER_BOUND ( 'NONE', #1235, .T. ) ;
#1695 = ORIENTED_EDGE ( 'NONE', *, *, #1716, .F. ) ;
#1696 = DIRECTION ( 'NONE',  ( -0.000000000000000000, -1.000000000000000000, -0.000000000000000000 ) ) ;
#1697 = AXIS2_PLACEMENT_3D ( 'NONE', #340, #856, #1405 ) ;
#1698 = LINE ( 'NONE', #774, #1067 ) ;
#1699 = AXIS2_PLACEMENT_3D ( 'NONE', #532, #1241, #1740 ) ;
#1700 = FACE_OUTER_BOUND ( 'NONE', #407, .T. ) ;
#1701 = CARTESIAN_POINT ( 'NONE',  ( 51.17499999999999716, 81.60000000000000853, 55.50000000000000000 ) ) ;
#1702 = ORIENTED_EDGE ( 'NONE', *, *, #59, .T. ) ;
#1703 = PRESENTATION_STYLE_ASSIGNMENT (( #636 ) ) ;
#1704 = EDGE_CURVE ( 'NONE', #996, #437, #1187, .T. ) ;
#1705 = EDGE_CURVE ( 'NONE', #719, #661, #1089, .T. ) ;
#1706 = DIRECTION ( 'NONE',  ( -1.000000000000000000, 0.000000000000000000, 1.875376730785737966E-16 ) ) ;
#1707 = ORIENTED_EDGE ( 'NONE', *, *, #1106, .T. ) ;
#1708 = CARTESIAN_POINT ( 'NONE',  ( 56.35000000000000142, 15.33409334685713254, 36.99999999999999289 ) ) ;
#1709 = EDGE_CURVE ( 'NONE', #661, #719, #402, .T. ) ;
#1710 = PLANE ( 'NONE',  #1462 ) ;
#1711 = VERTEX_POINT ( 'NONE', #315 ) ;
#1712 = EDGE_CURVE ( 'NONE', #474, #391, #283, .T. ) ;
#1713 = VERTEX_POINT ( 'NONE', #1477 ) ;
#1714 = CARTESIAN_POINT ( 'NONE',  ( -0.4999999999999922284, 79.70000000000000284, 37.00000000000000000 ) ) ;
#1715 = CARTESIAN_POINT ( 'NONE',  ( 52.67499999999999005, 23.60000000000000142, 55.50000000000000000 ) ) ;
#1716 = EDGE_CURVE ( 'NONE', #574, #1017, #443, .T. ) ;
#1717 = ORIENTED_EDGE ( 'NONE', *, *, #1075, .T. ) ;
#1718 = AXIS2_PLACEMENT_3D ( 'NONE', #483, #497, #746 ) ;
#1719 = CARTESIAN_POINT ( 'NONE',  ( 56.35000000000000142, 15.33409334685713254, 50.49999999999997868 ) ) ;
#1720 = VERTEX_POINT ( 'NONE', #270 ) ;
#1721 = LINE ( 'NONE', #385, #675 ) ;
#1722 = CIRCLE ( 'NONE', #757, 1.500000000000001332 ) ;
#1723 = EDGE_CURVE ( 'NONE', #248, #629, #1368, .T. ) ;
#1724 = CIRCLE ( 'NONE', #597, 1.500000000000001332 ) ;
#1725 = CARTESIAN_POINT ( 'NONE',  ( 0.000000000000000000, -0.000000000000000000, 37.00000000000000000 ) ) ;
#1726 = COLOUR_RGB ( '',0.7529411764705882248, 0.7529411764705882248, 0.7529411764705882248 ) ;
#1727 = ORIENTED_EDGE ( 'NONE', *, *, #1194, .F. ) ;
#1728 = VERTEX_POINT ( 'NONE', #971 ) ;
#1729 = DIRECTION ( 'NONE',  ( -0.000000000000000000, -0.000000000000000000, -1.000000000000000000 ) ) ;
#1730 = CARTESIAN_POINT ( 'NONE',  ( 20.05000000000000782, -3.000000000000000000, 37.00000000000000000 ) ) ;
#1731 = DIRECTION ( 'NONE',  ( 1.000000000000000000, -0.000000000000000000, 1.259073490628328676E-16 ) ) ;
#1732 = CARTESIAN_POINT ( 'NONE',  ( -4.857225732735058602E-14, 18.00000000000000000, 52.49999999999998579 ) ) ;
#1733 = ORIENTED_EDGE ( 'NONE', *, *, #1168, .F. ) ;
#1734 = DIRECTION ( 'NONE',  ( -0.000000000000000000, -1.000000000000000000, -0.000000000000000000 ) ) ;
#1735 = ORIENTED_EDGE ( 'NONE', *, *, #1174, .F. ) ;
#1736 = DIRECTION ( 'NONE',  ( -0.000000000000000000, -1.000000000000000000, -0.000000000000000000 ) ) ;
#1737 = FILL_AREA_STYLE_COLOUR ( '', #764 ) ;
#1738 = PLANE ( 'NONE',  #1482 ) ;
#1739 = ORIENTED_EDGE ( 'NONE', *, *, #429, .T. ) ;
#1740 = DIRECTION ( 'NONE',  ( -1.000000000000000000, 0.000000000000000000, 0.000000000000000000 ) ) ;
#1741 =( GEOMETRIC_REPRESENTATION_CONTEXT ( 3 ) GLOBAL_UNCERTAINTY_ASSIGNED_CONTEXT ( ( #307 ) ) GLOBAL_UNIT_ASSIGNED_CONTEXT ( ( #1217, #1212, #1342 ) ) REPRESENTATION_CONTEXT ( 'NONE', 'WORKASPACE' ) );
#1742 = ORIENTED_EDGE ( 'NONE', *, *, #748, .F. ) ;
#1743 =( GEOMETRIC_REPRESENTATION_CONTEXT ( 3 ) GLOBAL_UNCERTAINTY_ASSIGNED_CONTEXT ( ( #32 ) ) GLOBAL_UNIT_ASSIGNED_CONTEXT ( ( #1232, #431, #1479 ) ) REPRESENTATION_CONTEXT ( 'NONE', 'WORKASPACE' ) );
#1744 = CARTESIAN_POINT ( 'NONE',  ( 0.000000000000000000, 15.33409334685713254, -52.60279599323013144 ) ) ;
#1745 = VECTOR ( 'NONE', #595, 1000.000000000000000 ) ;
#1746 = PLANE ( 'NONE',  #1179 ) ;
#1747 = VECTOR ( 'NONE', #634, 1000.000000000000000 ) ;
#1748 = VECTOR ( 'NONE', #216, 1000.000000000000000 ) ;
#1749 = ORIENTED_EDGE ( 'NONE', *, *, #1505, .T. ) ;
#1750 = UNCERTAINTY_MEASURE_WITH_UNIT (LENGTH_MEASURE( 1.000000000000000082E-05 ), #1647, 'distance_accuracy_value', 'NONE');
ENDSEC;
END-ISO-10303-21;
