ISO-10303-21;
HEADER;
FILE_DESCRIPTION (( 'STEP AP214' ),
    '1' );
FILE_NAME ('enclosure_main_chassis.STEP',
    '2026-08-16T17:44:12',
    ( '' ),
    ( '' ),
    'SwSTEP 2.0',
    'SolidWorks 2025',
    '' );
FILE_SCHEMA (( 'AUTOMOTIVE_DESIGN' ));
ENDSEC;

DATA;
#1 = ORIENTED_EDGE ( 'NONE', *, *, #6679, .T. ) ;
#2 = LINE ( 'NONE', #34, #6649 ) ;
#3 = CARTESIAN_POINT ( 'NONE',  ( -105.0000000000000142, -36.50000000000002132, -2.000000000000029310 ) ) ;
#4 = CARTESIAN_POINT ( 'NONE',  ( -10.27389383574811355, -24.50000000147819534, -56.85888987359791713 ) ) ;
#5 = VERTEX_POINT ( 'NONE', #1975 ) ;
#6 = ADVANCED_FACE ( 'NONE', ( #6099 ), #5667, .T. ) ;
#7 = CARTESIAN_POINT ( 'NONE',  ( 0.000000000000000000, 5.999999999999994671, -63.00000000000000000 ) ) ;
#8 = FACE_OUTER_BOUND ( 'NONE', #3783, .T. ) ;
#9 = EDGE_LOOP ( 'NONE', ( #4758, #4826, #1616, #2765, #4444 ) ) ;
#10 = CYLINDRICAL_SURFACE ( 'NONE', #1005, 2.125000000000001776 ) ;
#11 = EDGE_CURVE ( 'NONE', #6342, #1947, #6178, .T. ) ;
#12 = AXIS2_PLACEMENT_3D ( 'NONE', #1135, #706, #5451 ) ;
#13 = EDGE_LOOP ( 'NONE', ( #5422, #4636, #2601, #5355 ) ) ;
#14 = CARTESIAN_POINT ( 'NONE',  ( -71.04041594876608201, -23.50000000000001776, -58.34557964150100418 ) ) ;
#15 = PLANE ( 'NONE',  #3134 ) ;
#16 = AXIS2_PLACEMENT_3D ( 'NONE', #5492, #207, #1770 ) ;
#17 = ORIENTED_EDGE ( 'NONE', *, *, #1094, .F. ) ;
#18 = CARTESIAN_POINT ( 'NONE',  ( -80.28183768826340838, -23.50000000000001066, -64.50000000000000000 ) ) ;
#19 = ADVANCED_FACE ( 'NONE', ( #1941 ), #5078, .F. ) ;
#20 = ORIENTED_EDGE ( 'NONE', *, *, #3123, .T. ) ;
#21 = AXIS2_PLACEMENT_3D ( 'NONE', #3567, #6091, #4527 ) ;
#23 = ORIENTED_EDGE ( 'NONE', *, *, #5303, .T. ) ;
#22 = CARTESIAN_POINT ( 'NONE',  ( -8.074999999999995737, -29.00000000000000000, -45.00000000000001421 ) ) ;
#24 = EDGE_LOOP ( 'NONE', ( #1536, #4885, #423, #244 ) ) ;
#25 = ORIENTED_EDGE ( 'NONE', *, *, #2086, .F. ) ;
#26 = DIRECTION ( 'NONE',  ( 0.000000000000000000, -1.000000000000000000, 0.000000000000000000 ) ) ;
#27 = CARTESIAN_POINT ( 'NONE',  ( -78.25613276073386260, -6.000000000000004441, -2.750000000000043521 ) ) ;
#28 = AXIS2_PLACEMENT_3D ( 'NONE', #5248, #75, #3713 ) ;
#29 = VECTOR ( 'NONE', #1858, 1000.000000000000000 ) ;
#30 = DIRECTION ( 'NONE',  ( 1.220304592980192936E-15, 1.000000000000000000, 0.000000000000000000 ) ) ;
#31 = DIRECTION ( 'NONE',  ( 1.321694076934710155E-16, -1.000000000000000000, 0.000000000000000000 ) ) ;
#32 = AXIS2_PLACEMENT_3D ( 'NONE', #3675, #2648, #101 ) ;
#33 = ORIENTED_EDGE ( 'NONE', *, *, #2536, .F. ) ;
#34 = CARTESIAN_POINT ( 'NONE',  ( -9.999999999999996447, -24.50000000000001421, -15.50000000000000711 ) ) ;
#35 = LINE ( 'NONE', #3803, #3404 ) ;
#36 = CARTESIAN_POINT ( 'NONE',  ( -9.345041659261385192, -21.25749874195220812, -58.95216528377034138 ) ) ;
#37 = ORIENTED_EDGE ( 'NONE', *, *, #1461, .F. ) ;
#38 = VECTOR ( 'NONE', #2742, 1000.000000000000000 ) ;
#39 = DIRECTION ( 'NONE',  ( -1.000000000000000000, 0.000000000000000000, 0.000000000000000000 ) ) ;
#40 = AXIS2_PLACEMENT_3D ( 'NONE', #3368, #5447, #842 ) ;
#41 = CARTESIAN_POINT ( 'NONE',  ( -74.99999999999998579, -26.50000000000001066, -5.500000000000005329 ) ) ;
#42 = ORIENTED_EDGE ( 'NONE', *, *, #869, .F. ) ;
#43 = EDGE_CURVE ( 'NONE', #6594, #5833, #6607, .T. ) ;
#44 = CARTESIAN_POINT ( 'NONE',  ( -6.801374164386202459, -23.98731609281912469, -5.500000000000005329 ) ) ;
#45 = AXIS2_PLACEMENT_3D ( 'NONE', #3724, #497, #3146 ) ;
#46 = ORIENTED_EDGE ( 'NONE', *, *, #4638, .F. ) ;
#47 = CARTESIAN_POINT ( 'NONE',  ( -7.942857142857140396, -24.50000000000001421, -56.96790195447803740 ) ) ;
#48 = ORIENTED_EDGE ( 'NONE', *, *, #4572, .F. ) ;
#49 = CARTESIAN_POINT ( 'NONE',  ( -8.074999999999995737, -29.00000000000000000, -25.00000000000002132 ) ) ;
#50 = FACE_OUTER_BOUND ( 'NONE', #3311, .T. ) ;
#51 = EDGE_CURVE ( 'NONE', #2626, #4681, #3172, .T. ) ;
#52 = DIRECTION ( 'NONE',  ( 3.081487911019577365E-33, 0.000000000000000000, -1.000000000000000000 ) ) ;
#53 = VECTOR ( 'NONE', #4498, 1000.000000000000000 ) ;
#54 = CYLINDRICAL_SURFACE ( 'NONE', #688, 2.125000000000001776 ) ;
#55 = ORIENTED_EDGE ( 'NONE', *, *, #1380, .F. ) ;
#56 = AXIS2_PLACEMENT_3D ( 'NONE', #2207, #6361, #2607 ) ;
#58 = VERTEX_POINT ( 'NONE', #2777 ) ;
#57 = CARTESIAN_POINT ( 'NONE',  ( -95.00000000000000000, 9.499999999999984013, -70.00000000000000000 ) ) ;
#59 = PLANE ( 'NONE',  #4445 ) ;
#60 = ADVANCED_FACE ( 'NONE', ( #5983 ), #4862, .F. ) ;
#61 = EDGE_CURVE ( 'NONE', #5833, #298, #3905, .T. ) ;
#62 = CARTESIAN_POINT ( 'NONE',  ( 4.000000000000003553, -26.00000000000001776, -13.50000000000001243 ) ) ;
#63 = CIRCLE ( 'NONE', #274, 2.125000000000001776 ) ;
#64 = PLANE ( 'NONE',  #2989 ) ;
#65 = CIRCLE ( 'NONE', #4422, 2.125000000000001776 ) ;
#66 = CARTESIAN_POINT ( 'NONE',  ( -6.399999999999999467, -20.50000000000000355, -10.54075870073009646 ) ) ;
#67 = VERTEX_POINT ( 'NONE', #3392 ) ;
#68 = CARTESIAN_POINT ( 'NONE',  ( -64.40000000000000568, -20.50000000000001066, -59.54075870073008758 ) ) ;
#69 = LINE ( 'NONE', #4800, #3183 ) ;
#70 = DIRECTION ( 'NONE',  ( 1.232595164407830946E-32, 1.509493722736556357E-48, -1.000000000000000000 ) ) ;
#71 = ORIENTED_EDGE ( 'NONE', *, *, #6627, .T. ) ;
#72 = AXIS2_PLACEMENT_3D ( 'NONE', #3529, #3025, #6531 ) ;
#73 = DIRECTION ( 'NONE',  ( 1.000000000000000000, 1.734723475976807094E-16, 6.938893903907228378E-16 ) ) ;
#74 = DIRECTION ( 'NONE',  ( 1.000000000000000000, 1.224646799147353947E-16, 1.232595164407830946E-32 ) ) ;
#75 = DIRECTION ( 'NONE',  ( 0.000000000000000000, -1.000000000000000000, 0.000000000000000000 ) ) ;
#76 = EDGE_CURVE ( 'NONE', #4098, #3116, #2740, .T. ) ;
#77 = CARTESIAN_POINT ( 'NONE',  ( -70.28183768826340838, -23.50000000000001066, -5.500000000000005329 ) ) ;
#78 = ORIENTED_EDGE ( 'NONE', *, *, #428, .T. ) ;
#79 = VECTOR ( 'NONE', #376, 1000.000000000000000 ) ;
#80 = CARTESIAN_POINT ( 'NONE',  ( -64.01168865955983733, -23.05569301944158411, -5.500000000000005329 ) ) ;
#81 = FACE_OUTER_BOUND ( 'NONE', #5628, .T. ) ;
#82 = CARTESIAN_POINT ( 'NONE',  ( -1.691950822980484270, -24.47908861057950247, -54.99999999999999289 ) ) ;
#83 = FACE_OUTER_BOUND ( 'NONE', #534, .T. ) ;
#84 = DIRECTION ( 'NONE',  ( 1.321694076934710155E-16, -1.000000000000000000, 0.000000000000000000 ) ) ;
#85 = LINE ( 'NONE', #2807, #2959 ) ;
#86 = VECTOR ( 'NONE', #3541, 1000.000000000000000 ) ;
#87 = ORIENTED_EDGE ( 'NONE', *, *, #4692, .T. ) ;
#88 = EDGE_CURVE ( 'NONE', #6280, #6670, #1789, .T. ) ;
#89 = DIRECTION ( 'NONE',  ( -1.000000000000000000, -1.224646799147353700E-16, 0.000000000000000000 ) ) ;
#91 = ORIENTED_EDGE ( 'NONE', *, *, #1174, .F. ) ;
#90 = LINE ( 'NONE', #2546, #2887 ) ;
#92 = DIRECTION ( 'NONE',  ( -1.314184451497580735E-17, 1.000000000000000000, 0.000000000000000000 ) ) ;
#93 = AXIS2_PLACEMENT_3D ( 'NONE', #2868, #385, #1848 ) ;
#94 = ORIENTED_EDGE ( 'NONE', *, *, #3922, .F. ) ;
#95 = DIRECTION ( 'NONE',  ( 0.000000000000000000, 0.7071067811865500152, 0.7071067811865451302 ) ) ;
#96 = DIRECTION ( 'NONE',  ( 0.000000000000000000, 0.000000000000000000, -1.000000000000000000 ) ) ;
#97 = ADVANCED_FACE ( 'NONE', ( #797 ), #2882, .T. ) ;
#98 = EDGE_CURVE ( 'NONE', #1449, #1722, #161, .T. ) ;
#99 = CARTESIAN_POINT ( 'NONE',  ( -65.50000000000001421, -30.50000000000001066, -65.50000000000000000 ) ) ;
#100 = LINE ( 'NONE', #2177, #5029 ) ;
#101 = DIRECTION ( 'NONE',  ( -1.000000000000000000, 1.220304592980192936E-15, 0.000000000000000000 ) ) ;
#102 = DIRECTION ( 'NONE',  ( 0.000000000000000000, 0.000000000000000000, 1.000000000000000000 ) ) ;
#103 = ORIENTED_EDGE ( 'NONE', *, *, #839, .F. ) ;
#104 = EDGE_CURVE ( 'NONE', #4685, #4287, #6444, .T. ) ;
#105 = CARTESIAN_POINT ( 'NONE',  ( -23.07499999999999574, -30.50000000000000711, -15.00000000000001954 ) ) ;
#106 = DIRECTION ( 'NONE',  ( 0.000000000000000000, 0.000000000000000000, -1.000000000000000000 ) ) ;
#107 = PLANE ( 'NONE',  #5698 ) ;
#108 = ORIENTED_EDGE ( 'NONE', *, *, #165, .F. ) ;
#109 = ORIENTED_EDGE ( 'NONE', *, *, #3592, .T. ) ;
#110 = EDGE_CURVE ( 'NONE', #2509, #3849, #6655, .T. ) ;
#111 = CARTESIAN_POINT ( 'NONE',  ( -98.93372065330912335, 9.499999999999989342, -66.70463781045448570 ) ) ;
#112 = VERTEX_POINT ( 'NONE', #661 ) ;
#114 = ORIENTED_EDGE ( 'NONE', *, *, #1748, .F. ) ;
#113 = DIRECTION ( 'NONE',  ( 1.321694076934710155E-16, -1.000000000000000000, 0.000000000000000000 ) ) ;
#115 = FACE_OUTER_BOUND ( 'NONE', #1751, .T. ) ;
#116 = CARTESIAN_POINT ( 'NONE',  ( -6.399999999999999467, -20.50000000000001421, -59.54075870073009469 ) ) ;
#117 = EDGE_CURVE ( 'NONE', #4140, #5731, #2814, .T. ) ;
#118 = DIRECTION ( 'NONE',  ( -1.000000000000000000, 0.000000000000000000, 0.000000000000000000 ) ) ;
#119 = CARTESIAN_POINT ( 'NONE',  ( -8.074999999999995737, -29.00000000000000000, -45.00000000000001421 ) ) ;
#120 = VERTEX_POINT ( 'NONE', #6393 ) ;
#121 = DIRECTION ( 'NONE',  ( 0.000000000000000000, 0.000000000000000000, 1.000000000000000000 ) ) ;
#123 = EDGE_LOOP ( 'NONE', ( #5068, #441, #3141, #3258 ) ) ;
#122 = DIRECTION ( 'NONE',  ( 1.000000000000000000, 0.000000000000000000, 0.000000000000000000 ) ) ;
#124 = AXIS2_PLACEMENT_3D ( 'NONE', #4304, #6385, #3787 ) ;
#125 = VERTEX_POINT ( 'NONE', #1721 ) ;
#126 = CYLINDRICAL_SURFACE ( 'NONE', #3891, 2.125000000000001776 ) ;
#127 = ORIENTED_EDGE ( 'NONE', *, *, #435, .F. ) ;
#128 = EDGE_CURVE ( 'NONE', #772, #1897, #4370, .T. ) ;
#129 = CYLINDRICAL_SURFACE ( 'NONE', #4274, 2.125000000000001776 ) ;
#130 = DIRECTION ( 'NONE',  ( 0.000000000000000000, -1.000000000000000000, 0.000000000000000000 ) ) ;
#131 = VECTOR ( 'NONE', #3683, 1000.000000000000000 ) ;
#132 = CARTESIAN_POINT ( 'NONE',  ( -95.00000000000000000, -1.999999999999994893, -60.49999999999998579 ) ) ;
#133 = AXIS2_PLACEMENT_3D ( 'NONE', #2632, #436, #6063 ) ;
#134 = CARTESIAN_POINT ( 'NONE',  ( -4.500000000000003553, -25.50000000000000355, -65.50000000000001421 ) ) ;
#135 = EDGE_CURVE ( 'NONE', #5298, #3900, #1534, .T. ) ;
#136 = DIRECTION ( 'NONE',  ( 0.000000000000000000, 0.000000000000000000, -1.000000000000000000 ) ) ;
#137 = LINE ( 'NONE', #2685, #5491 ) ;
#138 = VERTEX_POINT ( 'NONE', #4344 ) ;
#139 = FACE_OUTER_BOUND ( 'NONE', #2583, .T. ) ;
#140 = CARTESIAN_POINT ( 'NONE',  ( -23.07500000000000284, -30.50000000000000711, -62.00000000000002132 ) ) ;
#141 = EDGE_CURVE ( 'NONE', #3028, #4098, #3829, .T. ) ;
#142 = DIRECTION ( 'NONE',  ( 0.000000000000000000, 0.000000000000000000, 1.000000000000000000 ) ) ;
#143 = AXIS2_PLACEMENT_3D ( 'NONE', #3161, #4321, #4187 ) ;
#144 = ORIENTED_EDGE ( 'NONE', *, *, #6208, .T. ) ;
#145 = VECTOR ( 'NONE', #4016, 1000.000000000000000 ) ;
#146 = B_SPLINE_CURVE_WITH_KNOTS ( 'NONE', 3,
 ( #930, #3015, #2089, #14, #1544 ),
 .UNSPECIFIED., .F., .F.,
 ( 4, 1, 4 ),
 ( 0.000000000000000000, 0.001304517341817631971, 0.002609034683635263942 ),
 .UNSPECIFIED. ) ;
#147 = ORIENTED_EDGE ( 'NONE', *, *, #4716, .F. ) ;
#149 = ORIENTED_EDGE ( 'NONE', *, *, #2026, .T. ) ;
#148 = DIRECTION ( 'NONE',  ( 1.000000000000000000, 1.224646799147353700E-16, 3.081487911019577365E-33 ) ) ;
#150 = CARTESIAN_POINT ( 'NONE',  ( -70.15000000000000568, -30.50000000000001421, 0.000000000000000000 ) ) ;
#151 = CARTESIAN_POINT ( 'NONE',  ( -64.40000000000000568, -23.50000000000001066, -59.54075870073008758 ) ) ;
#152 = DIRECTION ( 'NONE',  ( 0.000000000000000000, 0.000000000000000000, 1.000000000000000000 ) ) ;
#153 = DIRECTION ( 'NONE',  ( 0.000000000000000000, -1.885568995626965026E-16, 1.000000000000000000 ) ) ;
#154 = CIRCLE ( 'NONE', #1565, 3.999999999999999556 ) ;
#155 = ORIENTED_EDGE ( 'NONE', *, *, #5705, .T. ) ;
#156 = DIRECTION ( 'NONE',  ( 4.267419750902944821E-14, 0.000000000000000000, -1.000000000000000000 ) ) ;
#157 = DIRECTION ( 'NONE',  ( 1.214306433183765755E-15, 1.000000000000000000, 0.000000000000000000 ) ) ;
#158 = CIRCLE ( 'NONE', #1569, 2.125000000000001776 ) ;
#159 = EDGE_LOOP ( 'NONE', ( #526, #3005 ) ) ;
#161 = LINE ( 'NONE', #4932, #4923 ) ;
#160 = CARTESIAN_POINT ( 'NONE',  ( -2.000000000000000000, -1.500000000000011768, -15.00000000000001421 ) ) ;
#162 = LINE ( 'NONE', #2242, #2755 ) ;
#163 = DIRECTION ( 'NONE',  ( -1.000000000000000000, 8.163404592832032979E-16, 0.000000000000000000 ) ) ;
#164 = AXIS2_PLACEMENT_3D ( 'NONE', #3815, #5257, #2764 ) ;
#165 = EDGE_CURVE ( 'NONE', #838, #2509, #3327, .T. ) ;
#166 = FACE_OUTER_BOUND ( 'NONE', #188, .T. ) ;
#167 = CARTESIAN_POINT ( 'NONE',  ( 0.9999999999999870104, -34.50000000000000000, 0.000000000000000000 ) ) ;
#168 = VECTOR ( 'NONE', #2500, 1000.000000000000000 ) ;
#169 = CARTESIAN_POINT ( 'NONE',  ( -6.066279346690865992, 1.000000000000000000, -57.37652401873177865 ) ) ;
#170 = CARTESIAN_POINT ( 'NONE',  ( -24.61886723926605924, 0.000000000000000000, -67.25000000000000000 ) ) ;
#171 = DIRECTION ( 'NONE',  ( 1.214306433183765755E-15, 1.000000000000000000, 0.000000000000000000 ) ) ;
#172 = VECTOR ( 'NONE', #1295, 1000.000000000000000 ) ;
#173 = EDGE_CURVE ( 'NONE', #3854, #3503, #5613, .T. ) ;
#174 = CARTESIAN_POINT ( 'NONE',  ( -9.395650648541376881, -20.74217514927198636, -59.74890153897359824 ) ) ;
#175 = CARTESIAN_POINT ( 'NONE',  ( 3.999999999999996447, 14.49999999999999467, -68.00000000000000000 ) ) ;
#176 = DIRECTION ( 'NONE',  ( -1.321694076934710155E-16, 1.000000000000000000, 0.000000000000000000 ) ) ;
#177 = VECTOR ( 'NONE', #5786, 1000.000000000000000 ) ;
#178 = ORIENTED_EDGE ( 'NONE', *, *, #6487, .T. ) ;
#179 = EDGE_CURVE ( 'NONE', #6527, #5348, #3522, .T. ) ;
#180 = ORIENTED_EDGE ( 'NONE', *, *, #6423, .T. ) ;
#182 = ORIENTED_EDGE ( 'NONE', *, *, #6472, .F. ) ;
#181 = DIRECTION ( 'NONE',  ( 0.000000000000000000, -1.000000000000000000, 0.000000000000000000 ) ) ;
#183 = CARTESIAN_POINT ( 'NONE',  ( -1.816279346690860219, 5.999999999999994671, -12.62347598126822845 ) ) ;
#184 = ORIENTED_EDGE ( 'NONE', *, *, #2340, .F. ) ;
#185 = CARTESIAN_POINT ( 'NONE',  ( 0.000000000000000000, -23.50000000000001066, 0.000000000000000000 ) ) ;
#186 = CARTESIAN_POINT ( 'NONE',  ( -6.399999999999999467, -20.50000000000000355, -59.54075870073009469 ) ) ;
#187 = MECHANICAL_DESIGN_GEOMETRIC_PRESENTATION_REPRESENTATION (  '', ( #6185 ), #5747 ) ;
#188 = EDGE_LOOP ( 'NONE', ( #5026, #3447, #5900, #3597 ) ) ;
#189 = EDGE_CURVE ( 'NONE', #1959, #5770, #3051, .T. ) ;
#190 = DIRECTION ( 'NONE',  ( 1.214306433183765755E-15, 1.000000000000000000, 0.000000000000000000 ) ) ;
#191 = LINE ( 'NONE', #4417, #5724 ) ;
#192 = ORIENTED_EDGE ( 'NONE', *, *, #3079, .F. ) ;
#194 = CARTESIAN_POINT ( 'NONE',  ( -2.000000000000000000, 1.040834085586084257E-14, -15.00000000000000000 ) ) ;
#193 = CARTESIAN_POINT ( 'NONE',  ( -103.1837206533091233, 4.499999999999996447, -66.70463781045448570 ) ) ;
#195 = VERTEX_POINT ( 'NONE', #1928 ) ;
#196 = CARTESIAN_POINT ( 'NONE',  ( 0.000000000000000000, 12.49999999999995204, 0.000000000000000000 ) ) ;
#197 = FACE_OUTER_BOUND ( 'NONE', #4771, .T. ) ;
#198 = AXIS2_PLACEMENT_3D ( 'NONE', #4654, #4201, #2570 ) ;
#199 = DIRECTION ( 'NONE',  ( -1.000000000000000000, -1.314184451497580735E-17, 0.000000000000000000 ) ) ;
#200 = DIRECTION ( 'NONE',  ( -1.000000000000000000, -1.224646799147353700E-16, 0.000000000000000000 ) ) ;
#201 = ORIENTED_EDGE ( 'NONE', *, *, #4003, .T. ) ;
#202 = PLANE ( 'NONE',  #3497 ) ;
#203 = DIRECTION ( 'NONE',  ( 0.000000000000000000, -1.000000000000000000, 0.000000000000000000 ) ) ;
#204 = CARTESIAN_POINT ( 'NONE',  ( -1.999999999999997780, -23.79833035387879292, -12.30612635574336622 ) ) ;
#205 = CARTESIAN_POINT ( 'NONE',  ( -63.62315780395560694, -23.08004518857984166, -5.500000000000005329 ) ) ;
#206 = CYLINDRICAL_SURFACE ( 'NONE', #1168, 9.999999999999998224 ) ;
#207 = DIRECTION ( 'NONE',  ( 1.321694076934710155E-16, -1.000000000000000000, 0.000000000000000000 ) ) ;
#208 = CARTESIAN_POINT ( 'NONE',  ( -2.735149189948389292, -24.45058624761159294, -5.500000000000005329 ) ) ;
#209 = EDGE_LOOP ( 'NONE', ( #5912, #5578, #4420, #5415, #6019 ) ) ;
#210 = EDGE_CURVE ( 'NONE', #5122, #4556, #6084, .T. ) ;
#211 = VERTEX_POINT ( 'NONE', #3486 ) ;
#213 = ORIENTED_EDGE ( 'NONE', *, *, #2467, .T. ) ;
#212 = PLANE ( 'NONE',  #3016 ) ;
#214 = CARTESIAN_POINT ( 'NONE',  ( -95.00000000000000000, 5.999999999999987566, -50.49999999999998579 ) ) ;
#215 = ORIENTED_EDGE ( 'NONE', *, *, #5099, .F. ) ;
#216 = CARTESIAN_POINT ( 'NONE',  ( -1.999999999999996669, -24.12736087302183563, -62.51316539858596855 ) ) ;
#217 = EDGE_CURVE ( 'NONE', #884, #2274, #5510, .T. ) ;
#218 = DIRECTION ( 'NONE',  ( -1.000000000000000000, 0.000000000000000000, 0.000000000000000000 ) ) ;
#219 = VERTEX_POINT ( 'NONE', #5575 ) ;
#220 = DIRECTION ( 'NONE',  ( -2.168404344971008868E-16, 0.000000000000000000, -1.000000000000000000 ) ) ;
#221 = DIRECTION ( 'NONE',  ( 1.000000000000000000, 0.000000000000000000, 0.000000000000000000 ) ) ;
#222 = ORIENTED_EDGE ( 'NONE', *, *, #5834, .F. ) ;
#224 = DIRECTION ( 'NONE',  ( 0.000000000000000000, 0.000000000000000000, 1.000000000000000000 ) ) ;
#223 = CARTESIAN_POINT ( 'NONE',  ( 0.000000000000000000, -0.0009309999067057261879, -6.238115181478841365 ) ) ;
#225 = ORIENTED_EDGE ( 'NONE', *, *, #5989, .F. ) ;
#226 = ORIENTED_EDGE ( 'NONE', *, *, #6433, .T. ) ;
#227 = ADVANCED_FACE ( 'NONE', ( #2473 ), #238, .F. ) ;
#228 = DIRECTION ( 'NONE',  ( 0.000000000000000000, 0.000000000000000000, 1.000000000000000000 ) ) ;
#229 = CIRCLE ( 'NONE', #1633, 10.00000000000000178 ) ;
#230 = DIRECTION ( 'NONE',  ( -1.224646799147353700E-16, 1.000000000000000000, 0.000000000000000000 ) ) ;
#231 = DIRECTION ( 'NONE',  ( -1.321694076934710402E-16, 1.000000000000000000, 0.000000000000000000 ) ) ;
#232 = CIRCLE ( 'NONE', #876, 2.125000000000001776 ) ;
#233 = LINE ( 'NONE', #2418, #3420 ) ;
#234 = EDGE_CURVE ( 'NONE', #6059, #4792, #2434, .T. ) ;
#235 = DIRECTION ( 'NONE',  ( -1.000000000000000000, 8.163404592832026077E-16, 0.000000000000000000 ) ) ;
#236 = AXIS2_PLACEMENT_3D ( 'NONE', #3802, #6400, #4352 ) ;
#237 = FACE_OUTER_BOUND ( 'NONE', #528, .T. ) ;
#238 = TOROIDAL_SURFACE ( 'NONE', #6232, 7.000000000000001776, 4.000000000000000000 ) ;
#239 = CARTESIAN_POINT ( 'NONE',  ( -56.32740755027063528, -26.50000000000000711, -15.50000000000000000 ) ) ;
#240 = FACE_OUTER_BOUND ( 'NONE', #5750, .T. ) ;
#241 = CYLINDRICAL_SURFACE ( 'NONE', #1654, 10.00000000000000178 ) ;
#242 = ORIENTED_EDGE ( 'NONE', *, *, #3341, .T. ) ;
#243 = AXIS2_PLACEMENT_3D ( 'NONE', #2903, #4990, #2397 ) ;
#244 = ORIENTED_EDGE ( 'NONE', *, *, #4839, .F. ) ;
#245 = EDGE_CURVE ( 'NONE', #3559, #112, #1547, .T. ) ;
#247 = VERTEX_POINT ( 'NONE', #2373 ) ;
#246 = DIRECTION ( 'NONE',  ( -1.000000000000000000, 0.000000000000000000, 0.000000000000000000 ) ) ;
#248 = FACE_BOUND ( 'NONE', #432, .T. ) ;
#249 = ORIENTED_EDGE ( 'NONE', *, *, #1921, .F. ) ;
#250 = CARTESIAN_POINT ( 'NONE',  ( -9.273140113251056249, -23.29728190830705969, -11.44160485595129551 ) ) ;
#251 = DIRECTION ( 'NONE',  ( 1.224646799147353700E-16, -1.000000000000000000, 0.000000000000000000 ) ) ;
#252 = DIRECTION ( 'NONE',  ( 3.543711097672513970E-32, -2.668805347656626185E-16, -1.000000000000000000 ) ) ;
#253 = VECTOR ( 'NONE', #906, 1000.000000000000000 ) ;
#254 = ORIENTED_EDGE ( 'NONE', *, *, #5834, .T. ) ;
#255 = LINE ( 'NONE', #2941, #4089 ) ;
#256 = EDGE_CURVE ( 'NONE', #2939, #5684, #4449, .T. ) ;
#257 = CARTESIAN_POINT ( 'NONE',  ( -13.07500000000000462, 14.50100000000001010, -55.00000000000001421 ) ) ;
#258 = EDGE_LOOP ( 'NONE', ( #3566, #3781, #6556, #4627 ) ) ;
#260 = DIRECTION ( 'NONE',  ( 0.000000000000000000, 1.000000000000000000, 0.000000000000000000 ) ) ;
#259 =( NAMED_UNIT ( * ) SI_UNIT ( $, .STERADIAN. ) SOLID_ANGLE_UNIT ( ) );
#261 = CIRCLE ( 'NONE', #1129, 3.000000000000002665 ) ;
#262 = VERTEX_POINT ( 'NONE', #6047 ) ;
#263 = CARTESIAN_POINT ( 'NONE',  ( -70.28183768826340838, -23.50000000000001066, -15.50000000000000711 ) ) ;
#264 = CARTESIAN_POINT ( 'NONE',  ( -105.0000000000000142, 9.499999999999991118, -63.00000000000000000 ) ) ;
#265 = ORIENTED_EDGE ( 'NONE', *, *, #6300, .F. ) ;
#266 = CIRCLE ( 'NONE', #4952, 2.125000000000001776 ) ;
#267 = EDGE_CURVE ( 'NONE', #738, #4812, #1327, .T. ) ;
#268 = CARTESIAN_POINT ( 'NONE',  ( -62.82197425047081651, -23.13017331673229293, -64.50000000000000000 ) ) ;
#269 = EDGE_CURVE ( 'NONE', #5978, #5637, #2314, .T. ) ;
#270 = FACE_BOUND ( 'NONE', #4720, .T. ) ;
#271 = CYLINDRICAL_SURFACE ( 'NONE', #3950, 2.125000000000001776 ) ;
#272 = CARTESIAN_POINT ( 'NONE',  ( -13.50000000000003197, 5.999999999999994671, -7.000000000000016875 ) ) ;
#273 = ORIENTED_EDGE ( 'NONE', *, *, #3867, .T. ) ;
#274 = AXIS2_PLACEMENT_3D ( 'NONE', #6081, #1311, #2876 ) ;
#275 = CARTESIAN_POINT ( 'NONE',  ( -70.43721303243202669, -23.50000000000001066, -56.25595141897403551 ) ) ;
#276 = CARTESIAN_POINT ( 'NONE',  ( -101.0587206533091233, 9.499999999999991118, -3.295362189545514298 ) ) ;
#277 = CARTESIAN_POINT ( 'NONE',  ( -43.07499999999999574, -29.00000000000000711, -8.000000000000017764 ) ) ;
#278 = CARTESIAN_POINT ( 'NONE',  ( -9.999999999999992895, 5.999999999999994671, -19.49999999999999645 ) ) ;
#279 = CARTESIAN_POINT ( 'NONE',  ( -5.664308175853221883, -24.01103063092560674, -5.500000000000005329 ) ) ;
#280 = VECTOR ( 'NONE', #4050, 1000.000000000000000 ) ;
#281 = ADVANCED_FACE ( 'NONE', ( #3381 ), #3419, .F. ) ;
#282 = ORIENTED_EDGE ( 'NONE', *, *, #1127, .F. ) ;
#283 = FACE_OUTER_BOUND ( 'NONE', #2233, .T. ) ;
#284 = AXIS2_PLACEMENT_3D ( 'NONE', #66, #1656, #5274 ) ;
#285 = CARTESIAN_POINT ( 'NONE',  ( -6.399999999999999467, -20.50000000000001421, -10.54075870073009646 ) ) ;
#286 = ORIENTED_EDGE ( 'NONE', *, *, #2285, .T. ) ;
#287 = CARTESIAN_POINT ( 'NONE',  ( -8.944014324960530615, -21.18582732234375499, -12.13663637562678943 ) ) ;
#288 = CARTESIAN_POINT ( 'NONE',  ( -80.38113276073386260, -6.000000000000001776, -2.750000000000043965 ) ) ;
#289 = ADVANCED_FACE ( 'NONE', ( #6010 ), #1341, .F. ) ;
#290 = CIRCLE ( 'NONE', #6060, 2.125000000000001776 ) ;
#291 = ORIENTED_EDGE ( 'NONE', *, *, #1929, .T. ) ;
#292 = ORIENTED_EDGE ( 'NONE', *, *, #2889, .F. ) ;
#293 = CARTESIAN_POINT ( 'NONE',  ( -8.452585222857184277, -24.15119465159172663, -64.50000000000000000 ) ) ;
#294 = FACE_BOUND ( 'NONE', #965, .T. ) ;
#295 = ORIENTED_EDGE ( 'NONE', *, *, #3206, .F. ) ;
#296 = SURFACE_STYLE_FILL_AREA ( #759 ) ;
#297 = VERTEX_POINT ( 'NONE', #2910 ) ;
#298 = VERTEX_POINT ( 'NONE', #4480 ) ;
#299 = CARTESIAN_POINT ( 'NONE',  ( -65.50000000000000000, -25.50000000000000711, -4.500000000000003553 ) ) ;
#300 = VECTOR ( 'NONE', #1918, 1000.000000000000000 ) ;
#301 = CYLINDRICAL_SURFACE ( 'NONE', #3856, 2.125000000000001776 ) ;
#302 = ORIENTED_EDGE ( 'NONE', *, *, #4296, .F. ) ;
#303 = EDGE_CURVE ( 'NONE', #4792, #5301, #5534, .T. ) ;
#304 = LINE ( 'NONE', #3492, #5739 ) ;
#305 = PRODUCT_DEFINITION_FORMATION_WITH_SPECIFIED_SOURCE ( 'Symmetric', '', #2238, .NOT_KNOWN. ) ;
#306 = DIRECTION ( 'NONE',  ( -0.7071067811865507924, -0.7071067811865441310, 0.000000000000000000 ) ) ;
#307 = CYLINDRICAL_SURFACE ( 'NONE', #2209, 10.00000000000000000 ) ;
#308 = FACE_BOUND ( 'NONE', #4949, .T. ) ;
#309 = EDGE_CURVE ( 'NONE', #838, #3582, #5694, .T. ) ;
#310 = ORIENTED_EDGE ( 'NONE', *, *, #1811, .F. ) ;
#311 = CARTESIAN_POINT ( 'NONE',  ( -11.34023539273339587, -20.73121119030733439, -15.50000000000000711 ) ) ;
#312 = CARTESIAN_POINT ( 'NONE',  ( -59.72788572504287430, -23.50000000000001066, -5.500000000000005329 ) ) ;
#313 = LINE ( 'NONE', #6608, #5845 ) ;
#314 = DIRECTION ( 'NONE',  ( 0.000000000000000000, -1.000000000000000000, 0.000000000000000000 ) ) ;
#315 = DIRECTION ( 'NONE',  ( 1.224646799147353700E-16, -1.000000000000000000, 0.000000000000000000 ) ) ;
#316 = EDGE_CURVE ( 'NONE', #6014, #4025, #5023, .T. ) ;
#317 = CARTESIAN_POINT ( 'NONE',  ( -53.07499999999999574, -30.50000000000001066, -15.00000000000001954 ) ) ;
#318 = DIRECTION ( 'NONE',  ( 1.224646799147353700E-16, -1.000000000000000000, 0.000000000000000000 ) ) ;
#319 = UNCERTAINTY_MEASURE_WITH_UNIT (LENGTH_MEASURE( 1.000000000000000082E-05 ), #3326, 'distance_accuracy_value', 'NONE');
#320 = CARTESIAN_POINT ( 'NONE',  ( -9.351177395716534946, -21.26900352519290749, -11.09757376706640741 ) ) ;
#321 = CARTESIAN_POINT ( 'NONE',  ( -6.399999999999999467, -24.50000000000001421, -10.54075870073009646 ) ) ;
#322 = EDGE_CURVE ( 'NONE', #6376, #1099, #3397, .T. ) ;
#323 = ORIENTED_EDGE ( 'NONE', *, *, #2551, .T. ) ;
#324 = ORIENTED_EDGE ( 'NONE', *, *, #3157, .T. ) ;
#325 = DIRECTION ( 'NONE',  ( 1.000000000000000000, 0.000000000000000000, 0.000000000000000000 ) ) ;
#326 = CARTESIAN_POINT ( 'NONE',  ( -3.941279346690865992, 0.9999999999999974465, -12.62347598126822845 ) ) ;
#327 = ADVANCED_FACE ( 'NONE', ( #3353 ), #2836, .T. ) ;
#328 = ORIENTED_EDGE ( 'NONE', *, *, #800, .T. ) ;
#329 = DIRECTION ( 'NONE',  ( 1.000000000000000000, 1.314184451497580735E-17, -1.779203565104419347E-16 ) ) ;
#330 = ORIENTED_EDGE ( 'NONE', *, *, #5383, .T. ) ;
#331 = DIRECTION ( 'NONE',  ( 1.321694076934710155E-16, -1.000000000000000000, 0.000000000000000000 ) ) ;
#332 = VERTEX_POINT ( 'NONE', #5296 ) ;
#333 = DIRECTION ( 'NONE',  ( 0.000000000000000000, 0.000000000000000000, -1.000000000000000000 ) ) ;
#334 = EDGE_CURVE ( 'NONE', #6234, #195, #5260, .T. ) ;
#335 = DIRECTION ( 'NONE',  ( 0.000000000000000000, 0.000000000000000000, 1.000000000000000000 ) ) ;
#336 = CARTESIAN_POINT ( 'NONE',  ( -82.50613276073386260, -2.792641959432362857E-17, -2.750000000000043965 ) ) ;
#337 = DIRECTION ( 'NONE',  ( 0.7004815162051604149, 0.2318793166842112174, 0.6749500929320499942 ) ) ;
#338 = VECTOR ( 'NONE', #1093, 1000.000000000000000 ) ;
#339 = CARTESIAN_POINT ( 'NONE',  ( -105.0000000000000142, -34.49999999999997158, 0.000000000000000000 ) ) ;
#340 = FACE_OUTER_BOUND ( 'NONE', #3097, .T. ) ;
#341 = ADVANCED_FACE ( 'NONE', ( #5325 ), #4372, .T. ) ;
#342 = CARTESIAN_POINT ( 'NONE',  ( -9.295489991372216210, -21.33483366799009673, -58.75246878780958326 ) ) ;
#343 = VECTOR ( 'NONE', #1122, 1000.000000000000000 ) ;
#344 = B_SPLINE_CURVE_WITH_KNOTS ( 'NONE', 3,
 ( #4221, #671, #5242, #1088, #1124, #204, #5313, #1627, #5764, #4322, #2717, #2789, #4285, #3706, #3199, #4874, #4188, #2752 ),
 .UNSPECIFIED., .F., .F.,
 ( 4, 2, 2, 2, 2, 2, 2, 2, 4 ),
 ( 0.000000000000000000, 0.001175410052331217915, 0.002350820104662435829, 0.003526230156993653744, 0.004701640209324871658, 0.005877050261656089139, 0.007052460313987307487, 0.008227870366318525835, 0.009403280418649743316 ),
 .UNSPECIFIED. ) ;
#345 = CARTESIAN_POINT ( 'NONE',  ( -23.07499999999999574, -30.50000000000000711, -8.000000000000017764 ) ) ;
#346 = FACE_OUTER_BOUND ( 'NONE', #6229, .T. ) ;
#347 = VERTEX_POINT ( 'NONE', #1141 ) ;
#348 = EDGE_CURVE ( 'NONE', #2408, #1044, #3502, .T. ) ;
#349 = CARTESIAN_POINT ( 'NONE',  ( -67.62500000000000000, -25.50000000000000711, -4.500000000000003553 ) ) ;
#350 = DIRECTION ( 'NONE',  ( 1.000000000000000000, 8.673617379884040402E-17, 0.000000000000000000 ) ) ;
#351 = LINE ( 'NONE', #750, #674 ) ;
#352 = VECTOR ( 'NONE', #368, 1000.000000000000000 ) ;
#353 = VECTOR ( 'NONE', #2442, 1000.000000000000000 ) ;
#354 = CARTESIAN_POINT ( 'NONE',  ( 17.74999999999999645, -17.74999999999991473, -70.00000000000000000 ) ) ;
#355 = ORIENTED_EDGE ( 'NONE', *, *, #4676, .T. ) ;
#356 = EDGE_LOOP ( 'NONE', ( #3604, #3632, #3384, #3909 ) ) ;
#357 = CIRCLE ( 'NONE', #3399, 2.125000000000001776 ) ;
#358 = CARTESIAN_POINT ( 'NONE',  ( -1.816279346690865770, 0.9999999999999976685, -12.62347598126822845 ) ) ;
#359 = CARTESIAN_POINT ( 'NONE',  ( -105.0000000000000142, -36.50000000000002132, -2.000000000000029310 ) ) ;
#360 = ORIENTED_EDGE ( 'NONE', *, *, #3867, .F. ) ;
#361 = EDGE_LOOP ( 'NONE', ( #3056, #1777 ) ) ;
#362 = DIRECTION ( 'NONE',  ( 1.214306433183765755E-15, 1.000000000000000000, 0.000000000000000000 ) ) ;
#363 = AXIS2_PLACEMENT_3D ( 'NONE', #3575, #988, #3068 ) ;
#364 = ORIENTED_EDGE ( 'NONE', *, *, #1518, .F. ) ;
#365 = ADVANCED_FACE ( 'NONE', ( #4236 ), #6351, .F. ) ;
#366 = CARTESIAN_POINT ( 'NONE',  ( -19.50000000000008527, 0.000000000000000000, -7.000000000000006217 ) ) ;
#367 = CIRCLE ( 'NONE', #1772, 1.500000000000001332 ) ;
#368 = DIRECTION ( 'NONE',  ( -1.000000000000000000, -1.224646799147353700E-16, 0.000000000000000000 ) ) ;
#369 = CARTESIAN_POINT ( 'NONE',  ( -6.399999999999999467, -24.50000000000001421, -10.54075870073009646 ) ) ;
#370 = DIRECTION ( 'NONE',  ( 0.000000000000000000, 0.000000000000000000, -1.000000000000000000 ) ) ;
#371 = AXIS2_PLACEMENT_3D ( 'NONE', #1549, #6722, #5843 ) ;
#372 = EDGE_CURVE ( 'NONE', #4460, #5474, #5034, .T. ) ;
#373 = CARTESIAN_POINT ( 'NONE',  ( -20.00000000000000000, -24.50000000000001421, -64.50000000000000000 ) ) ;
#374 = ORIENTED_EDGE ( 'NONE', *, *, #1440, .F. ) ;
#375 = DIRECTION ( 'NONE',  ( 1.000000000000000000, 1.224646799147353700E-16, 0.000000000000000000 ) ) ;
#376 = DIRECTION ( 'NONE',  ( 1.000000000000000000, 1.224646799147353700E-16, 3.081487911019577365E-33 ) ) ;
#377 = CIRCLE ( 'NONE', #2115, 3.999999999999998224 ) ;
#378 = PLANE ( 'NONE',  #3274 ) ;
#379 = DIRECTION ( 'NONE',  ( -1.000000000000000000, -1.411814255020735290E-16, 0.000000000000000000 ) ) ;
#380 = ORIENTED_EDGE ( 'NONE', *, *, #2676, .T. ) ;
#381 = DIRECTION ( 'NONE',  ( -1.224646799147353700E-16, 1.000000000000000000, 0.000000000000000000 ) ) ;
#382 = EDGE_CURVE ( 'NONE', #5511, #3293, #85, .T. ) ;
#383 = AXIS2_PLACEMENT_3D ( 'NONE', #1831, #6529, #2312 ) ;
#384 = LINE ( 'NONE', #4539, #5453 ) ;
#385 = DIRECTION ( 'NONE',  ( 0.000000000000000000, 1.000000000000000000, 0.000000000000000000 ) ) ;
#386 = DIRECTION ( 'NONE',  ( 1.000000000000000000, 0.000000000000000000, 0.000000000000000000 ) ) ;
#387 = CARTESIAN_POINT ( 'NONE',  ( -11.99417834757088919, -24.50000000110811627, -9.500997610896060763 ) ) ;
#388 = CIRCLE ( 'NONE', #700, 2.125000000000002665 ) ;
#389 = EDGE_CURVE ( 'NONE', #2900, #297, #3820, .T. ) ;
#390 = EDGE_CURVE ( 'NONE', #2626, #2826, #3218, .T. ) ;
#391 = ADVANCED_FACE ( 'NONE', ( #2195 ), #4889, .F. ) ;
#392 = VERTEX_POINT ( 'NONE', #1643 ) ;
#393 = VECTOR ( 'NONE', #3951, 1000.000000000000000 ) ;
#394 = DIRECTION ( 'NONE',  ( 0.000000000000000000, 0.000000000000000000, 1.000000000000000000 ) ) ;
#395 = DIRECTION ( 'NONE',  ( 1.321694076934710155E-16, -1.000000000000000000, 0.000000000000000000 ) ) ;
#396 = ORIENTED_EDGE ( 'NONE', *, *, #5357, .F. ) ;
#397 = EDGE_LOOP ( 'NONE', ( #6212, #3032, #1042, #3759 ) ) ;
#398 = CARTESIAN_POINT ( 'NONE',  ( -64.40000000000000568, -26.50000000000001066, -59.54075870073008758 ) ) ;
#399 = VECTOR ( 'NONE', #3158, 1000.000000000000000 ) ;
#400 = ORIENTED_EDGE ( 'NONE', *, *, #4279, .T. ) ;
#401 = EDGE_CURVE ( 'NONE', #5623, #5495, #4267, .T. ) ;
#402 = CARTESIAN_POINT ( 'NONE',  ( -62.42603009095634548, -23.19309528827600886, -64.50000000000000000 ) ) ;
#403 = ORIENTED_EDGE ( 'NONE', *, *, #348, .F. ) ;
#404 = CARTESIAN_POINT ( 'NONE',  ( -95.00000000000000000, 9.499999999999984013, -70.00000000000000000 ) ) ;
#405 = VECTOR ( 'NONE', #3007, 1000.000000000000000 ) ;
#406 = LINE ( 'NONE', #2483, #4711 ) ;
#407 = CARTESIAN_POINT ( 'NONE',  ( -64.79822826450541129, -23.01249076550864103, -64.49999999999998579 ) ) ;
#408 = AXIS2_PLACEMENT_3D ( 'NONE', #2183, #2689, #1163 ) ;
#409 = DIRECTION ( 'NONE',  ( -1.000000000000000000, 0.000000000000000000, 0.000000000000000000 ) ) ;
#410 = ORIENTED_EDGE ( 'NONE', *, *, #4450, .F. ) ;
#411 = CARTESIAN_POINT ( 'NONE',  ( -70.15000000000000568, -36.50000000000001421, -70.00000000000000000 ) ) ;
#412 = ORIENTED_EDGE ( 'NONE', *, *, #1380, .T. ) ;
#413 = LINE ( 'NONE', #6637, #1707 ) ;
#414 = CARTESIAN_POINT ( 'NONE',  ( 4.000000000000003553, -17.80838814962351790, -6.238115181478841365 ) ) ;
#415 = CARTESIAN_POINT ( 'NONE',  ( -10.44003109421521813, -0.2503884054778575119, -53.75038840547784247 ) ) ;
#416 = CARTESIAN_POINT ( 'NONE',  ( -10.38251829165595908, -24.49999999919993954, -57.27478979348479271 ) ) ;
#417 = ORIENTED_EDGE ( 'NONE', *, *, #6705, .T. ) ;
#418 = VECTOR ( 'NONE', #6157, 1000.000000000000000 ) ;
#419 = PLANE ( 'NONE',  #1704 ) ;
#420 = DIRECTION ( 'NONE',  ( -1.321694076934710155E-16, 1.000000000000000000, -0.000000000000000000 ) ) ;
#421 = ADVANCED_FACE ( 'NONE', ( #5844 ), #3251, .F. ) ;
#422 = CARTESIAN_POINT ( 'NONE',  ( -9.290709619382825579, -20.50000000788842058, -9.725627662366990833 ) ) ;
#423 = ORIENTED_EDGE ( 'NONE', *, *, #4716, .T. ) ;
#424 = CARTESIAN_POINT ( 'NONE',  ( -9.999999999999996447, -24.50000000000001421, -53.82458101195120292 ) ) ;
#425 = CYLINDRICAL_SURFACE ( 'NONE', #505, 2.125000000000000000 ) ;
#426 = ORIENTED_EDGE ( 'NONE', *, *, #4912, .T. ) ;
#427 = CARTESIAN_POINT ( 'NONE',  ( -70.15000000000000568, -36.50000000000001421, -2.000000000000029310 ) ) ;
#428 = EDGE_CURVE ( 'NONE', #2826, #2046, #5019, .T. ) ;
#429 = ORIENTED_EDGE ( 'NONE', *, *, #6161, .T. ) ;
#430 = DIRECTION ( 'NONE',  ( 1.224646799147353700E-16, -1.000000000000000000, 0.000000000000000000 ) ) ;
#431 = B_SPLINE_CURVE_WITH_KNOTS ( 'NONE', 3,
 ( #4738, #4877, #4254, #2255, #1128 ),
 .UNSPECIFIED., .F., .F.,
 ( 4, 1, 4 ),
 ( 0.000000000000000000, 0.001377743647713052097, 0.002755487295426104193 ),
 .UNSPECIFIED. ) ;
#432 = EDGE_LOOP ( 'NONE', ( #1430, #928, #1508, #4515 ) ) ;
#433 = PLANE ( 'NONE',  #3113 ) ;
#434 = ORIENTED_EDGE ( 'NONE', *, *, #1921, .T. ) ;
#435 = EDGE_CURVE ( 'NONE', #3105, #6124, #3929, .T. ) ;
#436 = DIRECTION ( 'NONE',  ( -0.000000000000000000, -1.000000000000000000, -0.000000000000000000 ) ) ;
#437 = LINE ( 'NONE', #1937, #5153 ) ;
#438 = DIRECTION ( 'NONE',  ( -0.7071067811865507924, -0.7071067811865441310, 0.000000000000000000 ) ) ;
#439 = ORIENTED_EDGE ( 'NONE', *, *, #6339, .T. ) ;
#440 = DIRECTION ( 'NONE',  ( 1.214306433183765755E-15, 1.000000000000000000, 0.000000000000000000 ) ) ;
#441 = ORIENTED_EDGE ( 'NONE', *, *, #2164, .T. ) ;
#442 = DIRECTION ( 'NONE',  ( -1.321694076934710402E-16, 1.000000000000000000, 0.000000000000000000 ) ) ;
#443 = ORIENTED_EDGE ( 'NONE', *, *, #2634, .T. ) ;
#444 = CYLINDRICAL_SURFACE ( 'NONE', #3565, 3.000000000000001776 ) ;
#445 = FACE_OUTER_BOUND ( 'NONE', #2574, .T. ) ;
#446 = FACE_OUTER_BOUND ( 'NONE', #4852, .T. ) ;
#447 = ORIENTED_EDGE ( 'NONE', *, *, #3671, .F. ) ;
#448 = CARTESIAN_POINT ( 'NONE',  ( -11.21364534927819534, -24.49999999832190056, -59.29354561828452574 ) ) ;
#449 = ORIENTED_EDGE ( 'NONE', *, *, #4249, .F. ) ;
#450 = VERTEX_POINT ( 'NONE', #3210 ) ;
#451 = ADVANCED_FACE ( 'NONE', ( #237 ), #2661, .F. ) ;
#452 = VECTOR ( 'NONE', #1911, 1000.000000000000000 ) ;
#453 = CARTESIAN_POINT ( 'NONE',  ( -105.0000000000000142, 9.499999999999991118, -6.999999999999999112 ) ) ;
#454 = EDGE_LOOP ( 'NONE', ( #295, #6288 ) ) ;
#455 = DIRECTION ( 'NONE',  ( 0.000000000000000000, 0.000000000000000000, 1.000000000000000000 ) ) ;
#456 = CIRCLE ( 'NONE', #5234, 2.125000000000001776 ) ;
#457 = ADVANCED_FACE ( 'NONE', ( #2859 ), #1768, .F. ) ;
#458 = EDGE_LOOP ( 'NONE', ( #972, #1803, #3555, #6629 ) ) ;
#459 = CARTESIAN_POINT ( 'NONE',  ( -8.041296515377469589, -20.50000000552181589, -57.02693279218504330 ) ) ;
#460 = FACE_OUTER_BOUND ( 'NONE', #2277, .T. ) ;
#461 = VECTOR ( 'NONE', #1678, 1000.000000000000000 ) ;
#462 = VECTOR ( 'NONE', #4897, 1000.000000000000000 ) ;
#463 = DIRECTION ( 'NONE',  ( -1.224646799147353700E-16, 1.000000000000000000, 0.000000000000000000 ) ) ;
#464 = AXIS2_PLACEMENT_3D ( 'NONE', #1736, #5347, #4327 ) ;
#465 = ORIENTED_EDGE ( 'NONE', *, *, #5924, .F. ) ;
#466 = EDGE_CURVE ( 'NONE', #5310, #1411, #3340, .T. ) ;
#467 = CARTESIAN_POINT ( 'NONE',  ( -8.048856383131310466, -20.50000000443752057, -13.05005120648074524 ) ) ;
#468 = ORIENTED_EDGE ( 'NONE', *, *, #2428, .T. ) ;
#469 = CIRCLE ( 'NONE', #4708, 15.00000000000000000 ) ;
#470 = FACE_OUTER_BOUND ( 'NONE', #6517, .T. ) ;
#471 = FACE_OUTER_BOUND ( 'NONE', #6643, .T. ) ;
#472 = EDGE_CURVE ( 'NONE', #4670, #2636, #4033, .T. ) ;
#473 = CIRCLE ( 'NONE', #899, 3.000000000000001776 ) ;
#474 = EDGE_CURVE ( 'NONE', #4157, #6119, #5932, .T. ) ;
#475 = ORIENTED_EDGE ( 'NONE', *, *, #2475, .T. ) ;
#476 = DIRECTION ( 'NONE',  ( 1.224646799147353700E-16, -1.000000000000000000, 0.000000000000000000 ) ) ;
#477 = ORIENTED_EDGE ( 'NONE', *, *, #4103, .F. ) ;
#478 = ORIENTED_EDGE ( 'NONE', *, *, #839, .T. ) ;
#479 = DIRECTION ( 'NONE',  ( -1.224646799147353700E-16, 1.000000000000000000, 0.000000000000000000 ) ) ;
#480 = CARTESIAN_POINT ( 'NONE',  ( 4.000000000000003553, -19.93338814962351790, -6.238115181478841365 ) ) ;
#481 = VECTOR ( 'NONE', #2768, 1000.000000000000000 ) ;
#482 = CARTESIAN_POINT ( 'NONE',  ( -9.330466553600095025, -23.30367707441744685, -58.85997658653733566 ) ) ;
#483 = ORIENTED_EDGE ( 'NONE', *, *, #4594, .F. ) ;
#484 = ORIENTED_EDGE ( 'NONE', *, *, #2688, .T. ) ;
#485 = ORIENTED_EDGE ( 'NONE', *, *, #2504, .F. ) ;
#486 = AXIS2_PLACEMENT_3D ( 'NONE', #1419, #4017, #1966 ) ;
#487 = CARTESIAN_POINT ( 'NONE',  ( 0.000000000000000000, 5.999999999999994671, -6.999999999999999112 ) ) ;
#488 = LINE ( 'NONE', #2565, #5934 ) ;
#489 = ORIENTED_EDGE ( 'NONE', *, *, #3219, .T. ) ;
#490 = CARTESIAN_POINT ( 'NONE',  ( -9.376854682202662161, -20.64970393965706563, -10.14279892104500114 ) ) ;
#491 = AXIS2_PLACEMENT_3D ( 'NONE', #1154, #633, #4245 ) ;
#492 = ORIENTED_EDGE ( 'NONE', *, *, #5262, .T. ) ;
#493 = CARTESIAN_POINT ( 'NONE',  ( -98.93372065330912335, 9.499999999999989342, -3.295362189545513854 ) ) ;
#494 = AXIS2_PLACEMENT_3D ( 'NONE', #4824, #157, #3288 ) ;
#495 = FACE_OUTER_BOUND ( 'NONE', #1441, .T. ) ;
#496 = VECTOR ( 'NONE', #190, 1000.000000000000000 ) ;
#497 = DIRECTION ( 'NONE',  ( 0.000000000000000000, 0.000000000000000000, -1.000000000000000000 ) ) ;
#498 = AXIS2_PLACEMENT_3D ( 'NONE', #6538, #5802, #3917 ) ;
#499 = ORIENTED_EDGE ( 'NONE', *, *, #5457, .F. ) ;
#500 = CARTESIAN_POINT ( 'NONE',  ( -7.859824069262615787, -23.98993792789586621, -13.23284908514670022 ) ) ;
#501 = VECTOR ( 'NONE', #6733, 1000.000000000000114 ) ;
#502 = EDGE_CURVE ( 'NONE', #2832, #1615, #2288, .T. ) ;
#503 = CARTESIAN_POINT ( 'NONE',  ( -105.0000000000000142, 2.704597641062570723, -30.34703898461592431 ) ) ;
#504 = PLANE ( 'NONE',  #4730 ) ;
#505 = AXIS2_PLACEMENT_3D ( 'NONE', #326, #4031, #1926 ) ;
#506 = ORIENTED_EDGE ( 'NONE', *, *, #673, .F. ) ;
#507 = CYLINDRICAL_SURFACE ( 'NONE', #284, 1.500000000000001332 ) ;
#508 = ORIENTED_EDGE ( 'NONE', *, *, #5957, .F. ) ;
#509 = VERTEX_POINT ( 'NONE', #815 ) ;
#510 = CARTESIAN_POINT ( 'NONE',  ( -62.90000000000001279, -20.50000000000001066, -10.54075870073010357 ) ) ;
#511 = ADVANCED_FACE ( 'NONE', ( #6308 ), #4356, .F. ) ;
#512 = CARTESIAN_POINT ( 'NONE',  ( 6.938893903907228378E-15, 4.499999999999868550, 0.000000000000000000 ) ) ;
#513 = ADVANCED_FACE ( 'NONE', ( #5996 ), #2363, .F. ) ;
#514 = CARTESIAN_POINT ( 'NONE',  ( -6.066279346690865992, 0.9999999999999972244, -57.37652401873177865 ) ) ;
#515 = ORIENTED_EDGE ( 'NONE', *, *, #572, .T. ) ;
#516 = DIRECTION ( 'NONE',  ( 1.321694076934710155E-16, -1.000000000000000000, 0.000000000000000000 ) ) ;
#517 = CARTESIAN_POINT ( 'NONE',  ( -19.50000000000008527, 0.000000000000000000, -70.00000000000000000 ) ) ;
#518 = VECTOR ( 'NONE', #912, 1000.000000000000000 ) ;
#519 = EDGE_LOOP ( 'NONE', ( #1892, #874, #114, #5803 ) ) ;
#520 = EDGE_CURVE ( 'NONE', #2585, #2803, #5781, .T. ) ;
#521 = CARTESIAN_POINT ( 'NONE',  ( -9.245148231449125120, -24.50000000000001421, -9.589374687262377961 ) ) ;
#522 = AXIS2_PLACEMENT_3D ( 'NONE', #3513, #783, #5020 ) ;
#523 = ORIENTED_EDGE ( 'NONE', *, *, #2926, .F. ) ;
#524 = CARTESIAN_POINT ( 'NONE',  ( -95.00000000000000000, 9.499999999999984013, -70.00000000000000000 ) ) ;
#525 = DIRECTION ( 'NONE',  ( 1.000000000000000000, 0.000000000000000000, 0.000000000000000000 ) ) ;
#526 = ORIENTED_EDGE ( 'NONE', *, *, #6503, .T. ) ;
#527 = CARTESIAN_POINT ( 'NONE',  ( -2.000000000000000000, 2.499999999999988454, -19.00000000000003197 ) ) ;
#528 = EDGE_LOOP ( 'NONE', ( #5227, #1716 ) ) ;
#529 = DIRECTION ( 'NONE',  ( -1.000000000000000000, 1.224510688924804010E-15, 0.000000000000000000 ) ) ;
#530 = VERTEX_POINT ( 'NONE', #4436 ) ;
#531 = LINE ( 'NONE', #1653, #5911 ) ;
#532 = CARTESIAN_POINT ( 'NONE',  ( -64.40000000000000568, -20.50000000000001066, -59.54075870073008758 ) ) ;
#533 = EDGE_CURVE ( 'NONE', #3154, #2571, #4910, .T. ) ;
#534 = EDGE_LOOP ( 'NONE', ( #184, #5574, #91, #5653 ) ) ;
#535 = DIRECTION ( 'NONE',  ( -1.000000000000000000, 0.000000000000000000, 0.000000000000000000 ) ) ;
#536 = ORIENTED_EDGE ( 'NONE', *, *, #6152, .F. ) ;
#537 = DIRECTION ( 'NONE',  ( 0.000000000000000000, 0.000000000000000000, -1.000000000000000000 ) ) ;
#538 = DIRECTION ( 'NONE',  ( 0.000000000000000000, -1.000000000000000000, 0.000000000000000000 ) ) ;
#539 = ORIENTED_EDGE ( 'NONE', *, *, #5516, .T. ) ;
#540 = CARTESIAN_POINT ( 'NONE',  ( -9.368776822539855331, -21.17742135461031694, -59.08776053593003752 ) ) ;
#541 = ORIENTED_EDGE ( 'NONE', *, *, #2154, .T. ) ;
#542 = ADVANCED_FACE ( 'NONE', ( #3371 ), #1636, .T. ) ;
#543 = CARTESIAN_POINT ( 'NONE',  ( -100.0000000000000000, 2.704597641062570723, -30.34703898461592431 ) ) ;
#544 = CARTESIAN_POINT ( 'NONE',  ( -13.05903646762328663, -20.50000000000001421, -61.69882110086204108 ) ) ;
#545 = ORIENTED_EDGE ( 'NONE', *, *, #3757, .F. ) ;
#546 = CARTESIAN_POINT ( 'NONE',  ( -9.999999999999996447, -26.50000000000000355, -5.500000000000005329 ) ) ;
#547 = ADVANCED_FACE ( 'NONE', ( #5927 ), #739, .F. ) ;
#548 = ORIENTED_EDGE ( 'NONE', *, *, #5866, .T. ) ;
#549 = CARTESIAN_POINT ( 'NONE',  ( -7.942857142857136843, -20.50000000000001421, -56.96790195447803740 ) ) ;
#550 = CARTESIAN_POINT ( 'NONE',  ( -23.07499999999999574, -29.00000000000000355, -8.000000000000017764 ) ) ;
#551 = LINE ( 'NONE', #5106, #5693 ) ;
#552 = VECTOR ( 'NONE', #3472, 1000.000000000000000 ) ;
#553 = FACE_OUTER_BOUND ( 'NONE', #2613, .T. ) ;
#554 = ORIENTED_EDGE ( 'NONE', *, *, #3178, .T. ) ;
#555 = VECTOR ( 'NONE', #52, 1000.000000000000000 ) ;
#557 = ORIENTED_EDGE ( 'NONE', *, *, #1238, .T. ) ;
#556 = FACE_OUTER_BOUND ( 'NONE', #24, .T. ) ;
#558 = ORIENTED_EDGE ( 'NONE', *, *, #5948, .F. ) ;
#559 = DIRECTION ( 'NONE',  ( 0.000000000000000000, 0.000000000000000000, 1.000000000000000000 ) ) ;
#560 = ORIENTED_EDGE ( 'NONE', *, *, #5573, .F. ) ;
#561 = DIRECTION ( 'NONE',  ( 0.000000000000000000, 0.000000000000000000, 1.000000000000000000 ) ) ;
#562 = VECTOR ( 'NONE', #5555, 1000.000000000000000 ) ;
#563 = AXIS2_PLACEMENT_3D ( 'NONE', #760, #5401, #6525 ) ;
#564 = FACE_OUTER_BOUND ( 'NONE', #3552, .T. ) ;
#565 = EDGE_CURVE ( 'NONE', #6432, #3509, #1973, .T. ) ;
#566 = CARTESIAN_POINT ( 'NONE',  ( -13.07499999999999929, -26.50000000000000711, -55.00000000000001421 ) ) ;
#567 = CIRCLE ( 'NONE', #4384, 7.000000000000006217 ) ;
#568 = ORIENTED_EDGE ( 'NONE', *, *, #51, .T. ) ;
#569 = DIRECTION ( 'NONE',  ( 0.000000000000000000, 0.000000000000000000, 1.000000000000000000 ) ) ;
#570 = FACE_OUTER_BOUND ( 'NONE', #519, .T. ) ;
#571 = CARTESIAN_POINT ( 'NONE',  ( -101.0587206533091233, 5.999999999999987566, -57.37652401873177865 ) ) ;
#572 = EDGE_CURVE ( 'NONE', #6728, #5537, #5552, .T. ) ;
#573 = VERTEX_POINT ( 'NONE', #1496 ) ;
#574 = VECTOR ( 'NONE', #5878, 1000.000000000000000 ) ;
#575 = DIRECTION ( 'NONE',  ( 1.334402673828313093E-16, -1.000000000000000000, 0.000000000000000000 ) ) ;
#576 = VECTOR ( 'NONE', #5717, 1000.000000000000000 ) ;
#577 = CARTESIAN_POINT ( 'NONE',  ( -70.15000000000000568, -30.50000000000001421, 0.000000000000000000 ) ) ;
#578 = DIRECTION ( 'NONE',  ( 1.000000000000000000, 0.000000000000000000, 0.000000000000000000 ) ) ;
#579 = EDGE_CURVE ( 'NONE', #195, #2123, #2996, .T. ) ;
#580 = VECTOR ( 'NONE', #171, 1000.000000000000000 ) ;
#581 = VERTEX_POINT ( 'NONE', #5665 ) ;
#582 = CARTESIAN_POINT ( 'NONE',  ( 3.999999999999996447, 14.49999999999999467, -2.000000000000043521 ) ) ;
#583 = ORIENTED_EDGE ( 'NONE', *, *, #3465, .T. ) ;
#584 = DIRECTION ( 'NONE',  ( 1.000000000000000000, 0.000000000000000000, 0.000000000000000000 ) ) ;
#585 = DIRECTION ( 'NONE',  ( 1.000000000000000000, 2.040851148208007505E-16, 0.000000000000000000 ) ) ;
#586 = CARTESIAN_POINT ( 'NONE',  ( -1.999999999999996669, -24.44226762545888221, -54.99999999999999289 ) ) ;
#587 = CIRCLE ( 'NONE', #1462, 17.00000000000000000 ) ;
#588 = ADVANCED_FACE ( 'NONE', ( #3987 ), #984, .F. ) ;
#589 = LINE ( 'NONE', #1642, #3630 ) ;
#590 = CARTESIAN_POINT ( 'NONE',  ( -100.0000000000000000, 1.552207410648924535, -3.960883190575414936 ) ) ;
#591 = ADVANCED_FACE ( 'NONE', ( #340 ), #4598, .F. ) ;
#592 = ORIENTED_EDGE ( 'NONE', *, *, #2498, .T. ) ;
#593 = VECTOR ( 'NONE', #5979, 1000.000000000000000 ) ;
#595 = ORIENTED_EDGE ( 'NONE', *, *, #98, .F. ) ;
#594 = CARTESIAN_POINT ( 'NONE',  ( -3.941279346690860663, 5.999999999999994671, -12.62347598126822845 ) ) ;
#596 = ORIENTED_EDGE ( 'NONE', *, *, #217, .F. ) ;
#597 = DIRECTION ( 'NONE',  ( -1.000000000000000000, 0.000000000000000000, 0.000000000000000000 ) ) ;
#598 = ORIENTED_EDGE ( 'NONE', *, *, #1800, .T. ) ;
#599 = ADVANCED_FACE ( 'NONE', ( #6703 ), #2281, .F. ) ;
#600 = LINE ( 'NONE', #2678, #1998 ) ;
#601 = AXIS2_PLACEMENT_3D ( 'NONE', #1423, #5142, #3441 ) ;
#602 = CARTESIAN_POINT ( 'NONE',  ( -95.00000000000002842, -26.50000000000001421, -5.500000000000005329 ) ) ;
#603 = AXIS2_PLACEMENT_3D ( 'NONE', #1070, #1514, #6652 ) ;
#604 = CARTESIAN_POINT ( 'NONE',  ( 0.000000000000000000, -24.50000000000001421, -64.50000000000000000 ) ) ;
#605 = ORIENTED_EDGE ( 'NONE', *, *, #653, .F. ) ;
#606 = PLANE ( 'NONE',  #2841 ) ;
#607 = CARTESIAN_POINT ( 'NONE',  ( 0.000000000000000000, 0.000000000000000000, -70.00000000000000000 ) ) ;
#608 = DIRECTION ( 'NONE',  ( -1.314184451497580735E-17, 1.000000000000000000, 0.000000000000000000 ) ) ;
#609 = ORIENTED_EDGE ( 'NONE', *, *, #4129, .F. ) ;
#610 = AXIS2_PLACEMENT_3D ( 'NONE', #132, #2208, #4387 ) ;
#611 = CARTESIAN_POINT ( 'NONE',  ( -7.900000000000000355, -20.50000000000000355, -10.54075870073009646 ) ) ;
#612 = PLANE ( 'NONE',  #3487 ) ;
#613 = FACE_OUTER_BOUND ( 'NONE', #1644, .T. ) ;
#614 = CIRCLE ( 'NONE', #522, 2.125000000000001776 ) ;
#615 = FACE_BOUND ( 'NONE', #3579, .T. ) ;
#616 = VECTOR ( 'NONE', #846, 1000.000000000000000 ) ;
#617 = EDGE_CURVE ( 'NONE', #2668, #3061, #4350, .T. ) ;
#619 = VERTEX_POINT ( 'NONE', #1759 ) ;
#618 = CARTESIAN_POINT ( 'NONE',  ( -19.99999999999998934, -1.500000000000011768, -9.499999999999994671 ) ) ;
#620 = CARTESIAN_POINT ( 'NONE',  ( -8.612592833416938376, -20.81032870482098218, -12.57116415329957881 ) ) ;
#621 = CARTESIAN_POINT ( 'NONE',  ( -1.999999999999997780, -24.31359616712686034, -55.80076954050746707 ) ) ;
#622 = CARTESIAN_POINT ( 'NONE',  ( -9.999999999999996447, -20.50000000000001421, -53.53742629280863952 ) ) ;
#623 = DIRECTION ( 'NONE',  ( -1.000000000000000000, -0.000000000000000000, -0.000000000000000000 ) ) ;
#624 = CIRCLE ( 'NONE', #1501, 2.125000000000002665 ) ;
#625 = ORIENTED_EDGE ( 'NONE', *, *, #5003, .F. ) ;
#626 = CARTESIAN_POINT ( 'NONE',  ( -13.03867920671461711, -20.50000000000001421, -8.320862669305421733 ) ) ;
#627 = EDGE_CURVE ( 'NONE', #962, #262, #4318, .T. ) ;
#628 = CARTESIAN_POINT ( 'NONE',  ( -19.99999999999999645, 5.999999999999994671, -50.49999999999999289 ) ) ;
#629 = EDGE_LOOP ( 'NONE', ( #2375, #5734 ) ) ;
#630 = DIRECTION ( 'NONE',  ( -1.000000000000000000, 0.000000000000000000, 0.000000000000000000 ) ) ;
#631 = VERTEX_POINT ( 'NONE', #5337 ) ;
#632 = DIRECTION ( 'NONE',  ( 0.000000000000000000, 0.000000000000000000, -1.000000000000000000 ) ) ;
#633 = DIRECTION ( 'NONE',  ( 1.214306433183765755E-15, 1.000000000000000000, 0.000000000000000000 ) ) ;
#634 = EDGE_CURVE ( 'NONE', #4025, #2651, #1253, .T. ) ;
#635 = CARTESIAN_POINT ( 'NONE',  ( -105.0000000000000142, 9.499999999999991118, -6.999999999999999112 ) ) ;
#636 = VERTEX_POINT ( 'NONE', #6398 ) ;
#637 = FACE_OUTER_BOUND ( 'NONE', #6004, .T. ) ;
#638 = DIRECTION ( 'NONE',  ( 1.214306433183765755E-15, 1.000000000000000000, 0.000000000000000000 ) ) ;
#639 = CARTESIAN_POINT ( 'NONE',  ( -105.0000000000000142, 1.552207410648924535, -63.91411680942459128 ) ) ;
#640 = ORIENTED_EDGE ( 'NONE', *, *, #5435, .F. ) ;
#641 = CARTESIAN_POINT ( 'NONE',  ( -43.07499999999999574, -30.50000000000001066, -62.00000000000002132 ) ) ;
#642 = FACE_BOUND ( 'NONE', #5541, .T. ) ;
#643 = CARTESIAN_POINT ( 'NONE',  ( -64.40000000000000568, -20.50000000000001066, -62.54075870073010179 ) ) ;
#644 = ORIENTED_EDGE ( 'NONE', *, *, #5016, .T. ) ;
#645 = PLANE ( 'NONE',  #498 ) ;
#646 = ORIENTED_EDGE ( 'NONE', *, *, #3074, .F. ) ;
#648 = EDGE_LOOP ( 'NONE', ( #3428, #6317, #1489, #4361 ) ) ;
#647 = CARTESIAN_POINT ( 'NONE',  ( -2.000000000000000000, 0.000000000000000000, 0.000000000000000000 ) ) ;
#649 = CARTESIAN_POINT ( 'NONE',  ( -9.063391382733081869, -21.31439609927188528, -11.92824675728809503 ) ) ;
#650 = PLANE ( 'NONE',  #3942 ) ;
#651 = CARTESIAN_POINT ( 'NONE',  ( -13.05903646762328663, -24.50000000000001421, -61.69882110086204108 ) ) ;
#652 = CARTESIAN_POINT ( 'NONE',  ( 2.499999999999998668, 1.500000000000001332, -57.99999999999999289 ) ) ;
#653 = EDGE_CURVE ( 'NONE', #6684, #3080, #5880, .T. ) ;
#654 = VERTEX_POINT ( 'NONE', #5371 ) ;
#655 = DIRECTION ( 'NONE',  ( 0.000000000000000000, 0.000000000000000000, 1.000000000000000000 ) ) ;
#656 = DIRECTION ( 'NONE',  ( -1.000000000000000000, 1.224510688924804010E-15, 0.000000000000000000 ) ) ;
#657 = AXIS2_PLACEMENT_3D ( 'NONE', #952, #2928, #2488 ) ;
#658 = EDGE_LOOP ( 'NONE', ( #3360, #558, #5656, #835, #754, #5396 ) ) ;
#659 = ORIENTED_EDGE ( 'NONE', *, *, #4663, .T. ) ;
#661 = CARTESIAN_POINT ( 'NONE',  ( -82.50613276073386260, -6.000000000000001776, -2.750000000000043965 ) ) ;
#660 =( NAMED_UNIT ( * ) SI_UNIT ( $, .STERADIAN. ) SOLID_ANGLE_UNIT ( ) );
#662 = CARTESIAN_POINT ( 'NONE',  ( -3.472052334790273864, -24.30339328879162508, -64.50000000000001421 ) ) ;
#663 = DIRECTION ( 'NONE',  ( 0.000000000000000000, 0.000000000000000000, -1.000000000000000000 ) ) ;
#664 = ADVANCED_FACE ( 'NONE', ( #698 ), #2785, .F. ) ;
#665 = AXIS2_PLACEMENT_3D ( 'NONE', #1398, #1978, #4022 ) ;
#666 = LINE ( 'NONE', #3799, #4643 ) ;
#667 = VECTOR ( 'NONE', #1454, 1000.000000000000000 ) ;
#668 = PLANE ( 'NONE',  #6117 ) ;
#669 = VECTOR ( 'NONE', #329, 1000.000000000000000 ) ;
#670 = DIRECTION ( 'NONE',  ( -1.000000000000000000, 0.000000000000000000, 0.000000000000000000 ) ) ;
#671 = CARTESIAN_POINT ( 'NONE',  ( -1.999999999999996225, -24.38006993562893854, -14.61138322146451252 ) ) ;
#672 = EDGE_CURVE ( 'NONE', #2186, #1828, #2945, .T. ) ;
#673 = EDGE_CURVE ( 'NONE', #4798, #3026, #229, .T. ) ;
#674 = VECTOR ( 'NONE', #2402, 1000.000000000000000 ) ;
#675 = DIRECTION ( 'NONE',  ( 0.000000000000000000, 0.000000000000000000, -1.000000000000000000 ) ) ;
#676 = DIRECTION ( 'NONE',  ( 1.321694076934710155E-16, -1.000000000000000000, 0.000000000000000000 ) ) ;
#677 = LINE ( 'NONE', #3242, #5579 ) ;
#678 = AXIS2_PLACEMENT_3D ( 'NONE', #1944, #6144, #6610 ) ;
#679 = VERTEX_POINT ( 'NONE', #6003 ) ;
#680 = CIRCLE ( 'NONE', #5365, 1.500000000000001332 ) ;
#681 = ORIENTED_EDGE ( 'NONE', *, *, #1871, .T. ) ;
#683 = EDGE_LOOP ( 'NONE', ( #4605, #681, #3594, #5981 ) ) ;
#682 = FACE_OUTER_BOUND ( 'NONE', #3375, .T. ) ;
#684 = CARTESIAN_POINT ( 'NONE',  ( -1.999999999999996669, -24.44226762545888221, -54.99999999999999289 ) ) ;
#685 = ORIENTED_EDGE ( 'NONE', *, *, #2799, .F. ) ;
#686 = CARTESIAN_POINT ( 'NONE',  ( -22.49386723926605924, -6.000000000000000888, -2.750000000000029754 ) ) ;
#687 = CARTESIAN_POINT ( 'NONE',  ( -105.0000000000000142, -33.39999999999999858, -44.44951133429615453 ) ) ;
#688 = AXIS2_PLACEMENT_3D ( 'NONE', #1140, #5809, #5777 ) ;
#689 = VERTEX_POINT ( 'NONE', #6040 ) ;
#690 = DIRECTION ( 'NONE',  ( -1.314184451497580735E-17, 1.000000000000000000, 0.000000000000000000 ) ) ;
#691 = CARTESIAN_POINT ( 'NONE',  ( -103.1837206533091233, 9.499999999999992895, -66.70463781045448570 ) ) ;
#692 = VECTOR ( 'NONE', #2484, 1000.000000000000000 ) ;
#693 = ORIENTED_EDGE ( 'NONE', *, *, #6464, .T. ) ;
#694 = DIRECTION ( 'NONE',  ( 0.000000000000000000, 0.7071067811865500152, -0.7071067811865451302 ) ) ;
#695 = DIRECTION ( 'NONE',  ( 1.321694076934710155E-16, -1.000000000000000000, 0.000000000000000000 ) ) ;
#696 = AXIS2_PLACEMENT_3D ( 'NONE', #3479, #716, #822 ) ;
#697 = DIRECTION ( 'NONE',  ( 0.000000000000000000, 0.000000000000000000, -1.000000000000000000 ) ) ;
#698 = FACE_OUTER_BOUND ( 'NONE', #3086, .T. ) ;
#699 = ADVANCED_FACE ( 'NONE', ( #3477 ), #1333, .T. ) ;
#700 = AXIS2_PLACEMENT_3D ( 'NONE', #5505, #4518, #4967 ) ;
#701 = CARTESIAN_POINT ( 'NONE',  ( -43.07499999999999574, -30.50000000000001066, -25.00000000000001776 ) ) ;
#702 = LINE ( 'NONE', #1358, #3725 ) ;
#703 = DIRECTION ( 'NONE',  ( -1.321694076934710155E-16, 1.000000000000000000, 0.000000000000000000 ) ) ;
#704 = ORIENTED_EDGE ( 'NONE', *, *, #5398, .T. ) ;
#705 = AXIS2_PLACEMENT_3D ( 'NONE', #2009, #910, #6572 ) ;
#706 = DIRECTION ( 'NONE',  ( 1.224646799147353700E-16, -1.000000000000000000, 0.000000000000000000 ) ) ;
#707 = EDGE_CURVE ( 'NONE', #1981, #5896, #2967, .T. ) ;
#708 = LINE ( 'NONE', #1734, #3562 ) ;
#709 = CYLINDRICAL_SURFACE ( 'NONE', #3281, 2.125000000000000000 ) ;
#710 = CARTESIAN_POINT ( 'NONE',  ( 0.000000000000000000, 9.500000000000005329, -63.00000000000000000 ) ) ;
#711 = VECTOR ( 'NONE', #2108, 1000.000000000000000 ) ;
#712 = ORIENTED_EDGE ( 'NONE', *, *, #579, .T. ) ;
#713 = EDGE_CURVE ( 'NONE', #1650, #581, #384, .T. ) ;
#715 = ORIENTED_EDGE ( 'NONE', *, *, #3680, .F. ) ;
#714 = CARTESIAN_POINT ( 'NONE',  ( 3.469446951953614189E-15, -36.50000000000000711, 0.000000000000000000 ) ) ;
#716 = DIRECTION ( 'NONE',  ( -1.224646799147353700E-16, 1.000000000000000000, 0.000000000000000000 ) ) ;
#717 = VERTEX_POINT ( 'NONE', #1280 ) ;
#718 = CIRCLE ( 'NONE', #4538, 10.00000000000000178 ) ;
#719 = CARTESIAN_POINT ( 'NONE',  ( -1.999999999999997113, -24.39248688754016925, -55.40356196873601391 ) ) ;
#720 = CARTESIAN_POINT ( 'NONE',  ( -10.44003109421520570, -0.2503884054778566792, -16.24961159452217174 ) ) ;
#721 = DIRECTION ( 'NONE',  ( 0.000000000000000000, -1.000000000000000000, 0.000000000000000000 ) ) ;
#722 = AXIS2_PLACEMENT_3D ( 'NONE', #6210, #3075, #6646 ) ;
#723 = ORIENTED_EDGE ( 'NONE', *, *, #2877, .F. ) ;
#724 = DIRECTION ( 'NONE',  ( -1.000000000000000000, 0.000000000000000000, 0.000000000000000000 ) ) ;
#725 = DIRECTION ( 'NONE',  ( 1.224646799147353700E-16, -1.000000000000000000, 0.000000000000000000 ) ) ;
#726 = ORIENTED_EDGE ( 'NONE', *, *, #2972, .F. ) ;
#727 = CARTESIAN_POINT ( 'NONE',  ( -100.0000000000000000, -33.39999999999999858, -29.80048866570383836 ) ) ;
#728 = EDGE_LOOP ( 'NONE', ( #6411, #4440, #180, #3159 ) ) ;
#729 = CARTESIAN_POINT ( 'NONE',  ( -6.625000000000000888, -25.50000000000000355, -4.500000000000003553 ) ) ;
#730 = CARTESIAN_POINT ( 'NONE',  ( -43.07499999999999574, -29.00000000000000711, -25.00000000000001776 ) ) ;
#731 = EDGE_CURVE ( 'NONE', #1343, #125, #2409, .T. ) ;
#732 = VECTOR ( 'NONE', #148, 1000.000000000000000 ) ;
#733 = CARTESIAN_POINT ( 'NONE',  ( -70.15000000000000568, -36.50000000000001421, 0.000000000000000000 ) ) ;
#734 = CARTESIAN_POINT ( 'NONE',  ( -4.899999999999997691, -24.50000000000001421, -10.54075870073009646 ) ) ;
#735 = CARTESIAN_POINT ( 'NONE',  ( -8.406110423788163644, -20.64435288223949883, -57.30771010170433044 ) ) ;
#736 = LINE ( 'NONE', #2821, #1900 ) ;
#737 = EDGE_CURVE ( 'NONE', #2123, #4032, #3464, .T. ) ;
#738 = VERTEX_POINT ( 'NONE', #3711 ) ;
#739 = CYLINDRICAL_SURFACE ( 'NONE', #1096, 2.125000000000001776 ) ;
#740 =( NAMED_UNIT ( * ) SI_UNIT ( $, .STERADIAN. ) SOLID_ANGLE_UNIT ( ) );
#741 = DIRECTION ( 'NONE',  ( -1.000000000000000000, -1.224646799147353700E-16, 0.000000000000000000 ) ) ;
#742 = DIRECTION ( 'NONE',  ( 0.000000000000000000, 0.000000000000000000, 1.000000000000000000 ) ) ;
#743 = ORIENTED_EDGE ( 'NONE', *, *, #2387, .T. ) ;
#744 = EDGE_CURVE ( 'NONE', #5400, #1552, #2837, .T. ) ;
#745 = VERTEX_POINT ( 'NONE', #1130 ) ;
#747 = ORIENTED_EDGE ( 'NONE', *, *, #5084, .F. ) ;
#746 = CARTESIAN_POINT ( 'NONE',  ( -1.337658215484897495, -24.50000000000001421, -15.00000000000000711 ) ) ;
#748 = DIRECTION ( 'NONE',  ( 1.000000000000000000, 0.000000000000000000, 3.081487911019577365E-33 ) ) ;
#749 = ORIENTED_EDGE ( 'NONE', *, *, #3794, .T. ) ;
#750 = CARTESIAN_POINT ( 'NONE',  ( -9.999999999999996447, -24.50000000000001421, 0.000000000000000000 ) ) ;
#751 = CARTESIAN_POINT ( 'NONE',  ( -9.412830349886533554, -23.55216298875810566, -60.28045510613456059 ) ) ;
#752 = DIRECTION ( 'NONE',  ( -1.321694076934710155E-16, 1.000000000000000000, -0.000000000000000000 ) ) ;
#753 = EDGE_CURVE ( 'NONE', #3582, #3849, #2151, .T. ) ;
#754 = ORIENTED_EDGE ( 'NONE', *, *, #4386, .F. ) ;
#755 = EDGE_CURVE ( 'NONE', #4660, #5978, #5830, .T. ) ;
#756 = DIRECTION ( 'NONE',  ( 0.000000000000000000, 0.000000000000000000, 1.000000000000000000 ) ) ;
#757 = DIRECTION ( 'NONE',  ( 1.224646799147353700E-16, -1.000000000000000000, 0.000000000000000000 ) ) ;
#758 = EDGE_LOOP ( 'NONE', ( #1972, #6626, #6209 ) ) ;
#760 = CARTESIAN_POINT ( 'NONE',  ( 4.000000000000000000, -0.0009309999067057261879, -63.76188481852116041 ) ) ;
#759 = FILL_AREA_STYLE ('',( #3828 ) ) ;
#761 = ORIENTED_EDGE ( 'NONE', *, *, #5544, .F. ) ;
#762 = FACE_OUTER_BOUND ( 'NONE', #5821, .T. ) ;
#763 = CARTESIAN_POINT ( 'NONE',  ( -43.07499999999999574, -30.50000000000001066, -45.00000000000002132 ) ) ;
#764 = ORIENTED_EDGE ( 'NONE', *, *, #1761, .F. ) ;
#765 = AXIS2_PLACEMENT_3D ( 'NONE', #5917, #200, #2248 ) ;
#766 = CARTESIAN_POINT ( 'NONE',  ( -20.00000000000000000, -24.50000000000001421, -5.500000000000005329 ) ) ;
#767 = CARTESIAN_POINT ( 'NONE',  ( -65.50000000000001421, -25.50000000000000711, -65.50000000000000000 ) ) ;
#768 = EDGE_CURVE ( 'NONE', #4058, #1572, #4686, .T. ) ;
#769 = DIRECTION ( 'NONE',  ( -1.000000000000000000, 0.000000000000000000, 0.000000000000000000 ) ) ;
#770 = CIRCLE ( 'NONE', #4491, 3.000000000000009770 ) ;
#771 = CARTESIAN_POINT ( 'NONE',  ( -9.999999999999994671, 9.500000000000005329, 0.000000000000000000 ) ) ;
#772 = VERTEX_POINT ( 'NONE', #4773 ) ;
#773 = LINE ( 'NONE', #77, #5732 ) ;
#774 = TOROIDAL_SURFACE ( 'NONE', #5463, 7.000000000000002665, 4.000000000000000000 ) ;
#775 = AXIS2_PLACEMENT_3D ( 'NONE', #875, #5632, #4094 ) ;
#776 = CARTESIAN_POINT ( 'NONE',  ( 4.000000000000000000, -1.387778780781445676E-14, -13.50000000000001243 ) ) ;
#777 = DIRECTION ( 'NONE',  ( 1.224646799147353700E-16, -1.000000000000000000, 0.000000000000000000 ) ) ;
#778 = EDGE_CURVE ( 'NONE', #5362, #5837, #2117, .T. ) ;
#779 = CARTESIAN_POINT ( 'NONE',  ( -4.564814294853537291, -24.14903298019148181, -5.500000000000006217 ) ) ;
#780 = ORIENTED_EDGE ( 'NONE', *, *, #179, .T. ) ;
#781 = AXIS2_PLACEMENT_3D ( 'NONE', #2185, #3310, #5381 ) ;
#782 = ORIENTED_EDGE ( 'NONE', *, *, #3697, .F. ) ;
#783 = DIRECTION ( 'NONE',  ( -1.000000000000000000, 0.000000000000000000, 0.000000000000000000 ) ) ;
#784 = CIRCLE ( 'NONE', #3619, 2.125000000000001776 ) ;
#785 = CARTESIAN_POINT ( 'NONE',  ( 4.000000000000003553, -22.05838814962352146, -63.76188481852116041 ) ) ;
#786 = ORIENTED_EDGE ( 'NONE', *, *, #5640, .F. ) ;
#787 = EDGE_CURVE ( 'NONE', #850, #1947, #4291, .T. ) ;
#788 = CYLINDRICAL_SURFACE ( 'NONE', #1332, 15.00000000000000355 ) ;
#789 = CARTESIAN_POINT ( 'NONE',  ( 3.999999999999996447, 14.49999999999999467, -2.000000000000043521 ) ) ;
#790 = CIRCLE ( 'NONE', #40, 10.00000000000000000 ) ;
#791 = ORIENTED_EDGE ( 'NONE', *, *, #2446, .F. ) ;
#792 = ORIENTED_EDGE ( 'NONE', *, *, #4727, .T. ) ;
#793 = DIRECTION ( 'NONE',  ( -1.321694076934710155E-16, 1.000000000000000000, -0.000000000000000000 ) ) ;
#794 = DIRECTION ( 'NONE',  ( 1.000000000000000000, 0.000000000000000000, 0.000000000000000000 ) ) ;
#795 = ORIENTED_EDGE ( 'NONE', *, *, #128, .F. ) ;
#797 = FACE_OUTER_BOUND ( 'NONE', #5001, .T. ) ;
#796 = CARTESIAN_POINT ( 'NONE',  ( -9.999999999999989342, 2.499999999999988454, -54.99999999999999289 ) ) ;
#798 = EDGE_CURVE ( 'NONE', #2668, #6193, #2518, .T. ) ;
#799 = AXIS2_PLACEMENT_3D ( 'NONE', #5871, #381, #4507 ) ;
#800 = EDGE_CURVE ( 'NONE', #5696, #5440, #6304, .T. ) ;
#801 = ORIENTED_EDGE ( 'NONE', *, *, #1800, .F. ) ;
#802 = DIRECTION ( 'NONE',  ( 1.224646799147353700E-16, -1.000000000000000000, 0.000000000000000000 ) ) ;
#803 = CARTESIAN_POINT ( 'NONE',  ( -100.0000000000000000, 2.704597641062571167, -32.47203898461592786 ) ) ;
#804 = VERTEX_POINT ( 'NONE', #140 ) ;
#805 = CIRCLE ( 'NONE', #3094, 2.125000000000000000 ) ;
#806 = CARTESIAN_POINT ( 'NONE',  ( -23.07499999999999574, -30.50000000000000711, -10.00000000000001954 ) ) ;
#807 = EDGE_CURVE ( 'NONE', #5553, #1821, #6373, .T. ) ;
#808 = FACE_BOUND ( 'NONE', #4613, .T. ) ;
#809 = FACE_OUTER_BOUND ( 'NONE', #5608, .T. ) ;
#810 = CIRCLE ( 'NONE', #4625, 17.00000000000000711 ) ;
#811 = DIRECTION ( 'NONE',  ( -1.321694076934710155E-16, 1.000000000000000000, 2.736911063134408342E-48 ) ) ;
#812 = AXIS2_PLACEMENT_3D ( 'NONE', #4454, #6523, #1856 ) ;
#813 = VECTOR ( 'NONE', #5674, 1000.000000000000114 ) ;
#814 = DIRECTION ( 'NONE',  ( 1.000000000000000000, 0.000000000000000000, 0.000000000000000000 ) ) ;
#815 = CARTESIAN_POINT ( 'NONE',  ( -19.99999999999999645, 5.999999999999994671, -60.50000000000000000 ) ) ;
#816 = CYLINDRICAL_SURFACE ( 'NONE', #6710, 15.00000000000000178 ) ;
#817 = CARTESIAN_POINT ( 'NONE',  ( -95.00000000000000000, 9.499999999999984013, -70.00000000000000000 ) ) ;
#818 = CARTESIAN_POINT ( 'NONE',  ( -105.0000000000000142, 9.499999999999998224, -70.00000000000000000 ) ) ;
#819 = AXIS2_PLACEMENT_3D ( 'NONE', #5319, #4950, #1325 ) ;
#820 = DIRECTION ( 'NONE',  ( 3.081487911019577365E-33, 3.630825033521964024E-49, -1.000000000000000000 ) ) ;
#821 = VECTOR ( 'NONE', #1187, 1000.000000000000000 ) ;
#822 = DIRECTION ( 'NONE',  ( -1.000000000000000000, 0.000000000000000000, 0.000000000000000000 ) ) ;
#823 = ORIENTED_EDGE ( 'NONE', *, *, #5957, .T. ) ;
#824 = CARTESIAN_POINT ( 'NONE',  ( -10.00995408577336399, -24.49999999859085875, -14.94261699587781145 ) ) ;
#825 = DIRECTION ( 'NONE',  ( -1.000000000000000000, 1.224510688924804010E-15, 0.000000000000000000 ) ) ;
#826 = CIRCLE ( 'NONE', #3432, 2.125000000000000444 ) ;
#827 = ORIENTED_EDGE ( 'NONE', *, *, #921, .F. ) ;
#828 = ADVANCED_FACE ( 'NONE', ( #4739 ), #612, .F. ) ;
#829 = ORIENTED_EDGE ( 'NONE', *, *, #6054, .F. ) ;
#830 = CARTESIAN_POINT ( 'NONE',  ( -105.0000000000000142, 5.999999999999981348, -6.999999999999999112 ) ) ;
#831 = CARTESIAN_POINT ( 'NONE',  ( -105.0000000000000142, 5.999999999999981348, -6.999999999999999112 ) ) ;
#832 = ORIENTED_EDGE ( 'NONE', *, *, #533, .F. ) ;
#833 = DIRECTION ( 'NONE',  ( 1.321694076934710155E-16, -1.000000000000000000, 0.000000000000000000 ) ) ;
#834 = EDGE_LOOP ( 'NONE', ( #2055, #5467, #3526, #4018, #1945 ) ) ;
#835 = ORIENTED_EDGE ( 'NONE', *, *, #5163, .F. ) ;
#836 = CARTESIAN_POINT ( 'NONE',  ( -105.0000000000000142, 1.552207410648924757, -6.085883190575414936 ) ) ;
#837 = VECTOR ( 'NONE', #73, 1000.000000000000000 ) ;
#838 = VERTEX_POINT ( 'NONE', #2721 ) ;
#839 = EDGE_CURVE ( 'NONE', #5103, #5015, #6107, .T. ) ;
#840 = DIRECTION ( 'NONE',  ( 0.000000000000000000, 1.000000000000000000, 0.000000000000000000 ) ) ;
#841 = LINE ( 'NONE', #4043, #555 ) ;
#842 = DIRECTION ( 'NONE',  ( 1.000000000000000000, 0.000000000000000000, 0.000000000000000000 ) ) ;
#843 = LINE ( 'NONE', #771, #2984 ) ;
#844 = EDGE_CURVE ( 'NONE', #6128, #4790, #2184, .T. ) ;
#845 = DIRECTION ( 'NONE',  ( 0.000000000000000000, 0.000000000000000000, 1.000000000000000000 ) ) ;
#846 = DIRECTION ( 'NONE',  ( 1.232595164407830946E-32, 1.509493722736556357E-48, -1.000000000000000000 ) ) ;
#847 = DIRECTION ( 'NONE',  ( 0.7071067811865509034, 0.7071067811865442421, 0.000000000000000000 ) ) ;
#848 = PLANE ( 'NONE',  #6557 ) ;
#849 = EDGE_LOOP ( 'NONE', ( #330, #6537 ) ) ;
#850 = VERTEX_POINT ( 'NONE', #2256 ) ;
#851 = ORIENTED_EDGE ( 'NONE', *, *, #4462, .F. ) ;
#852 = CARTESIAN_POINT ( 'NONE',  ( -43.07499999999999574, -29.00000000000000711, -60.00000000000002842 ) ) ;
#853 = DIRECTION ( 'NONE',  ( 1.224646799147353700E-16, -1.000000000000000000, 0.000000000000000000 ) ) ;
#854 = DIRECTION ( 'NONE',  ( 1.224646799147353700E-16, -1.000000000000000000, 0.000000000000000000 ) ) ;
#855 = CARTESIAN_POINT ( 'NONE',  ( -8.703905493396307591, -20.90625431631150732, -12.46706135308846086 ) ) ;
#856 = ADVANCED_FACE ( 'NONE', ( #2220 ), #4705, .F. ) ;
#857 = DIRECTION ( 'NONE',  ( 0.000000000000000000, 0.000000000000000000, 1.000000000000000000 ) ) ;
#858 = ORIENTED_EDGE ( 'NONE', *, *, #5049, .F. ) ;
#859 = VERTEX_POINT ( 'NONE', #6338 ) ;
#860 = DIRECTION ( 'NONE',  ( -1.000000000000000000, 1.224510688924804010E-15, 0.000000000000000000 ) ) ;
#861 = LINE ( 'NONE', #2878, #6689 ) ;
#862 = ORIENTED_EDGE ( 'NONE', *, *, #4469, .F. ) ;
#863 = VERTEX_POINT ( 'NONE', #1667 ) ;
#864 = EDGE_CURVE ( 'NONE', #933, #4549, #1701, .T. ) ;
#865 = LINE ( 'NONE', #5032, #6145 ) ;
#866 = ORIENTED_EDGE ( 'NONE', *, *, #3757, .T. ) ;
#867 = LINE ( 'NONE', #6600, #5627 ) ;
#868 = CARTESIAN_POINT ( 'NONE',  ( -6.625000000000004441, -30.50000000000000355, -65.50000000000001421 ) ) ;
#869 = EDGE_CURVE ( 'NONE', #3859, #5553, #5862, .T. ) ;
#870 = DIRECTION ( 'NONE',  ( -1.224646799147353700E-16, 1.000000000000000000, -3.016910393003142366E-16 ) ) ;
#871 = DIRECTION ( 'NONE',  ( 1.224646799147353700E-16, -1.000000000000000000, 0.000000000000000000 ) ) ;
#872 = VECTOR ( 'NONE', #676, 1000.000000000000000 ) ;
#873 = CARTESIAN_POINT ( 'NONE',  ( -82.50613276073386260, -5.999999999999999112, -67.25000000000000000 ) ) ;
#874 = ORIENTED_EDGE ( 'NONE', *, *, #6424, .F. ) ;
#875 = CARTESIAN_POINT ( 'NONE',  ( 0.000000000000000000, 9.500000000000005329, -70.00000000000000000 ) ) ;
#876 = AXIS2_PLACEMENT_3D ( 'NONE', #5311, #1086, #5210 ) ;
#877 = CARTESIAN_POINT ( 'NONE',  ( -2.375000000000000888, -25.50000000000000355, -4.500000000000003553 ) ) ;
#878 = ADVANCED_FACE ( 'NONE', ( #642, #6277, #1193, #1603, #3270, #3443 ), #3920, .F. ) ;
#879 = DIRECTION ( 'NONE',  ( 1.321694076934710155E-16, -1.000000000000000000, 0.000000000000000000 ) ) ;
#880 = EDGE_LOOP ( 'NONE', ( #71, #2098, #273, #4580 ) ) ;
#881 = ORIENTED_EDGE ( 'NONE', *, *, #4224, .F. ) ;
#882 = ADVANCED_FACE ( 'NONE', ( #2862, #240 ), #3955, .T. ) ;
#883 = FACE_OUTER_BOUND ( 'NONE', #3518, .T. ) ;
#884 = VERTEX_POINT ( 'NONE', #3884 ) ;
#885 = VECTOR ( 'NONE', #1611, 1000.000000000000000 ) ;
#886 = CARTESIAN_POINT ( 'NONE',  ( -70.28183768826342259, -26.50000000000001066, -54.50000000000000000 ) ) ;
#887 = CARTESIAN_POINT ( 'NONE',  ( -9.999999999999996447, -24.50000000000001421, 0.000000000000000000 ) ) ;
#888 = ADVANCED_FACE ( 'NONE', ( #5965 ), #2395, .T. ) ;
#889 = DIRECTION ( 'NONE',  ( -2.168404344971006896E-16, 0.000000000000000000, -1.000000000000000000 ) ) ;
#890 = AXIS2_PLACEMENT_3D ( 'NONE', #1348, #5330, #3865 ) ;
#891 = VERTEX_POINT ( 'NONE', #3373 ) ;
#892 = VERTEX_POINT ( 'NONE', #1228 ) ;
#893 = VECTOR ( 'NONE', #3266, 1000.000000000000000 ) ;
#894 = CYLINDRICAL_SURFACE ( 'NONE', #3207, 10.00000000000000000 ) ;
#895 = FACE_OUTER_BOUND ( 'NONE', #5085, .T. ) ;
#896 = VERTEX_POINT ( 'NONE', #4878 ) ;
#897 = ORIENTED_EDGE ( 'NONE', *, *, #2079, .T. ) ;
#898 = CARTESIAN_POINT ( 'NONE',  ( 3.469446951953614189E-15, -19.93338814962351790, -63.76188481852116041 ) ) ;
#899 = AXIS2_PLACEMENT_3D ( 'NONE', #1455, #1491, #2581 ) ;
#900 = ORIENTED_EDGE ( 'NONE', *, *, #5923, .T. ) ;
#901 = EDGE_CURVE ( 'NONE', #3442, #4306, #3309, .T. ) ;
#902 = FACE_OUTER_BOUND ( 'NONE', #2328, .T. ) ;
#903 = AXIS2_PLACEMENT_3D ( 'NONE', #1072, #4138, #6312 ) ;
#904 = ORIENTED_EDGE ( 'NONE', *, *, #4594, .T. ) ;
#905 = CARTESIAN_POINT ( 'NONE',  ( -60.07499999999999574, -29.00000000000000711, -45.00000000000002132 ) ) ;
#906 = DIRECTION ( 'NONE',  ( -1.176083712526648949E-16, 0.000000000000000000, -1.000000000000000000 ) ) ;
#907 = CARTESIAN_POINT ( 'NONE',  ( -69.15855291163819629, -23.50000000000001066, -64.50000000000000000 ) ) ;
#908 = EDGE_CURVE ( 'NONE', #2638, #631, #996, .T. ) ;
#909 = ORIENTED_EDGE ( 'NONE', *, *, #5141, .T. ) ;
#910 = DIRECTION ( 'NONE',  ( -0.000000000000000000, 1.000000000000000000, -0.000000000000000000 ) ) ;
#911 = EDGE_LOOP ( 'NONE', ( #3969, #5275, #5031, #5742 ) ) ;
#912 = DIRECTION ( 'NONE',  ( 1.214306433183765755E-15, 1.000000000000000000, 0.000000000000000000 ) ) ;
#913 = DIRECTION ( 'NONE',  ( 1.000000000000000000, 1.224646799147353700E-16, 0.000000000000000000 ) ) ;
#914 = LINE ( 'NONE', #4668, #3831 ) ;
#915 = ORIENTED_EDGE ( 'NONE', *, *, #4404, .F. ) ;
#916 = ORIENTED_EDGE ( 'NONE', *, *, #466, .T. ) ;
#917 = B_SPLINE_CURVE_WITH_KNOTS ( 'NONE', 3,
 ( #3259, #5331, #4762, #4829, #1689, #662, #2068, #3124 ),
 .UNSPECIFIED., .F., .F.,
 ( 4, 2, 2, 4 ),
 ( 0.004986132425431630787, 0.006104417273887594898, 0.007222702122343559877, 0.009459271819255488101 ),
 .UNSPECIFIED. ) ;
#918 = CARTESIAN_POINT ( 'NONE',  ( -10.00969111844213089, -24.49999999848470011, -55.04954370996765078 ) ) ;
#919 = EDGE_LOOP ( 'NONE', ( #4107, #1170, #3112, #554, #4524, #5787 ) ) ;
#920 = VECTOR ( 'NONE', #2279, 1000.000000000000000 ) ;
#921 = EDGE_CURVE ( 'NONE', #4394, #3631, #5379, .T. ) ;
#922 = DIRECTION ( 'NONE',  ( 2.914335439641035288E-14, 0.000000000000000000, 1.000000000000000000 ) ) ;
#923 = LINE ( 'NONE', #3892, #405 ) ;
#924 = CARTESIAN_POINT ( 'NONE',  ( -43.07499999999999574, -26.50000000000001066, -15.00000000000001954 ) ) ;
#925 = CARTESIAN_POINT ( 'NONE',  ( -95.00000000000000000, -1.999999999999994893, -19.49999999999998934 ) ) ;
#926 = VECTOR ( 'NONE', #1277, 1000.000000000000000 ) ;
#927 = EDGE_CURVE ( 'NONE', #4610, #4582, #1323, .T. ) ;
#928 = ORIENTED_EDGE ( 'NONE', *, *, #88, .F. ) ;
#929 = AXIS2_PLACEMENT_3D ( 'NONE', #2391, #2362, #6475 ) ;
#930 = CARTESIAN_POINT ( 'NONE',  ( -70.43721303243202669, -23.50000000000001066, -56.25595141897403551 ) ) ;
#931 = CARTESIAN_POINT ( 'NONE',  ( -9.999999999999989342, 2.499999999999988454, -50.49999999999999289 ) ) ;
#932 = EDGE_LOOP ( 'NONE', ( #2080, #3460, #6560, #761 ) ) ;
#933 = VERTEX_POINT ( 'NONE', #2902 ) ;
#934 = CARTESIAN_POINT ( 'NONE',  ( -6.074999999999997513, -29.00000000000000000, -45.00000000000002132 ) ) ;
#935 = AXIS2_PLACEMENT_3D ( 'NONE', #5955, #6363, #4349 ) ;
#936 = ORIENTED_EDGE ( 'NONE', *, *, #61, .T. ) ;
#937 = EDGE_LOOP ( 'NONE', ( #3508, #5612, #712, #3641, #2202, #780 ) ) ;
#938 = ADVANCED_FACE ( 'NONE', ( #1261 ), #709, .F. ) ;
#939 = DIRECTION ( 'NONE',  ( 1.224646799147353700E-16, -1.000000000000000000, 0.000000000000000000 ) ) ;
#940 = ORIENTED_EDGE ( 'NONE', *, *, #1671, .F. ) ;
#941 = DIRECTION ( 'NONE',  ( 1.000000000000000000, 0.000000000000000000, 0.000000000000000000 ) ) ;
#942 = ORIENTED_EDGE ( 'NONE', *, *, #5351, .T. ) ;
#943 = AXIS2_PLACEMENT_3D ( 'NONE', #714, #2829, #4916 ) ;
#944 = CARTESIAN_POINT ( 'NONE',  ( -6.399999999999999467, -20.50000000000001421, -10.54075870073009646 ) ) ;
#945 = EDGE_CURVE ( 'NONE', #138, #6704, #6325, .T. ) ;
#946 = LINE ( 'NONE', #2006, #4399 ) ;
#947 = ADVANCED_FACE ( 'NONE', ( #3808 ), #5454, .F. ) ;
#948 = AXIS2_PLACEMENT_3D ( 'NONE', #4407, #2400, #3478 ) ;
#949 = EDGE_LOOP ( 'NONE', ( #3224, #2702, #5738, #4595 ) ) ;
#950 = DIRECTION ( 'NONE',  ( 0.000000000000000000, 1.000000000000000000, 0.000000000000000000 ) ) ;
#951 = ORIENTED_EDGE ( 'NONE', *, *, #6386, .F. ) ;
#952 = CARTESIAN_POINT ( 'NONE',  ( -101.0587206533091233, 4.499999999999993783, -66.70463781045448570 ) ) ;
#953 = VERTEX_POINT ( 'NONE', #278 ) ;
#954 = DIRECTION ( 'NONE',  ( 1.000000000000000000, 1.224646799147353700E-16, 3.081487911019577365E-33 ) ) ;
#955 = DIRECTION ( 'NONE',  ( 1.321694076934710155E-16, -1.000000000000000000, -2.736911063134408342E-48 ) ) ;
#956 = DIRECTION ( 'NONE',  ( 1.321694076934710155E-16, -1.000000000000000000, 0.000000000000000000 ) ) ;
#957 = ORIENTED_EDGE ( 'NONE', *, *, #3465, .F. ) ;
#958 =( BOUNDED_SURFACE ( )  B_SPLINE_SURFACE ( 3, 2, ( 
 ( #2232, #3819, #651 ),
 ( #1713, #4537, #3786 ),
 ( #6611, #2806, #3250 ),
 ( #5940, #1273, #2336 ),
 ( #3352, #1239, #3319 ),
 ( #5432, #751, #5324 ),
 ( #2049, #2113, #3645 ),
 ( #540, #3002, #990 ),
 ( #36, #6104, #448 ),
 ( #1057, #4669, #5737 ),
 ( #1431, #482, #1467 ),
 ( #6642, #2528, #4060 ),
 ( #3545, #3133, #5083 ),
 ( #2496, #4604, #416 ),
 ( #4571, #3040, #4 ),
 ( #5148, #2615, #4641 ),
 ( #1502, #4699, #5638 ),
 ( #1982, #5213, #918 ),
 ( #2078, #960, #4127 ),
 ( #3510, #5703, #5599 ) ),
 .UNSPECIFIED., .F., .F., .F. ) 
 B_SPLINE_SURFACE_WITH_KNOTS ( ( 4, 2, 2, 2, 2, 2, 2, 2, 2, 4 ),
 ( 3, 3 ),
 ( 0.003043116017213512957, 0.004040364465034810421, 0.005037612912856107017, 0.006034861360677403613, 0.007032109808498700210, 0.007530734032409348508, 0.008029358256319996806, 0.009026606704141293402, 0.01002385515196259000, 0.01102110359978388660 ),
 ( 0.000000000000000000, 1.000000000000000000 ),
 .UNSPECIFIED. ) 
 GEOMETRIC_REPRESENTATION_ITEM ( )  RATIONAL_B_SPLINE_SURFACE ( (
 ( 1.000000000000000000, 0.7071067811865473507, 1.000000000000000000),
 ( 1.000000000000000000, 0.7187437176318394183, 1.000000000000000000),
 ( 1.000000000000000000, 0.7343224231554180692, 1.000000000000000000),
 ( 1.000000000000000000, 0.7683740140992955103, 1.000000000000000000),
 ( 1.000000000000000000, 0.7869082161691031141, 1.000000000000000000),
 ( 1.000000000000000000, 0.8231891692008214134, 1.000000000000000000),
 ( 1.000000000000000000, 0.8410028027299339959, 1.000000000000000000),
 ( 1.000000000000000000, 0.8711595034026066164, 1.000000000000000000),
 ( 1.000000000000000000, 0.8835894843906771934, 1.000000000000000000),
 ( 1.000000000000000000, 0.8954940866900856777, 1.000000000000000000),
 ( 1.000000000000000000, 0.8983386796085476300, 1.000000000000000000),
 ( 1.000000000000000000, 0.9013597052414933364, 1.000000000000000000),
 ( 1.000000000000000000, 0.9014931551799294507, 1.000000000000000000),
 ( 1.000000000000000000, 0.8978808688754372769, 1.000000000000000000),
 ( 1.000000000000000000, 0.8901138978476186292, 1.000000000000000000),
 ( 1.000000000000000000, 0.8666099135641309736, 1.000000000000000000),
 ( 1.000000000000000000, 0.8511094690478721025, 1.000000000000000000),
 ( 1.000000000000000000, 0.8171454616086170075, 1.000000000000000000),
 ( 1.000000000000000000, 0.7986022810145997353, 1.000000000000000000),
 ( 1.000000000000000000, 0.7804009904853377311, 1.000000000000000000) ) ) 
 REPRESENTATION_ITEM ( '' )  SURFACE ( )  );
#959 = VECTOR ( 'NONE', #597, 1000.000000000000000 ) ;
#960 = CARTESIAN_POINT ( 'NONE',  ( -8.031434227754566280, -23.69117186012366716, -56.89980398066486345 ) ) ;
#961 = ADVANCED_FACE ( 'NONE', ( #2365, #5999 ), #4401, .T. ) ;
#962 = VERTEX_POINT ( 'NONE', #345 ) ;
#963 = LINE ( 'NONE', #5087, #3346 ) ;
#964 = CARTESIAN_POINT ( 'NONE',  ( -2.000000000000000000, -3.469446951953614189E-14, -55.00000000000000711 ) ) ;
#965 = EDGE_LOOP ( 'NONE', ( #5164, #5569, #5098, #213, #3351, #3751, #4230, #3482 ) ) ;
#966 = DIRECTION ( 'NONE',  ( -1.000000000000000000, 0.000000000000000000, 0.000000000000000000 ) ) ;
#967 = ADVANCED_FACE ( 'NONE', ( #4503 ), #5890, .F. ) ;
#968 = ORIENTED_EDGE ( 'NONE', *, *, #2429, .F. ) ;
#969 = DIRECTION ( 'NONE',  ( -0.7071067811865441310, 0.7071067811865507924, 8.649347478726694713E-17 ) ) ;
#970 = DIRECTION ( 'NONE',  ( 0.000000000000000000, 0.000000000000000000, -1.000000000000000000 ) ) ;
#971 = DIRECTION ( 'NONE',  ( 1.224646799147353947E-16, -1.000000000000000000, 0.000000000000000000 ) ) ;
#972 = ORIENTED_EDGE ( 'NONE', *, *, #3193, .F. ) ;
#973 = ADVANCED_FACE ( 'NONE', ( #4989 ), #1843, .F. ) ;
#974 = CARTESIAN_POINT ( 'NONE',  ( -9.999999999999996447, -24.50000000000001421, -54.50000000000000000 ) ) ;
#975 = EDGE_CURVE ( 'NONE', #6704, #2571, #3574, .T. ) ;
#976 = ORIENTED_EDGE ( 'NONE', *, *, #2095, .F. ) ;
#977 = DIRECTION ( 'NONE',  ( -0.5142857142857132358, 0.000000000000000000, -0.8576189154173513574 ) ) ;
#978 = VERTEX_POINT ( 'NONE', #3607 ) ;
#979 = CYLINDRICAL_SURFACE ( 'NONE', #3171, 2.125000000000001776 ) ;
#980 = LINE ( 'NONE', #6631, #2327 ) ;
#981 = CARTESIAN_POINT ( 'NONE',  ( -78.25613276073386260, -6.000000000000001776, -2.750000000000043521 ) ) ;
#982 = CARTESIAN_POINT ( 'NONE',  ( -8.437947334897828000, -20.66541366440053906, -12.74514033653000311 ) ) ;
#983 = EDGE_LOOP ( 'NONE', ( #2512, #749, #644, #1564 ) ) ;
#984 = CYLINDRICAL_SURFACE ( 'NONE', #657, 2.125000000000001776 ) ;
#985 = EDGE_CURVE ( 'NONE', #1378, #2495, #3811, .T. ) ;
#986 = ORIENTED_EDGE ( 'NONE', *, *, #2640, .F. ) ;
#987 = DIRECTION ( 'NONE',  ( -1.000000000000000000, -1.224646799147353700E-16, 0.000000000000000000 ) ) ;
#988 = DIRECTION ( 'NONE',  ( 1.214306433183765755E-15, 1.000000000000000000, 0.000000000000000000 ) ) ;
#989 = ORIENTED_EDGE ( 'NONE', *, *, #1888, .T. ) ;
#990 = CARTESIAN_POINT ( 'NONE',  ( -11.41162267143058529, -24.50000000158195945, -59.63518896262356606 ) ) ;
#991 = AXIS2_PLACEMENT_3D ( 'NONE', #276, #6539, #5416 ) ;
#992 = DIRECTION ( 'NONE',  ( 0.000000000000000000, 0.000000000000000000, -1.000000000000000000 ) ) ;
#993 = FACE_OUTER_BOUND ( 'NONE', #5326, .T. ) ;
#994 = EDGE_LOOP ( 'NONE', ( #1469, #5849, #4342, #6181 ) ) ;
#995 = CARTESIAN_POINT ( 'NONE',  ( -2.602374448188129787E-16, 2.124069000093296911, -63.76188481852116041 ) ) ;
#996 = CIRCLE ( 'NONE', #2619, 10.00000000000000000 ) ;
#997 = ORIENTED_EDGE ( 'NONE', *, *, #4933, .F. ) ;
#998 = CARTESIAN_POINT ( 'NONE',  ( -9.999999999999996447, -24.50000000000001421, -53.67518522838342676 ) ) ;
#999 = ADVANCED_FACE ( 'NONE', ( #445 ), #3989, .T. ) ;
#1000 = DIRECTION ( 'NONE',  ( 1.000000000000000000, 1.224646799147353700E-16, 0.000000000000000000 ) ) ;
#1001 = VECTOR ( 'NONE', #2871, 1000.000000000000000 ) ;
#1002 = AXIS2_PLACEMENT_3D ( 'NONE', #2701, #4751, #1714 ) ;
#1003 = ORIENTED_EDGE ( 'NONE', *, *, #4833, .F. ) ;
#1004 = DIRECTION ( 'NONE',  ( 1.321694076934710155E-16, -1.000000000000000000, 0.000000000000000000 ) ) ;
#1005 = AXIS2_PLACEMENT_3D ( 'NONE', #2595, #4650, #4675 ) ;
#1006 = ORIENTED_EDGE ( 'NONE', *, *, #5423, .F. ) ;
#1007 = EDGE_CURVE ( 'NONE', #1406, #6126, #2525, .T. ) ;
#1009 = ORIENTED_EDGE ( 'NONE', *, *, #1996, .T. ) ;
#1008 = CARTESIAN_POINT ( 'NONE',  ( -7.839316854943871427, -24.23848124087636435, -13.19695423183235583 ) ) ;
#1010 = ORIENTED_EDGE ( 'NONE', *, *, #1930, .T. ) ;
#1011 = ORIENTED_EDGE ( 'NONE', *, *, #5184, .T. ) ;
#1012 = ADVANCED_FACE ( 'NONE', ( #1022 ), #6638, .F. ) ;
#1013 = CIRCLE ( 'NONE', #4938, 2.125000000000001776 ) ;
#1014 = VERTEX_POINT ( 'NONE', #877 ) ;
#1015 = FACE_OUTER_BOUND ( 'NONE', #2472, .T. ) ;
#1016 = DIRECTION ( 'NONE',  ( 1.196361017915038993E-16, -1.000000000000000000, -1.196361017915038993E-16 ) ) ;
#1017 = CIRCLE ( 'NONE', #6566, 2.125000000000001776 ) ;
#1018 = EDGE_CURVE ( 'NONE', #262, #2948, #1640, .T. ) ;
#1019 = ORIENTED_EDGE ( 'NONE', *, *, #5881, .F. ) ;
#1020 = DIRECTION ( 'NONE',  ( -1.321694076934710155E-16, 1.000000000000000000, 0.000000000000000000 ) ) ;
#1021 = VERTEX_POINT ( 'NONE', #510 ) ;
#1022 = FACE_OUTER_BOUND ( 'NONE', #397, .T. ) ;
#1023 = DIRECTION ( 'NONE',  ( 1.196361017915038993E-16, -1.000000000000000000, -1.196361017915038993E-16 ) ) ;
#1024 = ORIENTED_EDGE ( 'NONE', *, *, #6696, .T. ) ;
#1025 = VECTOR ( 'NONE', #362, 1000.000000000000000 ) ;
#1026 = FACE_OUTER_BOUND ( 'NONE', #2393, .T. ) ;
#1027 = ORIENTED_EDGE ( 'NONE', *, *, #1567, .F. ) ;
#1028 = CIRCLE ( 'NONE', #4836, 1.500000000000001332 ) ;
#1029 = EDGE_CURVE ( 'NONE', #6432, #4025, #5668, .T. ) ;
#1030 = LINE ( 'NONE', #5152, #3769 ) ;
#1031 = LINE ( 'NONE', #3108, #2772 ) ;
#1032 = ORIENTED_EDGE ( 'NONE', *, *, #4593, .T. ) ;
#1033 = DIRECTION ( 'NONE',  ( 0.000000000000000000, 0.000000000000000000, 1.000000000000000000 ) ) ;
#1034 = VERTEX_POINT ( 'NONE', #6069 ) ;
#1035 = DIRECTION ( 'NONE',  ( 0.000000000000000000, 0.000000000000000000, 1.000000000000000000 ) ) ;
#1036 = CARTESIAN_POINT ( 'NONE',  ( -56.32740755027064239, -26.50000000000001066, -54.50000000000000000 ) ) ;
#1037 = AXIS2_PLACEMENT_3D ( 'NONE', #2704, #690, #3286 ) ;
#1038 = EDGE_LOOP ( 'NONE', ( #1765, #1377, #1268, #3176 ) ) ;
#1039 = DIRECTION ( 'NONE',  ( -1.224646799147353700E-16, 1.000000000000000000, 0.000000000000000000 ) ) ;
#1040 = EDGE_CURVE ( 'NONE', #619, #1054, #2731, .T. ) ;
#1041 = CIRCLE ( 'NONE', #3869, 3.999999999999998668 ) ;
#1042 = ORIENTED_EDGE ( 'NONE', *, *, #4833, .T. ) ;
#1044 = VERTEX_POINT ( 'NONE', #1427 ) ;
#1043 = CARTESIAN_POINT ( 'NONE',  ( -43.07499999999999574, -26.50000000000000711, -55.00000000000002132 ) ) ;
#1045 = ORIENTED_EDGE ( 'NONE', *, *, #737, .F. ) ;
#1046 = VERTEX_POINT ( 'NONE', #5044 ) ;
#1047 = AXIS2_PLACEMENT_3D ( 'NONE', #3366, #5408, #199 ) ;
#1048 = DIRECTION ( 'NONE',  ( -1.224646799147353700E-16, 1.000000000000000000, 0.000000000000000000 ) ) ;
#1049 = CARTESIAN_POINT ( 'NONE',  ( -64.40000000000000568, -23.01249076550864459, -64.50000000000000000 ) ) ;
#1050 = ADVANCED_FACE ( 'NONE', ( #5594 ), #378, .T. ) ;
#1051 = ORIENTED_EDGE ( 'NONE', *, *, #3915, .T. ) ;
#1052 = CARTESIAN_POINT ( 'NONE',  ( -67.62500000000001421, -25.50000000000000711, -65.50000000000000000 ) ) ;
#1053 = VECTOR ( 'NONE', #5604, 1000.000000000000000 ) ;
#1054 = VERTEX_POINT ( 'NONE', #2587 ) ;
#1055 = DIRECTION ( 'NONE',  ( -1.224646799147353700E-16, 1.000000000000000000, 0.000000000000000000 ) ) ;
#1056 = CARTESIAN_POINT ( 'NONE',  ( -3.941279346690855334, 9.499999999999873879, -66.70463781045448570 ) ) ;
#1057 = CARTESIAN_POINT ( 'NONE',  ( -9.294157675413163844, -21.33616440786395430, -58.74780252529198776 ) ) ;
#1058 = ADVANCED_FACE ( 'NONE', ( #5554, #2457 ), #6576, .T. ) ;
#1059 = VERTEX_POINT ( 'NONE', #4637 ) ;
#1060 = EDGE_CURVE ( 'NONE', #5495, #1623, #1913, .T. ) ;
#1061 = CYLINDRICAL_SURFACE ( 'NONE', #3888, 17.00000000000000711 ) ;
#1062 = DIRECTION ( 'NONE',  ( -1.000000000000000000, 1.224510688924804996E-15, 0.000000000000000000 ) ) ;
#1063 = VECTOR ( 'NONE', #5816, 1000.000000000000000 ) ;
#1064 = ORIENTED_EDGE ( 'NONE', *, *, #4450, .T. ) ;
#1065 = LINE ( 'NONE', #3553, #5036 ) ;
#1066 = ORIENTED_EDGE ( 'NONE', *, *, #945, .T. ) ;
#1067 = ORIENTED_EDGE ( 'NONE', *, *, #1731, .F. ) ;
#1068 = VECTOR ( 'NONE', #3852, 1000.000000000000000 ) ;
#1069 = EDGE_LOOP ( 'NONE', ( #4218, #324 ) ) ;
#1070 = CARTESIAN_POINT ( 'NONE',  ( -101.0587206533091233, 9.499999999999991118, -66.70463781045448570 ) ) ;
#1071 = CARTESIAN_POINT ( 'NONE',  ( -53.07499999999999574, -30.50000000000001066, -55.00000000000002132 ) ) ;
#1072 = CARTESIAN_POINT ( 'NONE',  ( -20.00000000000000000, -24.50000000000001421, -15.50000000000000711 ) ) ;
#1073 = ORIENTED_EDGE ( 'NONE', *, *, #4847, .T. ) ;
#1075 = ORIENTED_EDGE ( 'NONE', *, *, #2498, .F. ) ;
#1074 = DIRECTION ( 'NONE',  ( 1.214306433183765755E-15, 1.000000000000000000, 0.000000000000000000 ) ) ;
#1076 = ORIENTED_EDGE ( 'NONE', *, *, #173, .F. ) ;
#1077 = ORIENTED_EDGE ( 'NONE', *, *, #4663, .F. ) ;
#1078 = DIRECTION ( 'NONE',  ( 1.214306433183765755E-15, 1.000000000000000000, 0.000000000000000000 ) ) ;
#1079 = ADVANCED_FACE ( 'NONE', ( #4096, #4534 ), #5080, .T. ) ;
#1080 = ORIENTED_EDGE ( 'NONE', *, *, #4658, .F. ) ;
#1081 = CARTESIAN_POINT ( 'NONE',  ( -43.07499999999999574, -29.00000000000000711, -60.00000000000002842 ) ) ;
#1082 = DIRECTION ( 'NONE',  ( 1.321694076934710155E-16, -1.000000000000000000, 0.000000000000000000 ) ) ;
#1083 = LINE ( 'NONE', #635, #399 ) ;
#1084 = ORIENTED_EDGE ( 'NONE', *, *, #3470, .F. ) ;
#1085 = EDGE_CURVE ( 'NONE', #6353, #1927, #4056, .T. ) ;
#1086 = DIRECTION ( 'NONE',  ( -1.000000000000000000, 0.000000000000000000, 0.000000000000000000 ) ) ;
#1087 = DIRECTION ( 'NONE',  ( 1.321694076934710155E-16, -1.000000000000000000, 0.000000000000000000 ) ) ;
#1088 = CARTESIAN_POINT ( 'NONE',  ( -1.999999999999997113, -24.11477883523397736, -13.45626152144029852 ) ) ;
#1089 = ORIENTED_EDGE ( 'NONE', *, *, #3045, .F. ) ;
#1090 = EDGE_CURVE ( 'NONE', #2092, #247, #3037, .T. ) ;
#1091 = CARTESIAN_POINT ( 'NONE',  ( -4.500000000000000888, -30.50000000000000355, -4.500000000000003553 ) ) ;
#1092 = EDGE_CURVE ( 'NONE', #4185, #738, #3389, .T. ) ;
#1093 = DIRECTION ( 'NONE',  ( 0.000000000000000000, 3.697785493223492838E-32, 1.000000000000000000 ) ) ;
#1094 = EDGE_CURVE ( 'NONE', #5064, #5105, #456, .T. ) ;
#1095 = CARTESIAN_POINT ( 'NONE',  ( -10.43491732227320412, -24.50000000000002132, -5.500000000000005329 ) ) ;
#1096 = AXIS2_PLACEMENT_3D ( 'NONE', #2823, #4908, #6098 ) ;
#1097 = ORIENTED_EDGE ( 'NONE', *, *, #3449, .T. ) ;
#1098 = CARTESIAN_POINT ( 'NONE',  ( -74.99999999999998579, -26.50000000000001066, -62.99130088000890026 ) ) ;
#1099 = VERTEX_POINT ( 'NONE', #5339 ) ;
#1100 = DIRECTION ( 'NONE',  ( 1.321694076934710155E-16, -1.000000000000000000, 0.000000000000000000 ) ) ;
#1101 = ADVANCED_FACE ( 'NONE', ( #5789 ), #1562, .F. ) ;
#1102 = LINE ( 'NONE', #550, #2790 ) ;
#1103 = DIRECTION ( 'NONE',  ( 1.224646799147353700E-16, -1.000000000000000000, 2.736911063134408342E-48 ) ) ;
#1104 = DIRECTION ( 'NONE',  ( -1.321694076934710155E-16, 1.000000000000000000, 2.736911063134408342E-48 ) ) ;
#1105 = AXIS2_PLACEMENT_3D ( 'NONE', #4697, #5277, #1695 ) ;
#1106 = ORIENTED_EDGE ( 'NONE', *, *, #6615, .F. ) ;
#1107 = CARTESIAN_POINT ( 'NONE',  ( -9.999999999999996447, -26.50000000000000355, -54.50000000000000000 ) ) ;
#1108 = ORIENTED_EDGE ( 'NONE', *, *, #2069, .F. ) ;
#1109 = VECTOR ( 'NONE', #1392, 1000.000000000000000 ) ;
#1110 = CLOSED_SHELL ( 'NONE', ( #2860, #1592, #5895, #2618, #4134, #5219, #4413, #973, #4700, #391, #3246, #3528, #2396, #2892, #2015, #3889, #5859, #938, #6132, #967, #5682, #19, #5040, #1960, #547, #3702, #5655, #2664, #2952, #3023, #4943, #3712, #4583, #281, #588, #2057, #882, #4256, #2245, #4038, #4013, #1540, #4786, #3456, #591, #6328, #5826, #5729, #878, #5465, #3536, #1301, #1990, #5380, #1364, #1079, #888, #5119, #1470, #3843, #2254, #1625, #6192, #4550, #6645, #3013, #2096, #2757, #4011, #3965, #5209, #3741, #6406, #5676, #2180, #2124, #3273, #4755, #5550, #2217, #4207, #1225, #1012, #3621, #5506, #3960, #2093, #3365, #664, #3435, #2141, #365, #856, #5333, #289, #5842, #1903, #6001, #5762, #4719, #3200, #1205, #6555, #4514, #1058, #1715, #3401, #5619, #5963, #6028, #3057, #3944, #451, #2043, #961, #3796, #4216, #6414, #1414, #5101, #3011, #2578, #1101, #4153, #1548, #2782, #542, #5215, #1882, #3261, #1801, #341, #1132, #6302, #4069, #999, #1723, #1216, #4920, #3132, #4196, #6011, #97, #828, #4170, #4860, #511, #5851, #6598, #599, #60, #3385, #3283, #1050, #6, #3931, #4083, #2711, #4508, #5518, #5583, #1554, #1864, #5776, #3776, #2827, #5327, #4655, #4288, #3554, #4557, #2943, #6377, #947, #2225, #1601, #2360, #2791, #2867, #3584, #4776, #1969, #1757, #1904, #1293, #227, #1712, #5476, #2510, #4612, #3238, #6223, #6044, #2845, #2052, #421, #5904, #4095, #4163, #5126, #327, #1420, #2211, #513, #3638, #5691, #5056, #6221, #457, #1266, #3795, #1351, #2419, #5496, #6513, #699, #1672, #2399 ) ) ;
#1112 = ORIENTED_EDGE ( 'NONE', *, *, #2026, .F. ) ;
#1111 = DIRECTION ( 'NONE',  ( -0.000000000000000000, -1.000000000000000000, -0.000000000000000000 ) ) ;
#1113 = ORIENTED_EDGE ( 'NONE', *, *, #3166, .F. ) ;
#1114 = EDGE_CURVE ( 'NONE', #5718, #3390, #6270, .T. ) ;
#1115 = CARTESIAN_POINT ( 'NONE',  ( 4.000000000000000000, 1.500000000000001332, -57.99999999999999289 ) ) ;
#1116 = CARTESIAN_POINT ( 'NONE',  ( -6.066279346690864216, 4.499999999999878320, -3.295362189545514298 ) ) ;
#1117 = VECTOR ( 'NONE', #3583, 1000.000000000000000 ) ;
#1118 = FACE_OUTER_BOUND ( 'NONE', #4767, .T. ) ;
#1119 = DIRECTION ( 'NONE',  ( 0.000000000000000000, 0.000000000000000000, 1.000000000000000000 ) ) ;
#1120 = CIRCLE ( 'NONE', #2538, 2.124999999999998224 ) ;
#1121 = VERTEX_POINT ( 'NONE', #4219 ) ;
#1122 = DIRECTION ( 'NONE',  ( 1.321694076934710155E-16, -1.000000000000000000, 0.000000000000000000 ) ) ;
#1123 = DIRECTION ( 'NONE',  ( -1.000000000000000000, -1.321694076934710155E-16, 0.000000000000000000 ) ) ;
#1124 = CARTESIAN_POINT ( 'NONE',  ( -1.999999999999997335, -24.00641710886806734, -13.07316375181278545 ) ) ;
#1125 = ORIENTED_EDGE ( 'NONE', *, *, #4543, .F. ) ;
#1126 = AXIS2_PLACEMENT_3D ( 'NONE', #4899, #694, #1861 ) ;
#1127 = EDGE_CURVE ( 'NONE', #1044, #2408, #3708, .T. ) ;
#1128 = CARTESIAN_POINT ( 'NONE',  ( -70.41675385009074262, -23.50000000000001066, -13.86289253076505901 ) ) ;
#1129 = AXIS2_PLACEMENT_3D ( 'NONE', #5577, #463, #2981 ) ;
#1130 = CARTESIAN_POINT ( 'NONE',  ( -65.90000000000001990, -20.50000000000001066, -10.54075870073010357 ) ) ;
#1131 = DIRECTION ( 'NONE',  ( -1.000000000000000000, -1.734723475976806848E-16, 0.000000000000000000 ) ) ;
#1132 = ADVANCED_FACE ( 'NONE', ( #1596 ), #4667, .F. ) ;
#1133 = AXIS2_PLACEMENT_3D ( 'NONE', #5887, #6299, #4252 ) ;
#1134 = CARTESIAN_POINT ( 'NONE',  ( -6.399999999999999467, -20.50000000000000355, -59.54075870073009469 ) ) ;
#1135 = CARTESIAN_POINT ( 'NONE',  ( -95.00000000000002842, -26.50000000000001421, -5.500000000000005329 ) ) ;
#1136 = DIRECTION ( 'NONE',  ( 0.000000000000000000, 0.000000000000000000, -1.000000000000000000 ) ) ;
#1137 = CARTESIAN_POINT ( 'NONE',  ( 4.000000000000000000, -1.387778780781445676E-14, -56.50000000000000000 ) ) ;
#1138 = CARTESIAN_POINT ( 'NONE',  ( -1.999999999999997113, -23.69979058077652212, -58.15330557696674418 ) ) ;
#1139 = AXIS2_PLACEMENT_3D ( 'NONE', #4795, #130, #96 ) ;
#1140 = CARTESIAN_POINT ( 'NONE',  ( -80.38113276073386260, -6.000000000000001776, -2.750000000000043965 ) ) ;
#1141 = CARTESIAN_POINT ( 'NONE',  ( -105.0000000000000142, 2.704597641062570723, -37.52796101538407925 ) ) ;
#1142 = EDGE_CURVE ( 'NONE', #58, #2948, #5856, .T. ) ;
#1143 = ORIENTED_EDGE ( 'NONE', *, *, #2750, .T. ) ;
#1144 = AXIS2_PLACEMENT_3D ( 'NONE', #4519, #395, #4548 ) ;
#1145 = VECTOR ( 'NONE', #420, 1000.000000000000000 ) ;
#1146 = DIRECTION ( 'NONE',  ( 1.214306433183765755E-15, 1.000000000000000000, 0.000000000000000000 ) ) ;
#1148 = VERTEX_POINT ( 'NONE', #3703 ) ;
#1147 = CARTESIAN_POINT ( 'NONE',  ( -3.941279346690865992, 0.9999999999999974465, -57.37652401873177865 ) ) ;
#1149 = ORIENTED_EDGE ( 'NONE', *, *, #5603, .T. ) ;
#1150 = LINE ( 'NONE', #4725, #1063 ) ;
#1151 = ORIENTED_EDGE ( 'NONE', *, *, #3052, .F. ) ;
#1152 = DIRECTION ( 'NONE',  ( 2.478176394252581387E-17, 0.000000000000000000, -1.000000000000000000 ) ) ;
#1153 = VECTOR ( 'NONE', #6688, 1000.000000000000114 ) ;
#1154 = CARTESIAN_POINT ( 'NONE',  ( -24.61886723926606280, -5.999999999999998224, -67.25000000000000000 ) ) ;
#1155 = VECTOR ( 'NONE', #5104, 1000.000000000000000 ) ;
#1156 = FACE_OUTER_BOUND ( 'NONE', #1347, .T. ) ;
#1157 = ORIENTED_EDGE ( 'NONE', *, *, #5184, .F. ) ;
#1158 = DIRECTION ( 'NONE',  ( -1.224646799147353700E-16, 1.000000000000000000, 0.000000000000000000 ) ) ;
#1159 = CARTESIAN_POINT ( 'NONE',  ( -67.51218231473534104, -23.39070724784237854, -5.500000000000005329 ) ) ;
#1160 = CARTESIAN_POINT ( 'NONE',  ( -58.07499999999999574, -30.50000000000001421, -25.00000000000001776 ) ) ;
#1161 = ORIENTED_EDGE ( 'NONE', *, *, #2592, .F. ) ;
#1162 = VECTOR ( 'NONE', #6458, 1000.000000000000000 ) ;
#1163 = DIRECTION ( 'NONE',  ( 0.000000000000000000, 0.000000000000000000, 1.000000000000000000 ) ) ;
#1164 = DIRECTION ( 'NONE',  ( -1.000000000000000000, 0.000000000000000000, 0.000000000000000000 ) ) ;
#1165 = EDGE_CURVE ( 'NONE', #5946, #1583, #2, .T. ) ;
#1166 = CARTESIAN_POINT ( 'NONE',  ( -64.40000000000000568, -19.50000000000001066, -52.66777535452266079 ) ) ;
#1167 = ORIENTED_EDGE ( 'NONE', *, *, #4593, .F. ) ;
#1168 = AXIS2_PLACEMENT_3D ( 'NONE', #3240, #3308, #1665 ) ;
#1169 = FACE_OUTER_BOUND ( 'NONE', #1407, .T. ) ;
#1170 = ORIENTED_EDGE ( 'NONE', *, *, #5407, .T. ) ;
#1171 = CIRCLE ( 'NONE', #6506, 2.124999999999998224 ) ;
#1172 = CARTESIAN_POINT ( 'NONE',  ( 0.000000000000000000, -1.500000000000011768, -64.50000000000000000 ) ) ;
#1173 = CARTESIAN_POINT ( 'NONE',  ( -9.128551399249147380, -21.37483004383720342, -11.79748486235489047 ) ) ;
#1174 = EDGE_CURVE ( 'NONE', #3626, #3448, #3606, .T. ) ;
#1175 = CARTESIAN_POINT ( 'NONE',  ( -1.999999999999996669, -23.52729825686759924, -59.36141219324784402 ) ) ;
#1176 = DIRECTION ( 'NONE',  ( 1.000000000000000000, 0.000000000000000000, 0.000000000000000000 ) ) ;
#1177 = DIRECTION ( 'NONE',  ( -1.000000000000000000, -1.224646799147353700E-16, -1.734723475976807094E-16 ) ) ;
#1178 = ORIENTED_EDGE ( 'NONE', *, *, #4671, .F. ) ;
#1179 = DIRECTION ( 'NONE',  ( 0.3171280044892391126, 0.000000000000000000, 0.9483827438163735524 ) ) ;
#1180 = DIRECTION ( 'NONE',  ( -1.224646799147353700E-16, 1.000000000000000000, -0.000000000000000000 ) ) ;
#1181 = ORIENTED_EDGE ( 'NONE', *, *, #4425, .F. ) ;
#1182 = CARTESIAN_POINT ( 'NONE',  ( -69.07211427495715839, -23.50000000000001066, -5.500000000000005329 ) ) ;
#1183 = EDGE_CURVE ( 'NONE', #5314, #5778, #232, .T. ) ;
#1184 = EDGE_CURVE ( 'NONE', #3617, #1368, #4040, .T. ) ;
#1185 = CARTESIAN_POINT ( 'NONE',  ( -101.0587206533091233, 0.9999999999999835687, -12.62347598126822845 ) ) ;
#1186 = FACE_OUTER_BOUND ( 'NONE', #4651, .T. ) ;
#1187 = DIRECTION ( 'NONE',  ( -1.000000000000000000, 0.000000000000000000, 0.000000000000000000 ) ) ;
#1188 = CARTESIAN_POINT ( 'NONE',  ( -23.07499999999999574, -30.50000000000000711, -8.000000000000017764 ) ) ;
#1189 = PLANE ( 'NONE',  #2421 ) ;
#1190 = CARTESIAN_POINT ( 'NONE',  ( -19.50000000000008527, 0.000000000000000000, -63.00000000000000000 ) ) ;
#1191 = DIRECTION ( 'NONE',  ( -1.224646799147353700E-16, 1.000000000000000000, 0.000000000000000000 ) ) ;
#1192 = CARTESIAN_POINT ( 'NONE',  ( -9.253872771838553390, -20.50000000000000355, -60.46564258650093393 ) ) ;
#1193 = FACE_BOUND ( 'NONE', #4200, .T. ) ;
#1194 = CARTESIAN_POINT ( 'NONE',  ( -100.0000000000000000, -33.39999999999999858, -27.67548866570383836 ) ) ;
#1195 = ORIENTED_EDGE ( 'NONE', *, *, #2260, .F. ) ;
#1197 = ORIENTED_EDGE ( 'NONE', *, *, #2475, .F. ) ;
#1196 = LINE ( 'NONE', #3750, #2681 ) ;
#1198 = LINE ( 'NONE', #1741, #3642 ) ;
#1199 = ORIENTED_EDGE ( 'NONE', *, *, #6112, .T. ) ;
#1200 = DIRECTION ( 'NONE',  ( 0.000000000000000000, 0.000000000000000000, -1.000000000000000000 ) ) ;
#1201 = DIRECTION ( 'NONE',  ( 1.000000000000000000, 0.000000000000000000, 0.000000000000000000 ) ) ;
#1202 = DIRECTION ( 'NONE',  ( -0.000000000000000000, -1.000000000000000000, -0.000000000000000000 ) ) ;
#1203 = VECTOR ( 'NONE', #4226, 1000.000000000000000 ) ;
#1204 = VERTEX_POINT ( 'NONE', #2110 ) ;
#1205 = ADVANCED_FACE ( 'NONE', ( #3674, #3771 ), #606, .T. ) ;
#1206 = DIRECTION ( 'NONE',  ( 1.321694076934710155E-16, -1.000000000000000000, 0.000000000000000000 ) ) ;
#1207 = FACE_OUTER_BOUND ( 'NONE', #6676, .T. ) ;
#1208 = AXIS2_PLACEMENT_3D ( 'NONE', #3196, #6297, #5735 ) ;
#1209 = VERTEX_POINT ( 'NONE', #5761 ) ;
#1211 = CARTESIAN_POINT ( 'NONE',  ( -100.0000000000000000, 2.704597641062570723, -30.34703898461592431 ) ) ;
#1210 = DIRECTION ( 'NONE',  ( -1.000000000000000000, 0.000000000000000000, 0.000000000000000000 ) ) ;
#1212 = CYLINDRICAL_SURFACE ( 'NONE', #4065, 10.00000000000000178 ) ;
#1213 = PLANE ( 'NONE',  #1139 ) ;
#1214 = VECTOR ( 'NONE', #3874, 1000.000000000000000 ) ;
#1215 = EDGE_CURVE ( 'NONE', #1828, #2186, #770, .T. ) ;
#1216 = ADVANCED_FACE ( 'NONE', ( #637 ), #1189, .T. ) ;
#1217 = PLANE ( 'NONE',  #4305 ) ;
#1218 = CARTESIAN_POINT ( 'NONE',  ( -23.07499999999999929, -30.50000000000000711, -45.00000000000001421 ) ) ;
#1219 = ORIENTED_EDGE ( 'NONE', *, *, #5924, .T. ) ;
#1220 = CIRCLE ( 'NONE', #2535, 4.000000000000003553 ) ;
#1221 = DIRECTION ( 'NONE',  ( 1.214306433183765755E-15, 1.000000000000000000, 0.000000000000000000 ) ) ;
#1222 = AXIS2_PLACEMENT_3D ( 'NONE', #590, #1744, #3858 ) ;
#1223 = CARTESIAN_POINT ( 'NONE',  ( -23.07499999999999574, -29.00000000000000355, -25.00000000000001776 ) ) ;
#1224 = DIRECTION ( 'NONE',  ( 0.000000000000000000, 1.000000000000000000, 0.000000000000000000 ) ) ;
#1225 = ADVANCED_FACE ( 'NONE', ( #4733 ), #668, .T. ) ;
#1226 = VECTOR ( 'NONE', #2153, 1000.000000000000000 ) ;
#1227 = CARTESIAN_POINT ( 'NONE',  ( -9.402379825270349656, -20.91127088081530516, -59.48633780375054414 ) ) ;
#1228 = CARTESIAN_POINT ( 'NONE',  ( -91.49999999999994316, 5.999999999999987566, -7.000000000000006217 ) ) ;
#1229 = DIRECTION ( 'NONE',  ( -0.000000000000000000, -0.7071067811865500152, 0.7071067811865451302 ) ) ;
#1230 = AXIS2_PLACEMENT_3D ( 'NONE', #2076, #4154, #6675 ) ;
#1231 = ORIENTED_EDGE ( 'NONE', *, *, #1619, .F. ) ;
#1232 = AXIS2_PLACEMENT_3D ( 'NONE', #2451, #6698, #4528 ) ;
#1233 = VERTEX_POINT ( 'NONE', #4768 ) ;
#1235 = EDGE_LOOP ( 'NONE', ( #3151, #2101, #1219, #4488 ) ) ;
#1234 = DIRECTION ( 'NONE',  ( -1.196361017915038746E-16, 1.000000000000000000, 0.000000000000000000 ) ) ;
#1236 = DIRECTION ( 'NONE',  ( 0.000000000000000000, -1.000000000000000000, 0.000000000000000000 ) ) ;
#1237 = DIRECTION ( 'NONE',  ( 0.000000000000000000, -1.000000000000000000, 0.000000000000000000 ) ) ;
#1238 = EDGE_CURVE ( 'NONE', #5, #2274, #100, .T. ) ;
#1239 = CARTESIAN_POINT ( 'NONE',  ( -9.332851412120964696, -23.76843715057020390, -60.55215562707711285 ) ) ;
#1240 = CARTESIAN_POINT ( 'NONE',  ( 4.000000000000000000, -0.0009309999067057261879, -6.238115181478841365 ) ) ;
#1241 = VECTOR ( 'NONE', #5615, 1000.000000000000000 ) ;
#1242 = ORIENTED_EDGE ( 'NONE', *, *, #1584, .T. ) ;
#1243 = DIRECTION ( 'NONE',  ( -1.000000000000000000, 0.000000000000000000, 0.000000000000000000 ) ) ;
#1244 = DIRECTION ( 'NONE',  ( 1.734723475976807094E-16, 2.292773743318138259E-32, -1.000000000000000000 ) ) ;
#1245 = AXIS2_PLACEMENT_3D ( 'NONE', #4465, #2287, #5485 ) ;
#1246 = ORIENTED_EDGE ( 'NONE', *, *, #4727, .F. ) ;
#1247 = DIRECTION ( 'NONE',  ( -1.224646799147353700E-16, 1.000000000000000000, -2.736911063134408342E-48 ) ) ;
#1248 = EDGE_CURVE ( 'NONE', #4898, #6527, #6330, .T. ) ;
#1249 = CARTESIAN_POINT ( 'NONE',  ( -98.93372065330912335, 4.499999999999991118, -3.295362189545513854 ) ) ;
#1250 = DIRECTION ( 'NONE',  ( 1.000000000000000000, 1.224646799147353700E-16, 0.000000000000000000 ) ) ;
#1251 = AXIS2_PLACEMENT_3D ( 'NONE', #763, #695, #2817 ) ;
#1252 = CARTESIAN_POINT ( 'NONE',  ( -23.07499999999999574, -29.00000000000000355, -10.00000000000001954 ) ) ;
#1253 = LINE ( 'NONE', #167, #2724 ) ;
#1254 = DIRECTION ( 'NONE',  ( 0.000000000000000000, 0.000000000000000000, 1.000000000000000000 ) ) ;
#1255 = EDGE_CURVE ( 'NONE', #3277, #891, #4463, .T. ) ;
#1256 = DIRECTION ( 'NONE',  ( 1.000000000000000000, 2.312964634635742957E-16, 0.000000000000000000 ) ) ;
#1257 = DIRECTION ( 'NONE',  ( -1.314184451497580735E-17, 1.000000000000000000, 0.000000000000000000 ) ) ;
#1258 = CIRCLE ( 'NONE', #2130, 10.00000000000000178 ) ;
#1259 = DIRECTION ( 'NONE',  ( 0.000000000000000000, 0.000000000000000000, 1.000000000000000000 ) ) ;
#1260 = PRESENTATION_STYLE_ASSIGNMENT (( #6033 ) ) ;
#1261 = FACE_OUTER_BOUND ( 'NONE', #1674, .T. ) ;
#1262 = EDGE_CURVE ( 'NONE', #5487, #6728, #2530, .T. ) ;
#1263 = DIRECTION ( 'NONE',  ( -1.224646799147353700E-16, 1.000000000000000000, 0.000000000000000000 ) ) ;
#1264 = VECTOR ( 'NONE', #4141, 1000.000000000000000 ) ;
#1265 = VERTEX_POINT ( 'NONE', #2853 ) ;
#1266 = ADVANCED_FACE ( 'NONE', ( #4390, #6467 ), #1835, .T. ) ;
#1268 = ORIENTED_EDGE ( 'NONE', *, *, #1793, .T. ) ;
#1267 = LINE ( 'NONE', #2262, #732 ) ;
#1269 = DIRECTION ( 'NONE',  ( 1.000000000000000000, 1.411814255020735290E-16, 0.000000000000000000 ) ) ;
#1270 = ORIENTED_EDGE ( 'NONE', *, *, #5549, .T. ) ;
#1271 = AXIS2_PLACEMENT_3D ( 'NONE', #5773, #584, #970 ) ;
#1272 = CARTESIAN_POINT ( 'NONE',  ( -10.11886133091215889, -24.49999999826415120, -13.91219131423602384 ) ) ;
#1273 = CARTESIAN_POINT ( 'NONE',  ( -9.284464812503621545, -23.90622291582113590, -60.63028246209579919 ) ) ;
#1274 = DIRECTION ( 'NONE',  ( 1.000000000000000000, 0.000000000000000000, 0.000000000000000000 ) ) ;
#1275 = CIRCLE ( 'NONE', #1820, 2.125000000000000000 ) ;
#1276 = ORIENTED_EDGE ( 'NONE', *, *, #798, .F. ) ;
#1277 = DIRECTION ( 'NONE',  ( 0.000000000000000000, 0.000000000000000000, -1.000000000000000000 ) ) ;
#1278 = FACE_OUTER_BOUND ( 'NONE', #5658, .T. ) ;
#1279 = ORIENTED_EDGE ( 'NONE', *, *, #1453, .T. ) ;
#1280 = CARTESIAN_POINT ( 'NONE',  ( -2.602374448188129787E-16, 2.124069000093296911, -6.238115181478841365 ) ) ;
#1281 =( GEOMETRIC_REPRESENTATION_CONTEXT ( 3 ) GLOBAL_UNCERTAINTY_ASSIGNED_CONTEXT ( ( #319 ) ) GLOBAL_UNIT_ASSIGNED_CONTEXT ( ( #3326, #3792, #259 ) ) REPRESENTATION_CONTEXT ( 'NONE', 'WORKASPACE' ) );
#1282 = ORIENTED_EDGE ( 'NONE', *, *, #5049, .T. ) ;
#1283 = PLANE ( 'NONE',  #1126 ) ;
#1284 = LINE ( 'NONE', #3363, #2879 ) ;
#1285 = ORIENTED_EDGE ( 'NONE', *, *, #1432, .T. ) ;
#1286 = CIRCLE ( 'NONE', #5097, 3.000000000000002665 ) ;
#1287 = EDGE_CURVE ( 'NONE', #2249, #3930, #6438, .T. ) ;
#1288 = LINE ( 'NONE', #5445, #1588 ) ;
#1289 = FACE_BOUND ( 'NONE', #4736, .T. ) ;
#1290 = DIRECTION ( 'NONE',  ( 2.352167425053297897E-16, 0.000000000000000000, 1.000000000000000000 ) ) ;
#1291 = DIRECTION ( 'NONE',  ( -1.000000000000000000, 0.000000000000000000, 0.000000000000000000 ) ) ;
#1292 = ORIENTED_EDGE ( 'NONE', *, *, #5768, .T. ) ;
#1293 = ADVANCED_FACE ( 'NONE', ( #4872 ), #1756, .F. ) ;
#1294 = EDGE_LOOP ( 'NONE', ( #1872, #1521, #1279, #693 ) ) ;
#1295 = DIRECTION ( 'NONE',  ( -1.000000000000000000, -1.314184451497580735E-17, 1.223202451009288748E-16 ) ) ;
#1296 = DIRECTION ( 'NONE',  ( -1.224646799147354933E-16, 1.000000000000000000, 0.000000000000000000 ) ) ;
#1297 = LINE ( 'NONE', #776, #4869 ) ;
#1298 = DIRECTION ( 'NONE',  ( 1.000000000000000000, 1.224646799147353700E-16, 0.000000000000000000 ) ) ;
#1299 = DIRECTION ( 'NONE',  ( 0.000000000000000000, 0.000000000000000000, 1.000000000000000000 ) ) ;
#1300 = ORIENTED_EDGE ( 'NONE', *, *, #245, .F. ) ;
#1301 = ADVANCED_FACE ( 'NONE', ( #3912 ), #202, .T. ) ;
#1302 = ORIENTED_EDGE ( 'NONE', *, *, #1584, .F. ) ;
#1303 = LINE ( 'NONE', #3378, #5420 ) ;
#1304 = CARTESIAN_POINT ( 'NONE',  ( 2.500000000000002220, -26.00000000000001776, -13.50000000000001243 ) ) ;
#1305 = ORIENTED_EDGE ( 'NONE', *, *, #3138, .T. ) ;
#1306 = DIRECTION ( 'NONE',  ( 1.321694076934710155E-16, -1.000000000000000000, 0.000000000000000000 ) ) ;
#1307 = DIRECTION ( 'NONE',  ( 1.000000000000000000, 0.000000000000000000, 0.000000000000000000 ) ) ;
#1308 = ORIENTED_EDGE ( 'NONE', *, *, #5603, .F. ) ;
#1309 = EDGE_CURVE ( 'NONE', #4906, #3315, #1546, .T. ) ;
#1310 = EDGE_LOOP ( 'NONE', ( #1706, #5864, #1125, #1270 ) ) ;
#1311 = DIRECTION ( 'NONE',  ( -1.314184451497580735E-17, 1.000000000000000000, 0.000000000000000000 ) ) ;
#1312 = FACE_OUTER_BOUND ( 'NONE', #2976, .T. ) ;
#1313 = VERTEX_POINT ( 'NONE', #1728 ) ;
#1314 = DIRECTION ( 'NONE',  ( 1.000000000000000000, 2.312964634635742464E-16, 0.000000000000000000 ) ) ;
#1315 = VERTEX_POINT ( 'NONE', #3301 ) ;
#1316 = PLANE ( 'NONE',  #4828 ) ;
#1317 = DIRECTION ( 'NONE',  ( 1.224646799147353700E-16, -1.000000000000000000, 0.000000000000000000 ) ) ;
#1318 = ORIENTED_EDGE ( 'NONE', *, *, #3784, .F. ) ;
#1319 = EDGE_CURVE ( 'NONE', #1313, #6234, #1867, .T. ) ;
#1320 = DIRECTION ( 'NONE',  ( -1.000000000000000000, -1.734723475976807094E-16, 0.000000000000000000 ) ) ;
#1321 = DIRECTION ( 'NONE',  ( 1.220304592980192936E-15, 1.000000000000000000, 0.000000000000000000 ) ) ;
#1322 = LINE ( 'NONE', #4559, #2435 ) ;
#1323 = CIRCLE ( 'NONE', #6219, 2.125000000000000000 ) ;
#1324 = CARTESIAN_POINT ( 'NONE',  ( 4.000000000000000000, -2.125930999906708418, -63.76188481852116041 ) ) ;
#1325 = DIRECTION ( 'NONE',  ( 1.000000000000000000, 1.321694076934710155E-16, 0.000000000000000000 ) ) ;
#1326 = AXIS2_PLACEMENT_3D ( 'NONE', #2450, #2482, #6286 ) ;
#1327 = CIRCLE ( 'NONE', #1647, 7.000000000000002665 ) ;
#1328 = ORIENTED_EDGE ( 'NONE', *, *, #787, .T. ) ;
#1329 = CARTESIAN_POINT ( 'NONE',  ( -9.107876924815055730, -21.33344853832726784, -58.24742809843937152 ) ) ;
#1330 = CARTESIAN_POINT ( 'NONE',  ( 4.000000000000003553, -19.93338814962351790, -63.76188481852116041 ) ) ;
#1331 = CARTESIAN_POINT ( 'NONE',  ( -1.816279346690858443, 9.499999999999872102, -3.295362189545513854 ) ) ;
#1332 = AXIS2_PLACEMENT_3D ( 'NONE', #4511, #1306, #2909 ) ;
#1333 = PLANE ( 'NONE',  #2413 ) ;
#1334 = ORIENTED_EDGE ( 'NONE', *, *, #2291, .F. ) ;
#1335 = PLANE ( 'NONE',  #3995 ) ;
#1336 = AXIS2_PLACEMENT_3D ( 'NONE', #2388, #4464, #6504 ) ;
#1337 = FACE_OUTER_BOUND ( 'NONE', #728, .T. ) ;
#1338 = EDGE_LOOP ( 'NONE', ( #192, #4273, #3906, #1845 ) ) ;
#1339 = CARTESIAN_POINT ( 'NONE',  ( -9.139474692326494676, -21.38043676458689646, -11.77201918443344830 ) ) ;
#1340 = EDGE_CURVE ( 'NONE', #3396, #3390, #6329, .T. ) ;
#1341 = CYLINDRICAL_SURFACE ( 'NONE', #1984, 2.125000000000001776 ) ;
#1342 = AXIS2_PLACEMENT_3D ( 'NONE', #3496, #3059, #4086 ) ;
#1343 = VERTEX_POINT ( 'NONE', #3947 ) ;
#1344 = ORIENTED_EDGE ( 'NONE', *, *, #382, .F. ) ;
#1345 = DIRECTION ( 'NONE',  ( 1.321694076934710155E-16, -1.000000000000000000, 0.000000000000000000 ) ) ;
#1346 = LINE ( 'NONE', #831, #3765 ) ;
#1347 = EDGE_LOOP ( 'NONE', ( #5689, #5270 ) ) ;
#1348 = CARTESIAN_POINT ( 'NONE',  ( -105.0000000000000142, -33.39999999999999858, -27.67548866570383836 ) ) ;
#1349 = CIRCLE ( 'NONE', #1774, 2.125000000000002665 ) ;
#1350 = ORIENTED_EDGE ( 'NONE', *, *, #5135, .T. ) ;
#1351 = ADVANCED_FACE ( 'NONE', ( #2819 ), #5483, .T. ) ;
#1352 = DIRECTION ( 'NONE',  ( 1.223202451009288748E-16, 1.497990966337723245E-32, 1.000000000000000000 ) ) ;
#1353 = CARTESIAN_POINT ( 'NONE',  ( 6.938893903907228378E-15, -36.50000000000000711, -68.00000000000000000 ) ) ;
#1354 = EDGE_LOOP ( 'NONE', ( #1089, #3284 ) ) ;
#1355 = VECTOR ( 'NONE', #5108, 1000.000000000000000 ) ;
#1356 = CARTESIAN_POINT ( 'NONE',  ( -64.40000000000000568, -20.50000000000001066, -10.54075870073010357 ) ) ;
#1357 = FACE_BOUND ( 'NONE', #3039, .T. ) ;
#1358 = CARTESIAN_POINT ( 'NONE',  ( 0.1500000000000008271, -34.50000000000000000, 0.000000000000000000 ) ) ;
#1359 = AXIS2_PLACEMENT_3D ( 'NONE', #5532, #3894, #1269 ) ;
#1360 = DIRECTION ( 'NONE',  ( 0.000000000000000000, 1.000000000000000000, 0.000000000000000000 ) ) ;
#1361 = AXIS2_PLACEMENT_3D ( 'NONE', #57, #2602, #6725 ) ;
#1362 = AXIS2_PLACEMENT_3D ( 'NONE', #4823, #1784, #2303 ) ;
#1363 = CARTESIAN_POINT ( 'NONE',  ( -80.38113276073386260, -6.000000000000001776, -67.25000000000000000 ) ) ;
#1364 = ADVANCED_FACE ( 'NONE', ( #1289, #270, #1357, #1762, #3367, #5410, #808, #5446 ), #3838, .T. ) ;
#1365 = CARTESIAN_POINT ( 'NONE',  ( -43.07499999999999574, -26.50000000000000355, -25.00000000000001776 ) ) ;
#1366 = DIRECTION ( 'NONE',  ( -1.224646799147353700E-16, 1.000000000000000000, 1.445602896647339163E-16 ) ) ;
#1367 = FACE_OUTER_BOUND ( 'NONE', #2533, .T. ) ;
#1368 = VERTEX_POINT ( 'NONE', #734 ) ;
#1369 = AXIS2_PLACEMENT_3D ( 'NONE', #4652, #5746, #1577 ) ;
#1370 = EDGE_CURVE ( 'NONE', #5105, #5064, #1983, .T. ) ;
#1371 = LINE ( 'NONE', #5459, #3662 ) ;
#1372 = VECTOR ( 'NONE', #6430, 1000.000000000000000 ) ;
#1373 = CARTESIAN_POINT ( 'NONE',  ( -9.393595576218894294, -20.74547620915355850, -10.30607182417491252 ) ) ;
#1374 = CARTESIAN_POINT ( 'NONE',  ( -10.06946007898208428, -24.50000000140917322, -14.27686061430109277 ) ) ;
#1375 = CARTESIAN_POINT ( 'NONE',  ( -6.399999999999999467, -20.50000000000001421, -10.54075870073009646 ) ) ;
#1376 = AXIS2_PLACEMENT_3D ( 'NONE', #2505, #5470, #1955 ) ;
#1377 = ORIENTED_EDGE ( 'NONE', *, *, #5091, .T. ) ;
#1378 = VERTEX_POINT ( 'NONE', #2355 ) ;
#1379 = DIRECTION ( 'NONE',  ( 1.224646799147353700E-16, -1.000000000000000000, 0.000000000000000000 ) ) ;
#1380 = EDGE_CURVE ( 'NONE', #4610, #4042, #4428, .T. ) ;
#1381 = CARTESIAN_POINT ( 'NONE',  ( 2.499999999999998668, 1.499999999999990896, -12.00000000000001066 ) ) ;
#1382 = ORIENTED_EDGE ( 'NONE', *, *, #4108, .F. ) ;
#1383 = ORIENTED_EDGE ( 'NONE', *, *, #3590, .T. ) ;
#1384 = DIRECTION ( 'NONE',  ( -1.321694076934710155E-16, 1.000000000000000000, 2.736911063134408342E-48 ) ) ;
#1385 = AXIS2_PLACEMENT_3D ( 'NONE', #6712, #2082, #5766 ) ;
#1386 = ORIENTED_EDGE ( 'NONE', *, *, #6588, .T. ) ;
#1387 = EDGE_CURVE ( 'NONE', #2441, #4616, #6231, .T. ) ;
#1388 = CARTESIAN_POINT ( 'NONE',  ( -70.15000000000000568, -36.50000000000001421, -2.000000000000029310 ) ) ;
#1389 = EDGE_CURVE ( 'NONE', #6701, #2638, #5138, .T. ) ;
#1390 = CIRCLE ( 'NONE', #4875, 15.00000000000000355 ) ;
#1391 = EDGE_CURVE ( 'NONE', #2123, #3509, #2987, .T. ) ;
#1392 = DIRECTION ( 'NONE',  ( 0.000000000000000000, 0.000000000000000000, -1.000000000000000000 ) ) ;
#1393 = DIRECTION ( 'NONE',  ( -0.000000000000000000, 1.000000000000000000, -0.000000000000000000 ) ) ;
#1394 = CYLINDRICAL_SURFACE ( 'NONE', #6575, 2.125000000000001776 ) ;
#1395 = AXIS2_PLACEMENT_3D ( 'NONE', #1637, #4330, #4813 ) ;
#1396 = CARTESIAN_POINT ( 'NONE',  ( -95.00000000000002842, -26.50000000000001421, -5.500000000000005329 ) ) ;
#1397 = DIRECTION ( 'NONE',  ( 1.321694076934710155E-16, -1.000000000000000000, 0.000000000000000000 ) ) ;
#1398 = CARTESIAN_POINT ( 'NONE',  ( -4.500000000000000888, -30.50000000000000355, -4.500000000000003553 ) ) ;
#1399 = CARTESIAN_POINT ( 'NONE',  ( -46.32740755027064239, -2.500000000000009326, -54.50000000000000000 ) ) ;
#1400 = ORIENTED_EDGE ( 'NONE', *, *, #3975, .T. ) ;
#1401 = DIRECTION ( 'NONE',  ( -1.000000000000000000, 0.000000000000000000, 0.000000000000000000 ) ) ;
#1402 = ORIENTED_EDGE ( 'NONE', *, *, #2284, .F. ) ;
#1403 = FACE_OUTER_BOUND ( 'NONE', #4984, .T. ) ;
#1404 = CARTESIAN_POINT ( 'NONE',  ( -9.999999999999996447, -1.500000000000011768, -60.50000000000000000 ) ) ;
#1405 = CARTESIAN_POINT ( 'NONE',  ( -9.056407010643356514, -23.30316879401771502, -11.97364186062818270 ) ) ;
#1406 = VERTEX_POINT ( 'NONE', #6130 ) ;
#1407 = EDGE_LOOP ( 'NONE', ( #6260, #2298, #1077, #1045 ) ) ;
#1408 = LINE ( 'NONE', #4547, #593 ) ;
#1409 = DIRECTION ( 'NONE',  ( -0.000000000000000000, -1.000000000000000000, -0.000000000000000000 ) ) ;
#1410 = ORIENTED_EDGE ( 'NONE', *, *, #753, .T. ) ;
#1411 = VERTEX_POINT ( 'NONE', #868 ) ;
#1412 = LINE ( 'NONE', #2947, #5915 ) ;
#1413 = ORIENTED_EDGE ( 'NONE', *, *, #4376, .F. ) ;
#1414 = ADVANCED_FACE ( 'NONE', ( #1488 ), #979, .F. ) ;
#1415 = CARTESIAN_POINT ( 'NONE',  ( -60.44648006528865380, -23.50000000000001421, -64.50000000000000000 ) ) ;
#1416 = ORIENTED_EDGE ( 'NONE', *, *, #2132, .F. ) ;
#1417 = DIRECTION ( 'NONE',  ( -1.000000000000000000, 1.214306433183765755E-15, 0.000000000000000000 ) ) ;
#1418 = DIRECTION ( 'NONE',  ( 1.224646799147353700E-16, -1.000000000000000000, 0.000000000000000000 ) ) ;
#1419 = CARTESIAN_POINT ( 'NONE',  ( -85.00000000000001421, -1.999999999999991340, -19.49999999999998579 ) ) ;
#1420 = ADVANCED_FACE ( 'NONE', ( #4715 ), #4203, .F. ) ;
#1421 = AXIS2_PLACEMENT_3D ( 'NONE', #1875, #1100, #6439 ) ;
#1422 = EDGE_LOOP ( 'NONE', ( #2088, #6524, #4100, #862, #1195 ) ) ;
#1423 = CARTESIAN_POINT ( 'NONE',  ( 3.469446951953614189E-15, -19.93338814962351790, -63.76188481852116041 ) ) ;
#1424 = EDGE_LOOP ( 'NONE', ( #1143, #2020, #4000, #5185, #4871, #2759, #5192, #426, #6726, #4135, #2641, #5147 ) ) ;
#1425 = DIRECTION ( 'NONE',  ( 1.000000000000000000, 0.000000000000000000, 0.000000000000000000 ) ) ;
#1426 = VECTOR ( 'NONE', #5217, 1000.000000000000000 ) ;
#1427 = CARTESIAN_POINT ( 'NONE',  ( -78.25613276073386260, 2.792641959432363473E-17, -2.750000000000043521 ) ) ;
#1428 = CARTESIAN_POINT ( 'NONE',  ( -10.08247263961856177, 1.102453868249226865, -52.39754613175074383 ) ) ;
#1429 = ORIENTED_EDGE ( 'NONE', *, *, #2926, .T. ) ;
#1430 = ORIENTED_EDGE ( 'NONE', *, *, #6143, .F. ) ;
#1431 = CARTESIAN_POINT ( 'NONE',  ( -9.274625589446561236, -21.35543471838397878, -58.67952040588382090 ) ) ;
#1432 = EDGE_CURVE ( 'NONE', #1740, #6014, #841, .T. ) ;
#1433 = ORIENTED_EDGE ( 'NONE', *, *, #908, .F. ) ;
#1434 = EDGE_LOOP ( 'NONE', ( #2135, #2412, #6729, #6663 ) ) ;
#1435 = VECTOR ( 'NONE', #5903, 1000.000000000000000 ) ;
#1436 = CARTESIAN_POINT ( 'NONE',  ( -46.32740755027064239, -23.50000000000001066, -54.50000000000000000 ) ) ;
#1437 = DIRECTION ( 'NONE',  ( 0.000000000000000000, 0.000000000000000000, 1.000000000000000000 ) ) ;
#1438 = DIRECTION ( 'NONE',  ( -1.000000000000000000, 0.000000000000000000, 0.000000000000000000 ) ) ;
#1439 = AXIS2_PLACEMENT_3D ( 'NONE', #2825, #5966, #1299 ) ;
#1440 = EDGE_CURVE ( 'NONE', #738, #6612, #2087, .T. ) ;
#1441 = EDGE_LOOP ( 'NONE', ( #5898, #4128, #6237, #6545 ) ) ;
#1442 = AXIS2_PLACEMENT_3D ( 'NONE', #4097, #6239, #5045 ) ;
#1443 = DIRECTION ( 'NONE',  ( 1.000000000000000000, 2.040851148208008245E-16, 0.000000000000000000 ) ) ;
#1444 = DIRECTION ( 'NONE',  ( 1.224646799147353700E-16, -1.000000000000000000, -1.445602896647339163E-16 ) ) ;
#1445 = ORIENTED_EDGE ( 'NONE', *, *, #985, .T. ) ;
#1446 = ORIENTED_EDGE ( 'NONE', *, *, #1705, .F. ) ;
#1447 = FACE_OUTER_BOUND ( 'NONE', #5057, .T. ) ;
#1448 = AXIS2_PLACEMENT_3D ( 'NONE', #4458, #3362, #3329 ) ;
#1449 = VERTEX_POINT ( 'NONE', #1902 ) ;
#1450 = PLANE ( 'NONE',  #72 ) ;
#1451 = AXIS2_PLACEMENT_3D ( 'NONE', #6579, #5558, #1201 ) ;
#1452 = EDGE_LOOP ( 'NONE', ( #595, #1473, #3328, #23 ) ) ;
#1453 = EDGE_CURVE ( 'NONE', #5598, #3245, #5546, .T. ) ;
#1454 = DIRECTION ( 'NONE',  ( 1.214306433183765755E-15, 1.000000000000000000, 0.000000000000000000 ) ) ;
#1455 = CARTESIAN_POINT ( 'NONE',  ( -6.399999999999999467, -20.50000000000000355, -10.54075870073009646 ) ) ;
#1456 = PLANE ( 'NONE',  #6034 ) ;
#1457 = CIRCLE ( 'NONE', #1670, 10.00000000000000000 ) ;
#1458 = LINE ( 'NONE', #1396, #4966 ) ;
#1459 = ORIENTED_EDGE ( 'NONE', *, *, #4802, .F. ) ;
#1460 = ORIENTED_EDGE ( 'NONE', *, *, #5728, .T. ) ;
#1461 = EDGE_CURVE ( 'NONE', #4162, #211, #4587, .T. ) ;
#1462 = AXIS2_PLACEMENT_3D ( 'NONE', #6449, #1815, #2297 ) ;
#1463 = DIRECTION ( 'NONE',  ( -1.000000000000000000, 0.000000000000000000, 0.000000000000000000 ) ) ;
#1464 = LINE ( 'NONE', #3, #3298 ) ;
#1465 = ORIENTED_EDGE ( 'NONE', *, *, #3219, .F. ) ;
#1466 = ORIENTED_EDGE ( 'NONE', *, *, #3006, .T. ) ;
#1467 = CARTESIAN_POINT ( 'NONE',  ( -10.84398017762648436, -24.49999999931660000, -58.52705511008896622 ) ) ;
#1468 = VERTEX_POINT ( 'NONE', #2922 ) ;
#1469 = ORIENTED_EDGE ( 'NONE', *, *, #5719, .F. ) ;
#1470 = ADVANCED_FACE ( 'NONE', ( #3027 ), #4558, .T. ) ;
#1471 = CARTESIAN_POINT ( 'NONE',  ( -105.0000000000000142, 5.999999999999981348, -6.999999999999999112 ) ) ;
#1472 = DIRECTION ( 'NONE',  ( 1.214306433183765755E-15, 1.000000000000000000, 0.000000000000000000 ) ) ;
#1473 = ORIENTED_EDGE ( 'NONE', *, *, #5948, .T. ) ;
#1474 = EDGE_CURVE ( 'NONE', #1411, #5837, #4369, .T. ) ;
#1475 = UNCERTAINTY_MEASURE_WITH_UNIT (LENGTH_MEASURE( 1.000000000000000082E-05 ), #3291, 'distance_accuracy_value', 'NONE');
#1476 = DIRECTION ( 'NONE',  ( 0.000000000000000000, 1.000000000000000000, 0.000000000000000000 ) ) ;
#1477 = AXIS2_PLACEMENT_3D ( 'NONE', #1893, #793, #325 ) ;
#1478 = ORIENTED_EDGE ( 'NONE', *, *, #2961, .T. ) ;
#1479 = CIRCLE ( 'NONE', #6489, 2.999999999999995559 ) ;
#1480 = FACE_OUTER_BOUND ( 'NONE', #5221, .T. ) ;
#1481 = CARTESIAN_POINT ( 'NONE',  ( -2.375000000000003997, -30.50000000000000355, -65.50000000000001421 ) ) ;
#1482 = ORIENTED_EDGE ( 'NONE', *, *, #6401, .T. ) ;
#1483 = FACE_OUTER_BOUND ( 'NONE', #6087, .T. ) ;
#1484 = TOROIDAL_SURFACE ( 'NONE', #935, 6.872983346207414357, 4.000000000000000000 ) ;
#1485 = ORIENTED_EDGE ( 'NONE', *, *, #6122, .F. ) ;
#1486 = CARTESIAN_POINT ( 'NONE',  ( -9.999999999999994671, 9.500000000000005329, -70.00000000000000000 ) ) ;
#1487 = ORIENTED_EDGE ( 'NONE', *, *, #474, .T. ) ;
#1488 = FACE_OUTER_BOUND ( 'NONE', #2196, .T. ) ;
#1489 = ORIENTED_EDGE ( 'NONE', *, *, #4442, .T. ) ;
#1490 = CIRCLE ( 'NONE', #4317, 10.00000000000000178 ) ;
#1491 = DIRECTION ( 'NONE',  ( -1.224646799147353700E-16, 1.000000000000000000, 0.000000000000000000 ) ) ;
#1492 = DIRECTION ( 'NONE',  ( -1.224646799147353700E-16, 1.000000000000000000, -0.000000000000000000 ) ) ;
#1493 = EDGE_CURVE ( 'NONE', #4790, #4223, #3058, .T. ) ;
#1494 = AXIS2_PLACEMENT_3D ( 'NONE', #543, #39, #4191 ) ;
#1495 = FACE_OUTER_BOUND ( 'NONE', #3209, .T. ) ;
#1496 = CARTESIAN_POINT ( 'NONE',  ( -43.07499999999999574, -30.50000000000000711, -15.00000000000001954 ) ) ;
#1497 = ORIENTED_EDGE ( 'NONE', *, *, #869, .T. ) ;
#1498 = DIRECTION ( 'NONE',  ( 1.224646799147353700E-16, -1.000000000000000000, 0.000000000000000000 ) ) ;
#1499 = DIRECTION ( 'NONE',  ( 1.000000000000000000, 0.000000000000000000, 0.000000000000000000 ) ) ;
#1500 = ORIENTED_EDGE ( 'NONE', *, *, #6633, .F. ) ;
#1501 = AXIS2_PLACEMENT_3D ( 'NONE', #223, #4931, #5439 ) ;
#1502 = CARTESIAN_POINT ( 'NONE',  ( -8.842662147139234818, -21.05683388727419825, -57.79371797387383936 ) ) ;
#1503 = ORIENTED_EDGE ( 'NONE', *, *, #627, .T. ) ;
#1504 = EDGE_CURVE ( 'NONE', #4687, #2738, #551, .T. ) ;
#1505 = CARTESIAN_POINT ( 'NONE',  ( -64.40000000000000568, -20.50000000000001066, -59.54075870073008758 ) ) ;
#1506 = FACE_OUTER_BOUND ( 'NONE', #5643, .T. ) ;
#1507 = FACE_OUTER_BOUND ( 'NONE', #2610, .T. ) ;
#1508 = ORIENTED_EDGE ( 'NONE', *, *, #5516, .F. ) ;
#1509 = CARTESIAN_POINT ( 'NONE',  ( 3.999999999999996447, 14.49999999999999467, -68.00000000000000000 ) ) ;
#1510 = ORIENTED_EDGE ( 'NONE', *, *, #3489, .F. ) ;
#1511 = EDGE_CURVE ( 'NONE', #4687, #5440, #1963, .T. ) ;
#1512 = EDGE_CURVE ( 'NONE', #6128, #6196, #6008, .T. ) ;
#1513 = EDGE_LOOP ( 'NONE', ( #4689, #609 ) ) ;
#1514 = DIRECTION ( 'NONE',  ( 1.220304592980192936E-15, 1.000000000000000000, 0.000000000000000000 ) ) ;
#1515 = DIRECTION ( 'NONE',  ( 1.000000000000000000, 1.224646799147353700E-16, 0.000000000000000000 ) ) ;
#1516 = EDGE_LOOP ( 'NONE', ( #3974, #400, #6090, #2058, #5892 ) ) ;
#1517 = FACE_OUTER_BOUND ( 'NONE', #1038, .T. ) ;
#1518 = EDGE_CURVE ( 'NONE', #4549, #4809, #5585, .T. ) ;
#1519 = VERTEX_POINT ( 'NONE', #905 ) ;
#1521 = ORIENTED_EDGE ( 'NONE', *, *, #5925, .F. ) ;
#1520 = CARTESIAN_POINT ( 'NONE',  ( -9.999999999999996447, -24.50000000000001421, -16.54409110865155697 ) ) ;
#1522 = ORIENTED_EDGE ( 'NONE', *, *, #1391, .F. ) ;
#1523 = ORIENTED_EDGE ( 'NONE', *, *, #2798, .F. ) ;
#1524 = ORIENTED_EDGE ( 'NONE', *, *, #4431, .T. ) ;
#1525 = CARTESIAN_POINT ( 'NONE',  ( -98.93372065330912335, 0.9999999999999809042, -12.62347598126822845 ) ) ;
#1526 = CARTESIAN_POINT ( 'NONE',  ( 2.500000000000002220, -27.50000000000001776, -12.00000000000001421 ) ) ;
#1527 = ORIENTED_EDGE ( 'NONE', *, *, #4847, .F. ) ;
#1528 = FACE_BOUND ( 'NONE', #6114, .T. ) ;
#1529 = ORIENTED_EDGE ( 'NONE', *, *, #1174, .T. ) ;
#1530 = ORIENTED_EDGE ( 'NONE', *, *, #5730, .F. ) ;
#1531 = CARTESIAN_POINT ( 'NONE',  ( -74.99999999999998579, -27.50000000000001066, -64.50000000000000000 ) ) ;
#1532 = EDGE_CURVE ( 'NONE', #4674, #6376, #2415, .T. ) ;
#1533 = CARTESIAN_POINT ( 'NONE',  ( -10.01250782228090586, 2.499999999999988454, -50.99999999999997868 ) ) ;
#1534 = CIRCLE ( 'NONE', #4591, 2.125000000000001776 ) ;
#1535 = DIRECTION ( 'NONE',  ( 0.000000000000000000, 0.000000000000000000, 1.000000000000000000 ) ) ;
#1536 = ORIENTED_EDGE ( 'NONE', *, *, #5278, .T. ) ;
#1537 = CARTESIAN_POINT ( 'NONE',  ( -70.15000000000000568, -36.50000000000001421, -68.00000000000000000 ) ) ;
#1538 = DIRECTION ( 'NONE',  ( 1.321694076934710155E-16, -1.000000000000000000, 0.000000000000000000 ) ) ;
#1539 = ORIENTED_EDGE ( 'NONE', *, *, #4903, .F. ) ;
#1540 = ADVANCED_FACE ( 'NONE', ( #6169 ), #2766, .T. ) ;
#1541 = PLANE ( 'NONE',  #3295 ) ;
#1542 = AXIS2_PLACEMENT_3D ( 'NONE', #2014, #5634, #5180 ) ;
#1543 = ORIENTED_EDGE ( 'NONE', *, *, #755, .T. ) ;
#1544 = CARTESIAN_POINT ( 'NONE',  ( -71.22649679024340230, -23.50000000000001066, -58.74273511082721200 ) ) ;
#1545 = PLANE ( 'NONE',  #3677 ) ;
#1546 = CIRCLE ( 'NONE', #5888, 6.872983346207423239 ) ;
#1547 = CIRCLE ( 'NONE', #2199, 2.125000000000001776 ) ;
#1548 = ADVANCED_FACE ( 'NONE', ( #2805 ), #1711, .F. ) ;
#1549 = CARTESIAN_POINT ( 'NONE',  ( -64.40000000000000568, -26.50000000000001066, -10.54075870073010357 ) ) ;
#1550 = ORIENTED_EDGE ( 'NONE', *, *, #3145, .F. ) ;
#1551 = DIRECTION ( 'NONE',  ( 1.321694076934710155E-16, -1.000000000000000000, 0.000000000000000000 ) ) ;
#1552 = VERTEX_POINT ( 'NONE', #3817 ) ;
#1553 = ORIENTED_EDGE ( 'NONE', *, *, #5003, .T. ) ;
#1554 = ADVANCED_FACE ( 'NONE', ( #3723 ), #1639, .F. ) ;
#1555 = VECTOR ( 'NONE', #4602, 1000.000000000000000 ) ;
#1556 = CARTESIAN_POINT ( 'NONE',  ( 4.000000000000003553, -30.50000000000000355, 0.000000000000000000 ) ) ;
#1557 = DIRECTION ( 'NONE',  ( 0.7071067811865492381, -0.7071067811865459074, 2.178940998026317000E-33 ) ) ;
#1558 = TOROIDAL_SURFACE ( 'NONE', #2543, 7.000000000000001776, 4.000000000000000000 ) ;
#1559 = ORIENTED_EDGE ( 'NONE', *, *, #6724, .F. ) ;
#1560 = CARTESIAN_POINT ( 'NONE',  ( -62.89999999999999858, -20.50000000000001066, -59.54075870073008758 ) ) ;
#1561 = ORIENTED_EDGE ( 'NONE', *, *, #6503, .F. ) ;
#1562 = CYLINDRICAL_SURFACE ( 'NONE', #6002, 2.125000000000000000 ) ;
#1563 = DIRECTION ( 'NONE',  ( 1.000000000000000000, 1.224646799147353700E-16, 0.000000000000000000 ) ) ;
#1564 = ORIENTED_EDGE ( 'NONE', *, *, #3173, .F. ) ;
#1565 = AXIS2_PLACEMENT_3D ( 'NONE', #622, #1612, #4266 ) ;
#1566 = PLANE ( 'NONE',  #1133 ) ;
#1567 = EDGE_CURVE ( 'NONE', #5770, #4809, #6016, .T. ) ;
#1568 = EDGE_CURVE ( 'NONE', #3448, #5474, #3714, .T. ) ;
#1569 = AXIS2_PLACEMENT_3D ( 'NONE', #3577, #5670, #3070 ) ;
#1570 = LINE ( 'NONE', #4064, #4760 ) ;
#1571 = LINE ( 'NONE', #5605, #2888 ) ;
#1572 = VERTEX_POINT ( 'NONE', #5901 ) ;
#1573 = DIRECTION ( 'NONE',  ( -1.000000000000000000, -1.734723475976806848E-16, 0.000000000000000000 ) ) ;
#1574 = CIRCLE ( 'NONE', #1679, 1.500000000000015099 ) ;
#1575 = EDGE_CURVE ( 'NONE', #5155, #1650, #2266, .T. ) ;
#1576 = ORIENTED_EDGE ( 'NONE', *, *, #2625, .T. ) ;
#1577 = DIRECTION ( 'NONE',  ( 1.000000000000000000, 0.000000000000000000, 1.734723475976807094E-15 ) ) ;
#1578 = AXIS2_PLACEMENT_3D ( 'NONE', #3826, #3862, #221 ) ;
#1579 = DIRECTION ( 'NONE',  ( 0.000000000000000000, 0.000000000000000000, -1.000000000000000000 ) ) ;
#1580 = AXIS2_PLACEMENT_3D ( 'NONE', #5058, #4453, #4002 ) ;
#1581 = DIRECTION ( 'NONE',  ( 1.214306433183765755E-15, 1.000000000000000000, 0.000000000000000000 ) ) ;
#1582 = AXIS2_PLACEMENT_3D ( 'NONE', #3538, #1940, #2420 ) ;
#1583 = VERTEX_POINT ( 'NONE', #6451 ) ;
#1584 = EDGE_CURVE ( 'NONE', #6124, #120, #4696, .T. ) ;
#1585 = DIRECTION ( 'NONE',  ( 1.220304592980192936E-15, 1.000000000000000000, 0.000000000000000000 ) ) ;
#1586 = ORIENTED_EDGE ( 'NONE', *, *, #2676, .F. ) ;
#1587 = DIRECTION ( 'NONE',  ( 1.000000000000000000, 0.000000000000000000, 0.000000000000000000 ) ) ;
#1588 = VECTOR ( 'NONE', #2784, 1000.000000000000000 ) ;
#1589 = EDGE_LOOP ( 'NONE', ( #443, #1285, #4624, #1599, #3386, #5860 ) ) ;
#1590 = FACE_OUTER_BOUND ( 'NONE', #3152, .T. ) ;
#1591 = FACE_OUTER_BOUND ( 'NONE', #1434, .T. ) ;
#1592 = ADVANCED_FACE ( 'NONE', ( #83 ), #774, .F. ) ;
#1593 = LINE ( 'NONE', #5177, #4426 ) ;
#1594 = AXIS2_PLACEMENT_3D ( 'NONE', #2598, #6252, #1579 ) ;
#1595 = ORIENTED_EDGE ( 'NONE', *, *, #1090, .F. ) ;
#1596 = FACE_OUTER_BOUND ( 'NONE', #2555, .T. ) ;
#1597 = DIRECTION ( 'NONE',  ( 1.000000000000000000, 1.224646799147353700E-16, 3.081487911019577365E-33 ) ) ;
#1598 = CARTESIAN_POINT ( 'NONE',  ( -20.00000000000000355, -26.50000000000000355, -5.500000000000005329 ) ) ;
#1599 = ORIENTED_EDGE ( 'NONE', *, *, #807, .T. ) ;
#1600 = CIRCLE ( 'NONE', #6605, 10.00000000000000178 ) ;
#1601 = ADVANCED_FACE ( 'NONE', ( #4334 ), #5775, .F. ) ;
#1602 = FACE_OUTER_BOUND ( 'NONE', #1719, .T. ) ;
#1603 = FACE_BOUND ( 'NONE', #3959, .T. ) ;
#1604 = CARTESIAN_POINT ( 'NONE',  ( -74.99999999999998579, -27.50000000000001066, -7.008699119991093518 ) ) ;
#1605 = AXIS2_PLACEMENT_3D ( 'NONE', #4169, #3588, #1000 ) ;
#1606 = ORIENTED_EDGE ( 'NONE', *, *, #2462, .F. ) ;
#1607 = CARTESIAN_POINT ( 'NONE',  ( -9.999999999999996447, -24.50000000000001421, -53.53742629280863952 ) ) ;
#1608 = ORIENTED_EDGE ( 'NONE', *, *, #1183, .F. ) ;
#1609 = PLANE ( 'NONE',  #1271 ) ;
#1610 = LINE ( 'NONE', #5868, #1794 ) ;
#1611 = DIRECTION ( 'NONE',  ( 0.000000000000000000, 0.000000000000000000, 1.000000000000000000 ) ) ;
#1612 = DIRECTION ( 'NONE',  ( 0.8576189154173508022, 0.000000000000000000, 0.5142857142857142350 ) ) ;
#1613 = EDGE_LOOP ( 'NONE', ( #6078, #6445, #5111, #1500 ) ) ;
#1615 = VERTEX_POINT ( 'NONE', #5841 ) ;
#1614 = CARTESIAN_POINT ( 'NONE',  ( -7.942857142857143948, -24.50000000000001421, -13.11361544698215198 ) ) ;
#1616 = ORIENTED_EDGE ( 'NONE', *, *, #2149, .T. ) ;
#1617 = CARTESIAN_POINT ( 'NONE',  ( -105.0000000000000142, 5.999999999999981348, -6.999999999999999112 ) ) ;
#1618 = ORIENTED_EDGE ( 'NONE', *, *, #5756, .F. ) ;
#1619 = EDGE_CURVE ( 'NONE', #5702, #5508, #4265, .T. ) ;
#1620 = CARTESIAN_POINT ( 'NONE',  ( -9.999999999999998224, 5.999999999999994671, -60.50000000000000000 ) ) ;
#1621 = DIRECTION ( 'NONE',  ( -1.000000000000000000, 0.000000000000000000, 0.000000000000000000 ) ) ;
#1622 = DIRECTION ( 'NONE',  ( 1.214306433183765755E-15, 1.000000000000000000, 0.000000000000000000 ) ) ;
#1623 = VERTEX_POINT ( 'NONE', #3754 ) ;
#1624 = CARTESIAN_POINT ( 'NONE',  ( -24.61886723926606280, -5.999999999999998224, -67.25000000000000000 ) ) ;
#1625 = ADVANCED_FACE ( 'NONE', ( #5323 ), #650, .F. ) ;
#1626 = CARTESIAN_POINT ( 'NONE',  ( -64.40000000000000568, -19.50000000000001066, -3.667775354522688769 ) ) ;
#1627 = CARTESIAN_POINT ( 'NONE',  ( -1.999999999999997780, -23.56341887489694642, -11.14804342075789201 ) ) ;
#1628 = EDGE_LOOP ( 'NONE', ( #2118, #5025 ) ) ;
#1629 = CARTESIAN_POINT ( 'NONE',  ( -9.397305088944078122, -21.00146479094105345, -59.35832044206435398 ) ) ;
#1630 = DIRECTION ( 'NONE',  ( -0.7071067811865441310, 0.7071067811865507924, 0.000000000000000000 ) ) ;
#1631 = EDGE_CURVE ( 'NONE', #2441, #6380, #5356, .T. ) ;
#1632 = CYLINDRICAL_SURFACE ( 'NONE', #4165, 10.00000000000000178 ) ;
#1633 = AXIS2_PLACEMENT_3D ( 'NONE', #3681, #5245, #922 ) ;
#1634 = CARTESIAN_POINT ( 'NONE',  ( -101.0587206533091233, 9.499999999999991118, -66.70463781045448570 ) ) ;
#1635 = ORIENTED_EDGE ( 'NONE', *, *, #4296, .T. ) ;
#1636 = PLANE ( 'NONE',  #3601 ) ;
#1637 = CARTESIAN_POINT ( 'NONE',  ( -105.0000000000000142, 1.552207410648924535, -66.03911680942459839 ) ) ;
#1638 = DIRECTION ( 'NONE',  ( -1.000000000000000000, 0.000000000000000000, 0.000000000000000000 ) ) ;
#1639 = PLANE ( 'NONE',  #6654 ) ;
#1640 = CIRCLE ( 'NONE', #1542, 17.00000000000000000 ) ;
#1641 = VERTEX_POINT ( 'NONE', #6486 ) ;
#1642 = CARTESIAN_POINT ( 'NONE',  ( -1.816279346690861773, 4.499999999999872990, -66.70463781045448570 ) ) ;
#1643 = CARTESIAN_POINT ( 'NONE',  ( -46.32740755027064239, -26.50000000000000711, -64.50000000000000000 ) ) ;
#1644 = EDGE_LOOP ( 'NONE', ( #108, #3693, #1410, #4156 ) ) ;
#1645 = AXIS2_PLACEMENT_3D ( 'NONE', #3982, #1936, #4496 ) ;
#1646 = DIRECTION ( 'NONE',  ( 0.000000000000000000, -1.000000000000000000, 0.000000000000000000 ) ) ;
#1647 = AXIS2_PLACEMENT_3D ( 'NONE', #321, #1819, #3928 ) ;
#1648 = EDGE_CURVE ( 'NONE', #2502, #2995, #351, .T. ) ;
#1649 = LINE ( 'NONE', #3150, #3118 ) ;
#1650 = VERTEX_POINT ( 'NONE', #5499 ) ;
#1651 = ORIENTED_EDGE ( 'NONE', *, *, #565, .F. ) ;
#1652 = DIRECTION ( 'NONE',  ( 0.000000000000000000, 0.000000000000000000, -1.000000000000000000 ) ) ;
#1653 = CARTESIAN_POINT ( 'NONE',  ( -105.0000000000000142, -67.49999999999998579, -32.99999999999977973 ) ) ;
#1654 = AXIS2_PLACEMENT_3D ( 'NONE', #1399, #1263, #2292 ) ;
#1655 = CARTESIAN_POINT ( 'NONE',  ( -103.1837206533091233, 0.9999999999999833467, -57.37652401873177865 ) ) ;
#1656 = DIRECTION ( 'NONE',  ( 1.224646799147353700E-16, -1.000000000000000000, 0.000000000000000000 ) ) ;
#1657 = AXIS2_PLACEMENT_3D ( 'NONE', #1223, #4353, #1256 ) ;
#1658 = ORIENTED_EDGE ( 'NONE', *, *, #2307, .T. ) ;
#1659 = DIRECTION ( 'NONE',  ( 1.000000000000000000, 0.000000000000000000, 0.000000000000000000 ) ) ;
#1660 = FACE_OUTER_BOUND ( 'NONE', #5557, .T. ) ;
#1661 = PLANE ( 'NONE',  #3198 ) ;
#1662 = EDGE_LOOP ( 'NONE', ( #1732, #646, #2066, #6471, #6269 ) ) ;
#1663 = CIRCLE ( 'NONE', #2216, 2.125000000000000444 ) ;
#1664 = EDGE_CURVE ( 'NONE', #4681, #2626, #4702, .T. ) ;
#1665 = DIRECTION ( 'NONE',  ( -1.000000000000000000, -1.734723475976807341E-16, 0.000000000000000000 ) ) ;
#1666 = CIRCLE ( 'NONE', #6352, 10.00000000000000178 ) ;
#1667 = CARTESIAN_POINT ( 'NONE',  ( -82.50613276073386260, -2.792641959432363473E-17, -67.25000000000000000 ) ) ;
#1668 = CARTESIAN_POINT ( 'NONE',  ( 4.000000000000003553, -26.00000000000001776, -56.49999999999999289 ) ) ;
#1669 = ORIENTED_EDGE ( 'NONE', *, *, #1248, .T. ) ;
#1670 = AXIS2_PLACEMENT_3D ( 'NONE', #5825, #1224, #3303 ) ;
#1671 = EDGE_CURVE ( 'NONE', #2672, #3448, #1220, .T. ) ;
#1672 = ADVANCED_FACE ( 'NONE', ( #2937 ), #788, .T. ) ;
#1673 = CARTESIAN_POINT ( 'NONE',  ( -46.32740755027063528, -23.50000000000001776, -15.50000000000000000 ) ) ;
#1674 = EDGE_LOOP ( 'NONE', ( #2951, #916, #6723, #2224 ) ) ;
#1676 = EDGE_LOOP ( 'NONE', ( #4994, #3866, #6426, #851 ) ) ;
#1675 = PLANE ( 'NONE',  #5744 ) ;
#1677 = CARTESIAN_POINT ( 'NONE',  ( -9.286672006449057548, -21.37148609949577960, -11.36109657894414227 ) ) ;
#1678 = DIRECTION ( 'NONE',  ( 1.000000000000000000, 1.224646799147353700E-16, 3.081487911019577365E-33 ) ) ;
#1679 = AXIS2_PLACEMENT_3D ( 'NONE', #532, #4182, #1621 ) ;
#1680 = LINE ( 'NONE', #2733, #3517 ) ;
#1681 = CARTESIAN_POINT ( 'NONE',  ( -53.07499999999999574, -26.50000000000000711, -55.00000000000002132 ) ) ;
#1682 = ORIENTED_EDGE ( 'NONE', *, *, #4376, .T. ) ;
#1683 = CIRCLE ( 'NONE', #3991, 10.00000000000000178 ) ;
#1684 = VECTOR ( 'NONE', #6389, 1000.000000000000000 ) ;
#1685 = LINE ( 'NONE', #4857, #5500 ) ;
#1686 = DIRECTION ( 'NONE',  ( -1.321694076934710155E-16, 1.000000000000000000, 0.000000000000000000 ) ) ;
#1687 = ORIENTED_EDGE ( 'NONE', *, *, #4103, .T. ) ;
#1688 = CARTESIAN_POINT ( 'NONE',  ( -46.32740755027063528, -23.50000000000000711, -5.500000000000005329 ) ) ;
#1689 = CARTESIAN_POINT ( 'NONE',  ( -4.568268713208133214, -24.11306723517869699, -64.50000000000000000 ) ) ;
#1690 = VECTOR ( 'NONE', #969, 1000.000000000000114 ) ;
#1691 = LINE ( 'NONE', #2106, #5060 ) ;
#1692 = VECTOR ( 'NONE', #5882, 1000.000000000000000 ) ;
#1693 = LINE ( 'NONE', #5854, #1372 ) ;
#1694 = ORIENTED_EDGE ( 'NONE', *, *, #6094, .T. ) ;
#1695 = DIRECTION ( 'NONE',  ( 0.000000000000000000, 0.000000000000000000, -1.000000000000000000 ) ) ;
#1696 = PLANE ( 'NONE',  #4167 ) ;
#1697 = FACE_OUTER_BOUND ( 'NONE', #3035, .T. ) ;
#1698 = ORIENTED_EDGE ( 'NONE', *, *, #5250, .T. ) ;
#1699 = CIRCLE ( 'NONE', #2573, 2.125000000000000000 ) ;
#1700 = DIRECTION ( 'NONE',  ( -1.000000000000000000, -1.224646799147353700E-16, 0.000000000000000000 ) ) ;
#1701 = LINE ( 'NONE', #3136, #131 ) ;
#1702 = DIRECTION ( 'NONE',  ( -1.334402673828313093E-16, 1.000000000000000000, -2.668805347656626185E-16 ) ) ;
#1703 = ORIENTED_EDGE ( 'NONE', *, *, #565, .T. ) ;
#1704 = AXIS2_PLACEMENT_3D ( 'NONE', #4573, #675, #3743 ) ;
#1705 = EDGE_CURVE ( 'NONE', #4549, #2165, #1851, .T. ) ;
#1706 = ORIENTED_EDGE ( 'NONE', *, *, #844, .F. ) ;
#1707 = VECTOR ( 'NONE', #5782, 1000.000000000000000 ) ;
#1708 = DIRECTION ( 'NONE',  ( 1.000000000000000000, 1.224646799147353947E-16, 1.232595164407830946E-32 ) ) ;
#1709 = DIRECTION ( 'NONE',  ( -1.000000000000000000, 0.000000000000000000, 1.224510688924804848E-16 ) ) ;
#1710 = ORIENTED_EDGE ( 'NONE', *, *, #6713, .T. ) ;
#1711 = CYLINDRICAL_SURFACE ( 'NONE', #2955, 2.125000000000001776 ) ;
#1712 = ADVANCED_FACE ( 'NONE', ( #3927 ), #2315, .F. ) ;
#1713 = CARTESIAN_POINT ( 'NONE',  ( -9.298189738147145889, -20.50000000727081328, -60.32889570894757014 ) ) ;
#1714 = DIRECTION ( 'NONE',  ( -1.000000000000000000, -1.314184451497581352E-17, 0.000000000000000000 ) ) ;
#1715 = ADVANCED_FACE ( 'NONE', ( #3516 ), #1541, .F. ) ;
#1716 = ORIENTED_EDGE ( 'NONE', *, *, #3173, .T. ) ;
#1717 = CARTESIAN_POINT ( 'NONE',  ( -26.74386723926606280, -5.999999999999995559, -2.750000000000030198 ) ) ;
#1718 = CYLINDRICAL_SURFACE ( 'NONE', #6043, 2.125000000000001776 ) ;
#1719 = EDGE_LOOP ( 'NONE', ( #858, #2010, #380, #5428, #704, #3069, #1814, #3264, #3148, #3256, #1698, #3572, #3957, #6301, #2351 ) ) ;
#1720 = ORIENTED_EDGE ( 'NONE', *, *, #6161, .F. ) ;
#1721 = CARTESIAN_POINT ( 'NONE',  ( -6.399999999999999467, -20.50000000000000355, -7.540758700730094688 ) ) ;
#1722 = VERTEX_POINT ( 'NONE', #6648 ) ;
#1723 = ADVANCED_FACE ( 'NONE', ( #4611 ), #10, .F. ) ;
#1724 = DIRECTION ( 'NONE',  ( 1.000000000000000000, 1.321694076934710155E-16, 0.000000000000000000 ) ) ;
#1725 = DIRECTION ( 'NONE',  ( -1.000000000000000000, -1.314184451497581352E-17, 0.000000000000000000 ) ) ;
#1726 = FACE_OUTER_BOUND ( 'NONE', #2405, .T. ) ;
#1727 = DIRECTION ( 'NONE',  ( -1.000000000000000000, -1.734723475976807094E-16, -8.673617379884035472E-17 ) ) ;
#1728 = CARTESIAN_POINT ( 'NONE',  ( -105.0000000000000142, -36.50000000000002132, -68.00000000000000000 ) ) ;
#1729 = FACE_OUTER_BOUND ( 'NONE', #209, .T. ) ;
#1730 = CARTESIAN_POINT ( 'NONE',  ( 4.000000000000003553, -24.50000000000001421, -15.00000000000001421 ) ) ;
#1731 = EDGE_CURVE ( 'NONE', #5, #2830, #5677, .T. ) ;
#1732 = ORIENTED_EDGE ( 'NONE', *, *, #3697, .T. ) ;
#1733 = EDGE_CURVE ( 'NONE', #5778, #5314, #3616, .T. ) ;
#1734 = CARTESIAN_POINT ( 'NONE',  ( 3.469446951953614189E-15, 2.499999999999988454, -19.00000000000003197 ) ) ;
#1735 = CARTESIAN_POINT ( 'NONE',  ( -105.0000000000000142, 5.999999999999981348, -6.999999999999999112 ) ) ;
#1736 = CARTESIAN_POINT ( 'NONE',  ( -65.50000000000000000, -30.50000000000001066, -4.500000000000003553 ) ) ;
#1737 = ORIENTED_EDGE ( 'NONE', *, *, #1575, .T. ) ;
#1738 = ORIENTED_EDGE ( 'NONE', *, *, #1782, .F. ) ;
#1740 = VERTEX_POINT ( 'NONE', #2501 ) ;
#1739 = CARTESIAN_POINT ( 'NONE',  ( -46.32740755027063528, -26.50000000000000711, -5.500000000000005329 ) ) ;
#1741 = CARTESIAN_POINT ( 'NONE',  ( -85.00000000000001421, -1.500000000000011768, -60.49999999999998579 ) ) ;
#1742 = CARTESIAN_POINT ( 'NONE',  ( -1.999999999999997335, -24.45457178919961194, -64.09357216766008492 ) ) ;
#1743 = CARTESIAN_POINT ( 'NONE',  ( -10.08247263961855111, 1.102453868249226421, -17.60245386824925973 ) ) ;
#1744 = DIRECTION ( 'NONE',  ( -1.000000000000000000, 0.000000000000000000, 0.000000000000000000 ) ) ;
#1745 = AXIS2_PLACEMENT_3D ( 'NONE', #544, #5247, #3652 ) ;
#1746 = ORIENTED_EDGE ( 'NONE', *, *, #778, .T. ) ;
#1747 = DIRECTION ( 'NONE',  ( -1.000000000000000000, 0.000000000000000000, 0.000000000000000000 ) ) ;
#1748 = EDGE_CURVE ( 'NONE', #58, #1519, #4109, .T. ) ;
#1749 = FACE_OUTER_BOUND ( 'NONE', #3598, .T. ) ;
#1750 = AXIS2_PLACEMENT_3D ( 'NONE', #1735, #4953, #1298 ) ;
#1751 = EDGE_LOOP ( 'NONE', ( #4521, #2576, #2604, #2527 ) ) ;
#1752 = CARTESIAN_POINT ( 'NONE',  ( -56.32740755027064239, -23.50000000000001066, -54.50000000000000000 ) ) ;
#1753 = ORIENTED_EDGE ( 'NONE', *, *, #1733, .F. ) ;
#1754 = DIRECTION ( 'NONE',  ( 1.321694076934710155E-16, -1.000000000000000000, 0.000000000000000000 ) ) ;
#1755 = DIRECTION ( 'NONE',  ( -1.314184451497580735E-17, 1.000000000000000000, 0.000000000000000000 ) ) ;
#1756 = TOROIDAL_SURFACE ( 'NONE', #2624, 6.872983346207414357, 4.000000000000000000 ) ;
#1757 = ADVANCED_FACE ( 'NONE', ( #5156 ), #4133, .F. ) ;
#1758 = CARTESIAN_POINT ( 'NONE',  ( -19.50000000000008527, 0.000000000000000000, 0.000000000000000000 ) ) ;
#1759 = CARTESIAN_POINT ( 'NONE',  ( -2.375000000000000888, -30.50000000000000355, -4.500000000000003553 ) ) ;
#1760 = ORIENTED_EDGE ( 'NONE', *, *, #2164, .F. ) ;
#1761 = EDGE_CURVE ( 'NONE', #2803, #962, #1065, .T. ) ;
#1762 = FACE_BOUND ( 'NONE', #1923, .T. ) ;
#1763 = DIRECTION ( 'NONE',  ( 1.000000000000000000, 1.301042606982605321E-16, 0.000000000000000000 ) ) ;
#1764 = DIRECTION ( 'NONE',  ( -1.000000000000000000, -1.314184451497581660E-17, 0.000000000000000000 ) ) ;
#1765 = ORIENTED_EDGE ( 'NONE', *, *, #3216, .F. ) ;
#1766 = ORIENTED_EDGE ( 'NONE', *, *, #2968, .F. ) ;
#1767 = AXIS2_PLACEMENT_3D ( 'NONE', #1056, #638, #6367 ) ;
#1768 = PLANE ( 'NONE',  #5998 ) ;
#1769 = CARTESIAN_POINT ( 'NONE',  ( -103.1837206533091233, 4.499999999999996447, -3.295362189545514298 ) ) ;
#1770 = DIRECTION ( 'NONE',  ( 1.000000000000000000, 1.321694076934710155E-16, 0.000000000000000000 ) ) ;
#1771 = CYLINDRICAL_SURFACE ( 'NONE', #4597, 1.500000000000015099 ) ;
#1772 = AXIS2_PLACEMENT_3D ( 'NONE', #3635, #1048, #4794 ) ;
#1773 = ORIENTED_EDGE ( 'NONE', *, *, #4882, .F. ) ;
#1774 = AXIS2_PLACEMENT_3D ( 'NONE', #4553, #2508, #3591 ) ;
#1775 = EDGE_LOOP ( 'NONE', ( #6418, #6053, #5306, #6155 ) ) ;
#1777 = ORIENTED_EDGE ( 'NONE', *, *, #4903, .T. ) ;
#1776 = CARTESIAN_POINT ( 'NONE',  ( -105.0000000000000142, 1.552207410648924535, -3.960883190575414936 ) ) ;
#1778 = CARTESIAN_POINT ( 'NONE',  ( -65.90000000000003411, -20.50000000000001066, -59.54075870073008758 ) ) ;
#1779 = DIRECTION ( 'NONE',  ( 0.000000000000000000, 0.000000000000000000, -1.000000000000000000 ) ) ;
#1780 = CARTESIAN_POINT ( 'NONE',  ( -80.28183768826340838, -27.50000000000001066, -54.50000000000000000 ) ) ;
#1781 = CIRCLE ( 'NONE', #2338, 2.125000000000001776 ) ;
#1782 = EDGE_CURVE ( 'NONE', #5946, #3140, #3615, .T. ) ;
#1783 = ORIENTED_EDGE ( 'NONE', *, *, #1847, .F. ) ;
#1784 = DIRECTION ( 'NONE',  ( 1.321694076934710155E-16, -1.000000000000000000, 0.000000000000000000 ) ) ;
#1785 = CARTESIAN_POINT ( 'NONE',  ( 4.000000000000003553, -27.50000000000001776, -12.00000000000001421 ) ) ;
#1786 = VECTOR ( 'NONE', #703, 1000.000000000000000 ) ;
#1787 = VERTEX_POINT ( 'NONE', #4028 ) ;
#1789 = LINE ( 'NONE', #3937, #5790 ) ;
#1788 = DIRECTION ( 'NONE',  ( 1.000000000000000000, 0.000000000000000000, 0.000000000000000000 ) ) ;
#1790 = VERTEX_POINT ( 'NONE', #995 ) ;
#1791 = FACE_OUTER_BOUND ( 'NONE', #6443, .T. ) ;
#1792 = CARTESIAN_POINT ( 'NONE',  ( -6.399999999999999467, -20.50000000000000355, -10.54075870073009646 ) ) ;
#1793 = EDGE_CURVE ( 'NONE', #2229, #3936, #357, .T. ) ;
#1794 = VECTOR ( 'NONE', #2127, 1000.000000000000000 ) ;
#1795 = DIRECTION ( 'NONE',  ( 0.000000000000000000, 0.000000000000000000, -1.000000000000000000 ) ) ;
#1796 = CIRCLE ( 'NONE', #5276, 2.125000000000001776 ) ;
#1797 = DIRECTION ( 'NONE',  ( 0.000000000000000000, 1.000000000000000000, 0.000000000000000000 ) ) ;
#1798 = LINE ( 'NONE', #3876, #2635 ) ;
#1799 = LINE ( 'NONE', #1324, #53 ) ;
#1800 = EDGE_CURVE ( 'NONE', #933, #5237, #5893, .T. ) ;
#1801 = ADVANCED_FACE ( 'NONE', ( #2027 ), #6111, .F. ) ;
#1802 = EDGE_CURVE ( 'NONE', #3521, #4162, #6125, .T. ) ;
#1803 = ORIENTED_EDGE ( 'NONE', *, *, #1802, .T. ) ;
#1804 = CIRCLE ( 'NONE', #1477, 10.00000000000000178 ) ;
#1805 = CYLINDRICAL_SURFACE ( 'NONE', #6050, 2.125000000000001776 ) ;
#1806 = CARTESIAN_POINT ( 'NONE',  ( -8.902068604405593888, -21.12867943982172747, -57.87989422595546074 ) ) ;
#1807 = DIRECTION ( 'NONE',  ( 1.321694076934710155E-16, -1.000000000000000000, 0.000000000000000000 ) ) ;
#1808 = DIRECTION ( 'NONE',  ( 1.224646799147353700E-16, -1.000000000000000000, 0.000000000000000000 ) ) ;
#1809 = AXIS2_PLACEMENT_3D ( 'NONE', #3466, #3980, #6061 ) ;
#1810 = ORIENTED_EDGE ( 'NONE', *, *, #3822, .T. ) ;
#1811 = EDGE_CURVE ( 'NONE', #3116, #2608, #3078, .T. ) ;
#1812 = EDGE_LOOP ( 'NONE', ( #2102, #6459, #1460, #2911 ) ) ;
#1814 = ORIENTED_EDGE ( 'NONE', *, *, #1007, .F. ) ;
#1813 = DIRECTION ( 'NONE',  ( 0.000000000000000000, 0.000000000000000000, -1.000000000000000000 ) ) ;
#1815 = DIRECTION ( 'NONE',  ( 1.321694076934710155E-16, -1.000000000000000000, 0.000000000000000000 ) ) ;
#1816 = ORIENTED_EDGE ( 'NONE', *, *, #6186, .F. ) ;
#1817 = VECTOR ( 'NONE', #2802, 1000.000000000000114 ) ;
#1818 = CARTESIAN_POINT ( 'NONE',  ( -9.458466526121052098, -23.36566277325756857, -10.37956966890934751 ) ) ;
#1819 = DIRECTION ( 'NONE',  ( 0.000000000000000000, -1.000000000000000000, 0.000000000000000000 ) ) ;
#1820 = AXIS2_PLACEMENT_3D ( 'NONE', #4324, #3774, #5345 ) ;
#1821 = VERTEX_POINT ( 'NONE', #1509 ) ;
#1822 = ORIENTED_EDGE ( 'NONE', *, *, #5768, .F. ) ;
#1823 = CYLINDRICAL_SURFACE ( 'NONE', #2352, 1.500000000000001332 ) ;
#1824 = DIRECTION ( 'NONE',  ( 1.000000000000000000, 0.000000000000000000, 0.000000000000000000 ) ) ;
#1825 = ORIENTED_EDGE ( 'NONE', *, *, #348, .T. ) ;
#1826 = CARTESIAN_POINT ( 'NONE',  ( 4.000000000000003553, -17.80838814962351790, -6.238115181478841365 ) ) ;
#1827 = VECTOR ( 'NONE', #1078, 1000.000000000000000 ) ;
#1828 = VERTEX_POINT ( 'NONE', #643 ) ;
#1829 = EDGE_LOOP ( 'NONE', ( #20, #2775, #957, #1860 ) ) ;
#1830 = DIRECTION ( 'NONE',  ( 1.224646799147353700E-16, -1.000000000000000000, 0.000000000000000000 ) ) ;
#1831 = CARTESIAN_POINT ( 'NONE',  ( -9.999999999999994671, 9.500000000000005329, -70.00000000000000000 ) ) ;
#1832 = ORIENTED_EDGE ( 'NONE', *, *, #1060, .T. ) ;
#1833 = DIRECTION ( 'NONE',  ( 1.000000000000000000, 0.000000000000000000, 0.000000000000000000 ) ) ;
#1834 = EDGE_CURVE ( 'NONE', #6673, #2672, #4815, .T. ) ;
#1835 = PLANE ( 'NONE',  #236 ) ;
#1836 = CARTESIAN_POINT ( 'NONE',  ( -23.07499999999999929, -30.50000000000000711, -45.00000000000001421 ) ) ;
#1837 = CARTESIAN_POINT ( 'NONE',  ( 0.1500000000000042966, -30.50000000000000355, -70.00000000000000000 ) ) ;
#1838 = ORIENTED_EDGE ( 'NONE', *, *, #4049, .T. ) ;
#1839 = CYLINDRICAL_SURFACE ( 'NONE', #4741, 3.000000000000002665 ) ;
#1840 = DIRECTION ( 'NONE',  ( 1.321694076934710155E-16, -1.000000000000000000, 0.000000000000000000 ) ) ;
#1841 = EDGE_CURVE ( 'NONE', #6651, #6128, #2722, .T. ) ;
#1842 = CARTESIAN_POINT ( 'NONE',  ( -23.07499999999999929, -29.00000000000000355, -45.00000000000001421 ) ) ;
#1843 = CYLINDRICAL_SURFACE ( 'NONE', #6436, 2.125000000000001776 ) ;
#1844 = DIRECTION ( 'NONE',  ( 0.000000000000000000, 0.000000000000000000, 1.000000000000000000 ) ) ;
#1845 = ORIENTED_EDGE ( 'NONE', *, *, #2308, .T. ) ;
#1846 = EDGE_LOOP ( 'NONE', ( #1738, #5672, #4473, #1635, #4309, #2121 ) ) ;
#1847 = EDGE_CURVE ( 'NONE', #5637, #5978, #2852, .T. ) ;
#1848 = DIRECTION ( 'NONE',  ( 0.000000000000000000, 0.000000000000000000, 1.000000000000000000 ) ) ;
#1849 = CARTESIAN_POINT ( 'NONE',  ( -4.500000000000003553, -25.50000000000000355, -65.50000000000001421 ) ) ;
#1850 = ORIENTED_EDGE ( 'NONE', *, *, #4649, .F. ) ;
#1851 = LINE ( 'NONE', #4448, #4495 ) ;
#1852 = DIRECTION ( 'NONE',  ( 1.224646799147353700E-16, -1.000000000000000000, 2.736911063134408342E-48 ) ) ;
#1853 = ORIENTED_EDGE ( 'NONE', *, *, #4867, .T. ) ;
#1854 = EDGE_LOOP ( 'NONE', ( #3841, #3663, #989, #5175 ) ) ;
#1855 = FACE_OUTER_BOUND ( 'NONE', #4564, .T. ) ;
#1856 = DIRECTION ( 'NONE',  ( 1.000000000000000000, 1.224646799147353700E-16, 0.000000000000000000 ) ) ;
#1857 = ORIENTED_EDGE ( 'NONE', *, *, #2271, .T. ) ;
#1858 = DIRECTION ( 'NONE',  ( -1.224646799147353700E-16, 1.000000000000000000, -0.000000000000000000 ) ) ;
#1859 = VERTEX_POINT ( 'NONE', #3170 ) ;
#1860 = ORIENTED_EDGE ( 'NONE', *, *, #1648, .F. ) ;
#1861 = DIRECTION ( 'NONE',  ( 1.000000000000000000, 0.000000000000000000, 0.000000000000000000 ) ) ;
#1862 = DIRECTION ( 'NONE',  ( -1.000000000000000000, 1.224510688924804010E-15, 0.000000000000000000 ) ) ;
#1863 = ORIENTED_EDGE ( 'NONE', *, *, #3593, .F. ) ;
#1864 = ADVANCED_FACE ( 'NONE', ( #4227 ), #107, .F. ) ;
#1865 = AXIS2_PLACEMENT_3D ( 'NONE', #4397, #2899, #3952 ) ;
#1866 = CARTESIAN_POINT ( 'NONE',  ( -6.066279346690862440, 4.499999999999878320, -66.70463781045448570 ) ) ;
#1867 = LINE ( 'NONE', #5372, #1214 ) ;
#1868 = CARTESIAN_POINT ( 'NONE',  ( -8.323522387778101717, -20.59410755717725650, -57.23579486919182102 ) ) ;
#1869 = VECTOR ( 'NONE', #4125, 1000.000000000000000 ) ;
#1870 = CARTESIAN_POINT ( 'NONE',  ( -101.0587206533091233, 0.9999999999999835687, -12.62347598126822845 ) ) ;
#1871 = EDGE_CURVE ( 'NONE', #6193, #2838, #677, .T. ) ;
#1872 = ORIENTED_EDGE ( 'NONE', *, *, #2725, .F. ) ;
#1873 = DIRECTION ( 'NONE',  ( 1.000000000000000000, 0.000000000000000000, 0.000000000000000000 ) ) ;
#1874 = AXIS2_PLACEMENT_3D ( 'NONE', #6567, #4015, #335 ) ;
#1875 = CARTESIAN_POINT ( 'NONE',  ( -43.07499999999999574, -29.00000000000000711, -25.00000000000001776 ) ) ;
#1876 = AXIS2_PLACEMENT_3D ( 'NONE', #5466, #2872, #3453 ) ;
#1877 = CARTESIAN_POINT ( 'NONE',  ( -9.041946193278393551, -21.27737452776529281, -58.11758555645376845 ) ) ;
#1878 = CARTESIAN_POINT ( 'NONE',  ( -20.00000000000000355, -2.500000000000002220, -15.50000000000000000 ) ) ;
#1879 = CARTESIAN_POINT ( 'NONE',  ( -43.07499999999999574, -29.00000000000000711, -8.000000000000017764 ) ) ;
#1880 = VERTEX_POINT ( 'NONE', #3809 ) ;
#1881 = AXIS2_PLACEMENT_3D ( 'NONE', #2758, #4843, #5831 ) ;
#1882 = ADVANCED_FACE ( 'NONE', ( #613 ), #2257, .F. ) ;
#1883 = LINE ( 'NONE', #3450, #300 ) ;
#1884 = CIRCLE ( 'NONE', #5584, 15.00000000000000178 ) ;
#1885 = CARTESIAN_POINT ( 'NONE',  ( 2.499999999999998668, -1.387778780781445676E-14, -13.50000000000001243 ) ) ;
#1886 = CARTESIAN_POINT ( 'NONE',  ( -9.399534781620440427, -21.00287497414544546, -10.68737773672170377 ) ) ;
#1887 = DIRECTION ( 'NONE',  ( 8.659560562354906974E-17, -0.7071067811865450192, 0.7071067811865500152 ) ) ;
#1888 = EDGE_CURVE ( 'NONE', #3245, #5202, #3777, .T. ) ;
#1889 = VECTOR ( 'NONE', #3569, 1000.000000000000000 ) ;
#1890 = ORIENTED_EDGE ( 'NONE', *, *, #3996, .F. ) ;
#1891 = EDGE_CURVE ( 'NONE', #2622, #6280, #4257, .T. ) ;
#1892 = ORIENTED_EDGE ( 'NONE', *, *, #5293, .T. ) ;
#1893 = CARTESIAN_POINT ( 'NONE',  ( -43.07499999999999574, -30.50000000000000711, -45.00000000000002132 ) ) ;
#1894 = DIRECTION ( 'NONE',  ( -1.321694076934710155E-16, 1.000000000000000000, -0.000000000000000000 ) ) ;
#1895 = ORIENTED_EDGE ( 'NONE', *, *, #3633, .T. ) ;
#1896 = VECTOR ( 'NONE', #1384, 1000.000000000000000 ) ;
#1897 = VERTEX_POINT ( 'NONE', #4740 ) ;
#1898 = CARTESIAN_POINT ( 'NONE',  ( 0.9999999999999870104, -34.50000000000000000, 0.000000000000000000 ) ) ;
#1899 = ORIENTED_EDGE ( 'NONE', *, *, #435, .T. ) ;
#1900 = VECTOR ( 'NONE', #5587, 1000.000000000000000 ) ;
#1901 = LINE ( 'NONE', #1934, #2783 ) ;
#1902 = CARTESIAN_POINT ( 'NONE',  ( -19.99999999999998934, 5.999999999999994671, -9.499999999999994671 ) ) ;
#1903 = ADVANCED_FACE ( 'NONE', ( #4292 ), #6340, .F. ) ;
#1904 = ADVANCED_FACE ( 'NONE', ( #6374 ), #1632, .F. ) ;
#1905 = PLANE ( 'NONE',  #5150 ) ;
#1906 = AXIS2_PLACEMENT_3D ( 'NONE', #6396, #2140, #1725 ) ;
#1907 = FACE_OUTER_BOUND ( 'NONE', #3993, .T. ) ;
#1908 = AXIS2_PLACEMENT_3D ( 'NONE', #257, #2273, #5876 ) ;
#1909 = CIRCLE ( 'NONE', #3648, 4.000000000000000888 ) ;
#1910 = PLANE ( 'NONE',  #6267 ) ;
#1911 = DIRECTION ( 'NONE',  ( -1.321694076934710155E-16, 1.000000000000000000, 0.000000000000000000 ) ) ;
#1912 = CARTESIAN_POINT ( 'NONE',  ( 0.1500000000000042966, -34.50000000000000000, -70.00000000000000000 ) ) ;
#1913 = LINE ( 'NONE', #2963, #6113 ) ;
#1914 = CARTESIAN_POINT ( 'NONE',  ( -2.000000000000000000, -1.500000000000011768, -64.50000000000000000 ) ) ;
#1915 = ORIENTED_EDGE ( 'NONE', *, *, #6511, .T. ) ;
#1916 = DIRECTION ( 'NONE',  ( 1.387778780781445478E-15, 0.000000000000000000, -1.000000000000000000 ) ) ;
#1917 = AXIS2_PLACEMENT_3D ( 'NONE', #1134, #3370, #5450 ) ;
#1918 = DIRECTION ( 'NONE',  ( 0.000000000000000000, -1.885568995626965026E-16, 1.000000000000000000 ) ) ;
#1919 = CIRCLE ( 'NONE', #4742, 4.000000000000000000 ) ;
#1920 = CARTESIAN_POINT ( 'NONE',  ( -9.245148231449121567, -20.50000000000000355, -9.589374687262376185 ) ) ;
#1921 = EDGE_CURVE ( 'NONE', #2186, #3315, #6236, .T. ) ;
#1922 = CARTESIAN_POINT ( 'NONE',  ( -9.403072037718777310, -20.90559971237633263, -10.55208989904412675 ) ) ;
#1923 = EDGE_LOOP ( 'NONE', ( #4657, #3726 ) ) ;
#1924 = ORIENTED_EDGE ( 'NONE', *, *, #5066, .F. ) ;
#1925 = CARTESIAN_POINT ( 'NONE',  ( -7.220005947231855181, -23.97208574080125132, -64.50000000000000000 ) ) ;
#1926 = DIRECTION ( 'NONE',  ( -1.000000000000000000, 1.224510688924804996E-15, 0.000000000000000000 ) ) ;
#1927 = VERTEX_POINT ( 'NONE', #3205 ) ;
#1928 = CARTESIAN_POINT ( 'NONE',  ( -70.15000000000000568, -34.49999999999999289, -70.00000000000000000 ) ) ;
#1929 = EDGE_CURVE ( 'NONE', #5515, #1313, #5891, .T. ) ;
#1930 = EDGE_CURVE ( 'NONE', #1939, #1859, #2692, .T. ) ;
#1931 = ORIENTED_EDGE ( 'NONE', *, *, #1040, .F. ) ;
#1932 = DIRECTION ( 'NONE',  ( -1.000000000000000000, 1.224510688924804010E-15, 0.000000000000000000 ) ) ;
#1933 = ORIENTED_EDGE ( 'NONE', *, *, #5383, .F. ) ;
#1934 = CARTESIAN_POINT ( 'NONE',  ( -105.0000000000000142, -30.50000000000001776, -70.00000000000000000 ) ) ;
#1935 = EDGE_CURVE ( 'NONE', #1148, #1059, #4263, .T. ) ;
#1936 = DIRECTION ( 'NONE',  ( -1.314184451497580735E-17, 1.000000000000000000, 0.000000000000000000 ) ) ;
#1937 = CARTESIAN_POINT ( 'NONE',  ( -53.07499999999999574, -30.50000000000001066, -55.00000000000002132 ) ) ;
#1938 = DIRECTION ( 'NONE',  ( 3.081487911019577365E-33, 0.000000000000000000, -1.000000000000000000 ) ) ;
#1939 = VERTEX_POINT ( 'NONE', #1668 ) ;
#1940 = DIRECTION ( 'NONE',  ( 1.000000000000000000, 1.224646799147353700E-16, 0.000000000000000000 ) ) ;
#1941 = FACE_OUTER_BOUND ( 'NONE', #258, .T. ) ;
#1942 = LINE ( 'NONE', #5452, #616 ) ;
#1943 = DIRECTION ( 'NONE',  ( 1.000000000000000000, 0.000000000000000000, 0.000000000000000000 ) ) ;
#1944 = CARTESIAN_POINT ( 'NONE',  ( -24.61886723926605924, -5.999999999999998224, -2.750000000000030198 ) ) ;
#1945 = ORIENTED_EDGE ( 'NONE', *, *, #4718, .F. ) ;
#1946 = DIRECTION ( 'NONE',  ( -1.000000000000000000, -1.224646799147353700E-16, 0.000000000000000000 ) ) ;
#1947 = VERTEX_POINT ( 'NONE', #710 ) ;
#1948 = EDGE_CURVE ( 'NONE', #1641, #4947, #4777, .T. ) ;
#1949 = CARTESIAN_POINT ( 'NONE',  ( -71.22649679024340230, -23.50000000000001066, -58.74273511082721200 ) ) ;
#1950 = FACE_BOUND ( 'NONE', #2134, .T. ) ;
#1951 = CARTESIAN_POINT ( 'NONE',  ( -9.245148231449121567, -20.50000000000001421, -9.589374687262376185 ) ) ;
#1952 = EDGE_CURVE ( 'NONE', #4077, #3050, #2425, .T. ) ;
#1953 = ORIENTED_EDGE ( 'NONE', *, *, #141, .T. ) ;
#1954 = CARTESIAN_POINT ( 'NONE',  ( -23.07499999999999574, -30.50000000000000711, -25.00000000000001776 ) ) ;
#1955 = DIRECTION ( 'NONE',  ( -1.000000000000000000, 1.214306433183765755E-15, 0.000000000000000000 ) ) ;
#1956 = ORIENTED_EDGE ( 'NONE', *, *, #3229, .T. ) ;
#1957 = EDGE_LOOP ( 'NONE', ( #823, #1529, #5589, #1466 ) ) ;
#1958 = DIRECTION ( 'NONE',  ( -1.224646799147353947E-16, 1.000000000000000000, 6.033820786006282759E-16 ) ) ;
#1959 = VERTEX_POINT ( 'NONE', #1914 ) ;
#1960 = ADVANCED_FACE ( 'NONE', ( #3990 ), #3374, .F. ) ;
#1961 = CARTESIAN_POINT ( 'NONE',  ( -9.999999999999996447, -20.50000000000001421, -16.54409110865155697 ) ) ;
#1962 = ORIENTED_EDGE ( 'NONE', *, *, #2018, .T. ) ;
#1963 = LINE ( 'NONE', #404, #885 ) ;
#1964 = VERTEX_POINT ( 'NONE', #4360 ) ;
#1965 = CARTESIAN_POINT ( 'NONE',  ( 3.209209507134801605E-15, -17.80838814962351790, -6.238115181478841365 ) ) ;
#1966 = DIRECTION ( 'NONE',  ( -1.000000000000000000, -1.301042606982606060E-16, 0.000000000000000000 ) ) ;
#1967 = AXIS2_PLACEMENT_3D ( 'NONE', #4870, #6431, #3836 ) ;
#1968 = EDGE_CURVE ( 'NONE', #6473, #262, #5421, .T. ) ;
#1969 = ADVANCED_FACE ( 'NONE', ( #1367 ), #241, .F. ) ;
#1970 = ORIENTED_EDGE ( 'NONE', *, *, #6358, .T. ) ;
#1971 = CARTESIAN_POINT ( 'NONE',  ( -100.0000000000000000, 2.704597641062570723, -39.65296101538408635 ) ) ;
#1972 = ORIENTED_EDGE ( 'NONE', *, *, #2968, .T. ) ;
#1973 = LINE ( 'NONE', #3063, #3382 ) ;
#1974 = EDGE_LOOP ( 'NONE', ( #5949, #5047, #5449, #201 ) ) ;
#1975 = CARTESIAN_POINT ( 'NONE',  ( -19.50000000000008527, 0.000000000000000000, -70.00000000000000000 ) ) ;
#1976 = FACE_OUTER_BOUND ( 'NONE', #2302, .T. ) ;
#1977 = AXIS2_PLACEMENT_3D ( 'NONE', #2557, #2493, #4566 ) ;
#1978 = DIRECTION ( 'NONE',  ( 1.321694076934710155E-16, -1.000000000000000000, 0.000000000000000000 ) ) ;
#1979 = DIRECTION ( 'NONE',  ( 1.224646799147353700E-16, -1.000000000000000000, 0.000000000000000000 ) ) ;
#1980 = ORIENTED_EDGE ( 'NONE', *, *, #5204, .F. ) ;
#1981 = VERTEX_POINT ( 'NONE', #4402 ) ;
#1982 = CARTESIAN_POINT ( 'NONE',  ( -8.673356433019971945, -20.87193674032592128, -57.57846407585645920 ) ) ;
#1983 = CIRCLE ( 'NONE', #2313, 2.125000000000001776 ) ;
#1984 = AXIS2_PLACEMENT_3D ( 'NONE', #2337, #5501, #825 ) ;
#1985 = PLANE ( 'NONE',  #1385 ) ;
#1986 = CARTESIAN_POINT ( 'NONE',  ( -65.90000000000001990, -20.50000000000001066, -10.54075870073010357 ) ) ;
#1987 = ORIENTED_EDGE ( 'NONE', *, *, #4249, .T. ) ;
#1988 = CARTESIAN_POINT ( 'NONE',  ( -9.204653652833739486, -24.37043798147799833, -9.468274127229381776 ) ) ;
#1989 = VECTOR ( 'NONE', #3745, 1000.000000000000000 ) ;
#1990 = ADVANCED_FACE ( 'NONE', ( #3473, #346 ), #848, .T. ) ;
#1991 = ORIENTED_EDGE ( 'NONE', *, *, #2983, .F. ) ;
#1992 = CIRCLE ( 'NONE', #1767, 2.125000000000000000 ) ;
#1993 = LINE ( 'NONE', #6156, #1153 ) ;
#1994 = CARTESIAN_POINT ( 'NONE',  ( -64.40000000000000568, -20.50000000000001066, -10.54075870073010357 ) ) ;
#1995 = ORIENTED_EDGE ( 'NONE', *, *, #2732, .T. ) ;
#1996 = EDGE_CURVE ( 'NONE', #219, #3396, #4504, .T. ) ;
#1997 = DIRECTION ( 'NONE',  ( -1.224646799147353700E-16, 1.000000000000000000, 0.000000000000000000 ) ) ;
#1998 = VECTOR ( 'NONE', #2172, 1000.000000000000000 ) ;
#1999 = ORIENTED_EDGE ( 'NONE', *, *, #6322, .F. ) ;
#2000 = FACE_BOUND ( 'NONE', #4418, .T. ) ;
#2001 = VECTOR ( 'NONE', #6287, 1000.000000000000000 ) ;
#2002 = ORIENTED_EDGE ( 'NONE', *, *, #6345, .F. ) ;
#2003 = CARTESIAN_POINT ( 'NONE',  ( -80.28183768826340838, -26.50000000000001066, -15.50000000000000711 ) ) ;
#2004 = EDGE_CURVE ( 'NONE', #3851, #5158, #3886, .T. ) ;
#2005 = CARTESIAN_POINT ( 'NONE',  ( 2.500000000000002220, -27.50000000000001776, -57.99999999999999289 ) ) ;
#2006 = CARTESIAN_POINT ( 'NONE',  ( 4.000000000000000000, 1.499999999999990896, -12.00000000000001066 ) ) ;
#2007 = CIRCLE ( 'NONE', #6148, 2.124999999999998224 ) ;
#2008 = ORIENTED_EDGE ( 'NONE', *, *, #617, .T. ) ;
#2009 = CARTESIAN_POINT ( 'NONE',  ( -19.99999999999999645, 2.499999999999988454, -50.49999999999999289 ) ) ;
#2010 = ORIENTED_EDGE ( 'NONE', *, *, #4499, .T. ) ;
#2011 = VERTEX_POINT ( 'NONE', #5455 ) ;
#2012 = VERTEX_POINT ( 'NONE', #4880 ) ;
#2013 = AXIS2_PLACEMENT_3D ( 'NONE', #3192, #30, #163 ) ;
#2014 = CARTESIAN_POINT ( 'NONE',  ( -43.07499999999999574, -30.50000000000001066, -25.00000000000001776 ) ) ;
#2015 = ADVANCED_FACE ( 'NONE', ( #6000 ), #6036, .F. ) ;
#2016 = PLANE ( 'NONE',  #1230 ) ;
#2017 = ORIENTED_EDGE ( 'NONE', *, *, #4335, .F. ) ;
#2018 = EDGE_CURVE ( 'NONE', #2092, #1641, #3321, .T. ) ;
#2019 = CARTESIAN_POINT ( 'NONE',  ( -100.0000000000000000, 1.552207410648924535, -66.03911680942459839 ) ) ;
#2020 = ORIENTED_EDGE ( 'NONE', *, *, #104, .T. ) ;
#2021 = AXIS2_PLACEMENT_3D ( 'NONE', #2705, #4341, #122 ) ;
#2022 = CIRCLE ( 'NONE', #4737, 17.00000000000000000 ) ;
#2023 = CARTESIAN_POINT ( 'NONE',  ( -95.00000000000000000, 9.499999999999991118, -6.999999999999999112 ) ) ;
#2024 = DIRECTION ( 'NONE',  ( 0.000000000000000000, 0.000000000000000000, -1.000000000000000000 ) ) ;
#2025 = ORIENTED_EDGE ( 'NONE', *, *, #4892, .T. ) ;
#2026 = EDGE_CURVE ( 'NONE', #1880, #6521, #2366, .T. ) ;
#2027 = FACE_OUTER_BOUND ( 'NONE', #3091, .T. ) ;
#2028 = CIRCLE ( 'NONE', #1582, 2.125000000000001776 ) ;
#2029 = EDGE_LOOP ( 'NONE', ( #2169, #2168 ) ) ;
#2030 = AXIS2_PLACEMENT_3D ( 'NONE', #5207, #2072, #2609 ) ;
#2031 = DIRECTION ( 'NONE',  ( -1.000000000000000000, 0.000000000000000000, 0.000000000000000000 ) ) ;
#2032 = LINE ( 'NONE', #5748, #6614 ) ;
#2033 = CARTESIAN_POINT ( 'NONE',  ( -23.07499999999999574, -29.00000000000000355, -10.00000000000001954 ) ) ;
#2034 = PRODUCT_RELATED_PRODUCT_CATEGORY ( 'part', '', ( #2238 ) ) ;
#2035 = ORIENTED_EDGE ( 'NONE', *, *, #4493, .F. ) ;
#2036 = LINE ( 'NONE', #3054, #3090 ) ;
#2037 = ORIENTED_EDGE ( 'NONE', *, *, #1255, .F. ) ;
#2038 = DIRECTION ( 'NONE',  ( 0.000000000000000000, 0.000000000000000000, 1.000000000000000000 ) ) ;
#2039 = VERTEX_POINT ( 'NONE', #6512 ) ;
#2040 = AXIS2_PLACEMENT_3D ( 'NONE', #6068, #4437, #6509 ) ;
#2041 = CARTESIAN_POINT ( 'NONE',  ( -95.00000000000000000, -1.500000000000011768, -19.49999999999998934 ) ) ;
#2042 = DIRECTION ( 'NONE',  ( -0.7071067811865507924, -0.7071067811865441310, 0.000000000000000000 ) ) ;
#2043 = ADVANCED_FACE ( 'NONE', ( #3921 ), #1771, .F. ) ;
#2044 = EDGE_LOOP ( 'NONE', ( #1687, #3422, #5074, #6254 ) ) ;
#2045 = DIRECTION ( 'NONE',  ( 1.000000000000000000, 1.321694076934710155E-16, 0.000000000000000000 ) ) ;
#2046 = VERTEX_POINT ( 'NONE', #1331 ) ;
#2047 = DIRECTION ( 'NONE',  ( 0.000000000000000000, -1.000000000000000000, 0.000000000000000000 ) ) ;
#2048 = CARTESIAN_POINT ( 'NONE',  ( -101.0587206533091233, 5.999999999999987566, -12.62347598126822845 ) ) ;
#2049 = CARTESIAN_POINT ( 'NONE',  ( -9.397740308023681877, -21.00002279053794396, -59.36076924267173638 ) ) ;
#2050 = ORIENTED_EDGE ( 'NONE', *, *, #1619, .T. ) ;
#2051 = ORIENTED_EDGE ( 'NONE', *, *, #2961, .F. ) ;
#2052 = ADVANCED_FACE ( 'NONE', ( #3410 ), #5493, .F. ) ;
#2053 = DIRECTION ( 'NONE',  ( 1.321694076934710155E-16, -1.000000000000000000, 0.000000000000000000 ) ) ;
#2054 = CYLINDRICAL_SURFACE ( 'NONE', #5065, 1.500000000000001332 ) ;
#2055 = ORIENTED_EDGE ( 'NONE', *, *, #3801, .F. ) ;
#2056 = DIRECTION ( 'NONE',  ( 0.000000000000000000, 0.000000000000000000, 1.000000000000000000 ) ) ;
#2057 = ADVANCED_FACE ( 'NONE', ( #4472 ), #6543, .F. ) ;
#2058 = ORIENTED_EDGE ( 'NONE', *, *, #4139, .F. ) ;
#2059 = LINE ( 'NONE', #3114, #5176 ) ;
#2060 = DIRECTION ( 'NONE',  ( 1.000000000000000000, 1.224646799147353700E-16, 0.000000000000000000 ) ) ;
#2061 = EDGE_LOOP ( 'NONE', ( #1400, #485, #3576, #5225 ) ) ;
#2062 = DIRECTION ( 'NONE',  ( -2.352167425053297897E-16, 0.000000000000000000, -1.000000000000000000 ) ) ;
#2063 = ORIENTED_EDGE ( 'NONE', *, *, #6621, .T. ) ;
#2065 = EDGE_LOOP ( 'NONE', ( #3475, #5671, #3629, #2144, #6105, #2261, #1433, #4119 ) ) ;
#2064 = CARTESIAN_POINT ( 'NONE',  ( -9.999999999999996447, -24.50000000000001421, -16.39588408673839837 ) ) ;
#2066 = ORIENTED_EDGE ( 'NONE', *, *, #5881, .T. ) ;
#2067 = ORIENTED_EDGE ( 'NONE', *, *, #6564, .T. ) ;
#2068 = CARTESIAN_POINT ( 'NONE',  ( -2.742191145902411975, -24.43704534716825449, -64.50000000000000000 ) ) ;
#2069 = EDGE_CURVE ( 'NONE', #3849, #2509, #1013, .T. ) ;
#2070 = DIRECTION ( 'NONE',  ( 1.000000000000000000, 0.000000000000000000, 8.673617379884034239E-17 ) ) ;
#2071 = ORIENTED_EDGE ( 'NONE', *, *, #4003, .F. ) ;
#2072 = DIRECTION ( 'NONE',  ( 1.224646799147353700E-16, -1.000000000000000000, 0.000000000000000000 ) ) ;
#2073 = ORIENTED_EDGE ( 'NONE', *, *, #372, .T. ) ;
#2074 = ORIENTED_EDGE ( 'NONE', *, *, #269, .T. ) ;
#2075 = DIRECTION ( 'NONE',  ( -1.000000000000000000, -1.224646799147353700E-16, 0.000000000000000000 ) ) ;
#2076 = CARTESIAN_POINT ( 'NONE',  ( -13.50000000000003375, -30.50200000000000600, -63.00000000000000000 ) ) ;
#2077 = VECTOR ( 'NONE', #1727, 1000.000000000000000 ) ;
#2078 = CARTESIAN_POINT ( 'NONE',  ( -8.581649516411474110, -20.77993924067556719, -57.47685107707391694 ) ) ;
#2079 = EDGE_CURVE ( 'NONE', #6704, #138, #784, .T. ) ;
#2080 = ORIENTED_EDGE ( 'NONE', *, *, #303, .F. ) ;
#2081 = AXIS2_PLACEMENT_3D ( 'NONE', #817, #847, #4471 ) ;
#2082 = DIRECTION ( 'NONE',  ( 0.000000000000000000, 0.000000000000000000, -1.000000000000000000 ) ) ;
#2083 = CARTESIAN_POINT ( 'NONE',  ( -105.0000000000000142, 1.552207410648924757, -68.16411680942459839 ) ) ;
#2084 = ORIENTED_EDGE ( 'NONE', *, *, #3347, .T. ) ;
#2085 = DIRECTION ( 'NONE',  ( 0.000000000000000000, 0.000000000000000000, -1.000000000000000000 ) ) ;
#2086 = EDGE_CURVE ( 'NONE', #3778, #2992, #3081, .T. ) ;
#2087 = CIRCLE ( 'NONE', #1874, 4.000000000000000000 ) ;
#2088 = ORIENTED_EDGE ( 'NONE', *, *, #1948, .F. ) ;
#2089 = CARTESIAN_POINT ( 'NONE',  ( -70.72348982525974748, -23.48892634664493784, -57.53373741129757946 ) ) ;
#2090 = CARTESIAN_POINT ( 'NONE',  ( 4.000000000000000000, -0.0009309999067057261879, -6.238115181478841365 ) ) ;
#2091 = VECTOR ( 'NONE', #742, 1000.000000000000000 ) ;
#2092 = VERTEX_POINT ( 'NONE', #5595 ) ;
#2093 = ADVANCED_FACE ( 'NONE', ( #6639 ), #4535, .F. ) ;
#2094 = FACE_OUTER_BOUND ( 'NONE', #5525, .T. ) ;
#2095 = EDGE_CURVE ( 'NONE', #5348, #5699, #1464, .T. ) ;
#2096 = ADVANCED_FACE ( 'NONE', ( #3000 ), #2016, .T. ) ;
#2097 = CIRCLE ( 'NONE', #1336, 2.125000000000001776 ) ;
#2098 = ORIENTED_EDGE ( 'NONE', *, *, #731, .T. ) ;
#2100 = ORIENTED_EDGE ( 'NONE', *, *, #5303, .F. ) ;
#2099 = CARTESIAN_POINT ( 'NONE',  ( -95.00000000000000000, 9.499999999999991118, -63.00000000000000000 ) ) ;
#2101 = ORIENTED_EDGE ( 'NONE', *, *, #1114, .F. ) ;
#2102 = ORIENTED_EDGE ( 'NONE', *, *, #6336, .F. ) ;
#2103 = LINE ( 'NONE', #5230, #518 ) ;
#2104 = AXIS2_PLACEMENT_3D ( 'NONE', #2751, #2146, #2612 ) ;
#2105 = CARTESIAN_POINT ( 'NONE',  ( -6.399999999999998579, -24.50000000000001421, -52.54075870073009469 ) ) ;
#2106 = CARTESIAN_POINT ( 'NONE',  ( -8.074999999999997513, -29.00000000000000000, -45.00000000000001421 ) ) ;
#2107 = AXIS2_PLACEMENT_3D ( 'NONE', #299, #1754, #1724 ) ;
#2108 = DIRECTION ( 'NONE',  ( 1.224646799147353700E-16, -1.000000000000000000, 0.000000000000000000 ) ) ;
#2109 = ORIENTED_EDGE ( 'NONE', *, *, #4709, .F. ) ;
#2110 = CARTESIAN_POINT ( 'NONE',  ( 4.000000000000003553, -27.50000000000001776, -12.00000000000001421 ) ) ;
#2111 = DIRECTION ( 'NONE',  ( 0.000000000000000000, 0.000000000000000000, -1.000000000000000000 ) ) ;
#2112 = VECTOR ( 'NONE', #6123, 1000.000000000000114 ) ;
#2113 = CARTESIAN_POINT ( 'NONE',  ( -9.444954642717640070, -23.47081148336777900, -60.09035595876140690 ) ) ;
#2114 = ORIENTED_EDGE ( 'NONE', *, *, #104, .F. ) ;
#2115 = AXIS2_PLACEMENT_3D ( 'NONE', #3439, #337, #5922 ) ;
#2116 = DIRECTION ( 'NONE',  ( 0.000000000000000000, 0.000000000000000000, 1.000000000000000000 ) ) ;
#2117 = LINE ( 'NONE', #5741, #5561 ) ;
#2118 = ORIENTED_EDGE ( 'NONE', *, *, #3254, .F. ) ;
#2119 = CARTESIAN_POINT ( 'NONE',  ( -7.203871408467924731, -24.01576361523720848, -5.500000000000005329 ) ) ;
#2120 = AXIS2_PLACEMENT_3D ( 'NONE', #4866, #5987, #1317 ) ;
#2121 = ORIENTED_EDGE ( 'NONE', *, *, #3130, .T. ) ;
#2122 = CARTESIAN_POINT ( 'NONE',  ( -9.999999999999996447, -24.50000000000001421, -54.50000000000007105 ) ) ;
#2123 = VERTEX_POINT ( 'NONE', #4023 ) ;
#2124 = ADVANCED_FACE ( 'NONE', ( #2588 ), #6102, .T. ) ;
#2125 = CARTESIAN_POINT ( 'NONE',  ( -10.00000000000000000, 0.000000000000000000, 0.000000000000000000 ) ) ;
#2126 = VECTOR ( 'NONE', #3551, 1000.000000000000000 ) ;
#2127 = DIRECTION ( 'NONE',  ( 8.673617379884036705E-17, 0.000000000000000000, 1.000000000000000000 ) ) ;
#2128 = DIRECTION ( 'NONE',  ( 1.321694076934710155E-16, -1.000000000000000000, 0.000000000000000000 ) ) ;
#2129 = CARTESIAN_POINT ( 'NONE',  ( -78.25613276073386260, -6.000000000000001776, -67.25000000000000000 ) ) ;
#2130 = AXIS2_PLACEMENT_3D ( 'NONE', #5629, #950, #5110 ) ;
#2131 = ORIENTED_EDGE ( 'NONE', *, *, #6668, .T. ) ;
#2132 = EDGE_CURVE ( 'NONE', #3186, #6151, #6023, .T. ) ;
#2134 = EDGE_LOOP ( 'NONE', ( #4240, #1112, #1075, #6096 ) ) ;
#2133 = CARTESIAN_POINT ( 'NONE',  ( -6.399999999999999467, -20.50000000000000355, -62.54075870073010179 ) ) ;
#2135 = ORIENTED_EDGE ( 'NONE', *, *, #11, .T. ) ;
#2136 = LINE ( 'NONE', #4210, #3672 ) ;
#2137 = CIRCLE ( 'NONE', #5942, 10.00000000000000178 ) ;
#2138 = DIRECTION ( 'NONE',  ( -8.659560562354906974E-17, 0.7071067811865451302, -0.7071067811865499042 ) ) ;
#2139 = ADVANCED_BREP_SHAPE_REPRESENTATION ( 'enclosure_main_chassis', ( #6535, #6191 ), #1281 ) ;
#2140 = DIRECTION ( 'NONE',  ( -1.314184451497580735E-17, 1.000000000000000000, 0.000000000000000000 ) ) ;
#2141 = ADVANCED_FACE ( 'NONE', ( #5081 ), #4126, .F. ) ;
#2142 = DIRECTION ( 'NONE',  ( 1.000000000000000000, 0.000000000000000000, 0.000000000000000000 ) ) ;
#2143 = VECTOR ( 'NONE', #853, 1000.000000000000000 ) ;
#2144 = ORIENTED_EDGE ( 'NONE', *, *, #1841, .F. ) ;
#2145 = CARTESIAN_POINT ( 'NONE',  ( -65.50000000000001421, -25.50000000000000711, -65.50000000000000000 ) ) ;
#2146 = DIRECTION ( 'NONE',  ( 0.000000000000000000, -1.000000000000000000, 0.000000000000000000 ) ) ;
#2147 = DIRECTION ( 'NONE',  ( 1.224646799147353700E-16, -1.000000000000000000, 0.000000000000000000 ) ) ;
#2148 = ORIENTED_EDGE ( 'NONE', *, *, #1891, .T. ) ;
#2149 = EDGE_CURVE ( 'NONE', #6246, #581, #914, .T. ) ;
#2150 = CARTESIAN_POINT ( 'NONE',  ( -9.383784796612784973, -20.66277464725688873, -59.88337645359175809 ) ) ;
#2151 = LINE ( 'NONE', #4325, #1203 ) ;
#2152 = COLOUR_RGB ( '',0.4666666666666666741, 0.4666666666666666741, 0.4666666666666666741 ) ;
#2153 = DIRECTION ( 'NONE',  ( -1.334402673828313093E-16, 1.000000000000000000, -2.668805347656626185E-16 ) ) ;
#2154 = EDGE_CURVE ( 'NONE', #6021, #4660, #2321, .T. ) ;
#2155 = VECTOR ( 'NONE', #2762, 1000.000000000000000 ) ;
#2156 = CARTESIAN_POINT ( 'NONE',  ( -6.399999999999999467, -20.50000000000000355, -59.54075870073009469 ) ) ;
#2157 = EDGE_LOOP ( 'NONE', ( #447, #3201, #1530, #4969, #33, #155, #5042, #2658 ) ) ;
#2158 = CARTESIAN_POINT ( 'NONE',  ( -74.99999999999998579, 0.000000000000000000, 0.000000000000000000 ) ) ;
#2159 = CARTESIAN_POINT ( 'NONE',  ( -1.999999999999996669, -24.43181156821867006, -15.00000000000001421 ) ) ;
#2160 = CARTESIAN_POINT ( 'NONE',  ( -1.382911276082717578, -24.50000000000002132, -54.99999999999999289 ) ) ;
#2161 = DIRECTION ( 'NONE',  ( 0.000000000000000000, 0.000000000000000000, 1.000000000000000000 ) ) ;
#2162 = CARTESIAN_POINT ( 'NONE',  ( -23.07499999999999574, -30.50000000000000355, -55.00000000000001421 ) ) ;
#2163 = DIRECTION ( 'NONE',  ( -1.000000000000000000, 0.000000000000000000, 0.000000000000000000 ) ) ;
#2164 = EDGE_CURVE ( 'NONE', #2368, #933, #3694, .T. ) ;
#2165 = VERTEX_POINT ( 'NONE', #3608 ) ;
#2166 = CARTESIAN_POINT ( 'NONE',  ( -60.07499999999999574, -30.50000000000001066, -45.00000000000002132 ) ) ;
#2168 = ORIENTED_EDGE ( 'NONE', *, *, #3794, .F. ) ;
#2167 = LINE ( 'NONE', #4175, #1264 ) ;
#2169 = ORIENTED_EDGE ( 'NONE', *, *, #3924, .F. ) ;
#2170 = CARTESIAN_POINT ( 'NONE',  ( -6.399999999999999467, -20.50000000000000355, -10.54075870073009646 ) ) ;
#2171 = ORIENTED_EDGE ( 'NONE', *, *, #3910, .F. ) ;
#2172 = DIRECTION ( 'NONE',  ( 0.000000000000000000, -1.000000000000000000, 0.000000000000000000 ) ) ;
#2173 = CARTESIAN_POINT ( 'NONE',  ( -43.07499999999999574, -29.00000000000000711, -25.00000000000001776 ) ) ;
#2174 = EDGE_CURVE ( 'NONE', #5938, #3509, #6707, .T. ) ;
#2175 = DIRECTION ( 'NONE',  ( -1.314184451497580735E-17, 1.000000000000000000, 0.000000000000000000 ) ) ;
#2176 = EDGE_LOOP ( 'NONE', ( #4975, #6202, #4075, #3530 ) ) ;
#2177 = CARTESIAN_POINT ( 'NONE',  ( -19.50000000000008527, 0.000000000000000000, -70.00000000000000000 ) ) ;
#2178 = DIRECTION ( 'NONE',  ( 0.000000000000000000, 0.000000000000000000, -1.000000000000000000 ) ) ;
#2179 = CARTESIAN_POINT ( 'NONE',  ( -22.49386723926606635, -6.000000000000000888, -67.25000000000000000 ) ) ;
#2180 = ADVANCED_FACE ( 'NONE', ( #446 ), #2526, .F. ) ;
#2181 = ORIENTED_EDGE ( 'NONE', *, *, #2799, .T. ) ;
#2182 = EDGE_CURVE ( 'NONE', #5702, #3605, #2558, .T. ) ;
#2183 = CARTESIAN_POINT ( 'NONE',  ( -100.0000000000000000, -33.39999999999999858, -27.67548866570383836 ) ) ;
#2184 = LINE ( 'NONE', #41, #1426 ) ;
#2185 = CARTESIAN_POINT ( 'NONE',  ( -6.399999999999999467, -20.50000000000000355, -10.54075870073009646 ) ) ;
#2186 = VERTEX_POINT ( 'NONE', #5181 ) ;
#2187 = AXIS2_PLACEMENT_3D ( 'NONE', #652, #4819, #153 ) ;
#2188 = FACE_OUTER_BOUND ( 'NONE', #6307, .T. ) ;
#2189 = ORIENTED_EDGE ( 'NONE', *, *, #2712, .F. ) ;
#2190 = DIRECTION ( 'NONE',  ( 0.000000000000000000, 0.000000000000000000, 1.000000000000000000 ) ) ;
#2191 = CARTESIAN_POINT ( 'NONE',  ( -8.925814984975614763, -21.16429010173281711, -12.16526952752705881 ) ) ;
#2192 = DIRECTION ( 'NONE',  ( -1.000000000000000000, -1.734723475976806848E-16, 0.000000000000000000 ) ) ;
#2193 = VECTOR ( 'NONE', #6142, 1000.000000000000000 ) ;
#2194 = PLANE ( 'NONE',  #5157 ) ;
#2195 = FACE_OUTER_BOUND ( 'NONE', #4997, .T. ) ;
#2196 = EDGE_LOOP ( 'NONE', ( #6687, #6635, #2804, #1445 ) ) ;
#2197 = AXIS2_PLACEMENT_3D ( 'NONE', #2003, #5007, #3494 ) ;
#2198 = CARTESIAN_POINT ( 'NONE',  ( -105.0000000000000142, 5.999999999999981348, -63.00000000000000000 ) ) ;
#2199 = AXIS2_PLACEMENT_3D ( 'NONE', #288, #2938, #4996 ) ;
#2200 = LINE ( 'NONE', #1785, #4313 ) ;
#2201 = ORIENTED_EDGE ( 'NONE', *, *, #520, .T. ) ;
#2202 = ORIENTED_EDGE ( 'NONE', *, *, #3305, .F. ) ;
#2203 = CARTESIAN_POINT ( 'NONE',  ( -9.999999999999998224, 5.999999999999994671, -60.50000000000000000 ) ) ;
#2204 = ORIENTED_EDGE ( 'NONE', *, *, #6705, .F. ) ;
#2205 = DIRECTION ( 'NONE',  ( -1.000000000000000000, 1.224510688924804010E-15, 0.000000000000000000 ) ) ;
#2206 = AXIS2_PLACEMENT_3D ( 'NONE', #3344, #1808, #5528 ) ;
#2207 = CARTESIAN_POINT ( 'NONE',  ( -23.07499999999999574, -29.00000000000000355, -25.00000000000001776 ) ) ;
#2208 = DIRECTION ( 'NONE',  ( -1.000000000000000000, -1.224646799147353700E-16, 0.000000000000000000 ) ) ;
#2209 = AXIS2_PLACEMENT_3D ( 'NONE', #3948, #2854, #1763 ) ;
#2210 = ORIENTED_EDGE ( 'NONE', *, *, #5795, .T. ) ;
#2211 = ADVANCED_FACE ( 'NONE', ( #570 ), #1696, .F. ) ;
#2212 = CARTESIAN_POINT ( 'NONE',  ( -60.07499999999999574, -29.00000000000000711, -25.00000000000001421 ) ) ;
#2213 = CARTESIAN_POINT ( 'NONE',  ( -66.34552369338760514, -23.21962118958068899, -5.500000000000005329 ) ) ;
#2214 = LINE ( 'NONE', #2179, #580 ) ;
#2215 = ORIENTED_EDGE ( 'NONE', *, *, #4074, .F. ) ;
#2216 = AXIS2_PLACEMENT_3D ( 'NONE', #5171, #5586, #5038 ) ;
#2217 = ADVANCED_FACE ( 'NONE', ( #4698 ), #4769, .T. ) ;
#2218 = CARTESIAN_POINT ( 'NONE',  ( -9.999999999999994671, 9.500000000000005329, -63.00000000000000000 ) ) ;
#2219 = CIRCLE ( 'NONE', #4831, 2.124999999999999556 ) ;
#2220 = FACE_OUTER_BOUND ( 'NONE', #4024, .T. ) ;
#2221 = DIRECTION ( 'NONE',  ( 0.000000000000000000, 0.000000000000000000, 1.000000000000000000 ) ) ;
#2222 = ORIENTED_EDGE ( 'NONE', *, *, #1215, .F. ) ;
#2223 = AXIS2_PLACEMENT_3D ( 'NONE', #4662, #2550, #370 ) ;
#2224 = ORIENTED_EDGE ( 'NONE', *, *, #778, .F. ) ;
#2225 = ADVANCED_FACE ( 'NONE', ( #1729 ), #2251, .F. ) ;
#2227 = ORIENTED_EDGE ( 'NONE', *, *, #5519, .F. ) ;
#2226 = LINE ( 'NONE', #4780, #1068 ) ;
#2228 = CARTESIAN_POINT ( 'NONE',  ( 0.000000000000000000, -24.50000000000001421, -64.50000000000000000 ) ) ;
#2229 = VERTEX_POINT ( 'NONE', #6271 ) ;
#2230 = CARTESIAN_POINT ( 'NONE',  ( 0.000000000000000000, 0.000000000000000000, 0.000000000000000000 ) ) ;
#2231 = VECTOR ( 'NONE', #4958, 1000.000000000000000 ) ;
#2232 = CARTESIAN_POINT ( 'NONE',  ( -9.253872771838551614, -20.50000000000001421, -60.46564258650093393 ) ) ;
#2233 = EDGE_LOOP ( 'NONE', ( #4310, #5168, #2866, #2148 ) ) ;
#2234 = CIRCLE ( 'NONE', #4845, 2.125000000000000000 ) ;
#2235 = AXIS2_PLACEMENT_3D ( 'NONE', #5847, #1243, #121 ) ;
#2236 = CARTESIAN_POINT ( 'NONE',  ( -3.941279346690860663, 5.999999999999994671, -12.62347598126822845 ) ) ;
#2237 = LINE ( 'NONE', #2342, #2771 ) ;
#2238 = PRODUCT ( 'enclosure_main_chassis', 'enclosure_main_chassis', '', ( #2345 ) ) ;
#2239 = EDGE_CURVE ( 'NONE', #3653, #6059, #5241, .T. ) ;
#2241 = CARTESIAN_POINT ( 'NONE',  ( -64.40000000000000568, -23.50000000000001066, -10.54075870073010357 ) ) ;
#2240 = DIRECTION ( 'NONE',  ( 1.321694076934710155E-16, -1.000000000000000000, 0.000000000000000000 ) ) ;
#2242 = CARTESIAN_POINT ( 'NONE',  ( -9.999999999999994671, 9.500000000000005329, -70.00000000000000000 ) ) ;
#2243 = VECTOR ( 'NONE', #2031, 1000.000000000000000 ) ;
#2244 = CYLINDRICAL_SURFACE ( 'NONE', #6469, 15.00000000000000000 ) ;
#2245 = ADVANCED_FACE ( 'NONE', ( #1660 ), #3772, .F. ) ;
#2246 = VECTOR ( 'NONE', #2449, 1000.000000000000000 ) ;
#2247 = DIRECTION ( 'NONE',  ( 1.214306433183765755E-15, 1.000000000000000000, 0.000000000000000000 ) ) ;
#2248 = DIRECTION ( 'NONE',  ( 0.000000000000000000, -1.000000000000000000, 0.000000000000000000 ) ) ;
#2249 = VERTEX_POINT ( 'NONE', #2716 ) ;
#2250 = DIRECTION ( 'NONE',  ( 0.000000000000000000, 0.000000000000000000, 1.000000000000000000 ) ) ;
#2251 = CYLINDRICAL_SURFACE ( 'NONE', #143, 10.00000000000000000 ) ;
#2252 = PLANE ( 'NONE',  #1245 ) ;
#2253 = CIRCLE ( 'NONE', #2021, 2.125000000000001776 ) ;
#2254 = ADVANCED_FACE ( 'NONE', ( #6332 ), #4250, .T. ) ;
#2255 = CARTESIAN_POINT ( 'NONE',  ( -70.49266154700785592, -23.50000000000001776, -13.40547858078187282 ) ) ;
#2256 = CARTESIAN_POINT ( 'NONE',  ( 0.000000000000000000, 9.499999999999991118, -70.00000000000000000 ) ) ;
#2257 = CYLINDRICAL_SURFACE ( 'NONE', #6335, 2.125000000000001776 ) ;
#2258 = ORIENTED_EDGE ( 'NONE', *, *, #1705, .T. ) ;
#2259 = CIRCLE ( 'NONE', #2040, 10.00000000000000000 ) ;
#2260 = EDGE_CURVE ( 'NONE', #4947, #6159, #5478, .T. ) ;
#2261 = ORIENTED_EDGE ( 'NONE', *, *, #2353, .F. ) ;
#2263 = ORIENTED_EDGE ( 'NONE', *, *, #76, .T. ) ;
#2262 = CARTESIAN_POINT ( 'NONE',  ( 2.500000000000002220, -26.00000000000001776, -13.50000000000001243 ) ) ;
#2264 = LINE ( 'NONE', #1137, #6154 ) ;
#2265 = ORIENTED_EDGE ( 'NONE', *, *, #1127, .T. ) ;
#2266 = LINE ( 'NONE', #2665, #3285 ) ;
#2267 = DIRECTION ( 'NONE',  ( 1.224646799147353700E-16, -1.000000000000000000, 0.000000000000000000 ) ) ;
#2268 = DIRECTION ( 'NONE',  ( -9.345788444546311980E-17, 0.7071067811865500152, -0.7071067811865451302 ) ) ;
#2269 = EDGE_CURVE ( 'NONE', #6021, #5637, #69, .T. ) ;
#2270 = EDGE_LOOP ( 'NONE', ( #109, #5631, #6262, #2050 ) ) ;
#2271 = EDGE_CURVE ( 'NONE', #530, #6670, #35, .T. ) ;
#2272 = CARTESIAN_POINT ( 'NONE',  ( -19.99999999999998934, 2.499999999999988454, -19.49999999999999645 ) ) ;
#2273 = DIRECTION ( 'NONE',  ( 1.000000000000000000, 1.321694076934710155E-16, -1.734723475976807094E-16 ) ) ;
#2274 = VERTEX_POINT ( 'NONE', #1190 ) ;
#2276 = DIRECTION ( 'NONE',  ( 0.000000000000000000, 0.000000000000000000, 1.000000000000000000 ) ) ;
#2275 = CARTESIAN_POINT ( 'NONE',  ( -13.07499999999999751, -30.50000000000000355, -45.00000000000001421 ) ) ;
#2277 = EDGE_LOOP ( 'NONE', ( #396, #4998, #2398, #2035 ) ) ;
#2278 = DIRECTION ( 'NONE',  ( 1.000000000000000000, 1.224646799147353700E-16, 0.000000000000000000 ) ) ;
#2279 = DIRECTION ( 'NONE',  ( 1.000000000000000000, 1.224646799147353700E-16, 0.000000000000000000 ) ) ;
#2280 = CARTESIAN_POINT ( 'NONE',  ( -3.941279346690862440, 4.499999999999875655, -66.70463781045448570 ) ) ;
#2281 = CYLINDRICAL_SURFACE ( 'NONE', #765, 2.125000000000001776 ) ;
#2282 = ORIENTED_EDGE ( 'NONE', *, *, #5373, .F. ) ;
#2283 = CARTESIAN_POINT ( 'NONE',  ( -64.40000000000000568, -19.50000000000001066, -10.54075870073010357 ) ) ;
#2284 = EDGE_CURVE ( 'NONE', #3014, #6119, #4063, .T. ) ;
#2285 = EDGE_CURVE ( 'NONE', #1572, #2995, #3512, .T. ) ;
#2286 = CARTESIAN_POINT ( 'NONE',  ( -100.0000000000000000, 2.704597641062570723, -39.65296101538408635 ) ) ;
#2287 = DIRECTION ( 'NONE',  ( 0.000000000000000000, -1.000000000000000000, 0.000000000000000000 ) ) ;
#2288 = LINE ( 'NONE', #2324, #6541 ) ;
#2289 = CYLINDRICAL_SURFACE ( 'NONE', #5409, 2.125000000000000000 ) ;
#2290 = DIRECTION ( 'NONE',  ( -1.000000000000000000, 0.000000000000000000, 0.000000000000000000 ) ) ;
#2291 = EDGE_CURVE ( 'NONE', #6119, #6701, #5378, .T. ) ;
#2292 = DIRECTION ( 'NONE',  ( -1.000000000000000000, -1.301042606982605074E-16, 0.000000000000000000 ) ) ;
#2293 = ORIENTED_EDGE ( 'NONE', *, *, #2725, .T. ) ;
#2294 = ORIENTED_EDGE ( 'NONE', *, *, #1319, .T. ) ;
#2296 = ORIENTED_EDGE ( 'NONE', *, *, #6425, .F. ) ;
#2295 = DIRECTION ( 'NONE',  ( 1.000000000000000000, 1.196361017915038746E-16, 2.234078735489193590E-32 ) ) ;
#2297 = DIRECTION ( 'NONE',  ( 1.000000000000000000, 2.040851148208008245E-16, 0.000000000000000000 ) ) ;
#2298 = ORIENTED_EDGE ( 'NONE', *, *, #2174, .F. ) ;
#2299 = EDGE_CURVE ( 'NONE', #2616, #5291, #1120, .T. ) ;
#2300 = CARTESIAN_POINT ( 'NONE',  ( -1.999999999999997113, -23.56064982295217192, -58.95118032622622195 ) ) ;
#2301 = CARTESIAN_POINT ( 'NONE',  ( -100.0000000000000000, 2.704597641062570723, -30.34703898461592431 ) ) ;
#2302 = EDGE_LOOP ( 'NONE', ( #6327, #897, #429, #1539 ) ) ;
#2303 = DIRECTION ( 'NONE',  ( 1.000000000000000000, 2.040851148208007505E-16, 0.000000000000000000 ) ) ;
#2304 = LINE ( 'NONE', #4377, #1162 ) ;
#2305 = ORIENTED_EDGE ( 'NONE', *, *, #4890, .T. ) ;
#2306 = LINE ( 'NONE', #796, #4991 ) ;
#2307 = EDGE_CURVE ( 'NONE', #896, #4556, #469, .T. ) ;
#2308 = EDGE_CURVE ( 'NONE', #4171, #2870, #1992, .T. ) ;
#2309 = ORIENTED_EDGE ( 'NONE', *, *, #5647, .T. ) ;
#2310 = ORIENTED_EDGE ( 'NONE', *, *, #844, .T. ) ;
#2311 = CARTESIAN_POINT ( 'NONE',  ( -6.066279346690858887, 9.499999999999875655, -3.295362189545514298 ) ) ;
#2312 = DIRECTION ( 'NONE',  ( 0.000000000000000000, 0.000000000000000000, 1.000000000000000000 ) ) ;
#2313 = AXIS2_PLACEMENT_3D ( 'NONE', #767, #4902, #4944 ) ;
#2314 = CIRCLE ( 'NONE', #5350, 2.125000000000001776 ) ;
#2315 =( BOUNDED_SURFACE ( )  B_SPLINE_SURFACE ( 3, 2, ( 
 ( #3999, #5462, #5431 ),
 ( #6518, #4921, #6077 ),
 ( #855, #3964, #824 ),
 ( #3896, #5974, #1374 ),
 ( #287, #6586, #1272 ),
 ( #3380, #6007, #3452 ),
 ( #1339, #1405, #3418 ),
 ( #4995, #250, #6551 ),
 ( #3480, #6045, #3855 ),
 ( #320, #2335, #4479 ),
 ( #4410, #1818, #5022 ),
 ( #1886, #6618, #5533 ),
 ( #1922, #5054, #387 ),
 ( #2466, #4544, #5939 ),
 ( #490, #5710, #3110 ),
 ( #5090, #2566, #4164 ),
 ( #422, #1988, #5644 ),
 ( #1951, #521, #3654 ) ),
 .UNSPECIFIED., .F., .F., .F. ) 
 B_SPLINE_SURFACE_WITH_KNOTS ( ( 4, 2, 2, 2, 2, 2, 2, 2, 4 ),
 ( 3, 3 ),
 ( 0.004651708121250001417, 0.005641683403131741298, 0.006631658685013480312, 0.007621633966895220193, 0.008611609248776960074, 0.009601584530658700822, 0.01059155981254043984, 0.01158153509442217885, 0.01257151037630391960 ),
 ( 0.000000000000000000, 1.000000000000000000 ),
 .UNSPECIFIED. ) 
 GEOMETRIC_REPRESENTATION_ITEM ( )  RATIONAL_B_SPLINE_SURFACE ( (
 ( 1.000000000000000000, 0.7862782849985595623, 1.000000000000000000),
 ( 1.000000000000000000, 0.8043384440621084153, 1.000000000000000000),
 ( 1.000000000000000000, 0.8228260216872048671, 1.000000000000000000),
 ( 1.000000000000000000, 0.8563183323776940581, 1.000000000000000000),
 ( 1.000000000000000000, 0.8711483860591818784, 1.000000000000000000),
 ( 1.000000000000000000, 0.8933352693111370479, 1.000000000000000000),
 ( 1.000000000000000000, 0.9006718004094365071, 1.000000000000000000),
 ( 1.000000000000000000, 0.9044538686184933063, 1.000000000000000000),
 ( 1.000000000000000000, 0.9007324628471072847, 1.000000000000000000),
 ( 1.000000000000000000, 0.8841118976928915574, 1.000000000000000000),
 ( 1.000000000000000000, 0.8711281538070831942, 1.000000000000000000),
 ( 1.000000000000000000, 0.8404835817858882230, 1.000000000000000000),
 ( 1.000000000000000000, 0.8228324894700493886, 1.000000000000000000),
 ( 1.000000000000000000, 0.7866646291655652323, 1.000000000000000000),
 ( 1.000000000000000000, 0.7681288631886150631, 1.000000000000000000),
 ( 1.000000000000000000, 0.7339144857957404788, 1.000000000000000000),
 ( 1.000000000000000000, 0.7186366836790589741, 1.000000000000000000),
 ( 1.000000000000000000, 0.7071067811865473507, 1.000000000000000000) ) ) 
 REPRESENTATION_ITEM ( '' )  SURFACE ( )  );
#2316 = PLANE ( 'NONE',  #610 ) ;
#2317 = AXIS2_PLACEMENT_3D ( 'NONE', #1166, #6407, #5317 ) ;
#2318 = DIRECTION ( 'NONE',  ( 1.000000000000000000, 1.411814255020735290E-16, 0.000000000000000000 ) ) ;
#2319 = CARTESIAN_POINT ( 'NONE',  ( -8.144478597777725426, -20.52211044177646926, -57.09748404100010077 ) ) ;
#2320 = CARTESIAN_POINT ( 'NONE',  ( -101.0587206533091233, 9.499999999999991118, -3.295362189545514298 ) ) ;
#2321 = CIRCLE ( 'NONE', #6242, 2.125000000000001776 ) ;
#2322 = VERTEX_POINT ( 'NONE', #3131 ) ;
#2323 = CARTESIAN_POINT ( 'NONE',  ( -13.07499999999999396, -26.50000000000000355, -25.00000000000002132 ) ) ;
#2324 = CARTESIAN_POINT ( 'NONE',  ( 3.469446951953614189E-15, -30.50000000000000355, 0.000000000000000000 ) ) ;
#2325 = DIRECTION ( 'NONE',  ( 1.000000000000000000, 0.000000000000000000, 0.000000000000000000 ) ) ;
#2326 = CARTESIAN_POINT ( 'NONE',  ( -2.000000000000000000, 2.499999999999988454, -54.99999999999999289 ) ) ;
#2327 = VECTOR ( 'NONE', #870, 1000.000000000000000 ) ;
#2328 = EDGE_LOOP ( 'NONE', ( #5873, #1024, #1956, #2002 ) ) ;
#2329 = EDGE_CURVE ( 'NONE', #1519, #6353, #5799, .T. ) ;
#2330 = AXIS2_PLACEMENT_3D ( 'NONE', #3394, #5477, #2884 ) ;
#2331 = ORIENTED_EDGE ( 'NONE', *, *, #1891, .F. ) ;
#2333 = ORIENTED_EDGE ( 'NONE', *, *, #3627, .T. ) ;
#2332 = CARTESIAN_POINT ( 'NONE',  ( 2.500000000000002220, -27.50000000000001776, -57.99999999999999289 ) ) ;
#2334 = FACE_BOUND ( 'NONE', #4110, .T. ) ;
#2335 = CARTESIAN_POINT ( 'NONE',  ( -9.444273417403037385, -23.33474344797895839, -10.63606517975980026 ) ) ;
#2336 = CARTESIAN_POINT ( 'NONE',  ( -12.52695150859030981, -24.50000000046510706, -61.14837215822712579 ) ) ;
#2337 = CARTESIAN_POINT ( 'NONE',  ( -101.0587206533091233, 0.9999999999999835687, -57.37652401873177865 ) ) ;
#2338 = AXIS2_PLACEMENT_3D ( 'NONE', #571, #2147, #3267 ) ;
#2339 = ORIENTED_EDGE ( 'NONE', *, *, #2504, .T. ) ;
#2340 = EDGE_CURVE ( 'NONE', #2672, #2502, #567, .T. ) ;
#2341 = CARTESIAN_POINT ( 'NONE',  ( -10.50248794012274800, -24.50000000000002487, -64.50000000000001421 ) ) ;
#2342 = CARTESIAN_POINT ( 'NONE',  ( -8.074999999999995737, -30.50000000000000355, -45.00000000000001421 ) ) ;
#2343 = AXIS2_PLACEMENT_3D ( 'NONE', #6293, #5233, #5272 ) ;
#2344 = ORIENTED_EDGE ( 'NONE', *, *, #5626, .T. ) ;
#2346 = CARTESIAN_POINT ( 'NONE',  ( -65.90000000000003411, -20.50000000000001066, -59.54075870073008758 ) ) ;
#2345 = PRODUCT_CONTEXT ( 'NONE', #4623, 'mechanical' ) ;
#2347 = ORIENTED_EDGE ( 'NONE', *, *, #6423, .F. ) ;
#2348 = ORIENTED_EDGE ( 'NONE', *, *, #3305, .T. ) ;
#2349 = DIRECTION ( 'NONE',  ( 0.000000000000000000, 1.000000000000000000, 0.000000000000000000 ) ) ;
#2350 = CARTESIAN_POINT ( 'NONE',  ( -64.40000000000000568, -20.50000000000001066, -59.54075870073008758 ) ) ;
#2351 = ORIENTED_EDGE ( 'NONE', *, *, #6294, .T. ) ;
#2352 = AXIS2_PLACEMENT_3D ( 'NONE', #2977, #1379, #6115 ) ;
#2353 = EDGE_CURVE ( 'NONE', #631, #5543, #2820, .T. ) ;
#2354 = LINE ( 'NONE', #733, #4855 ) ;
#2355 = CARTESIAN_POINT ( 'NONE',  ( -63.37500000000001421, -30.50000000000001066, -65.50000000000000000 ) ) ;
#2356 = CARTESIAN_POINT ( 'NONE',  ( -8.481584784260245868, -20.70264925842264248, -57.38043354327434287 ) ) ;
#2357 = DIRECTION ( 'NONE',  ( 1.000000000000000000, 1.224646799147353700E-16, 0.000000000000000000 ) ) ;
#2358 =( BOUNDED_SURFACE ( )  B_SPLINE_SURFACE ( 3, 2, ( 
 ( #5125, #6719, #2122 ),
 ( #5222, #3082, #4199 ),
 ( #6281, #4072, #5094 ),
 ( #4712, #2503, #424 ),
 ( #459, #3620, #998 ),
 ( #549, #47, #1607 ) ),
 .UNSPECIFIED., .F., .F., .F. ) 
 B_SPLINE_SURFACE_WITH_KNOTS ( ( 4, 2, 4 ),
 ( 3, 3 ),
 ( 0.01801949803362942748, 0.01881814234790123164, 0.01961678666217303579 ),
 ( 0.000000000000000000, 1.000000000000000000 ),
 .UNSPECIFIED. ) 
 GEOMETRIC_REPRESENTATION_ITEM ( )  RATIONAL_B_SPLINE_SURFACE ( (
 ( 1.000000000000000000, 0.7804009904853430601, 1.000000000000000000),
 ( 1.000000000000000000, 0.7672959113626497407, 1.000000000000000000),
 ( 1.000000000000000000, 0.7541069682422126830, 1.000000000000000000),
 ( 1.000000000000000000, 0.7292738983845067358, 1.000000000000000000),
 ( 1.000000000000000000, 0.7175526752729824986, 1.000000000000000000),
 ( 1.000000000000000000, 0.7071067811865473507, 1.000000000000000000) ) ) 
 REPRESENTATION_ITEM ( '' )  SURFACE ( )  );
#2359 = ORIENTED_EDGE ( 'NONE', *, *, #4363, .F. ) ;
#2360 = ADVANCED_FACE ( 'NONE', ( #3337 ), #307, .F. ) ;
#2361 = CIRCLE ( 'NONE', #4530, 2.125000000000000000 ) ;
#2362 = DIRECTION ( 'NONE',  ( -0.000000000000000000, -1.000000000000000000, -0.000000000000000000 ) ) ;
#2363 = CYLINDRICAL_SURFACE ( 'NONE', #1421, 17.00000000000000000 ) ;
#2364 = CARTESIAN_POINT ( 'NONE',  ( 2.500000000000002220, -26.00000000000001776, -56.49999999999999289 ) ) ;
#2365 = FACE_OUTER_BOUND ( 'NONE', #5988, .T. ) ;
#2366 = LINE ( 'NONE', #4439, #4374 ) ;
#2367 = AXIS2_PLACEMENT_3D ( 'NONE', #628, #6390, #4858 ) ;
#2368 = VERTEX_POINT ( 'NONE', #5920 ) ;
#2369 = DIRECTION ( 'NONE',  ( -1.000000000000000000, 0.000000000000000000, -3.081487911019577365E-33 ) ) ;
#2370 = FACE_BOUND ( 'NONE', #4586, .T. ) ;
#2371 = AXIS2_PLACEMENT_3D ( 'NONE', #6574, #4533, #4398 ) ;
#2372 = DIRECTION ( 'NONE',  ( -1.000000000000000000, 1.224510688924804996E-15, 0.000000000000000000 ) ) ;
#2373 = CARTESIAN_POINT ( 'NONE',  ( -2.000000000000000000, -1.500000000000011768, -5.500000000000011546 ) ) ;
#2374 = ORIENTED_EDGE ( 'NONE', *, *, #2674, .T. ) ;
#2375 = ORIENTED_EDGE ( 'NONE', *, *, #5805, .T. ) ;
#2376 = CARTESIAN_POINT ( 'NONE',  ( -13.50000000000003197, 5.999999999999994671, -7.000000000000016875 ) ) ;
#2377 = PLANE ( 'NONE',  #812 ) ;
#2378 = ORIENTED_EDGE ( 'NONE', *, *, #5756, .T. ) ;
#2379 = STYLED_ITEM ( 'NONE', ( #4343 ), #2139 ) ;
#2380 = ORIENTED_EDGE ( 'NONE', *, *, #401, .T. ) ;
#2381 = EDGE_CURVE ( 'NONE', #3034, #3763, #2097, .T. ) ;
#2382 = CARTESIAN_POINT ( 'NONE',  ( -101.0587206533091233, 5.999999999999987566, -12.62347598126822845 ) ) ;
#2383 = DIRECTION ( 'NONE',  ( -1.000000000000000000, -1.224646799147353700E-16, 0.000000000000000000 ) ) ;
#2384 = EDGE_LOOP ( 'NONE', ( #4825, #1559, #3992, #6165 ) ) ;
#2385 = DIRECTION ( 'NONE',  ( -1.224646799147353700E-16, 1.000000000000000000, 0.000000000000000000 ) ) ;
#2386 = DIRECTION ( 'NONE',  ( 1.000000000000000000, 2.312964634635742957E-16, 0.000000000000000000 ) ) ;
#2387 = EDGE_CURVE ( 'NONE', #3119, #5938, #702, .T. ) ;
#2388 = CARTESIAN_POINT ( 'NONE',  ( -80.38113276073386260, -6.000000000000001776, -67.25000000000000000 ) ) ;
#2389 = FACE_OUTER_BOUND ( 'NONE', #4791, .T. ) ;
#2390 = EDGE_LOOP ( 'NONE', ( #2347, #4029, #2982, #4237 ) ) ;
#2391 = CARTESIAN_POINT ( 'NONE',  ( -64.40000000000000568, -23.50000000000001066, -10.54075870073010357 ) ) ;
#2392 = CARTESIAN_POINT ( 'NONE',  ( -61.29049291817999290, -23.39031622319543402, -5.500000000000004441 ) ) ;
#2393 = EDGE_LOOP ( 'NONE', ( #2734, #2748, #5600, #78 ) ) ;
#2394 = SURFACE_STYLE_FILL_AREA ( #5490 ) ;
#2395 = PLANE ( 'NONE',  #2081 ) ;
#2396 = ADVANCED_FACE ( 'NONE', ( #809 ), #271, .F. ) ;
#2397 = DIRECTION ( 'NONE',  ( 0.000000000000000000, -1.000000000000000000, -1.196361017915038993E-16 ) ) ;
#2398 = ORIENTED_EDGE ( 'NONE', *, *, #2972, .T. ) ;
#2399 = ADVANCED_FACE ( 'NONE', ( #6568 ), #1905, .T. ) ;
#2400 = DIRECTION ( 'NONE',  ( 1.321694076934710155E-16, -1.000000000000000000, 0.000000000000000000 ) ) ;
#2401 = CARTESIAN_POINT ( 'NONE',  ( -105.0000000000000142, -1.500000000000011768, -64.50000000000000000 ) ) ;
#2402 = DIRECTION ( 'NONE',  ( 0.000000000000000000, 0.000000000000000000, -1.000000000000000000 ) ) ;
#2403 = DIRECTION ( 'NONE',  ( 0.000000000000000000, 0.000000000000000000, -1.000000000000000000 ) ) ;
#2404 = EDGE_LOOP ( 'NONE', ( #6241, #417 ) ) ;
#2405 = EDGE_LOOP ( 'NONE', ( #792, #1953, #2263, #6184 ) ) ;
#2406 = CARTESIAN_POINT ( 'NONE',  ( -6.066279346690865992, 0.9999999999999972244, -12.62347598126822845 ) ) ;
#2407 = FACE_OUTER_BOUND ( 'NONE', #5434, .T. ) ;
#2408 = VERTEX_POINT ( 'NONE', #336 ) ;
#2409 = CIRCLE ( 'NONE', #3269, 3.000000000000001776 ) ;
#2410 = ORIENTED_EDGE ( 'NONE', *, *, #43, .T. ) ;
#2411 = DIRECTION ( 'NONE',  ( 1.000000000000000000, 0.000000000000000000, 0.000000000000000000 ) ) ;
#2412 = ORIENTED_EDGE ( 'NONE', *, *, #787, .F. ) ;
#2413 = AXIS2_PLACEMENT_3D ( 'NONE', #852, #3413, #5562 ) ;
#2414 = CARTESIAN_POINT ( 'NONE',  ( -100.0000000000000000, 2.704597641062570723, -28.22203898461592075 ) ) ;
#2415 = LINE ( 'NONE', #4084, #4151 ) ;
#2416 = DIRECTION ( 'NONE',  ( 1.000000000000000000, 2.312964634635742464E-16, 0.000000000000000000 ) ) ;
#2417 = AXIS2_PLACEMENT_3D ( 'NONE', #6179, #2047, #537 ) ;
#2418 = CARTESIAN_POINT ( 'NONE',  ( -67.62500000000001421, -25.50000000000000711, -65.50000000000000000 ) ) ;
#2419 = ADVANCED_FACE ( 'NONE', ( #4873 ), #5411, .T. ) ;
#2420 = DIRECTION ( 'NONE',  ( -1.224646799147354933E-16, 1.000000000000000000, 0.000000000000000000 ) ) ;
#2421 = AXIS2_PLACEMENT_3D ( 'NONE', #5239, #3265, #569 ) ;
#2422 = VECTOR ( 'NONE', #4512, 1000.000000000000114 ) ;
#2423 = CARTESIAN_POINT ( 'NONE',  ( -8.481584784260245868, -20.70264925842264248, -57.38043354327434287 ) ) ;
#2424 = DIRECTION ( 'NONE',  ( 0.000000000000000000, 1.000000000000000000, 0.000000000000000000 ) ) ;
#2425 = LINE ( 'NONE', #2326, #6015 ) ;
#2426 = VERTEX_POINT ( 'NONE', #6435 ) ;
#2427 = AXIS2_PLACEMENT_3D ( 'NONE', #4575, #1438, #455 ) ;
#2428 = EDGE_CURVE ( 'NONE', #2426, #3626, #4820, .T. ) ;
#2429 = EDGE_CURVE ( 'NONE', #6014, #5553, #4391, .T. ) ;
#2430 = DIRECTION ( 'NONE',  ( -1.000000000000000000, -1.734723475976806848E-16, 0.000000000000000000 ) ) ;
#2431 = AXIS2_PLACEMENT_3D ( 'NONE', #3738, #5857, #136 ) ;
#2432 = CARTESIAN_POINT ( 'NONE',  ( -2.000000000000000000, 2.499999999999988454, -50.99999999999997868 ) ) ;
#2433 = CARTESIAN_POINT ( 'NONE',  ( -6.399999999999998579, -20.50000000000001421, -52.54075870073009469 ) ) ;
#2434 = LINE ( 'NONE', #789, #4047 ) ;
#2435 = VECTOR ( 'NONE', #5692, 1000.000000000000000 ) ;
#2436 = ORIENTED_EDGE ( 'NONE', *, *, #2741, .T. ) ;
#2437 = EDGE_CURVE ( 'NONE', #3503, #5033, #1884, .T. ) ;
#2438 = ORIENTED_EDGE ( 'NONE', *, *, #3548, .T. ) ;
#2439 = CARTESIAN_POINT ( 'NONE',  ( 0.000000000000000000, 9.500000000000005329, -6.999999999999999112 ) ) ;
#2440 = CARTESIAN_POINT ( 'NONE',  ( -26.74386723926605569, -2.792641959432362857E-17, -2.750000000000030198 ) ) ;
#2441 = VERTEX_POINT ( 'NONE', #6468 ) ;
#2442 = DIRECTION ( 'NONE',  ( 1.321694076934710155E-16, -1.000000000000000000, 0.000000000000000000 ) ) ;
#2443 = CIRCLE ( 'NONE', #799, 2.999999999999995559 ) ;
#2444 = ORIENTED_EDGE ( 'NONE', *, *, #6152, .T. ) ;
#2445 = DIRECTION ( 'NONE',  ( -1.224646799147354933E-16, 1.000000000000000000, 0.000000000000000000 ) ) ;
#2446 = EDGE_CURVE ( 'NONE', #392, #4206, #1798, .T. ) ;
#2447 = EDGE_LOOP ( 'NONE', ( #5403, #4722, #4569, #1084 ) ) ;
#2448 = AXIS2_PLACEMENT_3D ( 'NONE', #4155, #6240, #5183 ) ;
#2449 = DIRECTION ( 'NONE',  ( 0.7071067811865507924, 0.7071067811865441310, 0.000000000000000000 ) ) ;
#2450 = CARTESIAN_POINT ( 'NONE',  ( -19.50000000000008527, 0.000000000000000000, -70.00000000000000000 ) ) ;
#2451 = CARTESIAN_POINT ( 'NONE',  ( -4.500000000000000888, -25.50000000000000355, -4.500000000000003553 ) ) ;
#2452 = AXIS2_PLACEMENT_3D ( 'NONE', #285, #4993, #4886 ) ;
#2453 = CARTESIAN_POINT ( 'NONE',  ( 3.999999999999996447, 14.49999999999999467, 0.000000000000000000 ) ) ;
#2454 = CARTESIAN_POINT ( 'NONE',  ( -100.0000000000000000, 1.552207410648924535, -66.03911680942459839 ) ) ;
#2455 = CARTESIAN_POINT ( 'NONE',  ( -64.40000000000000568, -20.50000000000001066, -59.54075870073008758 ) ) ;
#2456 = DIRECTION ( 'NONE',  ( 1.224646799147353454E-16, -1.000000000000000000, -1.445602896647339163E-16 ) ) ;
#2457 = FACE_BOUND ( 'NONE', #5827, .T. ) ;
#2458 = DIRECTION ( 'NONE',  ( -1.000000000000000000, 1.224510688924804996E-15, 0.000000000000000000 ) ) ;
#2459 = EDGE_LOOP ( 'NONE', ( #2670, #1618, #866, #6199 ) ) ;
#2460 = DIRECTION ( 'NONE',  ( 0.000000000000000000, 0.000000000000000000, 1.000000000000000000 ) ) ;
#2461 = EDGE_LOOP ( 'NONE', ( #5973, #560, #1543, #2074 ) ) ;
#2462 = EDGE_CURVE ( 'NONE', #3026, #2809, #5484, .T. ) ;
#2463 = DIRECTION ( 'NONE',  ( 0.000000000000000000, 0.000000000000000000, 1.000000000000000000 ) ) ;
#2464 = VECTOR ( 'NONE', #6089, 1000.000000000000000 ) ;
#2465 = DIRECTION ( 'NONE',  ( -1.000000000000000000, 1.224510688924805982E-15, 0.000000000000000000 ) ) ;
#2466 = CARTESIAN_POINT ( 'NONE',  ( -9.391732135374700974, -20.72917976673159757, -10.27978190109078938 ) ) ;
#2467 = EDGE_CURVE ( 'NONE', #2039, #4674, #790, .T. ) ;
#2468 = ORIENTED_EDGE ( 'NONE', *, *, #2732, .F. ) ;
#2469 = CARTESIAN_POINT ( 'NONE',  ( -80.28183768826340838, -2.500000000000012434, -15.50000000000000000 ) ) ;
#2470 = AXIS2_PLACEMENT_3D ( 'NONE', #3659, #3211, #5290 ) ;
#2471 = CARTESIAN_POINT ( 'NONE',  ( -58.07499999999999574, -29.00000000000000711, -25.00000000000001776 ) ) ;
#2472 = EDGE_LOOP ( 'NONE', ( #3895, #6347, #4930, #3493, #5716 ) ) ;
#2473 = FACE_OUTER_BOUND ( 'NONE', #6526, .T. ) ;
#2474 = ORIENTED_EDGE ( 'NONE', *, *, #672, .F. ) ;
#2475 = EDGE_CURVE ( 'NONE', #3061, #2838, #6454, .T. ) ;
#2476 = CARTESIAN_POINT ( 'NONE',  ( -100.0000000000000000, 2.704597641062570723, -30.34703898461592431 ) ) ;
#2477 = AXIS2_PLACEMENT_3D ( 'NONE', #2531, #3107, #2564 ) ;
#2478 = EDGE_CURVE ( 'NONE', #581, #4522, #1322, .T. ) ;
#2479 = ORIENTED_EDGE ( 'NONE', *, *, #4934, .F. ) ;
#2480 = CARTESIAN_POINT ( 'NONE',  ( -19.99999999999999645, -1.999999999999984457, -60.50000000000000000 ) ) ;
#2481 = CIRCLE ( 'NONE', #2691, 3.000000000000001776 ) ;
#2482 = DIRECTION ( 'NONE',  ( -0.7071067811865442421, 0.7071067811865509034, 0.000000000000000000 ) ) ;
#2483 = CARTESIAN_POINT ( 'NONE',  ( -53.07499999999999574, -30.50000000000000711, -25.00000000000001776 ) ) ;
#2484 = DIRECTION ( 'NONE',  ( 0.000000000000000000, -2.478176394252581387E-17, 1.000000000000000000 ) ) ;
#2485 = AXIS2_PLACEMENT_3D ( 'NONE', #5806, #181, #1136 ) ;
#2486 = DIRECTION ( 'NONE',  ( 0.000000000000000000, 0.000000000000000000, 1.000000000000000000 ) ) ;
#2487 = EDGE_LOOP ( 'NONE', ( #5576, #4468, #4552, #2718 ) ) ;
#2488 = DIRECTION ( 'NONE',  ( -1.000000000000000000, 1.224510688924804010E-15, 0.000000000000000000 ) ) ;
#2489 = EDGE_CURVE ( 'NONE', #1368, #3617, #680, .T. ) ;
#2490 = ORIENTED_EDGE ( 'NONE', *, *, #2544, .T. ) ;
#2491 = ORIENTED_EDGE ( 'NONE', *, *, #2478, .T. ) ;
#2492 = DIRECTION ( 'NONE',  ( -1.000000000000000000, -1.224510688924804848E-16, 1.632680918566406547E-16 ) ) ;
#2493 = DIRECTION ( 'NONE',  ( 1.214306433183765755E-15, 1.000000000000000000, 0.000000000000000000 ) ) ;
#2494 = DIRECTION ( 'NONE',  ( 1.000000000000000000, 0.000000000000000000, 0.000000000000000000 ) ) ;
#2495 = VERTEX_POINT ( 'NONE', #4661 ) ;
#2496 = CARTESIAN_POINT ( 'NONE',  ( -9.124314131180820908, -21.35230605789390879, -58.27646468667866486 ) ) ;
#2497 = ORIENTED_EDGE ( 'NONE', *, *, #5013, .T. ) ;
#2498 = EDGE_CURVE ( 'NONE', #3665, #1880, #980, .T. ) ;
#2499 = DIRECTION ( 'NONE',  ( 1.321694076934710155E-16, -1.000000000000000000, 0.000000000000000000 ) ) ;
#2500 = DIRECTION ( 'NONE',  ( 0.000000000000000000, 0.000000000000000000, 1.000000000000000000 ) ) ;
#2501 = CARTESIAN_POINT ( 'NONE',  ( 4.000000000000003553, -31.49999999999997158, 0.000000000000000000 ) ) ;
#2502 = VERTEX_POINT ( 'NONE', #3029 ) ;
#2503 = CARTESIAN_POINT ( 'NONE',  ( -7.843696814733787548, -24.25951325107730483, -56.89039492074379467 ) ) ;
#2504 = EDGE_CURVE ( 'NONE', #2585, #636, #4045, .T. ) ;
#2505 = CARTESIAN_POINT ( 'NONE',  ( -3.941279346690862440, 4.499999999999875655, -66.70463781045448570 ) ) ;
#2506 = ORIENTED_EDGE ( 'NONE', *, *, #6122, .T. ) ;
#2507 = VERTEX_POINT ( 'NONE', #4630 ) ;
#2508 = DIRECTION ( 'NONE',  ( 1.000000000000000000, 1.224646799147353700E-16, 0.000000000000000000 ) ) ;
#2509 = VERTEX_POINT ( 'NONE', #6603 ) ;
#2510 = ADVANCED_FACE ( 'NONE', ( #1015 ), #6244, .F. ) ;
#2511 = CARTESIAN_POINT ( 'NONE',  ( 4.000000000000000000, 2.124069000093296911, -6.238115181478841365 ) ) ;
#2512 = ORIENTED_EDGE ( 'NONE', *, *, #117, .F. ) ;
#2513 = EDGE_CURVE ( 'NONE', #5614, #3778, #2549, .T. ) ;
#2514 = CARTESIAN_POINT ( 'NONE',  ( -2.000000000000000000, -3.469446951953614189E-14, -55.00000000000000711 ) ) ;
#2515 = ORIENTED_EDGE ( 'NONE', *, *, #5293, .F. ) ;
#2516 = CARTESIAN_POINT ( 'NONE',  ( -6.074999999999993960, -29.00000000000000000, -25.00000000000001776 ) ) ;
#2517 = CARTESIAN_POINT ( 'NONE',  ( 4.000000000000003553, -24.50000000000001421, -54.99999999999999289 ) ) ;
#2518 = CIRCLE ( 'NONE', #6644, 2.125000000000000000 ) ;
#2519 = EDGE_CURVE ( 'NONE', #6612, #6378, #473, .T. ) ;
#2520 = CARTESIAN_POINT ( 'NONE',  ( -100.0000000000000000, 2.704597641062571167, -41.77796101538408635 ) ) ;
#2521 = VERTEX_POINT ( 'NONE', #5107 ) ;
#2522 = ORIENTED_EDGE ( 'NONE', *, *, #1761, .T. ) ;
#2523 = CARTESIAN_POINT ( 'NONE',  ( -2.000000000000000000, 2.499999999999988454, -50.99999999999997868 ) ) ;
#2524 = AXIS2_PLACEMENT_3D ( 'NONE', #3542, #479, #987 ) ;
#2525 = LINE ( 'NONE', #1531, #1869 ) ;
#2526 = CYLINDRICAL_SURFACE ( 'NONE', #363, 2.125000000000001776 ) ;
#2527 = ORIENTED_EDGE ( 'NONE', *, *, #256, .T. ) ;
#2528 = CARTESIAN_POINT ( 'NONE',  ( -9.247289256494905629, -23.29852554002970422, -58.58653402031915647 ) ) ;
#2529 = ORIENTED_EDGE ( 'NONE', *, *, #3347, .F. ) ;
#2530 = CIRCLE ( 'NONE', #4158, 2.125000000000001776 ) ;
#2531 = CARTESIAN_POINT ( 'NONE',  ( 4.000000000000000000, -0.0009309999067057261879, -6.238115181478841365 ) ) ;
#2532 = PLANE ( 'NONE',  #4631 ) ;
#2533 = EDGE_LOOP ( 'NONE', ( #5134, #4037, #1550, #3481 ) ) ;
#2534 = DIRECTION ( 'NONE',  ( 0.000000000000000000, -1.000000000000000000, 0.000000000000000000 ) ) ;
#2535 = AXIS2_PLACEMENT_3D ( 'NONE', #2433, #5565, #889 ) ;
#2536 = EDGE_CURVE ( 'NONE', #6421, #3746, #437, .T. ) ;
#2537 = ORIENTED_EDGE ( 'NONE', *, *, #1664, .F. ) ;
#2538 = AXIS2_PLACEMENT_3D ( 'NONE', #170, #6402, #4283 ) ;
#2539 = LINE ( 'NONE', #4111, #6164 ) ;
#2540 = CARTESIAN_POINT ( 'NONE',  ( -6.399999999999999467, -20.50000000000000355, -10.54075870073009646 ) ) ;
#2541 = LINE ( 'NONE', #1071, #4629 ) ;
#2542 = CARTESIAN_POINT ( 'NONE',  ( -78.25613276073386260, -6.000000000000004441, -67.25000000000000000 ) ) ;
#2543 = AXIS2_PLACEMENT_3D ( 'NONE', #944, #5624, #6666 ) ;
#2544 = EDGE_CURVE ( 'NONE', #1722, #3116, #4608, .T. ) ;
#2545 = ORIENTED_EDGE ( 'NONE', *, *, #4335, .T. ) ;
#2546 = CARTESIAN_POINT ( 'NONE',  ( 3.469446951953614189E-15, -30.50000000000000355, -70.00000000000000000 ) ) ;
#2547 = AXIS2_PLACEMENT_3D ( 'NONE', #398, #1039, #118 ) ;
#2548 = ORIENTED_EDGE ( 'NONE', *, *, #2086, .T. ) ;
#2549 = LINE ( 'NONE', #1525, #145 ) ;
#2550 = DIRECTION ( 'NONE',  ( 1.000000000000000000, -0.000000000000000000, 1.224646799147353207E-16 ) ) ;
#2551 = EDGE_CURVE ( 'NONE', #3277, #4394, #1663, .T. ) ;
#2552 = VECTOR ( 'NONE', #4088, 1000.000000000000000 ) ;
#2553 = DIRECTION ( 'NONE',  ( 1.000000000000000000, 1.224646799147353700E-16, 0.000000000000000000 ) ) ;
#2554 = DIRECTION ( 'NONE',  ( 1.771855548836256985E-32, -1.445602896647339163E-16, 1.000000000000000000 ) ) ;
#2555 = EDGE_LOOP ( 'NONE', ( #4101, #4474, #2842, #6314 ) ) ;
#2556 = AXIS2_PLACEMENT_3D ( 'NONE', #3156, #5206, #2744 ) ;
#2557 = CARTESIAN_POINT ( 'NONE',  ( -105.0000000000000142, 9.499999999999998224, -70.00000000000000000 ) ) ;
#2558 = LINE ( 'NONE', #4639, #4268 ) ;
#2559 = FACE_OUTER_BOUND ( 'NONE', #4212, .T. ) ;
#2560 = EDGE_CURVE ( 'NONE', #2682, #298, #3092, .T. ) ;
#2561 = ORIENTED_EDGE ( 'NONE', *, *, #3138, .F. ) ;
#2562 = VECTOR ( 'NONE', #5681, 1000.000000000000000 ) ;
#2563 = AXIS2_PLACEMENT_3D ( 'NONE', #2810, #89, #1646 ) ;
#2564 = DIRECTION ( 'NONE',  ( 0.000000000000000000, 1.000000000000000000, 0.000000000000000000 ) ) ;
#2565 = CARTESIAN_POINT ( 'NONE',  ( -9.999999999999996447, -24.50000000000001421, 0.000000000000000000 ) ) ;
#2566 = CARTESIAN_POINT ( 'NONE',  ( -9.212067222365995178, -24.21114132837705668, -9.400516432996912641 ) ) ;
#2567 = ORIENTED_EDGE ( 'NONE', *, *, #6345, .T. ) ;
#2568 = CIRCLE ( 'NONE', #2897, 2.125000000000001776 ) ;
#2569 = CARTESIAN_POINT ( 'NONE',  ( -23.07499999999999574, -26.50000000000000355, -15.00000000000001954 ) ) ;
#2570 = DIRECTION ( 'NONE',  ( -1.000000000000000000, 0.000000000000000000, 0.000000000000000000 ) ) ;
#2571 = VERTEX_POINT ( 'NONE', #1965 ) ;
#2572 = DIRECTION ( 'NONE',  ( 1.000000000000000000, 0.000000000000000000, 0.000000000000000000 ) ) ;
#2573 = AXIS2_PLACEMENT_3D ( 'NONE', #4485, #6116, #6559 ) ;
#2574 = EDGE_LOOP ( 'NONE', ( #1682, #1073 ) ) ;
#2576 = ORIENTED_EDGE ( 'NONE', *, *, #5163, .T. ) ;
#2575 = CARTESIAN_POINT ( 'NONE',  ( -7.867801258982909829, -24.37424144773344636, -13.15862399609529731 ) ) ;
#2577 = ORIENTED_EDGE ( 'NONE', *, *, #6214, .T. ) ;
#2578 = ADVANCED_FACE ( 'NONE', ( #470 ), #4589, .T. ) ;
#2579 = ORIENTED_EDGE ( 'NONE', *, *, #5535, .T. ) ;
#2580 = AXIS2_PLACEMENT_3D ( 'NONE', #6372, #3168, #1700 ) ;
#2581 = DIRECTION ( 'NONE',  ( 1.000000000000000000, 0.000000000000000000, 0.000000000000000000 ) ) ;
#2582 = CARTESIAN_POINT ( 'NONE',  ( -13.07499999999999929, -30.50000000000000355, -55.00000000000001421 ) ) ;
#2583 = EDGE_LOOP ( 'NONE', ( #6595, #6455, #4859, #5931 ) ) ;
#2584 = DIRECTION ( 'NONE',  ( -1.000000000000000000, -1.734723475976807094E-16, 0.000000000000000000 ) ) ;
#2585 = VERTEX_POINT ( 'NONE', #5137 ) ;
#2586 = EDGE_CURVE ( 'NONE', #4505, #2800, #3983, .T. ) ;
#2587 = CARTESIAN_POINT ( 'NONE',  ( -6.625000000000000888, -30.50000000000000355, -4.500000000000003553 ) ) ;
#2588 = FACE_OUTER_BOUND ( 'NONE', #849, .T. ) ;
#2589 = FACE_OUTER_BOUND ( 'NONE', #3525, .T. ) ;
#2590 = EDGE_CURVE ( 'NONE', #3936, #2229, #3625, .T. ) ;
#2591 = CARTESIAN_POINT ( 'NONE',  ( 4.000000000000003553, -27.50000000000001776, -57.99999999999999289 ) ) ;
#2592 = EDGE_CURVE ( 'NONE', #5158, #6421, #406, .T. ) ;
#2593 = LINE ( 'NONE', #2971, #3748 ) ;
#2594 = ORIENTED_EDGE ( 'NONE', *, *, #2353, .T. ) ;
#2595 = CARTESIAN_POINT ( 'NONE',  ( -100.0000000000000000, -33.39999999999999858, -42.32451133429615453 ) ) ;
#2596 = ORIENTED_EDGE ( 'NONE', *, *, #1092, .F. ) ;
#2597 = LINE ( 'NONE', #4168, #2667 ) ;
#2598 = CARTESIAN_POINT ( 'NONE',  ( -6.399999999999999467, -24.50000000000001421, -59.54075870073009469 ) ) ;
#2599 = ORIENTED_EDGE ( 'NONE', *, *, #4746, .F. ) ;
#2600 = CARTESIAN_POINT ( 'NONE',  ( -95.00000000000000000, -1.500000000000011768, -50.49999999999998579 ) ) ;
#2601 = ORIENTED_EDGE ( 'NONE', *, *, #2004, .T. ) ;
#2603 = ORIENTED_EDGE ( 'NONE', *, *, #1018, .F. ) ;
#2602 = DIRECTION ( 'NONE',  ( 0.7071067811865509034, 0.7071067811865442421, 0.000000000000000000 ) ) ;
#2604 = ORIENTED_EDGE ( 'NONE', *, *, #2625, .F. ) ;
#2605 = ORIENTED_EDGE ( 'NONE', *, *, #5626, .F. ) ;
#2606 = PLANE ( 'NONE',  #2864 ) ;
#2607 = DIRECTION ( 'NONE',  ( 1.000000000000000000, 2.312964634635742957E-16, 0.000000000000000000 ) ) ;
#2608 = VERTEX_POINT ( 'NONE', #2041 ) ;
#2609 = DIRECTION ( 'NONE',  ( 1.000000000000000000, 0.000000000000000000, 0.000000000000000000 ) ) ;
#2610 = EDGE_LOOP ( 'NONE', ( #3863, #4677, #1064, #6227 ) ) ;
#2611 = DIRECTION ( 'NONE',  ( -1.224646799147353700E-16, 1.000000000000000000, 1.445602896647339163E-16 ) ) ;
#2612 = DIRECTION ( 'NONE',  ( 0.000000000000000000, 0.000000000000000000, -1.000000000000000000 ) ) ;
#2613 = EDGE_LOOP ( 'NONE', ( #5530, #1199, #1606, #3121 ) ) ;
#2614 = VECTOR ( 'NONE', #1630, 1000.000000000000114 ) ;
#2615 = CARTESIAN_POINT ( 'NONE',  ( -8.599046524996813545, -23.37837858807673541, -57.40204070146632631 ) ) ;
#2616 = VERTEX_POINT ( 'NONE', #6133 ) ;
#2617 = B_SPLINE_CURVE_WITH_KNOTS ( 'NONE', 3,
 ( #1192, #3268, #2653, #2150, #174, #1227, #1629, #5796, #5283, #342, #5964, #5043, #4502, #6540, #1329, #1877, #3954, #1806, #3883, #2962, #3372, #2423 ),
 .UNSPECIFIED., .F., .F.,
 ( 4, 2, 2, 2, 2, 2, 2, 2, 2, 2, 4 ),
 ( 0.000000000000000000, 0.0004688744883373053641, 0.0009377489766746107281, 0.001406623465011915984, 0.001875497953349221456, 0.002109935197517882974, 0.002344372441686544059, 0.002578809685855205577, 0.002813246930023867096, 0.003282121418361205311, 0.003750995906698544394 ),
 .UNSPECIFIED. ) ;
#2618 = ADVANCED_FACE ( 'NONE', ( #3533 ), #1558, .F. ) ;
#2619 = AXIS2_PLACEMENT_3D ( 'NONE', #4911, #4359, #2824 ) ;
#2620 = DIRECTION ( 'NONE',  ( 1.214306433183765755E-15, 1.000000000000000000, 0.000000000000000000 ) ) ;
#2621 = CARTESIAN_POINT ( 'NONE',  ( 0.000000000000000000, 9.500000000000005329, -70.00000000000000000 ) ) ;
#2622 = VERTEX_POINT ( 'NONE', #2005 ) ;
#2623 = DIRECTION ( 'NONE',  ( 0.000000000000000000, 0.000000000000000000, -1.000000000000000000 ) ) ;
#2624 = AXIS2_PLACEMENT_3D ( 'NONE', #2283, #1797, #5884 ) ;
#2625 = EDGE_CURVE ( 'NONE', #2939, #953, #6171, .T. ) ;
#2626 = VERTEX_POINT ( 'NONE', #1116 ) ;
#2627 = FACE_OUTER_BOUND ( 'NONE', #1829, .T. ) ;
#2628 = DIRECTION ( 'NONE',  ( 1.224646799147353700E-16, -1.000000000000000000, 0.000000000000000000 ) ) ;
#2629 = AXIS2_PLACEMENT_3D ( 'NONE', #4068, #1476, #1033 ) ;
#2630 = CARTESIAN_POINT ( 'NONE',  ( -43.07499999999999574, -29.00000000000000711, -62.00000000000002132 ) ) ;
#2631 = VECTOR ( 'NONE', #2268, 1000.000000000000114 ) ;
#2632 = CARTESIAN_POINT ( 'NONE',  ( -64.40000000000000568, -23.50000000000001066, -10.54075870073010357 ) ) ;
#2633 = DIRECTION ( 'NONE',  ( 1.000000000000000000, 0.000000000000000000, 0.000000000000000000 ) ) ;
#2634 = EDGE_CURVE ( 'NONE', #5301, #1740, #3191, .T. ) ;
#2635 = VECTOR ( 'NONE', #3438, 1000.000000000000000 ) ;
#2636 = VERTEX_POINT ( 'NONE', #5852 ) ;
#2637 = CARTESIAN_POINT ( 'NONE',  ( -9.999999999999996447, -24.50000000000001421, -16.23094852102146390 ) ) ;
#2638 = VERTEX_POINT ( 'NONE', #4276 ) ;
#2639 = VECTOR ( 'NONE', #2709, 1000.000000000000000 ) ;
#2640 = EDGE_CURVE ( 'NONE', #3119, #6432, #4213, .T. ) ;
#2641 = ORIENTED_EDGE ( 'NONE', *, *, #673, .T. ) ;
#2642 = LINE ( 'NONE', #62, #4942 ) ;
#2643 = CARTESIAN_POINT ( 'NONE',  ( -98.93372065330912335, 5.999999999999987566, -12.62347598126822845 ) ) ;
#2644 = AXIS2_PLACEMENT_3D ( 'NONE', #3462, #4523, #1932 ) ;
#2645 = CARTESIAN_POINT ( 'NONE',  ( -7.900000000000002132, -24.50000000000001421, -59.54075870073009469 ) ) ;
#2646 = ORIENTED_EDGE ( 'NONE', *, *, #2891, .T. ) ;
#2647 = CARTESIAN_POINT ( 'NONE',  ( -80.38113276073386260, 0.000000000000000000, -2.750000000000043965 ) ) ;
#2648 = DIRECTION ( 'NONE',  ( 1.220304592980192936E-15, 1.000000000000000000, 0.000000000000000000 ) ) ;
#2649 = AXIS2_PLACEMENT_3D ( 'NONE', #6207, #3609, #1535 ) ;
#2650 = DIRECTION ( 'NONE',  ( -1.000000000000000000, 0.000000000000000000, 0.000000000000000000 ) ) ;
#2651 = VERTEX_POINT ( 'NONE', #5725 ) ;
#2652 = AXIS2_PLACEMENT_3D ( 'NONE', #1304, #4510, #6076 ) ;
#2653 = CARTESIAN_POINT ( 'NONE',  ( -9.337799109813698095, -20.54185329405427751, -60.16501427936069035 ) ) ;
#2654 = DIRECTION ( 'NONE',  ( 1.321694076934710155E-16, -1.000000000000000000, 0.000000000000000000 ) ) ;
#2655 = EDGE_CURVE ( 'NONE', #1021, #745, #367, .T. ) ;
#2656 = DIRECTION ( 'NONE',  ( -1.000000000000000000, 0.000000000000000000, 0.000000000000000000 ) ) ;
#2657 = AXIS2_PLACEMENT_3D ( 'NONE', #2228, #1236, #3214 ) ;
#2658 = ORIENTED_EDGE ( 'NONE', *, *, #322, .T. ) ;
#2659 = CARTESIAN_POINT ( 'NONE',  ( -95.00000000000000000, -1.500000000000011768, -60.49999999999998579 ) ) ;
#2660 = EDGE_LOOP ( 'NONE', ( #1308, #3053 ) ) ;
#2661 = PLANE ( 'NONE',  #12 ) ;
#2662 = FACE_OUTER_BOUND ( 'NONE', #1310, .T. ) ;
#2663 = CARTESIAN_POINT ( 'NONE',  ( -9.253872771838553390, -20.50000000000000355, -60.46564258650093393 ) ) ;
#2664 = ADVANCED_FACE ( 'NONE', ( #3766 ), #129, .F. ) ;
#2665 = CARTESIAN_POINT ( 'NONE',  ( -85.50000000000009948, 0.000000000000000000, 0.000000000000000000 ) ) ;
#2666 = FACE_OUTER_BOUND ( 'NONE', #2986, .T. ) ;
#2667 = VECTOR ( 'NONE', #6508, 1000.000000000000000 ) ;
#2668 = VERTEX_POINT ( 'NONE', #5783 ) ;
#2670 = ORIENTED_EDGE ( 'NONE', *, *, #2307, .F. ) ;
#2669 = FACE_OUTER_BOUND ( 'NONE', #5017, .T. ) ;
#2671 = ORIENTED_EDGE ( 'NONE', *, *, #6456, .T. ) ;
#2672 = VERTEX_POINT ( 'NONE', #2105 ) ;
#2673 = FACE_OUTER_BOUND ( 'NONE', #5182, .T. ) ;
#2674 = EDGE_CURVE ( 'NONE', #6680, #5103, #6360, .T. ) ;
#2675 = VECTOR ( 'NONE', #1622, 1000.000000000000000 ) ;
#2676 = EDGE_CURVE ( 'NONE', #4460, #5770, #917, .T. ) ;
#2677 = ORIENTED_EDGE ( 'NONE', *, *, #5544, .T. ) ;
#2678 = CARTESIAN_POINT ( 'NONE',  ( -105.0000000000000142, -30.50000000000001776, 0.000000000000000000 ) ) ;
#2679 = DIRECTION ( 'NONE',  ( 1.224646799147353700E-16, -1.000000000000000000, 0.000000000000000000 ) ) ;
#2680 = LINE ( 'NONE', #6235, #5287 ) ;
#2681 = VECTOR ( 'NONE', #113, 1000.000000000000000 ) ;
#2682 = VERTEX_POINT ( 'NONE', #4145 ) ;
#2683 = DIRECTION ( 'NONE',  ( -1.000000000000000000, -1.314184451497580735E-17, 0.000000000000000000 ) ) ;
#2684 = CARTESIAN_POINT ( 'NONE',  ( -68.28871257693610630, -23.50000000000002842, -5.500000000000005329 ) ) ;
#2685 = CARTESIAN_POINT ( 'NONE',  ( -74.99999999999998579, -27.50000000000001066, -64.50000000000000000 ) ) ;
#2686 = ORIENTED_EDGE ( 'NONE', *, *, #1309, .F. ) ;
#2687 = TOROIDAL_SURFACE ( 'NONE', #722, 6.872983346207426791, 4.000000000000000000 ) ;
#2688 = EDGE_CURVE ( 'NONE', #5511, #3442, #3835, .T. ) ;
#2689 = DIRECTION ( 'NONE',  ( -1.000000000000000000, 0.000000000000000000, 0.000000000000000000 ) ) ;
#2690 = DIRECTION ( 'NONE',  ( -0.000000000000000000, 1.000000000000000000, -0.000000000000000000 ) ) ;
#2691 = AXIS2_PLACEMENT_3D ( 'NONE', #5112, #4600, #1425 ) ;
#2692 = LINE ( 'NONE', #4774, #3721 ) ;
#2693 = EDGE_CURVE ( 'NONE', #5699, #4898, #531, .T. ) ;
#2694 = FACE_BOUND ( 'NONE', #4209, .T. ) ;
#2695 = ORIENTED_EDGE ( 'NONE', *, *, #5519, .T. ) ;
#2697 = ORIENTED_EDGE ( 'NONE', *, *, #2239, .F. ) ;
#2696 = CARTESIAN_POINT ( 'NONE',  ( -9.999999999999996447, -26.50000000000000355, -15.50000000000000711 ) ) ;
#2698 = CARTESIAN_POINT ( 'NONE',  ( -8.696989125773237461, -20.89905850298417533, -12.47475323768338917 ) ) ;
#2699 = CARTESIAN_POINT ( 'NONE',  ( -1.999999999999996669, -24.48283093495053109, -64.50000000000000000 ) ) ;
#2700 = DIRECTION ( 'NONE',  ( 0.000000000000000000, 0.000000000000000000, 1.000000000000000000 ) ) ;
#2701 = CARTESIAN_POINT ( 'NONE',  ( -80.38113276073386260, 0.000000000000000000, -2.750000000000043965 ) ) ;
#2702 = ORIENTED_EDGE ( 'NONE', *, *, #5800, .T. ) ;
#2703 = EDGE_CURVE ( 'NONE', #3559, #1044, #4728, .T. ) ;
#2704 = CARTESIAN_POINT ( 'NONE',  ( -80.38113276073386260, -6.000000000000001776, -67.25000000000000000 ) ) ;
#2705 = CARTESIAN_POINT ( 'NONE',  ( -65.50000000000000000, -25.50000000000000711, -4.500000000000003553 ) ) ;
#2706 = ORIENTED_EDGE ( 'NONE', *, *, #3095, .T. ) ;
#2707 = LINE ( 'NONE', #3036, #86 ) ;
#2708 = EDGE_LOOP ( 'NONE', ( #6290, #2051, #605, #3568 ) ) ;
#2709 = DIRECTION ( 'NONE',  ( 1.360567432138672081E-16, 0.000000000000000000, 1.000000000000000000 ) ) ;
#2710 = FACE_OUTER_BOUND ( 'NONE', #3300, .T. ) ;
#2711 = ADVANCED_FACE ( 'NONE', ( #1590 ), #2606, .T. ) ;
#2712 = EDGE_CURVE ( 'NONE', #1121, #3854, #3732, .T. ) ;
#2713 = LINE ( 'NONE', #4149, #2675 ) ;
#2714 = ORIENTED_EDGE ( 'NONE', *, *, #4476, .T. ) ;
#2715 = DIRECTION ( 'NONE',  ( 1.000000000000000000, 0.000000000000000000, 0.000000000000000000 ) ) ;
#2716 = CARTESIAN_POINT ( 'NONE',  ( 4.000000000000000000, 2.124069000093296911, -6.238115181478841365 ) ) ;
#2717 = CARTESIAN_POINT ( 'NONE',  ( -1.999999999999997113, -23.61792513727419873, -9.568089406540968511 ) ) ;
#2718 = ORIENTED_EDGE ( 'NONE', *, *, #6659, .T. ) ;
#2719 = EDGE_CURVE ( 'NONE', #2608, #1981, #6135, .T. ) ;
#2720 = PLANE ( 'NONE',  #2580 ) ;
#2721 = CARTESIAN_POINT ( 'NONE',  ( -100.0000000000000000, -33.39999999999999858, -29.80048866570383836 ) ) ;
#2722 = LINE ( 'NONE', #1604, #3823 ) ;
#2723 = ORIENTED_EDGE ( 'NONE', *, *, #5335, .T. ) ;
#2724 = VECTOR ( 'NONE', #5883, 1000.000000000000000 ) ;
#2725 = EDGE_CURVE ( 'NONE', #450, #1939, #2642, .T. ) ;
#2726 = EDGE_LOOP ( 'NONE', ( #1108, #4710 ) ) ;
#2728 = ORIENTED_EDGE ( 'NONE', *, *, #1085, .T. ) ;
#2727 = LINE ( 'NONE', #3780, #1817 ) ;
#2729 = CARTESIAN_POINT ( 'NONE',  ( -9.354775992409463115, -21.25928592531508343, -11.07906876670308982 ) ) ;
#2730 = DIRECTION ( 'NONE',  ( -1.000000000000000000, -1.321694076934710155E-16, 0.000000000000000000 ) ) ;
#2731 = CIRCLE ( 'NONE', #665, 2.124999999999999556 ) ;
#2732 = EDGE_CURVE ( 'NONE', #4522, #4898, #600, .T. ) ;
#2733 = CARTESIAN_POINT ( 'NONE',  ( -7.900000000000002132, -20.50000000000000355, -59.54075870073009469 ) ) ;
#2734 = ORIENTED_EDGE ( 'NONE', *, *, #6174, .F. ) ;
#2735 = AXIS2_PLACEMENT_3D ( 'NONE', #2787, #2250, #6027 ) ;
#2736 = DIRECTION ( 'NONE',  ( 1.224646799147353700E-16, -1.000000000000000000, 0.000000000000000000 ) ) ;
#2737 = DIRECTION ( 'NONE',  ( 1.000000000000000000, 1.020425574104003999E-16, 0.000000000000000000 ) ) ;
#2738 = VERTEX_POINT ( 'NONE', #5817 ) ;
#2740 = LINE ( 'NONE', #4827, #3611 ) ;
#2739 = DIRECTION ( 'NONE',  ( -1.314184451497580735E-17, 1.000000000000000000, 0.000000000000000000 ) ) ;
#2741 = EDGE_CURVE ( 'NONE', #1583, #6159, #6669, .T. ) ;
#2742 = DIRECTION ( 'NONE',  ( 1.224646799147353700E-16, -1.000000000000000000, 0.000000000000000000 ) ) ;
#2743 = VECTOR ( 'NONE', #879, 1000.000000000000000 ) ;
#2744 = DIRECTION ( 'NONE',  ( -1.000000000000000000, 1.224510688924804996E-15, 0.000000000000000000 ) ) ;
#2745 = CARTESIAN_POINT ( 'NONE',  ( -26.74386723926606280, -5.999999999999998224, -67.25000000000000000 ) ) ;
#2746 = AXIS2_PLACEMENT_3D ( 'NONE', #2048, #1979, #2494 ) ;
#2747 = CARTESIAN_POINT ( 'NONE',  ( -100.0000000000000000, 1.552207410648924535, -1.835883190575414714 ) ) ;
#2748 = ORIENTED_EDGE ( 'NONE', *, *, #51, .F. ) ;
#2749 = CARTESIAN_POINT ( 'NONE',  ( 4.000000000000000000, -0.0009309999067057261879, -6.238115181478841365 ) ) ;
#2750 = EDGE_CURVE ( 'NONE', #2809, #4685, #3958, .T. ) ;
#2751 = CARTESIAN_POINT ( 'NONE',  ( -20.00000000000000000, -24.50000000000001421, -54.50000000000000000 ) ) ;
#2752 = CARTESIAN_POINT ( 'NONE',  ( -1.999999999999996669, -24.48804566828072993, -5.500000000000005329 ) ) ;
#2753 = CIRCLE ( 'NONE', #1448, 2.125000000000001776 ) ;
#2754 = LINE ( 'NONE', #4806, #6387 ) ;
#2755 = VECTOR ( 'NONE', #4314, 1000.000000000000000 ) ;
#2756 = DIRECTION ( 'NONE',  ( 0.000000000000000000, 0.000000000000000000, 1.000000000000000000 ) ) ;
#2757 = ADVANCED_FACE ( 'NONE', ( #5404 ), #4347, .T. ) ;
#2758 = CARTESIAN_POINT ( 'NONE',  ( 0.000000000000000000, -24.50000000000001421, -64.50000000000000000 ) ) ;
#2759 = ORIENTED_EDGE ( 'NONE', *, *, #2560, .T. ) ;
#2760 = VECTOR ( 'NONE', #2042, 1000.000000000000000 ) ;
#2761 = ORIENTED_EDGE ( 'NONE', *, *, #43, .F. ) ;
#2763 = ORIENTED_EDGE ( 'NONE', *, *, #1018, .T. ) ;
#2762 = DIRECTION ( 'NONE',  ( 0.000000000000000000, 0.000000000000000000, -1.000000000000000000 ) ) ;
#2764 = DIRECTION ( 'NONE',  ( 1.360567432138672081E-16, 0.000000000000000000, 1.000000000000000000 ) ) ;
#2765 = ORIENTED_EDGE ( 'NONE', *, *, #713, .F. ) ;
#2766 = PLANE ( 'NONE',  #3072 ) ;
#2767 = CIRCLE ( 'NONE', #3527, 1.500000000000015099 ) ;
#2768 = DIRECTION ( 'NONE',  ( 1.000000000000000000, 1.224646799147353700E-16, 0.000000000000000000 ) ) ;
#2769 = DIRECTION ( 'NONE',  ( 1.000000000000000000, 1.224646799147353700E-16, 0.000000000000000000 ) ) ;
#2770 = ORIENTED_EDGE ( 'NONE', *, *, #6588, .F. ) ;
#2771 = VECTOR ( 'NONE', #5300, 1000.000000000000000 ) ;
#2772 = VECTOR ( 'NONE', #6617, 1000.000000000000000 ) ;
#2773 = LINE ( 'NONE', #6315, #496 ) ;
#2774 = CARTESIAN_POINT ( 'NONE',  ( -105.0000000000000142, -34.50000000000000000, -70.00000000000000000 ) ) ;
#2775 = ORIENTED_EDGE ( 'NONE', *, *, #2428, .F. ) ;
#2777 = CARTESIAN_POINT ( 'NONE',  ( -60.07499999999999574, -29.00000000000000711, -25.00000000000001421 ) ) ;
#2776 = CARTESIAN_POINT ( 'NONE',  ( -24.61886723926606280, -5.999999999999998224, -67.25000000000000000 ) ) ;
#2778 = ORIENTED_EDGE ( 'NONE', *, *, #4892, .F. ) ;
#2779 = PLANE ( 'NONE',  #2107 ) ;
#2780 = VECTOR ( 'NONE', #440, 1000.000000000000000 ) ;
#2781 = PLANE ( 'NONE',  #2120 ) ;
#2782 = ADVANCED_FACE ( 'NONE', ( #6395 ), #2779, .T. ) ;
#2783 = VECTOR ( 'NONE', #5545, 1000.000000000000000 ) ;
#2784 = DIRECTION ( 'NONE',  ( 1.214306433183765755E-15, 1.000000000000000000, 0.000000000000000000 ) ) ;
#2785 = CYLINDRICAL_SURFACE ( 'NONE', #1967, 2.125000000000001776 ) ;
#2786 = EDGE_LOOP ( 'NONE', ( #3791, #2474, #434, #2686, #4753 ) ) ;
#2787 = CARTESIAN_POINT ( 'NONE',  ( -23.07499999999999574, -29.00000000000000355, -10.00000000000001954 ) ) ;
#2788 = DIRECTION ( 'NONE',  ( 0.000000000000000000, 0.000000000000000000, -1.000000000000000000 ) ) ;
#2789 = CARTESIAN_POINT ( 'NONE',  ( -1.999999999999997780, -23.79680899533632044, -8.763332287346381477 ) ) ;
#2790 = VECTOR ( 'NONE', #5256, 1000.000000000000000 ) ;
#2791 = ADVANCED_FACE ( 'NONE', ( #1791 ), #1212, .F. ) ;
#2792 = DIRECTION ( 'NONE',  ( -1.000000000000000000, 0.000000000000000000, 3.469446951953613696E-16 ) ) ;
#2793 = LINE ( 'NONE', #4840, #4983 ) ;
#2794 = DIRECTION ( 'NONE',  ( 1.000000000000000000, 1.224646799147353700E-16, 0.000000000000000000 ) ) ;
#2795 = CARTESIAN_POINT ( 'NONE',  ( -6.399999999999998579, -23.98731609281912469, -5.500000000000005329 ) ) ;
#2796 = EDGE_LOOP ( 'NONE', ( #3729, #4517, #3539, #5359 ) ) ;
#2797 = VECTOR ( 'NONE', #2492, 1000.000000000000000 ) ;
#2798 = EDGE_CURVE ( 'NONE', #6126, #2917, #5913, .T. ) ;
#2799 = EDGE_CURVE ( 'NONE', #2992, #3778, #1017, .T. ) ;
#2800 = VERTEX_POINT ( 'NONE', #3294 ) ;
#2801 = EDGE_CURVE ( 'NONE', #3364, #1054, #5367, .T. ) ;
#2803 = VERTEX_POINT ( 'NONE', #6022 ) ;
#2802 = DIRECTION ( 'NONE',  ( -0.7071067811865441310, 0.7071067811865507924, 0.000000000000000000 ) ) ;
#2804 = ORIENTED_EDGE ( 'NONE', *, *, #5423, .T. ) ;
#2805 = FACE_OUTER_BOUND ( 'NONE', #2461, .T. ) ;
#2806 = CARTESIAN_POINT ( 'NONE',  ( -9.223811723269781382, -24.20715529782390618, -60.65114322762817523 ) ) ;
#2807 = CARTESIAN_POINT ( 'NONE',  ( -100.0000000000000000, 1.552207410648924535, -63.91411680942459128 ) ) ;
#2808 = AXIS2_PLACEMENT_3D ( 'NONE', #647, #1708, #5352 ) ;
#2809 = VERTEX_POINT ( 'NONE', #263 ) ;
#2810 = CARTESIAN_POINT ( 'NONE',  ( 4.000000000000000000, -0.0009309999067057261879, -63.76188481852116041 ) ) ;
#2811 = DIRECTION ( 'NONE',  ( 1.000000000000000000, 1.020425574104003260E-16, 0.000000000000000000 ) ) ;
#2812 = EDGE_LOOP ( 'NONE', ( #747, #3691, #4424, #915 ) ) ;
#2814 = LINE ( 'NONE', #2346, #4492 ) ;
#2813 = SURFACE_SIDE_STYLE ('',( #296 ) ) ;
#2815 = ORIENTED_EDGE ( 'NONE', *, *, #3709, .T. ) ;
#2816 = CARTESIAN_POINT ( 'NONE',  ( 2.500000000000002220, -27.50000000000001776, -12.00000000000001421 ) ) ;
#2817 = DIRECTION ( 'NONE',  ( 1.000000000000000000, 2.312964634635742464E-16, 0.000000000000000000 ) ) ;
#2818 = CARTESIAN_POINT ( 'NONE',  ( -100.0000000000000000, 2.704597641062571167, -41.77796101538408635 ) ) ;
#2819 = FACE_OUTER_BOUND ( 'NONE', #6483, .T. ) ;
#2820 = LINE ( 'NONE', #4945, #5905 ) ;
#2821 = CARTESIAN_POINT ( 'NONE',  ( -6.074999999999997513, -29.00000000000000000, -45.00000000000002132 ) ) ;
#2822 = DIRECTION ( 'NONE',  ( -1.000000000000000000, 0.000000000000000000, 0.000000000000000000 ) ) ;
#2823 = CARTESIAN_POINT ( 'NONE',  ( -101.0587206533091233, 0.9999999999999835687, -57.37652401873177865 ) ) ;
#2824 = DIRECTION ( 'NONE',  ( 1.387778780781445676E-15, 0.000000000000000000, 1.000000000000000000 ) ) ;
#2825 = CARTESIAN_POINT ( 'NONE',  ( -100.0000000000000000, 1.552207410648924535, -3.960883190575414936 ) ) ;
#2826 = VERTEX_POINT ( 'NONE', #2311 ) ;
#2827 = ADVANCED_FACE ( 'NONE', ( #3429 ), #1283, .F. ) ;
#2828 = ORIENTED_EDGE ( 'NONE', *, *, #466, .F. ) ;
#2830 = VERTEX_POINT ( 'NONE', #6462 ) ;
#2829 = DIRECTION ( 'NONE',  ( 1.411814255020735290E-16, -1.000000000000000000, 3.697785493223492838E-32 ) ) ;
#2831 = PLANE ( 'NONE',  #1359 ) ;
#2832 = VERTEX_POINT ( 'NONE', #196 ) ;
#2833 = DIRECTION ( 'NONE',  ( 1.220304592980192936E-15, 1.000000000000000000, 0.000000000000000000 ) ) ;
#2834 = EDGE_CURVE ( 'NONE', #6554, #4670, #5512, .T. ) ;
#2835 = CARTESIAN_POINT ( 'NONE',  ( -64.40000000000000568, -26.50000000000001066, -59.54075870073008758 ) ) ;
#2836 = PLANE ( 'NONE',  #3943 ) ;
#2837 = CIRCLE ( 'NONE', #3807, 1.500000000000001332 ) ;
#2838 = VERTEX_POINT ( 'NONE', #836 ) ;
#2839 = CARTESIAN_POINT ( 'NONE',  ( -101.0587206533091233, 4.499999999999993783, -3.295362189545514298 ) ) ;
#2840 = PLANE ( 'NONE',  #1908 ) ;
#2841 = AXIS2_PLACEMENT_3D ( 'NONE', #5823, #1158, #2075 ) ;
#2842 = ORIENTED_EDGE ( 'NONE', *, *, #6581, .T. ) ;
#2843 = DIRECTION ( 'NONE',  ( -0.000000000000000000, -1.000000000000000000, -0.000000000000000000 ) ) ;
#2844 = ORIENTED_EDGE ( 'NONE', *, *, #1092, .T. ) ;
#2845 = ADVANCED_FACE ( 'NONE', ( #762 ), #1316, .F. ) ;
#2846 = DIRECTION ( 'NONE',  ( 1.000000000000000000, 0.000000000000000000, 0.000000000000000000 ) ) ;
#2847 = LINE ( 'NONE', #264, #920 ) ;
#2848 = ORIENTED_EDGE ( 'NONE', *, *, #3833, .T. ) ;
#2849 = B_SPLINE_CURVE_WITH_KNOTS ( 'NONE', 3,
 ( #5322, #620, #2698, #4782, #2191, #649, #1173, #4264, #6348, #1677, #3753, #2729, #4816, #4300, #3416, #1373, #6550, #6584, #3451, #1920 ),
 .UNSPECIFIED., .F., .F.,
 ( 4, 2, 2, 2, 2, 2, 2, 2, 2, 4 ),
 ( 0.000000000000000000, 0.0004671609849984917806, 0.0009343219699969835612, 0.001401482954995475179, 0.001635063447494720717, 0.001868643939993966255, 0.002335804924992456247, 0.002802965909990945588, 0.003270126894989435363, 0.003737287879987925138 ),
 .UNSPECIFIED. ) ;
#2850 = VECTOR ( 'NONE', #375, 1000.000000000000000 ) ;
#2851 = CARTESIAN_POINT ( 'NONE',  ( -64.00671178100925829, -23.01249076550864103, -64.50000000000000000 ) ) ;
#2852 = CIRCLE ( 'NONE', #464, 2.125000000000001776 ) ;
#2853 = CARTESIAN_POINT ( 'NONE',  ( -13.50000000000003908, 5.999999999999994671, -63.00000000000000000 ) ) ;
#2854 = DIRECTION ( 'NONE',  ( 1.224646799147353700E-16, -1.000000000000000000, -2.736911063134408342E-48 ) ) ;
#2855 = DIRECTION ( 'NONE',  ( -1.000000000000000000, 8.163404592832026077E-16, 0.000000000000000000 ) ) ;
#2856 = EDGE_CURVE ( 'NONE', #1468, #3816, #2753, .T. ) ;
#2857 = ORIENTED_EDGE ( 'NONE', *, *, #428, .F. ) ;
#2858 = DIRECTION ( 'NONE',  ( -1.321694076934710155E-16, 1.000000000000000000, -0.000000000000000000 ) ) ;
#2859 = FACE_OUTER_BOUND ( 'NONE', #6080, .T. ) ;
#2860 = ADVANCED_FACE ( 'NONE', ( #6528 ), #5252, .F. ) ;
#2861 = DIRECTION ( 'NONE',  ( 1.224646799147353700E-16, -1.000000000000000000, 0.000000000000000000 ) ) ;
#2862 = FACE_BOUND ( 'NONE', #2157, .T. ) ;
#2863 = CARTESIAN_POINT ( 'NONE',  ( -4.930885179339311364, -24.09221439869266135, -5.500000000000005329 ) ) ;
#2864 = AXIS2_PLACEMENT_3D ( 'NONE', #3155, #2138, #5757 ) ;
#2865 = AXIS2_PLACEMENT_3D ( 'NONE', #5358, #218, #2460 ) ;
#2866 = ORIENTED_EDGE ( 'NONE', *, *, #6088, .F. ) ;
#2867 = ADVANCED_FACE ( 'NONE', ( #4937 ), #6496, .F. ) ;
#2868 = CARTESIAN_POINT ( 'NONE',  ( 0.000000000000000000, -23.50000000000001066, 0.000000000000000000 ) ) ;
#2869 = FACE_OUTER_BOUND ( 'NONE', #6162, .T. ) ;
#2870 = VERTEX_POINT ( 'NONE', #3939 ) ;
#2871 = DIRECTION ( 'NONE',  ( 1.214306433183765755E-15, 1.000000000000000000, 0.000000000000000000 ) ) ;
#2872 = DIRECTION ( 'NONE',  ( 1.214306433183765755E-15, 1.000000000000000000, 0.000000000000000000 ) ) ;
#2873 = CIRCLE ( 'NONE', #6681, 2.125000000000001776 ) ;
#2874 = ORIENTED_EDGE ( 'NONE', *, *, #3087, .T. ) ;
#2875 = ORIENTED_EDGE ( 'NONE', *, *, #3143, .F. ) ;
#2876 = DIRECTION ( 'NONE',  ( -1.000000000000000000, -1.314184451497581660E-17, 0.000000000000000000 ) ) ;
#2877 = EDGE_CURVE ( 'NONE', #850, #5178, #162, .T. ) ;
#2878 = CARTESIAN_POINT ( 'NONE',  ( 4.000000000000000000, 2.124069000093296911, -63.76188481852116041 ) ) ;
#2879 = VECTOR ( 'NONE', #1250, 1000.000000000000000 ) ;
#2880 = ORIENTED_EDGE ( 'NONE', *, *, #76, .F. ) ;
#2882 = PLANE ( 'NONE',  #3287 ) ;
#2881 = CARTESIAN_POINT ( 'NONE',  ( -4.899999999999996803, -20.50000000000000355, -59.54075870073009469 ) ) ;
#2883 = ORIENTED_EDGE ( 'NONE', *, *, #5141, .F. ) ;
#2884 = DIRECTION ( 'NONE',  ( 1.000000000000000000, 1.301042606982606060E-16, 0.000000000000000000 ) ) ;
#2885 = FACE_OUTER_BOUND ( 'NONE', #6709, .T. ) ;
#2886 = ORIENTED_EDGE ( 'NONE', *, *, #5174, .T. ) ;
#2887 = VECTOR ( 'NONE', #4626, 1000.000000000000000 ) ;
#2888 = VECTOR ( 'NONE', #1538, 1000.000000000000000 ) ;
#2889 = EDGE_CURVE ( 'NONE', #1209, #2165, #865, .T. ) ;
#2890 = CARTESIAN_POINT ( 'NONE',  ( -9.999999999999994671, 9.500000000000005329, -70.00000000000000000 ) ) ;
#2891 = EDGE_CURVE ( 'NONE', #2651, #1740, #6597, .T. ) ;
#2892 = ADVANCED_FACE ( 'NONE', ( #1517 ), #5130, .F. ) ;
#2893 = CIRCLE ( 'NONE', #929, 6.872983346207414357 ) ;
#2894 = DIRECTION ( 'NONE',  ( -0.000000000000000000, -1.000000000000000000, -0.000000000000000000 ) ) ;
#2895 = CARTESIAN_POINT ( 'NONE',  ( -6.399999999999999467, -24.50000000000001421, -59.54075870073009469 ) ) ;
#2896 = CARTESIAN_POINT ( 'NONE',  ( -23.07499999999999574, -30.50000000000000711, -60.00000000000001421 ) ) ;
#2897 = AXIS2_PLACEMENT_3D ( 'NONE', #3640, #4184, #535 ) ;
#2898 = DIRECTION ( 'NONE',  ( -1.000000000000000000, -1.224646799147353700E-16, 0.000000000000000000 ) ) ;
#2899 = DIRECTION ( 'NONE',  ( 1.224646799147353700E-16, -1.000000000000000000, -2.478176394252581387E-17 ) ) ;
#2900 = VERTEX_POINT ( 'NONE', #5004 ) ;
#2901 = LINE ( 'NONE', #2364, #79 ) ;
#2902 = CARTESIAN_POINT ( 'NONE',  ( -11.06971445025412315, -1.500000000000011768, -54.99999999999999289 ) ) ;
#2903 = CARTESIAN_POINT ( 'NONE',  ( 2.499999999999998668, 1.499999999999990896, -12.00000000000001066 ) ) ;
#2904 = AXIS2_PLACEMENT_3D ( 'NONE', #22, #4308, #1686 ) ;
#2905 = DIRECTION ( 'NONE',  ( -1.196361017915038746E-16, 1.000000000000000000, 0.000000000000000000 ) ) ;
#2906 = PLANE ( 'NONE',  #6264 ) ;
#2907 = ORIENTED_EDGE ( 'NONE', *, *, #502, .F. ) ;
#2908 = COLOUR_RGB ( '',0.4666666666666666741, 0.4666666666666666741, 0.4666666666666666741 ) ;
#2909 = DIRECTION ( 'NONE',  ( 1.000000000000000000, 2.312964634635742464E-16, 0.000000000000000000 ) ) ;
#2910 = CARTESIAN_POINT ( 'NONE',  ( -8.074999999999995737, -29.00000000000000000, -25.00000000000002132 ) ) ;
#2911 = ORIENTED_EDGE ( 'NONE', *, *, #1184, .F. ) ;
#2912 = ORIENTED_EDGE ( 'NONE', *, *, #165, .T. ) ;
#2913 = CARTESIAN_POINT ( 'NONE',  ( -9.999999999999994671, 9.500000000000005329, -6.999999999999999112 ) ) ;
#2914 = DIRECTION ( 'NONE',  ( 1.321694076934710155E-16, -1.000000000000000000, 0.000000000000000000 ) ) ;
#2915 = ORIENTED_EDGE ( 'NONE', *, *, #3052, .T. ) ;
#2916 = CARTESIAN_POINT ( 'NONE',  ( -13.50000000000003375, 0.000000000000000000, -63.00000000000000000 ) ) ;
#2917 = VERTEX_POINT ( 'NONE', #6086 ) ;
#2918 = DIRECTION ( 'NONE',  ( -1.000000000000000000, -1.301042606982605074E-16, 0.000000000000000000 ) ) ;
#2919 = ORIENTED_EDGE ( 'NONE', *, *, #5969, .F. ) ;
#2920 = EDGE_CURVE ( 'NONE', #3034, #5559, #3561, .T. ) ;
#2921 = CARTESIAN_POINT ( 'NONE',  ( -6.625000000000004441, -25.50000000000000355, -65.50000000000001421 ) ) ;
#2922 = CARTESIAN_POINT ( 'NONE',  ( -98.93372065330912335, 0.9999999999999837907, -57.37652401873177865 ) ) ;
#2923 = DIRECTION ( 'NONE',  ( 1.000000000000000000, 2.040851148208008245E-16, 0.000000000000000000 ) ) ;
#2924 = FACE_OUTER_BOUND ( 'NONE', #1775, .T. ) ;
#2925 = EDGE_CURVE ( 'NONE', #1790, #4071, #1349, .T. ) ;
#2926 = EDGE_CURVE ( 'NONE', #211, #4403, #6571, .T. ) ;
#2927 = CARTESIAN_POINT ( 'NONE',  ( 0.000000000000000000, -24.50000000000001421, -5.500000000000005329 ) ) ;
#2928 = DIRECTION ( 'NONE',  ( 1.214306433183765755E-15, 1.000000000000000000, 0.000000000000000000 ) ) ;
#2929 = FILL_AREA_STYLE_COLOUR ( '', #2908 ) ;
#2930 = CARTESIAN_POINT ( 'NONE',  ( -4.500000000000003553, -25.50000000000000355, -65.50000000000001421 ) ) ;
#2931 = DIRECTION ( 'NONE',  ( 1.214306433183765755E-15, 1.000000000000000000, 0.000000000000000000 ) ) ;
#2932 = EDGE_LOOP ( 'NONE', ( #5005, #3837, #4328, #592, #5002 ) ) ;
#2933 = ORIENTED_EDGE ( 'NONE', *, *, #2291, .T. ) ;
#2934 = EDGE_CURVE ( 'NONE', #195, #5515, #1412, .T. ) ;
#2935 = CARTESIAN_POINT ( 'NONE',  ( -3.941279346690855334, 9.499999999999873879, -66.70463781045448570 ) ) ;
#2936 = LINE ( 'NONE', #1404, #2231 ) ;
#2937 = FACE_OUTER_BOUND ( 'NONE', #5675, .T. ) ;
#2938 = DIRECTION ( 'NONE',  ( -1.314184451497580735E-17, 1.000000000000000000, 0.000000000000000000 ) ) ;
#2939 = VERTEX_POINT ( 'NONE', #4078 ) ;
#2940 = ORIENTED_EDGE ( 'NONE', *, *, #5013, .F. ) ;
#2941 = CARTESIAN_POINT ( 'NONE',  ( -105.0000000000000142, 5.999999999999981348, -63.00000000000000000 ) ) ;
#2942 = DIRECTION ( 'NONE',  ( -1.000000000000000000, -1.224646799147353700E-16, 0.000000000000000000 ) ) ;
#2943 = ADVANCED_FACE ( 'NONE', ( #1483 ), #3976, .F. ) ;
#2944 = ORIENTED_EDGE ( 'NONE', *, *, #2489, .T. ) ;
#2945 = CIRCLE ( 'NONE', #5341, 3.000000000000009770 ) ;
#2946 = ORIENTED_EDGE ( 'NONE', *, *, #4567, .F. ) ;
#2947 = CARTESIAN_POINT ( 'NONE',  ( 3.469446951953614189E-15, -34.49999999999998579, -70.00000000000000000 ) ) ;
#2948 = VERTEX_POINT ( 'NONE', #6057 ) ;
#2949 = AXIS2_PLACEMENT_3D ( 'NONE', #4799, #1055, #3129 ) ;
#2950 = FACE_OUTER_BOUND ( 'NONE', #3523, .T. ) ;
#2951 = ORIENTED_EDGE ( 'NONE', *, *, #5343, .F. ) ;
#2952 = ADVANCED_FACE ( 'NONE', ( #1447 ), #6163, .F. ) ;
#2953 = CARTESIAN_POINT ( 'NONE',  ( 3.469446951953614189E-15, -30.50000000000000355, -70.00000000000000000 ) ) ;
#2954 = DIRECTION ( 'NONE',  ( 1.321694076934710155E-16, -1.000000000000000000, 0.000000000000000000 ) ) ;
#2955 = AXIS2_PLACEMENT_3D ( 'NONE', #6415, #4853, #4887 ) ;
#2956 = DIRECTION ( 'NONE',  ( 1.000000000000000000, 0.000000000000000000, 0.000000000000000000 ) ) ;
#2957 = CARTESIAN_POINT ( 'NONE',  ( -105.0000000000000142, 5.999999999999981348, -6.999999999999999112 ) ) ;
#2958 = VECTOR ( 'NONE', #1229, 1000.000000000000114 ) ;
#2959 = VECTOR ( 'NONE', #2163, 1000.000000000000000 ) ;
#2960 = CARTESIAN_POINT ( 'NONE',  ( -105.0000000000000142, 9.499999999999991118, -63.00000000000000000 ) ) ;
#2961 = EDGE_CURVE ( 'NONE', #3080, #5623, #5654, .T. ) ;
#2962 = CARTESIAN_POINT ( 'NONE',  ( -8.667244194545876468, -20.86593666577346795, -57.57192746783594117 ) ) ;
#2963 = CARTESIAN_POINT ( 'NONE',  ( -43.07499999999999574, -30.50000000000000711, -55.00000000000002132 ) ) ;
#2964 = DIRECTION ( 'NONE',  ( -1.000000000000000000, 1.220304592980192936E-15, 0.000000000000000000 ) ) ;
#2965 = ORIENTED_EDGE ( 'NONE', *, *, #3427, .F. ) ;
#2966 = ORIENTED_EDGE ( 'NONE', *, *, #3427, .T. ) ;
#2967 = LINE ( 'NONE', #5602, #5334 ) ;
#2968 = EDGE_CURVE ( 'NONE', #631, #6701, #4622, .T. ) ;
#2969 = CARTESIAN_POINT ( 'NONE',  ( -105.0000000000000142, -27.50000000000001066, -64.50000000000000000 ) ) ;
#2970 = AXIS2_PLACEMENT_3D ( 'NONE', #6092, #1418, #5660 ) ;
#2971 = CARTESIAN_POINT ( 'NONE',  ( -85.50000000000009948, 0.000000000000000000, -70.00000000000000000 ) ) ;
#2972 = EDGE_CURVE ( 'NONE', #3930, #1233, #6561, .T. ) ;
#2973 = PRODUCT_DEFINITION_CONTEXT ( 'detailed design', #4977, 'design' ) ;
#2974 = DIRECTION ( 'NONE',  ( 0.000000000000000000, 0.000000000000000000, 1.000000000000000000 ) ) ;
#2975 = VECTOR ( 'NONE', #3907, 1000.000000000000000 ) ;
#2976 = EDGE_LOOP ( 'NONE', ( #5877, #764, #4082, #2339 ) ) ;
#2977 = CARTESIAN_POINT ( 'NONE',  ( -6.399999999999999467, -20.50000000000000355, -10.54075870073009646 ) ) ;
#2978 = CARTESIAN_POINT ( 'NONE',  ( -70.15000000000000568, -36.50000000000001421, 0.000000000000000000 ) ) ;
#2979 = VERTEX_POINT ( 'NONE', #934 ) ;
#2980 = AXIS2_PLACEMENT_3D ( 'NONE', #5542, #331, #2411 ) ;
#2981 = DIRECTION ( 'NONE',  ( 1.000000000000000000, 0.000000000000000000, 0.000000000000000000 ) ) ;
#2982 = ORIENTED_EDGE ( 'NONE', *, *, #1888, .F. ) ;
#2983 = EDGE_CURVE ( 'NONE', #5362, #5310, #6248, .T. ) ;
#2984 = VECTOR ( 'NONE', #4354, 1000.000000000000000 ) ;
#2985 = CARTESIAN_POINT ( 'NONE',  ( -101.0587206533091233, 0.9999999999999835687, -12.62347598126822845 ) ) ;
#2986 = EDGE_LOOP ( 'NONE', ( #484, #1524 ) ) ;
#2987 = LINE ( 'NONE', #2953, #4922 ) ;
#2988 = DIRECTION ( 'NONE',  ( -1.000000000000000000, 0.000000000000000000, 0.000000000000000000 ) ) ;
#2989 = AXIS2_PLACEMENT_3D ( 'NONE', #602, #2679, #3260 ) ;
#2990 = CARTESIAN_POINT ( 'NONE',  ( -68.36209638262737087, -23.50000000000002132, -64.50000000000000000 ) ) ;
#2991 = EDGE_CURVE ( 'NONE', #3938, #392, #2036, .T. ) ;
#2992 = VERTEX_POINT ( 'NONE', #4581 ) ;
#2993 = CIRCLE ( 'NONE', #1037, 2.125000000000001776 ) ;
#2994 = CARTESIAN_POINT ( 'NONE',  ( -8.352062805368651865, -20.60907485251482640, -12.82201208159500894 ) ) ;
#2995 = VERTEX_POINT ( 'NONE', #974 ) ;
#2996 = LINE ( 'NONE', #411, #452 ) ;
#2997 = ORIENTED_EDGE ( 'NONE', *, *, #1440, .T. ) ;
#2998 = LINE ( 'NONE', #2203, #2797 ) ;
#2999 = DIRECTION ( 'NONE',  ( -1.224646799147353700E-16, 1.000000000000000000, 0.000000000000000000 ) ) ;
#3000 = FACE_OUTER_BOUND ( 'NONE', #4781, .T. ) ;
#3001 = ORIENTED_EDGE ( 'NONE', *, *, #3495, .F. ) ;
#3002 = CARTESIAN_POINT ( 'NONE',  ( -9.457331582959573879, -23.36318055234460545, -59.64777818067179993 ) ) ;
#3003 = ORIENTED_EDGE ( 'NONE', *, *, #110, .T. ) ;
#3004 = AXIS2_PLACEMENT_3D ( 'NONE', #2839, #4928, #860 ) ;
#3005 = ORIENTED_EDGE ( 'NONE', *, *, #6062, .T. ) ;
#3006 = EDGE_CURVE ( 'NONE', #5474, #4058, #261, .T. ) ;
#3007 = DIRECTION ( 'NONE',  ( -1.224646799147353454E-16, 1.000000000000000000, 1.445602896647339163E-16 ) ) ;
#3008 = VECTOR ( 'NONE', #1074, 1000.000000000000000 ) ;
#3009 = PLANE ( 'NONE',  #3860 ) ;
#3010 = DIRECTION ( 'NONE',  ( 1.224646799147353700E-16, -1.000000000000000000, -2.736911063134408342E-48 ) ) ;
#3011 = ADVANCED_FACE ( 'NONE', ( #4115 ), #5063, .F. ) ;
#3012 = EDGE_CURVE ( 'NONE', #4242, #5731, #5810, .T. ) ;
#3013 = ADVANCED_FACE ( 'NONE', ( #2094 ), #4172, .F. ) ;
#3014 = VERTEX_POINT ( 'NONE', #5224 ) ;
#3015 = CARTESIAN_POINT ( 'NONE',  ( -70.51422677689183161, -23.50000000000001066, -56.68772384693221511 ) ) ;
#3016 = AXIS2_PLACEMENT_3D ( 'NONE', #4848, #2295, #1234 ) ;
#3017 = CARTESIAN_POINT ( 'NONE',  ( -43.07499999999999574, -30.50000000000000711, -25.00000000000001776 ) ) ;
#3018 = ORIENTED_EDGE ( 'NONE', *, *, #11, .F. ) ;
#3019 = ORIENTED_EDGE ( 'NONE', *, *, #4074, .T. ) ;
#3020 = CARTESIAN_POINT ( 'NONE',  ( -4.500000000000003553, -25.50000000000000355, -65.50000000000001421 ) ) ;
#3021 = VECTOR ( 'NONE', #3042, 1000.000000000000000 ) ;
#3022 = ORIENTED_EDGE ( 'NONE', *, *, #3358, .T. ) ;
#3023 = ADVANCED_FACE ( 'NONE', ( #3624 ), #54, .F. ) ;
#3024 = EDGE_LOOP ( 'NONE', ( #3788, #178, #2410, #936 ) ) ;
#3025 = DIRECTION ( 'NONE',  ( 1.224646799147353700E-16, -1.000000000000000000, 0.000000000000000000 ) ) ;
#3026 = VERTEX_POINT ( 'NONE', #4717 ) ;
#3027 = FACE_OUTER_BOUND ( 'NONE', #6121, .T. ) ;
#3028 = VERTEX_POINT ( 'NONE', #2600 ) ;
#3029 = CARTESIAN_POINT ( 'NONE',  ( -9.999999999999996447, -24.50000000000001421, -53.53742629280863952 ) ) ;
#3030 = DIRECTION ( 'NONE',  ( -8.673617379884034239E-17, -1.146386871659068856E-32, 1.000000000000000000 ) ) ;
#3031 = AXIS2_PLACEMENT_3D ( 'NONE', #1776, #6309, #2190 ) ;
#3032 = ORIENTED_EDGE ( 'NONE', *, *, #4355, .F. ) ;
#3033 = CARTESIAN_POINT ( 'NONE',  ( -7.942857142857142172, -20.50000000000000355, -13.11361544698215198 ) ) ;
#3034 = VERTEX_POINT ( 'NONE', #2129 ) ;
#3035 = EDGE_LOOP ( 'NONE', ( #2944, #4253 ) ) ;
#3036 = CARTESIAN_POINT ( 'NONE',  ( -105.0000000000000142, 5.999999999999981348, -63.00000000000000000 ) ) ;
#3037 = LINE ( 'NONE', #5113, #5344 ) ;
#3038 = DIRECTION ( 'NONE',  ( 0.000000000000000000, 1.000000000000000000, 0.000000000000000000 ) ) ;
#3039 = EDGE_LOOP ( 'NONE', ( #2359, #5664 ) ) ;
#3040 = CARTESIAN_POINT ( 'NONE',  ( -8.893302760573268628, -23.31715361510767792, -57.81689261317919204 ) ) ;
#3041 = EDGE_LOOP ( 'NONE', ( #5243, #3560, #4067, #1344 ) ) ;
#3042 = DIRECTION ( 'NONE',  ( -1.224646799147353700E-16, 1.000000000000000000, 0.000000000000000000 ) ) ;
#3043 = FACE_OUTER_BOUND ( 'NONE', #2796, .T. ) ;
#3044 = ORIENTED_EDGE ( 'NONE', *, *, #256, .F. ) ;
#3045 = EDGE_CURVE ( 'NONE', #5722, #6380, #4948, .T. ) ;
#3046 = CARTESIAN_POINT ( 'NONE',  ( -60.07499999999999574, -29.00000000000000711, -25.00000000000001421 ) ) ;
#3047 = ORIENTED_EDGE ( 'NONE', *, *, #2891, .F. ) ;
#3048 = CARTESIAN_POINT ( 'NONE',  ( -63.37500000000000000, -25.50000000000000711, -4.500000000000003553 ) ) ;
#3049 = FACE_OUTER_BOUND ( 'NONE', #1628, .T. ) ;
#3050 = VERTEX_POINT ( 'NONE', #527 ) ;
#3051 = LINE ( 'NONE', #6160, #4260 ) ;
#3052 = EDGE_CURVE ( 'NONE', #1552, #5400, #3961, .T. ) ;
#3053 = ORIENTED_EDGE ( 'NONE', *, *, #5366, .F. ) ;
#3054 = CARTESIAN_POINT ( 'NONE',  ( -46.32740755027064239, -26.50000000000001066, -64.50000000000000000 ) ) ;
#3055 = ORIENTED_EDGE ( 'NONE', *, *, #1255, .T. ) ;
#3056 = ORIENTED_EDGE ( 'NONE', *, *, #533, .T. ) ;
#3057 = ADVANCED_FACE ( 'NONE', ( #553 ), #2194, .F. ) ;
#3058 = LINE ( 'NONE', #6601, #5238 ) ;
#3059 = DIRECTION ( 'NONE',  ( 0.000000000000000000, -1.000000000000000000, 0.000000000000000000 ) ) ;
#3060 = CARTESIAN_POINT ( 'NONE',  ( -105.0000000000000142, -1.500000000000011768, -5.500000000000001776 ) ) ;
#3061 = VERTEX_POINT ( 'NONE', #3690 ) ;
#3062 = CARTESIAN_POINT ( 'NONE',  ( -8.517243739742886177, -20.73121119030733439, -12.66614782898863112 ) ) ;
#3063 = CARTESIAN_POINT ( 'NONE',  ( 0.1500000000000042966, -34.50000000000000000, -70.00000000000000000 ) ) ;
#3064 = ORIENTED_EDGE ( 'NONE', *, *, #3206, .T. ) ;
#3065 = CARTESIAN_POINT ( 'NONE',  ( -3.941279346690864216, 4.499999999999875655, -3.295362189545514298 ) ) ;
#3066 = AXIS2_PLACEMENT_3D ( 'NONE', #1878, #1366, #4438 ) ;
#3067 = DIRECTION ( 'NONE',  ( 0.000000000000000000, 0.000000000000000000, 1.000000000000000000 ) ) ;
#3068 = DIRECTION ( 'NONE',  ( -1.000000000000000000, 1.224510688924804010E-15, 0.000000000000000000 ) ) ;
#3069 = ORIENTED_EDGE ( 'NONE', *, *, #4425, .T. ) ;
#3070 = DIRECTION ( 'NONE',  ( 1.000000000000000000, 1.020425574104003260E-16, 0.000000000000000000 ) ) ;
#3071 = ORIENTED_EDGE ( 'NONE', *, *, #210, .F. ) ;
#3072 = AXIS2_PLACEMENT_3D ( 'NONE', #185, #3181, #2161 ) ;
#3073 = AXIS2_PLACEMENT_3D ( 'NONE', #2455, #1498, #3573 ) ;
#3074 = EDGE_CURVE ( 'NONE', #2830, #884, #3084, .T. ) ;
#3075 = DIRECTION ( 'NONE',  ( 0.000000000000000000, 1.000000000000000000, 0.000000000000000000 ) ) ;
#3076 = LINE ( 'NONE', #517, #168 ) ;
#3077 = ORIENTED_EDGE ( 'NONE', *, *, #5549, .F. ) ;
#3078 = LINE ( 'NONE', #925, #4927 ) ;
#3079 = EDGE_CURVE ( 'NONE', #4124, #2870, #589, .T. ) ;
#3080 = VERTEX_POINT ( 'NONE', #2162 ) ;
#3081 = CIRCLE ( 'NONE', #2746, 2.125000000000001776 ) ;
#3082 = CARTESIAN_POINT ( 'NONE',  ( -7.888683730795372107, -23.91532021892050963, -56.84811570805153025 ) ) ;
#3083 = DIRECTION ( 'NONE',  ( -1.000000000000000000, -1.224646799147353700E-16, 0.000000000000000000 ) ) ;
#3084 = LINE ( 'NONE', #3117, #2001 ) ;
#3085 = VECTOR ( 'NONE', #6292, 1000.000000000000000 ) ;
#3086 = EDGE_LOOP ( 'NONE', ( #6563, #3455, #5443, #25 ) ) ;
#3087 = EDGE_CURVE ( 'NONE', #6369, #804, #4682, .T. ) ;
#3089 = EDGE_LOOP ( 'NONE', ( #5984, #4319, #1178, #4881, #2561 ) ) ;
#3088 = DIRECTION ( 'NONE',  ( 1.224646799147353700E-16, -1.000000000000000000, 0.000000000000000000 ) ) ;
#3090 = VECTOR ( 'NONE', #430, 1000.000000000000000 ) ;
#3091 = EDGE_LOOP ( 'NONE', ( #6012, #1276, #2008, #475 ) ) ;
#3092 = LINE ( 'NONE', #5547, #253 ) ;
#3093 = CARTESIAN_POINT ( 'NONE',  ( -7.942857142857140396, -20.50000000000000355, -56.96790195447803740 ) ) ;
#3094 = AXIS2_PLACEMENT_3D ( 'NONE', #6384, #4336, #3994 ) ;
#3095 = EDGE_CURVE ( 'NONE', #3364, #1014, #2219, .T. ) ;
#3096 = EDGE_CURVE ( 'NONE', #3140, #4206, #3412, .T. ) ;
#3097 = EDGE_LOOP ( 'NONE', ( #4114, #1487, #2933, #1766, #2594, #4576, #2333, #222, #1595, #1962, #5618, #1853, #4536, #3540, #4197 ) ) ;
#3098 = FACE_OUTER_BOUND ( 'NONE', #4367, .T. ) ;
#3099 = ORIENTED_EDGE ( 'NONE', *, *, #1952, .F. ) ;
#3100 = ORIENTED_EDGE ( 'NONE', *, *, #6596, .T. ) ;
#3101 = CIRCLE ( 'NONE', #2013, 2.125000000000000000 ) ;
#3102 = DIRECTION ( 'NONE',  ( -1.000000000000000000, 1.224510688924804010E-15, 0.000000000000000000 ) ) ;
#3103 = CARTESIAN_POINT ( 'NONE',  ( -3.941279346690862440, 4.499999999999875655, -66.70463781045448570 ) ) ;
#3104 = CYLINDRICAL_SURFACE ( 'NONE', #2448, 2.125000000000000000 ) ;
#3105 = VERTEX_POINT ( 'NONE', #18 ) ;
#3106 = AXIS2_PLACEMENT_3D ( 'NONE', #6042, #854, #350 ) ;
#3107 = DIRECTION ( 'NONE',  ( 1.000000000000000000, 1.224646799147353700E-16, 0.000000000000000000 ) ) ;
#3108 = CARTESIAN_POINT ( 'NONE',  ( 2.499999999999998668, -1.387778780781445676E-14, -13.50000000000001243 ) ) ;
#3109 = ORIENTED_EDGE ( 'NONE', *, *, #1060, .F. ) ;
#3110 = CARTESIAN_POINT ( 'NONE',  ( -12.51342842746033313, -24.50000000044041926, -8.866882185684438866 ) ) ;
#3111 = VECTOR ( 'NONE', #2822, 1000.000000000000000 ) ;
#3112 = ORIENTED_EDGE ( 'NONE', *, *, #3376, .F. ) ;
#3113 = AXIS2_PLACEMENT_3D ( 'NONE', #4041, #3434, #5006 ) ;
#3114 = CARTESIAN_POINT ( 'NONE',  ( -13.50000000000003908, 5.999999999999994671, -63.00000000000000000 ) ) ;
#3115 = DIRECTION ( 'NONE',  ( 1.321694076934710155E-16, -1.000000000000000000, 0.000000000000000000 ) ) ;
#3116 = VERTEX_POINT ( 'NONE', #5259 ) ;
#3117 = CARTESIAN_POINT ( 'NONE',  ( -85.50000000000009948, 0.000000000000000000, -70.00000000000000000 ) ) ;
#3118 = VECTOR ( 'NONE', #5226, 1000.000000000000000 ) ;
#3119 = VERTEX_POINT ( 'NONE', #4656 ) ;
#3120 = CARTESIAN_POINT ( 'NONE',  ( -8.517243739742992759, -20.73121119030742676, -12.66614782898852276 ) ) ;
#3121 = ORIENTED_EDGE ( 'NONE', *, *, #6054, .T. ) ;
#3122 = VECTOR ( 'NONE', #5673, 1000.000000000000000 ) ;
#3123 = EDGE_CURVE ( 'NONE', #2502, #3626, #154, .T. ) ;
#3124 = CARTESIAN_POINT ( 'NONE',  ( -1.999999999999996669, -24.48283093495053109, -64.50000000000000000 ) ) ;
#3125 = LINE ( 'NONE', #2453, #692 ) ;
#3126 =( GEOMETRIC_REPRESENTATION_CONTEXT ( 3 ) GLOBAL_UNCERTAINTY_ASSIGNED_CONTEXT ( ( #1475 ) ) GLOBAL_UNIT_ASSIGNED_CONTEXT ( ( #3291, #6359, #660 ) ) REPRESENTATION_CONTEXT ( 'NONE', 'WORKASPACE' ) );
#3127 = LINE ( 'NONE', #6268, #501 ) ;
#3128 = ORIENTED_EDGE ( 'NONE', *, *, #1631, .T. ) ;
#3129 = DIRECTION ( 'NONE',  ( 1.000000000000000000, 0.000000000000000000, 0.000000000000000000 ) ) ;
#3130 = EDGE_CURVE ( 'NONE', #2995, #3140, #6350, .T. ) ;
#3131 = CARTESIAN_POINT ( 'NONE',  ( -8.517243739742886177, -20.73121119030733439, -12.66614782898863112 ) ) ;
#3132 = ADVANCED_FACE ( 'NONE', ( #2666 ), #4750, .T. ) ;
#3133 = CARTESIAN_POINT ( 'NONE',  ( -9.197646566937370594, -23.29832227641622922, -58.45041649758586999 ) ) ;
#3134 = AXIS2_PLACEMENT_3D ( 'NONE', #2125, #3144, #3179 ) ;
#3135 = LINE ( 'NONE', #4672, #3021 ) ;
#3136 = CARTESIAN_POINT ( 'NONE',  ( -2.000000000000000000, -1.500000000000011768, -54.99999999999999289 ) ) ;
#3137 = ORIENTED_EDGE ( 'NONE', *, *, #2544, .F. ) ;
#3138 = EDGE_CURVE ( 'NONE', #6159, #5200, #6460, .T. ) ;
#3139 = DIRECTION ( 'NONE',  ( -1.000000000000000000, 0.000000000000000000, 0.000000000000000000 ) ) ;
#3140 = VERTEX_POINT ( 'NONE', #4784 ) ;
#3141 = ORIENTED_EDGE ( 'NONE', *, *, #864, .T. ) ;
#3142 = CARTESIAN_POINT ( 'NONE',  ( 4.000000000000003553, -34.50000000000000000, 0.000000000000000000 ) ) ;
#3143 = EDGE_CURVE ( 'NONE', #654, #5015, #1680, .T. ) ;
#3144 = DIRECTION ( 'NONE',  ( 1.000000000000000000, 1.224646799147353700E-16, 0.000000000000000000 ) ) ;
#3145 = EDGE_CURVE ( 'NONE', #392, #5833, #5597, .T. ) ;
#3146 = DIRECTION ( 'NONE',  ( -1.000000000000000000, 0.000000000000000000, 0.000000000000000000 ) ) ;
#3147 = B_SPLINE_CURVE_WITH_KNOTS ( 'NONE', 3,
 ( #3033, #4562, #6137, #2994, #982, #3062 ),
 .UNSPECIFIED., .F., .F.,
 ( 4, 2, 4 ),
 ( 0.000000000000000000, 0.0003915424420148257687, 0.0007830848840296515375 ),
 .UNSPECIFIED. ) ;
#3148 = ORIENTED_EDGE ( 'NONE', *, *, #4692, .F. ) ;
#3149 = EDGE_CURVE ( 'NONE', #6673, #3665, #4303, .T. ) ;
#3151 = ORIENTED_EDGE ( 'NONE', *, *, #5795, .F. ) ;
#3150 = CARTESIAN_POINT ( 'NONE',  ( -31.75100000000003675, -12.25099999999983069, -63.00000000000000000 ) ) ;
#3152 = EDGE_LOOP ( 'NONE', ( #5556, #42, #6718, #2171 ) ) ;
#3153 = CARTESIAN_POINT ( 'NONE',  ( -100.0000000000000000, 2.704597641062570723, -28.22203898461592075 ) ) ;
#3154 = VERTEX_POINT ( 'NONE', #3282 ) ;
#3155 = CARTESIAN_POINT ( 'NONE',  ( 3.999999999999996447, 14.49999999999999467, -68.00000000000000000 ) ) ;
#3156 = CARTESIAN_POINT ( 'NONE',  ( -3.941279346690865992, 0.9999999999999974465, -57.37652401873177865 ) ) ;
#3157 = EDGE_CURVE ( 'NONE', #6193, #2668, #5369, .T. ) ;
#3158 = DIRECTION ( 'NONE',  ( 1.000000000000000000, 1.224646799147353700E-16, 0.000000000000000000 ) ) ;
#3159 = ORIENTED_EDGE ( 'NONE', *, *, #5925, .T. ) ;
#3160 = DIRECTION ( 'NONE',  ( -1.224646799147353700E-16, 1.000000000000000000, 0.000000000000000000 ) ) ;
#3161 = CARTESIAN_POINT ( 'NONE',  ( -20.00000000000000355, -2.500000000000005773, -54.50000000000000000 ) ) ;
#3162 = EDGE_LOOP ( 'NONE', ( #3187, #3634 ) ) ;
#3163 = AXIS2_PLACEMENT_3D ( 'NONE', #4092, #2554, #4635 ) ;
#3164 = CARTESIAN_POINT ( 'NONE',  ( -24.61886723926605924, -5.999999999999998224, -2.750000000000030198 ) ) ;
#3165 = ORIENTED_EDGE ( 'NONE', *, *, #6569, .T. ) ;
#3166 = EDGE_CURVE ( 'NONE', #4281, #3014, #2443, .T. ) ;
#3167 = AXIS2_PLACEMENT_3D ( 'NONE', #2647, #6238, #6366 ) ;
#3168 = DIRECTION ( 'NONE',  ( -1.224646799147353700E-16, 1.000000000000000000, 0.000000000000000000 ) ) ;
#3169 = DIRECTION ( 'NONE',  ( -1.224646799147353947E-16, 1.000000000000000000, 0.000000000000000000 ) ) ;
#3170 = CARTESIAN_POINT ( 'NONE',  ( 4.000000000000000000, -1.387778780781445676E-14, -56.50000000000000000 ) ) ;
#3171 = AXIS2_PLACEMENT_3D ( 'NONE', #3531, #2128, #941 ) ;
#3172 = CIRCLE ( 'NONE', #3825, 2.125000000000000000 ) ;
#3173 = EDGE_CURVE ( 'NONE', #5731, #4242, #5261, .T. ) ;
#3174 = ORIENTED_EDGE ( 'NONE', *, *, #390, .F. ) ;
#3175 = DIRECTION ( 'NONE',  ( 1.224646799147353700E-16, -1.000000000000000000, 0.000000000000000000 ) ) ;
#3176 = ORIENTED_EDGE ( 'NONE', *, *, #6581, .F. ) ;
#3177 = CARTESIAN_POINT ( 'NONE',  ( 3.469446951953614189E-15, -19.93338814962351790, -6.238115181478841365 ) ) ;
#3178 = EDGE_CURVE ( 'NONE', #4223, #1406, #1666, .T. ) ;
#3179 = DIRECTION ( 'NONE',  ( -1.224646799147353700E-16, 1.000000000000000000, 0.000000000000000000 ) ) ;
#3180 = DIRECTION ( 'NONE',  ( 0.000000000000000000, 0.000000000000000000, 1.000000000000000000 ) ) ;
#3181 = DIRECTION ( 'NONE',  ( 0.000000000000000000, 1.000000000000000000, 0.000000000000000000 ) ) ;
#3182 = DIRECTION ( 'NONE',  ( 1.224646799147353700E-16, -1.000000000000000000, -0.000000000000000000 ) ) ;
#3183 = VECTOR ( 'NONE', #5340, 1000.000000000000000 ) ;
#3184 = ORIENTED_EDGE ( 'NONE', *, *, #4271, .F. ) ;
#3185 = CARTESIAN_POINT ( 'NONE',  ( -9.999999999999996447, -24.50000000000001421, -15.49999999999975664 ) ) ;
#3186 = VERTEX_POINT ( 'NONE', #687 ) ;
#3187 = ORIENTED_EDGE ( 'NONE', *, *, #5285, .T. ) ;
#3188 = LINE ( 'NONE', #4759, #1827 ) ;
#3189 = AXIS2_PLACEMENT_3D ( 'NONE', #5951, #1352, #5441 ) ;
#3190 = ORIENTED_EDGE ( 'NONE', *, *, #1834, .F. ) ;
#3191 = LINE ( 'NONE', #1556, #4506 ) ;
#3192 = CARTESIAN_POINT ( 'NONE',  ( -3.941279346690858887, 9.499999999999873879, -3.295362189545514298 ) ) ;
#3193 = EDGE_CURVE ( 'NONE', #3521, #4403, #4924, .T. ) ;
#3194 = FACE_OUTER_BOUND ( 'NONE', #2176, .T. ) ;
#3195 = ORIENTED_EDGE ( 'NONE', *, *, #2703, .F. ) ;
#3196 = CARTESIAN_POINT ( 'NONE',  ( -100.0000000000000000, 2.704597641062570723, -30.34703898461592431 ) ) ;
#3197 = DIRECTION ( 'NONE',  ( 0.000000000000000000, 0.000000000000000000, 1.000000000000000000 ) ) ;
#3198 = AXIS2_PLACEMENT_3D ( 'NONE', #5858, #3739, #3237 ) ;
#3199 = CARTESIAN_POINT ( 'NONE',  ( -1.999999999999997113, -24.23690464487957286, -7.150260323757917647 ) ) ;
#3200 = ADVANCED_FACE ( 'NONE', ( #4818 ), #4854, .F. ) ;
#3201 = ORIENTED_EDGE ( 'NONE', *, *, #653, .T. ) ;
#3202 = VECTOR ( 'NONE', #6310, 1000.000000000000000 ) ;
#3203 = CARTESIAN_POINT ( 'NONE',  ( -3.941279346690862440, 4.499999999999875655, -66.70463781045448570 ) ) ;
#3204 = CARTESIAN_POINT ( 'NONE',  ( -95.00000000000000000, 9.499999999999984013, -63.00000000000000000 ) ) ;
#3205 = CARTESIAN_POINT ( 'NONE',  ( -23.07500000000000284, -29.00000000000000355, -62.00000000000002132 ) ) ;
#3206 = EDGE_CURVE ( 'NONE', #5837, #1411, #805, .T. ) ;
#3207 = AXIS2_PLACEMENT_3D ( 'NONE', #2469, #6620, #5469 ) ;
#3208 = LINE ( 'NONE', #4743, #172 ) ;
#3209 = EDGE_LOOP ( 'NONE', ( #4365, #3827, #4644, #1003 ) ) ;
#3210 = CARTESIAN_POINT ( 'NONE',  ( 4.000000000000003553, -26.00000000000001776, -13.50000000000001243 ) ) ;
#3212 = ORIENTED_EDGE ( 'NONE', *, *, #3910, .T. ) ;
#3211 = DIRECTION ( 'NONE',  ( 1.000000000000000000, 1.224646799147353700E-16, 0.000000000000000000 ) ) ;
#3213 = VECTOR ( 'NONE', #3500, 1000.000000000000000 ) ;
#3214 = DIRECTION ( 'NONE',  ( 0.000000000000000000, 0.000000000000000000, -1.000000000000000000 ) ) ;
#3215 = CARTESIAN_POINT ( 'NONE',  ( -1.999999999999997113, -24.39320949310448938, -63.69414668545322655 ) ) ;
#3216 = EDGE_CURVE ( 'NONE', #3900, #5298, #5921, .T. ) ;
#3217 = CARTESIAN_POINT ( 'NONE',  ( -43.07499999999999574, -30.50000000000001066, -62.00000000000002132 ) ) ;
#3218 = LINE ( 'NONE', #5394, #1435 ) ;
#3219 = EDGE_CURVE ( 'NONE', #5778, #6151, #4888, .T. ) ;
#3220 = AXIS2_PLACEMENT_3D ( 'NONE', #2985, #939, #5067 ) ;
#3221 = ORIENTED_EDGE ( 'NONE', *, *, #4933, .T. ) ;
#3222 = LINE ( 'NONE', #5299, #4846 ) ;
#3224 = ORIENTED_EDGE ( 'NONE', *, *, #6088, .T. ) ;
#3223 = DIRECTION ( 'NONE',  ( 0.000000000000000000, 0.000000000000000000, -1.000000000000000000 ) ) ;
#3225 = ORIENTED_EDGE ( 'NONE', *, *, #3469, .T. ) ;
#3226 = DIRECTION ( 'NONE',  ( 0.000000000000000000, -0.7071067811865451302, -0.7071067811865500152 ) ) ;
#3227 = AXIS2_PLACEMENT_3D ( 'NONE', #4894, #6355, #5848 ) ;
#3228 = ORIENTED_EDGE ( 'NONE', *, *, #4014, .F. ) ;
#3229 = EDGE_CURVE ( 'NONE', #2011, #67, #4443, .T. ) ;
#3230 = CARTESIAN_POINT ( 'NONE',  ( -20.00000000000000000, -24.50000000000001421, -15.50000000000000711 ) ) ;
#3231 = CARTESIAN_POINT ( 'NONE',  ( -82.50613276073386260, -6.000000000000001776, -67.25000000000000000 ) ) ;
#3232 = PLANE ( 'NONE',  #3872 ) ;
#3233 = PRESENTATION_LAYER_ASSIGNMENT (  '', '', ( #6185 ) ) ;
#3234 = EDGE_LOOP ( 'NONE', ( #477, #2515, #2603, #6732, #2946, #6170, #5815, #5208 ) ) ;
#3235 = DIRECTION ( 'NONE',  ( 1.000000000000000000, 0.000000000000000000, 0.000000000000000000 ) ) ;
#3236 = DIRECTION ( 'NONE',  ( 1.321694076934710155E-16, -1.000000000000000000, 0.000000000000000000 ) ) ;
#3237 = DIRECTION ( 'NONE',  ( -1.224646799147353700E-16, 1.000000000000000000, 0.000000000000000000 ) ) ;
#3238 = ADVANCED_FACE ( 'NONE', ( #883 ), #958, .F. ) ;
#3239 = ORIENTED_EDGE ( 'NONE', *, *, #4404, .T. ) ;
#3240 = CARTESIAN_POINT ( 'NONE',  ( -23.07500000000000284, 14.50100000000001010, -25.00000000000001776 ) ) ;
#3241 = DIRECTION ( 'NONE',  ( 0.000000000000000000, 0.000000000000000000, 1.000000000000000000 ) ) ;
#3242 = CARTESIAN_POINT ( 'NONE',  ( -100.0000000000000000, 1.552207410648924757, -6.085883190575414936 ) ) ;
#3243 = ORIENTED_EDGE ( 'NONE', *, *, #744, .T. ) ;
#3244 = LINE ( 'NONE', #5289, #3111 ) ;
#3245 = VERTEX_POINT ( 'NONE', #6146 ) ;
#3246 = ADVANCED_FACE ( 'NONE', ( #5116 ), #6678, .F. ) ;
#3248 = EDGE_LOOP ( 'NONE', ( #2222, #1895, #5950, #1302, #46, #786, #249 ) ) ;
#3247 = DIRECTION ( 'NONE',  ( 0.000000000000000000, 1.000000000000000000, 0.000000000000000000 ) ) ;
#3249 = CARTESIAN_POINT ( 'NONE',  ( 0.9999999999999870104, -34.50000000000000000, -70.00000000000000000 ) ) ;
#3250 = CARTESIAN_POINT ( 'NONE',  ( -12.82308572836966754, -24.49999999953492136, -61.46700852104662260 ) ) ;
#3251 = PLANE ( 'NONE',  #2187 ) ;
#3252 = ORIENTED_EDGE ( 'NONE', *, *, #4355, .T. ) ;
#3253 = DIRECTION ( 'NONE',  ( 1.000000000000000000, 0.000000000000000000, -1.224646799147353207E-16 ) ) ;
#3254 = EDGE_CURVE ( 'NONE', #3816, #1468, #158, .T. ) ;
#3255 = CARTESIAN_POINT ( 'NONE',  ( 2.500000000000002220, -26.00000000000001776, -13.50000000000001243 ) ) ;
#3256 = ORIENTED_EDGE ( 'NONE', *, *, #3678, .T. ) ;
#3257 = SURFACE_STYLE_USAGE ( .BOTH. , #2813 ) ;
#3258 = ORIENTED_EDGE ( 'NONE', *, *, #6596, .F. ) ;
#3259 = CARTESIAN_POINT ( 'NONE',  ( -6.399999999999999467, -23.94024765466012639, -64.50000000000000000 ) ) ;
#3260 = DIRECTION ( 'NONE',  ( 1.000000000000000000, 1.224646799147353700E-16, 0.000000000000000000 ) ) ;
#3261 = ADVANCED_FACE ( 'NONE', ( #2559 ), #6708, .T. ) ;
#3262 = CARTESIAN_POINT ( 'NONE',  ( 2.499999999999998668, -1.387778780781445676E-14, -56.50000000000000000 ) ) ;
#3263 = DIRECTION ( 'NONE',  ( -1.000000000000000000, 0.000000000000000000, 0.000000000000000000 ) ) ;
#3264 = ORIENTED_EDGE ( 'NONE', *, *, #3593, .T. ) ;
#3265 = DIRECTION ( 'NONE',  ( -1.000000000000000000, 0.000000000000000000, 0.000000000000000000 ) ) ;
#3266 = DIRECTION ( 'NONE',  ( 0.000000000000000000, -2.478176394252581387E-17, 1.000000000000000000 ) ) ;
#3267 = DIRECTION ( 'NONE',  ( 1.000000000000000000, 0.000000000000000000, 0.000000000000000000 ) ) ;
#3268 = CARTESIAN_POINT ( 'NONE',  ( -9.302546977155943253, -20.50000000000002132, -60.31545077174097713 ) ) ;
#3269 = AXIS2_PLACEMENT_3D ( 'NONE', #2540, #3587, #6650 ) ;
#3270 = FACE_OUTER_BOUND ( 'NONE', #3488, .T. ) ;
#3271 = DIRECTION ( 'NONE',  ( -1.000000000000000000, 0.000000000000000000, 0.000000000000000000 ) ) ;
#3272 = ORIENTED_EDGE ( 'NONE', *, *, #267, .T. ) ;
#3273 = ADVANCED_FACE ( 'NONE', ( #1026 ), #3104, .F. ) ;
#3274 = AXIS2_PLACEMENT_3D ( 'NONE', #6101, #913, #2999 ) ;
#3275 = ORIENTED_EDGE ( 'NONE', *, *, #334, .F. ) ;
#3277 = VERTEX_POINT ( 'NONE', #514 ) ;
#3276 = FACE_OUTER_BOUND ( 'NONE', #6224, .T. ) ;
#3278 = PLANE ( 'NONE',  #164 ) ;
#3279 = ORIENTED_EDGE ( 'NONE', *, *, #713, .T. ) ;
#3280 = DIRECTION ( 'NONE',  ( -1.000000000000000000, 0.000000000000000000, 0.000000000000000000 ) ) ;
#3281 = AXIS2_PLACEMENT_3D ( 'NONE', #2930, #5929, #2325 ) ;
#3282 = CARTESIAN_POINT ( 'NONE',  ( 3.729684396772427168E-15, -22.05838814962352146, -6.238115181478841365 ) ) ;
#3283 = ADVANCED_FACE ( 'NONE', ( #2589 ), #1566, .T. ) ;
#3284 = ORIENTED_EDGE ( 'NONE', *, *, #3822, .F. ) ;
#3285 = VECTOR ( 'NONE', #5870, 1000.000000000000000 ) ;
#3286 = DIRECTION ( 'NONE',  ( -1.000000000000000000, 0.000000000000000000, 0.000000000000000000 ) ) ;
#3287 = AXIS2_PLACEMENT_3D ( 'NONE', #194, #4380, #6020 ) ;
#3288 = DIRECTION ( 'NONE',  ( -1.000000000000000000, 1.224510688924804010E-15, 0.000000000000000000 ) ) ;
#3289 = ORIENTED_EDGE ( 'NONE', *, *, #2693, .T. ) ;
#3290 = ORIENTED_EDGE ( 'NONE', *, *, #2308, .F. ) ;
#3292 = DIRECTION ( 'NONE',  ( 1.000000000000000000, 1.224646799147353700E-16, 0.000000000000000000 ) ) ;
#3291 =( LENGTH_UNIT ( ) NAMED_UNIT ( * ) SI_UNIT ( .MILLI., .METRE. ) );
#3293 = VERTEX_POINT ( 'NONE', #639 ) ;
#3294 = CARTESIAN_POINT ( 'NONE',  ( -19.50000000000008527, 0.000000000000000000, -7.000000000000013323 ) ) ;
#3295 = AXIS2_PLACEMENT_3D ( 'NONE', #5743, #2534, #2085 ) ;
#3296 = CARTESIAN_POINT ( 'NONE',  ( -46.32740755027064239, -23.50000000000001066, -64.50000000000000000 ) ) ;
#3297 = EDGE_CURVE ( 'NONE', #5896, #2011, #1457, .T. ) ;
#3298 = VECTOR ( 'NONE', #379, 1000.000000000000000 ) ;
#3299 = DIRECTION ( 'NONE',  ( 1.000000000000000000, 0.000000000000000000, 0.000000000000000000 ) ) ;
#3300 = EDGE_LOOP ( 'NONE', ( #2567, #3810, #1710, #4554, #5201, #5755 ) ) ;
#3301 = CARTESIAN_POINT ( 'NONE',  ( -58.07499999999999574, -30.50000000000001066, -45.00000000000002132 ) ) ;
#3302 = CARTESIAN_POINT ( 'NONE',  ( -8.046126731780685049, -20.49999999999965539, -57.02982931329523097 ) ) ;
#3303 = DIRECTION ( 'NONE',  ( 0.000000000000000000, 0.000000000000000000, 1.000000000000000000 ) ) ;
#3304 = EDGE_LOOP ( 'NONE', ( #951, #3407 ) ) ;
#3305 = EDGE_CURVE ( 'NONE', #6527, #4032, #5375, .T. ) ;
#3306 = AXIS2_PLACEMENT_3D ( 'NONE', #503, #2988, #6064 ) ;
#3307 = EDGE_CURVE ( 'NONE', #1059, #1148, #1028, .T. ) ;
#3308 = DIRECTION ( 'NONE',  ( -1.321694076934710155E-16, 1.000000000000000000, 0.000000000000000000 ) ) ;
#3309 = LINE ( 'NONE', #6542, #4486 ) ;
#3310 = DIRECTION ( 'NONE',  ( -1.224646799147353700E-16, 1.000000000000000000, 0.000000000000000000 ) ) ;
#3311 = EDGE_LOOP ( 'NONE', ( #2883, #1413, #5109, #6409 ) ) ;
#3312 = CIRCLE ( 'NONE', #5055, 2.124999999999999556 ) ;
#3313 = VERTEX_POINT ( 'NONE', #1730 ) ;
#3315 = VERTEX_POINT ( 'NONE', #3773 ) ;
#3314 = LINE ( 'NONE', #6446, #2155 ) ;
#3316 = DIRECTION ( 'NONE',  ( 0.000000000000000000, 0.000000000000000000, 1.000000000000000000 ) ) ;
#3317 = CARTESIAN_POINT ( 'NONE',  ( -1.999999999999996669, -23.57892023005149795, -60.56478253411700763 ) ) ;
#3318 = CIRCLE ( 'NONE', #6686, 15.00000000000000000 ) ;
#3319 = CARTESIAN_POINT ( 'NONE',  ( -12.36053365994575337, -24.49999999882257384, -60.95927990632852556 ) ) ;
#3320 = CARTESIAN_POINT ( 'NONE',  ( -6.399999999999999467, -20.50000000000001421, -66.54075870073010890 ) ) ;
#3321 = B_SPLINE_CURVE_WITH_KNOTS ( 'NONE', 3,
 ( #5014, #208, #3445, #779, #2863, #279, #4954, #6577 ),
 .UNSPECIFIED., .F., .F.,
 ( 4, 2, 2, 4 ),
 ( 0.000000000000000000, 0.002208164008440688126, 0.003312246012661032406, 0.004416328016881376252 ),
 .UNSPECIFIED. ) ;
#3322 = ORIENTED_EDGE ( 'NONE', *, *, #3149, .F. ) ;
#3323 = VECTOR ( 'NONE', #1747, 1000.000000000000000 ) ;
#3324 = DIRECTION ( 'NONE',  ( 1.000000000000000000, 2.040851148208008245E-16, 0.000000000000000000 ) ) ;
#3325 = DIRECTION ( 'NONE',  ( -1.000000000000000000, 0.000000000000000000, -1.734723475976807094E-16 ) ) ;
#3327 = LINE ( 'NONE', #727, #462 ) ;
#3326 =( LENGTH_UNIT ( ) NAMED_UNIT ( * ) SI_UNIT ( .MILLI., .METRE. ) );
#3328 = ORIENTED_EDGE ( 'NONE', *, *, #707, .F. ) ;
#3329 = DIRECTION ( 'NONE',  ( 1.000000000000000000, 1.020425574104003260E-16, 0.000000000000000000 ) ) ;
#3330 = CIRCLE ( 'NONE', #705, 10.00000000000000178 ) ;
#3331 = CARTESIAN_POINT ( 'NONE',  ( -53.07499999999999574, -26.50000000000000711, -45.00000000000002132 ) ) ;
#3332 = AXIS2_PLACEMENT_3D ( 'NONE', #1486, #3945, #6026 ) ;
#3333 = LINE ( 'NONE', #2818, #821 ) ;
#3334 = EDGE_CURVE ( 'NONE', #247, #2165, #4801, .T. ) ;
#3335 = B_SPLINE_CURVE_WITH_KNOTS ( 'NONE', 3,
 ( #684, #82, #2160, #5899 ),
 .UNSPECIFIED., .F., .F.,
 ( 4, 4 ),
 ( 0.000000000000000000, 0.0009292251798689297494 ),
 .UNSPECIFIED. ) ;
#3336 = CARTESIAN_POINT ( 'NONE',  ( -64.40000000000000568, -23.50000000000001066, -59.54075870073008758 ) ) ;
#3337 = FACE_OUTER_BOUND ( 'NONE', #658, .T. ) ;
#3338 = CARTESIAN_POINT ( 'NONE',  ( -64.40000000000000568, -23.01249076550864459, -64.50000000000000000 ) ) ;
#3339 = VECTOR ( 'NONE', #2430, 1000.000000000000000 ) ;
#3340 = LINE ( 'NONE', #3882, #4142 ) ;
#3341 = EDGE_CURVE ( 'NONE', #5178, #5, #3676, .T. ) ;
#3342 =( LENGTH_UNIT ( ) NAMED_UNIT ( * ) SI_UNIT ( .MILLI., .METRE. ) );
#3343 = CARTESIAN_POINT ( 'NONE',  ( 4.000000000000003553, -19.93338814962351790, -6.238115181478841365 ) ) ;
#3344 = CARTESIAN_POINT ( 'NONE',  ( -6.399999999999999467, -20.50000000000000355, -59.54075870073009469 ) ) ;
#3345 = ORIENTED_EDGE ( 'NONE', *, *, #2719, .F. ) ;
#3346 = VECTOR ( 'NONE', #2116, 1000.000000000000000 ) ;
#3347 = EDGE_CURVE ( 'NONE', #6025, #2012, #1781, .T. ) ;
#3349 = VERTEX_POINT ( 'NONE', #1598 ) ;
#3348 = FACE_OUTER_BOUND ( 'NONE', #6413, .T. ) ;
#3350 = DIRECTION ( 'NONE',  ( -3.081487911019577365E-33, -4.049766383543731091E-49, 1.000000000000000000 ) ) ;
#3351 = ORIENTED_EDGE ( 'NONE', *, *, #6401, .F. ) ;
#3352 = CARTESIAN_POINT ( 'NONE',  ( -9.394105591156366231, -20.72707249123681805, -59.77364153065474284 ) ) ;
#3353 = FACE_OUTER_BOUND ( 'NONE', #1854, .T. ) ;
#3354 = ORIENTED_EDGE ( 'NONE', *, *, #1664, .T. ) ;
#3355 = DIRECTION ( 'NONE',  ( -0.000000000000000000, 1.000000000000000000, -0.000000000000000000 ) ) ;
#3356 = DIRECTION ( 'NONE',  ( 1.214306433183765755E-15, 1.000000000000000000, 0.000000000000000000 ) ) ;
#3357 = ORIENTED_EDGE ( 'NONE', *, *, #5204, .T. ) ;
#3358 = EDGE_CURVE ( 'NONE', #1209, #2092, #344, .T. ) ;
#3359 = CARTESIAN_POINT ( 'NONE',  ( -43.07499999999999574, -29.00000000000000711, -45.00000000000002132 ) ) ;
#3360 = ORIENTED_EDGE ( 'NONE', *, *, #3297, .F. ) ;
#3361 = EDGE_LOOP ( 'NONE', ( #5678, #2215, #147, #2436 ) ) ;
#3362 = DIRECTION ( 'NONE',  ( 1.224646799147353700E-16, -1.000000000000000000, 0.000000000000000000 ) ) ;
#3363 = CARTESIAN_POINT ( 'NONE',  ( -105.0000000000000142, 9.499999999999991118, -6.999999999999999112 ) ) ;
#3364 = VERTEX_POINT ( 'NONE', #4735 ) ;
#3365 = ADVANCED_FACE ( 'NONE', ( #5280 ), #6272, .T. ) ;
#3366 = CARTESIAN_POINT ( 'NONE',  ( -85.50000000000009948, 0.000000000000000000, -70.00000000000000000 ) ) ;
#3367 = FACE_BOUND ( 'NONE', #4331, .T. ) ;
#3368 = CARTESIAN_POINT ( 'NONE',  ( -23.07499999999999574, -26.50000000000001066, -25.00000000000001776 ) ) ;
#3369 = CARTESIAN_POINT ( 'NONE',  ( -103.1837206533091233, 0.9999999999999833467, -12.62347598126822845 ) ) ;
#3370 = DIRECTION ( 'NONE',  ( -1.224646799147353700E-16, 1.000000000000000000, 0.000000000000000000 ) ) ;
#3371 = FACE_OUTER_BOUND ( 'NONE', #4599, .T. ) ;
#3372 = CARTESIAN_POINT ( 'NONE',  ( -8.580438994874540981, -20.77900422470805353, -57.47568467709772477 ) ) ;
#3373 = CARTESIAN_POINT ( 'NONE',  ( -6.066279346690860663, 5.999999999999994671, -57.37652401873177865 ) ) ;
#3374 = CYLINDRICAL_SURFACE ( 'NONE', #2206, 1.500000000000002220 ) ;
#3375 = EDGE_LOOP ( 'NONE', ( #4757, #6493, #364, #2671 ) ) ;
#3376 = EDGE_CURVE ( 'NONE', #4223, #6651, #137, .T. ) ;
#3377 = ORIENTED_EDGE ( 'NONE', *, *, #2983, .T. ) ;
#3378 = CARTESIAN_POINT ( 'NONE',  ( -98.93372065330912335, 4.499999999999991118, -66.70463781045448570 ) ) ;
#3379 = CARTESIAN_POINT ( 'NONE',  ( -9.999999999999994671, 9.500000000000005329, -70.00000000000000000 ) ) ;
#3380 = CARTESIAN_POINT ( 'NONE',  ( -9.079094544388620847, -21.32938423046287113, -11.89769895772934838 ) ) ;
#3381 = FACE_OUTER_BOUND ( 'NONE', #5475, .T. ) ;
#3382 = VECTOR ( 'NONE', #442, 1000.000000000000000 ) ;
#3383 = EDGE_CURVE ( 'NONE', #859, #5291, #2214, .T. ) ;
#3384 = ORIENTED_EDGE ( 'NONE', *, *, #3885, .T. ) ;
#3385 = ADVANCED_FACE ( 'NONE', ( #6333 ), #1661, .T. ) ;
#3386 = ORIENTED_EDGE ( 'NONE', *, *, #3680, .T. ) ;
#3387 = CARTESIAN_POINT ( 'NONE',  ( -23.07499999999999574, -30.50000000000000711, -10.00000000000001954 ) ) ;
#3388 = DIRECTION ( 'NONE',  ( 1.321694076934710155E-16, -1.000000000000000000, -2.736911063134408342E-48 ) ) ;
#3389 = CIRCLE ( 'NONE', #2417, 7.000000000000002665 ) ;
#3390 = VERTEX_POINT ( 'NONE', #1160 ) ;
#3392 = CARTESIAN_POINT ( 'NONE',  ( -10.01250782228089875, 2.499999999999988454, -19.00000000000003553 ) ) ;
#3391 = LINE ( 'NONE', #1688, #3454 ) ;
#3393 = ORIENTED_EDGE ( 'NONE', *, *, #2801, .F. ) ;
#3394 = CARTESIAN_POINT ( 'NONE',  ( -85.00000000000001421, -1.999999999999991340, -50.49999999999998579 ) ) ;
#3395 = FACE_OUTER_BOUND ( 'NONE', #4193, .T. ) ;
#3396 = VERTEX_POINT ( 'NONE', #6368 ) ;
#3397 = CIRCLE ( 'NONE', #4159, 10.00000000000000000 ) ;
#3398 = PLANE ( 'NONE',  #6697 ) ;
#3399 = AXIS2_PLACEMENT_3D ( 'NONE', #5191, #966, #6153 ) ;
#3400 = DIRECTION ( 'NONE',  ( 1.000000000000000000, 1.224646799147353700E-16, 0.000000000000000000 ) ) ;
#3401 = ADVANCED_FACE ( 'NONE', ( #1697 ), #2252, .F. ) ;
#3402 = CARTESIAN_POINT ( 'NONE',  ( -58.07499999999999574, -29.00000000000000711, -25.00000000000001776 ) ) ;
#3403 = DIRECTION ( 'NONE',  ( 0.000000000000000000, 0.000000000000000000, 1.000000000000000000 ) ) ;
#3404 = VECTOR ( 'NONE', #1597, 1000.000000000000000 ) ;
#3405 = DIRECTION ( 'NONE',  ( 0.000000000000000000, -1.000000000000000000, 0.000000000000000000 ) ) ;
#3406 = DIRECTION ( 'NONE',  ( -3.469446951953613696E-16, -4.585547486636275424E-32, -1.000000000000000000 ) ) ;
#3407 = ORIENTED_EDGE ( 'NONE', *, *, #927, .F. ) ;
#3408 = CARTESIAN_POINT ( 'NONE',  ( -20.00000000000000000, -24.50000000000001421, -54.50000000000000000 ) ) ;
#3409 = DIRECTION ( 'NONE',  ( -1.000000000000000000, -1.224646799147353700E-16, 0.000000000000000000 ) ) ;
#3410 = FACE_OUTER_BOUND ( 'NONE', #2270, .T. ) ;
#3411 = AXIS2_PLACEMENT_3D ( 'NONE', #3230, #5307, #632 ) ;
#3412 = CIRCLE ( 'NONE', #4176, 10.00000000000000000 ) ;
#3413 = DIRECTION ( 'NONE',  ( 6.938893903907227392E-16, 9.171094973272550847E-32, -1.000000000000000000 ) ) ;
#3414 = VERTEX_POINT ( 'NONE', #3369 ) ;
#3415 = DIRECTION ( 'NONE',  ( -0.000000000000000000, -1.000000000000000000, -0.000000000000000000 ) ) ;
#3416 = CARTESIAN_POINT ( 'NONE',  ( -9.402688419075150961, -20.91437291694802170, -10.56430996261891586 ) ) ;
#3417 = EDGE_CURVE ( 'NONE', #5291, #2616, #2007, .T. ) ;
#3418 = CARTESIAN_POINT ( 'NONE',  ( -10.38436226585210775, -24.49999999873266177, -12.71778844187660340 ) ) ;
#3419 = CYLINDRICAL_SURFACE ( 'NONE', #1876, 2.125000000000000000 ) ;
#3420 = VECTOR ( 'NONE', #5522, 1000.000000000000000 ) ;
#3421 = EDGE_LOOP ( 'NONE', ( #1292, #5391, #103, #5082 ) ) ;
#3422 = ORIENTED_EDGE ( 'NONE', *, *, #4061, .F. ) ;
#3423 = PLANE ( 'NONE',  #4411 ) ;
#3424 = LINE ( 'NONE', #3971, #3446 ) ;
#3425 = AXIS2_PLACEMENT_3D ( 'NONE', #6428, #1755, #3782 ) ;
#3426 = ORIENTED_EDGE ( 'NONE', *, *, #6511, .F. ) ;
#3427 = EDGE_CURVE ( 'NONE', #2636, #4670, #266, .T. ) ;
#3428 = ORIENTED_EDGE ( 'NONE', *, *, #1631, .F. ) ;
#3429 = FACE_OUTER_BOUND ( 'NONE', #123, .T. ) ;
#3430 = CARTESIAN_POINT ( 'NONE',  ( -105.0000000000000142, -33.39999999999999858, -25.55048866570383481 ) ) ;
#3431 = ORIENTED_EDGE ( 'NONE', *, *, #1387, .T. ) ;
#3432 = AXIS2_PLACEMENT_3D ( 'NONE', #1147, #757, #2737 ) ;
#3433 = VECTOR ( 'NONE', #4238, 1000.000000000000000 ) ;
#3434 = DIRECTION ( 'NONE',  ( -1.533293416683371180E-16, 0.7071067811865501263, 0.7071067811865450192 ) ) ;
#3435 = ADVANCED_FACE ( 'NONE', ( #5448 ), #6505, .F. ) ;
#3436 = CIRCLE ( 'NONE', #603, 2.125000000000001776 ) ;
#3437 = CARTESIAN_POINT ( 'NONE',  ( -70.15000000000000568, -34.49999999999997158, 0.000000000000000000 ) ) ;
#3438 = DIRECTION ( 'NONE',  ( 1.000000000000000000, 1.224646799147353700E-16, 0.000000000000000000 ) ) ;
#3439 = CARTESIAN_POINT ( 'NONE',  ( -11.25703116327390596, -20.70264925842264248, -54.50000000000000000 ) ) ;
#3440 = AXIS2_PLACEMENT_3D ( 'NONE', #5697, #4731, #1020 ) ;
#3441 = DIRECTION ( 'NONE',  ( -1.224646799147354933E-16, 1.000000000000000000, 0.000000000000000000 ) ) ;
#3442 = VERTEX_POINT ( 'NONE', #3949 ) ;
#3443 = FACE_BOUND ( 'NONE', #5918, .T. ) ;
#3444 = EDGE_CURVE ( 'NONE', #5064, #2495, #233, .T. ) ;
#3445 = CARTESIAN_POINT ( 'NONE',  ( -3.466886837766197438, -24.32671272683226960, -5.500000000000004441 ) ) ;
#3446 = VECTOR ( 'NONE', #1444, 1000.000000000000000 ) ;
#3447 = ORIENTED_EDGE ( 'NONE', *, *, #3578, .F. ) ;
#3448 = VERTEX_POINT ( 'NONE', #5412 ) ;
#3449 = EDGE_CURVE ( 'NONE', #1014, #3364, #3312, .T. ) ;
#3450 = CARTESIAN_POINT ( 'NONE',  ( 4.000000000000000000, 1.500000000000001332, -57.99999999999999289 ) ) ;
#3451 = CARTESIAN_POINT ( 'NONE',  ( -9.295762742370106579, -20.50000000000002487, -9.740739209047449165 ) ) ;
#3452 = CARTESIAN_POINT ( 'NONE',  ( -10.27608810217695279, -24.50000000173588077, -13.13281282370963510 ) ) ;
#3453 = DIRECTION ( 'NONE',  ( -1.000000000000000000, 1.224510688924804996E-15, 0.000000000000000000 ) ) ;
#3454 = VECTOR ( 'NONE', #6392, 1000.000000000000000 ) ;
#3455 = ORIENTED_EDGE ( 'NONE', *, *, #5366, .T. ) ;
#3456 = ADVANCED_FACE ( 'NONE', ( #2389 ), #5039, .F. ) ;
#3457 = ORIENTED_EDGE ( 'NONE', *, *, #5278, .F. ) ;
#3458 = DIRECTION ( 'NONE',  ( 1.214306433183765755E-15, 1.000000000000000000, 0.000000000000000000 ) ) ;
#3459 = DIRECTION ( 'NONE',  ( -1.000000000000000000, -1.321694076934710155E-16, 0.000000000000000000 ) ) ;
#3460 = ORIENTED_EDGE ( 'NONE', *, *, #234, .F. ) ;
#3461 = EDGE_LOOP ( 'NONE', ( #3736, #5906, #3585, #2919, #6139, #2997, #360 ) ) ;
#3462 = CARTESIAN_POINT ( 'NONE',  ( -24.61886723926605924, -5.999999999999998224, -2.750000000000030198 ) ) ;
#3463 = ORIENTED_EDGE ( 'NONE', *, *, #1389, .F. ) ;
#3464 = LINE ( 'NONE', #577, #338 ) ;
#3465 = EDGE_CURVE ( 'NONE', #2995, #2426, #377, .T. ) ;
#3466 = CARTESIAN_POINT ( 'NONE',  ( -4.500000000000003553, -25.50000000000000355, -65.50000000000001421 ) ) ;
#3467 = CARTESIAN_POINT ( 'NONE',  ( 4.000000000000003553, -22.05838814962352146, -63.76188481852116041 ) ) ;
#3468 = PLANE ( 'NONE',  #5601 ) ;
#3469 = EDGE_CURVE ( 'NONE', #1615, #1046, #843, .T. ) ;
#3470 = EDGE_CURVE ( 'NONE', #1897, #4071, #1799, .T. ) ;
#3471 = LINE ( 'NONE', #873, #2780 ) ;
#3472 = DIRECTION ( 'NONE',  ( -1.000000000000000000, -1.224646799147353700E-16, 0.000000000000000000 ) ) ;
#3473 = FACE_BOUND ( 'NONE', #5839, .T. ) ;
#3474 = ORIENTED_EDGE ( 'NONE', *, *, #6208, .F. ) ;
#3475 = ORIENTED_EDGE ( 'NONE', *, *, #2750, .F. ) ;
#3476 = CARTESIAN_POINT ( 'NONE',  ( -11.06971445025410894, -1.500000000000011768, -15.00000000000001421 ) ) ;
#3477 = FACE_OUTER_BOUND ( 'NONE', #3499, .T. ) ;
#3478 = DIRECTION ( 'NONE',  ( 1.000000000000000000, 0.000000000000000000, 0.000000000000000000 ) ) ;
#3479 = CARTESIAN_POINT ( 'NONE',  ( -64.40000000000000568, -20.50000000000001066, -10.54075870073010357 ) ) ;
#3480 = CARTESIAN_POINT ( 'NONE',  ( -9.286709702949389467, -21.38014080811452544, -11.36925017925307380 ) ) ;
#3481 = ORIENTED_EDGE ( 'NONE', *, *, #2991, .F. ) ;
#3482 = ORIENTED_EDGE ( 'NONE', *, *, #4709, .T. ) ;
#3483 = CARTESIAN_POINT ( 'NONE',  ( -9.681818100262914228, -24.36603755338177280, -64.50000000000001421 ) ) ;
#3484 = DIRECTION ( 'NONE',  ( 1.224646799147353700E-16, -1.000000000000000000, 0.000000000000000000 ) ) ;
#3485 = ORIENTED_EDGE ( 'NONE', *, *, #3719, .F. ) ;
#3486 = CARTESIAN_POINT ( 'NONE',  ( 3.729684396772427168E-15, -22.05838814962352146, -63.76188481852116041 ) ) ;
#3487 = AXIS2_PLACEMENT_3D ( 'NONE', #4807, #74, #3169 ) ;
#3488 = EDGE_LOOP ( 'NONE', ( #3221, #5811, #2444, #5179, #2770, #5363, #5616, #3426 ) ) ;
#3489 = EDGE_CURVE ( 'NONE', #3293, #4306, #2873, .T. ) ;
#3490 = DIRECTION ( 'NONE',  ( -1.000000000000000000, -1.224646799147353700E-16, 0.000000000000000000 ) ) ;
#3491 = ORIENTED_EDGE ( 'NONE', *, *, #6386, .T. ) ;
#3492 = CARTESIAN_POINT ( 'NONE',  ( -60.07499999999999574, -30.50000000000001066, -25.00000000000001421 ) ) ;
#3493 = ORIENTED_EDGE ( 'NONE', *, *, #768, .F. ) ;
#3494 = DIRECTION ( 'NONE',  ( 1.000000000000000000, 0.000000000000000000, 6.245004513516508695E-15 ) ) ;
#3495 = EDGE_CURVE ( 'NONE', #3746, #3851, #4905, .T. ) ;
#3496 = CARTESIAN_POINT ( 'NONE',  ( -6.399999999999999467, -20.50000000000001421, -59.54075870073009469 ) ) ;
#3497 = AXIS2_PLACEMENT_3D ( 'NONE', #6434, #4979, #306 ) ;
#3498 = CARTESIAN_POINT ( 'NONE',  ( -7.900000000000000355, -24.50000000000001421, -10.54075870073009646 ) ) ;
#3499 = EDGE_LOOP ( 'NONE', ( #3668, #5061, #5251, #4457 ) ) ;
#3500 = DIRECTION ( 'NONE',  ( -1.000000000000000000, 0.000000000000000000, 0.000000000000000000 ) ) ;
#3501 = AXIS2_PLACEMENT_3D ( 'NONE', #4960, #2833, #2372 ) ;
#3502 = CIRCLE ( 'NONE', #1002, 2.125000000000001776 ) ;
#3503 = VERTEX_POINT ( 'NONE', #2896 ) ;
#3504 = CARTESIAN_POINT ( 'NONE',  ( -98.93372065330912335, 4.499999999999991118, -3.295362189545513854 ) ) ;
#3505 = DIRECTION ( 'NONE',  ( 1.321694076934710155E-16, -1.000000000000000000, 0.000000000000000000 ) ) ;
#3506 = EDGE_CURVE ( 'NONE', #892, #4505, #5993, .T. ) ;
#3507 = DIRECTION ( 'NONE',  ( 1.214306433183765755E-15, 1.000000000000000000, 0.000000000000000000 ) ) ;
#3508 = ORIENTED_EDGE ( 'NONE', *, *, #5135, .F. ) ;
#3509 = VERTEX_POINT ( 'NONE', #1837 ) ;
#3510 = CARTESIAN_POINT ( 'NONE',  ( -8.481584784260240539, -20.70264925842263892, -57.38043354327433576 ) ) ;
#3511 = EDGE_LOOP ( 'NONE', ( #1931, #4642 ) ) ;
#3512 = CIRCLE ( 'NONE', #2104, 10.00000000000000178 ) ;
#3513 = CARTESIAN_POINT ( 'NONE',  ( -105.0000000000000142, -33.39999999999999858, -42.32451133429615453 ) ) ;
#3514 = CARTESIAN_POINT ( 'NONE',  ( 4.000000000000000000, 0.000000000000000000, 0.000000000000000000 ) ) ;
#3515 = B_SPLINE_CURVE_WITH_KNOTS ( 'NONE', 3,
 ( #5427, #746, #6410, #2159 ),
 .UNSPECIFIED., .F., .F.,
 ( 4, 4 ),
 ( 0.000000000000000000, 0.0009981789986541716835 ),
 .UNSPECIFIED. ) ;
#3516 = FACE_OUTER_BOUND ( 'NONE', #6138, .T. ) ;
#3517 = VECTOR ( 'NONE', #251, 1000.000000000000000 ) ;
#3518 = EDGE_LOOP ( 'NONE', ( #5062, #286, #583, #2296 ) ) ;
#3519 = FACE_OUTER_BOUND ( 'NONE', #6661, .T. ) ;
#3520 = DIRECTION ( 'NONE',  ( 1.224646799147353700E-16, -1.000000000000000000, 0.000000000000000000 ) ) ;
#3521 = VERTEX_POINT ( 'NONE', #6437 ) ;
#3522 = LINE ( 'NONE', #427, #5139 ) ;
#3523 = EDGE_LOOP ( 'NONE', ( #4298, #2227 ) ) ;
#3524 = CARTESIAN_POINT ( 'NONE',  ( -70.28183768826340838, -23.50000000000001066, -5.500000000000005329 ) ) ;
#3525 = EDGE_LOOP ( 'NONE', ( #5772, #5486 ) ) ;
#3526 = ORIENTED_EDGE ( 'NONE', *, *, #2284, .T. ) ;
#3527 = AXIS2_PLACEMENT_3D ( 'NONE', #2350, #4423, #6498 ) ;
#3528 = ADVANCED_FACE ( 'NONE', ( #1907 ), #1394, .F. ) ;
#3529 = CARTESIAN_POINT ( 'NONE',  ( -3.941279346690865992, 0.9999999999999974465, -57.37652401873177865 ) ) ;
#3530 = ORIENTED_EDGE ( 'NONE', *, *, #5728, .F. ) ;
#3531 = CARTESIAN_POINT ( 'NONE',  ( -65.50000000000001421, -25.50000000000000711, -65.50000000000000000 ) ) ;
#3532 = ORIENTED_EDGE ( 'NONE', *, *, #502, .T. ) ;
#3533 = FACE_OUTER_BOUND ( 'NONE', #1422, .T. ) ;
#3534 = VECTOR ( 'NONE', #1146, 1000.000000000000000 ) ;
#3535 = CARTESIAN_POINT ( 'NONE',  ( -23.07499999999999574, -29.00000000000000355, -8.000000000000017764 ) ) ;
#3536 = ADVANCED_FACE ( 'NONE', ( #4981, #308, #2924 ), #3468, .T. ) ;
#3537 = CIRCLE ( 'NONE', #5822, 2.125000000000001776 ) ;
#3538 = CARTESIAN_POINT ( 'NONE',  ( 3.469446951953614189E-15, -19.93338814962351790, -6.238115181478841365 ) ) ;
#3539 = ORIENTED_EDGE ( 'NONE', *, *, #4621, .T. ) ;
#3540 = ORIENTED_EDGE ( 'NONE', *, *, #4890, .F. ) ;
#3541 = DIRECTION ( 'NONE',  ( 1.000000000000000000, 1.224646799147353700E-16, 0.000000000000000000 ) ) ;
#3542 = CARTESIAN_POINT ( 'NONE',  ( -6.399999999999999467, -20.50000000000000355, -10.54075870073009646 ) ) ;
#3543 = CARTESIAN_POINT ( 'NONE',  ( -3.941279346690865992, 0.9999999999999974465, -12.62347598126822845 ) ) ;
#3544 = EDGE_LOOP ( 'NONE', ( #1149, #5318, #685, #3707 ) ) ;
#3545 = CARTESIAN_POINT ( 'NONE',  ( -9.205028989630232417, -21.37686051583022717, -58.47450634919062651 ) ) ;
#3546 = VERTEX_POINT ( 'NONE', #3338 ) ;
#3547 = CIRCLE ( 'NONE', #601, 2.125000000000001776 ) ;
#3548 = EDGE_CURVE ( 'NONE', #2979, #2585, #736, .T. ) ;
#3549 = CARTESIAN_POINT ( 'NONE',  ( 4.000000000000003553, -22.05838814962352146, -6.238115181478841365 ) ) ;
#3550 = AXIS2_PLACEMENT_3D ( 'NONE', #3700, #2175, #5820 ) ;
#3551 = DIRECTION ( 'NONE',  ( 1.000000000000000000, 1.224646799147353700E-16, 0.000000000000000000 ) ) ;
#3552 = EDGE_LOOP ( 'NONE', ( #323, #4039, #1561, #2037 ) ) ;
#3553 = CARTESIAN_POINT ( 'NONE',  ( -23.07499999999999574, -29.00000000000000355, -8.000000000000017764 ) ) ;
#3554 = ADVANCED_FACE ( 'NONE', ( #6604 ), #504, .T. ) ;
#3555 = ORIENTED_EDGE ( 'NONE', *, *, #1461, .T. ) ;
#3556 = DIRECTION ( 'NONE',  ( -1.321694076934710402E-16, 1.000000000000000000, 0.000000000000000000 ) ) ;
#3557 = AXIS2_PLACEMENT_3D ( 'NONE', #2935, #6549, #6075 ) ;
#3558 = PLANE ( 'NONE',  #1605 ) ;
#3559 = VERTEX_POINT ( 'NONE', #981 ) ;
#3560 = ORIENTED_EDGE ( 'NONE', *, *, #901, .T. ) ;
#3561 = LINE ( 'NONE', #2542, #1025 ) ;
#3562 = VECTOR ( 'NONE', #6440, 1000.000000000000000 ) ;
#3563 = ORIENTED_EDGE ( 'NONE', *, *, #5398, .F. ) ;
#3564 = CARTESIAN_POINT ( 'NONE',  ( -85.00000000000001421, -1.999999999999991340, -9.499999999999987566 ) ) ;
#3565 = AXIS2_PLACEMENT_3D ( 'NONE', #2170, #5593, #4793 ) ;
#3566 = ORIENTED_EDGE ( 'NONE', *, *, #3924, .T. ) ;
#3567 = CARTESIAN_POINT ( 'NONE',  ( -4.500000000000003553, -30.50000000000000355, -65.50000000000001421 ) ) ;
#3568 = ORIENTED_EDGE ( 'NONE', *, *, #5711, .F. ) ;
#3569 = DIRECTION ( 'NONE',  ( 1.321694076934710155E-16, -1.000000000000000000, 0.000000000000000000 ) ) ;
#3570 = PLANE ( 'NONE',  #5715 ) ;
#3571 = DIRECTION ( 'NONE',  ( 1.214306433183765755E-15, 1.000000000000000000, 0.000000000000000000 ) ) ;
#3572 = ORIENTED_EDGE ( 'NONE', *, *, #4912, .F. ) ;
#3573 = DIRECTION ( 'NONE',  ( 1.000000000000000000, 0.000000000000000000, 0.000000000000000000 ) ) ;
#3574 = LINE ( 'NONE', #414, #552 ) ;
#3575 = CARTESIAN_POINT ( 'NONE',  ( -101.0587206533091233, 4.499999999999993783, -66.70463781045448570 ) ) ;
#3576 = ORIENTED_EDGE ( 'NONE', *, *, #3548, .F. ) ;
#3577 = CARTESIAN_POINT ( 'NONE',  ( -101.0587206533091233, 0.9999999999999835687, -57.37652401873177865 ) ) ;
#3578 = EDGE_CURVE ( 'NONE', #5202, #1859, #6667, .T. ) ;
#3579 = EDGE_LOOP ( 'NONE', ( #5386, #1783 ) ) ;
#3580 = LINE ( 'NONE', #487, #3667 ) ;
#3581 = DIRECTION ( 'NONE',  ( 1.224646799147353700E-16, -1.000000000000000000, 0.000000000000000000 ) ) ;
#3582 = VERTEX_POINT ( 'NONE', #4122 ) ;
#3583 = DIRECTION ( 'NONE',  ( -1.000000000000000000, -1.314184451497580735E-17, 0.000000000000000000 ) ) ;
#3584 = ADVANCED_FACE ( 'NONE', ( #471 ), #6201, .F. ) ;
#3585 = ORIENTED_EDGE ( 'NONE', *, *, #3358, .F. ) ;
#3586 = CARTESIAN_POINT ( 'NONE',  ( -105.0000000000000142, 2.704597641062570723, -39.65296101538408635 ) ) ;
#3587 = DIRECTION ( 'NONE',  ( -1.224646799147353700E-16, 1.000000000000000000, 0.000000000000000000 ) ) ;
#3588 = DIRECTION ( 'NONE',  ( 1.224646799147353700E-16, -1.000000000000000000, 0.000000000000000000 ) ) ;
#3589 = ORIENTED_EDGE ( 'NONE', *, *, #4129, .T. ) ;
#3590 = EDGE_CURVE ( 'NONE', #6342, #1265, #4560, .T. ) ;
#3591 = DIRECTION ( 'NONE',  ( -1.224646799147353700E-16, 1.000000000000000000, 0.000000000000000000 ) ) ;
#3592 = EDGE_CURVE ( 'NONE', #5508, #1204, #946, .T. ) ;
#3593 = EDGE_CURVE ( 'NONE', #1406, #3105, #4048, .T. ) ;
#3594 = ORIENTED_EDGE ( 'NONE', *, *, #5994, .T. ) ;
#3596 = EDGE_LOOP ( 'NONE', ( #5540, #6319, #4532, #5780 ) ) ;
#3595 = DIRECTION ( 'NONE',  ( -1.387778780781445478E-15, 0.000000000000000000, -1.000000000000000000 ) ) ;
#3597 = ORIENTED_EDGE ( 'NONE', *, *, #4243, .T. ) ;
#3598 = EDGE_LOOP ( 'NONE', ( #3679, #1478, #2380, #1832 ) ) ;
#3599 = DIRECTION ( 'NONE',  ( 0.000000000000000000, 0.000000000000000000, -1.000000000000000000 ) ) ;
#3600 = DIRECTION ( 'NONE',  ( -1.314184451497580735E-17, 1.000000000000000000, 0.000000000000000000 ) ) ;
#3601 = AXIS2_PLACEMENT_3D ( 'NONE', #2158, #3844, #5804 ) ;
#3602 = EDGE_LOOP ( 'NONE', ( #4456, #900, #1282 ) ) ;
#3603 = FACE_BOUND ( 'NONE', #5320, .T. ) ;
#3604 = ORIENTED_EDGE ( 'NONE', *, *, #1340, .F. ) ;
#3605 = VERTEX_POINT ( 'NONE', #1526 ) ;
#3606 = CIRCLE ( 'NONE', #2949, 3.000000000000002665 ) ;
#3607 = CARTESIAN_POINT ( 'NONE',  ( -6.074999999999997513, -30.50000000000000355, -45.00000000000002132 ) ) ;
#3608 = CARTESIAN_POINT ( 'NONE',  ( -2.000000000000000000, -1.500000000000011768, -15.00000000000000711 ) ) ;
#3609 = DIRECTION ( 'NONE',  ( -1.000000000000000000, 0.000000000000000000, 0.000000000000000000 ) ) ;
#3610 = AXIS2_PLACEMENT_3D ( 'NONE', #5622, #5136, #5070 ) ;
#3611 = VECTOR ( 'NONE', #224, 1000.000000000000000 ) ;
#3612 = DIRECTION ( 'NONE',  ( 1.000000000000000000, 2.312964634635742464E-16, 0.000000000000000000 ) ) ;
#3613 = DIRECTION ( 'NONE',  ( 1.224646799147353700E-16, -1.000000000000000000, 0.000000000000000000 ) ) ;
#3614 = ORIENTED_EDGE ( 'NONE', *, *, #2329, .T. ) ;
#3615 = LINE ( 'NONE', #546, #5353 ) ;
#3616 = CIRCLE ( 'NONE', #4051, 2.125000000000001776 ) ;
#3617 = VERTEX_POINT ( 'NONE', #3498 ) ;
#3618 = ORIENTED_EDGE ( 'NONE', *, *, #3902, .T. ) ;
#3619 = AXIS2_PLACEMENT_3D ( 'NONE', #480, #1563, #3038 ) ;
#3620 = CARTESIAN_POINT ( 'NONE',  ( -7.873219875514484656, -24.38332050902884518, -56.92614277047776028 ) ) ;
#3621 = ADVANCED_FACE ( 'NONE', ( #6172 ), #3570, .T. ) ;
#3622 = CARTESIAN_POINT ( 'NONE',  ( -65.50000000000000000, -25.50000000000000711, -4.500000000000003553 ) ) ;
#3623 = ORIENTED_EDGE ( 'NONE', *, *, #753, .F. ) ;
#3624 = FACE_OUTER_BOUND ( 'NONE', #4059, .T. ) ;
#3625 = CIRCLE ( 'NONE', #3306, 2.125000000000001776 ) ;
#3626 = VERTEX_POINT ( 'NONE', #3093 ) ;
#3627 = EDGE_CURVE ( 'NONE', #2917, #4275, #6134, .T. ) ;
#3629 = ORIENTED_EDGE ( 'NONE', *, *, #1512, .F. ) ;
#3628 = CARTESIAN_POINT ( 'NONE',  ( -9.999999999999996447, -24.50000000000001421, -15.88156338350221120 ) ) ;
#3630 = VECTOR ( 'NONE', #1581, 1000.000000000000000 ) ;
#3631 = VERTEX_POINT ( 'NONE', #5140 ) ;
#3632 = ORIENTED_EDGE ( 'NONE', *, *, #1996, .F. ) ;
#3633 = EDGE_CURVE ( 'NONE', #1828, #3546, #5161, .T. ) ;
#3634 = ORIENTED_EDGE ( 'NONE', *, *, #3166, .T. ) ;
#3635 = CARTESIAN_POINT ( 'NONE',  ( -64.40000000000000568, -20.50000000000001066, -10.54075870073010357 ) ) ;
#3636 = CARTESIAN_POINT ( 'NONE',  ( -65.98798219527903086, -23.13157378693219712, -64.49999999999998579 ) ) ;
#3637 = VECTOR ( 'NONE', #6731, 1000.000000000000000 ) ;
#3638 = ADVANCED_FACE ( 'NONE', ( #4632 ), #1456, .F. ) ;
#3639 = EDGE_LOOP ( 'NONE', ( #5582, #4286, #6282, #976 ) ) ;
#3640 = CARTESIAN_POINT ( 'NONE',  ( -24.61886723926605924, -5.999999999999998224, -2.750000000000030198 ) ) ;
#3641 = ORIENTED_EDGE ( 'NONE', *, *, #737, .T. ) ;
#3642 = VECTOR ( 'NONE', #1103, 1000.000000000000000 ) ;
#3643 = CARTESIAN_POINT ( 'NONE',  ( -58.07499999999999574, -29.00000000000000711, -25.00000000000001776 ) ) ;
#3644 = CARTESIAN_POINT ( 'NONE',  ( -105.0000000000000142, -33.39999999999999858, -27.67548866570383836 ) ) ;
#3645 = CARTESIAN_POINT ( 'NONE',  ( -11.80436750502194698, -24.49999999841806897, -60.24125412521825496 ) ) ;
#3646 = ORIENTED_EDGE ( 'NONE', *, *, #316, .T. ) ;
#3647 = AXIS2_PLACEMENT_3D ( 'NONE', #6492, #1180, #1824 ) ;
#3648 = AXIS2_PLACEMENT_3D ( 'NONE', #626, #1179, #3789 ) ;
#3649 = DIRECTION ( 'NONE',  ( -1.224646799147353700E-16, 1.000000000000000000, 0.000000000000000000 ) ) ;
#3650 = PRODUCT_DEFINITION ( 'General', '', #305, #2973 ) ;
#3651 = FACE_OUTER_BOUND ( 'NONE', #4895, .T. ) ;
#3652 = DIRECTION ( 'NONE',  ( -0.9512909239461830868, 0.000000000000000000, -0.3082946285902776751 ) ) ;
#3653 = VERTEX_POINT ( 'NONE', #5625 ) ;
#3654 = CARTESIAN_POINT ( 'NONE',  ( -13.03867920671461711, -24.50000000000001421, -8.320862669305419956 ) ) ;
#3655 = VECTOR ( 'NONE', #3986, 1000.000000000000000 ) ;
#3656 = ORIENTED_EDGE ( 'NONE', *, *, #3709, .F. ) ;
#3657 = CIRCLE ( 'NONE', #3550, 2.125000000000001776 ) ;
#3658 = DIRECTION ( 'NONE',  ( -1.000000000000000000, -1.223202451009288255E-16, 1.779203565104419347E-16 ) ) ;
#3659 = CARTESIAN_POINT ( 'NONE',  ( 4.000000000000000000, -0.0009309999067057261879, -63.76188481852116041 ) ) ;
#3660 = CARTESIAN_POINT ( 'NONE',  ( -100.0000000000000000, 1.552207410648924535, -66.03911680942459839 ) ) ;
#3661 = EDGE_CURVE ( 'NONE', #1046, #5155, #4529, .T. ) ;
#3662 = VECTOR ( 'NONE', #1813, 1000.000000000000000 ) ;
#3663 = ORIENTED_EDGE ( 'NONE', *, *, #6464, .F. ) ;
#3664 = CARTESIAN_POINT ( 'NONE',  ( -80.28183768826340838, -27.50000000000001066, -15.50000000000000711 ) ) ;
#3665 = VERTEX_POINT ( 'NONE', #2517 ) ;
#3666 = CARTESIAN_POINT ( 'NONE',  ( -74.99999999999998579, -27.50000000000001066, -7.008699119991093518 ) ) ;
#3667 = VECTOR ( 'NONE', #992, 1000.000000000000000 ) ;
#3668 = ORIENTED_EDGE ( 'NONE', *, *, #6339, .F. ) ;
#3669 = CARTESIAN_POINT ( 'NONE',  ( -100.0000000000000000, 1.552207410648924535, -66.03911680942459839 ) ) ;
#3670 = PLANE ( 'NONE',  #383 ) ;
#3671 = EDGE_CURVE ( 'NONE', #6684, #1099, #5173, .T. ) ;
#3672 = VECTOR ( 'NONE', #3696, 1000.000000000000000 ) ;
#3673 = CARTESIAN_POINT ( 'NONE',  ( -8.074999999999997513, -30.50000000000000355, -45.00000000000001421 ) ) ;
#3674 = FACE_OUTER_BOUND ( 'NONE', #1957, .T. ) ;
#3675 = CARTESIAN_POINT ( 'NONE',  ( 6.938893903907228378E-15, 4.499999999999868550, 0.000000000000000000 ) ) ;
#3676 = LINE ( 'NONE', #3805, #4284 ) ;
#3677 = AXIS2_PLACEMENT_3D ( 'NONE', #6720, #2628, #2060 ) ;
#3678 = EDGE_CURVE ( 'NONE', #120, #3546, #5785, .T. ) ;
#3679 = ORIENTED_EDGE ( 'NONE', *, *, #5730, .T. ) ;
#3680 = EDGE_CURVE ( 'NONE', #1821, #4792, #3125, .T. ) ;
#3681 = CARTESIAN_POINT ( 'NONE',  ( -80.28183768826340838, -23.50000000000001066, -54.50000000000000000 ) ) ;
#3682 = CARTESIAN_POINT ( 'NONE',  ( -23.07499999999999929, -29.00000000000000355, -45.00000000000001421 ) ) ;
#3683 = DIRECTION ( 'NONE',  ( 1.000000000000000000, 0.000000000000000000, 0.000000000000000000 ) ) ;
#3684 = CARTESIAN_POINT ( 'NONE',  ( 2.500000000000002220, -26.00000000000001776, -56.49999999999999289 ) ) ;
#3685 = ORIENTED_EDGE ( 'NONE', *, *, #3875, .T. ) ;
#3686 = CARTESIAN_POINT ( 'NONE',  ( -26.74386723926606280, -5.999999999999998224, -2.750000000000030198 ) ) ;
#3687 = DIRECTION ( 'NONE',  ( 0.000000000000000000, 0.000000000000000000, -1.000000000000000000 ) ) ;
#3688 = CARTESIAN_POINT ( 'NONE',  ( -100.0000000000000000, 2.704597641062570723, -39.65296101538408635 ) ) ;
#3689 = DIRECTION ( 'NONE',  ( 1.224646799147353947E-16, -1.000000000000000000, 6.033820786006282759E-16 ) ) ;
#3690 = CARTESIAN_POINT ( 'NONE',  ( -105.0000000000000142, 1.552207410648924535, -1.835883190575414714 ) ) ;
#3691 = ORIENTED_EDGE ( 'NONE', *, *, #4139, .T. ) ;
#3693 = ORIENTED_EDGE ( 'NONE', *, *, #6358, .F. ) ;
#3692 = CARTESIAN_POINT ( 'NONE',  ( -9.999999999999996447, -24.50000000000001421, -15.69604530503560369 ) ) ;
#3694 =( BOUNDED_CURVE ( )  B_SPLINE_CURVE ( 3, ( #1533, #1428, #415, #5669 ),
 .UNSPECIFIED., .F., .T. ) 
 B_SPLINE_CURVE_WITH_KNOTS ( ( 4, 4 ),
 ( 1.620817183600664624, 2.037561665842193559 ),
 .UNSPECIFIED. ) 
 CURVE ( )  GEOMETRIC_REPRESENTATION_ITEM ( )  RATIONAL_B_SPLINE_CURVE ( ( 1.000000000000000000, 0.9855792942217846964, 0.9855792942217846964, 1.000000000000000000 ) ) 
 REPRESENTATION_ITEM ( '' )  );
#3695 = ORIENTED_EDGE ( 'NONE', *, *, #4746, .T. ) ;
#3696 = DIRECTION ( 'NONE',  ( 1.000000000000000000, 1.224646799147353700E-16, 0.000000000000000000 ) ) ;
#3697 = EDGE_CURVE ( 'NONE', #5696, #884, #3699, .T. ) ;
#3698 = DIRECTION ( 'NONE',  ( 0.000000000000000000, 0.000000000000000000, -1.000000000000000000 ) ) ;
#3699 = LINE ( 'NONE', #5879, #5611 ) ;
#3700 = CARTESIAN_POINT ( 'NONE',  ( -80.38113276073386260, 0.000000000000000000, -67.25000000000000000 ) ) ;
#3701 = EDGE_LOOP ( 'NONE', ( #492, #6216, #523, #37 ) ) ;
#3702 = ADVANCED_FACE ( 'NONE', ( #564 ), #5819, .F. ) ;
#3703 = CARTESIAN_POINT ( 'NONE',  ( -4.899999999999997691, -20.50000000000000355, -10.54075870073009646 ) ) ;
#3704 = CARTESIAN_POINT ( 'NONE',  ( -64.40000000000000568, -23.05569301944158411, -5.500000000000004441 ) ) ;
#3705 = AXIS2_PLACEMENT_3D ( 'NONE', #5316, #2690, #106 ) ;
#3706 = CARTESIAN_POINT ( 'NONE',  ( -1.999999999999997780, -24.13129816047070264, -7.553886051294665727 ) ) ;
#3707 = ORIENTED_EDGE ( 'NONE', *, *, #5244, .F. ) ;
#3708 = CIRCLE ( 'NONE', #3167, 2.125000000000001776 ) ;
#3709 = EDGE_CURVE ( 'NONE', #2900, #5033, #1691, .T. ) ;
#3710 = DIRECTION ( 'NONE',  ( 1.224646799147353700E-16, -1.000000000000000000, 0.000000000000000000 ) ) ;
#3711 = CARTESIAN_POINT ( 'NONE',  ( -6.399999999999999467, -24.50000000000001421, -17.54075870073009824 ) ) ;
#3712 = ADVANCED_FACE ( 'NONE', ( #1118 ), #4277, .F. ) ;
#3713 = DIRECTION ( 'NONE',  ( 0.000000000000000000, 0.000000000000000000, -1.000000000000000000 ) ) ;
#3714 = CIRCLE ( 'NONE', #6552, 3.000000000000002665 ) ;
#3715 = AXIS2_PLACEMENT_3D ( 'NONE', #3793, #3292, #260 ) ;
#3716 = LINE ( 'NONE', #2323, #4299 ) ;
#3717 = ORIENTED_EDGE ( 'NONE', *, *, #5066, .T. ) ;
#3718 = CARTESIAN_POINT ( 'NONE',  ( -62.45696891837015841, -23.21925501017095073, -5.500000000000005329 ) ) ;
#3719 = EDGE_CURVE ( 'NONE', #2046, #2826, #3101, .T. ) ;
#3720 = CARTESIAN_POINT ( 'NONE',  ( -6.399999999999999467, -20.50000000000001421, -59.54075870073009469 ) ) ;
#3721 = VECTOR ( 'NONE', #1702, 1000.000000000000000 ) ;
#3722 = DIRECTION ( 'NONE',  ( -1.224510688924804848E-16, -1.499593095713482987E-32, -1.000000000000000000 ) ) ;
#3723 = FACE_OUTER_BOUND ( 'NONE', #13, .T. ) ;
#3724 = CARTESIAN_POINT ( 'NONE',  ( -105.0000000000000142, 5.999999999999981348, -63.00000000000000000 ) ) ;
#3725 = VECTOR ( 'NONE', #231, 1000.000000000000000 ) ;
#3726 = ORIENTED_EDGE ( 'NONE', *, *, #1793, .F. ) ;
#3727 = CARTESIAN_POINT ( 'NONE',  ( 2.500000000000002220, -27.50000000000001776, -12.00000000000001421 ) ) ;
#3728 = DIRECTION ( 'NONE',  ( 1.000000000000000000, 0.000000000000000000, 0.000000000000000000 ) ) ;
#3729 = ORIENTED_EDGE ( 'NONE', *, *, #1029, .T. ) ;
#3730 = FACE_OUTER_BOUND ( 'NONE', #6619, .T. ) ;
#3731 = AXIS2_PLACEMENT_3D ( 'NONE', #4383, #2349, #4421 ) ;
#3732 = LINE ( 'NONE', #1081, #3085 ) ;
#3733 = DIRECTION ( 'NONE',  ( 1.321694076934710155E-16, -1.000000000000000000, 0.000000000000000000 ) ) ;
#3734 = AXIS2_PLACEMENT_3D ( 'NONE', #4035, #1997, #5685 ) ;
#3735 = DIRECTION ( 'NONE',  ( -1.000000000000000000, 0.000000000000000000, 0.000000000000000000 ) ) ;
#3736 = ORIENTED_EDGE ( 'NONE', *, *, #4338, .F. ) ;
#3737 = DIRECTION ( 'NONE',  ( 1.321694076934710155E-16, -1.000000000000000000, 0.000000000000000000 ) ) ;
#3738 = CARTESIAN_POINT ( 'NONE',  ( 0.000000000000000000, -24.50000000000001421, -64.50000000000000000 ) ) ;
#3739 = DIRECTION ( 'NONE',  ( 1.000000000000000000, 1.224646799147353700E-16, 0.000000000000000000 ) ) ;
#3740 = EDGE_LOOP ( 'NONE', ( #3252, #5468 ) ) ;
#3741 = ADVANCED_FACE ( 'NONE', ( #4691 ), #5758, .F. ) ;
#3742 = AXIS2_PLACEMENT_3D ( 'NONE', #1353, #5514, #3908 ) ;
#3743 = DIRECTION ( 'NONE',  ( -1.000000000000000000, 0.000000000000000000, 0.000000000000000000 ) ) ;
#3744 = CARTESIAN_POINT ( 'NONE',  ( 3.999999999999996447, 12.49999999999998046, -70.00000000000000000 ) ) ;
#3745 = DIRECTION ( 'NONE',  ( 1.000000000000000000, 1.224646799147353700E-16, 3.081487911019577365E-33 ) ) ;
#3746 = VERTEX_POINT ( 'NONE', #5308 ) ;
#3747 = VECTOR ( 'NONE', #5571, 1000.000000000000000 ) ;
#3748 = VECTOR ( 'NONE', #1437, 1000.000000000000000 ) ;
#3749 = DIRECTION ( 'NONE',  ( 0.000000000000000000, 0.000000000000000000, 1.000000000000000000 ) ) ;
#3751 = ORIENTED_EDGE ( 'NONE', *, *, #6472, .T. ) ;
#3750 = CARTESIAN_POINT ( 'NONE',  ( -58.07499999999999574, -29.00000000000000711, -45.00000000000002132 ) ) ;
#3752 = AXIS2_PLACEMENT_3D ( 'NONE', #1673, #6306, #3749 ) ;
#3753 = CARTESIAN_POINT ( 'NONE',  ( -9.306283951544916277, -21.34788451876761073, -11.28817646617607906 ) ) ;
#3754 = CARTESIAN_POINT ( 'NONE',  ( -43.07499999999999574, -30.50000000000000711, -55.00000000000002132 ) ) ;
#3755 = CARTESIAN_POINT ( 'NONE',  ( -24.61886723926605569, 0.000000000000000000, -2.750000000000030198 ) ) ;
#3756 = DIRECTION ( 'NONE',  ( 1.224646799147353700E-16, -1.000000000000000000, 0.000000000000000000 ) ) ;
#3757 = EDGE_CURVE ( 'NONE', #297, #5122, #3972, .T. ) ;
#3758 = VECTOR ( 'NONE', #3735, 1000.000000000000000 ) ;
#3759 = ORIENTED_EDGE ( 'NONE', *, *, #4516, .T. ) ;
#3760 = FACE_OUTER_BOUND ( 'NONE', #2447, .T. ) ;
#3761 = CARTESIAN_POINT ( 'NONE',  ( -78.25613276073386260, 2.792641959432364089E-17, -67.25000000000000000 ) ) ;
#3762 = ORIENTED_EDGE ( 'NONE', *, *, #4839, .T. ) ;
#3763 = VERTEX_POINT ( 'NONE', #3231 ) ;
#3764 = LINE ( 'NONE', #160, #6394 ) ;
#3765 = VECTOR ( 'NONE', #3484, 1000.000000000000000 ) ;
#3766 = FACE_OUTER_BOUND ( 'NONE', #3544, .T. ) ;
#3767 = LINE ( 'NONE', #5853, #4520 ) ;
#3768 = CARTESIAN_POINT ( 'NONE',  ( 2.499999999999998668, -1.387778780781445676E-14, -56.50000000000000000 ) ) ;
#3769 = VECTOR ( 'NONE', #2620, 1000.000000000000000 ) ;
#3770 = EDGE_LOOP ( 'NONE', ( #2940, #545, #6499, #4971, #2189, #5438, #465, #5502 ) ) ;
#3771 = FACE_BOUND ( 'NONE', #5943, .T. ) ;
#3772 = PLANE ( 'NONE',  #2431 ) ;
#3773 = CARTESIAN_POINT ( 'NONE',  ( -64.40000000000000568, -23.50000000000001066, -52.66777535452266079 ) ) ;
#3774 = DIRECTION ( 'NONE',  ( 1.224646799147353700E-16, -1.000000000000000000, 0.000000000000000000 ) ) ;
#3775 = CARTESIAN_POINT ( 'NONE',  ( -3.941279346690865992, 0.9999999999999974465, -57.37652401873177865 ) ) ;
#3776 = ADVANCED_FACE ( 'NONE', ( #2710 ), #1213, .T. ) ;
#3777 = LINE ( 'NONE', #3684, #1226 ) ;
#3778 = VERTEX_POINT ( 'NONE', #2643 ) ;
#3779 = ORIENTED_EDGE ( 'NONE', *, *, #3334, .T. ) ;
#3781 = ORIENTED_EDGE ( 'NONE', *, *, #117, .T. ) ;
#3780 = CARTESIAN_POINT ( 'NONE',  ( -95.00000000000000000, 9.499999999999984013, -70.00000000000000000 ) ) ;
#3782 = DIRECTION ( 'NONE',  ( -1.000000000000000000, -1.314184451497580735E-17, 0.000000000000000000 ) ) ;
#3783 = EDGE_LOOP ( 'NONE', ( #449, #3589, #942, #1151 ) ) ;
#3784 = EDGE_CURVE ( 'NONE', #5699, #1313, #3767, .T. ) ;
#3785 = DIRECTION ( 'NONE',  ( -1.224646799147353700E-16, 1.000000000000000000, 0.000000000000000000 ) ) ;
#3786 = CARTESIAN_POINT ( 'NONE',  ( -12.95349372739009119, -24.50000000000001421, -61.59705884403302889 ) ) ;
#3787 = DIRECTION ( 'NONE',  ( -1.000000000000000000, 8.163404592832032979E-16, 0.000000000000000000 ) ) ;
#3788 = ORIENTED_EDGE ( 'NONE', *, *, #2560, .F. ) ;
#3789 = DIRECTION ( 'NONE',  ( 0.9483827438163735524, 0.000000000000000000, -0.3171280044892390571 ) ) ;
#3790 = CARTESIAN_POINT ( 'NONE',  ( -80.28183768826340838, -27.50000000000001066, -5.500000000000005329 ) ) ;
#3791 = ORIENTED_EDGE ( 'NONE', *, *, #3633, .F. ) ;
#3793 = CARTESIAN_POINT ( 'NONE',  ( 4.000000000000000000, -0.0009309999067057261879, -63.76188481852116041 ) ) ;
#3792 =( NAMED_UNIT ( * ) PLANE_ANGLE_UNIT ( ) SI_UNIT ( $, .RADIAN. ) );
#3794 = EDGE_CURVE ( 'NONE', #4140, #4628, #1574, .T. ) ;
#3795 = ADVANCED_FACE ( 'NONE', ( #4729 ), #2244, .T. ) ;
#3796 = ADVANCED_FACE ( 'NONE', ( #1186 ), #64, .F. ) ;
#3797 = CARTESIAN_POINT ( 'NONE',  ( -19.99999999999999645, -1.999999999999984457, -50.49999999999999289 ) ) ;
#3798 = FACE_BOUND ( 'NONE', #5536, .T. ) ;
#3799 = CARTESIAN_POINT ( 'NONE',  ( 0.000000000000000000, 2.499999999999988454, -50.99999999999997868 ) ) ;
#3800 = DIRECTION ( 'NONE',  ( -1.321694076934710155E-16, 1.000000000000000000, -0.000000000000000000 ) ) ;
#3801 = EDGE_CURVE ( 'NONE', #4281, #4287, #5926, .T. ) ;
#3802 = CARTESIAN_POINT ( 'NONE',  ( -43.07499999999999574, -29.00000000000000711, -45.00000000000002132 ) ) ;
#3803 = CARTESIAN_POINT ( 'NONE',  ( 2.499999999999998668, 1.500000000000001332, -57.99999999999999289 ) ) ;
#3804 = PRODUCT_DEFINITION_SHAPE ( 'NONE', 'NONE',  #3650 ) ;
#3805 = CARTESIAN_POINT ( 'NONE',  ( -19.50000000000008527, 0.000000000000000000, -70.00000000000000000 ) ) ;
#3806 = LINE ( 'NONE', #611, #5297 ) ;
#3807 = AXIS2_PLACEMENT_3D ( 'NONE', #5346, #6405, #1164 ) ;
#3808 = FACE_OUTER_BOUND ( 'NONE', #3089, .T. ) ;
#3809 = CARTESIAN_POINT ( 'NONE',  ( 4.000000000000000000, -1.500000000000011768, -55.00000000000000000 ) ) ;
#3810 = ORIENTED_EDGE ( 'NONE', *, *, #4386, .T. ) ;
#3811 = CIRCLE ( 'NONE', #6225, 2.125000000000001776 ) ;
#3812 = ORIENTED_EDGE ( 'NONE', *, *, #4346, .T. ) ;
#3814 = ORIENTED_EDGE ( 'NONE', *, *, #4804, .F. ) ;
#3813 = DIRECTION ( 'NONE',  ( 1.000000000000000000, 0.000000000000000000, 0.000000000000000000 ) ) ;
#3815 = CARTESIAN_POINT ( 'NONE',  ( -9.999999999999996447, -1.999999999999984457, -60.50000000000000000 ) ) ;
#3816 = VERTEX_POINT ( 'NONE', #1655 ) ;
#3817 = CARTESIAN_POINT ( 'NONE',  ( -65.90000000000001990, -26.50000000000001066, -10.54075870073010357 ) ) ;
#3818 = VECTOR ( 'NONE', #1221, 1000.000000000000000 ) ;
#3819 = CARTESIAN_POINT ( 'NONE',  ( -9.253872771838553390, -24.50000000000001776, -60.46564258650092683 ) ) ;
#3820 = LINE ( 'NONE', #119, #4475 ) ;
#3821 = ORIENTED_EDGE ( 'NONE', *, *, #4389, .F. ) ;
#3822 = EDGE_CURVE ( 'NONE', #6380, #5722, #4289, .T. ) ;
#3823 = VECTOR ( 'NONE', #5863, 1000.000000000000000 ) ;
#3824 = DIRECTION ( 'NONE',  ( 1.000000000000000000, 0.000000000000000000, 0.000000000000000000 ) ) ;
#3825 = AXIS2_PLACEMENT_3D ( 'NONE', #3065, #6422, #4419 ) ;
#3826 = CARTESIAN_POINT ( 'NONE',  ( -101.0587206533091233, 5.999999999999987566, -57.37652401873177865 ) ) ;
#3827 = ORIENTED_EDGE ( 'NONE', *, *, #2920, .T. ) ;
#3829 = LINE ( 'NONE', #5910, #4703 ) ;
#3828 = FILL_AREA_STYLE_COLOUR ( '', #2152 ) ;
#3830 = DIRECTION ( 'NONE',  ( -1.224646799147353700E-16, 1.000000000000000000, -2.736911063134408342E-48 ) ) ;
#3831 = VECTOR ( 'NONE', #6180, 1000.000000000000000 ) ;
#3832 = CARTESIAN_POINT ( 'NONE',  ( -23.07499999999999574, -29.00000000000000355, -60.00000000000001421 ) ) ;
#3833 = EDGE_CURVE ( 'NONE', #2832, #6059, #4763, .T. ) ;
#3834 = CARTESIAN_POINT ( 'NONE',  ( -105.0000000000000142, -1.500000000000011768, -64.50000000000000000 ) ) ;
#3835 = CIRCLE ( 'NONE', #6343, 2.125000000000001776 ) ;
#3836 = DIRECTION ( 'NONE',  ( -1.000000000000000000, 1.224510688924804010E-15, 0.000000000000000000 ) ) ;
#3837 = ORIENTED_EDGE ( 'NONE', *, *, #4014, .T. ) ;
#3838 = PLANE ( 'NONE',  #5349 ) ;
#3839 = DIRECTION ( 'NONE',  ( 1.321694076934710155E-16, -1.000000000000000000, 0.000000000000000000 ) ) ;
#3840 = DIRECTION ( 'NONE',  ( -1.314184451497580735E-17, 1.000000000000000000, 0.000000000000000000 ) ) ;
#3841 = ORIENTED_EDGE ( 'NONE', *, *, #1930, .F. ) ;
#3842 = AXIS2_PLACEMENT_3D ( 'NONE', #3755, #4204, #5197 ) ;
#3843 = ADVANCED_FACE ( 'NONE', ( #3798, #1591 ), #3670, .T. ) ;
#3844 = DIRECTION ( 'NONE',  ( -1.000000000000000000, 0.000000000000000000, 0.000000000000000000 ) ) ;
#3845 = CARTESIAN_POINT ( 'NONE',  ( -7.942857142857142172, -20.50000000000000355, -13.11361544698215198 ) ) ;
#3846 = VECTOR ( 'NONE', #3182, 1000.000000000000000 ) ;
#3847 = CARTESIAN_POINT ( 'NONE',  ( -3.941279346690865992, 0.9999999999999974465, -12.62347598126822845 ) ) ;
#3848 = CARTESIAN_POINT ( 'NONE',  ( -64.40000000000000568, -20.50000000000001066, -59.54075870073008758 ) ) ;
#3849 = VERTEX_POINT ( 'NONE', #3430 ) ;
#3850 = VECTOR ( 'NONE', #6065, 1000.000000000000000 ) ;
#3851 = VERTEX_POINT ( 'NONE', #3331 ) ;
#3852 = DIRECTION ( 'NONE',  ( 1.224646799147353700E-16, -1.000000000000000000, -2.736911063134408342E-48 ) ) ;
#3853 = PLANE ( 'NONE',  #5726 ) ;
#3854 = VERTEX_POINT ( 'NONE', #3832 ) ;
#3855 = CARTESIAN_POINT ( 'NONE',  ( -10.84327771602663937, -24.50000000137262646, -11.45889280143967781 ) ) ;
#3856 = AXIS2_PLACEMENT_3D ( 'NONE', #3870, #5953, #228 ) ;
#3857 = CARTESIAN_POINT ( 'NONE',  ( -10.01250782228089875, 2.499999999999988454, -19.00000000000003553 ) ) ;
#3858 = DIRECTION ( 'NONE',  ( 0.000000000000000000, 0.000000000000000000, 1.000000000000000000 ) ) ;
#3859 = VERTEX_POINT ( 'NONE', #5406 ) ;
#3860 = AXIS2_PLACEMENT_3D ( 'NONE', #964, #4066, #4647 ) ;
#3861 = CARTESIAN_POINT ( 'NONE',  ( 3.209209507134801605E-15, -17.80838814962351790, -63.76188481852116041 ) ) ;
#3862 = DIRECTION ( 'NONE',  ( 1.224646799147353700E-16, -1.000000000000000000, 0.000000000000000000 ) ) ;
#3863 = ORIENTED_EDGE ( 'NONE', *, *, #3383, .F. ) ;
#3865 = DIRECTION ( 'NONE',  ( 0.000000000000000000, 0.000000000000000000, 1.000000000000000000 ) ) ;
#3864 = APPLICATION_PROTOCOL_DEFINITION ( 'draft international standard', 'automotive_design', 1998, #4623 ) ;
#3866 = ORIENTED_EDGE ( 'NONE', *, *, #3079, .T. ) ;
#3867 = EDGE_CURVE ( 'NONE', #125, #6612, #4955, .T. ) ;
#3868 = DIRECTION ( 'NONE',  ( -1.249000902703301108E-14, 0.000000000000000000, 1.000000000000000000 ) ) ;
#3869 = AXIS2_PLACEMENT_3D ( 'NONE', #311, #4396, #5488 ) ;
#3870 = CARTESIAN_POINT ( 'NONE',  ( -100.0000000000000000, -33.39999999999999858, -27.67548866570383836 ) ) ;
#3871 = ORIENTED_EDGE ( 'NONE', *, *, #3145, .T. ) ;
#3872 = AXIS2_PLACEMENT_3D ( 'NONE', #5309, #4797, #2045 ) ;
#3873 = DIRECTION ( 'NONE',  ( 0.000000000000000000, 3.697785493223492838E-32, 1.000000000000000000 ) ) ;
#3874 = DIRECTION ( 'NONE',  ( 1.000000000000000000, 1.411814255020735290E-16, 0.000000000000000000 ) ) ;
#3875 = EDGE_CURVE ( 'NONE', #4247, #6246, #1284, .T. ) ;
#3876 = CARTESIAN_POINT ( 'NONE',  ( -95.00000000000002842, -26.50000000000001421, -64.50000000000000000 ) ) ;
#3877 = CARTESIAN_POINT ( 'NONE',  ( -53.07499999999999574, -26.50000000000000355, -45.00000000000002132 ) ) ;
#3878 = ORIENTED_EDGE ( 'NONE', *, *, #2260, .T. ) ;
#3879 = CIRCLE ( 'NONE', #2470, 2.125000000000002665 ) ;
#3880 = ORIENTED_EDGE ( 'NONE', *, *, #141, .F. ) ;
#3881 = DIRECTION ( 'NONE',  ( 1.224646799147353700E-16, -1.000000000000000000, 0.000000000000000000 ) ) ;
#3882 = CARTESIAN_POINT ( 'NONE',  ( -6.625000000000004441, -25.50000000000000355, -65.50000000000001421 ) ) ;
#3883 = CARTESIAN_POINT ( 'NONE',  ( -8.828117623641521305, -21.04035555311273953, -57.77414117928324089 ) ) ;
#3884 = CARTESIAN_POINT ( 'NONE',  ( -85.50000000000009948, 0.000000000000000000, -62.99999999999998579 ) ) ;
#3885 = EDGE_CURVE ( 'NONE', #219, #5718, #3318, .T. ) ;
#3886 = LINE ( 'NONE', #4913, #2091 ) ;
#3887 = ORIENTED_EDGE ( 'NONE', *, *, #5305, .T. ) ;
#3888 = AXIS2_PLACEMENT_3D ( 'NONE', #5641, #2499, #4704 ) ;
#3889 = ADVANCED_FACE ( 'NONE', ( #3395 ), #301, .F. ) ;
#3890 = ORIENTED_EDGE ( 'NONE', *, *, #2586, .F. ) ;
#3891 = AXIS2_PLACEMENT_3D ( 'NONE', #6100, #4241, #4055 ) ;
#3893 = ORIENTED_EDGE ( 'NONE', *, *, #309, .T. ) ;
#3892 = CARTESIAN_POINT ( 'NONE',  ( -70.28183768826340838, -23.50000000000000711, -15.50000000000000711 ) ) ;
#3894 = DIRECTION ( 'NONE',  ( 9.983034335009922775E-17, -0.7071067811865451302, 0.7071067811865500152 ) ) ;
#3895 = ORIENTED_EDGE ( 'NONE', *, *, #372, .F. ) ;
#3896 = CARTESIAN_POINT ( 'NONE',  ( -8.869276367476169654, -21.09397084880921014, -12.24993881177991106 ) ) ;
#3897 = ORIENTED_EDGE ( 'NONE', *, *, #5444, .F. ) ;
#3898 = DIRECTION ( 'NONE',  ( 0.000000000000000000, -1.000000000000000000, 0.000000000000000000 ) ) ;
#3899 = ORIENTED_EDGE ( 'NONE', *, *, #4516, .F. ) ;
#3900 = VERTEX_POINT ( 'NONE', #803 ) ;
#3901 = CARTESIAN_POINT ( 'NONE',  ( -105.0000000000000142, 5.999999999999981348, -6.999999999999999112 ) ) ;
#3902 = EDGE_CURVE ( 'NONE', #1315, #5846, #5720, .T. ) ;
#3903 = CYLINDRICAL_SURFACE ( 'NONE', #494, 2.125000000000001776 ) ;
#3904 = ORIENTED_EDGE ( 'NONE', *, *, #4638, .T. ) ;
#3905 = LINE ( 'NONE', #1752, #29 ) ;
#3906 = ORIENTED_EDGE ( 'NONE', *, *, #4462, .T. ) ;
#3907 = DIRECTION ( 'NONE',  ( 1.321694076934710155E-16, -1.000000000000000000, 0.000000000000000000 ) ) ;
#3908 = DIRECTION ( 'NONE',  ( 1.000000000000000000, 1.411814255020735290E-16, 0.000000000000000000 ) ) ;
#3909 = ORIENTED_EDGE ( 'NONE', *, *, #1114, .T. ) ;
#3910 = EDGE_CURVE ( 'NONE', #1821, #3653, #4900, .T. ) ;
#3911 = PLANE ( 'NONE',  #1047 ) ;
#3912 = FACE_OUTER_BOUND ( 'NONE', #1516, .T. ) ;
#3913 = CARTESIAN_POINT ( 'NONE',  ( -105.0000000000000142, 1.552207410648924535, -3.960883190575414936 ) ) ;
#3914 = DIRECTION ( 'NONE',  ( 0.000000000000000000, 0.000000000000000000, 1.000000000000000000 ) ) ;
#3915 = EDGE_CURVE ( 'NONE', #6554, #6399, #6362, .T. ) ;
#3916 = ORIENTED_EDGE ( 'NONE', *, *, #1183, .T. ) ;
#3917 = DIRECTION ( 'NONE',  ( -1.000000000000000000, 1.220304592980192936E-15, 0.000000000000000000 ) ) ;
#3918 = CARTESIAN_POINT ( 'NONE',  ( -60.51368986119716453, -23.50000000000001066, -5.500000000000005329 ) ) ;
#3919 = DIRECTION ( 'NONE',  ( 1.000000000000000000, 2.312964634635742464E-16, 0.000000000000000000 ) ) ;
#3920 = PLANE ( 'NONE',  #1750 ) ;
#3921 = FACE_OUTER_BOUND ( 'NONE', #983, .T. ) ;
#3922 = EDGE_CURVE ( 'NONE', #6589, #5440, #2847, .T. ) ;
#3923 = ORIENTED_EDGE ( 'NONE', *, *, #1504, .F. ) ;
#3924 = EDGE_CURVE ( 'NONE', #4628, #4140, #2767, .T. ) ;
#3925 = DIRECTION ( 'NONE',  ( 1.000000000000000000, 0.000000000000000000, 0.000000000000000000 ) ) ;
#3926 = CARTESIAN_POINT ( 'NONE',  ( 4.000000000000000000, 0.000000000000000000, 0.000000000000000000 ) ) ;
#3927 = FACE_OUTER_BOUND ( 'NONE', #3361, .T. ) ;
#3928 = DIRECTION ( 'NONE',  ( 0.000000000000000000, 0.000000000000000000, -1.000000000000000000 ) ) ;
#3929 = CIRCLE ( 'NONE', #6318, 10.00000000000000178 ) ;
#3930 = VERTEX_POINT ( 'NONE', #4974 ) ;
#3931 = ADVANCED_FACE ( 'NONE', ( #2885 ), #6024, .F. ) ;
#3932 = ORIENTED_EDGE ( 'NONE', *, *, #309, .F. ) ;
#3933 = FACE_OUTER_BOUND ( 'NONE', #1812, .T. ) ;
#3934 = CARTESIAN_POINT ( 'NONE',  ( -67.62500000000000000, -30.50000000000001066, -4.500000000000003553 ) ) ;
#3935 = VECTOR ( 'NONE', #4192, 1000.000000000000000 ) ;
#3936 = VERTEX_POINT ( 'NONE', #5479 ) ;
#3937 = CARTESIAN_POINT ( 'NONE',  ( 4.000000000000003553, -27.50000000000001776, -57.99999999999999289 ) ) ;
#3938 = VERTEX_POINT ( 'NONE', #3296 ) ;
#3939 = CARTESIAN_POINT ( 'NONE',  ( -1.816279346690854890, 9.499999999999872102, -66.70463781045448570 ) ) ;
#3940 = DIRECTION ( 'NONE',  ( 1.000000000000000000, 2.312964634635742957E-16, 0.000000000000000000 ) ) ;
#3941 = ORIENTED_EDGE ( 'NONE', *, *, #4621, .F. ) ;
#3942 = AXIS2_PLACEMENT_3D ( 'NONE', #2230, #1200, #3280 ) ;
#3943 = AXIS2_PLACEMENT_3D ( 'NONE', #4925, #252, #4412 ) ;
#3944 = ADVANCED_FACE ( 'NONE', ( #5368 ), #2781, .F. ) ;
#3945 = DIRECTION ( 'NONE',  ( 0.000000000000000000, 1.000000000000000000, 0.000000000000000000 ) ) ;
#3946 = VECTOR ( 'NONE', #5123, 1000.000000000000000 ) ;
#3947 = CARTESIAN_POINT ( 'NONE',  ( -9.245148231449121567, -20.50000000000000355, -9.589374687262376185 ) ) ;
#3948 = CARTESIAN_POINT ( 'NONE',  ( -19.99999999999998934, -1.999999999999984457, -19.49999999999999645 ) ) ;
#3949 = CARTESIAN_POINT ( 'NONE',  ( -100.0000000000000000, 1.552207410648924757, -68.16411680942459839 ) ) ;
#3950 = AXIS2_PLACEMENT_3D ( 'NONE', #2286, #769, #5009 ) ;
#3951 = DIRECTION ( 'NONE',  ( 1.000000000000000000, 1.224646799147353700E-16, 0.000000000000000000 ) ) ;
#3952 = DIRECTION ( 'NONE',  ( 1.000000000000000000, 1.224646799147353700E-16, 0.000000000000000000 ) ) ;
#3953 = ORIENTED_EDGE ( 'NONE', *, *, #5592, .T. ) ;
#3954 = CARTESIAN_POINT ( 'NONE',  ( -9.007917863944117087, -21.24290613124910010, -58.05635008410818898 ) ) ;
#3955 = PLANE ( 'NONE',  #16 ) ;
#3956 = DIRECTION ( 'NONE',  ( -1.000000000000000000, 1.214306433183765755E-15, 0.000000000000000000 ) ) ;
#3957 = ORIENTED_EDGE ( 'NONE', *, *, #2991, .T. ) ;
#3958 = CIRCLE ( 'NONE', #5707, 10.00000000000000000 ) ;
#3959 = EDGE_LOOP ( 'NONE', ( #2181, #2548 ) ) ;
#3960 = ADVANCED_FACE ( 'NONE', ( #197 ), #4348, .T. ) ;
#3961 = CIRCLE ( 'NONE', #371, 1.500000000000001332 ) ;
#3962 = FACE_OUTER_BOUND ( 'NONE', #4775, .T. ) ;
#3963 = CARTESIAN_POINT ( 'NONE',  ( -6.066279346690855334, 9.499999999999875655, -66.70463781045448570 ) ) ;
#3964 = CARTESIAN_POINT ( 'NONE',  ( -8.196657433637193790, -23.55593564157926423, -13.07699323318484552 ) ) ;
#3965 = ADVANCED_FACE ( 'NONE', ( #6412 ), #4202, .T. ) ;
#3966 = CARTESIAN_POINT ( 'NONE',  ( -100.0000000000000000, -33.39999999999999858, -27.67548866570383836 ) ) ;
#3967 = AXIS2_PLACEMENT_3D ( 'NONE', #2301, #5902, #152 ) ;
#3968 = ORIENTED_EDGE ( 'NONE', *, *, #1238, .F. ) ;
#3969 = ORIENTED_EDGE ( 'NONE', *, *, #901, .F. ) ;
#3970 = CYLINDRICAL_SURFACE ( 'NONE', #4633, 2.125000000000001776 ) ;
#3971 = CARTESIAN_POINT ( 'NONE',  ( -20.00000000000000000, -26.50000000000000355, -5.500000000000005329 ) ) ;
#3972 = CIRCLE ( 'NONE', #56, 15.00000000000000000 ) ;
#3973 = EDGE_LOOP ( 'NONE', ( #3474, #4451 ) ) ;
#3974 = ORIENTED_EDGE ( 'NONE', *, *, #2586, .T. ) ;
#3975 = EDGE_CURVE ( 'NONE', #978, #636, #1610, .T. ) ;
#3976 = CYLINDRICAL_SURFACE ( 'NONE', #3734, 9.999999999999994671 ) ;
#3977 = ORIENTED_EDGE ( 'NONE', *, *, #3506, .F. ) ;
#3978 = AXIS2_PLACEMENT_3D ( 'NONE', #4208, #1111, #2038 ) ;
#3979 = AXIS2_PLACEMENT_3D ( 'NONE', #4893, #3253, #220 ) ;
#3980 = DIRECTION ( 'NONE',  ( 1.321694076934710155E-16, -1.000000000000000000, 0.000000000000000000 ) ) ;
#3981 = CIRCLE ( 'NONE', #6371, 2.125000000000001776 ) ;
#3982 = CARTESIAN_POINT ( 'NONE',  ( -24.61886723926605924, -5.999999999999998224, -2.750000000000030198 ) ) ;
#3983 = LINE ( 'NONE', #4121, #5801 ) ;
#3984 = CARTESIAN_POINT ( 'NONE',  ( -24.61886723926605924, 0.000000000000000000, -67.25000000000000000 ) ) ;
#3985 = AXIS2_PLACEMENT_3D ( 'NONE', #99, #31, #2142 ) ;
#3986 = DIRECTION ( 'NONE',  ( 1.000000000000000000, 1.224646799147353700E-16, 0.000000000000000000 ) ) ;
#3987 = FACE_OUTER_BOUND ( 'NONE', #6038, .T. ) ;
#3988 = LINE ( 'NONE', #239, #5194 ) ;
#3989 = PLANE ( 'NONE',  #4147 ) ;
#3990 = FACE_OUTER_BOUND ( 'NONE', #3421, .T. ) ;
#3991 = AXIS2_PLACEMENT_3D ( 'NONE', #3017, #1894, #794 ) ;
#3992 = ORIENTED_EDGE ( 'NONE', *, *, #5592, .F. ) ;
#3993 = EDGE_LOOP ( 'NONE', ( #1608, #2714, #6544, #1465 ) ) ;
#3994 = DIRECTION ( 'NONE',  ( 1.000000000000000000, 0.000000000000000000, 0.000000000000000000 ) ) ;
#3995 = AXIS2_PLACEMENT_3D ( 'NONE', #4957, #820, #2369 ) ;
#3996 = EDGE_CURVE ( 'NONE', #1927, #2979, #810, .T. ) ;
#3997 = CARTESIAN_POINT ( 'NONE',  ( -105.0000000000000142, -33.39999999999999858, -40.19951133429615453 ) ) ;
#3998 = FACE_OUTER_BOUND ( 'NONE', #1294, .T. ) ;
#3999 = CARTESIAN_POINT ( 'NONE',  ( -8.517243739742884401, -20.73121119030733439, -12.66614782898862934 ) ) ;
#4000 = ORIENTED_EDGE ( 'NONE', *, *, #4718, .T. ) ;
#4001 = ORIENTED_EDGE ( 'NONE', *, *, #5235, .F. ) ;
#4002 = DIRECTION ( 'NONE',  ( -1.000000000000000000, -1.224646799147353700E-16, 0.000000000000000000 ) ) ;
#4003 = EDGE_CURVE ( 'NONE', #4339, #6727, #1198, .T. ) ;
#4004 = CYLINDRICAL_SURFACE ( 'NONE', #5188, 1.500000000000001332 ) ;
#4005 = ORIENTED_EDGE ( 'NONE', *, *, #3341, .F. ) ;
#4006 = DIRECTION ( 'NONE',  ( 9.345788444546313213E-17, -0.7071067811865500152, -0.7071067811865451302 ) ) ;
#4007 = TOROIDAL_SURFACE ( 'NONE', #4865, 7.000000000000002665, 4.000000000000000000 ) ;
#4008 = ORIENTED_EDGE ( 'NONE', *, *, #4649, .T. ) ;
#4009 = CARTESIAN_POINT ( 'NONE',  ( 4.000000000000000000, -2.125930999906708418, -6.238115181478841365 ) ) ;
#4010 = ORIENTED_EDGE ( 'NONE', *, *, #5800, .F. ) ;
#4011 = ADVANCED_FACE ( 'NONE', ( #115 ), #3278, .T. ) ;
#4012 = DIRECTION ( 'NONE',  ( 1.224646799147353700E-16, -1.000000000000000000, 0.000000000000000000 ) ) ;
#4013 = ADVANCED_FACE ( 'NONE', ( #6381 ), #4748, .T. ) ;
#4014 = EDGE_CURVE ( 'NONE', #4809, #6673, #3335, .T. ) ;
#4015 = DIRECTION ( 'NONE',  ( -1.000000000000000000, -0.000000000000000000, -0.000000000000000000 ) ) ;
#4016 = DIRECTION ( 'NONE',  ( 1.214306433183765755E-15, 1.000000000000000000, 0.000000000000000000 ) ) ;
#4017 = DIRECTION ( 'NONE',  ( -1.224646799147353700E-16, 1.000000000000000000, 2.736911063134408342E-48 ) ) ;
#4018 = ORIENTED_EDGE ( 'NONE', *, *, #474, .F. ) ;
#4019 = DIRECTION ( 'NONE',  ( 1.000000000000000000, 0.000000000000000000, 0.000000000000000000 ) ) ;
#4020 = ORIENTED_EDGE ( 'NONE', *, *, #2478, .F. ) ;
#4021 = DIRECTION ( 'NONE',  ( 0.000000000000000000, 0.000000000000000000, -1.000000000000000000 ) ) ;
#4022 = DIRECTION ( 'NONE',  ( 1.000000000000000000, 0.000000000000000000, 0.000000000000000000 ) ) ;
#4023 = CARTESIAN_POINT ( 'NONE',  ( -70.15000000000000568, -30.50000000000001421, -70.00000000000000000 ) ) ;
#4024 = EDGE_LOOP ( 'NONE', ( #827, #2695, #3055, #4620 ) ) ;
#4025 = VERTEX_POINT ( 'NONE', #3249 ) ;
#4026 = CARTESIAN_POINT ( 'NONE',  ( -74.99999999999998579, -26.50000000000001066, -7.008699119991089965 ) ) ;
#4027 = CARTESIAN_POINT ( 'NONE',  ( -2.000000000000000000, 2.499999999999984901, -19.00000000000003197 ) ) ;
#4028 = CARTESIAN_POINT ( 'NONE',  ( -46.32740755027063528, -23.50000000000001066, -5.500000000000005329 ) ) ;
#4029 = ORIENTED_EDGE ( 'NONE', *, *, #6266, .F. ) ;
#4030 = CARTESIAN_POINT ( 'NONE',  ( -6.399999999999999467, -23.94024765466012639, -64.50000000000000000 ) ) ;
#4031 = DIRECTION ( 'NONE',  ( 1.214306433183765755E-15, 1.000000000000000000, 0.000000000000000000 ) ) ;
#4032 = VERTEX_POINT ( 'NONE', #150 ) ;
#4033 = CIRCLE ( 'NONE', #991, 2.125000000000001776 ) ;
#4034 = ORIENTED_EDGE ( 'NONE', *, *, #6696, .F. ) ;
#4035 = CARTESIAN_POINT ( 'NONE',  ( -80.28183768826340838, -23.50000000000001066, -54.50000000000000000 ) ) ;
#4036 = EDGE_LOOP ( 'NONE', ( #6599, #5651, #3047, #4917 ) ) ;
#4037 = ORIENTED_EDGE ( 'NONE', *, *, #61, .F. ) ;
#4038 = ADVANCED_FACE ( 'NONE', ( #4851 ), #4233, .F. ) ;
#4039 = ORIENTED_EDGE ( 'NONE', *, *, #921, .T. ) ;
#4040 = CIRCLE ( 'NONE', #1105, 1.500000000000001332 ) ;
#4041 = CARTESIAN_POINT ( 'NONE',  ( 3.469446951953614189E-15, 2.499999999999988454, -19.00000000000003197 ) ) ;
#4042 = VERTEX_POINT ( 'NONE', #183 ) ;
#4043 = CARTESIAN_POINT ( 'NONE',  ( 4.000000000000003553, -31.49999999999997158, -70.00000000000000000 ) ) ;
#4044 = EDGE_LOOP ( 'NONE', ( #182, #3184, #5198, #1161 ) ) ;
#4045 = LINE ( 'NONE', #2516, #1889 ) ;
#4046 = AXIS2_PLACEMENT_3D ( 'NONE', #701, #4834, #2386 ) ;
#4047 = VECTOR ( 'NONE', #4962, 1000.000000000000000 ) ;
#4048 = LINE ( 'NONE', #6093, #5266 ) ;
#4049 = EDGE_CURVE ( 'NONE', #1859, #4408, #2264, .T. ) ;
#4050 = DIRECTION ( 'NONE',  ( 1.000000000000000000, 1.224646799147353700E-16, 0.000000000000000000 ) ) ;
#4051 = AXIS2_PLACEMENT_3D ( 'NONE', #6717, #3139, #2056 ) ;
#4052 = DIRECTION ( 'NONE',  ( 1.214306433183765755E-15, 1.000000000000000000, 0.000000000000000000 ) ) ;
#4053 = ORIENTED_EDGE ( 'NONE', *, *, #1040, .T. ) ;
#4054 = CARTESIAN_POINT ( 'NONE',  ( -56.32740755027064239, -26.50000000000001066, -64.50000000000000000 ) ) ;
#4055 = DIRECTION ( 'NONE',  ( 0.000000000000000000, -1.000000000000000000, 0.000000000000000000 ) ) ;
#4056 = LINE ( 'NONE', #6706, #2193 ) ;
#4057 = DIRECTION ( 'NONE',  ( 0.000000000000000000, 0.000000000000000000, 1.000000000000000000 ) ) ;
#4058 = VERTEX_POINT ( 'NONE', #2663 ) ;
#4059 = EDGE_LOOP ( 'NONE', ( #1300, #6176, #2265, #499 ) ) ;
#4060 = CARTESIAN_POINT ( 'NONE',  ( -10.67333342978373878, -24.50000000068342842, -58.11429972483243489 ) ) ;
#4061 = EDGE_CURVE ( 'NONE', #6353, #6369, #5390, .T. ) ;
#4062 = EDGE_LOOP ( 'NONE', ( #2697, #4144, #6490, #1328, #265, #1816, #4001, #3239, #2907, #2848 ) ) ;
#4063 = CIRCLE ( 'NONE', #6664, 4.000000000000000000 ) ;
#4064 = CARTESIAN_POINT ( 'NONE',  ( -105.0000000000000142, 9.499999999999998224, -70.00000000000000000 ) ) ;
#4065 = AXIS2_PLACEMENT_3D ( 'NONE', #3797, #3830, #2918 ) ;
#4066 = DIRECTION ( 'NONE',  ( -7.395570986446985676E-32, 6.033820786006282759E-16, 1.000000000000000000 ) ) ;
#4067 = ORIENTED_EDGE ( 'NONE', *, *, #5933, .T. ) ;
#4068 = CARTESIAN_POINT ( 'NONE',  ( -19.99999999999999645, -1.500000000000011768, -50.49999999999999289 ) ) ;
#4069 = ADVANCED_FACE ( 'NONE', ( #50 ), #6285, .F. ) ;
#4070 = VECTOR ( 'NONE', #3490, 1000.000000000000000 ) ;
#4071 = VERTEX_POINT ( 'NONE', #5840 ) ;
#4072 = CARTESIAN_POINT ( 'NONE',  ( -7.852255698008313800, -24.02569591691353068, -56.85172700044608973 ) ) ;
#4073 = LINE ( 'NONE', #4680, #418 ) ;
#4074 = EDGE_CURVE ( 'NONE', #2322, #1343, #2849, .T. ) ;
#4075 = ORIENTED_EDGE ( 'NONE', *, *, #2489, .F. ) ;
#4076 = AXIS2_PLACEMENT_3D ( 'NONE', #6030, #1360, #3914 ) ;
#4077 = VERTEX_POINT ( 'NONE', #2432 ) ;
#4078 = CARTESIAN_POINT ( 'NONE',  ( -9.999999999999996447, 5.999999999999994671, -50.49999999999999289 ) ) ;
#4079 = ORIENTED_EDGE ( 'NONE', *, *, #4228, .F. ) ;
#4080 = VECTOR ( 'NONE', #4315, 1000.000000000000000 ) ;
#4081 = FACE_OUTER_BOUND ( 'NONE', #2812, .T. ) ;
#4082 = ORIENTED_EDGE ( 'NONE', *, *, #520, .F. ) ;
#4083 = ADVANCED_FACE ( 'NONE', ( #5498 ), #2831, .T. ) ;
#4084 = CARTESIAN_POINT ( 'NONE',  ( -23.07499999999999574, -30.50000000000000711, -15.00000000000001954 ) ) ;
#4085 = ORIENTED_EDGE ( 'NONE', *, *, #5535, .F. ) ;
#4086 = DIRECTION ( 'NONE',  ( 0.000000000000000000, 0.000000000000000000, -1.000000000000000000 ) ) ;
#4087 = AXIS2_PLACEMENT_3D ( 'NONE', #1954, #1345, #1443 ) ;
#4088 = DIRECTION ( 'NONE',  ( 1.000000000000000000, 1.224646799147353700E-16, 3.081487911019577365E-33 ) ) ;
#4089 = VECTOR ( 'NONE', #5027, 1000.000000000000000 ) ;
#4090 = CYLINDRICAL_SURFACE ( 'NONE', #4195, 2.125000000000001776 ) ;
#4091 = ORIENTED_EDGE ( 'NONE', *, *, #707, .T. ) ;
#4092 = CARTESIAN_POINT ( 'NONE',  ( -95.00000000000002842, -2.500000000000012434, -5.500000000000001776 ) ) ;
#4093 = ORIENTED_EDGE ( 'NONE', *, *, #1215, .T. ) ;
#4094 = DIRECTION ( 'NONE',  ( -1.224646799147353700E-16, 1.000000000000000000, 0.000000000000000000 ) ) ;
#4095 = ADVANCED_FACE ( 'NONE', ( #3998 ), #6485, .T. ) ;
#4096 = FACE_BOUND ( 'NONE', #6256, .T. ) ;
#4097 = CARTESIAN_POINT ( 'NONE',  ( -105.0000000000000142, -33.39999999999999858, -42.32451133429615453 ) ) ;
#4098 = VERTEX_POINT ( 'NONE', #214 ) ;
#4099 = DIRECTION ( 'NONE',  ( 0.000000000000000000, 0.000000000000000000, 1.000000000000000000 ) ) ;
#4100 = ORIENTED_EDGE ( 'NONE', *, *, #731, .F. ) ;
#4101 = ORIENTED_EDGE ( 'NONE', *, *, #5091, .F. ) ;
#4102 = CIRCLE ( 'NONE', #1809, 2.125000000000000000 ) ;
#4103 = EDGE_CURVE ( 'NONE', #4414, #6369, #587, .T. ) ;
#4104 = LINE ( 'NONE', #6276, #3122 ) ;
#4105 = VECTOR ( 'NONE', #6259, 1000.000000000000000 ) ;
#4106 = LINE ( 'NONE', #4027, #813 ) ;
#4107 = ORIENTED_EDGE ( 'NONE', *, *, #5606, .F. ) ;
#4108 = EDGE_CURVE ( 'NONE', #6727, #5237, #2936, .T. ) ;
#4109 = LINE ( 'NONE', #3046, #3946 ) ;
#4110 = EDGE_LOOP ( 'NONE', ( #6200, #4406 ) ) ;
#4111 = CARTESIAN_POINT ( 'NONE',  ( 3.469446951953614189E-15, -30.50000000000000355, 0.000000000000000000 ) ) ;
#4112 = AXIS2_PLACEMENT_3D ( 'NONE', #1091, #516, #5120 ) ;
#4113 = CARTESIAN_POINT ( 'NONE',  ( -100.0000000000000000, -33.39999999999999858, -40.19951133429615453 ) ) ;
#4114 = ORIENTED_EDGE ( 'NONE', *, *, #4805, .F. ) ;
#4115 = FACE_OUTER_BOUND ( 'NONE', #5144, .T. ) ;
#4116 = VECTOR ( 'NONE', #5079, 1000.000000000000000 ) ;
#4117 = ORIENTED_EDGE ( 'NONE', *, *, #3074, .T. ) ;
#4119 = ORIENTED_EDGE ( 'NONE', *, *, #6370, .T. ) ;
#4118 = CARTESIAN_POINT ( 'NONE',  ( -8.151500958025886590, -20.52324428250529209, -12.97941148110147225 ) ) ;
#4120 = ORIENTED_EDGE ( 'NONE', *, *, #4671, .T. ) ;
#4121 = CARTESIAN_POINT ( 'NONE',  ( -31.75100000000002964, -12.25099999999982714, -7.000000000000013323 ) ) ;
#4122 = CARTESIAN_POINT ( 'NONE',  ( -100.0000000000000000, -33.39999999999999858, -25.55048866570383481 ) ) ;
#4123 = CARTESIAN_POINT ( 'NONE',  ( -4.899999999999996803, -24.50000000000001421, -59.54075870073009469 ) ) ;
#4124 = VERTEX_POINT ( 'NONE', #5972 ) ;
#4125 = DIRECTION ( 'NONE',  ( -1.000000000000000000, 0.000000000000000000, 0.000000000000000000 ) ) ;
#4126 = CYLINDRICAL_SURFACE ( 'NONE', #5249, 2.125000000000000000 ) ;
#4127 = CARTESIAN_POINT ( 'NONE',  ( -9.999999995183236123, -24.49999999840553144, -54.75731187591348714 ) ) ;
#4128 = ORIENTED_EDGE ( 'NONE', *, *, #2269, .T. ) ;
#4129 = EDGE_CURVE ( 'NONE', #745, #1021, #6039, .T. ) ;
#4130 = FACE_OUTER_BOUND ( 'NONE', #2786, .T. ) ;
#4131 = CARTESIAN_POINT ( 'NONE',  ( -64.40000000000000568, -20.50000000000001066, -10.54075870073010357 ) ) ;
#4132 = EDGE_LOOP ( 'NONE', ( #1032, #1051 ) ) ;
#4133 = CYLINDRICAL_SURFACE ( 'NONE', #5794, 10.00000000000000178 ) ;
#4134 = ADVANCED_FACE ( 'NONE', ( #4918 ), #5376, .F. ) ;
#4135 = ORIENTED_EDGE ( 'NONE', *, *, #5640, .T. ) ;
#4136 = CARTESIAN_POINT ( 'NONE',  ( -1.816279346690863994, 4.499999999999872990, -3.295362189545513854 ) ) ;
#4137 = CYLINDRICAL_SURFACE ( 'NONE', #4879, 2.125000000000001776 ) ;
#4138 = DIRECTION ( 'NONE',  ( 0.000000000000000000, -1.000000000000000000, 0.000000000000000000 ) ) ;
#4139 = EDGE_CURVE ( 'NONE', #4546, #1046, #4478, .T. ) ;
#4140 = VERTEX_POINT ( 'NONE', #1778 ) ;
#4141 = DIRECTION ( 'NONE',  ( -1.000000000000000000, 0.000000000000000000, 0.000000000000000000 ) ) ;
#4142 = VECTOR ( 'NONE', #1840, 1000.000000000000000 ) ;
#4143 = EDGE_LOOP ( 'NONE', ( #5229, #1753, #489, #1694 ) ) ;
#4144 = ORIENTED_EDGE ( 'NONE', *, *, #4964, .T. ) ;
#4145 = CARTESIAN_POINT ( 'NONE',  ( -56.32740755027063528, -23.50000000000001066, -15.50000000000000000 ) ) ;
#4146 = CARTESIAN_POINT ( 'NONE',  ( -67.57051839733942700, -23.38218051140489351, -64.50000000000000000 ) ) ;
#4147 = AXIS2_PLACEMENT_3D ( 'NONE', #6205, #1463, #3067 ) ;
#4148 = ORIENTED_EDGE ( 'NONE', *, *, #6615, .T. ) ;
#4149 = CARTESIAN_POINT ( 'NONE',  ( -6.066279346690865992, 1.000000000000000000, -12.62347598126822845 ) ) ;
#4150 = ORIENTED_EDGE ( 'NONE', *, *, #4179, .T. ) ;
#4151 = VECTOR ( 'NONE', #6630, 1000.000000000000000 ) ;
#4152 = DIRECTION ( 'NONE',  ( -1.314184451497580735E-17, 1.000000000000000000, 0.000000000000000000 ) ) ;
#4153 = ADVANCED_FACE ( 'NONE', ( #2869 ), #3853, .T. ) ;
#4154 = DIRECTION ( 'NONE',  ( -1.779203565104419347E-16, -2.178895951036687735E-32, -1.000000000000000000 ) ) ;
#4155 = CARTESIAN_POINT ( 'NONE',  ( -3.941279346690864216, 4.499999999999875655, -3.295362189545514298 ) ) ;
#4156 = ORIENTED_EDGE ( 'NONE', *, *, #2069, .T. ) ;
#4157 = VERTEX_POINT ( 'NONE', #4409 ) ;
#4158 = AXIS2_PLACEMENT_3D ( 'NONE', #5958, #1321, #6502 ) ;
#4159 = AXIS2_PLACEMENT_3D ( 'NONE', #5941, #752, #1274 ) ;
#4160 = DIRECTION ( 'NONE',  ( -1.000000000000000000, -1.224646799147353700E-16, 0.000000000000000000 ) ) ;
#4161 = CARTESIAN_POINT ( 'NONE',  ( -9.999999999999996447, -24.50000000000001421, -16.54409110865155341 ) ) ;
#4162 = VERTEX_POINT ( 'NONE', #785 ) ;
#4163 = ADVANCED_FACE ( 'NONE', ( #1337 ), #5429, .T. ) ;
#4164 = CARTESIAN_POINT ( 'NONE',  ( -12.80795139522866144, -24.49999999955960917, -8.548637342459523225 ) ) ;
#4165 = AXIS2_PLACEMENT_3D ( 'NONE', #5798, #176, #1131 ) ;
#4166 = ORIENTED_EDGE ( 'NONE', *, *, #975, .T. ) ;
#4167 = AXIS2_PLACEMENT_3D ( 'NONE', #5211, #1123, #1087 ) ;
#4168 = CARTESIAN_POINT ( 'NONE',  ( -70.28183768826342259, -23.50000000000001066, -64.50000000000000000 ) ) ;
#4169 = CARTESIAN_POINT ( 'NONE',  ( -101.0587206533091233, 0.9999999999999835687, -57.37652401873177865 ) ) ;
#4170 = ADVANCED_FACE ( 'NONE', ( #248, #5021, #6516, #2334, #2370, #4447 ), #2906, .F. ) ;
#4171 = VERTEX_POINT ( 'NONE', #3963 ) ;
#4172 = PLANE ( 'NONE',  #45 ) ;
#4173 = AXIS2_PLACEMENT_3D ( 'NONE', #3913, #5992, #4497 ) ;
#4174 = VERTEX_POINT ( 'NONE', #2401 ) ;
#4175 = CARTESIAN_POINT ( 'NONE',  ( 0.000000000000000000, -1.500000000000011768, -64.50000000000000000 ) ) ;
#4176 = AXIS2_PLACEMENT_3D ( 'NONE', #4235, #5162, #2572 ) ;
#4177 = ORIENTED_EDGE ( 'NONE', *, *, #6055, .T. ) ;
#4178 = LINE ( 'NONE', #3153, #959 ) ;
#4179 = EDGE_CURVE ( 'NONE', #4098, #4339, #6046, .T. ) ;
#4180 = EDGE_CURVE ( 'NONE', #2165, #3050, #4106, .T. ) ;
#4181 = CARTESIAN_POINT ( 'NONE',  ( 0.1500000000000042966, -34.50000000000000000, -70.00000000000000000 ) ) ;
#4182 = DIRECTION ( 'NONE',  ( -1.224646799147353700E-16, 1.000000000000000000, 0.000000000000000000 ) ) ;
#4183 = AXIS2_PLACEMENT_3D ( 'NONE', #186, #2267, #1176 ) ;
#4184 = DIRECTION ( 'NONE',  ( -1.314184451497580735E-17, 1.000000000000000000, 0.000000000000000000 ) ) ;
#4185 = VERTEX_POINT ( 'NONE', #4161 ) ;
#4186 = DIRECTION ( 'NONE',  ( 1.321694076934710155E-16, -1.000000000000000000, 0.000000000000000000 ) ) ;
#4187 = DIRECTION ( 'NONE',  ( 1.000000000000000000, 1.301042606982605321E-16, 0.000000000000000000 ) ) ;
#4188 = CARTESIAN_POINT ( 'NONE',  ( -1.999999999999997113, -24.46349611965364446, -5.920547161579786000 ) ) ;
#4189 = ORIENTED_EDGE ( 'NONE', *, *, #5235, .T. ) ;
#4190 = AXIS2_PLACEMENT_3D ( 'NONE', #2272, #3355, #156 ) ;
#4191 = DIRECTION ( 'NONE',  ( 0.000000000000000000, 0.000000000000000000, 1.000000000000000000 ) ) ;
#4192 = DIRECTION ( 'NONE',  ( 1.000000000000000000, 1.224646799147353700E-16, 0.000000000000000000 ) ) ;
#4193 = EDGE_LOOP ( 'NONE', ( #3932, #2912, #3003, #3623 ) ) ;
#4194 = CARTESIAN_POINT ( 'NONE',  ( -8.010400072626424617, -24.11151922018055771, -5.500000000000004441 ) ) ;
#4195 = AXIS2_PLACEMENT_3D ( 'NONE', #2454, #6175, #2486 ) ;
#4196 = ADVANCED_FACE ( 'NONE', ( #6714 ), #3009, .T. ) ;
#4197 = ORIENTED_EDGE ( 'NONE', *, *, #6724, .T. ) ;
#4198 = AXIS2_PLACEMENT_3D ( 'NONE', #4721, #1585, #529 ) ;
#4199 = CARTESIAN_POINT ( 'NONE',  ( -9.999999999999996447, -24.50000000000001421, -54.31939731259653570 ) ) ;
#4200 = EDGE_LOOP ( 'NONE', ( #5382, #5850 ) ) ;
#4201 = DIRECTION ( 'NONE',  ( -1.224646799147353700E-16, 1.000000000000000000, 0.000000000000000000 ) ) ;
#4202 = PLANE ( 'NONE',  #4732 ) ;
#4203 = CYLINDRICAL_SURFACE ( 'NONE', #3610, 17.00000000000000000 ) ;
#4204 = DIRECTION ( 'NONE',  ( -1.314184451497580735E-17, 1.000000000000000000, 0.000000000000000000 ) ) ;
#4205 = CIRCLE ( 'NONE', #4326, 2.125000000000001776 ) ;
#4206 = VERTEX_POINT ( 'NONE', #6211 ) ;
#4207 = ADVANCED_FACE ( 'NONE', ( #1507 ), #6150, .F. ) ;
#4209 = EDGE_LOOP ( 'NONE', ( #4863, #1924 ) ) ;
#4208 = CARTESIAN_POINT ( 'NONE',  ( -46.32740755027063528, -23.50000000000001066, -15.50000000000000000 ) ) ;
#4210 = CARTESIAN_POINT ( 'NONE',  ( -2.000000000000000000, -1.500000000000011768, -55.00000000000000000 ) ) ;
#4211 = CIRCLE ( 'NONE', #408, 2.125000000000001776 ) ;
#4212 = EDGE_LOOP ( 'NONE', ( #1970, #3893 ) ) ;
#4213 = LINE ( 'NONE', #4181, #5482 ) ;
#4214 = DIRECTION ( 'NONE',  ( 0.000000000000000000, -3.697785493223492838E-32, -1.000000000000000000 ) ) ;
#4215 = EDGE_CURVE ( 'NONE', #5430, #1650, #2593, .T. ) ;
#4216 = ADVANCED_FACE ( 'NONE', ( #8 ), #2054, .F. ) ;
#4217 = LINE ( 'NONE', #5236, #3758 ) ;
#4218 = ORIENTED_EDGE ( 'NONE', *, *, #798, .T. ) ;
#4219 = CARTESIAN_POINT ( 'NONE',  ( -43.07499999999999574, -29.00000000000000711, -60.00000000000002842 ) ) ;
#4220 = CARTESIAN_POINT ( 'NONE',  ( -64.78940027472572183, -23.05569301944158411, -5.500000000000005329 ) ) ;
#4221 = CARTESIAN_POINT ( 'NONE',  ( -1.999999999999996669, -24.43181156821867006, -15.00000000000001421 ) ) ;
#4222 = CIRCLE ( 'NONE', #2485, 7.000000000000006217 ) ;
#4223 = VERTEX_POINT ( 'NONE', #5088 ) ;
#4224 = EDGE_CURVE ( 'NONE', #2979, #978, #1571, .T. ) ;
#4225 = DIRECTION ( 'NONE',  ( 1.000000000000000000, 1.224646799147353700E-16, 0.000000000000000000 ) ) ;
#4226 = DIRECTION ( 'NONE',  ( -1.000000000000000000, 0.000000000000000000, 0.000000000000000000 ) ) ;
#4227 = FACE_OUTER_BOUND ( 'NONE', #6198, .T. ) ;
#4228 = EDGE_CURVE ( 'NONE', #2165, #6521, #6647, .T. ) ;
#4229 = FACE_BOUND ( 'NONE', #3234, .T. ) ;
#4230 = ORIENTED_EDGE ( 'NONE', *, *, #2004, .F. ) ;
#4231 = DIRECTION ( 'NONE',  ( 1.224646799147353700E-16, -1.000000000000000000, 0.000000000000000000 ) ) ;
#4232 = CARTESIAN_POINT ( 'NONE',  ( -63.37500000000000000, -30.50000000000001066, -4.500000000000003553 ) ) ;
#4233 = PLANE ( 'NONE',  #2657 ) ;
#4234 = DIRECTION ( 'NONE',  ( 1.321694076934710155E-16, -1.000000000000000000, 0.000000000000000000 ) ) ;
#4235 = CARTESIAN_POINT ( 'NONE',  ( -20.00000000000000000, -26.50000000000000355, -54.50000000000000000 ) ) ;
#4236 = FACE_OUTER_BOUND ( 'NONE', #3304, .T. ) ;
#4237 = ORIENTED_EDGE ( 'NONE', *, *, #1453, .F. ) ;
#4238 = DIRECTION ( 'NONE',  ( 0.000000000000000000, 0.000000000000000000, -1.000000000000000000 ) ) ;
#4239 = CARTESIAN_POINT ( 'NONE',  ( -82.50613276073386260, -5.999999999999999112, -2.750000000000043965 ) ) ;
#4240 = ORIENTED_EDGE ( 'NONE', *, *, #6055, .F. ) ;
#4241 = DIRECTION ( 'NONE',  ( -1.000000000000000000, -1.224646799147353700E-16, 0.000000000000000000 ) ) ;
#4242 = VERTEX_POINT ( 'NONE', #6188 ) ;
#4243 = EDGE_CURVE ( 'NONE', #2507, #4408, #1031, .T. ) ;
#4244 = CARTESIAN_POINT ( 'NONE',  ( -4.899999999999996803, -20.50000000000000355, -59.54075870073009469 ) ) ;
#4245 = DIRECTION ( 'NONE',  ( -1.000000000000000000, 1.224510688924805982E-15, 0.000000000000000000 ) ) ;
#4246 = LINE ( 'NONE', #566, #177 ) ;
#4247 = VERTEX_POINT ( 'NONE', #453 ) ;
#4248 = DIRECTION ( 'NONE',  ( 0.000000000000000000, 0.000000000000000000, 1.000000000000000000 ) ) ;
#4249 = EDGE_CURVE ( 'NONE', #745, #1552, #5642, .T. ) ;
#4250 = PLANE ( 'NONE',  #6341 ) ;
#4251 = AXIS2_PLACEMENT_3D ( 'NONE', #1240, #6313, #721 ) ;
#4252 = DIRECTION ( 'NONE',  ( -1.224646799147353700E-16, 1.000000000000000000, 0.000000000000000000 ) ) ;
#4253 = ORIENTED_EDGE ( 'NONE', *, *, #1184, .T. ) ;
#4254 = CARTESIAN_POINT ( 'NONE',  ( -70.70633145604594461, -23.48619720838969016, -12.50996528863142920 ) ) ;
#4255 = DIRECTION ( 'NONE',  ( 1.214306433183765755E-15, 1.000000000000000000, 0.000000000000000000 ) ) ;
#4256 = ADVANCED_FACE ( 'NONE', ( #1950, #993 ), #6109, .F. ) ;
#4257 = LINE ( 'NONE', #6305, #1989 ) ;
#4258 = ORIENTED_EDGE ( 'NONE', *, *, #2437, .T. ) ;
#4259 = AXIS2_PLACEMENT_3D ( 'NONE', #5392, #1104, #2192 ) ;
#4260 = VECTOR ( 'NONE', #971, 1000.000000000000000 ) ;
#4261 = LINE ( 'NONE', #2659, #6591 ) ;
#4262 = ORIENTED_EDGE ( 'NONE', *, *, #3590, .F. ) ;
#4263 = CIRCLE ( 'NONE', #781, 1.500000000000001332 ) ;
#4264 = CARTESIAN_POINT ( 'NONE',  ( -9.215301394627692488, -21.40049447072845368, -11.58006924302318730 ) ) ;
#4265 = LINE ( 'NONE', #6349, #461 ) ;
#4266 = DIRECTION ( 'NONE',  ( 0.5142857142857142350, 0.000000000000000000, -0.8576189154173506912 ) ) ;
#4267 = LINE ( 'NONE', #1681, #4579 ) ;
#4268 = VECTOR ( 'NONE', #1023, 1000.000000000000000 ) ;
#4269 = ORIENTED_EDGE ( 'NONE', *, *, #6079, .F. ) ;
#4270 = DIRECTION ( 'NONE',  ( 0.000000000000000000, -1.000000000000000000, 0.000000000000000000 ) ) ;
#4271 = EDGE_CURVE ( 'NONE', #573, #6507, #5189, .T. ) ;
#4272 = PLANE ( 'NONE',  #4294 ) ;
#4273 = ORIENTED_EDGE ( 'NONE', *, *, #5647, .F. ) ;
#4274 = AXIS2_PLACEMENT_3D ( 'NONE', #1185, #4690, #2205 ) ;
#4275 = VERTEX_POINT ( 'NONE', #5053 ) ;
#4276 = CARTESIAN_POINT ( 'NONE',  ( -71.23806846953226568, -23.50000000000001066, -11.23265441775203577 ) ) ;
#4277 = CYLINDRICAL_SURFACE ( 'NONE', #491, 2.124999999999998224 ) ;
#4278 = VECTOR ( 'NONE', #1946, 1000.000000000000000 ) ;
#4279 = EDGE_CURVE ( 'NONE', #2800, #5155, #3076, .T. ) ;
#4280 = FACE_OUTER_BOUND ( 'NONE', #6048, .T. ) ;
#4281 = VERTEX_POINT ( 'NONE', #4574 ) ;
#4282 = DIRECTION ( 'NONE',  ( 1.321694076934710155E-16, -1.000000000000000000, 0.000000000000000000 ) ) ;
#4283 = DIRECTION ( 'NONE',  ( -1.000000000000000000, -1.314184451497581660E-17, 0.000000000000000000 ) ) ;
#4284 = VECTOR ( 'NONE', #4770, 1000.000000000000000 ) ;
#4285 = CARTESIAN_POINT ( 'NONE',  ( -1.999999999999997113, -23.91152510255430741, -8.359350503421552503 ) ) ;
#4286 = ORIENTED_EDGE ( 'NONE', *, *, #1248, .F. ) ;
#4287 = VERTEX_POINT ( 'NONE', #6683 ) ;
#4288 = ADVANCED_FACE ( 'NONE', ( #3043 ), #2532, .T. ) ;
#4289 = CIRCLE ( 'NONE', #1906, 2.125000000000001776 ) ;
#4290 = DIRECTION ( 'NONE',  ( -1.000000000000000000, 1.224510688924804996E-15, 0.000000000000000000 ) ) ;
#4291 = LINE ( 'NONE', #2621, #4358 ) ;
#4292 = FACE_OUTER_BOUND ( 'NONE', #5752, .T. ) ;
#4293 = ORIENTED_EDGE ( 'NONE', *, *, #6456, .F. ) ;
#4294 = AXIS2_PLACEMENT_3D ( 'NONE', #5908, #1244, #3325 ) ;
#4295 = VECTOR ( 'NONE', #3581, 1000.000000000000000 ) ;
#4296 = EDGE_CURVE ( 'NONE', #4185, #2502, #488, .T. ) ;
#4298 = ORIENTED_EDGE ( 'NONE', *, *, #2551, .F. ) ;
#4297 = DIRECTION ( 'NONE',  ( -1.224646799147353700E-16, 1.000000000000000000, 0.000000000000000000 ) ) ;
#4299 = VECTOR ( 'NONE', #2858, 1000.000000000000000 ) ;
#4300 = CARTESIAN_POINT ( 'NONE',  ( -9.399058924823981087, -21.00451101850195457, -10.69008595729259170 ) ) ;
#4301 = ORIENTED_EDGE ( 'NONE', *, *, #572, .F. ) ;
#4302 = CARTESIAN_POINT ( 'NONE',  ( -1.999999999999997113, -23.80817605668390158, -61.34346638295470910 ) ) ;
#4303 = LINE ( 'NONE', #5048, #481 ) ;
#4304 = CARTESIAN_POINT ( 'NONE',  ( -3.941279346690858887, 9.499999999999873879, -3.295362189545514298 ) ) ;
#4305 = AXIS2_PLACEMENT_3D ( 'NONE', #6466, #4832, #1795 ) ;
#4306 = VERTEX_POINT ( 'NONE', #2083 ) ;
#4307 = CARTESIAN_POINT ( 'NONE',  ( -1.816279346690865326, 0.9999999999999976685, -57.37652401873177865 ) ) ;
#4308 = DIRECTION ( 'NONE',  ( 1.000000000000000000, 1.321694076934710155E-16, 0.000000000000000000 ) ) ;
#4309 = ORIENTED_EDGE ( 'NONE', *, *, #1648, .T. ) ;
#4310 = ORIENTED_EDGE ( 'NONE', *, *, #88, .T. ) ;
#4312 = DIRECTION ( 'NONE',  ( 1.224646799147353700E-16, -1.000000000000000000, 0.000000000000000000 ) ) ;
#4311 = DIRECTION ( 'NONE',  ( -1.000000000000000000, 0.000000000000000000, -2.168404344971012073E-16 ) ) ;
#4313 = VECTOR ( 'NONE', #3223, 1000.000000000000000 ) ;
#4314 = DIRECTION ( 'NONE',  ( -1.000000000000000000, 0.000000000000000000, 0.000000000000000000 ) ) ;
#4315 = DIRECTION ( 'NONE',  ( -8.659560562354906974E-17, 0.7071067811865450192, -0.7071067811865500152 ) ) ;
#4316 = DIRECTION ( 'NONE',  ( -1.000000000000000000, 1.224510688924804996E-15, 0.000000000000000000 ) ) ;
#4317 = AXIS2_PLACEMENT_3D ( 'NONE', #1365, #2861, #4951 ) ;
#4318 = LINE ( 'NONE', #1188, #2077 ) ;
#4319 = ORIENTED_EDGE ( 'NONE', *, *, #1165, .F. ) ;
#4320 = CARTESIAN_POINT ( 'NONE',  ( -105.0000000000000142, -30.50000000000001776, -70.00000000000000000 ) ) ;
#4321 = DIRECTION ( 'NONE',  ( 1.224646799147353700E-16, -1.000000000000000000, 0.000000000000000000 ) ) ;
#4322 = CARTESIAN_POINT ( 'NONE',  ( -1.999999999999997780, -23.55643814130348090, -9.967743076186785345 ) ) ;
#4323 = AXIS2_PLACEMENT_3D ( 'NONE', #5302, #92, #630 ) ;
#4324 = CARTESIAN_POINT ( 'NONE',  ( -3.941279346690865992, 0.9999999999999974465, -12.62347598126822845 ) ) ;
#4325 = CARTESIAN_POINT ( 'NONE',  ( -100.0000000000000000, -33.39999999999999858, -25.55048866570383481 ) ) ;
#4326 = AXIS2_PLACEMENT_3D ( 'NONE', #4540, #6583, #246 ) ;
#4327 = DIRECTION ( 'NONE',  ( 1.000000000000000000, 0.000000000000000000, 0.000000000000000000 ) ) ;
#4328 = ORIENTED_EDGE ( 'NONE', *, *, #3149, .T. ) ;
#4329 = EDGE_CURVE ( 'NONE', #1583, #4185, #5564, .T. ) ;
#4331 = EDGE_LOOP ( 'NONE', ( #1197, #5503 ) ) ;
#4330 = DIRECTION ( 'NONE',  ( -1.000000000000000000, 0.000000000000000000, 0.000000000000000000 ) ) ;
#4332 = CARTESIAN_POINT ( 'NONE',  ( -9.999999999999989342, -1.999999999999984457, -9.499999999999998224 ) ) ;
#4333 = ORIENTED_EDGE ( 'NONE', *, *, #5084, .T. ) ;
#4334 = FACE_OUTER_BOUND ( 'NONE', #2708, .T. ) ;
#4335 = EDGE_CURVE ( 'NONE', #6473, #58, #2022, .T. ) ;
#4336 = DIRECTION ( 'NONE',  ( 1.321694076934710155E-16, -1.000000000000000000, 0.000000000000000000 ) ) ;
#4337 = CARTESIAN_POINT ( 'NONE',  ( -3.941279346690865992, 0.9999999999999974465, -12.62347598126822845 ) ) ;
#4338 = EDGE_CURVE ( 'NONE', #1641, #125, #6365, .T. ) ;
#4339 = VERTEX_POINT ( 'NONE', #4788 ) ;
#4340 = DIRECTION ( 'NONE',  ( 1.214306433183765755E-15, 1.000000000000000000, 0.000000000000000000 ) ) ;
#4341 = DIRECTION ( 'NONE',  ( 1.321694076934710155E-16, -1.000000000000000000, 0.000000000000000000 ) ) ;
#4342 = ORIENTED_EDGE ( 'NONE', *, *, #3470, .T. ) ;
#4344 = CARTESIAN_POINT ( 'NONE',  ( 4.000000000000003553, -22.05838814962352146, -6.238115181478841365 ) ) ;
#4343 = PRESENTATION_STYLE_ASSIGNMENT (( #3257 ) ) ;
#4345 = VERTEX_POINT ( 'NONE', #2198 ) ;
#4346 = EDGE_CURVE ( 'NONE', #804, #978, #6587, .T. ) ;
#4347 = PLANE ( 'NONE',  #3189 ) ;
#4348 = PLANE ( 'NONE',  #3425 ) ;
#4349 = DIRECTION ( 'NONE',  ( 0.000000000000000000, 0.000000000000000000, 1.000000000000000000 ) ) ;
#4350 = LINE ( 'NONE', #2747, #6215 ) ;
#4351 = EDGE_LOOP ( 'NONE', ( #6320, #1231, #4010, #1857 ) ) ;
#4352 = DIRECTION ( 'NONE',  ( 1.000000000000000000, 1.321694076934710155E-16, 0.000000000000000000 ) ) ;
#4353 = DIRECTION ( 'NONE',  ( 1.321694076934710155E-16, -1.000000000000000000, 0.000000000000000000 ) ) ;
#4354 = DIRECTION ( 'NONE',  ( -1.000000000000000000, 0.000000000000000000, 0.000000000000000000 ) ) ;
#4355 = EDGE_CURVE ( 'NONE', #3763, #3034, #2993, .T. ) ;
#4356 = PLANE ( 'NONE',  #1865 ) ;
#4357 = CARTESIAN_POINT ( 'NONE',  ( -43.07499999999999574, -29.00000000000000711, -62.00000000000002132 ) ) ;
#4358 = VECTOR ( 'NONE', #2756, 1000.000000000000000 ) ;
#4359 = DIRECTION ( 'NONE',  ( -0.000000000000000000, -1.000000000000000000, -0.000000000000000000 ) ) ;
#4360 = CARTESIAN_POINT ( 'NONE',  ( -58.07499999999999574, -29.00000000000001066, -45.00000000000002132 ) ) ;
#4361 = ORIENTED_EDGE ( 'NONE', *, *, #3045, .T. ) ;
#4362 = VECTOR ( 'NONE', #1499, 1000.000000000000000 ) ;
#4363 = EDGE_CURVE ( 'NONE', #347, #4883, #3537, .T. ) ;
#4365 = ORIENTED_EDGE ( 'NONE', *, *, #2381, .F. ) ;
#4364 = FACE_OUTER_BOUND ( 'NONE', #949, .T. ) ;
#4366 = DIRECTION ( 'NONE',  ( 0.000000000000000000, 0.000000000000000000, 1.000000000000000000 ) ) ;
#4367 = EDGE_LOOP ( 'NONE', ( #5143, #3968, #4915, #4117 ) ) ;
#4368 = CARTESIAN_POINT ( 'NONE',  ( -1.999999999999997113, -23.80198518946942698, -57.76122530961248458 ) ) ;
#4369 = CIRCLE ( 'NONE', #21, 2.125000000000000000 ) ;
#4370 = CIRCLE ( 'NONE', #3715, 2.125000000000002665 ) ;
#4371 = DIRECTION ( 'NONE',  ( -0.000000000000000000, 1.000000000000000000, -0.000000000000000000 ) ) ;
#4372 = PLANE ( 'NONE',  #1222 ) ;
#4373 = EDGE_LOOP ( 'NONE', ( #4814, #795 ) ) ;
#4374 = VECTOR ( 'NONE', #1844, 1000.000000000000000 ) ;
#4375 = CARTESIAN_POINT ( 'NONE',  ( -105.0000000000000142, 2.704597641062570723, -39.65296101538408635 ) ) ;
#4376 = EDGE_CURVE ( 'NONE', #5596, #4936, #1796, .T. ) ;
#4377 = CARTESIAN_POINT ( 'NONE',  ( -74.99999999999998579, -27.50000000000001066, -5.500000000000005329 ) ) ;
#4378 = ORIENTED_EDGE ( 'NONE', *, *, #5414, .F. ) ;
#4380 = DIRECTION ( 'NONE',  ( -7.395570986446985676E-32, 6.033820786006282759E-16, -1.000000000000000000 ) ) ;
#4379 = DIRECTION ( 'NONE',  ( 0.000000000000000000, 0.000000000000000000, 1.000000000000000000 ) ) ;
#4381 = EDGE_LOOP ( 'NONE', ( #715, #3212, #5263, #5480 ) ) ;
#4382 = ORIENTED_EDGE ( 'NONE', *, *, #3216, .T. ) ;
#4383 = CARTESIAN_POINT ( 'NONE',  ( -64.40000000000000568, -19.50000000000001066, -59.54075870073008758 ) ) ;
#4384 = AXIS2_PLACEMENT_3D ( 'NONE', #2895, #203, #2788 ) ;
#4385 = CARTESIAN_POINT ( 'NONE',  ( 0.000000000000000000, 14.49999999999999467, -68.00000000000000000 ) ) ;
#4386 = EDGE_CURVE ( 'NONE', #67, #5231, #5172, .T. ) ;
#4387 = DIRECTION ( 'NONE',  ( 1.224646799147353700E-16, -1.000000000000000000, 0.000000000000000000 ) ) ;
#4388 = VECTOR ( 'NONE', #6427, 1000.000000000000000 ) ;
#4389 = EDGE_CURVE ( 'NONE', #2521, #4042, #6691, .T. ) ;
#4390 = FACE_BOUND ( 'NONE', #3770, .T. ) ;
#4391 = LINE ( 'NONE', #5374, #4821 ) ;
#4392 = DIRECTION ( 'NONE',  ( 1.321694076934710155E-16, -1.000000000000000000, 0.000000000000000000 ) ) ;
#4393 = AXIS2_PLACEMENT_3D ( 'NONE', #3660, #5749, #2700 ) ;
#4394 = VERTEX_POINT ( 'NONE', #4307 ) ;
#4395 = ORIENTED_EDGE ( 'NONE', *, *, #2889, .T. ) ;
#4396 = DIRECTION ( 'NONE',  ( -0.6869954305502906644, -0.2443054352904158177, 0.6843625739990325529 ) ) ;
#4397 = CARTESIAN_POINT ( 'NONE',  ( 3.999999999999996447, 14.49999999999999467, 0.000000000000000000 ) ) ;
#4398 = DIRECTION ( 'NONE',  ( 1.000000000000000000, 0.000000000000000000, 0.000000000000000000 ) ) ;
#4399 = VECTOR ( 'NONE', #1016, 1000.000000000000000 ) ;
#4400 =( BOUNDED_SURFACE ( )  B_SPLINE_SURFACE ( 3, 2, ( 
 ( #5264, #1614, #1520 ),
 ( #467, #2575, #2064 ),
 ( #4118, #1008, #2637 ),
 ( #5166, #500, #3628 ),
 ( #4659, #5721, #3692 ),
 ( #3120, #5779, #3185 ) ),
 .UNSPECIFIED., .F., .F., .T. ) 
 B_SPLINE_SURFACE_WITH_KNOTS ( ( 4, 2, 4 ),
 ( 3, 3 ),
 ( 0.004632786431717561722, 0.005491571725721200795, 0.006350357019724839000 ),
 ( 0.000000000000000000, 1.000000000000000000 ),
 .UNSPECIFIED. ) 
 GEOMETRIC_REPRESENTATION_ITEM ( )  RATIONAL_B_SPLINE_SURFACE ( (
 ( 1.000000000000000000, 0.7071067811865473507, 1.000000000000000000),
 ( 1.000000000000000000, 0.7183450349280166014, 1.000000000000000000),
 ( 1.000000000000000000, 0.7313122609584693512, 1.000000000000000000),
 ( 1.000000000000000000, 0.7582216509562459406, 1.000000000000000000),
 ( 1.000000000000000000, 0.7722478487400543656, 1.000000000000000000),
 ( 1.000000000000000000, 0.7862782849985777700, 1.000000000000000000) ) ) 
 REPRESENTATION_ITEM ( '' )  SURFACE ( )  );
#4401 = PLANE ( 'NONE',  #5886 ) ;
#4402 = CARTESIAN_POINT ( 'NONE',  ( -85.00000000000001421, -1.500000000000011768, -9.499999999999987566 ) ) ;
#4403 = VERTEX_POINT ( 'NONE', #3861 ) ;
#4404 = EDGE_CURVE ( 'NONE', #4487, #1615, #5944, .T. ) ;
#4405 = VECTOR ( 'NONE', #2383, 1000.000000000000000 ) ;
#4406 = ORIENTED_EDGE ( 'NONE', *, *, #2079, .F. ) ;
#4408 = VERTEX_POINT ( 'NONE', #5907 ) ;
#4407 = CARTESIAN_POINT ( 'NONE',  ( -4.500000000000000888, -25.50000000000000355, -4.500000000000003553 ) ) ;
#4409 = CARTESIAN_POINT ( 'NONE',  ( -59.72788572504287430, -23.50000000000001066, -5.500000000000005329 ) ) ;
#4410 = CARTESIAN_POINT ( 'NONE',  ( -9.373750878407175691, -21.18461102774495330, -10.95969993889895200 ) ) ;
#4411 = AXIS2_PLACEMENT_3D ( 'NONE', #3901, #394, #6017 ) ;
#4412 = DIRECTION ( 'NONE',  ( 0.000000000000000000, 1.000000000000000000, -2.668805347656626185E-16 ) ) ;
#4413 = ADVANCED_FACE ( 'NONE', ( #3760 ), #4754, .F. ) ;
#4414 = VERTEX_POINT ( 'NONE', #2166 ) ;
#4415 = AXIS2_PLACEMENT_3D ( 'NONE', #1971, #4531, #845 ) ;
#4416 = CARTESIAN_POINT ( 'NONE',  ( -11.34023539273340653, -24.50000000000001421, -64.50000000000000000 ) ) ;
#4417 = CARTESIAN_POINT ( 'NONE',  ( 0.000000000000000000, 12.49999999999996625, 0.000000000000000000 ) ) ;
#4418 = EDGE_LOOP ( 'NONE', ( #2857, #3485 ) ) ;
#4419 = DIRECTION ( 'NONE',  ( -1.000000000000000000, 1.224510688924804996E-15, 0.000000000000000000 ) ) ;
#4420 = ORIENTED_EDGE ( 'NONE', *, *, #2285, .F. ) ;
#4421 = DIRECTION ( 'NONE',  ( 0.000000000000000000, 0.000000000000000000, 1.000000000000000000 ) ) ;
#4422 = AXIS2_PLACEMENT_3D ( 'NONE', #3586, #5680, #1035 ) ;
#4423 = DIRECTION ( 'NONE',  ( -1.224646799147353700E-16, 1.000000000000000000, 0.000000000000000000 ) ) ;
#4424 = ORIENTED_EDGE ( 'NONE', *, *, #3469, .F. ) ;
#4425 = EDGE_CURVE ( 'NONE', #4174, #6126, #1685, .T. ) ;
#4426 = VECTOR ( 'NONE', #1119, 1000.000000000000000 ) ;
#4427 = FACE_OUTER_BOUND ( 'NONE', #919, .T. ) ;
#4428 = LINE ( 'NONE', #5991, #667 ) ;
#4429 = DIRECTION ( 'NONE',  ( -1.224646799147353700E-16, 1.000000000000000000, 0.000000000000000000 ) ) ;
#4430 = DIRECTION ( 'NONE',  ( -1.000000000000000000, 0.000000000000000000, 0.000000000000000000 ) ) ;
#4431 = EDGE_CURVE ( 'NONE', #3442, #5511, #6474, .T. ) ;
#4432 = EDGE_CURVE ( 'NONE', #3605, #2622, #5397, .T. ) ;
#4433 = ORIENTED_EDGE ( 'NONE', *, *, #6095, .T. ) ;
#4434 = CIRCLE ( 'NONE', #5639, 2.125000000000002665 ) ;
#4435 = FACE_OUTER_BOUND ( 'NONE', #2384, .T. ) ;
#4436 = CARTESIAN_POINT ( 'NONE',  ( 2.499999999999998668, 1.500000000000001332, -57.99999999999999289 ) ) ;
#4437 = DIRECTION ( 'NONE',  ( 1.224646799147353700E-16, -1.000000000000000000, 0.000000000000000000 ) ) ;
#4438 = DIRECTION ( 'NONE',  ( 0.000000000000000000, -1.301042606982605321E-16, 1.000000000000000000 ) ) ;
#4439 = CARTESIAN_POINT ( 'NONE',  ( 4.000000000000000000, -1.500000000000011768, -15.00000000000001421 ) ) ;
#4440 = ORIENTED_EDGE ( 'NONE', *, *, #4243, .F. ) ;
#4441 = VECTOR ( 'NONE', #4160, 1000.000000000000000 ) ;
#4442 = EDGE_CURVE ( 'NONE', #4616, #5722, #5812, .T. ) ;
#4443 =( BOUNDED_CURVE ( )  B_SPLINE_CURVE ( 3, ( #3476, #720, #1743, #3857 ),
 .UNSPECIFIED., .F., .T. ) 
 B_SPLINE_CURVE_WITH_KNOTS ( ( 4, 4 ),
 ( 1.104030987747601777, 1.520775469989130491 ),
 .UNSPECIFIED. ) 
 CURVE ( )  GEOMETRIC_REPRESENTATION_ITEM ( )  RATIONAL_B_SPLINE_CURVE ( ( 1.000000000000000000, 0.9855792942217846964, 0.9855792942217846964, 1.000000000000000000 ) ) 
 REPRESENTATION_ITEM ( '' )  );
#4444 = ORIENTED_EDGE ( 'NONE', *, *, #4215, .F. ) ;
#4445 = AXIS2_PLACEMENT_3D ( 'NONE', #1617, #559, #1587 ) ;
#4446 = DIRECTION ( 'NONE',  ( 1.224646799147353700E-16, -1.000000000000000000, 0.000000000000000000 ) ) ;
#4447 = FACE_BOUND ( 'NONE', #4373, .T. ) ;
#4448 = CARTESIAN_POINT ( 'NONE',  ( -2.000000000000000000, -1.500000000000011768, -54.99999999999999289 ) ) ;
#4449 = LINE ( 'NONE', #5976, #6009 ) ;
#4450 = EDGE_CURVE ( 'NONE', #5149, #2616, #2773, .T. ) ;
#4451 = ORIENTED_EDGE ( 'NONE', *, *, #1287, .F. ) ;
#4452 = ORIENTED_EDGE ( 'NONE', *, *, #4867, .F. ) ;
#4453 = DIRECTION ( 'NONE',  ( 8.659560562354967371E-17, -0.7071067811865500152, -0.7071067811865450192 ) ) ;
#4454 = CARTESIAN_POINT ( 'NONE',  ( -95.00000000000002842, -26.50000000000001421, -5.500000000000005329 ) ) ;
#4455 = ORIENTED_EDGE ( 'NONE', *, *, #672, .T. ) ;
#4456 = ORIENTED_EDGE ( 'NONE', *, *, #6547, .T. ) ;
#4457 = ORIENTED_EDGE ( 'NONE', *, *, #173, .T. ) ;
#4458 = CARTESIAN_POINT ( 'NONE',  ( -101.0587206533091233, 0.9999999999999835687, -57.37652401873177865 ) ) ;
#4459 = CARTESIAN_POINT ( 'NONE',  ( -101.0587206533091233, 4.499999999999993783, -3.295362189545514298 ) ) ;
#4460 = VERTEX_POINT ( 'NONE', #6354 ) ;
#4461 = LINE ( 'NONE', #2480, #1155 ) ;
#4462 = EDGE_CURVE ( 'NONE', #5281, #4171, #3222, .T. ) ;
#4463 = LINE ( 'NONE', #169, #3818 ) ;
#4464 = DIRECTION ( 'NONE',  ( -1.314184451497580735E-17, 1.000000000000000000, 0.000000000000000000 ) ) ;
#4465 = CARTESIAN_POINT ( 'NONE',  ( 0.000000000000000000, -24.50000000000001421, -64.50000000000000000 ) ) ;
#4466 = DIRECTION ( 'NONE',  ( 0.000000000000000000, 0.000000000000000000, -1.000000000000000000 ) ) ;
#4467 = CARTESIAN_POINT ( 'NONE',  ( -23.07499999999999574, -29.00000000000000355, -25.00000000000001776 ) ) ;
#4468 = ORIENTED_EDGE ( 'NONE', *, *, #1511, .F. ) ;
#4469 = EDGE_CURVE ( 'NONE', #6159, #1343, #1909, .T. ) ;
#4470 = SURFACE_SIDE_STYLE ('',( #2394 ) ) ;
#4471 = DIRECTION ( 'NONE',  ( -0.7071067811865441310, 0.7071067811865507924, 0.000000000000000000 ) ) ;
#4472 = FACE_OUTER_BOUND ( 'NONE', #1676, .T. ) ;
#4473 = ORIENTED_EDGE ( 'NONE', *, *, #4329, .T. ) ;
#4474 = ORIENTED_EDGE ( 'NONE', *, *, #135, .F. ) ;
#4475 = VECTOR ( 'NONE', #4785, 1000.000000000000000 ) ;
#4476 = EDGE_CURVE ( 'NONE', #5314, #3186, #5874, .T. ) ;
#4477 = LINE ( 'NONE', #886, #1053 ) ;
#4478 = LINE ( 'NONE', #3379, #6257 ) ;
#4479 = CARTESIAN_POINT ( 'NONE',  ( -11.21405088311445297, -24.49999999862740552, -10.70591942461914492 ) ) ;
#4480 = CARTESIAN_POINT ( 'NONE',  ( -56.32740755027064239, -23.50000000000001066, -54.50000000000000000 ) ) ;
#4481 = AXIS2_PLACEMENT_3D ( 'NONE', #1218, #3800, #3299 ) ;
#4482 = ORIENTED_EDGE ( 'NONE', *, *, #6711, .F. ) ;
#4483 = ORIENTED_EDGE ( 'NONE', *, *, #5457, .T. ) ;
#4484 = CARTESIAN_POINT ( 'NONE',  ( -6.809519492763125292, -23.94024765466011928, -64.49999999999998579 ) ) ;
#4485 = CARTESIAN_POINT ( 'NONE',  ( -3.941279346690862440, 4.499999999999875655, -66.70463781045448570 ) ) ;
#4486 = VECTOR ( 'NONE', #2290, 1000.000000000000000 ) ;
#4487 = VERTEX_POINT ( 'NONE', #2439 ) ;
#4488 = ORIENTED_EDGE ( 'NONE', *, *, #5989, .T. ) ;
#4489 = DIRECTION ( 'NONE',  ( 0.000000000000000000, 0.000000000000000000, 1.000000000000000000 ) ) ;
#4490 = ORIENTED_EDGE ( 'NONE', *, *, #4179, .F. ) ;
#4491 = AXIS2_PLACEMENT_3D ( 'NONE', #68, #3160, #3235 ) ;
#4492 = VECTOR ( 'NONE', #4312, 1000.000000000000000 ) ;
#4493 = EDGE_CURVE ( 'NONE', #717, #1233, #388, .T. ) ;
#4494 = LINE ( 'NONE', #3564, #6058 ) ;
#4495 = VECTOR ( 'NONE', #2974, 1000.000000000000000 ) ;
#4496 = DIRECTION ( 'NONE',  ( -1.000000000000000000, 0.000000000000000000, 0.000000000000000000 ) ) ;
#4497 = DIRECTION ( 'NONE',  ( 0.000000000000000000, 0.000000000000000000, 1.000000000000000000 ) ) ;
#4498 = DIRECTION ( 'NONE',  ( -1.000000000000000000, -1.224646799147353700E-16, 0.000000000000000000 ) ) ;
#4499 = EDGE_CURVE ( 'NONE', #4570, #4460, #4615, .T. ) ;
#4500 = AXIS2_PLACEMENT_3D ( 'NONE', #512, #5146, #2964 ) ;
#4501 = CARTESIAN_POINT ( 'NONE',  ( -70.28183768826342259, -23.50000000000001066, -64.50000000000000000 ) ) ;
#4502 = CARTESIAN_POINT ( 'NONE',  ( -9.199237025686048952, -21.37667404061798138, -58.45900811425667598 ) ) ;
#4503 = FACE_OUTER_BOUND ( 'NONE', #6147, .T. ) ;
#4504 = LINE ( 'NONE', #6479, #2743 ) ;
#4505 = VERTEX_POINT ( 'NONE', #2376 ) ;
#4506 = VECTOR ( 'NONE', #6323, 1000.000000000000000 ) ;
#4507 = DIRECTION ( 'NONE',  ( 1.000000000000000000, 0.000000000000000000, 0.000000000000000000 ) ) ;
#4508 = ADVANCED_FACE ( 'NONE', ( #4999 ), #6491, .F. ) ;
#4509 = CARTESIAN_POINT ( 'NONE',  ( -64.40000000000000568, -23.05569301944158411, -5.500000000000004441 ) ) ;
#4510 = DIRECTION ( 'NONE',  ( 1.224646799147353700E-16, -1.000000000000000000, 0.000000000000000000 ) ) ;
#4511 = CARTESIAN_POINT ( 'NONE',  ( -43.07499999999999574, -29.00000000000000711, -45.00000000000002132 ) ) ;
#4512 = DIRECTION ( 'NONE',  ( -0.7071067811865459074, -0.7071067811865491270, 0.000000000000000000 ) ) ;
#4513 = VECTOR ( 'NONE', #1401, 1000.000000000000000 ) ;
#4514 = ADVANCED_FACE ( 'NONE', ( #3933 ), #1823, .F. ) ;
#4515 = ORIENTED_EDGE ( 'NONE', *, *, #3592, .F. ) ;
#4516 = EDGE_CURVE ( 'NONE', #863, #5559, #63, .T. ) ;
#4517 = ORIENTED_EDGE ( 'NONE', *, *, #634, .T. ) ;
#4518 = DIRECTION ( 'NONE',  ( 1.000000000000000000, 1.224646799147353700E-16, 0.000000000000000000 ) ) ;
#4519 = CARTESIAN_POINT ( 'NONE',  ( -23.07499999999999574, -29.00000000000000355, -25.00000000000001776 ) ) ;
#4520 = VECTOR ( 'NONE', #4214, 1000.000000000000000 ) ;
#4521 = ORIENTED_EDGE ( 'NONE', *, *, #6713, .F. ) ;
#4522 = VERTEX_POINT ( 'NONE', #5570 ) ;
#4523 = DIRECTION ( 'NONE',  ( 1.214306433183765755E-15, 1.000000000000000000, 0.000000000000000000 ) ) ;
#4524 = ORIENTED_EDGE ( 'NONE', *, *, #1007, .T. ) ;
#4525 = CIRCLE ( 'NONE', #1578, 2.125000000000001776 ) ;
#4526 = CARTESIAN_POINT ( 'NONE',  ( -59.64144708836182218, -23.50000000000001066, -64.50000000000000000 ) ) ;
#4527 = DIRECTION ( 'NONE',  ( 1.000000000000000000, 0.000000000000000000, 0.000000000000000000 ) ) ;
#4528 = DIRECTION ( 'NONE',  ( 1.000000000000000000, 1.321694076934710155E-16, 0.000000000000000000 ) ) ;
#4529 = LINE ( 'NONE', #6699, #2760 ) ;
#4530 = AXIS2_PLACEMENT_3D ( 'NONE', #2280, #2247, #4316 ) ;
#4531 = DIRECTION ( 'NONE',  ( -1.000000000000000000, 0.000000000000000000, 0.000000000000000000 ) ) ;
#4532 = ORIENTED_EDGE ( 'NONE', *, *, #4976, .T. ) ;
#4533 = DIRECTION ( 'NONE',  ( 1.224646799147353700E-16, -1.000000000000000000, 0.000000000000000000 ) ) ;
#4534 = FACE_OUTER_BOUND ( 'NONE', #2487, .T. ) ;
#4535 = CYLINDRICAL_SURFACE ( 'NONE', #678, 2.125000000000001776 ) ;
#4536 = ORIENTED_EDGE ( 'NONE', *, *, #5645, .T. ) ;
#4537 = CARTESIAN_POINT ( 'NONE',  ( -9.214937391181299731, -24.36880704684975285, -60.58578380791647788 ) ) ;
#4538 = AXIS2_PLACEMENT_3D ( 'NONE', #1436, #3415, #2463 ) ;
#4539 = CARTESIAN_POINT ( 'NONE',  ( -95.00000000000000000, 9.499999999999984013, 0.000000000000000000 ) ) ;
#4540 = CARTESIAN_POINT ( 'NONE',  ( -80.38113276073386260, -6.000000000000001776, -2.750000000000043965 ) ) ;
#4541 = CARTESIAN_POINT ( 'NONE',  ( -2.000000000000000000, -1.500000000000011768, -15.00000000000000711 ) ) ;
#4542 = VECTOR ( 'NONE', #5187, 1000.000000000000000 ) ;
#4543 = EDGE_CURVE ( 'NONE', #332, #6196, #1408, .T. ) ;
#4544 = CARTESIAN_POINT ( 'NONE',  ( -9.322258608179305739, -23.77072615442062542, -9.492388562834308985 ) ) ;
#4545 = PRESENTATION_LAYER_ASSIGNMENT (  '', '', ( #2379 ) ) ;
#4546 = VERTEX_POINT ( 'NONE', #2913 ) ;
#4547 = CARTESIAN_POINT ( 'NONE',  ( -70.28183768826342259, -26.50000000000001066, -64.50000000000000000 ) ) ;
#4548 = DIRECTION ( 'NONE',  ( 1.000000000000000000, 2.040851148208008245E-16, 0.000000000000000000 ) ) ;
#4549 = VERTEX_POINT ( 'NONE', #6522 ) ;
#4550 = ADVANCED_FACE ( 'NONE', ( #1855 ), #3423, .F. ) ;
#4551 = CIRCLE ( 'NONE', #1395, 2.125000000000001776 ) ;
#4552 = ORIENTED_EDGE ( 'NONE', *, *, #1504, .T. ) ;
#4553 = CARTESIAN_POINT ( 'NONE',  ( 0.000000000000000000, -0.0009309999067057261879, -63.76188481852116041 ) ) ;
#4554 = ORIENTED_EDGE ( 'NONE', *, *, #4882, .T. ) ;
#4555 = CARTESIAN_POINT ( 'NONE',  ( -22.49386723926605924, 2.792641959432368403E-17, -67.25000000000000000 ) ) ;
#4556 = VERTEX_POINT ( 'NONE', #3387 ) ;
#4557 = ADVANCED_FACE ( 'NONE', ( #6558 ), #894, .F. ) ;
#4558 = PLANE ( 'NONE',  #1326 ) ;
#4559 = CARTESIAN_POINT ( 'NONE',  ( -105.0000000000000142, 9.499999999999998224, 0.000000000000000000 ) ) ;
#4560 = LINE ( 'NONE', #5727, #6356 ) ;
#4561 = VERTEX_POINT ( 'NONE', #830 ) ;
#4562 = CARTESIAN_POINT ( 'NONE',  ( -8.055269686878569146, -20.50000000000001421, -13.04620536022047794 ) ) ;
#4563 = ORIENTED_EDGE ( 'NONE', *, *, #864, .F. ) ;
#4564 = EDGE_LOOP ( 'NONE', ( #3887, #4333, #4189, #536 ) ) ;
#4565 = LINE ( 'NONE', #6141, #4116 ) ;
#4566 = DIRECTION ( 'NONE',  ( -1.000000000000000000, 1.214306433183765755E-15, 0.000000000000000000 ) ) ;
#4567 = EDGE_CURVE ( 'NONE', #636, #962, #6158, .T. ) ;
#4568 = DIRECTION ( 'NONE',  ( 1.214306433183765755E-15, 1.000000000000000000, 0.000000000000000000 ) ) ;
#4569 = ORIENTED_EDGE ( 'NONE', *, *, #5805, .F. ) ;
#4570 = VERTEX_POINT ( 'NONE', #5609 ) ;
#4571 = CARTESIAN_POINT ( 'NONE',  ( -9.062012572157366108, -21.29919896032396309, -58.15030439242901394 ) ) ;
#4572 = EDGE_CURVE ( 'NONE', #1623, #3746, #1804, .T. ) ;
#4573 = CARTESIAN_POINT ( 'NONE',  ( -95.00000000000002842, -2.500000000000012434, -64.50000000000000000 ) ) ;
#4574 = CARTESIAN_POINT ( 'NONE',  ( -64.40000000000000568, -20.50000000000001066, -13.54075870073010002 ) ) ;
#4575 = CARTESIAN_POINT ( 'NONE',  ( -100.0000000000000000, 1.552207410648924535, -3.960883190575414936 ) ) ;
#4576 = ORIENTED_EDGE ( 'NONE', *, *, #5606, .T. ) ;
#4577 = LINE ( 'NONE', #3142, #2243 ) ;
#4578 = PLANE ( 'NONE',  #6700 ) ;
#4579 = VECTOR ( 'NONE', #1177, 1000.000000000000000 ) ;
#4580 = ORIENTED_EDGE ( 'NONE', *, *, #2519, .T. ) ;
#4581 = CARTESIAN_POINT ( 'NONE',  ( -103.1837206533091233, 5.999999999999987566, -12.62347598126822845 ) ) ;
#4582 = VERTEX_POINT ( 'NONE', #2406 ) ;
#4583 = ADVANCED_FACE ( 'NONE', ( #3519 ), #3970, .F. ) ;
#4584 = AXIS2_PLACEMENT_3D ( 'NONE', #6478, #1807, #6510 ) ;
#4585 = CARTESIAN_POINT ( 'NONE',  ( -100.0000000000000000, -33.39999999999999858, -44.44951133429615453 ) ) ;
#4586 = EDGE_LOOP ( 'NONE', ( #4744, #4603 ) ) ;
#4587 = LINE ( 'NONE', #3467, #352 ) ;
#4588 = ORIENTED_EDGE ( 'NONE', *, *, #3178, .F. ) ;
#4589 = PLANE ( 'NONE',  #1232 ) ;
#4590 = VECTOR ( 'NONE', #2318, 1000.000000000000000 ) ;
#4591 = AXIS2_PLACEMENT_3D ( 'NONE', #1211, #5364, #2276 ) ;
#4592 = CARTESIAN_POINT ( 'NONE',  ( 0.9999999999999870104, -34.50000000000000000, 0.000000000000000000 ) ) ;
#4593 = EDGE_CURVE ( 'NONE', #6399, #6554, #5828, .T. ) ;
#4594 = EDGE_CURVE ( 'NONE', #4345, #6589, #255, .T. ) ;
#4595 = ORIENTED_EDGE ( 'NONE', *, *, #4432, .T. ) ;
#4596 = CARTESIAN_POINT ( 'NONE',  ( -105.0000000000000142, 5.999999999999981348, -63.00000000000000000 ) ) ;
#4597 = AXIS2_PLACEMENT_3D ( 'NONE', #3848, #315, #5930 ) ;
#4598 = PLANE ( 'NONE',  #3163 ) ;
#4599 = EDGE_LOOP ( 'NONE', ( #4935, #5265, #2310, #5662 ) ) ;
#4600 = DIRECTION ( 'NONE',  ( -1.224646799147353700E-16, 1.000000000000000000, 0.000000000000000000 ) ) ;
#4601 = CARTESIAN_POINT ( 'NONE',  ( 4.000000000000003553, -34.50000000000000000, -70.00000000000000000 ) ) ;
#4602 = DIRECTION ( 'NONE',  ( 2.478176394252581387E-17, 0.000000000000000000, -1.000000000000000000 ) ) ;
#4603 = ORIENTED_EDGE ( 'NONE', *, *, #1802, .F. ) ;
#4604 = CARTESIAN_POINT ( 'NONE',  ( -9.031008990328134090, -23.30442450836249435, -58.05953237965427860 ) ) ;
#4605 = ORIENTED_EDGE ( 'NONE', *, *, #3157, .F. ) ;
#4606 = AXIS2_PLACEMENT_3D ( 'NONE', #4980, #3839, #2923 ) ;
#4607 = DIRECTION ( 'NONE',  ( -1.224646799147353700E-16, 1.000000000000000000, 0.000000000000000000 ) ) ;
#4608 = CIRCLE ( 'NONE', #2970, 9.999999999999994671 ) ;
#4609 = DIRECTION ( 'NONE',  ( 0.000000000000000000, -1.000000000000000000, 0.000000000000000000 ) ) ;
#4610 = VERTEX_POINT ( 'NONE', #358 ) ;
#4611 = FACE_OUTER_BOUND ( 'NONE', #4143, .T. ) ;
#4612 = ADVANCED_FACE ( 'NONE', ( #2627 ), #2358, .F. ) ;
#4613 = EDGE_LOOP ( 'NONE', ( #1523, #1181, #1980, #6590 ) ) ;
#4614 = AXIS2_PLACEMENT_3D ( 'NONE', #2835, #6452, #5393 ) ;
#4615 = B_SPLINE_CURVE_WITH_KNOTS ( 'NONE', 3,
 ( #4416, #2341, #3483, #293, #6592, #1925, #4484, #4030 ),
 .UNSPECIFIED., .F., .F.,
 ( 4, 2, 2, 4 ),
 ( 0.000000000000000000, 0.002493066212715813225, 0.003739599319073722006, 0.004986132425431630787 ),
 .UNSPECIFIED. ) ;
#4616 = VERTEX_POINT ( 'NONE', #3686 ) ;
#4617 = CARTESIAN_POINT ( 'NONE',  ( -62.89999999999999858, -20.50000000000001066, -59.54075870073008758 ) ) ;
#4618 = CYLINDRICAL_SURFACE ( 'NONE', #5952, 2.125000000000002665 ) ;
#4619 = AXIS2_PLACEMENT_3D ( 'NONE', #2019, #6182, #4099 ) ;
#4620 = ORIENTED_EDGE ( 'NONE', *, *, #6062, .F. ) ;
#4621 = EDGE_CURVE ( 'NONE', #2651, #3119, #4577, .T. ) ;
#4622 = LINE ( 'NONE', #3524, #1241 ) ;
#4623 = APPLICATION_CONTEXT ( 'automotive_design' ) ;
#4624 = ORIENTED_EDGE ( 'NONE', *, *, #2429, .T. ) ;
#4625 = AXIS2_PLACEMENT_3D ( 'NONE', #4714, #5774, #585 ) ;
#4626 = DIRECTION ( 'NONE',  ( -1.224646799147353700E-16, 1.000000000000000000, 0.000000000000000000 ) ) ;
#4627 = ORIENTED_EDGE ( 'NONE', *, *, #5016, .F. ) ;
#4628 = VERTEX_POINT ( 'NONE', #4617 ) ;
#4629 = VECTOR ( 'NONE', #4747, 1000.000000000000000 ) ;
#4630 = CARTESIAN_POINT ( 'NONE',  ( 2.499999999999998668, -1.387778780781445676E-14, -13.50000000000001243 ) ) ;
#4631 = AXIS2_PLACEMENT_3D ( 'NONE', #5121, #4609, #2024 ) ;
#4632 = FACE_OUTER_BOUND ( 'NONE', #6131, .T. ) ;
#4633 = AXIS2_PLACEMENT_3D ( 'NONE', #6051, #3458, #5538 ) ;
#4634 = FACE_OUTER_BOUND ( 'NONE', #4062, .T. ) ;
#4635 = DIRECTION ( 'NONE',  ( 0.000000000000000000, -1.000000000000000000, -1.445602896647339163E-16 ) ) ;
#4636 = ORIENTED_EDGE ( 'NONE', *, *, #3495, .T. ) ;
#4637 = CARTESIAN_POINT ( 'NONE',  ( -7.900000000000000355, -20.50000000000000355, -10.54075870073009646 ) ) ;
#4638 = EDGE_CURVE ( 'NONE', #4798, #6124, #146, .T. ) ;
#4639 = CARTESIAN_POINT ( 'NONE',  ( 2.499999999999998668, 1.499999999999990896, -12.00000000000001066 ) ) ;
#4640 = EDGE_CURVE ( 'NONE', #6246, #892, #1993, .T. ) ;
#4641 = CARTESIAN_POINT ( 'NONE',  ( -10.11596947752284059, -24.49999999852183308, -56.07080974950351759 ) ) ;
#4642 = ORIENTED_EDGE ( 'NONE', *, *, #6258, .F. ) ;
#4643 = VECTOR ( 'NONE', #1833, 1000.000000000000000 ) ;
#4644 = ORIENTED_EDGE ( 'NONE', *, *, #5099, .T. ) ;
#4645 = LINE ( 'NONE', #3549, #4441 ) ;
#4646 = CIRCLE ( 'NONE', #6364, 6.872983346207423239 ) ;
#4647 = DIRECTION ( 'NONE',  ( 0.000000000000000000, -1.000000000000000000, 6.033820786006282759E-16 ) ) ;
#4648 = ORIENTED_EDGE ( 'NONE', *, *, #2340, .T. ) ;
#4649 = EDGE_CURVE ( 'NONE', #5537, #4726, #3436, .T. ) ;
#4650 = DIRECTION ( 'NONE',  ( -1.000000000000000000, 0.000000000000000000, 0.000000000000000000 ) ) ;
#4651 = EDGE_LOOP ( 'NONE', ( #3243, #2915 ) ) ;
#4652 = CARTESIAN_POINT ( 'NONE',  ( -20.00000000000000000, -26.50000000000000355, -15.50000000000000711 ) ) ;
#4653 = AXIS2_PLACEMENT_3D ( 'NONE', #3682, #2053, #3612 ) ;
#4654 = CARTESIAN_POINT ( 'NONE',  ( -6.399999999999999467, -20.50000000000000355, -59.54075870073009469 ) ) ;
#4655 = ADVANCED_FACE ( 'NONE', ( #1480 ), #6217, .F. ) ;
#4656 = CARTESIAN_POINT ( 'NONE',  ( 0.1500000000000008271, -34.50000000000000000, 0.000000000000000000 ) ) ;
#4657 = ORIENTED_EDGE ( 'NONE', *, *, #2590, .F. ) ;
#4658 = EDGE_CURVE ( 'NONE', #5430, #892, #5649, .T. ) ;
#4660 = VERTEX_POINT ( 'NONE', #3048 ) ;
#4659 = CARTESIAN_POINT ( 'NONE',  ( -8.432906985784763165, -20.66123134657395610, -12.75016136889715135 ) ) ;
#4661 = CARTESIAN_POINT ( 'NONE',  ( -67.62500000000001421, -30.50000000000001066, -65.50000000000000000 ) ) ;
#4662 = CARTESIAN_POINT ( 'NONE',  ( -64.40000000000000568, -19.50000000000001066, -66.41374204693750016 ) ) ;
#4663 = EDGE_CURVE ( 'NONE', #4032, #5938, #2539, .T. ) ;
#4664 = ORIENTED_EDGE ( 'NONE', *, *, #1493, .F. ) ;
#4665 = DIRECTION ( 'NONE',  ( -1.000000000000000000, 1.224510688924804010E-15, 0.000000000000000000 ) ) ;
#4666 = EDGE_LOOP ( 'NONE', ( #4378, #4706, #6640, #2529 ) ) ;
#4667 = CYLINDRICAL_SURFACE ( 'NONE', #1208, 2.125000000000001776 ) ;
#4668 = CARTESIAN_POINT ( 'NONE',  ( -95.00000000000000000, 9.499999999999984013, -70.00000000000000000 ) ) ;
#4669 = CARTESIAN_POINT ( 'NONE',  ( -9.363653286846833623, -23.30862432228660097, -58.99593862196887528 ) ) ;
#4670 = VERTEX_POINT ( 'NONE', #493 ) ;
#4671 = EDGE_CURVE ( 'NONE', #3349, #5946, #5504, .T. ) ;
#4672 = CARTESIAN_POINT ( 'NONE',  ( -20.00000000000000000, -24.50000000000001421, -64.50000000000000000 ) ) ;
#4673 = DIRECTION ( 'NONE',  ( 0.000000000000000000, 0.000000000000000000, -1.000000000000000000 ) ) ;
#4674 = VERTEX_POINT ( 'NONE', #2569 ) ;
#4675 = DIRECTION ( 'NONE',  ( 0.000000000000000000, 0.000000000000000000, 1.000000000000000000 ) ) ;
#4676 = EDGE_CURVE ( 'NONE', #4883, #347, #65, .T. ) ;
#4677 = ORIENTED_EDGE ( 'NONE', *, *, #6548, .F. ) ;
#4678 = CARTESIAN_POINT ( 'NONE',  ( 0.1500000000000042966, -34.50000000000000000, -70.00000000000000000 ) ) ;
#4679 = EDGE_CURVE ( 'NONE', #1265, #5696, #2059, .T. ) ;
#4680 = CARTESIAN_POINT ( 'NONE',  ( 0.000000000000000000, -1.500000000000011768, -5.500000000000001776 ) ) ;
#4681 = VERTEX_POINT ( 'NONE', #4136 ) ;
#4682 = LINE ( 'NONE', #3217, #576 ) ;
#4683 = ORIENTED_EDGE ( 'NONE', *, *, #744, .F. ) ;
#4685 = VERTEX_POINT ( 'NONE', #5193 ) ;
#4684 = CARTESIAN_POINT ( 'NONE',  ( -98.93372065330912335, 4.499999999999991118, -66.70463781045448570 ) ) ;
#4686 = CIRCLE ( 'NONE', #1745, 4.000000000000000000 ) ;
#4687 = VERTEX_POINT ( 'NONE', #524 ) ;
#4688 = EDGE_LOOP ( 'NONE', ( #55, #5076, #1553, #640 ) ) ;
#4689 = ORIENTED_EDGE ( 'NONE', *, *, #2655, .F. ) ;
#4690 = DIRECTION ( 'NONE',  ( 1.214306433183765755E-15, 1.000000000000000000, 0.000000000000000000 ) ) ;
#4691 = FACE_OUTER_BOUND ( 'NONE', #1974, .T. ) ;
#4692 = EDGE_CURVE ( 'NONE', #120, #3105, #2597, .T. ) ;
#4693 = ORIENTED_EDGE ( 'NONE', *, *, #2834, .F. ) ;
#4694 = PLANE ( 'NONE',  #3440 ) ;
#4695 = ORIENTED_EDGE ( 'NONE', *, *, #4842, .T. ) ;
#4696 = CIRCLE ( 'NONE', #5572, 6.872983346207423239 ) ;
#4697 = CARTESIAN_POINT ( 'NONE',  ( -6.399999999999999467, -24.50000000000001421, -10.54075870073009646 ) ) ;
#4698 = FACE_OUTER_BOUND ( 'NONE', #4132, .T. ) ;
#4699 = CARTESIAN_POINT ( 'NONE',  ( -8.442408021980270405, -23.42928431498189568, -57.23164272223537807 ) ) ;
#4700 = ADVANCED_FACE ( 'NONE', ( #2188 ), #1805, .F. ) ;
#4701 = ORIENTED_EDGE ( 'NONE', *, *, #3383, .T. ) ;
#4702 = CIRCLE ( 'NONE', #3501, 2.125000000000000000 ) ;
#4703 = VECTOR ( 'NONE', #1247, 1000.000000000000000 ) ;
#4704 = DIRECTION ( 'NONE',  ( 1.000000000000000000, 2.040851148208007505E-16, 0.000000000000000000 ) ) ;
#4705 = CYLINDRICAL_SURFACE ( 'NONE', #5024, 2.125000000000000000 ) ;
#4706 = ORIENTED_EDGE ( 'NONE', *, *, #2856, .T. ) ;
#4707 = CARTESIAN_POINT ( 'NONE',  ( -43.07500000000000284, 14.50100000000000300, -45.00000000000002132 ) ) ;
#4708 = AXIS2_PLACEMENT_3D ( 'NONE', #5824, #3236, #5312 ) ;
#4709 = EDGE_CURVE ( 'NONE', #3851, #5495, #6484, .T. ) ;
#4710 = ORIENTED_EDGE ( 'NONE', *, *, #110, .F. ) ;
#4711 = VECTOR ( 'NONE', #2954, 1000.000000000000000 ) ;
#4712 = CARTESIAN_POINT ( 'NONE',  ( -8.135325722229669765, -20.51960644358935326, -57.09096826263657931 ) ) ;
#4713 = CARTESIAN_POINT ( 'NONE',  ( -65.90000000000003411, -26.50000000000001066, -59.54075870073008758 ) ) ;
#4714 = CARTESIAN_POINT ( 'NONE',  ( -23.07499999999999929, -29.00000000000000355, -45.00000000000001421 ) ) ;
#4715 = FACE_OUTER_BOUND ( 'NONE', #2044, .T. ) ;
#4716 = EDGE_CURVE ( 'NONE', #1583, #2322, #1041, .T. ) ;
#4717 = CARTESIAN_POINT ( 'NONE',  ( -70.28183768826342259, -23.50000000000001066, -54.50000000000000000 ) ) ;
#4718 = EDGE_CURVE ( 'NONE', #4287, #4157, #2893, .T. ) ;
#4719 = ADVANCED_FACE ( 'NONE', ( #4778 ), #1839, .T. ) ;
#4720 = EDGE_LOOP ( 'NONE', ( #6334, #1416 ) ) ;
#4722 = ORIENTED_EDGE ( 'NONE', *, *, #5719, .T. ) ;
#4721 = CARTESIAN_POINT ( 'NONE',  ( -101.0587206533091233, 4.499999999999993783, -66.70463781045448570 ) ) ;
#4723 = VECTOR ( 'NONE', #811, 1000.000000000000000 ) ;
#4724 = EDGE_LOOP ( 'NONE', ( #2479, #2071, #4490, #3880 ) ) ;
#4725 = CARTESIAN_POINT ( 'NONE',  ( -105.0000000000000142, 9.499999999999998224, -70.00000000000000000 ) ) ;
#4726 = VERTEX_POINT ( 'NONE', #111 ) ;
#4727 = EDGE_CURVE ( 'NONE', #2608, #3028, #4261, .T. ) ;
#4728 = LINE ( 'NONE', #27, #5588 ) ;
#4729 = FACE_OUTER_BOUND ( 'NONE', #356, .T. ) ;
#4730 = AXIS2_PLACEMENT_3D ( 'NONE', #4592, #1557, #1938 ) ;
#4731 = DIRECTION ( 'NONE',  ( 1.000000000000000000, 1.321694076934710155E-16, -8.673617379884036705E-17 ) ) ;
#4732 = AXIS2_PLACEMENT_3D ( 'NONE', #4332, #3722, #1709 ) ;
#4733 = FACE_OUTER_BOUND ( 'NONE', #2404, .T. ) ;
#4734 = DIRECTION ( 'NONE',  ( -1.000000000000000000, 0.000000000000000000, 0.000000000000000000 ) ) ;
#4735 = CARTESIAN_POINT ( 'NONE',  ( -6.625000000000000888, -25.50000000000000355, -4.500000000000003553 ) ) ;
#4736 = EDGE_LOOP ( 'NONE', ( #1510, #5709 ) ) ;
#4737 = AXIS2_PLACEMENT_3D ( 'NONE', #5360, #1206, #3324 ) ;
#4738 = CARTESIAN_POINT ( 'NONE',  ( -71.23806846953226568, -23.50000000000001066, -11.23265441775203577 ) ) ;
#4739 = FACE_OUTER_BOUND ( 'NONE', #6083, .T. ) ;
#4740 = CARTESIAN_POINT ( 'NONE',  ( 4.000000000000000000, -2.125930999906708418, -63.76188481852116041 ) ) ;
#4741 = AXIS2_PLACEMENT_3D ( 'NONE', #2156, #3175, #814 ) ;
#4742 = AXIS2_PLACEMENT_3D ( 'NONE', #1961, #5657, #977 ) ;
#4743 = CARTESIAN_POINT ( 'NONE',  ( -13.50000000000002842, 0.000000000000000000, -7.000000000000016875 ) ) ;
#4744 = ORIENTED_EDGE ( 'NONE', *, *, #5262, .F. ) ;
#4745 = CARTESIAN_POINT ( 'NONE',  ( -43.07499999999999574, -29.00000000000000711, -62.00000000000002132 ) ) ;
#4746 = EDGE_CURVE ( 'NONE', #4726, #5537, #3981, .T. ) ;
#4747 = DIRECTION ( 'NONE',  ( 1.000000000000000000, 1.734723475976807341E-16, 1.734723475976807341E-16 ) ) ;
#4748 = PLANE ( 'NONE',  #5273 ) ;
#4749 = DIRECTION ( 'NONE',  ( 0.000000000000000000, 0.000000000000000000, 1.000000000000000000 ) ) ;
#4750 = PLANE ( 'NONE',  #4393 ) ;
#4751 = DIRECTION ( 'NONE',  ( -1.314184451497580735E-17, 1.000000000000000000, 0.000000000000000000 ) ) ;
#4752 = CIRCLE ( 'NONE', #198, 1.500000000000003109 ) ;
#4753 = ORIENTED_EDGE ( 'NONE', *, *, #5250, .F. ) ;
#4754 = CYLINDRICAL_SURFACE ( 'NONE', #2563, 2.125000000000002665 ) ;
#4755 = ADVANCED_FACE ( 'NONE', ( #6344 ), #645, .T. ) ;
#4757 = ORIENTED_EDGE ( 'NONE', *, *, #189, .T. ) ;
#4756 = CARTESIAN_POINT ( 'NONE',  ( -62.90000000000001279, -26.50000000000001066, -10.54075870073010357 ) ) ;
#4758 = ORIENTED_EDGE ( 'NONE', *, *, #4658, .T. ) ;
#4759 = CARTESIAN_POINT ( 'NONE',  ( -103.1837206533091233, 4.499999999999996447, -3.295362189545514298 ) ) ;
#4760 = VECTOR ( 'NONE', #5706, 1000.000000000000000 ) ;
#4761 = ORIENTED_EDGE ( 'NONE', *, *, #2834, .T. ) ;
#4762 = CARTESIAN_POINT ( 'NONE',  ( -5.665996215968830185, -23.96557525032433844, -64.50000000000001421 ) ) ;
#4763 = LINE ( 'NONE', #4830, #4080 ) ;
#4764 = VECTOR ( 'NONE', #3226, 1000.000000000000114 ) ;
#4765 = EDGE_CURVE ( 'NONE', #5596, #347, #3244, .T. ) ;
#4766 = FACE_OUTER_BOUND ( 'NONE', #2061, .T. ) ;
#4767 = EDGE_LOOP ( 'NONE', ( #2204, #4701, #5723, #410 ) ) ;
#4768 = CARTESIAN_POINT ( 'NONE',  ( 2.602374448188129787E-16, -2.125930999906708418, -6.238115181478841365 ) ) ;
#4769 = PLANE ( 'NONE',  #32 ) ;
#4770 = DIRECTION ( 'NONE',  ( -0.7071067811865507924, -0.7071067811865441310, 0.000000000000000000 ) ) ;
#4771 = EDGE_LOOP ( 'NONE', ( #2506, #6461 ) ) ;
#4772 = LINE ( 'NONE', #5829, #837 ) ;
#4773 = CARTESIAN_POINT ( 'NONE',  ( 4.000000000000000000, 2.124069000093296911, -63.76188481852116041 ) ) ;
#4774 = CARTESIAN_POINT ( 'NONE',  ( 4.000000000000003553, -26.00000000000001776, -56.49999999999999289 ) ) ;
#4775 = EDGE_LOOP ( 'NONE', ( #1899, #1242, #87 ) ) ;
#4776 = ADVANCED_FACE ( 'NONE', ( #4435 ), #5995, .F. ) ;
#4777 = B_SPLINE_CURVE_WITH_KNOTS ( 'NONE', 3,
 ( #2795, #44, #2119, #4194, #6278, #5769, #1095, #6442 ),
 .UNSPECIFIED., .F., .F.,
 ( 4, 2, 2, 4 ),
 ( 0.004416328016881376252, 0.005619513238080114242, 0.006822698459278848764, 0.009229068901676316938 ),
 .UNSPECIFIED. ) ;
#4778 = FACE_OUTER_BOUND ( 'NONE', #5129, .T. ) ;
#4779 = ORIENTED_EDGE ( 'NONE', *, *, #3875, .F. ) ;
#4781 = EDGE_LOOP ( 'NONE', ( #3897, #596, #782, #4856 ) ) ;
#4780 = CARTESIAN_POINT ( 'NONE',  ( -19.99999999999998934, -1.500000000000015099, -9.499999999999994671 ) ) ;
#4782 = CARTESIAN_POINT ( 'NONE',  ( -8.853869277205227206, -21.07591263890723710, -12.27137115973816606 ) ) ;
#4783 = DIRECTION ( 'NONE',  ( -0.000000000000000000, -1.000000000000000000, -0.000000000000000000 ) ) ;
#4784 = CARTESIAN_POINT ( 'NONE',  ( -9.999999999999996447, -26.50000000000000355, -54.50000000000000000 ) ) ;
#4785 = DIRECTION ( 'NONE',  ( 0.000000000000000000, 0.000000000000000000, 1.000000000000000000 ) ) ;
#4786 = ADVANCED_FACE ( 'NONE', ( #4229, #615, #5771, #4907, #2694, #1169 ), #5961, .T. ) ;
#4787 = ORIENTED_EDGE ( 'NONE', *, *, #3902, .F. ) ;
#4788 = CARTESIAN_POINT ( 'NONE',  ( -85.00000000000001421, 5.999999999999987566, -60.49999999999998579 ) ) ;
#4790 = VERTEX_POINT ( 'NONE', #1098 ) ;
#4789 = CARTESIAN_POINT ( 'NONE',  ( -80.38113276073386260, -6.000000000000001776, -2.750000000000043965 ) ) ;
#4791 = EDGE_LOOP ( 'NONE', ( #4293, #4563, #598, #1382, #6072, #1246, #6692, #4091, #4891, #4034, #5690, #254, #3357, #3563 ) ) ;
#4792 = VERTEX_POINT ( 'NONE', #582 ) ;
#4793 = DIRECTION ( 'NONE',  ( 1.000000000000000000, 0.000000000000000000, 0.000000000000000000 ) ) ;
#4794 = DIRECTION ( 'NONE',  ( -1.000000000000000000, 0.000000000000000000, 0.000000000000000000 ) ) ;
#4795 = CARTESIAN_POINT ( 'NONE',  ( 0.000000000000000000, 2.499999999999988454, 0.000000000000000000 ) ) ;
#4796 = EDGE_CURVE ( 'NONE', #1099, #2039, #3716, .T. ) ;
#4797 = DIRECTION ( 'NONE',  ( 1.321694076934710155E-16, -1.000000000000000000, 0.000000000000000000 ) ) ;
#4798 = VERTEX_POINT ( 'NONE', #275 ) ;
#4799 = CARTESIAN_POINT ( 'NONE',  ( -6.399999999999999467, -20.50000000000000355, -59.54075870073009469 ) ) ;
#4800 = CARTESIAN_POINT ( 'NONE',  ( -67.62500000000000000, -25.50000000000000711, -4.500000000000003553 ) ) ;
#4801 = LINE ( 'NONE', #5342, #5814 ) ;
#4802 = EDGE_CURVE ( 'NONE', #2800, #5430, #3208, .T. ) ;
#4803 = ORIENTED_EDGE ( 'NONE', *, *, #5357, .T. ) ;
#4804 = EDGE_CURVE ( 'NONE', #654, #6680, #4850, .T. ) ;
#4805 = EDGE_CURVE ( 'NONE', #4157, #1787, #773, .T. ) ;
#4806 = CARTESIAN_POINT ( 'NONE',  ( 2.499999999999998668, -1.387778780781445676E-14, -13.50000000000001243 ) ) ;
#4807 = CARTESIAN_POINT ( 'NONE',  ( -2.000000000000000000, 0.000000000000000000, 0.000000000000000000 ) ) ;
#4808 = CARTESIAN_POINT ( 'NONE',  ( -53.07500000000000284, 14.50100000000000300, -15.00000000000001954 ) ) ;
#4809 = VERTEX_POINT ( 'NONE', #6634 ) ;
#4810 = AXIS2_PLACEMENT_3D ( 'NONE', #2749, #3400, #6532 ) ;
#4811 = AXIS2_PLACEMENT_3D ( 'NONE', #4337, #3756, #2769 ) ;
#4812 = VERTEX_POINT ( 'NONE', #5663 ) ;
#4814 = ORIENTED_EDGE ( 'NONE', *, *, #5875, .F. ) ;
#4813 = DIRECTION ( 'NONE',  ( 0.000000000000000000, 0.000000000000000000, 1.000000000000000000 ) ) ;
#4815 = CIRCLE ( 'NONE', #28, 7.000000000000006217 ) ;
#4816 = CARTESIAN_POINT ( 'NONE',  ( -9.375157791666358875, -21.17634738762388125, -10.94707037765533464 ) ) ;
#4817 = CARTESIAN_POINT ( 'NONE',  ( -1.999999999999997335, -24.22981366649518620, -62.90389895731132697 ) ) ;
#4818 = FACE_OUTER_BOUND ( 'NONE', #6273, .T. ) ;
#4819 = DIRECTION ( 'NONE',  ( -1.224646799147353700E-16, 1.000000000000000000, 1.885568995626965026E-16 ) ) ;
#4820 = B_SPLINE_CURVE_WITH_KNOTS ( 'NONE', 3,
 ( #2356, #735, #1868, #2319, #3302, #5521 ),
 .UNSPECIFIED., .F., .F.,
 ( 4, 2, 4 ),
 ( 0.000000000000000000, 0.0003595010872325138818, 0.0007190021744650277637 ),
 .UNSPECIFIED. ) ;
#4821 = VECTOR ( 'NONE', #4429, 1000.000000000000000 ) ;
#4822 = ORIENTED_EDGE ( 'NONE', *, *, #1834, .T. ) ;
#4823 = CARTESIAN_POINT ( 'NONE',  ( -23.07499999999999929, -30.50000000000000711, -45.00000000000001421 ) ) ;
#4824 = CARTESIAN_POINT ( 'NONE',  ( -101.0587206533091233, 4.499999999999993783, -3.295362189545514298 ) ) ;
#4825 = ORIENTED_EDGE ( 'NONE', *, *, #5426, .F. ) ;
#4826 = ORIENTED_EDGE ( 'NONE', *, *, #4640, .F. ) ;
#4827 = CARTESIAN_POINT ( 'NONE',  ( -95.00000000000000000, 5.999999999999987566, -60.49999999999998579 ) ) ;
#4828 = AXIS2_PLACEMENT_3D ( 'NONE', #2816, #1830, #2278 ) ;
#4829 = CARTESIAN_POINT ( 'NONE',  ( -4.933858334373410592, -24.05233936631438496, -64.50000000000000000 ) ) ;
#4830 = CARTESIAN_POINT ( 'NONE',  ( 0.000000000000000000, 6.250000000000030198, 6.249999999999984901 ) ) ;
#4831 = AXIS2_PLACEMENT_3D ( 'NONE', #5295, #84, #2633 ) ;
#4832 = DIRECTION ( 'NONE',  ( 0.000000000000000000, -1.000000000000000000, 0.000000000000000000 ) ) ;
#4833 = EDGE_CURVE ( 'NONE', #3763, #863, #3471, .T. ) ;
#4834 = DIRECTION ( 'NONE',  ( 1.321694076934710155E-16, -1.000000000000000000, 0.000000000000000000 ) ) ;
#4835 = CARTESIAN_POINT ( 'NONE',  ( -65.17857988116519152, -23.08017311152522666, -5.500000000000004441 ) ) ;
#4836 = AXIS2_PLACEMENT_3D ( 'NONE', #6403, #1191, #2650 ) ;
#4837 = DIRECTION ( 'NONE',  ( -1.000000000000000000, -1.314184451497580735E-17, 0.000000000000000000 ) ) ;
#4838 = AXIS2_PLACEMENT_3D ( 'NONE', #6324, #5332, #663 ) ;
#4839 = EDGE_CURVE ( 'NONE', #6378, #2322, #3147, .T. ) ;
#4840 = CARTESIAN_POINT ( 'NONE',  ( -53.07499999999999574, -26.50000000000000711, -15.00000000000001954 ) ) ;
#4841 = DIRECTION ( 'NONE',  ( -1.000000000000000000, 0.000000000000000000, 0.000000000000000000 ) ) ;
#4842 = EDGE_CURVE ( 'NONE', #4403, #211, #3547, .T. ) ;
#4843 = DIRECTION ( 'NONE',  ( 0.000000000000000000, -1.000000000000000000, 0.000000000000000000 ) ) ;
#4844 = EDGE_LOOP ( 'NONE', ( #2109, #3001, #48, #3109 ) ) ;
#4845 = AXIS2_PLACEMENT_3D ( 'NONE', #594, #3088, #3728 ) ;
#4846 = VECTOR ( 'NONE', #4340, 1000.000000000000000 ) ;
#4847 = EDGE_CURVE ( 'NONE', #4936, #5596, #5282, .T. ) ;
#4849 = EDGE_LOOP ( 'NONE', ( #568, #3354 ) ) ;
#4848 = CARTESIAN_POINT ( 'NONE',  ( 2.499999999999998668, 0.000000000000000000, 0.000000000000000000 ) ) ;
#4850 = CIRCLE ( 'NONE', #1917, 1.500000000000003109 ) ;
#4851 = FACE_OUTER_BOUND ( 'NONE', #3602, .T. ) ;
#4852 = EDGE_LOOP ( 'NONE', ( #5865, #1933, #515, #4008 ) ) ;
#4853 = DIRECTION ( 'NONE',  ( 1.321694076934710155E-16, -1.000000000000000000, 0.000000000000000000 ) ) ;
#4854 = CYLINDRICAL_SURFACE ( 'NONE', #4183, 1.500000000000002220 ) ;
#4855 = VECTOR ( 'NONE', #3873, 1000.000000000000000 ) ;
#4856 = ORIENTED_EDGE ( 'NONE', *, *, #4679, .F. ) ;
#4857 = CARTESIAN_POINT ( 'NONE',  ( -105.0000000000000142, -1.500000000000011768, -64.50000000000000000 ) ) ;
#4858 = DIRECTION ( 'NONE',  ( 1.000000000000000000, 8.673617379884035472E-17, 0.000000000000000000 ) ) ;
#4859 = ORIENTED_EDGE ( 'NONE', *, *, #322, .F. ) ;
#4860 = ADVANCED_FACE ( 'NONE', ( #4634 ), #1910, .T. ) ;
#4862 = CYLINDRICAL_SURFACE ( 'NONE', #563, 2.125000000000002665 ) ;
#4861 = DIRECTION ( 'NONE',  ( -4.336808689942020201E-17, 0.000000000000000000, -1.000000000000000000 ) ) ;
#4863 = ORIENTED_EDGE ( 'NONE', *, *, #985, .F. ) ;
#4864 = CARTESIAN_POINT ( 'NONE',  ( -105.0000000000000142, -27.50000000000001066, -64.50000000000000000 ) ) ;
#4865 = AXIS2_PLACEMENT_3D ( 'NONE', #3720, #4884, #6346 ) ;
#4866 = CARTESIAN_POINT ( 'NONE',  ( -56.32740755027064239, -23.50000000000001066, -64.50000000000000000 ) ) ;
#4867 = EDGE_CURVE ( 'NONE', #4947, #5200, #5524, .T. ) ;
#4868 = CARTESIAN_POINT ( 'NONE',  ( -64.40000000000000568, -23.01249076550864459, -64.50000000000000000 ) ) ;
#4869 = VECTOR ( 'NONE', #5526, 1000.000000000000000 ) ;
#4870 = CARTESIAN_POINT ( 'NONE',  ( -101.0587206533091233, 0.9999999999999835687, -12.62347598126822845 ) ) ;
#4871 = ORIENTED_EDGE ( 'NONE', *, *, #5426, .T. ) ;
#4872 = FACE_OUTER_BOUND ( 'NONE', #834, .T. ) ;
#4873 = FACE_OUTER_BOUND ( 'NONE', #2459, .T. ) ;
#4874 = CARTESIAN_POINT ( 'NONE',  ( -1.999999999999997113, -24.40275622048350712, -6.333539230880272264 ) ) ;
#4875 = AXIS2_PLACEMENT_3D ( 'NONE', #3359, #2240, #1314 ) ;
#4876 = EDGE_CURVE ( 'NONE', #4345, #5696, #6097, .T. ) ;
#4877 = CARTESIAN_POINT ( 'NONE',  ( -71.04020462663551427, -23.50000000000001421, -11.65198650543984726 ) ) ;
#4878 = CARTESIAN_POINT ( 'NONE',  ( -8.074999999999995737, -30.50000000000000355, -25.00000000000002132 ) ) ;
#4879 = AXIS2_PLACEMENT_3D ( 'NONE', #3622, #3115, #525 ) ;
#4880 = CARTESIAN_POINT ( 'NONE',  ( -103.1837206533091233, 5.999999999999987566, -57.37652401873177865 ) ) ;
#4881 = ORIENTED_EDGE ( 'NONE', *, *, #5645, .F. ) ;
#4882 = EDGE_CURVE ( 'NONE', #5684, #2368, #3330, .T. ) ;
#4883 = VERTEX_POINT ( 'NONE', #5011 ) ;
#4885 = ORIENTED_EDGE ( 'NONE', *, *, #4329, .F. ) ;
#4884 = DIRECTION ( 'NONE',  ( 0.000000000000000000, -1.000000000000000000, 0.000000000000000000 ) ) ;
#4886 = DIRECTION ( 'NONE',  ( 0.000000000000000000, 0.000000000000000000, -1.000000000000000000 ) ) ;
#4887 = DIRECTION ( 'NONE',  ( 1.000000000000000000, 0.000000000000000000, 0.000000000000000000 ) ) ;
#4888 = LINE ( 'NONE', #6073, #4513 ) ;
#4889 = CYLINDRICAL_SURFACE ( 'NONE', #4251, 2.125000000000002665 ) ;
#4890 = EDGE_CURVE ( 'NONE', #5935, #3349, #1458, .T. ) ;
#4891 = ORIENTED_EDGE ( 'NONE', *, *, #3297, .T. ) ;
#4892 = EDGE_CURVE ( 'NONE', #4812, #3313, #5041, .T. ) ;
#4893 = CARTESIAN_POINT ( 'NONE',  ( -6.399999999999998579, -20.50000000000001421, -3.540758700730094244 ) ) ;
#4894 = CARTESIAN_POINT ( 'NONE',  ( -46.32740755027063528, -26.50000000000000711, -15.50000000000000000 ) ) ;
#4895 = EDGE_LOOP ( 'NONE', ( #5190, #4382 ) ) ;
#4897 = DIRECTION ( 'NONE',  ( -1.000000000000000000, 0.000000000000000000, 0.000000000000000000 ) ) ;
#4896 = CARTESIAN_POINT ( 'NONE',  ( 0.000000000000000000, 0.000000000000000000, 0.000000000000000000 ) ) ;
#4898 = VERTEX_POINT ( 'NONE', #339 ) ;
#4899 = CARTESIAN_POINT ( 'NONE',  ( 0.000000000000000000, 2.499999999999988454, -50.99999999999997868 ) ) ;
#4900 = LINE ( 'NONE', #4385, #4405 ) ;
#4901 = CARTESIAN_POINT ( 'NONE',  ( -9.999999999999991118, 5.999999999999994671, -19.49999999999999645 ) ) ;
#4902 = DIRECTION ( 'NONE',  ( 1.321694076934710155E-16, -1.000000000000000000, 0.000000000000000000 ) ) ;
#4903 = EDGE_CURVE ( 'NONE', #2571, #3154, #2028, .T. ) ;
#4904 = DIRECTION ( 'NONE',  ( 1.321694076934710155E-16, -1.000000000000000000, 0.000000000000000000 ) ) ;
#4905 = LINE ( 'NONE', #3877, #4723 ) ;
#4906 = VERTEX_POINT ( 'NONE', #6702 ) ;
#4907 = FACE_BOUND ( 'NONE', #3511, .T. ) ;
#4908 = DIRECTION ( 'NONE',  ( 1.214306433183765755E-15, 1.000000000000000000, 0.000000000000000000 ) ) ;
#4909 = CARTESIAN_POINT ( 'NONE',  ( -43.07499999999999574, -26.50000000000000711, -15.00000000000001954 ) ) ;
#4910 = CIRCLE ( 'NONE', #5228, 2.125000000000001776 ) ;
#4911 = CARTESIAN_POINT ( 'NONE',  ( -80.28183768826340838, -23.50000000000000711, -15.50000000000000711 ) ) ;
#4912 = EDGE_CURVE ( 'NONE', #3938, #4906, #5075, .T. ) ;
#4913 = CARTESIAN_POINT ( 'NONE',  ( -53.07499999999999574, -26.50000000000000711, -55.00000000000002132 ) ) ;
#4914 = ORIENTED_EDGE ( 'NONE', *, *, #98, .T. ) ;
#4915 = ORIENTED_EDGE ( 'NONE', *, *, #1731, .T. ) ;
#4917 = ORIENTED_EDGE ( 'NONE', *, *, #634, .F. ) ;
#4916 = DIRECTION ( 'NONE',  ( 1.000000000000000000, 1.411814255020735290E-16, 0.000000000000000000 ) ) ;
#4918 = FACE_OUTER_BOUND ( 'NONE', #3461, .T. ) ;
#4919 = ORIENTED_EDGE ( 'NONE', *, *, #1935, .F. ) ;
#4920 = ADVANCED_FACE ( 'NONE', ( #6671 ), #4090, .F. ) ;
#4921 = CARTESIAN_POINT ( 'NONE',  ( -8.064890477746361697, -23.65701240936509464, -13.16514382901316615 ) ) ;
#4922 = VECTOR ( 'NONE', #6665, 1000.000000000000000 ) ;
#4923 = VECTOR ( 'NONE', #5947, 1000.000000000000000 ) ;
#4924 = LINE ( 'NONE', #6416, #4278 ) ;
#4925 = CARTESIAN_POINT ( 'NONE',  ( 2.500000000000002220, -26.00000000000001776, -56.49999999999999289 ) ) ;
#4926 = VERTEX_POINT ( 'NONE', #373 ) ;
#4927 = VECTOR ( 'NONE', #3010, 1000.000000000000000 ) ;
#4928 = DIRECTION ( 'NONE',  ( 1.220304592980192936E-15, 1.000000000000000000, 0.000000000000000000 ) ) ;
#4929 = CARTESIAN_POINT ( 'NONE',  ( 4.000000000000000000, 1.499999999999990896, -12.00000000000001066 ) ) ;
#4930 = ORIENTED_EDGE ( 'NONE', *, *, #5923, .F. ) ;
#4932 = CARTESIAN_POINT ( 'NONE',  ( -9.999999999999991118, 5.999999999999994671, -9.499999999999998224 ) ) ;
#4931 = DIRECTION ( 'NONE',  ( 1.000000000000000000, 1.224646799147353700E-16, 0.000000000000000000 ) ) ;
#4933 = EDGE_CURVE ( 'NONE', #4561, #892, #5551, .T. ) ;
#4934 = EDGE_CURVE ( 'NONE', #6727, #3028, #1258, .T. ) ;
#4935 = ORIENTED_EDGE ( 'NONE', *, *, #3376, .T. ) ;
#4936 = VERTEX_POINT ( 'NONE', #2520 ) ;
#4937 = FACE_OUTER_BOUND ( 'NONE', #4724, .T. ) ;
#4938 = AXIS2_PLACEMENT_3D ( 'NONE', #3644, #5736, #4057 ) ;
#4939 = DIRECTION ( 'NONE',  ( -1.224646799147353700E-16, 1.000000000000000000, 0.000000000000000000 ) ) ;
#4940 = ORIENTED_EDGE ( 'NONE', *, *, #2519, .F. ) ;
#4941 = CARTESIAN_POINT ( 'NONE',  ( -63.61230932996113552, -23.03940007669590884, -64.50000000000001421 ) ) ;
#4942 = VECTOR ( 'NONE', #3698, 1000.000000000000000 ) ;
#4943 = ADVANCED_FACE ( 'NONE', ( #1495 ), #6032, .F. ) ;
#4944 = DIRECTION ( 'NONE',  ( 1.000000000000000000, 0.000000000000000000, 0.000000000000000000 ) ) ;
#4945 = CARTESIAN_POINT ( 'NONE',  ( -80.28183768826340838, -26.50000000000001066, -5.500000000000005329 ) ) ;
#4946 = DIRECTION ( 'NONE',  ( 0.000000000000000000, 0.000000000000000000, 1.000000000000000000 ) ) ;
#4947 = VERTEX_POINT ( 'NONE', #6326 ) ;
#4948 = CIRCLE ( 'NONE', #3842, 2.125000000000001776 ) ;
#4949 = EDGE_LOOP ( 'NONE', ( #403, #282 ) ) ;
#4950 = DIRECTION ( 'NONE',  ( 1.321694076934710155E-16, -1.000000000000000000, 0.000000000000000000 ) ) ;
#4951 = DIRECTION ( 'NONE',  ( 1.000000000000000000, 0.000000000000000000, 0.000000000000000000 ) ) ;
#4952 = AXIS2_PLACEMENT_3D ( 'NONE', #2320, #6534, #2855 ) ;
#4953 = DIRECTION ( 'NONE',  ( 1.224646799147353700E-16, -1.000000000000000000, 0.000000000000000000 ) ) ;
#4954 = CARTESIAN_POINT ( 'NONE',  ( -6.031685974819175122, -23.98731609281912824, -5.500000000000005329 ) ) ;
#4955 = CIRCLE ( 'NONE', #5494, 3.000000000000001776 ) ;
#4956 = ORIENTED_EDGE ( 'NONE', *, *, #1532, .T. ) ;
#4957 = CARTESIAN_POINT ( 'NONE',  ( 2.500000000000002220, -27.50000000000001776, -57.99999999999999289 ) ) ;
#4958 = DIRECTION ( 'NONE',  ( 1.000000000000000000, 0.000000000000000000, -1.632680918566406547E-16 ) ) ;
#4959 = VECTOR ( 'NONE', #3388, 1000.000000000000000 ) ;
#4960 = CARTESIAN_POINT ( 'NONE',  ( -3.941279346690864216, 4.499999999999875655, -3.295362189545514298 ) ) ;
#4961 = AXIS2_PLACEMENT_3D ( 'NONE', #1885, #3350, #748 ) ;
#4962 = DIRECTION ( 'NONE',  ( 1.000000000000000000, 1.224646799147353700E-16, 0.000000000000000000 ) ) ;
#4963 = ORIENTED_EDGE ( 'NONE', *, *, #4765, .F. ) ;
#4964 = EDGE_CURVE ( 'NONE', #3653, #3859, #3127, .T. ) ;
#4965 = ORIENTED_EDGE ( 'NONE', *, *, #1782, .T. ) ;
#4966 = VECTOR ( 'NONE', #2553, 1000.000000000000000 ) ;
#4967 = DIRECTION ( 'NONE',  ( -1.224646799147353700E-16, 1.000000000000000000, 0.000000000000000000 ) ) ;
#4968 = LINE ( 'NONE', #6082, #3747 ) ;
#4969 = ORIENTED_EDGE ( 'NONE', *, *, #4572, .T. ) ;
#4970 = DIRECTION ( 'NONE',  ( 2.019179606403726979E-15, 0.000000000000000000, 1.000000000000000000 ) ) ;
#4971 = ORIENTED_EDGE ( 'NONE', *, *, #6214, .F. ) ;
#4972 = DIRECTION ( 'NONE',  ( -0.000000000000000000, -1.000000000000000000, -0.000000000000000000 ) ) ;
#4973 = AXIS2_PLACEMENT_3D ( 'NONE', #1363, #3571, #4665 ) ;
#4974 = CARTESIAN_POINT ( 'NONE',  ( 4.000000000000000000, -2.125930999906708418, -6.238115181478841365 ) ) ;
#4975 = ORIENTED_EDGE ( 'NONE', *, *, #1935, .T. ) ;
#4976 = EDGE_CURVE ( 'NONE', #2039, #1034, #4246, .T. ) ;
#4977 = APPLICATION_CONTEXT ( 'automotive_design' ) ;
#4978 = CARTESIAN_POINT ( 'NONE',  ( -61.23867736189475863, -23.38074348872415342, -64.50000000000001421 ) ) ;
#4979 = DIRECTION ( 'NONE',  ( -0.7071067811865442421, 0.7071067811865509034, 0.000000000000000000 ) ) ;
#4980 = CARTESIAN_POINT ( 'NONE',  ( -43.07499999999999574, -29.00000000000000711, -45.00000000000002132 ) ) ;
#4981 = FACE_BOUND ( 'NONE', #1354, .T. ) ;
#4982 = EDGE_CURVE ( 'NONE', #5623, #1034, #5832, .T. ) ;
#4983 = VECTOR ( 'NONE', #4225, 1000.000000000000000 ) ;
#4984 = EDGE_LOOP ( 'NONE', ( #5636, #5218, #5461, #4987 ) ) ;
#4985 = CARTESIAN_POINT ( 'NONE',  ( -43.07499999999999574, -26.50000000000000355, -45.00000000000002132 ) ) ;
#4986 = DIRECTION ( 'NONE',  ( 1.000000000000000000, 2.040851148208008245E-16, 0.000000000000000000 ) ) ;
#4987 = ORIENTED_EDGE ( 'NONE', *, *, #6569, .F. ) ;
#4988 = CARTESIAN_POINT ( 'NONE',  ( -70.15000000000000568, -34.49999999999997158, 0.000000000000000000 ) ) ;
#4989 = FACE_OUTER_BOUND ( 'NONE', #3701, .T. ) ;
#4990 = DIRECTION ( 'NONE',  ( 1.155557966632341512E-32, -1.196361017915038993E-16, 1.000000000000000000 ) ) ;
#4991 = VECTOR ( 'NONE', #4861, 1000.000000000000000 ) ;
#4992 = LINE ( 'NONE', #317, #3339 ) ;
#4993 = DIRECTION ( 'NONE',  ( 0.000000000000000000, -1.000000000000000000, 0.000000000000000000 ) ) ;
#4994 = ORIENTED_EDGE ( 'NONE', *, *, #5174, .F. ) ;
#4995 = CARTESIAN_POINT ( 'NONE',  ( -9.244782738709959702, -21.40656929360075367, -11.50405260093117832 ) ) ;
#4996 = DIRECTION ( 'NONE',  ( -1.000000000000000000, 0.000000000000000000, 0.000000000000000000 ) ) ;
#4997 = EDGE_LOOP ( 'NONE', ( #144, #4803, #4482, #726 ) ) ;
#4998 = ORIENTED_EDGE ( 'NONE', *, *, #1287, .T. ) ;
#4999 = FACE_OUTER_BOUND ( 'NONE', #932, .T. ) ;
#5000 = FACE_OUTER_BOUND ( 'NONE', #6189, .T. ) ;
#5001 = EDGE_LOOP ( 'NONE', ( #2778, #6641, #4395, #5167, #4177 ) ) ;
#5002 = ORIENTED_EDGE ( 'NONE', *, *, #6668, .F. ) ;
#5003 = EDGE_CURVE ( 'NONE', #4582, #2521, #2713, .T. ) ;
#5004 = CARTESIAN_POINT ( 'NONE',  ( -8.074999999999997513, -29.00000000000000000, -45.00000000000001421 ) ) ;
#5005 = ORIENTED_EDGE ( 'NONE', *, *, #1518, .T. ) ;
#5006 = DIRECTION ( 'NONE',  ( -1.000000000000000000, 0.000000000000000000, -2.168404344971012319E-16 ) ) ;
#5007 = DIRECTION ( 'NONE',  ( -1.224646799147353700E-16, 1.000000000000000000, -0.000000000000000000 ) ) ;
#5008 = EDGE_CURVE ( 'NONE', #5178, #6342, #1593, .T. ) ;
#5009 = DIRECTION ( 'NONE',  ( 0.000000000000000000, 0.000000000000000000, 1.000000000000000000 ) ) ;
#5010 = CARTESIAN_POINT ( 'NONE',  ( -85.50000000000009948, 0.000000000000000000, -70.00000000000000000 ) ) ;
#5011 = CARTESIAN_POINT ( 'NONE',  ( -105.0000000000000142, 2.704597641062571167, -41.77796101538408635 ) ) ;
#5012 = DIRECTION ( 'NONE',  ( -1.224646799147353700E-16, 1.000000000000000000, 0.000000000000000000 ) ) ;
#5013 = EDGE_CURVE ( 'NONE', #5122, #219, #2680, .T. ) ;
#5014 = CARTESIAN_POINT ( 'NONE',  ( -1.999999999999996669, -24.48804566828072993, -5.500000000000005329 ) ) ;
#5015 = VERTEX_POINT ( 'NONE', #2645 ) ;
#5016 = EDGE_CURVE ( 'NONE', #4628, #4242, #6295, .T. ) ;
#5017 = EDGE_LOOP ( 'NONE', ( #4085, #3656, #5975, #2378 ) ) ;
#5018 = EDGE_CURVE ( 'NONE', #4616, #2441, #2568, .T. ) ;
#5019 = CIRCLE ( 'NONE', #124, 2.125000000000000000 ) ;
#5020 = DIRECTION ( 'NONE',  ( 0.000000000000000000, 0.000000000000000000, 1.000000000000000000 ) ) ;
#5021 = FACE_OUTER_BOUND ( 'NONE', #1589, .T. ) ;
#5022 = CARTESIAN_POINT ( 'NONE',  ( -11.41453054270663969, -24.50000000181838899, -10.36016593691588916 ) ) ;
#5023 = LINE ( 'NONE', #354, #2422 ) ;
#5024 = AXIS2_PLACEMENT_3D ( 'NONE', #3775, #4255, #1062 ) ;
#5025 = ORIENTED_EDGE ( 'NONE', *, *, #2856, .F. ) ;
#5026 = ORIENTED_EDGE ( 'NONE', *, *, #4049, .F. ) ;
#5027 = DIRECTION ( 'NONE',  ( -1.224646799147353700E-16, 1.000000000000000000, 0.000000000000000000 ) ) ;
#5028 = DIRECTION ( 'NONE',  ( 0.000000000000000000, 0.000000000000000000, 1.000000000000000000 ) ) ;
#5029 = VECTOR ( 'NONE', #4248, 1000.000000000000000 ) ;
#5030 = ORIENTED_EDGE ( 'NONE', *, *, #4271, .T. ) ;
#5031 = ORIENTED_EDGE ( 'NONE', *, *, #382, .T. ) ;
#5032 = CARTESIAN_POINT ( 'NONE',  ( -2.000000000000000000, 1.040834085586084257E-14, -15.00000000000000000 ) ) ;
#5033 = VERTEX_POINT ( 'NONE', #3673 ) ;
#5034 = CIRCLE ( 'NONE', #5894, 4.000000000000003553 ) ;
#5035 = DIRECTION ( 'NONE',  ( -1.224646799147353700E-16, 1.000000000000000000, 2.736911063134408342E-48 ) ) ;
#5036 = VECTOR ( 'NONE', #5220, 1000.000000000000000 ) ;
#5037 = CARTESIAN_POINT ( 'NONE',  ( 2.500000000000002220, -26.00000000000001776, -13.50000000000001243 ) ) ;
#5038 = DIRECTION ( 'NONE',  ( 1.000000000000000000, 1.020425574104003999E-16, 0.000000000000000000 ) ) ;
#5039 = PLANE ( 'NONE',  #4076 ) ;
#5040 = ADVANCED_FACE ( 'NONE', ( #3194 ), #507, .F. ) ;
#5041 = LINE ( 'NONE', #5590, #3655 ) ;
#5042 = ORIENTED_EDGE ( 'NONE', *, *, #6095, .F. ) ;
#5043 = CARTESIAN_POINT ( 'NONE',  ( -9.226579352889400454, -21.37698554618443225, -58.53253111049362190 ) ) ;
#5044 = CARTESIAN_POINT ( 'NONE',  ( -9.999999999999994671, 9.500000000000005329, 0.000000000000000000 ) ) ;
#5045 = DIRECTION ( 'NONE',  ( 0.000000000000000000, 0.000000000000000000, 1.000000000000000000 ) ) ;
#5046 = AXIS2_PLACEMENT_3D ( 'NONE', #5271, #5232, #561 ) ;
#5047 = ORIENTED_EDGE ( 'NONE', *, *, #5373, .T. ) ;
#5048 = CARTESIAN_POINT ( 'NONE',  ( -1.999999999999996669, -24.50000000000001421, -55.00000000000000000 ) ) ;
#5049 = EDGE_CURVE ( 'NONE', #4570, #4926, #5759, .T. ) ;
#5050 = AXIS2_PLACEMENT_3D ( 'NONE', #2476, #6195, #4489 ) ;
#5051 = DIRECTION ( 'NONE',  ( 1.000000000000000000, 0.000000000000000000, -1.224510688924804848E-16 ) ) ;
#5052 = CARTESIAN_POINT ( 'NONE',  ( -3.469446951953614189E-15, 14.49999999999999467, -2.000000000000043521 ) ) ;
#5053 = CARTESIAN_POINT ( 'NONE',  ( -105.0000000000000142, -1.500000000000011768, -5.500000000000001776 ) ) ;
#5054 = CARTESIAN_POINT ( 'NONE',  ( -9.405049108465847851, -23.55526798710504366, -9.757393331683152482 ) ) ;
#5055 = AXIS2_PLACEMENT_3D ( 'NONE', #6570, #4392, #2956 ) ;
#5056 = ADVANCED_FACE ( 'NONE', ( #4766 ), #4694, .F. ) ;
#5057 = EDGE_LOOP ( 'NONE', ( #6514, #3128, #1810, #5712 ) ) ;
#5058 = CARTESIAN_POINT ( 'NONE',  ( 0.000000000000000000, 12.49999999999996625, 0.000000000000000000 ) ) ;
#5059 = FACE_OUTER_BOUND ( 'NONE', #5471, .T. ) ;
#5060 = VECTOR ( 'NONE', #3733, 1000.000000000000000 ) ;
#5061 = ORIENTED_EDGE ( 'NONE', *, *, #6564, .F. ) ;
#5062 = ORIENTED_EDGE ( 'NONE', *, *, #768, .T. ) ;
#5063 = CYLINDRICAL_SURFACE ( 'NONE', #2980, 2.124999999999999556 ) ;
#5064 = VERTEX_POINT ( 'NONE', #1052 ) ;
#5065 = AXIS2_PLACEMENT_3D ( 'NONE', #4131, #3613, #386 ) ;
#5066 = EDGE_CURVE ( 'NONE', #2495, #1378, #6168, .T. ) ;
#5067 = DIRECTION ( 'NONE',  ( 1.000000000000000000, 1.020425574104003260E-16, 0.000000000000000000 ) ) ;
#5068 = ORIENTED_EDGE ( 'NONE', *, *, #5132, .F. ) ;
#5069 = AXIS2_PLACEMENT_3D ( 'NONE', #4985, #3881, #1873 ) ;
#5070 = DIRECTION ( 'NONE',  ( 1.000000000000000000, 2.040851148208008245E-16, 0.000000000000000000 ) ) ;
#5071 = DIRECTION ( 'NONE',  ( -0.7071067811865507924, -0.7071067811865441310, 8.649347478726779762E-17 ) ) ;
#5072 = CARTESIAN_POINT ( 'NONE',  ( -65.19531643575712110, -23.04002463867541906, -64.50000000000000000 ) ) ;
#5073 = CIRCLE ( 'NONE', #4198, 2.125000000000001776 ) ;
#5074 = ORIENTED_EDGE ( 'NONE', *, *, #2329, .F. ) ;
#5075 = LINE ( 'NONE', #4501, #5389 ) ;
#5076 = ORIENTED_EDGE ( 'NONE', *, *, #927, .T. ) ;
#5077 = ORIENTED_EDGE ( 'NONE', *, *, #6251, .T. ) ;
#5078 = CYLINDRICAL_SURFACE ( 'NONE', #3073, 1.500000000000015099 ) ;
#5079 = DIRECTION ( 'NONE',  ( 1.321694076934710155E-16, -1.000000000000000000, 0.000000000000000000 ) ) ;
#5080 = PLANE ( 'NONE',  #1977 ) ;
#5081 = FACE_OUTER_BOUND ( 'NONE', #4688, .T. ) ;
#5082 = ORIENTED_EDGE ( 'NONE', *, *, #2674, .F. ) ;
#5083 = CARTESIAN_POINT ( 'NONE',  ( -10.59428668738179091, -24.50000000040005332, -57.90314711228120359 ) ) ;
#5084 = EDGE_CURVE ( 'NONE', #4546, #4487, #1083, .T. ) ;
#5085 = EDGE_LOOP ( 'NONE', ( #2305, #4120, #4965, #6573, #791, #3871, #2761, #3953 ) ) ;
#5086 = CIRCLE ( 'NONE', #1594, 1.500000000000001332 ) ;
#5087 = CARTESIAN_POINT ( 'NONE',  ( 2.499999999999998668, -1.387778780781445676E-14, -56.50000000000000000 ) ) ;
#5088 = CARTESIAN_POINT ( 'NONE',  ( -74.99999999999998579, -27.50000000000001066, -62.99130088000890026 ) ) ;
#5089 = CIRCLE ( 'NONE', #2371, 2.125000000000000444 ) ;
#5090 = CARTESIAN_POINT ( 'NONE',  ( -9.326159841608127721, -20.53438446672534212, -9.864279309647987048 ) ) ;
#5091 = EDGE_CURVE ( 'NONE', #3900, #2229, #4217, .T. ) ;
#5092 = CIRCLE ( 'NONE', #4323, 2.124999999999998224 ) ;
#5093 = ORIENTED_EDGE ( 'NONE', *, *, #3996, .T. ) ;
#5094 = CARTESIAN_POINT ( 'NONE',  ( -9.999999999999996447, -24.50000000000001421, -54.14616043756442565 ) ) ;
#5095 = LINE ( 'NONE', #5980, #4959 ) ;
#5096 = ORIENTED_EDGE ( 'NONE', *, *, #5343, .T. ) ;
#5097 = AXIS2_PLACEMENT_3D ( 'NONE', #5387, #4297, #3813 ) ;
#5098 = ORIENTED_EDGE ( 'NONE', *, *, #4976, .F. ) ;
#5099 = EDGE_CURVE ( 'NONE', #5559, #863, #3657, .T. ) ;
#5100 = DIRECTION ( 'NONE',  ( 1.000000000000000000, 0.000000000000000000, 0.000000000000000000 ) ) ;
#5101 = ADVANCED_FACE ( 'NONE', ( #1156 ), #3232, .T. ) ;
#5102 = ORIENTED_EDGE ( 'NONE', *, *, #6070, .T. ) ;
#5103 = VERTEX_POINT ( 'NONE', #4123 ) ;
#5104 = DIRECTION ( 'NONE',  ( -1.224646799147353700E-16, 1.000000000000000000, -2.736911063134408342E-48 ) ) ;
#5105 = VERTEX_POINT ( 'NONE', #6203 ) ;
#5106 = CARTESIAN_POINT ( 'NONE',  ( -105.0000000000000142, 9.499999999999998224, -70.00000000000000000 ) ) ;
#5107 = CARTESIAN_POINT ( 'NONE',  ( -6.066279346690860663, 5.999999999999994671, -12.62347598126822845 ) ) ;
#5108 = DIRECTION ( 'NONE',  ( 0.000000000000000000, 1.000000000000000000, 1.131341397376178325E-16 ) ) ;
#5109 = ORIENTED_EDGE ( 'NONE', *, *, #4765, .T. ) ;
#5110 = DIRECTION ( 'NONE',  ( 0.000000000000000000, 0.000000000000000000, 1.000000000000000000 ) ) ;
#5111 = ORIENTED_EDGE ( 'NONE', *, *, #5560, .F. ) ;
#5112 = CARTESIAN_POINT ( 'NONE',  ( -6.399999999999999467, -20.50000000000000355, -10.54075870073009646 ) ) ;
#5113 = CARTESIAN_POINT ( 'NONE',  ( -2.000000000000000000, 0.000000000000000000, -5.500000000000001776 ) ) ;
#5114 = CARTESIAN_POINT ( 'NONE',  ( -65.50000000000000000, -25.50000000000000711, -4.500000000000003553 ) ) ;
#5115 = ORIENTED_EDGE ( 'NONE', *, *, #1748, .T. ) ;
#5116 = FACE_OUTER_BOUND ( 'NONE', #3041, .T. ) ;
#5117 = ORIENTED_EDGE ( 'NONE', *, *, #6495, .T. ) ;
#5118 = ORIENTED_EDGE ( 'NONE', *, *, #2934, .F. ) ;
#5119 = ADVANCED_FACE ( 'NONE', ( #1528, #3603, #3098 ), #3911, .T. ) ;
#5120 = DIRECTION ( 'NONE',  ( 1.000000000000000000, 0.000000000000000000, 0.000000000000000000 ) ) ;
#5121 = CARTESIAN_POINT ( 'NONE',  ( 0.000000000000000000, -34.50000000000000000, 0.000000000000000000 ) ) ;
#5122 = VERTEX_POINT ( 'NONE', #1252 ) ;
#5123 = DIRECTION ( 'NONE',  ( 0.000000000000000000, 0.000000000000000000, -1.000000000000000000 ) ) ;
#5124 = EDGE_LOOP ( 'NONE', ( #3941, #2646, #5704, #2677, #3532, #3225, #5648, #1737, #3279, #2491, #1995, #1669, #2348, #659, #5212 ) ) ;
#5125 = CARTESIAN_POINT ( 'NONE',  ( -8.481584784260276066, -20.70264925842266024, -57.38043354327437129 ) ) ;
#5126 = ADVANCED_FACE ( 'NONE', ( #166 ), #3398, .T. ) ;
#5127 = CARTESIAN_POINT ( 'NONE',  ( -43.07499999999999574, -30.50000000000001066, -60.00000000000002842 ) ) ;
#5128 = VECTOR ( 'NONE', #4052, 1000.000000000000000 ) ;
#5129 = EDGE_LOOP ( 'NONE', ( #508, #5338, #468 ) ) ;
#5130 = CYLINDRICAL_SURFACE ( 'NONE', #5050, 2.125000000000001776 ) ;
#5131 = ORIENTED_EDGE ( 'NONE', *, *, #5560, .T. ) ;
#5132 = EDGE_CURVE ( 'NONE', #2368, #4077, #666, .T. ) ;
#5133 = CARTESIAN_POINT ( 'NONE',  ( -63.37500000000001421, -25.50000000000000711, -65.50000000000000000 ) ) ;
#5134 = ORIENTED_EDGE ( 'NONE', *, *, #6074, .F. ) ;
#5135 = EDGE_CURVE ( 'NONE', #6234, #5348, #2354, .T. ) ;
#5136 = DIRECTION ( 'NONE',  ( 1.321694076934710155E-16, -1.000000000000000000, 0.000000000000000000 ) ) ;
#5137 = CARTESIAN_POINT ( 'NONE',  ( -6.074999999999993960, -29.00000000000000000, -25.00000000000001776 ) ) ;
#5138 = CIRCLE ( 'NONE', #133, 6.872983346207414357 ) ;
#5139 = VECTOR ( 'NONE', #4006, 1000.000000000000114 ) ;
#5140 = CARTESIAN_POINT ( 'NONE',  ( -1.816279346690859775, 5.999999999999994671, -57.37652401873177865 ) ) ;
#5141 = EDGE_CURVE ( 'NONE', #4936, #4883, #3333, .T. ) ;
#5142 = DIRECTION ( 'NONE',  ( 1.000000000000000000, 1.224646799147353700E-16, 0.000000000000000000 ) ) ;
#5143 = ORIENTED_EDGE ( 'NONE', *, *, #217, .T. ) ;
#5144 = EDGE_LOOP ( 'NONE', ( #3393, #5630, #3165, #4053 ) ) ;
#5145 = DIRECTION ( 'NONE',  ( 1.214306433183765755E-15, 1.000000000000000000, 0.000000000000000000 ) ) ;
#5146 = DIRECTION ( 'NONE',  ( 1.220304592980192936E-15, 1.000000000000000000, 0.000000000000000000 ) ) ;
#5147 = ORIENTED_EDGE ( 'NONE', *, *, #2462, .T. ) ;
#5148 = CARTESIAN_POINT ( 'NONE',  ( -8.920662298364327114, -21.15035713451526789, -57.90798936754136150 ) ) ;
#5149 = VERTEX_POINT ( 'NONE', #2745 ) ;
#5150 = AXIS2_PLACEMENT_3D ( 'NONE', #3402, #6533, #4904 ) ;
#5151 = EDGE_LOOP ( 'NONE', ( #1383, #1386, #6177, #3018 ) ) ;
#5152 = CARTESIAN_POINT ( 'NONE',  ( -1.816279346690863994, 4.499999999999872990, -3.295362189545513854 ) ) ;
#5153 = VECTOR ( 'NONE', #6730, 1000.000000000000000 ) ;
#5154 = DIRECTION ( 'NONE',  ( 1.224646799147353700E-16, -1.000000000000000000, 0.000000000000000000 ) ) ;
#5155 = VERTEX_POINT ( 'NONE', #1758 ) ;
#5156 = FACE_OUTER_BOUND ( 'NONE', #4844, .T. ) ;
#5157 = AXIS2_PLACEMENT_3D ( 'NONE', #6222, #6255, #2062 ) ;
#5158 = VERTEX_POINT ( 'NONE', #5990 ) ;
#5159 = CARTESIAN_POINT ( 'NONE',  ( -34.24900000000040023, -51.25100000000018241, -7.000000000000013323 ) ) ;
#5160 = DIRECTION ( 'NONE',  ( 0.000000000000000000, -1.000000000000000000, 0.000000000000000000 ) ) ;
#5161 = CIRCLE ( 'NONE', #2223, 4.000000000000003553 ) ;
#5162 = DIRECTION ( 'NONE',  ( -1.224646799147353700E-16, 1.000000000000000000, -0.000000000000000000 ) ) ;
#5163 = EDGE_CURVE ( 'NONE', #5231, #953, #5481, .T. ) ;
#5164 = ORIENTED_EDGE ( 'NONE', *, *, #401, .F. ) ;
#5165 = AXIS2_PLACEMENT_3D ( 'NONE', #4459, #6463, #1862 ) ;
#5167 = ORIENTED_EDGE ( 'NONE', *, *, #4228, .T. ) ;
#5166 = CARTESIAN_POINT ( 'NONE',  ( -8.343101951957560658, -20.60392284094639237, -12.82967499310021431 ) ) ;
#5168 = ORIENTED_EDGE ( 'NONE', *, *, #2271, .F. ) ;
#5169 = ORIENTED_EDGE ( 'NONE', *, *, #1968, .F. ) ;
#5170 = CIRCLE ( 'NONE', #3978, 10.00000000000000000 ) ;
#5171 = CARTESIAN_POINT ( 'NONE',  ( -3.941279346690865992, 0.9999999999999974465, -57.37652401873177865 ) ) ;
#5172 = CIRCLE ( 'NONE', #4190, 10.00000000000000178 ) ;
#5173 = LINE ( 'NONE', #2582, #3637 ) ;
#5174 = EDGE_CURVE ( 'NONE', #4124, #5281, #2361, .T. ) ;
#5175 = ORIENTED_EDGE ( 'NONE', *, *, #3578, .T. ) ;
#5176 = VECTOR ( 'NONE', #3658, 1000.000000000000000 ) ;
#5177 = CARTESIAN_POINT ( 'NONE',  ( -9.999999999999994671, 9.500000000000005329, -70.00000000000000000 ) ) ;
#5178 = VERTEX_POINT ( 'NONE', #2890 ) ;
#5179 = ORIENTED_EDGE ( 'NONE', *, *, #6186, .T. ) ;
#5180 = DIRECTION ( 'NONE',  ( 1.000000000000000000, 2.040851148208008245E-16, 0.000000000000000000 ) ) ;
#5181 = CARTESIAN_POINT ( 'NONE',  ( -64.40000000000000568, -20.50000000000001066, -56.54075870073007337 ) ) ;
#5182 = EDGE_LOOP ( 'NONE', ( #5793, #3762, #3019 ) ) ;
#5183 = DIRECTION ( 'NONE',  ( -1.000000000000000000, 1.224510688924804996E-15, 0.000000000000000000 ) ) ;
#5184 = EDGE_CURVE ( 'NONE', #4556, #3396, #5916, .T. ) ;
#5185 = ORIENTED_EDGE ( 'NONE', *, *, #4805, .T. ) ;
#5186 = VECTOR ( 'NONE', #5733, 1000.000000000000000 ) ;
#5187 = DIRECTION ( 'NONE',  ( 1.000000000000000000, 1.224646799147353700E-16, 0.000000000000000000 ) ) ;
#5188 = AXIS2_PLACEMENT_3D ( 'NONE', #1994, #3520, #5610 ) ;
#5189 = LINE ( 'NONE', #924, #1145 ) ;
#5190 = ORIENTED_EDGE ( 'NONE', *, *, #135, .T. ) ;
#5191 = CARTESIAN_POINT ( 'NONE',  ( -105.0000000000000142, 2.704597641062570723, -30.34703898461592431 ) ) ;
#5192 = ORIENTED_EDGE ( 'NONE', *, *, #6074, .T. ) ;
#5193 = CARTESIAN_POINT ( 'NONE',  ( -70.41675385009074262, -23.50000000000001066, -13.86289253076505901 ) ) ;
#5194 = VECTOR ( 'NONE', #2456, 1000.000000000000000 ) ;
#5195 = CARTESIAN_POINT ( 'NONE',  ( 0.000000000000000000, -0.0009309999067057261879, -63.76188481852116041 ) ) ;
#5196 = ORIENTED_EDGE ( 'NONE', *, *, #2655, .T. ) ;
#5197 = DIRECTION ( 'NONE',  ( -1.000000000000000000, -1.314184451497581352E-17, 0.000000000000000000 ) ) ;
#5198 = ORIENTED_EDGE ( 'NONE', *, *, #5705, .F. ) ;
#5200 = VERTEX_POINT ( 'NONE', #766 ) ;
#5199 = PLANE ( 'NONE',  #2904 ) ;
#5201 = ORIENTED_EDGE ( 'NONE', *, *, #5132, .T. ) ;
#5202 = VERTEX_POINT ( 'NONE', #3262 ) ;
#5203 = VECTOR ( 'NONE', #6194, 1000.000000000000000 ) ;
#5204 = EDGE_CURVE ( 'NONE', #4275, #4174, #6397, .T. ) ;
#5205 = DIRECTION ( 'NONE',  ( 0.000000000000000000, 0.000000000000000000, 1.000000000000000000 ) ) ;
#5206 = DIRECTION ( 'NONE',  ( 1.214306433183765755E-15, 1.000000000000000000, 0.000000000000000000 ) ) ;
#5207 = CARTESIAN_POINT ( 'NONE',  ( -23.07499999999999929, -26.50000000000001066, -45.00000000000001421 ) ) ;
#5208 = ORIENTED_EDGE ( 'NONE', *, *, #3087, .F. ) ;
#5209 = ADVANCED_FACE ( 'NONE', ( #1726 ), #2316, .F. ) ;
#5210 = DIRECTION ( 'NONE',  ( 0.000000000000000000, 0.000000000000000000, 1.000000000000000000 ) ) ;
#5211 = CARTESIAN_POINT ( 'NONE',  ( -60.07499999999999574, -29.00000000000000711, -25.00000000000001421 ) ) ;
#5212 = ORIENTED_EDGE ( 'NONE', *, *, #2387, .F. ) ;
#5213 = CARTESIAN_POINT ( 'NONE',  ( -8.158820814929914178, -23.58423641831404893, -56.97969416805975129 ) ) ;
#5214 = ORIENTED_EDGE ( 'NONE', *, *, #5573, .T. ) ;
#5215 = ADVANCED_FACE ( 'NONE', ( #4427 ), #1217, .F. ) ;
#5216 = LINE ( 'NONE', #7, #6501 ) ;
#5217 = DIRECTION ( 'NONE',  ( 0.000000000000000000, 0.000000000000000000, -1.000000000000000000 ) ) ;
#5218 = ORIENTED_EDGE ( 'NONE', *, *, #2801, .T. ) ;
#5219 = ADVANCED_FACE ( 'NONE', ( #4280 ), #1484, .F. ) ;
#5220 = DIRECTION ( 'NONE',  ( 1.321694076934710155E-16, -1.000000000000000000, 0.000000000000000000 ) ) ;
#5221 = EDGE_LOOP ( 'NONE', ( #6580, #1651, #986, #743 ) ) ;
#5222 = CARTESIAN_POINT ( 'NONE',  ( -8.401263730977877486, -20.64060929382290510, -57.30304006304230313 ) ) ;
#5223 = CARTESIAN_POINT ( 'NONE',  ( -1.999999999999996669, -24.48283093495053109, -64.50000000000000000 ) ) ;
#5224 = CARTESIAN_POINT ( 'NONE',  ( -64.40000000000000568, -20.50000000000001066, -7.540758700730105346 ) ) ;
#5225 = ORIENTED_EDGE ( 'NONE', *, *, #4224, .T. ) ;
#5227 = ORIENTED_EDGE ( 'NONE', *, *, #3012, .T. ) ;
#5226 = DIRECTION ( 'NONE',  ( 0.7071067811865507924, 0.7071067811865441310, -1.258086905996622130E-16 ) ) ;
#5228 = AXIS2_PLACEMENT_3D ( 'NONE', #3177, #5255, #1296 ) ;
#5229 = ORIENTED_EDGE ( 'NONE', *, *, #4476, .F. ) ;
#5230 = CARTESIAN_POINT ( 'NONE',  ( -103.1837206533091233, 0.9999999999999861222, -57.37652401873177865 ) ) ;
#5231 = VERTEX_POINT ( 'NONE', #6500 ) ;
#5232 = DIRECTION ( 'NONE',  ( 0.000000000000000000, 1.000000000000000000, 0.000000000000000000 ) ) ;
#5233 = DIRECTION ( 'NONE',  ( -1.632680918566406547E-16, -1.999457460951311197E-32, -1.000000000000000000 ) ) ;
#5234 = AXIS2_PLACEMENT_3D ( 'NONE', #2145, #3737, #2715 ) ;
#5235 = EDGE_CURVE ( 'NONE', #4487, #679, #1693, .T. ) ;
#5236 = CARTESIAN_POINT ( 'NONE',  ( -100.0000000000000000, 2.704597641062571167, -32.47203898461592786 ) ) ;
#5237 = VERTEX_POINT ( 'NONE', #5370 ) ;
#5238 = VECTOR ( 'NONE', #5659, 1000.000000000000000 ) ;
#5239 = CARTESIAN_POINT ( 'NONE',  ( -100.0000000000000000, -33.39999999999999858, -42.32451133429615453 ) ) ;
#5240 = AXIS2_PLACEMENT_3D ( 'NONE', #2241, #2843, #4970 ) ;
#5241 = LINE ( 'NONE', #5791, #893 ) ;
#5242 = CARTESIAN_POINT ( 'NONE',  ( -1.999999999999997335, -24.30145129699342021, -14.22538626260598171 ) ) ;
#5243 = ORIENTED_EDGE ( 'NONE', *, *, #4431, .F. ) ;
#5244 = EDGE_CURVE ( 'NONE', #3414, #2992, #1288, .T. ) ;
#5245 = DIRECTION ( 'NONE',  ( -0.000000000000000000, -1.000000000000000000, -0.000000000000000000 ) ) ;
#5246 = CARTESIAN_POINT ( 'NONE',  ( -53.07499999999999574, -30.50000000000001066, -25.00000000000001776 ) ) ;
#5247 = DIRECTION ( 'NONE',  ( 0.3082946285902775641, 0.000000000000000000, -0.9512909239461831978 ) ) ;
#5248 = CARTESIAN_POINT ( 'NONE',  ( -6.399999999999999467, -24.50000000000001421, -59.54075870073009469 ) ) ;
#5249 = AXIS2_PLACEMENT_3D ( 'NONE', #3543, #3507, #5635 ) ;
#5250 = EDGE_CURVE ( 'NONE', #3546, #4906, #5418, .T. ) ;
#5251 = ORIENTED_EDGE ( 'NONE', *, *, #2712, .T. ) ;
#5252 = TOROIDAL_SURFACE ( 'NONE', #3731, 6.872983346207426791, 4.000000000000000000 ) ;
#5253 = DIRECTION ( 'NONE',  ( 1.220304592980192936E-15, 1.000000000000000000, 0.000000000000000000 ) ) ;
#5254 = ORIENTED_EDGE ( 'NONE', *, *, #1968, .T. ) ;
#5255 = DIRECTION ( 'NONE',  ( 1.000000000000000000, 1.224646799147353700E-16, 0.000000000000000000 ) ) ;
#5256 = DIRECTION ( 'NONE',  ( -1.000000000000000000, -1.734723475976807094E-16, -8.673617379884035472E-17 ) ) ;
#5257 = DIRECTION ( 'NONE',  ( -1.000000000000000000, -1.224646799147353700E-16, 1.360567432138672081E-16 ) ) ;
#5258 = CARTESIAN_POINT ( 'NONE',  ( -1.999999999999997113, -24.12486685373665196, -56.58842909539563237 ) ) ;
#5259 = CARTESIAN_POINT ( 'NONE',  ( -95.00000000000000000, 5.999999999999987566, -19.49999999999998934 ) ) ;
#5260 = LINE ( 'NONE', #6453, #2631 ) ;
#5261 = CIRCLE ( 'NONE', #4614, 1.500000000000015099 ) ;
#5262 = EDGE_CURVE ( 'NONE', #4162, #3521, #5395, .T. ) ;
#5263 = ORIENTED_EDGE ( 'NONE', *, *, #2239, .T. ) ;
#5265 = ORIENTED_EDGE ( 'NONE', *, *, #1841, .T. ) ;
#5264 = CARTESIAN_POINT ( 'NONE',  ( -7.942857142857140396, -20.50000000000001421, -13.11361544698215198 ) ) ;
#5266 = VECTOR ( 'NONE', #1492, 1000.000000000000000 ) ;
#5267 = ORIENTED_EDGE ( 'NONE', *, *, #5567, .T. ) ;
#5268 = ORIENTED_EDGE ( 'NONE', *, *, #3719, .T. ) ;
#5269 = LINE ( 'NONE', #2523, #4764 ) ;
#5270 = ORIENTED_EDGE ( 'NONE', *, *, #1094, .T. ) ;
#5271 = CARTESIAN_POINT ( 'NONE',  ( -85.00000000000001421, -1.500000000000011768, -19.49999999999998579 ) ) ;
#5272 = DIRECTION ( 'NONE',  ( -1.000000000000000000, 0.000000000000000000, 1.632680918566406547E-16 ) ) ;
#5273 = AXIS2_PLACEMENT_3D ( 'NONE', #5354, #5807, #3180 ) ;
#5274 = DIRECTION ( 'NONE',  ( 1.000000000000000000, 0.000000000000000000, 0.000000000000000000 ) ) ;
#5275 = ORIENTED_EDGE ( 'NONE', *, *, #2688, .F. ) ;
#5276 = AXIS2_PLACEMENT_3D ( 'NONE', #5328, #6457, #655 ) ;
#5277 = DIRECTION ( 'NONE',  ( -0.000000000000000000, 1.000000000000000000, -0.000000000000000000 ) ) ;
#5278 = EDGE_CURVE ( 'NONE', #6378, #4185, #1919, .T. ) ;
#5279 = CARTESIAN_POINT ( 'NONE',  ( -69.07211427495715839, -23.50000000000001066, -5.500000000000005329 ) ) ;
#5280 = FACE_OUTER_BOUND ( 'NONE', #5686, .T. ) ;
#5281 = VERTEX_POINT ( 'NONE', #1866 ) ;
#5282 = CIRCLE ( 'NONE', #4415, 2.125000000000001776 ) ;
#5283 = CARTESIAN_POINT ( 'NONE',  ( -9.347568821127980598, -21.25201954038921315, -58.96379149844749179 ) ) ;
#5284 = DIRECTION ( 'NONE',  ( -8.659560562354964906E-17, 0.7071067811865499042, 0.7071067811865451302 ) ) ;
#5285 = EDGE_CURVE ( 'NONE', #3014, #4281, #1479, .T. ) ;
#5286 = CARTESIAN_POINT ( 'NONE',  ( -105.0000000000000142, -32.49999999999999289, -72.00000000000000000 ) ) ;
#5287 = VECTOR ( 'NONE', #2584, 1000.000000000000000 ) ;
#5288 = AXIS2_PLACEMENT_3D ( 'NONE', #5581, #5517, #840 ) ;
#5289 = CARTESIAN_POINT ( 'NONE',  ( -100.0000000000000000, 2.704597641062570723, -37.52796101538407925 ) ) ;
#5291 = VERTEX_POINT ( 'NONE', #4555 ) ;
#5290 = DIRECTION ( 'NONE',  ( 0.000000000000000000, 1.000000000000000000, 0.000000000000000000 ) ) ;
#5292 = DIRECTION ( 'NONE',  ( 0.000000000000000000, 0.000000000000000000, 1.000000000000000000 ) ) ;
#5293 = EDGE_CURVE ( 'NONE', #2948, #4414, #304, .T. ) ;
#5294 = CARTESIAN_POINT ( 'NONE',  ( -53.07500000000000284, 14.50100000000000300, -55.00000000000002132 ) ) ;
#5295 = CARTESIAN_POINT ( 'NONE',  ( -4.500000000000000888, -25.50000000000000355, -4.500000000000003553 ) ) ;
#5296 = CARTESIAN_POINT ( 'NONE',  ( -70.28183768826342259, -26.50000000000001066, -54.50000000000000000 ) ) ;
#5297 = VECTOR ( 'NONE', #3710, 1000.000000000000000 ) ;
#5298 = VERTEX_POINT ( 'NONE', #2414 ) ;
#5299 = CARTESIAN_POINT ( 'NONE',  ( -6.066279346690862440, 4.499999999999878320, -66.70463781045448570 ) ) ;
#5300 = DIRECTION ( 'NONE',  ( 0.000000000000000000, 0.000000000000000000, 1.000000000000000000 ) ) ;
#5301 = VERTEX_POINT ( 'NONE', #6127 ) ;
#5302 = CARTESIAN_POINT ( 'NONE',  ( -24.61886723926606280, -5.999999999999998224, -67.25000000000000000 ) ) ;
#5303 = EDGE_CURVE ( 'NONE', #1981, #1722, #4494, .T. ) ;
#5304 = VECTOR ( 'NONE', #6404, 1000.000000000000000 ) ;
#5305 = EDGE_CURVE ( 'NONE', #4505, #4546, #6662, .T. ) ;
#5306 = ORIENTED_EDGE ( 'NONE', *, *, #1575, .F. ) ;
#5307 = DIRECTION ( 'NONE',  ( 0.000000000000000000, -1.000000000000000000, 0.000000000000000000 ) ) ;
#5308 = CARTESIAN_POINT ( 'NONE',  ( -53.07499999999999574, -30.50000000000001066, -45.00000000000002132 ) ) ;
#5309 = CARTESIAN_POINT ( 'NONE',  ( -65.50000000000001421, -25.50000000000000711, -65.50000000000000000 ) ) ;
#5310 = VERTEX_POINT ( 'NONE', #2921 ) ;
#5311 = CARTESIAN_POINT ( 'NONE',  ( -100.0000000000000000, -33.39999999999999858, -42.32451133429615453 ) ) ;
#5312 = DIRECTION ( 'NONE',  ( 1.000000000000000000, 2.312964634635742957E-16, 0.000000000000000000 ) ) ;
#5313 = CARTESIAN_POINT ( 'NONE',  ( -1.999999999999997335, -23.69905578700462101, -11.92214282081878807 ) ) ;
#5314 = VERTEX_POINT ( 'NONE', #4585 ) ;
#5315 = FACE_OUTER_BOUND ( 'NONE', #3162, .T. ) ;
#5316 = CARTESIAN_POINT ( 'NONE',  ( -6.399999999999999467, -24.50000000000001421, -59.54075870073009469 ) ) ;
#5317 = DIRECTION ( 'NONE',  ( 0.000000000000000000, 0.000000000000000000, 1.000000000000000000 ) ) ;
#5318 = ORIENTED_EDGE ( 'NONE', *, *, #2513, .T. ) ;
#5319 = CARTESIAN_POINT ( 'NONE',  ( 3.469446951953614189E-15, -30.50000000000000355, -70.00000000000000000 ) ) ;
#5320 = EDGE_LOOP ( 'NONE', ( #5388, #6037 ) ) ;
#5321 = DIRECTION ( 'NONE',  ( 0.000000000000000000, 0.000000000000000000, 1.000000000000000000 ) ) ;
#5322 = CARTESIAN_POINT ( 'NONE',  ( -8.517243739742886177, -20.73121119030733439, -12.66614782898863112 ) ) ;
#5323 = FACE_OUTER_BOUND ( 'NONE', #5124, .T. ) ;
#5324 = CARTESIAN_POINT ( 'NONE',  ( -11.99978895762535203, -24.50000000117745458, -60.50669343607606976 ) ) ;
#5325 = FACE_OUTER_BOUND ( 'NONE', #1069, .T. ) ;
#5326 = EDGE_LOOP ( 'NONE', ( #2293, #1010, #1838, #226 ) ) ;
#5327 = ADVANCED_FACE ( 'NONE', ( #902 ), #433, .F. ) ;
#5328 = CARTESIAN_POINT ( 'NONE',  ( -100.0000000000000000, 2.704597641062570723, -39.65296101538408635 ) ) ;
#5329 = CARTESIAN_POINT ( 'NONE',  ( -100.0000000000000000, 1.552207410648924535, -63.91411680942459128 ) ) ;
#5330 = DIRECTION ( 'NONE',  ( -1.000000000000000000, 0.000000000000000000, 0.000000000000000000 ) ) ;
#5331 = CARTESIAN_POINT ( 'NONE',  ( -6.032613492920027909, -23.94024765466011928, -64.50000000000000000 ) ) ;
#5332 = DIRECTION ( 'NONE',  ( 1.000000000000000000, -0.000000000000000000, 1.224646799147353207E-16 ) ) ;
#5333 = ADVANCED_FACE ( 'NONE', ( #2950 ), #1450, .F. ) ;
#5334 = VECTOR ( 'NONE', #5051, 1000.000000000000000 ) ;
#5335 = EDGE_CURVE ( 'NONE', #2738, #5515, #1901, .T. ) ;
#5336 = DIRECTION ( 'NONE',  ( -1.000000000000000000, -1.224646799147353700E-16, 0.000000000000000000 ) ) ;
#5337 = CARTESIAN_POINT ( 'NONE',  ( -80.28183768826340838, -23.50000000000001066, -5.500000000000005329 ) ) ;
#5338 = ORIENTED_EDGE ( 'NONE', *, *, #6425, .T. ) ;
#5339 = CARTESIAN_POINT ( 'NONE',  ( -13.07499999999999396, -30.50000000000000355, -25.00000000000002132 ) ) ;
#5340 = DIRECTION ( 'NONE',  ( 1.321694076934710155E-16, -1.000000000000000000, 0.000000000000000000 ) ) ;
#5341 = AXIS2_PLACEMENT_3D ( 'NONE', #1505, #3649, #6275 ) ;
#5342 = CARTESIAN_POINT ( 'NONE',  ( -2.000000000000000000, -1.500000000000011768, 0.000000000000000000 ) ) ;
#5343 = EDGE_CURVE ( 'NONE', #5310, #5362, #4102, .T. ) ;
#5344 = VECTOR ( 'NONE', #6674, 1000.000000000000000 ) ;
#5345 = DIRECTION ( 'NONE',  ( 1.000000000000000000, 1.020425574104004122E-16, 0.000000000000000000 ) ) ;
#5346 = CARTESIAN_POINT ( 'NONE',  ( -64.40000000000000568, -26.50000000000001066, -10.54075870073010357 ) ) ;
#5347 = DIRECTION ( 'NONE',  ( 1.321694076934710155E-16, -1.000000000000000000, 0.000000000000000000 ) ) ;
#5348 = VERTEX_POINT ( 'NONE', #1388 ) ;
#5349 = AXIS2_PLACEMENT_3D ( 'NONE', #4320, #5919, #5520 ) ;
#5350 = AXIS2_PLACEMENT_3D ( 'NONE', #6519, #6488, #1307 ) ;
#5351 = EDGE_CURVE ( 'NONE', #1021, #5400, #867, .T. ) ;
#5352 = DIRECTION ( 'NONE',  ( -1.224646799147353947E-16, 1.000000000000000000, 0.000000000000000000 ) ) ;
#5353 = VECTOR ( 'NONE', #2623, 1000.000000000000000 ) ;
#5354 = CARTESIAN_POINT ( 'NONE',  ( 0.000000000000000000, -23.50000000000001066, 0.000000000000000000 ) ) ;
#5355 = ORIENTED_EDGE ( 'NONE', *, *, #2592, .T. ) ;
#5356 = LINE ( 'NONE', #686, #1001 ) ;
#5357 = EDGE_CURVE ( 'NONE', #2249, #717, #6628, .T. ) ;
#5358 = CARTESIAN_POINT ( 'NONE',  ( -100.0000000000000000, 1.552207410648924535, -3.960883190575414936 ) ) ;
#5359 = ORIENTED_EDGE ( 'NONE', *, *, #2640, .T. ) ;
#5360 = CARTESIAN_POINT ( 'NONE',  ( -43.07499999999999574, -29.00000000000000711, -25.00000000000001776 ) ) ;
#5361 = CARTESIAN_POINT ( 'NONE',  ( 3.999999999999996447, 12.49999999999996625, -70.00000000000000000 ) ) ;
#5362 = VERTEX_POINT ( 'NONE', #5620 ) ;
#5363 = ORIENTED_EDGE ( 'NONE', *, *, #4679, .T. ) ;
#5364 = DIRECTION ( 'NONE',  ( -1.000000000000000000, 0.000000000000000000, 0.000000000000000000 ) ) ;
#5365 = AXIS2_PLACEMENT_3D ( 'NONE', #369, #1393, #3599 ) ;
#5366 = EDGE_CURVE ( 'NONE', #5614, #3414, #6274, .T. ) ;
#5367 = LINE ( 'NONE', #729, #2975 ) ;
#5368 = FACE_OUTER_BOUND ( 'NONE', #3024, .T. ) ;
#5369 = CIRCLE ( 'NONE', #2865, 2.125000000000000000 ) ;
#5370 = CARTESIAN_POINT ( 'NONE',  ( -19.99999999999999645, -1.500000000000011768, -60.50000000000000000 ) ) ;
#5371 = CARTESIAN_POINT ( 'NONE',  ( -7.900000000000002132, -20.50000000000000355, -59.54075870073009469 ) ) ;
#5372 = CARTESIAN_POINT ( 'NONE',  ( 6.938893903907228378E-15, -36.50000000000000711, -68.00000000000000000 ) ) ;
#5373 = EDGE_CURVE ( 'NONE', #5237, #509, #4461, .T. ) ;
#5374 = CARTESIAN_POINT ( 'NONE',  ( 4.000000000000003553, -30.50000000000000355, -70.00000000000000000 ) ) ;
#5375 = LINE ( 'NONE', #5792, #1786 ) ;
#5376 = TOROIDAL_SURFACE ( 'NONE', #2452, 7.000000000000001776, 4.000000000000000000 ) ;
#5377 = FACE_BOUND ( 'NONE', #1513, .T. ) ;
#5378 = B_SPLINE_CURVE_WITH_KNOTS ( 'NONE', 3,
 ( #3704, #4220, #4835, #6298, #2213, #1159, #2684, #5279 ),
 .UNSPECIFIED., .F., .F.,
 ( 4, 2, 2, 4 ),
 ( 0.004700335106567964452, 0.005878714148837103394, 0.007057093191106242336, 0.009413851275644520220 ),
 .UNSPECIFIED. ) ;
#5379 = LINE ( 'NONE', #6441, #5566 ) ;
#5380 = ADVANCED_FACE ( 'NONE', ( #2000, #4081 ), #6166, .T. ) ;
#5381 = DIRECTION ( 'NONE',  ( -1.000000000000000000, 0.000000000000000000, 0.000000000000000000 ) ) ;
#5382 = ORIENTED_EDGE ( 'NONE', *, *, #4389, .T. ) ;
#5383 = EDGE_CURVE ( 'NONE', #6728, #5487, #5073, .T. ) ;
#5384 = CIRCLE ( 'NONE', #2367, 10.00000000000000000 ) ;
#5385 = AXIS2_PLACEMENT_3D ( 'NONE', #3514, #6245, #5154 ) ;
#5386 = ORIENTED_EDGE ( 'NONE', *, *, #269, .F. ) ;
#5388 = ORIENTED_EDGE ( 'NONE', *, *, #2299, .F. ) ;
#5387 = CARTESIAN_POINT ( 'NONE',  ( -6.399999999999999467, -20.50000000000000355, -59.54075870073009469 ) ) ;
#5389 = VECTOR ( 'NONE', #409, 1000.000000000000000 ) ;
#5390 = LINE ( 'NONE', #2630, #3202 ) ;
#5391 = ORIENTED_EDGE ( 'NONE', *, *, #3143, .T. ) ;
#5392 = CARTESIAN_POINT ( 'NONE',  ( -23.07500000000000639, 14.50100000000001010, -45.00000000000001421 ) ) ;
#5393 = DIRECTION ( 'NONE',  ( -1.000000000000000000, 0.000000000000000000, 0.000000000000000000 ) ) ;
#5394 = CARTESIAN_POINT ( 'NONE',  ( -6.066279346690864216, 4.499999999999878320, -3.295362189545514298 ) ) ;
#5395 = CIRCLE ( 'NONE', #5288, 2.125000000000001776 ) ;
#5396 = ORIENTED_EDGE ( 'NONE', *, *, #3229, .F. ) ;
#5397 = LINE ( 'NONE', #3727, #3433 ) ;
#5398 = EDGE_CURVE ( 'NONE', #1959, #4174, #2167, .T. ) ;
#5399 = CARTESIAN_POINT ( 'NONE',  ( -101.0587206533091233, 0.9999999999999835687, -12.62347598126822845 ) ) ;
#5400 = VERTEX_POINT ( 'NONE', #4756 ) ;
#5401 = DIRECTION ( 'NONE',  ( -1.000000000000000000, -1.224646799147353700E-16, 0.000000000000000000 ) ) ;
#5402 = DIRECTION ( 'NONE',  ( -0.7071067811865441310, 0.7071067811865507924, 0.000000000000000000 ) ) ;
#5403 = ORIENTED_EDGE ( 'NONE', *, *, #5875, .T. ) ;
#5404 = FACE_OUTER_BOUND ( 'NONE', #6167, .T. ) ;
#5405 = VECTOR ( 'NONE', #2905, 1000.000000000000000 ) ;
#5406 = CARTESIAN_POINT ( 'NONE',  ( 0.000000000000000000, 12.49999999999996625, -70.00000000000000000 ) ) ;
#5407 = EDGE_CURVE ( 'NONE', #5543, #6651, #2137, .T. ) ;
#5408 = DIRECTION ( 'NONE',  ( -1.314184451497580735E-17, 1.000000000000000000, 0.000000000000000000 ) ) ;
#5409 = AXIS2_PLACEMENT_3D ( 'NONE', #3203, #5928, #4290 ) ;
#5410 = FACE_BOUND ( 'NONE', #2726, .T. ) ;
#5411 = CYLINDRICAL_SURFACE ( 'NONE', #1657, 15.00000000000000000 ) ;
#5412 = CARTESIAN_POINT ( 'NONE',  ( -6.399999999999999467, -20.50000000000000355, -56.54075870073009469 ) ) ;
#5413 = ORIENTED_EDGE ( 'NONE', *, *, #4804, .T. ) ;
#5414 = EDGE_CURVE ( 'NONE', #1468, #6025, #6289, .T. ) ;
#5415 = ORIENTED_EDGE ( 'NONE', *, *, #6547, .F. ) ;
#5416 = DIRECTION ( 'NONE',  ( -1.000000000000000000, 8.163404592832026077E-16, 0.000000000000000000 ) ) ;
#5417 =( NAMED_UNIT ( * ) PLANE_ANGLE_UNIT ( ) SI_UNIT ( $, .RADIAN. ) );
#5418 = B_SPLINE_CURVE_WITH_KNOTS ( 'NONE', 3,
 ( #4868, #2851, #4941, #268, #402, #4978, #1415, #4526 ),
 .UNSPECIFIED., .F., .F.,
 ( 4, 2, 2, 4 ),
 ( 0.004774647778717892171, 0.005953502275354499024, 0.007132356771991106743, 0.009490065765264321315 ),
 .UNSPECIFIED. ) ;
#5419 = CARTESIAN_POINT ( 'NONE',  ( -64.40000000000000568, -20.50000000000001066, -59.54075870073008758 ) ) ;
#5420 = VECTOR ( 'NONE', #6005, 1000.000000000000000 ) ;
#5421 = LINE ( 'NONE', #1879, #562 ) ;
#5422 = ORIENTED_EDGE ( 'NONE', *, *, #2536, .T. ) ;
#5423 = EDGE_CURVE ( 'NONE', #5105, #1378, #6226, .T. ) ;
#5424 = EDGE_CURVE ( 'NONE', #850, #3859, #90, .T. ) ;
#5425 = ORIENTED_EDGE ( 'NONE', *, *, #1262, .F. ) ;
#5426 = EDGE_CURVE ( 'NONE', #1787, #2682, #5170, .T. ) ;
#5428 = ORIENTED_EDGE ( 'NONE', *, *, #189, .F. ) ;
#5427 = CARTESIAN_POINT ( 'NONE',  ( -1.004152797299980637, -24.50000000000001421, -15.00000000000000711 ) ) ;
#5429 = PLANE ( 'NONE',  #4961 ) ;
#5430 = VERTEX_POINT ( 'NONE', #6197 ) ;
#5431 = CARTESIAN_POINT ( 'NONE',  ( -10.00000000000000000, -24.50000000000001421, -15.50000000000001066 ) ) ;
#5432 = CARTESIAN_POINT ( 'NONE',  ( -9.402855761320328298, -20.90251444561936012, -59.49880658310959092 ) ) ;
#5433 = DIRECTION ( 'NONE',  ( -1.000000000000000000, 0.000000000000000000, 0.000000000000000000 ) ) ;
#5434 = EDGE_LOOP ( 'NONE', ( #5196, #1987, #4683, #6391 ) ) ;
#5435 = EDGE_CURVE ( 'NONE', #4042, #2521, #2234, .T. ) ;
#5436 = CARTESIAN_POINT ( 'NONE',  ( 0.000000000000000000, 9.500000000000005329, -70.00000000000000000 ) ) ;
#5437 = FACE_OUTER_BOUND ( 'NONE', #3596, .T. ) ;
#5438 = ORIENTED_EDGE ( 'NONE', *, *, #6679, .F. ) ;
#5439 = DIRECTION ( 'NONE',  ( -1.224646799147353700E-16, 1.000000000000000000, 0.000000000000000000 ) ) ;
#5440 = VERTEX_POINT ( 'NONE', #2099 ) ;
#5441 = DIRECTION ( 'NONE',  ( 1.000000000000000000, 0.000000000000000000, -1.223202451009288748E-16 ) ) ;
#5442 = DIRECTION ( 'NONE',  ( 1.321694076934710155E-16, -1.000000000000000000, 0.000000000000000000 ) ) ;
#5443 = ORIENTED_EDGE ( 'NONE', *, *, #5244, .T. ) ;
#5444 = EDGE_CURVE ( 'NONE', #2274, #1265, #1649, .T. ) ;
#5445 = CARTESIAN_POINT ( 'NONE',  ( -103.1837206533091233, 0.9999999999999861222, -12.62347598126822845 ) ) ;
#5446 = FACE_OUTER_BOUND ( 'NONE', #5977, .T. ) ;
#5447 = DIRECTION ( 'NONE',  ( 1.224646799147353700E-16, -1.000000000000000000, 0.000000000000000000 ) ) ;
#5448 = FACE_OUTER_BOUND ( 'NONE', #2660, .T. ) ;
#5449 = ORIENTED_EDGE ( 'NONE', *, *, #6536, .T. ) ;
#5450 = DIRECTION ( 'NONE',  ( -1.000000000000000000, 0.000000000000000000, 0.000000000000000000 ) ) ;
#5451 = DIRECTION ( 'NONE',  ( 1.000000000000000000, 1.224646799147353700E-16, 0.000000000000000000 ) ) ;
#5452 = CARTESIAN_POINT ( 'NONE',  ( -2.000000000000000000, -1.500000000000011768, 0.000000000000000000 ) ) ;
#5453 = VECTOR ( 'NONE', #5402, 1000.000000000000114 ) ;
#5454 = CYLINDRICAL_SURFACE ( 'NONE', #3066, 10.00000000000000000 ) ;
#5455 = CARTESIAN_POINT ( 'NONE',  ( -11.06971445025410894, -1.500000000000011768, -15.00000000000001421 ) ) ;
#5456 = EDGE_LOOP ( 'NONE', ( #5214, #541 ) ) ;
#5457 = EDGE_CURVE ( 'NONE', #112, #2408, #5688, .T. ) ;
#5458 = AXIS2_PLACEMENT_3D ( 'NONE', #5700, #5145, #3102 ) ;
#5459 = CARTESIAN_POINT ( 'NONE',  ( 4.000000000000003553, -24.50000000000001421, -15.00000000000001421 ) ) ;
#5460 = DIRECTION ( 'NONE',  ( 1.321694076934710155E-16, -1.000000000000000000, 0.000000000000000000 ) ) ;
#5461 = ORIENTED_EDGE ( 'NONE', *, *, #6258, .T. ) ;
#5462 = CARTESIAN_POINT ( 'NONE',  ( -7.973201119657310265, -23.77924122826900444, -13.20810544804980147 ) ) ;
#5463 = AXIS2_PLACEMENT_3D ( 'NONE', #116, #1237, #1779 ) ;
#5464 = VECTOR ( 'NONE', #1887, 1000.000000000000000 ) ;
#5465 = ADVANCED_FACE ( 'NONE', ( #6316 ), #5813, .T. ) ;
#5466 = CARTESIAN_POINT ( 'NONE',  ( -3.941279346690864216, 4.499999999999875655, -3.295362189545514298 ) ) ;
#5467 = ORIENTED_EDGE ( 'NONE', *, *, #5285, .F. ) ;
#5468 = ORIENTED_EDGE ( 'NONE', *, *, #2381, .T. ) ;
#5469 = DIRECTION ( 'NONE',  ( 0.000000000000000000, -1.301042606982605321E-16, 1.000000000000000000 ) ) ;
#5470 = DIRECTION ( 'NONE',  ( 1.214306433183765755E-15, 1.000000000000000000, 0.000000000000000000 ) ) ;
#5471 = EDGE_LOOP ( 'NONE', ( #2309, #2886 ) ) ;
#5473 = DIRECTION ( 'NONE',  ( -1.196361017915038746E-16, 1.000000000000000000, 0.000000000000000000 ) ) ;
#5472 = CARTESIAN_POINT ( 'NONE',  ( -1.072569998419129256, -24.50000000000001421, -55.00000000000000000 ) ) ;
#5474 = VERTEX_POINT ( 'NONE', #2133 ) ;
#5475 = EDGE_LOOP ( 'NONE', ( #2537, #6657, #5268, #3174 ) ) ;
#5476 = ADVANCED_FACE ( 'NONE', ( #556 ), #4400, .F. ) ;
#5477 = DIRECTION ( 'NONE',  ( 1.224646799147353700E-16, -1.000000000000000000, 2.736911063134408342E-48 ) ) ;
#5478 = CIRCLE ( 'NONE', #6129, 7.000000000000002665 ) ;
#5479 = CARTESIAN_POINT ( 'NONE',  ( -105.0000000000000142, 2.704597641062570723, -28.22203898461592075 ) ) ;
#5480 = ORIENTED_EDGE ( 'NONE', *, *, #234, .T. ) ;
#5481 = LINE ( 'NONE', #4901, #1692 ) ;
#5482 = VECTOR ( 'NONE', #1152, 1000.000000000000000 ) ;
#5483 = PLANE ( 'NONE',  #2735 ) ;
#5484 = LINE ( 'NONE', #6029, #6448 ) ;
#5485 = DIRECTION ( 'NONE',  ( 0.000000000000000000, 0.000000000000000000, -1.000000000000000000 ) ) ;
#5486 = ORIENTED_EDGE ( 'NONE', *, *, #4493, .T. ) ;
#5487 = VERTEX_POINT ( 'NONE', #4684 ) ;
#5488 = DIRECTION ( 'NONE',  ( -0.7057479132476279782, 0.000000000000000000, -0.7084630427528443297 ) ) ;
#5489 = CARTESIAN_POINT ( 'NONE',  ( -62.84579436729248414, -23.16222178986216207, -5.500000000000005329 ) ) ;
#5490 = FILL_AREA_STYLE ('',( #2929 ) ) ;
#5491 = VECTOR ( 'NONE', #102, 1000.000000000000000 ) ;
#5492 = CARTESIAN_POINT ( 'NONE',  ( 3.469446951953614189E-15, -30.50000000000000355, -70.00000000000000000 ) ) ;
#5493 = PLANE ( 'NONE',  #243 ) ;
#5494 = AXIS2_PLACEMENT_3D ( 'NONE', #1792, #4939, #5914 ) ;
#5495 = VERTEX_POINT ( 'NONE', #1043 ) ;
#5496 = ADVANCED_FACE ( 'NONE', ( #2669 ), #5199, .T. ) ;
#5497 = LINE ( 'NONE', #2332, #5405 ) ;
#5498 = FACE_OUTER_BOUND ( 'NONE', #3639, .T. ) ;
#5499 = CARTESIAN_POINT ( 'NONE',  ( -85.50000000000009948, 0.000000000000000000, 0.000000000000000000 ) ) ;
#5500 = VECTOR ( 'NONE', #4270, 1000.000000000000000 ) ;
#5501 = DIRECTION ( 'NONE',  ( 1.214306433183765755E-15, 1.000000000000000000, 0.000000000000000000 ) ) ;
#5502 = ORIENTED_EDGE ( 'NONE', *, *, #3885, .F. ) ;
#5503 = ORIENTED_EDGE ( 'NONE', *, *, #5994, .F. ) ;
#5504 = CIRCLE ( 'NONE', #1369, 10.00000000000000000 ) ;
#5505 = CARTESIAN_POINT ( 'NONE',  ( 0.000000000000000000, -0.0009309999067057261879, -6.238115181478841365 ) ) ;
#5506 = ADVANCED_FACE ( 'NONE', ( #1207 ), #1718, .F. ) ;
#5507 = FACE_OUTER_BOUND ( 'NONE', #937, .T. ) ;
#5508 = VERTEX_POINT ( 'NONE', #4929 ) ;
#5510 = LINE ( 'NONE', #2916, #669 ) ;
#5509 = SHAPE_DEFINITION_REPRESENTATION ( #3804, #2139 ) ;
#5511 = VERTEX_POINT ( 'NONE', #5329 ) ;
#5512 = LINE ( 'NONE', #1249, #4388 ) ;
#5513 = VECTOR ( 'NONE', #1320, 1000.000000000000000 ) ;
#5514 = DIRECTION ( 'NONE',  ( -9.983034335009922775E-17, 0.7071067811865451302, 0.7071067811865500152 ) ) ;
#5515 = VERTEX_POINT ( 'NONE', #2774 ) ;
#5516 = EDGE_CURVE ( 'NONE', #1204, #6280, #2200, .T. ) ;
#5517 = DIRECTION ( 'NONE',  ( 1.000000000000000000, 1.224646799147353700E-16, 0.000000000000000000 ) ) ;
#5518 = ADVANCED_FACE ( 'NONE', ( #5437 ), #2840, .F. ) ;
#5519 = EDGE_CURVE ( 'NONE', #4394, #3277, #826, .T. ) ;
#5520 = DIRECTION ( 'NONE',  ( 0.000000000000000000, 0.000000000000000000, 1.000000000000000000 ) ) ;
#5521 = CARTESIAN_POINT ( 'NONE',  ( -7.942857142857140396, -20.50000000000000355, -56.96790195447803740 ) ) ;
#5522 = DIRECTION ( 'NONE',  ( 1.321694076934710155E-16, -1.000000000000000000, 0.000000000000000000 ) ) ;
#5523 = CIRCLE ( 'NONE', #4112, 2.124999999999999556 ) ;
#5524 = LINE ( 'NONE', #2927, #3213 ) ;
#5525 = EDGE_LOOP ( 'NONE', ( #328, #94, #483, #6228 ) ) ;
#5526 = DIRECTION ( 'NONE',  ( 1.334402673828313093E-16, -1.000000000000000000, 0.000000000000000000 ) ) ;
#5527 = DIRECTION ( 'NONE',  ( 1.000000000000000000, 1.020425574104004122E-16, 0.000000000000000000 ) ) ;
#5528 = DIRECTION ( 'NONE',  ( 1.000000000000000000, 0.000000000000000000, 0.000000000000000000 ) ) ;
#5529 = ORIENTED_EDGE ( 'NONE', *, *, #5866, .F. ) ;
#5530 = ORIENTED_EDGE ( 'NONE', *, *, #4543, .T. ) ;
#5531 = LINE ( 'NONE', #6482, #2143 ) ;
#5532 = CARTESIAN_POINT ( 'NONE',  ( 3.469446951953614189E-15, -36.50000000000000711, -2.000000000000029310 ) ) ;
#5533 = CARTESIAN_POINT ( 'NONE',  ( -11.80407610914892658, -24.49999999818163943, -9.759354418562290689 ) ) ;
#5534 = LINE ( 'NONE', #6553, #5464 ) ;
#5535 = EDGE_CURVE ( 'NONE', #5033, #896, #2237, .T. ) ;
#5536 = EDGE_LOOP ( 'NONE', ( #3290, #4269 ) ) ;
#5537 = VERTEX_POINT ( 'NONE', #691 ) ;
#5538 = DIRECTION ( 'NONE',  ( -1.000000000000000000, 1.224510688924804010E-15, 0.000000000000000000 ) ) ;
#5539 = PLANE ( 'NONE',  #1376 ) ;
#5540 = ORIENTED_EDGE ( 'NONE', *, *, #3671, .T. ) ;
#5541 = EDGE_LOOP ( 'NONE', ( #5131, #2084 ) ) ;
#5542 = CARTESIAN_POINT ( 'NONE',  ( -4.500000000000000888, -25.50000000000000355, -4.500000000000003553 ) ) ;
#5543 = VERTEX_POINT ( 'NONE', #3790 ) ;
#5544 = EDGE_CURVE ( 'NONE', #5301, #2832, #191, .T. ) ;
#5545 = DIRECTION ( 'NONE',  ( 0.000000000000000000, -1.000000000000000000, 0.000000000000000000 ) ) ;
#5546 = LINE ( 'NONE', #5037, #1109 ) ;
#5547 = CARTESIAN_POINT ( 'NONE',  ( -56.32740755027064239, -23.50000000000001066, -64.50000000000000000 ) ) ;
#5548 = DIRECTION ( 'NONE',  ( -1.000000000000000000, -1.314184451497580735E-17, 0.000000000000000000 ) ) ;
#5549 = EDGE_CURVE ( 'NONE', #332, #4790, #6585, .T. ) ;
#5550 = ADVANCED_FACE ( 'NONE', ( #1278 ), #3903, .F. ) ;
#5551 = LINE ( 'NONE', #2957, #393 ) ;
#5552 = LINE ( 'NONE', #5591, #5128 ) ;
#5553 = VERTEX_POINT ( 'NONE', #5361 ) ;
#5554 = FACE_OUTER_BOUND ( 'NONE', #880, .T. ) ;
#5555 = DIRECTION ( 'NONE',  ( 1.321694076934710155E-16, -1.000000000000000000, 0.000000000000000000 ) ) ;
#5556 = ORIENTED_EDGE ( 'NONE', *, *, #807, .F. ) ;
#5557 = EDGE_LOOP ( 'NONE', ( #302, #2844, #3272, #2025, #5102, #3322, #4822, #4648 ) ) ;
#5558 = DIRECTION ( 'NONE',  ( -1.224646799147353700E-16, 1.000000000000000000, -0.000000000000000000 ) ) ;
#5559 = VERTEX_POINT ( 'NONE', #3761 ) ;
#5560 = EDGE_CURVE ( 'NONE', #2012, #6025, #4525, .T. ) ;
#5561 = VECTOR ( 'NONE', #2654, 1000.000000000000000 ) ;
#5562 = DIRECTION ( 'NONE',  ( -1.000000000000000000, 0.000000000000000000, -6.938893903907227392E-16 ) ) ;
#5563 = LINE ( 'NONE', #1471, #4542 ) ;
#5564 = LINE ( 'NONE', #887, #926 ) ;
#5565 = DIRECTION ( 'NONE',  ( 1.000000000000000000, 0.000000000000000000, -1.224646799147353207E-16 ) ) ;
#5566 = VECTOR ( 'NONE', #6035, 1000.000000000000000 ) ;
#5567 = EDGE_CURVE ( 'NONE', #509, #2939, #5384, .T. ) ;
#5568 = ORIENTED_EDGE ( 'NONE', *, *, #1142, .F. ) ;
#5569 = ORIENTED_EDGE ( 'NONE', *, *, #4982, .T. ) ;
#5570 = CARTESIAN_POINT ( 'NONE',  ( -105.0000000000000142, 9.499999999999998224, 0.000000000000000000 ) ) ;
#5571 = DIRECTION ( 'NONE',  ( 1.224646799147353700E-16, -1.000000000000000000, 0.000000000000000000 ) ) ;
#5572 = AXIS2_PLACEMENT_3D ( 'NONE', #151, #4783, #4749 ) ;
#5573 = EDGE_CURVE ( 'NONE', #4660, #6021, #2253, .T. ) ;
#5574 = ORIENTED_EDGE ( 'NONE', *, *, #1671, .T. ) ;
#5575 = CARTESIAN_POINT ( 'NONE',  ( -43.07499999999999574, -29.00000000000000711, -10.00000000000001954 ) ) ;
#5576 = ORIENTED_EDGE ( 'NONE', *, *, #3922, .T. ) ;
#5577 = CARTESIAN_POINT ( 'NONE',  ( -6.399999999999999467, -20.50000000000000355, -59.54075870073009469 ) ) ;
#5578 = ORIENTED_EDGE ( 'NONE', *, *, #3130, .F. ) ;
#5579 = VECTOR ( 'NONE', #2656, 1000.000000000000000 ) ;
#5580 = VECTOR ( 'NONE', #833, 1000.000000000000000 ) ;
#5581 = CARTESIAN_POINT ( 'NONE',  ( 4.000000000000003553, -19.93338814962351790, -63.76188481852116041 ) ) ;
#5582 = ORIENTED_EDGE ( 'NONE', *, *, #179, .F. ) ;
#5583 = ADVANCED_FACE ( 'NONE', ( #1749 ), #4272, .F. ) ;
#5584 = AXIS2_PLACEMENT_3D ( 'NONE', #1836, #5959, #2416 ) ;
#5585 = LINE ( 'NONE', #2514, #5788 ) ;
#5586 = DIRECTION ( 'NONE',  ( 1.224646799147353700E-16, -1.000000000000000000, 0.000000000000000000 ) ) ;
#5587 = DIRECTION ( 'NONE',  ( 8.673617379884036705E-17, 0.000000000000000000, 1.000000000000000000 ) ) ;
#5588 = VECTOR ( 'NONE', #6263, 1000.000000000000000 ) ;
#5589 = ORIENTED_EDGE ( 'NONE', *, *, #1568, .T. ) ;
#5590 = CARTESIAN_POINT ( 'NONE',  ( -1.999999999999996669, -24.50000000000001421, -15.00000000000000711 ) ) ;
#5591 = CARTESIAN_POINT ( 'NONE',  ( -103.1837206533091233, 4.499999999999996447, -66.70463781045448570 ) ) ;
#5592 = EDGE_CURVE ( 'NONE', #6594, #5935, #6173, .T. ) ;
#5593 = DIRECTION ( 'NONE',  ( 1.224646799147353700E-16, -1.000000000000000000, 0.000000000000000000 ) ) ;
#5594 = FACE_OUTER_BOUND ( 'NONE', #5985, .T. ) ;
#5595 = CARTESIAN_POINT ( 'NONE',  ( -1.999999999999996669, -24.48804566828072993, -5.500000000000005329 ) ) ;
#5596 = VERTEX_POINT ( 'NONE', #5945 ) ;
#5597 = CIRCLE ( 'NONE', #1451, 10.00000000000000178 ) ;
#5598 = VERTEX_POINT ( 'NONE', #3255 ) ;
#5599 = CARTESIAN_POINT ( 'NONE',  ( -10.00000000000000000, -24.50000000000001421, -54.50000000000000000 ) ) ;
#5600 = ORIENTED_EDGE ( 'NONE', *, *, #390, .T. ) ;
#5601 = AXIS2_PLACEMENT_3D ( 'NONE', #5010, #1257, #5548 ) ;
#5602 = CARTESIAN_POINT ( 'NONE',  ( -9.999999999999989342, -1.500000000000011768, -9.499999999999998224 ) ) ;
#5603 = EDGE_CURVE ( 'NONE', #3414, #5614, #290, .T. ) ;
#5604 = DIRECTION ( 'NONE',  ( 1.224646799147353700E-16, -1.000000000000000000, 0.000000000000000000 ) ) ;
#5605 = CARTESIAN_POINT ( 'NONE',  ( -6.074999999999997513, -29.00000000000000000, -45.00000000000002132 ) ) ;
#5606 = EDGE_CURVE ( 'NONE', #5543, #2917, #2304, .T. ) ;
#5607 = DIRECTION ( 'NONE',  ( 0.000000000000000000, 1.000000000000000000, 0.000000000000000000 ) ) ;
#5608 = EDGE_LOOP ( 'NONE', ( #1527, #909, #355, #4963 ) ) ;
#5609 = CARTESIAN_POINT ( 'NONE',  ( -11.34023539273340653, -24.50000000000001421, -64.50000000000000000 ) ) ;
#5610 = DIRECTION ( 'NONE',  ( 1.000000000000000000, 0.000000000000000000, 0.000000000000000000 ) ) ;
#5611 = VECTOR ( 'NONE', #5784, 1000.000000000000114 ) ;
#5612 = ORIENTED_EDGE ( 'NONE', *, *, #334, .T. ) ;
#5613 = LINE ( 'NONE', #5652, #353 ) ;
#5614 = VERTEX_POINT ( 'NONE', #6018 ) ;
#5615 = DIRECTION ( 'NONE',  ( 1.000000000000000000, 0.000000000000000000, 0.000000000000000000 ) ) ;
#5616 = ORIENTED_EDGE ( 'NONE', *, *, #4876, .F. ) ;
#5617 = AXIS2_PLACEMENT_3D ( 'NONE', #2236, #2736, #3824 ) ;
#5618 = ORIENTED_EDGE ( 'NONE', *, *, #1948, .T. ) ;
#5619 = ADVANCED_FACE ( 'NONE', ( #5507 ), #4578, .F. ) ;
#5620 = CARTESIAN_POINT ( 'NONE',  ( -2.375000000000003997, -25.50000000000000355, -65.50000000000001421 ) ) ;
#5621 = AXIS2_PLACEMENT_3D ( 'NONE', #4678, #6250, #3556 ) ;
#5622 = CARTESIAN_POINT ( 'NONE',  ( -43.07499999999999574, -29.00000000000000711, -45.00000000000002132 ) ) ;
#5623 = VERTEX_POINT ( 'NONE', #6622 ) ;
#5624 = DIRECTION ( 'NONE',  ( 0.000000000000000000, -1.000000000000000000, 0.000000000000000000 ) ) ;
#5625 = CARTESIAN_POINT ( 'NONE',  ( 0.000000000000000000, 14.49999999999999467, -68.00000000000000000 ) ) ;
#5626 = EDGE_CURVE ( 'NONE', #4247, #4561, #1346, .T. ) ;
#5627 = VECTOR ( 'NONE', #4012, 1000.000000000000000 ) ;
#5628 = EDGE_LOOP ( 'NONE', ( #3099, #3100, #2258, #5869 ) ) ;
#5629 = CARTESIAN_POINT ( 'NONE',  ( -85.00000000000001421, -1.500000000000011768, -50.49999999999998579 ) ) ;
#5630 = ORIENTED_EDGE ( 'NONE', *, *, #3449, .F. ) ;
#5631 = ORIENTED_EDGE ( 'NONE', *, *, #6621, .F. ) ;
#5632 = DIRECTION ( 'NONE',  ( 1.000000000000000000, 1.224646799147353700E-16, 0.000000000000000000 ) ) ;
#5633 = CARTESIAN_POINT ( 'NONE',  ( 2.500000000000002220, -27.50000000000001776, -12.00000000000001421 ) ) ;
#5634 = DIRECTION ( 'NONE',  ( 1.321694076934710155E-16, -1.000000000000000000, 0.000000000000000000 ) ) ;
#5635 = DIRECTION ( 'NONE',  ( -1.000000000000000000, 1.224510688924804996E-15, 0.000000000000000000 ) ) ;
#5636 = ORIENTED_EDGE ( 'NONE', *, *, #3095, .F. ) ;
#5637 = VERTEX_POINT ( 'NONE', #3934 ) ;
#5638 = CARTESIAN_POINT ( 'NONE',  ( -10.06742636854918693, -24.50000000151533186, -55.70509368073526701 ) ) ;
#5639 = AXIS2_PLACEMENT_3D ( 'NONE', #5195, #1515, #5650 ) ;
#5640 = EDGE_CURVE ( 'NONE', #3315, #4798, #4646, .T. ) ;
#5641 = CARTESIAN_POINT ( 'NONE',  ( -23.07499999999999929, -29.00000000000000355, -45.00000000000001421 ) ) ;
#5642 = LINE ( 'NONE', #1986, #4295 ) ;
#5643 = EDGE_LOOP ( 'NONE', ( #3812, #881, #1890, #6636 ) ) ;
#5644 = CARTESIAN_POINT ( 'NONE',  ( -12.93468535490320903, -24.50000000000001421, -8.421701321823652719 ) ) ;
#5645 = EDGE_CURVE ( 'NONE', #5200, #3349, #3424, .T. ) ;
#5646 = VECTOR ( 'NONE', #954, 1000.000000000000000 ) ;
#5647 = EDGE_CURVE ( 'NONE', #5281, #4124, #1699, .T. ) ;
#5648 = ORIENTED_EDGE ( 'NONE', *, *, #3661, .T. ) ;
#5649 = LINE ( 'NONE', #5159, #1690 ) ;
#5650 = DIRECTION ( 'NONE',  ( -1.224646799147353700E-16, 1.000000000000000000, 0.000000000000000000 ) ) ;
#5651 = ORIENTED_EDGE ( 'NONE', *, *, #1432, .F. ) ;
#5652 = CARTESIAN_POINT ( 'NONE',  ( -23.07499999999999574, -29.00000000000000355, -60.00000000000001421 ) ) ;
#5653 = ORIENTED_EDGE ( 'NONE', *, *, #3123, .F. ) ;
#5654 = LINE ( 'NONE', #6693, #1896 ) ;
#5655 = ADVANCED_FACE ( 'NONE', ( #5000 ), #425, .F. ) ;
#5656 = ORIENTED_EDGE ( 'NONE', *, *, #6495, .F. ) ;
#5657 = DIRECTION ( 'NONE',  ( 0.8576189154173511353, -4.460717509654639348E-16, -0.5142857142857134578 ) ) ;
#5658 = EDGE_LOOP ( 'NONE', ( #4693, #1167, #4148, #2966 ) ) ;
#5659 = DIRECTION ( 'NONE',  ( 1.224646799147353700E-16, -1.000000000000000000, -0.000000000000000000 ) ) ;
#5660 = DIRECTION ( 'NONE',  ( 1.000000000000000000, 8.673617379884040402E-17, 0.000000000000000000 ) ) ;
#5661 = DIRECTION ( 'NONE',  ( -1.000000000000000000, -1.314184451497580735E-17, 0.000000000000000000 ) ) ;
#5662 = ORIENTED_EDGE ( 'NONE', *, *, #1493, .T. ) ;
#5663 = CARTESIAN_POINT ( 'NONE',  ( -1.004152797299980637, -24.50000000000001421, -15.00000000000000711 ) ) ;
#5664 = ORIENTED_EDGE ( 'NONE', *, *, #4676, .F. ) ;
#5665 = CARTESIAN_POINT ( 'NONE',  ( -95.00000000000000000, 9.499999999999984013, 0.000000000000000000 ) ) ;
#5666 = ORIENTED_EDGE ( 'NONE', *, *, #2149, .F. ) ;
#5667 = PLANE ( 'NONE',  #775 ) ;
#5668 = LINE ( 'NONE', #4601, #4362 ) ;
#5669 = CARTESIAN_POINT ( 'NONE',  ( -11.06971445025412315, -1.500000000000011768, -54.99999999999999289 ) ) ;
#5670 = DIRECTION ( 'NONE',  ( 1.224646799147353700E-16, -1.000000000000000000, 0.000000000000000000 ) ) ;
#5671 = ORIENTED_EDGE ( 'NONE', *, *, #6112, .F. ) ;
#5672 = ORIENTED_EDGE ( 'NONE', *, *, #1165, .T. ) ;
#5673 = DIRECTION ( 'NONE',  ( 1.321694076934710155E-16, -1.000000000000000000, 0.000000000000000000 ) ) ;
#5674 = DIRECTION ( 'NONE',  ( 0.000000000000000000, 0.7071067811865450192, -0.7071067811865501263 ) ) ;
#5675 = EDGE_LOOP ( 'NONE', ( #4787, #225, #1, #2067 ) ) ;
#5676 = ADVANCED_FACE ( 'NONE', ( #5059 ), #5539, .T. ) ;
#5677 = LINE ( 'NONE', #6213, #1117 ) ;
#5678 = ORIENTED_EDGE ( 'NONE', *, *, #4469, .T. ) ;
#5679 = ORIENTED_EDGE ( 'NONE', *, *, #2934, .T. ) ;
#5680 = DIRECTION ( 'NONE',  ( -1.000000000000000000, 0.000000000000000000, 0.000000000000000000 ) ) ;
#5681 = DIRECTION ( 'NONE',  ( 1.321694076934710155E-16, -1.000000000000000000, 0.000000000000000000 ) ) ;
#5682 = ADVANCED_FACE ( 'NONE', ( #2407 ), #4004, .F. ) ;
#5683 = AXIS2_PLACEMENT_3D ( 'NONE', #4467, #6476, #4986 ) ;
#5684 = VERTEX_POINT ( 'NONE', #931 ) ;
#5685 = DIRECTION ( 'NONE',  ( -1.000000000000000000, 0.000000000000000000, 0.000000000000000000 ) ) ;
#5686 = EDGE_LOOP ( 'NONE', ( #5855, #3431 ) ) ;
#5687 = AXIS2_PLACEMENT_3D ( 'NONE', #3343, #2794, #2424 ) ;
#5688 = LINE ( 'NONE', #4239, #4105 ) ;
#5689 = ORIENTED_EDGE ( 'NONE', *, *, #1370, .T. ) ;
#5690 = ORIENTED_EDGE ( 'NONE', *, *, #3334, .F. ) ;
#5691 = ADVANCED_FACE ( 'NONE', ( #1312 ), #6052, .F. ) ;
#5692 = DIRECTION ( 'NONE',  ( -1.000000000000000000, 1.214306433183765755E-15, 0.000000000000000000 ) ) ;
#5693 = VECTOR ( 'NONE', #1417, 1000.000000000000000 ) ;
#5694 = CIRCLE ( 'NONE', #6331, 2.125000000000001776 ) ;
#5695 = CARTESIAN_POINT ( 'NONE',  ( -80.38113276073386260, -6.000000000000001776, -67.25000000000000000 ) ) ;
#5696 = VERTEX_POINT ( 'NONE', #6653 ) ;
#5697 = CARTESIAN_POINT ( 'NONE',  ( -6.074999999999997513, -29.00000000000000000, -45.00000000000002132 ) ) ;
#5698 = AXIS2_PLACEMENT_3D ( 'NONE', #4808, #142, #578 ) ;
#5699 = VERTEX_POINT ( 'NONE', #359 ) ;
#5700 = CARTESIAN_POINT ( 'NONE',  ( -80.38113276073386260, -6.000000000000001776, -67.25000000000000000 ) ) ;
#5701 = CARTESIAN_POINT ( 'NONE',  ( 0.1500000000000042966, -30.50000000000000355, -70.00000000000000000 ) ) ;
#5702 = VERTEX_POINT ( 'NONE', #1381 ) ;
#5703 = CARTESIAN_POINT ( 'NONE',  ( -7.946434005478942630, -23.82021121391588991, -56.86478814862084619 ) ) ;
#5704 = ORIENTED_EDGE ( 'NONE', *, *, #2634, .F. ) ;
#5705 = EDGE_CURVE ( 'NONE', #6421, #573, #1683, .T. ) ;
#5706 = DIRECTION ( 'NONE',  ( 0.000000000000000000, 0.000000000000000000, 1.000000000000000000 ) ) ;
#5707 = AXIS2_PLACEMENT_3D ( 'NONE', #5986, #4972, #3868 ) ;
#5708 = CARTESIAN_POINT ( 'NONE',  ( -24.61886723926606280, -5.999999999999998224, -67.25000000000000000 ) ) ;
#5709 = ORIENTED_EDGE ( 'NONE', *, *, #5933, .F. ) ;
#5710 = CARTESIAN_POINT ( 'NONE',  ( -9.272955588505482183, -23.90842982744189982, -9.416169454479510037 ) ) ;
#5711 = EDGE_CURVE ( 'NONE', #1034, #6684, #5095, .T. ) ;
#5712 = ORIENTED_EDGE ( 'NONE', *, *, #4442, .F. ) ;
#5713 = DIRECTION ( 'NONE',  ( 1.000000000000000000, 1.321694076934710155E-16, 0.000000000000000000 ) ) ;
#5714 = CARTESIAN_POINT ( 'NONE',  ( 2.499999999999998668, 1.500000000000001332, -57.99999999999999289 ) ) ;
#5715 = AXIS2_PLACEMENT_3D ( 'NONE', #5695, #3600, #5661 ) ;
#5716 = ORIENTED_EDGE ( 'NONE', *, *, #3006, .F. ) ;
#5717 = DIRECTION ( 'NONE',  ( 1.000000000000000000, 1.734723475976807094E-16, -3.469446951953614189E-16 ) ) ;
#5718 = VERTEX_POINT ( 'NONE', #2471 ) ;
#5719 = EDGE_CURVE ( 'NONE', #772, #1790, #861, .T. ) ;
#5720 = CIRCLE ( 'NONE', #1251, 15.00000000000000355 ) ;
#5721 = CARTESIAN_POINT ( 'NONE',  ( -7.905210770713196666, -23.87624086564328962, -13.23211505662211174 ) ) ;
#5722 = VERTEX_POINT ( 'NONE', #2440 ) ;
#5723 = ORIENTED_EDGE ( 'NONE', *, *, #3417, .T. ) ;
#5724 = VECTOR ( 'NONE', #6420, 1000.000000000000000 ) ;
#5725 = CARTESIAN_POINT ( 'NONE',  ( 0.9999999999999870104, -34.50000000000000000, 0.000000000000000000 ) ) ;
#5726 = AXIS2_PLACEMENT_3D ( 'NONE', #1849, #5460, #5937 ) ;
#5727 = CARTESIAN_POINT ( 'NONE',  ( -19.50000000000008527, 0.000000000000000000, -63.00000000000000000 ) ) ;
#5728 = EDGE_CURVE ( 'NONE', #1148, #1368, #4968, .T. ) ;
#5729 = ADVANCED_FACE ( 'NONE', ( #294, #895 ), #2377, .F. ) ;
#5730 = EDGE_CURVE ( 'NONE', #1623, #3080, #2541, .T. ) ;
#5731 = VERTEX_POINT ( 'NONE', #4713 ) ;
#5732 = VECTOR ( 'NONE', #4019, 1000.000000000000000 ) ;
#5733 = DIRECTION ( 'NONE',  ( -1.000000000000000000, 0.000000000000000000, 0.000000000000000000 ) ) ;
#5734 = ORIENTED_EDGE ( 'NONE', *, *, #2925, .T. ) ;
#5735 = DIRECTION ( 'NONE',  ( 0.000000000000000000, 0.000000000000000000, 1.000000000000000000 ) ) ;
#5736 = DIRECTION ( 'NONE',  ( -1.000000000000000000, 0.000000000000000000, 0.000000000000000000 ) ) ;
#5737 = CARTESIAN_POINT ( 'NONE',  ( -10.93416533406459124, -24.50000000083907281, -58.72553768026717336 ) ) ;
#5738 = ORIENTED_EDGE ( 'NONE', *, *, #2182, .T. ) ;
#5739 = VECTOR ( 'NONE', #333, 1000.000000000000000 ) ;
#5740 = CARTESIAN_POINT ( 'NONE',  ( -13.03867920671461711, -24.50000000000001421, -8.320862669305421733 ) ) ;
#5741 = CARTESIAN_POINT ( 'NONE',  ( -2.375000000000003997, -25.50000000000000355, -65.50000000000001421 ) ) ;
#5742 = ORIENTED_EDGE ( 'NONE', *, *, #3489, .T. ) ;
#5743 = CARTESIAN_POINT ( 'NONE',  ( 0.000000000000000000, -24.50000000000001421, -64.50000000000000000 ) ) ;
#5744 = AXIS2_PLACEMENT_3D ( 'NONE', #1172, #3247, #5321 ) ;
#5745 = ORIENTED_EDGE ( 'NONE', *, *, #6536, .F. ) ;
#5746 = DIRECTION ( 'NONE',  ( -1.224646799147353700E-16, 1.000000000000000000, -0.000000000000000000 ) ) ;
#5747 =( GEOMETRIC_REPRESENTATION_CONTEXT ( 3 ) GLOBAL_UNCERTAINTY_ASSIGNED_CONTEXT ( ( #6110 ) ) GLOBAL_UNIT_ASSIGNED_CONTEXT ( ( #3342, #5417, #740 ) ) REPRESENTATION_CONTEXT ( 'NONE', 'WORKASPACE' ) );
#5748 = CARTESIAN_POINT ( 'NONE',  ( -58.07499999999999574, -30.50000000000001066, -25.00000000000001776 ) ) ;
#5749 = DIRECTION ( 'NONE',  ( -1.000000000000000000, 0.000000000000000000, 0.000000000000000000 ) ) ;
#5750 = EDGE_LOOP ( 'NONE', ( #1011, #6183, #2210, #3618, #439, #4258, #2579, #1658 ) ) ;
#5751 = DIRECTION ( 'NONE',  ( -0.000000000000000000, 1.000000000000000000, -0.000000000000000000 ) ) ;
#5752 = EDGE_LOOP ( 'NONE', ( #4452, #3878, #1305 ) ) ;
#5753 = LINE ( 'NONE', #5633, #5646 ) ;
#5754 = CIRCLE ( 'NONE', #3031, 2.125000000000000000 ) ;
#5755 = ORIENTED_EDGE ( 'NONE', *, *, #1952, .T. ) ;
#5756 = EDGE_CURVE ( 'NONE', #297, #896, #6690, .T. ) ;
#5757 = DIRECTION ( 'NONE',  ( 1.000000000000000000, 1.224646799147353700E-16, 0.000000000000000000 ) ) ;
#5758 = PLANE ( 'NONE',  #2343 ) ;
#5759 = LINE ( 'NONE', #604, #5186 ) ;
#5760 = ORIENTED_EDGE ( 'NONE', *, *, #2095, .T. ) ;
#5761 = CARTESIAN_POINT ( 'NONE',  ( -1.999999999999996669, -24.43181156821867006, -15.00000000000001421 ) ) ;
#5762 = ADVANCED_FACE ( 'NONE', ( #6218 ), #15, .F. ) ;
#5763 = CARTESIAN_POINT ( 'NONE',  ( -6.399999999999999467, -24.50000000000001421, -10.54075870073009646 ) ) ;
#5764 = CARTESIAN_POINT ( 'NONE',  ( -1.999999999999997335, -23.52918671327974565, -10.75771991728029597 ) ) ;
#5765 = ORIENTED_EDGE ( 'NONE', *, *, #6370, .F. ) ;
#5766 = DIRECTION ( 'NONE',  ( -1.000000000000000000, 0.000000000000000000, 0.000000000000000000 ) ) ;
#5767 = CARTESIAN_POINT ( 'NONE',  ( -63.37500000000000000, -25.50000000000000711, -4.500000000000003553 ) ) ;
#5768 = EDGE_CURVE ( 'NONE', #6680, #654, #4752, .T. ) ;
#5769 = CARTESIAN_POINT ( 'NONE',  ( -9.626278476123916406, -24.37511712529059693, -5.500000000000006217 ) ) ;
#5770 = VERTEX_POINT ( 'NONE', #5223 ) ;
#5771 = FACE_BOUND ( 'NONE', #454, .T. ) ;
#5772 = ORIENTED_EDGE ( 'NONE', *, *, #6711, .T. ) ;
#5773 = CARTESIAN_POINT ( 'NONE',  ( -2.000000000000000000, 2.499999999999988454, -54.99999999999999289 ) ) ;
#5774 = DIRECTION ( 'NONE',  ( 1.321694076934710155E-16, -1.000000000000000000, 0.000000000000000000 ) ) ;
#5775 = CYLINDRICAL_SURFACE ( 'NONE', #4259, 10.00000000000000178 ) ;
#5776 = ADVANCED_FACE ( 'NONE', ( #81 ), #1609, .F. ) ;
#5777 = DIRECTION ( 'NONE',  ( -1.000000000000000000, 1.224510688924804010E-15, 0.000000000000000000 ) ) ;
#5778 = VERTEX_POINT ( 'NONE', #4113 ) ;
#5780 = ORIENTED_EDGE ( 'NONE', *, *, #5711, .T. ) ;
#5779 = CARTESIAN_POINT ( 'NONE',  ( -7.973201119657398195, -23.77924122826887654, -13.20810544804977127 ) ) ;
#5781 = CIRCLE ( 'NONE', #5683, 17.00000000000000000 ) ;
#5782 = DIRECTION ( 'NONE',  ( 1.321694076934710155E-16, -1.000000000000000000, 0.000000000000000000 ) ) ;
#5783 = CARTESIAN_POINT ( 'NONE',  ( -100.0000000000000000, 1.552207410648924535, -1.835883190575414714 ) ) ;
#5784 = DIRECTION ( 'NONE',  ( 0.7071067811865441310, -0.7071067811865507924, -1.258086905996609557E-16 ) ) ;
#5785 = B_SPLINE_CURVE_WITH_KNOTS ( 'NONE', 3,
 ( #907, #2990, #4146, #6233, #3636, #5072, #407, #1049 ),
 .UNSPECIFIED., .F., .F.,
 ( 4, 2, 2, 4 ),
 ( 0.000000000000000000, 0.002387323889358966035, 0.003580985834038429103, 0.004774647778717892171 ),
 .UNSPECIFIED. ) ;
#5786 = DIRECTION ( 'NONE',  ( -1.734723475976807094E-16, -2.124423552260768112E-32, -1.000000000000000000 ) ) ;
#5787 = ORIENTED_EDGE ( 'NONE', *, *, #2798, .T. ) ;
#5788 = VECTOR ( 'NONE', #3689, 1000.000000000000000 ) ;
#5789 = FACE_OUTER_BOUND ( 'NONE', #6480, .T. ) ;
#5790 = VECTOR ( 'NONE', #5473, 1000.000000000000000 ) ;
#5791 = CARTESIAN_POINT ( 'NONE',  ( -3.469446951953614189E-15, 14.49999999999999467, 0.000000000000000000 ) ) ;
#5792 = CARTESIAN_POINT ( 'NONE',  ( -70.15000000000000568, -36.50000000000001421, 0.000000000000000000 ) ) ;
#5793 = ORIENTED_EDGE ( 'NONE', *, *, #6627, .F. ) ;
#5794 = AXIS2_PLACEMENT_3D ( 'NONE', #4707, #6247, #1573 ) ;
#5795 = EDGE_CURVE ( 'NONE', #3390, #1315, #2032, .T. ) ;
#5796 = CARTESIAN_POINT ( 'NONE',  ( -9.370038270937010694, -21.17088246069576485, -59.09804639730436548 ) ) ;
#5797 = CARTESIAN_POINT ( 'NONE',  ( -100.0000000000000000, 1.552207410648924535, -3.960883190575414936 ) ) ;
#5798 = CARTESIAN_POINT ( 'NONE',  ( -43.07500000000000284, 14.50100000000000300, -25.00000000000001776 ) ) ;
#5799 = CIRCLE ( 'NONE', #4606, 17.00000000000000000 ) ;
#5800 = EDGE_CURVE ( 'NONE', #530, #5702, #6284, .T. ) ;
#5801 = VECTOR ( 'NONE', #5071, 1000.000000000000000 ) ;
#5802 = DIRECTION ( 'NONE',  ( 1.220304592980192936E-15, 1.000000000000000000, 0.000000000000000000 ) ) ;
#5803 = ORIENTED_EDGE ( 'NONE', *, *, #1142, .T. ) ;
#5804 = DIRECTION ( 'NONE',  ( 0.000000000000000000, 0.000000000000000000, 1.000000000000000000 ) ) ;
#5805 = EDGE_CURVE ( 'NONE', #4071, #1790, #4434, .T. ) ;
#5806 = CARTESIAN_POINT ( 'NONE',  ( -6.399999999999999467, -24.50000000000001421, -59.54075870073009469 ) ) ;
#5807 = DIRECTION ( 'NONE',  ( 0.000000000000000000, 1.000000000000000000, 0.000000000000000000 ) ) ;
#5808 = DIRECTION ( 'NONE',  ( 1.000000000000000000, 0.000000000000000000, 0.000000000000000000 ) ) ;
#5809 = DIRECTION ( 'NONE',  ( 1.214306433183765755E-15, 1.000000000000000000, 0.000000000000000000 ) ) ;
#5810 = CIRCLE ( 'NONE', #2547, 1.500000000000015099 ) ;
#5811 = ORIENTED_EDGE ( 'NONE', *, *, #3506, .T. ) ;
#5812 = LINE ( 'NONE', #1717, #3534 ) ;
#5813 = PLANE ( 'NONE',  #1361 ) ;
#5814 = VECTOR ( 'NONE', #70, 1000.000000000000000 ) ;
#5815 = ORIENTED_EDGE ( 'NONE', *, *, #4346, .F. ) ;
#5816 = DIRECTION ( 'NONE',  ( 0.000000000000000000, 0.000000000000000000, 1.000000000000000000 ) ) ;
#5817 = CARTESIAN_POINT ( 'NONE',  ( -105.0000000000000142, 9.499999999999998224, -70.00000000000000000 ) ) ;
#5818 = EDGE_CURVE ( 'NONE', #2803, #6473, #1102, .T. ) ;
#5819 = CYLINDRICAL_SURFACE ( 'NONE', #2556, 2.125000000000000000 ) ;
#5820 = DIRECTION ( 'NONE',  ( -1.000000000000000000, -1.314184451497581660E-17, 0.000000000000000000 ) ) ;
#5821 = EDGE_LOOP ( 'NONE', ( #539, #2331, #6672, #2063 ) ) ;
#5822 = AXIS2_PLACEMENT_3D ( 'NONE', #4375, #724, #756 ) ;
#5823 = CARTESIAN_POINT ( 'NONE',  ( -6.399999999999999467, -20.50000000000000355, -59.54075870073009469 ) ) ;
#5824 = CARTESIAN_POINT ( 'NONE',  ( -23.07499999999999574, -30.50000000000000711, -25.00000000000001776 ) ) ;
#5825 = CARTESIAN_POINT ( 'NONE',  ( -19.99999999999998934, -1.500000000000011768, -19.49999999999999645 ) ) ;
#5826 = ADVANCED_FACE ( 'NONE', ( #2662 ), #1545, .F. ) ;
#5827 = EDGE_LOOP ( 'NONE', ( #4919, #6578 ) ) ;
#5828 = CIRCLE ( 'NONE', #3004, 2.125000000000001776 ) ;
#5829 = CARTESIAN_POINT ( 'NONE',  ( -43.07499999999999574, -30.50000000000001066, -60.00000000000002842 ) ) ;
#5830 = LINE ( 'NONE', #5767, #872 ) ;
#5831 = DIRECTION ( 'NONE',  ( 0.000000000000000000, 0.000000000000000000, -1.000000000000000000 ) ) ;
#5832 = CIRCLE ( 'NONE', #2030, 10.00000000000000000 ) ;
#5833 = VERTEX_POINT ( 'NONE', #1036 ) ;
#5834 = EDGE_CURVE ( 'NONE', #247, #4275, #4073, .T. ) ;
#5835 = VECTOR ( 'NONE', #1551, 1000.000000000000000 ) ;
#5836 = CARTESIAN_POINT ( 'NONE',  ( 4.000000000000003553, -19.93338814962351790, -6.238115181478841365 ) ) ;
#5837 = VERTEX_POINT ( 'NONE', #1481 ) ;
#5839 = EDGE_LOOP ( 'NONE', ( #2965, #5968 ) ) ;
#5838 = FACE_OUTER_BOUND ( 'NONE', #6447, .T. ) ;
#5840 = CARTESIAN_POINT ( 'NONE',  ( 2.602374448188129787E-16, -2.125930999906708418, -63.76188481852116041 ) ) ;
#5841 = CARTESIAN_POINT ( 'NONE',  ( 0.000000000000000000, 9.499999999999991118, 0.000000000000000000 ) ) ;
#5842 = ADVANCED_FACE ( 'NONE', ( #3049 ), #3558, .F. ) ;
#5843 = DIRECTION ( 'NONE',  ( -1.000000000000000000, 0.000000000000000000, 0.000000000000000000 ) ) ;
#5844 = FACE_OUTER_BOUND ( 'NONE', #4351, .T. ) ;
#5845 = VECTOR ( 'NONE', #4021, 1000.000000000000000 ) ;
#5846 = VERTEX_POINT ( 'NONE', #5127 ) ;
#5847 = CARTESIAN_POINT ( 'NONE',  ( -100.0000000000000000, 1.552207410648924535, -66.03911680942459839 ) ) ;
#5848 = DIRECTION ( 'NONE',  ( 1.000000000000000000, 0.000000000000000000, 0.000000000000000000 ) ) ;
#5849 = ORIENTED_EDGE ( 'NONE', *, *, #128, .T. ) ;
#5850 = ORIENTED_EDGE ( 'NONE', *, *, #5435, .T. ) ;
#5851 = ADVANCED_FACE ( 'NONE', ( #460 ), #4618, .F. ) ;
#5852 = CARTESIAN_POINT ( 'NONE',  ( -103.1837206533091233, 9.499999999999992895, -3.295362189545514298 ) ) ;
#5853 = CARTESIAN_POINT ( 'NONE',  ( -105.0000000000000142, -36.50000000000002132, 0.000000000000000000 ) ) ;
#5854 = CARTESIAN_POINT ( 'NONE',  ( 0.000000000000000000, 5.999999999999994671, -6.999999999999999112 ) ) ;
#5855 = ORIENTED_EDGE ( 'NONE', *, *, #5018, .T. ) ;
#5856 = LINE ( 'NONE', #2212, #6546 ) ;
#5857 = DIRECTION ( 'NONE',  ( 0.000000000000000000, -1.000000000000000000, 0.000000000000000000 ) ) ;
#5858 = CARTESIAN_POINT ( 'NONE',  ( 0.000000000000000000, 9.500000000000005329, -70.00000000000000000 ) ) ;
#5859 = ADVANCED_FACE ( 'NONE', ( #495 ), #4137, .F. ) ;
#5860 = ORIENTED_EDGE ( 'NONE', *, *, #303, .T. ) ;
#5861 = LINE ( 'NONE', #6303, #5304 ) ;
#5862 = LINE ( 'NONE', #3744, #3935 ) ;
#5863 = DIRECTION ( 'NONE',  ( -1.224646799147353454E-16, 1.000000000000000000, 1.445602896647339163E-16 ) ) ;
#5864 = ORIENTED_EDGE ( 'NONE', *, *, #1512, .T. ) ;
#5865 = ORIENTED_EDGE ( 'NONE', *, *, #6013, .F. ) ;
#5866 = EDGE_CURVE ( 'NONE', #5015, #5103, #5086, .T. ) ;
#5867 = PLANE ( 'NONE',  #943 ) ;
#5868 = CARTESIAN_POINT ( 'NONE',  ( -6.074999999999997513, -30.50000000000000355, -45.00000000000002132 ) ) ;
#5869 = ORIENTED_EDGE ( 'NONE', *, *, #4180, .T. ) ;
#5870 = DIRECTION ( 'NONE',  ( -1.000000000000000000, -1.314184451497580735E-17, 0.000000000000000000 ) ) ;
#5871 = CARTESIAN_POINT ( 'NONE',  ( -64.40000000000000568, -20.50000000000001066, -10.54075870073010357 ) ) ;
#5872 = CARTESIAN_POINT ( 'NONE',  ( -80.28183768826340838, -23.50000000000001066, -54.50000000000000000 ) ) ;
#5873 = ORIENTED_EDGE ( 'NONE', *, *, #4180, .F. ) ;
#5874 = LINE ( 'NONE', #6419, #3323 ) ;
#5875 = EDGE_CURVE ( 'NONE', #1897, #772, #3879, .T. ) ;
#5876 = DIRECTION ( 'NONE',  ( -1.734723475976807094E-16, 0.000000000000000000, -1.000000000000000000 ) ) ;
#5877 = ORIENTED_EDGE ( 'NONE', *, *, #4567, .T. ) ;
#5878 = DIRECTION ( 'NONE',  ( 0.000000000000000000, 0.000000000000000000, 1.000000000000000000 ) ) ;
#5879 = CARTESIAN_POINT ( 'NONE',  ( -34.24900000000040023, -51.25100000000017531, -63.00000000000000000 ) ) ;
#5880 = CIRCLE ( 'NONE', #4481, 10.00000000000000000 ) ;
#5881 = EDGE_CURVE ( 'NONE', #2830, #4687, #2727, .T. ) ;
#5882 = DIRECTION ( 'NONE',  ( -1.224646799147353700E-16, 1.000000000000000000, 2.736911063134408342E-48 ) ) ;
#5883 = DIRECTION ( 'NONE',  ( -3.081487911019577365E-33, 0.000000000000000000, 1.000000000000000000 ) ) ;
#5884 = DIRECTION ( 'NONE',  ( 0.000000000000000000, 0.000000000000000000, 1.000000000000000000 ) ) ;
#5885 = DIRECTION ( 'NONE',  ( 1.224646799147353454E-16, -1.000000000000000000, -1.445602896647339163E-16 ) ) ;
#5886 = AXIS2_PLACEMENT_3D ( 'NONE', #5419, #5012, #741 ) ;
#5887 = CARTESIAN_POINT ( 'NONE',  ( 0.000000000000000000, 9.500000000000005329, -70.00000000000000000 ) ) ;
#5888 = AXIS2_PLACEMENT_3D ( 'NONE', #3336, #2894, #1254 ) ;
#5889 = FACE_OUTER_BOUND ( 'NONE', #1338, .T. ) ;
#5890 = CYLINDRICAL_SURFACE ( 'NONE', #4584, 2.125000000000001776 ) ;
#5891 = LINE ( 'NONE', #5286, #2958 ) ;
#5892 = ORIENTED_EDGE ( 'NONE', *, *, #5305, .F. ) ;
#5893 = CIRCLE ( 'NONE', #2629, 10.00000000000000178 ) ;
#5894 = AXIS2_PLACEMENT_3D ( 'NONE', #3320, #623, #6417 ) ;
#5895 = ADVANCED_FACE ( 'NONE', ( #3276 ), #4007, .F. ) ;
#5896 = VERTEX_POINT ( 'NONE', #618 ) ;
#5898 = ORIENTED_EDGE ( 'NONE', *, *, #2154, .F. ) ;
#5897 = CARTESIAN_POINT ( 'NONE',  ( 0.1500000000000008271, -30.50000000000000355, 0.000000000000000000 ) ) ;
#5899 = CARTESIAN_POINT ( 'NONE',  ( -1.072569998419129256, -24.50000000000001421, -55.00000000000000000 ) ) ;
#5900 = ORIENTED_EDGE ( 'NONE', *, *, #6266, .T. ) ;
#5901 = CARTESIAN_POINT ( 'NONE',  ( -13.05903646762328663, -24.50000000000001421, -61.69882110086204108 ) ) ;
#5902 = DIRECTION ( 'NONE',  ( -1.000000000000000000, 0.000000000000000000, 0.000000000000000000 ) ) ;
#5903 = DIRECTION ( 'NONE',  ( 1.214306433183765755E-15, 1.000000000000000000, 0.000000000000000000 ) ) ;
#5904 = ADVANCED_FACE ( 'NONE', ( #5936, #4364 ), #212, .T. ) ;
#5905 = VECTOR ( 'NONE', #5885, 1000.000000000000000 ) ;
#5906 = ORIENTED_EDGE ( 'NONE', *, *, #2018, .F. ) ;
#5907 = CARTESIAN_POINT ( 'NONE',  ( 4.000000000000000000, -1.387778780781445676E-14, -13.50000000000001243 ) ) ;
#5908 = CARTESIAN_POINT ( 'NONE',  ( -53.07500000000000284, 14.50100000000000300, -55.00000000000002132 ) ) ;
#5909 = ORIENTED_EDGE ( 'NONE', *, *, #5008, .F. ) ;
#5910 = CARTESIAN_POINT ( 'NONE',  ( -95.00000000000000000, 5.999999999999987566, -50.49999999999998579 ) ) ;
#5911 = VECTOR ( 'NONE', #95, 1000.000000000000114 ) ;
#5912 = ORIENTED_EDGE ( 'NONE', *, *, #3096, .F. ) ;
#5913 = LINE ( 'NONE', #4864, #574 ) ;
#5914 = DIRECTION ( 'NONE',  ( 1.000000000000000000, 0.000000000000000000, 0.000000000000000000 ) ) ;
#5915 = VECTOR ( 'NONE', #6625, 1000.000000000000000 ) ;
#5916 = LINE ( 'NONE', #806, #5513 ) ;
#5917 = CARTESIAN_POINT ( 'NONE',  ( 4.000000000000003553, -19.93338814962351790, -63.76188481852116041 ) ) ;
#5918 = EDGE_LOOP ( 'NONE', ( #5745, #5267, #1576, #5117, #4914, #2490, #2880, #4150 ) ) ;
#5919 = DIRECTION ( 'NONE',  ( -1.000000000000000000, 0.000000000000000000, 0.000000000000000000 ) ) ;
#5920 = CARTESIAN_POINT ( 'NONE',  ( -10.01250782228090586, 2.499999999999988454, -50.99999999999997868 ) ) ;
#5921 = CIRCLE ( 'NONE', #3967, 2.125000000000001776 ) ;
#5922 = DIRECTION ( 'NONE',  ( -0.6938615947534152451, 8.673617379884039416E-16, 0.7201083858185846065 ) ) ;
#5923 = EDGE_CURVE ( 'NONE', #1572, #4570, #4222, .T. ) ;
#5924 = EDGE_CURVE ( 'NONE', #5718, #1964, #3314, .T. ) ;
#5925 = EDGE_CURVE ( 'NONE', #5598, #450, #1267, .T. ) ;
#5926 = CIRCLE ( 'NONE', #4838, 4.000000000000000000 ) ;
#5927 = FACE_OUTER_BOUND ( 'NONE', #1613, .T. ) ;
#5928 = DIRECTION ( 'NONE',  ( 1.214306433183765755E-15, 1.000000000000000000, 0.000000000000000000 ) ) ;
#5929 = DIRECTION ( 'NONE',  ( 1.321694076934710155E-16, -1.000000000000000000, 0.000000000000000000 ) ) ;
#5930 = DIRECTION ( 'NONE',  ( 1.000000000000000000, 0.000000000000000000, 0.000000000000000000 ) ) ;
#5931 = ORIENTED_EDGE ( 'NONE', *, *, #1532, .F. ) ;
#5932 = B_SPLINE_CURVE_WITH_KNOTS ( 'NONE', 3,
 ( #312, #3918, #2392, #3718, #5489, #205, #80, #5962 ),
 .UNSPECIFIED., .F., .F.,
 ( 4, 2, 2, 4 ),
 ( 0.000000000000000000, 0.002350167553283982226, 0.003525251329925973339, 0.004700335106567964452 ),
 .UNSPECIFIED. ) ;
#5933 = EDGE_CURVE ( 'NONE', #4306, #3293, #4551, .T. ) ;
#5934 = VECTOR ( 'NONE', #4673, 1000.000000000000000 ) ;
#5935 = VERTEX_POINT ( 'NONE', #1739 ) ;
#5936 = FACE_BOUND ( 'NONE', #2390, .T. ) ;
#5937 = DIRECTION ( 'NONE',  ( 1.000000000000000000, 1.321694076934710155E-16, 0.000000000000000000 ) ) ;
#5938 = VERTEX_POINT ( 'NONE', #5897 ) ;
#5939 = CARTESIAN_POINT ( 'NONE',  ( -12.34880507460809440, -24.49999999889190505, -9.054813709971909930 ) ) ;
#5940 = CARTESIAN_POINT ( 'NONE',  ( -9.380377612453022707, -20.64845484791515062, -59.91106486706329548 ) ) ;
#5941 = CARTESIAN_POINT ( 'NONE',  ( -23.07499999999999574, -30.50000000000000711, -25.00000000000001776 ) ) ;
#5942 = AXIS2_PLACEMENT_3D ( 'NONE', #3664, #5751, #3595 ) ;
#5943 = EDGE_LOOP ( 'NONE', ( #1822, #3814 ) ) ;
#5944 = LINE ( 'NONE', #5436, #1684 ) ;
#5945 = CARTESIAN_POINT ( 'NONE',  ( -100.0000000000000000, 2.704597641062570723, -37.52796101538407925 ) ) ;
#5946 = VERTEX_POINT ( 'NONE', #2696 ) ;
#5947 = DIRECTION ( 'NONE',  ( -1.000000000000000000, -1.224510688924804848E-16, 1.224510688924804848E-16 ) ) ;
#5948 = EDGE_CURVE ( 'NONE', #1449, #5896, #2226, .T. ) ;
#5949 = ORIENTED_EDGE ( 'NONE', *, *, #4108, .T. ) ;
#5950 = ORIENTED_EDGE ( 'NONE', *, *, #3678, .F. ) ;
#5951 = CARTESIAN_POINT ( 'NONE',  ( -13.50000000000002842, -30.50200000000000600, -7.000000000000016875 ) ) ;
#5952 = AXIS2_PLACEMENT_3D ( 'NONE', #2090, #3083, #5160 ) ;
#5953 = DIRECTION ( 'NONE',  ( -1.000000000000000000, 0.000000000000000000, 0.000000000000000000 ) ) ;
#5954 = ORIENTED_EDGE ( 'NONE', *, *, #6251, .F. ) ;
#5955 = CARTESIAN_POINT ( 'NONE',  ( -64.40000000000000568, -19.50000000000001066, -10.54075870073010357 ) ) ;
#5956 = CIRCLE ( 'NONE', #2477, 2.125000000000002665 ) ;
#5957 = EDGE_CURVE ( 'NONE', #4058, #3626, #1286, .T. ) ;
#5958 = CARTESIAN_POINT ( 'NONE',  ( -101.0587206533091233, 4.499999999999993783, -66.70463781045448570 ) ) ;
#5959 = DIRECTION ( 'NONE',  ( 1.321694076934710155E-16, -1.000000000000000000, 0.000000000000000000 ) ) ;
#5960 = CARTESIAN_POINT ( 'NONE',  ( -100.0000000000000000, -33.39999999999999858, -42.32451133429615453 ) ) ;
#5961 = PLANE ( 'NONE',  #819 ) ;
#5962 = CARTESIAN_POINT ( 'NONE',  ( -64.40000000000000568, -23.05569301944158411, -5.500000000000004441 ) ) ;
#5963 = ADVANCED_FACE ( 'NONE', ( #3348 ), #5867, .T. ) ;
#5964 = CARTESIAN_POINT ( 'NONE',  ( -9.275115013173214962, -21.35566532176495613, -58.68064976988429038 ) ) ;
#5965 = FACE_OUTER_BOUND ( 'NONE', #1662, .T. ) ;
#5966 = DIRECTION ( 'NONE',  ( -1.000000000000000000, 0.000000000000000000, 0.000000000000000000 ) ) ;
#5967 = ORIENTED_EDGE ( 'NONE', *, *, #3801, .T. ) ;
#5968 = ORIENTED_EDGE ( 'NONE', *, *, #472, .F. ) ;
#5969 = EDGE_CURVE ( 'NONE', #4812, #1209, #3515, .T. ) ;
#5971 = ORIENTED_EDGE ( 'NONE', *, *, #1090, .T. ) ;
#5970 = CYLINDRICAL_SURFACE ( 'NONE', #948, 2.124999999999999556 ) ;
#5972 = CARTESIAN_POINT ( 'NONE',  ( -1.816279346690861773, 4.499999999999872990, -66.70463781045448570 ) ) ;
#5973 = ORIENTED_EDGE ( 'NONE', *, *, #2269, .F. ) ;
#5974 = CARTESIAN_POINT ( 'NONE',  ( -8.483991736261909722, -23.41236745640760830, -12.80965907424601902 ) ) ;
#5975 = ORIENTED_EDGE ( 'NONE', *, *, #389, .T. ) ;
#5976 = CARTESIAN_POINT ( 'NONE',  ( -9.999999999999994671, -1.999999999999984457, -50.49999999999999289 ) ) ;
#5977 = EDGE_LOOP ( 'NONE', ( #2723, #291, #1318, #3289, #2468, #5954, #2344, #1915, #904, #6624 ) ) ;
#5978 = VERTEX_POINT ( 'NONE', #4232 ) ;
#5979 = DIRECTION ( 'NONE',  ( 2.352167425053297897E-16, 0.000000000000000000, 1.000000000000000000 ) ) ;
#5980 = CARTESIAN_POINT ( 'NONE',  ( -13.07499999999999751, -30.50000000000000711, -45.00000000000001421 ) ) ;
#5981 = ORIENTED_EDGE ( 'NONE', *, *, #617, .F. ) ;
#5983 = FACE_OUTER_BOUND ( 'NONE', #994, .T. ) ;
#5982 = CARTESIAN_POINT ( 'NONE',  ( -85.00000000000001421, -1.500000000000011768, -60.49999999999998579 ) ) ;
#5984 = ORIENTED_EDGE ( 'NONE', *, *, #2741, .F. ) ;
#5985 = EDGE_LOOP ( 'NONE', ( #1429, #4695 ) ) ;
#5986 = CARTESIAN_POINT ( 'NONE',  ( -80.28183768826340838, -23.50000000000000711, -15.50000000000000711 ) ) ;
#5987 = DIRECTION ( 'NONE',  ( -1.000000000000000000, -1.224646799147353700E-16, 1.176083712526648949E-16 ) ) ;
#5988 = EDGE_LOOP ( 'NONE', ( #4455, #4093 ) ) ;
#5989 = EDGE_CURVE ( 'NONE', #1964, #1315, #1196, .T. ) ;
#5990 = CARTESIAN_POINT ( 'NONE',  ( -53.07499999999999574, -26.50000000000000711, -25.00000000000001776 ) ) ;
#5991 = CARTESIAN_POINT ( 'NONE',  ( -1.816279346690865770, 0.9999999999999947820, -12.62347598126822845 ) ) ;
#5992 = DIRECTION ( 'NONE',  ( -1.000000000000000000, 0.000000000000000000, 0.000000000000000000 ) ) ;
#5993 = LINE ( 'NONE', #272, #3850 ) ;
#5994 = EDGE_CURVE ( 'NONE', #2838, #3061, #5754, .T. ) ;
#5995 = CYLINDRICAL_SURFACE ( 'NONE', #3752, 10.00000000000000000 ) ;
#5996 = FACE_OUTER_BOUND ( 'NONE', #6296, .T. ) ;
#5997 = CARTESIAN_POINT ( 'NONE',  ( 4.000000000000000000, -1.500000000000011768, -15.00000000000001421 ) ) ;
#5998 = AXIS2_PLACEMENT_3D ( 'NONE', #4745, #3406, #2792 ) ;
#5999 = FACE_BOUND ( 'NONE', #2029, .T. ) ;
#6000 = FACE_OUTER_BOUND ( 'NONE', #683, .T. ) ;
#6001 = ADVANCED_FACE ( 'NONE', ( #5838 ), #1675, .F. ) ;
#6002 = AXIS2_PLACEMENT_3D ( 'NONE', #134, #4186, #1659 ) ;
#6003 = CARTESIAN_POINT ( 'NONE',  ( 0.000000000000000000, 5.999999999999994671, -7.000000000000006217 ) ) ;
#6004 = EDGE_LOOP ( 'NONE', ( #6408, #3916 ) ) ;
#6005 = DIRECTION ( 'NONE',  ( 1.214306433183765755E-15, 1.000000000000000000, 0.000000000000000000 ) ) ;
#6006 = DIRECTION ( 'NONE',  ( -1.000000000000000000, -1.224646799147353700E-16, -3.081487911019577365E-33 ) ) ;
#6007 = CARTESIAN_POINT ( 'NONE',  ( -8.922375531895403000, -23.31408832578224377, -12.21777150295310044 ) ) ;
#6008 = CIRCLE ( 'NONE', #2197, 9.999999999999994671 ) ;
#6009 = VECTOR ( 'NONE', #1852, 1000.000000000000000 ) ;
#6010 = FACE_OUTER_BOUND ( 'NONE', #4666, .T. ) ;
#6011 = ADVANCED_FACE ( 'NONE', ( #682 ), #6379, .F. ) ;
#6012 = ORIENTED_EDGE ( 'NONE', *, *, #1871, .F. ) ;
#6013 = EDGE_CURVE ( 'NONE', #5487, #4726, #1303, .T. ) ;
#6014 = VERTEX_POINT ( 'NONE', #6616 ) ;
#6015 = VECTOR ( 'NONE', #6071, 1000.000000000000000 ) ;
#6016 = B_SPLINE_CURVE_WITH_KNOTS ( 'NONE', 3,
 ( #2699, #1742, #3215, #4817, #216, #4302, #3317, #1175, #2300, #1138, #4368, #6311, #5258, #621, #719, #586 ),
 .UNSPECIFIED., .F., .F.,
 ( 4, 2, 2, 2, 2, 2, 2, 4 ),
 ( 0.000000000000000000, 0.001210432238695955797, 0.002420864477391911594, 0.004841728954783819719, 0.006052161193479774215, 0.007262593432175729578, 0.008473025670871683207, 0.009683457909567637703 ),
 .UNSPECIFIED. ) ;
#6017 = DIRECTION ( 'NONE',  ( 1.000000000000000000, 0.000000000000000000, 0.000000000000000000 ) ) ;
#6018 = CARTESIAN_POINT ( 'NONE',  ( -98.93372065330912335, 0.9999999999999837907, -12.62347598126822845 ) ) ;
#6019 = ORIENTED_EDGE ( 'NONE', *, *, #6294, .F. ) ;
#6020 = DIRECTION ( 'NONE',  ( 0.000000000000000000, 1.000000000000000000, 6.033820786006282759E-16 ) ) ;
#6021 = VERTEX_POINT ( 'NONE', #349 ) ;
#6022 = CARTESIAN_POINT ( 'NONE',  ( -23.07499999999999574, -29.00000000000000355, -8.000000000000017764 ) ) ;
#6023 = CIRCLE ( 'NONE', #1442, 2.125000000000001776 ) ;
#6024 = PLANE ( 'NONE',  #3742 ) ;
#6025 = VERTEX_POINT ( 'NONE', #6515 ) ;
#6026 = DIRECTION ( 'NONE',  ( 0.000000000000000000, 0.000000000000000000, 1.000000000000000000 ) ) ;
#6027 = DIRECTION ( 'NONE',  ( 1.000000000000000000, 0.000000000000000000, 0.000000000000000000 ) ) ;
#6028 = ADVANCED_FACE ( 'NONE', ( #3962 ), #6108, .T. ) ;
#6029 = CARTESIAN_POINT ( 'NONE',  ( -70.28183768826342259, -23.50000000000001066, -64.50000000000000000 ) ) ;
#6030 = CARTESIAN_POINT ( 'NONE',  ( 0.000000000000000000, -1.500000000000011768, -64.50000000000000000 ) ) ;
#6031 = AXIS2_PLACEMENT_3D ( 'NONE', #898, #6658, #2445 ) ;
#6032 = CYLINDRICAL_SURFACE ( 'NONE', #4973, 2.125000000000001776 ) ;
#6033 = SURFACE_STYLE_USAGE ( .BOTH. , #4470 ) ;
#6034 = AXIS2_PLACEMENT_3D ( 'NONE', #3535, #3030, #2070 ) ;
#6035 = DIRECTION ( 'NONE',  ( 1.214306433183765755E-15, 1.000000000000000000, 0.000000000000000000 ) ) ;
#6036 = CYLINDRICAL_SURFACE ( 'NONE', #1439, 2.125000000000000000 ) ;
#6037 = ORIENTED_EDGE ( 'NONE', *, *, #3417, .F. ) ;
#6038 = EDGE_LOOP ( 'NONE', ( #5425, #6249, #3695, #4301 ) ) ;
#6039 = CIRCLE ( 'NONE', #696, 1.500000000000001332 ) ;
#6040 = CARTESIAN_POINT ( 'NONE',  ( 0.000000000000000000, 5.999999999999994671, -63.00000000000000000 ) ) ;
#6041 = CARTESIAN_POINT ( 'NONE',  ( -3.941279346690860663, 5.999999999999994671, -57.37652401873177865 ) ) ;
#6042 = CARTESIAN_POINT ( 'NONE',  ( -85.00000000000001421, 5.999999999999987566, -50.49999999999998579 ) ) ;
#6043 = AXIS2_PLACEMENT_3D ( 'NONE', #4789, #3356, #656 ) ;
#6044 = ADVANCED_FACE ( 'NONE', ( #283 ), #1335, .F. ) ;
#6045 = CARTESIAN_POINT ( 'NONE',  ( -9.351510776611092979, -23.30184767593435780, -11.16408032556476115 ) ) ;
#6046 = CIRCLE ( 'NONE', #3106, 9.999999999999994671 ) ;
#6047 = CARTESIAN_POINT ( 'NONE',  ( -43.07499999999999574, -30.50000000000001066, -8.000000000000017764 ) ) ;
#6048 = EDGE_LOOP ( 'NONE', ( #1113, #5967, #2114, #5765, #3463, #1334, #1402 ) ) ;
#6049 = ORIENTED_EDGE ( 'NONE', *, *, #5567, .F. ) ;
#6050 = AXIS2_PLACEMENT_3D ( 'NONE', #5836, #2898, #3405 ) ;
#6051 = CARTESIAN_POINT ( 'NONE',  ( -101.0587206533091233, 4.499999999999993783, -3.295362189545514298 ) ) ;
#6052 = CYLINDRICAL_SURFACE ( 'NONE', #1144, 17.00000000000000000 ) ;
#6053 = ORIENTED_EDGE ( 'NONE', *, *, #4215, .T. ) ;
#6054 = EDGE_CURVE ( 'NONE', #3026, #332, #4477, .T. ) ;
#6055 = EDGE_CURVE ( 'NONE', #6521, #3313, #5531, .T. ) ;
#6056 = ORIENTED_EDGE ( 'NONE', *, *, #5424, .T. ) ;
#6057 = CARTESIAN_POINT ( 'NONE',  ( -60.07499999999999574, -30.50000000000001066, -25.00000000000001421 ) ) ;
#6058 = VECTOR ( 'NONE', #5035, 1000.000000000000000 ) ;
#6059 = VERTEX_POINT ( 'NONE', #5052 ) ;
#6060 = AXIS2_PLACEMENT_3D ( 'NONE', #5399, #725, #2811 ) ;
#6061 = DIRECTION ( 'NONE',  ( 1.000000000000000000, 0.000000000000000000, 0.000000000000000000 ) ) ;
#6062 = EDGE_CURVE ( 'NONE', #3631, #891, #6497, .T. ) ;
#6063 = DIRECTION ( 'NONE',  ( 0.000000000000000000, 0.000000000000000000, 1.000000000000000000 ) ) ;
#6064 = DIRECTION ( 'NONE',  ( 0.000000000000000000, 0.000000000000000000, 1.000000000000000000 ) ) ;
#6065 = DIRECTION ( 'NONE',  ( 1.000000000000000000, 1.223202451009288748E-16, -1.223202451009288748E-16 ) ) ;
#6066 = DIRECTION ( 'NONE',  ( -1.000000000000000000, -1.224646799147353700E-16, -3.081487911019577365E-33 ) ) ;
#6067 = ORIENTED_EDGE ( 'NONE', *, *, #1319, .F. ) ;
#6068 = CARTESIAN_POINT ( 'NONE',  ( -19.99999999999998934, 5.999999999999994671, -19.49999999999999645 ) ) ;
#6069 = CARTESIAN_POINT ( 'NONE',  ( -13.07499999999999751, -26.50000000000000711, -45.00000000000001421 ) ) ;
#6070 = EDGE_CURVE ( 'NONE', #3313, #3665, #1371, .T. ) ;
#6071 = DIRECTION ( 'NONE',  ( 0.000000000000000000, 0.000000000000000000, 1.000000000000000000 ) ) ;
#6072 = ORIENTED_EDGE ( 'NONE', *, *, #4934, .T. ) ;
#6073 = CARTESIAN_POINT ( 'NONE',  ( -100.0000000000000000, -33.39999999999999858, -40.19951133429615453 ) ) ;
#6074 = EDGE_CURVE ( 'NONE', #298, #3938, #718, .T. ) ;
#6075 = DIRECTION ( 'NONE',  ( -1.000000000000000000, 8.163404592832032979E-16, 0.000000000000000000 ) ) ;
#6076 = DIRECTION ( 'NONE',  ( 1.000000000000000000, 1.224646799147353700E-16, 0.000000000000000000 ) ) ;
#6077 = CARTESIAN_POINT ( 'NONE',  ( -9.999999994924921864, -24.49999999819524277, -15.24049348349215016 ) ) ;
#6078 = ORIENTED_EDGE ( 'NONE', *, *, #3254, .T. ) ;
#6079 = EDGE_CURVE ( 'NONE', #2870, #4171, #6279, .T. ) ;
#6080 = EDGE_LOOP ( 'NONE', ( #2874, #1999, #6220, #6716 ) ) ;
#6081 = CARTESIAN_POINT ( 'NONE',  ( -80.38113276073386260, 0.000000000000000000, -67.25000000000000000 ) ) ;
#6082 = CARTESIAN_POINT ( 'NONE',  ( -4.899999999999997691, -20.50000000000000355, -10.54075870073009646 ) ) ;
#6083 = EDGE_LOOP ( 'NONE', ( #292, #3022, #5971, #3779 ) ) ;
#6084 = LINE ( 'NONE', #2033, #5580 ) ;
#6085 = ORIENTED_EDGE ( 'NONE', *, *, #1568, .F. ) ;
#6086 = CARTESIAN_POINT ( 'NONE',  ( -105.0000000000000142, -27.50000000000001066, -5.500000000000005329 ) ) ;
#6087 = EDGE_LOOP ( 'NONE', ( #127, #1863, #4588, #4664, #3077, #829, #506, #3904 ) ) ;
#6088 = EDGE_CURVE ( 'NONE', #2622, #530, #5497, .T. ) ;
#6089 = DIRECTION ( 'NONE',  ( -1.000000000000000000, -1.224646799147353700E-16, 0.000000000000000000 ) ) ;
#6090 = ORIENTED_EDGE ( 'NONE', *, *, #3661, .F. ) ;
#6091 = DIRECTION ( 'NONE',  ( 1.321694076934710155E-16, -1.000000000000000000, 0.000000000000000000 ) ) ;
#6092 = CARTESIAN_POINT ( 'NONE',  ( -85.00000000000001421, 5.999999999999987566, -19.49999999999998579 ) ) ;
#6093 = CARTESIAN_POINT ( 'NONE',  ( -80.28183768826340838, -23.50000000000001066, -64.50000000000000000 ) ) ;
#6094 = EDGE_CURVE ( 'NONE', #6151, #3186, #614, .T. ) ;
#6095 = EDGE_CURVE ( 'NONE', #6376, #573, #4992, .T. ) ;
#6096 = ORIENTED_EDGE ( 'NONE', *, *, #6070, .F. ) ;
#6097 = LINE ( 'NONE', #4596, #280 ) ;
#6098 = DIRECTION ( 'NONE',  ( -1.000000000000000000, 1.224510688924804010E-15, 0.000000000000000000 ) ) ;
#6099 = FACE_OUTER_BOUND ( 'NONE', #629, .T. ) ;
#6100 = CARTESIAN_POINT ( 'NONE',  ( 4.000000000000003553, -19.93338814962351790, -6.238115181478841365 ) ) ;
#6101 = CARTESIAN_POINT ( 'NONE',  ( 0.000000000000000000, 9.500000000000005329, -70.00000000000000000 ) ) ;
#6102 = PLANE ( 'NONE',  #4500 ) ;
#6103 = EDGE_LOOP ( 'NONE', ( #968, #3646, #6494, #1703, #1522, #6204, #5679, #6388, #3923, #1019, #1067, #4005, #723, #6056, #1497 ) ) ;
#6104 = CARTESIAN_POINT ( 'NONE',  ( -9.439581231542808482, -23.33314878470995524, -59.39464562376006285 ) ) ;
#6105 = ORIENTED_EDGE ( 'NONE', *, *, #5407, .F. ) ;
#6106 = ORIENTED_EDGE ( 'NONE', *, *, #5818, .T. ) ;
#6107 = CIRCLE ( 'NONE', #3705, 1.500000000000001332 ) ;
#6108 = PLANE ( 'NONE',  #93 ) ;
#6109 = PLANE ( 'NONE',  #5385 ) ;
#6110 = UNCERTAINTY_MEASURE_WITH_UNIT (LENGTH_MEASURE( 1.000000000000000082E-05 ), #3342, 'distance_accuracy_value', 'NONE');
#6111 = CYLINDRICAL_SURFACE ( 'NONE', #2427, 2.125000000000000000 ) ;
#6112 = EDGE_CURVE ( 'NONE', #6196, #2809, #923, .T. ) ;
#6113 = VECTOR ( 'NONE', #955, 1000.000000000000000 ) ;
#6114 = EDGE_LOOP ( 'NONE', ( #3899, #215 ) ) ;
#6115 = DIRECTION ( 'NONE',  ( 1.000000000000000000, 0.000000000000000000, 0.000000000000000000 ) ) ;
#6116 = DIRECTION ( 'NONE',  ( 1.214306433183765755E-15, 1.000000000000000000, 0.000000000000000000 ) ) ;
#6117 = AXIS2_PLACEMENT_3D ( 'NONE', #1624, #4152, #2683 ) ;
#6118 = VECTOR ( 'NONE', #6140, 1000.000000000000000 ) ;
#6119 = VERTEX_POINT ( 'NONE', #4509 ) ;
#6120 = APPLICATION_PROTOCOL_DEFINITION ( 'draft international standard', 'automotive_design', 1998, #4977 ) ;
#6121 = EDGE_LOOP ( 'NONE', ( #6450, #4262, #5909, #242, #557 ) ) ;
#6122 = EDGE_CURVE ( 'NONE', #112, #3559, #4205, .T. ) ;
#6123 = DIRECTION ( 'NONE',  ( 0.7071067811865459074, 0.7071067811865491270, 0.000000000000000000 ) ) ;
#6124 = VERTEX_POINT ( 'NONE', #1949 ) ;
#6125 = CIRCLE ( 'NONE', #6660, 2.125000000000001776 ) ;
#6126 = VERTEX_POINT ( 'NONE', #2969 ) ;
#6127 = CARTESIAN_POINT ( 'NONE',  ( 3.999999999999996447, 12.49999999999995204, 0.000000000000000000 ) ) ;
#6128 = VERTEX_POINT ( 'NONE', #4026 ) ;
#6129 = AXIS2_PLACEMENT_3D ( 'NONE', #5763, #538, #2178 ) ;
#6130 = CARTESIAN_POINT ( 'NONE',  ( -80.28183768826340838, -27.50000000000001066, -64.50000000000000000 ) ) ;
#6131 = EDGE_LOOP ( 'NONE', ( #1503, #5169, #6694, #2522 ) ) ;
#6132 = ADVANCED_FACE ( 'NONE', ( #1403 ), #5970, .F. ) ;
#6133 = CARTESIAN_POINT ( 'NONE',  ( -26.74386723926605569, -2.792641959432358542E-17, -67.25000000000000000 ) ) ;
#6134 = LINE ( 'NONE', #3060, #1355 ) ;
#6135 = CIRCLE ( 'NONE', #5046, 10.00000000000000000 ) ;
#6136 = ORIENTED_EDGE ( 'NONE', *, *, #2437, .F. ) ;
#6137 = CARTESIAN_POINT ( 'NONE',  ( -8.161831428213568884, -20.52634839330351113, -12.97193458954815526 ) ) ;
#6138 = EDGE_LOOP ( 'NONE', ( #478, #548 ) ) ;
#6139 = ORIENTED_EDGE ( 'NONE', *, *, #267, .F. ) ;
#6140 = DIRECTION ( 'NONE',  ( -1.176083712526648949E-16, 0.000000000000000000, -1.000000000000000000 ) ) ;
#6141 = CARTESIAN_POINT ( 'NONE',  ( -43.07499999999999574, -29.00000000000000711, -60.00000000000002842 ) ) ;
#6142 = DIRECTION ( 'NONE',  ( 1.000000000000000000, 1.734723475976807094E-16, -3.469446951953614189E-16 ) ) ;
#6143 = EDGE_CURVE ( 'NONE', #6670, #5508, #1883, .T. ) ;
#6144 = DIRECTION ( 'NONE',  ( 1.214306433183765755E-15, 1.000000000000000000, 0.000000000000000000 ) ) ;
#6145 = VECTOR ( 'NONE', #1958, 1000.000000000000000 ) ;
#6146 = CARTESIAN_POINT ( 'NONE',  ( 2.500000000000002220, -26.00000000000001776, -56.49999999999999289 ) ) ;
#6147 = EDGE_LOOP ( 'NONE', ( #17, #6520, #3717, #1006 ) ) ;
#6148 = AXIS2_PLACEMENT_3D ( 'NONE', #3984, #3840, #1764 ) ;
#6149 = CARTESIAN_POINT ( 'NONE',  ( -100.0000000000000000, 1.552207410648924757, -6.085883190575414936 ) ) ;
#6150 = CYLINDRICAL_SURFACE ( 'NONE', #6481, 2.124999999999998224 ) ;
#6151 = VERTEX_POINT ( 'NONE', #3997 ) ;
#6152 = EDGE_CURVE ( 'NONE', #4505, #679, #5563, .T. ) ;
#6153 = DIRECTION ( 'NONE',  ( 0.000000000000000000, 0.000000000000000000, 1.000000000000000000 ) ) ;
#6154 = VECTOR ( 'NONE', #3316, 1000.000000000000000 ) ;
#6155 = ORIENTED_EDGE ( 'NONE', *, *, #4279, .F. ) ;
#6156 = CARTESIAN_POINT ( 'NONE',  ( -95.00000000000000000, 9.499999999999984013, -7.000000000000006217 ) ) ;
#6157 = DIRECTION ( 'NONE',  ( -1.000000000000000000, 0.000000000000000000, 0.000000000000000000 ) ) ;
#6158 = CIRCLE ( 'NONE', #4087, 17.00000000000000000 ) ;
#6159 = VERTEX_POINT ( 'NONE', #5740 ) ;
#6160 = CARTESIAN_POINT ( 'NONE',  ( -2.000000000000000000, 0.000000000000000000, -64.50000000000000000 ) ) ;
#6161 = EDGE_CURVE ( 'NONE', #138, #3154, #4645, .T. ) ;
#6162 = EDGE_LOOP ( 'NONE', ( #3377, #5096 ) ) ;
#6163 = CYLINDRICAL_SURFACE ( 'NONE', #2644, 2.125000000000001776 ) ;
#6164 = VECTOR ( 'NONE', #5713, 1000.000000000000000 ) ;
#6165 = ORIENTED_EDGE ( 'NONE', *, *, #6487, .F. ) ;
#6166 = PLANE ( 'NONE',  #3332 ) ;
#6167 = EDGE_LOOP ( 'NONE', ( #3890, #3977, #1080, #1459 ) ) ;
#6168 = CIRCLE ( 'NONE', #3985, 2.125000000000001776 ) ;
#6169 = FACE_OUTER_BOUND ( 'NONE', #758, .T. ) ;
#6170 = ORIENTED_EDGE ( 'NONE', *, *, #3975, .F. ) ;
#6171 = LINE ( 'NONE', #1620, #2639 ) ;
#6172 = FACE_OUTER_BOUND ( 'NONE', #3740, .T. ) ;
#6173 = CIRCLE ( 'NONE', #3227, 10.00000000000000178 ) ;
#6174 = EDGE_CURVE ( 'NONE', #4681, #2046, #1030, .T. ) ;
#6175 = DIRECTION ( 'NONE',  ( -1.000000000000000000, 0.000000000000000000, 0.000000000000000000 ) ) ;
#6176 = ORIENTED_EDGE ( 'NONE', *, *, #2703, .T. ) ;
#6177 = ORIENTED_EDGE ( 'NONE', *, *, #6300, .T. ) ;
#6178 = LINE ( 'NONE', #2960, #2850 ) ;
#6179 = CARTESIAN_POINT ( 'NONE',  ( -6.399999999999999467, -24.50000000000001421, -10.54075870073009646 ) ) ;
#6180 = DIRECTION ( 'NONE',  ( 0.000000000000000000, 0.000000000000000000, 1.000000000000000000 ) ) ;
#6181 = ORIENTED_EDGE ( 'NONE', *, *, #2925, .F. ) ;
#6182 = DIRECTION ( 'NONE',  ( -1.000000000000000000, 0.000000000000000000, 0.000000000000000000 ) ) ;
#6183 = ORIENTED_EDGE ( 'NONE', *, *, #1340, .T. ) ;
#6184 = ORIENTED_EDGE ( 'NONE', *, *, #1811, .T. ) ;
#6185 = STYLED_ITEM ( 'NONE', ( #1260 ), #6535 ) ;
#6186 = EDGE_CURVE ( 'NONE', #679, #689, #3580, .T. ) ;
#6187 = CARTESIAN_POINT ( 'NONE',  ( -70.28183768826340838, -26.50000000000001066, -15.50000000000000711 ) ) ;
#6188 = CARTESIAN_POINT ( 'NONE',  ( -62.89999999999999858, -26.50000000000001066, -59.54075870073008758 ) ) ;
#6189 = EDGE_LOOP ( 'NONE', ( #3491, #412, #3821, #625 ) ) ;
#6190 = DIRECTION ( 'NONE',  ( 1.000000000000000000, 1.224646799147353700E-16, 0.000000000000000000 ) ) ;
#6191 = AXIS2_PLACEMENT_3D ( 'NONE', #4896, #4379, #1788 ) ;
#6192 = ADVANCED_FACE ( 'NONE', ( #6243 ), #1985, .F. ) ;
#6193 = VERTEX_POINT ( 'NONE', #6149 ) ;
#6194 = DIRECTION ( 'NONE',  ( 0.000000000000000000, -1.885568995626965026E-16, 1.000000000000000000 ) ) ;
#6195 = DIRECTION ( 'NONE',  ( -1.000000000000000000, 0.000000000000000000, 0.000000000000000000 ) ) ;
#6196 = VERTEX_POINT ( 'NONE', #6187 ) ;
#6198 = EDGE_LOOP ( 'NONE', ( #1482, #4956, #4433, #5030 ) ) ;
#6197 = CARTESIAN_POINT ( 'NONE',  ( -85.50000000000009948, -6.938893903907228378E-15, -7.000000000000006217 ) ) ;
#6199 = ORIENTED_EDGE ( 'NONE', *, *, #210, .T. ) ;
#6200 = ORIENTED_EDGE ( 'NONE', *, *, #945, .F. ) ;
#6201 = CYLINDRICAL_SURFACE ( 'NONE', #486, 9.999999999999994671 ) ;
#6202 = ORIENTED_EDGE ( 'NONE', *, *, #6336, .T. ) ;
#6203 = CARTESIAN_POINT ( 'NONE',  ( -63.37500000000001421, -25.50000000000000711, -65.50000000000000000 ) ) ;
#6204 = ORIENTED_EDGE ( 'NONE', *, *, #579, .F. ) ;
#6205 = CARTESIAN_POINT ( 'NONE',  ( -100.0000000000000000, 2.704597641062570723, -39.65296101538408635 ) ) ;
#6206 = DIRECTION ( 'NONE',  ( 1.000000000000000000, 0.000000000000000000, 0.000000000000000000 ) ) ;
#6207 = CARTESIAN_POINT ( 'NONE',  ( -100.0000000000000000, -33.39999999999999858, -27.67548866570383836 ) ) ;
#6208 = EDGE_CURVE ( 'NONE', #3930, #2249, #5956, .T. ) ;
#6209 = ORIENTED_EDGE ( 'NONE', *, *, #908, .T. ) ;
#6210 = CARTESIAN_POINT ( 'NONE',  ( -64.40000000000000568, -19.50000000000001066, -59.54075870073008758 ) ) ;
#6211 = CARTESIAN_POINT ( 'NONE',  ( -20.00000000000000355, -26.50000000000000355, -64.50000000000000000 ) ) ;
#6212 = ORIENTED_EDGE ( 'NONE', *, *, #2920, .F. ) ;
#6213 = CARTESIAN_POINT ( 'NONE',  ( -85.50000000000009948, 0.000000000000000000, -70.00000000000000000 ) ) ;
#6214 = EDGE_CURVE ( 'NONE', #3854, #2900, #6283, .T. ) ;
#6215 = VECTOR ( 'NONE', #3263, 1000.000000000000000 ) ;
#6216 = ORIENTED_EDGE ( 'NONE', *, *, #3193, .T. ) ;
#6217 = PLANE ( 'NONE',  #5621 ) ;
#6218 = FACE_OUTER_BOUND ( 'NONE', #1846, .T. ) ;
#6219 = AXIS2_PLACEMENT_3D ( 'NONE', #3847, #777, #5527 ) ;
#6220 = ORIENTED_EDGE ( 'NONE', *, *, #1085, .F. ) ;
#6221 = ADVANCED_FACE ( 'NONE', ( #1506 ), #1061, .F. ) ;
#6222 = CARTESIAN_POINT ( 'NONE',  ( -70.28183768826342259, -23.50000000000001066, -64.50000000000000000 ) ) ;
#6223 = ADVANCED_FACE ( 'NONE', ( #4130 ), #2687, .F. ) ;
#6224 = EDGE_LOOP ( 'NONE', ( #940, #3190, #3228, #1027, #1586, #2073, #6085 ) ) ;
#6225 = AXIS2_PLACEMENT_3D ( 'NONE', #6609, #3505, #1943 ) ;
#6227 = ORIENTED_EDGE ( 'NONE', *, *, #2299, .T. ) ;
#6226 = LINE ( 'NONE', #5133, #5835 ) ;
#6228 = ORIENTED_EDGE ( 'NONE', *, *, #4876, .T. ) ;
#6229 = EDGE_LOOP ( 'NONE', ( #4779, #5077, #4020, #5666 ) ) ;
#6230 = DIRECTION ( 'NONE',  ( -1.000000000000000000, 0.000000000000000000, 0.000000000000000000 ) ) ;
#6231 = CIRCLE ( 'NONE', #1645, 2.125000000000001776 ) ;
#6232 = AXIS2_PLACEMENT_3D ( 'NONE', #1375, #3898, #2403 ) ;
#6233 = CARTESIAN_POINT ( 'NONE',  ( -66.38359969551274276, -23.19462516636253113, -64.49999999999998579 ) ) ;
#6234 = VERTEX_POINT ( 'NONE', #1537 ) ;
#6235 = CARTESIAN_POINT ( 'NONE',  ( -23.07499999999999574, -29.00000000000000355, -10.00000000000001954 ) ) ;
#6236 = CIRCLE ( 'NONE', #2317, 4.000000000000003553 ) ;
#6237 = ORIENTED_EDGE ( 'NONE', *, *, #1847, .T. ) ;
#6238 = DIRECTION ( 'NONE',  ( -1.314184451497580735E-17, 1.000000000000000000, 0.000000000000000000 ) ) ;
#6239 = DIRECTION ( 'NONE',  ( -1.000000000000000000, 0.000000000000000000, 0.000000000000000000 ) ) ;
#6240 = DIRECTION ( 'NONE',  ( 1.214306433183765755E-15, 1.000000000000000000, 0.000000000000000000 ) ) ;
#6241 = ORIENTED_EDGE ( 'NONE', *, *, #6548, .T. ) ;
#6242 = AXIS2_PLACEMENT_3D ( 'NONE', #5114, #956, #6206 ) ;
#6243 = FACE_OUTER_BOUND ( 'NONE', #5151, .T. ) ;
#6244 = TOROIDAL_SURFACE ( 'NONE', #1342, 7.000000000000002665, 4.000000000000000000 ) ;
#6245 = DIRECTION ( 'NONE',  ( -1.000000000000000000, -1.224646799147353700E-16, -3.081487911019577365E-33 ) ) ;
#6246 = VERTEX_POINT ( 'NONE', #2023 ) ;
#6247 = DIRECTION ( 'NONE',  ( -1.321694076934710155E-16, 1.000000000000000000, 2.736911063134408342E-48 ) ) ;
#6248 = CIRCLE ( 'NONE', #6677, 2.125000000000000000 ) ;
#6249 = ORIENTED_EDGE ( 'NONE', *, *, #6013, .T. ) ;
#6250 = DIRECTION ( 'NONE',  ( 1.000000000000000000, 1.321694076934710402E-16, 2.478176394252581387E-17 ) ) ;
#6251 = EDGE_CURVE ( 'NONE', #4247, #4522, #1570, .T. ) ;
#6252 = DIRECTION ( 'NONE',  ( -0.000000000000000000, 1.000000000000000000, -0.000000000000000000 ) ) ;
#6253 = AXIS2_PLACEMENT_3D ( 'NONE', #1870, #871, #2357 ) ;
#6254 = ORIENTED_EDGE ( 'NONE', *, *, #6424, .T. ) ;
#6255 = DIRECTION ( 'NONE',  ( 1.000000000000000000, 1.224646799147353700E-16, -2.352167425053297897E-16 ) ) ;
#6256 = EDGE_LOOP ( 'NONE', ( #1850, #2599 ) ) ;
#6257 = VECTOR ( 'NONE', #4366, 1000.000000000000000 ) ;
#6258 = EDGE_CURVE ( 'NONE', #1054, #619, #5523, .T. ) ;
#6259 = DIRECTION ( 'NONE',  ( 1.214306433183765755E-15, 1.000000000000000000, 0.000000000000000000 ) ) ;
#6260 = ORIENTED_EDGE ( 'NONE', *, *, #1391, .T. ) ;
#6261 = CARTESIAN_POINT ( 'NONE',  ( -105.0000000000000142, 9.499999999999991118, -63.00000000000000000 ) ) ;
#6262 = ORIENTED_EDGE ( 'NONE', *, *, #2182, .F. ) ;
#6263 = DIRECTION ( 'NONE',  ( 1.214306433183765755E-15, 1.000000000000000000, 0.000000000000000000 ) ) ;
#6264 = AXIS2_PLACEMENT_3D ( 'NONE', #3926, #6006, #318 ) ;
#6265 = DIRECTION ( 'NONE',  ( 1.000000000000000000, 2.312964634635742957E-16, 0.000000000000000000 ) ) ;
#6266 = EDGE_CURVE ( 'NONE', #5202, #2507, #963, .T. ) ;
#6267 = AXIS2_PLACEMENT_3D ( 'NONE', #6606, #6066, #476 ) ;
#6268 = CARTESIAN_POINT ( 'NONE',  ( -3.469446951953614189E-15, 41.24999999999995026, -41.25000000000022737 ) ) ;
#6269 = ORIENTED_EDGE ( 'NONE', *, *, #800, .F. ) ;
#6270 = LINE ( 'NONE', #3643, #343 ) ;
#6271 = CARTESIAN_POINT ( 'NONE',  ( -105.0000000000000142, 2.704597641062571167, -32.47203898461592786 ) ) ;
#6272 = PLANE ( 'NONE',  #6465 ) ;
#6273 = EDGE_LOOP ( 'NONE', ( #2875, #5413, #2374, #5529 ) ) ;
#6274 = CIRCLE ( 'NONE', #3220, 2.125000000000001776 ) ;
#6275 = DIRECTION ( 'NONE',  ( 1.000000000000000000, 0.000000000000000000, 0.000000000000000000 ) ) ;
#6276 = CARTESIAN_POINT ( 'NONE',  ( -23.07500000000000284, -29.00000000000000355, -62.00000000000002132 ) ) ;
#6277 = FACE_BOUND ( 'NONE', #159, .T. ) ;
#6278 = CARTESIAN_POINT ( 'NONE',  ( -8.414398699110927637, -24.17779761774478331, -5.500000000000006217 ) ) ;
#6279 = CIRCLE ( 'NONE', #3557, 2.125000000000000000 ) ;
#6280 = VERTEX_POINT ( 'NONE', #2591 ) ;
#6281 = CARTESIAN_POINT ( 'NONE',  ( -8.315103158671126593, -20.58965514656739870, -57.22878801656166559 ) ) ;
#6282 = ORIENTED_EDGE ( 'NONE', *, *, #2693, .F. ) ;
#6283 = CIRCLE ( 'NONE', #4653, 15.00000000000000178 ) ;
#6284 = LINE ( 'NONE', #5714, #5203 ) ;
#6285 = CYLINDRICAL_SURFACE ( 'NONE', #6582, 2.125000000000001776 ) ;
#6286 = DIRECTION ( 'NONE',  ( -0.7071067811865507924, -0.7071067811865441310, 0.000000000000000000 ) ) ;
#6287 = DIRECTION ( 'NONE',  ( 0.000000000000000000, 0.000000000000000000, 1.000000000000000000 ) ) ;
#6288 = ORIENTED_EDGE ( 'NONE', *, *, #1474, .F. ) ;
#6290 = ORIENTED_EDGE ( 'NONE', *, *, #4982, .F. ) ;
#6289 = LINE ( 'NONE', #6695, #3008 ) ;
#6291 = CARTESIAN_POINT ( 'NONE',  ( -56.32740755027063528, -26.50000000000001066, -15.50000000000000000 ) ) ;
#6292 = DIRECTION ( 'NONE',  ( 1.000000000000000000, 1.734723475976807094E-16, 6.938893903907228378E-16 ) ) ;
#6293 = CARTESIAN_POINT ( 'NONE',  ( -9.999999999999996447, -1.999999999999984457, -60.50000000000000000 ) ) ;
#6294 = EDGE_CURVE ( 'NONE', #4206, #4926, #3135, .T. ) ;
#6295 = LINE ( 'NONE', #1560, #711 ) ;
#6296 = EDGE_LOOP ( 'NONE', ( #2763, #5568, #2017, #5254 ) ) ;
#6297 = DIRECTION ( 'NONE',  ( -1.000000000000000000, 0.000000000000000000, 0.000000000000000000 ) ) ;
#6298 = CARTESIAN_POINT ( 'NONE',  ( -65.95663800469537819, -23.16253499155730466, -5.500000000000005329 ) ) ;
#6299 = DIRECTION ( 'NONE',  ( 1.000000000000000000, 1.224646799147353700E-16, 0.000000000000000000 ) ) ;
#6300 = EDGE_CURVE ( 'NONE', #689, #1947, #5216, .T. ) ;
#6301 = ORIENTED_EDGE ( 'NONE', *, *, #2446, .T. ) ;
#6302 = ADVANCED_FACE ( 'NONE', ( #3651 ), #6682, .T. ) ;
#6303 = CARTESIAN_POINT ( 'NONE',  ( -60.07499999999999574, -29.00000000000000711, -45.00000000000002132 ) ) ;
#6304 = LINE ( 'NONE', #3204, #2614 ) ;
#6305 = CARTESIAN_POINT ( 'NONE',  ( 2.500000000000002220, -27.50000000000001776, -57.99999999999999289 ) ) ;
#6306 = DIRECTION ( 'NONE',  ( -1.224646799147353454E-16, 1.000000000000000000, 1.445602896647339163E-16 ) ) ;
#6307 = EDGE_LOOP ( 'NONE', ( #1066, #4166, #832, #1720 ) ) ;
#6308 = FACE_OUTER_BOUND ( 'NONE', #4381, .T. ) ;
#6309 = DIRECTION ( 'NONE',  ( -1.000000000000000000, 0.000000000000000000, 0.000000000000000000 ) ) ;
#6310 = DIRECTION ( 'NONE',  ( 1.321694076934710155E-16, -1.000000000000000000, 0.000000000000000000 ) ) ;
#6311 = CARTESIAN_POINT ( 'NONE',  ( -1.999999999999997113, -24.01463353767415754, -56.97880071614788022 ) ) ;
#6312 = DIRECTION ( 'NONE',  ( 0.000000000000000000, 0.000000000000000000, -1.000000000000000000 ) ) ;
#6313 = DIRECTION ( 'NONE',  ( -1.000000000000000000, -1.224646799147353700E-16, 0.000000000000000000 ) ) ;
#6314 = ORIENTED_EDGE ( 'NONE', *, *, #2590, .T. ) ;
#6315 = CARTESIAN_POINT ( 'NONE',  ( -26.74386723926606280, -5.999999999999995559, -67.25000000000000000 ) ) ;
#6317 = ORIENTED_EDGE ( 'NONE', *, *, #5018, .F. ) ;
#6316 = FACE_OUTER_BOUND ( 'NONE', #9, .T. ) ;
#6318 = AXIS2_PLACEMENT_3D ( 'NONE', #5872, #1202, #1259 ) ;
#6319 = ORIENTED_EDGE ( 'NONE', *, *, #4796, .T. ) ;
#6320 = ORIENTED_EDGE ( 'NONE', *, *, #6143, .T. ) ;
#6321 = CARTESIAN_POINT ( 'NONE',  ( -6.399999999999999467, -20.50000000000000355, -13.54075870073009824 ) ) ;
#6322 = EDGE_CURVE ( 'NONE', #1927, #804, #4104, .T. ) ;
#6323 = DIRECTION ( 'NONE',  ( 1.224646799147353700E-16, -1.000000000000000000, 0.000000000000000000 ) ) ;
#6324 = CARTESIAN_POINT ( 'NONE',  ( -64.40000000000000568, -19.50000000000001066, -17.41374204693751793 ) ) ;
#6325 = CIRCLE ( 'NONE', #5687, 2.125000000000001776 ) ;
#6326 = CARTESIAN_POINT ( 'NONE',  ( -11.25703116327390951, -24.50000000000001421, -5.500000000000005329 ) ) ;
#6327 = ORIENTED_EDGE ( 'NONE', *, *, #975, .F. ) ;
#6328 = ADVANCED_FACE ( 'NONE', ( #1602 ), #419, .F. ) ;
#6329 = CIRCLE ( 'NONE', #4046, 15.00000000000000000 ) ;
#6330 = LINE ( 'NONE', #3437, #4590 ) ;
#6331 = AXIS2_PLACEMENT_3D ( 'NONE', #3966, #5433, #857 ) ;
#6332 = FACE_OUTER_BOUND ( 'NONE', #6103, .T. ) ;
#6333 = FACE_OUTER_BOUND ( 'NONE', #361, .T. ) ;
#6334 = ORIENTED_EDGE ( 'NONE', *, *, #6094, .F. ) ;
#6335 = AXIS2_PLACEMENT_3D ( 'NONE', #1194, #3271, #2221 ) ;
#6336 = EDGE_CURVE ( 'NONE', #1059, #3617, #3806, .T. ) ;
#6337 = CARTESIAN_POINT ( 'NONE',  ( -22.49386723926605214, 2.792641959432367787E-17, -2.750000000000029754 ) ) ;
#6338 = CARTESIAN_POINT ( 'NONE',  ( -22.49386723926606635, -5.999999999999998224, -67.25000000000000000 ) ) ;
#6339 = EDGE_CURVE ( 'NONE', #5846, #3503, #4772, .T. ) ;
#6340 = PLANE ( 'NONE',  #1881 ) ;
#6341 = AXIS2_PLACEMENT_3D ( 'NONE', #607, #2111, #4734 ) ;
#6342 = VERTEX_POINT ( 'NONE', #2218 ) ;
#6343 = AXIS2_PLACEMENT_3D ( 'NONE', #3669, #6230, #5205 ) ;
#6344 = FACE_OUTER_BOUND ( 'NONE', #4849, .T. ) ;
#6345 = EDGE_CURVE ( 'NONE', #3050, #67, #708, .T. ) ;
#6347 = ORIENTED_EDGE ( 'NONE', *, *, #4499, .F. ) ;
#6346 = DIRECTION ( 'NONE',  ( 0.000000000000000000, 0.000000000000000000, -1.000000000000000000 ) ) ;
#6348 = CARTESIAN_POINT ( 'NONE',  ( -9.241206068248917660, -21.39772492384575386, -11.50687338594859632 ) ) ;
#6349 = CARTESIAN_POINT ( 'NONE',  ( 2.499999999999998668, 1.499999999999990896, -12.00000000000001066 ) ) ;
#6350 = LINE ( 'NONE', #1107, #3846 ) ;
#6351 = PLANE ( 'NONE',  #4811 ) ;
#6352 = AXIS2_PLACEMENT_3D ( 'NONE', #1780, #4371, #1916 ) ;
#6353 = VERTEX_POINT ( 'NONE', #4357 ) ;
#6354 = CARTESIAN_POINT ( 'NONE',  ( -6.399999999999999467, -23.94024765466012639, -64.50000000000000000 ) ) ;
#6355 = DIRECTION ( 'NONE',  ( -1.224646799147353700E-16, 1.000000000000000000, -0.000000000000000000 ) ) ;
#6356 = VECTOR ( 'NONE', #438, 1000.000000000000000 ) ;
#6357 = EDGE_LOOP ( 'NONE', ( #6136, #1076, #2577, #2815 ) ) ;
#6358 = EDGE_CURVE ( 'NONE', #3582, #838, #4211, .T. ) ;
#6359 =( NAMED_UNIT ( * ) PLANE_ANGLE_UNIT ( ) SI_UNIT ( $, .RADIAN. ) );
#6360 = LINE ( 'NONE', #4244, #38 ) ;
#6361 = DIRECTION ( 'NONE',  ( 1.321694076934710155E-16, -1.000000000000000000, 0.000000000000000000 ) ) ;
#6362 = CIRCLE ( 'NONE', #5165, 2.125000000000001776 ) ;
#6363 = DIRECTION ( 'NONE',  ( 0.000000000000000000, 1.000000000000000000, 0.000000000000000000 ) ) ;
#6364 = AXIS2_PLACEMENT_3D ( 'NONE', #6593, #1409, #5028 ) ;
#6365 = CIRCLE ( 'NONE', #3979, 4.000000000000000000 ) ;
#6366 = DIRECTION ( 'NONE',  ( -1.000000000000000000, -1.314184451497581352E-17, 0.000000000000000000 ) ) ;
#6367 = DIRECTION ( 'NONE',  ( -1.000000000000000000, 8.163404592832032979E-16, 0.000000000000000000 ) ) ;
#6368 = CARTESIAN_POINT ( 'NONE',  ( -43.07499999999999574, -30.50000000000001066, -10.00000000000001954 ) ) ;
#6369 = VERTEX_POINT ( 'NONE', #641 ) ;
#6370 = EDGE_CURVE ( 'NONE', #2638, #4685, #431, .T. ) ;
#6371 = AXIS2_PLACEMENT_3D ( 'NONE', #1634, #5253, #235 ) ;
#6372 = CARTESIAN_POINT ( 'NONE',  ( -64.40000000000000568, -20.50000000000001066, -10.54075870073010357 ) ) ;
#6373 = LINE ( 'NONE', #175, #6429 ) ;
#6374 = FACE_OUTER_BOUND ( 'NONE', #4044, .T. ) ;
#6375 = VECTOR ( 'NONE', #697, 1000.000000000000000 ) ;
#6376 = VERTEX_POINT ( 'NONE', #105 ) ;
#6377 = ADVANCED_FACE ( 'NONE', ( #139 ), #206, .F. ) ;
#6378 = VERTEX_POINT ( 'NONE', #3845 ) ;
#6380 = VERTEX_POINT ( 'NONE', #6337 ) ;
#6379 = PLANE ( 'NONE',  #2808 ) ;
#6381 = FACE_OUTER_BOUND ( 'NONE', #1424, .T. ) ;
#6382 = ORIENTED_EDGE ( 'NONE', *, *, #4640, .T. ) ;
#6383 = CARTESIAN_POINT ( 'NONE',  ( -6.399999999999999467, -20.50000000000000355, -59.54075870073009469 ) ) ;
#6384 = CARTESIAN_POINT ( 'NONE',  ( -4.500000000000003553, -30.50000000000000355, -65.50000000000001421 ) ) ;
#6385 = DIRECTION ( 'NONE',  ( 1.220304592980192936E-15, 1.000000000000000000, 0.000000000000000000 ) ) ;
#6386 = EDGE_CURVE ( 'NONE', #4582, #4610, #1275, .T. ) ;
#6387 = VECTOR ( 'NONE', #575, 1000.000000000000000 ) ;
#6388 = ORIENTED_EDGE ( 'NONE', *, *, #5335, .F. ) ;
#6389 = DIRECTION ( 'NONE',  ( 0.000000000000000000, 0.000000000000000000, 1.000000000000000000 ) ) ;
#6390 = DIRECTION ( 'NONE',  ( 1.224646799147353700E-16, -1.000000000000000000, 0.000000000000000000 ) ) ;
#6391 = ORIENTED_EDGE ( 'NONE', *, *, #5351, .F. ) ;
#6393 = CARTESIAN_POINT ( 'NONE',  ( -69.15855291163819629, -23.50000000000001066, -64.50000000000000000 ) ) ;
#6392 = DIRECTION ( 'NONE',  ( -1.224646799147353454E-16, 1.000000000000000000, 1.445602896647339163E-16 ) ) ;
#6394 = VECTOR ( 'NONE', #4311, 1000.000000000000000 ) ;
#6395 = FACE_OUTER_BOUND ( 'NONE', #5456, .T. ) ;
#6396 = CARTESIAN_POINT ( 'NONE',  ( -24.61886723926605569, 0.000000000000000000, -2.750000000000030198 ) ) ;
#6397 = LINE ( 'NONE', #3834, #6375 ) ;
#6398 = CARTESIAN_POINT ( 'NONE',  ( -6.074999999999993960, -30.50000000000000355, -25.00000000000001776 ) ) ;
#6399 = VERTEX_POINT ( 'NONE', #1769 ) ;
#6400 = DIRECTION ( 'NONE',  ( 1.321694076934710155E-16, -1.000000000000000000, 0.000000000000000000 ) ) ;
#6401 = EDGE_CURVE ( 'NONE', #6507, #4674, #2793, .T. ) ;
#6402 = DIRECTION ( 'NONE',  ( -1.314184451497580735E-17, 1.000000000000000000, 0.000000000000000000 ) ) ;
#6403 = CARTESIAN_POINT ( 'NONE',  ( -6.399999999999999467, -20.50000000000000355, -10.54075870073009646 ) ) ;
#6404 = DIRECTION ( 'NONE',  ( 1.321694076934710155E-16, -1.000000000000000000, 0.000000000000000000 ) ) ;
#6405 = DIRECTION ( 'NONE',  ( -1.224646799147353700E-16, 1.000000000000000000, 0.000000000000000000 ) ) ;
#6406 = ADVANCED_FACE ( 'NONE', ( #5889 ), #2289, .F. ) ;
#6407 = DIRECTION ( 'NONE',  ( -1.000000000000000000, 0.000000000000000000, 0.000000000000000000 ) ) ;
#6408 = ORIENTED_EDGE ( 'NONE', *, *, #1733, .T. ) ;
#6409 = ORIENTED_EDGE ( 'NONE', *, *, #4363, .T. ) ;
#6411 = ORIENTED_EDGE ( 'NONE', *, *, #6433, .F. ) ;
#6410 = CARTESIAN_POINT ( 'NONE',  ( -1.669467903622613880, -24.47523497784121105, -15.00000000000001421 ) ) ;
#6412 = FACE_OUTER_BOUND ( 'NONE', #1452, .T. ) ;
#6413 = EDGE_LOOP ( 'NONE', ( #6613, #2294, #1350, #5760 ) ) ;
#6414 = ADVANCED_FACE ( 'NONE', ( #5315, #5377 ), #2720, .T. ) ;
#6415 = CARTESIAN_POINT ( 'NONE',  ( -65.50000000000000000, -25.50000000000000711, -4.500000000000003553 ) ) ;
#6416 = CARTESIAN_POINT ( 'NONE',  ( 4.000000000000003553, -17.80838814962351790, -63.76188481852116041 ) ) ;
#6417 = DIRECTION ( 'NONE',  ( 0.000000000000000000, 0.000000000000000000, 1.000000000000000000 ) ) ;
#6418 = ORIENTED_EDGE ( 'NONE', *, *, #4802, .T. ) ;
#6419 = CARTESIAN_POINT ( 'NONE',  ( -100.0000000000000000, -33.39999999999999858, -44.44951133429615453 ) ) ;
#6420 = DIRECTION ( 'NONE',  ( -1.000000000000000000, -1.224646799147353700E-16, 0.000000000000000000 ) ) ;
#6421 = VERTEX_POINT ( 'NONE', #5246 ) ;
#6422 = DIRECTION ( 'NONE',  ( 1.220304592980192936E-15, 1.000000000000000000, 0.000000000000000000 ) ) ;
#6423 = EDGE_CURVE ( 'NONE', #2507, #5598, #2754, .T. ) ;
#6424 = EDGE_CURVE ( 'NONE', #1519, #4414, #5861, .T. ) ;
#6425 = EDGE_CURVE ( 'NONE', #4058, #2426, #2617, .T. ) ;
#6426 = ORIENTED_EDGE ( 'NONE', *, *, #6079, .T. ) ;
#6427 = DIRECTION ( 'NONE',  ( 1.214306433183765755E-15, 1.000000000000000000, 0.000000000000000000 ) ) ;
#6428 = CARTESIAN_POINT ( 'NONE',  ( -80.38113276073386260, -6.000000000000001776, -2.750000000000043965 ) ) ;
#6429 = VECTOR ( 'NONE', #5284, 1000.000000000000114 ) ;
#6430 = DIRECTION ( 'NONE',  ( 1.224646799147353700E-16, -1.000000000000000000, 0.000000000000000000 ) ) ;
#6431 = DIRECTION ( 'NONE',  ( 1.214306433183765755E-15, 1.000000000000000000, 0.000000000000000000 ) ) ;
#6432 = VERTEX_POINT ( 'NONE', #1912 ) ;
#6433 = EDGE_CURVE ( 'NONE', #4408, #450, #1297, .T. ) ;
#6434 = CARTESIAN_POINT ( 'NONE',  ( -19.50000000000008527, 0.000000000000000000, -70.00000000000000000 ) ) ;
#6435 = CARTESIAN_POINT ( 'NONE',  ( -8.481584784260245868, -20.70264925842264248, -57.38043354327434287 ) ) ;
#6436 = AXIS2_PLACEMENT_3D ( 'NONE', #1330, #3409, #314 ) ;
#6437 = CARTESIAN_POINT ( 'NONE',  ( 4.000000000000003553, -17.80838814962351790, -63.76188481852116041 ) ) ;
#6438 = CIRCLE ( 'NONE', #4810, 2.125000000000002665 ) ;
#6439 = DIRECTION ( 'NONE',  ( 1.000000000000000000, 2.040851148208008245E-16, 0.000000000000000000 ) ) ;
#6440 = DIRECTION ( 'NONE',  ( -1.000000000000000000, 0.000000000000000000, -2.168404344971012319E-16 ) ) ;
#6441 = CARTESIAN_POINT ( 'NONE',  ( -1.816279346690865326, 0.9999999999999947820, -57.37652401873177865 ) ) ;
#6442 = CARTESIAN_POINT ( 'NONE',  ( -11.25703116327390951, -24.50000000000001421, -5.500000000000005329 ) ) ;
#6443 = EDGE_LOOP ( 'NONE', ( #1773, #3044, #6049, #2282, #801, #1760 ) ) ;
#6444 = CIRCLE ( 'NONE', #5240, 6.872983346207414357 ) ;
#6445 = ORIENTED_EDGE ( 'NONE', *, *, #5414, .T. ) ;
#6447 = EDGE_LOOP ( 'NONE', ( #4079, #1446, #2131, #149 ) ) ;
#6446 = CARTESIAN_POINT ( 'NONE',  ( -58.07499999999999574, -29.00000000000000711, -25.00000000000001776 ) ) ;
#6448 = VECTOR ( 'NONE', #1290, 1000.000000000000000 ) ;
#6449 = CARTESIAN_POINT ( 'NONE',  ( -43.07499999999999574, -30.50000000000001066, -45.00000000000002132 ) ) ;
#6450 = ORIENTED_EDGE ( 'NONE', *, *, #5444, .T. ) ;
#6451 = CARTESIAN_POINT ( 'NONE',  ( -9.999999999999996447, -24.50000000000001421, -15.50000000000000711 ) ) ;
#6452 = DIRECTION ( 'NONE',  ( -1.224646799147353700E-16, 1.000000000000000000, 0.000000000000000000 ) ) ;
#6453 = CARTESIAN_POINT ( 'NONE',  ( -70.15000000000000568, -36.50000000000001421, -68.00000000000000000 ) ) ;
#6454 = CIRCLE ( 'NONE', #4173, 2.125000000000000000 ) ;
#6455 = ORIENTED_EDGE ( 'NONE', *, *, #4796, .F. ) ;
#6456 = EDGE_CURVE ( 'NONE', #4549, #1959, #1942, .T. ) ;
#6457 = DIRECTION ( 'NONE',  ( -1.000000000000000000, 0.000000000000000000, 0.000000000000000000 ) ) ;
#6458 = DIRECTION ( 'NONE',  ( -1.000000000000000000, 0.000000000000000000, 0.000000000000000000 ) ) ;
#6459 = ORIENTED_EDGE ( 'NONE', *, *, #3307, .T. ) ;
#6460 = CIRCLE ( 'NONE', #903, 10.00000000000000178 ) ;
#6461 = ORIENTED_EDGE ( 'NONE', *, *, #245, .T. ) ;
#6462 = CARTESIAN_POINT ( 'NONE',  ( -85.50000000000009948, 0.000000000000000000, -70.00000000000000000 ) ) ;
#6463 = DIRECTION ( 'NONE',  ( 1.220304592980192936E-15, 1.000000000000000000, 0.000000000000000000 ) ) ;
#6464 = EDGE_CURVE ( 'NONE', #3245, #1939, #2901, .T. ) ;
#6465 = AXIS2_PLACEMENT_3D ( 'NONE', #3164, #608, #4837 ) ;
#6466 = CARTESIAN_POINT ( 'NONE',  ( -74.99999999999998579, -27.50000000000001066, -64.50000000000000000 ) ) ;
#6467 = FACE_OUTER_BOUND ( 'NONE', #6530, .T. ) ;
#6468 = CARTESIAN_POINT ( 'NONE',  ( -22.49386723926605924, -5.999999999999998224, -2.750000000000029754 ) ) ;
#6469 = AXIS2_PLACEMENT_3D ( 'NONE', #2173, #1082, #6265 ) ;
#6470 = CARTESIAN_POINT ( 'NONE',  ( -105.0000000000000142, 1.552207410648924535, -66.03911680942459839 ) ) ;
#6471 = ORIENTED_EDGE ( 'NONE', *, *, #1511, .T. ) ;
#6472 = EDGE_CURVE ( 'NONE', #6507, #5158, #1490, .T. ) ;
#6473 = VERTEX_POINT ( 'NONE', #277 ) ;
#6474 = CIRCLE ( 'NONE', #2235, 2.125000000000001776 ) ;
#6475 = DIRECTION ( 'NONE',  ( 0.000000000000000000, 0.000000000000000000, 1.000000000000000000 ) ) ;
#6476 = DIRECTION ( 'NONE',  ( 1.321694076934710155E-16, -1.000000000000000000, 0.000000000000000000 ) ) ;
#6477 = FACE_OUTER_BOUND ( 'NONE', #6357, .T. ) ;
#6478 = CARTESIAN_POINT ( 'NONE',  ( -65.50000000000001421, -25.50000000000000711, -65.50000000000000000 ) ) ;
#6479 = CARTESIAN_POINT ( 'NONE',  ( -43.07499999999999574, -29.00000000000000711, -10.00000000000001954 ) ) ;
#6480 = EDGE_LOOP ( 'NONE', ( #2828, #1991, #1746, #3064 ) ) ;
#6481 = AXIS2_PLACEMENT_3D ( 'NONE', #5708, #1472, #2465 ) ;
#6483 = EDGE_LOOP ( 'NONE', ( #1157, #3071, #2497, #1009 ) ) ;
#6482 = CARTESIAN_POINT ( 'NONE',  ( 4.000000000000003553, -24.50000000000001421, -15.00000000000001421 ) ) ;
#6484 = CIRCLE ( 'NONE', #5069, 10.00000000000000178 ) ;
#6485 = PLANE ( 'NONE',  #2652 ) ;
#6486 = CARTESIAN_POINT ( 'NONE',  ( -6.399999999999998579, -23.98731609281912469, -5.500000000000005329 ) ) ;
#6487 = EDGE_CURVE ( 'NONE', #2682, #6594, #3988, .T. ) ;
#6488 = DIRECTION ( 'NONE',  ( 1.321694076934710155E-16, -1.000000000000000000, 0.000000000000000000 ) ) ;
#6489 = AXIS2_PLACEMENT_3D ( 'NONE', #1356, #2385, #6565 ) ;
#6490 = ORIENTED_EDGE ( 'NONE', *, *, #5424, .F. ) ;
#6491 = PLANE ( 'NONE',  #1580 ) ;
#6492 = CARTESIAN_POINT ( 'NONE',  ( -80.28183768826340838, -26.50000000000001066, -54.50000000000000000 ) ) ;
#6493 = ORIENTED_EDGE ( 'NONE', *, *, #1567, .T. ) ;
#6494 = ORIENTED_EDGE ( 'NONE', *, *, #1029, .F. ) ;
#6495 = EDGE_CURVE ( 'NONE', #953, #1449, #2259, .T. ) ;
#6496 = CYLINDRICAL_SURFACE ( 'NONE', #2330, 9.999999999999994671 ) ;
#6497 = CIRCLE ( 'NONE', #6602, 2.125000000000000444 ) ;
#6498 = DIRECTION ( 'NONE',  ( -1.000000000000000000, 0.000000000000000000, 0.000000000000000000 ) ) ;
#6499 = ORIENTED_EDGE ( 'NONE', *, *, #389, .F. ) ;
#6500 = CARTESIAN_POINT ( 'NONE',  ( -9.999999999999987566, 2.499999999999988454, -19.49999999999999645 ) ) ;
#6501 = VECTOR ( 'NONE', #4607, 1000.000000000000000 ) ;
#6502 = DIRECTION ( 'NONE',  ( -1.000000000000000000, 1.224510688924804010E-15, 0.000000000000000000 ) ) ;
#6503 = EDGE_CURVE ( 'NONE', #891, #3631, #5089, .T. ) ;
#6504 = DIRECTION ( 'NONE',  ( -1.000000000000000000, 0.000000000000000000, 0.000000000000000000 ) ) ;
#6505 = PLANE ( 'NONE',  #6253 ) ;
#6506 = AXIS2_PLACEMENT_3D ( 'NONE', #2776, #2739, #1210 ) ;
#6507 = VERTEX_POINT ( 'NONE', #4909 ) ;
#6508 = DIRECTION ( 'NONE',  ( -1.000000000000000000, 0.000000000000000000, 0.000000000000000000 ) ) ;
#6509 = DIRECTION ( 'NONE',  ( 1.000000000000000000, 8.673617379884035472E-17, 0.000000000000000000 ) ) ;
#6510 = DIRECTION ( 'NONE',  ( 1.000000000000000000, 0.000000000000000000, 0.000000000000000000 ) ) ;
#6511 = EDGE_CURVE ( 'NONE', #4561, #4345, #313, .T. ) ;
#6512 = CARTESIAN_POINT ( 'NONE',  ( -13.07499999999999396, -26.50000000000000711, -25.00000000000002132 ) ) ;
#6513 = ADVANCED_FACE ( 'NONE', ( #6477 ), #816, .T. ) ;
#6514 = ORIENTED_EDGE ( 'NONE', *, *, #1387, .F. ) ;
#6515 = CARTESIAN_POINT ( 'NONE',  ( -98.93372065330912335, 5.999999999999987566, -57.37652401873177865 ) ) ;
#6516 = FACE_BOUND ( 'NONE', #3973, .T. ) ;
#6517 = EDGE_LOOP ( 'NONE', ( #1097, #2706 ) ) ;
#6518 = CARTESIAN_POINT ( 'NONE',  ( -8.613967776251346464, -20.81146959573849742, -12.56979447982663345 ) ) ;
#6519 = CARTESIAN_POINT ( 'NONE',  ( -65.50000000000000000, -30.50000000000001066, -4.500000000000003553 ) ) ;
#6520 = ORIENTED_EDGE ( 'NONE', *, *, #3444, .T. ) ;
#6521 = VERTEX_POINT ( 'NONE', #5997 ) ;
#6522 = CARTESIAN_POINT ( 'NONE',  ( -2.000000000000000000, -1.500000000000011768, -54.99999999999999289 ) ) ;
#6523 = DIRECTION ( 'NONE',  ( 1.224646799147353700E-16, -1.000000000000000000, 0.000000000000000000 ) ) ;
#6524 = ORIENTED_EDGE ( 'NONE', *, *, #4338, .T. ) ;
#6525 = DIRECTION ( 'NONE',  ( 0.000000000000000000, -1.000000000000000000, 0.000000000000000000 ) ) ;
#6526 = EDGE_LOOP ( 'NONE', ( #374, #2596, #3457, #4940 ) ) ;
#6527 = VERTEX_POINT ( 'NONE', #4988 ) ;
#6528 = FACE_OUTER_BOUND ( 'NONE', #3248, .T. ) ;
#6529 = DIRECTION ( 'NONE',  ( 0.000000000000000000, 1.000000000000000000, 0.000000000000000000 ) ) ;
#6530 = EDGE_LOOP ( 'NONE', ( #3614, #2728, #5093, #2438, #2201, #6106, #2545, #5115 ) ) ;
#6531 = DIRECTION ( 'NONE',  ( 1.000000000000000000, 1.224646799147353700E-16, 0.000000000000000000 ) ) ;
#6532 = DIRECTION ( 'NONE',  ( 0.000000000000000000, 1.000000000000000000, 0.000000000000000000 ) ) ;
#6533 = DIRECTION ( 'NONE',  ( -1.000000000000000000, -1.321694076934710155E-16, 0.000000000000000000 ) ) ;
#6534 = DIRECTION ( 'NONE',  ( 1.220304592980192936E-15, 1.000000000000000000, 0.000000000000000000 ) ) ;
#6535 = MANIFOLD_SOLID_BREP ( 'Cut-Extrude16', #1110 ) ;
#6536 = EDGE_CURVE ( 'NONE', #509, #4339, #2998, .T. ) ;
#6537 = ORIENTED_EDGE ( 'NONE', *, *, #1262, .T. ) ;
#6538 = CARTESIAN_POINT ( 'NONE',  ( 6.938893903907228378E-15, 4.499999999999868550, 0.000000000000000000 ) ) ;
#6539 = DIRECTION ( 'NONE',  ( 1.220304592980192936E-15, 1.000000000000000000, 0.000000000000000000 ) ) ;
#6540 = CARTESIAN_POINT ( 'NONE',  ( -9.140146704089195495, -21.35501607132962931, -58.31703148546665716 ) ) ;
#6541 = VECTOR ( 'NONE', #4231, 1000.000000000000000 ) ;
#6542 = CARTESIAN_POINT ( 'NONE',  ( -100.0000000000000000, 1.552207410648924757, -68.16411680942459839 ) ) ;
#6543 = CYLINDRICAL_SURFACE ( 'NONE', #6562, 2.125000000000000000 ) ;
#6544 = ORIENTED_EDGE ( 'NONE', *, *, #2132, .T. ) ;
#6545 = ORIENTED_EDGE ( 'NONE', *, *, #755, .F. ) ;
#6546 = VECTOR ( 'NONE', #4282, 1000.000000000000000 ) ;
#6547 = EDGE_CURVE ( 'NONE', #4926, #1572, #1600, .T. ) ;
#6548 = EDGE_CURVE ( 'NONE', #5149, #859, #5092, .T. ) ;
#6549 = DIRECTION ( 'NONE',  ( 1.214306433183765755E-15, 1.000000000000000000, 0.000000000000000000 ) ) ;
#6550 = CARTESIAN_POINT ( 'NONE',  ( -9.381008719914749605, -20.66601924232760368, -10.17403429659107417 ) ) ;
#6551 = CARTESIAN_POINT ( 'NONE',  ( -10.67206276797795006, -24.50000000126737021, -11.86808905375077394 ) ) ;
#6552 = AXIS2_PLACEMENT_3D ( 'NONE', #6383, #3785, #5808 ) ;
#6553 = CARTESIAN_POINT ( 'NONE',  ( 3.999999999999996447, 12.49999999999996625, 0.000000000000000000 ) ) ;
#6554 = VERTEX_POINT ( 'NONE', #3504 ) ;
#6555 = ADVANCED_FACE ( 'NONE', ( #2673 ), #444, .T. ) ;
#6556 = ORIENTED_EDGE ( 'NONE', *, *, #3012, .F. ) ;
#6557 = AXIS2_PLACEMENT_3D ( 'NONE', #818, #2931, #3956 ) ;
#6558 = FACE_OUTER_BOUND ( 'NONE', #2065, .T. ) ;
#6559 = DIRECTION ( 'NONE',  ( -1.000000000000000000, 1.224510688924804996E-15, 0.000000000000000000 ) ) ;
#6560 = ORIENTED_EDGE ( 'NONE', *, *, #3833, .F. ) ;
#6561 = LINE ( 'NONE', #4009, #4070 ) ;
#6562 = AXIS2_PLACEMENT_3D ( 'NONE', #3103, #4568, #2458 ) ;
#6563 = ORIENTED_EDGE ( 'NONE', *, *, #2513, .F. ) ;
#6564 = EDGE_CURVE ( 'NONE', #1121, #5846, #4565, .T. ) ;
#6565 = DIRECTION ( 'NONE',  ( 1.000000000000000000, 0.000000000000000000, 0.000000000000000000 ) ) ;
#6566 = AXIS2_PLACEMENT_3D ( 'NONE', #2382, #802, #2846 ) ;
#6567 = CARTESIAN_POINT ( 'NONE',  ( -6.399999999999999467, -20.50000000000001421, -17.54075870073009824 ) ) ;
#6568 = FACE_OUTER_BOUND ( 'NONE', #1235, .T. ) ;
#6569 = EDGE_CURVE ( 'NONE', #1014, #619, #413, .T. ) ;
#6570 = CARTESIAN_POINT ( 'NONE',  ( -4.500000000000000888, -25.50000000000000355, -4.500000000000003553 ) ) ;
#6571 = CIRCLE ( 'NONE', #6031, 2.125000000000001776 ) ;
#6572 = DIRECTION ( 'NONE',  ( 2.046973701652632056E-14, 0.000000000000000000, -1.000000000000000000 ) ) ;
#6573 = ORIENTED_EDGE ( 'NONE', *, *, #3096, .T. ) ;
#6574 = CARTESIAN_POINT ( 'NONE',  ( -3.941279346690860663, 5.999999999999994671, -57.37652401873177865 ) ) ;
#6575 = AXIS2_PLACEMENT_3D ( 'NONE', #5960, #1291, #3403 ) ;
#6576 = PLANE ( 'NONE',  #2524 ) ;
#6577 = CARTESIAN_POINT ( 'NONE',  ( -6.399999999999998579, -23.98731609281912469, -5.500000000000005329 ) ) ;
#6578 = ORIENTED_EDGE ( 'NONE', *, *, #3307, .F. ) ;
#6579 = CARTESIAN_POINT ( 'NONE',  ( -46.32740755027064239, -26.50000000000000711, -54.50000000000000000 ) ) ;
#6580 = ORIENTED_EDGE ( 'NONE', *, *, #2174, .T. ) ;
#6581 = EDGE_CURVE ( 'NONE', #5298, #3936, #4178, .T. ) ;
#6582 = AXIS2_PLACEMENT_3D ( 'NONE', #3688, #1638, #5292 ) ;
#6583 = DIRECTION ( 'NONE',  ( -1.314184451497580735E-17, 1.000000000000000000, 0.000000000000000000 ) ) ;
#6584 = CARTESIAN_POINT ( 'NONE',  ( -9.331933401635195580, -20.54188571980257194, -9.889094442714730704 ) ) ;
#6585 = CIRCLE ( 'NONE', #3647, 9.999999999999994671 ) ;
#6586 = CARTESIAN_POINT ( 'NONE',  ( -8.637619499506733689, -23.36751942673927829, -12.63465382643434864 ) ) ;
#6587 = CIRCLE ( 'NONE', #1362, 17.00000000000000711 ) ;
#6588 = EDGE_CURVE ( 'NONE', #1265, #689, #2707, .T. ) ;
#6589 = VERTEX_POINT ( 'NONE', #6261 ) ;
#6590 = ORIENTED_EDGE ( 'NONE', *, *, #3627, .F. ) ;
#6591 = VECTOR ( 'NONE', #4466, 1000.000000000000000 ) ;
#6592 = CARTESIAN_POINT ( 'NONE',  ( -8.042271270701109032, -24.07831582701332707, -64.49999999999998579 ) ) ;
#6593 = CARTESIAN_POINT ( 'NONE',  ( -64.40000000000000568, -23.50000000000001066, -59.54075870073008758 ) ) ;
#6594 = VERTEX_POINT ( 'NONE', #6291 ) ;
#6595 = ORIENTED_EDGE ( 'NONE', *, *, #2467, .F. ) ;
#6596 = EDGE_CURVE ( 'NONE', #4077, #4549, #5269, .T. ) ;
#6597 = LINE ( 'NONE', #1898, #2112 ) ;
#6598 = ADVANCED_FACE ( 'NONE', ( #1976 ), #126, .F. ) ;
#6599 = ORIENTED_EDGE ( 'NONE', *, *, #316, .F. ) ;
#6600 = CARTESIAN_POINT ( 'NONE',  ( -62.90000000000001279, -20.50000000000001066, -10.54075870073010357 ) ) ;
#6601 = CARTESIAN_POINT ( 'NONE',  ( -74.99999999999998579, -26.50000000000001066, -62.99130088000890026 ) ) ;
#6602 = AXIS2_PLACEMENT_3D ( 'NONE', #6041, #4446, #3925 ) ;
#6603 = CARTESIAN_POINT ( 'NONE',  ( -105.0000000000000142, -33.39999999999999858, -29.80048866570383836 ) ) ;
#6604 = FACE_OUTER_BOUND ( 'NONE', #4036, .T. ) ;
#6605 = AXIS2_PLACEMENT_3D ( 'NONE', #3408, #26, #1652 ) ;
#6606 = CARTESIAN_POINT ( 'NONE',  ( 0.000000000000000000, 0.000000000000000000, 0.000000000000000000 ) ) ;
#6607 = LINE ( 'NONE', #4054, #6118 ) ;
#6608 = CARTESIAN_POINT ( 'NONE',  ( -105.0000000000000142, 5.999999999999981348, -6.999999999999999112 ) ) ;
#6609 = CARTESIAN_POINT ( 'NONE',  ( -65.50000000000001421, -30.50000000000001066, -65.50000000000000000 ) ) ;
#6610 = DIRECTION ( 'NONE',  ( -1.000000000000000000, 1.224510688924804010E-15, 0.000000000000000000 ) ) ;
#6611 = CARTESIAN_POINT ( 'NONE',  ( -9.332665844953391243, -20.53479656713077972, -60.18825264779012230 ) ) ;
#6612 = VERTEX_POINT ( 'NONE', #6321 ) ;
#6613 = ORIENTED_EDGE ( 'NONE', *, *, #3784, .T. ) ;
#6614 = VECTOR ( 'NONE', #3687, 1000.000000000000000 ) ;
#6615 = EDGE_CURVE ( 'NONE', #6399, #2636, #3188, .T. ) ;
#6616 = CARTESIAN_POINT ( 'NONE',  ( 4.000000000000003553, -31.49999999999997158, -70.00000000000000000 ) ) ;
#6617 = DIRECTION ( 'NONE',  ( 1.000000000000000000, 1.224646799147353700E-16, 3.081487911019577365E-33 ) ) ;
#6618 = CARTESIAN_POINT ( 'NONE',  ( -9.439299908853817200, -23.47456473899738327, -9.941306747375675101 ) ) ;
#6619 = EDGE_LOOP ( 'NONE', ( #6382, #997, #2605, #3685 ) ) ;
#6620 = DIRECTION ( 'NONE',  ( -1.224646799147353454E-16, 1.000000000000000000, 1.445602896647339163E-16 ) ) ;
#6621 = EDGE_CURVE ( 'NONE', #3605, #1204, #5753, .T. ) ;
#6622 = CARTESIAN_POINT ( 'NONE',  ( -23.07499999999999574, -26.50000000000000355, -55.00000000000001421 ) ) ;
#6623 = ORIENTED_EDGE ( 'NONE', *, *, #3915, .F. ) ;
#6624 = ORIENTED_EDGE ( 'NONE', *, *, #6659, .F. ) ;
#6625 = DIRECTION ( 'NONE',  ( -1.000000000000000000, -1.411814255020735290E-16, 0.000000000000000000 ) ) ;
#6626 = ORIENTED_EDGE ( 'NONE', *, *, #1389, .T. ) ;
#6627 = EDGE_CURVE ( 'NONE', #6378, #1343, #2481, .T. ) ;
#6628 = LINE ( 'NONE', #2511, #2464 ) ;
#6629 = ORIENTED_EDGE ( 'NONE', *, *, #4842, .F. ) ;
#6630 = DIRECTION ( 'NONE',  ( 1.321694076934710155E-16, -1.000000000000000000, 0.000000000000000000 ) ) ;
#6631 = CARTESIAN_POINT ( 'NONE',  ( 4.000000000000003553, -24.50000000000001421, -54.99999999999999289 ) ) ;
#6632 = CARTESIAN_POINT ( 'NONE',  ( 2.499999999999998668, -1.387778780781445676E-14, -56.50000000000000000 ) ) ;
#6633 = EDGE_CURVE ( 'NONE', #3816, #2012, #2103, .T. ) ;
#6634 = CARTESIAN_POINT ( 'NONE',  ( -1.999999999999996669, -24.44226762545888221, -54.99999999999999289 ) ) ;
#6635 = ORIENTED_EDGE ( 'NONE', *, *, #1370, .F. ) ;
#6636 = ORIENTED_EDGE ( 'NONE', *, *, #6322, .T. ) ;
#6637 = CARTESIAN_POINT ( 'NONE',  ( -2.375000000000000888, -25.50000000000000355, -4.500000000000003553 ) ) ;
#6638 = CYLINDRICAL_SURFACE ( 'NONE', #5458, 2.125000000000001776 ) ;
#6639 = FACE_OUTER_BOUND ( 'NONE', #648, .T. ) ;
#6640 = ORIENTED_EDGE ( 'NONE', *, *, #6633, .T. ) ;
#6641 = ORIENTED_EDGE ( 'NONE', *, *, #5969, .T. ) ;
#6642 = CARTESIAN_POINT ( 'NONE',  ( -9.229909471086319428, -21.37594093822484353, -58.54235193719798502 ) ) ;
#6643 = EDGE_LOOP ( 'NONE', ( #3345, #310, #3137, #2100 ) ) ;
#6644 = AXIS2_PLACEMENT_3D ( 'NONE', #5797, #4841, #3241 ) ;
#6645 = ADVANCED_FACE ( 'NONE', ( #3730 ), #59, .F. ) ;
#6646 = DIRECTION ( 'NONE',  ( 0.000000000000000000, 0.000000000000000000, 1.000000000000000000 ) ) ;
#6647 = LINE ( 'NONE', #4541, #2126 ) ;
#6648 = CARTESIAN_POINT ( 'NONE',  ( -85.00000000000001421, 5.999999999999987566, -9.499999999999987566 ) ) ;
#6649 = VECTOR ( 'NONE', #2611, 1000.000000000000000 ) ;
#6650 = DIRECTION ( 'NONE',  ( 1.000000000000000000, 0.000000000000000000, 0.000000000000000000 ) ) ;
#6651 = VERTEX_POINT ( 'NONE', #3666 ) ;
#6652 = DIRECTION ( 'NONE',  ( -1.000000000000000000, 8.163404592832026077E-16, 0.000000000000000000 ) ) ;
#6653 = CARTESIAN_POINT ( 'NONE',  ( -91.50000000000005684, 5.999999999999987566, -63.00000000000000000 ) ) ;
#6654 = AXIS2_PLACEMENT_3D ( 'NONE', #5294, #2730, #4234 ) ;
#6655 = CIRCLE ( 'NONE', #890, 2.125000000000001776 ) ;
#6656 = ORIENTED_EDGE ( 'NONE', *, *, #472, .T. ) ;
#6657 = ORIENTED_EDGE ( 'NONE', *, *, #6174, .T. ) ;
#6658 = DIRECTION ( 'NONE',  ( 1.000000000000000000, 1.224646799147353700E-16, 0.000000000000000000 ) ) ;
#6659 = EDGE_CURVE ( 'NONE', #2738, #6589, #1150, .T. ) ;
#6660 = AXIS2_PLACEMENT_3D ( 'NONE', #6685, #6190, #5607 ) ;
#6661 = EDGE_LOOP ( 'NONE', ( #6623, #4761, #6656, #1106 ) ) ;
#6662 = LINE ( 'NONE', #366, #2246 ) ;
#6663 = ORIENTED_EDGE ( 'NONE', *, *, #5008, .T. ) ;
#6664 = AXIS2_PLACEMENT_3D ( 'NONE', #1626, #670, #3197 ) ;
#6665 = DIRECTION ( 'NONE',  ( 1.000000000000000000, 1.321694076934710155E-16, 0.000000000000000000 ) ) ;
#6666 = DIRECTION ( 'NONE',  ( 0.000000000000000000, 0.000000000000000000, -1.000000000000000000 ) ) ;
#6667 = LINE ( 'NONE', #6632, #2552 ) ;
#6668 = EDGE_CURVE ( 'NONE', #4549, #1880, #2136, .T. ) ;
#6669 = CIRCLE ( 'NONE', #3411, 10.00000000000000178 ) ;
#6670 = VERTEX_POINT ( 'NONE', #1115 ) ;
#6671 = FACE_OUTER_BOUND ( 'NONE', #911, .T. ) ;
#6672 = ORIENTED_EDGE ( 'NONE', *, *, #4432, .F. ) ;
#6673 = VERTEX_POINT ( 'NONE', #5472 ) ;
#6674 = DIRECTION ( 'NONE',  ( -1.224646799147353947E-16, 1.000000000000000000, 1.131341397376178325E-16 ) ) ;
#6675 = DIRECTION ( 'NONE',  ( -1.000000000000000000, 0.000000000000000000, 1.779203565104419347E-16 ) ) ;
#6676 = EDGE_LOOP ( 'NONE', ( #3195, #1485, #4483, #1825 ) ) ;
#6677 = AXIS2_PLACEMENT_3D ( 'NONE', #3020, #1004, #5100 ) ;
#6678 = CYLINDRICAL_SURFACE ( 'NONE', #4619, 2.125000000000001776 ) ;
#6679 = EDGE_CURVE ( 'NONE', #1964, #1121, #1390, .T. ) ;
#6680 = VERTEX_POINT ( 'NONE', #2881 ) ;
#6681 = AXIS2_PLACEMENT_3D ( 'NONE', #6470, #4430, #4946 ) ;
#6682 = PLANE ( 'NONE',  #1494 ) ;
#6683 = CARTESIAN_POINT ( 'NONE',  ( -64.40000000000000568, -23.50000000000001066, -17.41374204693751793 ) ) ;
#6684 = VERTEX_POINT ( 'NONE', #2275 ) ;
#6685 = CARTESIAN_POINT ( 'NONE',  ( 4.000000000000003553, -19.93338814962351790, -63.76188481852116041 ) ) ;
#6686 = AXIS2_PLACEMENT_3D ( 'NONE', #730, #5442, #3940 ) ;
#6687 = ORIENTED_EDGE ( 'NONE', *, *, #3444, .F. ) ;
#6688 = DIRECTION ( 'NONE',  ( 0.7071067811865441310, -0.7071067811865507924, 0.000000000000000000 ) ) ;
#6689 = VECTOR ( 'NONE', #2942, 1000.000000000000000 ) ;
#6690 = LINE ( 'NONE', #49, #2562 ) ;
#6691 = CIRCLE ( 'NONE', #5617, 2.125000000000000000 ) ;
#6692 = ORIENTED_EDGE ( 'NONE', *, *, #2719, .T. ) ;
#6693 = CARTESIAN_POINT ( 'NONE',  ( -23.07499999999999574, -26.50000000000000355, -55.00000000000001421 ) ) ;
#6694 = ORIENTED_EDGE ( 'NONE', *, *, #5818, .F. ) ;
#6695 = CARTESIAN_POINT ( 'NONE',  ( -98.93372065330912335, 0.9999999999999809042, -57.37652401873177865 ) ) ;
#6696 = EDGE_CURVE ( 'NONE', #2165, #2011, #3764, .T. ) ;
#6697 = AXIS2_PLACEMENT_3D ( 'NONE', #3768, #230, #5336 ) ;
#6698 = DIRECTION ( 'NONE',  ( 1.321694076934710155E-16, -1.000000000000000000, 0.000000000000000000 ) ) ;
#6699 = CARTESIAN_POINT ( 'NONE',  ( -19.50000000000008527, 0.000000000000000000, 0.000000000000000000 ) ) ;
#6700 = AXIS2_PLACEMENT_3D ( 'NONE', #2978, #3459, #2914 ) ;
#6701 = VERTEX_POINT ( 'NONE', #1182 ) ;
#6702 = CARTESIAN_POINT ( 'NONE',  ( -59.64144708836182218, -23.50000000000001066, -64.50000000000000000 ) ) ;
#6703 = FACE_OUTER_BOUND ( 'NONE', #458, .T. ) ;
#6704 = VERTEX_POINT ( 'NONE', #1826 ) ;
#6705 = EDGE_CURVE ( 'NONE', #859, #5149, #1171, .T. ) ;
#6706 = CARTESIAN_POINT ( 'NONE',  ( -43.07499999999999574, -29.00000000000000711, -62.00000000000002132 ) ) ;
#6707 = LINE ( 'NONE', #5701, #1555 ) ;
#6708 = PLANE ( 'NONE',  #2649 ) ;
#6709 = EDGE_LOOP ( 'NONE', ( #6721, #5118, #3275, #6067 ) ) ;
#6710 = AXIS2_PLACEMENT_3D ( 'NONE', #1842, #1397, #3919 ) ;
#6711 = EDGE_CURVE ( 'NONE', #1233, #717, #624, .T. ) ;
#6712 = CARTESIAN_POINT ( 'NONE',  ( -105.0000000000000142, 5.999999999999981348, -63.00000000000000000 ) ) ;
#6713 = EDGE_CURVE ( 'NONE', #5231, #5684, #2306, .T. ) ;
#6714 = FACE_OUTER_BOUND ( 'NONE', #2932, .T. ) ;
#6715 = MECHANICAL_DESIGN_GEOMETRIC_PRESENTATION_REPRESENTATION (  '', ( #2379 ), #3126 ) ;
#6716 = ORIENTED_EDGE ( 'NONE', *, *, #4061, .T. ) ;
#6717 = CARTESIAN_POINT ( 'NONE',  ( -100.0000000000000000, -33.39999999999999858, -42.32451133429615453 ) ) ;
#6718 = ORIENTED_EDGE ( 'NONE', *, *, #4964, .F. ) ;
#6719 = CARTESIAN_POINT ( 'NONE',  ( -7.946434005478965723, -23.82021121391585083, -56.86478814862083198 ) ) ;
#6720 = CARTESIAN_POINT ( 'NONE',  ( -95.00000000000002842, -26.50000000000001421, -5.500000000000005329 ) ) ;
#6721 = ORIENTED_EDGE ( 'NONE', *, *, #1929, .F. ) ;
#6722 = DIRECTION ( 'NONE',  ( -1.224646799147353700E-16, 1.000000000000000000, 0.000000000000000000 ) ) ;
#6723 = ORIENTED_EDGE ( 'NONE', *, *, #1474, .T. ) ;
#6724 = EDGE_CURVE ( 'NONE', #5935, #1787, #3391, .T. ) ;
#6726 = ORIENTED_EDGE ( 'NONE', *, *, #1309, .T. ) ;
#6725 = DIRECTION ( 'NONE',  ( -0.7071067811865441310, 0.7071067811865507924, 0.000000000000000000 ) ) ;
#6727 = VERTEX_POINT ( 'NONE', #5982 ) ;
#6728 = VERTEX_POINT ( 'NONE', #193 ) ;
#6729 = ORIENTED_EDGE ( 'NONE', *, *, #2877, .T. ) ;
#6730 = DIRECTION ( 'NONE',  ( 0.000000000000000000, 0.000000000000000000, -1.000000000000000000 ) ) ;
#6731 = DIRECTION ( 'NONE',  ( 1.734723475976807341E-16, 0.000000000000000000, 1.000000000000000000 ) ) ;
#6732 = ORIENTED_EDGE ( 'NONE', *, *, #627, .F. ) ;
#6733 = DIRECTION ( 'NONE',  ( 8.659560562354964906E-17, -0.7071067811865499042, -0.7071067811865451302 ) ) ;
ENDSEC;
END-ISO-10303-21;
