ISO-10303-21;
HEADER;
FILE_DESCRIPTION (( 'STEP AP214' ),
    '1' );
FILE_NAME ('Battery_Case_Bottom_Cover.STEP',
    '2026-08-21T20:26:04',
    ( '' ),
    ( '' ),
    'SwSTEP 2.0',
    'SolidWorks 2025',
    '' );
FILE_SCHEMA (( 'AUTOMOTIVE_DESIGN' ));
ENDSEC;

DATA;
#1 = ORIENTED_EDGE ( 'NONE', *, *, #4566, .T. ) ;
#2 = VECTOR ( 'NONE', #2825, 1000.000000000000000 ) ;
#3 = CARTESIAN_POINT ( 'NONE',  ( 11.55000000000002913, 17.37499999999965183, -3.600000000000000089 ) ) ;
#4 = ORIENTED_EDGE ( 'NONE', *, *, #1807, .F. ) ;
#5 = DIRECTION ( 'NONE',  ( 1.000000000000000000, 0.000000000000000000, 0.000000000000000000 ) ) ;
#6 = LINE ( 'NONE', #165, #1105 ) ;
#7 = CARTESIAN_POINT ( 'NONE',  ( -19.60388646121188216, 10.84376210602755464, -48.60000000000000142 ) ) ;
#8 = ORIENTED_EDGE ( 'NONE', *, *, #3801, .T. ) ;
#9 = EDGE_CURVE ( 'NONE', #813, #1020, #3309, .T. ) ;
#10 = EDGE_CURVE ( 'NONE', #640, #4533, #4431, .T. ) ;
#11 = DIRECTION ( 'NONE',  ( 1.000000000000000000, 0.000000000000000000, 0.000000000000000000 ) ) ;
#12 = DIRECTION ( 'NONE',  ( 0.000000000000000000, -0.000000000000000000, 1.000000000000000000 ) ) ;
#13 = VERTEX_POINT ( 'NONE', #4339 ) ;
#14 = CIRCLE ( 'NONE', #1018, 10.81927942710966128 ) ;
#15 = ORIENTED_EDGE ( 'NONE', *, *, #3317, .T. ) ;
#16 = EDGE_CURVE ( 'NONE', #1297, #996, #2222, .T. ) ;
#17 = DIRECTION ( 'NONE',  ( -1.000000000000000000, 2.334386739965797702E-16, 0.000000000000000000 ) ) ;
#18 = CARTESIAN_POINT ( 'NONE',  ( 12.95027683787626316, -0.000000000000000000, 0.000000000000000000 ) ) ;
#19 = FACE_OUTER_BOUND ( 'NONE', #4534, .T. ) ;
#20 = ORIENTED_EDGE ( 'NONE', *, *, #783, .T. ) ;
#21 = CARTESIAN_POINT ( 'NONE',  ( -13.52807727810133365, -1.335053986389500569, -3.600000000000000089 ) ) ;
#22 = CIRCLE ( 'NONE', #2722, 3.574999999999994849 ) ;
#23 = VECTOR ( 'NONE', #4008, 1000.000000000000000 ) ;
#24 = CIRCLE ( 'NONE', #720, 4.050000000000196110 ) ;
#25 = LINE ( 'NONE', #4077, #4738 ) ;
#26 = VERTEX_POINT ( 'NONE', #3622 ) ;
#27 = LINE ( 'NONE', #3, #3041 ) ;
#28 = ORIENTED_EDGE ( 'NONE', *, *, #1174, .F. ) ;
#29 = AXIS2_PLACEMENT_3D ( 'NONE', #3052, #4531, #2640 ) ;
#30 = PLANE ( 'NONE',  #2372 ) ;
#31 = CARTESIAN_POINT ( 'NONE',  ( 12.95027683787626316, 0.000000000000000000, -3.600000000000000089 ) ) ;
#32 = CARTESIAN_POINT ( 'NONE',  ( 0.000000000000000000, -6.116575947249634382, -13.60000000000000142 ) ) ;
#33 = EDGE_CURVE ( 'NONE', #4264, #4394, #2195, .T. ) ;
#34 = VECTOR ( 'NONE', #750, 1000.000000000000000 ) ;
#35 = ORIENTED_EDGE ( 'NONE', *, *, #4376, .T. ) ;
#36 = DIRECTION ( 'NONE',  ( -0.000000000000000000, -0.000000000000000000, 1.000000000000000000 ) ) ;
#37 = VECTOR ( 'NONE', #2050, 1000.000000000000114 ) ;
#38 = DIRECTION ( 'NONE',  ( -0.000000000000000000, 1.000000000000000000, -0.000000000000000000 ) ) ;
#39 = VERTEX_POINT ( 'NONE', #4034 ) ;
#40 = VECTOR ( 'NONE', #17, 1000.000000000000000 ) ;
#41 = VERTEX_POINT ( 'NONE', #1776 ) ;
#42 = AXIS2_PLACEMENT_3D ( 'NONE', #2684, #1141, #4526 ) ;
#43 = DIRECTION ( 'NONE',  ( 1.000000000000000000, 0.000000000000000000, 0.000000000000000000 ) ) ;
#44 = LINE ( 'NONE', #817, #4363 ) ;
#45 = VECTOR ( 'NONE', #805, 1000.000000000000000 ) ;
#46 = LINE ( 'NONE', #771, #2824 ) ;
#47 = ORIENTED_EDGE ( 'NONE', *, *, #1772, .F. ) ;
#48 = DIRECTION ( 'NONE',  ( -0.000000000000000000, -0.000000000000000000, -1.000000000000000000 ) ) ;
#49 = EDGE_CURVE ( 'NONE', #3791, #2877, #1076, .T. ) ;
#50 = ADVANCED_FACE ( 'NONE', ( #2171 ), #4785, .F. ) ;
#51 = AXIS2_PLACEMENT_3D ( 'NONE', #2063, #3884, #607 ) ;
#52 = SURFACE_STYLE_USAGE ( .BOTH. , #4461 ) ;
#53 = DIRECTION ( 'NONE',  ( -0.000000000000000000, -0.000000000000000000, 1.000000000000000000 ) ) ;
#54 = ORIENTED_EDGE ( 'NONE', *, *, #1475, .F. ) ;
#55 = PLANE ( 'NONE',  #947 ) ;
#56 = ORIENTED_EDGE ( 'NONE', *, *, #488, .F. ) ;
#57 = DIRECTION ( 'NONE',  ( -0.7071067811865473507, -0.7071067811865477948, 0.000000000000000000 ) ) ;
#58 = CARTESIAN_POINT ( 'NONE',  ( -6.577418957547303435, 8.553977797029707730, -3.600000000000000089 ) ) ;
#59 = EDGE_CURVE ( 'NONE', #2555, #925, #482, .T. ) ;
#60 = CARTESIAN_POINT ( 'NONE',  ( 16.99459555075655359, -6.116575947249634382, -13.60000000000000142 ) ) ;
#61 = CARTESIAN_POINT ( 'NONE',  ( 0.000000000000000000, -6.116575947249634382, 0.000000000000000000 ) ) ;
#62 = ORIENTED_EDGE ( 'NONE', *, *, #1233, .F. ) ;
#63 = VERTEX_POINT ( 'NONE', #4536 ) ;
#64 = CARTESIAN_POINT ( 'NONE',  ( -32.19999999999998153, 9.862970741536507546, 0.000000000000000000 ) ) ;
#65 = FACE_OUTER_BOUND ( 'NONE', #1489, .T. ) ;
#66 = DIRECTION ( 'NONE',  ( 0.000000000000000000, 0.000000000000000000, -1.000000000000000000 ) ) ;
#67 = ORIENTED_EDGE ( 'NONE', *, *, #4109, .F. ) ;
#68 = CARTESIAN_POINT ( 'NONE',  ( 0.000000000000000000, 15.14834642796049025, -3.600000000000000089 ) ) ;
#69 = EDGE_CURVE ( 'NONE', #1421, #2711, #4128, .T. ) ;
#70 = EDGE_CURVE ( 'NONE', #3865, #2107, #1853, .T. ) ;
#71 = CARTESIAN_POINT ( 'NONE',  ( 13.46048889769418011, -15.13611808696517080, -3.600000000000000089 ) ) ;
#72 = ORIENTED_EDGE ( 'NONE', *, *, #4299, .F. ) ;
#73 = DIRECTION ( 'NONE',  ( 0.000000000000000000, 0.000000000000000000, -1.000000000000000000 ) ) ;
#74 = ORIENTED_EDGE ( 'NONE', *, *, #1557, .T. ) ;
#75 = AXIS2_PLACEMENT_3D ( 'NONE', #773, #4046, #1508 ) ;
#76 = EDGE_CURVE ( 'NONE', #4143, #4292, #2419, .T. ) ;
#77 = EDGE_CURVE ( 'NONE', #1254, #4288, #2332, .T. ) ;
#78 = CARTESIAN_POINT ( 'NONE',  ( 32.20000000000001705, -2.744953529623670896, -48.60000000000000142 ) ) ;
#79 = CIRCLE ( 'NONE', #2173, 10.84997384688810307 ) ;
#80 = CARTESIAN_POINT ( 'NONE',  ( 26.17157287525379061, 19.99999999999912959, 0.000000000000000000 ) ) ;
#81 = ORIENTED_EDGE ( 'NONE', *, *, #1809, .T. ) ;
#82 = CARTESIAN_POINT ( 'NONE',  ( -3.449999999999788347, -17.37500000000055067, -48.60000000000000142 ) ) ;
#83 = CARTESIAN_POINT ( 'NONE',  ( 0.000000000000000000, 0.000000000000000000, 0.000000000000000000 ) ) ;
#84 = CARTESIAN_POINT ( 'NONE',  ( 17.38041025300633180, -13.58152787355024849, -48.60000000000000142 ) ) ;
#85 = ORIENTED_EDGE ( 'NONE', *, *, #3744, .T. ) ;
#86 = EDGE_CURVE ( 'NONE', #2465, #3452, #3741, .T. ) ;
#87 = ORIENTED_EDGE ( 'NONE', *, *, #2357, .T. ) ;
#88 = EDGE_CURVE ( 'NONE', #3530, #4756, #2112, .T. ) ;
#89 = AXIS2_PLACEMENT_3D ( 'NONE', #2698, #3821, #1274 ) ;
#90 = CARTESIAN_POINT ( 'NONE',  ( -26.99999999999997868, -22.00000000000087041, 0.000000000000000000 ) ) ;
#91 = DIRECTION ( 'NONE',  ( -1.000000000000000000, 0.000000000000000000, 0.000000000000000000 ) ) ;
#92 = CYLINDRICAL_SURFACE ( 'NONE', #505, 4.049999999999998046 ) ;
#93 = ORIENTED_EDGE ( 'NONE', *, *, #3451, .T. ) ;
#94 = LINE ( 'NONE', #68, #1560 ) ;
#95 = EDGE_CURVE ( 'NONE', #2100, #2555, #4511, .T. ) ;
#96 = DIRECTION ( 'NONE',  ( 1.000000000000000000, 0.000000000000000000, 0.000000000000000000 ) ) ;
#97 = LINE ( 'NONE', #1193, #3197 ) ;
#98 = VECTOR ( 'NONE', #2380, 1000.000000000000000 ) ;
#99 = ORIENTED_EDGE ( 'NONE', *, *, #1442, .T. ) ;
#100 = AXIS2_PLACEMENT_3D ( 'NONE', #4108, #1623, #3467 ) ;
#101 = ORIENTED_EDGE ( 'NONE', *, *, #1226, .T. ) ;
#102 = VECTOR ( 'NONE', #1576, 1000.000000000000000 ) ;
#103 = CIRCLE ( 'NONE', #2970, 1.574999999999999956 ) ;
#104 = FACE_OUTER_BOUND ( 'NONE', #4574, .T. ) ;
#105 = DIRECTION ( 'NONE',  ( -0.000000000000000000, -0.000000000000000000, 1.000000000000000000 ) ) ;
#106 = ADVANCED_FACE ( 'NONE', ( #3330 ), #2971, .T. ) ;
#107 = CARTESIAN_POINT ( 'NONE',  ( 0.000000000000000000, 6.336498395826628993, -3.600000000000000089 ) ) ;
#108 = DIRECTION ( 'NONE',  ( 1.000000000000000000, 0.000000000000000000, 0.000000000000000000 ) ) ;
#109 = EDGE_LOOP ( 'NONE', ( #3111, #825, #1565, #4039 ) ) ;
#110 = VECTOR ( 'NONE', #1845, 1000.000000000000000 ) ;
#111 = ORIENTED_EDGE ( 'NONE', *, *, #3486, .F. ) ;
#112 = DIRECTION ( 'NONE',  ( -0.000000000000000000, -0.000000000000000000, 1.000000000000000000 ) ) ;
#113 = AXIS2_PLACEMENT_3D ( 'NONE', #1403, #313, #2517 ) ;
#114 = CARTESIAN_POINT ( 'NONE',  ( -21.23483846495130223, 16.39490017788492437, -48.60000000000000142 ) ) ;
#115 = PLANE ( 'NONE',  #1272 ) ;
#116 = LINE ( 'NONE', #3073, #2054 ) ;
#117 = ORIENTED_EDGE ( 'NONE', *, *, #2358, .T. ) ;
#118 = LINE ( 'NONE', #3391, #4418 ) ;
#119 = AXIS2_PLACEMENT_3D ( 'NONE', #1165, #4116, #793 ) ;
#120 = DIRECTION ( 'NONE',  ( -0.7071067811865474617, 0.7071067811865474617, 0.000000000000000000 ) ) ;
#121 = LINE ( 'NONE', #3078, #4050 ) ;
#122 = ORIENTED_EDGE ( 'NONE', *, *, #1315, .T. ) ;
#123 = DIRECTION ( 'NONE',  ( 1.000000000000000000, 0.000000000000000000, 0.000000000000000000 ) ) ;
#124 = VECTOR ( 'NONE', #4217, 1000.000000000000114 ) ;
#125 = ORIENTED_EDGE ( 'NONE', *, *, #940, .F. ) ;
#126 = LINE ( 'NONE', #3104, #124 ) ;
#127 = PLANE ( 'NONE',  #1106 ) ;
#128 = EDGE_CURVE ( 'NONE', #4777, #1026, #851, .T. ) ;
#129 = CARTESIAN_POINT ( 'NONE',  ( -27.04741326041585125, 0.000000000000000000, -3.600000000000000089 ) ) ;
#130 = EDGE_CURVE ( 'NONE', #3528, #1399, #1541, .T. ) ;
#131 = EDGE_CURVE ( 'NONE', #1171, #1427, #3811, .T. ) ;
#132 = LINE ( 'NONE', #3086, #3813 ) ;
#133 = ORIENTED_EDGE ( 'NONE', *, *, #1420, .T. ) ;
#134 = ORIENTED_EDGE ( 'NONE', *, *, #4154, .T. ) ;
#135 = VECTOR ( 'NONE', #4492, 1000.000000000000114 ) ;
#136 = CYLINDRICAL_SURFACE ( 'NONE', #1012, 10.81927942710965951 ) ;
#137 = CARTESIAN_POINT ( 'NONE',  ( 3.884495194305503052, 19.19999999999959783, -3.600000000000000089 ) ) ;
#138 = CARTESIAN_POINT ( 'NONE',  ( -7.499999999999982236, -17.37500000000055067, -48.60000000000000142 ) ) ;
#139 = DIRECTION ( 'NONE',  ( 0.000000000000000000, -1.000000000000000000, 0.000000000000000000 ) ) ;
#140 = ORIENTED_EDGE ( 'NONE', *, *, #3446, .F. ) ;
#141 = CARTESIAN_POINT ( 'NONE',  ( 11.85996497256762972, 1.101901726578782936, -3.600000000000000089 ) ) ;
#142 = CARTESIAN_POINT ( 'NONE',  ( 0.000000000000000000, 0.000000000000000000, -13.60000000000000142 ) ) ;
#143 = DIRECTION ( 'NONE',  ( -1.000000000000000000, 0.000000000000000000, 0.000000000000000000 ) ) ;
#144 = ORIENTED_EDGE ( 'NONE', *, *, #3809, .T. ) ;
#145 = DIRECTION ( 'NONE',  ( 0.000000000000000000, 0.000000000000000000, 1.000000000000000000 ) ) ;
#146 = EDGE_CURVE ( 'NONE', #4199, #2944, #3420, .T. ) ;
#147 = CARTESIAN_POINT ( 'NONE',  ( -17.35942943802035998, -7.848678203360262451, -3.600000000000000089 ) ) ;
#148 = CARTESIAN_POINT ( 'NONE',  ( 34.99999999999999289, -14.00000000000085620, 4.000000000000000000 ) ) ;
#149 = FACE_OUTER_BOUND ( 'NONE', #878, .T. ) ;
#150 = CARTESIAN_POINT ( 'NONE',  ( -7.776144517919329814E-15, -19.20000000000048246, -48.60000000000000142 ) ) ;
#151 = VERTEX_POINT ( 'NONE', #828 ) ;
#152 = ORIENTED_EDGE ( 'NONE', *, *, #146, .F. ) ;
#153 = EDGE_CURVE ( 'NONE', #3216, #1735, #2289, .T. ) ;
#154 = LINE ( 'NONE', #3794, #4495 ) ;
#155 = CARTESIAN_POINT ( 'NONE',  ( 1.390345312941743428E-15, 10.84376210602755464, -3.600000000000000089 ) ) ;
#156 = CARTESIAN_POINT ( 'NONE',  ( -26.48754925397454585, 2.109557787215294411, -13.60000000000000142 ) ) ;
#157 = PLANE ( 'NONE',  #2842 ) ;
#158 = ORIENTED_EDGE ( 'NONE', *, *, #2239, .T. ) ;
#159 = ORIENTED_EDGE ( 'NONE', *, *, #3724, .T. ) ;
#160 = EDGE_CURVE ( 'NONE', #3874, #2159, #3768, .T. ) ;
#161 = CONICAL_SURFACE ( 'NONE', #1407, 1.574999999999999956, 0.7853981633974503884 ) ;
#162 = DIRECTION ( 'NONE',  ( -0.7071067811865489050, -0.7071067811865462405, -0.000000000000000000 ) ) ;
#163 = CARTESIAN_POINT ( 'NONE',  ( -29.30463113701300415, 14.72963113701214866, 2.000000000000012879 ) ) ;
#164 = ORIENTED_EDGE ( 'NONE', *, *, #2496, .F. ) ;
#165 = CARTESIAN_POINT ( 'NONE',  ( -0.9729618114290624620, -0.7364469820361017049, -13.60000000000000142 ) ) ;
#166 = VECTOR ( 'NONE', #3558, 1000.000000000000000 ) ;
#167 = CARTESIAN_POINT ( 'NONE',  ( -26.17157287525378351, -20.00000000000087041, 4.000000000000000000 ) ) ;
#168 = PRODUCT_DEFINITION_SHAPE ( 'NONE', 'NONE',  #4017 ) ;
#169 = CARTESIAN_POINT ( 'NONE',  ( 13.46048889769418011, -6.116575947249634382, -3.600000000000000089 ) ) ;
#170 = ORIENTED_EDGE ( 'NONE', *, *, #2598, .T. ) ;
#171 = AXIS2_PLACEMENT_3D ( 'NONE', #4168, #763, #2997 ) ;
#172 = EDGE_CURVE ( 'NONE', #1526, #1554, #400, .T. ) ;
#173 = CARTESIAN_POINT ( 'NONE',  ( 7.500000000000027534, 17.37499999999965183, 4.000000000000000000 ) ) ;
#174 = EDGE_CURVE ( 'NONE', #1399, #4475, #1943, .T. ) ;
#175 = DIRECTION ( 'NONE',  ( -1.000000000000000000, 0.000000000000000000, 0.000000000000000000 ) ) ;
#176 = ORIENTED_EDGE ( 'NONE', *, *, #1053, .T. ) ;
#177 = ORIENTED_EDGE ( 'NONE', *, *, #2646, .T. ) ;
#178 = CARTESIAN_POINT ( 'NONE',  ( 27.72963113701220550, -14.72963113701221083, 0.000000000000000000 ) ) ;
#179 = FACE_OUTER_BOUND ( 'NONE', #1539, .T. ) ;
#180 = DIRECTION ( 'NONE',  ( 1.000000000000000000, 0.000000000000000000, 0.000000000000000000 ) ) ;
#181 = VECTOR ( 'NONE', #162, 1000.000000000000000 ) ;
#182 = CARTESIAN_POINT ( 'NONE',  ( -26.17157287525379772, 21.99999999999912959, 4.000000000000000000 ) ) ;
#183 = EDGE_LOOP ( 'NONE', ( #4135, #3224, #1862, #2060, #2721, #3156, #579, #2422, #3550, #2215, #644, #1962, #1102, #333, #4151 ) ) ;
#184 = ORIENTED_EDGE ( 'NONE', *, *, #4656, .F. ) ;
#185 = VECTOR ( 'NONE', #3147, 1000.000000000000000 ) ;
#186 = DIRECTION ( 'NONE',  ( -0.000000000000000000, -0.000000000000000000, 1.000000000000000000 ) ) ;
#187 = PLANE ( 'NONE',  #1721 ) ;
#188 = ADVANCED_FACE ( 'NONE', ( #2693 ), #1877, .T. ) ;
#189 = EDGE_LOOP ( 'NONE', ( #547, #1060, #4693, #2742, #949, #2149, #1687, #1886 ) ) ;
#190 = DIRECTION ( 'NONE',  ( -1.000000000000000000, 0.000000000000000000, 0.000000000000000000 ) ) ;
#191 = DIRECTION ( 'NONE',  ( 0.000000000000000000, -0.000000000000000000, -1.000000000000000000 ) ) ;
#192 = AXIS2_PLACEMENT_3D ( 'NONE', #1482, #338, #2567 ) ;
#193 = CARTESIAN_POINT ( 'NONE',  ( 26.17157287525376219, -22.00000000000087041, 4.000000000000000000 ) ) ;
#194 = VECTOR ( 'NONE', #4510, 1000.000000000000000 ) ;
#195 = LINE ( 'NONE', #1675, #2887 ) ;
#196 = ORIENTED_EDGE ( 'NONE', *, *, #378, .F. ) ;
#197 = DIRECTION ( 'NONE',  ( 0.000000000000000000, 1.000000000000000000, 0.000000000000000000 ) ) ;
#198 = CARTESIAN_POINT ( 'NONE',  ( 25.84020202535629807, 0.000000000000000000, -3.600000000000000089 ) ) ;
#199 = ORIENTED_EDGE ( 'NONE', *, *, #3139, .T. ) ;
#200 = ORIENTED_EDGE ( 'NONE', *, *, #3331, .T. ) ;
#201 = ADVANCED_FACE ( 'NONE', ( #1156 ), #1903, .F. ) ;
#202 = LINE ( 'NONE', #4662, #4717 ) ;
#203 = CARTESIAN_POINT ( 'NONE',  ( 0.000000000000000000, -15.13611808696517080, -3.600000000000000089 ) ) ;
#204 = DIRECTION ( 'NONE',  ( 1.000000000000000000, -5.204170427930416550E-15, 0.000000000000000000 ) ) ;
#205 = ORIENTED_EDGE ( 'NONE', *, *, #1517, .T. ) ;
#206 = CIRCLE ( 'NONE', #1840, 4.050000000000194333 ) ;
#207 = VERTEX_POINT ( 'NONE', #945 ) ;
#208 = EDGE_LOOP ( 'NONE', ( #1947, #1694, #1757, #638 ) ) ;
#209 = AXIS2_PLACEMENT_3D ( 'NONE', #4417, #3676, #2152 ) ;
#210 = LINE ( 'NONE', #3531, #1513 ) ;
#211 = CARTESIAN_POINT ( 'NONE',  ( -23.11229991305070186, 6.336498395826628993, -48.60000000000000142 ) ) ;
#212 = VERTEX_POINT ( 'NONE', #3540 ) ;
#213 = DIRECTION ( 'NONE',  ( 0.000000000000000000, 0.000000000000000000, 1.000000000000000000 ) ) ;
#214 = CARTESIAN_POINT ( 'NONE',  ( -6.577418957547303435, 8.553977797029707730, -48.60000000000000142 ) ) ;
#215 = ADVANCED_FACE ( 'NONE', ( #4219 ), #127, .F. ) ;
#216 = DIRECTION ( 'NONE',  ( -0.6239842607917904793, -0.7814369087035260009, 0.000000000000000000 ) ) ;
#217 = EDGE_LOOP ( 'NONE', ( #3359, #2609, #1544, #4345, #575, #3500, #4671, #2915 ) ) ;
#218 = CARTESIAN_POINT ( 'NONE',  ( -11.55000000000017835, -17.37500000000055067, -3.600000000000000089 ) ) ;
#219 = ORIENTED_EDGE ( 'NONE', *, *, #1809, .F. ) ;
#220 = PRODUCT_RELATED_PRODUCT_CATEGORY ( 'part', '', ( #3850 ) ) ;
#221 = DIRECTION ( 'NONE',  ( -1.000000000000000000, 0.000000000000000000, -0.000000000000000000 ) ) ;
#222 = ORIENTED_EDGE ( 'NONE', *, *, #3882, .F. ) ;
#223 = ORIENTED_EDGE ( 'NONE', *, *, #4171, .T. ) ;
#224 = VECTOR ( 'NONE', #2729, 1000.000000000000000 ) ;
#225 = PLANE ( 'NONE',  #1863 ) ;
#226 = DIRECTION ( 'NONE',  ( -0.7071067811865475727, 0.7071067811865475727, 0.000000000000000000 ) ) ;
#227 = EDGE_CURVE ( 'NONE', #3255, #2231, #1241, .T. ) ;
#228 = DIRECTION ( 'NONE',  ( -0.9111945745186355028, -0.4119762703940638149, 0.000000000000000000 ) ) ;
#229 = VECTOR ( 'NONE', #3040, 1000.000000000000000 ) ;
#230 = VERTEX_POINT ( 'NONE', #2789 ) ;
#231 = ORIENTED_EDGE ( 'NONE', *, *, #250, .F. ) ;
#232 = ORIENTED_EDGE ( 'NONE', *, *, #1532, .T. ) ;
#233 = LINE ( 'NONE', #4624, #1268 ) ;
#234 = FACE_OUTER_BOUND ( 'NONE', #3913, .T. ) ;
#235 = VERTEX_POINT ( 'NONE', #2429 ) ;
#236 = DIRECTION ( 'NONE',  ( 0.000000000000000000, 0.000000000000000000, 1.000000000000000000 ) ) ;
#237 = EDGE_CURVE ( 'NONE', #855, #3938, #4191, .T. ) ;
#238 = DIRECTION ( 'NONE',  ( 0.000000000000000000, 0.000000000000000000, -1.000000000000000000 ) ) ;
#239 = AXIS2_PLACEMENT_3D ( 'NONE', #3535, #1672, #2062 ) ;
#240 = CARTESIAN_POINT ( 'NONE',  ( -13.49192192987385575, 15.14834642796049025, 0.000000000000000000 ) ) ;
#241 = EDGE_LOOP ( 'NONE', ( #3228, #2802 ) ) ;
#242 = VECTOR ( 'NONE', #344, 1000.000000000000000 ) ;
#243 = CARTESIAN_POINT ( 'NONE',  ( -32.99999999999999289, -13.17157287525463616, 4.000000000000000000 ) ) ;
#244 = ORIENTED_EDGE ( 'NONE', *, *, #3750, .T. ) ;
#245 = EDGE_CURVE ( 'NONE', #2440, #3080, #555, .T. ) ;
#246 = CARTESIAN_POINT ( 'NONE',  ( 0.000000000000000000, 0.000000000000000000, -3.600000000000000089 ) ) ;
#247 = VECTOR ( 'NONE', #4783, 1000.000000000000000 ) ;
#248 = VECTOR ( 'NONE', #1695, 1000.000000000000000 ) ;
#249 = VERTEX_POINT ( 'NONE', #4239 ) ;
#250 = EDGE_CURVE ( 'NONE', #973, #609, #3180, .T. ) ;
#251 = ORIENTED_EDGE ( 'NONE', *, *, #3431, .F. ) ;
#252 = CIRCLE ( 'NONE', #269, 4.050000000000194333 ) ;
#253 = DIRECTION ( 'NONE',  ( -0.000000000000000000, -0.000000000000000000, 1.000000000000000000 ) ) ;
#254 = CARTESIAN_POINT ( 'NONE',  ( 7.651676581378433539, -7.326515227767632865, -3.600000000000000089 ) ) ;
#255 = EDGE_LOOP ( 'NONE', ( #2400, #1319, #4445, #4100, #3501, #661, #1388, #3321 ) ) ;
#256 = ORIENTED_EDGE ( 'NONE', *, *, #3972, .F. ) ;
#257 = ORIENTED_EDGE ( 'NONE', *, *, #360, .F. ) ;
#258 = EDGE_CURVE ( 'NONE', #955, #3726, #3105, .T. ) ;
#259 = CARTESIAN_POINT ( 'NONE',  ( -19.59547977247137140, -8.595318925305528879, -13.60000000000000142 ) ) ;
#260 = CARTESIAN_POINT ( 'NONE',  ( 0.000000000000000000, -10.46866271396552506, 0.000000000000000000 ) ) ;
#261 = DIRECTION ( 'NONE',  ( 0.000000000000000000, -0.000000000000000000, -1.000000000000000000 ) ) ;
#262 = ORIENTED_EDGE ( 'NONE', *, *, #1085, .F. ) ;
#263 = DIRECTION ( 'NONE',  ( -0.6915932622370855043, -0.7222871725486103012, 0.000000000000000000 ) ) ;
#264 = DIRECTION ( 'NONE',  ( 0.000000000000000000, -1.000000000000000000, 0.000000000000000000 ) ) ;
#265 = AXIS2_PLACEMENT_3D ( 'NONE', #1192, #822, #1958 ) ;
#266 = AXIS2_PLACEMENT_3D ( 'NONE', #3340, #1114, #3004 ) ;
#267 = DIRECTION ( 'NONE',  ( 1.000000000000000000, -0.000000000000000000, 0.000000000000000000 ) ) ;
#268 = VERTEX_POINT ( 'NONE', #4287 ) ;
#269 = AXIS2_PLACEMENT_3D ( 'NONE', #3607, #2852, #648 ) ;
#270 = CARTESIAN_POINT ( 'NONE',  ( 0.000000000000000000, -15.13611808696517080, -3.600000000000000089 ) ) ;
#271 = ORIENTED_EDGE ( 'NONE', *, *, #2501, .T. ) ;
#272 = AXIS2_PLACEMENT_3D ( 'NONE', #2181, #4326, #3320 ) ;
#273 = EDGE_CURVE ( 'NONE', #2129, #417, #2449, .T. ) ;
#274 = AXIS2_PLACEMENT_3D ( 'NONE', #3775, #791, #1208 ) ;
#275 = DIRECTION ( 'NONE',  ( -0.000000000000000000, -0.000000000000000000, 1.000000000000000000 ) ) ;
#276 = PLANE ( 'NONE',  #1950 ) ;
#277 = EDGE_LOOP ( 'NONE', ( #4567, #4253, #685, #2702 ) ) ;
#278 = VERTEX_POINT ( 'NONE', #3084 ) ;
#279 = EDGE_CURVE ( 'NONE', #207, #4520, #4579, .T. ) ;
#280 = ADVANCED_FACE ( 'NONE', ( #535 ), #1965, .F. ) ;
#281 = DIRECTION ( 'NONE',  ( 1.000000000000000000, 0.000000000000000000, 0.000000000000000000 ) ) ;
#282 = DIRECTION ( 'NONE',  ( -0.7071067811865474617, -0.7071067811865474617, 0.000000000000000000 ) ) ;
#283 = LINE ( 'NONE', #4789, #3537 ) ;
#284 = ORIENTED_EDGE ( 'NONE', *, *, #250, .T. ) ;
#285 = ORIENTED_EDGE ( 'NONE', *, *, #3014, .F. ) ;
#286 = ORIENTED_EDGE ( 'NONE', *, *, #458, .T. ) ;
#287 = ADVANCED_FACE ( 'NONE', ( #2817 ), #3885, .T. ) ;
#288 = DIRECTION ( 'NONE',  ( 0.000000000000000000, 0.000000000000000000, -1.000000000000000000 ) ) ;
#289 = CARTESIAN_POINT ( 'NONE',  ( -32.19999999999998153, 6.336498395826628993, 0.000000000000000000 ) ) ;
#290 = CYLINDRICAL_SURFACE ( 'NONE', #272, 10.83535302197150330 ) ;
#291 = EDGE_LOOP ( 'NONE', ( #125, #918, #4609, #4636 ) ) ;
#292 = DIRECTION ( 'NONE',  ( -0.7222871725486103012, 0.6915932622370855043, 0.000000000000000000 ) ) ;
#293 = LINE ( 'NONE', #1767, #3905 ) ;
#294 = CARTESIAN_POINT ( 'NONE',  ( 0.000000000000000000, 19.19999999999993179, -48.60000000000000142 ) ) ;
#295 = ORIENTED_EDGE ( 'NONE', *, *, #2356, .F. ) ;
#296 = ADVANCED_FACE ( 'NONE', ( #3445 ), #3128, .F. ) ;
#297 = CARTESIAN_POINT ( 'NONE',  ( 0.000000000000000000, -1.701415459276992115, -3.600000000000000089 ) ) ;
#298 = VERTEX_POINT ( 'NONE', #2403 ) ;
#299 = LINE ( 'NONE', #2392, #1280 ) ;
#300 = CARTESIAN_POINT ( 'NONE',  ( -32.19999999999997442, 12.84020202535607424, -13.60000000000000142 ) ) ;
#301 = CARTESIAN_POINT ( 'NONE',  ( 0.000000000000000000, 1.822746446835822542, 0.000000000000000000 ) ) ;
#302 = EDGE_LOOP ( 'NONE', ( #1414, #231, #683, #4244 ) ) ;
#303 = DIRECTION ( 'NONE',  ( 0.000000000000000000, 1.000000000000000000, 0.000000000000000000 ) ) ;
#304 = CARTESIAN_POINT ( 'NONE',  ( -26.15463113701300202, 14.72963113701214866, 4.000000000000000000 ) ) ;
#305 = PLANE ( 'NONE',  #2453 ) ;
#306 = EDGE_LOOP ( 'NONE', ( #2747, #3749, #285, #632 ) ) ;
#307 = EDGE_CURVE ( 'NONE', #3162, #801, #195, .T. ) ;
#308 = AXIS2_PLACEMENT_3D ( 'NONE', #4774, #2935, #2569 ) ;
#309 = ORIENTED_EDGE ( 'NONE', *, *, #59, .F. ) ;
#310 = ADVANCED_FACE ( 'NONE', ( #3155 ), #897, .F. ) ;
#311 = VECTOR ( 'NONE', #4130, 1000.000000000000000 ) ;
#312 = LINE ( 'NONE', #1087, #2047 ) ;
#313 = DIRECTION ( 'NONE',  ( 0.000000000000000000, 1.000000000000000000, 0.000000000000000000 ) ) ;
#314 = CARTESIAN_POINT ( 'NONE',  ( 0.000000000000000000, -10.46866271396552506, -3.600000000000000089 ) ) ;
#315 = ORIENTED_EDGE ( 'NONE', *, *, #4784, .F. ) ;
#316 = DIRECTION ( 'NONE',  ( 7.320752412603574722E-16, -1.000000000000000000, 0.000000000000000000 ) ) ;
#317 = DIRECTION ( 'NONE',  ( 1.000000000000000000, 0.000000000000000000, 0.000000000000000000 ) ) ;
#318 = CARTESIAN_POINT ( 'NONE',  ( -5.924999999999982059, -17.37500000000055067, 0.000000000000000000 ) ) ;
#319 = ORIENTED_EDGE ( 'NONE', *, *, #4465, .F. ) ;
#320 = LINE ( 'NONE', #1826, #3659 ) ;
#321 = VERTEX_POINT ( 'NONE', #3909 ) ;
#322 = VECTOR ( 'NONE', #2137, 1000.000000000000000 ) ;
#323 = LINE ( 'NONE', #2918, #2675 ) ;
#324 = LINE ( 'NONE', #3933, #2652 ) ;
#325 = ORIENTED_EDGE ( 'NONE', *, *, #3691, .T. ) ;
#326 = ORIENTED_EDGE ( 'NONE', *, *, #3998, .T. ) ;
#327 = CIRCLE ( 'NONE', #1184, 1.574999999999999956 ) ;
#328 = CARTESIAN_POINT ( 'NONE',  ( -13.09354775139842175, 0.000000000000000000, -3.600000000000000089 ) ) ;
#329 = CYLINDRICAL_SURFACE ( 'NONE', #4602, 1.574999999999999956 ) ;
#330 = AXIS2_PLACEMENT_3D ( 'NONE', #2649, #1581, #467 ) ;
#331 = LINE ( 'NONE', #3215, #4780 ) ;
#332 = AXIS2_PLACEMENT_3D ( 'NONE', #1458, #2882, #1431 ) ;
#333 = ORIENTED_EDGE ( 'NONE', *, *, #2009, .T. ) ;
#334 = ORIENTED_EDGE ( 'NONE', *, *, #727, .T. ) ;
#335 = AXIS2_PLACEMENT_3D ( 'NONE', #3230, #2165, #2916 ) ;
#336 = DIRECTION ( 'NONE',  ( 1.000000000000000000, 0.000000000000000000, 0.000000000000000000 ) ) ;
#337 = CARTESIAN_POINT ( 'NONE',  ( 13.46048889769418011, -10.46866271396552506, -3.600000000000000089 ) ) ;
#338 = DIRECTION ( 'NONE',  ( 0.000000000000000000, 0.000000000000000000, -1.000000000000000000 ) ) ;
#339 = ORIENTED_EDGE ( 'NONE', *, *, #4221, .T. ) ;
#340 = CARTESIAN_POINT ( 'NONE',  ( 0.000000000000000000, -19.20000000000083773, -3.600000000000000089 ) ) ;
#341 = EDGE_CURVE ( 'NONE', #1171, #1728, #3837, .T. ) ;
#342 = ADVANCED_FACE ( 'NONE', ( #1988 ), #4778, .T. ) ;
#343 = CARTESIAN_POINT ( 'NONE',  ( 0.000000000000000000, -5.738133619709119060, -3.600000000000000089 ) ) ;
#344 = DIRECTION ( 'NONE',  ( 1.000000000000000000, -1.282161393202192759E-16, 0.000000000000000000 ) ) ;
#345 = ORIENTED_EDGE ( 'NONE', *, *, #1383, .F. ) ;
#346 = VECTOR ( 'NONE', #2080, 1000.000000000000000 ) ;
#347 = DIRECTION ( 'NONE',  ( -0.7071067811865481278, -0.7071067811865469066, -0.000000000000000000 ) ) ;
#348 = EDGE_LOOP ( 'NONE', ( #4555, #2330, #2448, #1708 ) ) ;
#349 = AXIS2_PLACEMENT_3D ( 'NONE', #3967, #1763, #3297 ) ;
#350 = DIRECTION ( 'NONE',  ( -1.000000000000000000, 0.000000000000000000, 0.000000000000000000 ) ) ;
#351 = DIRECTION ( 'NONE',  ( 1.000000000000000000, 0.000000000000000000, 0.000000000000000000 ) ) ;
#352 = EDGE_LOOP ( 'NONE', ( #2498, #1727, #1871, #1827, #2945, #2227, #2188, #3218 ) ) ;
#353 = EDGE_CURVE ( 'NONE', #2568, #2284, #320, .T. ) ;
#354 = ORIENTED_EDGE ( 'NONE', *, *, #3876, .F. ) ;
#355 = CIRCLE ( 'NONE', #3059, 10.81927942710966128 ) ;
#356 = EDGE_CURVE ( 'NONE', #4714, #4791, #631, .T. ) ;
#357 = CARTESIAN_POINT ( 'NONE',  ( -6.577418957547303435, 8.553977797029707730, -48.60000000000000142 ) ) ;
#358 = FACE_OUTER_BOUND ( 'NONE', #4315, .T. ) ;
#359 = ORIENTED_EDGE ( 'NONE', *, *, #3451, .F. ) ;
#360 = EDGE_CURVE ( 'NONE', #3162, #2236, #610, .T. ) ;
#361 = VERTEX_POINT ( 'NONE', #3304 ) ;
#362 = FACE_OUTER_BOUND ( 'NONE', #3326, .T. ) ;
#363 = DIRECTION ( 'NONE',  ( 1.000000000000000000, 0.000000000000000000, 0.000000000000000000 ) ) ;
#364 = CARTESIAN_POINT ( 'NONE',  ( 25.84020202535629451, 19.19999999999993179, 0.000000000000000000 ) ) ;
#365 = ORIENTED_EDGE ( 'NONE', *, *, #2184, .T. ) ;
#366 = CARTESIAN_POINT ( 'NONE',  ( -27.58578643762687577, -21.41421356237396267, 4.000000000000000000 ) ) ;
#367 = CARTESIAN_POINT ( 'NONE',  ( -25.84020202535645439, 19.19999999999959783, -3.600000000000000089 ) ) ;
#368 = LINE ( 'NONE', #2937, #4189 ) ;
#369 = ORIENTED_EDGE ( 'NONE', *, *, #2356, .T. ) ;
#370 = DIRECTION ( 'NONE',  ( 1.000000000000000000, 0.000000000000000000, 0.000000000000000000 ) ) ;
#371 = ORIENTED_EDGE ( 'NONE', *, *, #4597, .F. ) ;
#372 = EDGE_CURVE ( 'NONE', #2261, #1697, #684, .T. ) ;
#373 = ADVANCED_FACE ( 'NONE', ( #1770 ), #1364, .F. ) ;
#374 = VECTOR ( 'NONE', #4690, 1000.000000000000114 ) ;
#375 = DIRECTION ( 'NONE',  ( -0.000000000000000000, -0.000000000000000000, 1.000000000000000000 ) ) ;
#376 = LINE ( 'NONE', #3831, #98 ) ;
#377 = EDGE_LOOP ( 'NONE', ( #3677, #2834, #2428, #3493 ) ) ;
#378 = EDGE_CURVE ( 'NONE', #2711, #1065, #1261, .T. ) ;
#379 = EDGE_CURVE ( 'NONE', #2766, #528, #1722, .T. ) ;
#380 = VERTEX_POINT ( 'NONE', #1747 ) ;
#381 = LINE ( 'NONE', #765, #3253 ) ;
#382 = DIRECTION ( 'NONE',  ( 0.000000000000000000, 0.000000000000000000, -1.000000000000000000 ) ) ;
#383 = EDGE_LOOP ( 'NONE', ( #3282, #2096, #993, #2757 ) ) ;
#384 = ORIENTED_EDGE ( 'NONE', *, *, #1426, .T. ) ;
#385 = CARTESIAN_POINT ( 'NONE',  ( -7.499999999999982236, -17.37500000000055067, 4.000000000000000000 ) ) ;
#386 = DIRECTION ( 'NONE',  ( 1.000000000000000000, 0.000000000000000000, 0.000000000000000000 ) ) ;
#387 = CARTESIAN_POINT ( 'NONE',  ( -13.49192192987385575, 0.000000000000000000, 0.000000000000000000 ) ) ;
#388 = ORIENTED_EDGE ( 'NONE', *, *, #2155, .F. ) ;
#389 = CARTESIAN_POINT ( 'NONE',  ( -26.46355304715932633, 18.57664897819672589, 0.000000000000000000 ) ) ;
#390 = CIRCLE ( 'NONE', #4557, 3.574999999999994849 ) ;
#391 = PLANE ( 'NONE',  #733 ) ;
#392 = EDGE_CURVE ( 'NONE', #2409, #3793, #1418, .T. ) ;
#393 = DIRECTION ( 'NONE',  ( 0.000000000000000000, 1.000000000000000000, 0.000000000000000000 ) ) ;
#394 = EDGE_CURVE ( 'NONE', #2791, #3204, #1439, .T. ) ;
#395 = VERTEX_POINT ( 'NONE', #4388 ) ;
#396 = CARTESIAN_POINT ( 'NONE',  ( -6.577418957547303435, 8.553977797029707730, -13.60000000000000142 ) ) ;
#397 = ORIENTED_EDGE ( 'NONE', *, *, #2411, .T. ) ;
#398 = CARTESIAN_POINT ( 'NONE',  ( -21.80998427227450165, 1.994901900637146674, -3.599999999999999201 ) ) ;
#399 = CARTESIAN_POINT ( 'NONE',  ( -7.499999999999982236, -17.37500000000055067, 4.000000000000000000 ) ) ;
#400 = LINE ( 'NONE', #1220, #4505 ) ;
#401 = ORIENTED_EDGE ( 'NONE', *, *, #1705, .F. ) ;
#402 = CIRCLE ( 'NONE', #3484, 4.050000000000196110 ) ;
#403 = DIRECTION ( 'NONE',  ( -1.000000000000000000, -0.000000000000000000, -0.000000000000000000 ) ) ;
#404 = DIRECTION ( 'NONE',  ( -0.000000000000000000, -0.000000000000000000, 1.000000000000000000 ) ) ;
#405 = VERTEX_POINT ( 'NONE', #2527 ) ;
#406 = VECTOR ( 'NONE', #4309, 1000.000000000000000 ) ;
#407 = ORIENTED_EDGE ( 'NONE', *, *, #2325, .F. ) ;
#408 = DIRECTION ( 'NONE',  ( -0.000000000000000000, 0.000000000000000000, 1.000000000000000000 ) ) ;
#409 = CARTESIAN_POINT ( 'NONE',  ( -32.19999999999998153, 0.000000000000000000, -3.600000000000000089 ) ) ;
#410 = CARTESIAN_POINT ( 'NONE',  ( -13.49192192987385575, -1.701415459276992115, 0.000000000000000000 ) ) ;
#411 = ORIENTED_EDGE ( 'NONE', *, *, #4797, .F. ) ;
#412 = DIRECTION ( 'NONE',  ( -0.6239842607917904793, -0.7814369087035260009, 0.000000000000000000 ) ) ;
#413 = AXIS2_PLACEMENT_3D ( 'NONE', #4224, #901, #2769 ) ;
#414 = VECTOR ( 'NONE', #3381, 1000.000000000000000 ) ;
#415 = DIRECTION ( 'NONE',  ( -1.000000000000000000, 0.000000000000000000, -0.000000000000000000 ) ) ;
#416 = LINE ( 'NONE', #2688, #3958 ) ;
#417 = VERTEX_POINT ( 'NONE', #2142 ) ;
#418 = DIRECTION ( 'NONE',  ( -1.000000000000000000, 0.000000000000000000, 0.000000000000000000 ) ) ;
#419 = EDGE_CURVE ( 'NONE', #3930, #4124, #2470, .T. ) ;
#420 = ORIENTED_EDGE ( 'NONE', *, *, #3392, .T. ) ;
#421 = VECTOR ( 'NONE', #2687, 1000.000000000000000 ) ;
#422 = CARTESIAN_POINT ( 'NONE',  ( 3.925000000000032685, 17.37499999999965183, 4.000000000000000000 ) ) ;
#423 = DIRECTION ( 'NONE',  ( -0.000000000000000000, -0.000000000000000000, 1.000000000000000000 ) ) ;
#424 = VECTOR ( 'NONE', #386, 1000.000000000000000 ) ;
#425 = DIRECTION ( 'NONE',  ( -0.000000000000000000, 0.000000000000000000, 1.000000000000000000 ) ) ;
#426 = CARTESIAN_POINT ( 'NONE',  ( -27.58578643762687932, -21.41421356237396623, 4.000000000000000000 ) ) ;
#427 = ORIENTED_EDGE ( 'NONE', *, *, #4618, .F. ) ;
#428 = ORIENTED_EDGE ( 'NONE', *, *, #2671, .T. ) ;
#429 = EDGE_CURVE ( 'NONE', #2877, #1297, #3205, .T. ) ;
#430 = DIRECTION ( 'NONE',  ( 0.000000000000000000, -0.000000000000000000, -1.000000000000000000 ) ) ;
#431 = DIRECTION ( 'NONE',  ( 0.000000000000000000, 0.000000000000000000, -1.000000000000000000 ) ) ;
#432 = VECTOR ( 'NONE', #375, 1000.000000000000000 ) ;
#433 = CARTESIAN_POINT ( 'NONE',  ( 19.69732799511277577, 8.583921237619168920, -3.600000000000000089 ) ) ;
#434 = ORIENTED_EDGE ( 'NONE', *, *, #2564, .F. ) ;
#435 = LINE ( 'NONE', #3075, #1696 ) ;
#436 = EDGE_CURVE ( 'NONE', #4414, #3310, #3666, .T. ) ;
#437 = AXIS2_PLACEMENT_3D ( 'NONE', #3203, #1650, #2140 ) ;
#438 = ADVANCED_FACE ( 'NONE', ( #4002 ), #660, .T. ) ;
#439 = DIRECTION ( 'NONE',  ( -0.000000000000000000, -0.000000000000000000, 1.000000000000000000 ) ) ;
#440 = ORIENTED_EDGE ( 'NONE', *, *, #3691, .F. ) ;
#441 = PLANE ( 'NONE',  #1804 ) ;
#442 = VERTEX_POINT ( 'NONE', #992 ) ;
#443 = EDGE_CURVE ( 'NONE', #528, #3002, #3588, .T. ) ;
#444 = DIRECTION ( 'NONE',  ( -0.000000000000000000, -0.000000000000000000, 1.000000000000000000 ) ) ;
#445 = DIRECTION ( 'NONE',  ( -0.6111244668554398629, -0.7915345134677668204, 0.000000000000000000 ) ) ;
#446 = ADVANCED_FACE ( 'NONE', ( #4704 ), #2549, .T. ) ;
#447 = VECTOR ( 'NONE', #3864, 1000.000000000000000 ) ;
#448 = CARTESIAN_POINT ( 'NONE',  ( 7.500000000000027534, 17.37499999999965183, -48.60000000000000142 ) ) ;
#449 = EDGE_CURVE ( 'NONE', #833, #1602, #2866, .T. ) ;
#450 = CYLINDRICAL_SURFACE ( 'NONE', #3698, 10.84997384688810129 ) ;
#451 = ORIENTED_EDGE ( 'NONE', *, *, #1144, .T. ) ;
#452 = ORIENTED_EDGE ( 'NONE', *, *, #3719, .T. ) ;
#453 = FACE_OUTER_BOUND ( 'NONE', #933, .T. ) ;
#454 = CARTESIAN_POINT ( 'NONE',  ( 17.12466538589762877, -10.46866271396552506, -48.60000000000000142 ) ) ;
#455 = CARTESIAN_POINT ( 'NONE',  ( -26.17157287525379772, 21.99999999999912959, 0.000000000000000000 ) ) ;
#456 = VERTEX_POINT ( 'NONE', #3764 ) ;
#457 = PLANE ( 'NONE',  #3264 ) ;
#458 = EDGE_CURVE ( 'NONE', #4085, #674, #757, .T. ) ;
#459 = CARTESIAN_POINT ( 'NONE',  ( 22.52010101267811137, 22.52010101267811137, -3.600000000000000089 ) ) ;
#460 = EDGE_CURVE ( 'NONE', #2026, #4198, #1555, .T. ) ;
#461 = CARTESIAN_POINT ( 'NONE',  ( 0.000000000000000000, 6.336498395826628993, 0.000000000000000000 ) ) ;
#462 = EDGE_LOOP ( 'NONE', ( #1157, #2481, #1131, #2532 ) ) ;
#463 = ORIENTED_EDGE ( 'NONE', *, *, #279, .T. ) ;
#464 = AXIS2_PLACEMENT_3D ( 'NONE', #1381, #986, #190 ) ;
#465 = CARTESIAN_POINT ( 'NONE',  ( -27.72963113701300131, 14.72963113701214866, 2.000000000000012879 ) ) ;
#466 = AXIS2_PLACEMENT_3D ( 'NONE', #2097, #1704, #3959 ) ;
#467 = DIRECTION ( 'NONE',  ( -0.6239842607917904793, -0.7814369087035260009, 0.000000000000000000 ) ) ;
#468 = FACE_OUTER_BOUND ( 'NONE', #3012, .T. ) ;
#469 = CARTESIAN_POINT ( 'NONE',  ( -14.82697250407903944, 1.116434044841923878, -48.60000000000000142 ) ) ;
#470 = ORIENTED_EDGE ( 'NONE', *, *, #3859, .F. ) ;
#471 = ORIENTED_EDGE ( 'NONE', *, *, #3717, .T. ) ;
#472 = DIRECTION ( 'NONE',  ( 1.000000000000000000, 0.000000000000000000, 0.000000000000000000 ) ) ;
#473 = DIRECTION ( 'NONE',  ( -1.000000000000000000, 0.000000000000000000, 0.000000000000000000 ) ) ;
#474 = FACE_OUTER_BOUND ( 'NONE', #2072, .T. ) ;
#475 = DIRECTION ( 'NONE',  ( 0.000000000000000000, -1.000000000000000000, 0.000000000000000000 ) ) ;
#476 = ORIENTED_EDGE ( 'NONE', *, *, #2731, .F. ) ;
#477 = CARTESIAN_POINT ( 'NONE',  ( 17.52851568841700569, 19.19999999999993179, -13.60000000000000142 ) ) ;
#478 = CARTESIAN_POINT ( 'NONE',  ( 16.41213636674710585, 1.822746446835822542, -3.600000000000000089 ) ) ;
#479 = DIRECTION ( 'NONE',  ( 0.000000000000000000, 0.000000000000000000, 1.000000000000000000 ) ) ;
#480 = VECTOR ( 'NONE', #2896, 1000.000000000000000 ) ;
#481 = ORIENTED_EDGE ( 'NONE', *, *, #1859, .F. ) ;
#482 = CIRCLE ( 'NONE', #637, 2.000000000000001776 ) ;
#483 = PLANE ( 'NONE',  #3635 ) ;
#484 = VERTEX_POINT ( 'NONE', #3711 ) ;
#485 = VECTOR ( 'NONE', #3223, 1000.000000000000000 ) ;
#486 = ADVANCED_FACE ( 'NONE', ( #1124 ), #441, .F. ) ;
#487 = VECTOR ( 'NONE', #3951, 1000.000000000000000 ) ;
#488 = EDGE_CURVE ( 'NONE', #767, #991, #27, .T. ) ;
#489 = CARTESIAN_POINT ( 'NONE',  ( 0.000000000000000000, 0.000000000000000000, -48.60000000000000142 ) ) ;
#490 = CARTESIAN_POINT ( 'NONE',  ( -9.074999999999981526, -17.37500000000055067, 2.000000000000012879 ) ) ;
#491 = VERTEX_POINT ( 'NONE', #734 ) ;
#492 = CARTESIAN_POINT ( 'NONE',  ( 4.210275251165831456, -19.20000000000048601, -48.60000000000000142 ) ) ;
#493 = DIRECTION ( 'NONE',  ( 0.000000000000000000, 0.000000000000000000, -1.000000000000000000 ) ) ;
#494 = ORIENTED_EDGE ( 'NONE', *, *, #2655, .T. ) ;
#495 = VECTOR ( 'NONE', #3323, 1000.000000000000000 ) ;
#496 = ORIENTED_EDGE ( 'NONE', *, *, #3417, .T. ) ;
#497 = CARTESIAN_POINT ( 'NONE',  ( 0.000000000000000000, -6.116575947249634382, -48.60000000000000142 ) ) ;
#498 = VECTOR ( 'NONE', #91, 1000.000000000000000 ) ;
#499 = DIRECTION ( 'NONE',  ( -0.000000000000000000, -0.000000000000000000, 1.000000000000000000 ) ) ;
#500 = DIRECTION ( 'NONE',  ( 1.000000000000000000, 0.000000000000000000, 0.000000000000000000 ) ) ;
#501 = FACE_OUTER_BOUND ( 'NONE', #3950, .T. ) ;
#502 = ORIENTED_EDGE ( 'NONE', *, *, #379, .F. ) ;
#503 = CIRCLE ( 'NONE', #4603, 10.81927942710966128 ) ;
#504 = CARTESIAN_POINT ( 'NONE',  ( 32.20000000000001705, -10.46866271396552506, -3.600000000000000089 ) ) ;
#505 = AXIS2_PLACEMENT_3D ( 'NONE', #1572, #3048, #3896 ) ;
#506 = AXIS2_PLACEMENT_3D ( 'NONE', #385, #4093, #769 ) ;
#507 = LINE ( 'NONE', #3099, #1197 ) ;
#508 = LINE ( 'NONE', #867, #2025 ) ;
#509 = EDGE_LOOP ( 'NONE', ( #2474, #2055, #3623, #3695 ) ) ;
#510 = FACE_OUTER_BOUND ( 'NONE', #1720, .T. ) ;
#511 = LINE ( 'NONE', #1580, #4222 ) ;
#512 = CARTESIAN_POINT ( 'NONE',  ( 20.62604113596018607, -16.88404161512739066, -13.60000000000000142 ) ) ;
#513 = ADVANCED_FACE ( 'NONE', ( #4483 ), #3397, .T. ) ;
#514 = EDGE_CURVE ( 'NONE', #1083, #1054, #2600, .T. ) ;
#515 = ORIENTED_EDGE ( 'NONE', *, *, #3293, .F. ) ;
#516 = CARTESIAN_POINT ( 'NONE',  ( -11.11550480569455068, -19.20000000000083773, 0.000000000000000000 ) ) ;
#517 = FACE_OUTER_BOUND ( 'NONE', #3181, .T. ) ;
#518 = ADVANCED_FACE ( 'NONE', ( #2283 ), #55, .T. ) ;
#519 = ADVANCED_FACE ( 'NONE', ( #4054 ), #3033, .F. ) ;
#520 = ORIENTED_EDGE ( 'NONE', *, *, #4440, .T. ) ;
#521 = ORIENTED_EDGE ( 'NONE', *, *, #4382, .T. ) ;
#522 = AXIS2_PLACEMENT_3D ( 'NONE', #3699, #382, #2248 ) ;
#523 = LINE ( 'NONE', #3454, #3103 ) ;
#524 = FACE_OUTER_BOUND ( 'NONE', #3138, .T. ) ;
#525 = CARTESIAN_POINT ( 'NONE',  ( 4.043537571099061978, 6.336498395826628993, -3.600000000000000089 ) ) ;
#526 = DIRECTION ( 'NONE',  ( 1.000000000000000000, 0.000000000000000000, 0.000000000000000000 ) ) ;
#527 = ORIENTED_EDGE ( 'NONE', *, *, #3229, .F. ) ;
#528 = VERTEX_POINT ( 'NONE', #4506 ) ;
#529 = CARTESIAN_POINT ( 'NONE',  ( -12.12122742712152323, -0.7727644064855661021, -3.599999999999999201 ) ) ;
#530 = DIRECTION ( 'NONE',  ( 0.000000000000000000, 0.000000000000000000, -1.000000000000000000 ) ) ;
#531 = ORIENTED_EDGE ( 'NONE', *, *, #2738, .T. ) ;
#532 = DIRECTION ( 'NONE',  ( -0.000000000000000000, -0.000000000000000000, -1.000000000000000000 ) ) ;
#533 = EDGE_CURVE ( 'NONE', #3528, #955, #1848, .T. ) ;
#534 = DIRECTION ( 'NONE',  ( 1.000000000000000000, -1.282161393202192759E-16, 0.000000000000000000 ) ) ;
#535 = FACE_OUTER_BOUND ( 'NONE', #713, .T. ) ;
#536 = VERTEX_POINT ( 'NONE', #3348 ) ;
#537 = VECTOR ( 'NONE', #3357, 1000.000000000000000 ) ;
#538 = DIRECTION ( 'NONE',  ( 0.000000000000000000, -0.000000000000000000, -1.000000000000000000 ) ) ;
#539 = CARTESIAN_POINT ( 'NONE',  ( -3.980086411592489881, -5.738133619709119060, -3.600000000000000089 ) ) ;
#540 = ORIENTED_EDGE ( 'NONE', *, *, #4306, .T. ) ;
#541 = EDGE_LOOP ( 'NONE', ( #3001, #1939, #3899, #3650 ) ) ;
#542 = EDGE_CURVE ( 'NONE', #3919, #4164, #1898, .T. ) ;
#543 = CARTESIAN_POINT ( 'NONE',  ( 32.20000000000001705, -10.46866271396552506, 0.000000000000000000 ) ) ;
#544 = CARTESIAN_POINT ( 'NONE',  ( -27.72963113701300131, 14.72963113701214866, -3.600000000000000089 ) ) ;
#545 = FACE_OUTER_BOUND ( 'NONE', #2039, .T. ) ;
#546 = DIRECTION ( 'NONE',  ( 0.000000000000000000, 0.000000000000000000, 1.000000000000000000 ) ) ;
#547 = ORIENTED_EDGE ( 'NONE', *, *, #1532, .F. ) ;
#548 = EDGE_LOOP ( 'NONE', ( #2395, #2091, #1, #1907 ) ) ;
#549 = VECTOR ( 'NONE', #1933, 1000.000000000000000 ) ;
#550 = CARTESIAN_POINT ( 'NONE',  ( 29.61035667161639040, 2.069250750678602646, -48.60000000000000142 ) ) ;
#551 = DIRECTION ( 'NONE',  ( -1.000000000000000000, 0.000000000000000000, 0.000000000000000000 ) ) ;
#552 = VERTEX_POINT ( 'NONE', #2644 ) ;
#553 = FACE_BOUND ( 'NONE', #3651, .T. ) ;
#554 = AXIS2_PLACEMENT_3D ( 'NONE', #1795, #3637, #3687 ) ;
#555 = CIRCLE ( 'NONE', #4744, 2.000000000000001776 ) ;
#556 = CARTESIAN_POINT ( 'NONE',  ( -34.41421356237309226, -14.58578643762773197, 0.000000000000000000 ) ) ;
#557 = ADVANCED_FACE ( 'NONE', ( #4466 ), #4079, .F. ) ;
#558 = DIRECTION ( 'NONE',  ( -0.7071067811865469066, 0.7071067811865481278, 0.000000000000000000 ) ) ;
#559 = EDGE_LOOP ( 'NONE', ( #3641, #4231, #1545, #3447 ) ) ;
#560 = VECTOR ( 'NONE', #1726, 1000.000000000000000 ) ;
#561 = AXIS2_PLACEMENT_3D ( 'NONE', #58, #1177, #3743 ) ;
#562 = CARTESIAN_POINT ( 'NONE',  ( -32.19999999999998153, 6.336498395826628993, -3.600000000000000089 ) ) ;
#563 = DIRECTION ( 'NONE',  ( 1.000000000000000000, 0.000000000000000000, 0.000000000000000000 ) ) ;
#564 = EDGE_LOOP ( 'NONE', ( #2891, #72, #1837, #3664, #2226, #1609, #3709, #2379 ) ) ;
#565 = ORIENTED_EDGE ( 'NONE', *, *, #3394, .F. ) ;
#566 = CARTESIAN_POINT ( 'NONE',  ( 34.41421356237309226, -14.58578643762775684, 4.000000000000000000 ) ) ;
#567 = CARTESIAN_POINT ( 'NONE',  ( 0.000000000000000000, 10.84376210602755464, -3.600000000000000089 ) ) ;
#568 = AXIS2_PLACEMENT_3D ( 'NONE', #774, #2595, #3436 ) ;
#569 = DIRECTION ( 'NONE',  ( -1.000000000000000000, 0.000000000000000000, 0.000000000000000000 ) ) ;
#570 = ORIENTED_EDGE ( 'NONE', *, *, #3152, .F. ) ;
#571 = ORIENTED_EDGE ( 'NONE', *, *, #3808, .F. ) ;
#572 = EDGE_CURVE ( 'NONE', #1432, #41, #4269, .T. ) ;
#573 = EDGE_CURVE ( 'NONE', #1645, #2053, #103, .T. ) ;
#574 = EDGE_CURVE ( 'NONE', #2465, #4762, #2484, .T. ) ;
#575 = ORIENTED_EDGE ( 'NONE', *, *, #4221, .F. ) ;
#576 = CIRCLE ( 'NONE', #736, 4.050000000000194333 ) ;
#577 = CARTESIAN_POINT ( 'NONE',  ( 13.46048889769418011, 0.000000000000000000, -3.600000000000000089 ) ) ;
#578 = LINE ( 'NONE', #2081, #2347 ) ;
#579 = ORIENTED_EDGE ( 'NONE', *, *, #258, .F. ) ;
#580 = FACE_BOUND ( 'NONE', #2749, .T. ) ;
#581 = DIRECTION ( 'NONE',  ( -0.000000000000000000, -0.000000000000000000, -1.000000000000000000 ) ) ;
#582 = EDGE_CURVE ( 'NONE', #3006, #26, #872, .T. ) ;
#583 = CARTESIAN_POINT ( 'NONE',  ( -32.19999999999998153, 0.000000000000000000, -48.60000000000000142 ) ) ;
#584 = EDGE_LOOP ( 'NONE', ( #3426, #1061, #2610, #2548 ) ) ;
#585 = CIRCLE ( 'NONE', #51, 1.574999999999999956 ) ;
#586 = CARTESIAN_POINT ( 'NONE',  ( -27.04741326041585125, -15.13611808696517080, -3.600000000000000089 ) ) ;
#587 = ORIENTED_EDGE ( 'NONE', *, *, #2623, .T. ) ;
#588 = ADVANCED_FACE ( 'NONE', ( #2588 ), #4068, .F. ) ;
#589 = LINE ( 'NONE', #2015, #1644 ) ;
#590 = ORIENTED_EDGE ( 'NONE', *, *, #4154, .F. ) ;
#591 = VERTEX_POINT ( 'NONE', #698 ) ;
#592 = DIRECTION ( 'NONE',  ( -0.000000000000000000, -0.000000000000000000, 1.000000000000000000 ) ) ;
#593 = EDGE_CURVE ( 'NONE', #3243, #4090, #1340, .T. ) ;
#594 = DIRECTION ( 'NONE',  ( 0.000000000000000000, -0.000000000000000000, 1.000000000000000000 ) ) ;
#595 = DIRECTION ( 'NONE',  ( -0.000000000000000000, -0.000000000000000000, 1.000000000000000000 ) ) ;
#596 = ORIENTED_EDGE ( 'NONE', *, *, #2302, .F. ) ;
#597 = VERTEX_POINT ( 'NONE', #3680 ) ;
#598 = ORIENTED_EDGE ( 'NONE', *, *, #2210, .F. ) ;
#599 = VECTOR ( 'NONE', #3067, 1000.000000000000000 ) ;
#600 = CARTESIAN_POINT ( 'NONE',  ( 0.000000000000000000, -6.116575947249634382, -48.60000000000000142 ) ) ;
#601 = LINE ( 'NONE', #4235, #3580 ) ;
#602 = ORIENTED_EDGE ( 'NONE', *, *, #542, .T. ) ;
#603 = DIRECTION ( 'NONE',  ( -0.000000000000000000, 0.000000000000000000, 1.000000000000000000 ) ) ;
#604 = ADVANCED_FACE ( 'NONE', ( #362 ), #1377, .T. ) ;
#605 = DIRECTION ( 'NONE',  ( 0.000000000000000000, 0.000000000000000000, -1.000000000000000000 ) ) ;
#606 = EDGE_CURVE ( 'NONE', #395, #3772, #2906, .T. ) ;
#607 = DIRECTION ( 'NONE',  ( 1.000000000000000000, 0.000000000000000000, 0.000000000000000000 ) ) ;
#608 = EDGE_CURVE ( 'NONE', #1956, #855, #252, .T. ) ;
#609 = VERTEX_POINT ( 'NONE', #675 ) ;
#610 = LINE ( 'NONE', #297, #3495 ) ;
#611 = ORIENTED_EDGE ( 'NONE', *, *, #2530, .F. ) ;
#612 = DIRECTION ( 'NONE',  ( 0.6157308153927431027, 0.7879565742956826657, 0.000000000000000000 ) ) ;
#613 = ORIENTED_EDGE ( 'NONE', *, *, #77, .T. ) ;
#614 = ORIENTED_EDGE ( 'NONE', *, *, #910, .F. ) ;
#615 = CARTESIAN_POINT ( 'NONE',  ( 21.86614030180855650, 19.19999999999993179, -3.600000000000000089 ) ) ;
#616 = DIRECTION ( 'NONE',  ( 0.000000000000000000, 0.000000000000000000, -1.000000000000000000 ) ) ;
#617 = LINE ( 'NONE', #1635, #1048 ) ;
#618 = VECTOR ( 'NONE', #1158, 1000.000000000000000 ) ;
#619 = ORIENTED_EDGE ( 'NONE', *, *, #2164, .T. ) ;
#620 = ORIENTED_EDGE ( 'NONE', *, *, #4566, .F. ) ;
#621 = EDGE_LOOP ( 'NONE', ( #1005, #1094, #3539, #1090 ) ) ;
#622 = CARTESIAN_POINT ( 'NONE',  ( 0.000000000000000000, -1.701415459276992115, -3.600000000000000089 ) ) ;
#623 = CARTESIAN_POINT ( 'NONE',  ( 32.20000000000001705, -2.744953529623670896, -13.60000000000000142 ) ) ;
#624 = ORIENTED_EDGE ( 'NONE', *, *, #4355, .F. ) ;
#625 = LINE ( 'NONE', #963, #1477 ) ;
#626 = CARTESIAN_POINT ( 'NONE',  ( -13.14589423484649799, 19.19999999999959783, -48.60000000000000142 ) ) ;
#627 = EDGE_CURVE ( 'NONE', #4347, #2877, #2565, .T. ) ;
#628 = LINE ( 'NONE', #2468, #3267 ) ;
#629 = ORIENTED_EDGE ( 'NONE', *, *, #3382, .T. ) ;
#630 = AXIS2_PLACEMENT_3D ( 'NONE', #4121, #800, #2281 ) ;
#631 = LINE ( 'NONE', #2890, #3814 ) ;
#632 = ORIENTED_EDGE ( 'NONE', *, *, #4681, .F. ) ;
#633 = EDGE_CURVE ( 'NONE', #1452, #3247, #312, .T. ) ;
#634 = EDGE_CURVE ( 'NONE', #249, #2440, #2541, .T. ) ;
#635 = DIRECTION ( 'NONE',  ( 1.000000000000000000, 0.000000000000000000, 0.000000000000000000 ) ) ;
#636 = DIRECTION ( 'NONE',  ( 0.000000000000000000, -0.000000000000000000, -1.000000000000000000 ) ) ;
#637 = AXIS2_PLACEMENT_3D ( 'NONE', #80, #3400, #2674 ) ;
#638 = ORIENTED_EDGE ( 'NONE', *, *, #1759, .T. ) ;
#639 = ADVANCED_FACE ( 'NONE', ( #2104 ), #1739, .F. ) ;
#640 = VERTEX_POINT ( 'NONE', #1062 ) ;
#641 = CARTESIAN_POINT ( 'NONE',  ( 7.500000000000027534, 17.37499999999965183, -3.600000000000000089 ) ) ;
#642 = FACE_OUTER_BOUND ( 'NONE', #1723, .T. ) ;
#643 = ORIENTED_EDGE ( 'NONE', *, *, #3750, .F. ) ;
#644 = ORIENTED_EDGE ( 'NONE', *, *, #3364, .T. ) ;
#645 = ORIENTED_EDGE ( 'NONE', *, *, #1887, .F. ) ;
#646 = VECTOR ( 'NONE', #4549, 1000.000000000000000 ) ;
#647 = EDGE_CURVE ( 'NONE', #1026, #3305, #1455, .T. ) ;
#648 = DIRECTION ( 'NONE',  ( -1.000000000000000000, 0.000000000000000000, 0.000000000000000000 ) ) ;
#649 = DIRECTION ( 'NONE',  ( 0.000000000000000000, 0.000000000000000000, -1.000000000000000000 ) ) ;
#650 = CARTESIAN_POINT ( 'NONE',  ( 19.69732799511277577, 8.583921237619168920, -13.60000000000000142 ) ) ;
#651 = ORIENTED_EDGE ( 'NONE', *, *, #153, .F. ) ;
#652 = DIRECTION ( 'NONE',  ( 0.000000000000000000, -1.000000000000000000, 0.000000000000000000 ) ) ;
#653 = CARTESIAN_POINT ( 'NONE',  ( -35.00000000000000711, 21.99999999999912959, 4.000000000000000000 ) ) ;
#654 = AXIS2_PLACEMENT_3D ( 'NONE', #4619, #3456, #4179 ) ;
#655 = FACE_OUTER_BOUND ( 'NONE', #1588, .T. ) ;
#656 = AXIS2_PLACEMENT_3D ( 'NONE', #1001, #1423, #4765 ) ;
#657 = CARTESIAN_POINT ( 'NONE',  ( -21.20005655272090195, -9.585131952028064006, -3.600000000000000089 ) ) ;
#658 = ORIENTED_EDGE ( 'NONE', *, *, #1992, .F. ) ;
#659 = VECTOR ( 'NONE', #2774, 1000.000000000000000 ) ;
#660 = CYLINDRICAL_SURFACE ( 'NONE', #335, 2.000000000000001776 ) ;
#661 = ORIENTED_EDGE ( 'NONE', *, *, #9, .T. ) ;
#662 = CIRCLE ( 'NONE', #1282, 4.050000000000001599 ) ;
#663 = DIRECTION ( 'NONE',  ( -1.000000000000000000, 0.000000000000000000, 0.000000000000000000 ) ) ;
#664 = EDGE_CURVE ( 'NONE', #1615, #3891, #1737, .T. ) ;
#665 = ADVANCED_FACE ( 'NONE', ( #3221 ), #2880, .T. ) ;
#666 = CARTESIAN_POINT ( 'NONE',  ( -13.49192192987385575, -1.701415459276992115, -3.600000000000000089 ) ) ;
#667 = DIRECTION ( 'NONE',  ( -0.000000000000000000, 0.000000000000000000, 1.000000000000000000 ) ) ;
#668 = ORIENTED_EDGE ( 'NONE', *, *, #2439, .T. ) ;
#669 = FACE_OUTER_BOUND ( 'NONE', #3731, .T. ) ;
#670 = DIRECTION ( 'NONE',  ( -0.000000000000000000, -0.000000000000000000, 1.000000000000000000 ) ) ;
#671 = EDGE_CURVE ( 'NONE', #4288, #2078, #3653, .T. ) ;
#672 = DIRECTION ( 'NONE',  ( 1.000000000000000000, 5.204170427930416550E-15, 0.000000000000000000 ) ) ;
#673 = ORIENTED_EDGE ( 'NONE', *, *, #2018, .F. ) ;
#674 = VERTEX_POINT ( 'NONE', #4694 ) ;
#675 = CARTESIAN_POINT ( 'NONE',  ( 26.46355304715840973, -18.57664897819674721, 0.000000000000000000 ) ) ;
#676 = LINE ( 'NONE', #2157, #2902 ) ;
#677 = CARTESIAN_POINT ( 'NONE',  ( -7.499999999999982236, -17.37500000000055067, -48.60000000000000142 ) ) ;
#678 = ORIENTED_EDGE ( 'NONE', *, *, #3394, .T. ) ;
#679 = DIRECTION ( 'NONE',  ( 1.000000000000000000, 0.000000000000000000, 0.000000000000000000 ) ) ;
#680 = FACE_OUTER_BOUND ( 'NONE', #302, .T. ) ;
#681 = CARTESIAN_POINT ( 'NONE',  ( 1.390345312941743428E-15, 10.84376210602755464, 0.000000000000000000 ) ) ;
#682 = EDGE_CURVE ( 'NONE', #4065, #4264, #4401, .T. ) ;
#683 = ORIENTED_EDGE ( 'NONE', *, *, #1146, .F. ) ;
#684 = LINE ( 'NONE', #1465, #2723 ) ;
#685 = ORIENTED_EDGE ( 'NONE', *, *, #3714, .F. ) ;
#686 = CARTESIAN_POINT ( 'NONE',  ( 0.000000000000000000, 6.336498395826628993, -3.600000000000000089 ) ) ;
#687 = DIRECTION ( 'NONE',  ( -1.000000000000000000, 0.000000000000000000, 0.000000000000000000 ) ) ;
#688 = ORIENTED_EDGE ( 'NONE', *, *, #2847, .T. ) ;
#689 = ORIENTED_EDGE ( 'NONE', *, *, #4216, .F. ) ;
#690 = CARTESIAN_POINT ( 'NONE',  ( 32.20000000000001705, -12.84020202535529442, 0.000000000000000000 ) ) ;
#691 = CARTESIAN_POINT ( 'NONE',  ( -27.04741326041585125, -1.701415459276992115, -3.600000000000000089 ) ) ;
#692 = DIRECTION ( 'NONE',  ( 0.000000000000000000, 0.000000000000000000, -1.000000000000000000 ) ) ;
#693 = ORIENTED_EDGE ( 'NONE', *, *, #2410, .F. ) ;
#694 = AXIS2_PLACEMENT_3D ( 'NONE', #1671, #213, #3150 ) ;
#695 = ORIENTED_EDGE ( 'NONE', *, *, #1470, .F. ) ;
#696 = EDGE_CURVE ( 'NONE', #2231, #3231, #1006, .T. ) ;
#697 = AXIS2_PLACEMENT_3D ( 'NONE', #2073, #4293, #1754 ) ;
#698 = CARTESIAN_POINT ( 'NONE',  ( 26.15463113701220621, -14.72963113701221083, 0.000000000000000000 ) ) ;
#699 = DIRECTION ( 'NONE',  ( 1.000000000000000000, -0.000000000000000000, 0.000000000000000000 ) ) ;
#700 = LINE ( 'NONE', #387, #4680 ) ;
#701 = ORIENTED_EDGE ( 'NONE', *, *, #985, .F. ) ;
#702 = DIRECTION ( 'NONE',  ( 0.000000000000000000, 0.000000000000000000, 1.000000000000000000 ) ) ;
#703 = CARTESIAN_POINT ( 'NONE',  ( -9.160284544237150328, -5.738133619709119060, -3.600000000000000089 ) ) ;
#704 = EDGE_CURVE ( 'NONE', #4623, #2469, #2296, .T. ) ;
#705 = CARTESIAN_POINT ( 'NONE',  ( -32.19999999999998153, 2.192713436123698401, -13.60000000000000142 ) ) ;
#706 = ORIENTED_EDGE ( 'NONE', *, *, #2561, .T. ) ;
#707 = DIRECTION ( 'NONE',  ( 0.000000000000000000, 0.000000000000000000, -1.000000000000000000 ) ) ;
#708 = ORIENTED_EDGE ( 'NONE', *, *, #2855, .T. ) ;
#709 = AXIS2_PLACEMENT_3D ( 'NONE', #653, #2467, #191 ) ;
#710 = CARTESIAN_POINT ( 'NONE',  ( -7.499999999999982236, -17.37500000000055067, -3.600000000000000089 ) ) ;
#711 = DIRECTION ( 'NONE',  ( 0.000000000000000000, -0.000000000000000000, 1.000000000000000000 ) ) ;
#712 = CARTESIAN_POINT ( 'NONE',  ( -26.17157287525379772, 19.99999999999912959, 4.000000000000000000 ) ) ;
#713 = EDGE_LOOP ( 'NONE', ( #2177, #397, #3898, #1218 ) ) ;
#714 = DIRECTION ( 'NONE',  ( 0.000000000000000000, 0.000000000000000000, -1.000000000000000000 ) ) ;
#715 = AXIS2_PLACEMENT_3D ( 'NONE', #1803, #4313, #3955 ) ;
#716 = AXIS2_PLACEMENT_3D ( 'NONE', #3787, #2310, #782 ) ;
#717 = CARTESIAN_POINT ( 'NONE',  ( -17.18302220754789289, 10.84376210602755464, -3.600000000000000089 ) ) ;
#718 = AXIS2_PLACEMENT_3D ( 'NONE', #650, #2933, #3270 ) ;
#719 = VERTEX_POINT ( 'NONE', #1864 ) ;
#720 = AXIS2_PLACEMENT_3D ( 'NONE', #2031, #530, #551 ) ;
#721 = ORIENTED_EDGE ( 'NONE', *, *, #4047, .T. ) ;
#722 = VECTOR ( 'NONE', #2131, 1000.000000000000000 ) ;
#723 = CARTESIAN_POINT ( 'NONE',  ( 0.000000000000000000, 6.336498395826628993, -3.600000000000000089 ) ) ;
#724 = DIRECTION ( 'NONE',  ( -0.000000000000000000, 0.000000000000000000, -1.000000000000000000 ) ) ;
#725 = FACE_OUTER_BOUND ( 'NONE', #462, .T. ) ;
#726 = ORIENTED_EDGE ( 'NONE', *, *, #3801, .F. ) ;
#727 = EDGE_CURVE ( 'NONE', #2840, #776, #2285, .T. ) ;
#728 = CARTESIAN_POINT ( 'NONE',  ( 17.52851568841700569, 19.19999999999993179, -48.60000000000000142 ) ) ;
#729 = DIRECTION ( 'NONE',  ( 0.000000000000000000, 0.000000000000000000, -1.000000000000000000 ) ) ;
#730 = CARTESIAN_POINT ( 'NONE',  ( 23.21372783215999647, -6.116575947249634382, -13.60000000000000142 ) ) ;
#731 = VERTEX_POINT ( 'NONE', #816 ) ;
#732 = EDGE_CURVE ( 'NONE', #2828, #3206, #503, .T. ) ;
#733 = AXIS2_PLACEMENT_3D ( 'NONE', #459, #4162, #120 ) ;
#734 = CARTESIAN_POINT ( 'NONE',  ( 24.15463113701220976, -14.72963113701221083, 4.000000000000000000 ) ) ;
#735 = ORIENTED_EDGE ( 'NONE', *, *, #4362, .F. ) ;
#736 = AXIS2_PLACEMENT_3D ( 'NONE', #138, #4202, #859 ) ;
#737 = DIRECTION ( 'NONE',  ( 0.7071067811865477948, -0.7071067811865473507, 0.000000000000000000 ) ) ;
#738 = AXIS2_PLACEMENT_3D ( 'NONE', #4018, #2179, #2202 ) ;
#739 = DIRECTION ( 'NONE',  ( 0.000000000000000000, -0.000000000000000000, 1.000000000000000000 ) ) ;
#740 = AXIS2_PLACEMENT_3D ( 'NONE', #3824, #66, #4478 ) ;
#741 = DIRECTION ( 'NONE',  ( -1.000000000000000000, 0.000000000000000000, 0.000000000000000000 ) ) ;
#742 = ORIENTED_EDGE ( 'NONE', *, *, #634, .T. ) ;
#743 = CARTESIAN_POINT ( 'NONE',  ( -32.19999999999998153, 2.192713436123698401, -48.60000000000000142 ) ) ;
#744 = DIRECTION ( 'NONE',  ( -0.000000000000000000, -0.000000000000000000, 1.000000000000000000 ) ) ;
#745 = AXIS2_PLACEMENT_3D ( 'NONE', #1942, #3418, #4167 ) ;
#746 = EDGE_LOOP ( 'NONE', ( #2255, #651, #2843, #1885 ) ) ;
#747 = ORIENTED_EDGE ( 'NONE', *, *, #783, .F. ) ;
#748 = EDGE_CURVE ( 'NONE', #3952, #3938, #1205, .T. ) ;
#749 = DIRECTION ( 'NONE',  ( 0.000000000000000000, 0.000000000000000000, -1.000000000000000000 ) ) ;
#750 = DIRECTION ( 'NONE',  ( -1.000000000000000000, 0.000000000000000000, 0.000000000000000000 ) ) ;
#751 = DIRECTION ( 'NONE',  ( 0.000000000000000000, 0.000000000000000000, 1.000000000000000000 ) ) ;
#752 = ORIENTED_EDGE ( 'NONE', *, *, #2862, .T. ) ;
#753 = LINE ( 'NONE', #1406, #4637 ) ;
#754 = EDGE_CURVE ( 'NONE', #4714, #4124, #1952, .T. ) ;
#755 = CARTESIAN_POINT ( 'NONE',  ( 7.500000000000027534, 17.37499999999965183, -48.60000000000000142 ) ) ;
#756 = ORIENTED_EDGE ( 'NONE', *, *, #1085, .T. ) ;
#757 = LINE ( 'NONE', #2237, #2117 ) ;
#758 = VERTEX_POINT ( 'NONE', #4476 ) ;
#759 = ADVANCED_FACE ( 'NONE', ( #453 ), #1163, .T. ) ;
#760 = AXIS2_PLACEMENT_3D ( 'NONE', #3771, #1946, #4111 ) ;
#761 = CARTESIAN_POINT ( 'NONE',  ( 11.55000000000002913, 17.37499999999965183, 0.000000000000000000 ) ) ;
#762 = DIRECTION ( 'NONE',  ( 0.000000000000000000, 0.000000000000000000, -1.000000000000000000 ) ) ;
#763 = DIRECTION ( 'NONE',  ( 0.7879565742956826657, -0.6157308153927431027, 0.000000000000000000 ) ) ;
#764 = ORIENTED_EDGE ( 'NONE', *, *, #2490, .F. ) ;
#765 = CARTESIAN_POINT ( 'NONE',  ( -8.671253653034959541, 19.19999999999959783, -13.60000000000000142 ) ) ;
#766 = CYLINDRICAL_SURFACE ( 'NONE', #522, 2.000000000000001776 ) ;
#767 = VERTEX_POINT ( 'NONE', #3795 ) ;
#768 = ORIENTED_EDGE ( 'NONE', *, *, #3692, .T. ) ;
#769 = DIRECTION ( 'NONE',  ( 1.000000000000000000, 0.000000000000000000, 0.000000000000000000 ) ) ;
#770 = FACE_OUTER_BOUND ( 'NONE', #1873, .T. ) ;
#771 = CARTESIAN_POINT ( 'NONE',  ( -4.823173878571891393, 5.671146516067037346, 0.000000000000000000 ) ) ;
#772 = ORIENTED_EDGE ( 'NONE', *, *, #3516, .T. ) ;
#773 = CARTESIAN_POINT ( 'NONE',  ( 25.84020202535629807, 0.000000000000000000, -3.600000000000000089 ) ) ;
#774 = CARTESIAN_POINT ( 'NONE',  ( 27.72963113701220550, -14.72963113701221083, -3.600000000000000089 ) ) ;
#775 = CARTESIAN_POINT ( 'NONE',  ( 27.72963113701220550, -14.72963113701221083, 4.000000000000000000 ) ) ;
#776 = VERTEX_POINT ( 'NONE', #1527 ) ;
#777 = CARTESIAN_POINT ( 'NONE',  ( 7.500000000000027534, 17.37499999999965183, 0.000000000000000000 ) ) ;
#778 = ORIENTED_EDGE ( 'NONE', *, *, #4075, .T. ) ;
#779 = CARTESIAN_POINT ( 'NONE',  ( 13.46048889769418011, -10.46866271396552506, 0.000000000000000000 ) ) ;
#780 = DIRECTION ( 'NONE',  ( -1.000000000000000000, 0.000000000000000000, 0.000000000000000000 ) ) ;
#781 = EDGE_CURVE ( 'NONE', #3841, #1336, #1139, .T. ) ;
#782 = DIRECTION ( 'NONE',  ( -1.000000000000000000, 0.000000000000000000, 0.000000000000000000 ) ) ;
#783 = EDGE_CURVE ( 'NONE', #996, #3231, #4157, .T. ) ;
#784 = VECTOR ( 'NONE', #472, 1000.000000000000000 ) ;
#785 = LINE ( 'NONE', #2628, #3333 ) ;
#786 = LINE ( 'NONE', #2629, #2070 ) ;
#787 = EDGE_CURVE ( 'NONE', #3961, #1697, #2990, .T. ) ;
#788 = EDGE_LOOP ( 'NONE', ( #4586, #2963, #2471, #869 ) ) ;
#789 = VECTOR ( 'NONE', #1148, 1000.000000000000000 ) ;
#790 = VERTEX_POINT ( 'NONE', #4524 ) ;
#791 = DIRECTION ( 'NONE',  ( 0.000000000000000000, 0.000000000000000000, -1.000000000000000000 ) ) ;
#792 = CARTESIAN_POINT ( 'NONE',  ( 27.72963113701220550, -14.72963113701221083, 4.000000000000000000 ) ) ;
#793 = DIRECTION ( 'NONE',  ( -0.4119762703940636484, 0.9111945745186355028, 0.000000000000000000 ) ) ;
#794 = ORIENTED_EDGE ( 'NONE', *, *, #3089, .T. ) ;
#795 = CARTESIAN_POINT ( 'NONE',  ( -1.013845338921383732, 12.41062205250614170, 0.000000000000000000 ) ) ;
#796 = AXIS2_PLACEMENT_3D ( 'NONE', #3521, #2431, #3818 ) ;
#797 = AXIS2_PLACEMENT_3D ( 'NONE', #3931, #707, #1096 ) ;
#798 = ADVANCED_FACE ( 'NONE', ( #3046 ), #1909, .T. ) ;
#799 = LINE ( 'NONE', #4434, #4444 ) ;
#800 = DIRECTION ( 'NONE',  ( 0.000000000000000000, 0.000000000000000000, -1.000000000000000000 ) ) ;
#801 = VERTEX_POINT ( 'NONE', #3365 ) ;
#802 = CARTESIAN_POINT ( 'NONE',  ( 12.68408224115261618, 0.000000000000000000, -3.600000000000000089 ) ) ;
#803 = ORIENTED_EDGE ( 'NONE', *, *, #4031, .F. ) ;
#804 = COLOUR_RGB ( '',0.1098039215686274495, 0.1098039215686274495, 0.1098039215686274495 ) ;
#805 = DIRECTION ( 'NONE',  ( -0.000000000000000000, -0.000000000000000000, -1.000000000000000000 ) ) ;
#806 = CARTESIAN_POINT ( 'NONE',  ( -0.5794042551126808993, 6.336498395826628993, -3.600000000000000089 ) ) ;
#807 = ORIENTED_EDGE ( 'NONE', *, *, #4183, .F. ) ;
#808 = VECTOR ( 'NONE', #836, 1000.000000000000114 ) ;
#809 = CARTESIAN_POINT ( 'NONE',  ( -9.348169492355349774, 1.822746446835822542, -3.600000000000000089 ) ) ;
#810 = ADVANCED_FACE ( 'NONE', ( #2317 ), #3429, .F. ) ;
#811 = CARTESIAN_POINT ( 'NONE',  ( 13.92790066453865272, -0.7717432326737189152, -48.60000000000000142 ) ) ;
#812 = ORIENTED_EDGE ( 'NONE', *, *, #3097, .F. ) ;
#813 = VERTEX_POINT ( 'NONE', #3702 ) ;
#814 = AXIS2_PLACEMENT_3D ( 'NONE', #4272, #2374, #2076 ) ;
#815 = EDGE_CURVE ( 'NONE', #758, #417, #892, .T. ) ;
#816 = CARTESIAN_POINT ( 'NONE',  ( 17.12466538589762877, -10.46866271396552506, -3.600000000000000089 ) ) ;
#817 = CARTESIAN_POINT ( 'NONE',  ( -29.30463113701300415, 14.72963113701214866, 4.000000000000000000 ) ) ;
#818 = AXIS2_PLACEMENT_3D ( 'NONE', #2427, #267, #2037 ) ;
#819 = DIRECTION ( 'NONE',  ( -1.000000000000000000, 0.000000000000000000, 0.000000000000000000 ) ) ;
#820 = ORIENTED_EDGE ( 'NONE', *, *, #682, .F. ) ;
#821 = LINE ( 'NONE', #4140, #3789 ) ;
#822 = DIRECTION ( 'NONE',  ( 0.000000000000000000, 0.000000000000000000, 1.000000000000000000 ) ) ;
#823 = LINE ( 'NONE', #461, #102 ) ;
#824 = EDGE_LOOP ( 'NONE', ( #2904, #1984, #2878, #47 ) ) ;
#825 = ORIENTED_EDGE ( 'NONE', *, *, #3274, .F. ) ;
#826 = EDGE_CURVE ( 'NONE', #3886, #4520, #2252, .T. ) ;
#827 = DIRECTION ( 'NONE',  ( -0.000000000000000000, -0.000000000000000000, 1.000000000000000000 ) ) ;
#828 = CARTESIAN_POINT ( 'NONE',  ( -23.77294013446123699, 6.336498395826628105, -13.60000000000000142 ) ) ;
#829 = AXIS2_PLACEMENT_3D ( 'NONE', #3960, #2875, #1371 ) ;
#830 = DIRECTION ( 'NONE',  ( 1.000000000000000000, 0.000000000000000000, 0.000000000000000000 ) ) ;
#831 = CARTESIAN_POINT ( 'NONE',  ( -11.11550480569455068, -19.20000000000083773, -3.600000000000000089 ) ) ;
#832 = EDGE_LOOP ( 'NONE', ( #565, #4677, #407, #223 ) ) ;
#833 = VERTEX_POINT ( 'NONE', #4114 ) ;
#834 = LINE ( 'NONE', #2316, #784 ) ;
#835 = CARTESIAN_POINT ( 'NONE',  ( 7.651676581378433539, -7.326515227767632865, 0.000000000000000000 ) ) ;
#836 = DIRECTION ( 'NONE',  ( -0.4119762703940638149, 0.9111945745186355028, 0.000000000000000000 ) ) ;
#837 = DIRECTION ( 'NONE',  ( 0.000000000000000000, 0.000000000000000000, -1.000000000000000000 ) ) ;
#838 = EDGE_CURVE ( 'NONE', #813, #2480, #355, .T. ) ;
#839 = VERTEX_POINT ( 'NONE', #64 ) ;
#840 = DIRECTION ( 'NONE',  ( 1.000000000000000000, 0.000000000000000000, 0.000000000000000000 ) ) ;
#841 = ADVANCED_FACE ( 'NONE', ( #1546 ), #4496, .F. ) ;
#842 = ADVANCED_FACE ( 'NONE', ( #524 ), #884, .F. ) ;
#843 = DIRECTION ( 'NONE',  ( 0.000000000000000000, 0.000000000000000000, -1.000000000000000000 ) ) ;
#844 = DIRECTION ( 'NONE',  ( 0.000000000000000000, 0.000000000000000000, -1.000000000000000000 ) ) ;
#845 = ORIENTED_EDGE ( 'NONE', *, *, #1586, .F. ) ;
#846 = ORIENTED_EDGE ( 'NONE', *, *, #4688, .T. ) ;
#847 = CIRCLE ( 'NONE', #694, 1.574999999999999956 ) ;
#848 = ADVANCED_FACE ( 'NONE', ( #1276 ), #3845, .F. ) ;
#849 = LINE ( 'NONE', #1198, #1667 ) ;
#850 = VECTOR ( 'NONE', #2014, 1000.000000000000000 ) ;
#851 = LINE ( 'NONE', #7, #2034 ) ;
#852 = CARTESIAN_POINT ( 'NONE',  ( -17.19837548619366885, 6.336498395826628993, -3.600000000000000089 ) ) ;
#853 = FACE_OUTER_BOUND ( 'NONE', #3939, .T. ) ;
#854 = VERTEX_POINT ( 'NONE', #4706 ) ;
#855 = VERTEX_POINT ( 'NONE', #2000 ) ;
#856 = DIRECTION ( 'NONE',  ( -0.000000000000000000, -0.000000000000000000, 1.000000000000000000 ) ) ;
#857 = VECTOR ( 'NONE', #1213, 999.9999999999998863 ) ;
#858 = DIRECTION ( 'NONE',  ( 1.000000000000000000, 0.000000000000000000, 0.000000000000000000 ) ) ;
#859 = DIRECTION ( 'NONE',  ( -1.000000000000000000, 0.000000000000000000, 0.000000000000000000 ) ) ;
#860 = LINE ( 'NONE', #4455, #2673 ) ;
#861 = CIRCLE ( 'NONE', #1798, 4.050000000000001599 ) ;
#862 = VERTEX_POINT ( 'NONE', #3091 ) ;
#863 = PLANE ( 'NONE',  #1082 ) ;
#864 = CARTESIAN_POINT ( 'NONE',  ( 32.99999999999999289, 13.17157287525291309, 4.000000000000000000 ) ) ;
#865 = EDGE_CURVE ( 'NONE', #1452, #3656, #2472, .T. ) ;
#866 = EDGE_CURVE ( 'NONE', #4593, #2338, #3954, .T. ) ;
#867 = CARTESIAN_POINT ( 'NONE',  ( 0.000000000000000000, 19.19999999999959783, -3.600000000000000089 ) ) ;
#868 = VECTOR ( 'NONE', #1492, 1000.000000000000114 ) ;
#869 = ORIENTED_EDGE ( 'NONE', *, *, #2578, .T. ) ;
#870 = VECTOR ( 'NONE', #1493, 1000.000000000000000 ) ;
#871 = PLANE ( 'NONE',  #3350 ) ;
#872 = CIRCLE ( 'NONE', #3817, 10.82663658333988188 ) ;
#873 = ADVANCED_FACE ( 'NONE', ( #3474 ), #4337, .T. ) ;
#874 = CARTESIAN_POINT ( 'NONE',  ( -4.823173878571891393, 5.671146516067037346, -3.600000000000000089 ) ) ;
#875 = DIRECTION ( 'NONE',  ( 1.000000000000000000, 0.000000000000000000, 0.000000000000000000 ) ) ;
#876 = DIRECTION ( 'NONE',  ( 0.000000000000000000, -0.000000000000000000, 1.000000000000000000 ) ) ;
#877 = CARTESIAN_POINT ( 'NONE',  ( -5.924999999999982059, -17.37500000000055067, 2.000000000000012879 ) ) ;
#878 = EDGE_LOOP ( 'NONE', ( #164, #3690, #4291, #643, #689, #4415, #4030, #1242, #359, #3295 ) ) ;
#879 = VECTOR ( 'NONE', #2492, 1000.000000000000000 ) ;
#880 = ORIENTED_EDGE ( 'NONE', *, *, #1383, .T. ) ;
#881 = AXIS2_PLACEMENT_3D ( 'NONE', #4042, #3268, #3578 ) ;
#882 = DIRECTION ( 'NONE',  ( 1.000000000000000000, 0.000000000000000000, 0.000000000000000000 ) ) ;
#883 = AXIS2_PLACEMENT_3D ( 'NONE', #1786, #2463, #3196 ) ;
#884 = CYLINDRICAL_SURFACE ( 'NONE', #2216, 4.049999999999998046 ) ;
#885 = DIRECTION ( 'NONE',  ( -0.7071067811865391350, 0.7071067811865560104, 0.000000000000000000 ) ) ;
#886 = DIRECTION ( 'NONE',  ( -0.000000000000000000, -0.000000000000000000, 1.000000000000000000 ) ) ;
#887 = ORIENTED_EDGE ( 'NONE', *, *, #1673, .F. ) ;
#888 = LINE ( 'NONE', #3008, #2334 ) ;
#889 = AXIS2_PLACEMENT_3D ( 'NONE', #4720, #751, #4352 ) ;
#890 = EDGE_CURVE ( 'NONE', #3427, #3562, #1299, .T. ) ;
#891 = EDGE_CURVE ( 'NONE', #1595, #528, #4178, .T. ) ;
#892 = CIRCLE ( 'NONE', #506, 3.574999999999994849 ) ;
#893 = CARTESIAN_POINT ( 'NONE',  ( -13.09354775139842175, -5.738133619709119060, -3.600000000000000089 ) ) ;
#894 = DIRECTION ( 'NONE',  ( -0.000000000000000000, -0.000000000000000000, 1.000000000000000000 ) ) ;
#895 = ORIENTED_EDGE ( 'NONE', *, *, #633, .T. ) ;
#896 = CARTESIAN_POINT ( 'NONE',  ( 25.84020202535629807, 15.14834642796049025, 0.000000000000000000 ) ) ;
#897 = CYLINDRICAL_SURFACE ( 'NONE', #3039, 10.81927942710965951 ) ;
#898 = ORIENTED_EDGE ( 'NONE', *, *, #1597, .T. ) ;
#899 = EDGE_CURVE ( 'NONE', #4198, #1225, #3620, .T. ) ;
#900 = CARTESIAN_POINT ( 'NONE',  ( 0.000000000000000000, -6.116575947249634382, -3.600000000000000089 ) ) ;
#901 = DIRECTION ( 'NONE',  ( 0.000000000000000000, 0.000000000000000000, -1.000000000000000000 ) ) ;
#902 = ORIENTED_EDGE ( 'NONE', *, *, #4166, .F. ) ;
#903 = ORIENTED_EDGE ( 'NONE', *, *, #2362, .F. ) ;
#904 = DIRECTION ( 'NONE',  ( -0.000000000000000000, -0.000000000000000000, 1.000000000000000000 ) ) ;
#905 = CARTESIAN_POINT ( 'NONE',  ( 34.99999999999999289, 21.99999999999912959, 4.000000000000000000 ) ) ;
#906 = DIRECTION ( 'NONE',  ( -0.000000000000000000, -0.000000000000000000, 1.000000000000000000 ) ) ;
#907 = CARTESIAN_POINT ( 'NONE',  ( 13.46048889769418011, -6.116575947249634382, 0.000000000000000000 ) ) ;
#908 = ORIENTED_EDGE ( 'NONE', *, *, #2279, .T. ) ;
#909 = ORIENTED_EDGE ( 'NONE', *, *, #2862, .F. ) ;
#910 = EDGE_CURVE ( 'NONE', #2929, #4085, #2370, .T. ) ;
#911 = LINE ( 'NONE', #3828, #4754 ) ;
#912 = FACE_OUTER_BOUND ( 'NONE', #621, .T. ) ;
#913 = ORIENTED_EDGE ( 'NONE', *, *, #245, .T. ) ;
#914 = FACE_BOUND ( 'NONE', #3765, .T. ) ;
#915 = DIRECTION ( 'NONE',  ( 0.000000000000000000, -1.000000000000000000, 0.000000000000000000 ) ) ;
#916 = DIRECTION ( 'NONE',  ( 0.7071067811865486830, 0.7071067811865464625, 0.000000000000000000 ) ) ;
#917 = VECTOR ( 'NONE', #2958, 1000.000000000000000 ) ;
#918 = ORIENTED_EDGE ( 'NONE', *, *, #4241, .F. ) ;
#919 = VECTOR ( 'NONE', #4739, 1000.000000000000000 ) ;
#920 = CARTESIAN_POINT ( 'NONE',  ( -27.72963113701300131, 14.72963113701214866, 2.000000000000012879 ) ) ;
#921 = ADVANCED_FACE ( 'NONE', ( #3822 ), #3141, .F. ) ;
#922 = EDGE_CURVE ( 'NONE', #2870, #1637, #4289, .T. ) ;
#923 = DIRECTION ( 'NONE',  ( 1.000000000000000000, 0.000000000000000000, 0.000000000000000000 ) ) ;
#924 = ORIENTED_EDGE ( 'NONE', *, *, #4280, .T. ) ;
#925 = VERTEX_POINT ( 'NONE', #4201 ) ;
#926 = DIRECTION ( 'NONE',  ( 1.000000000000000000, 0.000000000000000000, 0.000000000000000000 ) ) ;
#927 = UNCERTAINTY_MEASURE_WITH_UNIT (LENGTH_MEASURE( 1.000000000000000082E-05 ), #3761, 'distance_accuracy_value', 'NONE');
#928 = LINE ( 'NONE', #2023, #4283 ) ;
#929 = EDGE_CURVE ( 'NONE', #1225, #3416, #2119, .T. ) ;
#930 = CARTESIAN_POINT ( 'NONE',  ( 17.52851568841700569, 19.19999999999993179, -3.600000000000000089 ) ) ;
#931 = EDGE_LOOP ( 'NONE', ( #4205, #1665, #4061, #515, #4743, #1342, #1149, #2627 ) ) ;
#932 = ORIENTED_EDGE ( 'NONE', *, *, #33, .T. ) ;
#933 = EDGE_LOOP ( 'NONE', ( #4399, #2404, #3479 ) ) ;
#934 = VECTOR ( 'NONE', #412, 1000.000000000000000 ) ;
#935 = CARTESIAN_POINT ( 'NONE',  ( -0.5794042551126808993, 15.14834642796049025, 0.000000000000000000 ) ) ;
#936 = LINE ( 'NONE', #2421, #4387 ) ;
#937 = ORIENTED_EDGE ( 'NONE', *, *, #2847, .F. ) ;
#938 = CARTESIAN_POINT ( 'NONE',  ( -32.19999999999998153, -0.000000000000000000, 0.000000000000000000 ) ) ;
#939 = FACE_OUTER_BOUND ( 'NONE', #1912, .T. ) ;
#940 = EDGE_CURVE ( 'NONE', #2264, #1097, #1744, .T. ) ;
#941 = VECTOR ( 'NONE', #1824, 1000.000000000000000 ) ;
#942 = VECTOR ( 'NONE', #741, 1000.000000000000000 ) ;
#943 = FACE_OUTER_BOUND ( 'NONE', #3266, .T. ) ;
#944 = ORIENTED_EDGE ( 'NONE', *, *, #2439, .F. ) ;
#945 = CARTESIAN_POINT ( 'NONE',  ( -27.04741326041585125, -15.13611808696517080, -3.600000000000000089 ) ) ;
#946 = ORIENTED_EDGE ( 'NONE', *, *, #4701, .F. ) ;
#947 = AXIS2_PLACEMENT_3D ( 'NONE', #4123, #3011, #1919 ) ;
#948 = DIRECTION ( 'NONE',  ( 0.000000000000000000, 0.000000000000000000, -1.000000000000000000 ) ) ;
#949 = ORIENTED_EDGE ( 'NONE', *, *, #1202, .F. ) ;
#950 = ORIENTED_EDGE ( 'NONE', *, *, #754, .T. ) ;
#951 = DIRECTION ( 'NONE',  ( 0.000000000000000000, 0.000000000000000000, -1.000000000000000000 ) ) ;
#952 = CARTESIAN_POINT ( 'NONE',  ( 13.92790066453865272, -0.7717432326737180270, -3.600000000000000089 ) ) ;
#953 = VECTOR ( 'NONE', #2913, 1000.000000000000114 ) ;
#954 = DIRECTION ( 'NONE',  ( -0.000000000000000000, -0.000000000000000000, 1.000000000000000000 ) ) ;
#955 = VERTEX_POINT ( 'NONE', #4617 ) ;
#956 = ORIENTED_EDGE ( 'NONE', *, *, #1078, .F. ) ;
#957 = ORIENTED_EDGE ( 'NONE', *, *, #4317, .F. ) ;
#958 = EDGE_CURVE ( 'NONE', #3453, #1419, #4228, .T. ) ;
#959 = AXIS2_PLACEMENT_3D ( 'NONE', #1661, #2926, #594 ) ;
#960 = CYLINDRICAL_SURFACE ( 'NONE', #3051, 2.000000000000001776 ) ;
#961 = CARTESIAN_POINT ( 'NONE',  ( 22.52010101267757847, -22.52010101267757847, -3.600000000000000089 ) ) ;
#962 = VERTEX_POINT ( 'NONE', #3980 ) ;
#963 = CARTESIAN_POINT ( 'NONE',  ( -27.04741326041585125, 0.000000000000000000, -3.600000000000000089 ) ) ;
#964 = CARTESIAN_POINT ( 'NONE',  ( 7.500000000000027534, 17.37499999999965183, 4.000000000000000000 ) ) ;
#965 = VECTOR ( 'NONE', #1612, 1000.000000000000114 ) ;
#966 = PLANE ( 'NONE',  #2754 ) ;
#967 = ORIENTED_EDGE ( 'NONE', *, *, #1641, .F. ) ;
#968 = AXIS2_PLACEMENT_3D ( 'NONE', #465, #4553, #3083 ) ;
#969 = DIRECTION ( 'NONE',  ( 0.000000000000000000, -0.000000000000000000, -1.000000000000000000 ) ) ;
#970 = ORIENTED_EDGE ( 'NONE', *, *, #95, .T. ) ;
#971 = DIRECTION ( 'NONE',  ( -0.7071067811865560104, -0.7071067811865391350, 0.000000000000000000 ) ) ;
#972 = ORIENTED_EDGE ( 'NONE', *, *, #4306, .F. ) ;
#973 = VERTEX_POINT ( 'NONE', #3232 ) ;
#974 = CARTESIAN_POINT ( 'NONE',  ( -6.577418957547303435, 8.553977797029707730, -13.60000000000000142 ) ) ;
#975 = CARTESIAN_POINT ( 'NONE',  ( 32.99999999999999289, -13.17157287525466280, 4.000000000000000000 ) ) ;
#976 = ORIENTED_EDGE ( 'NONE', *, *, #1557, .F. ) ;
#977 = VECTOR ( 'NONE', #4427, 1000.000000000000000 ) ;
#978 = ORIENTED_EDGE ( 'NONE', *, *, #2737, .F. ) ;
#979 = ORIENTED_EDGE ( 'NONE', *, *, #3871, .F. ) ;
#980 = VECTOR ( 'NONE', #1134, 1000.000000000000114 ) ;
#981 = FACE_OUTER_BOUND ( 'NONE', #3074, .T. ) ;
#982 = LINE ( 'NONE', #3198, #3422 ) ;
#983 = EDGE_CURVE ( 'NONE', #3644, #3678, #299, .T. ) ;
#984 = ORIENTED_EDGE ( 'NONE', *, *, #4726, .F. ) ;
#985 = EDGE_CURVE ( 'NONE', #1814, #4541, #2287, .T. ) ;
#986 = DIRECTION ( 'NONE',  ( 0.000000000000000000, 0.000000000000000000, -1.000000000000000000 ) ) ;
#987 = ADVANCED_FACE ( 'NONE', ( #179 ), #2192, .T. ) ;
#988 = PLANE ( 'NONE',  #709 ) ;
#989 = LINE ( 'NONE', #2113, #3806 ) ;
#990 = ADVANCED_FACE ( 'NONE', ( #4468 ), #1802, .F. ) ;
#991 = VERTEX_POINT ( 'NONE', #761 ) ;
#992 = CARTESIAN_POINT ( 'NONE',  ( 25.84020202535629807, 1.822746446835822542, -3.600000000000000089 ) ) ;
#993 = ORIENTED_EDGE ( 'NONE', *, *, #3152, .T. ) ;
#994 = DIRECTION ( 'NONE',  ( -0.000000000000000000, -0.000000000000000000, 1.000000000000000000 ) ) ;
#995 = LINE ( 'NONE', #2170, #560 ) ;
#996 = VERTEX_POINT ( 'NONE', #3713 ) ;
#997 = ORIENTED_EDGE ( 'NONE', *, *, #573, .F. ) ;
#998 = EDGE_CURVE ( 'NONE', #2100, #640, #2995, .T. ) ;
#999 = AXIS2_PLACEMENT_3D ( 'NONE', #399, #532, #3329 ) ;
#1000 = CARTESIAN_POINT ( 'NONE',  ( 13.46048889769418011, 0.000000000000000000, -3.600000000000000089 ) ) ;
#1001 = CARTESIAN_POINT ( 'NONE',  ( 0.000000000000000000, -10.46866271396552506, -3.600000000000000089 ) ) ;
#1002 = DIRECTION ( 'NONE',  ( -0.000000000000000000, -0.000000000000000000, 1.000000000000000000 ) ) ;
#1003 = EDGE_LOOP ( 'NONE', ( #3978, #345, #1247, #251 ) ) ;
#1004 = ORIENTED_EDGE ( 'NONE', *, *, #4486, .T. ) ;
#1005 = ORIENTED_EDGE ( 'NONE', *, *, #1986, .F. ) ;
#1006 = LINE ( 'NONE', #1036, #1969 ) ;
#1007 = DIRECTION ( 'NONE',  ( 0.4119762703940636484, -0.9111945745186355028, 0.000000000000000000 ) ) ;
#1008 = DIRECTION ( 'NONE',  ( 0.7071067811865476838, -0.7071067811865474617, 0.000000000000000000 ) ) ;
#1009 = ORIENTED_EDGE ( 'NONE', *, *, #2563, .F. ) ;
#1010 = CARTESIAN_POINT ( 'NONE',  ( 3.884495194305503052, 19.19999999999959783, -48.60000000000000142 ) ) ;
#1011 = CARTESIAN_POINT ( 'NONE',  ( 12.95027683787626316, 10.84376210602755286, 0.000000000000000000 ) ) ;
#1012 = AXIS2_PLACEMENT_3D ( 'NONE', #4543, #856, #882 ) ;
#1013 = ADVANCED_FACE ( 'NONE', ( #1074 ), #1127, .T. ) ;
#1014 = EDGE_CURVE ( 'NONE', #1812, #2078, #3669, .T. ) ;
#1015 = LINE ( 'NONE', #562, #879 ) ;
#1016 = CARTESIAN_POINT ( 'NONE',  ( -17.20308306692489353, 13.73681349229372550, -48.60000000000000142 ) ) ;
#1017 = ORIENTED_EDGE ( 'NONE', *, *, #1202, .T. ) ;
#1018 = AXIS2_PLACEMENT_3D ( 'NONE', #3461, #844, #143 ) ;
#1019 = CARTESIAN_POINT ( 'NONE',  ( 6.458862161587608952, -8.609442100909745932, -48.60000000000000142 ) ) ;
#1020 = VERTEX_POINT ( 'NONE', #398 ) ;
#1021 = ADVANCED_FACE ( 'NONE', ( #4759 ), #30, .T. ) ;
#1022 = CARTESIAN_POINT ( 'NONE',  ( -6.577418957547303435, 8.553977797029707730, -48.60000000000000142 ) ) ;
#1023 = DIRECTION ( 'NONE',  ( -0.000000000000000000, -0.000000000000000000, 1.000000000000000000 ) ) ;
#1024 = VECTOR ( 'NONE', #3694, 1000.000000000000114 ) ;
#1025 = VECTOR ( 'NONE', #3419, 1000.000000000000000 ) ;
#1026 = VERTEX_POINT ( 'NONE', #2551 ) ;
#1027 = ORIENTED_EDGE ( 'NONE', *, *, #3364, .F. ) ;
#1028 = DIRECTION ( 'NONE',  ( -1.000000000000000000, 0.000000000000000000, 0.000000000000000000 ) ) ;
#1029 = SURFACE_STYLE_USAGE ( .BOTH. , #4343 ) ;
#1030 = PLANE ( 'NONE',  #209 ) ;
#1031 = ORIENTED_EDGE ( 'NONE', *, *, #1051, .F. ) ;
#1032 = PRESENTATION_LAYER_ASSIGNMENT (  '', '', ( #3758 ) ) ;
#1033 = ORIENTED_EDGE ( 'NONE', *, *, #356, .T. ) ;
#1034 = ADVANCED_FACE ( 'NONE', ( #1518 ), #4412, .F. ) ;
#1035 = VECTOR ( 'NONE', #3170, 1000.000000000000000 ) ;
#1036 = CARTESIAN_POINT ( 'NONE',  ( 13.46048889769418011, -0.000000000000000000, 0.000000000000000000 ) ) ;
#1037 = LINE ( 'NONE', #3630, #2433 ) ;
#1038 = DIRECTION ( 'NONE',  ( -1.000000000000000000, 0.000000000000000000, 0.000000000000000000 ) ) ;
#1039 = ORIENTED_EDGE ( 'NONE', *, *, #2752, .F. ) ;
#1040 = LINE ( 'NONE', #3633, #1861 ) ;
#1041 = DIRECTION ( 'NONE',  ( 0.000000000000000000, 1.000000000000000000, 0.000000000000000000 ) ) ;
#1042 = COLOUR_RGB ( '',0.1098039215686274495, 0.1098039215686274495, 0.1098039215686274495 ) ;
#1043 = DIRECTION ( 'NONE',  ( 1.000000000000000000, 0.000000000000000000, 0.000000000000000000 ) ) ;
#1044 = EDGE_LOOP ( 'NONE', ( #3688, #4594, #1136, #244 ) ) ;
#1045 = AXIS2_PLACEMENT_3D ( 'NONE', #114, #4544, #2228 ) ;
#1046 = DIRECTION ( 'NONE',  ( -0.7526934102725825193, -0.6583711947922917807, 0.000000000000000000 ) ) ;
#1047 = VERTEX_POINT ( 'NONE', #779 ) ;
#1048 = VECTOR ( 'NONE', #595, 1000.000000000000000 ) ;
#1049 = VECTOR ( 'NONE', #3327, 1000.000000000000000 ) ;
#1050 = LINE ( 'NONE', #686, #4073 ) ;
#1051 = EDGE_CURVE ( 'NONE', #2944, #1769, #1522, .T. ) ;
#1052 = CARTESIAN_POINT ( 'NONE',  ( -34.99999999999999289, -13.17157287525463616, 4.000000000000000000 ) ) ;
#1053 = EDGE_CURVE ( 'NONE', #3961, #3006, #2529, .T. ) ;
#1054 = VERTEX_POINT ( 'NONE', #3742 ) ;
#1055 = VERTEX_POINT ( 'NONE', #422 ) ;
#1056 = DIRECTION ( 'NONE',  ( 0.000000000000000000, 1.000000000000000000, 0.000000000000000000 ) ) ;
#1057 = DIRECTION ( 'NONE',  ( -0.000000000000000000, -0.000000000000000000, -1.000000000000000000 ) ) ;
#1058 = DIRECTION ( 'NONE',  ( -0.7071067811865474617, -0.7071067811865474617, 0.000000000000000000 ) ) ;
#1059 = EDGE_CURVE ( 'NONE', #955, #4475, #2220, .T. ) ;
#1060 = ORIENTED_EDGE ( 'NONE', *, *, #1014, .F. ) ;
#1061 = ORIENTED_EDGE ( 'NONE', *, *, #2578, .F. ) ;
#1062 = CARTESIAN_POINT ( 'NONE',  ( -26.17157287525379772, 21.99999999999912959, 4.000000000000000000 ) ) ;
#1063 = DIRECTION ( 'NONE',  ( 1.000000000000000000, 0.000000000000000000, 0.000000000000000000 ) ) ;
#1064 = LINE ( 'NONE', #2543, #3442 ) ;
#1065 = VERTEX_POINT ( 'NONE', #3283 ) ;
#1066 = FACE_OUTER_BOUND ( 'NONE', #3492, .T. ) ;
#1067 = CIRCLE ( 'NONE', #760, 2.000000000000001776 ) ;
#1068 = EDGE_CURVE ( 'NONE', #4756, #3533, #3307, .T. ) ;
#1069 = DIRECTION ( 'NONE',  ( -0.000000000000000000, -0.000000000000000000, 1.000000000000000000 ) ) ;
#1070 = DIRECTION ( 'NONE',  ( 0.7071067811865481278, 0.7071067811865469066, -0.000000000000000000 ) ) ;
#1071 = ORIENTED_EDGE ( 'NONE', *, *, #1267, .T. ) ;
#1072 = CARTESIAN_POINT ( 'NONE',  ( 17.54996146112752697, -13.62373954635600981, -13.60000000000000142 ) ) ;
#1073 = ORIENTED_EDGE ( 'NONE', *, *, #1586, .T. ) ;
#1074 = FACE_OUTER_BOUND ( 'NONE', #189, .T. ) ;
#1075 = CARTESIAN_POINT ( 'NONE',  ( 0.000000000000000000, 0.000000000000000000, 0.000000000000000000 ) ) ;
#1076 = LINE ( 'NONE', #4684, #23 ) ;
#1077 = ORIENTED_EDGE ( 'NONE', *, *, #4376, .F. ) ;
#1078 = EDGE_CURVE ( 'NONE', #4409, #4393, #1050, .T. ) ;
#1079 = CARTESIAN_POINT ( 'NONE',  ( 11.85996497256762972, 1.101901726578784713, -48.60000000000000142 ) ) ;
#1080 = PLANE ( 'NONE',  #829 ) ;
#1081 = EDGE_LOOP ( 'NONE', ( #2795, #3932 ) ) ;
#1082 = AXIS2_PLACEMENT_3D ( 'NONE', #4568, #3757, #3826 ) ;
#1083 = VERTEX_POINT ( 'NONE', #4781 ) ;
#1084 = EDGE_CURVE ( 'NONE', #1833, #3390, #1444, .T. ) ;
#1085 = EDGE_CURVE ( 'NONE', #278, #1676, #1491, .T. ) ;
#1086 = VECTOR ( 'NONE', #253, 1000.000000000000000 ) ;
#1087 = CARTESIAN_POINT ( 'NONE',  ( 34.99999999999999289, -13.17157287525466280, 0.000000000000000000 ) ) ;
#1088 = DIRECTION ( 'NONE',  ( -1.000000000000000000, 0.000000000000000000, 0.000000000000000000 ) ) ;
#1089 = PLANE ( 'NONE',  #332 ) ;
#1090 = ORIENTED_EDGE ( 'NONE', *, *, #2813, .T. ) ;
#1091 = LINE ( 'NONE', #340, #917 ) ;
#1092 = FACE_OUTER_BOUND ( 'NONE', #2809, .T. ) ;
#1093 = CARTESIAN_POINT ( 'NONE',  ( -7.499999999999982236, -17.37500000000055067, 0.000000000000000000 ) ) ;
#1094 = ORIENTED_EDGE ( 'NONE', *, *, #1631, .F. ) ;
#1095 = EDGE_CURVE ( 'NONE', #3879, #1769, #323, .T. ) ;
#1096 = DIRECTION ( 'NONE',  ( -1.000000000000000000, 0.000000000000000000, -0.000000000000000000 ) ) ;
#1097 = VERTEX_POINT ( 'NONE', #2941 ) ;
#1098 = VECTOR ( 'NONE', #264, 1000.000000000000000 ) ;
#1099 = VECTOR ( 'NONE', #1410, 1000.000000000000000 ) ;
#1100 = DIRECTION ( 'NONE',  ( 0.000000000000000000, 0.000000000000000000, -1.000000000000000000 ) ) ;
#1101 = CARTESIAN_POINT ( 'NONE',  ( 24.49999999999958078, 24.49999999999953459, 4.000000000000000000 ) ) ;
#1102 = ORIENTED_EDGE ( 'NONE', *, *, #3344, .T. ) ;
#1103 = ORIENTED_EDGE ( 'NONE', *, *, #2028, .T. ) ;
#1104 = LINE ( 'NONE', #4446, #311 ) ;
#1105 = VECTOR ( 'NONE', #4442, 1000.000000000000000 ) ;
#1106 = AXIS2_PLACEMENT_3D ( 'NONE', #148, #558, #2038 ) ;
#1107 = PLANE ( 'NONE',  #1917 ) ;
#1108 = AXIS2_PLACEMENT_3D ( 'NONE', #2133, #2486, #2909 ) ;
#1109 = ORIENTED_EDGE ( 'NONE', *, *, #3953, .F. ) ;
#1110 = VECTOR ( 'NONE', #3505, 1000.000000000000000 ) ;
#1111 = ORIENTED_EDGE ( 'NONE', *, *, #2018, .T. ) ;
#1112 = AXIS2_PLACEMENT_3D ( 'NONE', #259, #3966, #3296 ) ;
#1113 = CARTESIAN_POINT ( 'NONE',  ( 30.53268101708428262, 8.583921237619168920, -13.60000000000000142 ) ) ;
#1114 = DIRECTION ( 'NONE',  ( 0.000000000000000000, 0.000000000000000000, -1.000000000000000000 ) ) ;
#1115 = CARTESIAN_POINT ( 'NONE',  ( -21.20005655272090195, -9.585131952028064006, -13.60000000000000142 ) ) ;
#1116 = ORIENTED_EDGE ( 'NONE', *, *, #2029, .T. ) ;
#1117 = LINE ( 'NONE', #21, #3018 ) ;
#1118 = EDGE_CURVE ( 'NONE', #1833, #13, #511, .T. ) ;
#1119 = ADVANCED_FACE ( 'NONE', ( #4127 ), #1622, .T. ) ;
#1120 = FILL_AREA_STYLE ('',( #3707 ) ) ;
#1121 = CARTESIAN_POINT ( 'NONE',  ( -0.5794042551126808993, 6.336498395826628993, 0.000000000000000000 ) ) ;
#1122 = ORIENTED_EDGE ( 'NONE', *, *, #2500, .F. ) ;
#1123 = CIRCLE ( 'NONE', #29, 4.050000000000001599 ) ;
#1124 = FACE_OUTER_BOUND ( 'NONE', #3783, .T. ) ;
#1125 = ORIENTED_EDGE ( 'NONE', *, *, #4367, .T. ) ;
#1126 = VECTOR ( 'NONE', #3077, 1000.000000000000000 ) ;
#1127 = PLANE ( 'NONE',  #3989 ) ;
#1128 = LINE ( 'NONE', #2221, #1024 ) ;
#1129 = AXIS2_PLACEMENT_3D ( 'NONE', #3298, #1764, #4044 ) ;
#1130 = DIRECTION ( 'NONE',  ( 0.000000000000000000, 0.000000000000000000, -1.000000000000000000 ) ) ;
#1131 = ORIENTED_EDGE ( 'NONE', *, *, #815, .F. ) ;
#1132 = AXIS2_PLACEMENT_3D ( 'NONE', #2751, #4589, #2145 ) ;
#1133 = LINE ( 'NONE', #1495, #3406 ) ;
#1134 = DIRECTION ( 'NONE',  ( -0.7071067811865474617, 0.7071067811865474617, 0.000000000000000000 ) ) ;
#1135 = AXIS2_PLACEMENT_3D ( 'NONE', #1239, #2381, #1987 ) ;
#1136 = ORIENTED_EDGE ( 'NONE', *, *, #392, .T. ) ;
#1137 = EDGE_LOOP ( 'NONE', ( #3209, #2438, #972, #2856 ) ) ;
#1138 = ADVANCED_FACE ( 'NONE', ( #3058 ), #4146, .F. ) ;
#1139 = LINE ( 'NONE', #90, #2599 ) ;
#1140 = CARTESIAN_POINT ( 'NONE',  ( 7.500000000000027534, 17.37499999999965183, -3.600000000000000089 ) ) ;
#1141 = DIRECTION ( 'NONE',  ( 0.000000000000000000, 0.000000000000000000, 1.000000000000000000 ) ) ;
#1142 = ORIENTED_EDGE ( 'NONE', *, *, #49, .T. ) ;
#1143 = CYLINDRICAL_SURFACE ( 'NONE', #2942, 2.000000000000001776 ) ;
#1144 = EDGE_CURVE ( 'NONE', #4090, #3243, #3301, .T. ) ;
#1145 = LINE ( 'NONE', #1915, #421 ) ;
#1146 = EDGE_CURVE ( 'NONE', #2972, #973, #2138, .T. ) ;
#1147 = EDGE_CURVE ( 'NONE', #3726, #2716, #4487, .T. ) ;
#1148 = DIRECTION ( 'NONE',  ( -0.000000000000000000, -0.000000000000000000, -1.000000000000000000 ) ) ;
#1149 = ORIENTED_EDGE ( 'NONE', *, *, #940, .T. ) ;
#1150 = CARTESIAN_POINT ( 'NONE',  ( -27.72963113701300131, 14.72963113701214866, 0.000000000000000000 ) ) ;
#1151 = ORIENTED_EDGE ( 'NONE', *, *, #1537, .T. ) ;
#1152 = AXIS2_PLACEMENT_3D ( 'NONE', #2776, #3117, #2051 ) ;
#1153 = EDGE_CURVE ( 'NONE', #151, #3865, #126, .T. ) ;
#1154 = DIRECTION ( 'NONE',  ( 1.000000000000000000, 0.000000000000000000, 0.000000000000000000 ) ) ;
#1155 = CARTESIAN_POINT ( 'NONE',  ( -26.48754925397454585, 2.109557787215294411, -48.60000000000000142 ) ) ;
#1156 = FACE_OUTER_BOUND ( 'NONE', #1350, .T. ) ;
#1157 = ORIENTED_EDGE ( 'NONE', *, *, #1345, .F. ) ;
#1158 = DIRECTION ( 'NONE',  ( -0.000000000000000000, -0.000000000000000000, 1.000000000000000000 ) ) ;
#1159 = PLANE ( 'NONE',  #3079 ) ;
#1160 = ORIENTED_EDGE ( 'NONE', *, *, #174, .F. ) ;
#1161 = EDGE_CURVE ( 'NONE', #1020, #3260, #2672, .T. ) ;
#1162 = VERTEX_POINT ( 'NONE', #2359 ) ;
#1163 = PLANE ( 'NONE',  #3132 ) ;
#1164 = LINE ( 'NONE', #3409, #498 ) ;
#1165 = CARTESIAN_POINT ( 'NONE',  ( -24.47002664756931622, 7.878289742465682366, 17.68316958818336104 ) ) ;
#1166 = ORIENTED_EDGE ( 'NONE', *, *, #1828, .F. ) ;
#1167 = DIRECTION ( 'NONE',  ( 1.000000000000000000, 0.000000000000000000, 0.000000000000000000 ) ) ;
#1168 = VECTOR ( 'NONE', #3788, 1000.000000000000000 ) ;
#1169 = PLANE ( 'NONE',  #3207 ) ;
#1170 = LINE ( 'NONE', #1983, #4578 ) ;
#1171 = VERTEX_POINT ( 'NONE', #1603 ) ;
#1172 = DIRECTION ( 'NONE',  ( 0.6115008177050538229, 0.7912437993097011235, 0.000000000000000000 ) ) ;
#1173 = ORIENTED_EDGE ( 'NONE', *, *, #4432, .T. ) ;
#1174 = EDGE_CURVE ( 'NONE', #3807, #2053, #1558, .T. ) ;
#1175 = EDGE_CURVE ( 'NONE', #1812, #380, #1176, .T. ) ;
#1176 = LINE ( 'NONE', #3857, #1593 ) ;
#1177 = DIRECTION ( 'NONE',  ( 0.000000000000000000, 0.000000000000000000, -1.000000000000000000 ) ) ;
#1178 = EDGE_CURVE ( 'NONE', #4691, #491, #3015, .T. ) ;
#1179 = VECTOR ( 'NONE', #3496, 1000.000000000000000 ) ;
#1180 = CARTESIAN_POINT ( 'NONE',  ( 0.000000000000000000, 6.336498395826628993, -3.600000000000000089 ) ) ;
#1181 = SHAPE_DEFINITION_REPRESENTATION ( #168, #2814 ) ;
#1182 = CARTESIAN_POINT ( 'NONE',  ( -21.73966880935162749, -19.20000000000083773, -13.60000000000000142 ) ) ;
#1183 = ORIENTED_EDGE ( 'NONE', *, *, #1095, .T. ) ;
#1184 = AXIS2_PLACEMENT_3D ( 'NONE', #4332, #4676, #2815 ) ;
#1185 = ORIENTED_EDGE ( 'NONE', *, *, #1233, .T. ) ;
#1186 = CARTESIAN_POINT ( 'NONE',  ( -19.59547977247137140, -8.595318925305528879, -13.60000000000000142 ) ) ;
#1187 = DIRECTION ( 'NONE',  ( 3.660376206301787361E-16, -1.000000000000000000, 0.000000000000000000 ) ) ;
#1188 = PLANE ( 'NONE',  #2520 ) ;
#1189 = ORIENTED_EDGE ( 'NONE', *, *, #748, .T. ) ;
#1190 = CARTESIAN_POINT ( 'NONE',  ( -4.483584262059647330, 19.19999999999959783, -48.60000000000000142 ) ) ;
#1191 = VECTOR ( 'NONE', #2839, 1000.000000000000000 ) ;
#1192 = CARTESIAN_POINT ( 'NONE',  ( 7.500000000000027534, 17.37499999999965183, 2.000000000000012879 ) ) ;
#1193 = CARTESIAN_POINT ( 'NONE',  ( -0.000000000000000000, -5.738133619709119060, 0.000000000000000000 ) ) ;
#1194 = ORIENTED_EDGE ( 'NONE', *, *, #3158, .T. ) ;
#1195 = CARTESIAN_POINT ( 'NONE',  ( -17.52005490015784517, 13.54010977025119011, -48.60000000000000142 ) ) ;
#1196 = ORIENTED_EDGE ( 'NONE', *, *, #3564, .T. ) ;
#1197 = VECTOR ( 'NONE', #2420, 1000.000000000000000 ) ;
#1198 = CARTESIAN_POINT ( 'NONE',  ( 32.20000000000000995, 0.3673820772719434968, -48.60000000000000142 ) ) ;
#1199 = DIRECTION ( 'NONE',  ( 3.154042683594195121E-16, -1.000000000000000000, 0.000000000000000000 ) ) ;
#1200 = VECTOR ( 'NONE', #1953, 1000.000000000000000 ) ;
#1201 = CARTESIAN_POINT ( 'NONE',  ( 19.69732799511277577, 8.583921237619168920, -48.60000000000000142 ) ) ;
#1202 = EDGE_CURVE ( 'NONE', #2026, #2389, #3810, .T. ) ;
#1203 = DIRECTION ( 'NONE',  ( -0.000000000000000000, -0.000000000000000000, 1.000000000000000000 ) ) ;
#1204 = EDGE_LOOP ( 'NONE', ( #1116, #1376, #3721, #3210 ) ) ;
#1205 = CIRCLE ( 'NONE', #274, 4.050000000000196110 ) ;
#1206 = ORIENTED_EDGE ( 'NONE', *, *, #392, .F. ) ;
#1207 = DIRECTION ( 'NONE',  ( 0.000000000000000000, 0.000000000000000000, 1.000000000000000000 ) ) ;
#1208 = DIRECTION ( 'NONE',  ( -1.000000000000000000, 0.000000000000000000, 0.000000000000000000 ) ) ;
#1209 = FACE_OUTER_BOUND ( 'NONE', #824, .T. ) ;
#1210 = VECTOR ( 'NONE', #2286, 1000.000000000000000 ) ;
#1211 = LINE ( 'NONE', #3730, #4763 ) ;
#1212 = ORIENTED_EDGE ( 'NONE', *, *, #3733, .F. ) ;
#1213 = DIRECTION ( 'NONE',  ( 0.9966798383318848931, 0.08142051254277368755, 0.000000000000000000 ) ) ;
#1214 = EDGE_CURVE ( 'NONE', #2696, #3604, #3767, .T. ) ;
#1215 = CARTESIAN_POINT ( 'NONE',  ( 0.000000000000000000, -1.259899410479727866, 0.000000000000000000 ) ) ;
#1216 = CARTESIAN_POINT ( 'NONE',  ( -22.52010101267937969, -22.52010101267939746, -48.60000000000000142 ) ) ;
#1217 = ORIENTED_EDGE ( 'NONE', *, *, #3139, .F. ) ;
#1218 = ORIENTED_EDGE ( 'NONE', *, *, #2302, .T. ) ;
#1219 = DIRECTION ( 'NONE',  ( 0.4119762703940636484, -0.9111945745186355028, 0.000000000000000000 ) ) ;
#1220 = CARTESIAN_POINT ( 'NONE',  ( -21.23483846495130223, 16.39490017788492437, -13.60000000000000142 ) ) ;
#1221 = AXIS2_PLACEMENT_3D ( 'NONE', #2585, #1424, #672 ) ;
#1222 = CARTESIAN_POINT ( 'NONE',  ( -3.980086411592489881, -5.738133619709119060, -48.60000000000000142 ) ) ;
#1223 = DIRECTION ( 'NONE',  ( 0.7738066955205333830, -0.6334218167758295381, 0.000000000000000000 ) ) ;
#1224 = EDGE_LOOP ( 'NONE', ( #2027, #887, #3398, #3626 ) ) ;
#1225 = VERTEX_POINT ( 'NONE', #1921 ) ;
#1226 = EDGE_CURVE ( 'NONE', #298, #1728, #3399, .T. ) ;
#1227 = CARTESIAN_POINT ( 'NONE',  ( 32.20000000000001705, -6.116575947249634382, -3.600000000000000089 ) ) ;
#1228 = CARTESIAN_POINT ( 'NONE',  ( -4.482022540734445815E-15, -19.20000000000048601, -13.60000000000000142 ) ) ;
#1229 = LINE ( 'NONE', #3116, #4522 ) ;
#1230 = FACE_OUTER_BOUND ( 'NONE', #564, .T. ) ;
#1231 = EDGE_LOOP ( 'NONE', ( #3044, #2205, #4358, #3819, #1392 ) ) ;
#1232 = CARTESIAN_POINT ( 'NONE',  ( 13.46048889769418011, 0.000000000000000000, -3.600000000000000089 ) ) ;
#1233 = EDGE_CURVE ( 'NONE', #3543, #4593, #849, .T. ) ;
#1234 = CARTESIAN_POINT ( 'NONE',  ( 12.68408224115261618, 6.336498395826628993, -3.600000000000000089 ) ) ;
#1235 = CARTESIAN_POINT ( 'NONE',  ( -9.348169492355349774, 1.822746446835822542, 0.000000000000000000 ) ) ;
#1236 = ORIENTED_EDGE ( 'NONE', *, *, #1855, .T. ) ;
#1237 = DIRECTION ( 'NONE',  ( 0.000000000000000000, 1.000000000000000000, 0.000000000000000000 ) ) ;
#1238 = AXIS2_PLACEMENT_3D ( 'NONE', #2035, #4648, #1331 ) ;
#1239 = CARTESIAN_POINT ( 'NONE',  ( -33.00000000000000711, 13.17157287525294329, 4.000000000000000000 ) ) ;
#1240 = VECTOR ( 'NONE', #1834, 1000.000000000000000 ) ;
#1241 = LINE ( 'NONE', #169, #248 ) ;
#1242 = ORIENTED_EDGE ( 'NONE', *, *, #2208, .F. ) ;
#1243 = DIRECTION ( 'NONE',  ( 0.000000000000000000, -0.000000000000000000, -1.000000000000000000 ) ) ;
#1244 = ADVANCED_FACE ( 'NONE', ( #2309 ), #3786, .T. ) ;
#1245 = LINE ( 'NONE', #150, #447 ) ;
#1246 = ADVANCED_FACE ( 'NONE', ( #104 ), #2331, .T. ) ;
#1247 = ORIENTED_EDGE ( 'NONE', *, *, #2164, .F. ) ;
#1248 = EDGE_LOOP ( 'NONE', ( #4621, #3049, #3990, #4314 ) ) ;
#1249 = DIRECTION ( 'NONE',  ( -1.000000000000000000, 0.000000000000000000, -0.000000000000000000 ) ) ;
#1250 = CARTESIAN_POINT ( 'NONE',  ( 0.000000000000000000, 0.000000000000000000, -48.60000000000000142 ) ) ;
#1251 = CARTESIAN_POINT ( 'NONE',  ( -14.12066010208511990, 1.822746446835822542, -3.600000000000000089 ) ) ;
#1252 = DIRECTION ( 'NONE',  ( 1.000000000000000000, 0.000000000000000000, 0.000000000000000000 ) ) ;
#1253 = VECTOR ( 'NONE', #1916, 1000.000000000000000 ) ;
#1254 = VERTEX_POINT ( 'NONE', #240 ) ;
#1255 = DIRECTION ( 'NONE',  ( -0.7071067811865560104, -0.7071067811865391350, 0.000000000000000000 ) ) ;
#1256 = ADVANCED_FACE ( 'NONE', ( #3178 ), #4629, .T. ) ;
#1257 = DIRECTION ( 'NONE',  ( -0.000000000000000000, -0.000000000000000000, 1.000000000000000000 ) ) ;
#1258 = DIRECTION ( 'NONE',  ( 0.6915932622371065985, 0.7222871725485899841, 0.000000000000000000 ) ) ;
#1259 = VECTOR ( 'NONE', #971, 999.9999999999998863 ) ;
#1260 = ORIENTED_EDGE ( 'NONE', *, *, #3014, .T. ) ;
#1261 = CIRCLE ( 'NONE', #3965, 2.000000000000001776 ) ;
#1262 = LINE ( 'NONE', #4413, #2032 ) ;
#1263 = EDGE_CURVE ( 'NONE', #298, #230, #4607, .T. ) ;
#1264 = DIRECTION ( 'NONE',  ( 1.000000000000000000, 0.000000000000000000, 0.000000000000000000 ) ) ;
#1265 = DIRECTION ( 'NONE',  ( -1.000000000000000000, 0.000000000000000000, -0.000000000000000000 ) ) ;
#1266 = ORIENTED_EDGE ( 'NONE', *, *, #983, .F. ) ;
#1267 = EDGE_CURVE ( 'NONE', #321, #2141, #3523, .T. ) ;
#1268 = VECTOR ( 'NONE', #1257, 1000.000000000000000 ) ;
#1269 = DIRECTION ( 'NONE',  ( -1.000000000000000000, 0.000000000000000000, 0.000000000000000000 ) ) ;
#1270 = CARTESIAN_POINT ( 'NONE',  ( 0.000000000000000000, 0.000000000000000000, -48.60000000000000142 ) ) ;
#1271 = VERTEX_POINT ( 'NONE', #2863 ) ;
#1272 = AXIS2_PLACEMENT_3D ( 'NONE', #3498, #2345, #4564 ) ;
#1273 = ORIENTED_EDGE ( 'NONE', *, *, #696, .T. ) ;
#1274 = DIRECTION ( 'NONE',  ( -1.000000000000000000, 0.000000000000000000, -0.000000000000000000 ) ) ;
#1275 = AXIS2_PLACEMENT_3D ( 'NONE', #2846, #616, #4318 ) ;
#1276 = FACE_OUTER_BOUND ( 'NONE', #746, .T. ) ;
#1277 = PLANE ( 'NONE',  #959 ) ;
#1278 = FACE_OUTER_BOUND ( 'NONE', #4484, .T. ) ;
#1279 = ORIENTED_EDGE ( 'NONE', *, *, #748, .F. ) ;
#1280 = VECTOR ( 'NONE', #3497, 1000.000000000000114 ) ;
#1281 = ORIENTED_EDGE ( 'NONE', *, *, #2706, .F. ) ;
#1282 = AXIS2_PLACEMENT_3D ( 'NONE', #1323, #2099, #2801 ) ;
#1283 = AXIS2_PLACEMENT_3D ( 'NONE', #2241, #1830, #5 ) ;
#1284 = CARTESIAN_POINT ( 'NONE',  ( -25.84020202535794297, -19.20000000000083773, 0.000000000000000000 ) ) ;
#1285 = CARTESIAN_POINT ( 'NONE',  ( 4.043537571099061978, 6.336498395826628993, -48.60000000000000142 ) ) ;
#1286 = ORIENTED_EDGE ( 'NONE', *, *, #4751, .T. ) ;
#1287 = CARTESIAN_POINT ( 'NONE',  ( -13.09354775139842175, -15.13611808696517080, 0.000000000000000000 ) ) ;
#1288 = EDGE_CURVE ( 'NONE', #3453, #2129, #585, .T. ) ;
#1289 = LINE ( 'NONE', #1674, #1412 ) ;
#1290 = DIRECTION ( 'NONE',  ( -0.000000000000000000, 0.000000000000000000, -1.000000000000000000 ) ) ;
#1291 = ORIENTED_EDGE ( 'NONE', *, *, #1301, .T. ) ;
#1292 = ADVANCED_FACE ( 'NONE', ( #943 ), #966, .T. ) ;
#1293 = EDGE_CURVE ( 'NONE', #3162, #278, #4238, .T. ) ;
#1294 = DIRECTION ( 'NONE',  ( 0.7071067811865464625, -0.7071067811865486830, 0.000000000000000000 ) ) ;
#1295 = DIRECTION ( 'NONE',  ( 0.7071067811865489050, 0.000000000000000000, 0.7071067811865461294 ) ) ;
#1296 = ORIENTED_EDGE ( 'NONE', *, *, #606, .F. ) ;
#1297 = VERTEX_POINT ( 'NONE', #1335 ) ;
#1298 = DIRECTION ( 'NONE',  ( -0.000000000000000000, 0.000000000000000000, 1.000000000000000000 ) ) ;
#1299 = LINE ( 'NONE', #4733, #1664 ) ;
#1300 = LINE ( 'NONE', #2775, #1200 ) ;
#1301 = EDGE_CURVE ( 'NONE', #2026, #3119, #3378, .T. ) ;
#1302 = LINE ( 'NONE', #2394, #2910 ) ;
#1303 = ORIENTED_EDGE ( 'NONE', *, *, #3834, .T. ) ;
#1304 = EDGE_LOOP ( 'NONE', ( #2606, #2504, #3240, #2728 ) ) ;
#1305 = ORIENTED_EDGE ( 'NONE', *, *, #3628, .F. ) ;
#1306 = PLANE ( 'NONE',  #1893 ) ;
#1307 = DIRECTION ( 'NONE',  ( -0.000000000000000000, -0.000000000000000000, 1.000000000000000000 ) ) ;
#1308 = EDGE_LOOP ( 'NONE', ( #4327, #1658, #3962, #463 ) ) ;
#1309 = DIRECTION ( 'NONE',  ( 1.000000000000000000, 0.000000000000000000, 0.000000000000000000 ) ) ;
#1310 = DIRECTION ( 'NONE',  ( -0.000000000000000000, 0.000000000000000000, 1.000000000000000000 ) ) ;
#1311 = FACE_OUTER_BOUND ( 'NONE', #541, .T. ) ;
#1312 = CARTESIAN_POINT ( 'NONE',  ( -19.59547977247137140, -8.595318925305528879, -13.60000000000000142 ) ) ;
#1313 = AXIS2_PLACEMENT_3D ( 'NONE', #3322, #3248, #2256 ) ;
#1314 = ORIENTED_EDGE ( 'NONE', *, *, #307, .T. ) ;
#1315 = EDGE_CURVE ( 'NONE', #3144, #361, #4610, .T. ) ;
#1316 = AXIS2_PLACEMENT_3D ( 'NONE', #107, #3402, #876 ) ;
#1317 = CARTESIAN_POINT ( 'NONE',  ( -34.99999999999999289, -22.00000000000087041, 4.000000000000000000 ) ) ;
#1318 = FACE_OUTER_BOUND ( 'NONE', #3587, .T. ) ;
#1319 = ORIENTED_EDGE ( 'NONE', *, *, #4459, .T. ) ;
#1320 = EDGE_LOOP ( 'NONE', ( #2601, #4066, #3854, #4009 ) ) ;
#1321 = CARTESIAN_POINT ( 'NONE',  ( -26.48754925397454940, 2.109557787215296187, -48.60000000000000142 ) ) ;
#1322 = FACE_BOUND ( 'NONE', #3385, .T. ) ;
#1323 = CARTESIAN_POINT ( 'NONE',  ( 7.500000000000027534, 17.37499999999965183, 0.000000000000000000 ) ) ;
#1324 = ORIENTED_EDGE ( 'NONE', *, *, #3122, .F. ) ;
#1325 = ORIENTED_EDGE ( 'NONE', *, *, #1345, .T. ) ;
#1326 = ORIENTED_EDGE ( 'NONE', *, *, #4605, .T. ) ;
#1327 = VECTOR ( 'NONE', #2812, 1000.000000000000114 ) ;
#1328 = LINE ( 'NONE', #4184, #181 ) ;
#1329 = CARTESIAN_POINT ( 'NONE',  ( 4.594683781056102312, -5.252945802676440401, -3.600000000000000089 ) ) ;
#1330 = ORIENTED_EDGE ( 'NONE', *, *, #1408, .T. ) ;
#1331 = DIRECTION ( 'NONE',  ( 0.000000000000000000, -0.000000000000000000, -1.000000000000000000 ) ) ;
#1332 = DIRECTION ( 'NONE',  ( 0.6115008177050538229, 0.7912437993097011235, 0.000000000000000000 ) ) ;
#1333 = AXIS2_PLACEMENT_3D ( 'NONE', #4338, #636, #351 ) ;
#1334 = AXIS2_PLACEMENT_3D ( 'NONE', #1805, #2554, #4470 ) ;
#1335 = CARTESIAN_POINT ( 'NONE',  ( 25.84020202535629807, 1.822746446835822542, 0.000000000000000000 ) ) ;
#1336 = VERTEX_POINT ( 'NONE', #556 ) ;
#1337 = AXIS2_PLACEMENT_3D ( 'NONE', #4277, #1669, #1643 ) ;
#1338 = CARTESIAN_POINT ( 'NONE',  ( -26.99999999999997868, -22.00000000000087041, 4.000000000000000000 ) ) ;
#1339 = ORIENTED_EDGE ( 'NONE', *, *, #671, .T. ) ;
#1340 = CIRCLE ( 'NONE', #1724, 1.574999999999999956 ) ;
#1341 = CARTESIAN_POINT ( 'NONE',  ( 0.000000000000000000, 0.000000000000000000, -3.600000000000000089 ) ) ;
#1342 = ORIENTED_EDGE ( 'NONE', *, *, #4723, .F. ) ;
#1343 = ORIENTED_EDGE ( 'NONE', *, *, #1854, .T. ) ;
#1344 = EDGE_CURVE ( 'NONE', #4267, #1600, #628, .T. ) ;
#1345 = EDGE_CURVE ( 'NONE', #2129, #3453, #327, .T. ) ;
#1346 = FACE_OUTER_BOUND ( 'NONE', #3094, .T. ) ;
#1347 = CARTESIAN_POINT ( 'NONE',  ( -32.19999999999998153, -5.044340367893423327, -48.60000000000000142 ) ) ;
#1348 = AXIS2_PLACEMENT_3D ( 'NONE', #4750, #1069, #317 ) ;
#1349 = DIRECTION ( 'NONE',  ( 1.000000000000000000, 0.000000000000000000, 0.000000000000000000 ) ) ;
#1350 = EDGE_LOOP ( 'NONE', ( #35, #4768, #3739, #4736, #2539, #2246, #3438, #4092 ) ) ;
#1351 = VERTEX_POINT ( 'NONE', #1361 ) ;
#1352 = ORIENTED_EDGE ( 'NONE', *, *, #732, .F. ) ;
#1353 = VECTOR ( 'NONE', #1810, 1000.000000000000000 ) ;
#1354 = ADVANCED_FACE ( 'NONE', ( #1311 ), #2447, .T. ) ;
#1355 = CARTESIAN_POINT ( 'NONE',  ( 0.000000000000000000, 19.19999999999959783, -48.60000000000000142 ) ) ;
#1356 = CARTESIAN_POINT ( 'NONE',  ( -0.5794042551126808993, 15.14834642796049025, -3.600000000000000089 ) ) ;
#1357 = VECTOR ( 'NONE', #1594, 1000.000000000000000 ) ;
#1358 = EDGE_LOOP ( 'NONE', ( #4547, #2455, #1291, #3544 ) ) ;
#1359 = FACE_OUTER_BOUND ( 'NONE', #3541, .T. ) ;
#1360 = CARTESIAN_POINT ( 'NONE',  ( -9.074999999999981526, -17.37500000000055067, 0.000000000000000000 ) ) ;
#1361 = CARTESIAN_POINT ( 'NONE',  ( 32.20000000000001705, -10.46866271396552506, -13.60000000000000142 ) ) ;
#1362 = ORIENTED_EDGE ( 'NONE', *, *, #2085, .T. ) ;
#1363 = EDGE_CURVE ( 'NONE', #4527, #235, #1712, .T. ) ;
#1364 = PLANE ( 'NONE',  #3351 ) ;
#1365 = ORIENTED_EDGE ( 'NONE', *, *, #2893, .F. ) ;
#1366 = CARTESIAN_POINT ( 'NONE',  ( -17.64482200819801960, -1.701415459276992115, -3.600000000000000089 ) ) ;
#1367 = ORIENTED_EDGE ( 'NONE', *, *, #2109, .F. ) ;
#1368 = ORIENTED_EDGE ( 'NONE', *, *, #3306, .T. ) ;
#1369 = FACE_OUTER_BOUND ( 'NONE', #291, .T. ) ;
#1370 = LINE ( 'NONE', #4397, #2514 ) ;
#1371 = DIRECTION ( 'NONE',  ( -0.7071067811865474617, -0.7071067811865474617, 0.000000000000000000 ) ) ;
#1372 = ORIENTED_EDGE ( 'NONE', *, *, #3158, .F. ) ;
#1373 = ORIENTED_EDGE ( 'NONE', *, *, #2184, .F. ) ;
#1374 = EDGE_CURVE ( 'NONE', #3902, #3338, #2837, .T. ) ;
#1375 = EDGE_CURVE ( 'NONE', #1162, #1777, #3974, .T. ) ;
#1376 = ORIENTED_EDGE ( 'NONE', *, *, #2677, .F. ) ;
#1377 = PLANE ( 'NONE',  #4435 ) ;
#1378 = CARTESIAN_POINT ( 'NONE',  ( -20.13877695529204459, -1.701415459276992115, -3.600000000000000089 ) ) ;
#1379 = DIRECTION ( 'NONE',  ( -0.000000000000000000, -0.000000000000000000, 1.000000000000000000 ) ) ;
#1380 = ORIENTED_EDGE ( 'NONE', *, *, #1178, .T. ) ;
#1381 = CARTESIAN_POINT ( 'NONE',  ( 6.458862161587608952, -8.609442100909745932, -48.60000000000000142 ) ) ;
#1382 = DIRECTION ( 'NONE',  ( -1.000000000000000000, 0.000000000000000000, 0.000000000000000000 ) ) ;
#1383 = EDGE_CURVE ( 'NONE', #2462, #3984, #1289, .T. ) ;
#1384 = EDGE_CURVE ( 'NONE', #1526, #4071, #3154, .T. ) ;
#1385 = DIRECTION ( 'NONE',  ( -0.000000000000000000, -0.000000000000000000, 1.000000000000000000 ) ) ;
#1386 = ORIENTED_EDGE ( 'NONE', *, *, #10, .T. ) ;
#1387 = DIRECTION ( 'NONE',  ( -1.000000000000000000, 0.000000000000000000, -0.000000000000000000 ) ) ;
#1388 = ORIENTED_EDGE ( 'NONE', *, *, #1161, .T. ) ;
#1389 = DIRECTION ( 'NONE',  ( -0.000000000000000000, 1.000000000000000000, -0.000000000000000000 ) ) ;
#1390 = DIRECTION ( 'NONE',  ( 1.000000000000000000, 0.000000000000000000, 0.000000000000000000 ) ) ;
#1391 = EDGE_LOOP ( 'NONE', ( #2540, #2443, #1973, #284 ) ) ;
#1392 = ORIENTED_EDGE ( 'NONE', *, *, #131, .T. ) ;
#1393 = VECTOR ( 'NONE', #3674, 1000.000000000000000 ) ;
#1394 = DIRECTION ( 'NONE',  ( 0.7071067811865489050, 0.000000000000000000, 0.7071067811865461294 ) ) ;
#1395 = EDGE_CURVE ( 'NONE', #484, #4748, #3906, .T. ) ;
#1396 = FACE_OUTER_BOUND ( 'NONE', #4647, .T. ) ;
#1397 = EDGE_CURVE ( 'NONE', #3192, #2101, #989, .T. ) ;
#1398 = DIRECTION ( 'NONE',  ( -1.000000000000000000, 0.000000000000000000, -0.000000000000000000 ) ) ;
#1399 = VERTEX_POINT ( 'NONE', #1121 ) ;
#1400 = ORIENTED_EDGE ( 'NONE', *, *, #727, .F. ) ;
#1401 = ORIENTED_EDGE ( 'NONE', *, *, #394, .T. ) ;
#1402 = DIRECTION ( 'NONE',  ( 0.6115008177050538229, 0.7912437993097011235, 0.000000000000000000 ) ) ;
#1403 = CARTESIAN_POINT ( 'NONE',  ( 0.000000000000000000, 19.19999999999993534, -3.600000000000000089 ) ) ;
#1404 = PLANE ( 'NONE',  #4604 ) ;
#1405 = EDGE_LOOP ( 'NONE', ( #4790, #3684, #2922, #794 ) ) ;
#1406 = CARTESIAN_POINT ( 'NONE',  ( -13.49192192987385575, -1.701415459276992115, -3.600000000000000089 ) ) ;
#1407 = AXIS2_PLACEMENT_3D ( 'NONE', #4521, #1207, #4156 ) ;
#1408 = EDGE_CURVE ( 'NONE', #4668, #1254, #2235, .T. ) ;
#1409 = DIRECTION ( 'NONE',  ( 0.000000000000000000, -0.000000000000000000, 1.000000000000000000 ) ) ;
#1410 = DIRECTION ( 'NONE',  ( 1.000000000000000000, 0.000000000000000000, 0.000000000000000000 ) ) ;
#1411 = ORIENTED_EDGE ( 'NONE', *, *, #2561, .F. ) ;
#1412 = VECTOR ( 'NONE', #2763, 1000.000000000000000 ) ;
#1413 = CARTESIAN_POINT ( 'NONE',  ( 4.594683781056102312, -5.252945802676440401, -3.600000000000000089 ) ) ;
#1414 = ORIENTED_EDGE ( 'NONE', *, *, #3062, .F. ) ;
#1415 = CARTESIAN_POINT ( 'NONE',  ( 9.880838398659534505, 15.03514791579410392, -13.60000000000000142 ) ) ;
#1416 = LINE ( 'NONE', #1751, #4658 ) ;
#1417 = AXIS2_PLACEMENT_3D ( 'NONE', #2452, #2531, #687 ) ;
#1418 = CIRCLE ( 'NONE', #4582, 10.82663658333988188 ) ;
#1419 = VERTEX_POINT ( 'NONE', #318 ) ;
#1420 = EDGE_CURVE ( 'NONE', #4533, #321, #2596, .T. ) ;
#1421 = VERTEX_POINT ( 'NONE', #4801 ) ;
#1422 = DIRECTION ( 'NONE',  ( 0.9951656587252739605, 0.09821054777309637385, 0.000000000000000000 ) ) ;
#1423 = DIRECTION ( 'NONE',  ( 0.000000000000000000, -1.000000000000000000, 0.000000000000000000 ) ) ;
#1424 = DIRECTION ( 'NONE',  ( 0.000000000000000000, -0.000000000000000000, -1.000000000000000000 ) ) ;
#1425 = ORIENTED_EDGE ( 'NONE', *, *, #3724, .F. ) ;
#1426 = EDGE_CURVE ( 'NONE', #2307, #3530, #2335, .T. ) ;
#1427 = VERTEX_POINT ( 'NONE', #730 ) ;
#1428 = VECTOR ( 'NONE', #3800, 1000.000000000000000 ) ;
#1429 = DIRECTION ( 'NONE',  ( 0.000000000000000000, 0.000000000000000000, -1.000000000000000000 ) ) ;
#1430 = DIRECTION ( 'NONE',  ( 1.000000000000000000, 0.000000000000000000, 0.000000000000000000 ) ) ;
#1431 = DIRECTION ( 'NONE',  ( -1.000000000000000000, 0.000000000000000000, -0.000000000000000000 ) ) ;
#1432 = VERTEX_POINT ( 'NONE', #1511 ) ;
#1433 = CARTESIAN_POINT ( 'NONE',  ( 32.20000000000000995, 2.357282276858352039E-14, -48.60000000000000142 ) ) ;
#1434 = AXIS2_PLACEMENT_3D ( 'NONE', #3796, #885, #4545 ) ;
#1435 = EDGE_CURVE ( 'NONE', #767, #1162, #861, .T. ) ;
#1436 = DIRECTION ( 'NONE',  ( -1.000000000000000000, 0.000000000000000000, -0.000000000000000000 ) ) ;
#1437 = FACE_OUTER_BOUND ( 'NONE', #931, .T. ) ;
#1438 = ORIENTED_EDGE ( 'NONE', *, *, #3472, .T. ) ;
#1439 = LINE ( 'NONE', #1413, #2493 ) ;
#1440 = ORIENTED_EDGE ( 'NONE', *, *, #2329, .F. ) ;
#1441 = AXIS2_PLACEMENT_3D ( 'NONE', #1684, #3166, #3093 ) ;
#1442 = EDGE_CURVE ( 'NONE', #2101, #1047, #4463, .T. ) ;
#1443 = VECTOR ( 'NONE', #1719, 1000.000000000000000 ) ;
#1444 = LINE ( 'NONE', #1467, #1049 ) ;
#1445 = LINE ( 'NONE', #3566, #2805 ) ;
#1446 = ORIENTED_EDGE ( 'NONE', *, *, #4215, .F. ) ;
#1447 = ADVANCED_FACE ( 'NONE', ( #3663 ), #2162, .T. ) ;
#1448 = VERTEX_POINT ( 'NONE', #2618 ) ;
#1449 = LINE ( 'NONE', #1881, #2323 ) ;
#1450 = FACE_OUTER_BOUND ( 'NONE', #4686, .T. ) ;
#1451 = LINE ( 'NONE', #2927, #374 ) ;
#1452 = VERTEX_POINT ( 'NONE', #2888 ) ;
#1453 = ORIENTED_EDGE ( 'NONE', *, *, #146, .T. ) ;
#1454 = EDGE_CURVE ( 'NONE', #3396, #1419, #4501, .T. ) ;
#1455 = LINE ( 'NONE', #4745, #4528 ) ;
#1456 = CARTESIAN_POINT ( 'NONE',  ( -23.77294013446123344, 6.336498395826628993, -3.600000000000000089 ) ) ;
#1457 = AXIS2_PLACEMENT_3D ( 'NONE', #1689, #1307, #2782 ) ;
#1458 = CARTESIAN_POINT ( 'NONE',  ( 6.458862161587608952, -8.609442100909745932, -48.60000000000000142 ) ) ;
#1459 = ORIENTED_EDGE ( 'NONE', *, *, #3097, .T. ) ;
#1460 = LINE ( 'NONE', #4354, #4325 ) ;
#1461 = AXIS2_PLACEMENT_3D ( 'NONE', #2608, #3000, #12 ) ;
#1462 = LINE ( 'NONE', #2546, #953 ) ;
#1463 = CARTESIAN_POINT ( 'NONE',  ( -27.58578643762688642, 21.41421356237222184, 0.000000000000000000 ) ) ;
#1464 = ORIENTED_EDGE ( 'NONE', *, *, #4571, .F. ) ;
#1465 = CARTESIAN_POINT ( 'NONE',  ( 0.000000000000000000, -10.46866271396552506, -48.60000000000000142 ) ) ;
#1466 = ORIENTED_EDGE ( 'NONE', *, *, #4241, .T. ) ;
#1467 = CARTESIAN_POINT ( 'NONE',  ( -23.11229991305070186, 6.336498395826628993, -48.60000000000000142 ) ) ;
#1468 = LINE ( 'NONE', #2553, #3276 ) ;
#1469 = DIRECTION ( 'NONE',  ( -0.000000000000000000, -0.000000000000000000, 1.000000000000000000 ) ) ;
#1470 = EDGE_CURVE ( 'NONE', #609, #4791, #3346, .T. ) ;
#1471 = ORIENTED_EDGE ( 'NONE', *, *, #3921, .T. ) ;
#1472 = DIRECTION ( 'NONE',  ( -1.000000000000000000, 0.000000000000000000, 0.000000000000000000 ) ) ;
#1473 = PRODUCT_CONTEXT ( 'NONE', #2074, 'mechanical' ) ;
#1474 = DIRECTION ( 'NONE',  ( -1.000000000000000000, 0.000000000000000000, 0.000000000000000000 ) ) ;
#1475 = EDGE_CURVE ( 'NONE', #491, #4709, #1566, .T. ) ;
#1476 = ORIENTED_EDGE ( 'NONE', *, *, #3692, .F. ) ;
#1477 = VECTOR ( 'NONE', #652, 1000.000000000000000 ) ;
#1478 = EDGE_LOOP ( 'NONE', ( #2823, #4300, #2691, #4333 ) ) ;
#1479 = VECTOR ( 'NONE', #3017, 1000.000000000000000 ) ;
#1480 = CARTESIAN_POINT ( 'NONE',  ( -27.72963113701300131, 14.72963113701214866, 2.000000000000012879 ) ) ;
#1481 = DIRECTION ( 'NONE',  ( 1.000000000000000000, 0.000000000000000000, 0.000000000000000000 ) ) ;
#1482 = CARTESIAN_POINT ( 'NONE',  ( 6.458862161587608952, -8.609442100909745932, -3.600000000000000089 ) ) ;
#1483 = ORIENTED_EDGE ( 'NONE', *, *, #1641, .T. ) ;
#1484 = DIRECTION ( 'NONE',  ( -0.000000000000000000, -0.000000000000000000, 1.000000000000000000 ) ) ;
#1485 = DIRECTION ( 'NONE',  ( -0.000000000000000000, -0.000000000000000000, 1.000000000000000000 ) ) ;
#1486 = DIRECTION ( 'NONE',  ( -1.000000000000000000, 0.000000000000000000, 0.000000000000000000 ) ) ;
#1487 = EDGE_LOOP ( 'NONE', ( #1160, #4643, #2315, #3401 ) ) ;
#1488 = CARTESIAN_POINT ( 'NONE',  ( 9.100253193063949197, 10.84376210602755286, -13.60000000000000142 ) ) ;
#1489 = EDGE_LOOP ( 'NONE', ( #2562, #3386, #590, #56 ) ) ;
#1490 = VECTOR ( 'NONE', #4163, 999.9999999999998863 ) ;
#1491 = LINE ( 'NONE', #2168, #2602 ) ;
#1492 = DIRECTION ( 'NONE',  ( -0.7071067811865469066, 0.7071067811865481278, -0.000000000000000000 ) ) ;
#1493 = DIRECTION ( 'NONE',  ( 1.000000000000000000, 0.000000000000000000, 0.000000000000000000 ) ) ;
#1494 = ORIENTED_EDGE ( 'NONE', *, *, #1794, .F. ) ;
#1495 = CARTESIAN_POINT ( 'NONE',  ( -35.00000000000000711, 21.99999999999912959, 0.000000000000000000 ) ) ;
#1496 = VECTOR ( 'NONE', #4707, 1000.000000000000000 ) ;
#1497 = VECTOR ( 'NONE', #423, 1000.000000000000000 ) ;
#1498 = CARTESIAN_POINT ( 'NONE',  ( -32.19999999999998153, 2.192713436123698401, -48.60000000000000142 ) ) ;
#1499 = ORIENTED_EDGE ( 'NONE', *, *, #1859, .T. ) ;
#1500 = ORIENTED_EDGE ( 'NONE', *, *, #514, .T. ) ;
#1501 = EDGE_CURVE ( 'NONE', #2071, #2200, #25, .T. ) ;
#1502 = AXIS2_PLACEMENT_3D ( 'NONE', #396, #3376, #1872 ) ;
#1503 = EDGE_CURVE ( 'NONE', #2696, #212, #3614, .T. ) ;
#1504 = CARTESIAN_POINT ( 'NONE',  ( 6.458862161587608952, -8.609442100909745932, -48.60000000000000142 ) ) ;
#1505 = CARTESIAN_POINT ( 'NONE',  ( -17.45129073559111532, -19.20000000000083773, -48.60000000000000142 ) ) ;
#1506 = CARTESIAN_POINT ( 'NONE',  ( -19.59547977247137140, -8.595318925305528879, -3.600000000000000089 ) ) ;
#1507 = EDGE_LOOP ( 'NONE', ( #752, #1166, #2977, #1996, #3667, #3069, #1920, #1303 ) ) ;
#1508 = DIRECTION ( 'NONE',  ( -0.000000000000000000, 0.000000000000000000, 1.000000000000000000 ) ) ;
#1509 = CIRCLE ( 'NONE', #4591, 10.83535302197150152 ) ;
#1510 = DIRECTION ( 'NONE',  ( 1.000000000000000000, 0.000000000000000000, 0.000000000000000000 ) ) ;
#1511 = CARTESIAN_POINT ( 'NONE',  ( -26.15463113701300202, 14.72963113701214866, 0.000000000000000000 ) ) ;
#1512 = ORIENTED_EDGE ( 'NONE', *, *, #1992, .T. ) ;
#1513 = VECTOR ( 'NONE', #4255, 1000.000000000000000 ) ;
#1514 = CARTESIAN_POINT ( 'NONE',  ( 19.69732799511277577, 8.583921237619168920, -13.60000000000000142 ) ) ;
#1515 = EDGE_LOOP ( 'NONE', ( #764, #1296, #111, #2007 ) ) ;
#1516 = CIRCLE ( 'NONE', #4212, 2.000000000000001776 ) ;
#1517 = EDGE_CURVE ( 'NONE', #26, #456, #2187, .T. ) ;
#1518 = FACE_OUTER_BOUND ( 'NONE', #3068, .T. ) ;
#1519 = DIRECTION ( 'NONE',  ( 0.000000000000000000, 1.000000000000000000, 0.000000000000000000 ) ) ;
#1520 = VECTOR ( 'NONE', #139, 1000.000000000000000 ) ;
#1521 = DIRECTION ( 'NONE',  ( -1.000000000000000000, 0.000000000000000000, 0.000000000000000000 ) ) ;
#1522 = CIRCLE ( 'NONE', #2219, 10.81927942710966128 ) ;
#1523 = CARTESIAN_POINT ( 'NONE',  ( -27.58578643762687932, -21.41421356237396623, 0.000000000000000000 ) ) ;
#1524 = LINE ( 'NONE', #426, #3928 ) ;
#1525 = ORIENTED_EDGE ( 'NONE', *, *, #4424, .F. ) ;
#1526 = VERTEX_POINT ( 'NONE', #2524 ) ;
#1527 = CARTESIAN_POINT ( 'NONE',  ( -24.15463113701300912, 14.72963113701214866, 4.000000000000000000 ) ) ;
#1528 = DIRECTION ( 'NONE',  ( 0.000000000000000000, 1.000000000000000000, 0.000000000000000000 ) ) ;
#1529 = PLANE ( 'NONE',  #119 ) ;
#1530 = ORIENTED_EDGE ( 'NONE', *, *, #1263, .F. ) ;
#1531 = CARTESIAN_POINT ( 'NONE',  ( -26.15463113701300202, 14.72963113701214866, 2.000000000000012879 ) ) ;
#1532 = EDGE_CURVE ( 'NONE', #2078, #3416, #4000, .T. ) ;
#1533 = PRESENTATION_STYLE_ASSIGNMENT (( #52 ) ) ;
#1534 = ADVANCED_FACE ( 'NONE', ( #1437 ), #4025, .T. ) ;
#1535 = CARTESIAN_POINT ( 'NONE',  ( 27.58578643762685800, -21.41421356237397688, 0.000000000000000000 ) ) ;
#1536 = ORIENTED_EDGE ( 'NONE', *, *, #449, .F. ) ;
#1537 = EDGE_CURVE ( 'NONE', #3405, #3549, #2962, .T. ) ;
#1538 = DIRECTION ( 'NONE',  ( -0.000000000000000000, -0.000000000000000000, 1.000000000000000000 ) ) ;
#1539 = EDGE_LOOP ( 'NONE', ( #2437, #3342, #1690, #1330 ) ) ;
#1540 = DIRECTION ( 'NONE',  ( -1.000000000000000000, 0.000000000000000000, 0.000000000000000000 ) ) ;
#1541 = LINE ( 'NONE', #806, #1497 ) ;
#1542 = PLANE ( 'NONE',  #2786 ) ;
#1543 = FACE_OUTER_BOUND ( 'NONE', #109, .T. ) ;
#1544 = ORIENTED_EDGE ( 'NONE', *, *, #4194, .F. ) ;
#1545 = ORIENTED_EDGE ( 'NONE', *, *, #3098, .F. ) ;
#1546 = FACE_OUTER_BOUND ( 'NONE', #1248, .T. ) ;
#1547 = DIRECTION ( 'NONE',  ( -0.000000000000000000, -0.000000000000000000, 1.000000000000000000 ) ) ;
#1548 = LINE ( 'NONE', #3432, #1357 ) ;
#1549 = ORIENTED_EDGE ( 'NONE', *, *, #2290, .F. ) ;
#1550 = DIRECTION ( 'NONE',  ( 1.000000000000000000, -0.000000000000000000, 0.000000000000000000 ) ) ;
#1551 = CIRCLE ( 'NONE', #4406, 1.574999999999999956 ) ;
#1552 = VECTOR ( 'NONE', #303, 1000.000000000000000 ) ;
#1553 = DIRECTION ( 'NONE',  ( -0.000000000000000000, -0.000000000000000000, 1.000000000000000000 ) ) ;
#1554 = VERTEX_POINT ( 'NONE', #705 ) ;
#1555 = LINE ( 'NONE', #1488, #2423 ) ;
#1556 = VERTEX_POINT ( 'NONE', #4776 ) ;
#1557 = EDGE_CURVE ( 'NONE', #2988, #3280, #368, .T. ) ;
#1558 = LINE ( 'NONE', #4190, #45 ) ;
#1559 = CARTESIAN_POINT ( 'NONE',  ( -23.53410677005261675, 5.808255189840514809, -48.60000000000000142 ) ) ;
#1560 = VECTOR ( 'NONE', #1167, 1000.000000000000000 ) ;
#1561 = DIRECTION ( 'NONE',  ( -0.000000000000000000, 0.000000000000000000, 1.000000000000000000 ) ) ;
#1562 = DIRECTION ( 'NONE',  ( 1.000000000000000000, 0.000000000000000000, 0.000000000000000000 ) ) ;
#1563 = DIRECTION ( 'NONE',  ( 0.6157308153927431027, 0.7879565742956826657, 0.000000000000000000 ) ) ;
#1564 = EDGE_CURVE ( 'NONE', #1615, #1556, #1846, .T. ) ;
#1565 = ORIENTED_EDGE ( 'NONE', *, *, #985, .T. ) ;
#1566 = CIRCLE ( 'NONE', #3187, 3.574999999999994849 ) ;
#1567 = ORIENTED_EDGE ( 'NONE', *, *, #2564, .T. ) ;
#1568 = CARTESIAN_POINT ( 'NONE',  ( -32.19999999999998153, -5.044340367893423327, -48.60000000000000142 ) ) ;
#1569 = CIRCLE ( 'NONE', #2343, 10.84997384688810307 ) ;
#1570 = DIRECTION ( 'NONE',  ( -0.6915932622370855043, -0.7222871725486103012, 0.000000000000000000 ) ) ;
#1571 = LINE ( 'NONE', #18, #4595 ) ;
#1572 = CARTESIAN_POINT ( 'NONE',  ( -27.72963113701300131, 14.72963113701214866, -3.600000000000000089 ) ) ;
#1573 = VERTEX_POINT ( 'NONE', #1235 ) ;
#1574 = DIRECTION ( 'NONE',  ( -1.000000000000000000, 0.000000000000000000, 0.000000000000000000 ) ) ;
#1575 = VECTOR ( 'NONE', #3738, 1000.000000000000000 ) ;
#1576 = DIRECTION ( 'NONE',  ( -1.000000000000000000, 0.000000000000000000, 0.000000000000000000 ) ) ;
#1577 = EDGE_LOOP ( 'NONE', ( #3866, #3582, #325, #3316 ) ) ;
#1578 = EDGE_LOOP ( 'NONE', ( #4035, #4559, #2218, #2196 ) ) ;
#1579 = PRESENTATION_LAYER_ASSIGNMENT (  '', '', ( #2819 ) ) ;
#1580 = CARTESIAN_POINT ( 'NONE',  ( 0.000000000000000000, 6.336498395826628993, -48.60000000000000142 ) ) ;
#1581 = DIRECTION ( 'NONE',  ( -0.7814369087035260009, 0.6239842607917904793, 0.000000000000000000 ) ) ;
#1582 = EDGE_CURVE ( 'NONE', #925, #405, #1170, .T. ) ;
#1583 = CIRCLE ( 'NONE', #349, 10.82663658333988366 ) ;
#1584 = PLANE ( 'NONE',  #1316 ) ;
#1585 = LINE ( 'NONE', #3042, #135 ) ;
#1586 = EDGE_CURVE ( 'NONE', #4175, #996, #2710, .T. ) ;
#1587 = EDGE_CURVE ( 'NONE', #2409, #3452, #416, .T. ) ;
#1588 = EDGE_LOOP ( 'NONE', ( #2952, #420, #2528, #2154 ) ) ;
#1589 = ORIENTED_EDGE ( 'NONE', *, *, #2475, .T. ) ;
#1590 = CARTESIAN_POINT ( 'NONE',  ( 22.52010101267812203, 22.52010101267810072, -48.60000000000000142 ) ) ;
#1591 = DIRECTION ( 'NONE',  ( -0.7071067811865464625, 0.7071067811865486830, -0.000000000000000000 ) ) ;
#1592 = LINE ( 'NONE', #567, #1822 ) ;
#1593 = VECTOR ( 'NONE', #534, 1000.000000000000000 ) ;
#1594 = DIRECTION ( 'NONE',  ( -0.000000000000000000, -0.000000000000000000, 1.000000000000000000 ) ) ;
#1595 = VERTEX_POINT ( 'NONE', #2259 ) ;
#1596 = DIRECTION ( 'NONE',  ( -0.000000000000000000, -0.000000000000000000, 1.000000000000000000 ) ) ;
#1597 = EDGE_CURVE ( 'NONE', #719, #3841, #3107, .T. ) ;
#1598 = CARTESIAN_POINT ( 'NONE',  ( -4.482022540734445815E-15, -19.20000000000048601, 0.000000000000000000 ) ) ;
#1599 = LINE ( 'NONE', #1216, #1490 ) ;
#1600 = VERTEX_POINT ( 'NONE', #4550 ) ;
#1601 = DIRECTION ( 'NONE',  ( 0.000000000000000000, -0.000000000000000000, -1.000000000000000000 ) ) ;
#1602 = VERTEX_POINT ( 'NONE', #1535 ) ;
#1603 = CARTESIAN_POINT ( 'NONE',  ( 29.44006110360923500, -6.116575947249633494, -13.60000000000000142 ) ) ;
#1604 = DIRECTION ( 'NONE',  ( -0.000000000000000000, -0.000000000000000000, 1.000000000000000000 ) ) ;
#1605 = VECTOR ( 'NONE', #744, 1000.000000000000000 ) ;
#1606 = CARTESIAN_POINT ( 'NONE',  ( -20.19399625389601738, 10.84376210602755464, -13.60000000000000142 ) ) ;
#1607 = DIRECTION ( 'NONE',  ( -1.000000000000000000, 0.000000000000000000, 0.000000000000000000 ) ) ;
#1608 = EDGE_LOOP ( 'NONE', ( #3892, #3737, #1122, #4297 ) ) ;
#1609 = ORIENTED_EDGE ( 'NONE', *, *, #3274, .T. ) ;
#1610 = EDGE_CURVE ( 'NONE', #1735, #1097, #508, .T. ) ;
#1611 = FACE_OUTER_BOUND ( 'NONE', #1137, .T. ) ;
#1612 = DIRECTION ( 'NONE',  ( -0.8356902159628883942, 0.5492011133855254634, 0.000000000000000000 ) ) ;
#1613 = CARTESIAN_POINT ( 'NONE',  ( 26.15463113701220621, -14.72963113701221083, 2.000000000000012879 ) ) ;
#1614 = DIRECTION ( 'NONE',  ( -0.000000000000000000, 0.000000000000000000, -1.000000000000000000 ) ) ;
#1615 = VERTEX_POINT ( 'NONE', #1618 ) ;
#1616 = FACE_OUTER_BOUND ( 'NONE', #4773, .T. ) ;
#1617 = CARTESIAN_POINT ( 'NONE',  ( 29.30463113701220479, -14.72963113701221083, 4.000000000000000000 ) ) ;
#1618 = CARTESIAN_POINT ( 'NONE',  ( -14.12066010208511990, 6.336498395826628993, -3.600000000000000089 ) ) ;
#1619 = ORIENTED_EDGE ( 'NONE', *, *, #1384, .T. ) ;
#1620 = DIRECTION ( 'NONE',  ( -0.000000000000000000, -0.000000000000000000, 1.000000000000000000 ) ) ;
#1621 = AXIS2_PLACEMENT_3D ( 'NONE', #2206, #4381, #2884 ) ;
#1622 = CYLINDRICAL_SURFACE ( 'NONE', #1135, 2.000000000000001776 ) ;
#1623 = DIRECTION ( 'NONE',  ( 0.000000000000000000, -1.000000000000000000, 0.000000000000000000 ) ) ;
#1624 = VERTEX_POINT ( 'NONE', #2353 ) ;
#1625 = PLANE ( 'NONE',  #3947 ) ;
#1626 = DIRECTION ( 'NONE',  ( 0.000000000000000000, 0.000000000000000000, -1.000000000000000000 ) ) ;
#1627 = ORIENTED_EDGE ( 'NONE', *, *, #1374, .F. ) ;
#1628 = EDGE_CURVE ( 'NONE', #2200, #484, #1599, .T. ) ;
#1629 = VECTOR ( 'NONE', #2412, 1000.000000000000000 ) ;
#1630 = EDGE_LOOP ( 'NONE', ( #2871, #256, #2143, #4421 ) ) ;
#1631 = EDGE_CURVE ( 'NONE', #3879, #2582, #3829, .T. ) ;
#1632 = CARTESIAN_POINT ( 'NONE',  ( -31.57664897819757854, 13.46355304715846657, 0.000000000000000000 ) ) ;
#1633 = DIRECTION ( 'NONE',  ( -0.000000000000000000, -0.000000000000000000, 1.000000000000000000 ) ) ;
#1634 = DIRECTION ( 'NONE',  ( -0.000000000000000000, 0.000000000000000000, 1.000000000000000000 ) ) ;
#1635 = CARTESIAN_POINT ( 'NONE',  ( 29.44006110360922079, -6.116575947249635270, -48.60000000000000142 ) ) ;
#1636 = AXIS2_PLACEMENT_3D ( 'NONE', #4573, #4209, #3736 ) ;
#1637 = VERTEX_POINT ( 'NONE', #2641 ) ;
#1638 = ORIENTED_EDGE ( 'NONE', *, *, #4355, .T. ) ;
#1639 = EDGE_CURVE ( 'NONE', #4292, #4065, #14, .T. ) ;
#1640 = ADVANCED_FACE ( 'NONE', ( #2733 ), #3414, .F. ) ;
#1641 = EDGE_CURVE ( 'NONE', #2645, #278, #2717, .T. ) ;
#1642 = LINE ( 'NONE', #2005, #3435 ) ;
#1643 = DIRECTION ( 'NONE',  ( -0.8356902159628883942, 0.5492011133855254634, 0.000000000000000000 ) ) ;
#1644 = VECTOR ( 'NONE', #1655, 1000.000000000000000 ) ;
#1645 = VERTEX_POINT ( 'NONE', #2326 ) ;
#1646 = AXIS2_PLACEMENT_3D ( 'NONE', #4147, #1130, #1521 ) ;
#1647 = LINE ( 'NONE', #1101, #868 ) ;
#1648 = EDGE_CURVE ( 'NONE', #4654, #3192, #3762, .T. ) ;
#1649 = EDGE_CURVE ( 'NONE', #2409, #4697, #1959, .T. ) ;
#1650 = DIRECTION ( 'NONE',  ( 0.000000000000000000, 0.000000000000000000, -1.000000000000000000 ) ) ;
#1651 = DIRECTION ( 'NONE',  ( 0.000000000000000000, 0.000000000000000000, -1.000000000000000000 ) ) ;
#1652 = ORIENTED_EDGE ( 'NONE', *, *, #4576, .T. ) ;
#1653 = VECTOR ( 'NONE', #2139, 1000.000000000000000 ) ;
#1654 = LINE ( 'NONE', #3861, #2946 ) ;
#1655 = DIRECTION ( 'NONE',  ( 2.330653295771212425E-15, 1.000000000000000000, 0.000000000000000000 ) ) ;
#1656 = ORIENTED_EDGE ( 'NONE', *, *, #2793, .T. ) ;
#1657 = VECTOR ( 'NONE', #1187, 1000.000000000000000 ) ;
#1658 = ORIENTED_EDGE ( 'NONE', *, *, #2790, .F. ) ;
#1659 = CARTESIAN_POINT ( 'NONE',  ( -17.20308306692489353, 13.73681349229372550, -48.60000000000000142 ) ) ;
#1660 = DIRECTION ( 'NONE',  ( 1.000000000000000000, -1.282161393202192759E-16, 0.000000000000000000 ) ) ;
#1661 = CARTESIAN_POINT ( 'NONE',  ( 0.000000000000000000, 1.822746446835822542, -3.600000000000000089 ) ) ;
#1662 = FACE_OUTER_BOUND ( 'NONE', #2390, .T. ) ;
#1663 = ORIENTED_EDGE ( 'NONE', *, *, #2167, .T. ) ;
#1664 = VECTOR ( 'NONE', #2022, 1000.000000000000000 ) ;
#1665 = ORIENTED_EDGE ( 'NONE', *, *, #1175, .F. ) ;
#1666 = CONICAL_SURFACE ( 'NONE', #889, 1.574999999999999956, 0.7853981633974503884 ) ;
#1667 = VECTOR ( 'NONE', #827, 1000.000000000000000 ) ;
#1668 = CARTESIAN_POINT ( 'NONE',  ( -35.00000000000000711, 21.99999999999912959, 0.000000000000000000 ) ) ;
#1669 = DIRECTION ( 'NONE',  ( 0.5492011133855255745, 0.8356902159628885052, 0.000000000000000000 ) ) ;
#1670 = ORIENTED_EDGE ( 'NONE', *, *, #2019, .F. ) ;
#1671 = CARTESIAN_POINT ( 'NONE',  ( 27.72963113701220550, -14.72963113701221083, 0.000000000000000000 ) ) ;
#1672 = DIRECTION ( 'NONE',  ( -0.000000000000000000, -0.000000000000000000, -1.000000000000000000 ) ) ;
#1673 = EDGE_CURVE ( 'NONE', #3149, #2101, #1938, .T. ) ;
#1674 = CARTESIAN_POINT ( 'NONE',  ( -34.41421356237309936, 14.58578643762603733, 4.000000000000000000 ) ) ;
#1675 = CARTESIAN_POINT ( 'NONE',  ( -24.76450283933707652, -1.701415459276992115, -3.600000000000000089 ) ) ;
#1676 = VERTEX_POINT ( 'NONE', #3030 ) ;
#1677 = LINE ( 'NONE', #3660, #2736 ) ;
#1678 = FACE_OUTER_BOUND ( 'NONE', #3875, .T. ) ;
#1679 = CONICAL_SURFACE ( 'NONE', #1844, 1.574999999999999956, 0.7853981633974503884 ) ;
#1680 = EDGE_LOOP ( 'NONE', ( #1899, #2867, #3567, #768 ) ) ;
#1681 = ORIENTED_EDGE ( 'NONE', *, *, #3992, .T. ) ;
#1682 = DIRECTION ( 'NONE',  ( 1.000000000000000000, 0.000000000000000000, 0.000000000000000000 ) ) ;
#1683 = FACE_BOUND ( 'NONE', #1081, .T. ) ;
#1684 = CARTESIAN_POINT ( 'NONE',  ( 19.69732799511277577, 8.583921237619168920, -48.60000000000000142 ) ) ;
#1685 = ORIENTED_EDGE ( 'NONE', *, *, #2501, .F. ) ;
#1686 = ORIENTED_EDGE ( 'NONE', *, *, #378, .T. ) ;
#1687 = ORIENTED_EDGE ( 'NONE', *, *, #899, .T. ) ;
#1688 = LINE ( 'NONE', #600, #646 ) ;
#1689 = CARTESIAN_POINT ( 'NONE',  ( 6.458862161587608952, -8.609442100909745932, -13.60000000000000142 ) ) ;
#1690 = ORIENTED_EDGE ( 'NONE', *, *, #3924, .T. ) ;
#1691 = FACE_BOUND ( 'NONE', #3969, .T. ) ;
#1692 = CARTESIAN_POINT ( 'NONE',  ( -22.52010101267793729, 22.52010101267805808, 0.000000000000000000 ) ) ;
#1693 = DIRECTION ( 'NONE',  ( 1.000000000000000000, 0.000000000000000000, 0.000000000000000000 ) ) ;
#1694 = ORIENTED_EDGE ( 'NONE', *, *, #3066, .F. ) ;
#1695 = DIRECTION ( 'NONE',  ( -0.000000000000000000, -0.000000000000000000, 1.000000000000000000 ) ) ;
#1696 = VECTOR ( 'NONE', #4480, 1000.000000000000000 ) ;
#1697 = VERTEX_POINT ( 'NONE', #3802 ) ;
#1698 = EDGE_CURVE ( 'NONE', #536, #4394, #97, .T. ) ;
#1699 = EDGE_CURVE ( 'NONE', #3310, #1399, #823, .T. ) ;
#1700 = VECTOR ( 'NONE', #3697, 1000.000000000000000 ) ;
#1701 = CARTESIAN_POINT ( 'NONE',  ( 13.22120437346286259, -19.20000000000049312, -48.60000000000000142 ) ) ;
#1702 = ORIENTED_EDGE ( 'NONE', *, *, #1146, .T. ) ;
#1703 = ORIENTED_EDGE ( 'NONE', *, *, #2086, .T. ) ;
#1704 = DIRECTION ( 'NONE',  ( -0.7071067811865456854, 0.7071067811865493491, 0.000000000000000000 ) ) ;
#1705 = EDGE_CURVE ( 'NONE', #4691, #1448, #4661, .T. ) ;
#1706 = DIRECTION ( 'NONE',  ( 0.4119762703940638149, -0.9111945745186355028, 0.000000000000000000 ) ) ;
#1707 = ORIENTED_EDGE ( 'NONE', *, *, #1395, .T. ) ;
#1708 = ORIENTED_EDGE ( 'NONE', *, *, #2212, .F. ) ;
#1709 = ORIENTED_EDGE ( 'NONE', *, *, #1454, .F. ) ;
#1710 = CIRCLE ( 'NONE', #2408, 10.82663658333988188 ) ;
#1711 = EDGE_CURVE ( 'NONE', #1753, #1966, #121, .T. ) ;
#1712 = CIRCLE ( 'NONE', #4420, 10.82663658333988010 ) ;
#1713 = LINE ( 'NONE', #1740, #485 ) ;
#1714 = ORIENTED_EDGE ( 'NONE', *, *, #1725, .T. ) ;
#1715 = FACE_BOUND ( 'NONE', #2172, .T. ) ;
#1716 = LINE ( 'NONE', #3612, #1098 ) ;
#1717 = AXIS2_PLACEMENT_3D ( 'NONE', #1270, #1626, #221 ) ;
#1718 = VECTOR ( 'NONE', #105, 1000.000000000000000 ) ;
#1719 = DIRECTION ( 'NONE',  ( 7.320752412603574722E-16, -1.000000000000000000, 0.000000000000000000 ) ) ;
#1720 = EDGE_LOOP ( 'NONE', ( #1212, #880, #2013, #133 ) ) ;
#1721 = AXIS2_PLACEMENT_3D ( 'NONE', #961, #2442, #3481 ) ;
#1722 = LINE ( 'NONE', #3617, #1883 ) ;
#1723 = EDGE_LOOP ( 'NONE', ( #2199, #1196, #2299, #1567 ) ) ;
#1724 = AXIS2_PLACEMENT_3D ( 'NONE', #1480, #2954, #336 ) ;
#1725 = EDGE_CURVE ( 'NONE', #4164, #1966, #24, .T. ) ;
#1726 = DIRECTION ( 'NONE',  ( -1.000000000000000000, 0.000000000000000000, 0.000000000000000000 ) ) ;
#1727 = ORIENTED_EDGE ( 'NONE', *, *, #4570, .F. ) ;
#1728 = VERTEX_POINT ( 'NONE', #623 ) ;
#1729 = CARTESIAN_POINT ( 'NONE',  ( -34.99999999999999289, -22.00000000000087041, 0.000000000000000000 ) ) ;
#1730 = CARTESIAN_POINT ( 'NONE',  ( 25.84020202535466382, -19.20000000000049312, 0.000000000000000000 ) ) ;
#1731 = EDGE_CURVE ( 'NONE', #361, #719, #982, .T. ) ;
#1732 = CARTESIAN_POINT ( 'NONE',  ( 22.52010101267765663, -22.52010101267765663, -13.60000000000000142 ) ) ;
#1733 = ORIENTED_EDGE ( 'NONE', *, *, #4216, .T. ) ;
#1734 = ORIENTED_EDGE ( 'NONE', *, *, #227, .T. ) ;
#1735 = VERTEX_POINT ( 'NONE', #3923 ) ;
#1736 = CIRCLE ( 'NONE', #883, 10.84997384688810307 ) ;
#1737 = LINE ( 'NONE', #723, #3908 ) ;
#1738 = CARTESIAN_POINT ( 'NONE',  ( -13.09354775139842175, 0.000000000000000000, -3.600000000000000089 ) ) ;
#1739 = CONICAL_SURFACE ( 'NONE', #881, 1.574999999999999956, 0.7853981633974503884 ) ;
#1740 = CARTESIAN_POINT ( 'NONE',  ( 0.000000000000000000, 6.336498395826628993, -13.60000000000000142 ) ) ;
#1741 = ORIENTED_EDGE ( 'NONE', *, *, #2451, .T. ) ;
#1742 = CARTESIAN_POINT ( 'NONE',  ( -20.13877695529204459, -1.701415459276994335, 0.000000000000000000 ) ) ;
#1743 = LINE ( 'NONE', #3176, #2643 ) ;
#1744 = CIRCLE ( 'NONE', #1132, 10.84997384688810307 ) ;
#1745 = DIRECTION ( 'NONE',  ( 0.000000000000000000, -0.000000000000000000, -1.000000000000000000 ) ) ;
#1746 = ORIENTED_EDGE ( 'NONE', *, *, #3486, .T. ) ;
#1747 = CARTESIAN_POINT ( 'NONE',  ( 4.028184292453284243, 10.84376210602755286, -3.600000000000000089 ) ) ;
#1748 = ORIENTED_EDGE ( 'NONE', *, *, #76, .F. ) ;
#1749 = EDGE_CURVE ( 'NONE', #151, #3390, #1713, .T. ) ;
#1750 = CARTESIAN_POINT ( 'NONE',  ( -5.924999999999982059, -17.37500000000055067, 4.000000000000000000 ) ) ;
#1751 = CARTESIAN_POINT ( 'NONE',  ( 25.84020202535629451, 19.19999999999993179, -3.600000000000000089 ) ) ;
#1752 = EDGE_LOOP ( 'NONE', ( #451, #1286, #1372, #620 ) ) ;
#1753 = VERTEX_POINT ( 'NONE', #4646 ) ;
#1754 = DIRECTION ( 'NONE',  ( 1.000000000000000000, -2.334386739965797702E-16, 0.000000000000000000 ) ) ;
#1755 = CYLINDRICAL_SURFACE ( 'NONE', #3774, 10.84997384688810129 ) ;
#1756 = ORIENTED_EDGE ( 'NONE', *, *, #4031, .T. ) ;
#1757 = ORIENTED_EDGE ( 'NONE', *, *, #1628, .F. ) ;
#1758 = ORIENTED_EDGE ( 'NONE', *, *, #2671, .F. ) ;
#1759 = EDGE_CURVE ( 'NONE', #2200, #4226, #601, .T. ) ;
#1760 = AXIS2_PLACEMENT_3D ( 'NONE', #1341, #3160, #4197 ) ;
#1761 = EDGE_CURVE ( 'NONE', #4419, #1047, #578, .T. ) ;
#1762 = DIRECTION ( 'NONE',  ( -0.000000000000000000, 0.000000000000000000, -1.000000000000000000 ) ) ;
#1763 = DIRECTION ( 'NONE',  ( 0.000000000000000000, 0.000000000000000000, -1.000000000000000000 ) ) ;
#1764 = DIRECTION ( 'NONE',  ( 0.000000000000000000, 0.000000000000000000, -1.000000000000000000 ) ) ;
#1765 = VERTEX_POINT ( 'NONE', #2378 ) ;
#1766 = CARTESIAN_POINT ( 'NONE',  ( 25.84020202535629807, 1.822746446835822542, -3.600000000000000089 ) ) ;
#1767 = CARTESIAN_POINT ( 'NONE',  ( -14.12066010208511990, 0.000000000000000000, -3.600000000000000089 ) ) ;
#1768 = DIRECTION ( 'NONE',  ( 0.000000000000000000, 0.000000000000000000, -1.000000000000000000 ) ) ;
#1769 = VERTEX_POINT ( 'NONE', #2854 ) ;
#1770 = FACE_OUTER_BOUND ( 'NONE', #1224, .T. ) ;
#1771 = ORIENTED_EDGE ( 'NONE', *, *, #3628, .T. ) ;
#1772 = EDGE_CURVE ( 'NONE', #4691, #591, #3901, .T. ) ;
#1773 = CARTESIAN_POINT ( 'NONE',  ( -6.577418957547303435, 8.553977797029707730, -48.60000000000000142 ) ) ;
#1774 = AXIS2_PLACEMENT_3D ( 'NONE', #4279, #603, #2083 ) ;
#1775 = LINE ( 'NONE', #3257, #2491 ) ;
#1776 = CARTESIAN_POINT ( 'NONE',  ( -29.30463113701300415, 14.72963113701214866, 0.000000000000000000 ) ) ;
#1777 = VERTEX_POINT ( 'NONE', #3852 ) ;
#1778 = VECTOR ( 'NONE', #1294, 1000.000000000000000 ) ;
#1779 = DIRECTION ( 'NONE',  ( 0.000000000000000000, -0.000000000000000000, 1.000000000000000000 ) ) ;
#1780 = FACE_OUTER_BOUND ( 'NONE', #1507, .T. ) ;
#1781 = CARTESIAN_POINT ( 'NONE',  ( 32.20000000000001705, -0.000000000000000000, 0.000000000000000000 ) ) ;
#1782 = ORIENTED_EDGE ( 'NONE', *, *, #3785, .F. ) ;
#1783 = ADVANCED_FACE ( 'NONE', ( #2808 ), #187, .F. ) ;
#1784 = VERTEX_POINT ( 'NONE', #1356 ) ;
#1785 = CARTESIAN_POINT ( 'NONE',  ( 32.20000000000000995, 12.84020202535621280, -3.600000000000000089 ) ) ;
#1786 = CARTESIAN_POINT ( 'NONE',  ( -6.577418957547303435, 8.553977797029707730, -3.600000000000000089 ) ) ;
#1787 = DIRECTION ( 'NONE',  ( -1.000000000000000000, 0.000000000000000000, 0.000000000000000000 ) ) ;
#1788 = ORIENTED_EDGE ( 'NONE', *, *, #3131, .T. ) ;
#1789 = ADVANCED_FACE ( 'NONE', ( #2106 ), #3172, .F. ) ;
#1790 = CARTESIAN_POINT ( 'NONE',  ( -24.76450283933707297, -1.701415459276992337, -3.600000000000000089 ) ) ;
#1791 = EDGE_CURVE ( 'NONE', #4520, #2988, #4256, .T. ) ;
#1792 = VECTOR ( 'NONE', #3843, 1000.000000000000000 ) ;
#1793 = DIRECTION ( 'NONE',  ( -1.000000000000000000, 0.000000000000000000, -0.000000000000000000 ) ) ;
#1794 = EDGE_CURVE ( 'NONE', #4090, #2840, #4302, .T. ) ;
#1795 = CARTESIAN_POINT ( 'NONE',  ( 0.000000000000000000, 0.000000000000000000, -3.600000000000000089 ) ) ;
#1796 = ORIENTED_EDGE ( 'NONE', *, *, #2325, .T. ) ;
#1797 = ADVANCED_FACE ( 'NONE', ( #234 ), #4625, .F. ) ;
#1798 = AXIS2_PLACEMENT_3D ( 'NONE', #755, #4752, #3324 ) ;
#1799 = DIRECTION ( 'NONE',  ( -0.000000000000000000, 0.000000000000000000, 1.000000000000000000 ) ) ;
#1800 = ORIENTED_EDGE ( 'NONE', *, *, #1761, .F. ) ;
#1801 = AXIS2_PLACEMENT_3D ( 'NONE', #2765, #3514, #4554 ) ;
#1802 = CYLINDRICAL_SURFACE ( 'NONE', #1283, 4.050000000000195222 ) ;
#1803 = CARTESIAN_POINT ( 'NONE',  ( -19.59547977247137140, -8.595318925305528879, -48.60000000000000142 ) ) ;
#1804 = AXIS2_PLACEMENT_3D ( 'NONE', #1195, #2991, #1172 ) ;
#1805 = CARTESIAN_POINT ( 'NONE',  ( -27.72963113701300131, 14.72963113701214866, 4.000000000000000000 ) ) ;
#1806 = ORIENTED_EDGE ( 'NONE', *, *, #2351, .T. ) ;
#1807 = EDGE_CURVE ( 'NONE', #4527, #731, #2058, .T. ) ;
#1808 = CARTESIAN_POINT ( 'NONE',  ( 9.075000000000027711, 17.37499999999965183, 2.000000000000012879 ) ) ;
#1809 = EDGE_CURVE ( 'NONE', #4071, #4296, #2833, .T. ) ;
#1810 = DIRECTION ( 'NONE',  ( 1.000000000000000000, 0.000000000000000000, 0.000000000000000000 ) ) ;
#1811 = CARTESIAN_POINT ( 'NONE',  ( -13.49192192987385575, 10.84376210602755464, 0.000000000000000000 ) ) ;
#1812 = VERTEX_POINT ( 'NONE', #3581 ) ;
#1813 = AXIS2_PLACEMENT_3D ( 'NONE', #83, #3313, #1562 ) ;
#1814 = VERTEX_POINT ( 'NONE', #1285 ) ;
#1815 = ADVANCED_FACE ( 'NONE', ( #912 ), #2399, .F. ) ;
#1816 = VECTOR ( 'NONE', #4596, 1000.000000000000000 ) ;
#1817 = DIRECTION ( 'NONE',  ( -0.000000000000000000, -0.000000000000000000, 1.000000000000000000 ) ) ;
#1818 = CARTESIAN_POINT ( 'NONE',  ( -19.59547977247137140, -8.595318925305528879, -48.60000000000000142 ) ) ;
#1819 = DIRECTION ( 'NONE',  ( 1.000000000000000000, 0.000000000000000000, 0.000000000000000000 ) ) ;
#1820 = ORIENTED_EDGE ( 'NONE', *, *, #1408, .F. ) ;
#1821 = PLANE ( 'NONE',  #308 ) ;
#1822 = VECTOR ( 'NONE', #180, 1000.000000000000000 ) ;
#1823 = PLANE ( 'NONE',  #4207 ) ;
#1824 = DIRECTION ( 'NONE',  ( -0.000000000000000000, -0.000000000000000000, 1.000000000000000000 ) ) ;
#1825 = EDGE_LOOP ( 'NONE', ( #326, #3569, #4016, #932 ) ) ;
#1826 = CARTESIAN_POINT ( 'NONE',  ( -13.49192192987385575, 10.84376210602755464, -3.600000000000000089 ) ) ;
#1827 = ORIENTED_EDGE ( 'NONE', *, *, #664, .T. ) ;
#1828 = EDGE_CURVE ( 'NONE', #456, #2375, #936, .T. ) ;
#1829 = VECTOR ( 'NONE', #2603, 1000.000000000000000 ) ;
#1830 = DIRECTION ( 'NONE',  ( -0.000000000000000000, -0.000000000000000000, 1.000000000000000000 ) ) ;
#1831 = CYLINDRICAL_SURFACE ( 'NONE', #1417, 1.574999999999999956 ) ;
#1832 = EDGE_LOOP ( 'NONE', ( #4735, #4652, #937, #742 ) ) ;
#1833 = VERTEX_POINT ( 'NONE', #211 ) ;
#1834 = DIRECTION ( 'NONE',  ( -0.000000000000000000, -0.000000000000000000, 1.000000000000000000 ) ) ;
#1835 = DIRECTION ( 'NONE',  ( 0.7071067811865484609, 0.7071067811865465735, 0.000000000000000000 ) ) ;
#1836 = VERTEX_POINT ( 'NONE', #4772 ) ;
#1837 = ORIENTED_EDGE ( 'NONE', *, *, #1078, .T. ) ;
#1838 = DIRECTION ( 'NONE',  ( 0.000000000000000000, -1.000000000000000000, 0.000000000000000000 ) ) ;
#1839 = CARTESIAN_POINT ( 'NONE',  ( 0.000000000000000000, -19.20000000000083773, 0.000000000000000000 ) ) ;
#1840 = AXIS2_PLACEMENT_3D ( 'NONE', #677, #3995, #1787 ) ;
#1841 = DIRECTION ( 'NONE',  ( -1.000000000000000000, 0.000000000000000000, -0.000000000000000000 ) ) ;
#1842 = EDGE_LOOP ( 'NONE', ( #4153, #502, #2017, #570, #624, #3285, #1039, #452 ) ) ;
#1843 = DIRECTION ( 'NONE',  ( -0.000000000000000000, -0.000000000000000000, 1.000000000000000000 ) ) ;
#1844 = AXIS2_PLACEMENT_3D ( 'NONE', #3847, #546, #526 ) ;
#1845 = DIRECTION ( 'NONE',  ( -0.000000000000000000, -0.000000000000000000, 1.000000000000000000 ) ) ;
#1846 = LINE ( 'NONE', #3374, #4119 ) ;
#1847 = ORIENTED_EDGE ( 'NONE', *, *, #4605, .F. ) ;
#1848 = LINE ( 'NONE', #2217, #1575 ) ;
#1849 = ORIENTED_EDGE ( 'NONE', *, *, #4723, .T. ) ;
#1850 = DIRECTION ( 'NONE',  ( -1.000000000000000000, 0.000000000000000000, 0.000000000000000000 ) ) ;
#1851 = FACE_OUTER_BOUND ( 'NONE', #3957, .T. ) ;
#1852 = EDGE_CURVE ( 'NONE', #4080, #2828, #4020, .T. ) ;
#1853 = LINE ( 'NONE', #1559, #414 ) ;
#1854 = EDGE_CURVE ( 'NONE', #855, #3919, #206, .T. ) ;
#1855 = EDGE_CURVE ( 'NONE', #2454, #4226, #4403, .T. ) ;
#1856 = ORIENTED_EDGE ( 'NONE', *, *, #372, .T. ) ;
#1857 = DIRECTION ( 'NONE',  ( 0.7071067811865489050, 0.7071067811865462405, -0.000000000000000000 ) ) ;
#1858 = DIRECTION ( 'NONE',  ( 0.6334218167758295381, 0.7738066955205333830, 0.000000000000000000 ) ) ;
#1859 = EDGE_CURVE ( 'NONE', #4697, #552, #4747, .T. ) ;
#1860 = ORIENTED_EDGE ( 'NONE', *, *, #4570, .T. ) ;
#1861 = VECTOR ( 'NONE', #1868, 1000.000000000000000 ) ;
#1862 = ORIENTED_EDGE ( 'NONE', *, *, #1639, .T. ) ;
#1863 = AXIS2_PLACEMENT_3D ( 'NONE', #3261, #1422, #4270 ) ;
#1864 = CARTESIAN_POINT ( 'NONE',  ( -26.17157287525378351, -22.00000000000087041, 0.000000000000000000 ) ) ;
#1865 = CARTESIAN_POINT ( 'NONE',  ( -21.20005655272090195, -9.585131952028064006, -48.60000000000000142 ) ) ;
#1866 = DIRECTION ( 'NONE',  ( -1.000000000000000000, 0.000000000000000000, 0.000000000000000000 ) ) ;
#1867 = VERTEX_POINT ( 'NONE', #3968 ) ;
#1868 = DIRECTION ( 'NONE',  ( -0.000000000000000000, -0.000000000000000000, 1.000000000000000000 ) ) ;
#1869 = SURFACE_STYLE_FILL_AREA ( #1120 ) ;
#1870 = CARTESIAN_POINT ( 'NONE',  ( -13.49192192987385575, 15.14834642796049025, -3.600000000000000089 ) ) ;
#1871 = ORIENTED_EDGE ( 'NONE', *, *, #1564, .F. ) ;
#1872 = DIRECTION ( 'NONE',  ( 1.000000000000000000, 0.000000000000000000, 0.000000000000000000 ) ) ;
#1873 = EDGE_LOOP ( 'NONE', ( #950, #4102, #772, #2575, #117, #1702, #4631 ) ) ;
#1874 = VECTOR ( 'NONE', #1895, 1000.000000000000000 ) ;
#1875 = DIRECTION ( 'NONE',  ( 1.000000000000000000, -0.000000000000000000, 0.000000000000000000 ) ) ;
#1876 = DIRECTION ( 'NONE',  ( 1.000000000000000000, 0.000000000000000000, 0.000000000000000000 ) ) ;
#1877 = PLANE ( 'NONE',  #171 ) ;
#1878 = ORIENTED_EDGE ( 'NONE', *, *, #3465, .F. ) ;
#1879 = ADVANCED_FACE ( 'NONE', ( #3341 ), #2158, .F. ) ;
#1880 = ADVANCED_FACE ( 'NONE', ( #19 ), #1089, .T. ) ;
#1881 = CARTESIAN_POINT ( 'NONE',  ( -13.09354775139842175, -10.46866271396552506, -3.600000000000000089 ) ) ;
#1882 = VECTOR ( 'NONE', #123, 1000.000000000000000 ) ;
#1883 = VECTOR ( 'NONE', #3254, 1000.000000000000000 ) ;
#1884 = CARTESIAN_POINT ( 'NONE',  ( -34.41421356237309936, 14.58578643762603733, 0.000000000000000000 ) ) ;
#1885 = ORIENTED_EDGE ( 'NONE', *, *, #3662, .T. ) ;
#1886 = ORIENTED_EDGE ( 'NONE', *, *, #929, .T. ) ;
#1887 = EDGE_CURVE ( 'NONE', #731, #3803, #3421, .T. ) ;
#1888 = DIRECTION ( 'NONE',  ( 0.000000000000000000, 0.000000000000000000, -1.000000000000000000 ) ) ;
#1889 = LINE ( 'NONE', #4137, #1657 ) ;
#1890 = DIRECTION ( 'NONE',  ( 0.000000000000000000, -1.000000000000000000, 0.000000000000000000 ) ) ;
#1891 = EDGE_LOOP ( 'NONE', ( #2921, #4262, #1756, #4551 ) ) ;
#1892 = CARTESIAN_POINT ( 'NONE',  ( -7.971703274460302246, 7.971703274460492317, -3.600000000000000089 ) ) ;
#1893 = AXIS2_PLACEMENT_3D ( 'NONE', #142, #2057, #3851 ) ;
#1894 = LINE ( 'NONE', #1598, #1428 ) ;
#1895 = DIRECTION ( 'NONE',  ( -0.000000000000000000, -0.000000000000000000, 1.000000000000000000 ) ) ;
#1896 = ORIENTED_EDGE ( 'NONE', *, *, #2948, .T. ) ;
#1897 = CIRCLE ( 'NONE', #3594, 3.574999999999994849 ) ;
#1898 = LINE ( 'NONE', #3325, #3661 ) ;
#1899 = ORIENTED_EDGE ( 'NONE', *, *, #3184, .F. ) ;
#1900 = VECTOR ( 'NONE', #670, 1000.000000000000000 ) ;
#1901 = CARTESIAN_POINT ( 'NONE',  ( -31.57664897819757854, 13.46355304715846657, -3.600000000000000089 ) ) ;
#1902 = AXIS2_PLACEMENT_3D ( 'NONE', #975, #3143, #1252 ) ;
#1903 = PLANE ( 'NONE',  #100 ) ;
#1904 = VECTOR ( 'NONE', #2692, 1000.000000000000114 ) ;
#1905 = CARTESIAN_POINT ( 'NONE',  ( -26.46355304715932633, 18.57664897819672589, -3.600000000000000089 ) ) ;
#1906 = LINE ( 'NONE', #3358, #1990 ) ;
#1907 = ORIENTED_EDGE ( 'NONE', *, *, #572, .F. ) ;
#1908 = ORIENTED_EDGE ( 'NONE', *, *, #4569, .F. ) ;
#1909 = PLANE ( 'NONE',  #3759 ) ;
#1910 = DIRECTION ( 'NONE',  ( -0.000000000000000000, -0.000000000000000000, 1.000000000000000000 ) ) ;
#1911 = CARTESIAN_POINT ( 'NONE',  ( 26.17157287525379061, 21.99999999999912959, 4.000000000000000000 ) ) ;
#1912 = EDGE_LOOP ( 'NONE', ( #4642, #158, #4096, #970 ) ) ;
#1913 = CARTESIAN_POINT ( 'NONE',  ( -13.09354775139842175, -10.46866271396552506, 0.000000000000000000 ) ) ;
#1914 = EDGE_CURVE ( 'NONE', #4728, #862, #1569, .T. ) ;
#1915 = CARTESIAN_POINT ( 'NONE',  ( -32.19999999999997442, 12.84020202535607424, -3.600000000000000089 ) ) ;
#1916 = DIRECTION ( 'NONE',  ( -0.000000000000000000, -0.000000000000000000, 1.000000000000000000 ) ) ;
#1917 = AXIS2_PLACEMENT_3D ( 'NONE', #2176, #3648, #2903 ) ;
#1918 = ORIENTED_EDGE ( 'NONE', *, *, #4286, .F. ) ;
#1919 = DIRECTION ( 'NONE',  ( 0.000000000000000000, -0.000000000000000000, 1.000000000000000000 ) ) ;
#1920 = ORIENTED_EDGE ( 'NONE', *, *, #1852, .F. ) ;
#1921 = CARTESIAN_POINT ( 'NONE',  ( 12.95027683787626316, 10.84376210602755286, -3.600000000000000089 ) ) ;
#1922 = CARTESIAN_POINT ( 'NONE',  ( -1.013845338921383732, 12.41062205250614170, -13.60000000000000142 ) ) ;
#1923 = ORIENTED_EDGE ( 'NONE', *, *, #4233, .T. ) ;
#1924 = CARTESIAN_POINT ( 'NONE',  ( -13.49192192987385575, 0.000000000000000000, -3.600000000000000089 ) ) ;
#1925 =( NAMED_UNIT ( * ) SI_UNIT ( $, .STERADIAN. ) SOLID_ANGLE_UNIT ( ) );
#1926 = LINE ( 'NONE', #61, #4308 ) ;
#1927 = ORIENTED_EDGE ( 'NONE', *, *, #4530, .T. ) ;
#1928 = ORIENTED_EDGE ( 'NONE', *, *, #998, .T. ) ;
#1929 = CARTESIAN_POINT ( 'NONE',  ( 0.000000000000000000, 0.000000000000000000, -48.60000000000000142 ) ) ;
#1930 = CARTESIAN_POINT ( 'NONE',  ( 0.000000000000000000, 6.336498395826628993, 0.000000000000000000 ) ) ;
#1931 = FACE_OUTER_BOUND ( 'NONE', #1478, .T. ) ;
#1932 = EDGE_LOOP ( 'NONE', ( #1352, #2521, #2591, #199 ) ) ;
#1933 = DIRECTION ( 'NONE',  ( -0.000000000000000000, -0.000000000000000000, 1.000000000000000000 ) ) ;
#1934 = VECTOR ( 'NONE', #1484, 1000.000000000000000 ) ;
#1935 = VECTOR ( 'NONE', #592, 1000.000000000000000 ) ;
#1936 = LINE ( 'NONE', #3413, #4359 ) ;
#1937 = EDGE_CURVE ( 'NONE', #1020, #3830, #2300, .T. ) ;
#1938 = LINE ( 'NONE', #71, #2807 ) ;
#1939 = ORIENTED_EDGE ( 'NONE', *, *, #1948, .T. ) ;
#1940 = ORIENTED_EDGE ( 'NONE', *, *, #2993, .F. ) ;
#1941 = ADVANCED_FACE ( 'NONE', ( #4379 ), #290, .F. ) ;
#1942 = CARTESIAN_POINT ( 'NONE',  ( 0.000000000000000000, 0.000000000000000000, -48.60000000000000142 ) ) ;
#1943 = LINE ( 'NONE', #2626, #1025 ) ;
#1944 = VECTOR ( 'NONE', #112, 1000.000000000000000 ) ;
#1945 = DIRECTION ( 'NONE',  ( 0.000000000000000000, 0.000000000000000000, -1.000000000000000000 ) ) ;
#1946 = DIRECTION ( 'NONE',  ( -0.000000000000000000, 0.000000000000000000, 1.000000000000000000 ) ) ;
#1947 = ORIENTED_EDGE ( 'NONE', *, *, #1855, .F. ) ;
#1948 = EDGE_CURVE ( 'NONE', #3700, #4748, #1064, .T. ) ;
#1949 = ORIENTED_EDGE ( 'NONE', *, *, #572, .T. ) ;
#1950 = AXIS2_PLACEMENT_3D ( 'NONE', #246, #2841, #2919 ) ;
#1951 = LINE ( 'NONE', #4588, #1629 ) ;
#1952 = LINE ( 'NONE', #1228, #40 ) ;
#1953 = DIRECTION ( 'NONE',  ( -0.000000000000000000, -0.000000000000000000, 1.000000000000000000 ) ) ;
#1954 = CARTESIAN_POINT ( 'NONE',  ( -32.19999999999998153, -0.000000000000000000, 0.000000000000000000 ) ) ;
#1955 = AXIS2_PLACEMENT_3D ( 'NONE', #3053, #479, #3437 ) ;
#1956 = VERTEX_POINT ( 'NONE', #3655 ) ;
#1957 = DIRECTION ( 'NONE',  ( 0.000000000000000000, 0.000000000000000000, -1.000000000000000000 ) ) ;
#1958 = DIRECTION ( 'NONE',  ( 1.000000000000000000, 0.000000000000000000, 0.000000000000000000 ) ) ;
#1959 = LINE ( 'NONE', #3782, #1253 ) ;
#1960 = ORIENTED_EDGE ( 'NONE', *, *, #3382, .F. ) ;
#1961 = CARTESIAN_POINT ( 'NONE',  ( 0.000000000000000000, -19.20000000000083773, -3.600000000000000089 ) ) ;
#1962 = ORIENTED_EDGE ( 'NONE', *, *, #2329, .T. ) ;
#1963 = CONICAL_SURFACE ( 'NONE', #2122, 1.574999999999999956, 0.7853981633974503884 ) ;
#1964 = DIRECTION ( 'NONE',  ( 0.000000000000000000, 0.000000000000000000, -1.000000000000000000 ) ) ;
#1965 = PLANE ( 'NONE',  #2191 ) ;
#1966 = VERTEX_POINT ( 'NONE', #4794 ) ;
#1967 = VECTOR ( 'NONE', #2175, 1000.000000000000000 ) ;
#1968 = EDGE_CURVE ( 'NONE', #2284, #1254, #700, .T. ) ;
#1969 = VECTOR ( 'NONE', #3408, 1000.000000000000000 ) ;
#1970 = CARTESIAN_POINT ( 'NONE',  ( 11.07500000000002238, 17.37499999999965183, 4.000000000000000000 ) ) ;
#1971 = CIRCLE ( 'NONE', #2134, 2.000000000000001776 ) ;
#1972 = CARTESIAN_POINT ( 'NONE',  ( -0.5794042551126808993, 15.14834642796049025, -3.600000000000000089 ) ) ;
#1973 = ORIENTED_EDGE ( 'NONE', *, *, #2859, .F. ) ;
#1974 = AXIS2_PLACEMENT_3D ( 'NONE', #3256, #1633, #2502 ) ;
#1975 = ORIENTED_EDGE ( 'NONE', *, *, #866, .T. ) ;
#1976 = LINE ( 'NONE', #497, #1179 ) ;
#1977 = DIRECTION ( 'NONE',  ( 0.000000000000000000, 0.000000000000000000, -1.000000000000000000 ) ) ;
#1978 = PLANE ( 'NONE',  #654 ) ;
#1979 = DIRECTION ( 'NONE',  ( -0.7617603662574268242, -0.6478588923518383558, 0.000000000000000000 ) ) ;
#1980 = EDGE_LOOP ( 'NONE', ( #4705, #2367, #4245, #3478, #1860 ) ) ;
#1981 = CARTESIAN_POINT ( 'NONE',  ( -13.14589423484649799, 19.19999999999959783, -13.60000000000000142 ) ) ;
#1982 = DIRECTION ( 'NONE',  ( 0.000000000000000000, 0.000000000000000000, 1.000000000000000000 ) ) ;
#1983 = CARTESIAN_POINT ( 'NONE',  ( 27.58578643762688642, 21.41421356237222184, 4.000000000000000000 ) ) ;
#1984 = ORIENTED_EDGE ( 'NONE', *, *, #4215, .T. ) ;
#1985 = CARTESIAN_POINT ( 'NONE',  ( -8.671253653034959541, 19.19999999999959783, -48.60000000000000142 ) ) ;
#1986 = EDGE_CURVE ( 'NONE', #2582, #4143, #2594, .T. ) ;
#1987 = DIRECTION ( 'NONE',  ( -1.000000000000000000, 0.000000000000000000, 0.000000000000000000 ) ) ;
#1988 = FACE_OUTER_BOUND ( 'NONE', #2339, .T. ) ;
#1989 = ORIENTED_EDGE ( 'NONE', *, *, #2713, .T. ) ;
#1990 = VECTOR ( 'NONE', #38, 1000.000000000000000 ) ;
#1991 = CARTESIAN_POINT ( 'NONE',  ( 0.000000000000000000, -1.259899410479727866, -3.600000000000000089 ) ) ;
#1992 = EDGE_CURVE ( 'NONE', #3204, #4393, #3372, .T. ) ;
#1993 = ADVANCED_FACE ( 'NONE', ( #725 ), #1666, .F. ) ;
#1994 = ADVANCED_FACE ( 'NONE', ( #2204 ), #1404, .T. ) ;
#1995 = CARTESIAN_POINT ( 'NONE',  ( 7.500000000000027534, 17.37499999999965183, -48.60000000000000142 ) ) ;
#1996 = ORIENTED_EDGE ( 'NONE', *, *, #2357, .F. ) ;
#1997 = VERTEX_POINT ( 'NONE', #364 ) ;
#1998 = FACE_OUTER_BOUND ( 'NONE', #1932, .T. ) ;
#1999 = EDGE_CURVE ( 'NONE', #4623, #4071, #2956, .T. ) ;
#2000 = CARTESIAN_POINT ( 'NONE',  ( -11.55000000000017657, -17.37500000000055067, -48.60000000000000142 ) ) ;
#2001 = CARTESIAN_POINT ( 'NONE',  ( 26.17157287525376219, -20.00000000000087041, 4.000000000000000000 ) ) ;
#2002 = LINE ( 'NONE', #3872, #4390 ) ;
#2003 = ORIENTED_EDGE ( 'NONE', *, *, #4560, .F. ) ;
#2004 = ORIENTED_EDGE ( 'NONE', *, *, #1711, .T. ) ;
#2005 = CARTESIAN_POINT ( 'NONE',  ( 17.54996146112752697, -13.62373954635600981, -48.60000000000000142 ) ) ;
#2006 = CARTESIAN_POINT ( 'NONE',  ( 26.15463113701220621, -14.72963113701221083, 4.000000000000000000 ) ) ;
#2007 = ORIENTED_EDGE ( 'NONE', *, *, #2706, .T. ) ;
#2008 = CARTESIAN_POINT ( 'NONE',  ( -31.30463113701299704, 14.72963113701214866, 4.000000000000000000 ) ) ;
#2009 = EDGE_CURVE ( 'NONE', #854, #2851, #2981, .T. ) ;
#2010 = AXIS2_PLACEMENT_3D ( 'NONE', #641, #2534, #281 ) ;
#2011 = DIRECTION ( 'NONE',  ( -0.000000000000000000, -0.000000000000000000, 1.000000000000000000 ) ) ;
#2012 = CARTESIAN_POINT ( 'NONE',  ( 0.000000000000000000, 1.822746446835822542, -3.600000000000000089 ) ) ;
#2013 = ORIENTED_EDGE ( 'NONE', *, *, #4280, .F. ) ;
#2014 = DIRECTION ( 'NONE',  ( -1.000000000000000000, 0.000000000000000000, 0.000000000000000000 ) ) ;
#2015 = CARTESIAN_POINT ( 'NONE',  ( -32.20000000000000284, 7.504703612383303401E-14, -13.60000000000000142 ) ) ;
#2016 = ORIENTED_EDGE ( 'NONE', *, *, #1999, .T. ) ;
#2017 = ORIENTED_EDGE ( 'NONE', *, *, #3212, .F. ) ;
#2018 = EDGE_CURVE ( 'NONE', #1867, #3772, #1211, .T. ) ;
#2019 = EDGE_CURVE ( 'NONE', #1573, #2064, #46, .T. ) ;
#2020 = LINE ( 'NONE', #1227, #1944 ) ;
#2021 = EDGE_CURVE ( 'NONE', #3199, #3002, #860, .T. ) ;
#2022 = DIRECTION ( 'NONE',  ( -0.000000000000000000, -0.000000000000000000, 1.000000000000000000 ) ) ;
#2023 = CARTESIAN_POINT ( 'NONE',  ( 8.707449072009380231, -19.20000000000048601, -13.60000000000000142 ) ) ;
#2024 = FACE_OUTER_BOUND ( 'NONE', #509, .T. ) ;
#2025 = VECTOR ( 'NONE', #3009, 1000.000000000000000 ) ;
#2026 = VERTEX_POINT ( 'NONE', #4180 ) ;
#2027 = ORIENTED_EDGE ( 'NONE', *, *, #1397, .T. ) ;
#2028 = EDGE_CURVE ( 'NONE', #4697, #2314, #4451, .T. ) ;
#2029 = EDGE_CURVE ( 'NONE', #4165, #536, #2637, .T. ) ;
#2030 = CARTESIAN_POINT ( 'NONE',  ( -7.971703274460268496, 7.971703274460497646, -48.60000000000000142 ) ) ;
#2031 = CARTESIAN_POINT ( 'NONE',  ( -7.499999999999982236, -17.37500000000055067, 0.000000000000000000 ) ) ;
#2032 = VECTOR ( 'NONE', #2625, 1000.000000000000000 ) ;
#2033 = EDGE_LOOP ( 'NONE', ( #658, #946, #365, #2052 ) ) ;
#2034 = VECTOR ( 'NONE', #3718, 1000.000000000000000 ) ;
#2035 = CARTESIAN_POINT ( 'NONE',  ( 0.000000000000000000, 10.84376210602755464, -3.600000000000000089 ) ) ;
#2036 = CARTESIAN_POINT ( 'NONE',  ( 6.458862161587608952, -8.609442100909745932, -3.600000000000000089 ) ) ;
#2037 = DIRECTION ( 'NONE',  ( 0.000000000000000000, 0.000000000000000000, -1.000000000000000000 ) ) ;
#2038 = DIRECTION ( 'NONE',  ( 0.000000000000000000, 0.000000000000000000, -1.000000000000000000 ) ) ;
#2039 = EDGE_LOOP ( 'NONE', ( #3725, #3315, #1279, #2619 ) ) ;
#2040 = ADVANCED_FACE ( 'NONE', ( #501 ), #3760, .F. ) ;
#2041 = VECTOR ( 'NONE', #2730, 1000.000000000000000 ) ;
#2042 = LINE ( 'NONE', #2571, #2898 ) ;
#2043 = LINE ( 'NONE', #198, #4048 ) ;
#2044 = ORIENTED_EDGE ( 'NONE', *, *, #88, .F. ) ;
#2045 = AXIS2_PLACEMENT_3D ( 'NONE', #3703, #431, #4525 ) ;
#2046 = ORIENTED_EDGE ( 'NONE', *, *, #3717, .F. ) ;
#2047 = VECTOR ( 'NONE', #1762, 1000.000000000000000 ) ;
#2048 = CARTESIAN_POINT ( 'NONE',  ( 14.03843313539660187, -0.6563051707230436183, -48.60000000000000142 ) ) ;
#2049 = PRODUCT_DEFINITION_CONTEXT ( 'detailed design', #4800, 'design' ) ;
#2050 = DIRECTION ( 'NONE',  ( 0.7071067811865489050, 0.000000000000000000, 0.7071067811865461294 ) ) ;
#2051 = DIRECTION ( 'NONE',  ( -3.154042683594195121E-16, 1.000000000000000000, 0.000000000000000000 ) ) ;
#2052 = ORIENTED_EDGE ( 'NONE', *, *, #2773, .T. ) ;
#2053 = VERTEX_POINT ( 'NONE', #3797 ) ;
#2054 = VECTOR ( 'NONE', #4159, 999.9999999999998863 ) ;
#2055 = ORIENTED_EDGE ( 'NONE', *, *, #3720, .T. ) ;
#2056 = AXIS2_PLACEMENT_3D ( 'NONE', #3586, #1745, #4651 ) ;
#2057 = DIRECTION ( 'NONE',  ( 0.000000000000000000, 0.000000000000000000, -1.000000000000000000 ) ) ;
#2058 = LINE ( 'NONE', #2760, #4152 ) ;
#2059 = ADVANCED_FACE ( 'NONE', ( #1230 ), #2701, .T. ) ;
#2060 = ORIENTED_EDGE ( 'NONE', *, *, #682, .T. ) ;
#2061 = FACE_BOUND ( 'NONE', #241, .T. ) ;
#2062 = DIRECTION ( 'NONE',  ( -1.000000000000000000, 0.000000000000000000, 0.000000000000000000 ) ) ;
#2063 = CARTESIAN_POINT ( 'NONE',  ( -7.499999999999982236, -17.37500000000055067, 2.000000000000012879 ) ) ;
#2064 = VERTEX_POINT ( 'NONE', #410 ) ;
#2065 = CARTESIAN_POINT ( 'NONE',  ( 32.99999999999999289, 13.17157287525291309, 0.000000000000000000 ) ) ;
#2066 = ORIENTED_EDGE ( 'NONE', *, *, #1153, .F. ) ;
#2067 = EDGE_CURVE ( 'NONE', #3530, #2957, #1548, .T. ) ;
#2068 = VECTOR ( 'NONE', #1819, 1000.000000000000000 ) ;
#2069 = PLANE ( 'NONE',  #1760 ) ;
#2070 = VECTOR ( 'NONE', #2654, 1000.000000000000000 ) ;
#2071 = VERTEX_POINT ( 'NONE', #2276 ) ;
#2072 = EDGE_LOOP ( 'NONE', ( #99, #1800, #3110, #4787 ) ) ;
#2073 = CARTESIAN_POINT ( 'NONE',  ( -4.482022540734445815E-15, -19.20000000000048601, -3.600000000000000089 ) ) ;
#2074 = APPLICATION_CONTEXT ( 'automotive_design' ) ;
#2075 = LINE ( 'NONE', #691, #1900 ) ;
#2076 = DIRECTION ( 'NONE',  ( 0.000000000000000000, 0.000000000000000000, 1.000000000000000000 ) ) ;
#2077 = EDGE_LOOP ( 'NONE', ( #4587, #2788, #3191, #87 ) ) ;
#2078 = VERTEX_POINT ( 'NONE', #4095 ) ;
#2079 = EDGE_LOOP ( 'NONE', ( #1847, #4254, #3595, #271, #3185, #1217, #611, #1741 ) ) ;
#2080 = DIRECTION ( 'NONE',  ( -0.000000000000000000, -0.000000000000000000, 1.000000000000000000 ) ) ;
#2081 = CARTESIAN_POINT ( 'NONE',  ( 13.46048889769418011, -10.46866271396552506, -3.600000000000000089 ) ) ;
#2082 = EDGE_LOOP ( 'NONE', ( #1446, #4507, #4015, #1878 ) ) ;
#2083 = DIRECTION ( 'NONE',  ( 1.000000000000000000, 0.000000000000000000, 0.000000000000000000 ) ) ;
#2084 = CARTESIAN_POINT ( 'NONE',  ( 32.20000000000001705, 0.000000000000000000, -3.600000000000000089 ) ) ;
#2085 = EDGE_CURVE ( 'NONE', #1624, #298, #116, .T. ) ;
#2086 = EDGE_CURVE ( 'NONE', #63, #839, #3367, .T. ) ;
#2087 = CARTESIAN_POINT ( 'NONE',  ( 6.458862161587608952, -8.609442100909745932, -48.60000000000000142 ) ) ;
#2088 = ORIENTED_EDGE ( 'NONE', *, *, #1344, .F. ) ;
#2089 = DIRECTION ( 'NONE',  ( -1.000000000000000000, 0.000000000000000000, 0.000000000000000000 ) ) ;
#2090 = AXIS2_PLACEMENT_3D ( 'NONE', #2996, #4469, #780 ) ;
#2091 = ORIENTED_EDGE ( 'NONE', *, *, #593, .T. ) ;
#2092 = ADVANCED_FACE ( 'NONE', ( #2661 ), #1529, .F. ) ;
#2093 = AXIS2_PLACEMENT_3D ( 'NONE', #3624, #3213, #1682 ) ;
#2094 = LINE ( 'NONE', #3670, #1496 ) ;
#2095 = ORIENTED_EDGE ( 'NONE', *, *, #1435, .F. ) ;
#2096 = ORIENTED_EDGE ( 'NONE', *, *, #838, .T. ) ;
#2097 = CARTESIAN_POINT ( 'NONE',  ( -22.52010101267793729, 22.52010101267805808, -3.600000000000000089 ) ) ;
#2098 = CARTESIAN_POINT ( 'NONE',  ( 7.500000000000027534, 17.37499999999965183, 4.000000000000000000 ) ) ;
#2099 = DIRECTION ( 'NONE',  ( 0.000000000000000000, 0.000000000000000000, -1.000000000000000000 ) ) ;
#2100 = VERTEX_POINT ( 'NONE', #1911 ) ;
#2101 = VERTEX_POINT ( 'NONE', #3754 ) ;
#2102 = EDGE_LOOP ( 'NONE', ( #1908, #4113, #4499, #3332, #1707, #2662 ) ) ;
#2103 = VECTOR ( 'NONE', #2987, 1000.000000000000114 ) ;
#2104 = FACE_OUTER_BOUND ( 'NONE', #4340, .T. ) ;
#2105 = PLANE ( 'NONE',  #3055 ) ;
#2106 = FACE_OUTER_BOUND ( 'NONE', #2127, .T. ) ;
#2107 = VERTEX_POINT ( 'NONE', #3026 ) ;
#2108 = FACE_OUTER_BOUND ( 'NONE', #1308, .T. ) ;
#2109 = EDGE_CURVE ( 'NONE', #4762, #1765, #3519, .T. ) ;
#2110 = FACE_OUTER_BOUND ( 'NONE', #4055, .T. ) ;
#2111 = AXIS2_PLACEMENT_3D ( 'NONE', #3643, #2147, #3621 ) ;
#2112 = CIRCLE ( 'NONE', #716, 4.049999999999998046 ) ;
#2113 = CARTESIAN_POINT ( 'NONE',  ( 0.000000000000000000, -15.13611808696517080, 0.000000000000000000 ) ) ;
#2114 = ORIENTED_EDGE ( 'NONE', *, *, #3856, .F. ) ;
#2115 = DIRECTION ( 'NONE',  ( 0.000000000000000000, 0.000000000000000000, -1.000000000000000000 ) ) ;
#2116 = ORIENTED_EDGE ( 'NONE', *, *, #394, .F. ) ;
#2117 = VECTOR ( 'NONE', #418, 1000.000000000000000 ) ;
#2118 = ADVANCED_FACE ( 'NONE', ( #2319 ), #1188, .T. ) ;
#2119 = LINE ( 'NONE', #3591, #3985 ) ;
#2120 = CARTESIAN_POINT ( 'NONE',  ( 21.86614030180855650, 19.19999999999993179, -48.60000000000000142 ) ) ;
#2121 = ORIENTED_EDGE ( 'NONE', *, *, #1564, .T. ) ;
#2122 = AXIS2_PLACEMENT_3D ( 'NONE', #920, #2405, #3999 ) ;
#2123 = ORIENTED_EDGE ( 'NONE', *, *, #1363, .T. ) ;
#2124 = LINE ( 'NONE', #3936, #2 ) ;
#2125 = AXIS2_PLACEMENT_3D ( 'NONE', #1140, #1547, #3025 ) ;
#2126 = LINE ( 'NONE', #2510, #2536 ) ;
#2127 = EDGE_LOOP ( 'NONE', ( #1975, #4437, #984, #1185 ) ) ;
#2128 = EDGE_LOOP ( 'NONE', ( #2940, #1281, #3554, #3368, #2720, #3812, #2633, #1500 ) ) ;
#2129 = VERTEX_POINT ( 'NONE', #3777 ) ;
#2130 = AXIS2_PLACEMENT_3D ( 'NONE', #1738, #699, #649 ) ;
#2131 = DIRECTION ( 'NONE',  ( -0.000000000000000000, -0.000000000000000000, 1.000000000000000000 ) ) ;
#2132 = LINE ( 'NONE', #260, #2207 ) ;
#2133 = CARTESIAN_POINT ( 'NONE',  ( 6.458862161587608952, -8.609442100909745932, -3.600000000000000089 ) ) ;
#2134 = AXIS2_PLACEMENT_3D ( 'NONE', #4230, #2727, #204 ) ;
#2135 = EDGE_LOOP ( 'NONE', ( #4626, #2573, #2182, #3377, #587, #1796, #2044, #4635, #4464 ) ) ;
#2136 = DIRECTION ( 'NONE',  ( 0.000000000000000000, -0.000000000000000000, -1.000000000000000000 ) ) ;
#2137 = DIRECTION ( 'NONE',  ( -1.000000000000000000, 0.000000000000000000, 0.000000000000000000 ) ) ;
#2138 = CIRCLE ( 'NONE', #3137, 4.049999999999994493 ) ;
#2139 = DIRECTION ( 'NONE',  ( -1.000000000000000000, 0.000000000000000000, 0.000000000000000000 ) ) ;
#2140 = DIRECTION ( 'NONE',  ( -1.000000000000000000, 0.000000000000000000, 0.000000000000000000 ) ) ;
#2141 = VERTEX_POINT ( 'NONE', #455 ) ;
#2142 = CARTESIAN_POINT ( 'NONE',  ( -11.07499999999997797, -17.37500000000055067, 4.000000000000000000 ) ) ;
#2143 = ORIENTED_EDGE ( 'NONE', *, *, #3344, .F. ) ;
#2144 = ADVANCED_FACE ( 'NONE', ( #1931 ), #92, .F. ) ;
#2145 = DIRECTION ( 'NONE',  ( -1.000000000000000000, 0.000000000000000000, 0.000000000000000000 ) ) ;
#2146 = ADVANCED_FACE ( 'NONE', ( #1278 ), #2826, .F. ) ;
#2147 = DIRECTION ( 'NONE',  ( -0.000000000000000000, -0.000000000000000000, 1.000000000000000000 ) ) ;
#2148 = ORIENTED_EDGE ( 'NONE', *, *, #606, .T. ) ;
#2149 = ORIENTED_EDGE ( 'NONE', *, *, #460, .T. ) ;
#2150 = EDGE_CURVE ( 'NONE', #2972, #3678, #4295, .T. ) ;
#2151 = DIRECTION ( 'NONE',  ( -0.000000000000000000, -0.000000000000000000, 1.000000000000000000 ) ) ;
#2152 = DIRECTION ( 'NONE',  ( -1.000000000000000000, 0.000000000000000000, -0.000000000000000000 ) ) ;
#2153 = ORIENTED_EDGE ( 'NONE', *, *, #1293, .T. ) ;
#2154 = ORIENTED_EDGE ( 'NONE', *, *, #922, .T. ) ;
#2155 = EDGE_CURVE ( 'NONE', #3549, #1452, #4067, .T. ) ;
#2156 = DIRECTION ( 'NONE',  ( -0.000000000000000000, -0.000000000000000000, -1.000000000000000000 ) ) ;
#2157 = CARTESIAN_POINT ( 'NONE',  ( 12.68408224115261618, 0.000000000000000000, -3.600000000000000089 ) ) ;
#2158 = CYLINDRICAL_SURFACE ( 'NONE', #718, 10.83535302197150330 ) ;
#2159 = VERTEX_POINT ( 'NONE', #3937 ) ;
#2160 = CARTESIAN_POINT ( 'NONE',  ( 34.99999999999999289, 13.17157287525291309, 0.000000000000000000 ) ) ;
#2161 = CYLINDRICAL_SURFACE ( 'NONE', #568, 4.049999999999998046 ) ;
#2162 = PLANE ( 'NONE',  #2483 ) ;
#2163 = ORIENTED_EDGE ( 'NONE', *, *, #3834, .F. ) ;
#2164 = EDGE_CURVE ( 'NONE', #1271, #2462, #1971, .T. ) ;
#2165 = DIRECTION ( 'NONE',  ( 0.000000000000000000, -0.000000000000000000, 1.000000000000000000 ) ) ;
#2166 = ORIENTED_EDGE ( 'NONE', *, *, #1293, .F. ) ;
#2167 = EDGE_CURVE ( 'NONE', #3405, #1602, #4204, .T. ) ;
#2168 = CARTESIAN_POINT ( 'NONE',  ( -25.68950128702079638, 0.3444634603058209787, -13.60000000000000142 ) ) ;
#2169 = VECTOR ( 'NONE', #1255, 999.9999999999998863 ) ;
#2170 = CARTESIAN_POINT ( 'NONE',  ( 0.000000000000000000, -5.738133619709119060, -3.600000000000000089 ) ) ;
#2171 = FACE_OUTER_BOUND ( 'NONE', #548, .T. ) ;
#2172 = EDGE_LOOP ( 'NONE', ( #1438, #3087, #908, #678, #1703, #200, #2506, #4021, #613, #1339, #232, #1927, #1142, #4285, #3470, #20, #3522, #4040, #1111, #2487, #3996, #85, #134, #2829, #286 ) ) ;
#2173 = AXIS2_PLACEMENT_3D ( 'NONE', #357, #2607, #4036 ) ;
#2174 = CARTESIAN_POINT ( 'NONE',  ( 4.028184292453284243, 10.84376210602755286, -13.60000000000000142 ) ) ;
#2175 = DIRECTION ( 'NONE',  ( -0.000000000000000000, -0.000000000000000000, -1.000000000000000000 ) ) ;
#2176 = CARTESIAN_POINT ( 'NONE',  ( -4.823173878571891393, 5.671146516067037346, -3.600000000000000089 ) ) ;
#2177 = ORIENTED_EDGE ( 'NONE', *, *, #781, .F. ) ;
#2178 = ORIENTED_EDGE ( 'NONE', *, *, #69, .T. ) ;
#2179 = DIRECTION ( 'NONE',  ( -1.000000000000000000, 0.000000000000000000, -0.000000000000000000 ) ) ;
#2180 = DIRECTION ( 'NONE',  ( -0.000000000000000000, -0.000000000000000000, 1.000000000000000000 ) ) ;
#2181 = CARTESIAN_POINT ( 'NONE',  ( 19.69732799511277577, 8.583921237619168920, -13.60000000000000142 ) ) ;
#2182 = ORIENTED_EDGE ( 'NONE', *, *, #4571, .T. ) ;
#2183 = DIRECTION ( 'NONE',  ( -0.000000000000000000, -0.000000000000000000, 1.000000000000000000 ) ) ;
#2184 = EDGE_CURVE ( 'NONE', #3712, #39, #2288, .T. ) ;
#2185 = AXIS2_PLACEMENT_3D ( 'NONE', #214, #4699, #1382 ) ;
#2186 = PLANE ( 'NONE',  #2664 ) ;
#2187 = LINE ( 'NONE', #4357, #2879 ) ;
#2188 = ORIENTED_EDGE ( 'NONE', *, *, #1084, .T. ) ;
#2189 = DIRECTION ( 'NONE',  ( 0.000000000000000000, -0.000000000000000000, -1.000000000000000000 ) ) ;
#2190 = ORIENTED_EDGE ( 'NONE', *, *, #3306, .F. ) ;
#2191 = AXIS2_PLACEMENT_3D ( 'NONE', #1338, #916, #1290 ) ;
#2192 = PLANE ( 'NONE',  #2908 ) ;
#2193 = LINE ( 'NONE', #1075, #247 ) ;
#2194 = AXIS2_PLACEMENT_3D ( 'NONE', #1150, #2620, #4101 ) ;
#2195 = LINE ( 'NONE', #3258, #2653 ) ;
#2196 = ORIENTED_EDGE ( 'NONE', *, *, #3464, .T. ) ;
#2197 = LINE ( 'NONE', #2651, #4641 ) ;
#2198 = DIRECTION ( 'NONE',  ( 0.000000000000000000, 1.000000000000000000, 0.000000000000000000 ) ) ;
#2199 = ORIENTED_EDGE ( 'NONE', *, *, #1363, .F. ) ;
#2200 = VERTEX_POINT ( 'NONE', #4640 ) ;
#2201 =( GEOMETRIC_REPRESENTATION_CONTEXT ( 3 ) GLOBAL_UNCERTAINTY_ASSIGNED_CONTEXT ( ( #927 ) ) GLOBAL_UNIT_ASSIGNED_CONTEXT ( ( #3761, #2234, #3393 ) ) REPRESENTATION_CONTEXT ( 'NONE', 'WORKASPACE' ) );
#2202 = DIRECTION ( 'NONE',  ( -0.000000000000000000, 0.000000000000000000, 1.000000000000000000 ) ) ;
#2203 = DIRECTION ( 'NONE',  ( 0.000000000000000000, 1.000000000000000000, 0.000000000000000000 ) ) ;
#2204 = FACE_OUTER_BOUND ( 'NONE', #183, .T. ) ;
#2205 = ORIENTED_EDGE ( 'NONE', *, *, #866, .F. ) ;
#2206 = CARTESIAN_POINT ( 'NONE',  ( 32.99999999999999289, 13.17157287525291309, 4.000000000000000000 ) ) ;
#2207 = VECTOR ( 'NONE', #1063, 1000.000000000000000 ) ;
#2208 = EDGE_CURVE ( 'NONE', #1624, #1171, #617, .T. ) ;
#2209 = AXIS2_PLACEMENT_3D ( 'NONE', #3005, #2613, #2254 ) ;
#2210 = EDGE_CURVE ( 'NONE', #2129, #3396, #4565, .T. ) ;
#2211 = CARTESIAN_POINT ( 'NONE',  ( -34.41421356237309936, 14.58578643762603200, 4.000000000000000000 ) ) ;
#2212 = EDGE_CURVE ( 'NONE', #1777, #4085, #662, .T. ) ;
#2213 = EDGE_CURVE ( 'NONE', #1997, #1054, #1302, .T. ) ;
#2214 = CARTESIAN_POINT ( 'NONE',  ( -27.72963113701300131, 14.72963113701214866, -13.60000000000000142 ) ) ;
#2215 = ORIENTED_EDGE ( 'NONE', *, *, #1914, .T. ) ;
#2216 = AXIS2_PLACEMENT_3D ( 'NONE', #544, #499, #635 ) ;
#2217 = CARTESIAN_POINT ( 'NONE',  ( -0.5794042551126808993, 0.000000000000000000, -3.600000000000000089 ) ) ;
#2218 = ORIENTED_EDGE ( 'NONE', *, *, #1084, .F. ) ;
#2219 = AXIS2_PLACEMENT_3D ( 'NONE', #2895, #1100, #350 ) ;
#2220 = LINE ( 'NONE', #3693, #432 ) ;
#2221 = CARTESIAN_POINT ( 'NONE',  ( 22.52010101267757847, -22.52010101267757847, -13.60000000000000142 ) ) ;
#2222 = LINE ( 'NONE', #301, #942 ) ;
#2223 = VERTEX_POINT ( 'NONE', #930 ) ;
#2224 = CARTESIAN_POINT ( 'NONE',  ( 8.707449072009380231, -19.20000000000048956, -3.600000000000000089 ) ) ;
#2225 = LINE ( 'NONE', #1732, #4155 ) ;
#2226 = ORIENTED_EDGE ( 'NONE', *, *, #2655, .F. ) ;
#2227 = ORIENTED_EDGE ( 'NONE', *, *, #1118, .F. ) ;
#2228 = DIRECTION ( 'NONE',  ( -0.6111244668554398629, -0.7915345134677668204, 0.000000000000000000 ) ) ;
#2229 = CARTESIAN_POINT ( 'NONE',  ( 0.000000000000000000, -15.13611808696517080, -3.600000000000000089 ) ) ;
#2230 = DIRECTION ( 'NONE',  ( 0.000000000000000000, 1.000000000000000000, 0.000000000000000000 ) ) ;
#2231 = VERTEX_POINT ( 'NONE', #907 ) ;
#2232 = CARTESIAN_POINT ( 'NONE',  ( -32.99999999999999289, -13.17157287525463616, 4.000000000000000000 ) ) ;
#2233 = VECTOR ( 'NONE', #175, 1000.000000000000000 ) ;
#2234 =( NAMED_UNIT ( * ) PLANE_ANGLE_UNIT ( ) SI_UNIT ( $, .RADIAN. ) );
#2235 = LINE ( 'NONE', #1870, #941 ) ;
#2236 = VERTEX_POINT ( 'NONE', #4250 ) ;
#2237 = CARTESIAN_POINT ( 'NONE',  ( 0.000000000000000000, 19.19999999999959783, 0.000000000000000000 ) ) ;
#2238 = ORIENTED_EDGE ( 'NONE', *, *, #1587, .F. ) ;
#2239 = EDGE_CURVE ( 'NONE', #2141, #640, #2436, .T. ) ;
#2240 = ADVANCED_FACE ( 'NONE', ( #2459 ), #3917, .F. ) ;
#2241 = CARTESIAN_POINT ( 'NONE',  ( -7.499999999999982236, -17.37500000000055067, -3.600000000000000089 ) ) ;
#2242 = PLANE ( 'NONE',  #4581 ) ;
#2243 = DIRECTION ( 'NONE',  ( -1.000000000000000000, 0.000000000000000000, 0.000000000000000000 ) ) ;
#2244 = ADVANCED_FACE ( 'NONE', ( #1662 ), #1679, .F. ) ;
#2245 = EDGE_CURVE ( 'NONE', #3415, #2870, #2002, .T. ) ;
#2246 = ORIENTED_EDGE ( 'NONE', *, *, #1807, .T. ) ;
#2247 = CARTESIAN_POINT ( 'NONE',  ( -0.5794042551126808993, 0.000000000000000000, -3.600000000000000089 ) ) ;
#2248 = DIRECTION ( 'NONE',  ( -1.000000000000000000, 0.000000000000000000, 0.000000000000000000 ) ) ;
#2249 = ORIENTED_EDGE ( 'NONE', *, *, #4188, .T. ) ;
#2250 = AXIS2_PLACEMENT_3D ( 'NONE', #4796, #702, #4022 ) ;
#2251 = ORIENTED_EDGE ( 'NONE', *, *, #2953, .T. ) ;
#2252 = LINE ( 'NONE', #2634, #3517 ) ;
#2253 = PLANE ( 'NONE',  #266 ) ;
#2254 = DIRECTION ( 'NONE',  ( 0.000000000000000000, -0.000000000000000000, 1.000000000000000000 ) ) ;
#2255 = ORIENTED_EDGE ( 'NONE', *, *, #3657, .F. ) ;
#2256 = DIRECTION ( 'NONE',  ( 1.000000000000000000, 0.000000000000000000, 0.000000000000000000 ) ) ;
#2257 = CARTESIAN_POINT ( 'NONE',  ( 13.22120437346286259, -19.20000000000048956, -13.60000000000000142 ) ) ;
#2258 = ADVANCED_FACE ( 'NONE', ( #3476 ), #157, .F. ) ;
#2259 = CARTESIAN_POINT ( 'NONE',  ( -14.12066010208511990, 1.822746446835821876, 0.000000000000000000 ) ) ;
#2260 = ADVANCED_FACE ( 'NONE', ( #2024 ), #3190, .F. ) ;
#2261 = VERTEX_POINT ( 'NONE', #4665 ) ;
#2262 = CIRCLE ( 'NONE', #3032, 2.000000000000001776 ) ;
#2263 = DIRECTION ( 'NONE',  ( -0.000000000000000000, -0.000000000000000000, 1.000000000000000000 ) ) ;
#2264 = VERTEX_POINT ( 'NONE', #717 ) ;
#2265 = CARTESIAN_POINT ( 'NONE',  ( -35.00000000000000711, 21.99999999999912959, 4.000000000000000000 ) ) ;
#2266 = CARTESIAN_POINT ( 'NONE',  ( -35.00000000000000711, 21.99999999999912959, 4.000000000000000000 ) ) ;
#2267 = DIRECTION ( 'NONE',  ( -1.000000000000000000, 0.000000000000000000, 0.000000000000000000 ) ) ;
#2268 = ADVANCED_FACE ( 'NONE', ( #3625 ), #1080, .T. ) ;
#2269 = CIRCLE ( 'NONE', #1333, 3.574999999999994849 ) ;
#2270 = VECTOR ( 'NONE', #1199, 1000.000000000000000 ) ;
#2271 = DIRECTION ( 'NONE',  ( 0.000000000000000000, 0.000000000000000000, -1.000000000000000000 ) ) ;
#2272 = ORIENTED_EDGE ( 'NONE', *, *, #1698, .T. ) ;
#2273 = ORIENTED_EDGE ( 'NONE', *, *, #360, .T. ) ;
#2274 = CARTESIAN_POINT ( 'NONE',  ( -19.59547977247137140, -8.595318925305528879, -48.60000000000000142 ) ) ;
#2275 = DIRECTION ( 'NONE',  ( 1.000000000000000000, 0.000000000000000000, 0.000000000000000000 ) ) ;
#2276 = CARTESIAN_POINT ( 'NONE',  ( -21.73966880935162749, -19.20000000000083773, -48.60000000000000142 ) ) ;
#2277 = ORIENTED_EDGE ( 'NONE', *, *, #3998, .F. ) ;
#2278 = CARTESIAN_POINT ( 'NONE',  ( 12.68408224115261618, 6.336498395826628993, 0.000000000000000000 ) ) ;
#2279 = EDGE_CURVE ( 'NONE', #2957, #3533, #2925, .T. ) ;
#2280 = VECTOR ( 'NONE', #96, 1000.000000000000000 ) ;
#2281 = DIRECTION ( 'NONE',  ( -1.000000000000000000, 0.000000000000000000, 0.000000000000000000 ) ) ;
#2282 = AXIS2_PLACEMENT_3D ( 'NONE', #792, #4793, #4158 ) ;
#2283 = FACE_OUTER_BOUND ( 'NONE', #4366, .T. ) ;
#2284 = VERTEX_POINT ( 'NONE', #1811 ) ;
#2285 = CIRCLE ( 'NONE', #3833, 3.574999999999994849 ) ;
#2286 = DIRECTION ( 'NONE',  ( -1.000000000000000000, 0.000000000000000000, 0.000000000000000000 ) ) ;
#2287 = CIRCLE ( 'NONE', #3836, 10.84997384688809952 ) ;
#2288 = CIRCLE ( 'NONE', #1441, 10.83535302197150330 ) ;
#2289 = LINE ( 'NONE', #3060, #1718 ) ;
#2290 = EDGE_CURVE ( 'NONE', #3644, #3506, #4344, .T. ) ;
#2291 = LINE ( 'NONE', #2676, #229 ) ;
#2292 = LINE ( 'NONE', #1498, #2689 ) ;
#2293 = ORIENTED_EDGE ( 'NONE', *, *, #4797, .T. ) ;
#2294 = ORIENTED_EDGE ( 'NONE', *, *, #1887, .T. ) ;
#2295 = ADVANCED_FACE ( 'NONE', ( #642 ), #1030, .T. ) ;
#2296 = LINE ( 'NONE', #2699, #3057 ) ;
#2297 = DIRECTION ( 'NONE',  ( -0.000000000000000000, -0.000000000000000000, -1.000000000000000000 ) ) ;
#2298 = DIRECTION ( 'NONE',  ( -1.000000000000000000, 0.000000000000000000, -0.000000000000000000 ) ) ;
#2299 = ORIENTED_EDGE ( 'NONE', *, *, #4307, .T. ) ;
#2300 = CIRCLE ( 'NONE', #4148, 10.81927942710966128 ) ;
#2301 = LINE ( 'NONE', #477, #224 ) ;
#2302 = EDGE_CURVE ( 'NONE', #1065, #1336, #2126, .T. ) ;
#2303 = CARTESIAN_POINT ( 'NONE',  ( -7.499999999999982236, -17.37500000000055067, 0.000000000000000000 ) ) ;
#2304 = CARTESIAN_POINT ( 'NONE',  ( 0.000000000000000000, -15.13611808696517080, -3.600000000000000089 ) ) ;
#2305 = VECTOR ( 'NONE', #1563, 1000.000000000000000 ) ;
#2306 = ORIENTED_EDGE ( 'NONE', *, *, #4307, .F. ) ;
#2307 = VERTEX_POINT ( 'NONE', #4713 ) ;
#2308 = ADVANCED_FACE ( 'NONE', ( #3988 ), #1107, .T. ) ;
#2309 = FACE_OUTER_BOUND ( 'NONE', #2670, .T. ) ;
#2310 = DIRECTION ( 'NONE',  ( 0.000000000000000000, 0.000000000000000000, -1.000000000000000000 ) ) ;
#2311 = ADVANCED_FACE ( 'NONE', ( #358 ), #305, .T. ) ;
#2312 = DIRECTION ( 'NONE',  ( 0.000000000000000000, 0.000000000000000000, -1.000000000000000000 ) ) ;
#2313 = FACE_OUTER_BOUND ( 'NONE', #4053, .T. ) ;
#2314 = VERTEX_POINT ( 'NONE', #4014 ) ;
#2315 = ORIENTED_EDGE ( 'NONE', *, *, #533, .T. ) ;
#2316 = CARTESIAN_POINT ( 'NONE',  ( 0.000000000000000000, -10.46866271396552506, -48.60000000000000142 ) ) ;
#2317 = FACE_OUTER_BOUND ( 'NONE', #1608, .T. ) ;
#2318 = CARTESIAN_POINT ( 'NONE',  ( 32.20000000000000995, 0.3673820772719434968, -13.60000000000000142 ) ) ;
#2319 = FACE_OUTER_BOUND ( 'NONE', #2450, .T. ) ;
#2320 = ORIENTED_EDGE ( 'NONE', *, *, #4422, .F. ) ;
#2321 = CARTESIAN_POINT ( 'NONE',  ( -20.13877695529204814, -1.701415459276991893, -3.600000000000000089 ) ) ;
#2322 = CIRCLE ( 'NONE', #464, 10.82663658333988366 ) ;
#2323 = VECTOR ( 'NONE', #2973, 1000.000000000000000 ) ;
#2324 = FACE_OUTER_BOUND ( 'NONE', #4335, .T. ) ;
#2325 = EDGE_CURVE ( 'NONE', #2783, #4756, #331, .T. ) ;
#2326 = CARTESIAN_POINT ( 'NONE',  ( 5.925000000000027356, 17.37499999999965183, 0.000000000000000000 ) ) ;
#2327 = ORIENTED_EDGE ( 'NONE', *, *, #2362, .T. ) ;
#2328 = CYLINDRICAL_SURFACE ( 'NONE', #999, 1.574999999999999956 ) ;
#2329 = EDGE_CURVE ( 'NONE', #4482, #4267, #283, .T. ) ;
#2330 = ORIENTED_EDGE ( 'NONE', *, *, #2563, .T. ) ;
#2331 = PLANE ( 'NONE',  #3448 ) ;
#2332 = LINE ( 'NONE', #3354, #870 ) ;
#2333 = ORIENTED_EDGE ( 'NONE', *, *, #1147, .T. ) ;
#2334 = VECTOR ( 'NONE', #2639, 1000.000000000000000 ) ;
#2335 = CIRCLE ( 'NONE', #2415, 4.049999999999998046 ) ;
#2336 = CARTESIAN_POINT ( 'NONE',  ( -11.55000000000017835, -17.37500000000055067, 0.000000000000000000 ) ) ;
#2337 = DIRECTION ( 'NONE',  ( -0.000000000000000000, -0.000000000000000000, 1.000000000000000000 ) ) ;
#2338 = VERTEX_POINT ( 'NONE', #3263 ) ;
#2339 = EDGE_LOOP ( 'NONE', ( #1206, #2354, #4181, #1109, #3355, #1746, #4667, #2779, #4479, #1733 ) ) ;
#2340 = AXIS2_PLACEMENT_3D ( 'NONE', #4657, #493, #1607 ) ;
#2341 = VECTOR ( 'NONE', #4084, 999.9999999999998863 ) ;
#2342 = PLANE ( 'NONE',  #89 ) ;
#2343 = AXIS2_PLACEMENT_3D ( 'NONE', #3609, #2590, #1866 ) ;
#2344 = CARTESIAN_POINT ( 'NONE',  ( -7.971703274460302246, 7.971703274460492317, 0.000000000000000000 ) ) ;
#2345 = DIRECTION ( 'NONE',  ( 1.000000000000000000, -0.000000000000000000, 0.000000000000000000 ) ) ;
#2346 = DIRECTION ( 'NONE',  ( -0.4119762703940638149, 0.9111945745186355028, 0.000000000000000000 ) ) ;
#2347 = VECTOR ( 'NONE', #1379, 1000.000000000000000 ) ;
#2348 = ORIENTED_EDGE ( 'NONE', *, *, #664, .F. ) ;
#2349 = DIRECTION ( 'NONE',  ( -1.000000000000000000, 0.000000000000000000, 0.000000000000000000 ) ) ;
#2350 = VECTOR ( 'NONE', #1817, 1000.000000000000000 ) ;
#2351 = EDGE_CURVE ( 'NONE', #4175, #1765, #3314, .T. ) ;
#2352 = LINE ( 'NONE', #4695, #4447 ) ;
#2353 = CARTESIAN_POINT ( 'NONE',  ( 29.44006110360922079, -6.116575947249635270, -48.60000000000000142 ) ) ;
#2354 = ORIENTED_EDGE ( 'NONE', *, *, #1587, .T. ) ;
#2355 = CARTESIAN_POINT ( 'NONE',  ( 0.000000000000000000, -10.46866271396552506, 0.000000000000000000 ) ) ;
#2356 = EDGE_CURVE ( 'NONE', #1336, #2951, #4542, .T. ) ;
#2357 = EDGE_CURVE ( 'NONE', #1697, #26, #4064, .T. ) ;
#2358 = EDGE_CURVE ( 'NONE', #2631, #2972, #2225, .T. ) ;
#2359 = CARTESIAN_POINT ( 'NONE',  ( 3.450000000000025935, 17.37499999999965183, -48.60000000000000142 ) ) ;
#2360 = DIRECTION ( 'NONE',  ( -0.7071067811865489050, 8.659560562354952580E-17, 0.7071067811865461294 ) ) ;
#2361 = CIRCLE ( 'NONE', #4758, 1.574999999999999956 ) ;
#2362 = EDGE_CURVE ( 'NONE', #801, #4296, #1451, .T. ) ;
#2363 = VECTOR ( 'NONE', #2156, 1000.000000000000000 ) ;
#2364 = CARTESIAN_POINT ( 'NONE',  ( 23.21372783215999647, -6.116575947249634382, -48.60000000000000142 ) ) ;
#2365 = AXIS2_PLACEMENT_3D ( 'NONE', #3547, #3572, #1349 ) ;
#2366 = FACE_OUTER_BOUND ( 'NONE', #1204, .T. ) ;
#2367 = ORIENTED_EDGE ( 'NONE', *, *, #443, .F. ) ;
#2368 = EDGE_LOOP ( 'NONE', ( #4386, #3088, #1459, #1073 ) ) ;
#2369 = CARTESIAN_POINT ( 'NONE',  ( -0.5794042551126808993, 6.336498395826628993, -3.600000000000000089 ) ) ;
#2370 = LINE ( 'NONE', #137, #3682 ) ;
#2371 = LINE ( 'NONE', #2413, #37 ) ;
#2372 = AXIS2_PLACEMENT_3D ( 'NONE', #3380, #57, #737 ) ;
#2373 = ADVANCED_FACE ( 'NONE', ( #4319 ), #1755, .F. ) ;
#2374 = DIRECTION ( 'NONE',  ( -1.000000000000000000, 0.000000000000000000, 0.000000000000000000 ) ) ;
#2375 = VERTEX_POINT ( 'NONE', #3238 ) ;
#2376 = LINE ( 'NONE', #504, #549 ) ;
#2377 = FACE_OUTER_BOUND ( 'NONE', #1231, .T. ) ;
#2378 = CARTESIAN_POINT ( 'NONE',  ( 14.03843313539660187, -0.6563051707230436183, -3.600000000000000089 ) ) ;
#2379 = ORIENTED_EDGE ( 'NONE', *, *, #130, .T. ) ;
#2380 = DIRECTION ( 'NONE',  ( -0.000000000000000000, -0.000000000000000000, 1.000000000000000000 ) ) ;
#2381 = DIRECTION ( 'NONE',  ( 0.000000000000000000, 0.000000000000000000, -1.000000000000000000 ) ) ;
#2382 = CARTESIAN_POINT ( 'NONE',  ( 26.46355304715840973, -18.57664897819674721, -3.600000000000000089 ) ) ;
#2383 = ADVANCED_FACE ( 'NONE', ( #4766 ), #2479, .F. ) ;
#2384 = ORIENTED_EDGE ( 'NONE', *, *, #174, .T. ) ;
#2385 = CIRCLE ( 'NONE', #4004, 4.050000000000001599 ) ;
#2386 = DIRECTION ( 'NONE',  ( 0.000000000000000000, -1.000000000000000000, 0.000000000000000000 ) ) ;
#2387 = CARTESIAN_POINT ( 'NONE',  ( 26.17157287525379061, 21.99999999999912959, 0.000000000000000000 ) ) ;
#2388 = ADVANCED_FACE ( 'NONE', ( #1543 ), #450, .F. ) ;
#2389 = VERTEX_POINT ( 'NONE', #4448 ) ;
#2390 = EDGE_LOOP ( 'NONE', ( #4353, #4133, #4145, #1758 ) ) ;
#2391 = CARTESIAN_POINT ( 'NONE',  ( -14.64476357193259659, 1.298642976988359177, -3.600000000000000089 ) ) ;
#2392 = CARTESIAN_POINT ( 'NONE',  ( 22.52010101267765663, -22.52010101267765663, 0.000000000000000000 ) ) ;
#2393 = DIRECTION ( 'NONE',  ( -0.000000000000000000, -0.000000000000000000, 1.000000000000000000 ) ) ;
#2394 = CARTESIAN_POINT ( 'NONE',  ( 0.000000000000000000, 19.19999999999993534, 0.000000000000000000 ) ) ;
#2395 = ORIENTED_EDGE ( 'NONE', *, *, #4751, .F. ) ;
#2396 = ORIENTED_EDGE ( 'NONE', *, *, #1315, .F. ) ;
#2397 = LINE ( 'NONE', #3922, #346 ) ;
#2398 = VECTOR ( 'NONE', #316, 1000.000000000000000 ) ;
#2399 = CYLINDRICAL_SURFACE ( 'NONE', #1457, 10.82663658333988188 ) ;
#2400 = ORIENTED_EDGE ( 'NONE', *, *, #2021, .F. ) ;
#2401 = CARTESIAN_POINT ( 'NONE',  ( 4.210275251165831456, -19.20000000000048601, -3.600000000000000089 ) ) ;
#2402 = CARTESIAN_POINT ( 'NONE',  ( 0.000000000000000000, 15.14834642796049025, -3.600000000000000089 ) ) ;
#2403 = CARTESIAN_POINT ( 'NONE',  ( 32.20000000000001705, -2.744953529623670896, -48.60000000000000142 ) ) ;
#2404 = ORIENTED_EDGE ( 'NONE', *, *, #3336, .T. ) ;
#2405 = DIRECTION ( 'NONE',  ( 0.000000000000000000, 0.000000000000000000, 1.000000000000000000 ) ) ;
#2406 = LINE ( 'NONE', #3889, #3576 ) ;
#2407 = ORIENTED_EDGE ( 'NONE', *, *, #781, .T. ) ;
#2408 = AXIS2_PLACEMENT_3D ( 'NONE', #2036, #605, #4649 ) ;
#2409 = VERTEX_POINT ( 'NONE', #811 ) ;
#2410 = EDGE_CURVE ( 'NONE', #3247, #3080, #1906, .T. ) ;
#2411 = EDGE_CURVE ( 'NONE', #3841, #3144, #1524, .T. ) ;
#2412 = DIRECTION ( 'NONE',  ( -0.000000000000000000, -0.000000000000000000, 1.000000000000000000 ) ) ;
#2413 = CARTESIAN_POINT ( 'NONE',  ( -26.15463113701300202, 14.72963113701214866, 2.000000000000012879 ) ) ;
#2414 = DIRECTION ( 'NONE',  ( 1.000000000000000000, 0.000000000000000000, 0.000000000000000000 ) ) ;
#2415 = AXIS2_PLACEMENT_3D ( 'NONE', #2214, #2547, #1486 ) ;
#2416 = ORIENTED_EDGE ( 'NONE', *, *, #4737, .F. ) ;
#2417 = ORIENTED_EDGE ( 'NONE', *, *, #2767, .F. ) ;
#2418 = ORIENTED_EDGE ( 'NONE', *, *, #2351, .F. ) ;
#2419 = CIRCLE ( 'NONE', #561, 10.84997384688810307 ) ;
#2420 = DIRECTION ( 'NONE',  ( 0.000000000000000000, -1.000000000000000000, 0.000000000000000000 ) ) ;
#2421 = CARTESIAN_POINT ( 'NONE',  ( 0.000000000000000000, -10.46866271396552506, -3.600000000000000089 ) ) ;
#2422 = ORIENTED_EDGE ( 'NONE', *, *, #533, .F. ) ;
#2423 = VECTOR ( 'NONE', #3689, 1000.000000000000000 ) ;
#2424 = DIRECTION ( 'NONE',  ( 0.000000000000000000, -1.000000000000000000, 0.000000000000000000 ) ) ;
#2425 = ADVANCED_FACE ( 'NONE', ( #4132 ), #4515, .F. ) ;
#2426 = FACE_OUTER_BOUND ( 'NONE', #3755, .T. ) ;
#2427 = CARTESIAN_POINT ( 'NONE',  ( 32.20000000000001705, 0.000000000000000000, -3.600000000000000089 ) ) ;
#2428 = ORIENTED_EDGE ( 'NONE', *, *, #2210, .T. ) ;
#2429 = CARTESIAN_POINT ( 'NONE',  ( 8.707449072009380231, -19.20000000000048601, -48.60000000000000142 ) ) ;
#2430 = ORIENTED_EDGE ( 'NONE', *, *, #1095, .F. ) ;
#2431 = DIRECTION ( 'NONE',  ( 0.000000000000000000, -0.000000000000000000, -1.000000000000000000 ) ) ;
#2432 = ORIENTED_EDGE ( 'NONE', *, *, #86, .T. ) ;
#2433 = VECTOR ( 'NONE', #4669, 1000.000000000000000 ) ;
#2434 = ORIENTED_EDGE ( 'NONE', *, *, #4346, .T. ) ;
#2435 = CYLINDRICAL_SURFACE ( 'NONE', #4251, 10.84997384688810129 ) ;
#2436 = LINE ( 'NONE', #182, #3986 ) ;
#2437 = ORIENTED_EDGE ( 'NONE', *, *, #1968, .F. ) ;
#2438 = ORIENTED_EDGE ( 'NONE', *, *, #1648, .F. ) ;
#2439 = EDGE_CURVE ( 'NONE', #3712, #3645, #786, .T. ) ;
#2440 = VERTEX_POINT ( 'NONE', #4473 ) ;
#2441 = DIRECTION ( 'NONE',  ( -0.000000000000000000, -0.000000000000000000, -1.000000000000000000 ) ) ;
#2442 = DIRECTION ( 'NONE',  ( -0.7071067811865475727, 0.7071067811865475727, 0.000000000000000000 ) ) ;
#2443 = ORIENTED_EDGE ( 'NONE', *, *, #356, .F. ) ;
#2444 = CARTESIAN_POINT ( 'NONE',  ( -23.67963113701300415, 14.72963113701214866, 0.000000000000000000 ) ) ;
#2445 = PLANE ( 'NONE',  #4260 ) ;
#2446 = EDGE_CURVE ( 'NONE', #3778, #1554, #2292, .T. ) ;
#2447 = PLANE ( 'NONE',  #4341 ) ;
#2448 = ORIENTED_EDGE ( 'NONE', *, *, #910, .T. ) ;
#2449 = LINE ( 'NONE', #490, #3273 ) ;
#2450 = EDGE_LOOP ( 'NONE', ( #1401, #1512, #956, #319 ) ) ;
#2451 = EDGE_CURVE ( 'NONE', #1956, #3952, #3424, .T. ) ;
#2452 = CARTESIAN_POINT ( 'NONE',  ( -27.72963113701300131, 14.72963113701214866, 4.000000000000000000 ) ) ;
#2453 = AXIS2_PLACEMENT_3D ( 'NONE', #3602, #692, #1398 ) ;
#2454 = VERTEX_POINT ( 'NONE', #3384 ) ;
#2455 = ORIENTED_EDGE ( 'NONE', *, *, #460, .F. ) ;
#2456 = CARTESIAN_POINT ( 'NONE',  ( -9.348169492355349774, 1.822746446835822542, -3.600000000000000089 ) ) ;
#2457 =( NAMED_UNIT ( * ) SI_UNIT ( $, .STERADIAN. ) SOLID_ANGLE_UNIT ( ) );
#2458 = ADVANCED_FACE ( 'NONE', ( #2313 ), #1159, .T. ) ;
#2459 = FACE_OUTER_BOUND ( 'NONE', #3407, .T. ) ;
#2460 = ORIENTED_EDGE ( 'NONE', *, *, #3472, .F. ) ;
#2461 = ORIENTED_EDGE ( 'NONE', *, *, #890, .F. ) ;
#2462 = VERTEX_POINT ( 'NONE', #1884 ) ;
#2463 = DIRECTION ( 'NONE',  ( 0.000000000000000000, 0.000000000000000000, -1.000000000000000000 ) ) ;
#2464 = CARTESIAN_POINT ( 'NONE',  ( -28.39866601850626537, 6.336498395826628993, -3.600000000000000089 ) ) ;
#2465 = VERTEX_POINT ( 'NONE', #3019 ) ;
#2466 = LINE ( 'NONE', #3611, #3867 ) ;
#2467 = DIRECTION ( 'NONE',  ( 0.000000000000000000, -1.000000000000000000, 0.000000000000000000 ) ) ;
#2468 = CARTESIAN_POINT ( 'NONE',  ( 9.159798005513307473, -1.259899410479727866, -3.600000000000000089 ) ) ;
#2469 = VERTEX_POINT ( 'NONE', #4089 ) ;
#2470 = LINE ( 'NONE', #1072, #1191 ) ;
#2471 = ORIENTED_EDGE ( 'NONE', *, *, #2623, .F. ) ;
#2472 = LINE ( 'NONE', #905, #2743 ) ;
#2473 = CARTESIAN_POINT ( 'NONE',  ( 0.000000000000000000, -1.701415459276992115, -3.600000000000000089 ) ) ;
#2474 = ORIENTED_EDGE ( 'NONE', *, *, #4362, .T. ) ;
#2475 = EDGE_CURVE ( 'NONE', #405, #2100, #1067, .T. ) ;
#2476 = ORIENTED_EDGE ( 'NONE', *, *, #172, .F. ) ;
#2477 = DIRECTION ( 'NONE',  ( -0.000000000000000000, -0.000000000000000000, 1.000000000000000000 ) ) ;
#2478 = PLANE ( 'NONE',  #1275 ) ;
#2479 = PLANE ( 'NONE',  #4087 ) ;
#2480 = VERTEX_POINT ( 'NONE', #469 ) ;
#2481 = ORIENTED_EDGE ( 'NONE', *, *, #273, .T. ) ;
#2482 = ORIENTED_EDGE ( 'NONE', *, *, #542, .F. ) ;
#2483 = AXIS2_PLACEMENT_3D ( 'NONE', #3251, #1768, #2914 ) ;
#2484 = LINE ( 'NONE', #1113, #722 ) ;
#2485 = DIRECTION ( 'NONE',  ( 0.000000000000000000, -0.000000000000000000, -1.000000000000000000 ) ) ;
#2486 = DIRECTION ( 'NONE',  ( 0.000000000000000000, 0.000000000000000000, -1.000000000000000000 ) ) ;
#2487 = ORIENTED_EDGE ( 'NONE', *, *, #2490, .T. ) ;
#2488 = CARTESIAN_POINT ( 'NONE',  ( 0.000000000000000000, -15.13611808696517080, -3.600000000000000089 ) ) ;
#2489 = CARTESIAN_POINT ( 'NONE',  ( -35.00000000000000711, 13.17157287525294329, 0.000000000000000000 ) ) ;
#2490 = EDGE_CURVE ( 'NONE', #3772, #1997, #2975, .T. ) ;
#2491 = VECTOR ( 'NONE', #4734, 1000.000000000000000 ) ;
#2492 = DIRECTION ( 'NONE',  ( -0.000000000000000000, -0.000000000000000000, 1.000000000000000000 ) ) ;
#2493 = VECTOR ( 'NONE', #1046, 1000.000000000000114 ) ;
#2494 = DIRECTION ( 'NONE',  ( -0.000000000000000000, -0.000000000000000000, 1.000000000000000000 ) ) ;
#2495 = ORIENTED_EDGE ( 'NONE', *, *, #443, .T. ) ;
#2496 = EDGE_CURVE ( 'NONE', #2231, #1867, #1926, .T. ) ;
#2497 = DIRECTION ( 'NONE',  ( 0.000000000000000000, 1.000000000000000000, 0.000000000000000000 ) ) ;
#2498 = ORIENTED_EDGE ( 'NONE', *, *, #4459, .F. ) ;
#2499 = EDGE_CURVE ( 'NONE', #4716, #4753, #3404, .T. ) ;
#2500 = EDGE_CURVE ( 'NONE', #268, #3778, #1585, .T. ) ;
#2501 = EDGE_CURVE ( 'NONE', #2071, #2645, #4172, .T. ) ;
#2502 = DIRECTION ( 'NONE',  ( 1.000000000000000000, 0.000000000000000000, 0.000000000000000000 ) ) ;
#2503 = DIRECTION ( 'NONE',  ( -0.000000000000000000, -0.000000000000000000, 1.000000000000000000 ) ) ;
#2504 = ORIENTED_EDGE ( 'NONE', *, *, #4346, .F. ) ;
#2505 = ADVANCED_FACE ( 'NONE', ( #853 ), #766, .T. ) ;
#2506 = ORIENTED_EDGE ( 'NONE', *, *, #3859, .T. ) ;
#2507 = CARTESIAN_POINT ( 'NONE',  ( 0.000000000000000000, 1.822746446835822542, -3.600000000000000089 ) ) ;
#2508 = PRESENTATION_STYLE_ASSIGNMENT (( #1029 ) ) ;
#2509 = CIRCLE ( 'NONE', #2668, 10.81927942710966128 ) ;
#2510 = CARTESIAN_POINT ( 'NONE',  ( -34.41421356237309226, -14.58578643762773197, 0.000000000000000000 ) ) ;
#2511 = ORIENTED_EDGE ( 'NONE', *, *, #3862, .T. ) ;
#2512 = VECTOR ( 'NONE', #1838, 1000.000000000000000 ) ;
#2513 = EDGE_LOOP ( 'NONE', ( #4513, #3462, #4494, #4026 ) ) ;
#2514 = VECTOR ( 'NONE', #4663, 1000.000000000000000 ) ;
#2515 = EDGE_CURVE ( 'NONE', #3453, #758, #3723, .T. ) ;
#2516 = CARTESIAN_POINT ( 'NONE',  ( 6.458862161587608952, -8.609442100909745932, -3.600000000000000089 ) ) ;
#2517 = DIRECTION ( 'NONE',  ( 0.000000000000000000, -0.000000000000000000, 1.000000000000000000 ) ) ;
#2518 = AXIS2_PLACEMENT_3D ( 'NONE', #1504, #4452, #3071 ) ;
#2519 = CARTESIAN_POINT ( 'NONE',  ( -22.52010101267939035, -22.52010101267939746, 0.000000000000000000 ) ) ;
#2520 = AXIS2_PLACEMENT_3D ( 'NONE', #3389, #3410, #2298 ) ;
#2521 = ORIENTED_EDGE ( 'NONE', *, *, #2800, .F. ) ;
#2522 = DIRECTION ( 'NONE',  ( 0.000000000000000000, 0.000000000000000000, -1.000000000000000000 ) ) ;
#2523 = DIRECTION ( 'NONE',  ( 0.000000000000000000, -0.000000000000000000, 1.000000000000000000 ) ) ;
#2524 = CARTESIAN_POINT ( 'NONE',  ( -29.00068483284754706, 6.336498395826629881, -13.60000000000000142 ) ) ;
#2525 = ORIENTED_EDGE ( 'NONE', *, *, #2109, .T. ) ;
#2526 = VECTOR ( 'NONE', #4284, 1000.000000000000114 ) ;
#2527 = CARTESIAN_POINT ( 'NONE',  ( 27.58578643762688642, 21.41421356237222184, 4.000000000000000000 ) ) ;
#2528 = ORIENTED_EDGE ( 'NONE', *, *, #2245, .T. ) ;
#2529 = LINE ( 'NONE', #2624, #1829 ) ;
#2530 = EDGE_CURVE ( 'NONE', #1956, #4580, #4243, .T. ) ;
#2531 = DIRECTION ( 'NONE',  ( -0.000000000000000000, -0.000000000000000000, -1.000000000000000000 ) ) ;
#2532 = ORIENTED_EDGE ( 'NONE', *, *, #2515, .F. ) ;
#2533 = VERTEX_POINT ( 'NONE', #1701 ) ;
#2534 = DIRECTION ( 'NONE',  ( -0.000000000000000000, -0.000000000000000000, 1.000000000000000000 ) ) ;
#2535 = ADVANCED_FACE ( 'NONE', ( #2366 ), #2069, .F. ) ;
#2536 = VECTOR ( 'NONE', #2950, 1000.000000000000000 ) ;
#2537 = LINE ( 'NONE', #4740, #1353 ) ;
#2538 = CARTESIAN_POINT ( 'NONE',  ( -6.577418957547303435, 8.553977797029707730, -13.60000000000000142 ) ) ;
#2539 = ORIENTED_EDGE ( 'NONE', *, *, #3564, .F. ) ;
#2540 = ORIENTED_EDGE ( 'NONE', *, *, #1470, .T. ) ;
#2541 = LINE ( 'NONE', #4718, #2363 ) ;
#2542 = DIRECTION ( 'NONE',  ( 0.000000000000000000, -0.000000000000000000, 1.000000000000000000 ) ) ;
#2543 = CARTESIAN_POINT ( 'NONE',  ( -17.20308306692489353, 13.73681349229372550, -48.60000000000000142 ) ) ;
#2544 = ORIENTED_EDGE ( 'NONE', *, *, #4457, .F. ) ;
#2545 = LINE ( 'NONE', #1433, #2398 ) ;
#2546 = CARTESIAN_POINT ( 'NONE',  ( -13.52807727810133365, -1.335053986389500569, 0.000000000000000000 ) ) ;
#2547 = DIRECTION ( 'NONE',  ( 0.000000000000000000, 0.000000000000000000, -1.000000000000000000 ) ) ;
#2548 = ORIENTED_EDGE ( 'NONE', *, *, #2930, .T. ) ;
#2549 = PLANE ( 'NONE',  #4509 ) ;
#2550 = ORIENTED_EDGE ( 'NONE', *, *, #3259, .F. ) ;
#2551 = CARTESIAN_POINT ( 'NONE',  ( -19.60388646121188216, 10.84376210602755464, -13.60000000000000142 ) ) ;
#2552 = CIRCLE ( 'NONE', #3403, 4.049999999999994493 ) ;
#2553 = CARTESIAN_POINT ( 'NONE',  ( 34.41421356237309226, -14.58578643762776039, 4.000000000000000000 ) ) ;
#2554 = DIRECTION ( 'NONE',  ( -0.000000000000000000, -0.000000000000000000, -1.000000000000000000 ) ) ;
#2555 = VERTEX_POINT ( 'NONE', #2387 ) ;
#2556 = VECTOR ( 'NONE', #3085, 1000.000000000000114 ) ;
#2557 = DIRECTION ( 'NONE',  ( -0.000000000000000000, -0.000000000000000000, 1.000000000000000000 ) ) ;
#2558 = APPLICATION_PROTOCOL_DEFINITION ( 'draft international standard', 'automotive_design', 1998, #2074 ) ;
#2559 = CARTESIAN_POINT ( 'NONE',  ( -27.72963113701300131, 14.72963113701214866, 0.000000000000000000 ) ) ;
#2560 = ORIENTED_EDGE ( 'NONE', *, *, #3259, .T. ) ;
#2561 = EDGE_CURVE ( 'NONE', #1784, #4288, #3469, .T. ) ;
#2562 = ORIENTED_EDGE ( 'NONE', *, *, #1435, .T. ) ;
#2563 = EDGE_CURVE ( 'NONE', #1162, #2929, #2385, .T. ) ;
#2564 = EDGE_CURVE ( 'NONE', #2533, #235, #1245, .T. ) ;
#2565 = LINE ( 'NONE', #3318, #3294 ) ;
#2566 = PLANE ( 'NONE',  #113 ) ;
#2567 = DIRECTION ( 'NONE',  ( -1.000000000000000000, 0.000000000000000000, 0.000000000000000000 ) ) ;
#2568 = VERTEX_POINT ( 'NONE', #2719 ) ;
#2569 = DIRECTION ( 'NONE',  ( 0.9966798383318847820, 0.08142051254277368755, 0.000000000000000000 ) ) ;
#2570 = VECTOR ( 'NONE', #2724, 1000.000000000000000 ) ;
#2571 = CARTESIAN_POINT ( 'NONE',  ( 9.075000000000027711, 17.37499999999965183, 2.000000000000012879 ) ) ;
#2572 = DIRECTION ( 'NONE',  ( -1.000000000000000000, 0.000000000000000000, 0.000000000000000000 ) ) ;
#2573 = ORIENTED_EDGE ( 'NONE', *, *, #647, .F. ) ;
#2574 = DIRECTION ( 'NONE',  ( 1.000000000000000000, -0.000000000000000000, 0.000000000000000000 ) ) ;
#2575 = ORIENTED_EDGE ( 'NONE', *, *, #3229, .T. ) ;
#2576 = AXIS2_PLACEMENT_3D ( 'NONE', #3542, #4265, #3183 ) ;
#2577 = CLOSED_SHELL ( 'NONE', ( #519, #1993, #3601, #4081, #639, #4632, #1034, #4598, #3619, #842, #1138, #4583, #4757, #2707, #4010, #2705, #3844, #4508, #588, #106, #1244, #2872, #1447, #4516, #4298, #1994, #2118, #446, #287, #3503, #1534, #4786, #604, #4664, #3021, #2260, #4011, #2240, #3363, #50, #3379, #3361, #2885, #1640, #2864, #215, #280, #2144, #2268, #518, #4606, #4462, #4131, #1256, #3982, #3242, #2998, #4729, #3065, #1292, #2458, #1013, #798, #3182, #987, #2947, #3165, #4517, #3599, #4104, #1783, #3634, #990, #2920, #1021, #665, #2857, #3013, #4712, #2665, #3863, #2984, #4384, #4769, #3510, #373, #4721, #201, #3425, #4782, #2308, #3615, #3780, #2059, #513, #1797, #2425, #2535, #4076, #3710, #2505, #3157, #1119, #2593, #2650, #4329, #438, #4577, #2040, #3064, #3563, #2244, #2373, #310, #3565, #1879, #848, #4512, #3502, #1941, #921, #4027, #2758, #2146, #2388, #1815, #841, #557, #2383, #1246, #1789, #188, #342, #2630, #2311, #4129, #296, #2295, #1354, #873, #486, #4074, #810, #759, #1880, #2092, #2258 ) ) ;
#2578 = EDGE_CURVE ( 'NONE', #2159, #839, #3450, .T. ) ;
#2579 = CARTESIAN_POINT ( 'NONE',  ( 1.390345312941743428E-15, 10.84376210602755464, -3.600000000000000089 ) ) ;
#2580 = CARTESIAN_POINT ( 'NONE',  ( 7.500000000000027534, 17.37499999999965183, 4.000000000000000000 ) ) ;
#2581 = AXIS2_PLACEMENT_3D ( 'NONE', #1514, #1538, #370 ) ;
#2582 = VERTEX_POINT ( 'NONE', #539 ) ;
#2583 = ORIENTED_EDGE ( 'NONE', *, *, #153, .T. ) ;
#2584 = CARTESIAN_POINT ( 'NONE',  ( -32.19999999999998153, 6.336498395826628993, -48.60000000000000142 ) ) ;
#2585 = CARTESIAN_POINT ( 'NONE',  ( -32.99999999999999289, -13.17157287525463616, 0.000000000000000000 ) ) ;
#2586 = ORIENTED_EDGE ( 'NONE', *, *, #2155, .T. ) ;
#2587 = ORIENTED_EDGE ( 'NONE', *, *, #4688, .F. ) ;
#2588 = FACE_OUTER_BOUND ( 'NONE', #383, .T. ) ;
#2589 = LINE ( 'NONE', #2229, #424 ) ;
#2590 = DIRECTION ( 'NONE',  ( 0.000000000000000000, 0.000000000000000000, -1.000000000000000000 ) ) ;
#2591 = ORIENTED_EDGE ( 'NONE', *, *, #2767, .T. ) ;
#2592 = DIRECTION ( 'NONE',  ( -0.000000000000000000, -0.000000000000000000, 1.000000000000000000 ) ) ;
#2593 = ADVANCED_FACE ( 'NONE', ( #1678 ), #3491, .T. ) ;
#2594 = CIRCLE ( 'NONE', #192, 10.82663658333988188 ) ;
#2595 = DIRECTION ( 'NONE',  ( -0.000000000000000000, -0.000000000000000000, 1.000000000000000000 ) ) ;
#2596 = LINE ( 'NONE', #1463, #789 ) ;
#2597 = ORIENTED_EDGE ( 'NONE', *, *, #1610, .T. ) ;
#2598 = EDGE_CURVE ( 'NONE', #3247, #833, #4348, .T. ) ;
#2599 = VECTOR ( 'NONE', #1591, 1000.000000000000000 ) ;
#2600 = LINE ( 'NONE', #4438, #3200 ) ;
#2601 = ORIENTED_EDGE ( 'NONE', *, *, #341, .T. ) ;
#2602 = VECTOR ( 'NONE', #3642, 1000.000000000000000 ) ;
#2603 = DIRECTION ( 'NONE',  ( -0.000000000000000000, -0.000000000000000000, 1.000000000000000000 ) ) ;
#2604 = LINE ( 'NONE', #2355, #1882 ) ;
#2605 = CARTESIAN_POINT ( 'NONE',  ( 26.17157287525379061, 21.99999999999912959, 0.000000000000000000 ) ) ;
#2606 = ORIENTED_EDGE ( 'NONE', *, *, #436, .F. ) ;
#2607 = DIRECTION ( 'NONE',  ( 0.000000000000000000, 0.000000000000000000, -1.000000000000000000 ) ) ;
#2608 = CARTESIAN_POINT ( 'NONE',  ( 0.000000000000000000, -1.259899410479727866, -3.600000000000000089 ) ) ;
#2609 = ORIENTED_EDGE ( 'NONE', *, *, #3992, .F. ) ;
#2610 = ORIENTED_EDGE ( 'NONE', *, *, #160, .F. ) ;
#2611 = DIRECTION ( 'NONE',  ( -1.000000000000000000, 0.000000000000000000, -0.000000000000000000 ) ) ;
#2612 = LINE ( 'NONE', #1839, #3126 ) ;
#2613 = DIRECTION ( 'NONE',  ( 0.000000000000000000, 1.000000000000000000, 0.000000000000000000 ) ) ;
#2614 = ORIENTED_EDGE ( 'NONE', *, *, #1937, .T. ) ;
#2615 = CARTESIAN_POINT ( 'NONE',  ( -13.09354775139842175, -15.13611808696517080, -3.600000000000000089 ) ) ;
#2616 = VECTOR ( 'NONE', #4741, 1000.000000000000000 ) ;
#2617 = CARTESIAN_POINT ( 'NONE',  ( 9.100253193063949197, 10.84376210602755286, -3.600000000000000089 ) ) ;
#2618 = CARTESIAN_POINT ( 'NONE',  ( 29.30463113701220479, -14.72963113701221083, 2.000000000000012879 ) ) ;
#2619 = ORIENTED_EDGE ( 'NONE', *, *, #2451, .F. ) ;
#2620 = DIRECTION ( 'NONE',  ( 0.000000000000000000, 0.000000000000000000, 1.000000000000000000 ) ) ;
#2621 = ORIENTED_EDGE ( 'NONE', *, *, #2530, .T. ) ;
#2622 = EDGE_CURVE ( 'NONE', #925, #2440, #132, .T. ) ;
#2623 = EDGE_CURVE ( 'NONE', #2159, #2783, #589, .T. ) ;
#2624 = CARTESIAN_POINT ( 'NONE',  ( 4.210275251165831456, -19.20000000000048601, -13.60000000000000142 ) ) ;
#2625 = DIRECTION ( 'NONE',  ( -1.000000000000000000, 0.000000000000000000, 0.000000000000000000 ) ) ;
#2626 = CARTESIAN_POINT ( 'NONE',  ( -0.5794042551126808993, -0.000000000000000000, 0.000000000000000000 ) ) ;
#2627 = ORIENTED_EDGE ( 'NONE', *, *, #1610, .F. ) ;
#2628 = CARTESIAN_POINT ( 'NONE',  ( -35.00000000000000711, 13.99999999999912781, 0.000000000000000000 ) ) ;
#2629 = CARTESIAN_POINT ( 'NONE',  ( 11.85996497256762972, 1.101901726578782936, -48.60000000000000142 ) ) ;
#2630 = ADVANCED_FACE ( 'NONE', ( #1318 ), #3135, .T. ) ;
#2631 = VERTEX_POINT ( 'NONE', #3109 ) ;
#2632 = AXIS2_PLACEMENT_3D ( 'NONE', #2924, #714, #2267 ) ;
#2633 = ORIENTED_EDGE ( 'NONE', *, *, #3536, .F. ) ;
#2634 = CARTESIAN_POINT ( 'NONE',  ( -27.04741326041585125, -0.000000000000000000, 0.000000000000000000 ) ) ;
#2635 = FACE_OUTER_BOUND ( 'NONE', #4456, .T. ) ;
#2636 = EDGE_CURVE ( 'NONE', #4198, #2223, #3494, .T. ) ;
#2637 = LINE ( 'NONE', #4546, #4370 ) ;
#2638 = ORIENTED_EDGE ( 'NONE', *, *, #4006, .T. ) ;
#2639 = DIRECTION ( 'NONE',  ( 1.000000000000000000, -2.334386739965797702E-16, 0.000000000000000000 ) ) ;
#2640 = DIRECTION ( 'NONE',  ( -1.000000000000000000, 0.000000000000000000, 0.000000000000000000 ) ) ;
#2641 = CARTESIAN_POINT ( 'NONE',  ( -17.18302220754789289, 10.84376210602755464, -48.60000000000000142 ) ) ;
#2642 = ORIENTED_EDGE ( 'NONE', *, *, #2290, .T. ) ;
#2643 = VECTOR ( 'NONE', #1332, 1000.000000000000000 ) ;
#2644 = CARTESIAN_POINT ( 'NONE',  ( 13.46048889769418011, -1.259899410479727866, -3.600000000000000089 ) ) ;
#2645 = VERTEX_POINT ( 'NONE', #4558 ) ;
#2646 = EDGE_CURVE ( 'NONE', #1602, #3902, #4430, .T. ) ;
#2647 = AXIS2_PLACEMENT_3D ( 'NONE', #1093, #4408, #4099 ) ;
#2648 = CARTESIAN_POINT ( 'NONE',  ( 0.000000000000000000, 10.84376210602755286, -48.60000000000000142 ) ) ;
#2649 = CARTESIAN_POINT ( 'NONE',  ( -17.20308306692489353, 13.73681349229372550, -48.60000000000000142 ) ) ;
#2650 = ADVANCED_FACE ( 'NONE', ( #517 ), #2746, .T. ) ;
#2651 = CARTESIAN_POINT ( 'NONE',  ( -13.14589423484649799, 19.19999999999959783, -48.60000000000000142 ) ) ;
#2652 = VECTOR ( 'NONE', #612, 1000.000000000000000 ) ;
#2653 = VECTOR ( 'NONE', #1469, 1000.000000000000000 ) ;
#2654 = DIRECTION ( 'NONE',  ( -0.7526934102725816311, -0.6583711947922927799, 0.000000000000000000 ) ) ;
#2655 = EDGE_CURVE ( 'NONE', #1814, #39, #2406, .T. ) ;
#2656 = EDGE_CURVE ( 'NONE', #4347, #442, #2043, .T. ) ;
#2657 = EDGE_LOOP ( 'NONE', ( #708, #1471 ) ) ;
#2658 = ORIENTED_EDGE ( 'NONE', *, *, #4166, .T. ) ;
#2659 = DIRECTION ( 'NONE',  ( -0.000000000000000000, -0.000000000000000000, 1.000000000000000000 ) ) ;
#2660 = DIRECTION ( 'NONE',  ( -1.000000000000000000, 0.000000000000000000, -0.000000000000000000 ) ) ;
#2661 = FACE_OUTER_BOUND ( 'NONE', #255, .T. ) ;
#2662 = ORIENTED_EDGE ( 'NONE', *, *, #1948, .F. ) ;
#2663 = CARTESIAN_POINT ( 'NONE',  ( 13.46048889769418011, -1.259899410479727866, 0.000000000000000000 ) ) ;
#2664 = AXIS2_PLACEMENT_3D ( 'NONE', #4799, #2936, #1436 ) ;
#2665 = ADVANCED_FACE ( 'NONE', ( #4392 ), #3592, .F. ) ;
#2666 = DIRECTION ( 'NONE',  ( -0.000000000000000000, -0.000000000000000000, 1.000000000000000000 ) ) ;
#2667 = ORIENTED_EDGE ( 'NONE', *, *, #1420, .F. ) ;
#2668 = AXIS2_PLACEMENT_3D ( 'NONE', #1818, #2907, #1088 ) ;
#2669 = DIRECTION ( 'NONE',  ( -0.000000000000000000, -0.000000000000000000, 1.000000000000000000 ) ) ;
#2670 = EDGE_LOOP ( 'NONE', ( #4139, #4539, #3589, #2046, #1638, #4321 ) ) ;
#2671 = EDGE_CURVE ( 'NONE', #417, #758, #2269, .T. ) ;
#2672 = LINE ( 'NONE', #147, #2748 ) ;
#2673 = VECTOR ( 'NONE', #4498, 1000.000000000000114 ) ;
#2674 = DIRECTION ( 'NONE',  ( 1.000000000000000000, 1.734723475976805517E-15, 0.000000000000000000 ) ) ;
#2675 = VECTOR ( 'NONE', #4391, 1000.000000000000000 ) ;
#2676 = CARTESIAN_POINT ( 'NONE',  ( -0.000000000000000000, 10.84376210602755464, 0.000000000000000000 ) ) ;
#2677 = EDGE_CURVE ( 'NONE', #2851, #536, #2094, .T. ) ;
#2678 = DIRECTION ( 'NONE',  ( -0.000000000000000000, -0.000000000000000000, 1.000000000000000000 ) ) ;
#2679 = EDGE_LOOP ( 'NONE', ( #3129, #3173, #184, #1627 ) ) ;
#2680 = ORIENTED_EDGE ( 'NONE', *, *, #2989, .T. ) ;
#2681 = LINE ( 'NONE', #4562, #2570 ) ;
#2682 = CARTESIAN_POINT ( 'NONE',  ( -19.59547977247137140, -8.595318925305528879, -3.600000000000000089 ) ) ;
#2683 = LINE ( 'NONE', #1865, #808 ) ;
#2684 = CARTESIAN_POINT ( 'NONE',  ( 27.72963113701220550, -14.72963113701221083, 2.000000000000012879 ) ) ;
#2685 = ORIENTED_EDGE ( 'NONE', *, *, #1649, .T. ) ;
#2686 = LINE ( 'NONE', #4161, #3805 ) ;
#2687 = DIRECTION ( 'NONE',  ( -0.000000000000000000, -0.000000000000000000, 1.000000000000000000 ) ) ;
#2688 = CARTESIAN_POINT ( 'NONE',  ( 7.651676581378026754, -7.326515227767671945, -48.60000000000000142 ) ) ;
#2689 = VECTOR ( 'NONE', #4150, 1000.000000000000000 ) ;
#2690 = EDGE_LOOP ( 'NONE', ( #262, #967, #1685, #1173 ) ) ;
#2691 = ORIENTED_EDGE ( 'NONE', *, *, #1068, .T. ) ;
#2692 = DIRECTION ( 'NONE',  ( -0.7071067811865489050, 8.659560562354952580E-17, 0.7071067811865461294 ) ) ;
#2693 = FACE_OUTER_BOUND ( 'NONE', #2849, .T. ) ;
#2694 = DIRECTION ( 'NONE',  ( -0.000000000000000000, -0.000000000000000000, 1.000000000000000000 ) ) ;
#2695 = DIRECTION ( 'NONE',  ( 1.000000000000000000, 0.000000000000000000, 0.000000000000000000 ) ) ;
#2696 = VERTEX_POINT ( 'NONE', #2120 ) ;
#2697 = ORIENTED_EDGE ( 'NONE', *, *, #4655, .F. ) ;
#2698 = CARTESIAN_POINT ( 'NONE',  ( 0.000000000000000000, 0.000000000000000000, -3.600000000000000089 ) ) ;
#2699 = CARTESIAN_POINT ( 'NONE',  ( -17.20308306692489353, 13.73681349229372550, -13.60000000000000142 ) ) ;
#2700 = FACE_BOUND ( 'NONE', #3031, .T. ) ;
#2701 = PLANE ( 'NONE',  #2209 ) ;
#2702 = ORIENTED_EDGE ( 'NONE', *, *, #1214, .F. ) ;
#2703 = CARTESIAN_POINT ( 'NONE',  ( -17.20308306692489353, 13.73681349229372550, -13.60000000000000142 ) ) ;
#2704 = VECTOR ( 'NONE', #2912, 1000.000000000000000 ) ;
#2705 = ADVANCED_FACE ( 'NONE', ( #3308 ), #276, .T. ) ;
#2706 = EDGE_CURVE ( 'NONE', #212, #1997, #1416, .T. ) ;
#2707 = ADVANCED_FACE ( 'NONE', ( #3233 ), #1831, .F. ) ;
#2708 = CIRCLE ( 'NONE', #3639, 10.83535302197150330 ) ;
#2709 = LINE ( 'NONE', #1234, #3286 ) ;
#2710 = LINE ( 'NONE', #4503, #1874 ) ;
#2711 = VERTEX_POINT ( 'NONE', #1052 ) ;
#2712 = CARTESIAN_POINT ( 'NONE',  ( -8.939617987924457054, -10.46866271396552506, -3.600000000000000089 ) ) ;
#2713 = EDGE_CURVE ( 'NONE', #4654, #3149, #1445, .T. ) ;
#2714 = CARTESIAN_POINT ( 'NONE',  ( 27.72963113701220550, -14.72963113701221083, -13.60000000000000142 ) ) ;
#2715 = DIRECTION ( 'NONE',  ( -0.000000000000000000, -0.000000000000000000, 1.000000000000000000 ) ) ;
#2716 = VERTEX_POINT ( 'NONE', #666 ) ;
#2717 = CIRCLE ( 'NONE', #630, 10.81927942710966128 ) ;
#2718 = CARTESIAN_POINT ( 'NONE',  ( -25.84020202535645439, 19.19999999999959428, -13.60000000000000142 ) ) ;
#2719 = CARTESIAN_POINT ( 'NONE',  ( -13.49192192987385575, 10.84376210602755464, -3.600000000000000089 ) ) ;
#2720 = ORIENTED_EDGE ( 'NONE', *, *, #3520, .T. ) ;
#2721 = ORIENTED_EDGE ( 'NONE', *, *, #3175, .T. ) ;
#2722 = AXIS2_PLACEMENT_3D ( 'NONE', #2580, #4107, #1876 ) ;
#2723 = VECTOR ( 'NONE', #3561, 1000.000000000000000 ) ;
#2724 = DIRECTION ( 'NONE',  ( -1.000000000000000000, 0.000000000000000000, 0.000000000000000000 ) ) ;
#2725 = DIRECTION ( 'NONE',  ( -0.000000000000000000, -0.000000000000000000, 1.000000000000000000 ) ) ;
#2726 = CARTESIAN_POINT ( 'NONE',  ( -13.49192192987385575, 15.14834642796049025, -3.600000000000000089 ) ) ;
#2727 = DIRECTION ( 'NONE',  ( 0.000000000000000000, -0.000000000000000000, -1.000000000000000000 ) ) ;
#2728 = ORIENTED_EDGE ( 'NONE', *, *, #4299, .T. ) ;
#2729 = DIRECTION ( 'NONE',  ( -0.000000000000000000, -0.000000000000000000, 1.000000000000000000 ) ) ;
#2730 = DIRECTION ( 'NONE',  ( 0.000000000000000000, 1.000000000000000000, 0.000000000000000000 ) ) ;
#2731 = EDGE_CURVE ( 'NONE', #2851, #2582, #995, .T. ) ;
#2732 = EDGE_CURVE ( 'NONE', #3645, #4482, #2869, .T. ) ;
#2733 = FACE_OUTER_BOUND ( 'NONE', #1832, .T. ) ;
#2734 = ORIENTED_EDGE ( 'NONE', *, *, #1014, .T. ) ;
#2735 = CARTESIAN_POINT ( 'NONE',  ( 0.000000000000000000, -5.738133619709119060, -3.600000000000000089 ) ) ;
#2736 = VECTOR ( 'NONE', #1485, 1000.000000000000000 ) ;
#2737 = EDGE_CURVE ( 'NONE', #2375, #3192, #2193, .T. ) ;
#2738 = EDGE_CURVE ( 'NONE', #833, #3549, #1468, .T. ) ;
#2739 = AXIS2_PLACEMENT_3D ( 'NONE', #3072, #906, #2753 ) ;
#2740 = CARTESIAN_POINT ( 'NONE',  ( -7.499999999999982236, -17.37500000000055067, 4.000000000000000000 ) ) ;
#2741 = DIRECTION ( 'NONE',  ( 0.000000000000000000, 0.000000000000000000, 1.000000000000000000 ) ) ;
#2742 = ORIENTED_EDGE ( 'NONE', *, *, #3662, .F. ) ;
#2743 = VECTOR ( 'NONE', #1389, 1000.000000000000000 ) ;
#2744 = PLANE ( 'NONE',  #3590 ) ;
#2745 = VECTOR ( 'NONE', #4592, 1000.000000000000000 ) ;
#2746 = CYLINDRICAL_SURFACE ( 'NONE', #413, 2.000000000000001776 ) ;
#2747 = ORIENTED_EDGE ( 'NONE', *, *, #1144, .F. ) ;
#2748 = VECTOR ( 'NONE', #1219, 1000.000000000000114 ) ;
#2749 = EDGE_LOOP ( 'NONE', ( #3252, #3411 ) ) ;
#2750 = LINE ( 'NONE', #1659, #3883 ) ;
#2751 = CARTESIAN_POINT ( 'NONE',  ( -6.577418957547303435, 8.553977797029707730, -3.600000000000000089 ) ) ;
#2752 = EDGE_CURVE ( 'NONE', #4613, #3562, #4683, .T. ) ;
#2753 = DIRECTION ( 'NONE',  ( 1.000000000000000000, 0.000000000000000000, 0.000000000000000000 ) ) ;
#2754 = AXIS2_PLACEMENT_3D ( 'NONE', #2402, #915, #3929 ) ;
#2755 = CARTESIAN_POINT ( 'NONE',  ( 31.57664897819678629, -13.46355304715853229, -3.600000000000000089 ) ) ;
#2756 = ORIENTED_EDGE ( 'NONE', *, *, #1161, .F. ) ;
#2757 = ORIENTED_EDGE ( 'NONE', *, *, #1937, .F. ) ;
#2758 = ADVANCED_FACE ( 'NONE', ( #4007 ), #2943, .F. ) ;
#2759 = FACE_OUTER_BOUND ( 'NONE', #559, .T. ) ;
#2760 = CARTESIAN_POINT ( 'NONE',  ( 17.12466538589762877, -10.46866271396552506, -13.60000000000000142 ) ) ;
#2761 = ORIENTED_EDGE ( 'NONE', *, *, #3881, .F. ) ;
#2762 = DIRECTION ( 'NONE',  ( 0.000000000000000000, -0.000000000000000000, -1.000000000000000000 ) ) ;
#2763 = DIRECTION ( 'NONE',  ( -0.000000000000000000, -0.000000000000000000, 1.000000000000000000 ) ) ;
#2764 = EDGE_CURVE ( 'NONE', #1427, #2338, #324, .T. ) ;
#2765 = CARTESIAN_POINT ( 'NONE',  ( 17.54996146112752697, -13.62373954635600981, -48.60000000000000142 ) ) ;
#2766 = VERTEX_POINT ( 'NONE', #1366 ) ;
#2767 = EDGE_CURVE ( 'NONE', #2261, #4580, #4125, .T. ) ;
#2768 = DIRECTION ( 'NONE',  ( -1.000000000000000000, 0.000000000000000000, 0.000000000000000000 ) ) ;
#2769 = DIRECTION ( 'NONE',  ( -1.000000000000000000, 0.000000000000000000, 0.000000000000000000 ) ) ;
#2770 = ORIENTED_EDGE ( 'NONE', *, *, #2930, .F. ) ;
#2771 = EDGE_LOOP ( 'NONE', ( #2756, #2614, #4117, #1656 ) ) ;
#2772 = LINE ( 'NONE', #4247, #4650 ) ;
#2773 = EDGE_CURVE ( 'NONE', #39, #4393, #3981, .T. ) ;
#2774 = DIRECTION ( 'NONE',  ( -0.000000000000000000, -0.000000000000000000, -1.000000000000000000 ) ) ;
#2775 = CARTESIAN_POINT ( 'NONE',  ( 11.85996497256762972, 1.101901726578782936, -13.60000000000000142 ) ) ;
#2776 = CARTESIAN_POINT ( 'NONE',  ( -35.00000000000000711, 21.99999999999912959, 4.000000000000000000 ) ) ;
#2777 = ORIENTED_EDGE ( 'NONE', *, *, #1749, .T. ) ;
#2778 = ORIENTED_EDGE ( 'NONE', *, *, #3720, .F. ) ;
#2779 = ORIENTED_EDGE ( 'NONE', *, *, #4726, .T. ) ;
#2780 = LINE ( 'NONE', #1617, #2978 ) ;
#2781 = VECTOR ( 'NONE', #4672, 1000.000000000000000 ) ;
#2782 = DIRECTION ( 'NONE',  ( 1.000000000000000000, 0.000000000000000000, 0.000000000000000000 ) ) ;
#2783 = VERTEX_POINT ( 'NONE', #300 ) ;
#2784 = LINE ( 'NONE', #3534, #2781 ) ;
#2785 = LINE ( 'NONE', #2489, #4732 ) ;
#2786 = AXIS2_PLACEMENT_3D ( 'NONE', #2247, #4471, #425 ) ;
#2787 = CARTESIAN_POINT ( 'NONE',  ( 0.000000000000000000, 6.336498395826628993, -13.60000000000000142 ) ) ;
#2788 = ORIENTED_EDGE ( 'NONE', *, *, #1053, .F. ) ;
#2789 = CARTESIAN_POINT ( 'NONE',  ( 32.20000000000001705, -6.116575947249634382, -48.60000000000000142 ) ) ;
#2790 = EDGE_CURVE ( 'NONE', #3179, #2988, #1775, .T. ) ;
#2791 = VERTEX_POINT ( 'NONE', #3483 ) ;
#2792 = EDGE_CURVE ( 'NONE', #3700, #4623, #4552, .T. ) ;
#2793 = EDGE_CURVE ( 'NONE', #2766, #3260, #1262, .T. ) ;
#2794 = DIRECTION ( 'NONE',  ( -1.000000000000000000, 0.000000000000000000, 0.000000000000000000 ) ) ;
#2795 = ORIENTED_EDGE ( 'NONE', *, *, #4424, .T. ) ;
#2796 = VECTOR ( 'NONE', #4206, 1000.000000000000000 ) ;
#2797 = ORIENTED_EDGE ( 'NONE', *, *, #2892, .F. ) ;
#2798 = FACE_OUTER_BOUND ( 'NONE', #1825, .T. ) ;
#2799 = FACE_OUTER_BOUND ( 'NONE', #1842, .T. ) ;
#2800 = EDGE_CURVE ( 'NONE', #2261, #2828, #376, .T. ) ;
#2801 = DIRECTION ( 'NONE',  ( -1.000000000000000000, 0.000000000000000000, 0.000000000000000000 ) ) ;
#2802 = ORIENTED_EDGE ( 'NONE', *, *, #3465, .T. ) ;
#2803 = ORIENTED_EDGE ( 'NONE', *, *, #3509, .T. ) ;
#2804 = EDGE_LOOP ( 'NONE', ( #4795, #4160, #2306, #520 ) ) ;
#2805 = VECTOR ( 'NONE', #1390, 1000.000000000000000 ) ;
#2806 = CARTESIAN_POINT ( 'NONE',  ( -28.39866601850626893, 6.336498395826629881, 0.000000000000000000 ) ) ;
#2807 = VECTOR ( 'NONE', #1553, 1000.000000000000000 ) ;
#2808 = FACE_OUTER_BOUND ( 'NONE', #1391, .T. ) ;
#2809 = EDGE_LOOP ( 'NONE', ( #645, #4, #2123, #2827 ) ) ;
#2810 = AXIS2_PLACEMENT_3D ( 'NONE', #802, #2574, #73 ) ;
#2811 = PLANE ( 'NONE',  #1238 ) ;
#2812 = DIRECTION ( 'NONE',  ( -0.7071067811865493491, -0.7071067811865456854, 0.000000000000000000 ) ) ;
#2813 = EDGE_CURVE ( 'NONE', #4199, #4143, #6, .T. ) ;
#2814 = ADVANCED_BREP_SHAPE_REPRESENTATION ( 'Battery_Case_Bottom_Cover', ( #4177, #1813 ), #3130 ) ;
#2815 = DIRECTION ( 'NONE',  ( 1.000000000000000000, 0.000000000000000000, 0.000000000000000000 ) ) ;
#2816 = ORIENTED_EDGE ( 'NONE', *, *, #4784, .T. ) ;
#2817 = FACE_OUTER_BOUND ( 'NONE', #3784, .T. ) ;
#2818 = ORIENTED_EDGE ( 'NONE', *, *, #1999, .F. ) ;
#2819 = STYLED_ITEM ( 'NONE', ( #1533 ), #4177 ) ;
#2820 = CARTESIAN_POINT ( 'NONE',  ( 0.000000000000000000, -19.20000000000083773, -48.60000000000000142 ) ) ;
#2821 = ORIENTED_EDGE ( 'NONE', *, *, #2598, .F. ) ;
#2822 = AXIS2_PLACEMENT_3D ( 'NONE', #3753, #4069, #363 ) ;
#2823 = ORIENTED_EDGE ( 'NONE', *, *, #2067, .F. ) ;
#2824 = VECTOR ( 'NONE', #1979, 999.9999999999998863 ) ;
#2825 = DIRECTION ( 'NONE',  ( 1.000000000000000000, 0.000000000000000000, 0.000000000000000000 ) ) ;
#2826 = CYLINDRICAL_SURFACE ( 'NONE', #2365, 10.82663658333988188 ) ;
#2827 = ORIENTED_EDGE ( 'NONE', *, *, #4655, .T. ) ;
#2828 = VERTEX_POINT ( 'NONE', #2712 ) ;
#2829 = ORIENTED_EDGE ( 'NONE', *, *, #2212, .T. ) ;
#2830 = EDGE_CURVE ( 'NONE', #4541, #862, #4187, .T. ) ;
#2831 = VECTOR ( 'NONE', #444, 1000.000000000000000 ) ;
#2832 = DIRECTION ( 'NONE',  ( -0.000000000000000000, -0.000000000000000000, 1.000000000000000000 ) ) ;
#2833 = LINE ( 'NONE', #2464, #2923 ) ;
#2834 = ORIENTED_EDGE ( 'NONE', *, *, #1288, .T. ) ;
#2835 = CARTESIAN_POINT ( 'NONE',  ( 31.57664897819678629, -13.46355304715853052, -13.60000000000000142 ) ) ;
#2836 = DIRECTION ( 'NONE',  ( 1.000000000000000000, 0.000000000000000000, 0.000000000000000000 ) ) ;
#2837 = LINE ( 'NONE', #193, #3887 ) ;
#2838 = ORIENTED_EDGE ( 'NONE', *, *, #3881, .T. ) ;
#2839 = DIRECTION ( 'NONE',  ( -0.6132047209531938936, -0.7899240281196132640, 0.000000000000000000 ) ) ;
#2840 = VERTEX_POINT ( 'NONE', #2008 ) ;
#2841 = DIRECTION ( 'NONE',  ( 0.000000000000000000, 0.000000000000000000, -1.000000000000000000 ) ) ;
#2842 = AXIS2_PLACEMENT_3D ( 'NONE', #4620, #228, #1706 ) ;
#2843 = ORIENTED_EDGE ( 'NONE', *, *, #3371, .T. ) ;
#2844 = ORIENTED_EDGE ( 'NONE', *, *, #3035, .T. ) ;
#2845 = LINE ( 'NONE', #2456, #1935 ) ;
#2846 = CARTESIAN_POINT ( 'NONE',  ( 0.000000000000000000, 0.000000000000000000, -3.600000000000000089 ) ) ;
#2847 = EDGE_CURVE ( 'NONE', #249, #405, #1647, .T. ) ;
#2848 = DIRECTION ( 'NONE',  ( -0.7526934102725825193, -0.6583711947922917807, 0.000000000000000000 ) ) ;
#2849 = EDGE_LOOP ( 'NONE', ( #2897, #3349, #4679, #1923 ) ) ;
#2850 = ORIENTED_EDGE ( 'NONE', *, *, #2892, .T. ) ;
#2851 = VERTEX_POINT ( 'NONE', #2735 ) ;
#2852 = DIRECTION ( 'NONE',  ( 0.000000000000000000, 0.000000000000000000, -1.000000000000000000 ) ) ;
#2853 = CARTESIAN_POINT ( 'NONE',  ( 19.99919447559526020, -10.46866271396552506, -48.60000000000000142 ) ) ;
#2854 = CARTESIAN_POINT ( 'NONE',  ( -9.160284544237150328, -5.738133619709119060, -48.60000000000000142 ) ) ;
#2855 = EDGE_CURVE ( 'NONE', #3910, #1055, #22, .T. ) ;
#2856 = ORIENTED_EDGE ( 'NONE', *, *, #1828, .T. ) ;
#2857 = ADVANCED_FACE ( 'NONE', ( #2969 ), #871, .T. ) ;
#2858 = CARTESIAN_POINT ( 'NONE',  ( -14.12066010208511990, 0.000000000000000000, -3.600000000000000089 ) ) ;
#2859 = EDGE_CURVE ( 'NONE', #973, #4714, #1128, .T. ) ;
#2860 = CARTESIAN_POINT ( 'NONE',  ( -7.499999999999982236, -17.37500000000055067, 0.000000000000000000 ) ) ;
#2861 = CARTESIAN_POINT ( 'NONE',  ( -22.52010101267809716, 22.52010101267797282, -13.60000000000000142 ) ) ;
#2862 = EDGE_CURVE ( 'NONE', #3280, #2375, #2604, .T. ) ;
#2863 = CARTESIAN_POINT ( 'NONE',  ( -35.00000000000000711, 13.17157287525294329, 0.000000000000000000 ) ) ;
#2864 = ADVANCED_FACE ( 'NONE', ( #510 ), #3463, .F. ) ;
#2865 = ORIENTED_EDGE ( 'NONE', *, *, #582, .T. ) ;
#2866 = LINE ( 'NONE', #3640, #3893 ) ;
#2867 = ORIENTED_EDGE ( 'NONE', *, *, #1059, .F. ) ;
#2868 = DIRECTION ( 'NONE',  ( 0.000000000000000000, 0.000000000000000000, -1.000000000000000000 ) ) ;
#2869 = LINE ( 'NONE', #4365, #3740 ) ;
#2870 = VERTEX_POINT ( 'NONE', #1985 ) ;
#2871 = ORIENTED_EDGE ( 'NONE', *, *, #4091, .T. ) ;
#2872 = ADVANCED_FACE ( 'NONE', ( #1851 ), #2242, .T. ) ;
#2873 = CARTESIAN_POINT ( 'NONE',  ( 34.99999999999999289, 13.17157287525291309, 4.000000000000000000 ) ) ;
#2874 = SURFACE_STYLE_FILL_AREA ( #4711 ) ;
#2875 = DIRECTION ( 'NONE',  ( -0.7071067811865475727, 0.7071067811865475727, 0.000000000000000000 ) ) ;
#2876 = AXIS2_PLACEMENT_3D ( 'NONE', #3090, #1249, #1298 ) ;
#2877 = VERTEX_POINT ( 'NONE', #896 ) ;
#2878 = ORIENTED_EDGE ( 'NONE', *, *, #3007, .F. ) ;
#2879 = VECTOR ( 'NONE', #1043, 1000.000000000000000 ) ;
#2880 = PLANE ( 'NONE',  #738 ) ;
#2881 = DIRECTION ( 'NONE',  ( -0.000000000000000000, 0.000000000000000000, -1.000000000000000000 ) ) ;
#2882 = DIRECTION ( 'NONE',  ( 0.000000000000000000, 0.000000000000000000, -1.000000000000000000 ) ) ;
#2883 = EDGE_LOOP ( 'NONE', ( #2114, #4660, #4252, #2121 ) ) ;
#2884 = DIRECTION ( 'NONE',  ( 1.000000000000000000, 0.000000000000000000, 0.000000000000000000 ) ) ;
#2885 = ADVANCED_FACE ( 'NONE', ( #4575 ), #2328, .F. ) ;
#2886 = CARTESIAN_POINT ( 'NONE',  ( -13.09354775139842175, -10.46866271396552506, -3.600000000000000089 ) ) ;
#2887 = VECTOR ( 'NONE', #2741, 1000.000000000000000 ) ;
#2888 = CARTESIAN_POINT ( 'NONE',  ( 34.99999999999999289, -13.17157287525466280, 4.000000000000000000 ) ) ;
#2889 = ORIENTED_EDGE ( 'NONE', *, *, #237, .F. ) ;
#2890 = CARTESIAN_POINT ( 'NONE',  ( 25.84020202535466382, -19.20000000000049312, -3.600000000000000089 ) ) ;
#2891 = ORIENTED_EDGE ( 'NONE', *, *, #1699, .F. ) ;
#2892 = EDGE_CURVE ( 'NONE', #1225, #1836, #3353, .T. ) ;
#2893 = EDGE_CURVE ( 'NONE', #3136, #2957, #4170, .T. ) ;
#2894 =( GEOMETRIC_REPRESENTATION_CONTEXT ( 3 ) GLOBAL_UNCERTAINTY_ASSIGNED_CONTEXT ( ( #4523 ) ) GLOBAL_UNIT_ASSIGNED_CONTEXT ( ( #2974, #4088, #1925 ) ) REPRESENTATION_CONTEXT ( 'NONE', 'WORKASPACE' ) );
#2895 = CARTESIAN_POINT ( 'NONE',  ( -19.59547977247137140, -8.595318925305528879, -48.60000000000000142 ) ) ;
#2896 = DIRECTION ( 'NONE',  ( -0.000000000000000000, -0.000000000000000000, 1.000000000000000000 ) ) ;
#2897 = ORIENTED_EDGE ( 'NONE', *, *, #2764, .F. ) ;
#2898 = VECTOR ( 'NONE', #3973, 1000.000000000000114 ) ;
#2899 = EDGE_LOOP ( 'NONE', ( #2153, #756, #4186, #4268, #2016, #81, #903, #2934 ) ) ;
#2900 = PLANE ( 'NONE',  #466 ) ;
#2901 = DIRECTION ( 'NONE',  ( -1.000000000000000000, 0.000000000000000000, 0.000000000000000000 ) ) ;
#2902 = VECTOR ( 'NONE', #2203, 1000.000000000000000 ) ;
#2903 = DIRECTION ( 'NONE',  ( -0.7617603662574268242, -0.6478588923518383558, 0.000000000000000000 ) ) ;
#2904 = ORIENTED_EDGE ( 'NONE', *, *, #1705, .T. ) ;
#2905 = ORIENTED_EDGE ( 'NONE', *, *, #4701, .T. ) ;
#2906 = LINE ( 'NONE', #1785, #2350 ) ;
#2907 = DIRECTION ( 'NONE',  ( 0.000000000000000000, 0.000000000000000000, -1.000000000000000000 ) ) ;
#2908 = AXIS2_PLACEMENT_3D ( 'NONE', #4441, #1875, #4082 ) ;
#2909 = DIRECTION ( 'NONE',  ( -1.000000000000000000, 0.000000000000000000, 0.000000000000000000 ) ) ;
#2910 = VECTOR ( 'NONE', #569, 1000.000000000000000 ) ;
#2911 = ORIENTED_EDGE ( 'NONE', *, *, #1582, .F. ) ;
#2912 = DIRECTION ( 'NONE',  ( -1.000000000000000000, 0.000000000000000000, 0.000000000000000000 ) ) ;
#2913 = DIRECTION ( 'NONE',  ( -0.09821054777309637385, 0.9951656587252739605, 0.000000000000000000 ) ) ;
#2914 = DIRECTION ( 'NONE',  ( -1.000000000000000000, 0.000000000000000000, -0.000000000000000000 ) ) ;
#2915 = ORIENTED_EDGE ( 'NONE', *, *, #3066, .T. ) ;
#2916 = DIRECTION ( 'NONE',  ( 1.000000000000000000, 0.000000000000000000, 0.000000000000000000 ) ) ;
#2917 = EDGE_LOOP ( 'NONE', ( #3925, #1663, #1536, #531 ) ) ;
#2918 = CARTESIAN_POINT ( 'NONE',  ( 0.000000000000000000, -5.738133619709119060, -48.60000000000000142 ) ) ;
#2919 = DIRECTION ( 'NONE',  ( -1.000000000000000000, 0.000000000000000000, -0.000000000000000000 ) ) ;
#2920 = ADVANCED_FACE ( 'NONE', ( #3804 ), #483, .T. ) ;
#2921 = ORIENTED_EDGE ( 'NONE', *, *, #2989, .F. ) ;
#2922 = ORIENTED_EDGE ( 'NONE', *, *, #2656, .T. ) ;
#2923 = VECTOR ( 'NONE', #3943, 1000.000000000000000 ) ;
#2924 = CARTESIAN_POINT ( 'NONE',  ( 7.500000000000027534, 17.37499999999965183, 0.000000000000000000 ) ) ;
#2925 = CIRCLE ( 'NONE', #4700, 4.049999999999998046 ) ;
#2926 = DIRECTION ( 'NONE',  ( 0.000000000000000000, 1.000000000000000000, 0.000000000000000000 ) ) ;
#2927 = CARTESIAN_POINT ( 'NONE',  ( -22.83110597672208186, -5.977634402472512321, 0.000000000000000000 ) ) ;
#2928 = EDGE_LOOP ( 'NONE', ( #1103, #3574, #3696, #481 ) ) ;
#2929 = VERTEX_POINT ( 'NONE', #1010 ) ;
#2930 = EDGE_CURVE ( 'NONE', #3874, #4493, #2784, .T. ) ;
#2931 = CARTESIAN_POINT ( 'NONE',  ( -0.5794042551126808993, -0.000000000000000000, 0.000000000000000000 ) ) ;
#2932 = LINE ( 'NONE', #1378, #3979 ) ;
#2933 = DIRECTION ( 'NONE',  ( -0.000000000000000000, -0.000000000000000000, 1.000000000000000000 ) ) ;
#2934 = ORIENTED_EDGE ( 'NONE', *, *, #307, .F. ) ;
#2935 = DIRECTION ( 'NONE',  ( 0.08142051254277368755, -0.9966798383318847820, 0.000000000000000000 ) ) ;
#2936 = DIRECTION ( 'NONE',  ( 0.000000000000000000, 0.000000000000000000, -1.000000000000000000 ) ) ;
#2937 = CARTESIAN_POINT ( 'NONE',  ( -13.09354775139842175, 0.000000000000000000, 0.000000000000000000 ) ) ;
#2938 = ORIENTED_EDGE ( 'NONE', *, *, #4103, .F. ) ;
#2939 = DIRECTION ( 'NONE',  ( 0.000000000000000000, -1.000000000000000000, 0.000000000000000000 ) ) ;
#2940 = ORIENTED_EDGE ( 'NONE', *, *, #2213, .F. ) ;
#2941 = CARTESIAN_POINT ( 'NONE',  ( -8.671253653034959541, 19.19999999999959783, -3.600000000000000089 ) ) ;
#2942 = AXIS2_PLACEMENT_3D ( 'NONE', #2232, #3658, #679 ) ;
#2943 = CYLINDRICAL_SURFACE ( 'NONE', #2111, 10.83535302197150330 ) ;
#2944 = VERTEX_POINT ( 'NONE', #3201 ) ;
#2945 = ORIENTED_EDGE ( 'NONE', *, *, #3509, .F. ) ;
#2946 = VECTOR ( 'NONE', #2694, 1000.000000000000000 ) ;
#2947 = ADVANCED_FACE ( 'NONE', ( #1359 ), #2811, .T. ) ;
#2948 = EDGE_CURVE ( 'NONE', #2236, #207, #625, .T. ) ;
#2949 = DIRECTION ( 'NONE',  ( 0.000000000000000000, 0.000000000000000000, -1.000000000000000000 ) ) ;
#2950 = DIRECTION ( 'NONE',  ( -0.000000000000000000, -0.000000000000000000, -1.000000000000000000 ) ) ;
#2951 = VERTEX_POINT ( 'NONE', #3880 ) ;
#2952 = ORIENTED_EDGE ( 'NONE', *, *, #4317, .T. ) ;
#2953 = EDGE_CURVE ( 'NONE', #4411, #2454, #4698, .T. ) ;
#2954 = DIRECTION ( 'NONE',  ( 0.000000000000000000, 0.000000000000000000, 1.000000000000000000 ) ) ;
#2955 = FACE_OUTER_BOUND ( 'NONE', #348, .T. ) ;
#2956 = LINE ( 'NONE', #1115, #3211 ) ;
#2957 = VERTEX_POINT ( 'NONE', #2444 ) ;
#2958 = DIRECTION ( 'NONE',  ( 1.000000000000000000, 0.000000000000000000, 0.000000000000000000 ) ) ;
#2959 = CIRCLE ( 'NONE', #3727, 1.574999999999999956 ) ;
#2960 = VECTOR ( 'NONE', #1070, 1000.000000000000114 ) ;
#2961 = DIRECTION ( 'NONE',  ( 0.000000000000000000, 1.000000000000000000, 0.000000000000000000 ) ) ;
#2962 = LINE ( 'NONE', #4385, #2960 ) ;
#2963 = ORIENTED_EDGE ( 'NONE', *, *, #4171, .F. ) ;
#2964 = DIRECTION ( 'NONE',  ( -0.000000000000000000, -0.000000000000000000, 1.000000000000000000 ) ) ;
#2965 = ORIENTED_EDGE ( 'NONE', *, *, #1301, .F. ) ;
#2966 = VECTOR ( 'NONE', #1620, 1000.000000000000000 ) ;
#2967 = VECTOR ( 'NONE', #4263, 1000.000000000000000 ) ;
#2968 = DIRECTION ( 'NONE',  ( 1.000000000000000000, -1.282161393202192759E-16, 0.000000000000000000 ) ) ;
#2969 = FACE_OUTER_BOUND ( 'NONE', #3186, .T. ) ;
#2970 = AXIS2_PLACEMENT_3D ( 'NONE', #777, #3244, #4425 ) ;
#2971 = PLANE ( 'NONE',  #330 ) ;
#2972 = VERTEX_POINT ( 'NONE', #2835 ) ;
#2973 = DIRECTION ( 'NONE',  ( -0.000000000000000000, -0.000000000000000000, 1.000000000000000000 ) ) ;
#2974 =( LENGTH_UNIT ( ) NAMED_UNIT ( * ) SI_UNIT ( .MILLI., .METRE. ) );
#2975 = LINE ( 'NONE', #3747, #980 ) ;
#2976 = ORIENTED_EDGE ( 'NONE', *, *, #671, .F. ) ;
#2977 = ORIENTED_EDGE ( 'NONE', *, *, #1517, .F. ) ;
#2978 = VECTOR ( 'NONE', #2441, 1000.000000000000000 ) ;
#2979 = DIRECTION ( 'NONE',  ( -0.6239842607917904793, -0.7814369087035260009, 0.000000000000000000 ) ) ;
#2980 = CARTESIAN_POINT ( 'NONE',  ( 6.458862161587608952, -8.609442100909745932, -13.60000000000000142 ) ) ;
#2981 = LINE ( 'NONE', #3457, #1520 ) ;
#2982 = ORIENTED_EDGE ( 'NONE', *, *, #1698, .F. ) ;
#2983 = DIRECTION ( 'NONE',  ( -0.09821054777309637385, 0.9951656587252739605, 0.000000000000000000 ) ) ;
#2984 = ADVANCED_FACE ( 'NONE', ( #2108 ), #4304, .F. ) ;
#2985 = VECTOR ( 'NONE', #954, 1000.000000000000000 ) ;
#2986 = DIRECTION ( 'NONE',  ( 0.000000000000000000, 1.000000000000000000, 0.000000000000000000 ) ) ;
#2987 = DIRECTION ( 'NONE',  ( -0.7071067811865474617, -0.7071067811865474617, 0.000000000000000000 ) ) ;
#2988 = VERTEX_POINT ( 'NONE', #1287 ) ;
#2989 = EDGE_CURVE ( 'NONE', #597, #1055, #2466, .T. ) ;
#2990 = CIRCLE ( 'NONE', #2518, 10.82663658333988188 ) ;
#2991 = DIRECTION ( 'NONE',  ( 0.7912437993097011235, -0.6115008177050538229, 0.000000000000000000 ) ) ;
#2992 = ORIENTED_EDGE ( 'NONE', *, *, #3876, .T. ) ;
#2993 = EDGE_CURVE ( 'NONE', #3879, #4199, #2322, .T. ) ;
#2994 = VECTOR ( 'NONE', #4005, 1000.000000000000000 ) ;
#2995 = LINE ( 'NONE', #2265, #2994 ) ;
#2996 = CARTESIAN_POINT ( 'NONE',  ( -27.72963113701300131, 14.72963113701214866, 0.000000000000000000 ) ) ;
#2997 = DIRECTION ( 'NONE',  ( 0.6157308153927431027, 0.7879565742956826657, 0.000000000000000000 ) ) ;
#2998 = ADVANCED_FACE ( 'NONE', ( #3584 ), #3225, .T. ) ;
#2999 = LINE ( 'NONE', #1180, #1393 ) ;
#3000 = DIRECTION ( 'NONE',  ( 0.000000000000000000, 1.000000000000000000, 0.000000000000000000 ) ) ;
#3001 = ORIENTED_EDGE ( 'NONE', *, *, #2792, .F. ) ;
#3002 = VERTEX_POINT ( 'NONE', #1742 ) ;
#3003 = CARTESIAN_POINT ( 'NONE',  ( -0.5794042551126808993, 0.000000000000000000, -3.600000000000000089 ) ) ;
#3004 = DIRECTION ( 'NONE',  ( -1.000000000000000000, 0.000000000000000000, -0.000000000000000000 ) ) ;
#3005 = CARTESIAN_POINT ( 'NONE',  ( 0.000000000000000000, 6.336498395826628993, -3.600000000000000089 ) ) ;
#3006 = VERTEX_POINT ( 'NONE', #2401 ) ;
#3007 = EDGE_CURVE ( 'NONE', #591, #790, #847, .T. ) ;
#3008 = CARTESIAN_POINT ( 'NONE',  ( -4.482022540734445815E-15, -19.20000000000048601, -3.600000000000000089 ) ) ;
#3009 = DIRECTION ( 'NONE',  ( -1.000000000000000000, 0.000000000000000000, 0.000000000000000000 ) ) ;
#3010 = EDGE_LOOP ( 'NONE', ( #3347, #2461, #471, #2803 ) ) ;
#3011 = DIRECTION ( 'NONE',  ( 0.000000000000000000, 1.000000000000000000, 0.000000000000000000 ) ) ;
#3012 = EDGE_LOOP ( 'NONE', ( #3524, #3559, #4320, #2293 ) ) ;
#3013 = ADVANCED_FACE ( 'NONE', ( #3124 ), #3926, .T. ) ;
#3014 = EDGE_CURVE ( 'NONE', #776, #2840, #390, .T. ) ;
#3015 = LINE ( 'NONE', #4535, #1904 ) ;
#3016 = DIRECTION ( 'NONE',  ( -0.000000000000000000, -0.000000000000000000, -1.000000000000000000 ) ) ;
#3017 = DIRECTION ( 'NONE',  ( -0.000000000000000000, -0.000000000000000000, 1.000000000000000000 ) ) ;
#3018 = VECTOR ( 'NONE', #2983, 1000.000000000000114 ) ;
#3019 = CARTESIAN_POINT ( 'NONE',  ( 30.53268101708427906, 8.583921237619168920, -48.60000000000000142 ) ) ;
#3020 = ORIENTED_EDGE ( 'NONE', *, *, #574, .F. ) ;
#3021 = ADVANCED_FACE ( 'NONE', ( #4258, #4237, #914, #1715, #3903, #553, #580, #2061, #1691 ), #3174, .F. ) ;
#3022 = CIRCLE ( 'NONE', #2632, 4.050000000000001599 ) ;
#3023 = ORIENTED_EDGE ( 'NONE', *, *, #2738, .F. ) ;
#3024 = DIRECTION ( 'NONE',  ( 0.000000000000000000, -1.000000000000000000, 0.000000000000000000 ) ) ;
#3025 = DIRECTION ( 'NONE',  ( 1.000000000000000000, 0.000000000000000000, 0.000000000000000000 ) ) ;
#3026 = CARTESIAN_POINT ( 'NONE',  ( -23.53410677005261675, 5.808255189840514809, -48.60000000000000142 ) ) ;
#3027 = ORIENTED_EDGE ( 'NONE', *, *, #865, .T. ) ;
#3028 = CARTESIAN_POINT ( 'NONE',  ( 0.000000000000000000, -15.13611808696517080, 0.000000000000000000 ) ) ;
#3029 = CARTESIAN_POINT ( 'NONE',  ( -0.9729618114290624620, -0.7364469820361017049, -3.599999999999999201 ) ) ;
#3030 = CARTESIAN_POINT ( 'NONE',  ( -25.68950128702079994, 0.3444634603058261413, -48.60000000000000142 ) ) ;
#3031 = EDGE_LOOP ( 'NONE', ( #1260, #334 ) ) ;
#3032 = AXIS2_PLACEMENT_3D ( 'NONE', #4628, #1310, #2836 ) ;
#3033 = CYLINDRICAL_SURFACE ( 'NONE', #2581, 10.83535302197150330 ) ;
#3034 = ORIENTED_EDGE ( 'NONE', *, *, #3665, .F. ) ;
#3035 = EDGE_CURVE ( 'NONE', #3807, #597, #1551, .T. ) ;
#3036 = VECTOR ( 'NONE', #393, 1000.000000000000000 ) ;
#3037 = CARTESIAN_POINT ( 'NONE',  ( 21.86614030180855650, 19.19999999999993179, -13.60000000000000142 ) ) ;
#3038 = DIRECTION ( 'NONE',  ( 0.000000000000000000, 0.000000000000000000, -1.000000000000000000 ) ) ;
#3039 = AXIS2_PLACEMENT_3D ( 'NONE', #1312, #2715, #875 ) ;
#3040 = DIRECTION ( 'NONE',  ( 1.000000000000000000, 0.000000000000000000, 0.000000000000000000 ) ) ;
#3041 = VECTOR ( 'NONE', #2669, 1000.000000000000000 ) ;
#3042 = CARTESIAN_POINT ( 'NONE',  ( -21.23483846495130223, 16.39490017788492437, -48.60000000000000142 ) ) ;
#3043 = ORIENTED_EDGE ( 'NONE', *, *, #3733, .T. ) ;
#3044 = ORIENTED_EDGE ( 'NONE', *, *, #2764, .T. ) ;
#3045 = FACE_OUTER_BOUND ( 'NONE', #1891, .T. ) ;
#3046 = FACE_OUTER_BOUND ( 'NONE', #3239, .T. ) ;
#3047 = CARTESIAN_POINT ( 'NONE',  ( -27.58578643762688287, 21.41421356237221829, 4.000000000000000000 ) ) ;
#3048 = DIRECTION ( 'NONE',  ( -0.000000000000000000, -0.000000000000000000, 1.000000000000000000 ) ) ;
#3049 = ORIENTED_EDGE ( 'NONE', *, *, #4423, .F. ) ;
#3050 = CARTESIAN_POINT ( 'NONE',  ( 4.043537571099061978, 6.336498395826628993, -13.60000000000000142 ) ) ;
#3051 = AXIS2_PLACEMENT_3D ( 'NONE', #864, #1982, #4234 ) ;
#3052 = CARTESIAN_POINT ( 'NONE',  ( 7.500000000000027534, 17.37499999999965183, 0.000000000000000000 ) ) ;
#3053 = CARTESIAN_POINT ( 'NONE',  ( 27.72963113701220550, -14.72963113701221083, 2.000000000000012879 ) ) ;
#3054 = ORIENTED_EDGE ( 'NONE', *, *, #3679, .F. ) ;
#3055 = AXIS2_PLACEMENT_3D ( 'NONE', #622, #4746, #2542 ) ;
#3056 = ORIENTED_EDGE ( 'NONE', *, *, #1852, .T. ) ;
#3057 = VECTOR ( 'NONE', #2979, 1000.000000000000000 ) ;
#3058 = FACE_OUTER_BOUND ( 'NONE', #4278, .T. ) ;
#3059 = AXIS2_PLACEMENT_3D ( 'NONE', #2274, #3752, #3387 ) ;
#3060 = CARTESIAN_POINT ( 'NONE',  ( -4.483584262059647330, 19.19999999999959783, -13.60000000000000142 ) ) ;
#3061 = VECTOR ( 'NONE', #4364, 1000.000000000000000 ) ;
#3062 = EDGE_CURVE ( 'NONE', #609, #3678, #2552, .T. ) ;
#3063 = CARTESIAN_POINT ( 'NONE',  ( -24.50000000000046185, -24.50000000000038725, 4.000000000000000000 ) ) ;
#3064 = ADVANCED_FACE ( 'NONE', ( #3997 ), #4798, .F. ) ;
#3065 = ADVANCED_FACE ( 'NONE', ( #4458 ), #3272, .T. ) ;
#3066 = EDGE_CURVE ( 'NONE', #484, #2454, #3732, .T. ) ;
#3067 = DIRECTION ( 'NONE',  ( -0.000000000000000000, -0.000000000000000000, 1.000000000000000000 ) ) ;
#3068 = EDGE_LOOP ( 'NONE', ( #2889, #1343, #602, #1960 ) ) ;
#3069 = ORIENTED_EDGE ( 'NONE', *, *, #2800, .T. ) ;
#3070 = LINE ( 'NONE', #1590, #1792 ) ;
#3071 = DIRECTION ( 'NONE',  ( -1.000000000000000000, 0.000000000000000000, 0.000000000000000000 ) ) ;
#3072 = CARTESIAN_POINT ( 'NONE',  ( 7.500000000000027534, 17.37499999999965183, -3.600000000000000089 ) ) ;
#3073 = CARTESIAN_POINT ( 'NONE',  ( 20.62604113596018607, -16.88404161512739066, -48.60000000000000142 ) ) ;
#3074 = EDGE_LOOP ( 'NONE', ( #2495, #521, #4428, #3763 ) ) ;
#3075 = CARTESIAN_POINT ( 'NONE',  ( 32.20000000000001705, 0.000000000000000000, -13.60000000000000142 ) ) ;
#3076 = VECTOR ( 'NONE', #1008, 1000.000000000000000 ) ;
#3077 = DIRECTION ( 'NONE',  ( -0.7071067811865576758, -0.7071067811865374697, 0.000000000000000000 ) ) ;
#3078 = CARTESIAN_POINT ( 'NONE',  ( -3.884495194305235710, -19.20000000000048601, -3.600000000000000089 ) ) ;
#3079 = AXIS2_PLACEMENT_3D ( 'NONE', #4538, #3790, #2271 ) ;
#3080 = VERTEX_POINT ( 'NONE', #2160 ) ;
#3081 = DIRECTION ( 'NONE',  ( 0.000000000000000000, 0.000000000000000000, -1.000000000000000000 ) ) ;
#3082 = EDGE_CURVE ( 'NONE', #395, #3543, #2545, .T. ) ;
#3083 = DIRECTION ( 'NONE',  ( 1.000000000000000000, 0.000000000000000000, 0.000000000000000000 ) ) ;
#3084 = CARTESIAN_POINT ( 'NONE',  ( -25.68950128702079638, 0.3444634603058209787, -3.599999999999999201 ) ) ;
#3085 = DIRECTION ( 'NONE',  ( -0.7526934102725825193, -0.6583711947922917807, 0.000000000000000000 ) ) ;
#3086 = CARTESIAN_POINT ( 'NONE',  ( 26.99999999999998224, 21.99999999999912959, 0.000000000000000000 ) ) ;
#3087 = ORIENTED_EDGE ( 'NONE', *, *, #2893, .T. ) ;
#3088 = ORIENTED_EDGE ( 'NONE', *, *, #3089, .F. ) ;
#3089 = EDGE_CURVE ( 'NONE', #442, #1297, #4072, .T. ) ;
#3090 = CARTESIAN_POINT ( 'NONE',  ( 0.000000000000000000, 0.000000000000000000, -3.600000000000000089 ) ) ;
#3091 = CARTESIAN_POINT ( 'NONE',  ( 0.8686015874971326767, 0.6622916324048149228, -3.600000000000000089 ) ) ;
#3092 = CARTESIAN_POINT ( 'NONE',  ( 23.21372783215999647, -6.116575947249634382, -48.60000000000000142 ) ) ;
#3093 = DIRECTION ( 'NONE',  ( -1.000000000000000000, 0.000000000000000000, 0.000000000000000000 ) ) ;
#3094 = EDGE_LOOP ( 'NONE', ( #807, #2680, #4257, #803 ) ) ;
#3095 = CARTESIAN_POINT ( 'NONE',  ( -17.45129073559111532, -19.20000000000083773, -3.600000000000000089 ) ) ;
#3096 = VECTOR ( 'NONE', #1519, 1000.000000000000000 ) ;
#3097 = EDGE_CURVE ( 'NONE', #442, #4175, #4724, .T. ) ;
#3098 = EDGE_CURVE ( 'NONE', #3656, #249, #4023, .T. ) ;
#3099 = CARTESIAN_POINT ( 'NONE',  ( 0.000000000000000000, 0.000000000000000000, -3.600000000000000089 ) ) ;
#3100 = DIRECTION ( 'NONE',  ( 0.000000000000000000, -0.000000000000000000, -1.000000000000000000 ) ) ;
#3101 = ORIENTED_EDGE ( 'NONE', *, *, #2830, .F. ) ;
#3102 = DIRECTION ( 'NONE',  ( -1.000000000000000000, 0.000000000000000000, -0.000000000000000000 ) ) ;
#3103 = VECTOR ( 'NONE', #4176, 1000.000000000000114 ) ;
#3104 = CARTESIAN_POINT ( 'NONE',  ( -17.35942943802035998, -7.848678203360262451, -13.60000000000000142 ) ) ;
#3105 = LINE ( 'NONE', #2012, #2967 ) ;
#3106 = ORIENTED_EDGE ( 'NONE', *, *, #436, .T. ) ;
#3107 = CIRCLE ( 'NONE', #3570, 2.000000000000001776 ) ;
#3108 = CARTESIAN_POINT ( 'NONE',  ( 19.99919447559526375, -10.46866271396552506, -13.60000000000000142 ) ) ;
#3109 = CARTESIAN_POINT ( 'NONE',  ( 32.20000000000001705, -12.84020202535529442, -13.60000000000000142 ) ) ;
#3110 = ORIENTED_EDGE ( 'NONE', *, *, #4213, .F. ) ;
#3111 = ORIENTED_EDGE ( 'NONE', *, *, #1914, .F. ) ;
#3112 = AXIS2_PLACEMENT_3D ( 'NONE', #3840, #4612, #923 ) ;
#3113 = AXIS2_PLACEMENT_3D ( 'NONE', #4489, #3038, #2243 ) ;
#3114 = DIRECTION ( 'NONE',  ( 1.000000000000000000, 0.000000000000000000, 0.000000000000000000 ) ) ;
#3115 = DIRECTION ( 'NONE',  ( -0.000000000000000000, -0.000000000000000000, 1.000000000000000000 ) ) ;
#3116 = CARTESIAN_POINT ( 'NONE',  ( 9.880838398659534505, 15.03514791579410392, -48.60000000000000142 ) ) ;
#3117 = DIRECTION ( 'NONE',  ( 1.000000000000000000, 3.154042683594195121E-16, -0.000000000000000000 ) ) ;
#3118 = ORIENTED_EDGE ( 'NONE', *, *, #2677, .T. ) ;
#3119 = VERTEX_POINT ( 'NONE', #728 ) ;
#3120 = LINE ( 'NONE', #4276, #1816 ) ;
#3121 = DIRECTION ( 'NONE',  ( -0.7071067811865489050, 8.659560562354952580E-17, 0.7071067811865461294 ) ) ;
#3122 = EDGE_CURVE ( 'NONE', #2645, #3206, #1091, .T. ) ;
#3123 = ORIENTED_EDGE ( 'NONE', *, *, #2245, .F. ) ;
#3124 = FACE_OUTER_BOUND ( 'NONE', #2883, .T. ) ;
#3125 = CIRCLE ( 'NONE', #3976, 1.574999999999999956 ) ;
#3126 = VECTOR ( 'NONE', #1481, 1000.000000000000000 ) ;
#3127 = DIRECTION ( 'NONE',  ( -0.000000000000000000, 0.000000000000000000, 1.000000000000000000 ) ) ;
#3128 = PLANE ( 'NONE',  #1801 ) ;
#3129 = ORIENTED_EDGE ( 'NONE', *, *, #2646, .F. ) ;
#3130 =( GEOMETRIC_REPRESENTATION_CONTEXT ( 3 ) GLOBAL_UNCERTAINTY_ASSIGNED_CONTEXT ( ( #4616 ) ) GLOBAL_UNIT_ASSIGNED_CONTEXT ( ( #3916, #4294, #2457 ) ) REPRESENTATION_CONTEXT ( 'NONE', 'WORKASPACE' ) );
#3131 = EDGE_CURVE ( 'NONE', #2716, #2064, #753, .T. ) ;
#3132 = AXIS2_PLACEMENT_3D ( 'NONE', #1929, #1888, #3728 ) ;
#3133 = LINE ( 'NONE', #1991, #3360 ) ;
#3134 = VECTOR ( 'NONE', #1890, 1000.000000000000000 ) ;
#3135 = PLANE ( 'NONE',  #1717 ) ;
#3136 = VERTEX_POINT ( 'NONE', #389 ) ;
#3137 = AXIS2_PLACEMENT_3D ( 'NONE', #2714, #2011, #1540 ) ;
#3138 = EDGE_LOOP ( 'NONE', ( #384, #3627, #1365, #1782 ) ) ;
#3139 = EDGE_CURVE ( 'NONE', #4580, #3206, #1460, .T. ) ;
#3140 = FACE_OUTER_BOUND ( 'NONE', #2928, .T. ) ;
#3141 = CYLINDRICAL_SURFACE ( 'NONE', #1974, 10.82663658333988188 ) ;
#3142 = DIRECTION ( 'NONE',  ( 1.000000000000000000, 0.000000000000000000, 0.000000000000000000 ) ) ;
#3143 = DIRECTION ( 'NONE',  ( -0.000000000000000000, 0.000000000000000000, 1.000000000000000000 ) ) ;
#3144 = VERTEX_POINT ( 'NONE', #366 ) ;
#3145 = ORIENTED_EDGE ( 'NONE', *, *, #4091, .F. ) ;
#3146 = ORIENTED_EDGE ( 'NONE', *, *, #3098, .T. ) ;
#3147 = DIRECTION ( 'NONE',  ( 3.154042683594195121E-16, -1.000000000000000000, 0.000000000000000000 ) ) ;
#3148 = CARTESIAN_POINT ( 'NONE',  ( 0.000000000000000000, -15.13611808696517080, 0.000000000000000000 ) ) ;
#3149 = VERTEX_POINT ( 'NONE', #3706 ) ;
#3150 = DIRECTION ( 'NONE',  ( 1.000000000000000000, 0.000000000000000000, 0.000000000000000000 ) ) ;
#3151 = CARTESIAN_POINT ( 'NONE',  ( -23.11229991305070186, 6.336498395826628993, -13.60000000000000142 ) ) ;
#3152 = EDGE_CURVE ( 'NONE', #2480, #3830, #1040, .T. ) ;
#3153 = VECTOR ( 'NONE', #2337, 1000.000000000000000 ) ;
#3154 = LINE ( 'NONE', #2787, #406 ) ;
#3155 = FACE_OUTER_BOUND ( 'NONE', #2690, .T. ) ;
#3156 = ORIENTED_EDGE ( 'NONE', *, *, #1147, .F. ) ;
#3157 = ADVANCED_FACE ( 'NONE', ( #1066 ), #1143, .T. ) ;
#3158 = EDGE_CURVE ( 'NONE', #41, #1432, #4246, .T. ) ;
#3159 = CARTESIAN_POINT ( 'NONE',  ( 3.884495194305503052, 19.19999999999959783, 0.000000000000000000 ) ) ;
#3160 = DIRECTION ( 'NONE',  ( -1.000000000000000000, 0.000000000000000000, -0.000000000000000000 ) ) ;
#3161 = ORIENTED_EDGE ( 'NONE', *, *, #2029, .F. ) ;
#3162 = VERTEX_POINT ( 'NONE', #1790 ) ;
#3163 = LINE ( 'NONE', #1000, #1552 ) ;
#3164 = FACE_BOUND ( 'NONE', #2657, .T. ) ;
#3165 = ADVANCED_FACE ( 'NONE', ( #4429 ), #1821, .T. ) ;
#3166 = DIRECTION ( 'NONE',  ( 0.000000000000000000, 0.000000000000000000, -1.000000000000000000 ) ) ;
#3167 = EDGE_LOOP ( 'NONE', ( #1670, #1476, #2333, #1788 ) ) ;
#3168 = ORIENTED_EDGE ( 'NONE', *, *, #1174, .T. ) ;
#3169 = ORIENTED_EDGE ( 'NONE', *, *, #449, .T. ) ;
#3170 = DIRECTION ( 'NONE',  ( -0.000000000000000000, -0.000000000000000000, 1.000000000000000000 ) ) ;
#3171 = AXIS2_PLACEMENT_3D ( 'NONE', #2858, #4328, #4627 ) ;
#3172 = PLANE ( 'NONE',  #1337 ) ;
#3173 = ORIENTED_EDGE ( 'NONE', *, *, #2167, .F. ) ;
#3174 = PLANE ( 'NONE',  #1774 ) ;
#3175 = EDGE_CURVE ( 'NONE', #4264, #2716, #1117, .T. ) ;
#3176 = CARTESIAN_POINT ( 'NONE',  ( -17.52005490015784517, 13.54010977025119011, -48.60000000000000142 ) ) ;
#3177 = CIRCLE ( 'NONE', #3511, 3.574999999999994849 ) ;
#3178 = FACE_OUTER_BOUND ( 'NONE', #3265, .T. ) ;
#3179 = VERTEX_POINT ( 'NONE', #2615 ) ;
#3180 = LINE ( 'NONE', #2382, #4193 ) ;
#3181 = EDGE_LOOP ( 'NONE', ( #3375, #2911, #309, #4659 ) ) ;
#3182 = ADVANCED_FACE ( 'NONE', ( #4097 ), #863, .T. ) ;
#3183 = DIRECTION ( 'NONE',  ( 1.000000000000000000, 0.000000000000000000, 0.000000000000000000 ) ) ;
#3184 = EDGE_CURVE ( 'NONE', #4475, #1573, #3799, .T. ) ;
#3185 = ORIENTED_EDGE ( 'NONE', *, *, #3122, .T. ) ;
#3186 = EDGE_LOOP ( 'NONE', ( #219, #4600, #3034, #3638, #1681, #222 ) ) ;
#3187 = AXIS2_PLACEMENT_3D ( 'NONE', #775, #3303, #4436 ) ;
#3188 = LINE ( 'NONE', #1729, #919 ) ;
#3189 = LINE ( 'NONE', #304, #1967 ) ;
#3190 = PLANE ( 'NONE',  #1152 ) ;
#3191 = ORIENTED_EDGE ( 'NONE', *, *, #787, .T. ) ;
#3192 = VERTEX_POINT ( 'NONE', #3028 ) ;
#3193 = ORIENTED_EDGE ( 'NONE', *, *, #2656, .F. ) ;
#3194 = VECTOR ( 'NONE', #145, 1000.000000000000000 ) ;
#3195 = VECTOR ( 'NONE', #3858, 999.9999999999998863 ) ;
#3196 = DIRECTION ( 'NONE',  ( -1.000000000000000000, 0.000000000000000000, 0.000000000000000000 ) ) ;
#3197 = VECTOR ( 'NONE', #4142, 1000.000000000000000 ) ;
#3198 = CARTESIAN_POINT ( 'NONE',  ( -26.17157287525378351, -22.00000000000087041, 0.000000000000000000 ) ) ;
#3199 = VERTEX_POINT ( 'NONE', #4118 ) ;
#3200 = VECTOR ( 'NONE', #2263, 1000.000000000000000 ) ;
#3201 = CARTESIAN_POINT ( 'NONE',  ( -12.12122742712152146, -0.7727644064855678785, -48.60000000000000142 ) ) ;
#3202 = DIRECTION ( 'NONE',  ( 0.000000000000000000, 0.000000000000000000, -1.000000000000000000 ) ) ;
#3203 = CARTESIAN_POINT ( 'NONE',  ( 19.69732799511277577, 8.583921237619168920, -48.60000000000000142 ) ) ;
#3204 = VERTEX_POINT ( 'NONE', #141 ) ;
#3205 = LINE ( 'NONE', #4678, #3583 ) ;
#3206 = VERTEX_POINT ( 'NONE', #3095 ) ;
#3207 = AXIS2_PLACEMENT_3D ( 'NONE', #3735, #843, #415 ) ;
#3208 = CARTESIAN_POINT ( 'NONE',  ( -7.971703274460302246, 7.971703274460492317, -3.600000000000000089 ) ) ;
#3209 = ORIENTED_EDGE ( 'NONE', *, *, #2737, .T. ) ;
#3210 = ORIENTED_EDGE ( 'NONE', *, *, #3972, .T. ) ;
#3211 = VECTOR ( 'NONE', #2346, 1000.000000000000114 ) ;
#3212 = EDGE_CURVE ( 'NONE', #3830, #2766, #3779, .T. ) ;
#3213 = DIRECTION ( 'NONE',  ( 0.000000000000000000, 0.000000000000000000, 1.000000000000000000 ) ) ;
#3214 = FILL_AREA_STYLE_COLOUR ( '', #1042 ) ;
#3215 = CARTESIAN_POINT ( 'NONE',  ( -22.52010101267797637, 22.52010101267804032, -13.60000000000000142 ) ) ;
#3216 = VERTEX_POINT ( 'NONE', #1190 ) ;
#3217 = AXIS2_PLACEMENT_3D ( 'NONE', #1186, #2659, #4136 ) ;
#3218 = ORIENTED_EDGE ( 'NONE', *, *, #1749, .F. ) ;
#3219 = ORIENTED_EDGE ( 'NONE', *, *, #826, .F. ) ;
#3220 = EDGE_CURVE ( 'NONE', #1836, #3791, #821, .T. ) ;
#3221 = FACE_OUTER_BOUND ( 'NONE', #217, .T. ) ;
#3222 = CARTESIAN_POINT ( 'NONE',  ( -13.09354775139842353, -5.738133619709119060, 0.000000000000000000 ) ) ;
#3223 = DIRECTION ( 'NONE',  ( 1.000000000000000000, -0.000000000000000000, 0.000000000000000000 ) ) ;
#3224 = ORIENTED_EDGE ( 'NONE', *, *, #76, .T. ) ;
#3225 = PLANE ( 'NONE',  #3942 ) ;
#3226 = CYLINDRICAL_SURFACE ( 'NONE', #239, 1.574999999999999956 ) ;
#3227 = DIRECTION ( 'NONE',  ( -0.000000000000000000, -0.000000000000000000, 1.000000000000000000 ) ) ;
#3228 = ORIENTED_EDGE ( 'NONE', *, *, #3007, .T. ) ;
#3229 = EDGE_CURVE ( 'NONE', #1351, #2631, #435, .T. ) ;
#3230 = CARTESIAN_POINT ( 'NONE',  ( 26.17157287525376219, -20.00000000000087041, 4.000000000000000000 ) ) ;
#3231 = VERTEX_POINT ( 'NONE', #2663 ) ;
#3232 = CARTESIAN_POINT ( 'NONE',  ( 26.46355304715840973, -18.57664897819674721, -13.60000000000000142 ) ) ;
#3233 = FACE_OUTER_BOUND ( 'NONE', #1752, .T. ) ;
#3234 = VECTOR ( 'NONE', #1203, 1000.000000000000000 ) ;
#3235 = ORIENTED_EDGE ( 'NONE', *, *, #4422, .T. ) ;
#3236 = ORIENTED_EDGE ( 'NONE', *, *, #3184, .T. ) ;
#3237 = CARTESIAN_POINT ( 'NONE',  ( 11.63116958536910772, 0.9017773593702205215, -48.60000000000000142 ) ) ;
#3238 = CARTESIAN_POINT ( 'NONE',  ( 0.000000000000000000, -10.46866271396552506, 0.000000000000000000 ) ) ;
#3239 = EDGE_LOOP ( 'NONE', ( #2976, #1411, #4232, #2734 ) ) ;
#3240 = ORIENTED_EDGE ( 'NONE', *, *, #4465, .T. ) ;
#3241 = EDGE_CURVE ( 'NONE', #3119, #2223, #2301, .T. ) ;
#3242 = ADVANCED_FACE ( 'NONE', ( #1616 ), #457, .F. ) ;
#3243 = VERTEX_POINT ( 'NONE', #1531 ) ;
#3244 = DIRECTION ( 'NONE',  ( 0.000000000000000000, 0.000000000000000000, 1.000000000000000000 ) ) ;
#3245 = LINE ( 'NONE', #2853, #3751 ) ;
#3246 = DIRECTION ( 'NONE',  ( 0.000000000000000000, 0.000000000000000000, -1.000000000000000000 ) ) ;
#3247 = VERTEX_POINT ( 'NONE', #3412 ) ;
#3248 = DIRECTION ( 'NONE',  ( 0.000000000000000000, 0.000000000000000000, 1.000000000000000000 ) ) ;
#3249 = EDGE_CURVE ( 'NONE', #3390, #3865, #4548, .T. ) ;
#3250 = CARTESIAN_POINT ( 'NONE',  ( 0.000000000000000000, 0.000000000000000000, -13.60000000000000142 ) ) ;
#3251 = CARTESIAN_POINT ( 'NONE',  ( 0.000000000000000000, 0.000000000000000000, -13.60000000000000142 ) ) ;
#3252 = ORIENTED_EDGE ( 'NONE', *, *, #573, .T. ) ;
#3253 = VECTOR ( 'NONE', #36, 1000.000000000000000 ) ;
#3254 = DIRECTION ( 'NONE',  ( -0.000000000000000000, -0.000000000000000000, 1.000000000000000000 ) ) ;
#3255 = VERTEX_POINT ( 'NONE', #3434 ) ;
#3256 = CARTESIAN_POINT ( 'NONE',  ( 6.458862161587608952, -8.609442100909745932, -13.60000000000000142 ) ) ;
#3257 = CARTESIAN_POINT ( 'NONE',  ( -13.09354775139842175, -15.13611808696517080, -3.600000000000000089 ) ) ;
#3258 = CARTESIAN_POINT ( 'NONE',  ( -13.09354775139842175, -5.738133619709119060, -3.600000000000000089 ) ) ;
#3259 = EDGE_CURVE ( 'NONE', #597, #1645, #118, .T. ) ;
#3260 = VERTEX_POINT ( 'NONE', #2321 ) ;
#3261 = CARTESIAN_POINT ( 'NONE',  ( -13.52807727810133365, -1.335053986389500569, -3.600000000000000089 ) ) ;
#3262 = CARTESIAN_POINT ( 'NONE',  ( 29.61035667161639040, 2.069250750678602646, -48.60000000000000142 ) ) ;
#3263 = CARTESIAN_POINT ( 'NONE',  ( 29.61035667161639040, 2.069250750678602646, -13.60000000000000142 ) ) ;
#3264 = AXIS2_PLACEMENT_3D ( 'NONE', #1232, #1550, #1957 ) ;
#3265 = EDGE_LOOP ( 'NONE', ( #673, #140, #1530, #101, #2003, #62, #4715, #2148 ) ) ;
#3266 = EDGE_LOOP ( 'NONE', ( #3672, #3798, #4078, #3705 ) ) ;
#3267 = VECTOR ( 'NONE', #3227, 1000.000000000000000 ) ;
#3268 = DIRECTION ( 'NONE',  ( 0.000000000000000000, 0.000000000000000000, 1.000000000000000000 ) ) ;
#3269 = CARTESIAN_POINT ( 'NONE',  ( -20.19399625389601738, 10.84376210602755464, 0.000000000000000000 ) ) ;
#3270 = DIRECTION ( 'NONE',  ( 1.000000000000000000, 0.000000000000000000, 0.000000000000000000 ) ) ;
#3271 = ORIENTED_EDGE ( 'NONE', *, *, #3766, .T. ) ;
#3272 = PLANE ( 'NONE',  #75 ) ;
#3273 = VECTOR ( 'NONE', #2360, 1000.000000000000114 ) ;
#3274 = EDGE_CURVE ( 'NONE', #1814, #4728, #4182, .T. ) ;
#3275 = EDGE_CURVE ( 'NONE', #1351, #3506, #2376, .T. ) ;
#3276 = VECTOR ( 'NONE', #4033, 1000.000000000000000 ) ;
#3277 = LINE ( 'NONE', #2861, #4519 ) ;
#3278 = VECTOR ( 'NONE', #3016, 1000.000000000000000 ) ;
#3279 = DIRECTION ( 'NONE',  ( 1.000000000000000000, 0.000000000000000000, 0.000000000000000000 ) ) ;
#3280 = VERTEX_POINT ( 'NONE', #1913 ) ;
#3281 = CARTESIAN_POINT ( 'NONE',  ( 12.68408224115261618, -0.000000000000000000, 0.000000000000000000 ) ) ;
#3282 = ORIENTED_EDGE ( 'NONE', *, *, #9, .F. ) ;
#3283 = CARTESIAN_POINT ( 'NONE',  ( -34.41421356237309226, -14.58578643762772664, 4.000000000000000000 ) ) ;
#3284 = CARTESIAN_POINT ( 'NONE',  ( 9.097612636626204008, 6.336498395826628993, -13.60000000000000142 ) ) ;
#3285 = ORIENTED_EDGE ( 'NONE', *, *, #890, .T. ) ;
#3286 = VECTOR ( 'NONE', #186, 1000.000000000000000 ) ;
#3287 = ORIENTED_EDGE ( 'NONE', *, *, #787, .F. ) ;
#3288 = LINE ( 'NONE', #3311, #1700 ) ;
#3289 = CARTESIAN_POINT ( 'NONE',  ( 30.53268101708428262, 8.583921237619168920, -3.600000000000000089 ) ) ;
#3290 = VECTOR ( 'NONE', #1007, 1000.000000000000114 ) ;
#3291 = DIRECTION ( 'NONE',  ( 1.000000000000000000, 0.000000000000000000, 0.000000000000000000 ) ) ;
#3292 = ORIENTED_EDGE ( 'NONE', *, *, #3882, .T. ) ;
#3293 = EDGE_CURVE ( 'NONE', #4668, #1784, #94, .T. ) ;
#3294 = VECTOR ( 'NONE', #4377, 1000.000000000000000 ) ;
#3295 = ORIENTED_EDGE ( 'NONE', *, *, #3446, .T. ) ;
#3296 = DIRECTION ( 'NONE',  ( 1.000000000000000000, 0.000000000000000000, 0.000000000000000000 ) ) ;
#3297 = DIRECTION ( 'NONE',  ( -1.000000000000000000, 0.000000000000000000, 0.000000000000000000 ) ) ;
#3298 = CARTESIAN_POINT ( 'NONE',  ( 19.69732799511277577, 8.583921237619168920, -3.600000000000000089 ) ) ;
#3299 = ORIENTED_EDGE ( 'NONE', *, *, #2752, .T. ) ;
#3300 = DIRECTION ( 'NONE',  ( 1.000000000000000000, 0.000000000000000000, 0.000000000000000000 ) ) ;
#3301 = CIRCLE ( 'NONE', #968, 1.574999999999999956 ) ;
#3302 = FACE_OUTER_BOUND ( 'NONE', #4310, .T. ) ;
#3303 = DIRECTION ( 'NONE',  ( 0.000000000000000000, -0.000000000000000000, -1.000000000000000000 ) ) ;
#3304 = CARTESIAN_POINT ( 'NONE',  ( -26.17157287525378351, -22.00000000000087041, 4.000000000000000000 ) ) ;
#3305 = VERTEX_POINT ( 'NONE', #1981 ) ;
#3306 = EDGE_CURVE ( 'NONE', #801, #3886, #4500, .T. ) ;
#3307 = LINE ( 'NONE', #1901, #3061 ) ;
#3308 = FACE_OUTER_BOUND ( 'NONE', #2771, .T. ) ;
#3309 = LINE ( 'NONE', #4059, #4126 ) ;
#3310 = VERTEX_POINT ( 'NONE', #2278 ) ;
#3311 = CARTESIAN_POINT ( 'NONE',  ( 13.22120437346286259, -19.20000000000049312, -48.60000000000000142 ) ) ;
#3312 = VECTOR ( 'NONE', #2198, 1000.000000000000000 ) ;
#3313 = DIRECTION ( 'NONE',  ( 0.000000000000000000, 0.000000000000000000, 1.000000000000000000 ) ) ;
#3314 = LINE ( 'NONE', #254, #2616 ) ;
#3315 = ORIENTED_EDGE ( 'NONE', *, *, #237, .T. ) ;
#3316 = ORIENTED_EDGE ( 'NONE', *, *, #1374, .T. ) ;
#3317 = EDGE_CURVE ( 'NONE', #3006, #3803, #888, .T. ) ;
#3318 = CARTESIAN_POINT ( 'NONE',  ( 25.84020202535629807, 15.14834642796049025, -3.600000000000000089 ) ) ;
#3319 = PLANE ( 'NONE',  #4063 ) ;
#3320 = DIRECTION ( 'NONE',  ( 1.000000000000000000, 0.000000000000000000, 0.000000000000000000 ) ) ;
#3321 = ORIENTED_EDGE ( 'NONE', *, *, #4382, .F. ) ;
#3322 = CARTESIAN_POINT ( 'NONE',  ( -27.72963113701300131, 14.72963113701214866, 2.000000000000012879 ) ) ;
#3323 = DIRECTION ( 'NONE',  ( 1.000000000000000000, 0.000000000000000000, 0.000000000000000000 ) ) ;
#3324 = DIRECTION ( 'NONE',  ( -1.000000000000000000, 0.000000000000000000, 0.000000000000000000 ) ) ;
#3325 = CARTESIAN_POINT ( 'NONE',  ( -3.449999999999787459, -17.37500000000055067, -3.600000000000000089 ) ) ;
#3326 = EDGE_LOOP ( 'NONE', ( #2166, #2273, #1896, #1652, #8, #3056, #4767, #1324, #1483 ) ) ;
#3327 = DIRECTION ( 'NONE',  ( -0.000000000000000000, -0.000000000000000000, 1.000000000000000000 ) ) ;
#3328 = VECTOR ( 'NONE', #2424, 1000.000000000000000 ) ;
#3329 = DIRECTION ( 'NONE',  ( -1.000000000000000000, 0.000000000000000000, 0.000000000000000000 ) ) ;
#3330 = FACE_OUTER_BOUND ( 'NONE', #1578, .T. ) ;
#3331 = EDGE_CURVE ( 'NONE', #839, #4493, #4529, .T. ) ;
#3332 = ORIENTED_EDGE ( 'NONE', *, *, #1628, .T. ) ;
#3333 = VECTOR ( 'NONE', #1857, 1000.000000000000000 ) ;
#3334 = LINE ( 'NONE', #3746, #3792 ) ;
#3335 = CARTESIAN_POINT ( 'NONE',  ( -6.577418957547303435, 8.553977797029707730, -13.60000000000000142 ) ) ;
#3336 = EDGE_CURVE ( 'NONE', #3748, #268, #2686, .T. ) ;
#3337 = ORIENTED_EDGE ( 'NONE', *, *, #608, .F. ) ;
#3338 = VERTEX_POINT ( 'NONE', #4259 ) ;
#3339 = CARTESIAN_POINT ( 'NONE',  ( -27.72963113701300131, 14.72963113701214866, 4.000000000000000000 ) ) ;
#3340 = CARTESIAN_POINT ( 'NONE',  ( 0.000000000000000000, 0.000000000000000000, -13.60000000000000142 ) ) ;
#3341 = FACE_OUTER_BOUND ( 'NONE', #1358, .T. ) ;
#3342 = ORIENTED_EDGE ( 'NONE', *, *, #353, .F. ) ;
#3343 = CARTESIAN_POINT ( 'NONE',  ( -32.19999999999998153, -12.84020202535880983, -3.600000000000000089 ) ) ;
#3344 = EDGE_CURVE ( 'NONE', #4267, #854, #3927, .T. ) ;
#3345 = VECTOR ( 'NONE', #439, 1000.000000000000000 ) ;
#3346 = LINE ( 'NONE', #3708, #2103 ) ;
#3347 = ORIENTED_EDGE ( 'NONE', *, *, #4486, .F. ) ;
#3348 = CARTESIAN_POINT ( 'NONE',  ( -0.000000000000000000, -5.738133619709119060, 0.000000000000000000 ) ) ;
#3349 = ORIENTED_EDGE ( 'NONE', *, *, #3948, .F. ) ;
#3350 = AXIS2_PLACEMENT_3D ( 'NONE', #4058, #1237, #739 ) ;
#3351 = AXIS2_PLACEMENT_3D ( 'NONE', #270, #2939, #2189 ) ;
#3352 = DIRECTION ( 'NONE',  ( -0.000000000000000000, -0.000000000000000000, 1.000000000000000000 ) ) ;
#3353 = LINE ( 'NONE', #31, #3096 ) ;
#3354 = CARTESIAN_POINT ( 'NONE',  ( -0.000000000000000000, 15.14834642796049025, 0.000000000000000000 ) ) ;
#3355 = ORIENTED_EDGE ( 'NONE', *, *, #1503, .T. ) ;
#3356 = EDGE_CURVE ( 'NONE', #1784, #1812, #1716, .T. ) ;
#3357 = DIRECTION ( 'NONE',  ( 0.000000000000000000, 1.000000000000000000, 0.000000000000000000 ) ) ;
#3358 = CARTESIAN_POINT ( 'NONE',  ( 34.99999999999999289, 21.99999999999912959, 0.000000000000000000 ) ) ;
#3359 = ORIENTED_EDGE ( 'NONE', *, *, #2953, .F. ) ;
#3360 = VECTOR ( 'NONE', #3468, 1000.000000000000000 ) ;
#3361 = ADVANCED_FACE ( 'NONE', ( #4281 ), #3226, .F. ) ;
#3362 = EDGE_LOOP ( 'NONE', ( #2460, #4703, #3441, #3983 ) ) ;
#3363 = ADVANCED_FACE ( 'NONE', ( #939 ), #988, .F. ) ;
#3364 = EDGE_CURVE ( 'NONE', #862, #4482, #1710, .T. ) ;
#3365 = CARTESIAN_POINT ( 'NONE',  ( -24.76450283933708008, -1.701415459276991893, 0.000000000000000000 ) ) ;
#3366 = CARTESIAN_POINT ( 'NONE',  ( 0.8686015874971352302, 0.6622916324048183645, -48.60000000000000142 ) ) ;
#3367 = LINE ( 'NONE', #1954, #3134 ) ;
#3368 = ORIENTED_EDGE ( 'NONE', *, *, #1214, .T. ) ;
#3369 = CARTESIAN_POINT ( 'NONE',  ( 0.000000000000000000, 1.822746446835822542, 0.000000000000000000 ) ) ;
#3370 = AXIS2_PLACEMENT_3D ( 'NONE', #4372, #226, #282 ) ;
#3371 = EDGE_CURVE ( 'NONE', #3216, #2389, #3649, .T. ) ;
#3372 = CIRCLE ( 'NONE', #1129, 10.83535302197150330 ) ;
#3373 = CARTESIAN_POINT ( 'NONE',  ( 0.000000000000000000, 19.19999999999959783, -13.60000000000000142 ) ) ;
#3374 = CARTESIAN_POINT ( 'NONE',  ( -14.12066010208511990, 6.336498395826628993, -3.600000000000000089 ) ) ;
#3375 = ORIENTED_EDGE ( 'NONE', *, *, #2475, .F. ) ;
#3376 = DIRECTION ( 'NONE',  ( -0.000000000000000000, -0.000000000000000000, 1.000000000000000000 ) ) ;
#3377 = ORIENTED_EDGE ( 'NONE', *, *, #160, .T. ) ;
#3378 = CIRCLE ( 'NONE', #437, 10.83535302197149974 ) ;
#3379 = ADVANCED_FACE ( 'NONE', ( #2426 ), #3904, .F. ) ;
#3380 = CARTESIAN_POINT ( 'NONE',  ( -22.52010101267939035, -22.52010101267939746, -3.600000000000000089 ) ) ;
#3381 = DIRECTION ( 'NONE',  ( 0.000000000000000000, 0.000000000000000000, -1.000000000000000000 ) ) ;
#3382 = EDGE_CURVE ( 'NONE', #3938, #4164, #402, .T. ) ;
#3383 = CARTESIAN_POINT ( 'NONE',  ( 12.95027683787626316, 15.14834642796049025, 0.000000000000000000 ) ) ;
#3384 = CARTESIAN_POINT ( 'NONE',  ( -32.19999999999998153, -12.84020202535880983, 0.000000000000000000 ) ) ;
#3385 = EDGE_LOOP ( 'NONE', ( #4389, #428 ) ) ;
#3386 = ORIENTED_EDGE ( 'NONE', *, *, #1375, .T. ) ;
#3387 = DIRECTION ( 'NONE',  ( -1.000000000000000000, 0.000000000000000000, 0.000000000000000000 ) ) ;
#3388 = CYLINDRICAL_SURFACE ( 'NONE', #2045, 2.000000000000001776 ) ;
#3389 = CARTESIAN_POINT ( 'NONE',  ( 0.000000000000000000, 0.000000000000000000, -3.600000000000000089 ) ) ;
#3390 = VERTEX_POINT ( 'NONE', #3151 ) ;
#3391 = CARTESIAN_POINT ( 'NONE',  ( 5.925000000000027356, 17.37499999999965183, 4.000000000000000000 ) ) ;
#3392 = EDGE_CURVE ( 'NONE', #4777, #3415, #1743, .T. ) ;
#3393 =( NAMED_UNIT ( * ) SI_UNIT ( $, .STERADIAN. ) SOLID_ANGLE_UNIT ( ) );
#3394 = EDGE_CURVE ( 'NONE', #3533, #63, #3508, .T. ) ;
#3395 = DIRECTION ( 'NONE',  ( -0.000000000000000000, -0.000000000000000000, 1.000000000000000000 ) ) ;
#3396 = VERTEX_POINT ( 'NONE', #1360 ) ;
#3397 = PLANE ( 'NONE',  #2810 ) ;
#3398 = ORIENTED_EDGE ( 'NONE', *, *, #2713, .F. ) ;
#3399 = LINE ( 'NONE', #78, #194 ) ;
#3400 = DIRECTION ( 'NONE',  ( 0.000000000000000000, -0.000000000000000000, -1.000000000000000000 ) ) ;
#3401 = ORIENTED_EDGE ( 'NONE', *, *, #1059, .T. ) ;
#3402 = DIRECTION ( 'NONE',  ( 0.000000000000000000, 1.000000000000000000, 0.000000000000000000 ) ) ;
#3403 = AXIS2_PLACEMENT_3D ( 'NONE', #4749, #2522, #4405 ) ;
#3404 = LINE ( 'NONE', #84, #2305 ) ;
#3405 = VERTEX_POINT ( 'NONE', #3946 ) ;
#3406 = VECTOR ( 'NONE', #403, 1000.000000000000000 ) ;
#3407 = EDGE_LOOP ( 'NONE', ( #4275, #1125, #4303, #895 ) ) ;
#3408 = DIRECTION ( 'NONE',  ( 0.000000000000000000, 1.000000000000000000, 0.000000000000000000 ) ) ;
#3409 = CARTESIAN_POINT ( 'NONE',  ( 0.000000000000000000, 10.84376210602755464, -13.60000000000000142 ) ) ;
#3410 = DIRECTION ( 'NONE',  ( 0.000000000000000000, 0.000000000000000000, -1.000000000000000000 ) ) ;
#3411 = ORIENTED_EDGE ( 'NONE', *, *, #4618, .T. ) ;
#3412 = CARTESIAN_POINT ( 'NONE',  ( 34.99999999999999289, -13.17157287525466280, 0.000000000000000000 ) ) ;
#3413 = CARTESIAN_POINT ( 'NONE',  ( -32.19999999999998153, 0.000000000000000000, -48.60000000000000142 ) ) ;
#3414 = PLANE ( 'NONE',  #1636 ) ;
#3415 = VERTEX_POINT ( 'NONE', #626 ) ;
#3416 = VERTEX_POINT ( 'NONE', #1011 ) ;
#3417 = EDGE_CURVE ( 'NONE', #3984, #1421, #2262, .T. ) ;
#3418 = DIRECTION ( 'NONE',  ( 0.000000000000000000, 0.000000000000000000, -1.000000000000000000 ) ) ;
#3419 = DIRECTION ( 'NONE',  ( 0.000000000000000000, -1.000000000000000000, 0.000000000000000000 ) ) ;
#3420 = CIRCLE ( 'NONE', #1646, 10.84997384688809952 ) ;
#3421 = CIRCLE ( 'NONE', #1108, 10.82663658333988188 ) ;
#3422 = VECTOR ( 'NONE', #261, 1000.000000000000000 ) ;
#3423 = FACE_OUTER_BOUND ( 'NONE', #352, .T. ) ;
#3424 = LINE ( 'NONE', #831, #599 ) ;
#3425 = ADVANCED_FACE ( 'NONE', ( #2110 ), #2445, .T. ) ;
#3426 = ORIENTED_EDGE ( 'NONE', *, *, #3331, .F. ) ;
#3427 = VERTEX_POINT ( 'NONE', #3585 ) ;
#3428 = LINE ( 'NONE', #1568, #4336 ) ;
#3429 = PLANE ( 'NONE',  #1045 ) ;
#3430 = CARTESIAN_POINT ( 'NONE',  ( 31.30463113701220124, -14.72963113701221083, 4.000000000000000000 ) ) ;
#3431 = EDGE_CURVE ( 'NONE', #1421, #1271, #2785, .T. ) ;
#3432 = CARTESIAN_POINT ( 'NONE',  ( -23.67963113701300415, 14.72963113701214866, -3.600000000000000089 ) ) ;
#3433 = ORIENTED_EDGE ( 'NONE', *, *, #1454, .T. ) ;
#3434 = CARTESIAN_POINT ( 'NONE',  ( 13.46048889769418011, -6.116575947249634382, -3.600000000000000089 ) ) ;
#3435 = VECTOR ( 'NONE', #3480, 1000.000000000000000 ) ;
#3436 = DIRECTION ( 'NONE',  ( 1.000000000000000000, 0.000000000000000000, 0.000000000000000000 ) ) ;
#3437 = DIRECTION ( 'NONE',  ( 1.000000000000000000, 0.000000000000000000, 0.000000000000000000 ) ) ;
#3438 = ORIENTED_EDGE ( 'NONE', *, *, #3766, .F. ) ;
#3439 = DIRECTION ( 'NONE',  ( 0.000000000000000000, -1.000000000000000000, 0.000000000000000000 ) ) ;
#3440 = AXIS2_PLACEMENT_3D ( 'NONE', #2980, #1910, #2275 ) ;
#3441 = ORIENTED_EDGE ( 'NONE', *, *, #4041, .F. ) ;
#3442 = VECTOR ( 'NONE', #3704, 1000.000000000000000 ) ;
#3443 = DIRECTION ( 'NONE',  ( -1.000000000000000000, 0.000000000000000000, -0.000000000000000000 ) ) ;
#3444 = VECTOR ( 'NONE', #1660, 1000.000000000000000 ) ;
#3445 = FACE_OUTER_BOUND ( 'NONE', #2804, .T. ) ;
#3446 = EDGE_CURVE ( 'NONE', #230, #1867, #2020, .T. ) ;
#3447 = ORIENTED_EDGE ( 'NONE', *, *, #4367, .F. ) ;
#3448 = AXIS2_PLACEMENT_3D ( 'NONE', #489, #1964, #3443 ) ;
#3449 = CARTESIAN_POINT ( 'NONE',  ( -27.04741326041585125, -1.701415459276992115, 0.000000000000000000 ) ) ;
#3450 = LINE ( 'NONE', #4290, #3153 ) ;
#3451 = EDGE_CURVE ( 'NONE', #230, #1624, #1976, .T. ) ;
#3452 = VERTEX_POINT ( 'NONE', #2048 ) ;
#3453 = VERTEX_POINT ( 'NONE', #3525 ) ;
#3454 = CARTESIAN_POINT ( 'NONE',  ( -22.52010101267802611, 22.52010101267802611, 0.000000000000000000 ) ) ;
#3455 = DIRECTION ( 'NONE',  ( -0.7071067811865560104, -0.7071067811865391350, 0.000000000000000000 ) ) ;
#3456 = DIRECTION ( 'NONE',  ( -0.000000000000000000, 0.000000000000000000, 1.000000000000000000 ) ) ;
#3457 = CARTESIAN_POINT ( 'NONE',  ( 0.000000000000000000, 0.000000000000000000, -3.600000000000000089 ) ) ;
#3458 = EDGE_LOOP ( 'NONE', ( #3299, #1004, #2348, #2938 ) ) ;
#3459 = CARTESIAN_POINT ( 'NONE',  ( -0.000000000000000000, -1.701415459276992115, 0.000000000000000000 ) ) ;
#3460 = DIRECTION ( 'NONE',  ( -0.000000000000000000, -0.000000000000000000, 1.000000000000000000 ) ) ;
#3461 = CARTESIAN_POINT ( 'NONE',  ( -19.59547977247137140, -8.595318925305528879, -3.600000000000000089 ) ) ;
#3462 = ORIENTED_EDGE ( 'NONE', *, *, #488, .T. ) ;
#3463 = PLANE ( 'NONE',  #3964 ) ;
#3464 = EDGE_CURVE ( 'NONE', #1833, #2107, #2750, .T. ) ;
#3465 = EDGE_CURVE ( 'NONE', #790, #591, #2959, .T. ) ;
#3466 = DIRECTION ( 'NONE',  ( -0.000000000000000000, -0.000000000000000000, -1.000000000000000000 ) ) ;
#3467 = DIRECTION ( 'NONE',  ( 0.000000000000000000, -0.000000000000000000, -1.000000000000000000 ) ) ;
#3468 = DIRECTION ( 'NONE',  ( -0.000000000000000000, -0.000000000000000000, 1.000000000000000000 ) ) ;
#3469 = LINE ( 'NONE', #1972, #4472 ) ;
#3470 = ORIENTED_EDGE ( 'NONE', *, *, #16, .T. ) ;
#3471 = ORIENTED_EDGE ( 'NONE', *, *, #2358, .F. ) ;
#3472 = EDGE_CURVE ( 'NONE', #674, #3136, #523, .T. ) ;
#3473 = CARTESIAN_POINT ( 'NONE',  ( -23.67963113701300415, 14.72963113701214866, -13.60000000000000142 ) ) ;
#3474 = FACE_OUTER_BOUND ( 'NONE', #2102, .T. ) ;
#3475 = FACE_OUTER_BOUND ( 'NONE', #2368, .T. ) ;
#3476 = FACE_OUTER_BOUND ( 'NONE', #2899, .T. ) ;
#3477 = CIRCLE ( 'NONE', #3873, 10.84997384688810307 ) ;
#3478 = ORIENTED_EDGE ( 'NONE', *, *, #3856, .T. ) ;
#3479 = ORIENTED_EDGE ( 'NONE', *, *, #2500, .T. ) ;
#3480 = DIRECTION ( 'NONE',  ( -0.6132047209531938936, -0.7899240281196132640, 0.000000000000000000 ) ) ;
#3481 = DIRECTION ( 'NONE',  ( -0.7071067811865474617, -0.7071067811865474617, 0.000000000000000000 ) ) ;
#3482 = ORIENTED_EDGE ( 'NONE', *, *, #593, .F. ) ;
#3483 = CARTESIAN_POINT ( 'NONE',  ( 12.68408224115261618, 1.822746446835822542, -3.600000000000000089 ) ) ;
#3484 = AXIS2_PLACEMENT_3D ( 'NONE', #2860, #3202, #4330 ) ;
#3485 = DIRECTION ( 'NONE',  ( -1.000000000000000000, 0.000000000000000000, 0.000000000000000000 ) ) ;
#3486 = EDGE_CURVE ( 'NONE', #212, #395, #3070, .T. ) ;
#3487 = DIRECTION ( 'NONE',  ( 1.000000000000000000, 0.000000000000000000, 0.000000000000000000 ) ) ;
#3488 = ORIENTED_EDGE ( 'NONE', *, *, #3392, .F. ) ;
#3489 = AXIS2_PLACEMENT_3D ( 'NONE', #167, #3127, #1693 ) ;
#3490 = CARTESIAN_POINT ( 'NONE',  ( -23.53410677005261675, 5.808255189840514809, -13.60000000000000142 ) ) ;
#3491 = CYLINDRICAL_SURFACE ( 'NONE', #2576, 2.000000000000001776 ) ;
#3492 = EDGE_LOOP ( 'NONE', ( #295, #596, #196, #2778 ) ) ;
#3493 = ORIENTED_EDGE ( 'NONE', *, *, #4188, .F. ) ;
#3494 = CIRCLE ( 'NONE', #2340, 10.83535302197150330 ) ;
#3495 = VECTOR ( 'NONE', #2089, 1000.000000000000000 ) ;
#3496 = DIRECTION ( 'NONE',  ( -1.000000000000000000, 0.000000000000000000, 0.000000000000000000 ) ) ;
#3497 = DIRECTION ( 'NONE',  ( -0.7071067811865474617, -0.7071067811865474617, 0.000000000000000000 ) ) ;
#3498 = CARTESIAN_POINT ( 'NONE',  ( 13.46048889769418011, 0.000000000000000000, -3.600000000000000089 ) ) ;
#3499 = CARTESIAN_POINT ( 'NONE',  ( 27.58578643762686156, -21.41421356237397688, 0.000000000000000000 ) ) ;
#3500 = ORIENTED_EDGE ( 'NONE', *, *, #3560, .F. ) ;
#3501 = ORIENTED_EDGE ( 'NONE', *, *, #4396, .T. ) ;
#3502 = ADVANCED_FACE ( 'NONE', ( #1998 ), #136, .F. ) ;
#3503 = ADVANCED_FACE ( 'NONE', ( #3140 ), #2342, .T. ) ;
#3504 = LINE ( 'NONE', #1668, #185 ) ;
#3505 = DIRECTION ( 'NONE',  ( -0.000000000000000000, -0.000000000000000000, -1.000000000000000000 ) ) ;
#3506 = VERTEX_POINT ( 'NONE', #543 ) ;
#3507 = DIRECTION ( 'NONE',  ( -0.7071067811865489050, 8.659560562354952580E-17, 0.7071067811865461294 ) ) ;
#3508 = LINE ( 'NONE', #1692, #1327 ) ;
#3509 = EDGE_CURVE ( 'NONE', #13, #3891, #1951, .T. ) ;
#3510 = ADVANCED_FACE ( 'NONE', ( #1611 ), #4615, .F. ) ;
#3511 = AXIS2_PLACEMENT_3D ( 'NONE', #173, #1243, #830 ) ;
#3512 = CIRCLE ( 'NONE', #2822, 1.574999999999999956 ) ;
#3513 = DIRECTION ( 'NONE',  ( -1.000000000000000000, 0.000000000000000000, 0.000000000000000000 ) ) ;
#3514 = DIRECTION ( 'NONE',  ( -0.7899240281196132640, 0.6132047209531941157, 0.000000000000000000 ) ) ;
#3515 = ORIENTED_EDGE ( 'NONE', *, *, #647, .T. ) ;
#3516 = EDGE_CURVE ( 'NONE', #3930, #1351, #2772, .T. ) ;
#3517 = VECTOR ( 'NONE', #3024, 1000.000000000000000 ) ;
#3518 = CARTESIAN_POINT ( 'NONE',  ( -28.39866601850626537, 6.336498395826628105, -13.60000000000000142 ) ) ;
#3519 = CIRCLE ( 'NONE', #4214, 10.83535302197150330 ) ;
#3520 = EDGE_CURVE ( 'NONE', #3604, #2223, #2681, .T. ) ;
#3521 = CARTESIAN_POINT ( 'NONE',  ( 32.99999999999999289, -13.17157287525466280, 0.000000000000000000 ) ) ;
#3522 = ORIENTED_EDGE ( 'NONE', *, *, #696, .F. ) ;
#3523 = CIRCLE ( 'NONE', #2056, 2.000000000000001776 ) ;
#3524 = ORIENTED_EDGE ( 'NONE', *, *, #826, .T. ) ;
#3525 = CARTESIAN_POINT ( 'NONE',  ( -5.924999999999982059, -17.37500000000055067, 2.000000000000012879 ) ) ;
#3526 = CYLINDRICAL_SURFACE ( 'NONE', #3675, 4.050000000000195222 ) ;
#3527 = CARTESIAN_POINT ( 'NONE',  ( -9.074999999999981526, -17.37500000000055067, 4.000000000000000000 ) ) ;
#3528 = VERTEX_POINT ( 'NONE', #2369 ) ;
#3529 = ORIENTED_EDGE ( 'NONE', *, *, #3293, .T. ) ;
#3530 = VERTEX_POINT ( 'NONE', #3473 ) ;
#3531 = CARTESIAN_POINT ( 'NONE',  ( -32.19999999999998153, 0.000000000000000000, -13.60000000000000142 ) ) ;
#3532 = DIRECTION ( 'NONE',  ( -0.000000000000000000, -0.000000000000000000, 1.000000000000000000 ) ) ;
#3533 = VERTEX_POINT ( 'NONE', #1632 ) ;
#3534 = CARTESIAN_POINT ( 'NONE',  ( -20.19399625389601738, 10.84376210602755464, -3.600000000000000089 ) ) ;
#3535 = CARTESIAN_POINT ( 'NONE',  ( 27.72963113701220550, -14.72963113701221083, 4.000000000000000000 ) ) ;
#3536 = EDGE_CURVE ( 'NONE', #1083, #3119, #154, .T. ) ;
#3537 = VECTOR ( 'NONE', #2848, 1000.000000000000114 ) ;
#3538 = CARTESIAN_POINT ( 'NONE',  ( 32.20000000000000995, 2.357282276858352039E-14, -48.60000000000000142 ) ) ;
#3539 = ORIENTED_EDGE ( 'NONE', *, *, #2993, .T. ) ;
#3540 = CARTESIAN_POINT ( 'NONE',  ( 25.84020202535629451, 19.19999999999993179, -48.60000000000000142 ) ) ;
#3541 = EDGE_LOOP ( 'NONE', ( #470, #2770, #1464, #4274, #957, #1466, #1849, #4731 ) ) ;
#3542 = CARTESIAN_POINT ( 'NONE',  ( -26.17157287525379772, 19.99999999999912959, 4.000000000000000000 ) ) ;
#3543 = VERTEX_POINT ( 'NONE', #3894 ) ;
#3544 = ORIENTED_EDGE ( 'NONE', *, *, #3241, .T. ) ;
#3545 = DIRECTION ( 'NONE',  ( 1.000000000000000000, 0.000000000000000000, 0.000000000000000000 ) ) ;
#3546 = CARTESIAN_POINT ( 'NONE',  ( -19.60388646121188216, 10.84376210602755464, -48.60000000000000142 ) ) ;
#3547 = CARTESIAN_POINT ( 'NONE',  ( 6.458862161587608952, -8.609442100909745932, -13.60000000000000142 ) ) ;
#3548 = ORIENTED_EDGE ( 'NONE', *, *, #2790, .T. ) ;
#3549 = VERTEX_POINT ( 'NONE', #566 ) ;
#3550 = ORIENTED_EDGE ( 'NONE', *, *, #3745, .F. ) ;
#3551 = LINE ( 'NONE', #2030, #1126 ) ;
#3552 = VECTOR ( 'NONE', #2349, 1000.000000000000000 ) ;
#3553 = DIRECTION ( 'NONE',  ( -0.000000000000000000, -0.000000000000000000, 1.000000000000000000 ) ) ;
#3554 = ORIENTED_EDGE ( 'NONE', *, *, #1503, .F. ) ;
#3555 = CARTESIAN_POINT ( 'NONE',  ( 7.500000000000027534, 17.37499999999965183, 2.000000000000012879 ) ) ;
#3556 = DIRECTION ( 'NONE',  ( 1.000000000000000000, -0.000000000000000000, 0.000000000000000000 ) ) ;
#3557 = CONICAL_SURFACE ( 'NONE', #2093, 1.574999999999999956, 0.7853981633974503884 ) ;
#3558 = DIRECTION ( 'NONE',  ( 0.000000000000000000, 1.000000000000000000, 0.000000000000000000 ) ) ;
#3559 = ORIENTED_EDGE ( 'NONE', *, *, #279, .F. ) ;
#3560 = EDGE_CURVE ( 'NONE', #4748, #2469, #3428, .T. ) ;
#3561 = DIRECTION ( 'NONE',  ( 1.000000000000000000, 0.000000000000000000, 0.000000000000000000 ) ) ;
#3562 = VERTEX_POINT ( 'NONE', #2391 ) ;
#3563 = ADVANCED_FACE ( 'NONE', ( #3045 ), #161, .F. ) ;
#3564 = EDGE_CURVE ( 'NONE', #4527, #962, #834, .T. ) ;
#3565 = ADVANCED_FACE ( 'NONE', ( #1369 ), #2435, .F. ) ;
#3566 = CARTESIAN_POINT ( 'NONE',  ( 0.000000000000000000, -15.13611808696517080, -3.600000000000000089 ) ) ;
#3567 = ORIENTED_EDGE ( 'NONE', *, *, #258, .T. ) ;
#3568 = AXIS2_PLACEMENT_3D ( 'NONE', #964, #581, #4673 ) ;
#3569 = ORIENTED_EDGE ( 'NONE', *, *, #3131, .F. ) ;
#3570 = AXIS2_PLACEMENT_3D ( 'NONE', #4532, #3100, #4185 ) ;
#3571 = CARTESIAN_POINT ( 'NONE',  ( 29.30463113701220479, -14.72963113701221083, 2.000000000000012879 ) ) ;
#3572 = DIRECTION ( 'NONE',  ( -0.000000000000000000, -0.000000000000000000, 1.000000000000000000 ) ) ;
#3573 = EDGE_LOOP ( 'NONE', ( #257, #1314, #1368, #411 ) ) ;
#3574 = ORIENTED_EDGE ( 'NONE', *, *, #3673, .F. ) ;
#3575 = ORIENTED_EDGE ( 'NONE', *, *, #458, .F. ) ;
#3576 = VECTOR ( 'NONE', #563, 1000.000000000000000 ) ;
#3577 = VECTOR ( 'NONE', #4443, 1000.000000000000000 ) ;
#3578 = DIRECTION ( 'NONE',  ( 1.000000000000000000, 0.000000000000000000, 0.000000000000000000 ) ) ;
#3579 = FACE_OUTER_BOUND ( 'NONE', #2077, .T. ) ;
#3580 = VECTOR ( 'NONE', #894, 1000.000000000000000 ) ;
#3581 = CARTESIAN_POINT ( 'NONE',  ( -0.5794042551126808993, 10.84376210602755464, -3.600000000000000089 ) ) ;
#3582 = ORIENTED_EDGE ( 'NONE', *, *, #1731, .T. ) ;
#3583 = VECTOR ( 'NONE', #4311, 1000.000000000000000 ) ;
#3584 = FACE_OUTER_BOUND ( 'NONE', #4312, .T. ) ;
#3585 = CARTESIAN_POINT ( 'NONE',  ( -14.64476357193259837, 1.298642976988359177, -48.60000000000000142 ) ) ;
#3586 = CARTESIAN_POINT ( 'NONE',  ( -26.17157287525379772, 19.99999999999912959, 0.000000000000000000 ) ) ;
#3587 = EDGE_LOOP ( 'NONE', ( #979, #3897, #2965, #1017, #4361, #3235, #1009, #2095 ) ) ;
#3588 = LINE ( 'NONE', #4755, #487 ) ;
#3589 = ORIENTED_EDGE ( 'NONE', *, *, #1118, .T. ) ;
#3590 = AXIS2_PLACEMENT_3D ( 'NONE', #900, #2386, #538 ) ;
#3591 = CARTESIAN_POINT ( 'NONE',  ( 12.95027683787626316, 10.84376210602755286, -3.600000000000000089 ) ) ;
#3592 = PLANE ( 'NONE',  #4192 ) ;
#3593 = DIRECTION ( 'NONE',  ( -0.000000000000000000, -0.000000000000000000, 1.000000000000000000 ) ) ;
#3594 = AXIS2_PLACEMENT_3D ( 'NONE', #3941, #2485, #1430 ) ;
#3595 = ORIENTED_EDGE ( 'NONE', *, *, #1501, .F. ) ;
#3596 = AXIS2_PLACEMENT_3D ( 'NONE', #1250, #1977, #3869 ) ;
#3597 = VECTOR ( 'NONE', #1614, 1000.000000000000000 ) ;
#3598 = PLANE ( 'NONE',  #4174 ) ;
#3599 = ADVANCED_FACE ( 'NONE', ( #4687 ), #2900, .T. ) ;
#3600 = PLANE ( 'NONE',  #3370 ) ;
#3601 = ADVANCED_FACE ( 'NONE', ( #1346 ), #3557, .F. ) ;
#3602 = CARTESIAN_POINT ( 'NONE',  ( 0.000000000000000000, 0.000000000000000000, -48.60000000000000142 ) ) ;
#3603 = ORIENTED_EDGE ( 'NONE', *, *, #3714, .T. ) ;
#3604 = VERTEX_POINT ( 'NONE', #615 ) ;
#3605 = EDGE_LOOP ( 'NONE', ( #2482, #846, #2004, #4644 ) ) ;
#3606 = VECTOR ( 'NONE', #3352, 1000.000000000000000 ) ;
#3607 = CARTESIAN_POINT ( 'NONE',  ( -7.499999999999982236, -17.37500000000055067, -48.60000000000000142 ) ) ;
#3608 = LINE ( 'NONE', #4043, #3290 ) ;
#3609 = CARTESIAN_POINT ( 'NONE',  ( -6.577418957547303435, 8.553977797029707730, -3.600000000000000089 ) ) ;
#3610 = ORIENTED_EDGE ( 'NONE', *, *, #4656, .T. ) ;
#3611 = CARTESIAN_POINT ( 'NONE',  ( 5.925000000000027356, 17.37499999999965183, 2.000000000000012879 ) ) ;
#3612 = CARTESIAN_POINT ( 'NONE',  ( -0.5794042551126808993, 0.000000000000000000, -3.600000000000000089 ) ) ;
#3613 = FACE_OUTER_BOUND ( 'NONE', #1577, .T. ) ;
#3614 = LINE ( 'NONE', #294, #1099 ) ;
#3615 = ADVANCED_FACE ( 'NONE', ( #4371 ), #3598, .T. ) ;
#3616 = ORIENTED_EDGE ( 'NONE', *, *, #4075, .F. ) ;
#3617 = CARTESIAN_POINT ( 'NONE',  ( -17.64482200819801960, -1.701415459276992115, -3.600000000000000089 ) ) ;
#3618 = ORIENTED_EDGE ( 'NONE', *, *, #2019, .T. ) ;
#3619 = ADVANCED_FACE ( 'NONE', ( #4710 ), #3987, .F. ) ;
#3620 = LINE ( 'NONE', #155, #3444 ) ;
#3621 = DIRECTION ( 'NONE',  ( 1.000000000000000000, 0.000000000000000000, 0.000000000000000000 ) ) ;
#3622 = CARTESIAN_POINT ( 'NONE',  ( -4.206941062722409086, -10.46866271396552506, -3.600000000000000089 ) ) ;
#3623 = ORIENTED_EDGE ( 'NONE', *, *, #69, .F. ) ;
#3624 = CARTESIAN_POINT ( 'NONE',  ( 7.500000000000027534, 17.37499999999965183, 2.000000000000012879 ) ) ;
#3625 = FACE_OUTER_BOUND ( 'NONE', #3362, .T. ) ;
#3626 = ORIENTED_EDGE ( 'NONE', *, *, #1648, .T. ) ;
#3627 = ORIENTED_EDGE ( 'NONE', *, *, #2067, .T. ) ;
#3628 = EDGE_CURVE ( 'NONE', #1448, #4709, #4316, .T. ) ;
#3629 = CARTESIAN_POINT ( 'NONE',  ( 0.000000000000000000, 0.000000000000000000, -3.600000000000000089 ) ) ;
#3630 = CARTESIAN_POINT ( 'NONE',  ( -12.12122742712152146, -0.7727644064855661021, -13.60000000000000142 ) ) ;
#3631 = CARTESIAN_POINT ( 'NONE',  ( 7.651676581378433539, -7.326515227767632865, -3.600000000000000089 ) ) ;
#3632 = ORIENTED_EDGE ( 'NONE', *, *, #59, .T. ) ;
#3633 = CARTESIAN_POINT ( 'NONE',  ( -14.82697250407903944, 1.116434044841921214, -13.60000000000000142 ) ) ;
#3634 = ADVANCED_FACE ( 'NONE', ( #669 ), #4012, .T. ) ;
#3635 = AXIS2_PLACEMENT_3D ( 'NONE', #1961, #3439, #1601 ) ;
#3636 = PLANE ( 'NONE',  #4203 ) ;
#3637 = DIRECTION ( 'NONE',  ( 0.000000000000000000, 0.000000000000000000, -1.000000000000000000 ) ) ;
#3638 = ORIENTED_EDGE ( 'NONE', *, *, #3336, .F. ) ;
#3639 = AXIS2_PLACEMENT_3D ( 'NONE', #4062, #2949, #1472 ) ;
#3640 = CARTESIAN_POINT ( 'NONE',  ( 34.99999999999999289, -14.00000000000085620, 0.000000000000000000 ) ) ;
#3641 = ORIENTED_EDGE ( 'NONE', *, *, #245, .F. ) ;
#3642 = DIRECTION ( 'NONE',  ( 0.000000000000000000, 0.000000000000000000, -1.000000000000000000 ) ) ;
#3643 = CARTESIAN_POINT ( 'NONE',  ( 19.69732799511277577, 8.583921237619168920, -13.60000000000000142 ) ) ;
#3644 = VERTEX_POINT ( 'NONE', #690 ) ;
#3645 = VERTEX_POINT ( 'NONE', #3237 ) ;
#3646 = CARTESIAN_POINT ( 'NONE',  ( 16.99459555075655359, -6.116575947249634382, -48.60000000000000142 ) ) ;
#3647 = CARTESIAN_POINT ( 'NONE',  ( -31.57664897819757854, 13.46355304715846657, -13.60000000000000142 ) ) ;
#3648 = DIRECTION ( 'NONE',  ( -0.6478588923518383558, 0.7617603662574268242, 0.000000000000000000 ) ) ;
#3649 = CIRCLE ( 'NONE', #2185, 10.84997384688809952 ) ;
#3650 = ORIENTED_EDGE ( 'NONE', *, *, #704, .F. ) ;
#3651 = EDGE_LOOP ( 'NONE', ( #1194, #1949 ) ) ;
#3652 = VECTOR ( 'NONE', #1385, 1000.000000000000000 ) ;
#3653 = LINE ( 'NONE', #2931, #2512 ) ;
#3654 = CARTESIAN_POINT ( 'NONE',  ( 12.68408224115261618, 6.336498395826628993, -3.600000000000000089 ) ) ;
#3655 = CARTESIAN_POINT ( 'NONE',  ( -11.11550480569455068, -19.20000000000083773, -48.60000000000000142 ) ) ;
#3656 = VERTEX_POINT ( 'NONE', #2873 ) ;
#3657 = EDGE_CURVE ( 'NONE', #1735, #380, #3477, .T. ) ;
#3658 = DIRECTION ( 'NONE',  ( 0.000000000000000000, -0.000000000000000000, 1.000000000000000000 ) ) ;
#3659 = VECTOR ( 'NONE', #4410, 1000.000000000000000 ) ;
#3660 = CARTESIAN_POINT ( 'NONE',  ( 13.46048889769418011, -1.259899410479727866, -3.600000000000000089 ) ) ;
#3661 = VECTOR ( 'NONE', #2964, 1000.000000000000000 ) ;
#3662 = EDGE_CURVE ( 'NONE', #2389, #380, #4342, .T. ) ;
#3663 = FACE_OUTER_BOUND ( 'NONE', #2135, .T. ) ;
#3664 = ORIENTED_EDGE ( 'NONE', *, *, #2773, .F. ) ;
#3665 = EDGE_CURVE ( 'NONE', #268, #1526, #202, .T. ) ;
#3666 = LINE ( 'NONE', #3281, #4196 ) ;
#3667 = ORIENTED_EDGE ( 'NONE', *, *, #372, .F. ) ;
#3668 = PRODUCT_DEFINITION_FORMATION_WITH_SPECIFIED_SOURCE ( 'Symmetric', '', #3850, .NOT_KNOWN. ) ;
#3669 = LINE ( 'NONE', #4032, #3606 ) ;
#3670 = CARTESIAN_POINT ( 'NONE',  ( 0.000000000000000000, -5.738133619709119060, -3.600000000000000089 ) ) ;
#3671 = ORIENTED_EDGE ( 'NONE', *, *, #2636, .T. ) ;
#3672 = ORIENTED_EDGE ( 'NONE', *, *, #49, .F. ) ;
#3673 = EDGE_CURVE ( 'NONE', #3255, #2314, #2124, .T. ) ;
#3674 = DIRECTION ( 'NONE',  ( -1.000000000000000000, 0.000000000000000000, 0.000000000000000000 ) ) ;
#3675 = AXIS2_PLACEMENT_3D ( 'NONE', #4229, #4249, #500 ) ;
#3676 = DIRECTION ( 'NONE',  ( 0.000000000000000000, 0.000000000000000000, -1.000000000000000000 ) ) ;
#3677 = ORIENTED_EDGE ( 'NONE', *, *, #958, .F. ) ;
#3678 = VERTEX_POINT ( 'NONE', #4638 ) ;
#3679 = EDGE_CURVE ( 'NONE', #3255, #552, #3163, .T. ) ;
#3680 = CARTESIAN_POINT ( 'NONE',  ( 5.925000000000027356, 17.37499999999965183, 2.000000000000012879 ) ) ;
#3681 = CARTESIAN_POINT ( 'NONE',  ( -0.5794042551126808993, 1.822746446835822542, 0.000000000000000000 ) ) ;
#3682 = VECTOR ( 'NONE', #2725, 1000.000000000000000 ) ;
#3683 = CARTESIAN_POINT ( 'NONE',  ( 0.000000000000000000, 0.000000000000000000, -3.600000000000000089 ) ) ;
#3684 = ORIENTED_EDGE ( 'NONE', *, *, #627, .F. ) ;
#3685 = CARTESIAN_POINT ( 'NONE',  ( 0.000000000000000000, 1.822746446835822542, -3.600000000000000089 ) ) ;
#3686 = FACE_OUTER_BOUND ( 'NONE', #4474, .T. ) ;
#3687 = DIRECTION ( 'NONE',  ( -1.000000000000000000, 0.000000000000000000, -0.000000000000000000 ) ) ;
#3688 = ORIENTED_EDGE ( 'NONE', *, *, #2028, .F. ) ;
#3689 = DIRECTION ( 'NONE',  ( -0.000000000000000000, -0.000000000000000000, 1.000000000000000000 ) ) ;
#3690 = ORIENTED_EDGE ( 'NONE', *, *, #227, .F. ) ;
#3691 = EDGE_CURVE ( 'NONE', #719, #3902, #3188, .T. ) ;
#3692 = EDGE_CURVE ( 'NONE', #3726, #1573, #2845, .T. ) ;
#3693 = CARTESIAN_POINT ( 'NONE',  ( -0.5794042551126808993, 1.822746446835822542, -3.600000000000000089 ) ) ;
#3694 = DIRECTION ( 'NONE',  ( -0.7071067811865474617, -0.7071067811865474617, 0.000000000000000000 ) ) ;
#3695 = ORIENTED_EDGE ( 'NONE', *, *, #3431, .T. ) ;
#3696 = ORIENTED_EDGE ( 'NONE', *, *, #3679, .T. ) ;
#3697 = DIRECTION ( 'NONE',  ( -0.000000000000000000, -0.000000000000000000, 1.000000000000000000 ) ) ;
#3698 = AXIS2_PLACEMENT_3D ( 'NONE', #3335, #404, #2695 ) ;
#3699 = CARTESIAN_POINT ( 'NONE',  ( -26.17157287525378351, -20.00000000000087041, 4.000000000000000000 ) ) ;
#3700 = VERTEX_POINT ( 'NONE', #1321 ) ;
#3701 = ORIENTED_EDGE ( 'NONE', *, *, #2239, .F. ) ;
#3702 = CARTESIAN_POINT ( 'NONE',  ( -21.80998427227450165, 1.994901900637149339, -48.60000000000000142 ) ) ;
#3703 = CARTESIAN_POINT ( 'NONE',  ( 32.99999999999999289, -13.17157287525466280, 4.000000000000000000 ) ) ;
#3704 = DIRECTION ( 'NONE',  ( -0.6239842607917904793, -0.7814369087035260009, 0.000000000000000000 ) ) ;
#3705 = ORIENTED_EDGE ( 'NONE', *, *, #627, .T. ) ;
#3706 = CARTESIAN_POINT ( 'NONE',  ( 13.46048889769418011, -15.13611808696517080, -3.600000000000000089 ) ) ;
#3707 = FILL_AREA_STYLE_COLOUR ( '', #804 ) ;
#3708 = CARTESIAN_POINT ( 'NONE',  ( 22.52010101267757847, -22.52010101267757847, 0.000000000000000000 ) ) ;
#3709 = ORIENTED_EDGE ( 'NONE', *, *, #3745, .T. ) ;
#3710 = ADVANCED_FACE ( 'NONE', ( #2798 ), #225, .F. ) ;
#3711 = CARTESIAN_POINT ( 'NONE',  ( -32.19999999999997442, -12.84020202535880983, -48.60000000000000142 ) ) ;
#3712 = VERTEX_POINT ( 'NONE', #1079 ) ;
#3713 = CARTESIAN_POINT ( 'NONE',  ( 16.41213636674710585, 1.822746446835822542, 0.000000000000000000 ) ) ;
#3714 = EDGE_CURVE ( 'NONE', #3604, #4762, #2708, .T. ) ;
#3715 = AXIS2_PLACEMENT_3D ( 'NONE', #2488, #3970, #2136 ) ;
#3716 = CARTESIAN_POINT ( 'NONE',  ( 0.000000000000000000, 0.000000000000000000, -13.60000000000000142 ) ) ;
#3717 = EDGE_CURVE ( 'NONE', #3427, #13, #79, .T. ) ;
#3718 = DIRECTION ( 'NONE',  ( -0.000000000000000000, -0.000000000000000000, 1.000000000000000000 ) ) ;
#3719 = EDGE_CURVE ( 'NONE', #4613, #1595, #1104, .T. ) ;
#3720 = EDGE_CURVE ( 'NONE', #2951, #2711, #4416, .T. ) ;
#3721 = ORIENTED_EDGE ( 'NONE', *, *, #2009, .F. ) ;
#3722 = LINE ( 'NONE', #1905, #1479 ) ;
#3723 = LINE ( 'NONE', #877, #3853 ) ;
#3724 = EDGE_CURVE ( 'NONE', #3415, #3305, #2197, .T. ) ;
#3725 = ORIENTED_EDGE ( 'NONE', *, *, #608, .T. ) ;
#3726 = VERTEX_POINT ( 'NONE', #809 ) ;
#3727 = AXIS2_PLACEMENT_3D ( 'NONE', #178, #4200, #3114 ) ;
#3728 = DIRECTION ( 'NONE',  ( -1.000000000000000000, 0.000000000000000000, -0.000000000000000000 ) ) ;
#3729 = FACE_OUTER_BOUND ( 'NONE', #788, .T. ) ;
#3730 = CARTESIAN_POINT ( 'NONE',  ( 32.20000000000001705, -0.000000000000000000, 0.000000000000000000 ) ) ;
#3731 = EDGE_LOOP ( 'NONE', ( #3860, #4240, #315, #176, #15, #2697, #434, #144, #4622, #1033 ) ) ;
#3732 = LINE ( 'NONE', #3343, #4485 ) ;
#3733 = EDGE_CURVE ( 'NONE', #2462, #321, #785, .T. ) ;
#3734 = VECTOR ( 'NONE', #2666, 1000.000000000000000 ) ;
#3735 = CARTESIAN_POINT ( 'NONE',  ( 0.000000000000000000, 0.000000000000000000, -48.60000000000000142 ) ) ;
#3736 = DIRECTION ( 'NONE',  ( 0.000000000000000000, 0.000000000000000000, -1.000000000000000000 ) ) ;
#3737 = ORIENTED_EDGE ( 'NONE', *, *, #2446, .F. ) ;
#3738 = DIRECTION ( 'NONE',  ( 0.000000000000000000, -1.000000000000000000, 0.000000000000000000 ) ) ;
#3739 = ORIENTED_EDGE ( 'NONE', *, *, #3516, .F. ) ;
#3740 = VECTOR ( 'NONE', #2503, 1000.000000000000000 ) ;
#3741 = CIRCLE ( 'NONE', #3113, 10.83535302197150152 ) ;
#3742 = CARTESIAN_POINT ( 'NONE',  ( 11.11550480569438015, 19.19999999999993534, 0.000000000000000000 ) ) ;
#3743 = DIRECTION ( 'NONE',  ( -1.000000000000000000, 0.000000000000000000, 0.000000000000000000 ) ) ;
#3744 = EDGE_CURVE ( 'NONE', #1054, #991, #3022, .T. ) ;
#3745 = EDGE_CURVE ( 'NONE', #4728, #3528, #2999, .T. ) ;
#3746 = CARTESIAN_POINT ( 'NONE',  ( 0.000000000000000000, -10.46866271396552506, -3.600000000000000089 ) ) ;
#3747 = CARTESIAN_POINT ( 'NONE',  ( 22.52010101267811137, 22.52010101267811137, 0.000000000000000000 ) ) ;
#3748 = VERTEX_POINT ( 'NONE', #2584 ) ;
#3749 = ORIENTED_EDGE ( 'NONE', *, *, #1794, .T. ) ;
#3750 = EDGE_CURVE ( 'NONE', #3793, #2314, #4110, .T. ) ;
#3751 = VECTOR ( 'NONE', #2832, 1000.000000000000000 ) ;
#3752 = DIRECTION ( 'NONE',  ( 0.000000000000000000, 0.000000000000000000, -1.000000000000000000 ) ) ;
#3753 = CARTESIAN_POINT ( 'NONE',  ( 27.72963113701220550, -14.72963113701221083, 2.000000000000012879 ) ) ;
#3754 = CARTESIAN_POINT ( 'NONE',  ( 13.46048889769418011, -15.13611808696517080, 0.000000000000000000 ) ) ;
#3755 = EDGE_LOOP ( 'NONE', ( #28, #2844, #2560, #427 ) ) ;
#3756 = VECTOR ( 'NONE', #4323, 1000.000000000000000 ) ;
#3757 = DIRECTION ( 'NONE',  ( 0.000000000000000000, -1.000000000000000000, 0.000000000000000000 ) ) ;
#3758 = STYLED_ITEM ( 'NONE', ( #2508 ), #2814 ) ;
#3759 = AXIS2_PLACEMENT_3D ( 'NONE', #3003, #2611, #408 ) ;
#3760 = CONICAL_SURFACE ( 'NONE', #42, 1.574999999999999956, 0.7853981633974503884 ) ;
#3761 =( LENGTH_UNIT ( ) NAMED_UNIT ( * ) SI_UNIT ( .MILLI., .METRE. ) );
#3762 = LINE ( 'NONE', #2304, #3345 ) ;
#3763 = ORIENTED_EDGE ( 'NONE', *, *, #379, .T. ) ;
#3764 = CARTESIAN_POINT ( 'NONE',  ( 0.000000000000000000, -10.46866271396552506, -3.600000000000000089 ) ) ;
#3765 = EDGE_LOOP ( 'NONE', ( #3236, #3618, #2277, #2982, #3161, #3145, #354, #3106, #4692, #2384 ) ) ;
#3766 = EDGE_CURVE ( 'NONE', #4419, #731, #3334, .T. ) ;
#3767 = LINE ( 'NONE', #3037, #2831 ) ;
#3768 = LINE ( 'NONE', #1922, #2341 ) ;
#3769 = LINE ( 'NONE', #4169, #850 ) ;
#3770 = APPLICATION_PROTOCOL_DEFINITION ( 'draft international standard', 'automotive_design', 1998, #4800 ) ;
#3771 = CARTESIAN_POINT ( 'NONE',  ( 26.17157287525379061, 19.99999999999912959, 4.000000000000000000 ) ) ;
#3772 = VERTEX_POINT ( 'NONE', #4395 ) ;
#3773 = ORIENTED_EDGE ( 'NONE', *, *, #3838, .F. ) ;
#3774 = AXIS2_PLACEMENT_3D ( 'NONE', #2538, #1002, #3291 ) ;
#3775 = CARTESIAN_POINT ( 'NONE',  ( -7.499999999999982236, -17.37500000000055067, 0.000000000000000000 ) ) ;
#3776 = DIRECTION ( 'NONE',  ( -0.000000000000000000, 0.000000000000000000, 1.000000000000000000 ) ) ;
#3777 = CARTESIAN_POINT ( 'NONE',  ( -9.074999999999981526, -17.37500000000055067, 2.000000000000012879 ) ) ;
#3778 = VERTEX_POINT ( 'NONE', #743 ) ;
#3779 = LINE ( 'NONE', #1892, #2169 ) ;
#3780 = ADVANCED_FACE ( 'NONE', ( #4788 ), #1542, .T. ) ;
#3781 = DIRECTION ( 'NONE',  ( 0.000000000000000000, 0.000000000000000000, 1.000000000000000000 ) ) ;
#3782 = CARTESIAN_POINT ( 'NONE',  ( 13.92790066453865272, -0.7717432326737189152, -13.60000000000000142 ) ) ;
#3783 = EDGE_LOOP ( 'NONE', ( #3515, #1425, #3488, #4236 ) ) ;
#3784 = EDGE_LOOP ( 'NONE', ( #2294, #3963, #2865, #205, #540, #1989, #4561, #3271 ) ) ;
#3785 = EDGE_CURVE ( 'NONE', #2307, #3136, #3722, .T. ) ;
#3786 = PLANE ( 'NONE',  #745 ) ;
#3787 = CARTESIAN_POINT ( 'NONE',  ( -27.72963113701300131, 14.72963113701214866, -13.60000000000000142 ) ) ;
#3788 = DIRECTION ( 'NONE',  ( 0.000000000000000000, 1.000000000000000000, 0.000000000000000000 ) ) ;
#3789 = VECTOR ( 'NONE', #1596, 1000.000000000000000 ) ;
#3790 = DIRECTION ( 'NONE',  ( 1.000000000000000000, -0.000000000000000000, 0.000000000000000000 ) ) ;
#3791 = VERTEX_POINT ( 'NONE', #3383 ) ;
#3792 = VECTOR ( 'NONE', #11, 1000.000000000000000 ) ;
#3793 = VERTEX_POINT ( 'NONE', #3646 ) ;
#3794 = CARTESIAN_POINT ( 'NONE',  ( 1.038722414411819791E-14, 19.19999999999994245, -48.60000000000000142 ) ) ;
#3795 = CARTESIAN_POINT ( 'NONE',  ( 11.55000000000002913, 17.37499999999965183, -48.60000000000000142 ) ) ;
#3796 = CARTESIAN_POINT ( 'NONE',  ( -7.971703274460302246, 7.971703274460492317, -3.600000000000000089 ) ) ;
#3797 = CARTESIAN_POINT ( 'NONE',  ( 9.075000000000027711, 17.37499999999965183, 0.000000000000000000 ) ) ;
#3798 = ORIENTED_EDGE ( 'NONE', *, *, #3220, .F. ) ;
#3799 = LINE ( 'NONE', #3369, #3552 ) ;
#3800 = DIRECTION ( 'NONE',  ( 1.000000000000000000, -2.334386739965797702E-16, 0.000000000000000000 ) ) ;
#3801 = EDGE_CURVE ( 'NONE', #3179, #4080, #4491, .T. ) ;
#3802 = CARTESIAN_POINT ( 'NONE',  ( -4.206941062722409086, -10.46866271396552506, -48.60000000000000142 ) ) ;
#3803 = VERTEX_POINT ( 'NONE', #2224 ) ;
#3804 = FACE_OUTER_BOUND ( 'NONE', #2079, .T. ) ;
#3805 = VECTOR ( 'NONE', #840, 1000.000000000000000 ) ;
#3806 = VECTOR ( 'NONE', #3279, 1000.000000000000000 ) ;
#3807 = VERTEX_POINT ( 'NONE', #1808 ) ;
#3808 = EDGE_CURVE ( 'NONE', #2555, #2141, #1133, .T. ) ;
#3809 = EDGE_CURVE ( 'NONE', #2533, #4124, #3288, .T. ) ;
#3810 = LINE ( 'NONE', #2648, #1210 ) ;
#3811 = LINE ( 'NONE', #32, #3577 ) ;
#3812 = ORIENTED_EDGE ( 'NONE', *, *, #3241, .F. ) ;
#3813 = VECTOR ( 'NONE', #3912, 1000.000000000000114 ) ;
#3814 = VECTOR ( 'NONE', #4029, 1000.000000000000000 ) ;
#3815 = VECTOR ( 'NONE', #3878, 1000.000000000000000 ) ;
#3816 = CARTESIAN_POINT ( 'NONE',  ( 4.594683781056102312, -5.252945802676440401, 0.000000000000000000 ) ) ;
#3817 = AXIS2_PLACEMENT_3D ( 'NONE', #2516, #288, #4792 ) ;
#3818 = DIRECTION ( 'NONE',  ( 1.000000000000000000, 0.000000000000000000, 0.000000000000000000 ) ) ;
#3819 = ORIENTED_EDGE ( 'NONE', *, *, #341, .F. ) ;
#3820 = EDGE_LOOP ( 'NONE', ( #2327, #3292, #2251, #1236, #1326, #1189, #629, #1714, #4439, #695, #3918, #1266, #2642, #1077, #3907, #3914, #978, #909, #976, #4779, #3219, #2190 ) ) ;
#3821 = DIRECTION ( 'NONE',  ( 0.000000000000000000, 0.000000000000000000, -1.000000000000000000 ) ) ;
#3822 = FACE_OUTER_BOUND ( 'NONE', #1044, .T. ) ;
#3823 = DIRECTION ( 'NONE',  ( 1.000000000000000000, 0.000000000000000000, 0.000000000000000000 ) ) ;
#3824 = CARTESIAN_POINT ( 'NONE',  ( 6.458862161587608952, -8.609442100909745932, -3.600000000000000089 ) ) ;
#3825 = ORIENTED_EDGE ( 'NONE', *, *, #3275, .T. ) ;
#3826 = DIRECTION ( 'NONE',  ( 0.000000000000000000, -0.000000000000000000, -1.000000000000000000 ) ) ;
#3827 = CIRCLE ( 'NONE', #265, 1.574999999999999956 ) ;
#3828 = CARTESIAN_POINT ( 'NONE',  ( -9.160284544237150328, -5.738133619709119060, -13.60000000000000142 ) ) ;
#3829 = LINE ( 'NONE', #4481, #3734 ) ;
#3830 = VERTEX_POINT ( 'NONE', #4764 ) ;
#3831 = CARTESIAN_POINT ( 'NONE',  ( -8.939617987924457054, -10.46866271396552506, -13.60000000000000142 ) ) ;
#3832 = VECTOR ( 'NONE', #724, 1000.000000000000000 ) ;
#3833 = AXIS2_PLACEMENT_3D ( 'NONE', #3339, #430, #43 ) ;
#3834 = EDGE_CURVE ( 'NONE', #4080, #3280, #1449, .T. ) ;
#3835 = DIRECTION ( 'NONE',  ( -0.7617603662574268242, -0.6478588923518383558, 0.000000000000000000 ) ) ;
#3836 = AXIS2_PLACEMENT_3D ( 'NONE', #1773, #2868, #663 ) ;
#3837 = LINE ( 'NONE', #512, #3195 ) ;
#3838 = EDGE_CURVE ( 'NONE', #2870, #1097, #381, .T. ) ;
#3839 = CARTESIAN_POINT ( 'NONE',  ( -14.12066010208511990, 0.000000000000000000, 0.000000000000000000 ) ) ;
#3840 = CARTESIAN_POINT ( 'NONE',  ( 26.17157287525376219, -20.00000000000087041, 0.000000000000000000 ) ) ;
#3841 = VERTEX_POINT ( 'NONE', #1523 ) ;
#3842 = VERTEX_POINT ( 'NONE', #2718 ) ;
#3843 = DIRECTION ( 'NONE',  ( 0.7071067811865472397, -0.7071067811865479058, 0.000000000000000000 ) ) ;
#3844 = ADVANCED_FACE ( 'NONE', ( #3423 ), #1584, .T. ) ;
#3845 = CYLINDRICAL_SURFACE ( 'NONE', #3911, 10.84997384688810129 ) ;
#3846 = DIRECTION ( 'NONE',  ( -0.8356902159628883942, 0.5492011133855254634, 0.000000000000000000 ) ) ;
#3847 = CARTESIAN_POINT ( 'NONE',  ( -7.499999999999982236, -17.37500000000055067, 2.000000000000012879 ) ) ;
#3848 = ORIENTED_EDGE ( 'NONE', *, *, #2732, .T. ) ;
#3849 = EDGE_LOOP ( 'NONE', ( #4003, #1820, #3529, #706 ) ) ;
#3850 = PRODUCT ( 'Battery_Case_Bottom_Cover', 'Battery_Case_Bottom_Cover', '', ( #1473 ) ) ;
#3851 = DIRECTION ( 'NONE',  ( -1.000000000000000000, 0.000000000000000000, -0.000000000000000000 ) ) ;
#3852 = CARTESIAN_POINT ( 'NONE',  ( 3.450000000000025935, 17.37499999999965183, 0.000000000000000000 ) ) ;
#3853 = VECTOR ( 'NONE', #1295, 1000.000000000000114 ) ;
#3854 = ORIENTED_EDGE ( 'NONE', *, *, #2085, .F. ) ;
#3855 = CARTESIAN_POINT ( 'NONE',  ( 0.8686015874971326767, 0.6622916324048149228, -13.60000000000000142 ) ) ;
#3856 = EDGE_CURVE ( 'NONE', #1595, #1556, #4242, .T. ) ;
#3857 = CARTESIAN_POINT ( 'NONE',  ( 1.390345312941743428E-15, 10.84376210602755464, -3.600000000000000089 ) ) ;
#3858 = DIRECTION ( 'NONE',  ( 0.6334218167758295381, 0.7738066955205333830, 0.000000000000000000 ) ) ;
#3859 = EDGE_CURVE ( 'NONE', #4493, #2284, #2291, .T. ) ;
#3860 = ORIENTED_EDGE ( 'NONE', *, *, #4144, .F. ) ;
#3861 = CARTESIAN_POINT ( 'NONE',  ( 32.20000000000001705, -12.84020202535529442, -3.600000000000000089 ) ) ;
#3862 = EDGE_CURVE ( 'NONE', #1065, #3144, #4195, .T. ) ;
#3863 = ADVANCED_FACE ( 'NONE', ( #468 ), #1625, .F. ) ;
#3864 = DIRECTION ( 'NONE',  ( -1.000000000000000000, 4.050075269749548886E-16, 0.000000000000000000 ) ) ;
#3865 = VERTEX_POINT ( 'NONE', #3490 ) ;
#3866 = ORIENTED_EDGE ( 'NONE', *, *, #4006, .F. ) ;
#3867 = VECTOR ( 'NONE', #3507, 1000.000000000000114 ) ;
#3868 = DIRECTION ( 'NONE',  ( -0.6239842607917904793, -0.7814369087035260009, 0.000000000000000000 ) ) ;
#3869 = DIRECTION ( 'NONE',  ( -1.000000000000000000, 0.000000000000000000, -0.000000000000000000 ) ) ;
#3870 = CARTESIAN_POINT ( 'NONE',  ( 25.84020202535466382, -19.20000000000049312, -13.60000000000000142 ) ) ;
#3871 = EDGE_CURVE ( 'NONE', #1083, #767, #4488, .T. ) ;
#3872 = CARTESIAN_POINT ( 'NONE',  ( 0.000000000000000000, 19.19999999999959783, -48.60000000000000142 ) ) ;
#3873 = AXIS2_PLACEMENT_3D ( 'NONE', #3915, #951, #1028 ) ;
#3874 = VERTEX_POINT ( 'NONE', #1606 ) ;
#3875 = EDGE_LOOP ( 'NONE', ( #4225, #2667, #4173, #3701 ) ) ;
#3876 = EDGE_CURVE ( 'NONE', #4414, #1600, #4537, .T. ) ;
#3877 = CARTESIAN_POINT ( 'NONE',  ( -0.9729618114290624620, -0.7364469820361017049, -48.60000000000000142 ) ) ;
#3878 = DIRECTION ( 'NONE',  ( 1.000000000000000000, 0.000000000000000000, 0.000000000000000000 ) ) ;
#3879 = VERTEX_POINT ( 'NONE', #1222 ) ;
#3880 = CARTESIAN_POINT ( 'NONE',  ( -34.99999999999999289, -13.17157287525463616, 0.000000000000000000 ) ) ;
#3881 = EDGE_CURVE ( 'NONE', #2631, #3644, #1654, .T. ) ;
#3882 = EDGE_CURVE ( 'NONE', #4296, #4411, #3769, .T. ) ;
#3883 = VECTOR ( 'NONE', #3868, 1000.000000000000000 ) ;
#3884 = DIRECTION ( 'NONE',  ( 0.000000000000000000, 0.000000000000000000, 1.000000000000000000 ) ) ;
#3885 = PLANE ( 'NONE',  #3890 ) ;
#3886 = VERTEX_POINT ( 'NONE', #3449 ) ;
#3887 = VECTOR ( 'NONE', #2494, 1000.000000000000000 ) ;
#3888 = LINE ( 'NONE', #4407, #495 ) ;
#3889 = CARTESIAN_POINT ( 'NONE',  ( 4.043537571099061978, 6.336498395826628993, -48.60000000000000142 ) ) ;
#3890 = AXIS2_PLACEMENT_3D ( 'NONE', #4630, #1651, #1265 ) ;
#3891 = VERTEX_POINT ( 'NONE', #852 ) ;
#3892 = ORIENTED_EDGE ( 'NONE', *, *, #172, .T. ) ;
#3893 = VECTOR ( 'NONE', #347, 1000.000000000000114 ) ;
#3894 = CARTESIAN_POINT ( 'NONE',  ( 32.20000000000000995, 0.3673820772719434968, -48.60000000000000142 ) ) ;
#3895 = PLANE ( 'NONE',  #1434 ) ;
#3896 = DIRECTION ( 'NONE',  ( 1.000000000000000000, 0.000000000000000000, 0.000000000000000000 ) ) ;
#3897 = ORIENTED_EDGE ( 'NONE', *, *, #3536, .T. ) ;
#3898 = ORIENTED_EDGE ( 'NONE', *, *, #3862, .F. ) ;
#3899 = ORIENTED_EDGE ( 'NONE', *, *, #3560, .T. ) ;
#3900 = CARTESIAN_POINT ( 'NONE',  ( 25.84020202535629807, 15.14834642796049025, -3.600000000000000089 ) ) ;
#3901 = LINE ( 'NONE', #2006, #1110 ) ;
#3902 = VERTEX_POINT ( 'NONE', #4556 ) ;
#3903 = FACE_OUTER_BOUND ( 'NONE', #4273, .T. ) ;
#3904 = CYLINDRICAL_SURFACE ( 'NONE', #3568, 1.574999999999999956 ) ;
#3905 = VECTOR ( 'NONE', #1041, 1000.000000000000000 ) ;
#3906 = LINE ( 'NONE', #583, #166 ) ;
#3907 = ORIENTED_EDGE ( 'NONE', *, *, #1442, .F. ) ;
#3908 = VECTOR ( 'NONE', #4770, 1000.000000000000000 ) ;
#3909 = CARTESIAN_POINT ( 'NONE',  ( -27.58578643762688642, 21.41421356237222184, 0.000000000000000000 ) ) ;
#3910 = VERTEX_POINT ( 'NONE', #1970 ) ;
#3911 = AXIS2_PLACEMENT_3D ( 'NONE', #4248, #994, #858 ) ;
#3912 = DIRECTION ( 'NONE',  ( 0.7071067811865469066, -0.7071067811865481278, -0.000000000000000000 ) ) ;
#3913 = EDGE_LOOP ( 'NONE', ( #2992, #2088, #1440, #4518, #944, #2905, #2116, #2434 ) ) ;
#3914 = ORIENTED_EDGE ( 'NONE', *, *, #1397, .F. ) ;
#3915 = CARTESIAN_POINT ( 'NONE',  ( -6.577418957547303435, 8.553977797029707730, -3.600000000000000089 ) ) ;
#3916 =( LENGTH_UNIT ( ) NAMED_UNIT ( * ) SI_UNIT ( .MILLI., .METRE. ) );
#3917 = PLANE ( 'NONE',  #814 ) ;
#3918 = ORIENTED_EDGE ( 'NONE', *, *, #3062, .T. ) ;
#3919 = VERTEX_POINT ( 'NONE', #82 ) ;
#3920 = EDGE_LOOP ( 'NONE', ( #3603, #2525, #2418, #812, #3193, #2416, #2797, #4112, #3671, #4322 ) ) ;
#3921 = EDGE_CURVE ( 'NONE', #1055, #3910, #3177, .T. ) ;
#3922 = CARTESIAN_POINT ( 'NONE',  ( 12.68408224115261618, 1.822746446835822542, -3.600000000000000089 ) ) ;
#3923 = CARTESIAN_POINT ( 'NONE',  ( -4.483584262059647330, 19.19999999999959783, -3.600000000000000089 ) ) ;
#3924 = EDGE_CURVE ( 'NONE', #2568, #4668, #4223, .T. ) ;
#3925 = ORIENTED_EDGE ( 'NONE', *, *, #1537, .F. ) ;
#3926 = PLANE ( 'NONE',  #3171 ) ;
#3927 = LINE ( 'NONE', #4305, #322 ) ;
#3928 = VECTOR ( 'NONE', #2678, 1000.000000000000000 ) ;
#3929 = DIRECTION ( 'NONE',  ( 0.000000000000000000, -0.000000000000000000, -1.000000000000000000 ) ) ;
#3930 = VERTEX_POINT ( 'NONE', #3108 ) ;
#3931 = CARTESIAN_POINT ( 'NONE',  ( 0.000000000000000000, 0.000000000000000000, -48.60000000000000142 ) ) ;
#3932 = ORIENTED_EDGE ( 'NONE', *, *, #1475, .T. ) ;
#3933 = CARTESIAN_POINT ( 'NONE',  ( 17.38041025300633180, -13.58152787355024849, -13.60000000000000142 ) ) ;
#3934 = ORIENTED_EDGE ( 'NONE', *, *, #958, .T. ) ;
#3935 = ORIENTED_EDGE ( 'NONE', *, *, #4183, .T. ) ;
#3936 = CARTESIAN_POINT ( 'NONE',  ( 0.000000000000000000, -6.116575947249634382, -3.600000000000000089 ) ) ;
#3937 = CARTESIAN_POINT ( 'NONE',  ( -32.19999999999998153, 9.862970741536507546, -13.60000000000000142 ) ) ;
#3938 = VERTEX_POINT ( 'NONE', #2336 ) ;
#3939 = EDGE_LOOP ( 'NONE', ( #2396, #3940, #4045, #4380 ) ) ;
#3940 = ORIENTED_EDGE ( 'NONE', *, *, #2411, .F. ) ;
#3941 = CARTESIAN_POINT ( 'NONE',  ( 27.72963113701220550, -14.72963113701221083, 4.000000000000000000 ) ) ;
#3942 = AXIS2_PLACEMENT_3D ( 'NONE', #3945, #292, #263 ) ;
#3943 = DIRECTION ( 'NONE',  ( 0.000000000000000000, 0.000000000000000000, 1.000000000000000000 ) ) ;
#3944 = ORIENTED_EDGE ( 'NONE', *, *, #33, .F. ) ;
#3945 = CARTESIAN_POINT ( 'NONE',  ( 7.651676581378433539, -7.326515227767632865, -3.600000000000000089 ) ) ;
#3946 = CARTESIAN_POINT ( 'NONE',  ( 27.58578643762686511, -21.41421356237397688, 4.000000000000000000 ) ) ;
#3947 = AXIS2_PLACEMENT_3D ( 'NONE', #129, #4149, #1561 ) ;
#3948 = EDGE_CURVE ( 'NONE', #4716, #1427, #4584, .T. ) ;
#3949 = DIRECTION ( 'NONE',  ( -0.7814369087035260009, 0.6239842607917904793, 0.000000000000000000 ) ) ;
#3950 = EDGE_LOOP ( 'NONE', ( #4742, #371, #1771, #54 ) ) ;
#3951 = DIRECTION ( 'NONE',  ( -1.000000000000000000, 0.000000000000000000, 0.000000000000000000 ) ) ;
#3952 = VERTEX_POINT ( 'NONE', #516 ) ;
#3953 = EDGE_CURVE ( 'NONE', #2696, #2465, #1509, .T. ) ;
#3954 = LINE ( 'NONE', #1415, #965 ) ;
#3955 = DIRECTION ( 'NONE',  ( -1.000000000000000000, 0.000000000000000000, 0.000000000000000000 ) ) ;
#3956 = ORIENTED_EDGE ( 'NONE', *, *, #983, .T. ) ;
#3957 = EDGE_LOOP ( 'NONE', ( #2818, #4666, #339, #2476, #1619 ) ) ;
#3958 = VECTOR ( 'NONE', #1258, 1000.000000000000114 ) ;
#3959 = DIRECTION ( 'NONE',  ( -0.7071067811865493491, -0.7071067811865456854, 0.000000000000000000 ) ) ;
#3960 = CARTESIAN_POINT ( 'NONE',  ( -22.52010101267802611, 22.52010101267802611, -3.600000000000000089 ) ) ;
#3961 = VERTEX_POINT ( 'NONE', #492 ) ;
#3962 = ORIENTED_EDGE ( 'NONE', *, *, #4576, .F. ) ;
#3963 = ORIENTED_EDGE ( 'NONE', *, *, #3317, .F. ) ;
#3964 = AXIS2_PLACEMENT_3D ( 'NONE', #4083, #4211, #762 ) ;
#3965 = AXIS2_PLACEMENT_3D ( 'NONE', #243, #1799, #4360 ) ;
#3966 = DIRECTION ( 'NONE',  ( -0.000000000000000000, -0.000000000000000000, 1.000000000000000000 ) ) ;
#3967 = CARTESIAN_POINT ( 'NONE',  ( 6.458862161587608952, -8.609442100909745932, -48.60000000000000142 ) ) ;
#3968 = CARTESIAN_POINT ( 'NONE',  ( 32.20000000000001705, -6.116575947249634382, 0.000000000000000000 ) ) ;
#3969 = EDGE_LOOP ( 'NONE', ( #3433, #2249 ) ) ;
#3970 = DIRECTION ( 'NONE',  ( 0.000000000000000000, -1.000000000000000000, 0.000000000000000000 ) ) ;
#3971 = DIRECTION ( 'NONE',  ( -0.000000000000000000, -0.000000000000000000, -1.000000000000000000 ) ) ;
#3972 = EDGE_CURVE ( 'NONE', #854, #4165, #3133, .T. ) ;
#3973 = DIRECTION ( 'NONE',  ( 0.7071067811865489050, 0.000000000000000000, 0.7071067811865461294 ) ) ;
#3974 = LINE ( 'NONE', #4702, #3652 ) ;
#3975 = ORIENTED_EDGE ( 'NONE', *, *, #2150, .F. ) ;
#3976 = AXIS2_PLACEMENT_3D ( 'NONE', #2303, #3781, #1510 ) ;
#3977 = CARTESIAN_POINT ( 'NONE',  ( 0.000000000000000000, 0.000000000000000000, -3.600000000000000089 ) ) ;
#3978 = ORIENTED_EDGE ( 'NONE', *, *, #3417, .F. ) ;
#3979 = VECTOR ( 'NONE', #2881, 1000.000000000000000 ) ;
#3980 = CARTESIAN_POINT ( 'NONE',  ( 19.99919447559526020, -10.46866271396552506, -48.60000000000000142 ) ) ;
#3981 = LINE ( 'NONE', #3284, #480 ) ;
#3982 = ADVANCED_FACE ( 'NONE', ( #149 ), #2744, .T. ) ;
#3983 = ORIENTED_EDGE ( 'NONE', *, *, #3785, .T. ) ;
#3984 = VERTEX_POINT ( 'NONE', #2211 ) ;
#3985 = VECTOR ( 'NONE', #275, 1000.000000000000000 ) ;
#3986 = VECTOR ( 'NONE', #886, 1000.000000000000000 ) ;
#3987 = CYLINDRICAL_SURFACE ( 'NONE', #2010, 4.050000000000001599 ) ;
#3988 = FACE_OUTER_BOUND ( 'NONE', #3167, .T. ) ;
#3989 = AXIS2_PLACEMENT_3D ( 'NONE', #2579, #4057, #2968 ) ;
#3990 = ORIENTED_EDGE ( 'NONE', *, *, #1051, .T. ) ;
#3991 = ORIENTED_EDGE ( 'NONE', *, *, #3220, .T. ) ;
#3992 = EDGE_CURVE ( 'NONE', #3748, #4411, #1015, .T. ) ;
#3993 = DIRECTION ( 'NONE',  ( -1.000000000000000000, 0.000000000000000000, -0.000000000000000000 ) ) ;
#3994 = PLANE ( 'NONE',  #2130 ) ;
#3995 = DIRECTION ( 'NONE',  ( 0.000000000000000000, 0.000000000000000000, -1.000000000000000000 ) ) ;
#3996 = ORIENTED_EDGE ( 'NONE', *, *, #2213, .T. ) ;
#3997 = FACE_OUTER_BOUND ( 'NONE', #4122, .T. ) ;
#3998 = EDGE_CURVE ( 'NONE', #4394, #2064, #1462, .T. ) ;
#3999 = DIRECTION ( 'NONE',  ( 1.000000000000000000, 0.000000000000000000, 0.000000000000000000 ) ) ;
#4000 = LINE ( 'NONE', #681, #242 ) ;
#4001 = EDGE_LOOP ( 'NONE', ( #74, #2163, #726, #3548 ) ) ;
#4002 = FACE_OUTER_BOUND ( 'NONE', #2679, .T. ) ;
#4003 = ORIENTED_EDGE ( 'NONE', *, *, #77, .F. ) ;
#4004 = AXIS2_PLACEMENT_3D ( 'NONE', #1995, #948, #2794 ) ;
#4005 = DIRECTION ( 'NONE',  ( -1.000000000000000000, -0.000000000000000000, -0.000000000000000000 ) ) ;
#4006 = EDGE_CURVE ( 'NONE', #361, #3338, #3888, .T. ) ;
#4007 = FACE_OUTER_BOUND ( 'NONE', #2033, .T. ) ;
#4008 = DIRECTION ( 'NONE',  ( 1.000000000000000000, 0.000000000000000000, 0.000000000000000000 ) ) ;
#4009 = ORIENTED_EDGE ( 'NONE', *, *, #2208, .T. ) ;
#4010 = ADVANCED_FACE ( 'NONE', ( #3686 ), #4051, .T. ) ;
#4011 = ADVANCED_FACE ( 'NONE', ( #3613 ), #3636, .F. ) ;
#4012 = PLANE ( 'NONE',  #697 ) ;
#4013 = PLANE ( 'NONE',  #656 ) ;
#4014 = CARTESIAN_POINT ( 'NONE',  ( 16.99459555075655359, -6.116575947249634382, -3.600000000000000089 ) ) ;
#4015 = ORIENTED_EDGE ( 'NONE', *, *, #1772, .T. ) ;
#4016 = ORIENTED_EDGE ( 'NONE', *, *, #3175, .F. ) ;
#4017 = PRODUCT_DEFINITION ( 'General', '', #3668, #2049 ) ;
#4018 = CARTESIAN_POINT ( 'NONE',  ( -32.19999999999998153, 0.000000000000000000, -3.600000000000000089 ) ) ;
#4019 = FACE_OUTER_BOUND ( 'NONE', #4001, .T. ) ;
#4020 = LINE ( 'NONE', #314, #2068 ) ;
#4021 = ORIENTED_EDGE ( 'NONE', *, *, #1968, .T. ) ;
#4022 = DIRECTION ( 'NONE',  ( 1.000000000000000000, 0.000000000000000000, 0.000000000000000000 ) ) ;
#4023 = CIRCLE ( 'NONE', #1621, 2.000000000000001776 ) ;
#4024 = DIRECTION ( 'NONE',  ( 0.7071067811865456854, 0.7071067811865493491, 0.000000000000000000 ) ) ;
#4025 = PLANE ( 'NONE',  #554 ) ;
#4026 = ORIENTED_EDGE ( 'NONE', *, *, #514, .F. ) ;
#4027 = ADVANCED_FACE ( 'NONE', ( #1092 ), #4383, .F. ) ;
#4028 = AXIS2_PLACEMENT_3D ( 'NONE', #448, #1945, #2768 ) ;
#4029 = DIRECTION ( 'NONE',  ( -0.000000000000000000, -0.000000000000000000, 1.000000000000000000 ) ) ;
#4030 = ORIENTED_EDGE ( 'NONE', *, *, #131, .F. ) ;
#4031 = EDGE_CURVE ( 'NONE', #3807, #3910, #2042, .T. ) ;
#4032 = CARTESIAN_POINT ( 'NONE',  ( -0.5794042551126808993, 10.84376210602755464, -3.600000000000000089 ) ) ;
#4033 = DIRECTION ( 'NONE',  ( -0.000000000000000000, -0.000000000000000000, 1.000000000000000000 ) ) ;
#4034 = CARTESIAN_POINT ( 'NONE',  ( 9.097612636626204008, 6.336498395826626329, -48.60000000000000142 ) ) ;
#4035 = ORIENTED_EDGE ( 'NONE', *, *, #70, .F. ) ;
#4036 = DIRECTION ( 'NONE',  ( -1.000000000000000000, 0.000000000000000000, 0.000000000000000000 ) ) ;
#4037 = DIRECTION ( 'NONE',  ( 0.000000000000000000, 0.000000000000000000, -1.000000000000000000 ) ) ;
#4038 = VECTOR ( 'NONE', #1574, 1000.000000000000000 ) ;
#4039 = ORIENTED_EDGE ( 'NONE', *, *, #2830, .T. ) ;
#4040 = ORIENTED_EDGE ( 'NONE', *, *, #2496, .T. ) ;
#4041 = EDGE_CURVE ( 'NONE', #2307, #3842, #3277, .T. ) ;
#4042 = CARTESIAN_POINT ( 'NONE',  ( 27.72963113701220550, -14.72963113701221083, 2.000000000000012879 ) ) ;
#4043 = CARTESIAN_POINT ( 'NONE',  ( -17.35942943802035998, -7.848678203360262451, -48.60000000000000142 ) ) ;
#4044 = DIRECTION ( 'NONE',  ( -1.000000000000000000, 0.000000000000000000, 0.000000000000000000 ) ) ;
#4045 = ORIENTED_EDGE ( 'NONE', *, *, #1597, .F. ) ;
#4046 = DIRECTION ( 'NONE',  ( -1.000000000000000000, 0.000000000000000000, -0.000000000000000000 ) ) ;
#4047 = EDGE_CURVE ( 'NONE', #3842, #674, #4356, .T. ) ;
#4048 = VECTOR ( 'NONE', #4634, 1000.000000000000000 ) ;
#4049 = VECTOR ( 'NONE', #1604, 1000.000000000000000 ) ;
#4050 = VECTOR ( 'NONE', #4696, 1000.000000000000000 ) ;
#4051 = PLANE ( 'NONE',  #4674 ) ;
#4052 = DIRECTION ( 'NONE',  ( 0.000000000000000000, 1.000000000000000000, 0.000000000000000000 ) ) ;
#4053 = EDGE_LOOP ( 'NONE', ( #4614, #4220, #2850, #3991 ) ) ;
#4054 = FACE_OUTER_BOUND ( 'NONE', #277, .T. ) ;
#4055 = EDGE_LOOP ( 'NONE', ( #1549, #2761, #527, #3825 ) ) ;
#4056 = MECHANICAL_DESIGN_GEOMETRIC_PRESENTATION_REPRESENTATION (  '', ( #3758 ), #2894 ) ;
#4057 = DIRECTION ( 'NONE',  ( -1.282161393202192759E-16, -1.000000000000000000, 0.000000000000000000 ) ) ;
#4058 = CARTESIAN_POINT ( 'NONE',  ( 0.000000000000000000, 6.336498395826628993, -3.600000000000000089 ) ) ;
#4059 = CARTESIAN_POINT ( 'NONE',  ( -21.80998427227450165, 1.994901900637146674, -13.60000000000000142 ) ) ;
#4060 = VECTOR ( 'NONE', #4514, 1000.000000000000000 ) ;
#4061 = ORIENTED_EDGE ( 'NONE', *, *, #3356, .F. ) ;
#4062 = CARTESIAN_POINT ( 'NONE',  ( 19.69732799511277577, 8.583921237619168920, -3.600000000000000089 ) ) ;
#4063 = AXIS2_PLACEMENT_3D ( 'NONE', #409, #2660, #3776 ) ;
#4064 = LINE ( 'NONE', #4373, #1605 ) ;
#4065 = VERTEX_POINT ( 'NONE', #703 ) ;
#4066 = ORIENTED_EDGE ( 'NONE', *, *, #1226, .F. ) ;
#4067 = CIRCLE ( 'NONE', #1902, 2.000000000000001776 ) ;
#4068 = CYLINDRICAL_SURFACE ( 'NONE', #1112, 10.81927942710965951 ) ;
#4069 = DIRECTION ( 'NONE',  ( 0.000000000000000000, 0.000000000000000000, 1.000000000000000000 ) ) ;
#4070 = DIRECTION ( 'NONE',  ( 0.000000000000000000, 0.000000000000000000, -1.000000000000000000 ) ) ;
#4071 = VERTEX_POINT ( 'NONE', #3518 ) ;
#4072 = LINE ( 'NONE', #1766, #1934 ) ;
#4073 = VECTOR ( 'NONE', #1850, 1000.000000000000000 ) ;
#4074 = ADVANCED_FACE ( 'NONE', ( #655 ), #2186, .T. ) ;
#4075 = EDGE_CURVE ( 'NONE', #552, #3231, #1677, .T. ) ;
#4076 = ADVANCED_FACE ( 'NONE', ( #3302 ), #1823, .F. ) ;
#4077 = CARTESIAN_POINT ( 'NONE',  ( 0.000000000000000000, -19.20000000000083773, -48.60000000000000142 ) ) ;
#4078 = ORIENTED_EDGE ( 'NONE', *, *, #4737, .T. ) ;
#4079 = CYLINDRICAL_SURFACE ( 'NONE', #1502, 10.84997384688810129 ) ;
#4080 = VERTEX_POINT ( 'NONE', #2886 ) ;
#4081 = ADVANCED_FACE ( 'NONE', ( #4775 ), #1963, .F. ) ;
#4082 = DIRECTION ( 'NONE',  ( 0.000000000000000000, 0.000000000000000000, -1.000000000000000000 ) ) ;
#4083 = CARTESIAN_POINT ( 'NONE',  ( -35.00000000000000711, 13.99999999999912781, 4.000000000000000000 ) ) ;
#4084 = DIRECTION ( 'NONE',  ( -0.9966798383318848931, -0.08142051254277367367, 0.000000000000000000 ) ) ;
#4085 = VERTEX_POINT ( 'NONE', #3159 ) ;
#4086 = CARTESIAN_POINT ( 'NONE',  ( -34.99999999999999289, -13.17157287525463616, 4.000000000000000000 ) ) ;
#4087 = AXIS2_PLACEMENT_3D ( 'NONE', #4398, #1223, #1858 ) ;
#4088 =( NAMED_UNIT ( * ) PLANE_ANGLE_UNIT ( ) SI_UNIT ( $, .RADIAN. ) );
#4089 = CARTESIAN_POINT ( 'NONE',  ( -32.19999999999998153, -5.044340367893418886, -13.60000000000000142 ) ) ;
#4090 = VERTEX_POINT ( 'NONE', #4725 ) ;
#4091 = EDGE_CURVE ( 'NONE', #1600, #4165, #4633, .T. ) ;
#4092 = ORIENTED_EDGE ( 'NONE', *, *, #1761, .T. ) ;
#4093 = DIRECTION ( 'NONE',  ( 0.000000000000000000, -0.000000000000000000, -1.000000000000000000 ) ) ;
#4094 = CYLINDRICAL_SURFACE ( 'NONE', #3440, 10.82663658333988188 ) ;
#4095 = CARTESIAN_POINT ( 'NONE',  ( -0.5794042551126808993, 10.84376210602755464, 0.000000000000000000 ) ) ;
#4096 = ORIENTED_EDGE ( 'NONE', *, *, #998, .F. ) ;
#4097 = FACE_OUTER_BOUND ( 'NONE', #3849, .T. ) ;
#4098 = LINE ( 'NONE', #3373, #2280 ) ;
#4099 = DIRECTION ( 'NONE',  ( 1.000000000000000000, 0.000000000000000000, 0.000000000000000000 ) ) ;
#4100 = ORIENTED_EDGE ( 'NONE', *, *, #70, .T. ) ;
#4101 = DIRECTION ( 'NONE',  ( 1.000000000000000000, 0.000000000000000000, 0.000000000000000000 ) ) ;
#4102 = ORIENTED_EDGE ( 'NONE', *, *, #419, .F. ) ;
#4103 = EDGE_CURVE ( 'NONE', #4613, #1615, #293, .T. ) ;
#4104 = ADVANCED_FACE ( 'NONE', ( #680 ), #2161, .F. ) ;
#4105 = DIRECTION ( 'NONE',  ( -0.000000000000000000, -0.000000000000000000, 1.000000000000000000 ) ) ;
#4106 = VECTOR ( 'NONE', #1394, 1000.000000000000114 ) ;
#4107 = DIRECTION ( 'NONE',  ( 0.000000000000000000, -0.000000000000000000, -1.000000000000000000 ) ) ;
#4108 = CARTESIAN_POINT ( 'NONE',  ( 0.000000000000000000, -10.46866271396552506, -3.600000000000000089 ) ) ;
#4109 = EDGE_CURVE ( 'NONE', #3842, #3305, #4098, .T. ) ;
#4110 = LINE ( 'NONE', #60, #1240 ) ;
#4111 = DIRECTION ( 'NONE',  ( 1.000000000000000000, 0.000000000000000000, 0.000000000000000000 ) ) ;
#4112 = ORIENTED_EDGE ( 'NONE', *, *, #899, .F. ) ;
#4113 = ORIENTED_EDGE ( 'NONE', *, *, #4432, .F. ) ;
#4114 = CARTESIAN_POINT ( 'NONE',  ( 34.41421356237309226, -14.58578643762776039, 0.000000000000000000 ) ) ;
#4115 = CYLINDRICAL_SURFACE ( 'NONE', #2282, 1.574999999999999956 ) ;
#4116 = DIRECTION ( 'NONE',  ( 0.9111945745186356138, 0.4119762703940637039, -0.000000000000000000 ) ) ;
#4117 = ORIENTED_EDGE ( 'NONE', *, *, #3212, .T. ) ;
#4118 = CARTESIAN_POINT ( 'NONE',  ( -23.77294013446123344, 6.336498395826628105, 0.000000000000000000 ) ) ;
#4119 = VECTOR ( 'NONE', #3395, 1000.000000000000000 ) ;
#4120 = CARTESIAN_POINT ( 'NONE',  ( -3.449999999999787459, -17.37500000000055067, 0.000000000000000000 ) ) ;
#4121 = CARTESIAN_POINT ( 'NONE',  ( -19.59547977247137140, -8.595318925305528879, -3.600000000000000089 ) ) ;
#4122 = EDGE_LOOP ( 'NONE', ( #1494, #3482, #4374, #1400 ) ) ;
#4123 = CARTESIAN_POINT ( 'NONE',  ( 0.000000000000000000, 19.19999999999959783, -3.600000000000000089 ) ) ;
#4124 = VERTEX_POINT ( 'NONE', #2257 ) ;
#4125 = CIRCLE ( 'NONE', #715, 10.81927942710966128 ) ;
#4126 = VECTOR ( 'NONE', #3593, 1000.000000000000000 ) ;
#4127 = FACE_OUTER_BOUND ( 'NONE', #1003, .T. ) ;
#4128 = LINE ( 'NONE', #2266, #2270 ) ;
#4129 = ADVANCED_FACE ( 'NONE', ( #2324 ), #1169, .T. ) ;
#4130 = DIRECTION ( 'NONE',  ( -0.000000000000000000, -0.000000000000000000, 1.000000000000000000 ) ) ;
#4131 = ADVANCED_FACE ( 'NONE', ( #4141 ), #391, .T. ) ;
#4132 = FACE_OUTER_BOUND ( 'NONE', #1630, .T. ) ;
#4133 = ORIENTED_EDGE ( 'NONE', *, *, #1288, .F. ) ;
#4134 = MECHANICAL_DESIGN_GEOMETRIC_PRESENTATION_REPRESENTATION (  '', ( #2819 ), #2201 ) ;
#4135 = ORIENTED_EDGE ( 'NONE', *, *, #1986, .T. ) ;
#4136 = DIRECTION ( 'NONE',  ( 1.000000000000000000, 0.000000000000000000, 0.000000000000000000 ) ) ;
#4137 = CARTESIAN_POINT ( 'NONE',  ( 32.20000000000001705, 1.178641138429176335E-14, -13.60000000000000142 ) ) ;
#4138 = DIRECTION ( 'NONE',  ( 0.000000000000000000, 1.000000000000000000, 0.000000000000000000 ) ) ;
#4139 = ORIENTED_EDGE ( 'NONE', *, *, #4396, .F. ) ;
#4140 = CARTESIAN_POINT ( 'NONE',  ( 12.95027683787626316, 15.14834642796049025, -3.600000000000000089 ) ) ;
#4141 = FACE_OUTER_BOUND ( 'NONE', #1515, .T. ) ;
#4142 = DIRECTION ( 'NONE',  ( -1.000000000000000000, 0.000000000000000000, 0.000000000000000000 ) ) ;
#4143 = VERTEX_POINT ( 'NONE', #3029 ) ;
#4144 = EDGE_CURVE ( 'NONE', #1966, #4791, #1894, .T. ) ;
#4145 = ORIENTED_EDGE ( 'NONE', *, *, #2515, .T. ) ;
#4146 = CYLINDRICAL_SURFACE ( 'NONE', #4218, 1.574999999999999956 ) ;
#4147 = CARTESIAN_POINT ( 'NONE',  ( -6.577418957547303435, 8.553977797029707730, -48.60000000000000142 ) ) ;
#4148 = AXIS2_PLACEMENT_3D ( 'NONE', #1506, #4070, #1038 ) ;
#4149 = DIRECTION ( 'NONE',  ( -1.000000000000000000, 0.000000000000000000, -0.000000000000000000 ) ) ;
#4150 = DIRECTION ( 'NONE',  ( -0.000000000000000000, -0.000000000000000000, 1.000000000000000000 ) ) ;
#4151 = ORIENTED_EDGE ( 'NONE', *, *, #2731, .T. ) ;
#4152 = VECTOR ( 'NONE', #3553, 1000.000000000000000 ) ;
#4153 = ORIENTED_EDGE ( 'NONE', *, *, #891, .T. ) ;
#4154 = EDGE_CURVE ( 'NONE', #991, #1777, #1123, .T. ) ;
#4155 = VECTOR ( 'NONE', #1058, 1000.000000000000114 ) ;
#4156 = DIRECTION ( 'NONE',  ( 1.000000000000000000, 0.000000000000000000, 0.000000000000000000 ) ) ;
#4157 = LINE ( 'NONE', #835, #4454 ) ;
#4158 = DIRECTION ( 'NONE',  ( -1.000000000000000000, 0.000000000000000000, 0.000000000000000000 ) ) ;
#4159 = DIRECTION ( 'NONE',  ( 0.6334218167758295381, 0.7738066955205333830, 0.000000000000000000 ) ) ;
#4160 = ORIENTED_EDGE ( 'NONE', *, *, #3809, .F. ) ;
#4161 = CARTESIAN_POINT ( 'NONE',  ( 0.000000000000000000, 6.336498395826628993, -48.60000000000000142 ) ) ;
#4162 = DIRECTION ( 'NONE',  ( 0.7071067811865475727, 0.7071067811865475727, 0.000000000000000000 ) ) ;
#4163 = DIRECTION ( 'NONE',  ( -0.7071067811865479058, 0.7071067811865472397, 0.000000000000000000 ) ) ;
#4164 = VERTEX_POINT ( 'NONE', #4120 ) ;
#4165 = VERTEX_POINT ( 'NONE', #1215 ) ;
#4166 = EDGE_CURVE ( 'NONE', #3452, #1765, #799, .T. ) ;
#4167 = DIRECTION ( 'NONE',  ( -1.000000000000000000, 0.000000000000000000, -0.000000000000000000 ) ) ;
#4168 = CARTESIAN_POINT ( 'NONE',  ( 17.38041025300633180, -13.58152787355024849, -48.60000000000000142 ) ) ;
#4169 = CARTESIAN_POINT ( 'NONE',  ( 0.000000000000000000, 6.336498395826628993, 0.000000000000000000 ) ) ;
#4170 = CIRCLE ( 'NONE', #2090, 4.049999999999998046 ) ;
#4171 = EDGE_CURVE ( 'NONE', #2783, #63, #1145, .T. ) ;
#4172 = LINE ( 'NONE', #1182, #3234 ) ;
#4173 = ORIENTED_EDGE ( 'NONE', *, *, #10, .F. ) ;
#4174 = AXIS2_PLACEMENT_3D ( 'NONE', #2507, #1056, #1779 ) ;
#4175 = VERTEX_POINT ( 'NONE', #478 ) ;
#4176 = DIRECTION ( 'NONE',  ( -0.7071067811865474617, -0.7071067811865474617, 0.000000000000000000 ) ) ;
#4177 = MANIFOLD_SOLID_BREP ( 'Cut-Extrude1', #2577 ) ;
#4178 = LINE ( 'NONE', #2344, #4369 ) ;
#4179 = DIRECTION ( 'NONE',  ( 1.000000000000000000, 0.000000000000000000, 0.000000000000000000 ) ) ;
#4180 = CARTESIAN_POINT ( 'NONE',  ( 9.100253193063949197, 10.84376210602755286, -48.60000000000000142 ) ) ;
#4181 = ORIENTED_EDGE ( 'NONE', *, *, #86, .F. ) ;
#4182 = LINE ( 'NONE', #3050, #2796 ) ;
#4183 = EDGE_CURVE ( 'NONE', #597, #3807, #3827, .T. ) ;
#4184 = CARTESIAN_POINT ( 'NONE',  ( -24.49999999999950262, 24.49999999999959144, 4.000000000000000000 ) ) ;
#4185 = DIRECTION ( 'NONE',  ( 1.000000000000000000, 0.000000000000000000, 0.000000000000000000 ) ) ;
#4186 = ORIENTED_EDGE ( 'NONE', *, *, #4569, .T. ) ;
#4187 = LINE ( 'NONE', #3855, #2966 ) ;
#4188 = EDGE_CURVE ( 'NONE', #1419, #3396, #3125, .T. ) ;
#4189 = VECTOR ( 'NONE', #4052, 1000.000000000000000 ) ;
#4190 = CARTESIAN_POINT ( 'NONE',  ( 9.075000000000027711, 17.37499999999965183, 4.000000000000000000 ) ) ;
#4191 = LINE ( 'NONE', #218, #4049 ) ;
#4192 = AXIS2_PLACEMENT_3D ( 'NONE', #2473, #4760, #711 ) ;
#4193 = VECTOR ( 'NONE', #4608, 1000.000000000000000 ) ;
#4194 = EDGE_CURVE ( 'NONE', #3778, #3748, #1936, .T. ) ;
#4195 = LINE ( 'NONE', #3063, #1778 ) ;
#4196 = VECTOR ( 'NONE', #2497, 1000.000000000000000 ) ;
#4197 = DIRECTION ( 'NONE',  ( -0.000000000000000000, 0.000000000000000000, 1.000000000000000000 ) ) ;
#4198 = VERTEX_POINT ( 'NONE', #2617 ) ;
#4199 = VERTEX_POINT ( 'NONE', #3877 ) ;
#4200 = DIRECTION ( 'NONE',  ( 0.000000000000000000, 0.000000000000000000, 1.000000000000000000 ) ) ;
#4201 = CARTESIAN_POINT ( 'NONE',  ( 27.58578643762688642, 21.41421356237222184, 0.000000000000000000 ) ) ;
#4202 = DIRECTION ( 'NONE',  ( 0.000000000000000000, 0.000000000000000000, -1.000000000000000000 ) ) ;
#4203 = AXIS2_PLACEMENT_3D ( 'NONE', #1317, #197, #1409 ) ;
#4204 = LINE ( 'NONE', #3499, #3597 ) ;
#4205 = ORIENTED_EDGE ( 'NONE', *, *, #3657, .T. ) ;
#4206 = DIRECTION ( 'NONE',  ( -0.000000000000000000, -0.000000000000000000, 1.000000000000000000 ) ) ;
#4207 = AXIS2_PLACEMENT_3D ( 'NONE', #343, #2961, #2523 ) ;
#4208 = LINE ( 'NONE', #577, #2041 ) ;
#4209 = DIRECTION ( 'NONE',  ( -0.7071067811865481278, -0.7071067811865469066, -0.000000000000000000 ) ) ;
#4210 = ORIENTED_EDGE ( 'NONE', *, *, #633, .F. ) ;
#4211 = DIRECTION ( 'NONE',  ( 0.7071067811865462405, -0.7071067811865489050, 0.000000000000000000 ) ) ;
#4212 = AXIS2_PLACEMENT_3D ( 'NONE', #2001, #1634, #3142 ) ;
#4213 = EDGE_CURVE ( 'NONE', #3149, #4419, #4208, .T. ) ;
#4214 = AXIS2_PLACEMENT_3D ( 'NONE', #433, #837, #819 ) ;
#4215 = EDGE_CURVE ( 'NONE', #1448, #790, #2780, .T. ) ;
#4216 = EDGE_CURVE ( 'NONE', #4716, #3793, #1688, .T. ) ;
#4217 = DIRECTION ( 'NONE',  ( 0.4119762703940636484, -0.9111945745186355028, 0.000000000000000000 ) ) ;
#4218 = AXIS2_PLACEMENT_3D ( 'NONE', #2740, #3466, #3485 ) ;
#4219 = FACE_OUTER_BOUND ( 'NONE', #2917, .T. ) ;
#4220 = ORIENTED_EDGE ( 'NONE', *, *, #929, .F. ) ;
#4221 = EDGE_CURVE ( 'NONE', #2469, #1554, #210, .T. ) ;
#4222 = VECTOR ( 'NONE', #1264, 1000.000000000000000 ) ;
#4223 = LINE ( 'NONE', #1924, #4060 ) ;
#4224 = CARTESIAN_POINT ( 'NONE',  ( 26.17157287525379061, 19.99999999999912959, 4.000000000000000000 ) ) ;
#4225 = ORIENTED_EDGE ( 'NONE', *, *, #1267, .F. ) ;
#4226 = VERTEX_POINT ( 'NONE', #1284 ) ;
#4227 = DIRECTION ( 'NONE',  ( 1.000000000000000000, -5.410012575061577353E-16, 0.000000000000000000 ) ) ;
#4228 = LINE ( 'NONE', #1750, #659 ) ;
#4229 = CARTESIAN_POINT ( 'NONE',  ( -7.499999999999982236, -17.37500000000055067, -3.600000000000000089 ) ) ;
#4230 = CARTESIAN_POINT ( 'NONE',  ( -33.00000000000000711, 13.17157287525294329, 0.000000000000000000 ) ) ;
#4231 = ORIENTED_EDGE ( 'NONE', *, *, #634, .F. ) ;
#4232 = ORIENTED_EDGE ( 'NONE', *, *, #3356, .T. ) ;
#4233 = EDGE_CURVE ( 'NONE', #4753, #2338, #4572, .T. ) ;
#4234 = DIRECTION ( 'NONE',  ( 1.000000000000000000, 0.000000000000000000, 0.000000000000000000 ) ) ;
#4235 = CARTESIAN_POINT ( 'NONE',  ( -25.84020202535794652, -19.20000000000084128, -3.600000000000000089 ) ) ;
#4236 = ORIENTED_EDGE ( 'NONE', *, *, #128, .T. ) ;
#4237 = FACE_BOUND ( 'NONE', #3820, .T. ) ;
#4238 = LINE ( 'NONE', #657, #2526 ) ;
#4239 = CARTESIAN_POINT ( 'NONE',  ( 34.41421356237309226, 14.58578643762600535, 4.000000000000000000 ) ) ;
#4240 = ORIENTED_EDGE ( 'NONE', *, *, #1711, .F. ) ;
#4241 = EDGE_CURVE ( 'NONE', #1637, #2264, #233, .T. ) ;
#4242 = LINE ( 'NONE', #3839, #1168 ) ;
#4243 = LINE ( 'NONE', #2820, #2233 ) ;
#4244 = ORIENTED_EDGE ( 'NONE', *, *, #2150, .T. ) ;
#4245 = ORIENTED_EDGE ( 'NONE', *, *, #891, .F. ) ;
#4246 = CIRCLE ( 'NONE', #2250, 1.574999999999999956 ) ;
#4247 = CARTESIAN_POINT ( 'NONE',  ( 0.000000000000000000, -10.46866271396552506, -13.60000000000000142 ) ) ;
#4248 = CARTESIAN_POINT ( 'NONE',  ( -6.577418957547303435, 8.553977797029707730, -13.60000000000000142 ) ) ;
#4249 = DIRECTION ( 'NONE',  ( -0.000000000000000000, -0.000000000000000000, 1.000000000000000000 ) ) ;
#4250 = CARTESIAN_POINT ( 'NONE',  ( -27.04741326041585125, -1.701415459276992115, -3.600000000000000089 ) ) ;
#4251 = AXIS2_PLACEMENT_3D ( 'NONE', #974, #2477, #3545 ) ;
#4252 = ORIENTED_EDGE ( 'NONE', *, *, #4103, .T. ) ;
#4253 = ORIENTED_EDGE ( 'NONE', *, *, #574, .T. ) ;
#4254 = ORIENTED_EDGE ( 'NONE', *, *, #1759, .F. ) ;
#4255 = DIRECTION ( 'NONE',  ( 0.000000000000000000, 1.000000000000000000, 0.000000000000000000 ) ) ;
#4256 = LINE ( 'NONE', #3148, #3815 ) ;
#4257 = ORIENTED_EDGE ( 'NONE', *, *, #2855, .F. ) ;
#4258 = FACE_BOUND ( 'NONE', #1980, .T. ) ;
#4259 = CARTESIAN_POINT ( 'NONE',  ( 26.17157287525376219, -22.00000000000087041, 4.000000000000000000 ) ) ;
#4260 = AXIS2_PLACEMENT_3D ( 'NONE', #2084, #3556, #238 ) ;
#4261 = DIRECTION ( 'NONE',  ( 0.000000000000000000, 0.000000000000000000, -1.000000000000000000 ) ) ;
#4262 = ORIENTED_EDGE ( 'NONE', *, *, #3035, .F. ) ;
#4263 = DIRECTION ( 'NONE',  ( -1.000000000000000000, 0.000000000000000000, 0.000000000000000000 ) ) ;
#4264 = VERTEX_POINT ( 'NONE', #893 ) ;
#4265 = DIRECTION ( 'NONE',  ( 0.000000000000000000, 0.000000000000000000, 1.000000000000000000 ) ) ;
#4266 = AXIS2_PLACEMENT_3D ( 'NONE', #712, #667, #4708 ) ;
#4267 = VERTEX_POINT ( 'NONE', #4645 ) ;
#4268 = ORIENTED_EDGE ( 'NONE', *, *, #2792, .T. ) ;
#4269 = CIRCLE ( 'NONE', #2194, 1.574999999999999956 ) ;
#4270 = DIRECTION ( 'NONE',  ( -0.09821054777309637385, 0.9951656587252739605, 0.000000000000000000 ) ) ;
#4271 = FACE_OUTER_BOUND ( 'NONE', #4467, .T. ) ;
#4272 = CARTESIAN_POINT ( 'NONE',  ( 34.99999999999999289, 21.99999999999912959, 4.000000000000000000 ) ) ;
#4273 = EDGE_LOOP ( 'NONE', ( #440, #898, #2407, #369, #735, #619, #3043, #1071, #571, #3632, #4450, #913, #693, #170, #3169, #177 ) ) ;
#4274 = ORIENTED_EDGE ( 'NONE', *, *, #128, .F. ) ;
#4275 = ORIENTED_EDGE ( 'NONE', *, *, #2410, .T. ) ;
#4276 = CARTESIAN_POINT ( 'NONE',  ( 0.000000000000000000, 10.84376210602755464, -48.60000000000000142 ) ) ;
#4277 = CARTESIAN_POINT ( 'NONE',  ( 9.880838398659534505, 15.03514791579410392, -48.60000000000000142 ) ) ;
#4278 = EDGE_LOOP ( 'NONE', ( #1325, #3934, #1709, #598 ) ) ;
#4279 = CARTESIAN_POINT ( 'NONE',  ( 0.000000000000000000, 0.000000000000000000, 0.000000000000000000 ) ) ;
#4280 = EDGE_CURVE ( 'NONE', #4533, #3984, #1328, .T. ) ;
#4281 = FACE_OUTER_BOUND ( 'NONE', #2082, .T. ) ;
#4282 = VECTOR ( 'NONE', #4611, 1000.000000000000000 ) ;
#4283 = VECTOR ( 'NONE', #2393, 1000.000000000000000 ) ;
#4284 = DIRECTION ( 'NONE',  ( -0.4119762703940638149, 0.9111945745186355028, 0.000000000000000000 ) ) ;
#4285 = ORIENTED_EDGE ( 'NONE', *, *, #429, .T. ) ;
#4286 = EDGE_CURVE ( 'NONE', #1769, #4065, #911, .T. ) ;
#4287 = CARTESIAN_POINT ( 'NONE',  ( -29.00068483284755416, 6.336498395826629881, -48.60000000000000142 ) ) ;
#4288 = VERTEX_POINT ( 'NONE', #935 ) ;
#4289 = CIRCLE ( 'NONE', #4682, 10.84997384688810307 ) ;
#4290 = CARTESIAN_POINT ( 'NONE',  ( -32.19999999999998153, 9.862970741536507546, -3.600000000000000089 ) ) ;
#4291 = ORIENTED_EDGE ( 'NONE', *, *, #3673, .T. ) ;
#4292 = VERTEX_POINT ( 'NONE', #529 ) ;
#4293 = DIRECTION ( 'NONE',  ( -2.334386739965797702E-16, -1.000000000000000000, 0.000000000000000000 ) ) ;
#4294 =( NAMED_UNIT ( * ) PLANE_ANGLE_UNIT ( ) SI_UNIT ( $, .RADIAN. ) );
#4295 = LINE ( 'NONE', #2755, #2985 ) ;
#4296 = VERTEX_POINT ( 'NONE', #2806 ) ;
#4297 = ORIENTED_EDGE ( 'NONE', *, *, #3665, .T. ) ;
#4298 = ADVANCED_FACE ( 'NONE', ( #2377 ), #1306, .T. ) ;
#4299 = EDGE_CURVE ( 'NONE', #4409, #3310, #2709, .T. ) ;
#4300 = ORIENTED_EDGE ( 'NONE', *, *, #88, .T. ) ;
#4301 = LINE ( 'NONE', #1456, #3832 ) ;
#4302 = LINE ( 'NONE', #163, #4433 ) ;
#4303 = ORIENTED_EDGE ( 'NONE', *, *, #865, .F. ) ;
#4304 = PLANE ( 'NONE',  #3715 ) ;
#4305 = CARTESIAN_POINT ( 'NONE',  ( 0.000000000000000000, -1.259899410479727866, -3.600000000000000089 ) ) ;
#4306 = EDGE_CURVE ( 'NONE', #456, #4654, #507, .T. ) ;
#4307 = EDGE_CURVE ( 'NONE', #962, #2533, #1642, .T. ) ;
#4308 = VECTOR ( 'NONE', #108, 1000.000000000000000 ) ;
#4309 = DIRECTION ( 'NONE',  ( 1.000000000000000000, -0.000000000000000000, 0.000000000000000000 ) ) ;
#4310 = EDGE_LOOP ( 'NONE', ( #2272, #3944, #820, #1918, #2430, #4375, #476, #3118 ) ) ;
#4311 = DIRECTION ( 'NONE',  ( 0.000000000000000000, -1.000000000000000000, 0.000000000000000000 ) ) ;
#4312 = EDGE_LOOP ( 'NONE', ( #747, #845, #1806, #902, #2238, #2685, #1499, #778 ) ) ;
#4313 = DIRECTION ( 'NONE',  ( 0.000000000000000000, 0.000000000000000000, -1.000000000000000000 ) ) ;
#4314 = ORIENTED_EDGE ( 'NONE', *, *, #4286, .T. ) ;
#4315 = EDGE_LOOP ( 'NONE', ( #152, #1940, #1183, #1031 ) ) ;
#4316 = LINE ( 'NONE', #3571, #4106 ) ;
#4317 = EDGE_CURVE ( 'NONE', #1637, #4777, #3120, .T. ) ;
#4318 = DIRECTION ( 'NONE',  ( -1.000000000000000000, 0.000000000000000000, -0.000000000000000000 ) ) ;
#4319 = FACE_OUTER_BOUND ( 'NONE', #3010, .T. ) ;
#4320 = ORIENTED_EDGE ( 'NONE', *, *, #2948, .F. ) ;
#4321 = ORIENTED_EDGE ( 'NONE', *, *, #838, .F. ) ;
#4322 = ORIENTED_EDGE ( 'NONE', *, *, #3520, .F. ) ;
#4323 = DIRECTION ( 'NONE',  ( -1.000000000000000000, 0.000000000000000000, 0.000000000000000000 ) ) ;
#4324 = CARTESIAN_POINT ( 'NONE',  ( 9.097612636626204008, 6.336498395826628993, -3.600000000000000089 ) ) ;
#4325 = VECTOR ( 'NONE', #1843, 1000.000000000000000 ) ;
#4326 = DIRECTION ( 'NONE',  ( -0.000000000000000000, -0.000000000000000000, 1.000000000000000000 ) ) ;
#4327 = ORIENTED_EDGE ( 'NONE', *, *, #1791, .T. ) ;
#4328 = DIRECTION ( 'NONE',  ( 1.000000000000000000, -0.000000000000000000, 0.000000000000000000 ) ) ;
#4329 = ADVANCED_FACE ( 'NONE', ( #2759 ), #960, .T. ) ;
#4330 = DIRECTION ( 'NONE',  ( -1.000000000000000000, 0.000000000000000000, 0.000000000000000000 ) ) ;
#4331 = CARTESIAN_POINT ( 'NONE',  ( -0.000000000000000000, -1.259899410479727866, 0.000000000000000000 ) ) ;
#4332 = CARTESIAN_POINT ( 'NONE',  ( -7.499999999999982236, -17.37500000000055067, 2.000000000000012879 ) ) ;
#4333 = ORIENTED_EDGE ( 'NONE', *, *, #2279, .F. ) ;
#4334 = DIRECTION ( 'NONE',  ( 0.000000000000000000, 0.000000000000000000, -1.000000000000000000 ) ) ;
#4335 = EDGE_LOOP ( 'NONE', ( #2417, #1856, #3287, #2816, #2587, #4504, #3337, #2621 ) ) ;
#4336 = VECTOR ( 'NONE', #904, 1000.000000000000000 ) ;
#4337 = PLANE ( 'NONE',  #3596 ) ;
#4338 = CARTESIAN_POINT ( 'NONE',  ( -7.499999999999982236, -17.37500000000055067, 4.000000000000000000 ) ) ;
#4339 = CARTESIAN_POINT ( 'NONE',  ( -17.19837548619366885, 6.336498395826628993, -48.60000000000000142 ) ) ;
#4340 = EDGE_LOOP ( 'NONE', ( #401, #1380, #1525, #1305 ) ) ;
#4341 = AXIS2_PLACEMENT_3D ( 'NONE', #1016, #3949, #216 ) ;
#4342 = LINE ( 'NONE', #2174, #1086 ) ;
#4343 = SURFACE_SIDE_STYLE ('',( #2874 ) ) ;
#4344 = LINE ( 'NONE', #1781, #3312 ) ;
#4345 = ORIENTED_EDGE ( 'NONE', *, *, #2446, .T. ) ;
#4346 = EDGE_CURVE ( 'NONE', #2791, #4414, #2397, .T. ) ;
#4347 = VERTEX_POINT ( 'NONE', #3900 ) ;
#4348 = CIRCLE ( 'NONE', #796, 2.000000000000001776 ) ;
#4349 = VECTOR ( 'NONE', #4653, 1000.000000000000000 ) ;
#4350 = CARTESIAN_POINT ( 'NONE',  ( 0.000000000000000000, -5.738133619709119060, -3.600000000000000089 ) ) ;
#4351 = DIRECTION ( 'NONE',  ( 1.000000000000000000, 0.000000000000000000, 0.000000000000000000 ) ) ;
#4352 = DIRECTION ( 'NONE',  ( 1.000000000000000000, 0.000000000000000000, 0.000000000000000000 ) ) ;
#4353 = ORIENTED_EDGE ( 'NONE', *, *, #273, .F. ) ;
#4354 = CARTESIAN_POINT ( 'NONE',  ( -17.45129073559111532, -19.20000000000083773, -13.60000000000000142 ) ) ;
#4355 = EDGE_CURVE ( 'NONE', #3427, #2480, #3551, .T. ) ;
#4356 = LINE ( 'NONE', #367, #110 ) ;
#4357 = CARTESIAN_POINT ( 'NONE',  ( 0.000000000000000000, -10.46866271396552506, -3.600000000000000089 ) ) ;
#4358 = ORIENTED_EDGE ( 'NONE', *, *, #4560, .T. ) ;
#4359 = VECTOR ( 'NONE', #2986, 1000.000000000000000 ) ;
#4360 = DIRECTION ( 'NONE',  ( 1.000000000000000000, 0.000000000000000000, 0.000000000000000000 ) ) ;
#4361 = ORIENTED_EDGE ( 'NONE', *, *, #3371, .F. ) ;
#4362 = EDGE_CURVE ( 'NONE', #1271, #2951, #3504, .T. ) ;
#4363 = VECTOR ( 'NONE', #2297, 1000.000000000000000 ) ;
#4364 = DIRECTION ( 'NONE',  ( -0.000000000000000000, -0.000000000000000000, 1.000000000000000000 ) ) ;
#4365 = CARTESIAN_POINT ( 'NONE',  ( 11.63116958536910595, 0.9017773593702179680, -13.60000000000000142 ) ) ;
#4366 = EDGE_LOOP ( 'NONE', ( #3575, #614, #2320, #2583, #2597, #3773, #3123, #159, #67, #721 ) ) ;
#4367 = EDGE_CURVE ( 'NONE', #3080, #3656, #2352, .T. ) ;
#4368 = ORIENTED_EDGE ( 'NONE', *, *, #4423, .T. ) ;
#4369 = VECTOR ( 'NONE', #3455, 999.9999999999998863 ) ;
#4370 = VECTOR ( 'NONE', #475, 1000.000000000000000 ) ;
#4371 = FACE_OUTER_BOUND ( 'NONE', #1680, .T. ) ;
#4372 = CARTESIAN_POINT ( 'NONE',  ( 22.52010101267765663, -22.52010101267765663, -3.600000000000000089 ) ) ;
#4373 = CARTESIAN_POINT ( 'NONE',  ( -4.206941062722409086, -10.46866271396552506, -13.60000000000000142 ) ) ;
#4374 = ORIENTED_EDGE ( 'NONE', *, *, #4681, .T. ) ;
#4375 = ORIENTED_EDGE ( 'NONE', *, *, #1631, .T. ) ;
#4376 = EDGE_CURVE ( 'NONE', #1047, #3506, #2132, .T. ) ;
#4377 = DIRECTION ( 'NONE',  ( -0.000000000000000000, -0.000000000000000000, 1.000000000000000000 ) ) ;
#4378 = CARTESIAN_POINT ( 'NONE',  ( 11.63116958536910595, 0.9017773593702179680, -3.600000000000000089 ) ) ;
#4379 = FACE_OUTER_BOUND ( 'NONE', #4449, .T. ) ;
#4380 = ORIENTED_EDGE ( 'NONE', *, *, #1731, .F. ) ;
#4381 = DIRECTION ( 'NONE',  ( -0.000000000000000000, 0.000000000000000000, 1.000000000000000000 ) ) ;
#4382 = EDGE_CURVE ( 'NONE', #3002, #3260, #2932, .T. ) ;
#4383 = CYLINDRICAL_SURFACE ( 'NONE', #1348, 10.82663658333988188 ) ;
#4384 = ADVANCED_FACE ( 'NONE', ( #4019 ), #3994, .F. ) ;
#4385 = CARTESIAN_POINT ( 'NONE',  ( 24.50000000000039790, -24.50000000000043698, 4.000000000000000000 ) ) ;
#4386 = ORIENTED_EDGE ( 'NONE', *, *, #16, .F. ) ;
#4387 = VECTOR ( 'NONE', #3532, 1000.000000000000000 ) ;
#4388 = CARTESIAN_POINT ( 'NONE',  ( 32.20000000000000284, 12.84020202535621280, -48.60000000000000142 ) ) ;
#4389 = ORIENTED_EDGE ( 'NONE', *, *, #815, .T. ) ;
#4390 = VECTOR ( 'NONE', #2414, 1000.000000000000000 ) ;
#4391 = DIRECTION ( 'NONE',  ( -1.000000000000000000, 0.000000000000000000, 0.000000000000000000 ) ) ;
#4392 = FACE_OUTER_BOUND ( 'NONE', #3573, .T. ) ;
#4393 = VERTEX_POINT ( 'NONE', #4324 ) ;
#4394 = VERTEX_POINT ( 'NONE', #3222 ) ;
#4395 = CARTESIAN_POINT ( 'NONE',  ( 32.20000000000000995, 12.84020202535621280, 0.000000000000000000 ) ) ;
#4396 = EDGE_CURVE ( 'NONE', #2107, #813, #3608, .T. ) ;
#4397 = CARTESIAN_POINT ( 'NONE',  ( 0.000000000000000000, -19.20000000000048601, -48.60000000000000142 ) ) ;
#4398 = CARTESIAN_POINT ( 'NONE',  ( 20.62604113596018607, -16.88404161512739066, -48.60000000000000142 ) ) ;
#4399 = ORIENTED_EDGE ( 'NONE', *, *, #4194, .T. ) ;
#4400 = ORIENTED_EDGE ( 'NONE', *, *, #1263, .T. ) ;
#4401 = LINE ( 'NONE', #4350, #3756 ) ;
#4402 = CARTESIAN_POINT ( 'NONE',  ( 12.68408224115261618, 1.822746446835821876, 0.000000000000000000 ) ) ;
#4403 = LINE ( 'NONE', #2519, #3076 ) ;
#4404 = ORIENTED_EDGE ( 'NONE', *, *, #3249, .T. ) ;
#4405 = DIRECTION ( 'NONE',  ( -1.000000000000000000, 0.000000000000000000, 0.000000000000000000 ) ) ;
#4406 = AXIS2_PLACEMENT_3D ( 'NONE', #3555, #236, #3300 ) ;
#4407 = CARTESIAN_POINT ( 'NONE',  ( -34.99999999999999289, -22.00000000000087041, 4.000000000000000000 ) ) ;
#4408 = DIRECTION ( 'NONE',  ( 0.000000000000000000, 0.000000000000000000, 1.000000000000000000 ) ) ;
#4409 = VERTEX_POINT ( 'NONE', #3654 ) ;
#4410 = DIRECTION ( 'NONE',  ( -0.000000000000000000, -0.000000000000000000, 1.000000000000000000 ) ) ;
#4411 = VERTEX_POINT ( 'NONE', #289 ) ;
#4412 = CYLINDRICAL_SURFACE ( 'NONE', #4685, 4.050000000000195222 ) ;
#4413 = CARTESIAN_POINT ( 'NONE',  ( 0.000000000000000000, -1.701415459276992115, -3.600000000000000089 ) ) ;
#4414 = VERTEX_POINT ( 'NONE', #4402 ) ;
#4415 = ORIENTED_EDGE ( 'NONE', *, *, #3948, .T. ) ;
#4416 = LINE ( 'NONE', #4086, #618 ) ;
#4417 = CARTESIAN_POINT ( 'NONE',  ( 0.000000000000000000, 0.000000000000000000, -48.60000000000000142 ) ) ;
#4418 = VECTOR ( 'NONE', #48, 1000.000000000000000 ) ;
#4419 = VERTEX_POINT ( 'NONE', #337 ) ;
#4420 = AXIS2_PLACEMENT_3D ( 'NONE', #2087, #4261, #3513 ) ;
#4421 = ORIENTED_EDGE ( 'NONE', *, *, #1344, .T. ) ;
#4422 = EDGE_CURVE ( 'NONE', #3216, #2929, #4771, .T. ) ;
#4423 = EDGE_CURVE ( 'NONE', #2944, #4292, #1037, .T. ) ;
#4424 = EDGE_CURVE ( 'NONE', #4709, #491, #1897, .T. ) ;
#4425 = DIRECTION ( 'NONE',  ( 1.000000000000000000, 0.000000000000000000, 0.000000000000000000 ) ) ;
#4426 = CYLINDRICAL_SURFACE ( 'NONE', #2739, 4.050000000000001599 ) ;
#4427 = DIRECTION ( 'NONE',  ( -0.6915932622370855043, -0.7222871725486103012, 0.000000000000000000 ) ) ;
#4428 = ORIENTED_EDGE ( 'NONE', *, *, #2793, .F. ) ;
#4429 = FACE_OUTER_BOUND ( 'NONE', #584, .T. ) ;
#4430 = CIRCLE ( 'NONE', #3112, 2.000000000000001776 ) ;
#4431 = CIRCLE ( 'NONE', #4266, 2.000000000000001776 ) ;
#4432 = EDGE_CURVE ( 'NONE', #2071, #1676, #2509, .T. ) ;
#4433 = VECTOR ( 'NONE', #3121, 1000.000000000000114 ) ;
#4434 = CARTESIAN_POINT ( 'NONE',  ( 14.03843313539660187, -0.6563051707230436183, -13.60000000000000142 ) ) ;
#4435 = AXIS2_PLACEMENT_3D ( 'NONE', #3629, #1429, #3993 ) ;
#4436 = DIRECTION ( 'NONE',  ( 1.000000000000000000, 0.000000000000000000, 0.000000000000000000 ) ) ;
#4437 = ORIENTED_EDGE ( 'NONE', *, *, #4233, .F. ) ;
#4438 = CARTESIAN_POINT ( 'NONE',  ( 11.11550480569438015, 19.19999999999993534, -3.600000000000000089 ) ) ;
#4439 = ORIENTED_EDGE ( 'NONE', *, *, #4144, .T. ) ;
#4440 = EDGE_CURVE ( 'NONE', #962, #3930, #3245, .T. ) ;
#4441 = CARTESIAN_POINT ( 'NONE',  ( -13.49192192987385575, 0.000000000000000000, -3.600000000000000089 ) ) ;
#4442 = DIRECTION ( 'NONE',  ( -0.000000000000000000, -0.000000000000000000, 1.000000000000000000 ) ) ;
#4443 = DIRECTION ( 'NONE',  ( -1.000000000000000000, 0.000000000000000000, 0.000000000000000000 ) ) ;
#4444 = VECTOR ( 'NONE', #4502, 1000.000000000000000 ) ;
#4445 = ORIENTED_EDGE ( 'NONE', *, *, #1153, .T. ) ;
#4446 = CARTESIAN_POINT ( 'NONE',  ( -14.12066010208511990, 1.822746446835822542, -3.600000000000000089 ) ) ;
#4447 = VECTOR ( 'NONE', #2180, 1000.000000000000000 ) ;
#4448 = CARTESIAN_POINT ( 'NONE',  ( 4.028184292453284243, 10.84376210602755286, -48.60000000000000142 ) ) ;
#4449 = EDGE_LOOP ( 'NONE', ( #3020, #2432, #2658, #1367 ) ) ;
#4450 = ORIENTED_EDGE ( 'NONE', *, *, #2622, .T. ) ;
#4451 = CIRCLE ( 'NONE', #740, 10.82663658333988188 ) ;
#4452 = DIRECTION ( 'NONE',  ( 0.000000000000000000, 0.000000000000000000, -1.000000000000000000 ) ) ;
#4453 = CYLINDRICAL_SURFACE ( 'NONE', #2125, 4.050000000000001599 ) ;
#4454 = VECTOR ( 'NONE', #1570, 1000.000000000000000 ) ;
#4455 = CARTESIAN_POINT ( 'NONE',  ( -24.47002664756931622, 7.878289742465682366, 0.000000000000000000 ) ) ;
#4456 = EDGE_LOOP ( 'NONE', ( #388, #3023, #2821, #4210 ) ) ;
#4457 = EDGE_CURVE ( 'NONE', #4541, #3645, #1583, .T. ) ;
#4458 = FACE_OUTER_BOUND ( 'NONE', #1405, .T. ) ;
#4459 = EDGE_CURVE ( 'NONE', #3199, #151, #4301, .T. ) ;
#4460 = VECTOR ( 'NONE', #3835, 999.9999999999998863 ) ;
#4461 = SURFACE_SIDE_STYLE ('',( #1869 ) ) ;
#4462 = ADVANCED_FACE ( 'NONE', ( #4719 ), #2566, .T. ) ;
#4463 = LINE ( 'NONE', #4727, #3036 ) ;
#4464 = ORIENTED_EDGE ( 'NONE', *, *, #4041, .T. ) ;
#4465 = EDGE_CURVE ( 'NONE', #2791, #4409, #676, .T. ) ;
#4466 = FACE_OUTER_BOUND ( 'NONE', #4761, .T. ) ;
#4467 = EDGE_LOOP ( 'NONE', ( #2511, #122, #2638, #3610, #1151, #2586, #3027, #3146, #688, #1589, #1928, #1386, #924, #496, #2178, #1686 ) ) ;
#4468 = FACE_OUTER_BOUND ( 'NONE', #3605, .T. ) ;
#4469 = DIRECTION ( 'NONE',  ( 0.000000000000000000, 0.000000000000000000, -1.000000000000000000 ) ) ;
#4470 = DIRECTION ( 'NONE',  ( -1.000000000000000000, 0.000000000000000000, 0.000000000000000000 ) ) ;
#4471 = DIRECTION ( 'NONE',  ( -1.000000000000000000, 0.000000000000000000, -0.000000000000000000 ) ) ;
#4472 = VECTOR ( 'NONE', #4585, 1000.000000000000000 ) ;
#4473 = CARTESIAN_POINT ( 'NONE',  ( 34.41421356237309226, 14.58578643762600535, 0.000000000000000000 ) ) ;
#4474 = EDGE_LOOP ( 'NONE', ( #2066, #2777, #4404 ) ) ;
#4475 = VERTEX_POINT ( 'NONE', #3681 ) ;
#4476 = CARTESIAN_POINT ( 'NONE',  ( -3.924999999999987388, -17.37500000000055067, 4.000000000000000000 ) ) ;
#4477 = CARTESIAN_POINT ( 'NONE',  ( -27.04741326041585125, -15.13611808696517080, 0.000000000000000000 ) ) ;
#4478 = DIRECTION ( 'NONE',  ( -1.000000000000000000, 0.000000000000000000, 0.000000000000000000 ) ) ;
#4479 = ORIENTED_EDGE ( 'NONE', *, *, #2499, .F. ) ;
#4480 = DIRECTION ( 'NONE',  ( 0.000000000000000000, -1.000000000000000000, 0.000000000000000000 ) ) ;
#4481 = CARTESIAN_POINT ( 'NONE',  ( -3.980086411592489881, -5.738133619709119060, -13.60000000000000142 ) ) ;
#4482 = VERTEX_POINT ( 'NONE', #4378 ) ;
#4483 = FACE_OUTER_BOUND ( 'NONE', #1304, .T. ) ;
#4484 = EDGE_LOOP ( 'NONE', ( #1027, #3101, #4722, #3848 ) ) ;
#4485 = VECTOR ( 'NONE', #2592, 1000.000000000000000 ) ;
#4486 = EDGE_CURVE ( 'NONE', #3562, #3891, #1736, .T. ) ;
#4487 = LINE ( 'NONE', #874, #4460 ) ;
#4488 = CIRCLE ( 'NONE', #4028, 4.050000000000001599 ) ;
#4489 = CARTESIAN_POINT ( 'NONE',  ( 19.69732799511277577, 8.583921237619168920, -48.60000000000000142 ) ) ;
#4490 = ORIENTED_EDGE ( 'NONE', *, *, #2813, .F. ) ;
#4491 = LINE ( 'NONE', #328, #537 ) ;
#4492 = DIRECTION ( 'NONE',  ( -0.6111244668554398629, -0.7915345134677668204, 0.000000000000000000 ) ) ;
#4493 = VERTEX_POINT ( 'NONE', #3269 ) ;
#4494 = ORIENTED_EDGE ( 'NONE', *, *, #3744, .F. ) ;
#4495 = VECTOR ( 'NONE', #4227, 1000.000000000000000 ) ;
#4496 = CYLINDRICAL_SURFACE ( 'NONE', #3217, 10.81927942710965951 ) ;
#4497 = LINE ( 'NONE', #1930, #34 ) ;
#4498 = DIRECTION ( 'NONE',  ( 0.4119762703940636484, -0.9111945745186355028, 0.000000000000000000 ) ) ;
#4499 = ORIENTED_EDGE ( 'NONE', *, *, #1501, .T. ) ;
#4500 = LINE ( 'NONE', #3459, #4038 ) ;
#4501 = CIRCLE ( 'NONE', #2647, 1.574999999999999956 ) ;
#4502 = DIRECTION ( 'NONE',  ( -0.000000000000000000, -0.000000000000000000, 1.000000000000000000 ) ) ;
#4503 = CARTESIAN_POINT ( 'NONE',  ( 16.41213636674710585, 1.822746446835822542, -3.600000000000000089 ) ) ;
#4504 = ORIENTED_EDGE ( 'NONE', *, *, #1854, .F. ) ;
#4505 = VECTOR ( 'NONE', #445, 1000.000000000000114 ) ;
#4506 = CARTESIAN_POINT ( 'NONE',  ( -17.64482200819801960, -1.701415459276992115, 0.000000000000000000 ) ) ;
#4507 = ORIENTED_EDGE ( 'NONE', *, *, #4597, .T. ) ;
#4508 = ADVANCED_FACE ( 'NONE', ( #981 ), #2105, .F. ) ;
#4509 = AXIS2_PLACEMENT_3D ( 'NONE', #3977, #4334, #1387 ) ;
#4510 = DIRECTION ( 'NONE',  ( -0.000000000000000000, -0.000000000000000000, 1.000000000000000000 ) ) ;
#4511 = LINE ( 'NONE', #2605, #3278 ) ;
#4512 = ADVANCED_FACE ( 'NONE', ( #3579 ), #4094, .F. ) ;
#4513 = ORIENTED_EDGE ( 'NONE', *, *, #3871, .T. ) ;
#4514 = DIRECTION ( 'NONE',  ( 0.000000000000000000, 1.000000000000000000, 0.000000000000000000 ) ) ;
#4515 = PLANE ( 'NONE',  #1461 ) ;
#4516 = ADVANCED_FACE ( 'NONE', ( #770 ), #2253, .T. ) ;
#4517 = ADVANCED_FACE ( 'NONE', ( #3729 ), #3319, .T. ) ;
#4518 = ORIENTED_EDGE ( 'NONE', *, *, #2732, .F. ) ;
#4519 = VECTOR ( 'NONE', #4024, 1000.000000000000114 ) ;
#4520 = VERTEX_POINT ( 'NONE', #4477 ) ;
#4521 = CARTESIAN_POINT ( 'NONE',  ( 7.500000000000027534, 17.37499999999965183, 2.000000000000012879 ) ) ;
#4522 = VECTOR ( 'NONE', #3846, 1000.000000000000114 ) ;
#4523 = UNCERTAINTY_MEASURE_WITH_UNIT (LENGTH_MEASURE( 1.000000000000000082E-05 ), #2974, 'distance_accuracy_value', 'NONE');
#4524 = CARTESIAN_POINT ( 'NONE',  ( 29.30463113701220479, -14.72963113701221083, 0.000000000000000000 ) ) ;
#4525 = DIRECTION ( 'NONE',  ( -1.000000000000000000, 0.000000000000000000, 0.000000000000000000 ) ) ;
#4526 = DIRECTION ( 'NONE',  ( 1.000000000000000000, 0.000000000000000000, 0.000000000000000000 ) ) ;
#4527 = VERTEX_POINT ( 'NONE', #454 ) ;
#4528 = VECTOR ( 'NONE', #1402, 1000.000000000000000 ) ;
#4529 = LINE ( 'NONE', #795, #857 ) ;
#4530 = EDGE_CURVE ( 'NONE', #3416, #3791, #1571, .T. ) ;
#4531 = DIRECTION ( 'NONE',  ( 0.000000000000000000, 0.000000000000000000, -1.000000000000000000 ) ) ;
#4532 = CARTESIAN_POINT ( 'NONE',  ( -26.17157287525378351, -20.00000000000087041, 0.000000000000000000 ) ) ;
#4533 = VERTEX_POINT ( 'NONE', #3047 ) ;
#4534 = EDGE_LOOP ( 'NONE', ( #668, #2544, #701, #494, #1373 ) ) ;
#4535 = CARTESIAN_POINT ( 'NONE',  ( 26.15463113701220621, -14.72963113701221083, 2.000000000000012879 ) ) ;
#4536 = CARTESIAN_POINT ( 'NONE',  ( -32.19999999999996732, 12.84020202535607424, 0.000000000000000000 ) ) ;
#4537 = LINE ( 'NONE', #3816, #2556 ) ;
#4538 = CARTESIAN_POINT ( 'NONE',  ( 12.95027683787626316, 0.000000000000000000, -3.600000000000000089 ) ) ;
#4539 = ORIENTED_EDGE ( 'NONE', *, *, #3464, .F. ) ;
#4540 = AXIS2_PLACEMENT_3D ( 'NONE', #1329, #4599, #4670 ) ;
#4541 = VERTEX_POINT ( 'NONE', #3366 ) ;
#4542 = CIRCLE ( 'NONE', #1221, 2.000000000000001776 ) ;
#4543 = CARTESIAN_POINT ( 'NONE',  ( -19.59547977247137140, -8.595318925305528879, -13.60000000000000142 ) ) ;
#4544 = DIRECTION ( 'NONE',  ( -0.7915345134677668204, 0.6111244668554398629, 0.000000000000000000 ) ) ;
#4545 = DIRECTION ( 'NONE',  ( -0.7071067811865560104, -0.7071067811865391350, 0.000000000000000000 ) ) ;
#4546 = CARTESIAN_POINT ( 'NONE',  ( 0.000000000000000000, 0.000000000000000000, 0.000000000000000000 ) ) ;
#4547 = ORIENTED_EDGE ( 'NONE', *, *, #2636, .F. ) ;
#4548 = LINE ( 'NONE', #2703, #934 ) ;
#4549 = DIRECTION ( 'NONE',  ( -1.000000000000000000, 0.000000000000000000, 0.000000000000000000 ) ) ;
#4550 = CARTESIAN_POINT ( 'NONE',  ( 9.159798005513307473, -1.259899410479727866, 0.000000000000000000 ) ) ;
#4551 = ORIENTED_EDGE ( 'NONE', *, *, #3921, .F. ) ;
#4552 = LINE ( 'NONE', #1155, #3194 ) ;
#4553 = DIRECTION ( 'NONE',  ( 0.000000000000000000, 0.000000000000000000, 1.000000000000000000 ) ) ;
#4554 = DIRECTION ( 'NONE',  ( -0.6132047209531940046, -0.7899240281196131530, 0.000000000000000000 ) ) ;
#4555 = ORIENTED_EDGE ( 'NONE', *, *, #1375, .F. ) ;
#4556 = CARTESIAN_POINT ( 'NONE',  ( 26.17157287525376219, -22.00000000000087041, 0.000000000000000000 ) ) ;
#4557 = AXIS2_PLACEMENT_3D ( 'NONE', #4601, #2762, #1309 ) ;
#4558 = CARTESIAN_POINT ( 'NONE',  ( -21.73966880935162749, -19.20000000000083773, -3.600000000000000089 ) ) ;
#4559 = ORIENTED_EDGE ( 'NONE', *, *, #3249, .F. ) ;
#4560 = EDGE_CURVE ( 'NONE', #4593, #1728, #1889, .T. ) ;
#4561 = ORIENTED_EDGE ( 'NONE', *, *, #4213, .T. ) ;
#4562 = CARTESIAN_POINT ( 'NONE',  ( 0.000000000000000000, 19.19999999999993534, -3.600000000000000089 ) ) ;
#4563 = DIRECTION ( 'NONE',  ( -1.000000000000000000, 1.758710067418070606E-15, 0.000000000000000000 ) ) ;
#4564 = DIRECTION ( 'NONE',  ( 0.000000000000000000, 0.000000000000000000, -1.000000000000000000 ) ) ;
#4565 = LINE ( 'NONE', #3527, #2745 ) ;
#4566 = EDGE_CURVE ( 'NONE', #4090, #41, #44, .T. ) ;
#4567 = ORIENTED_EDGE ( 'NONE', *, *, #3953, .T. ) ;
#4568 = CARTESIAN_POINT ( 'NONE',  ( 0.000000000000000000, 15.14834642796049025, -3.600000000000000089 ) ) ;
#4569 = EDGE_CURVE ( 'NONE', #1676, #3700, #2683, .T. ) ;
#4570 = EDGE_CURVE ( 'NONE', #1556, #3199, #4497, .T. ) ;
#4571 = EDGE_CURVE ( 'NONE', #1026, #3874, #1164, .T. ) ;
#4572 = LINE ( 'NONE', #550, #1035 ) ;
#4573 = CARTESIAN_POINT ( 'NONE',  ( 26.99999999999998224, 21.99999999999912959, 4.000000000000000000 ) ) ;
#4574 = EDGE_LOOP ( 'NONE', ( #4400, #93, #1362 ) ) ;
#4575 = FACE_OUTER_BOUND ( 'NONE', #377, .T. ) ;
#4576 = EDGE_CURVE ( 'NONE', #207, #3179, #2589, .T. ) ;
#4577 = ADVANCED_FACE ( 'NONE', ( #2635 ), #3388, .T. ) ;
#4578 = VECTOR ( 'NONE', #53, 1000.000000000000000 ) ;
#4579 = LINE ( 'NONE', #586, #4349 ) ;
#4580 = VERTEX_POINT ( 'NONE', #1505 ) ;
#4581 = AXIS2_PLACEMENT_3D ( 'NONE', #3716, #3081, #3102 ) ;
#4582 = AXIS2_PLACEMENT_3D ( 'NONE', #1019, #2115, #4730 ) ;
#4583 = ADVANCED_FACE ( 'NONE', ( #1209 ), #4115, .F. ) ;
#4584 = LINE ( 'NONE', #2364, #4282 ) ;
#4585 = DIRECTION ( 'NONE',  ( -0.000000000000000000, -0.000000000000000000, 1.000000000000000000 ) ) ;
#4586 = ORIENTED_EDGE ( 'NONE', *, *, #2086, .F. ) ;
#4587 = ORIENTED_EDGE ( 'NONE', *, *, #582, .F. ) ;
#4588 = CARTESIAN_POINT ( 'NONE',  ( -17.19837548619366885, 6.336498395826628993, -13.60000000000000142 ) ) ;
#4589 = DIRECTION ( 'NONE',  ( 0.000000000000000000, 0.000000000000000000, -1.000000000000000000 ) ) ;
#4590 = CARTESIAN_POINT ( 'NONE',  ( 7.500000000000027534, 17.37499999999965183, 0.000000000000000000 ) ) ;
#4591 = AXIS2_PLACEMENT_3D ( 'NONE', #1201, #2312, #1269 ) ;
#4592 = DIRECTION ( 'NONE',  ( -0.000000000000000000, -0.000000000000000000, -1.000000000000000000 ) ) ;
#4593 = VERTEX_POINT ( 'NONE', #2318 ) ;
#4594 = ORIENTED_EDGE ( 'NONE', *, *, #1649, .F. ) ;
#4595 = VECTOR ( 'NONE', #1528, 1000.000000000000000 ) ;
#4596 = DIRECTION ( 'NONE',  ( -1.000000000000000000, 0.000000000000000000, 0.000000000000000000 ) ) ;
#4597 = EDGE_CURVE ( 'NONE', #1448, #4691, #3512, .T. ) ;
#4598 = ADVANCED_FACE ( 'NONE', ( #65 ), #4453, .F. ) ;
#4599 = DIRECTION ( 'NONE',  ( -0.6583711947922916696, 0.7526934102725826303, 0.000000000000000000 ) ) ;
#4600 = ORIENTED_EDGE ( 'NONE', *, *, #1384, .F. ) ;
#4601 = CARTESIAN_POINT ( 'NONE',  ( -27.72963113701300131, 14.72963113701214866, 4.000000000000000000 ) ) ;
#4602 = AXIS2_PLACEMENT_3D ( 'NONE', #2098, #1057, #2901 ) ;
#4603 = AXIS2_PLACEMENT_3D ( 'NONE', #2682, #749, #473 ) ;
#4604 = AXIS2_PLACEMENT_3D ( 'NONE', #3683, #3246, #1841 ) ;
#4605 = EDGE_CURVE ( 'NONE', #4226, #3952, #2612, .T. ) ;
#4606 = ADVANCED_FACE ( 'NONE', ( #2955 ), #4426, .F. ) ;
#4607 = LINE ( 'NONE', #3538, #1443 ) ;
#4608 = DIRECTION ( 'NONE',  ( -0.000000000000000000, -0.000000000000000000, 1.000000000000000000 ) ) ;
#4609 = ORIENTED_EDGE ( 'NONE', *, *, #922, .F. ) ;
#4610 = CIRCLE ( 'NONE', #3489, 2.000000000000001776 ) ;
#4611 = DIRECTION ( 'NONE',  ( -0.000000000000000000, -0.000000000000000000, 1.000000000000000000 ) ) ;
#4612 = DIRECTION ( 'NONE',  ( 0.000000000000000000, -0.000000000000000000, -1.000000000000000000 ) ) ;
#4613 = VERTEX_POINT ( 'NONE', #1251 ) ;
#4614 = ORIENTED_EDGE ( 'NONE', *, *, #4530, .F. ) ;
#4615 = PLANE ( 'NONE',  #2876 ) ;
#4616 = UNCERTAINTY_MEASURE_WITH_UNIT (LENGTH_MEASURE( 1.000000000000000082E-05 ), #3916, 'distance_accuracy_value', 'NONE');
#4617 = CARTESIAN_POINT ( 'NONE',  ( -0.5794042551126808993, 1.822746446835822542, -3.600000000000000089 ) ) ;
#4618 = EDGE_CURVE ( 'NONE', #2053, #1645, #2361, .T. ) ;
#4619 = CARTESIAN_POINT ( 'NONE',  ( 0.000000000000000000, 0.000000000000000000, 4.000000000000000000 ) ) ;
#4620 = CARTESIAN_POINT ( 'NONE',  ( -22.83110597672208186, -5.977634402472512321, 17.68316958818336104 ) ) ;
#4621 = ORIENTED_EDGE ( 'NONE', *, *, #1639, .F. ) ;
#4622 = ORIENTED_EDGE ( 'NONE', *, *, #754, .F. ) ;
#4623 = VERTEX_POINT ( 'NONE', #156 ) ;
#4624 = CARTESIAN_POINT ( 'NONE',  ( -17.18302220754789289, 10.84376210602755464, -13.60000000000000142 ) ) ;
#4625 = PLANE ( 'NONE',  #4540 ) ;
#4626 = ORIENTED_EDGE ( 'NONE', *, *, #4109, .T. ) ;
#4627 = DIRECTION ( 'NONE',  ( 0.000000000000000000, 0.000000000000000000, -1.000000000000000000 ) ) ;
#4628 = CARTESIAN_POINT ( 'NONE',  ( -33.00000000000000711, 13.17157287525294329, 4.000000000000000000 ) ) ;
#4629 = PLANE ( 'NONE',  #818 ) ;
#4630 = CARTESIAN_POINT ( 'NONE',  ( 0.000000000000000000, 0.000000000000000000, -3.600000000000000089 ) ) ;
#4631 = ORIENTED_EDGE ( 'NONE', *, *, #2859, .T. ) ;
#4632 = ADVANCED_FACE ( 'NONE', ( #545 ), #3526, .F. ) ;
#4633 = LINE ( 'NONE', #4331, #1653 ) ;
#4634 = DIRECTION ( 'NONE',  ( 0.000000000000000000, -1.000000000000000000, 0.000000000000000000 ) ) ;
#4635 = ORIENTED_EDGE ( 'NONE', *, *, #1426, .F. ) ;
#4636 = ORIENTED_EDGE ( 'NONE', *, *, #3838, .T. ) ;
#4637 = VECTOR ( 'NONE', #2183, 1000.000000000000000 ) ;
#4638 = CARTESIAN_POINT ( 'NONE',  ( 31.57664897819678629, -13.46355304715853229, 0.000000000000000000 ) ) ;
#4639 = DIRECTION ( 'NONE',  ( 0.000000000000000000, 0.000000000000000000, 1.000000000000000000 ) ) ;
#4640 = CARTESIAN_POINT ( 'NONE',  ( -25.84020202535794297, -19.20000000000083773, -48.60000000000000142 ) ) ;
#4641 = VECTOR ( 'NONE', #2557, 1000.000000000000000 ) ;
#4642 = ORIENTED_EDGE ( 'NONE', *, *, #3808, .T. ) ;
#4643 = ORIENTED_EDGE ( 'NONE', *, *, #130, .F. ) ;
#4644 = ORIENTED_EDGE ( 'NONE', *, *, #1725, .F. ) ;
#4645 = CARTESIAN_POINT ( 'NONE',  ( 9.159798005513307473, -1.259899410479727866, -3.600000000000000089 ) ) ;
#4646 = CARTESIAN_POINT ( 'NONE',  ( -3.884495194305236154, -19.20000000000048601, -48.60000000000000142 ) ) ;
#4647 = EDGE_LOOP ( 'NONE', ( #3935, #3168, #997, #2550 ) ) ;
#4648 = DIRECTION ( 'NONE',  ( 0.000000000000000000, -1.000000000000000000, 0.000000000000000000 ) ) ;
#4649 = DIRECTION ( 'NONE',  ( -1.000000000000000000, 0.000000000000000000, 0.000000000000000000 ) ) ;
#4650 = VECTOR ( 'NONE', #926, 1000.000000000000000 ) ;
#4651 = DIRECTION ( 'NONE',  ( 1.000000000000000000, 0.000000000000000000, 0.000000000000000000 ) ) ;
#4652 = ORIENTED_EDGE ( 'NONE', *, *, #1582, .T. ) ;
#4653 = DIRECTION ( 'NONE',  ( -0.000000000000000000, -0.000000000000000000, 1.000000000000000000 ) ) ;
#4654 = VERTEX_POINT ( 'NONE', #203 ) ;
#4655 = EDGE_CURVE ( 'NONE', #235, #3803, #928, .T. ) ;
#4656 = EDGE_CURVE ( 'NONE', #3338, #3405, #1516, .T. ) ;
#4657 = CARTESIAN_POINT ( 'NONE',  ( 19.69732799511277577, 8.583921237619168920, -3.600000000000000089 ) ) ;
#4658 = VECTOR ( 'NONE', #1023, 1000.000000000000000 ) ;
#4659 = ORIENTED_EDGE ( 'NONE', *, *, #95, .F. ) ;
#4660 = ORIENTED_EDGE ( 'NONE', *, *, #3719, .F. ) ;
#4661 = CIRCLE ( 'NONE', #1955, 1.574999999999999956 ) ;
#4662 = CARTESIAN_POINT ( 'NONE',  ( -29.00068483284755416, 6.336498395826629881, -48.60000000000000142 ) ) ;
#4663 = DIRECTION ( 'NONE',  ( -1.000000000000000000, 0.000000000000000000, 0.000000000000000000 ) ) ;
#4664 = ADVANCED_FACE ( 'NONE', ( #1683, #2700, #3164, #1322, #4271 ), #1978, .T. ) ;
#4665 = CARTESIAN_POINT ( 'NONE',  ( -8.939617987924457054, -10.46866271396552506, -48.60000000000000142 ) ) ;
#4666 = ORIENTED_EDGE ( 'NONE', *, *, #704, .T. ) ;
#4667 = ORIENTED_EDGE ( 'NONE', *, *, #3082, .T. ) ;
#4668 = VERTEX_POINT ( 'NONE', #2726 ) ;
#4669 = DIRECTION ( 'NONE',  ( -0.000000000000000000, -0.000000000000000000, 1.000000000000000000 ) ) ;
#4670 = DIRECTION ( 'NONE',  ( -0.7526934102725826303, -0.6583711947922916696, 0.000000000000000000 ) ) ;
#4671 = ORIENTED_EDGE ( 'NONE', *, *, #1395, .F. ) ;
#4672 = DIRECTION ( 'NONE',  ( -0.000000000000000000, -0.000000000000000000, 1.000000000000000000 ) ) ;
#4673 = DIRECTION ( 'NONE',  ( -1.000000000000000000, 0.000000000000000000, 0.000000000000000000 ) ) ;
#4674 = AXIS2_PLACEMENT_3D ( 'NONE', #3250, #729, #1793 ) ;
#4675 = VECTOR ( 'NONE', #4351, 1000.000000000000000 ) ;
#4676 = DIRECTION ( 'NONE',  ( 0.000000000000000000, 0.000000000000000000, 1.000000000000000000 ) ) ;
#4677 = ORIENTED_EDGE ( 'NONE', *, *, #1068, .F. ) ;
#4678 = CARTESIAN_POINT ( 'NONE',  ( 25.84020202535629807, 0.000000000000000000, 0.000000000000000000 ) ) ;
#4679 = ORIENTED_EDGE ( 'NONE', *, *, #2499, .T. ) ;
#4680 = VECTOR ( 'NONE', #2230, 1000.000000000000000 ) ;
#4681 = EDGE_CURVE ( 'NONE', #3243, #776, #2371, .T. ) ;
#4682 = AXIS2_PLACEMENT_3D ( 'NONE', #1022, #3115, #4563 ) ;
#4683 = LINE ( 'NONE', #3208, #1259 ) ;
#4684 = CARTESIAN_POINT ( 'NONE',  ( -0.000000000000000000, 15.14834642796049025, 0.000000000000000000 ) ) ;
#4685 = AXIS2_PLACEMENT_3D ( 'NONE', #710, #4105, #1154 ) ;
#4686 = EDGE_LOOP ( 'NONE', ( #3956, #3975, #3471, #2838 ) ) ;
#4687 = FACE_OUTER_BOUND ( 'NONE', #832, .T. ) ;
#4688 = EDGE_CURVE ( 'NONE', #3919, #1753, #576, .T. ) ;
#4689 = FACE_OUTER_BOUND ( 'NONE', #3458, .T. ) ;
#4690 = DIRECTION ( 'NONE',  ( -0.4119762703940638149, 0.9111945745186355028, -0.000000000000000000 ) ) ;
#4691 = VERTEX_POINT ( 'NONE', #1613 ) ;
#4692 = ORIENTED_EDGE ( 'NONE', *, *, #1699, .T. ) ;
#4693 = ORIENTED_EDGE ( 'NONE', *, *, #1175, .T. ) ;
#4694 = CARTESIAN_POINT ( 'NONE',  ( -25.84020202535645439, 19.19999999999959783, 0.000000000000000000 ) ) ;
#4695 = CARTESIAN_POINT ( 'NONE',  ( 34.99999999999999289, 13.17157287525291309, 4.000000000000000000 ) ) ;
#4696 = DIRECTION ( 'NONE',  ( -0.000000000000000000, -0.000000000000000000, 1.000000000000000000 ) ) ;
#4697 = VERTEX_POINT ( 'NONE', #952 ) ;
#4698 = LINE ( 'NONE', #938, #3328 ) ;
#4699 = DIRECTION ( 'NONE',  ( 0.000000000000000000, 0.000000000000000000, -1.000000000000000000 ) ) ;
#4700 = AXIS2_PLACEMENT_3D ( 'NONE', #2559, #4037, #1474 ) ;
#4701 = EDGE_CURVE ( 'NONE', #3712, #3204, #1300, .T. ) ;
#4702 = CARTESIAN_POINT ( 'NONE',  ( 3.450000000000025935, 17.37499999999965183, -3.600000000000000089 ) ) ;
#4703 = ORIENTED_EDGE ( 'NONE', *, *, #4047, .F. ) ;
#4704 = FACE_OUTER_BOUND ( 'NONE', #3920, .T. ) ;
#4705 = ORIENTED_EDGE ( 'NONE', *, *, #2021, .T. ) ;
#4706 = CARTESIAN_POINT ( 'NONE',  ( 0.000000000000000000, -1.259899410479727866, -3.600000000000000089 ) ) ;
#4707 = DIRECTION ( 'NONE',  ( -0.000000000000000000, -0.000000000000000000, 1.000000000000000000 ) ) ;
#4708 = DIRECTION ( 'NONE',  ( 1.000000000000000000, 0.000000000000000000, 0.000000000000000000 ) ) ;
#4709 = VERTEX_POINT ( 'NONE', #3430 ) ;
#4710 = FACE_OUTER_BOUND ( 'NONE', #2513, .T. ) ;
#4711 = FILL_AREA_STYLE ('',( #3214 ) ) ;
#4712 = ADVANCED_FACE ( 'NONE', ( #2799 ), #3895, .F. ) ;
#4713 = CARTESIAN_POINT ( 'NONE',  ( -26.46355304715932633, 18.57664897819672589, -13.60000000000000142 ) ) ;
#4714 = VERTEX_POINT ( 'NONE', #3870 ) ;
#4715 = ORIENTED_EDGE ( 'NONE', *, *, #3082, .F. ) ;
#4716 = VERTEX_POINT ( 'NONE', #3092 ) ;
#4717 = VECTOR ( 'NONE', #2151, 1000.000000000000000 ) ;
#4718 = CARTESIAN_POINT ( 'NONE',  ( 34.41421356237309226, 14.58578643762600713, 0.000000000000000000 ) ) ;
#4719 = FACE_OUTER_BOUND ( 'NONE', #2128, .T. ) ;
#4720 = CARTESIAN_POINT ( 'NONE',  ( -7.499999999999982236, -17.37500000000055067, 2.000000000000012879 ) ) ;
#4721 = ADVANCED_FACE ( 'NONE', ( #474 ), #115, .F. ) ;
#4722 = ORIENTED_EDGE ( 'NONE', *, *, #4457, .T. ) ;
#4723 = EDGE_CURVE ( 'NONE', #2264, #2568, #1592, .T. ) ;
#4724 = LINE ( 'NONE', #3685, #2704 ) ;
#4725 = CARTESIAN_POINT ( 'NONE',  ( -29.30463113701300415, 14.72963113701214866, 2.000000000000012879 ) ) ;
#4726 = EDGE_CURVE ( 'NONE', #3543, #4753, #1229, .T. ) ;
#4727 = CARTESIAN_POINT ( 'NONE',  ( 13.46048889769418011, -0.000000000000000000, 0.000000000000000000 ) ) ;
#4728 = VERTEX_POINT ( 'NONE', #525 ) ;
#4729 = ADVANCED_FACE ( 'NONE', ( #3475 ), #1277, .T. ) ;
#4730 = DIRECTION ( 'NONE',  ( -1.000000000000000000, 0.000000000000000000, 0.000000000000000000 ) ) ;
#4731 = ORIENTED_EDGE ( 'NONE', *, *, #353, .T. ) ;
#4732 = VECTOR ( 'NONE', #3971, 1000.000000000000000 ) ;
#4733 = CARTESIAN_POINT ( 'NONE',  ( -14.64476357193259659, 1.298642976988359177, -13.60000000000000142 ) ) ;
#4734 = DIRECTION ( 'NONE',  ( -0.000000000000000000, -0.000000000000000000, 1.000000000000000000 ) ) ;
#4735 = ORIENTED_EDGE ( 'NONE', *, *, #2622, .F. ) ;
#4736 = ORIENTED_EDGE ( 'NONE', *, *, #4440, .F. ) ;
#4737 = EDGE_CURVE ( 'NONE', #1836, #4347, #2537, .T. ) ;
#4738 = VECTOR ( 'NONE', #2572, 1000.000000000000000 ) ;
#4739 = DIRECTION ( 'NONE',  ( 1.000000000000000000, 0.000000000000000000, 0.000000000000000000 ) ) ;
#4740 = CARTESIAN_POINT ( 'NONE',  ( 0.000000000000000000, 15.14834642796049025, -3.600000000000000089 ) ) ;
#4741 = DIRECTION ( 'NONE',  ( -0.6915932622370855043, -0.7222871725486103012, 0.000000000000000000 ) ) ;
#4742 = ORIENTED_EDGE ( 'NONE', *, *, #1178, .F. ) ;
#4743 = ORIENTED_EDGE ( 'NONE', *, *, #3924, .F. ) ;
#4744 = AXIS2_PLACEMENT_3D ( 'NONE', #2065, #969, #3487 ) ;
#4745 = CARTESIAN_POINT ( 'NONE',  ( -17.52005490015784517, 13.54010977025119011, -13.60000000000000142 ) ) ;
#4746 = DIRECTION ( 'NONE',  ( 0.000000000000000000, 1.000000000000000000, 0.000000000000000000 ) ) ;
#4747 = LINE ( 'NONE', #3631, #977 ) ;
#4748 = VERTEX_POINT ( 'NONE', #1347 ) ;
#4749 = CARTESIAN_POINT ( 'NONE',  ( 27.72963113701220550, -14.72963113701221083, 0.000000000000000000 ) ) ;
#4750 = CARTESIAN_POINT ( 'NONE',  ( 6.458862161587608952, -8.609442100909745932, -13.60000000000000142 ) ) ;
#4751 = EDGE_CURVE ( 'NONE', #3243, #1432, #3189, .T. ) ;
#4752 = DIRECTION ( 'NONE',  ( 0.000000000000000000, 0.000000000000000000, -1.000000000000000000 ) ) ;
#4753 = VERTEX_POINT ( 'NONE', #3262 ) ;
#4754 = VECTOR ( 'NONE', #3460, 1000.000000000000000 ) ;
#4755 = CARTESIAN_POINT ( 'NONE',  ( -0.000000000000000000, -1.701415459276992115, 0.000000000000000000 ) ) ;
#4756 = VERTEX_POINT ( 'NONE', #3647 ) ;
#4757 = ADVANCED_FACE ( 'NONE', ( #1396 ), #329, .F. ) ;
#4758 = AXIS2_PLACEMENT_3D ( 'NONE', #4590, #4639, #3823 ) ;
#4759 = FACE_OUTER_BOUND ( 'NONE', #208, .T. ) ;
#4760 = DIRECTION ( 'NONE',  ( 0.000000000000000000, 1.000000000000000000, 0.000000000000000000 ) ) ;
#4761 = EDGE_LOOP ( 'NONE', ( #1748, #4490, #1453, #4368 ) ) ;
#4762 = VERTEX_POINT ( 'NONE', #3289 ) ;
#4763 = VECTOR ( 'NONE', #4138, 1000.000000000000000 ) ;
#4764 = CARTESIAN_POINT ( 'NONE',  ( -14.82697250407903944, 1.116434044841921214, -3.600000000000000089 ) ) ;
#4765 = DIRECTION ( 'NONE',  ( 0.000000000000000000, -0.000000000000000000, -1.000000000000000000 ) ) ;
#4766 = FACE_OUTER_BOUND ( 'NONE', #1320, .T. ) ;
#4767 = ORIENTED_EDGE ( 'NONE', *, *, #732, .T. ) ;
#4768 = ORIENTED_EDGE ( 'NONE', *, *, #3275, .F. ) ;
#4769 = ADVANCED_FACE ( 'NONE', ( #1780 ), #4013, .F. ) ;
#4770 = DIRECTION ( 'NONE',  ( -1.000000000000000000, 0.000000000000000000, 0.000000000000000000 ) ) ;
#4771 = LINE ( 'NONE', #1355, #4675 ) ;
#4772 = CARTESIAN_POINT ( 'NONE',  ( 12.95027683787626316, 15.14834642796049025, -3.600000000000000089 ) ) ;
#4773 = EDGE_LOOP ( 'NONE', ( #1273, #3616, #3054, #1734 ) ) ;
#4774 = CARTESIAN_POINT ( 'NONE',  ( -1.013845338921383732, 12.41062205250614170, -3.600000000000000089 ) ) ;
#4775 = FACE_OUTER_BOUND ( 'NONE', #306, .T. ) ;
#4776 = CARTESIAN_POINT ( 'NONE',  ( -14.12066010208511990, 6.336498395826628993, 0.000000000000000000 ) ) ;
#4777 = VERTEX_POINT ( 'NONE', #3546 ) ;
#4778 = PLANE ( 'NONE',  #797 ) ;
#4779 = ORIENTED_EDGE ( 'NONE', *, *, #1791, .F. ) ;
#4780 = VECTOR ( 'NONE', #1835, 1000.000000000000000 ) ;
#4781 = CARTESIAN_POINT ( 'NONE',  ( 11.11550480569438015, 19.19999999999993534, -48.60000000000000142 ) ) ;
#4782 = ADVANCED_FACE ( 'NONE', ( #1450 ), #3600, .F. ) ;
#4783 = DIRECTION ( 'NONE',  ( 0.000000000000000000, -1.000000000000000000, 0.000000000000000000 ) ) ;
#4784 = EDGE_CURVE ( 'NONE', #3961, #1753, #1370, .T. ) ;
#4785 = CYLINDRICAL_SURFACE ( 'NONE', #1334, 1.574999999999999956 ) ;
#4786 = ADVANCED_FACE ( 'NONE', ( #4689 ), #2478, .T. ) ;
#4787 = ORIENTED_EDGE ( 'NONE', *, *, #1673, .T. ) ;
#4788 = FACE_OUTER_BOUND ( 'NONE', #1487, .T. ) ;
#4789 = CARTESIAN_POINT ( 'NONE',  ( 4.594683781056102312, -5.252945802676440401, -3.600000000000000089 ) ) ;
#4790 = ORIENTED_EDGE ( 'NONE', *, *, #429, .F. ) ;
#4791 = VERTEX_POINT ( 'NONE', #1730 ) ;
#4792 = DIRECTION ( 'NONE',  ( -1.000000000000000000, 0.000000000000000000, 0.000000000000000000 ) ) ;
#4793 = DIRECTION ( 'NONE',  ( -0.000000000000000000, -0.000000000000000000, -1.000000000000000000 ) ) ;
#4794 = CARTESIAN_POINT ( 'NONE',  ( -3.884495194305236154, -19.20000000000048601, 0.000000000000000000 ) ) ;
#4795 = ORIENTED_EDGE ( 'NONE', *, *, #419, .T. ) ;
#4796 = CARTESIAN_POINT ( 'NONE',  ( -27.72963113701300131, 14.72963113701214866, 0.000000000000000000 ) ) ;
#4797 = EDGE_CURVE ( 'NONE', #2236, #3886, #2075, .T. ) ;
#4798 = CONICAL_SURFACE ( 'NONE', #1313, 1.574999999999999956, 0.7853981633974503884 ) ;
#4799 = CARTESIAN_POINT ( 'NONE',  ( 0.000000000000000000, 0.000000000000000000, -48.60000000000000142 ) ) ;
#4800 = APPLICATION_CONTEXT ( 'automotive_design' ) ;
#4801 = CARTESIAN_POINT ( 'NONE',  ( -35.00000000000000711, 13.17157287525294329, 4.000000000000000000 ) ) ;
ENDSEC;
END-ISO-10303-21;
