ISO-10303-21;
HEADER;
FILE_DESCRIPTION (( 'STEP AP214' ),
    '1' );
FILE_NAME ('Twist lock battery part V3.STEP',
    '2026-08-21T20:26:05',
    ( '' ),
    ( '' ),
    'SwSTEP 2.0',
    'SolidWorks 2025',
    '' );
FILE_SCHEMA (( 'AUTOMOTIVE_DESIGN' ));
ENDSEC;

DATA;
#1 = ORIENTED_EDGE ( 'NONE', *, *, #570, .F. ) ;
#2 = LINE ( 'NONE', #4235, #3576 ) ;
#3 = CARTESIAN_POINT ( 'NONE',  ( -7.486189597789579153, 1.000000000000000000, 6.903168580185106151 ) ) ;
#4 = CARTESIAN_POINT ( 'NONE',  ( -2.277864482564229576, 0.000000000000000000, 5.563770962471759063 ) ) ;
#5 = EDGE_LOOP ( 'NONE', ( #495, #877, #119, #4584 ) ) ;
#6 = DIRECTION ( 'NONE',  ( 0.000000000000000000, 1.000000000000000000, 0.000000000000000000 ) ) ;
#7 = DIRECTION ( 'NONE',  ( 0.7071067811865561215, 0.000000000000000000, -0.7071067811865390240 ) ) ;
#8 = DIRECTION ( 'NONE',  ( -0.000000000000000000, 1.000000000000000000, -0.000000000000000000 ) ) ;
#9 = EDGE_CURVE ( 'NONE', #2804, #2961, #3388, .T. ) ;
#10 = EDGE_CURVE ( 'NONE', #4366, #54, #2443, .T. ) ;
#11 = ORIENTED_EDGE ( 'NONE', *, *, #3834, .T. ) ;
#12 = DIRECTION ( 'NONE',  ( 0.000000000000000000, 0.000000000000000000, 1.000000000000000000 ) ) ;
#13 = AXIS2_PLACEMENT_3D ( 'NONE', #1506, #1157, #4610 ) ;
#15 = EDGE_CURVE ( 'NONE', #4772, #1520, #1805, .T. ) ;
#14 = CARTESIAN_POINT ( 'NONE',  ( -7.486189597789579153, 1.000000000000000000, 6.903168580185106151 ) ) ;
#16 = LINE ( 'NONE', #44, #2899 ) ;
#17 = ORIENTED_EDGE ( 'NONE', *, *, #613, .F. ) ;
#18 = CARTESIAN_POINT ( 'NONE',  ( -32.50000000000000000, 13.08000000000000185, 0.000000000000000000 ) ) ;
#19 = FACE_BOUND ( 'NONE', #1504, .T. ) ;
#20 = AXIS2_PLACEMENT_3D ( 'NONE', #2764, #4738, #3197 ) ;
#21 = CARTESIAN_POINT ( 'NONE',  ( 0.000000000000000000, 8.000000000000000000, -15.79900000000000482 ) ) ;
#22 = VECTOR ( 'NONE', #4311, 1000.000000000000000 ) ;
#23 = DIRECTION ( 'NONE',  ( 0.000000000000000000, -0.000000000000000000, 1.000000000000000000 ) ) ;
#24 = ORIENTED_EDGE ( 'NONE', *, *, #2143, .F. ) ;
#25 = AXIS2_PLACEMENT_3D ( 'NONE', #4700, #449, #1294 ) ;
#26 = DIRECTION ( 'NONE',  ( -1.547478569114012877E-15, 0.000000000000000000, -1.000000000000000000 ) ) ;
#27 = ORIENTED_EDGE ( 'NONE', *, *, #1748, .F. ) ;
#28 = VECTOR ( 'NONE', #2228, 1000.000000000000000 ) ;
#29 = CARTESIAN_POINT ( 'NONE',  ( 7.297903870784765878, 1.000000000000000000, -19.19999999999962625 ) ) ;
#30 = CARTESIAN_POINT ( 'NONE',  ( -26.61855252713964148, 1.000000000000000888, -7.824260229855703130 ) ) ;
#31 = DIRECTION ( 'NONE',  ( -0.7071067811865470176, 0.000000000000000000, -0.7071067811865480168 ) ) ;
#32 = ORIENTED_EDGE ( 'NONE', *, *, #1139, .T. ) ;
#33 = ADVANCED_FACE ( 'NONE', ( #2978 ), #3703, .F. ) ;
#34 = FACE_OUTER_BOUND ( 'NONE', #3664, .T. ) ;
#35 = AXIS2_PLACEMENT_3D ( 'NONE', #4580, #4252, #1941 ) ;
#36 = CARTESIAN_POINT ( 'NONE',  ( 10.13294086911043124, 7.961904761904749606, 14.91987833707472255 ) ) ;
#37 = CIRCLE ( 'NONE', #2016, 4.075000000000000178 ) ;
#38 = FACE_OUTER_BOUND ( 'NONE', #3248, .T. ) ;
#39 = ORIENTED_EDGE ( 'NONE', *, *, #3086, .F. ) ;
#40 = CARTESIAN_POINT ( 'NONE',  ( 32.50000000000000711, 13.08000000000000185, -9.678000000000004377 ) ) ;
#41 = CIRCLE ( 'NONE', #2268, 5.075000000000016165 ) ;
#42 = VECTOR ( 'NONE', #3889, 1000.000000000000000 ) ;
#43 = CARTESIAN_POINT ( 'NONE',  ( -10.23817936277639085, 0.000000000000000000, 2.425520671255319893 ) ) ;
#44 = CARTESIAN_POINT ( 'NONE',  ( -17.70714221603858718, 1.000000000000000000, 2.425520671255319005 ) ) ;
#45 = ORIENTED_EDGE ( 'NONE', *, *, #1756, .F. ) ;
#46 = VECTOR ( 'NONE', #1129, 1000.000000000000000 ) ;
#47 = CARTESIAN_POINT ( 'NONE',  ( -13.44309202176727247, 1.000000000000000000, -6.603271165197424963 ) ) ;
#48 = EDGE_CURVE ( 'NONE', #2763, #4591, #3073, .T. ) ;
#49 = EDGE_CURVE ( 'NONE', #3265, #875, #2674, .T. ) ;
#50 = VECTOR ( 'NONE', #3919, 1000.000000000000114 ) ;
#51 = DIRECTION ( 'NONE',  ( -0.000000000000000000, -1.000000000000000000, -0.000000000000000000 ) ) ;
#52 = ORIENTED_EDGE ( 'NONE', *, *, #4512, .T. ) ;
#53 = FACE_OUTER_BOUND ( 'NONE', #3416, .T. ) ;
#54 = VERTEX_POINT ( 'NONE', #334 ) ;
#55 = CARTESIAN_POINT ( 'NONE',  ( -32.50000000000000000, 11.00000000000000000, 0.000000000000000000 ) ) ;
#56 = DIRECTION ( 'NONE',  ( 1.000000000000000000, 0.000000000000000000, 1.064336476167203229E-16 ) ) ;
#57 = ORIENTED_EDGE ( 'NONE', *, *, #4081, .F. ) ;
#58 = DIRECTION ( 'NONE',  ( -0.7351537977934967660, 0.000000000000000000, 0.6779003566821590887 ) ) ;
#59 = DIRECTION ( 'NONE',  ( 0.000000000000000000, 0.000000000000000000, 1.000000000000000000 ) ) ;
#60 = ADVANCED_FACE ( 'NONE', ( #413 ), #1929, .T. ) ;
#61 = DIRECTION ( 'NONE',  ( -0.000000000000000000, -1.000000000000000000, -0.000000000000000000 ) ) ;
#62 = VERTEX_POINT ( 'NONE', #460 ) ;
#63 = LINE ( 'NONE', #3876, #4570 ) ;
#64 = DIRECTION ( 'NONE',  ( 0.000000000000000000, 1.000000000000000000, 0.000000000000000000 ) ) ;
#65 = VECTOR ( 'NONE', #1880, 1000.000000000000000 ) ;
#66 = ORIENTED_EDGE ( 'NONE', *, *, #2996, .F. ) ;
#67 = PLANE ( 'NONE',  #1151 ) ;
#68 = VECTOR ( 'NONE', #823, 1000.000000000000000 ) ;
#69 = CARTESIAN_POINT ( 'NONE',  ( -27.72963113701302618, 10.98000000000000753, 14.72963113701316118 ) ) ;
#70 = DIRECTION ( 'NONE',  ( -0.000000000000000000, -1.000000000000000000, -0.000000000000000000 ) ) ;
#71 = EDGE_CURVE ( 'NONE', #211, #386, #4239, .T. ) ;
#72 = VERTEX_POINT ( 'NONE', #4536 ) ;
#73 = EDGE_CURVE ( 'NONE', #481, #1986, #1907, .T. ) ;
#74 = DIRECTION ( 'NONE',  ( 0.000000000000000000, 0.000000000000000000, 1.000000000000000000 ) ) ;
#75 = EDGE_LOOP ( 'NONE', ( #645, #208, #168, #3342 ) ) ;
#76 = ORIENTED_EDGE ( 'NONE', *, *, #4283, .F. ) ;
#77 = CARTESIAN_POINT ( 'NONE',  ( -32.50000000000000000, 13.08000000000000185, 9.677999999999993719 ) ) ;
#78 = ADVANCED_FACE ( 'NONE', ( #3426 ), #845, .F. ) ;
#79 = VERTEX_POINT ( 'NONE', #1955 ) ;
#80 = LINE ( 'NONE', #3916, #1491 ) ;
#81 = CARTESIAN_POINT ( 'NONE',  ( -13.44309202176727247, 1.000000000000000000, 0.000000000000000000 ) ) ;
#82 = DIRECTION ( 'NONE',  ( 0.7071067811865470176, 0.000000000000000000, 0.7071067811865481278 ) ) ;
#83 = ORIENTED_EDGE ( 'NONE', *, *, #3475, .T. ) ;
#84 = CARTESIAN_POINT ( 'NONE',  ( 1.387778780781445676E-14, 7.272000000000000242, -1.040834085586084257E-14 ) ) ;
#85 = ADVANCED_FACE ( 'NONE', ( #3845 ), #1480, .F. ) ;
#86 = DIRECTION ( 'NONE',  ( -0.7071067811865483499, 0.000000000000000000, 0.7071067811865467956 ) ) ;
#87 = CARTESIAN_POINT ( 'NONE',  ( 0.000000000000000000, 1.000000000000000000, -10.75413279027304014 ) ) ;
#88 = ADVANCED_FACE ( 'NONE', ( #4633 ), #4612, .T. ) ;
#89 = EDGE_LOOP ( 'NONE', ( #468, #849, #1218, #4514 ) ) ;
#90 = ORIENTED_EDGE ( 'NONE', *, *, #3761, .T. ) ;
#91 = CARTESIAN_POINT ( 'NONE',  ( 1.387778780781445676E-14, 1.000000000000000000, -5.075000000000010836 ) ) ;
#92 = EDGE_CURVE ( 'NONE', #1327, #4766, #3479, .T. ) ;
#93 = CARTESIAN_POINT ( 'NONE',  ( 27.72963113701214510, 13.08000000000000185, -14.72963113701126403 ) ) ;
#94 = DIRECTION ( 'NONE',  ( 0.7351537977934967660, 0.000000000000000000, -0.6779003566821590887 ) ) ;
#95 = EDGE_LOOP ( 'NONE', ( #2083, #2434, #312, #2555 ) ) ;
#96 = DIRECTION ( 'NONE',  ( -0.000000000000000000, -1.000000000000000000, -0.000000000000000000 ) ) ;
#97 = AXIS2_PLACEMENT_3D ( 'NONE', #631, #2942, #4386 ) ;
#98 = ORIENTED_EDGE ( 'NONE', *, *, #3425, .T. ) ;
#99 = CIRCLE ( 'NONE', #2003, 5.075000000000016165 ) ;
#100 = ORIENTED_EDGE ( 'NONE', *, *, #1601, .F. ) ;
#101 = VECTOR ( 'NONE', #1514, 1000.000000000000114 ) ;
#102 = CARTESIAN_POINT ( 'NONE',  ( 1.497996992704707624E-14, 7.272000000000000242, -9.000000000000008882 ) ) ;
#103 = EDGE_CURVE ( 'NONE', #128, #3928, #810, .T. ) ;
#104 = ORIENTED_EDGE ( 'NONE', *, *, #2230, .F. ) ;
#105 = EDGE_CURVE ( 'NONE', #3858, #4889, #2273, .T. ) ;
#106 = VECTOR ( 'NONE', #950, 1000.000000000000000 ) ;
#107 = CARTESIAN_POINT ( 'NONE',  ( -13.91782825093487830, 1.000000000000000888, 12.59705897006785236 ) ) ;
#108 = CARTESIAN_POINT ( 'NONE',  ( -10.77372380368598215, 7.987287814125306085, -15.79900000000000482 ) ) ;
#109 = DIRECTION ( 'NONE',  ( -0.6779003566821587556, 0.000000000000000000, -0.7351537977934968771 ) ) ;
#110 = EDGE_LOOP ( 'NONE', ( #3158, #4017, #3895, #851 ) ) ;
#111 = CARTESIAN_POINT ( 'NONE',  ( 0.000000000000000000, 13.08000000000000185, 0.000000000000000000 ) ) ;
#112 = AXIS2_PLACEMENT_3D ( 'NONE', #4399, #2114, #4299 ) ;
#113 = CARTESIAN_POINT ( 'NONE',  ( 2.494819145114761216, 1.000000000000000000, 2.494819145114766545 ) ) ;
#114 = PLANE ( 'NONE',  #1911 ) ;
#115 = ORIENTED_EDGE ( 'NONE', *, *, #1855, .T. ) ;
#116 = ORIENTED_EDGE ( 'NONE', *, *, #4283, .T. ) ;
#117 = VECTOR ( 'NONE', #4446, 1000.000000000000227 ) ;
#118 = VECTOR ( 'NONE', #1883, 1000.000000000000114 ) ;
#119 = ORIENTED_EDGE ( 'NONE', *, *, #4582, .F. ) ;
#120 = DIRECTION ( 'NONE',  ( 0.000000000000000000, 0.000000000000000000, 1.000000000000000000 ) ) ;
#122 = DIRECTION ( 'NONE',  ( 0.7071067811865463515, 0.000000000000000000, 0.7071067811865487940 ) ) ;
#121 = AXIS2_PLACEMENT_3D ( 'NONE', #2352, #3100, #4224 ) ;
#123 = DIRECTION ( 'NONE',  ( 0.7071067811865487940, 0.000000000000000000, -0.7071067811865463515 ) ) ;
#124 = EDGE_LOOP ( 'NONE', ( #27, #3926, #2474, #3111, #654, #4574, #4657, #4372, #3662, #1575, #822, #1249, #456, #1744, #4476, #4505, #572, #1161, #1004, #2676 ) ) ;
#125 = CARTESIAN_POINT ( 'NONE',  ( 27.91949999999999577, 11.00000000000000000, 7.435999999999999055 ) ) ;
#126 = B_SPLINE_CURVE_WITH_KNOTS ( 'NONE', 3,
 ( #3844, #362, #731, #36 ),
 .UNSPECIFIED., .F., .F.,
 ( 4, 4 ),
 ( 0.000000000000000000, 6.332016992527796052E-05 ),
 .UNSPECIFIED. ) ;
#127 = DIRECTION ( 'NONE',  ( -0.7351537977934969881, 0.000000000000000000, 0.6779003566821588667 ) ) ;
#128 = VERTEX_POINT ( 'NONE', #4263 ) ;
#129 = CIRCLE ( 'NONE', #1322, 18.03549999999999898 ) ;
#130 = ORIENTED_EDGE ( 'NONE', *, *, #1292, .T. ) ;
#131 = PLANE ( 'NONE',  #336 ) ;
#132 = ORIENTED_EDGE ( 'NONE', *, *, #1166, .T. ) ;
#133 = LINE ( 'NONE', #1043, #2128 ) ;
#134 = CARTESIAN_POINT ( 'NONE',  ( 33.00000000000001421, 0.000000000000000000, -13.17157287525383325 ) ) ;
#135 = CARTESIAN_POINT ( 'NONE',  ( -4.075000000000000178, 9.400000000000000355, 0.000000000000000000 ) ) ;
#136 = ADVANCED_FACE ( 'NONE', ( #764 ), #4173, .F. ) ;
#137 = ORIENTED_EDGE ( 'NONE', *, *, #4218, .F. ) ;
#138 = EDGE_CURVE ( 'NONE', #4897, #1516, #3450, .T. ) ;
#139 = ADVANCED_FACE ( 'NONE', ( #38 ), #3098, .T. ) ;
#140 = PLANE ( 'NONE',  #4885 ) ;
#141 = CARTESIAN_POINT ( 'NONE',  ( -13.44309202176727247, -0.000000000000000000, -10.75413279027304014 ) ) ;
#142 = FACE_OUTER_BOUND ( 'NONE', #193, .T. ) ;
#143 = ORIENTED_EDGE ( 'NONE', *, *, #3249, .T. ) ;
#144 = ORIENTED_EDGE ( 'NONE', *, *, #4696, .T. ) ;
#145 = ORIENTED_EDGE ( 'NONE', *, *, #1601, .T. ) ;
#146 = CARTESIAN_POINT ( 'NONE',  ( -13.44309202176727247, -0.000000000000000000, 0.000000000000000000 ) ) ;
#147 = VECTOR ( 'NONE', #1053, 1000.000000000000000 ) ;
#148 = DIRECTION ( 'NONE',  ( 0.000000000000000000, 1.000000000000000000, -0.000000000000000000 ) ) ;
#149 = LINE ( 'NONE', #2360, #2166 ) ;
#150 = ORIENTED_EDGE ( 'NONE', *, *, #3268, .F. ) ;
#151 = AXIS2_PLACEMENT_3D ( 'NONE', #2439, #2107, #2464 ) ;
#152 = DIRECTION ( 'NONE',  ( 0.000000000000000000, 0.000000000000000000, -1.000000000000000000 ) ) ;
#153 = LINE ( 'NONE', #4219, #1474 ) ;
#154 = ORIENTED_EDGE ( 'NONE', *, *, #2810, .F. ) ;
#155 = AXIS2_PLACEMENT_3D ( 'NONE', #3042, #4504, #1075 ) ;
#156 = EDGE_CURVE ( 'NONE', #835, #2919, #1973, .T. ) ;
#157 = VERTEX_POINT ( 'NONE', #3774 ) ;
#158 = DIRECTION ( 'NONE',  ( 1.000000000000000000, 0.000000000000000000, 1.064336476167203229E-16 ) ) ;
#159 = ORIENTED_EDGE ( 'NONE', *, *, #1688, .F. ) ;
#160 = DIRECTION ( 'NONE',  ( 0.000000000000000000, -1.000000000000000000, 0.000000000000000000 ) ) ;
#161 = DIRECTION ( 'NONE',  ( 0.000000000000000000, 0.000000000000000000, -1.000000000000000000 ) ) ;
#162 = CARTESIAN_POINT ( 'NONE',  ( -2.269035466658158917, 0.000000000000000000, -2.190792864359584424 ) ) ;
#163 = EDGE_LOOP ( 'NONE', ( #1533, #218, #2664 ) ) ;
#164 = DIRECTION ( 'NONE',  ( 0.000000000000000000, 0.000000000000000000, 1.000000000000000000 ) ) ;
#165 = DIRECTION ( 'NONE',  ( 0.000000000000000000, 0.000000000000000000, -1.000000000000000000 ) ) ;
#166 = CARTESIAN_POINT ( 'NONE',  ( -28.87152024816777640, 1.000000000000000888, -7.824260229855699578 ) ) ;
#167 = EDGE_CURVE ( 'NONE', #4617, #3128, #129, .T. ) ;
#168 = ORIENTED_EDGE ( 'NONE', *, *, #4122, .F. ) ;
#169 = ORIENTED_EDGE ( 'NONE', *, *, #4650, .T. ) ;
#170 = PRODUCT_DEFINITION_CONTEXT ( 'detailed design', #4356, 'design' ) ;
#171 = ORIENTED_EDGE ( 'NONE', *, *, #2872, .F. ) ;
#172 = DIRECTION ( 'NONE',  ( 0.000000000000000000, 0.000000000000000000, 1.000000000000000000 ) ) ;
#173 = EDGE_CURVE ( 'NONE', #264, #79, #2679, .T. ) ;
#174 = CARTESIAN_POINT ( 'NONE',  ( -7.500000000000043521, 13.08000000000000185, -17.37499999999955591 ) ) ;
#175 = EDGE_LOOP ( 'NONE', ( #3213, #749, #2701, #2093 ) ) ;
#176 = CARTESIAN_POINT ( 'NONE',  ( 0.000000000000000000, 1.000000000000000000, -2.190792864359584424 ) ) ;
#177 = CARTESIAN_POINT ( 'NONE',  ( -10.79222174222845965, 8.000000000000000000, -15.79900000000000482 ) ) ;
#178 = ORIENTED_EDGE ( 'NONE', *, *, #3761, .F. ) ;
#179 = VECTOR ( 'NONE', #3824, 1000.000000000000000 ) ;
#180 = ORIENTED_EDGE ( 'NONE', *, *, #2962, .T. ) ;
#181 = DIRECTION ( 'NONE',  ( 1.000000000000000000, 0.000000000000000000, 0.000000000000000000 ) ) ;
#182 = ORIENTED_EDGE ( 'NONE', *, *, #2644, .F. ) ;
#183 = VECTOR ( 'NONE', #3247, 1000.000000000000000 ) ;
#184 = CARTESIAN_POINT ( 'NONE',  ( 7.500000000000007105, 8.000000000000000000, 17.37500000000062172 ) ) ;
#185 = EDGE_CURVE ( 'NONE', #2784, #1348, #4594, .T. ) ;
#186 = LINE ( 'NONE', #4715, #758 ) ;
#187 = EDGE_LOOP ( 'NONE', ( #701, #4693, #2926, #1334 ) ) ;
#188 = ADVANCED_FACE ( 'NONE', ( #1509 ), #2849, .F. ) ;
#189 = DIRECTION ( 'NONE',  ( 1.000000000000000000, 0.000000000000000000, 0.000000000000000000 ) ) ;
#190 = CARTESIAN_POINT ( 'NONE',  ( 32.50000000000000711, 13.08000000000000185, 0.000000000000000000 ) ) ;
#191 = CARTESIAN_POINT ( 'NONE',  ( 0.000000000000000000, 1.000000000000000000, 6.484012889200524654 ) ) ;
#192 = ORIENTED_EDGE ( 'NONE', *, *, #3448, .T. ) ;
#193 = EDGE_LOOP ( 'NONE', ( #1086, #178, #3258, #1755 ) ) ;
#194 = ORIENTED_EDGE ( 'NONE', *, *, #560, .T. ) ;
#195 = CIRCLE ( 'NONE', #1702, 3.650000000000014566 ) ;
#196 = LINE ( 'NONE', #3187, #273 ) ;
#197 = CYLINDRICAL_SURFACE ( 'NONE', #4405, 1.549999999999999378 ) ;
#198 = VECTOR ( 'NONE', #4467, 1000.000000000000000 ) ;
#199 = AXIS2_PLACEMENT_3D ( 'NONE', #1807, #4915, #1830 ) ;
#200 = VERTEX_POINT ( 'NONE', #3228 ) ;
#201 = FACE_OUTER_BOUND ( 'NONE', #3340, .T. ) ;
#202 = EDGE_CURVE ( 'NONE', #2304, #1085, #910, .T. ) ;
#203 = DIRECTION ( 'NONE',  ( 0.000000000000000000, 0.000000000000000000, 1.000000000000000000 ) ) ;
#204 = ORIENTED_EDGE ( 'NONE', *, *, #1489, .T. ) ;
#205 = AXIS2_PLACEMENT_3D ( 'NONE', #3600, #4745, #4318 ) ;
#206 = VERTEX_POINT ( 'NONE', #135 ) ;
#207 = DIRECTION ( 'NONE',  ( 0.000000000000000000, 1.000000000000000000, -0.000000000000000000 ) ) ;
#208 = ORIENTED_EDGE ( 'NONE', *, *, #2869, .F. ) ;
#209 = DIRECTION ( 'NONE',  ( -0.7071067811865475727, 0.000000000000000000, -0.7071067811865475727 ) ) ;
#210 = LINE ( 'NONE', #1355, #2903 ) ;
#211 = VERTEX_POINT ( 'NONE', #1280 ) ;
#212 = FACE_OUTER_BOUND ( 'NONE', #1273, .T. ) ;
#213 = CARTESIAN_POINT ( 'NONE',  ( -27.00000000000000000, 4.999999999999999112, 0.000000000000000000 ) ) ;
#214 = EDGE_CURVE ( 'NONE', #3393, #3294, #2188, .T. ) ;
#215 = CARTESIAN_POINT ( 'NONE',  ( 1.387778780781445676E-14, 7.272000000000000242, -7.493000000000010985 ) ) ;
#216 = VERTEX_POINT ( 'NONE', #1333 ) ;
#217 = ORIENTED_EDGE ( 'NONE', *, *, #3608, .T. ) ;
#218 = ORIENTED_EDGE ( 'NONE', *, *, #1748, .T. ) ;
#219 = LINE ( 'NONE', #4752, #3058 ) ;
#220 = VECTOR ( 'NONE', #3517, 1000.000000000000114 ) ;
#221 = CARTESIAN_POINT ( 'NONE',  ( -26.61855252713964148, -0.000000000000000000, 0.000000000000000000 ) ) ;
#222 = ORIENTED_EDGE ( 'NONE', *, *, #3670, .T. ) ;
#223 = LINE ( 'NONE', #2090, #429 ) ;
#224 = DIRECTION ( 'NONE',  ( 1.000000000000000000, 0.000000000000000000, 0.000000000000000000 ) ) ;
#225 = ORIENTED_EDGE ( 'NONE', *, *, #560, .F. ) ;
#226 = EDGE_CURVE ( 'NONE', #3970, #2110, #2828, .T. ) ;
#227 = ORIENTED_EDGE ( 'NONE', *, *, #1773, .F. ) ;
#228 = AXIS2_PLACEMENT_3D ( 'NONE', #4666, #4690, #568 ) ;
#229 = DIRECTION ( 'NONE',  ( 0.000000000000000000, -0.000000000000000000, 1.000000000000000000 ) ) ;
#230 = ORIENTED_EDGE ( 'NONE', *, *, #2996, .T. ) ;
#231 = AXIS2_PLACEMENT_3D ( 'NONE', #2289, #4901, #1895 ) ;
#232 = CYLINDRICAL_SURFACE ( 'NONE', #4671, 21.51210508585769432 ) ;
#233 = CARTESIAN_POINT ( 'NONE',  ( 0.000000000000000000, 8.000000000000000000, -15.79899999999999416 ) ) ;
#234 = DIRECTION ( 'NONE',  ( 0.000000000000000000, 0.000000000000000000, -1.000000000000000000 ) ) ;
#235 = DIRECTION ( 'NONE',  ( 1.663433470114739878E-15, 0.000000000000000000, 1.000000000000000000 ) ) ;
#236 = CIRCLE ( 'NONE', #4288, 5.075000000000000178 ) ;
#237 = DIRECTION ( 'NONE',  ( 0.000000000000000000, 1.000000000000000000, -0.000000000000000000 ) ) ;
#238 = ORIENTED_EDGE ( 'NONE', *, *, #1995, .F. ) ;
#239 = ORIENTED_EDGE ( 'NONE', *, *, #3992, .F. ) ;
#240 = EDGE_CURVE ( 'NONE', #2304, #3782, #3998, .T. ) ;
#241 = CYLINDRICAL_SURFACE ( 'NONE', #3777, 1.999999999999998224 ) ;
#242 = CARTESIAN_POINT ( 'NONE',  ( 4.075000000000000178, 9.400000000000000355, -3.024896692450861124 ) ) ;
#243 = ORIENTED_EDGE ( 'NONE', *, *, #4156, .F. ) ;
#244 = LINE ( 'NONE', #3660, #4557 ) ;
#245 = CARTESIAN_POINT ( 'NONE',  ( 26.17157287525380482, 8.000000000000000000, -20.00000000000001776 ) ) ;
#246 = EDGE_CURVE ( 'NONE', #247, #4772, #958, .T. ) ;
#247 = VERTEX_POINT ( 'NONE', #1651 ) ;
#248 = CARTESIAN_POINT ( 'NONE',  ( 10.73669955355730821, 13.08000000000000185, 15.79900000000000126 ) ) ;
#249 = ORIENTED_EDGE ( 'NONE', *, *, #1418, .T. ) ;
#250 = CARTESIAN_POINT ( 'NONE',  ( 0.000000000000000000, 9.400000000000000355, 0.000000000000000000 ) ) ;
#251 = VECTOR ( 'NONE', #165, 1000.000000000000000 ) ;
#252 = VERTEX_POINT ( 'NONE', #4315 ) ;
#253 = EDGE_CURVE ( 'NONE', #2961, #2804, #2594, .T. ) ;
#254 = DIRECTION ( 'NONE',  ( -0.000000000000000000, -1.000000000000000000, -0.000000000000000000 ) ) ;
#255 = CARTESIAN_POINT ( 'NONE',  ( -15.21892165200937974, 8.000000000000000000, -9.678000000000002601 ) ) ;
#256 = EDGE_CURVE ( 'NONE', #4234, #3639, #448, .T. ) ;
#257 = CARTESIAN_POINT ( 'NONE',  ( 7.297903870784765878, 0.000000000000000000, -19.19999999999962625 ) ) ;
#258 = CIRCLE ( 'NONE', #3366, 1.999999999999994893 ) ;
#259 = EDGE_CURVE ( 'NONE', #4692, #252, #4765, .T. ) ;
#260 = LINE ( 'NONE', #1008, #1209 ) ;
#261 = CARTESIAN_POINT ( 'NONE',  ( -2.835042593315604265, 1.000000000000000000, -10.75413279027304014 ) ) ;
#262 = ORIENTED_EDGE ( 'NONE', *, *, #902, .F. ) ;
#263 = VECTOR ( 'NONE', #1632, 999.9999999999998863 ) ;
#264 = VERTEX_POINT ( 'NONE', #539 ) ;
#265 = CARTESIAN_POINT ( 'NONE',  ( 22.69035466658174371, 30.02194427534240262, -7.354804616064358314 ) ) ;
#266 = CARTESIAN_POINT ( 'NONE',  ( 7.500000000000007105, 8.000000000000000000, 17.37500000000062172 ) ) ;
#267 = EDGE_CURVE ( 'NONE', #3356, #1614, #186, .T. ) ;
#268 = VERTEX_POINT ( 'NONE', #3149 ) ;
#269 = FACE_OUTER_BOUND ( 'NONE', #1717, .T. ) ;
#270 = FACE_OUTER_BOUND ( 'NONE', #1213, .T. ) ;
#271 = EDGE_LOOP ( 'NONE', ( #4720, #4105, #2529, #2186 ) ) ;
#272 = VECTOR ( 'NONE', #1716, 1000.000000000000000 ) ;
#274 = FACE_OUTER_BOUND ( 'NONE', #3403, .T. ) ;
#273 = VECTOR ( 'NONE', #968, 1000.000000000000000 ) ;
#275 = EDGE_LOOP ( 'NONE', ( #3173, #1197, #2132, #3110 ) ) ;
#276 = FACE_OUTER_BOUND ( 'NONE', #4072, .T. ) ;
#277 = AXIS2_PLACEMENT_3D ( 'NONE', #4373, #1358, #3204 ) ;
#278 = EDGE_LOOP ( 'NONE', ( #3879, #2667 ) ) ;
#279 = AXIS2_PLACEMENT_3D ( 'NONE', #1407, #2171, #2971 ) ;
#280 = CARTESIAN_POINT ( 'NONE',  ( 22.69035466658174371, 0.000000000000000000, 7.824260229855831916 ) ) ;
#281 = AXIS2_PLACEMENT_3D ( 'NONE', #1398, #1347, #4014 ) ;
#282 = EDGE_CURVE ( 'NONE', #561, #62, #210, .T. ) ;
#283 = PLANE ( 'NONE',  #279 ) ;
#284 = VECTOR ( 'NONE', #2295, 1000.000000000000000 ) ;
#285 = FACE_OUTER_BOUND ( 'NONE', #1295, .T. ) ;
#286 = DIRECTION ( 'NONE',  ( 1.000000000000000000, 0.000000000000000000, 0.000000000000000000 ) ) ;
#287 = CARTESIAN_POINT ( 'NONE',  ( -27.91949999999999577, 13.08000000000000185, -7.435999999999999055 ) ) ;
#288 = EDGE_LOOP ( 'NONE', ( #4223, #1138, #3837, #2640 ) ) ;
#289 = ADVANCED_FACE ( 'NONE', ( #4389 ), #3894, .T. ) ;
#290 = EDGE_CURVE ( 'NONE', #3865, #4818, #523, .T. ) ;
#291 = ORIENTED_EDGE ( 'NONE', *, *, #3730, .T. ) ;
#292 = CARTESIAN_POINT ( 'NONE',  ( -32.99999999999998579, 13.08000000000000185, 13.17157287525381371 ) ) ;
#293 = PLANE ( 'NONE',  #4247 ) ;
#294 = ADVANCED_FACE ( 'NONE', ( #2433 ), #3201, .F. ) ;
#295 = EDGE_LOOP ( 'NONE', ( #4923, #4164 ) ) ;
#296 = LINE ( 'NONE', #4918, #28 ) ;
#297 = CARTESIAN_POINT ( 'NONE',  ( 13.45007162112024623, 1.000000000000000000, 0.000000000000000000 ) ) ;
#298 = FACE_OUTER_BOUND ( 'NONE', #299, .T. ) ;
#299 = EDGE_LOOP ( 'NONE', ( #1010, #4754, #4749, #4492 ) ) ;
#300 = LINE ( 'NONE', #1073, #3604 ) ;
#301 = VERTEX_POINT ( 'NONE', #2048 ) ;
#302 = DIRECTION ( 'NONE',  ( 0.000000000000000000, 0.000000000000000000, 1.000000000000000000 ) ) ;
#303 = EDGE_CURVE ( 'NONE', #2460, #1472, #3552, .T. ) ;
#304 = VERTEX_POINT ( 'NONE', #2458 ) ;
#305 = VECTOR ( 'NONE', #1078, 1000.000000000000000 ) ;
#306 = FACE_OUTER_BOUND ( 'NONE', #1725, .T. ) ;
#307 = DIRECTION ( 'NONE',  ( -0.000000000000000000, -1.000000000000000000, -0.000000000000000000 ) ) ;
#308 = LINE ( 'NONE', #3397, #3939 ) ;
#309 = CIRCLE ( 'NONE', #1584, 5.075000000000000178 ) ;
#310 = CARTESIAN_POINT ( 'NONE',  ( -28.87152024816777640, 4.000000000000000000, 2.425520671255319449 ) ) ;
#311 = DIRECTION ( 'NONE',  ( 0.000000000000000000, 1.000000000000000000, -0.000000000000000000 ) ) ;
#312 = ORIENTED_EDGE ( 'NONE', *, *, #3216, .T. ) ;
#313 = VERTEX_POINT ( 'NONE', #564 ) ;
#314 = CARTESIAN_POINT ( 'NONE',  ( 0.000000000000000000, 9.180000000000001492, 0.000000000000000000 ) ) ;
#315 = ADVANCED_FACE ( 'NONE', ( #2073 ), #3598, .T. ) ;
#316 = LINE ( 'NONE', #1014, #2104 ) ;
#317 = EDGE_CURVE ( 'NONE', #304, #4766, #329, .T. ) ;
#318 = VERTEX_POINT ( 'NONE', #4436 ) ;
#319 = EDGE_CURVE ( 'NONE', #4276, #2290, #4834, .T. ) ;
#320 = CARTESIAN_POINT ( 'NONE',  ( 27.72963113701214510, 10.97999999999997911, -14.72963113701126403 ) ) ;
#321 = FACE_OUTER_BOUND ( 'NONE', #3875, .T. ) ;
#322 = DIRECTION ( 'NONE',  ( 0.000000000000000000, 0.000000000000000000, 1.000000000000000000 ) ) ;
#323 = VERTEX_POINT ( 'NONE', #684 ) ;
#324 = CYLINDRICAL_SURFACE ( 'NONE', #1373, 22.03950000000000031 ) ;
#325 = ORIENTED_EDGE ( 'NONE', *, *, #3115, .T. ) ;
#326 = CARTESIAN_POINT ( 'NONE',  ( -4.074999999999984190, 9.180000000000001492, -3.024896692450848246 ) ) ;
#327 = ORIENTED_EDGE ( 'NONE', *, *, #4688, .F. ) ;
#328 = DIRECTION ( 'NONE',  ( -0.000000000000000000, -1.000000000000000000, -0.000000000000000000 ) ) ;
#329 = LINE ( 'NONE', #3695, #2581 ) ;
#330 = DIRECTION ( 'NONE',  ( 1.000000000000000000, 0.000000000000000000, -2.426000045187292115E-16 ) ) ;
#331 = CARTESIAN_POINT ( 'NONE',  ( 2.255762911107348501, 1.000000000000000000, 2.446277914852622803 ) ) ;
#332 = VECTOR ( 'NONE', #4510, 1000.000000000000000 ) ;
#333 = CARTESIAN_POINT ( 'NONE',  ( 0.000000000000000000, 1.000000000000000000, -10.75413279027304014 ) ) ;
#334 = CARTESIAN_POINT ( 'NONE',  ( -5.941219978984221051, 13.08000000000000185, -20.67540979971867898 ) ) ;
#335 = ORIENTED_EDGE ( 'NONE', *, *, #2909, .T. ) ;
#336 = AXIS2_PLACEMENT_3D ( 'NONE', #2790, #2425, #4709 ) ;
#337 = DIRECTION ( 'NONE',  ( -0.000000000000000000, -1.000000000000000000, -0.000000000000000000 ) ) ;
#338 = CIRCLE ( 'NONE', #3518, 22.03950000000000031 ) ;
#339 = LINE ( 'NONE', #716, #1550 ) ;
#340 = VECTOR ( 'NONE', #1258, 1000.000000000000000 ) ;
#341 = ORIENTED_EDGE ( 'NONE', *, *, #3465, .T. ) ;
#342 = DIRECTION ( 'NONE',  ( 0.000000000000000000, -0.000000000000000000, -1.000000000000000000 ) ) ;
#343 = LINE ( 'NONE', #4546, #2012 ) ;
#344 = CARTESIAN_POINT ( 'NONE',  ( 0.000000000000000000, 13.08000000000000185, 0.000000000000000000 ) ) ;
#345 = ORIENTED_EDGE ( 'NONE', *, *, #4189, .F. ) ;
#346 = EDGE_CURVE ( 'NONE', #4260, #3344, #2948, .T. ) ;
#347 = FACE_OUTER_BOUND ( 'NONE', #3938, .T. ) ;
#348 = ADVANCED_FACE ( 'NONE', ( #4090 ), #283, .F. ) ;
#349 = ORIENTED_EDGE ( 'NONE', *, *, #1873, .F. ) ;
#350 = DIRECTION ( 'NONE',  ( -0.000000000000000000, -1.000000000000000000, 0.000000000000000000 ) ) ;
#351 = VECTOR ( 'NONE', #4920, 1000.000000000000000 ) ;
#352 = EDGE_LOOP ( 'NONE', ( #4249, #4395, #2912, #2479 ) ) ;
#353 = AXIS2_PLACEMENT_3D ( 'NONE', #3010, #3358, #697 ) ;
#354 = CARTESIAN_POINT ( 'NONE',  ( 2.255762911107348501, 1.000000000000000000, 2.446277914852622803 ) ) ;
#355 = CARTESIAN_POINT ( 'NONE',  ( 0.000000000000000000, 8.000000000000000000, 0.000000000000000000 ) ) ;
#356 = CIRCLE ( 'NONE', #1391, 5.075000000000016165 ) ;
#357 = CARTESIAN_POINT ( 'NONE',  ( 32.50000000000000711, 13.08000000000000185, 0.000000000000000000 ) ) ;
#358 = ORIENTED_EDGE ( 'NONE', *, *, #1687, .F. ) ;
#359 = EDGE_CURVE ( 'NONE', #2787, #252, #2340, .T. ) ;
#360 = AXIS2_PLACEMENT_3D ( 'NONE', #3828, #4243, #12 ) ;
#361 = PLANE ( 'NONE',  #653 ) ;
#362 = CARTESIAN_POINT ( 'NONE',  ( 10.16082359894051734, 7.987298582603382435, 14.90091299917486189 ) ) ;
#363 = VECTOR ( 'NONE', #4045, 1000.000000000000000 ) ;
#364 = DIRECTION ( 'NONE',  ( 0.000000000000000000, 1.000000000000000000, -0.000000000000000000 ) ) ;
#365 = EDGE_CURVE ( 'NONE', #3368, #1882, #1079, .T. ) ;
#366 = ORIENTED_EDGE ( 'NONE', *, *, #1353, .T. ) ;
#367 = LINE ( 'NONE', #1413, #118 ) ;
#368 = ADVANCED_FACE ( 'NONE', ( #2524 ), #3722, .T. ) ;
#369 = DIRECTION ( 'NONE',  ( 0.000000000000000000, 1.000000000000000000, 0.000000000000000000 ) ) ;
#370 = CARTESIAN_POINT ( 'NONE',  ( 13.45007162112024623, 1.000000000000000000, 10.92364348134761087 ) ) ;
#371 = ORIENTED_EDGE ( 'NONE', *, *, #1687, .T. ) ;
#372 = DIRECTION ( 'NONE',  ( 0.000000000000000000, 0.000000000000000000, 1.000000000000000000 ) ) ;
#373 = APPLICATION_PROTOCOL_DEFINITION ( 'draft international standard', 'automotive_design', 1998, #4009 ) ;
#374 = DIRECTION ( 'NONE',  ( 0.000000000000000000, 0.000000000000000000, -1.000000000000000000 ) ) ;
#375 = ORIENTED_EDGE ( 'NONE', *, *, #922, .F. ) ;
#376 = CARTESIAN_POINT ( 'NONE',  ( -27.72963113701302618, 13.08000000000000185, 16.27963113701315834 ) ) ;
#377 = ORIENTED_EDGE ( 'NONE', *, *, #742, .F. ) ;
#378 = CARTESIAN_POINT ( 'NONE',  ( 32.50000000000000711, 13.08000000000000185, 7.435999999999996390 ) ) ;
#379 = EDGE_LOOP ( 'NONE', ( #1896, #3361, #2625 ) ) ;
#380 = EDGE_CURVE ( 'NONE', #2299, #4645, #2921, .T. ) ;
#381 = EDGE_CURVE ( 'NONE', #4544, #3618, #707, .T. ) ;
#382 = DIRECTION ( 'NONE',  ( -0.000000000000000000, -1.000000000000000000, -0.000000000000000000 ) ) ;
#383 = CARTESIAN_POINT ( 'NONE',  ( 0.000000000000000000, -0.000000000000000000, 14.92854154124080956 ) ) ;
#384 = EDGE_CURVE ( 'NONE', #547, #304, #1847, .T. ) ;
#385 = CARTESIAN_POINT ( 'NONE',  ( -7.486189597789579153, 1.000000000000000000, 6.903168580185106151 ) ) ;
#386 = VERTEX_POINT ( 'NONE', #255 ) ;
#387 = VECTOR ( 'NONE', #3345, 1000.000000000000000 ) ;
#388 = EDGE_CURVE ( 'NONE', #481, #1914, #1750, .T. ) ;
#389 = CARTESIAN_POINT ( 'NONE',  ( -7.500000000000043521, 8.000000000000000000, -21.02499999999957225 ) ) ;
#390 = DIRECTION ( 'NONE',  ( 0.000000000000000000, 0.000000000000000000, -1.000000000000000000 ) ) ;
#391 = CARTESIAN_POINT ( 'NONE',  ( -2.643762093426196272E-15, 8.000000000000000000, -9.678000000000006153 ) ) ;
#392 = ORIENTED_EDGE ( 'NONE', *, *, #1681, .F. ) ;
#393 = CIRCLE ( 'NONE', #151, 1.999999999999998224 ) ;
#394 = CARTESIAN_POINT ( 'NONE',  ( 13.24895193539232707, 1.000000000000000000, -13.24895193539185811 ) ) ;
#395 = AXIS2_PLACEMENT_3D ( 'NONE', #4163, #779, #1473 ) ;
#396 = LINE ( 'NONE', #3456, #4317 ) ;
#397 = ORIENTED_EDGE ( 'NONE', *, *, #3821, .T. ) ;
#398 = DIRECTION ( 'NONE',  ( 0.000000000000000000, 1.000000000000000000, 0.000000000000000000 ) ) ;
#399 = LINE ( 'NONE', #423, #2655 ) ;
#400 = ORIENTED_EDGE ( 'NONE', *, *, #4344, .T. ) ;
#401 = LINE ( 'NONE', #3413, #899 ) ;
#402 = EDGE_LOOP ( 'NONE', ( #2364, #2670, #740 ) ) ;
#403 = EDGE_CURVE ( 'NONE', #1520, #323, #2995, .T. ) ;
#404 = LINE ( 'NONE', #3741, #3095 ) ;
#405 = EDGE_CURVE ( 'NONE', #2484, #3272, #1006, .T. ) ;
#406 = ORIENTED_EDGE ( 'NONE', *, *, #628, .F. ) ;
#407 = LINE ( 'NONE', #55, #1182 ) ;
#408 = DIRECTION ( 'NONE',  ( 1.000000000000000000, 0.000000000000000000, 1.026439173501821373E-16 ) ) ;
#409 = LINE ( 'NONE', #2450, #3543 ) ;
#410 = ORIENTED_EDGE ( 'NONE', *, *, #4859, .T. ) ;
#411 = DIRECTION ( 'NONE',  ( 0.000000000000000000, -1.000000000000000000, 0.000000000000000000 ) ) ;
#412 = CARTESIAN_POINT ( 'NONE',  ( -2.269035466658158917, 4.000000000000000000, 2.425520671255319449 ) ) ;
#413 = FACE_OUTER_BOUND ( 'NONE', #4794, .T. ) ;
#414 = EDGE_LOOP ( 'NONE', ( #3196, #3003, #3719, #1074 ) ) ;
#415 = CARTESIAN_POINT ( 'NONE',  ( 12.34444290629390650, 0.000000000000000000, -7.354804616064358314 ) ) ;
#416 = AXIS2_PLACEMENT_3D ( 'NONE', #1431, #4768, #235 ) ;
#417 = LINE ( 'NONE', #14, #980 ) ;
#418 = DIRECTION ( 'NONE',  ( 0.000000000000000000, 1.000000000000000000, 0.000000000000000000 ) ) ;
#419 = EDGE_LOOP ( 'NONE', ( #4907, #3951, #4728, #1960 ) ) ;
#420 = LINE ( 'NONE', #4297, #2580 ) ;
#421 = SHAPE_DEFINITION_REPRESENTATION ( #1622, #2890 ) ;
#422 = AXIS2_PLACEMENT_3D ( 'NONE', #2310, #748, #1194 ) ;
#423 = CARTESIAN_POINT ( 'NONE',  ( 14.60007754174561612, 59.49607912135621035, -15.79899999999999416 ) ) ;
#424 = LINE ( 'NONE', #3064, #2405 ) ;
#425 = EDGE_LOOP ( 'NONE', ( #2561, #406, #1445, #4138, #3145 ) ) ;
#426 = FACE_OUTER_BOUND ( 'NONE', #124, .T. ) ;
#427 = ORIENTED_EDGE ( 'NONE', *, *, #3028, .T. ) ;
#428 = EDGE_CURVE ( 'NONE', #4544, #2395, #4098, .T. ) ;
#429 = VECTOR ( 'NONE', #4824, 1000.000000000000000 ) ;
#430 = FACE_OUTER_BOUND ( 'NONE', #1096, .T. ) ;
#431 = CARTESIAN_POINT ( 'NONE',  ( 27.58578643762695037, 13.08000000000000185, 21.41421356237306028 ) ) ;
#432 = VECTOR ( 'NONE', #1366, 1000.000000000000000 ) ;
#433 = LINE ( 'NONE', #3447, #3910 ) ;
#434 = CIRCLE ( 'NONE', #1311, 5.075000000000016165 ) ;
#435 = CARTESIAN_POINT ( 'NONE',  ( -4.003840961441642143, 0.000000000000000000, 3.692023660907946869 ) ) ;
#436 = CIRCLE ( 'NONE', #3223, 4.075000000000000178 ) ;
#437 = CARTESIAN_POINT ( 'NONE',  ( 13.45007162112024623, 1.000000000000000000, 1.426954622693663577 ) ) ;
#438 = ORIENTED_EDGE ( 'NONE', *, *, #3459, .F. ) ;
#439 = CARTESIAN_POINT ( 'NONE',  ( -2.277864482564229576, 1.000000000000000000, 5.563770962471759951 ) ) ;
#440 = CARTESIAN_POINT ( 'NONE',  ( 24.50000000000005684, 8.000000000000000000, 24.49999999999996092 ) ) ;
#441 = CARTESIAN_POINT ( 'NONE',  ( -22.58810389339260993, 0.000000000000000000, -2.190792864359584424 ) ) ;
#442 = ADVANCED_FACE ( 'NONE', ( #3275 ), #4783, .F. ) ;
#443 = VERTEX_POINT ( 'NONE', #1054 ) ;
#444 = VECTOR ( 'NONE', #664, 1000.000000000000000 ) ;
#445 = DIRECTION ( 'NONE',  ( -0.000000000000000000, -1.000000000000000000, -0.000000000000000000 ) ) ;
#446 = ADVANCED_FACE ( 'NONE', ( #982 ), #3346, .F. ) ;
#447 = PLANE ( 'NONE',  #514 ) ;
#448 = CIRCLE ( 'NONE', #3474, 18.03549999999999898 ) ;
#449 = DIRECTION ( 'NONE',  ( -0.000000000000000000, -1.000000000000000000, 0.000000000000000000 ) ) ;
#450 = EDGE_LOOP ( 'NONE', ( #2094, #2563, #2816, #1704 ) ) ;
#451 = DIRECTION ( 'NONE',  ( 0.000000000000000000, 1.000000000000000000, -0.000000000000000000 ) ) ;
#452 = ORIENTED_EDGE ( 'NONE', *, *, #4240, .T. ) ;
#453 = ORIENTED_EDGE ( 'NONE', *, *, #4429, .F. ) ;
#454 = LINE ( 'NONE', #4609, #4336 ) ;
#455 = EDGE_CURVE ( 'NONE', #3218, #2451, #614, .T. ) ;
#456 = ORIENTED_EDGE ( 'NONE', *, *, #476, .F. ) ;
#457 = ADVANCED_FACE ( 'NONE', ( #1875 ), #3396, .T. ) ;
#458 = DIRECTION ( 'NONE',  ( 0.000000000000000000, -1.000000000000000000, 0.000000000000000000 ) ) ;
#459 = CARTESIAN_POINT ( 'NONE',  ( -28.87152024816777640, 4.000000000000000000, -2.190792864359584424 ) ) ;
#460 = CARTESIAN_POINT ( 'NONE',  ( -10.97089639063331745, 8.000000000000000000, -18.50432645656072950 ) ) ;
#461 = ORIENTED_EDGE ( 'NONE', *, *, #2605, .T. ) ;
#462 = EDGE_CURVE ( 'NONE', #2341, #4897, #2671, .T. ) ;
#463 = CARTESIAN_POINT ( 'NONE',  ( -8.097834387349005070, 0.000000000000000000, 18.41705283365374513 ) ) ;
#464 = DIRECTION ( 'NONE',  ( -0.6779003566821587556, 0.000000000000000000, -0.7351537977934968771 ) ) ;
#465 = CARTESIAN_POINT ( 'NONE',  ( 28.63679244127212442, 1.000000000000000000, 6.484012889200524654 ) ) ;
#466 = VECTOR ( 'NONE', #2148, 1000.000000000000000 ) ;
#467 = AXIS2_PLACEMENT_3D ( 'NONE', #4887, #2876, #4392 ) ;
#468 = ORIENTED_EDGE ( 'NONE', *, *, #3307, .T. ) ;
#469 = DIRECTION ( 'NONE',  ( -0.000000000000000000, -1.000000000000000000, -0.000000000000000000 ) ) ;
#470 = EDGE_CURVE ( 'NONE', #62, #1522, #3627, .T. ) ;
#471 = CIRCLE ( 'NONE', #3497, 3.149999999999989697 ) ;
#472 = DIRECTION ( 'NONE',  ( 0.000000000000000000, 0.000000000000000000, 1.000000000000000000 ) ) ;
#473 = EDGE_CURVE ( 'NONE', #1156, #1620, #454, .T. ) ;
#474 = LINE ( 'NONE', #1982, #4312 ) ;
#475 = ORIENTED_EDGE ( 'NONE', *, *, #1831, .F. ) ;
#476 = EDGE_CURVE ( 'NONE', #805, #3615, #525, .T. ) ;
#477 = PLANE ( 'NONE',  #1104 ) ;
#478 = ORIENTED_EDGE ( 'NONE', *, *, #4909, .F. ) ;
#479 = VERTEX_POINT ( 'NONE', #431 ) ;
#480 = DIRECTION ( 'NONE',  ( 0.000000000000000000, 0.000000000000000000, 1.000000000000000000 ) ) ;
#481 = VERTEX_POINT ( 'NONE', #77 ) ;
#482 = CARTESIAN_POINT ( 'NONE',  ( 0.000000000000000000, 9.180000000000001492, 0.000000000000000000 ) ) ;
#483 = DIRECTION ( 'NONE',  ( 0.000000000000000000, 1.000000000000000000, 0.000000000000000000 ) ) ;
#484 = CARTESIAN_POINT ( 'NONE',  ( 25.96446609406946848, 1.000000000000000000, -1.754241817217168131E-12 ) ) ;
#485 = EDGE_LOOP ( 'NONE', ( #3983, #4184, #2739, #906, #66, #239, #3574, #1722, #3179 ) ) ;
#486 = DIRECTION ( 'NONE',  ( -0.7071067811865350272, 0.000000000000000000, -0.7071067811865600072 ) ) ;
#487 = CARTESIAN_POINT ( 'NONE',  ( -28.87152024816777640, 1.000000000000000888, 12.59705897006785058 ) ) ;
#488 = FACE_OUTER_BOUND ( 'NONE', #2510, .T. ) ;
#489 = ORIENTED_EDGE ( 'NONE', *, *, #540, .T. ) ;
#490 = VERTEX_POINT ( 'NONE', #1577 ) ;
#491 = VERTEX_POINT ( 'NONE', #1153 ) ;
#492 = DIRECTION ( 'NONE',  ( 0.000000000000000000, 0.000000000000000000, 1.000000000000000000 ) ) ;
#493 = LINE ( 'NONE', #21, #351 ) ;
#494 = CARTESIAN_POINT ( 'NONE',  ( 5.610824616411184351, 1.000000000000000000, -19.19999999999962625 ) ) ;
#495 = ORIENTED_EDGE ( 'NONE', *, *, #2944, .T. ) ;
#496 = DIRECTION ( 'NONE',  ( 0.000000000000000000, 0.000000000000000000, -1.000000000000000000 ) ) ;
#497 = VECTOR ( 'NONE', #1521, 1000.000000000000000 ) ;
#498 = CARTESIAN_POINT ( 'NONE',  ( -22.58810389339260993, 30.02194427534240262, -2.190792864359584424 ) ) ;
#499 = VERTEX_POINT ( 'NONE', #1594 ) ;
#500 = VECTOR ( 'NONE', #508, 999.9999999999998863 ) ;
#501 = EDGE_CURVE ( 'NONE', #1050, #4456, #3310, .T. ) ;
#502 = VERTEX_POINT ( 'NONE', #30 ) ;
#503 = VECTOR ( 'NONE', #3031, 1000.000000000000000 ) ;
#504 = EDGE_CURVE ( 'NONE', #866, #1117, #1476, .T. ) ;
#505 = CARTESIAN_POINT ( 'NONE',  ( -26.17157287525377640, 8.000000000000000000, 20.00000000000000355 ) ) ;
#506 = ORIENTED_EDGE ( 'NONE', *, *, #1199, .F. ) ;
#507 = VECTOR ( 'NONE', #2863, 1000.000000000000000 ) ;
#508 = DIRECTION ( 'NONE',  ( -0.7315897338801824468, 0.000000000000000000, 0.6817451586048293155 ) ) ;
#509 = FACE_OUTER_BOUND ( 'NONE', #2210, .T. ) ;
#510 = CARTESIAN_POINT ( 'NONE',  ( -7.500000000000043521, 13.08000000000000185, -17.37499999999955591 ) ) ;
#511 = COLOUR_RGB ( '',0.1098039215686274495, 0.1098039215686274495, 0.1098039215686274495 ) ;
#512 = ORIENTED_EDGE ( 'NONE', *, *, #3971, .T. ) ;
#513 = CARTESIAN_POINT ( 'NONE',  ( 7.500000000000007105, 0.000000000000000000, 15.82500000000062279 ) ) ;
#514 = AXIS2_PLACEMENT_3D ( 'NONE', #3809, #1216, #472 ) ;
#515 = CIRCLE ( 'NONE', #2819, 5.075000000000016165 ) ;
#516 = DIRECTION ( 'NONE',  ( 0.000000000000000000, 0.000000000000000000, 1.000000000000000000 ) ) ;
#517 = CARTESIAN_POINT ( 'NONE',  ( 27.72963113701214510, 13.08000000000000185, -17.87963113701126971 ) ) ;
#518 = ORIENTED_EDGE ( 'NONE', *, *, #428, .T. ) ;
#519 = ORIENTED_EDGE ( 'NONE', *, *, #2297, .T. ) ;
#520 = VECTOR ( 'NONE', #2750, 1000.000000000000000 ) ;
#521 = ORIENTED_EDGE ( 'NONE', *, *, #843, .F. ) ;
#522 = FACE_OUTER_BOUND ( 'NONE', #187, .T. ) ;
#523 = CIRCLE ( 'NONE', #4022, 1.549999999999995826 ) ;
#524 = CARTESIAN_POINT ( 'NONE',  ( 25.96446609407017903, -0.000000000000000000, 10.51234249137529275 ) ) ;
#525 = CIRCLE ( 'NONE', #4490, 5.075000000000016165 ) ;
#526 = CARTESIAN_POINT ( 'NONE',  ( -7.500000000000043521, 6.399999999999987921, -18.92499999999955662 ) ) ;
#527 = ORIENTED_EDGE ( 'NONE', *, *, #3027, .T. ) ;
#528 = LINE ( 'NONE', #3166, #2535 ) ;
#529 = PLANE ( 'NONE',  #2662 ) ;
#530 = ORIENTED_EDGE ( 'NONE', *, *, #4298, .T. ) ;
#531 = AXIS2_PLACEMENT_3D ( 'NONE', #2200, #1433, #3748 ) ;
#532 = EDGE_LOOP ( 'NONE', ( #3579, #785 ) ) ;
#533 = DIRECTION ( 'NONE',  ( -0.000000000000000000, -1.000000000000000000, -0.000000000000000000 ) ) ;
#534 = ORIENTED_EDGE ( 'NONE', *, *, #1203, .F. ) ;
#535 = EDGE_CURVE ( 'NONE', #157, #956, #2317, .T. ) ;
#536 = ADVANCED_FACE ( 'NONE', ( #1554 ), #4904, .F. ) ;
#537 = DIRECTION ( 'NONE',  ( -0.000000000000000000, -1.000000000000000000, -0.000000000000000000 ) ) ;
#538 = FACE_OUTER_BOUND ( 'NONE', #852, .T. ) ;
#539 = CARTESIAN_POINT ( 'NONE',  ( -15.36655977276631724, 13.08000000000000185, 15.79899999999999771 ) ) ;
#540 = EDGE_CURVE ( 'NONE', #2341, #1628, #1502, .T. ) ;
#541 = VERTEX_POINT ( 'NONE', #2673 ) ;
#542 = DIRECTION ( 'NONE',  ( 0.000000000000000000, 0.000000000000000000, 1.000000000000000000 ) ) ;
#543 = ADVANCED_FACE ( 'NONE', ( #4532 ), #727, .T. ) ;
#544 = LINE ( 'NONE', #2772, #251 ) ;
#545 = CARTESIAN_POINT ( 'NONE',  ( -8.097834387349005070, 1.000000000000000000, 18.41705283365374513 ) ) ;
#546 = ORIENTED_EDGE ( 'NONE', *, *, #2846, .F. ) ;
#547 = VERTEX_POINT ( 'NONE', #3473 ) ;
#548 = ORIENTED_EDGE ( 'NONE', *, *, #246, .T. ) ;
#549 = LINE ( 'NONE', #2880, #914 ) ;
#550 = AXIS2_PLACEMENT_3D ( 'NONE', #184, #2371, #1253 ) ;
#551 = DIRECTION ( 'NONE',  ( -0.000000000000000000, -1.000000000000000000, -0.000000000000000000 ) ) ;
#552 = DIRECTION ( 'NONE',  ( 0.000000000000000000, 0.000000000000000000, 1.000000000000000000 ) ) ;
#553 = EDGE_LOOP ( 'NONE', ( #3427, #1262, #2419, #3414 ) ) ;
#554 = DIRECTION ( 'NONE',  ( 0.000000000000000000, 0.000000000000000000, -1.000000000000000000 ) ) ;
#555 = FACE_OUTER_BOUND ( 'NONE', #3389, .T. ) ;
#556 = VERTEX_POINT ( 'NONE', #1124 ) ;
#557 = AXIS2_PLACEMENT_3D ( 'NONE', #3193, #4702, #152 ) ;
#558 = ORIENTED_EDGE ( 'NONE', *, *, #3755, .T. ) ;
#559 = CARTESIAN_POINT ( 'NONE',  ( -34.99999999999999289, 8.000000000000000000, 13.17157287525381371 ) ) ;
#560 = EDGE_CURVE ( 'NONE', #1829, #2958, #4193, .T. ) ;
#561 = VERTEX_POINT ( 'NONE', #2643 ) ;
#562 = CARTESIAN_POINT ( 'NONE',  ( -13.91782825093487830, 1.000000000000000000, 12.59705897006785236 ) ) ;
#563 = LINE ( 'NONE', #909, #4125 ) ;
#564 = CARTESIAN_POINT ( 'NONE',  ( -14.34271031720058609, 1.000000000000000888, 5.789952570093332085 ) ) ;
#565 = EDGE_LOOP ( 'NONE', ( #2633, #2688, #571, #327 ) ) ;
#566 = DIRECTION ( 'NONE',  ( 0.000000000000000000, -1.000000000000000000, 0.000000000000000000 ) ) ;
#567 = LINE ( 'NONE', #1236, #2494 ) ;
#568 = DIRECTION ( 'NONE',  ( 0.000000000000000000, 0.000000000000000000, 1.000000000000000000 ) ) ;
#569 = ORIENTED_EDGE ( 'NONE', *, *, #3032, .T. ) ;
#570 = EDGE_CURVE ( 'NONE', #2541, #4280, #2272, .T. ) ;
#571 = ORIENTED_EDGE ( 'NONE', *, *, #1630, .F. ) ;
#572 = ORIENTED_EDGE ( 'NONE', *, *, #2749, .F. ) ;
#573 = CARTESIAN_POINT ( 'NONE',  ( -2.277864482564229132, 1.000000000000000000, 5.563770962471760839 ) ) ;
#574 = CARTESIAN_POINT ( 'NONE',  ( -32.99999999999998579, 0.000000000000000000, -13.17157287525376397 ) ) ;
#575 = VERTEX_POINT ( 'NONE', #1899 ) ;
#576 = CARTESIAN_POINT ( 'NONE',  ( -22.58810389339260993, 1.000000000000000888, -7.824260229855703130 ) ) ;
#577 = DIRECTION ( 'NONE',  ( 0.000000000000000000, 0.000000000000000000, 1.000000000000000000 ) ) ;
#578 = ORIENTED_EDGE ( 'NONE', *, *, #1873, .T. ) ;
#579 = VECTOR ( 'NONE', #590, 1000.000000000000000 ) ;
#580 = ORIENTED_EDGE ( 'NONE', *, *, #2909, .F. ) ;
#581 = DIRECTION ( 'NONE',  ( -0.7071067811865462405, 0.000000000000000000, -0.7071067811865489050 ) ) ;
#582 = CIRCLE ( 'NONE', #4547, 3.650000000000014566 ) ;
#583 = EDGE_CURVE ( 'NONE', #4679, #491, #783, .T. ) ;
#584 = ORIENTED_EDGE ( 'NONE', *, *, #4117, .T. ) ;
#585 = VECTOR ( 'NONE', #3363, 1000.000000000000000 ) ;
#586 = CARTESIAN_POINT ( 'NONE',  ( 7.500000000000007105, 0.000000000000000000, 17.37500000000062172 ) ) ;
#587 = DIRECTION ( 'NONE',  ( 0.000000000000000000, 0.000000000000000000, 1.000000000000000000 ) ) ;
#588 = ORIENTED_EDGE ( 'NONE', *, *, #2559, .F. ) ;
#589 = CARTESIAN_POINT ( 'NONE',  ( 1.387778780781445676E-14, 9.900000000000000355, -1.040834085586084257E-14 ) ) ;
#590 = DIRECTION ( 'NONE',  ( 0.000000000000000000, 0.000000000000000000, -1.000000000000000000 ) ) ;
#591 = DIRECTION ( 'NONE',  ( -0.000000000000000000, -1.000000000000000000, -0.000000000000000000 ) ) ;
#592 = VERTEX_POINT ( 'NONE', #3817 ) ;
#593 = EDGE_LOOP ( 'NONE', ( #3099, #4060, #1754, #3815 ) ) ;
#594 = ORIENTED_EDGE ( 'NONE', *, *, #841, .F. ) ;
#595 = CIRCLE ( 'NONE', #2578, 2.124999999999999556 ) ;
#596 = LINE ( 'NONE', #945, #2656 ) ;
#597 =( GEOMETRIC_REPRESENTATION_CONTEXT ( 3 ) GLOBAL_UNCERTAINTY_ASSIGNED_CONTEXT ( ( #2803 ) ) GLOBAL_UNIT_ASSIGNED_CONTEXT ( ( #2229, #2207, #2256 ) ) REPRESENTATION_CONTEXT ( 'NONE', 'WORKASPACE' ) );
#598 = ADVANCED_FACE ( 'NONE', ( #1924, #1179 ), #2695, .T. ) ;
#599 = EDGE_CURVE ( 'NONE', #2791, #995, #2453, .T. ) ;
#600 = EDGE_CURVE ( 'NONE', #4338, #1412, #2014, .T. ) ;
#601 = CYLINDRICAL_SURFACE ( 'NONE', #112, 2.124999999999999112 ) ;
#602 = CIRCLE ( 'NONE', #2257, 3.650000000000014566 ) ;
#603 = CIRCLE ( 'NONE', #3621, 1.549999999999999378 ) ;
#604 = ORIENTED_EDGE ( 'NONE', *, *, #4582, .T. ) ;
#605 = DIRECTION ( 'NONE',  ( -0.000000000000000000, -1.000000000000000000, -0.000000000000000000 ) ) ;
#606 = CYLINDRICAL_SURFACE ( 'NONE', #3944, 2.000000000000001776 ) ;
#607 = ORIENTED_EDGE ( 'NONE', *, *, #4371, .F. ) ;
#608 = VECTOR ( 'NONE', #3697, 1000.000000000000000 ) ;
#609 = ORIENTED_EDGE ( 'NONE', *, *, #924, .F. ) ;
#610 = PLANE ( 'NONE',  #4002 ) ;
#611 = EDGE_LOOP ( 'NONE', ( #3742, #2915, #52 ) ) ;
#612 = DIRECTION ( 'NONE',  ( 0.000000000000000000, -0.000000000000000000, -1.000000000000000000 ) ) ;
#613 = EDGE_CURVE ( 'NONE', #3344, #2355, #3172, .T. ) ;
#614 = LINE ( 'NONE', #2127, #3863 ) ;
#615 = CARTESIAN_POINT ( 'NONE',  ( 1.339060624225659746, 0.000000000000000000, -6.395543330195828879 ) ) ;
#616 = LINE ( 'NONE', #2130, #3038 ) ;
#617 = DIRECTION ( 'NONE',  ( -0.000000000000000000, 1.000000000000000000, -0.000000000000000000 ) ) ;
#618 = ORIENTED_EDGE ( 'NONE', *, *, #3454, .T. ) ;
#619 = ORIENTED_EDGE ( 'NONE', *, *, #3434, .F. ) ;
#620 = EDGE_CURVE ( 'NONE', #1207, #3592, #1250, .T. ) ;
#621 = DIRECTION ( 'NONE',  ( 0.000000000000000000, 0.000000000000000000, 1.000000000000000000 ) ) ;
#622 = DIRECTION ( 'NONE',  ( 0.000000000000000000, 0.000000000000000000, 1.000000000000000000 ) ) ;
#623 = ORIENTED_EDGE ( 'NONE', *, *, #1020, .T. ) ;
#624 = DIRECTION ( 'NONE',  ( 0.000000000000000000, 0.000000000000000000, 1.000000000000000000 ) ) ;
#625 = CARTESIAN_POINT ( 'NONE',  ( -0.6044250350428709284, 1.000000000000000000, 10.92364348134761087 ) ) ;
#626 = EDGE_CURVE ( 'NONE', #1893, #2784, #2825, .T. ) ;
#627 = ORIENTED_EDGE ( 'NONE', *, *, #1266, .T. ) ;
#628 = EDGE_CURVE ( 'NONE', #670, #2299, #3995, .T. ) ;
#629 = ORIENTED_EDGE ( 'NONE', *, *, #2169, .T. ) ;
#630 = CIRCLE ( 'NONE', #2766, 2.000000000000001776 ) ;
#631 = CARTESIAN_POINT ( 'NONE',  ( 7.236702193784083192, 1.000000000000000000, -6.673111140951775155 ) ) ;
#632 = EDGE_CURVE ( 'NONE', #499, #4491, #818, .T. ) ;
#633 = ADVANCED_FACE ( 'NONE', ( #2070 ), #2394, .T. ) ;
#634 = ORIENTED_EDGE ( 'NONE', *, *, #3616, .T. ) ;
#635 = CARTESIAN_POINT ( 'NONE',  ( -13.44309202176727247, -0.000000000000000000, 0.000000000000000000 ) ) ;
#636 = CARTESIAN_POINT ( 'NONE',  ( -4.075000000000000178, 9.180000000000001492, -3.024896692450861124 ) ) ;
#637 = DIRECTION ( 'NONE',  ( 0.7071067811865500152, -0.000000000000000000, 0.7071067811865450192 ) ) ;
#638 = DIRECTION ( 'NONE',  ( 1.000000000000000000, 0.000000000000000000, -0.000000000000000000 ) ) ;
#639 = AXIS2_PLACEMENT_3D ( 'NONE', #3898, #4417, #1455 ) ;
#640 = CARTESIAN_POINT ( 'NONE',  ( 6.166749215642190585, 1.000000000000000000, -1.160122567305999386 ) ) ;
#641 = DIRECTION ( 'NONE',  ( 0.000000000000000000, 1.000000000000000000, 0.000000000000000000 ) ) ;
#642 = ORIENTED_EDGE ( 'NONE', *, *, #4151, .F. ) ;
#643 = DIRECTION ( 'NONE',  ( 0.000000000000000000, 0.6060432152628563163, 0.7954317200324985127 ) ) ;
#644 = CARTESIAN_POINT ( 'NONE',  ( 19.80090594518341618, 8.000000000000000000, 9.677999999999997272 ) ) ;
#645 = ORIENTED_EDGE ( 'NONE', *, *, #4357, .F. ) ;
#646 = DIRECTION ( 'NONE',  ( -0.000000000000000000, -1.000000000000000000, -0.000000000000000000 ) ) ;
#647 = CARTESIAN_POINT ( 'NONE',  ( -2.643762093426196272E-15, 13.08000000000000185, -9.678000000000006153 ) ) ;
#648 = ORIENTED_EDGE ( 'NONE', *, *, #661, .F. ) ;
#649 = ADVANCED_FACE ( 'NONE', ( #3545 ), #3112, .F. ) ;
#650 = DIRECTION ( 'NONE',  ( -0.000000000000000000, -1.000000000000000000, -0.000000000000000000 ) ) ;
#651 = ORIENTED_EDGE ( 'NONE', *, *, #2261, .F. ) ;
#652 = CARTESIAN_POINT ( 'NONE',  ( -28.87152024816777640, 4.000000000000000000, 2.425520671255319449 ) ) ;
#653 = AXIS2_PLACEMENT_3D ( 'NONE', #2647, #1905, #4144 ) ;
#654 = ORIENTED_EDGE ( 'NONE', *, *, #2779, .T. ) ;
#655 = EDGE_CURVE ( 'NONE', #1147, #3365, #1276, .T. ) ;
#656 = EDGE_CURVE ( 'NONE', #2466, #2080, #3594, .T. ) ;
#657 = CYLINDRICAL_SURFACE ( 'NONE', #2530, 21.51210508585769432 ) ;
#658 = DIRECTION ( 'NONE',  ( 0.000000000000000000, 0.000000000000000000, -1.000000000000000000 ) ) ;
#659 = LINE ( 'NONE', #2172, #608 ) ;
#660 = VECTOR ( 'NONE', #2542, 1000.000000000000000 ) ;
#661 = EDGE_CURVE ( 'NONE', #3928, #2576, #3142, .T. ) ;
#662 = CARTESIAN_POINT ( 'NONE',  ( 0.000000000000000000, 1.000000000000000000, -15.19171949462534421 ) ) ;
#663 = LINE ( 'NONE', #640, #2383 ) ;
#664 = DIRECTION ( 'NONE',  ( 0.000000000000000000, 1.000000000000000000, 0.000000000000000000 ) ) ;
#665 = ORIENTED_EDGE ( 'NONE', *, *, #4187, .F. ) ;
#666 = DIRECTION ( 'NONE',  ( 0.000000000000000000, 1.000000000000000000, -0.000000000000000000 ) ) ;
#667 = VECTOR ( 'NONE', #3806, 1000.000000000000000 ) ;
#668 = CARTESIAN_POINT ( 'NONE',  ( -13.25744361050139020, 1.000000000000000000, 13.25744361050134223 ) ) ;
#669 = ADVANCED_FACE ( 'NONE', ( #3221 ), #1671, .T. ) ;
#670 = VERTEX_POINT ( 'NONE', #3913 ) ;
#671 = DIRECTION ( 'NONE',  ( -0.000000000000000000, -1.000000000000000000, -0.000000000000000000 ) ) ;
#672 = DIRECTION ( 'NONE',  ( 1.000000000000000000, 0.000000000000000000, 0.000000000000000000 ) ) ;
#673 = VERTEX_POINT ( 'NONE', #2095 ) ;
#674 = VECTOR ( 'NONE', #4033, 1000.000000000000000 ) ;
#676 = DIRECTION ( 'NONE',  ( -0.000000000000000000, 1.000000000000000000, -0.000000000000000000 ) ) ;
#675 = CIRCLE ( 'NONE', #3696, 1.999999999999998224 ) ;
#677 = ORIENTED_EDGE ( 'NONE', *, *, #4729, .T. ) ;
#678 = LINE ( 'NONE', #4062, #183 ) ;
#679 = ORIENTED_EDGE ( 'NONE', *, *, #4151, .T. ) ;
#680 = CIRCLE ( 'NONE', #4177, 18.03549999999999898 ) ;
#681 = ORIENTED_EDGE ( 'NONE', *, *, #2962, .F. ) ;
#682 = AXIS2_PLACEMENT_3D ( 'NONE', #2741, #207, #480 ) ;
#683 = CARTESIAN_POINT ( 'NONE',  ( 0.000000000000000000, 59.49607912135621035, 0.000000000000000000 ) ) ;
#684 = CARTESIAN_POINT ( 'NONE',  ( -17.70714221603858718, 1.000000000000000000, 2.425520671255319005 ) ) ;
#685 = EDGE_CURVE ( 'NONE', #3812, #4889, #4259, .T. ) ;
#686 = ADVANCED_FACE ( 'NONE', ( #4281 ), #1619, .T. ) ;
#687 = CARTESIAN_POINT ( 'NONE',  ( -14.60007754174560546, 13.08000000000000185, -15.79900000000000482 ) ) ;
#688 = LINE ( 'NONE', #1803, #1602 ) ;
#689 = LINE ( 'NONE', #2575, #4054 ) ;
#690 = ADVANCED_FACE ( 'NONE', ( #4656 ), #131, .T. ) ;
#691 = CARTESIAN_POINT ( 'NONE',  ( -11.61512033809334099, 1.000000000000000000, 2.425520671255319005 ) ) ;
#692 = ORIENTED_EDGE ( 'NONE', *, *, #778, .T. ) ;
#693 = DIRECTION ( 'NONE',  ( 0.000000000000000000, 0.000000000000000000, 1.000000000000000000 ) ) ;
#694 = CARTESIAN_POINT ( 'NONE',  ( -13.44309202176727247, 1.000000000000000000, 0.000000000000000000 ) ) ;
#695 = ORIENTED_EDGE ( 'NONE', *, *, #4879, .T. ) ;
#696 = DIRECTION ( 'NONE',  ( -1.000000000000000000, 0.000000000000000000, 2.731723593124813718E-16 ) ) ;
#697 = DIRECTION ( 'NONE',  ( 0.000000000000000000, 0.000000000000000000, 1.000000000000000000 ) ) ;
#698 = DIRECTION ( 'NONE',  ( 0.000000000000000000, 1.000000000000000000, -0.000000000000000000 ) ) ;
#699 = EDGE_LOOP ( 'NONE', ( #2486, #4622, #2001, #1345 ) ) ;
#700 = DIRECTION ( 'NONE',  ( -0.000000000000000000, -1.000000000000000000, 0.000000000000000000 ) ) ;
#701 = ORIENTED_EDGE ( 'NONE', *, *, #3906, .F. ) ;
#702 = CARTESIAN_POINT ( 'NONE',  ( 0.000000000000000000, 9.180000000000001492, 0.000000000000000000 ) ) ;
#703 = ADVANCED_FACE ( 'NONE', ( #932 ), #4474, .F. ) ;
#704 = ORIENTED_EDGE ( 'NONE', *, *, #2143, .T. ) ;
#705 = VECTOR ( 'NONE', #1184, 1000.000000000000000 ) ;
#706 = CARTESIAN_POINT ( 'NONE',  ( 5.159609223152370916, 1.000000000000000000, 5.159609223152370916 ) ) ;
#707 = LINE ( 'NONE', #233, #3229 ) ;
#708 = DIRECTION ( 'NONE',  ( 0.000000000000000000, 0.000000000000000000, -1.000000000000000000 ) ) ;
#709 = VECTOR ( 'NONE', #2672, 1000.000000000000000 ) ;
#710 = CARTESIAN_POINT ( 'NONE',  ( 32.19999999998507434, 0.000000000000000000, 10.51234249137529275 ) ) ;
#711 = DIRECTION ( 'NONE',  ( 0.000000000000000000, -1.000000000000000000, 0.000000000000000000 ) ) ;
#712 = ORIENTED_EDGE ( 'NONE', *, *, #2314, .F. ) ;
#713 = ORIENTED_EDGE ( 'NONE', *, *, #613, .T. ) ;
#714 = DIRECTION ( 'NONE',  ( 0.000000000000000000, -1.000000000000000000, 0.000000000000000000 ) ) ;
#715 = EDGE_CURVE ( 'NONE', #1147, #54, #2238, .T. ) ;
#716 = CARTESIAN_POINT ( 'NONE',  ( -22.32345575165347284, 1.000000000000000000, -2.190792864359584424 ) ) ;
#717 = ORIENTED_EDGE ( 'NONE', *, *, #2908, .T. ) ;
#718 = LINE ( 'NONE', #1915, #1940 ) ;
#719 = CARTESIAN_POINT ( 'NONE',  ( -14.60007754174561789, 59.49607912135621035, -15.79900000000000482 ) ) ;
#720 = VERTEX_POINT ( 'NONE', #3271 ) ;
#721 = DIRECTION ( 'NONE',  ( -0.000000000000000000, -1.000000000000000000, -0.000000000000000000 ) ) ;
#722 = ORIENTED_EDGE ( 'NONE', *, *, #2323, .F. ) ;
#723 = EDGE_CURVE ( 'NONE', #805, #4902, #4084, .T. ) ;
#724 = CARTESIAN_POINT ( 'NONE',  ( 4.940084764552747032, 0.000000000000000000, -1.162405918358125234 ) ) ;
#725 = ORIENTED_EDGE ( 'NONE', *, *, #3667, .T. ) ;
#726 = LINE ( 'NONE', #3743, #2932 ) ;
#727 = PLANE ( 'NONE',  #1794 ) ;
#728 = CARTESIAN_POINT ( 'NONE',  ( -28.87152024816777640, 0.000000000000000000, -7.824260229855703130 ) ) ;
#729 = ORIENTED_EDGE ( 'NONE', *, *, #4636, .F. ) ;
#730 = DIRECTION ( 'NONE',  ( -0.000000000000000000, -1.000000000000000000, -0.000000000000000000 ) ) ;
#731 = CARTESIAN_POINT ( 'NONE',  ( 10.14688984225825408, 7.974600110889997318, 14.91040479333003077 ) ) ;
#732 = EDGE_LOOP ( 'NONE', ( #3605, #970, #4159, #371 ) ) ;
#733 = ORIENTED_EDGE ( 'NONE', *, *, #3553, .T. ) ;
#734 = DIRECTION ( 'NONE',  ( 0.000000000000000000, 0.000000000000000000, 1.000000000000000000 ) ) ;
#735 = VECTOR ( 'NONE', #4430, 1000.000000000000000 ) ;
#736 = VECTOR ( 'NONE', #2370, 1000.000000000000114 ) ;
#737 = DIRECTION ( 'NONE',  ( 0.000000000000000000, 0.000000000000000000, 1.000000000000000000 ) ) ;
#738 = DIRECTION ( 'NONE',  ( 0.000000000000000000, 1.000000000000000000, 0.000000000000000000 ) ) ;
#739 = AXIS2_PLACEMENT_3D ( 'NONE', #3489, #1269, #2280 ) ;
#740 = ORIENTED_EDGE ( 'NONE', *, *, #836, .T. ) ;
#741 = CARTESIAN_POINT ( 'NONE',  ( 0.000000000000000000, 9.400000000000000355, -4.075000000000000178 ) ) ;
#742 = EDGE_CURVE ( 'NONE', #4751, #1614, #2211, .T. ) ;
#743 = SURFACE_STYLE_USAGE ( .BOTH. , #1543 ) ;
#744 = AXIS2_PLACEMENT_3D ( 'NONE', #1140, #398, #4130 ) ;
#745 = DIRECTION ( 'NONE',  ( -0.000000000000000000, -1.000000000000000000, -0.000000000000000000 ) ) ;
#746 = EDGE_LOOP ( 'NONE', ( #3757, #3220, #4674, #194, #594 ) ) ;
#747 = CIRCLE ( 'NONE', #2101, 1.999999999999994893 ) ;
#748 = DIRECTION ( 'NONE',  ( 0.000000000000000000, 1.000000000000000000, -0.000000000000000000 ) ) ;
#749 = ORIENTED_EDGE ( 'NONE', *, *, #3457, .F. ) ;
#750 = DIRECTION ( 'NONE',  ( 0.000000000000000000, -0.000000000000000000, -1.000000000000000000 ) ) ;
#751 = AXIS2_PLACEMENT_3D ( 'NONE', #1071, #698, #322 ) ;
#752 = ORIENTED_EDGE ( 'NONE', *, *, #359, .T. ) ;
#753 = VECTOR ( 'NONE', #1934, 1000.000000000000000 ) ;
#754 = CARTESIAN_POINT ( 'NONE',  ( -19.80090594518341973, 13.08000000000000185, 9.677999999999999048 ) ) ;
#755 = VECTOR ( 'NONE', #2931, 1000.000000000000000 ) ;
#756 = DIRECTION ( 'NONE',  ( 0.000000000000000000, 1.000000000000000000, -0.000000000000000000 ) ) ;
#757 = VECTOR ( 'NONE', #1132, 1000.000000000000114 ) ;
#758 = VECTOR ( 'NONE', #3178, 1000.000000000000000 ) ;
#759 = CARTESIAN_POINT ( 'NONE',  ( -1.166576167306326222E-14, 0.000000000000000000, -22.00000000000000000 ) ) ;
#760 = VERTEX_POINT ( 'NONE', #652 ) ;
#761 = AXIS2_PLACEMENT_3D ( 'NONE', #1451, #2572, #3767 ) ;
#762 = LINE ( 'NONE', #2677, #4461 ) ;
#763 = LINE ( 'NONE', #4565, #1897 ) ;
#764 = FACE_OUTER_BOUND ( 'NONE', #699, .T. ) ;
#765 = ORIENTED_EDGE ( 'NONE', *, *, #1088, .F. ) ;
#766 = PLANE ( 'NONE',  #2897 ) ;
#767 = VECTOR ( 'NONE', #61, 1000.000000000000000 ) ;
#768 = DIRECTION ( 'NONE',  ( -0.000000000000000000, -1.000000000000000000, -0.000000000000000000 ) ) ;
#769 = CARTESIAN_POINT ( 'NONE',  ( -0.6044250350428709284, 0.000000000000000000, 10.92364348134761087 ) ) ;
#770 = ADVANCED_FACE ( 'NONE', ( #1426 ), #2499, .T. ) ;
#771 = ORIENTED_EDGE ( 'NONE', *, *, #473, .T. ) ;
#772 = CARTESIAN_POINT ( 'NONE',  ( -16.11595495523244281, 1.000000000000000000, -2.455441006098721513 ) ) ;
#773 =( NAMED_UNIT ( * ) SI_UNIT ( $, .STERADIAN. ) SOLID_ANGLE_UNIT ( ) );
#774 = CARTESIAN_POINT ( 'NONE',  ( -16.11595495523244281, 0.000000000000000000, -2.455441006098721513 ) ) ;
#775 = ORIENTED_EDGE ( 'NONE', *, *, #992, .F. ) ;
#776 = PLANE ( 'NONE',  #1297 ) ;
#777 = ORIENTED_EDGE ( 'NONE', *, *, #2366, .F. ) ;
#778 = EDGE_CURVE ( 'NONE', #3116, #3976, #2145, .T. ) ;
#779 = DIRECTION ( 'NONE',  ( -0.000000000000000000, -1.000000000000000000, -0.000000000000000000 ) ) ;
#780 = EDGE_LOOP ( 'NONE', ( #1684, #4737, #132, #230, #4819 ) ) ;
#781 = EDGE_CURVE ( 'NONE', #4748, #2241, #300, .T. ) ;
#782 = LINE ( 'NONE', #3044, #709 ) ;
#783 = LINE ( 'NONE', #383, #284 ) ;
#784 = LINE ( 'NONE', #3074, #4487 ) ;
#785 = ORIENTED_EDGE ( 'NONE', *, *, #49, .F. ) ;
#786 = VECTOR ( 'NONE', #3825, 1000.000000000000114 ) ;
#787 = CARTESIAN_POINT ( 'NONE',  ( -11.61512033809334099, 1.000000000000000000, 2.425520671255319893 ) ) ;
#788 = LINE ( 'NONE', #4511, #3807 ) ;
#789 = DIRECTION ( 'NONE',  ( 1.000000000000000000, 0.000000000000000000, 0.000000000000000000 ) ) ;
#790 = ORIENTED_EDGE ( 'NONE', *, *, #1284, .T. ) ;
#791 = CARTESIAN_POINT ( 'NONE',  ( 27.00000000000000000, 11.00000000000000000, 2.124999999999992895 ) ) ;
#792 = AXIS2_PLACEMENT_3D ( 'NONE', #1501, #3417, #1152 ) ;
#793 = PLANE ( 'NONE',  #1137 ) ;
#794 = LINE ( 'NONE', #3431, #4881 ) ;
#795 = VERTEX_POINT ( 'NONE', #3295 ) ;
#796 = CARTESIAN_POINT ( 'NONE',  ( -13.44309202176727247, 1.000000000000000000, 0.000000000000000000 ) ) ;
#797 = LINE ( 'NONE', #1981, #4016 ) ;
#798 = PLANE ( 'NONE',  #1534 ) ;
#799 = VERTEX_POINT ( 'NONE', #3715 ) ;
#800 = DIRECTION ( 'NONE',  ( -1.000000000000000000, 0.000000000000000000, 0.000000000000000000 ) ) ;
#801 = ORIENTED_EDGE ( 'NONE', *, *, #2261, .T. ) ;
#802 = DIRECTION ( 'NONE',  ( -0.000000000000000000, -1.000000000000000000, -0.000000000000000000 ) ) ;
#803 = DIRECTION ( 'NONE',  ( 0.000000000000000000, 0.000000000000000000, 1.000000000000000000 ) ) ;
#804 = CARTESIAN_POINT ( 'NONE',  ( 9.344217704628091425, 0.000000000000000000, -5.266477053725039603 ) ) ;
#805 = VERTEX_POINT ( 'NONE', #4806 ) ;
#806 = EDGE_CURVE ( 'NONE', #1993, #2110, #1403, .T. ) ;
#807 = ADVANCED_FACE ( 'NONE', ( #2591 ), #610, .T. ) ;
#808 = DIRECTION ( 'NONE',  ( -0.000000000000000000, -1.000000000000000000, -0.000000000000000000 ) ) ;
#809 = LINE ( 'NONE', #2245, #65 ) ;
#810 = LINE ( 'NONE', #2277, #1637 ) ;
#811 = EDGE_LOOP ( 'NONE', ( #3686, #4099 ) ) ;
#812 = FACE_OUTER_BOUND ( 'NONE', #1490, .T. ) ;
#813 = AXIS2_PLACEMENT_3D ( 'NONE', #1879, #3423, #1530 ) ;
#814 = CARTESIAN_POINT ( 'NONE',  ( 9.773181806518490333, 1.000000000000000000, -9.773181806518474346 ) ) ;
#815 = PRESENTATION_STYLE_ASSIGNMENT (( #1604 ) ) ;
#816 = ORIENTED_EDGE ( 'NONE', *, *, #1267, .F. ) ;
#817 = CARTESIAN_POINT ( 'NONE',  ( 27.72963113701214510, 0.000000000000000000, -16.27963113701125764 ) ) ;
#818 = CIRCLE ( 'NONE', #2491, 3.650000000000014566 ) ;
#819 = CARTESIAN_POINT ( 'NONE',  ( 4.224234396036524191E-15, 13.08000000000000185, 7.436000000000015042 ) ) ;
#820 = EDGE_CURVE ( 'NONE', #3308, #4761, #4432, .T. ) ;
#821 = DIRECTION ( 'NONE',  ( -0.000000000000000000, 0.000000000000000000, 1.000000000000000000 ) ) ;
#822 = ORIENTED_EDGE ( 'NONE', *, *, #2496, .T. ) ;
#823 = DIRECTION ( 'NONE',  ( -0.000000000000000000, -1.000000000000000000, -0.000000000000000000 ) ) ;
#824 = EDGE_LOOP ( 'NONE', ( #1330, #1908, #2192, #3352 ) ) ;
#825 = VECTOR ( 'NONE', #671, 1000.000000000000000 ) ;
#826 = VERTEX_POINT ( 'NONE', #1047 ) ;
#827 = CARTESIAN_POINT ( 'NONE',  ( -7.500000000000043521, 8.000000000000000000, -17.37499999999955591 ) ) ;
#828 = VECTOR ( 'NONE', #622, 1000.000000000000000 ) ;
#829 = CIRCLE ( 'NONE', #1385, 21.51210508585769432 ) ;
#830 = CARTESIAN_POINT ( 'NONE',  ( -4.457855367024930793, 1.000000000000000000, 2.425520671255319449 ) ) ;
#831 =( GEOMETRIC_REPRESENTATION_CONTEXT ( 3 ) GLOBAL_UNCERTAINTY_ASSIGNED_CONTEXT ( ( #3856 ) ) GLOBAL_UNIT_ASSIGNED_CONTEXT ( ( #3125, #1136, #4541 ) ) REPRESENTATION_CONTEXT ( 'NONE', 'WORKASPACE' ) );
#832 = CARTESIAN_POINT ( 'NONE',  ( 10.73669955355730821, 7.961904761904749606, 15.79900000000000126 ) ) ;
#833 = VECTOR ( 'NONE', #4493, 1000.000000000000000 ) ;
#834 = CARTESIAN_POINT ( 'NONE',  ( -7.500000000000043521, 13.08000000000000185, -17.37499999999955591 ) ) ;
#835 = VERTEX_POINT ( 'NONE', #1372 ) ;
#836 = EDGE_CURVE ( 'NONE', #3043, #3393, #582, .T. ) ;
#837 = PLANE ( 'NONE',  #1555 ) ;
#838 = AXIS2_PLACEMENT_3D ( 'NONE', #3231, #2852, #912 ) ;
#839 = AXIS2_PLACEMENT_3D ( 'NONE', #3, #2716, #4236 ) ;
#841 = EDGE_CURVE ( 'NONE', #2595, #2958, #3689, .T. ) ;
#840 = PLANE ( 'NONE',  #2886 ) ;
#842 = CARTESIAN_POINT ( 'NONE',  ( 1.387778780781445676E-14, 1.000000000000000000, -1.040834085586084257E-14 ) ) ;
#843 = EDGE_CURVE ( 'NONE', #4133, #3858, #678, .T. ) ;
#844 = ORIENTED_EDGE ( 'NONE', *, *, #2660, .T. ) ;
#845 = CONICAL_SURFACE ( 'NONE', #2746, 3.149999999999989697, 0.6510767214444789230 ) ;
#846 = DIRECTION ( 'NONE',  ( -1.000000000000000000, 0.000000000000000000, 0.000000000000000000 ) ) ;
#847 = FACE_OUTER_BOUND ( 'NONE', #1839, .T. ) ;
#848 = DIRECTION ( 'NONE',  ( 1.000000000000000000, 0.000000000000000000, 0.000000000000000000 ) ) ;
#849 = ORIENTED_EDGE ( 'NONE', *, *, #1721, .F. ) ;
#850 = DIRECTION ( 'NONE',  ( 1.000000000000000000, 0.000000000000000000, 0.000000000000000000 ) ) ;
#851 = ORIENTED_EDGE ( 'NONE', *, *, #3246, .T. ) ;
#852 = EDGE_LOOP ( 'NONE', ( #4129, #4433, #1484, #3210 ) ) ;
#853 = CARTESIAN_POINT ( 'NONE',  ( -13.25744361050139020, 1.000000000000000000, 13.25744361050134223 ) ) ;
#854 = ADVANCED_FACE ( 'NONE', ( #276 ), #4760, .T. ) ;
#855 = ORIENTED_EDGE ( 'NONE', *, *, #3525, .F. ) ;
#856 = DIRECTION ( 'NONE',  ( -0.000000000000000000, -1.000000000000000000, -0.000000000000000000 ) ) ;
#857 = LINE ( 'NONE', #3893, #3804 ) ;
#858 = CARTESIAN_POINT ( 'NONE',  ( -26.17157287525377640, 8.000000000000000000, 22.00000000000000711 ) ) ;
#859 = ORIENTED_EDGE ( 'NONE', *, *, #4630, .T. ) ;
#860 = DIRECTION ( 'NONE',  ( -0.000000000000000000, -1.000000000000000000, -0.000000000000000000 ) ) ;
#861 = LINE ( 'NONE', #1996, #3048 ) ;
#862 = PLANE ( 'NONE',  #639 ) ;
#863 = VECTOR ( 'NONE', #4029, 1000.000000000000000 ) ;
#864 = ORIENTED_EDGE ( 'NONE', *, *, #2044, .F. ) ;
#865 = VERTEX_POINT ( 'NONE', #1796 ) ;
#866 = VERTEX_POINT ( 'NONE', #1351 ) ;
#867 = DIRECTION ( 'NONE',  ( 0.000000000000000000, 0.000000000000000000, 1.000000000000000000 ) ) ;
#868 = ADVANCED_FACE ( 'NONE', ( #1443 ), #3319, .T. ) ;
#869 = ADVANCED_FACE ( 'NONE', ( #4041 ), #776, .T. ) ;
#870 = EDGE_CURVE ( 'NONE', #4897, #2946, #1171, .T. ) ;
#871 = DIRECTION ( 'NONE',  ( 1.000000000000000000, 0.000000000000000000, -1.365861796562406859E-16 ) ) ;
#872 = FACE_OUTER_BOUND ( 'NONE', #288, .T. ) ;
#873 = VERTEX_POINT ( 'NONE', #1892 ) ;
#874 = CARTESIAN_POINT ( 'NONE',  ( 5.610824616411184351, 1.000000000000000000, -19.19999999999962625 ) ) ;
#875 = VERTEX_POINT ( 'NONE', #2286 ) ;
#876 = VECTOR ( 'NONE', #591, 1000.000000000000000 ) ;
#877 = ORIENTED_EDGE ( 'NONE', *, *, #1537, .F. ) ;
#878 = DIRECTION ( 'NONE',  ( 0.000000000000000000, 0.000000000000000000, 1.000000000000000000 ) ) ;
#879 = ADVANCED_FACE ( 'NONE', ( #4134 ), #3836, .F. ) ;
#880 = EDGE_LOOP ( 'NONE', ( #3008, #4667, #3510, #32 ) ) ;
#881 = DIRECTION ( 'NONE',  ( -0.000000000000000000, 1.000000000000000000, -0.000000000000000000 ) ) ;
#882 = DIRECTION ( 'NONE',  ( 5.302618942301481932E-16, -0.000000000000000000, 1.000000000000000000 ) ) ;
#883 = DIRECTION ( 'NONE',  ( 0.000000000000000000, 1.000000000000000000, -0.000000000000000000 ) ) ;
#884 = EDGE_LOOP ( 'NONE', ( #580, #2191, #2042, #4418 ) ) ;
#885 = LINE ( 'NONE', #2305, #520 ) ;
#886 = DIRECTION ( 'NONE',  ( 0.000000000000000000, 0.000000000000000000, -1.000000000000000000 ) ) ;
#887 = CARTESIAN_POINT ( 'NONE',  ( 27.00000000000000000, 11.00000000000000000, -6.613092715395707467E-15 ) ) ;
#888 = ORIENTED_EDGE ( 'NONE', *, *, #346, .T. ) ;
#889 = VERTEX_POINT ( 'NONE', #3758 ) ;
#890 = ORIENTED_EDGE ( 'NONE', *, *, #3262, .T. ) ;
#891 = CARTESIAN_POINT ( 'NONE',  ( -34.41421356237309936, 13.08000000000000185, -14.58578643762685445 ) ) ;
#892 = AXIS2_PLACEMENT_3D ( 'NONE', #4837, #1382, #2875 ) ;
#893 = DIRECTION ( 'NONE',  ( -0.000000000000000000, -1.000000000000000000, -0.000000000000000000 ) ) ;
#894 = CARTESIAN_POINT ( 'NONE',  ( 27.91949999999999932, 11.00000000000000000, 9.677999999999997272 ) ) ;
#895 = ORIENTED_EDGE ( 'NONE', *, *, #1537, .T. ) ;
#896 = ADVANCED_FACE ( 'NONE', ( #347 ), #1212, .F. ) ;
#897 = EDGE_CURVE ( 'NONE', #4055, #4384, #4924, .T. ) ;
#898 = CARTESIAN_POINT ( 'NONE',  ( -34.99999999999999289, 0.000000000000000000, -13.17157287525376397 ) ) ;
#899 = VECTOR ( 'NONE', #1942, 1000.000000000000000 ) ;
#900 = FACE_OUTER_BOUND ( 'NONE', #1901, .T. ) ;
#901 = VERTEX_POINT ( 'NONE', #2334 ) ;
#902 = EDGE_CURVE ( 'NONE', #4766, #3151, #401, .T. ) ;
#903 = ORIENTED_EDGE ( 'NONE', *, *, #2214, .F. ) ;
#904 = AXIS2_PLACEMENT_3D ( 'NONE', #4225, #64, #737 ) ;
#905 = DIRECTION ( 'NONE',  ( -0.000000000000000000, -1.000000000000000000, -0.000000000000000000 ) ) ;
#906 = ORIENTED_EDGE ( 'NONE', *, *, #2350, .F. ) ;
#907 = AXIS2_PLACEMENT_3D ( 'NONE', #2138, #4845, #342 ) ;
#908 = CARTESIAN_POINT ( 'NONE',  ( 0.000000000000000000, 11.00000000000000000, 0.000000000000000000 ) ) ;
#909 = CARTESIAN_POINT ( 'NONE',  ( -34.99999999999999289, 0.000000000000000000, 0.000000000000000000 ) ) ;
#910 = LINE ( 'NONE', #2478, #1560 ) ;
#911 = ORIENTED_EDGE ( 'NONE', *, *, #1418, .F. ) ;
#912 = DIRECTION ( 'NONE',  ( 0.000000000000000000, -0.000000000000000000, 1.000000000000000000 ) ) ;
#913 = AXIS2_PLACEMENT_3D ( 'NONE', #1468, #2613, #2758 ) ;
#914 = VECTOR ( 'NONE', #3656, 1000.000000000000000 ) ;
#915 = CARTESIAN_POINT ( 'NONE',  ( 7.500000000000007105, 13.08000000000000185, 17.37500000000062172 ) ) ;
#916 = DIRECTION ( 'NONE',  ( 0.7071067811865461294, 0.000000000000000000, -0.7071067811865489050 ) ) ;
#917 = ORIENTED_EDGE ( 'NONE', *, *, #2752, .F. ) ;
#918 = ORIENTED_EDGE ( 'NONE', *, *, #2714, .F. ) ;
#919 = VECTOR ( 'NONE', #3802, 1000.000000000000000 ) ;
#920 = VERTEX_POINT ( 'NONE', #3811 ) ;
#921 = CARTESIAN_POINT ( 'NONE',  ( -26.61855252713964148, -0.000000000000000000, -15.19171949462534421 ) ) ;
#922 = EDGE_CURVE ( 'NONE', #2820, #4751, #4501, .T. ) ;
#923 = CARTESIAN_POINT ( 'NONE',  ( 7.500000000000007105, 8.000000000000000000, 21.02500000000063807 ) ) ;
#924 = EDGE_CURVE ( 'NONE', #3589, #3151, #3040, .T. ) ;
#925 = AXIS2_PLACEMENT_3D ( 'NONE', #1201, #3496, #3093 ) ;
#926 = DIRECTION ( 'NONE',  ( 0.000000000000000000, 1.000000000000000000, -0.000000000000000000 ) ) ;
#927 = ORIENTED_EDGE ( 'NONE', *, *, #781, .T. ) ;
#928 = DIRECTION ( 'NONE',  ( 1.000000000000000000, 0.000000000000000000, 0.000000000000000000 ) ) ;
#929 = CARTESIAN_POINT ( 'NONE',  ( 7.500000000000007105, 6.399999999999987033, 18.92500000000062244 ) ) ;
#930 = VERTEX_POINT ( 'NONE', #4552 ) ;
#931 = EDGE_LOOP ( 'NONE', ( #1660, #1845, #2071, #3805 ) ) ;
#932 = FACE_OUTER_BOUND ( 'NONE', #4778, .T. ) ;
#933 = ORIENTED_EDGE ( 'NONE', *, *, #3459, .T. ) ;
#934 = ADVANCED_FACE ( 'NONE', ( #2687 ), #798, .T. ) ;
#935 = CARTESIAN_POINT ( 'NONE',  ( -4.577778022738876018, 4.000000000000000000, -2.190792864359584424 ) ) ;
#936 = LINE ( 'NONE', #3200, #2611 ) ;
#937 = DIRECTION ( 'NONE',  ( 0.000000000000000000, 0.000000000000000000, 1.000000000000000000 ) ) ;
#938 = VERTEX_POINT ( 'NONE', #1919 ) ;
#939 = FACE_OUTER_BOUND ( 'NONE', #110, .T. ) ;
#940 = CARTESIAN_POINT ( 'NONE',  ( 27.91949999999999932, 13.08000000000000185, 9.677999999999997272 ) ) ;
#941 = DIRECTION ( 'NONE',  ( 1.000000000000000000, 0.000000000000000000, 0.000000000000000000 ) ) ;
#942 = ORIENTED_EDGE ( 'NONE', *, *, #4630, .F. ) ;
#943 = ORIENTED_EDGE ( 'NONE', *, *, #240, .T. ) ;
#944 = ORIENTED_EDGE ( 'NONE', *, *, #384, .T. ) ;
#945 = CARTESIAN_POINT ( 'NONE',  ( -22.58810389339260993, 30.02194427534240262, 2.425520671255319005 ) ) ;
#946 = VECTOR ( 'NONE', #802, 1000.000000000000000 ) ;
#947 = DIRECTION ( 'NONE',  ( 1.000000000000000000, 0.000000000000000000, 0.000000000000000000 ) ) ;
#948 = ADVANCED_FACE ( 'NONE', ( #1146 ), #2233, .F. ) ;
#949 = VERTEX_POINT ( 'NONE', #3438 ) ;
#950 = DIRECTION ( 'NONE',  ( 0.000000000000000000, 0.000000000000000000, 1.000000000000000000 ) ) ;
#951 = DIRECTION ( 'NONE',  ( 1.000000000000000000, 0.000000000000000000, -2.731723593124813718E-16 ) ) ;
#952 = ORIENTED_EDGE ( 'NONE', *, *, #3189, .F. ) ;
#953 = AXIS2_PLACEMENT_3D ( 'NONE', #4166, #1101, #4608 ) ;
#954 = VERTEX_POINT ( 'NONE', #1571 ) ;
#955 = CARTESIAN_POINT ( 'NONE',  ( -7.500000000000043521, 8.000000000000000000, -17.37499999999955591 ) ) ;
#956 = VERTEX_POINT ( 'NONE', #4527 ) ;
#957 = CARTESIAN_POINT ( 'NONE',  ( -10.73669955355786421, 7.961904761904749606, -15.79900000000000482 ) ) ;
#958 = LINE ( 'NONE', #3578, #4742 ) ;
#959 = ORIENTED_EDGE ( 'NONE', *, *, #685, .T. ) ;
#960 = EDGE_CURVE ( 'NONE', #3067, #865, #424, .T. ) ;
#961 = ADVANCED_FACE ( 'NONE', ( #4231 ), #324, .F. ) ;
#962 = FACE_OUTER_BOUND ( 'NONE', #3628, .T. ) ;
#963 = DIRECTION ( 'NONE',  ( 1.000000000000000000, 0.000000000000000000, -2.426000045187292115E-16 ) ) ;
#964 = LINE ( 'NONE', #3257, #876 ) ;
#965 = EDGE_LOOP ( 'NONE', ( #4587, #588 ) ) ;
#966 = ORIENTED_EDGE ( 'NONE', *, *, #1166, .F. ) ;
#967 = ORIENTED_EDGE ( 'NONE', *, *, #2078, .F. ) ;
#968 = DIRECTION ( 'NONE',  ( 1.000000000000000000, 0.000000000000000000, 0.000000000000000000 ) ) ;
#969 = DIRECTION ( 'NONE',  ( 0.000000000000000000, 0.000000000000000000, -1.000000000000000000 ) ) ;
#970 = ORIENTED_EDGE ( 'NONE', *, *, #4367, .T. ) ;
#971 = CARTESIAN_POINT ( 'NONE',  ( 15.21892165200938152, 8.000000000000000000, 9.677999999999999048 ) ) ;
#972 = DIRECTION ( 'NONE',  ( 0.000000000000000000, 0.000000000000000000, 1.000000000000000000 ) ) ;
#973 = VERTEX_POINT ( 'NONE', #2666 ) ;
#974 = EDGE_CURVE ( 'NONE', #2576, #2958, #4161, .T. ) ;
#975 = CIRCLE ( 'NONE', #416, 3.650000000000014566 ) ;
#976 = VERTEX_POINT ( 'NONE', #4899 ) ;
#977 = DIRECTION ( 'NONE',  ( 4.098064322908573926E-16, 0.000000000000000000, -1.000000000000000000 ) ) ;
#978 = AXIS2_PLACEMENT_3D ( 'NONE', #4186, #821, #3788 ) ;
#979 = VERTEX_POINT ( 'NONE', #1496 ) ;
#980 = VECTOR ( 'NONE', #464, 1000.000000000000114 ) ;
#981 = LINE ( 'NONE', #635, #387 ) ;
#982 = FACE_OUTER_BOUND ( 'NONE', #3958, .T. ) ;
#983 = CARTESIAN_POINT ( 'NONE',  ( -7.500000000000043521, 8.000000000000000000, -13.72499999999954312 ) ) ;
#984 = CIRCLE ( 'NONE', #3690, 1.549999999999999378 ) ;
#985 = PLANE ( 'NONE',  #3436 ) ;
#986 = DIRECTION ( 'NONE',  ( 0.000000000000000000, 0.000000000000000000, 1.000000000000000000 ) ) ;
#987 = VERTEX_POINT ( 'NONE', #1471 ) ;
#988 = EDGE_LOOP ( 'NONE', ( #4077, #4333, #3593, #1107, #3909, #3929, #4387, #3682, #1841, #3084, #1119, #2367, #4661, #3941, #1072, #2925, #4377, #3186, #2748, #1220, #2223, #4007, #2441, #506, #2989, #4124, #1617, #1264 ) ) ;
#989 = VERTEX_POINT ( 'NONE', #2637 ) ;
#990 = CARTESIAN_POINT ( 'NONE',  ( 15.36655977276631191, 13.08000000000000185, -15.79900000000000482 ) ) ;
#991 = ADVANCED_FACE ( 'NONE', ( #3961 ), #1589, .F. ) ;
#992 = EDGE_CURVE ( 'NONE', #2290, #1207, #149, .T. ) ;
#993 = LINE ( 'NONE', #1738, #432 ) ;
#994 = STYLED_ITEM ( 'NONE', ( #815 ), #2435 ) ;
#995 = VERTEX_POINT ( 'NONE', #494 ) ;
#996 = FACE_OUTER_BOUND ( 'NONE', #163, .T. ) ;
#997 = FACE_OUTER_BOUND ( 'NONE', #4840, .T. ) ;
#998 = ORIENTED_EDGE ( 'NONE', *, *, #2482, .F. ) ;
#999 = CIRCLE ( 'NONE', #3781, 2.000000000000001776 ) ;
#1000 = VECTOR ( 'NONE', #1102, 1000.000000000000000 ) ;
#1001 = ORIENTED_EDGE ( 'NONE', *, *, #843, .T. ) ;
#1002 = CARTESIAN_POINT ( 'NONE',  ( 22.69035466658174371, 1.000000000000000888, 7.824260229855831916 ) ) ;
#1003 = VECTOR ( 'NONE', #2721, 1000.000000000000000 ) ;
#1004 = ORIENTED_EDGE ( 'NONE', *, *, #2068, .T. ) ;
#1005 = DIRECTION ( 'NONE',  ( -0.000000000000000000, -1.000000000000000000, -0.000000000000000000 ) ) ;
#1006 = LINE ( 'NONE', #1772, #1715 ) ;
#1007 = DIRECTION ( 'NONE',  ( -0.000000000000000000, -1.000000000000000000, -0.000000000000000000 ) ) ;
#1008 = CARTESIAN_POINT ( 'NONE',  ( 7.500000000000007105, 13.08000000000000185, 15.82500000000062279 ) ) ;
#1009 = LINE ( 'NONE', #1384, #3021 ) ;
#1010 = ORIENTED_EDGE ( 'NONE', *, *, #4037, .T. ) ;
#1011 = ORIENTED_EDGE ( 'NONE', *, *, #1842, .F. ) ;
#1012 = DIRECTION ( 'NONE',  ( 0.000000000000000000, 1.000000000000000000, 0.000000000000000000 ) ) ;
#1013 = VECTOR ( 'NONE', #1494, 1000.000000000000000 ) ;
#1014 = CARTESIAN_POINT ( 'NONE',  ( 22.69035466658174371, 0.000000000000000000, -7.354804616064358314 ) ) ;
#1015 = ORIENTED_EDGE ( 'NONE', *, *, #3881, .T. ) ;
#1016 = DIRECTION ( 'NONE',  ( 0.000000000000000000, 0.000000000000000000, -1.000000000000000000 ) ) ;
#1017 = ADVANCED_FACE ( 'NONE', ( #2759 ), #3883, .F. ) ;
#1018 = EDGE_CURVE ( 'NONE', #200, #4496, #258, .T. ) ;
#1019 = FACE_OUTER_BOUND ( 'NONE', #4708, .T. ) ;
#1020 = EDGE_CURVE ( 'NONE', #2081, #3592, #474, .T. ) ;
#1021 = ORIENTED_EDGE ( 'NONE', *, *, #2718, .F. ) ;
#1022 = DIRECTION ( 'NONE',  ( 0.000000000000000000, 0.000000000000000000, 1.000000000000000000 ) ) ;
#1023 = ORIENTED_EDGE ( 'NONE', *, *, #1962, .F. ) ;
#1024 = AXIS2_PLACEMENT_3D ( 'NONE', #1580, #3772, #1128 ) ;
#1025 = CARTESIAN_POINT ( 'NONE',  ( -4.075000000000000178, 9.180000000000001492, 3.024896692450861124 ) ) ;
#1026 = CIRCLE ( 'NONE', #4128, 2.124999999999999112 ) ;
#1027 = ADVANCED_FACE ( 'NONE', ( #4621 ), #1217, .F. ) ;
#1028 = EDGE_LOOP ( 'NONE', ( #2831, #2691, #3871, #1186 ) ) ;
#1029 = DIRECTION ( 'NONE',  ( 0.000000000000000000, 1.000000000000000000, -0.000000000000000000 ) ) ;
#1030 = CARTESIAN_POINT ( 'NONE',  ( 27.72963113701214510, 13.08000000000000185, -14.72963113701126403 ) ) ;
#1031 = PLANE ( 'NONE',  #761 ) ;
#1032 = LINE ( 'NONE', #662, #1527 ) ;
#1033 = EDGE_CURVE ( 'NONE', #3393, #2241, #1933, .T. ) ;
#1034 = DIRECTION ( 'NONE',  ( 0.000000000000000000, -1.000000000000000000, 0.000000000000000000 ) ) ;
#1035 = DIRECTION ( 'NONE',  ( 0.000000000000000000, 0.000000000000000000, 1.000000000000000000 ) ) ;
#1036 = VERTEX_POINT ( 'NONE', #526 ) ;
#1037 = PLANE ( 'NONE',  #199 ) ;
#1038 = CARTESIAN_POINT ( 'NONE',  ( -34.99999999999999289, 0.000000000000000000, 13.17157287525381371 ) ) ;
#1039 = VERTEX_POINT ( 'NONE', #3509 ) ;
#1040 = LINE ( 'NONE', #741, #2973 ) ;
#1041 = PLANE ( 'NONE',  #1224 ) ;
#1042 = EDGE_LOOP ( 'NONE', ( #3531, #4595, #4258, #895 ) ) ;
#1043 = CARTESIAN_POINT ( 'NONE',  ( -24.49999999999981526, 13.08000000000000185, 24.50000000000007105 ) ) ;
#1044 = VERTEX_POINT ( 'NONE', #894 ) ;
#1045 = EDGE_CURVE ( 'NONE', #1130, #865, #2037, .T. ) ;
#1046 = ADVANCED_FACE ( 'NONE', ( #1613 ), #4253, .F. ) ;
#1047 = CARTESIAN_POINT ( 'NONE',  ( -34.41421356237307805, 0.000000000000000000, 14.58578643762691129 ) ) ;
#1048 = ORIENTED_EDGE ( 'NONE', *, *, #226, .T. ) ;
#1049 = AXIS2_PLACEMENT_3D ( 'NONE', #1826, #1057, #638 ) ;
#1050 = VERTEX_POINT ( 'NONE', #3864 ) ;
#1051 = EDGE_CURVE ( 'NONE', #2110, #3439, #1693, .T. ) ;
#1052 = ADVANCED_FACE ( 'NONE', ( #872 ), #2447, .T. ) ;
#1053 = DIRECTION ( 'NONE',  ( 1.000000000000000000, -0.000000000000000000, 0.000000000000000000 ) ) ;
#1054 = CARTESIAN_POINT ( 'NONE',  ( 7.297903870784765878, 1.000000000000000000, -19.19999999999962625 ) ) ;
#1055 = DIRECTION ( 'NONE',  ( 0.000000000000000000, 0.000000000000000000, -1.000000000000000000 ) ) ;
#1056 = VECTOR ( 'NONE', #533, 1000.000000000000000 ) ;
#1057 = DIRECTION ( 'NONE',  ( 0.000000000000000000, -0.000000000000000000, 1.000000000000000000 ) ) ;
#1058 = CARTESIAN_POINT ( 'NONE',  ( 0.000000000000000000, -0.000000000000000000, 10.92364348134761087 ) ) ;
#1059 = DIRECTION ( 'NONE',  ( -0.000000000000000000, -1.000000000000000000, 0.000000000000000000 ) ) ;
#1060 = EDGE_LOOP ( 'NONE', ( #569, #17, #4447, #3398 ) ) ;
#1061 = DIRECTION ( 'NONE',  ( -1.547478569114011497E-15, 0.000000000000000000, -1.000000000000000000 ) ) ;
#1062 = VECTOR ( 'NONE', #1324, 1000.000000000000000 ) ;
#1063 = DIRECTION ( 'NONE',  ( -0.000000000000000000, -1.000000000000000000, -0.000000000000000000 ) ) ;
#1064 = EDGE_CURVE ( 'NONE', #1516, #1628, #3286, .T. ) ;
#1065 = CONICAL_SURFACE ( 'NONE', #3535, 1.549999999999999378, 0.9197196053504165247 ) ;
#1066 = VERTEX_POINT ( 'NONE', #1964 ) ;
#1067 = CARTESIAN_POINT ( 'NONE',  ( -13.44309202176727247, 1.000000000000000000, -15.19171949462534421 ) ) ;
#1068 = FACE_BOUND ( 'NONE', #1943, .T. ) ;
#1069 = CIRCLE ( 'NONE', #3855, 5.075000000000000178 ) ;
#1071 = CARTESIAN_POINT ( 'NONE',  ( -26.17157287525377640, 0.000000000000000000, 20.00000000000000355 ) ) ;
#1070 = AXIS2_PLACEMENT_3D ( 'NONE', #4646, #1242, #2488 ) ;
#1072 = ORIENTED_EDGE ( 'NONE', *, *, #4830, .F. ) ;
#1073 = CARTESIAN_POINT ( 'NONE',  ( 7.500000000000007105, 6.399999999999987033, 18.92500000000062244 ) ) ;
#1074 = ORIENTED_EDGE ( 'NONE', *, *, #2144, .T. ) ;
#1075 = DIRECTION ( 'NONE',  ( 0.000000000000000000, 0.000000000000000000, -1.000000000000000000 ) ) ;
#1076 = CONICAL_SURFACE ( 'NONE', #121, 1.549999999999999378, 0.9197196053504165247 ) ;
#1077 = ORIENTED_EDGE ( 'NONE', *, *, #2559, .T. ) ;
#1078 = DIRECTION ( 'NONE',  ( -1.000000000000000000, 0.000000000000000000, 0.000000000000000000 ) ) ;
#1079 = LINE ( 'NONE', #636, #2029 ) ;
#1080 = EDGE_CURVE ( 'NONE', #3365, #499, #3684, .T. ) ;
#1081 = DIRECTION ( 'NONE',  ( 0.000000000000000000, 1.000000000000000000, 0.000000000000000000 ) ) ;
#1082 = EDGE_CURVE ( 'NONE', #873, #3888, #3430, .T. ) ;
#1083 = CARTESIAN_POINT ( 'NONE',  ( -7.500000000000043521, 8.000000000000000000, -17.37499999999955591 ) ) ;
#1084 = CARTESIAN_POINT ( 'NONE',  ( -14.60007754174561789, 59.49607912135621035, 15.79899999999999416 ) ) ;
#1085 = VERTEX_POINT ( 'NONE', #1111 ) ;
#1086 = ORIENTED_EDGE ( 'NONE', *, *, #2605, .F. ) ;
#1087 = DIRECTION ( 'NONE',  ( 0.000000000000000000, 1.000000000000000000, 0.000000000000000000 ) ) ;
#1088 = EDGE_CURVE ( 'NONE', #795, #954, #4203, .T. ) ;
#1089 = DIRECTION ( 'NONE',  ( 0.000000000000000000, 1.000000000000000000, 0.000000000000000000 ) ) ;
#1090 = ORIENTED_EDGE ( 'NONE', *, *, #4540, .F. ) ;
#1091 = CARTESIAN_POINT ( 'NONE',  ( -4.003840961441642143, 1.000000000000000000, 3.692023660907946869 ) ) ;
#1092 = DIRECTION ( 'NONE',  ( -0.000000000000000000, -1.000000000000000000, -0.000000000000000000 ) ) ;
#1093 = EDGE_CURVE ( 'NONE', #2680, #1350, #2704, .T. ) ;
#1094 = VERTEX_POINT ( 'NONE', #43 ) ;
#1095 = CARTESIAN_POINT ( 'NONE',  ( 0.000000000000000000, 59.49607912135621035, -15.79899999999999416 ) ) ;
#1096 = EDGE_LOOP ( 'NONE', ( #3988, #1315, #225, #3884 ) ) ;
#1097 = DIRECTION ( 'NONE',  ( 0.000000000000000000, -1.000000000000000000, 0.000000000000000000 ) ) ;
#1098 = ORIENTED_EDGE ( 'NONE', *, *, #1139, .F. ) ;
#1099 = AXIS2_PLACEMENT_3D ( 'NONE', #4023, #1029, #3250 ) ;
#1100 = AXIS2_PLACEMENT_3D ( 'NONE', #1507, #1928, #2624 ) ;
#1101 = DIRECTION ( 'NONE',  ( 1.064336476167203352E-16, 0.000000000000000000, -1.000000000000000000 ) ) ;
#1102 = DIRECTION ( 'NONE',  ( 7.421888837166262190E-17, 0.7954317200324992898, -0.6060432152628554281 ) ) ;
#1103 = CARTESIAN_POINT ( 'NONE',  ( -2.269035466658158917, 4.000000000000000000, -2.190792864359584424 ) ) ;
#1104 = AXIS2_PLACEMENT_3D ( 'NONE', #3109, #4623, #2416 ) ;
#1105 = CARTESIAN_POINT ( 'NONE',  ( -27.72963113701302618, 13.08000000000000185, 11.57963113701317148 ) ) ;
#1106 = CARTESIAN_POINT ( 'NONE',  ( -7.500000000000043521, 59.49607912135621035, -17.37499999999955591 ) ) ;
#1107 = ORIENTED_EDGE ( 'NONE', *, *, #3846, .T. ) ;
#1108 = EDGE_CURVE ( 'NONE', #2595, #3108, #396, .T. ) ;
#1109 = ORIENTED_EDGE ( 'NONE', *, *, #253, .F. ) ;
#1110 = DIRECTION ( 'NONE',  ( 0.6817451586048293155, -0.000000000000000000, 0.7315897338801824468 ) ) ;
#1111 = CARTESIAN_POINT ( 'NONE',  ( -15.87191748957736337, 0.000000000000000000, -2.190792864359584424 ) ) ;
#1112 = DIRECTION ( 'NONE',  ( -0.000000000000000000, 1.000000000000000000, -0.000000000000000000 ) ) ;
#1113 = EDGE_CURVE ( 'NONE', #949, #318, #1378, .T. ) ;
#1114 = ORIENTED_EDGE ( 'NONE', *, *, #1931, .T. ) ;
#1115 = DIRECTION ( 'NONE',  ( 0.000000000000000000, 0.000000000000000000, 1.000000000000000000 ) ) ;
#1116 = CARTESIAN_POINT ( 'NONE',  ( -2.269035466658158917, 0.000000000000000000, 2.425520671255319449 ) ) ;
#1117 = VERTEX_POINT ( 'NONE', #4615 ) ;
#1118 = CARTESIAN_POINT ( 'NONE',  ( 0.000000000000000000, 1.000000000000000000, 10.51234249137529275 ) ) ;
#1119 = ORIENTED_EDGE ( 'NONE', *, *, #3881, .F. ) ;
#1120 = PLANE ( 'NONE',  #4601 ) ;
#1121 = EDGE_CURVE ( 'NONE', #556, #1829, #3803, .T. ) ;
#1122 = EDGE_LOOP ( 'NONE', ( #3091, #2351 ) ) ;
#1123 = CARTESIAN_POINT ( 'NONE',  ( -7.500000000000043521, 0.000000000000000000, -15.82499999999955875 ) ) ;
#1124 = CARTESIAN_POINT ( 'NONE',  ( 12.26800095163325643, 1.000000000000000000, -7.278362661403708245 ) ) ;
#1125 = VECTOR ( 'NONE', #808, 1000.000000000000000 ) ;
#1126 = LINE ( 'NONE', #759, #2437 ) ;
#1127 = LINE ( 'NONE', #4563, #2399 ) ;
#1128 = DIRECTION ( 'NONE',  ( 0.000000000000000000, 0.000000000000000000, 1.000000000000000000 ) ) ;
#1129 = DIRECTION ( 'NONE',  ( -0.000000000000000000, -1.000000000000000000, -0.000000000000000000 ) ) ;
#1130 = VERTEX_POINT ( 'NONE', #3082 ) ;
#1131 = AXIS2_PLACEMENT_3D ( 'NONE', #1641, #3107, #552 ) ;
#1132 = DIRECTION ( 'NONE',  ( -0.7315897338801824468, 0.000000000000000000, 0.6817451586048292045 ) ) ;
#1133 = AXIS2_PLACEMENT_3D ( 'NONE', #4158, #3687, #2560 ) ;
#1134 = VECTOR ( 'NONE', #4711, 1000.000000000000000 ) ;
#1135 = DIRECTION ( 'NONE',  ( -0.7071067811865461294, 0.000000000000000000, 0.7071067811865489050 ) ) ;
#1136 =( NAMED_UNIT ( * ) PLANE_ANGLE_UNIT ( ) SI_UNIT ( $, .RADIAN. ) );
#1137 = AXIS2_PLACEMENT_3D ( 'NONE', #440, #4539, #1135 ) ;
#1138 = ORIENTED_EDGE ( 'NONE', *, *, #2087, .F. ) ;
#1139 = EDGE_CURVE ( 'NONE', #2034, #1520, #417, .T. ) ;
#1140 = CARTESIAN_POINT ( 'NONE',  ( 0.000000000000000000, 9.400000000000000355, 0.000000000000000000 ) ) ;
#1141 = EDGE_CURVE ( 'NONE', #2058, #1036, #1539, .T. ) ;
#1142 = CIRCLE ( 'NONE', #2009, 7.493000000000000327 ) ;
#1143 = DIRECTION ( 'NONE',  ( 0.7071067811865463515, 0.000000000000000000, 0.7071067811865487940 ) ) ;
#1144 = EDGE_CURVE ( 'NONE', #1463, #835, #2004, .T. ) ;
#1145 = ORIENTED_EDGE ( 'NONE', *, *, #1080, .T. ) ;
#1146 = FACE_OUTER_BOUND ( 'NONE', #2967, .T. ) ;
#1147 = VERTEX_POINT ( 'NONE', #1585 ) ;
#1148 = DIRECTION ( 'NONE',  ( -0.000000000000000000, -1.000000000000000000, -0.000000000000000000 ) ) ;
#1149 = AXIS2_PLACEMENT_3D ( 'NONE', #69, #2730, #3862 ) ;
#1150 = ORIENTED_EDGE ( 'NONE', *, *, #167, .T. ) ;
#1151 = AXIS2_PLACEMENT_3D ( 'NONE', #3130, #2002, #3105 ) ;
#1152 = DIRECTION ( 'NONE',  ( 0.000000000000000000, 0.000000000000000000, -1.000000000000000000 ) ) ;
#1153 = CARTESIAN_POINT ( 'NONE',  ( 25.96446609407047745, 0.000000000000000000, 14.92854154124080956 ) ) ;
#1154 = AXIS2_PLACEMENT_3D ( 'NONE', #2997, #1081, #2972 ) ;
#1155 = DIRECTION ( 'NONE',  ( 0.7071067811865480168, 0.000000000000000000, -0.7071067811865470176 ) ) ;
#1156 = VERTEX_POINT ( 'NONE', #1487 ) ;
#1157 = DIRECTION ( 'NONE',  ( 0.000000000000000000, 1.000000000000000000, 0.000000000000000000 ) ) ;
#1158 = DIRECTION ( 'NONE',  ( -0.000000000000000000, -1.000000000000000000, 0.000000000000000000 ) ) ;
#1159 = VECTOR ( 'NONE', #3766, 1000.000000000000000 ) ;
#1160 = DIRECTION ( 'NONE',  ( -1.000000000000000000, 0.000000000000000000, -0.000000000000000000 ) ) ;
#1161 = ORIENTED_EDGE ( 'NONE', *, *, #820, .T. ) ;
#1162 = CARTESIAN_POINT ( 'NONE',  ( -11.97111815167931148, 1.000000000000000888, 12.59705897006785236 ) ) ;
#1163 = AXIS2_PLACEMENT_3D ( 'NONE', #2176, #2603, #3327 ) ;
#1164 = FACE_OUTER_BOUND ( 'NONE', #2328, .T. ) ;
#1165 = CARTESIAN_POINT ( 'NONE',  ( -13.44309202176727247, 0.000000000000000000, -6.603271165197424963 ) ) ;
#1166 = EDGE_CURVE ( 'NONE', #799, #216, #3778, .T. ) ;
#1167 = ORIENTED_EDGE ( 'NONE', *, *, #4240, .F. ) ;
#1168 = PLANE ( 'NONE',  #4727 ) ;
#1169 = CARTESIAN_POINT ( 'NONE',  ( 28.63679244127212442, 1.000000000000000888, -12.91002937926195138 ) ) ;
#1170 = DIRECTION ( 'NONE',  ( -0.000000000000000000, 1.000000000000000000, -0.000000000000000000 ) ) ;
#1171 = LINE ( 'NONE', #376, #3118 ) ;
#1172 = ADVANCED_FACE ( 'NONE', ( #1164 ), #4597, .F. ) ;
#1173 = ORIENTED_EDGE ( 'NONE', *, *, #1459, .T. ) ;
#1174 = EDGE_CURVE ( 'NONE', #2834, #2067, #2646, .T. ) ;
#1175 = EDGE_CURVE ( 'NONE', #206, #3733, #1611, .T. ) ;
#1176 = DIRECTION ( 'NONE',  ( 0.000000000000000000, 0.000000000000000000, 1.000000000000000000 ) ) ;
#1177 = ORIENTED_EDGE ( 'NONE', *, *, #3150, .F. ) ;
#1178 = LINE ( 'NONE', #4880, #3334 ) ;
#1179 = FACE_BOUND ( 'NONE', #811, .T. ) ;
#1180 = ADVANCED_FACE ( 'NONE', ( #3830 ), #2326, .T. ) ;
#1181 = PLANE ( 'NONE',  #1317 ) ;
#1182 = VECTOR ( 'NONE', #3019, 1000.000000000000000 ) ;
#1183 = FACE_OUTER_BOUND ( 'NONE', #3561, .T. ) ;
#1184 = DIRECTION ( 'NONE',  ( 1.000000000000000000, 0.000000000000000000, 0.000000000000000000 ) ) ;
#1185 = DIRECTION ( 'NONE',  ( 0.000000000000000000, 1.000000000000000000, -0.000000000000000000 ) ) ;
#1186 = ORIENTED_EDGE ( 'NONE', *, *, #1267, .T. ) ;
#1187 = FACE_OUTER_BOUND ( 'NONE', #3230, .T. ) ;
#1188 = ADVANCED_FACE ( 'NONE', ( #2726 ), #793, .F. ) ;
#1189 = CARTESIAN_POINT ( 'NONE',  ( 7.500000000000007105, 13.08000000000000185, 17.37500000000062172 ) ) ;
#1190 = DIRECTION ( 'NONE',  ( 0.000000000000000000, -1.000000000000000000, 0.000000000000000000 ) ) ;
#1191 = ORIENTED_EDGE ( 'NONE', *, *, #3847, .F. ) ;
#1192 = DIRECTION ( 'NONE',  ( -0.7315897338801824468, 0.000000000000000000, 0.6817451586048293155 ) ) ;
#1193 = DIRECTION ( 'NONE',  ( 0.000000000000000000, 0.000000000000000000, 1.000000000000000000 ) ) ;
#1194 = DIRECTION ( 'NONE',  ( 0.000000000000000000, 0.000000000000000000, 1.000000000000000000 ) ) ;
#1195 = ORIENTED_EDGE ( 'NONE', *, *, #2482, .T. ) ;
#1196 = LINE ( 'NONE', #4676, #4520 ) ;
#1197 = ORIENTED_EDGE ( 'NONE', *, *, #384, .F. ) ;
#1198 = ADVANCED_FACE ( 'NONE', ( #4245 ), #840, .T. ) ;
#1199 = EDGE_CURVE ( 'NONE', #3283, #976, #1215, .T. ) ;
#1200 = CARTESIAN_POINT ( 'NONE',  ( -4.074999999999973532, 9.180000000000001492, 3.024896692450840696 ) ) ;
#1201 = CARTESIAN_POINT ( 'NONE',  ( -27.72963113701302618, 10.98000000000000753, 14.72963113701316118 ) ) ;
#1202 = ADVANCED_FACE ( 'NONE', ( #1655 ), #2376, .F. ) ;
#1203 = EDGE_CURVE ( 'NONE', #4276, #4716, #2438, .T. ) ;
#1204 = DIRECTION ( 'NONE',  ( -0.000000000000000000, -1.000000000000000000, -0.000000000000000000 ) ) ;
#1205 = FACE_OUTER_BOUND ( 'NONE', #824, .T. ) ;
#1206 = DIRECTION ( 'NONE',  ( 0.000000000000000000, 0.000000000000000000, -1.000000000000000000 ) ) ;
#1207 = VERTEX_POINT ( 'NONE', #4664 ) ;
#1208 = DIRECTION ( 'NONE',  ( 0.000000000000000000, 1.000000000000000000, -0.000000000000000000 ) ) ;
#1209 = VECTOR ( 'NONE', #3724, 1000.000000000000000 ) ;
#1210 = DIRECTION ( 'NONE',  ( -3.564500293103013742E-15, 0.000000000000000000, 1.000000000000000000 ) ) ;
#1211 = CARTESIAN_POINT ( 'NONE',  ( -6.794587691794288453, 1.000000000000000000, -6.794587691794452766 ) ) ;
#1212 = CONICAL_SURFACE ( 'NONE', #2091, 3.149999999999989697, 0.6510767214444789230 ) ;
#1213 = EDGE_LOOP ( 'NONE', ( #3446, #816, #2122, #771 ) ) ;
#1214 = PLANE ( 'NONE',  #1864 ) ;
#1215 = CIRCLE ( 'NONE', #1376, 3.599999999999999201 ) ;
#1216 = DIRECTION ( 'NONE',  ( -1.000000000000000000, 0.000000000000000000, 0.000000000000000000 ) ) ;
#1217 = CYLINDRICAL_SURFACE ( 'NONE', #4076, 9.000000000000000000 ) ;
#1218 = ORIENTED_EDGE ( 'NONE', *, *, #388, .F. ) ;
#1219 = LINE ( 'NONE', #2389, #4763 ) ;
#1220 = ORIENTED_EDGE ( 'NONE', *, *, #1995, .T. ) ;
#1221 = EDGE_LOOP ( 'NONE', ( #2254, #104, #2049, #859 ) ) ;
#1222 = CARTESIAN_POINT ( 'NONE',  ( -27.00000000000000000, 11.00000000000000000, 2.124999999999999112 ) ) ;
#1223 = VECTOR ( 'NONE', #3903, 1000.000000000000114 ) ;
#1224 = AXIS2_PLACEMENT_3D ( 'NONE', #297, #672, #1719 ) ;
#1225 = ORIENTED_EDGE ( 'NONE', *, *, #1678, .T. ) ;
#1226 = DIRECTION ( 'NONE',  ( 0.000000000000000000, 0.000000000000000000, -1.000000000000000000 ) ) ;
#1227 = VECTOR ( 'NONE', #1937, 1000.000000000000000 ) ;
#1228 = CARTESIAN_POINT ( 'NONE',  ( 32.19999999998507434, 1.000000000000000000, 0.000000000000000000 ) ) ;
#1229 = AXIS2_PLACEMENT_3D ( 'NONE', #4126, #4821, #3378 ) ;
#1230 = CARTESIAN_POINT ( 'NONE',  ( -3.966106651710920858E-15, 13.08000000000000185, 9.678000000000007930 ) ) ;
#1231 = EDGE_LOOP ( 'NONE', ( #2381, #752 ) ) ;
#1232 = ADVANCED_FACE ( 'NONE', ( #1708 ), #1336, .F. ) ;
#1233 = DIRECTION ( 'NONE',  ( 0.000000000000000000, 1.000000000000000000, -0.000000000000000000 ) ) ;
#1234 = CIRCLE ( 'NONE', #4095, 7.493000000000000327 ) ;
#1235 = AXIS2_PLACEMENT_3D ( 'NONE', #4458, #4067, #3323 ) ;
#1236 = CARTESIAN_POINT ( 'NONE',  ( 1.321881046713097544E-15, 8.000000000000000000, 9.678000000000000824 ) ) ;
#1237 = DIRECTION ( 'NONE',  ( -0.000000000000000000, -1.000000000000000000, -0.000000000000000000 ) ) ;
#1238 = VERTEX_POINT ( 'NONE', #2798 ) ;
#1239 = ORIENTED_EDGE ( 'NONE', *, *, #1404, .T. ) ;
#1240 = ORIENTED_EDGE ( 'NONE', *, *, #1064, .F. ) ;
#1241 = AXIS2_PLACEMENT_3D ( 'NONE', #2747, #1206, #3026 ) ;
#1242 = DIRECTION ( 'NONE',  ( -0.000000000000000000, -1.000000000000000000, -0.000000000000000000 ) ) ;
#1243 = CARTESIAN_POINT ( 'NONE',  ( -19.80090594518341973, 13.08000000000000185, 9.677999999999999048 ) ) ;
#1244 = CARTESIAN_POINT ( 'NONE',  ( 1.387778780781445676E-14, 0.000000000000000000, -1.040834085586084257E-14 ) ) ;
#1245 = EDGE_CURVE ( 'NONE', #4917, #556, #2402, .T. ) ;
#1246 = ORIENTED_EDGE ( 'NONE', *, *, #3646, .T. ) ;
#1247 = CARTESIAN_POINT ( 'NONE',  ( 13.58787449152221960, 1.000000000000000888, -12.91002937926195138 ) ) ;
#1248 = ORIENTED_EDGE ( 'NONE', *, *, #1724, .T. ) ;
#1249 = ORIENTED_EDGE ( 'NONE', *, *, #2227, .F. ) ;
#1250 = LINE ( 'NONE', #1647, #42 ) ;
#1251 = ORIENTED_EDGE ( 'NONE', *, *, #1175, .F. ) ;
#1252 = LINE ( 'NONE', #3199, #1134 ) ;
#1253 = DIRECTION ( 'NONE',  ( 9.505334114941371293E-16, 0.000000000000000000, 1.000000000000000000 ) ) ;
#1254 = DIRECTION ( 'NONE',  ( 0.000000000000000000, -1.000000000000000000, 0.000000000000000000 ) ) ;
#1255 = ORIENTED_EDGE ( 'NONE', *, *, #897, .T. ) ;
#1256 = VECTOR ( 'NONE', #3623, 1000.000000000000000 ) ;
#1257 = FACE_BOUND ( 'NONE', #4513, .T. ) ;
#1258 = DIRECTION ( 'NONE',  ( 0.000000000000000000, -1.000000000000000000, 0.000000000000000000 ) ) ;
#1259 = DIRECTION ( 'NONE',  ( -1.000000000000000000, 0.000000000000000000, 0.000000000000000000 ) ) ;
#1260 = EDGE_CURVE ( 'NONE', #4917, #4330, #1285, .T. ) ;
#1261 = AXIS2_PLACEMENT_3D ( 'NONE', #4789, #311, #986 ) ;
#1262 = ORIENTED_EDGE ( 'NONE', *, *, #3312, .T. ) ;
#1263 = ORIENTED_EDGE ( 'NONE', *, *, #4905, .T. ) ;
#1264 = ORIENTED_EDGE ( 'NONE', *, *, #2707, .F. ) ;
#1265 = CARTESIAN_POINT ( 'NONE',  ( 27.91949999999998511, 13.08000000000000185, -4.320482791037865796E-14 ) ) ;
#1266 = EDGE_CURVE ( 'NONE', #2834, #4006, #4554, .T. ) ;
#1267 = EDGE_CURVE ( 'NONE', #3218, #4862, #861, .T. ) ;
#1268 = CARTESIAN_POINT ( 'NONE',  ( -1.322035550570304718E-15, 13.08000000000000185, -9.677999999999999048 ) ) ;
#1269 = DIRECTION ( 'NONE',  ( 0.000000000000000000, 1.000000000000000000, -0.000000000000000000 ) ) ;
#1270 = ORIENTED_EDGE ( 'NONE', *, *, #2354, .F. ) ;
#1271 = LINE ( 'NONE', #2785, #1661 ) ;
#1272 = LINE ( 'NONE', #3167, #1395 ) ;
#1273 = EDGE_LOOP ( 'NONE', ( #1191, #3544, #1289, #4393, #2318 ) ) ;
#1274 = VECTOR ( 'NONE', #2952, 1000.000000000000000 ) ;
#1275 = ORIENTED_EDGE ( 'NONE', *, *, #3616, .F. ) ;
#1276 = LINE ( 'NONE', #4629, #1056 ) ;
#1277 = ORIENTED_EDGE ( 'NONE', *, *, #3072, .F. ) ;
#1278 = CARTESIAN_POINT ( 'NONE',  ( -28.87152024816777640, 0.000000000000000000, -7.824260229855703130 ) ) ;
#1279 = CARTESIAN_POINT ( 'NONE',  ( 4.990435706525464979E-16, 9.400000000000000355, -4.075000000000000178 ) ) ;
#1280 = CARTESIAN_POINT ( 'NONE',  ( -19.80090594518341973, 8.000000000000000000, -9.678000000000000824 ) ) ;
#1281 = ORIENTED_EDGE ( 'NONE', *, *, #4187, .T. ) ;
#1282 = EDGE_CURVE ( 'NONE', #4359, #1044, #4746, .T. ) ;
#1283 = CARTESIAN_POINT ( 'NONE',  ( 0.000000000000000000, 9.180000000000001492, 0.000000000000000000 ) ) ;
#1284 = EDGE_CURVE ( 'NONE', #1646, #1156, #4350, .T. ) ;
#1285 = LINE ( 'NONE', #3924, #340 ) ;
#1286 = DIRECTION ( 'NONE',  ( 7.421888837166248632E-17, 0.7954317200324999559, -0.6060432152628544289 ) ) ;
#1287 = ORIENTED_EDGE ( 'NONE', *, *, #1747, .T. ) ;
#1288 = ORIENTED_EDGE ( 'NONE', *, *, #3268, .T. ) ;
#1289 = ORIENTED_EDGE ( 'NONE', *, *, #3792, .T. ) ;
#1290 = DIRECTION ( 'NONE',  ( 0.000000000000000000, 1.000000000000000000, 0.000000000000000000 ) ) ;
#1291 = CONICAL_SURFACE ( 'NONE', #2717, 1.549999999999999378, 0.9197196053504165247 ) ;
#1292 = EDGE_CURVE ( 'NONE', #3639, #2395, #567, .T. ) ;
#1293 = DIRECTION ( 'NONE',  ( 0.000000000000000000, 0.000000000000000000, 1.000000000000000000 ) ) ;
#1294 = DIRECTION ( 'NONE',  ( 0.000000000000000000, 0.000000000000000000, 1.000000000000000000 ) ) ;
#1295 = EDGE_LOOP ( 'NONE', ( #677, #2845, #2953, #3655, #2684, #2760, #1607, #2032, #2832, #4083 ) ) ;
#1296 = CARTESIAN_POINT ( 'NONE',  ( 1.387778780781445676E-14, 9.900000000000000355, -1.040834085586084257E-14 ) ) ;
#1297 = AXIS2_PLACEMENT_3D ( 'NONE', #1095, #23, #2262 ) ;
#1298 = DIRECTION ( 'NONE',  ( -0.000000000000000000, -1.000000000000000000, -0.000000000000000000 ) ) ;
#1299 = ORIENTED_EDGE ( 'NONE', *, *, #3007, .F. ) ;
#1300 = ORIENTED_EDGE ( 'NONE', *, *, #4893, .T. ) ;
#1301 = DIRECTION ( 'NONE',  ( -0.000000000000000000, 1.000000000000000000, -0.000000000000000000 ) ) ;
#1302 = EDGE_CURVE ( 'NONE', #4006, #3294, #3156, .T. ) ;
#1303 = ORIENTED_EDGE ( 'NONE', *, *, #92, .F. ) ;
#1304 = AXIS2_PLACEMENT_3D ( 'NONE', #1517, #1464, #3035 ) ;
#1305 = CYLINDRICAL_SURFACE ( 'NONE', #2884, 2.124999999999999112 ) ;
#1306 = EDGE_CURVE ( 'NONE', #956, #4055, #1313, .T. ) ;
#1307 = DIRECTION ( 'NONE',  ( 1.000000000000000000, 0.000000000000000000, -5.302618942301481932E-16 ) ) ;
#1308 = DIRECTION ( 'NONE',  ( 0.000000000000000000, 0.000000000000000000, 1.000000000000000000 ) ) ;
#1309 = ORIENTED_EDGE ( 'NONE', *, *, #2125, .T. ) ;
#1310 = CARTESIAN_POINT ( 'NONE',  ( 0.000000000000000000, 9.180000000000001492, -4.075000000000000178 ) ) ;
#1311 = AXIS2_PLACEMENT_3D ( 'NONE', #2332, #2686, #2359 ) ;
#1312 = VECTOR ( 'NONE', #643, 1000.000000000000114 ) ;
#1313 = LINE ( 'NONE', #487, #3999 ) ;
#1314 = LINE ( 'NONE', #4747, #3011 ) ;
#1315 = ORIENTED_EDGE ( 'NONE', *, *, #974, .T. ) ;
#1316 = VERTEX_POINT ( 'NONE', #1977 ) ;
#1317 = AXIS2_PLACEMENT_3D ( 'NONE', #385, #127, #3567 ) ;
#1318 = ORIENTED_EDGE ( 'NONE', *, *, #620, .F. ) ;
#1319 = CARTESIAN_POINT ( 'NONE',  ( 0.000000000000000000, 9.400000000000000355, 4.075000000000000178 ) ) ;
#1320 = VECTOR ( 'NONE', #3649, 1000.000000000000000 ) ;
#1321 = CARTESIAN_POINT ( 'NONE',  ( 13.45007162112024623, 1.000000000000000000, 10.92364348134761087 ) ) ;
#1322 = AXIS2_PLACEMENT_3D ( 'NONE', #3402, #364, #2649 ) ;
#1323 = ORIENTED_EDGE ( 'NONE', *, *, #1678, .F. ) ;
#1324 = DIRECTION ( 'NONE',  ( -1.547478569114012877E-15, 0.000000000000000000, -1.000000000000000000 ) ) ;
#1325 = DIRECTION ( 'NONE',  ( 0.000000000000000000, 0.000000000000000000, -1.000000000000000000 ) ) ;
#1326 = VERTEX_POINT ( 'NONE', #4689 ) ;
#1327 = VERTEX_POINT ( 'NONE', #4319 ) ;
#1328 = EDGE_CURVE ( 'NONE', #4606, #2315, #2030, .T. ) ;
#1329 = CARTESIAN_POINT ( 'NONE',  ( 0.000000000000000000, 8.000000000000000000, 0.000000000000000000 ) ) ;
#1330 = ORIENTED_EDGE ( 'NONE', *, *, #4847, .F. ) ;
#1331 = EDGE_CURVE ( 'NONE', #1676, #1614, #544, .T. ) ;
#1332 = DIRECTION ( 'NONE',  ( 1.000000000000000000, 0.000000000000000000, 0.000000000000000000 ) ) ;
#1333 = CARTESIAN_POINT ( 'NONE',  ( -10.73669955355786421, 7.961904761904749606, -15.79900000000000482 ) ) ;
#1334 = ORIENTED_EDGE ( 'NONE', *, *, #3068, .T. ) ;
#1335 = CARTESIAN_POINT ( 'NONE',  ( 10.13294086911043124, 7.961904761904749606, 14.91987833707472255 ) ) ;
#1336 = PLANE ( 'NONE',  #1770 ) ;
#1337 = DIRECTION ( 'NONE',  ( 0.000000000000000000, 0.000000000000000000, -1.000000000000000000 ) ) ;
#1338 = ORIENTED_EDGE ( 'NONE', *, *, #1302, .F. ) ;
#1339 = ORIENTED_EDGE ( 'NONE', *, *, #3457, .T. ) ;
#1340 = ORIENTED_EDGE ( 'NONE', *, *, #3793, .T. ) ;
#1341 = EDGE_CURVE ( 'NONE', #3043, #3294, #4374, .T. ) ;
#1342 = CARTESIAN_POINT ( 'NONE',  ( 0.000000000000000000, 9.400000000000000355, 0.000000000000000000 ) ) ;
#1343 = AXIS2_PLACEMENT_3D ( 'NONE', #2477, #882, #1307 ) ;
#1344 = LINE ( 'NONE', #3610, #272 ) ;
#1345 = ORIENTED_EDGE ( 'NONE', *, *, #3573, .T. ) ;
#1346 = CARTESIAN_POINT ( 'NONE',  ( 1.387778780781447253E-14, 9.180000000000001492, -5.075000000000016165 ) ) ;
#1347 = DIRECTION ( 'NONE',  ( -0.000000000000000000, -1.000000000000000000, -0.000000000000000000 ) ) ;
#1348 = VERTEX_POINT ( 'NONE', #2055 ) ;
#1349 = AXIS2_PLACEMENT_3D ( 'NONE', #1869, #3066, #1176 ) ;
#1350 = VERTEX_POINT ( 'NONE', #141 ) ;
#1351 = CARTESIAN_POINT ( 'NONE',  ( -14.60007754174561789, 8.000000000000000000, 15.79899999999999416 ) ) ;
#1352 = ORIENTED_EDGE ( 'NONE', *, *, #2780, .T. ) ;
#1353 = EDGE_CURVE ( 'NONE', #1974, #4112, #3504, .T. ) ;
#1354 = CARTESIAN_POINT ( 'NONE',  ( 21.88980663528759862, 1.000000000000000000, 2.343443022250653485 ) ) ;
#1355 = CARTESIAN_POINT ( 'NONE',  ( -10.97089639063331745, 59.49607912135621035, -18.50432645656072950 ) ) ;
#1356 = ADVANCED_FACE ( 'NONE', ( #1603 ), #3124, .F. ) ;
#1357 = ORIENTED_EDGE ( 'NONE', *, *, #138, .F. ) ;
#1358 = DIRECTION ( 'NONE',  ( 0.000000000000000000, 0.000000000000000000, -1.000000000000000000 ) ) ;
#1359 = DIRECTION ( 'NONE',  ( 0.000000000000000000, 1.000000000000000000, -0.000000000000000000 ) ) ;
#1360 = LINE ( 'NONE', #517, #2135 ) ;
#1361 = ORIENTED_EDGE ( 'NONE', *, *, #2938, .F. ) ;
#1362 = ORIENTED_EDGE ( 'NONE', *, *, #3978, .T. ) ;
#1363 = UNCERTAINTY_MEASURE_WITH_UNIT (LENGTH_MEASURE( 1.000000000000000082E-05 ), #3386, 'distance_accuracy_value', 'NONE');
#1364 = ORIENTED_EDGE ( 'NONE', *, *, #259, .F. ) ;
#1365 = FACE_OUTER_BOUND ( 'NONE', #4888, .T. ) ;
#1366 = DIRECTION ( 'NONE',  ( -0.000000000000000000, -1.000000000000000000, -0.000000000000000000 ) ) ;
#1367 = ORIENTED_EDGE ( 'NONE', *, *, #2196, .T. ) ;
#1368 = DIRECTION ( 'NONE',  ( -1.000000000000000000, 0.000000000000000000, 0.000000000000000000 ) ) ;
#1369 = CARTESIAN_POINT ( 'NONE',  ( 3.910986304534841640, 1.000000000000000000, -3.606400482158622189 ) ) ;
#1370 = ORIENTED_EDGE ( 'NONE', *, *, #4104, .F. ) ;
#1371 = ORIENTED_EDGE ( 'NONE', *, *, #3668, .T. ) ;
#1372 = CARTESIAN_POINT ( 'NONE',  ( -26.17157287525377640, 13.08000000000000185, 21.99999999999998579 ) ) ;
#1373 = AXIS2_PLACEMENT_3D ( 'NONE', #1840, #3390, #1867 ) ;
#1374 = ORIENTED_EDGE ( 'NONE', *, *, #4335, .F. ) ;
#1375 = VECTOR ( 'NONE', #881, 1000.000000000000000 ) ;
#1376 = AXIS2_PLACEMENT_3D ( 'NONE', #915, #3233, #3526 ) ;
#1377 = DIRECTION ( 'NONE',  ( -0.000000000000000000, -1.000000000000000000, -0.000000000000000000 ) ) ;
#1378 = B_SPLINE_CURVE_WITH_KNOTS ( 'NONE', 3,
 ( #1958, #4891, #3482, #1565 ),
 .UNSPECIFIED., .F., .F.,
 ( 4, 4 ),
 ( 0.000000000000000000, 6.332016992528134865E-05 ),
 .UNSPECIFIED. ) ;
#1379 = CARTESIAN_POINT ( 'NONE',  ( -32.50000000000000000, 13.08000000000000185, 9.677999999999993719 ) ) ;
#1380 = DIRECTION ( 'NONE',  ( 0.000000000000000000, -0.000000000000000000, 1.000000000000000000 ) ) ;
#1381 = AXIS2_PLACEMENT_3D ( 'NONE', #3880, #846, #492 ) ;
#1382 = DIRECTION ( 'NONE',  ( -0.000000000000000000, -1.000000000000000000, -0.000000000000000000 ) ) ;
#1383 = ADVANCED_FACE ( 'NONE', ( #2151 ), #1291, .F. ) ;
#1384 = CARTESIAN_POINT ( 'NONE',  ( -16.11595495523244281, 1.000000000000000000, -2.455441006098721513 ) ) ;
#1385 = AXIS2_PLACEMENT_3D ( 'NONE', #2937, #4383, #203 ) ;
#1386 = VERTEX_POINT ( 'NONE', #4460 ) ;
#1387 = EDGE_CURVE ( 'NONE', #760, #4451, #4816, .T. ) ;
#1388 = ORIENTED_EDGE ( 'NONE', *, *, #4037, .F. ) ;
#1389 = VECTOR ( 'NONE', #893, 1000.000000000000000 ) ;
#1390 = CARTESIAN_POINT ( 'NONE',  ( -7.500000000000043521, 6.399999999999987921, -15.82499999999955875 ) ) ;
#1391 = AXIS2_PLACEMENT_3D ( 'NONE', #314, #714, #2929 ) ;
#1392 = LINE ( 'NONE', #2607, #4726 ) ;
#1393 = COLOUR_RGB ( '',0.1098039215686274495, 0.1098039215686274495, 0.1098039215686274495 ) ;
#1394 = EDGE_CURVE ( 'NONE', #4530, #3820, #1032, .T. ) ;
#1395 = VECTOR ( 'NONE', #2786, 1000.000000000000000 ) ;
#1396 = ORIENTED_EDGE ( 'NONE', *, *, #632, .F. ) ;
#1397 = FACE_OUTER_BOUND ( 'NONE', #4873, .T. ) ;
#1398 = CARTESIAN_POINT ( 'NONE',  ( -27.72963113701302618, 13.08000000000000185, 14.72963113701316118 ) ) ;
#1399 = ORIENTED_EDGE ( 'NONE', *, *, #570, .T. ) ;
#1400 = VECTOR ( 'NONE', #2040, 1000.000000000000000 ) ;
#1401 = CARTESIAN_POINT ( 'NONE',  ( 0.000000000000000000, 0.000000000000000000, 0.000000000000000000 ) ) ;
#1402 = ORIENTED_EDGE ( 'NONE', *, *, #2323, .T. ) ;
#1403 = LINE ( 'NONE', #4780, #660 ) ;
#1404 = EDGE_CURVE ( 'NONE', #3052, #4826, #3114, .T. ) ;
#1405 = ORIENTED_EDGE ( 'NONE', *, *, #583, .F. ) ;
#1406 = PLANE ( 'NONE',  #1736 ) ;
#1407 = CARTESIAN_POINT ( 'NONE',  ( 8.448468792073004205E-15, 13.08000000000000185, -7.435999999999967081 ) ) ;
#1408 = CARTESIAN_POINT ( 'NONE',  ( -17.70714221603858363, 0.000000000000000000, 2.425520671255319005 ) ) ;
#1409 = DIRECTION ( 'NONE',  ( 0.000000000000000000, 0.000000000000000000, 1.000000000000000000 ) ) ;
#1410 = LINE ( 'NONE', #4097, #3650 ) ;
#1411 = EDGE_LOOP ( 'NONE', ( #1309, #3946, #349, #3585, #4114 ) ) ;
#1412 = VERTEX_POINT ( 'NONE', #3674 ) ;
#1413 = CARTESIAN_POINT ( 'NONE',  ( -7.486189597789579153, 0.000000000000000000, 6.903168580185106151 ) ) ;
#1414 = EDGE_CURVE ( 'NONE', #561, #4366, #975, .T. ) ;
#1415 = ADVANCED_FACE ( 'NONE', ( #4096 ), #4858, .F. ) ;
#1416 = DIRECTION ( 'NONE',  ( 0.000000000000000000, 1.000000000000000000, -0.000000000000000000 ) ) ;
#1417 = EDGE_LOOP ( 'NONE', ( #717, #1587, #2335, #452 ) ) ;
#1418 = EDGE_CURVE ( 'NONE', #1348, #2539, #3355, .T. ) ;
#1419 = LINE ( 'NONE', #4426, #3613 ) ;
#1420 = LINE ( 'NONE', #4402, #2669 ) ;
#1421 = VECTOR ( 'NONE', #161, 1000.000000000000000 ) ;
#1422 = ORIENTED_EDGE ( 'NONE', *, *, #2314, .T. ) ;
#1423 = EDGE_CURVE ( 'NONE', #2859, #3013, #688, .T. ) ;
#1424 = CARTESIAN_POINT ( 'NONE',  ( 0.000000000000000000, 9.400000000000000355, 0.000000000000000000 ) ) ;
#1425 = ORIENTED_EDGE ( 'NONE', *, *, #3994, .F. ) ;
#1426 = FACE_OUTER_BOUND ( 'NONE', #4378, .T. ) ;
#1427 = ORIENTED_EDGE ( 'NONE', *, *, #4429, .T. ) ;
#1428 = DIRECTION ( 'NONE',  ( 0.000000000000000000, 0.000000000000000000, -1.000000000000000000 ) ) ;
#1429 = DIRECTION ( 'NONE',  ( -1.000000000000000000, 0.000000000000000000, 0.000000000000000000 ) ) ;
#1430 = LINE ( 'NONE', #3723, #4648 ) ;
#1431 = CARTESIAN_POINT ( 'NONE',  ( -7.500000000000043521, 13.08000000000000185, -17.37499999999955591 ) ) ;
#1432 = LINE ( 'NONE', #1058, #1657 ) ;
#1433 = DIRECTION ( 'NONE',  ( 0.000000000000000000, 1.000000000000000000, 0.000000000000000000 ) ) ;
#1434 = EDGE_LOOP ( 'NONE', ( #4256, #2142, #1371, #4271 ) ) ;
#1435 = EDGE_CURVE ( 'NONE', #3104, #4692, #2795, .T. ) ;
#1436 = EDGE_CURVE ( 'NONE', #4491, #949, #1844, .T. ) ;
#1437 = LINE ( 'NONE', #2955, #1626 ) ;
#1438 = DIRECTION ( 'NONE',  ( 0.000000000000000000, 0.000000000000000000, 1.000000000000000000 ) ) ;
#1439 = ORIENTED_EDGE ( 'NONE', *, *, #3486, .F. ) ;
#1440 = DIRECTION ( 'NONE',  ( -0.7351537977934969881, 0.000000000000000000, 0.6779003566821588667 ) ) ;
#1441 = CARTESIAN_POINT ( 'NONE',  ( -4.075000000000000178, 9.400000000000000355, -3.024896692450861124 ) ) ;
#1442 = ORIENTED_EDGE ( 'NONE', *, *, #4909, .T. ) ;
#1443 = FACE_OUTER_BOUND ( 'NONE', #89, .T. ) ;
#1444 = EDGE_CURVE ( 'NONE', #3421, #4456, #260, .T. ) ;
#1445 = ORIENTED_EDGE ( 'NONE', *, *, #3986, .T. ) ;
#1446 = CARTESIAN_POINT ( 'NONE',  ( -27.58578643762692195, 8.000000000000000000, -21.41421356237308160 ) ) ;
#1447 = VECTOR ( 'NONE', #3953, 1000.000000000000000 ) ;
#1448 = ORIENTED_EDGE ( 'NONE', *, *, #870, .F. ) ;
#1449 = LINE ( 'NONE', #1771, #147 ) ;
#1450 = DIRECTION ( 'NONE',  ( -1.000000000000000000, 0.000000000000000000, 0.000000000000000000 ) ) ;
#1451 = CARTESIAN_POINT ( 'NONE',  ( 3.910986304534841640, 1.000000000000000000, -3.606400482158622189 ) ) ;
#1452 = VECTOR ( 'NONE', #4111, 1000.000000000000000 ) ;
#1453 = ADVANCED_FACE ( 'NONE', ( #4788 ), #985, .T. ) ;
#1454 = CARTESIAN_POINT ( 'NONE',  ( -10.23817936277639085, 1.000000000000000000, 2.425520671255319449 ) ) ;
#1455 = DIRECTION ( 'NONE',  ( 0.000000000000000000, 0.000000000000000000, 1.000000000000000000 ) ) ;
#1456 = ORIENTED_EDGE ( 'NONE', *, *, #3943, .F. ) ;
#1457 = ORIENTED_EDGE ( 'NONE', *, *, #156, .F. ) ;
#1458 = DIRECTION ( 'NONE',  ( 0.000000000000000000, 1.000000000000000000, -0.000000000000000000 ) ) ;
#1459 = EDGE_CURVE ( 'NONE', #1998, #1094, #3699, .T. ) ;
#1460 = AXIS2_PLACEMENT_3D ( 'NONE', #796, #3485, #120 ) ;
#1461 = DIRECTION ( 'NONE',  ( -0.000000000000000000, -1.000000000000000000, 0.000000000000000000 ) ) ;
#1462 = VECTOR ( 'NONE', #1690, 1000.000000000000000 ) ;
#1463 = VERTEX_POINT ( 'NONE', #3325 ) ;
#1464 = DIRECTION ( 'NONE',  ( -1.622533140642443131E-16, 0.000000000000000000, -1.000000000000000000 ) ) ;
#1465 = DIRECTION ( 'NONE',  ( -0.000000000000000000, -1.000000000000000000, -0.000000000000000000 ) ) ;
#1466 = VECTOR ( 'NONE', #4127, 999.9999999999998863 ) ;
#1468 = CARTESIAN_POINT ( 'NONE',  ( 0.000000000000000000, 8.000000000000000000, 0.000000000000000000 ) ) ;
#1467 = VECTOR ( 'NONE', #2155, 1000.000000000000114 ) ;
#1469 = ORIENTED_EDGE ( 'NONE', *, *, #3834, .F. ) ;
#1470 = ADVANCED_FACE ( 'NONE', ( #1776 ), #2974, .F. ) ;
#1471 = CARTESIAN_POINT ( 'NONE',  ( 35.00000000000001421, 0.000000000000000000, 13.17157287525375864 ) ) ;
#1472 = VERTEX_POINT ( 'NONE', #4069 ) ;
#1473 = DIRECTION ( 'NONE',  ( 0.000000000000000000, 0.000000000000000000, -1.000000000000000000 ) ) ;
#1474 = VECTOR ( 'NONE', #1694, 1000.000000000000000 ) ;
#1475 = ORIENTED_EDGE ( 'NONE', *, *, #1858, .F. ) ;
#1476 = CIRCLE ( 'NONE', #4026, 21.51210508585769432 ) ;
#1477 = ADVANCED_FACE ( 'NONE', ( #2600 ), #3632, .T. ) ;
#1478 = DIRECTION ( 'NONE',  ( 5.680788590689235086E-16, -0.000000000000000000, 1.000000000000000000 ) ) ;
#1479 = DIRECTION ( 'NONE',  ( -0.000000000000000000, -1.000000000000000000, -0.000000000000000000 ) ) ;
#1480 = CONICAL_SURFACE ( 'NONE', #4581, 1.549999999999999378, 0.9197196053504165247 ) ;
#1481 = PLANE ( 'NONE',  #1154 ) ;
#1482 = CARTESIAN_POINT ( 'NONE',  ( 32.19999999998507434, 0.000000000000000000, 6.484012889200524654 ) ) ;
#1483 = LINE ( 'NONE', #2699, #3728 ) ;
#1484 = ORIENTED_EDGE ( 'NONE', *, *, #3829, .T. ) ;
#1485 = ORIENTED_EDGE ( 'NONE', *, *, #3906, .T. ) ;
#1486 = DIRECTION ( 'NONE',  ( -6.756317695351546283E-14, 0.000000000000000000, -1.000000000000000000 ) ) ;
#1487 = CARTESIAN_POINT ( 'NONE',  ( 27.58578643762688998, 13.08000000000000185, -21.41421356237312068 ) ) ;
#1488 = LINE ( 'NONE', #668, #1466 ) ;
#1489 = EDGE_CURVE ( 'NONE', #2536, #4500, #616, .T. ) ;
#1490 = EDGE_LOOP ( 'NONE', ( #2109, #584, #607, #890 ) ) ;
#1491 = VECTOR ( 'NONE', #2719, 1000.000000000000000 ) ;
#1492 = DIRECTION ( 'NONE',  ( 1.000000000000000000, 0.000000000000000000, -1.365861796562406859E-16 ) ) ;
#1493 = FILL_AREA_STYLE ('',( #4155 ) ) ;
#1494 = DIRECTION ( 'NONE',  ( -1.000000000000000000, 0.000000000000000000, 0.000000000000000000 ) ) ;
#1495 = ORIENTED_EDGE ( 'NONE', *, *, #2809, .F. ) ;
#1496 = CARTESIAN_POINT ( 'NONE',  ( 28.63679244127212442, 1.000000000000000888, -12.91002937926195138 ) ) ;
#1497 = ORIENTED_EDGE ( 'NONE', *, *, #3971, .F. ) ;
#1498 = DIRECTION ( 'NONE',  ( 0.7071067811865439090, 0.000000000000000000, -0.7071067811865512365 ) ) ;
#1499 = EDGE_LOOP ( 'NONE', ( #623, #619, #1691, #2117 ) ) ;
#1500 = VECTOR ( 'NONE', #2924, 1000.000000000000000 ) ;
#1501 = CARTESIAN_POINT ( 'NONE',  ( 7.500000000000007105, 13.08000000000000185, 17.37500000000062172 ) ) ;
#1502 = LINE ( 'NONE', #1526, #1000 ) ;
#1503 = DIRECTION ( 'NONE',  ( 1.000000000000000000, 0.000000000000000000, 0.000000000000000000 ) ) ;
#1504 = EDGE_LOOP ( 'NONE', ( #1361, #2558 ) ) ;
#1505 = EDGE_CURVE ( 'NONE', #2299, #3712, #3675, .T. ) ;
#1506 = CARTESIAN_POINT ( 'NONE',  ( 0.000000000000000000, 9.400000000000000355, 0.000000000000000000 ) ) ;
#1507 = CARTESIAN_POINT ( 'NONE',  ( 1.166576167306326538E-14, 8.000000000000000000, 21.99999999999999289 ) ) ;
#1508 = ADVANCED_FACE ( 'NONE', ( #34 ), #361, .F. ) ;
#1509 = FACE_OUTER_BOUND ( 'NONE', #1811, .T. ) ;
#1510 = ORIENTED_EDGE ( 'NONE', *, *, #3394, .F. ) ;
#1511 = FACE_OUTER_BOUND ( 'NONE', #3495, .T. ) ;
#1512 = EDGE_CURVE ( 'NONE', #268, #4384, #1927, .T. ) ;
#1513 = AXIS2_PLACEMENT_3D ( 'NONE', #333, #3305, #4120 ) ;
#1514 = DIRECTION ( 'NONE',  ( 0.6779003566821590887, 0.000000000000000000, 0.7351537977934966550 ) ) ;
#1515 = CARTESIAN_POINT ( 'NONE',  ( 27.00000000000000000, 11.00000000000000000, -6.613092715395707467E-15 ) ) ;
#1516 = VERTEX_POINT ( 'NONE', #3843 ) ;
#1517 = CARTESIAN_POINT ( 'NONE',  ( -3.984034407287601538E-16, 1.000000000000000000, -2.455441006098723289 ) ) ;
#1518 = LINE ( 'NONE', #1169, #1778 ) ;
#1519 = LINE ( 'NONE', #4549, #3460 ) ;
#1520 = VERTEX_POINT ( 'NONE', #787 ) ;
#1521 = DIRECTION ( 'NONE',  ( 0.000000000000000000, 0.000000000000000000, 1.000000000000000000 ) ) ;
#1522 = VERTEX_POINT ( 'NONE', #389 ) ;
#1523 = CYLINDRICAL_SURFACE ( 'NONE', #3017, 1.549999999999999378 ) ;
#1524 = ORIENTED_EDGE ( 'NONE', *, *, #924, .T. ) ;
#1525 = DIRECTION ( 'NONE',  ( -1.000000000000000000, 0.000000000000000000, 0.000000000000000000 ) ) ;
#1526 = CARTESIAN_POINT ( 'NONE',  ( -27.72963113701302618, 13.08000000000000185, 11.57963113701317148 ) ) ;
#1527 = VECTOR ( 'NONE', #286, 1000.000000000000000 ) ;
#1528 = LINE ( 'NONE', #3964, #2182 ) ;
#1529 = EDGE_LOOP ( 'NONE', ( #1114, #1457, #4174, #3569 ) ) ;
#1530 = DIRECTION ( 'NONE',  ( 0.000000000000000000, 0.000000000000000000, 1.000000000000000000 ) ) ;
#1531 = LINE ( 'NONE', #435, #786 ) ;
#1532 = DIRECTION ( 'NONE',  ( 1.000000000000000000, 0.000000000000000000, -2.731723593124813718E-16 ) ) ;
#1533 = ORIENTED_EDGE ( 'NONE', *, *, #4194, .T. ) ;
#1534 = AXIS2_PLACEMENT_3D ( 'NONE', #1118, #2615, #3088 ) ;
#1535 = DIRECTION ( 'NONE',  ( 0.7315897338801824468, 0.000000000000000000, -0.6817451586048292045 ) ) ;
#1536 = CARTESIAN_POINT ( 'NONE',  ( -26.17157287525377640, 13.08000000000000185, 20.00000000000000355 ) ) ;
#1537 = EDGE_CURVE ( 'NONE', #1646, #1326, #4169, .T. ) ;
#1538 = CARTESIAN_POINT ( 'NONE',  ( 10.73669955355730821, 7.961904761904749606, 15.79900000000000126 ) ) ;
#1539 = CIRCLE ( 'NONE', #904, 1.549999999999999378 ) ;
#1540 = EDGE_CURVE ( 'NONE', #2626, #211, #762, .T. ) ;
#1541 = ORIENTED_EDGE ( 'NONE', *, *, #2017, .T. ) ;
#1542 = DIRECTION ( 'NONE',  ( -0.000000000000000000, 1.000000000000000000, -0.000000000000000000 ) ) ;
#1543 = SURFACE_SIDE_STYLE ('',( #4523 ) ) ;
#1544 = AXIS2_PLACEMENT_3D ( 'NONE', #320, #1542, #372 ) ;
#1545 = CARTESIAN_POINT ( 'NONE',  ( -27.91949999999999577, 13.08000000000000185, -7.435999999999999055 ) ) ;
#1546 = VECTOR ( 'NONE', #224, 1000.000000000000000 ) ;
#1547 = CARTESIAN_POINT ( 'NONE',  ( 22.69035466658174371, 1.000000000000000000, 2.343443022250652596 ) ) ;
#1548 = EDGE_LOOP ( 'NONE', ( #4058, #1338, #3560, #2711, #3318 ) ) ;
#1549 = LINE ( 'NONE', #3343, #4439 ) ;
#1550 = VECTOR ( 'NONE', #1089, 1000.000000000000000 ) ;
#1551 = ORIENTED_EDGE ( 'NONE', *, *, #4215, .F. ) ;
#1552 = AXIS2_PLACEMENT_3D ( 'NONE', #2062, #666, #693 ) ;
#1553 = PLANE ( 'NONE',  #953 ) ;
#1554 = FACE_OUTER_BOUND ( 'NONE', #4779, .T. ) ;
#1555 = AXIS2_PLACEMENT_3D ( 'NONE', #394, #1909, #486 ) ;
#1556 = ADVANCED_FACE ( 'NONE', ( #1183 ), #2319, .F. ) ;
#1557 = DIRECTION ( 'NONE',  ( -0.000000000000000000, 1.000000000000000000, 0.000000000000000000 ) ) ;
#1558 = DIRECTION ( 'NONE',  ( -0.000000000000000000, -1.000000000000000000, -0.000000000000000000 ) ) ;
#1559 = LINE ( 'NONE', #4593, #705 ) ;
#1560 = VECTOR ( 'NONE', #4370, 1000.000000000000000 ) ;
#1561 = CARTESIAN_POINT ( 'NONE',  ( 0.000000000000000000, 13.08000000000000185, 15.79899999999999416 ) ) ;
#1562 = ORIENTED_EDGE ( 'NONE', *, *, #2368, .T. ) ;
#1563 = DIRECTION ( 'NONE',  ( 0.000000000000000000, -1.000000000000000000, 0.000000000000000000 ) ) ;
#1564 = CLOSED_SHELL ( 'NONE', ( #1556, #1046, #1872, #1984, #1383, #85, #78, #1930, #2119, #33, #2052, #1027, #1903, #2194, #1356, #3492, #3571, #1508, #1052, #457, #3669, #4908, #948, #1172, #4579, #3822, #1904, #4695, #4516, #4425, #703, #4202, #4473, #543, #598, #1851, #4450, #3399, #3780, #1198, #2788, #315, #1188, #3422, #2531, #3336, #649, #4784, #2969, #3770, #4543, #3977, #1232, #4065, #3364, #686, #4214, #2431, #3643, #961, #1696, #2567, #3814, #868, #2523, #348, #2358, #2781, #690, #4626, #3332, #3947, #4010, #4498, #4422, #1017, #3957, #1477, #4607, #442, #4791, #136, #3406, #3273, #294, #896, #4337, #2060, #2584, #139, #3188, #446, #4739, #869, #3609, #3101, #2833, #1910, #4444, #4495, #2079, #3153, #879, #3736, #3488, #3362, #3818, #3853, #4698, #669, #1640, #770, #1453, #4852, #4300, #1180, #854, #2485, #2632, #2388, #1470, #2569, #807, #633, #3183, #88, #368, #60, #289, #934, #3870, #2566, #3278, #4705, #3914, #4339, #4706, #3113, #4269, #2630, #991, #188, #3061, #4503, #536, #1202, #2936, #4137, #3890, #4714, #4542, #1415, #4480 ) ) ;
#1565 = CARTESIAN_POINT ( 'NONE',  ( -10.13294086911105829, 7.961904761904749606, -14.91987833707429090 ) ) ;
#1566 = ORIENTED_EDGE ( 'NONE', *, *, #1809, .F. ) ;
#1567 = FACE_OUTER_BOUND ( 'NONE', #2133, .T. ) ;
#1568 = EDGE_CURVE ( 'NONE', #2290, #4681, #2220, .T. ) ;
#1569 = CARTESIAN_POINT ( 'NONE',  ( 1.449929605838181147E-14, 9.180000000000001492, 5.075000000000016165 ) ) ;
#1570 = EDGE_CURVE ( 'NONE', #1572, #502, #3769, .T. ) ;
#1571 = CARTESIAN_POINT ( 'NONE',  ( 6.166749215642190585, 1.000000000000000000, -1.160122567305999386 ) ) ;
#1572 = VERTEX_POINT ( 'NONE', #4886 ) ;
#1573 = EDGE_CURVE ( 'NONE', #2834, #3393, #3477, .T. ) ;
#1574 = DIRECTION ( 'NONE',  ( 0.000000000000000000, -1.000000000000000000, 0.000000000000000000 ) ) ;
#1575 = ORIENTED_EDGE ( 'NONE', *, *, #2292, .F. ) ;
#1576 = CARTESIAN_POINT ( 'NONE',  ( 25.96446609407017903, 1.000000000000000000, 10.51234249137529275 ) ) ;
#1577 = CARTESIAN_POINT ( 'NONE',  ( 25.96446609407017903, 1.000000000000000000, 10.51234249137529275 ) ) ;
#1578 = VECTOR ( 'NONE', #7, 1000.000000000000000 ) ;
#1579 = CARTESIAN_POINT ( 'NONE',  ( 34.41421356237311358, 13.08000000000000185, -14.58578643762692018 ) ) ;
#1580 = CARTESIAN_POINT ( 'NONE',  ( -7.500000000000043521, 6.399999999999987921, -17.37499999999955591 ) ) ;
#1581 = CARTESIAN_POINT ( 'NONE',  ( 1.387778780781445676E-14, 8.000000000000000000, -1.040834085586084257E-14 ) ) ;
#1582 = ORIENTED_EDGE ( 'NONE', *, *, #3992, .T. ) ;
#1583 = LINE ( 'NONE', #1600, #4024 ) ;
#1584 = AXIS2_PLACEMENT_3D ( 'NONE', #2712, #3511, #3907 ) ;
#1585 = CARTESIAN_POINT ( 'NONE',  ( 0.000000000000000000, 13.08000000000000185, -21.51210508585769432 ) ) ;
#1586 = CARTESIAN_POINT ( 'NONE',  ( -22.58810389339260993, 1.000000000000000888, -2.455441006098721513 ) ) ;
#1587 = ORIENTED_EDGE ( 'NONE', *, *, #3793, .F. ) ;
#1588 = CARTESIAN_POINT ( 'NONE',  ( 0.000000000000000000, 9.400000000000000355, 0.000000000000000000 ) ) ;
#1589 = PLANE ( 'NONE',  #1606 ) ;
#1590 = DIRECTION ( 'NONE',  ( -1.000000000000000000, 0.000000000000000000, 0.000000000000000000 ) ) ;
#1591 = ORIENTED_EDGE ( 'NONE', *, *, #4242, .T. ) ;
#1592 = EDGE_CURVE ( 'NONE', #795, #920, #3746, .T. ) ;
#1593 = ORIENTED_EDGE ( 'NONE', *, *, #2513, .F. ) ;
#1594 = CARTESIAN_POINT ( 'NONE',  ( -5.941219978984221051, 8.000000000000000000, -20.67540979971867898 ) ) ;
#1595 = ORIENTED_EDGE ( 'NONE', *, *, #1540, .F. ) ;
#1596 = CARTESIAN_POINT ( 'NONE',  ( -7.500000000000043521, 6.399999999999987921, -18.92499999999955662 ) ) ;
#1597 = DIRECTION ( 'NONE',  ( 0.000000000000000000, 0.000000000000000000, 1.000000000000000000 ) ) ;
#1598 = DIRECTION ( 'NONE',  ( 0.000000000000000000, 0.000000000000000000, -1.000000000000000000 ) ) ;
#1599 = EDGE_LOOP ( 'NONE', ( #1871, #2269, #679, #143 ) ) ;
#1600 = CARTESIAN_POINT ( 'NONE',  ( -7.500000000000043521, 13.08000000000000185, -15.82499999999955875 ) ) ;
#1601 = EDGE_CURVE ( 'NONE', #4472, #2509, #4860, .T. ) ;
#1602 = VECTOR ( 'NONE', #1752, 1000.000000000000000 ) ;
#1603 = FACE_OUTER_BOUND ( 'NONE', #1886, .T. ) ;
#1604 = SURFACE_STYLE_USAGE ( .BOTH. , #3458 ) ;
#1605 = ORIENTED_EDGE ( 'NONE', *, *, #1779, .F. ) ;
#1606 = AXIS2_PLACEMENT_3D ( 'NONE', #3904, #848, #3934 ) ;
#1607 = ORIENTED_EDGE ( 'NONE', *, *, #2300, .T. ) ;
#1608 = VECTOR ( 'NONE', #676, 1000.000000000000000 ) ;
#1609 = ORIENTED_EDGE ( 'NONE', *, *, #3262, .F. ) ;
#1610 = CYLINDRICAL_SURFACE ( 'NONE', #1070, 2.000000000000007105 ) ;
#1611 = CIRCLE ( 'NONE', #4394, 4.075000000000000178 ) ;
#1612 = FACE_OUTER_BOUND ( 'NONE', #425, .T. ) ;
#1613 = FACE_OUTER_BOUND ( 'NONE', #4213, .T. ) ;
#1614 = VERTEX_POINT ( 'NONE', #1482 ) ;
#1615 = CARTESIAN_POINT ( 'NONE',  ( -27.91949999999999932, 13.08000000000000185, -9.677999999999999048 ) ) ;
#1616 = VECTOR ( 'NONE', #646, 1000.000000000000000 ) ;
#1617 = ORIENTED_EDGE ( 'NONE', *, *, #1174, .T. ) ;
#1618 = ORIENTED_EDGE ( 'NONE', *, *, #2628, .T. ) ;
#1619 = CYLINDRICAL_SURFACE ( 'NONE', #4866, 1.999999999999980904 ) ;
#1620 = VERTEX_POINT ( 'NONE', #4197 ) ;
#1621 = EDGE_CURVE ( 'NONE', #592, #4844, #1127, .T. ) ;
#1622 = PRODUCT_DEFINITION_SHAPE ( 'NONE', 'NONE',  #2116 ) ;
#1623 = LINE ( 'NONE', #3146, #4160 ) ;
#1624 = VECTOR ( 'NONE', #1063, 1000.000000000000000 ) ;
#1625 = LINE ( 'NONE', #1228, #1421 ) ;
#1626 = VECTOR ( 'NONE', #1061, 1000.000000000000000 ) ;
#1627 = DIRECTION ( 'NONE',  ( 6.756317695351546283E-14, 0.000000000000000000, 1.000000000000000000 ) ) ;
#1628 = VERTEX_POINT ( 'NONE', #1105 ) ;
#1629 = DIRECTION ( 'NONE',  ( 0.000000000000000000, 1.000000000000000000, 0.000000000000000000 ) ) ;
#1630 = EDGE_CURVE ( 'NONE', #3165, #313, #433, .T. ) ;
#1631 = AXIS2_PLACEMENT_3D ( 'NONE', #1329, #2844, #4365 ) ;
#1632 = DIRECTION ( 'NONE',  ( -0.7071067811865486830, 0.000000000000000000, -0.7071067811865464625 ) ) ;
#1633 = DIRECTION ( 'NONE',  ( 0.000000000000000000, 0.000000000000000000, 1.000000000000000000 ) ) ;
#1634 = ORIENTED_EDGE ( 'NONE', *, *, #71, .T. ) ;
#1635 = ORIENTED_EDGE ( 'NONE', *, *, #2692, .T. ) ;
#1636 = VERTEX_POINT ( 'NONE', #2301 ) ;
#1637 = VECTOR ( 'NONE', #82, 1000.000000000000000 ) ;
#1638 = LINE ( 'NONE', #146, #2180 ) ;
#1639 = LINE ( 'NONE', #4774, #2426 ) ;
#1640 = ADVANCED_FACE ( 'NONE', ( #3076 ), #4592, .T. ) ;
#1641 = CARTESIAN_POINT ( 'NONE',  ( 1.387778780781445676E-14, 7.272000000000000242, -1.040834085586084257E-14 ) ) ;
#1642 = ORIENTED_EDGE ( 'NONE', *, *, #1592, .F. ) ;
#1643 = CARTESIAN_POINT ( 'NONE',  ( 0.000000000000000000, 13.08000000000000185, -15.79900000000000482 ) ) ;
#1644 = DIRECTION ( 'NONE',  ( -1.000000000000000000, 0.000000000000000000, -0.000000000000000000 ) ) ;
#1645 = ORIENTED_EDGE ( 'NONE', *, *, #1108, .T. ) ;
#1646 = VERTEX_POINT ( 'NONE', #1579 ) ;
#1647 = CARTESIAN_POINT ( 'NONE',  ( 4.224234396036524191E-15, 11.00000000000000000, 7.436000000000015042 ) ) ;
#1648 = ORIENTED_EDGE ( 'NONE', *, *, #2331, .F. ) ;
#1649 = CARTESIAN_POINT ( 'NONE',  ( 1.147510537885837234, 1.000000000000000000, -6.603271165197424963 ) ) ;
#1650 = DIRECTION ( 'NONE',  ( 0.000000000000000000, 1.000000000000000000, -0.000000000000000000 ) ) ;
#1651 = CARTESIAN_POINT ( 'NONE',  ( -10.98234863634797698, 0.000000000000000000, 3.111734382590574111 ) ) ;
#1652 = ORIENTED_EDGE ( 'NONE', *, *, #1902, .T. ) ;
#1653 = VECTOR ( 'NONE', #1597, 1000.000000000000000 ) ;
#1654 = CARTESIAN_POINT ( 'NONE',  ( 3.024896692450861124, 9.180000000000001492, -4.075000000000000178 ) ) ;
#1655 = FACE_OUTER_BOUND ( 'NONE', #3328, .T. ) ;
#1656 = FACE_OUTER_BOUND ( 'NONE', #4191, .T. ) ;
#1657 = VECTOR ( 'NONE', #1777, 1000.000000000000000 ) ;
#1658 = ORIENTED_EDGE ( 'NONE', *, *, #2385, .F. ) ;
#1659 = EDGE_CURVE ( 'NONE', #4851, #2440, #3096, .T. ) ;
#1660 = ORIENTED_EDGE ( 'NONE', *, *, #1018, .T. ) ;
#1661 = VECTOR ( 'NONE', #850, 1000.000000000000000 ) ;
#1662 = ORIENTED_EDGE ( 'NONE', *, *, #4841, .T. ) ;
#1663 = LINE ( 'NONE', #4694, #4408 ) ;
#1664 = CARTESIAN_POINT ( 'NONE',  ( 26.17157287525380482, 13.08000000000000185, -20.00000000000001776 ) ) ;
#1665 = DIRECTION ( 'NONE',  ( 0.000000000000000000, 0.000000000000000000, 1.000000000000000000 ) ) ;
#1666 = ORIENTED_EDGE ( 'NONE', *, *, #1659, .F. ) ;
#1667 = LINE ( 'NONE', #1615, #68 ) ;
#1668 = PLANE ( 'NONE',  #2022 ) ;
#1669 = ORIENTED_EDGE ( 'NONE', *, *, #1505, .T. ) ;
#1670 = VERTEX_POINT ( 'NONE', #4119 ) ;
#1671 = PLANE ( 'NONE',  #20 ) ;
#1672 = VERTEX_POINT ( 'NONE', #1850 ) ;
#1673 = CARTESIAN_POINT ( 'NONE',  ( -11.01176605809505560, 1.000000000000000888, 5.113798457285451349 ) ) ;
#1674 = CARTESIAN_POINT ( 'NONE',  ( 22.69035466658174371, 1.000000000000000888, 2.343443022250653485 ) ) ;
#1675 = DIRECTION ( 'NONE',  ( 1.000000000000000000, -0.000000000000000000, -0.000000000000000000 ) ) ;
#1676 = VERTEX_POINT ( 'NONE', #710 ) ;
#1677 = CARTESIAN_POINT ( 'NONE',  ( -13.44309202176727247, 0.000000000000000000, -15.19171949462534421 ) ) ;
#1678 = EDGE_CURVE ( 'NONE', #3775, #2946, #1769, .T. ) ;
#1679 = DIRECTION ( 'NONE',  ( -1.000000000000000000, 0.000000000000000000, -0.000000000000000000 ) ) ;
#1680 = CARTESIAN_POINT ( 'NONE',  ( 22.69035466658174371, 0.000000000000000000, 2.343443022250652596 ) ) ;
#1681 = EDGE_CURVE ( 'NONE', #54, #499, #1623, .T. ) ;
#1682 = VERTEX_POINT ( 'NONE', #3663 ) ;
#1683 = ORIENTED_EDGE ( 'NONE', *, *, #2368, .F. ) ;
#1684 = ORIENTED_EDGE ( 'NONE', *, *, #1855, .F. ) ;
#1685 = CARTESIAN_POINT ( 'NONE',  ( -2.269035466658158917, 0.000000000000000000, -2.190792864359584424 ) ) ;
#1686 = AXIS2_PLACEMENT_3D ( 'NONE', #4048, #2507, #2574 ) ;
#1687 = EDGE_CURVE ( 'NONE', #3763, #3412, #1971, .T. ) ;
#1688 = EDGE_CURVE ( 'NONE', #1710, #826, #3575, .T. ) ;
#1689 = EDGE_CURVE ( 'NONE', #301, #2080, #2767, .T. ) ;
#1690 = DIRECTION ( 'NONE',  ( -0.000000000000000000, -1.000000000000000000, -0.000000000000000000 ) ) ;
#1691 = ORIENTED_EDGE ( 'NONE', *, *, #1282, .F. ) ;
#1692 = CARTESIAN_POINT ( 'NONE',  ( 27.91949999999998511, 13.08000000000000185, -4.320482791037865796E-14 ) ) ;
#1693 = CIRCLE ( 'NONE', #1999, 5.075000000000000178 ) ;
#1694 = DIRECTION ( 'NONE',  ( 1.000000000000000000, 0.000000000000000000, 0.000000000000000000 ) ) ;
#1695 = EDGE_LOOP ( 'NONE', ( #2345, #1582, #966, #1920 ) ) ;
#1696 = ADVANCED_FACE ( 'NONE', ( #4261 ), #1305, .F. ) ;
#1697 = ORIENTED_EDGE ( 'NONE', *, *, #1080, .F. ) ;
#1698 = CARTESIAN_POINT ( 'NONE',  ( -2.494211888400877685E-16, -0.000000000000000000, 2.343443022250649932 ) ) ;
#1699 = VERTEX_POINT ( 'NONE', #935 ) ;
#1700 = AXIS2_PLACEMENT_3D ( 'NONE', #3734, #4868, #696 ) ;
#1701 = CARTESIAN_POINT ( 'NONE',  ( -28.87152024816777640, 30.02194427534240262, -7.824260229855703130 ) ) ;
#1702 = AXIS2_PLACEMENT_3D ( 'NONE', #266, #4892, #1438 ) ;
#1703 = CARTESIAN_POINT ( 'NONE',  ( 26.17157287525383325, 8.000000000000000000, 19.99999999999997513 ) ) ;
#1704 = ORIENTED_EDGE ( 'NONE', *, *, #156, .T. ) ;
#1705 = DIRECTION ( 'NONE',  ( 0.000000000000000000, 1.000000000000000000, -0.000000000000000000 ) ) ;
#1706 = VECTOR ( 'NONE', #2281, 1000.000000000000000 ) ;
#1707 = AXIS2_PLACEMENT_3D ( 'NONE', #2084, #1735, #621 ) ;
#1708 = FACE_OUTER_BOUND ( 'NONE', #1060, .T. ) ;
#1709 = PLANE ( 'NONE',  #3658 ) ;
#1710 = VERTEX_POINT ( 'NONE', #2046 ) ;
#1711 = ORIENTED_EDGE ( 'NONE', *, *, #540, .F. ) ;
#1712 = AXIS2_PLACEMENT_3D ( 'NONE', #589, #3651, #234 ) ;
#1713 = EDGE_LOOP ( 'NONE', ( #2789, #3634, #1001, #4757 ) ) ;
#1714 = DIRECTION ( 'NONE',  ( 0.000000000000000000, 1.000000000000000000, -0.000000000000000000 ) ) ;
#1715 = VECTOR ( 'NONE', #4116, 1000.000000000000000 ) ;
#1716 = DIRECTION ( 'NONE',  ( 1.000000000000000000, 0.000000000000000000, 0.000000000000000000 ) ) ;
#1717 = EDGE_LOOP ( 'NONE', ( #1288, #144, #725, #3502 ) ) ;
#1718 = LINE ( 'NONE', #2471, #2417 ) ;
#1719 = DIRECTION ( 'NONE',  ( 0.000000000000000000, 0.000000000000000000, -1.000000000000000000 ) ) ;
#1720 = ORIENTED_EDGE ( 'NONE', *, *, #3718, .T. ) ;
#1721 = EDGE_CURVE ( 'NONE', #1914, #3269, #3972, .T. ) ;
#1722 = ORIENTED_EDGE ( 'NONE', *, *, #1436, .F. ) ;
#1723 = DIRECTION ( 'NONE',  ( 0.000000000000000000, 0.000000000000000000, 1.000000000000000000 ) ) ;
#1724 = EDGE_CURVE ( 'NONE', #1828, #268, #2429, .T. ) ;
#1725 = EDGE_LOOP ( 'NONE', ( #3184, #627, #4284, #2361 ) ) ;
#1726 = CARTESIAN_POINT ( 'NONE',  ( -15.21892165200937974, 13.08000000000000185, -9.678000000000002601 ) ) ;
#1727 = CARTESIAN_POINT ( 'NONE',  ( 0.000000000000000000, 8.000000000000000000, 0.000000000000000000 ) ) ;
#1728 = VERTEX_POINT ( 'NONE', #1278 ) ;
#1729 = LINE ( 'NONE', #3923, #2111 ) ;
#1730 = DIRECTION ( 'NONE',  ( 0.000000000000000000, 1.000000000000000000, 0.000000000000000000 ) ) ;
#1731 = DIRECTION ( 'NONE',  ( -1.000000000000000000, 0.000000000000000000, -0.000000000000000000 ) ) ;
#1732 = ORIENTED_EDGE ( 'NONE', *, *, #1306, .F. ) ;
#1733 = ORIENTED_EDGE ( 'NONE', *, *, #583, .T. ) ;
#1734 = ORIENTED_EDGE ( 'NONE', *, *, #4290, .T. ) ;
#1735 = DIRECTION ( 'NONE',  ( 0.000000000000000000, 1.000000000000000000, 0.000000000000000000 ) ) ;
#1736 = AXIS2_PLACEMENT_3D ( 'NONE', #1799, #1822, #4044 ) ;
#1737 = CIRCLE ( 'NONE', #1024, 1.549999999999999378 ) ;
#1738 = CARTESIAN_POINT ( 'NONE',  ( -22.58810389339260993, 30.02194427534240262, 5.789952570093332085 ) ) ;
#1739 = ORIENTED_EDGE ( 'NONE', *, *, #48, .T. ) ;
#1740 = DIRECTION ( 'NONE',  ( -0.7351537977934967660, 0.000000000000000000, 0.6779003566821590887 ) ) ;
#1741 = DIRECTION ( 'NONE',  ( -0.000000000000000000, -1.000000000000000000, -0.000000000000000000 ) ) ;
#1742 = ORIENTED_EDGE ( 'NONE', *, *, #4403, .F. ) ;
#1743 = CIRCLE ( 'NONE', #155, 5.075000000000016165 ) ;
#1744 = ORIENTED_EDGE ( 'NONE', *, *, #723, .T. ) ;
#1745 = DIRECTION ( 'NONE',  ( 1.000000000000000000, 0.000000000000000000, 0.000000000000000000 ) ) ;
#1746 = ORIENTED_EDGE ( 'NONE', *, *, #2628, .F. ) ;
#1747 = EDGE_CURVE ( 'NONE', #2509, #3283, #2744, .T. ) ;
#1748 = EDGE_CURVE ( 'NONE', #1993, #989, #99, .T. ) ;
#1749 = DIRECTION ( 'NONE',  ( 0.000000000000000000, 0.000000000000000000, -1.000000000000000000 ) ) ;
#1750 = LINE ( 'NONE', #1379, #3701 ) ;
#1751 = FACE_OUTER_BOUND ( 'NONE', #3530, .T. ) ;
#1752 = DIRECTION ( 'NONE',  ( 1.000000000000000000, 0.000000000000000000, 1.136157718137848595E-15 ) ) ;
#1753 = DIRECTION ( 'NONE',  ( 0.000000000000000000, 0.000000000000000000, 1.000000000000000000 ) ) ;
#1754 = ORIENTED_EDGE ( 'NONE', *, *, #2725, .F. ) ;
#1755 = ORIENTED_EDGE ( 'NONE', *, *, #359, .F. ) ;
#1756 = EDGE_CURVE ( 'NONE', #541, #1682, #1252, .T. ) ;
#1757 = CARTESIAN_POINT ( 'NONE',  ( -28.87152024816777640, 1.000000000000000888, 12.59705897006785058 ) ) ;
#1758 = DIRECTION ( 'NONE',  ( 0.000000000000000000, 0.000000000000000000, 1.000000000000000000 ) ) ;
#1759 = EDGE_CURVE ( 'NONE', #920, #1130, #3293, .T. ) ;
#1760 = VECTOR ( 'NONE', #1204, 1000.000000000000000 ) ;
#1761 = DIRECTION ( 'NONE',  ( 0.000000000000000000, 0.000000000000000000, -1.000000000000000000 ) ) ;
#1762 = CARTESIAN_POINT ( 'NONE',  ( -11.61512033809334099, 0.000000000000000000, 2.425520671255319893 ) ) ;
#1763 = ORIENTED_EDGE ( 'NONE', *, *, #3629, .T. ) ;
#1764 = CARTESIAN_POINT ( 'NONE',  ( 3.910986304534841640, 0.000000000000000000, -3.606400482158622189 ) ) ;
#1765 = ORIENTED_EDGE ( 'NONE', *, *, #4367, .F. ) ;
#1766 = CARTESIAN_POINT ( 'NONE',  ( -22.58810389339260993, 0.000000000000000000, -7.824260229855703130 ) ) ;
#1767 = VECTOR ( 'NONE', #181, 1000.000000000000000 ) ;
#1768 = ORIENTED_EDGE ( 'NONE', *, *, #2568, .F. ) ;
#1769 = CIRCLE ( 'NONE', #4790, 1.549999999999997602 ) ;
#1770 = AXIS2_PLACEMENT_3D ( 'NONE', #2829, #3557, #3205 ) ;
#1771 = CARTESIAN_POINT ( 'NONE',  ( 0.000000000000000000, 8.000000000000000000, 15.79899999999999416 ) ) ;
#1772 = CARTESIAN_POINT ( 'NONE',  ( -22.58810389339260993, 1.000000000000000000, -2.455441006098721068 ) ) ;
#1773 = EDGE_CURVE ( 'NONE', #4681, #4310, #4551, .T. ) ;
#1774 = FACE_OUTER_BOUND ( 'NONE', #1122, .T. ) ;
#1775 = AXIS2_PLACEMENT_3D ( 'NONE', #2065, #4036, #3989 ) ;
#1776 = FACE_OUTER_BOUND ( 'NONE', #1417, .T. ) ;
#1777 = DIRECTION ( 'NONE',  ( 1.000000000000000000, 0.000000000000000000, 0.000000000000000000 ) ) ;
#1778 = VECTOR ( 'NONE', #2610, 1000.000000000000000 ) ;
#1779 = EDGE_CURVE ( 'NONE', #313, #3901, #4804, .T. ) ;
#1780 = ORIENTED_EDGE ( 'NONE', *, *, #1808, .T. ) ;
#1781 = EDGE_LOOP ( 'NONE', ( #2877, #3642, #1634, #1497, #1965, #733 ) ) ;
#1782 = AXIS2_PLACEMENT_3D ( 'NONE', #3333, #1416, #3707 ) ;
#1783 = DIRECTION ( 'NONE',  ( 0.000000000000000000, -0.000000000000000000, 1.000000000000000000 ) ) ;
#1784 = CIRCLE ( 'NONE', #1707, 2.124999999999999556 ) ;
#1785 = CARTESIAN_POINT ( 'NONE',  ( 32.50000000000000711, 11.00000000000000000, -9.678000000000004377 ) ) ;
#1786 = VECTOR ( 'NONE', #4459, 1000.000000000000000 ) ;
#1787 = ORIENTED_EDGE ( 'NONE', *, *, #1568, .T. ) ;
#1788 = AXIS2_PLACEMENT_3D ( 'NONE', #484, #1992, #1627 ) ;
#1789 = CARTESIAN_POINT ( 'NONE',  ( -22.58810389339260993, 30.02194427534240262, -7.824260229855703130 ) ) ;
#1790 = CARTESIAN_POINT ( 'NONE',  ( 13.45007162112024623, 0.000000000000000000, 1.426954622693663577 ) ) ;
#1791 = ORIENTED_EDGE ( 'NONE', *, *, #3475, .F. ) ;
#1792 = VECTOR ( 'NONE', #1741, 1000.000000000000000 ) ;
#1793 = LINE ( 'NONE', #2960, #2357 ) ;
#1794 = AXIS2_PLACEMENT_3D ( 'NONE', #3046, #756, #3842 ) ;
#1795 = ORIENTED_EDGE ( 'NONE', *, *, #2873, .T. ) ;
#1796 = CARTESIAN_POINT ( 'NONE',  ( 9.492465104891429917, 0.000000000000000000, -4.226833226099152796 ) ) ;
#1797 = AXIS2_PLACEMENT_3D ( 'NONE', #4050, #641, #1035 ) ;
#1798 = ORIENTED_EDGE ( 'NONE', *, *, #535, .F. ) ;
#1799 = CARTESIAN_POINT ( 'NONE',  ( 0.000000000000000000, 1.000000000000000000, 0.000000000000000000 ) ) ;
#1800 = EDGE_CURVE ( 'NONE', #4645, #4781, #2019, .T. ) ;
#1801 = CARTESIAN_POINT ( 'NONE',  ( 13.45007162112024623, 1.000000000000000000, 0.000000000000000000 ) ) ;
#1802 = DIRECTION ( 'NONE',  ( 0.000000000000000000, -1.000000000000000000, 0.000000000000000000 ) ) ;
#1803 = CARTESIAN_POINT ( 'NONE',  ( 8.448468792073004205E-15, 11.00000000000000000, -7.435999999999967081 ) ) ;
#1804 = CARTESIAN_POINT ( 'NONE',  ( 26.17157287525380482, 0.000000000000000000, -20.00000000000001776 ) ) ;
#1805 = LINE ( 'NONE', #691, #444 ) ;
#1806 = ORIENTED_EDGE ( 'NONE', *, *, #778, .F. ) ;
#1807 = CARTESIAN_POINT ( 'NONE',  ( 0.000000000000000000, 9.400000000000000355, 0.000000000000000000 ) ) ;
#1808 = EDGE_CURVE ( 'NONE', #3067, #547, #4658, .T. ) ;
#1809 = EDGE_CURVE ( 'NONE', #938, #2859, #80, .T. ) ;
#1810 = CARTESIAN_POINT ( 'NONE',  ( -27.91949999999998511, 13.08000000000000185, 4.320482791037862640E-14 ) ) ;
#1811 = EDGE_LOOP ( 'NONE', ( #695, #478, #3984, #2706 ) ) ;
#1812 = PLANE ( 'NONE',  #1700 ) ;
#1813 = FACE_BOUND ( 'NONE', #532, .T. ) ;
#1814 = VECTOR ( 'NONE', #254, 1000.000000000000000 ) ;
#1815 = PLANE ( 'NONE',  #4898 ) ;
#1816 = VERTEX_POINT ( 'NONE', #830 ) ;
#1817 = DIRECTION ( 'NONE',  ( 0.000000000000000000, 0.6060432152628564273, 0.7954317200324985127 ) ) ;
#1818 = VERTEX_POINT ( 'NONE', #2346 ) ;
#1819 = LINE ( 'NONE', #874, #4208 ) ;
#1820 = CIRCLE ( 'NONE', #1349, 18.03549999999999898 ) ;
#1821 = ORIENTED_EDGE ( 'NONE', *, *, #2266, .T. ) ;
#1822 = DIRECTION ( 'NONE',  ( 0.000000000000000000, -1.000000000000000000, 0.000000000000000000 ) ) ;
#1823 = CARTESIAN_POINT ( 'NONE',  ( 4.075000000000000178, 9.400000000000000355, -0.000000000000000000 ) ) ;
#1824 = EDGE_CURVE ( 'NONE', #1036, #1522, #3872, .T. ) ;
#1825 = CARTESIAN_POINT ( 'NONE',  ( 0.000000000000000000, 9.900000000000000355, 4.075000000000000178 ) ) ;
#1826 = CARTESIAN_POINT ( 'NONE',  ( -2.269035466658158917, 4.000000000000000000, 2.425520671255319449 ) ) ;
#1827 = CARTESIAN_POINT ( 'NONE',  ( 4.990435706525464979E-16, 9.900000000000000355, -4.075000000000000178 ) ) ;
#1828 = VERTEX_POINT ( 'NONE', #107 ) ;
#1829 = VERTEX_POINT ( 'NONE', #3549 ) ;
#1830 = DIRECTION ( 'NONE',  ( 0.000000000000000000, -0.000000000000000000, 1.000000000000000000 ) ) ;
#1831 = EDGE_CURVE ( 'NONE', #1710, #1463, #133, .T. ) ;
#1832 = DIRECTION ( 'NONE',  ( -1.000000000000000000, 0.000000000000000000, 0.000000000000000000 ) ) ;
#1833 = ORIENTED_EDGE ( 'NONE', *, *, #2968, .T. ) ;
#1834 = FACE_OUTER_BOUND ( 'NONE', #4035, .T. ) ;
#1835 = EDGE_CURVE ( 'NONE', #1094, #4772, #2635, .T. ) ;
#1836 = PLANE ( 'NONE',  #353 ) ;
#1837 = EDGE_CURVE ( 'NONE', #1893, #2539, #3012, .T. ) ;
#1838 = LINE ( 'NONE', #4870, #3373 ) ;
#1839 = EDGE_LOOP ( 'NONE', ( #967, #665, #927, #3659, #4526, #154, #100, #1987, #453 ) ) ;
#1840 = CARTESIAN_POINT ( 'NONE',  ( 0.000000000000000000, 11.00000000000000000, 0.000000000000000000 ) ) ;
#1841 = ORIENTED_EDGE ( 'NONE', *, *, #2455, .F. ) ;
#1842 = EDGE_CURVE ( 'NONE', #4606, #72, #4132, .T. ) ;
#1843 = CARTESIAN_POINT ( 'NONE',  ( -34.99999999999998579, 13.08000000000000185, 13.17157287525381371 ) ) ;
#1844 = CIRCLE ( 'NONE', #3752, 3.650000000000014566 ) ;
#1845 = ORIENTED_EDGE ( 'NONE', *, *, #3380, .F. ) ;
#1846 = CARTESIAN_POINT ( 'NONE',  ( 10.73669955355730643, 13.08000000000000185, 15.79900000000000126 ) ) ;
#1847 = LINE ( 'NONE', #4882, #4814 ) ;
#1848 = FACE_OUTER_BOUND ( 'NONE', #593, .T. ) ;
#1849 = VECTOR ( 'NONE', #86, 1000.000000000000000 ) ;
#1850 = CARTESIAN_POINT ( 'NONE',  ( 0.000000000000000000, 9.400000000000000355, -4.075000000000000178 ) ) ;
#1851 = ADVANCED_FACE ( 'NONE', ( #2209 ), #4848, .F. ) ;
#1852 = CARTESIAN_POINT ( 'NONE',  ( -13.44309202176727247, 1.000000000000000000, -10.75413279027304014 ) ) ;
#1853 = EDGE_LOOP ( 'NONE', ( #3704, #1442, #2473, #3791 ) ) ;
#1854 = ORIENTED_EDGE ( 'NONE', *, *, #403, .F. ) ;
#1855 = EDGE_CURVE ( 'NONE', #4528, #3065, #3756, .T. ) ;
#1856 = CARTESIAN_POINT ( 'NONE',  ( 10.17474217587887253, 8.000000000000000000, 14.89140295285812421 ) ) ;
#1857 = CARTESIAN_POINT ( 'NONE',  ( -28.87152024816777640, 1.000000000000000888, 12.59705897006785058 ) ) ;
#1858 = EDGE_CURVE ( 'NONE', #3269, #2626, #338, .T. ) ;
#1859 = VECTOR ( 'NONE', #2469, 1000.000000000000000 ) ;
#1860 = ORIENTED_EDGE ( 'NONE', *, *, #3532, .T. ) ;
#1861 = CYLINDRICAL_SURFACE ( 'NONE', #4322, 1.999999999999994893 ) ;
#1862 = CARTESIAN_POINT ( 'NONE',  ( 28.63679244127212442, 30.02194427534240262, -12.91002937926195138 ) ) ;
#1863 = PRESENTATION_LAYER_ASSIGNMENT (  '', '', ( #994 ) ) ;
#1865 = CARTESIAN_POINT ( 'NONE',  ( 1.387778780781445676E-14, 9.900000000000000355, -7.493000000000010985 ) ) ;
#1864 = AXIS2_PLACEMENT_3D ( 'NONE', #1265, #3930, #2035 ) ;
#1866 = ORIENTED_EDGE ( 'NONE', *, *, #1282, .T. ) ;
#1867 = DIRECTION ( 'NONE',  ( 0.000000000000000000, 0.000000000000000000, -1.000000000000000000 ) ) ;
#1868 = ORIENTED_EDGE ( 'NONE', *, *, #1245, .F. ) ;
#1869 = CARTESIAN_POINT ( 'NONE',  ( 0.000000000000000000, 8.000000000000000000, 0.000000000000000000 ) ) ;
#1870 = AXIS2_PLACEMENT_3D ( 'NONE', #3347, #637, #3745 ) ;
#1871 = ORIENTED_EDGE ( 'NONE', *, *, #2928, .F. ) ;
#1872 = ADVANCED_FACE ( 'NONE', ( #3360 ), #2231, .F. ) ;
#1873 = EDGE_CURVE ( 'NONE', #1636, #575, #4082, .T. ) ;
#1874 = DIRECTION ( 'NONE',  ( -0.000000000000000000, -1.000000000000000000, -0.000000000000000000 ) ) ;
#1875 = FACE_OUTER_BOUND ( 'NONE', #4352, .T. ) ;
#1876 = AXIS2_PLACEMENT_3D ( 'NONE', #2153, #1059, #2550 ) ;
#1877 = FACE_OUTER_BOUND ( 'NONE', #1979, .T. ) ;
#1878 = ORIENTED_EDGE ( 'NONE', *, *, #4466, .T. ) ;
#1879 = CARTESIAN_POINT ( 'NONE',  ( 0.000000000000000000, 9.400000000000000355, 0.000000000000000000 ) ) ;
#1880 = DIRECTION ( 'NONE',  ( 1.000000000000000000, 0.000000000000000000, 0.000000000000000000 ) ) ;
#1881 = CARTESIAN_POINT ( 'NONE',  ( 1.479541565441556778E-14, 9.900000000000000355, 7.492999999999990557 ) ) ;
#1882 = VERTEX_POINT ( 'NONE', #1441 ) ;
#1883 = DIRECTION ( 'NONE',  ( -0.6779003566821587556, 0.000000000000000000, -0.7351537977934968771 ) ) ;
#1884 = CARTESIAN_POINT ( 'NONE',  ( 0.000000000000000000, 0.000000000000000000, 0.000000000000000000 ) ) ;
#1885 = FILL_AREA_STYLE ('',( #4246 ) ) ;
#1886 = EDGE_LOOP ( 'NONE', ( #341, #2755, #1109, #1275 ) ) ;
#1887 = VECTOR ( 'NONE', #2396, 1000.000000000000000 ) ;
#1888 = FACE_OUTER_BOUND ( 'NONE', #931, .T. ) ;
#1889 = PRODUCT_CONTEXT ( 'NONE', #4009, 'mechanical' ) ;
#1890 = CARTESIAN_POINT ( 'NONE',  ( 3.024896692450861124, 9.180000000000001492, 4.075000000000000178 ) ) ;
#1891 = ORIENTED_EDGE ( 'NONE', *, *, #2496, .F. ) ;
#1892 = CARTESIAN_POINT ( 'NONE',  ( -13.44309202176727247, 1.000000000000000000, -2.455441006098721068 ) ) ;
#1893 = VERTEX_POINT ( 'NONE', #1865 ) ;
#1894 = AXIS2_PLACEMENT_3D ( 'NONE', #706, #209, #4457 ) ;
#1895 = DIRECTION ( 'NONE',  ( 0.000000000000000000, 0.000000000000000000, -1.000000000000000000 ) ) ;
#1896 = ORIENTED_EDGE ( 'NONE', *, *, #4153, .T. ) ;
#1897 = VECTOR ( 'NONE', #1906, 1000.000000000000000 ) ;
#1898 = FACE_OUTER_BOUND ( 'NONE', #3261, .T. ) ;
#1899 = CARTESIAN_POINT ( 'NONE',  ( 3.024896692450861124, 9.400000000000000355, 4.075000000000000178 ) ) ;
#1900 = CARTESIAN_POINT ( 'NONE',  ( 19.80090594518341618, 11.00000000000000000, -9.678000000000002601 ) ) ;
#1901 = EDGE_LOOP ( 'NONE', ( #548, #4348, #3121 ) ) ;
#1902 = EDGE_CURVE ( 'NONE', #760, #956, #1793, .T. ) ;
#1903 = ADVANCED_FACE ( 'NONE', ( #3737 ), #2187, .T. ) ;
#1904 = ADVANCED_FACE ( 'NONE', ( #274 ), #1815, .F. ) ;
#1905 = DIRECTION ( 'NONE',  ( 0.000000000000000000, 1.000000000000000000, -0.000000000000000000 ) ) ;
#1906 = DIRECTION ( 'NONE',  ( -0.000000000000000000, -1.000000000000000000, -0.000000000000000000 ) ) ;
#1907 = LINE ( 'NONE', #1230, #2348 ) ;
#1908 = ORIENTED_EDGE ( 'NONE', *, *, #1414, .F. ) ;
#1909 = DIRECTION ( 'NONE',  ( 0.7071067811865600072, 0.000000000000000000, -0.7071067811865350272 ) ) ;
#1910 = ADVANCED_FACE ( 'NONE', ( #3339 ), #2988, .F. ) ;
#1911 = AXIS2_PLACEMENT_3D ( 'NONE', #2773, #2077, #3954 ) ;
#1912 = DIRECTION ( 'NONE',  ( 0.7071067811865470176, 0.000000000000000000, 0.7071067811865481278 ) ) ;
#1913 = SURFACE_STYLE_FILL_AREA ( #1885 ) ;
#1914 = VERTEX_POINT ( 'NONE', #4499 ) ;
#1915 = CARTESIAN_POINT ( 'NONE',  ( -4.075000000000000178, 9.400000000000000355, 0.000000000000000000 ) ) ;
#1916 = PRESENTATION_STYLE_ASSIGNMENT (( #743 ) ) ;
#1917 = CARTESIAN_POINT ( 'NONE',  ( 27.91949999999999577, 13.08000000000000185, 7.435999999999999055 ) ) ;
#1918 = ORIENTED_EDGE ( 'NONE', *, *, #3234, .T. ) ;
#1919 = CARTESIAN_POINT ( 'NONE',  ( -32.50000000000000000, 13.08000000000000185, -7.436000000000004384 ) ) ;
#1920 = ORIENTED_EDGE ( 'NONE', *, *, #2455, .T. ) ;
#1921 = CYLINDRICAL_SURFACE ( 'NONE', #395, 2.000000000000001776 ) ;
#1922 = ORIENTED_EDGE ( 'NONE', *, *, #15, .T. ) ;
#1923 = PLANE ( 'NONE',  #3973 ) ;
#1924 = FACE_OUTER_BOUND ( 'NONE', #2465, .T. ) ;
#1925 = DIRECTION ( 'NONE',  ( 1.000000000000000000, 0.000000000000000000, -5.302618942301485877E-16 ) ) ;
#1926 = ORIENTED_EDGE ( 'NONE', *, *, #3846, .F. ) ;
#1927 = LINE ( 'NONE', #2623, #4070 ) ;
#1928 = DIRECTION ( 'NONE',  ( -5.302618942301485877E-16, 0.000000000000000000, -1.000000000000000000 ) ) ;
#1929 = PLANE ( 'NONE',  #3708 ) ;
#1930 = ADVANCED_FACE ( 'NONE', ( #298 ), #4471, .F. ) ;
#1931 = EDGE_CURVE ( 'NONE', #3565, #2919, #2975, .T. ) ;
#1932 = ORIENTED_EDGE ( 'NONE', *, *, #1199, .T. ) ;
#1933 = CIRCLE ( 'NONE', #3208, 3.650000000000014566 ) ;
#1934 = DIRECTION ( 'NONE',  ( 1.000000000000000000, 0.000000000000000000, 1.026439173501821373E-16 ) ) ;
#1936 = EDGE_CURVE ( 'NONE', #989, #1636, #1838, .T. ) ;
#1935 = CARTESIAN_POINT ( 'NONE',  ( -13.44309202176727247, 1.000000000000000000, 0.000000000000000000 ) ) ;
#1937 = DIRECTION ( 'NONE',  ( 0.000000000000000000, -1.000000000000000000, 0.000000000000000000 ) ) ;
#1938 = ORIENTED_EDGE ( 'NONE', *, *, #4257, .F. ) ;
#1939 = CARTESIAN_POINT ( 'NONE',  ( -1.507532476101631991, 0.000000000000000000, 4.845923114691228939 ) ) ;
#1940 = VECTOR ( 'NONE', #1115, 1000.000000000000000 ) ;
#1941 = DIRECTION ( 'NONE',  ( 0.000000000000000000, 0.000000000000000000, 1.000000000000000000 ) ) ;
#1942 = DIRECTION ( 'NONE',  ( 0.000000000000000000, 0.000000000000000000, 1.000000000000000000 ) ) ;
#1943 = EDGE_LOOP ( 'NONE', ( #704, #729, #651, #4296, #2167, #410, #3259, #1720, #1733, #4211, #335, #3542, #377, #375, #2754, #3678, #2954, #3839, #4376, #4770, #2964 ) ) ;
#1944 = LINE ( 'NONE', #2735, #2858 ) ;
#1945 = VECTOR ( 'NONE', #3680, 1000.000000000000000 ) ;
#1946 = EDGE_LOOP ( 'NONE', ( #4652, #911 ) ) ;
#1947 = AXIS2_PLACEMENT_3D ( 'NONE', #2179, #2203, #2224 ) ;
#1948 = CARTESIAN_POINT ( 'NONE',  ( -10.98234863634797698, 1.000000000000000000, 3.111734382590574111 ) ) ;
#1949 = CARTESIAN_POINT ( 'NONE',  ( 7.500000000000007105, 0.000000000000000000, 17.37500000000062172 ) ) ;
#1950 = AXIS2_PLACEMENT_3D ( 'NONE', #3630, #1705, #164 ) ;
#1951 = ORIENTED_EDGE ( 'NONE', *, *, #303, .F. ) ;
#1952 = DIRECTION ( 'NONE',  ( -0.6779003566821590887, 0.000000000000000000, -0.7351537977934967660 ) ) ;
#1953 = CARTESIAN_POINT ( 'NONE',  ( 4.940084764552747032, 1.000000000000000000, -1.162405918358125012 ) ) ;
#1954 = AXIS2_PLACEMENT_3D ( 'NONE', #2794, #2398, #1308 ) ;
#1955 = CARTESIAN_POINT ( 'NONE',  ( -14.60007754174561789, 13.08000000000000185, 15.79899999999999416 ) ) ;
#1956 = EDGE_LOOP ( 'NONE', ( #4400, #3635, #1683, #2311 ) ) ;
#1957 = CARTESIAN_POINT ( 'NONE',  ( 27.91949999999999932, 13.08000000000000185, 9.677999999999997272 ) ) ;
#1958 = CARTESIAN_POINT ( 'NONE',  ( -10.17474217587950314, 8.000000000000000000, -14.89140295285769255 ) ) ;
#1959 = LINE ( 'NONE', #3483, #3620 ) ;
#1960 = ORIENTED_EDGE ( 'NONE', *, *, #4109, .T. ) ;
#1961 = CARTESIAN_POINT ( 'NONE',  ( 0.000000000000000000, 13.08000000000000185, 0.000000000000000000 ) ) ;
#1962 = EDGE_CURVE ( 'NONE', #3618, #3365, #2333, .T. ) ;
#1963 = DIRECTION ( 'NONE',  ( 0.000000000000000000, 1.000000000000000000, 0.000000000000000000 ) ) ;
#1964 = CARTESIAN_POINT ( 'NONE',  ( -27.58578643762692195, 13.08000000000000185, -21.41421356237308160 ) ) ;
#1965 = ORIENTED_EDGE ( 'NONE', *, *, #4846, .F. ) ;
#1966 = DIRECTION ( 'NONE',  ( 0.000000000000000000, 1.000000000000000000, -0.000000000000000000 ) ) ;
#1967 = ORIENTED_EDGE ( 'NONE', *, *, #2602, .F. ) ;
#1968 = ORIENTED_EDGE ( 'NONE', *, *, #4409, .T. ) ;
#1969 = CARTESIAN_POINT ( 'NONE',  ( 0.000000000000000000, 9.180000000000001492, 0.000000000000000000 ) ) ;
#1970 = AXIS2_PLACEMENT_3D ( 'NONE', #1701, #3226, #2870 ) ;
#1971 = LINE ( 'NONE', #1673, #500 ) ;
#1972 = DIRECTION ( 'NONE',  ( -0.000000000000000000, -1.000000000000000000, -0.000000000000000000 ) ) ;
#1973 = LINE ( 'NONE', #858, #46 ) ;
#1974 = VERTEX_POINT ( 'NONE', #774 ) ;
#1975 = LINE ( 'NONE', #3054, #2984 ) ;
#1976 = VECTOR ( 'NONE', #2694, 1000.000000000000000 ) ;
#1977 = CARTESIAN_POINT ( 'NONE',  ( -1.429290575665344898, 0.000000000000000000, 6.484012889203289554 ) ) ;
#1978 = DIRECTION ( 'NONE',  ( 0.000000000000000000, 0.000000000000000000, -1.000000000000000000 ) ) ;
#1979 = EDGE_LOOP ( 'NONE', ( #4642, #2543, #534, #2177 ) ) ;
#1980 = CARTESIAN_POINT ( 'NONE',  ( -22.58810389339260993, 0.000000000000000000, 5.789952570093332085 ) ) ;
#1981 = CARTESIAN_POINT ( 'NONE',  ( 1.321881046713097544E-15, 13.08000000000000185, 9.678000000000000824 ) ) ;
#1982 = CARTESIAN_POINT ( 'NONE',  ( 27.91949999999999577, 13.08000000000000185, 7.435999999999999055 ) ) ;
#1983 = ORIENTED_EDGE ( 'NONE', *, *, #317, .T. ) ;
#1984 = ADVANCED_FACE ( 'NONE', ( #2309 ), #4637, .F. ) ;
#1985 = CARTESIAN_POINT ( 'NONE',  ( 1.387778780781445676E-14, 7.272000000000000242, -1.040834085586084257E-14 ) ) ;
#1986 = VERTEX_POINT ( 'NONE', #1243 ) ;
#1987 = ORIENTED_EDGE ( 'NONE', *, *, #2873, .F. ) ;
#1988 = DIRECTION ( 'NONE',  ( -0.000000000000000000, 1.000000000000000000, -0.000000000000000000 ) ) ;
#1989 = ORIENTED_EDGE ( 'NONE', *, *, #2216, .T. ) ;
#1990 = DIRECTION ( 'NONE',  ( -1.000000000000000000, 0.000000000000000000, 0.000000000000000000 ) ) ;
#1991 = CARTESIAN_POINT ( 'NONE',  ( 10.79222174222791253, 8.000000000000000000, 15.79900000000000126 ) ) ;
#1992 = DIRECTION ( 'NONE',  ( -1.000000000000000000, 0.000000000000000000, 6.756317695351546283E-14 ) ) ;
#1993 = VERTEX_POINT ( 'NONE', #1569 ) ;
#1994 = LINE ( 'NONE', #791, #2343 ) ;
#1995 = EDGE_CURVE ( 'NONE', #4716, #2081, #4619, .T. ) ;
#1996 = CARTESIAN_POINT ( 'NONE',  ( 26.17157287525380482, 8.000000000000000000, -22.00000000000001421 ) ) ;
#1997 = FACE_OUTER_BOUND ( 'NONE', #3644, .T. ) ;
#1998 = VERTEX_POINT ( 'NONE', #4649 ) ;
#1999 = AXIS2_PLACEMENT_3D ( 'NONE', #1244, #4275, #3164 ) ;
#2000 = ORIENTED_EDGE ( 'NONE', *, *, #71, .F. ) ;
#2001 = ORIENTED_EDGE ( 'NONE', *, *, #2568, .T. ) ;
#2002 = DIRECTION ( 'NONE',  ( 0.7071067811865467956, -0.000000000000000000, 0.7071067811865483499 ) ) ;
#2003 = AXIS2_PLACEMENT_3D ( 'NONE', #482, #160, #1226 ) ;
#2004 = CIRCLE ( 'NONE', #2168, 1.999999999999980904 ) ;
#2005 = CARTESIAN_POINT ( 'NONE',  ( -10.98234863634797698, 1.000000000000000000, 3.111734382590574111 ) ) ;
#2006 = DIRECTION ( 'NONE',  ( -0.000000000000000000, -1.000000000000000000, -0.000000000000000000 ) ) ;
#2007 = ORIENTED_EDGE ( 'NONE', *, *, #185, .T. ) ;
#2008 = FACE_OUTER_BOUND ( 'NONE', #4710, .T. ) ;
#2009 = AXIS2_PLACEMENT_3D ( 'NONE', #1296, #1966, #3470 ) ;
#2010 = PLANE ( 'NONE',  #2583 ) ;
#2011 = ORIENTED_EDGE ( 'NONE', *, *, #380, .T. ) ;
#2012 = VECTOR ( 'NONE', #4578, 999.9999999999998863 ) ;
#2013 = ORIENTED_EDGE ( 'NONE', *, *, #4736, .F. ) ;
#2014 = LINE ( 'NONE', #1222, #2270 ) ;
#2015 = VECTOR ( 'NONE', #551, 1000.000000000000000 ) ;
#2016 = AXIS2_PLACEMENT_3D ( 'NONE', #4273, #4670, #2708 ) ;
#2017 = EDGE_CURVE ( 'NONE', #4897, #2341, #4327, .T. ) ;
#2018 = EDGE_LOOP ( 'NONE', ( #2941, #1, #83, #3498 ) ) ;
#2019 = LINE ( 'NONE', #4237, #1887 ) ;
#2020 = VECTOR ( 'NONE', #2327, 1000.000000000000000 ) ;
#2021 = CARTESIAN_POINT ( 'NONE',  ( -27.91949999999999577, 11.00000000000000000, -7.435999999999999055 ) ) ;
#2022 = AXIS2_PLACEMENT_3D ( 'NONE', #2298, #1155, #31 ) ;
#2023 = EDGE_CURVE ( 'NONE', #1412, #4844, #595, .T. ) ;
#2024 = DIRECTION ( 'NONE',  ( 0.000000000000000000, -1.000000000000000000, 0.000000000000000000 ) ) ;
#2025 = VECTOR ( 'NONE', #3950, 1000.000000000000114 ) ;
#2026 = ORIENTED_EDGE ( 'NONE', *, *, #2598, .T. ) ;
#2027 = PLANE ( 'NONE',  #2742 ) ;
#2028 = VECTOR ( 'NONE', #2120, 1000.000000000000000 ) ;
#2029 = VECTOR ( 'NONE', #3672, 1000.000000000000000 ) ;
#2030 = LINE ( 'NONE', #2463, #1447 ) ;
#2031 = PLANE ( 'NONE',  #4482 ) ;
#2032 = ORIENTED_EDGE ( 'NONE', *, *, #3702, .T. ) ;
#2033 = ORIENTED_EDGE ( 'NONE', *, *, #4139, .T. ) ;
#2034 = VERTEX_POINT ( 'NONE', #2005 ) ;
#2035 = DIRECTION ( 'NONE',  ( 1.547478569114012877E-15, 0.000000000000000000, 1.000000000000000000 ) ) ;
#2036 = DIRECTION ( 'NONE',  ( -1.000000000000000000, 0.000000000000000000, 0.000000000000000000 ) ) ;
#2037 = LINE ( 'NONE', #2414, #3841 ) ;
#2038 = ORIENTED_EDGE ( 'NONE', *, *, #3969, .T. ) ;
#2039 = DIRECTION ( 'NONE',  ( 0.7071067811865474617, 0.000000000000000000, -0.7071067811865474617 ) ) ;
#2040 = DIRECTION ( 'NONE',  ( -0.000000000000000000, -1.000000000000000000, -0.000000000000000000 ) ) ;
#2041 = EDGE_LOOP ( 'NONE', ( #2038, #4867, #1173, #3292, #1922, #3316, #4188, #3170, #2467, #4809, #3029, #546 ) ) ;
#2042 = ORIENTED_EDGE ( 'NONE', *, *, #4730, .T. ) ;
#2043 = DIRECTION ( 'NONE',  ( -0.000000000000000000, -1.000000000000000000, 0.000000000000000000 ) ) ;
#2044 = EDGE_CURVE ( 'NONE', #2839, #3618, #399, .T. ) ;
#2045 = ORIENTED_EDGE ( 'NONE', *, *, #3702, .F. ) ;
#2046 = CARTESIAN_POINT ( 'NONE',  ( -34.41421356237307805, 13.08000000000000185, 14.58578643762690952 ) ) ;
#2047 = DIRECTION ( 'NONE',  ( -6.756317695351546283E-14, 0.000000000000000000, -1.000000000000000000 ) ) ;
#2048 = CARTESIAN_POINT ( 'NONE',  ( 1.147510537885837234, 1.000000000000000000, -6.603271165197424963 ) ) ;
#2049 = ORIENTED_EDGE ( 'NONE', *, *, #3608, .F. ) ;
#2050 = EDGE_CURVE ( 'NONE', #2619, #1676, #3131, .T. ) ;
#2051 = EDGE_CURVE ( 'NONE', #2536, #3391, #3771, .T. ) ;
#2052 = ADVANCED_FACE ( 'NONE', ( #3487 ), #3106, .F. ) ;
#2053 = VECTOR ( 'NONE', #3299, 1000.000000000000000 ) ;
#2054 = DIRECTION ( 'NONE',  ( 0.000000000000000000, -0.000000000000000000, 1.000000000000000000 ) ) ;
#2055 = CARTESIAN_POINT ( 'NONE',  ( 1.479541565441556778E-14, 7.272000000000000242, 7.492999999999990557 ) ) ;
#2056 = DIRECTION ( 'NONE',  ( 0.000000000000000000, 0.000000000000000000, 1.000000000000000000 ) ) ;
#2057 = ORIENTED_EDGE ( 'NONE', *, *, #2147, .F. ) ;
#2058 = VERTEX_POINT ( 'NONE', #3087 ) ;
#2059 = VECTOR ( 'NONE', #4588, 1000.000000000000000 ) ;
#2060 = ADVANCED_FACE ( 'NONE', ( #847 ), #1065, .F. ) ;
#2061 = ORIENTED_EDGE ( 'NONE', *, *, #1292, .F. ) ;
#2062 = CARTESIAN_POINT ( 'NONE',  ( 1.387778780781445676E-14, 8.000000000000000000, -1.040834085586084257E-14 ) ) ;
#2063 = CARTESIAN_POINT ( 'NONE',  ( 19.80090594518341618, 13.08000000000000185, -9.678000000000002601 ) ) ;
#2064 = ORIENTED_EDGE ( 'NONE', *, *, #4421, .T. ) ;
#2065 = CARTESIAN_POINT ( 'NONE',  ( 0.000000000000000000, 11.00000000000000000, 0.000000000000000000 ) ) ;
#2066 = CARTESIAN_POINT ( 'NONE',  ( 9.344217704628091425, 30.02194427534240262, -5.266477053725039603 ) ) ;
#2067 = VERTEX_POINT ( 'NONE', #3508 ) ;
#2068 = EDGE_CURVE ( 'NONE', #4761, #3965, #434, .T. ) ;
#2069 = ORIENTED_EDGE ( 'NONE', *, *, #2740, .F. ) ;
#2070 = FACE_OUTER_BOUND ( 'NONE', #4295, .T. ) ;
#2071 = ORIENTED_EDGE ( 'NONE', *, *, #4874, .F. ) ;
#2072 = CARTESIAN_POINT ( 'NONE',  ( 15.21892165200938152, 13.08000000000000185, 9.677999999999999048 ) ) ;
#2073 = FACE_OUTER_BOUND ( 'NONE', #3647, .T. ) ;
#2074 = ORIENTED_EDGE ( 'NONE', *, *, #4313, .F. ) ;
#2075 = PLANE ( 'NONE',  #3466 ) ;
#2076 = DIRECTION ( 'NONE',  ( -0.000000000000000000, -1.000000000000000000, -0.000000000000000000 ) ) ;
#2077 = DIRECTION ( 'NONE',  ( -1.000000000000000000, 0.000000000000000000, 0.000000000000000000 ) ) ;
#2078 = EDGE_CURVE ( 'NONE', #3421, #930, #2384, .T. ) ;
#2079 = ADVANCED_FACE ( 'NONE', ( #1612 ), #447, .T. ) ;
#2080 = VERTEX_POINT ( 'NONE', #4274 ) ;
#2081 = VERTEX_POINT ( 'NONE', #1917 ) ;
#2082 = EDGE_CURVE ( 'NONE', #3039, #4359, #797, .T. ) ;
#2083 = ORIENTED_EDGE ( 'NONE', *, *, #1045, .F. ) ;
#2084 = CARTESIAN_POINT ( 'NONE',  ( -27.00000000000000000, 4.999999999999999112, 0.000000000000000000 ) ) ;
#2085 = VECTOR ( 'NONE', #411, 1000.000000000000000 ) ;
#2086 = EDGE_CURVE ( 'NONE', #3065, #4723, #493, .T. ) ;
#2087 = EDGE_CURVE ( 'NONE', #3272, #1472, #1519, .T. ) ;
#2088 = CARTESIAN_POINT ( 'NONE',  ( -28.87152024816777640, 0.000000000000000000, 12.59705897006785058 ) ) ;
#2089 = VERTEX_POINT ( 'NONE', #1545 ) ;
#2090 = CARTESIAN_POINT ( 'NONE',  ( 0.000000000000000000, 1.000000000000000000, -6.603271165197424963 ) ) ;
#2091 = AXIS2_PLACEMENT_3D ( 'NONE', #4210, #4583, #4603 ) ;
#2092 = DIRECTION ( 'NONE',  ( 0.000000000000000000, 0.000000000000000000, 1.000000000000000000 ) ) ;
#2093 = ORIENTED_EDGE ( 'NONE', *, *, #2714, .T. ) ;
#2094 = ORIENTED_EDGE ( 'NONE', *, *, #2098, .T. ) ;
#2095 = CARTESIAN_POINT ( 'NONE',  ( -27.91949999999999932, 11.00000000000000000, -9.677999999999999048 ) ) ;
#2096 = ORIENTED_EDGE ( 'NONE', *, *, #4257, .T. ) ;
#2097 = LINE ( 'NONE', #4659, #4515 ) ;
#2098 = EDGE_CURVE ( 'NONE', #2919, #3052, #2446, .T. ) ;
#2099 = VECTOR ( 'NONE', #2881, 1000.000000000000000 ) ;
#2100 = DIRECTION ( 'NONE',  ( 0.000000000000000000, 1.000000000000000000, 0.000000000000000000 ) ) ;
#2101 = AXIS2_PLACEMENT_3D ( 'NONE', #4801, #4038, #577 ) ;
#2102 = ORIENTED_EDGE ( 'NONE', *, *, #715, .T. ) ;
#2103 = CARTESIAN_POINT ( 'NONE',  ( 0.000000000000000000, 9.400000000000000355, 0.000000000000000000 ) ) ;
#2104 = VECTOR ( 'NONE', #1832, 1000.000000000000000 ) ;
#2105 = AXIS2_PLACEMENT_3D ( 'NONE', #3309, #1110, #4890 ) ;
#2106 = DIRECTION ( 'NONE',  ( 0.000000000000000000, 0.000000000000000000, 1.000000000000000000 ) ) ;
#2107 = DIRECTION ( 'NONE',  ( 0.000000000000000000, 1.000000000000000000, -0.000000000000000000 ) ) ;
#2108 = VECTOR ( 'NONE', #1675, 1000.000000000000000 ) ;
#2109 = ORIENTED_EDGE ( 'NONE', *, *, #1328, .T. ) ;
#2110 = VERTEX_POINT ( 'NONE', #4380 ) ;
#2111 = VECTOR ( 'NONE', #2827, 1000.000000000000000 ) ;
#2112 = EDGE_LOOP ( 'NONE', ( #3238, #2428, #2775, #1396, #1648 ) ) ;
#2113 = DIRECTION ( 'NONE',  ( 0.000000000000000000, 0.000000000000000000, 1.000000000000000000 ) ) ;
#2114 = DIRECTION ( 'NONE',  ( -0.000000000000000000, -1.000000000000000000, -0.000000000000000000 ) ) ;
#2115 = VECTOR ( 'NONE', #1532, 1000.000000000000000 ) ;
#2116 = PRODUCT_DEFINITION ( 'General', '', #2977, #170 ) ;
#2117 = ORIENTED_EDGE ( 'NONE', *, *, #3705, .T. ) ;
#2118 = LINE ( 'NONE', #3214, #1616 ) ;
#2119 = ADVANCED_FACE ( 'NONE', ( #3638 ), #197, .F. ) ;
#2120 = DIRECTION ( 'NONE',  ( -0.000000000000000000, -1.000000000000000000, -0.000000000000000000 ) ) ;
#2121 = ORIENTED_EDGE ( 'NONE', *, *, #626, .F. ) ;
#2122 = ORIENTED_EDGE ( 'NONE', *, *, #2169, .F. ) ;
#2123 = DIRECTION ( 'NONE',  ( -0.7071067811865463515, 0.000000000000000000, -0.7071067811865487940 ) ) ;
#2124 = ORIENTED_EDGE ( 'NONE', *, *, #3216, .F. ) ;
#2125 = EDGE_CURVE ( 'NONE', #3965, #3733, #1639, .T. ) ;
#2126 = CARTESIAN_POINT ( 'NONE',  ( 13.45007162112024623, 0.000000000000000000, 6.484012889203291330 ) ) ;
#2127 = CARTESIAN_POINT ( 'NONE',  ( -1.166576167306326222E-14, 13.08000000000000185, -22.00000000000000000 ) ) ;
#2128 = VECTOR ( 'NONE', #3786, 999.9999999999998863 ) ;
#2129 = CARTESIAN_POINT ( 'NONE',  ( -27.58578643762692195, 0.000000000000000000, -21.41421356237308160 ) ) ;
#2130 = CARTESIAN_POINT ( 'NONE',  ( 34.41421356237312068, 8.000000000000000000, 14.58578643762685267 ) ) ;
#2131 = DIRECTION ( 'NONE',  ( -0.000000000000000000, -1.000000000000000000, -0.000000000000000000 ) ) ;
#2132 = ORIENTED_EDGE ( 'NONE', *, *, #2703, .T. ) ;
#2133 = EDGE_LOOP ( 'NONE', ( #3827, #3407, #2713, #2393 ) ) ;
#2134 = FACE_OUTER_BOUND ( 'NONE', #4363, .T. ) ;
#2135 = VECTOR ( 'NONE', #1286, 1000.000000000000114 ) ;
#2136 = CARTESIAN_POINT ( 'NONE',  ( 13.58787449152221960, 0.000000000000000000, -12.91002937926195138 ) ) ;
#2137 = ORIENTED_EDGE ( 'NONE', *, *, #365, .T. ) ;
#2138 = CARTESIAN_POINT ( 'NONE',  ( 0.000000000000000000, 9.180000000000001492, 0.000000000000000000 ) ) ;
#2139 = CARTESIAN_POINT ( 'NONE',  ( 27.72963113701214510, 13.08000000000000185, -14.72963113701126403 ) ) ;
#2140 = ORIENTED_EDGE ( 'NONE', *, *, #2598, .F. ) ;
#2141 = DIRECTION ( 'NONE',  ( -0.000000000000000000, -1.000000000000000000, -0.000000000000000000 ) ) ;
#2142 = ORIENTED_EDGE ( 'NONE', *, *, #3068, .F. ) ;
#2143 = EDGE_CURVE ( 'NONE', #3991, #1572, #3588, .T. ) ;
#2144 = EDGE_CURVE ( 'NONE', #4276, #2551, #3264, .T. ) ;
#2145 = LINE ( 'NONE', #1766, #2965 ) ;
#2146 = ORIENTED_EDGE ( 'NONE', *, *, #655, .F. ) ;
#2147 = EDGE_CURVE ( 'NONE', #268, #4280, #2782, .T. ) ;
#2148 = DIRECTION ( 'NONE',  ( -0.7071067811865450192, 0.000000000000000000, 0.7071067811865500152 ) ) ;
#2149 = CARTESIAN_POINT ( 'NONE',  ( -34.99999999999999289, 13.08000000000000185, 0.000000000000000000 ) ) ;
#2150 = CARTESIAN_POINT ( 'NONE',  ( 4.075000000000000178, 9.400000000000000355, 0.000000000000000000 ) ) ;
#2151 = FACE_OUTER_BOUND ( 'NONE', #4353, .T. ) ;
#2152 = DIRECTION ( 'NONE',  ( -0.000000000000000000, -1.000000000000000000, -0.000000000000000000 ) ) ;
#2153 = CARTESIAN_POINT ( 'NONE',  ( -7.500000000000043521, 13.08000000000000185, -17.37499999999955591 ) ) ;
#2154 = VERTEX_POINT ( 'NONE', #524 ) ;
#2155 = DIRECTION ( 'NONE',  ( -0.6779003566821587556, 0.000000000000000000, -0.7351537977934968771 ) ) ;
#2156 = DIRECTION ( 'NONE',  ( -0.000000000000000000, -1.000000000000000000, 0.000000000000000000 ) ) ;
#2157 = AXIS2_PLACEMENT_3D ( 'NONE', #3652, #1359, #1409 ) ;
#2158 = ORIENTED_EDGE ( 'NONE', *, *, #3331, .F. ) ;
#2159 = DIRECTION ( 'NONE',  ( 0.000000000000000000, 0.000000000000000000, -1.000000000000000000 ) ) ;
#2160 = CARTESIAN_POINT ( 'NONE',  ( -7.500000000000043521, 59.49607912135621035, -21.02499999999957225 ) ) ;
#2161 = EDGE_CURVE ( 'NONE', #1816, #1998, #2490, .T. ) ;
#2162 = ORIENTED_EDGE ( 'NONE', *, *, #1020, .F. ) ;
#2163 = DIRECTION ( 'NONE',  ( -0.000000000000000000, -1.000000000000000000, 0.000000000000000000 ) ) ;
#2164 = VERTEX_POINT ( 'NONE', #1321 ) ;
#2165 = CARTESIAN_POINT ( 'NONE',  ( 7.500000000000007105, 8.000000000000000000, 17.37500000000062172 ) ) ;
#2166 = VECTOR ( 'NONE', #2386, 1000.000000000000000 ) ;
#2167 = ORIENTED_EDGE ( 'NONE', *, *, #2147, .T. ) ;
#2168 = AXIS2_PLACEMENT_3D ( 'NONE', #1536, #4149, #3055 ) ;
#2169 = EDGE_CURVE ( 'NONE', #1156, #3218, #3617, .T. ) ;
#2170 = LINE ( 'NONE', #4782, #466 ) ;
#2171 = DIRECTION ( 'NONE',  ( 1.136157718137848595E-15, 0.000000000000000000, -1.000000000000000000 ) ) ;
#2172 = CARTESIAN_POINT ( 'NONE',  ( 8.448468792073004205E-15, 13.08000000000000185, -7.435999999999967081 ) ) ;
#2173 = VECTOR ( 'NONE', #3710, 1000.000000000000000 ) ;
#2174 = CARTESIAN_POINT ( 'NONE',  ( 0.000000000000000000, 1.000000000000000000, -15.19171949462534421 ) ) ;
#2175 = LINE ( 'NONE', #3725, #4914 ) ;
#2176 = CARTESIAN_POINT ( 'NONE',  ( -27.72963113701302618, 13.08000000000000185, 14.72963113701316118 ) ) ;
#2177 = ORIENTED_EDGE ( 'NONE', *, *, #319, .T. ) ;
#2178 = AXIS2_PLACEMENT_3D ( 'NONE', #2540, #650, #3317 ) ;
#2179 = CARTESIAN_POINT ( 'NONE',  ( 0.000000000000000000, 8.000000000000000000, 0.000000000000000000 ) ) ;
#2180 = VECTOR ( 'NONE', #2382, 1000.000000000000000 ) ;
#2181 = CARTESIAN_POINT ( 'NONE',  ( -0.07868651001707686887, 8.000000000000000000, -5.074389956747651809 ) ) ;
#2182 = VECTOR ( 'NONE', #4590, 1000.000000000000000 ) ;
#2183 = VERTEX_POINT ( 'NONE', #4011 ) ;
#2184 = PLANE ( 'NONE',  #2893 ) ;
#2185 = LINE ( 'NONE', #3641, #4479 ) ;
#2186 = ORIENTED_EDGE ( 'NONE', *, *, #1621, .F. ) ;
#2187 = CYLINDRICAL_SURFACE ( 'NONE', #4663, 7.493000000000000327 ) ;
#2188 = CIRCLE ( 'NONE', #3232, 21.51210508585769432 ) ;
#2189 = EDGE_LOOP ( 'NONE', ( #1021, #1666, #2891, #4553 ) ) ;
#2190 = DIRECTION ( 'NONE',  ( 1.000000000000000000, 0.000000000000000000, -0.000000000000000000 ) ) ;
#2191 = ORIENTED_EDGE ( 'NONE', *, *, #3249, .F. ) ;
#2192 = ORIENTED_EDGE ( 'NONE', *, *, #282, .T. ) ;
#2193 = LINE ( 'NONE', #4764, #305 ) ;
#2194 = ADVANCED_FACE ( 'NONE', ( #3162 ), #601, .F. ) ;
#2195 = CARTESIAN_POINT ( 'NONE',  ( 0.000000000000000000, 1.000000000000000000, 2.425520671255319449 ) ) ;
#2196 = EDGE_CURVE ( 'NONE', #3901, #3976, #993, .T. ) ;
#2197 = CYLINDRICAL_SURFACE ( 'NONE', #2906, 5.075000000000000178 ) ;
#2198 = DIRECTION ( 'NONE',  ( -0.000000000000000000, -1.000000000000000000, 0.000000000000000000 ) ) ;
#2199 = FACE_OUTER_BOUND ( 'NONE', #4686, .T. ) ;
#2200 = CARTESIAN_POINT ( 'NONE',  ( 0.000000000000000000, 9.900000000000000355, 0.000000000000000000 ) ) ;
#2201 = EDGE_CURVE ( 'NONE', #2551, #4681, #3190, .T. ) ;
#2202 = ORIENTED_EDGE ( 'NONE', *, *, #2420, .T. ) ;
#2203 = DIRECTION ( 'NONE',  ( 0.000000000000000000, 1.000000000000000000, -0.000000000000000000 ) ) ;
#2204 = DIRECTION ( 'NONE',  ( 1.000000000000000000, 0.000000000000000000, 0.000000000000000000 ) ) ;
#2205 = ORIENTED_EDGE ( 'NONE', *, *, #1573, .T. ) ;
#2206 = DIRECTION ( 'NONE',  ( -2.426000045187291622E-16, 0.000000000000000000, -1.000000000000000000 ) ) ;
#2207 =( NAMED_UNIT ( * ) PLANE_ANGLE_UNIT ( ) SI_UNIT ( $, .RADIAN. ) );
#2208 = VECTOR ( 'NONE', #3177, 1000.000000000000000 ) ;
#2209 = FACE_OUTER_BOUND ( 'NONE', #2226, .T. ) ;
#2210 = EDGE_LOOP ( 'NONE', ( #2026, #1362, #692, #2657 ) ) ;
#2211 = LINE ( 'NONE', #2892, #4712 ) ;
#2212 = ORIENTED_EDGE ( 'NONE', *, *, #2422, .T. ) ;
#2213 = FACE_OUTER_BOUND ( 'NONE', #3993, .T. ) ;
#2214 = EDGE_CURVE ( 'NONE', #720, #3462, #3219, .T. ) ;
#2215 = ORIENTED_EDGE ( 'NONE', *, *, #4357, .T. ) ;
#2216 = EDGE_CURVE ( 'NONE', #3104, #3865, #2412, .T. ) ;
#2217 = CARTESIAN_POINT ( 'NONE',  ( 27.58578643762694327, 8.000000000000000000, 21.41421356237306028 ) ) ;
#2218 = DIRECTION ( 'NONE',  ( -0.000000000000000000, -1.000000000000000000, -0.000000000000000000 ) ) ;
#2219 = DIRECTION ( 'NONE',  ( -1.000000000000000000, 0.000000000000000000, -0.000000000000000000 ) ) ;
#2220 = LINE ( 'NONE', #2275, #179 ) ;
#2221 = FACE_OUTER_BOUND ( 'NONE', #2378, .T. ) ;
#2222 = DIRECTION ( 'NONE',  ( 0.000000000000000000, 0.000000000000000000, -1.000000000000000000 ) ) ;
#2223 = ORIENTED_EDGE ( 'NONE', *, *, #3705, .F. ) ;
#2224 = DIRECTION ( 'NONE',  ( 0.000000000000000000, 0.000000000000000000, 1.000000000000000000 ) ) ;
#2225 = LINE ( 'NONE', #4494, #4564 ) ;
#2226 = EDGE_LOOP ( 'NONE', ( #3516, #2808, #4771, #1150, #512 ) ) ;
#2227 = EDGE_CURVE ( 'NONE', #3615, #3915, #4725, .T. ) ;
#2228 = DIRECTION ( 'NONE',  ( 0.000000000000000000, 0.000000000000000000, 1.000000000000000000 ) ) ;
#2229 =( LENGTH_UNIT ( ) NAMED_UNIT ( * ) SI_UNIT ( .MILLI., .METRE. ) );
#2230 = EDGE_CURVE ( 'NONE', #1039, #3059, #3240, .T. ) ;
#2231 = CYLINDRICAL_SURFACE ( 'NONE', #1133, 21.51210508585769432 ) ;
#2232 = ORIENTED_EDGE ( 'NONE', *, *, #4730, .F. ) ;
#2233 = PLANE ( 'NONE',  #422 ) ;
#2234 = ORIENTED_EDGE ( 'NONE', *, *, #1144, .T. ) ;
#2235 = CYLINDRICAL_SURFACE ( 'NONE', #3260, 18.03549999999999898 ) ;
#2236 = VERTEX_POINT ( 'NONE', #3534 ) ;
#2237 = CARTESIAN_POINT ( 'NONE',  ( -19.80090594518341973, 11.00000000000000000, 9.677999999999999048 ) ) ;
#2238 = CIRCLE ( 'NONE', #2642, 21.51210508585769432 ) ;
#2239 = CARTESIAN_POINT ( 'NONE',  ( -2.494211888400877685E-16, 1.000000000000000000, 2.343443022250649932 ) ) ;
#2240 = DIRECTION ( 'NONE',  ( -0.000000000000000000, -1.000000000000000000, -0.000000000000000000 ) ) ;
#2241 = VERTEX_POINT ( 'NONE', #923 ) ;
#2242 = AXIS2_PLACEMENT_3D ( 'NONE', #4178, #3852, #2682 ) ;
#2243 = B_SPLINE_CURVE_WITH_KNOTS ( 'NONE', 3,
 ( #957, #3119, #108, #4345 ),
 .UNSPECIFIED., .F., .F.,
 ( 4, 4 ),
 ( 1.734723475976807094E-18, 6.733469091268767402E-05 ),
 .UNSPECIFIED. ) ;
#2244 = CARTESIAN_POINT ( 'NONE',  ( 10.97089639063370115, 59.49607912135621035, 18.50432645656050212 ) ) ;
#2245 = CARTESIAN_POINT ( 'NONE',  ( 0.000000000000000000, -0.000000000000000000, 10.51234249137529275 ) ) ;
#2246 = ORIENTED_EDGE ( 'NONE', *, *, #897, .F. ) ;
#2247 = ORIENTED_EDGE ( 'NONE', *, *, #2779, .F. ) ;
#2248 = VECTOR ( 'NONE', #2159, 1000.000000000000000 ) ;
#2249 = CARTESIAN_POINT ( 'NONE',  ( 27.72963113701214510, 13.08000000000000185, -13.17963113701126510 ) ) ;
#2250 = DIRECTION ( 'NONE',  ( 0.000000000000000000, 0.000000000000000000, 1.000000000000000000 ) ) ;
#2251 = PLANE ( 'NONE',  #2661 ) ;
#2252 = AXIS2_PLACEMENT_3D ( 'NONE', #1664, #148, #3987 ) ;
#2253 = VECTOR ( 'NONE', #4449, 1000.000000000000000 ) ;
#2254 = ORIENTED_EDGE ( 'NONE', *, *, #3169, .T. ) ;
#2255 = CARTESIAN_POINT ( 'NONE',  ( 1.339060624225660856, 1.000000000000000000, -6.395543330195830656 ) ) ;
#2256 =( NAMED_UNIT ( * ) SI_UNIT ( $, .STERADIAN. ) SOLID_ANGLE_UNIT ( ) );
#2257 = AXIS2_PLACEMENT_3D ( 'NONE', #4053, #1461, #1758 ) ;
#2259 = CARTESIAN_POINT ( 'NONE',  ( 1.387778780781445676E-14, 9.900000000000000355, -7.493000000000010985 ) ) ;
#2258 = VECTOR ( 'NONE', #4074, 1000.000000000000000 ) ;
#2260 = ORIENTED_EDGE ( 'NONE', *, *, #2201, .F. ) ;
#2261 = EDGE_CURVE ( 'NONE', #4384, #1728, #2838, .T. ) ;
#2262 = DIRECTION ( 'NONE',  ( 1.000000000000000000, 0.000000000000000000, -0.000000000000000000 ) ) ;
#2263 = EDGE_CURVE ( 'NONE', #3976, #3165, #1344, .T. ) ;
#2264 = EDGE_LOOP ( 'NONE', ( #3966, #1374 ) ) ;
#2265 = EDGE_CURVE ( 'NONE', #323, #313, #4753, .T. ) ;
#2266 = EDGE_CURVE ( 'NONE', #901, #2236, #3933, .T. ) ;
#2267 = CARTESIAN_POINT ( 'NONE',  ( 35.00000000000001421, 13.08000000000000185, 13.17157287525375864 ) ) ;
#2268 = AXIS2_PLACEMENT_3D ( 'NONE', #1283, #1802, #2525 ) ;
#2269 = ORIENTED_EDGE ( 'NONE', *, *, #4785, .F. ) ;
#2270 = VECTOR ( 'NONE', #3968, 1000.000000000000000 ) ;
#2271 = CARTESIAN_POINT ( 'NONE',  ( -2.269035466658158917, 4.000000000000000000, -2.190792864359584424 ) ) ;
#2272 = LINE ( 'NONE', #3795, #3783 ) ;
#2273 = CIRCLE ( 'NONE', #4346, 9.000000000000000000 ) ;
#2274 = DIRECTION ( 'NONE',  ( -1.000000000000000000, 0.000000000000000000, 5.302618942301481932E-16 ) ) ;
#2275 = CARTESIAN_POINT ( 'NONE',  ( -1.322035550570304718E-15, 11.00000000000000000, -9.677999999999999048 ) ) ;
#2276 = CARTESIAN_POINT ( 'NONE',  ( 10.75521653820570656, 7.974589188559713548, 15.79899999999999771 ) ) ;
#2277 = CARTESIAN_POINT ( 'NONE',  ( 9.773181806518490333, 0.000000000000000000, -9.773181806518474346 ) ) ;
#2278 = ORIENTED_EDGE ( 'NONE', *, *, #626, .T. ) ;
#2279 = CARTESIAN_POINT ( 'NONE',  ( 0.000000000000000000, 9.400000000000000355, 0.000000000000000000 ) ) ;
#2280 = DIRECTION ( 'NONE',  ( 0.000000000000000000, 0.000000000000000000, 1.000000000000000000 ) ) ;
#2281 = DIRECTION ( 'NONE',  ( -0.000000000000000000, -1.000000000000000000, -0.000000000000000000 ) ) ;
#2282 = ORIENTED_EDGE ( 'NONE', *, *, #3556, .F. ) ;
#2283 = CARTESIAN_POINT ( 'NONE',  ( -27.72963113701302618, 13.08000000000000185, 13.17963113701316402 ) ) ;
#2284 = DIRECTION ( 'NONE',  ( 0.000000000000000000, 0.000000000000000000, -1.000000000000000000 ) ) ;
#2285 = ORIENTED_EDGE ( 'NONE', *, *, #2068, .F. ) ;
#2286 = CARTESIAN_POINT ( 'NONE',  ( -7.500000000000043521, 0.000000000000000000, -18.92499999999955662 ) ) ;
#2287 = ORIENTED_EDGE ( 'NONE', *, *, #1404, .F. ) ;
#2288 = AXIS2_PLACEMENT_3D ( 'NONE', #586, #2768, #3918 ) ;
#2289 = CARTESIAN_POINT ( 'NONE',  ( 33.00000000000001421, 8.000000000000000000, -13.17157287525383325 ) ) ;
#2290 = VERTEX_POINT ( 'NONE', #1785 ) ;
#2291 = EDGE_CURVE ( 'NONE', #4478, #3712, #2225, .T. ) ;
#2292 = EDGE_CURVE ( 'NONE', #3412, #901, #2983, .T. ) ;
#2293 = VECTOR ( 'NONE', #916, 1000.000000000000114 ) ;
#2294 = CARTESIAN_POINT ( 'NONE',  ( 24.49999999999996447, 0.000000000000000000, -24.50000000000004263 ) ) ;
#2295 = DIRECTION ( 'NONE',  ( 1.000000000000000000, 0.000000000000000000, 0.000000000000000000 ) ) ;
#2296 = VECTOR ( 'NONE', #3092, 1000.000000000000000 ) ;
#2297 = EDGE_CURVE ( 'NONE', #2592, #3727, #3383, .T. ) ;
#2298 = CARTESIAN_POINT ( 'NONE',  ( 9.773181806518490333, 1.000000000000000000, -9.773181806518474346 ) ) ;
#2299 = VERTEX_POINT ( 'NONE', #242 ) ;
#2300 = EDGE_CURVE ( 'NONE', #1472, #3160, #339, .T. ) ;
#2301 = CARTESIAN_POINT ( 'NONE',  ( 3.024896692450851354, 9.180000000000001492, 4.074999999999987743 ) ) ;
#2302 = DIRECTION ( 'NONE',  ( -1.000000000000000000, 0.000000000000000000, 0.000000000000000000 ) ) ;
#2303 = DIRECTION ( 'NONE',  ( 0.000000000000000000, 0.000000000000000000, -1.000000000000000000 ) ) ;
#2304 = VERTEX_POINT ( 'NONE', #3311 ) ;
#2305 = CARTESIAN_POINT ( 'NONE',  ( -13.44309202176727247, 1.000000000000000000, -2.455441006098721068 ) ) ;
#2306 = CARTESIAN_POINT ( 'NONE',  ( 0.000000000000000000, 9.400000000000000355, 0.000000000000000000 ) ) ;
#2307 = ORIENTED_EDGE ( 'NONE', *, *, #1423, .F. ) ;
#2308 = PLANE ( 'NONE',  #3379 ) ;
#2309 = FACE_OUTER_BOUND ( 'NONE', #3654, .T. ) ;
#2310 = CARTESIAN_POINT ( 'NONE',  ( 0.000000000000000000, 0.000000000000000000, 0.000000000000000000 ) ) ;
#2311 = ORIENTED_EDGE ( 'NONE', *, *, #3189, .T. ) ;
#2312 = EDGE_CURVE ( 'NONE', #2451, #200, #1392, .T. ) ;
#2313 = CARTESIAN_POINT ( 'NONE',  ( 0.000000000000000000, 0.000000000000000000, 0.000000000000000000 ) ) ;
#2314 = EDGE_CURVE ( 'NONE', #2241, #1117, #195, .T. ) ;
#2315 = VERTEX_POINT ( 'NONE', #2136 ) ;
#2316 = DIRECTION ( 'NONE',  ( 0.000000000000000000, 0.000000000000000000, 1.000000000000000000 ) ) ;
#2317 = LINE ( 'NONE', #4141, #1159 ) ;
#2318 = ORIENTED_EDGE ( 'NONE', *, *, #2422, .F. ) ;
#2319 = CYLINDRICAL_SURFACE ( 'NONE', #813, 4.075000000000000178 ) ;
#2320 = CARTESIAN_POINT ( 'NONE',  ( 14.60007754174561612, 13.08000000000000185, -15.79899999999999416 ) ) ;
#2321 = DIRECTION ( 'NONE',  ( 0.000000000000000000, 0.000000000000000000, 1.000000000000000000 ) ) ;
#2322 = ORIENTED_EDGE ( 'NONE', *, *, #902, .T. ) ;
#2323 = EDGE_CURVE ( 'NONE', #1828, #2541, #1488, .T. ) ;
#2324 = VECTOR ( 'NONE', #1301, 1000.000000000000000 ) ;
#2325 = DIRECTION ( 'NONE',  ( 1.000000000000000000, 0.000000000000000000, 1.165858759961876426E-16 ) ) ;
#2326 = PLANE ( 'NONE',  #2242 ) ;
#2327 = DIRECTION ( 'NONE',  ( 1.000000000000000000, 0.000000000000000000, 0.000000000000000000 ) ) ;
#2328 = EDGE_LOOP ( 'NONE', ( #3568, #1938, #1048, #4428, #2013, #3528, #3080, #3586, #1983, #2322, #4308 ) ) ;
#2329 = CARTESIAN_POINT ( 'NONE',  ( -15.21892165200937974, 13.08000000000000185, -9.678000000000002601 ) ) ;
#2330 = CIRCLE ( 'NONE', #1544, 1.549999999999997602 ) ;
#2331 = EDGE_CURVE ( 'NONE', #1522, #499, #2337, .T. ) ;
#2332 = CARTESIAN_POINT ( 'NONE',  ( 0.000000000000000000, 9.400000000000000355, 0.000000000000000000 ) ) ;
#2333 = CIRCLE ( 'NONE', #913, 21.51210508585769432 ) ;
#2334 = CARTESIAN_POINT ( 'NONE',  ( -0.07868651001707599457, 0.000000000000000000, -5.074389956747651809 ) ) ;
#2335 = ORIENTED_EDGE ( 'NONE', *, *, #1394, .F. ) ;
#2336 = DIRECTION ( 'NONE',  ( 0.000000000000000000, 0.000000000000000000, 1.000000000000000000 ) ) ;
#2337 = CIRCLE ( 'NONE', #2980, 3.650000000000014566 ) ;
#2338 = ORIENTED_EDGE ( 'NONE', *, *, #1435, .F. ) ;
#2339 = CIRCLE ( 'NONE', #4091, 1.549999999999999378 ) ;
#2340 = CIRCLE ( 'NONE', #3381, 3.150000000000007017 ) ;
#2341 = VERTEX_POINT ( 'NONE', #4822 ) ;
#2342 = DIRECTION ( 'NONE',  ( -0.000000000000000000, -1.000000000000000000, 0.000000000000000000 ) ) ;
#2343 = VECTOR ( 'NONE', #2724, 1000.000000000000000 ) ;
#2344 = AXIS2_PLACEMENT_3D ( 'NONE', #1949, #4167, #2621 ) ;
#2345 = ORIENTED_EDGE ( 'NONE', *, *, #2935, .F. ) ;
#2346 = CARTESIAN_POINT ( 'NONE',  ( 13.45007162112024623, 0.000000000000000000, 10.92364348134761087 ) ) ;
#2347 = CARTESIAN_POINT ( 'NONE',  ( -26.61855252713964148, 1.000000000000000000, 0.000000000000000000 ) ) ;
#2348 = VECTOR ( 'NONE', #2700, 1000.000000000000000 ) ;
#2349 = CARTESIAN_POINT ( 'NONE',  ( 0.000000000000000000, 59.49607912135621035, 15.79899999999999416 ) ) ;
#2350 = EDGE_CURVE ( 'NONE', #4723, #62, #602, .T. ) ;
#2351 = ORIENTED_EDGE ( 'NONE', *, *, #9, .T. ) ;
#2352 = CARTESIAN_POINT ( 'NONE',  ( -7.500000000000043521, 6.399999999999987921, -17.37499999999955591 ) ) ;
#2353 = CARTESIAN_POINT ( 'NONE',  ( 0.000000000000000000, 8.000000000000000000, 0.000000000000000000 ) ) ;
#2354 = EDGE_CURVE ( 'NONE', #3727, #4073, #2631, .T. ) ;
#2355 = VERTEX_POINT ( 'NONE', #1038 ) ;
#2356 = DIRECTION ( 'NONE',  ( -0.6817451586048293155, 0.000000000000000000, -0.7315897338801824468 ) ) ;
#2357 = VECTOR ( 'NONE', #745, 1000.000000000000000 ) ;
#2358 = ADVANCED_FACE ( 'NONE', ( #4519 ), #293, .F. ) ;
#2359 = DIRECTION ( 'NONE',  ( 0.000000000000000000, 0.000000000000000000, 1.000000000000000000 ) ) ;
#2360 = CARTESIAN_POINT ( 'NONE',  ( 32.50000000000000711, 11.00000000000000000, 0.000000000000000000 ) ) ;
#2361 = ORIENTED_EDGE ( 'NONE', *, *, #214, .F. ) ;
#2362 = DIRECTION ( 'NONE',  ( 0.000000000000000000, 0.000000000000000000, 1.000000000000000000 ) ) ;
#2363 = ORIENTED_EDGE ( 'NONE', *, *, #240, .F. ) ;
#2364 = ORIENTED_EDGE ( 'NONE', *, *, #214, .T. ) ;
#2365 = CARTESIAN_POINT ( 'NONE',  ( -6.794587691794288453, 1.000000000000000000, -6.794587691794452766 ) ) ;
#2366 = EDGE_CURVE ( 'NONE', #206, #4761, #3285, .T. ) ;
#2367 = ORIENTED_EDGE ( 'NONE', *, *, #1414, .T. ) ;
#2368 = EDGE_CURVE ( 'NONE', #479, #2536, #4103, .T. ) ;
#2369 = AXIS2_PLACEMENT_3D ( 'NONE', #191, #3582, #1731 ) ;
#2370 = DIRECTION ( 'NONE',  ( 0.6779003566821590887, 0.000000000000000000, 0.7351537977934966550 ) ) ;
#2371 = DIRECTION ( 'NONE',  ( -0.000000000000000000, -1.000000000000000000, 0.000000000000000000 ) ) ;
#2372 = DIRECTION ( 'NONE',  ( 0.000000000000000000, 1.000000000000000000, -0.000000000000000000 ) ) ;
#2373 = ORIENTED_EDGE ( 'NONE', *, *, #290, .T. ) ;
#2374 = LINE ( 'NONE', #3524, #2432 ) ;
#2375 = AXIS2_PLACEMENT_3D ( 'NONE', #3813, #1498, #3415 ) ;
#2376 = PLANE ( 'NONE',  #3922 ) ;
#2377 = CARTESIAN_POINT ( 'NONE',  ( 19.80090594518341618, 13.08000000000000185, -9.678000000000002601 ) ) ;
#2378 = EDGE_LOOP ( 'NONE', ( #3282, #2061, #3437, #4342, #1866, #1469 ) ) ;
#2379 = PRODUCT ( 'Twist lock battery part V3', 'Twist lock battery part V3', '', ( #1889 ) ) ;
#2380 = EDGE_LOOP ( 'NONE', ( #1270, #4100, #4464, #1495, #2565, #180, #3506, #3023, #2452, #3848, #3451, #2487, #3753, #1299, #2232, #642, #45, #3384, #1439, #1791, #722, #76, #1732, #1798, #2140, #1605, #4270, #1854, #1098, #2905, #4669, #2247, #3716, #1370, #3868, #3691, #3135, #2423, #2124, #765, #4701, #4419, #1891, #358, #4894, #3224, #4294, #998, #2363, #2045, #243, #4110 ) ) ;
#2381 = ORIENTED_EDGE ( 'NONE', *, *, #4878, .T. ) ;
#2382 = DIRECTION ( 'NONE',  ( 0.000000000000000000, 0.000000000000000000, -1.000000000000000000 ) ) ;
#2383 = VECTOR ( 'NONE', #4462, 1000.000000000000000 ) ;
#2384 = LINE ( 'NONE', #4209, #1223 ) ;
#2385 = EDGE_CURVE ( 'NONE', #556, #128, #2910, .T. ) ;
#2386 = DIRECTION ( 'NONE',  ( 0.000000000000000000, 0.000000000000000000, 1.000000000000000000 ) ) ;
#2387 = ORIENTED_EDGE ( 'NONE', *, *, #4830, .T. ) ;
#2388 = ADVANCED_FACE ( 'NONE', ( #2582 ), #2534, .F. ) ;
#2389 = CARTESIAN_POINT ( 'NONE',  ( -0.000000000000000000, 9.400000000000000355, 4.075000000000000178 ) ) ;
#2390 = DIRECTION ( 'NONE',  ( -0.7315897338801824468, 0.000000000000000000, 0.6817451586048292045 ) ) ;
#2391 = ORIENTED_EDGE ( 'NONE', *, *, #2707, .T. ) ;
#2392 = EDGE_CURVE ( 'NONE', #3108, #4330, #316, .T. ) ;
#2393 = ORIENTED_EDGE ( 'NONE', *, *, #267, .T. ) ;
#2394 = PLANE ( 'NONE',  #4468 ) ;
#2395 = VERTEX_POINT ( 'NONE', #644 ) ;
#2396 = DIRECTION ( 'NONE',  ( 0.000000000000000000, 0.000000000000000000, 1.000000000000000000 ) ) ;
#2397 = CARTESIAN_POINT ( 'NONE',  ( 26.17157287525383325, 0.000000000000000000, 21.99999999999997868 ) ) ;
#2398 = DIRECTION ( 'NONE',  ( 0.000000000000000000, 1.000000000000000000, -0.000000000000000000 ) ) ;
#2399 = VECTOR ( 'NONE', #3049, 1000.000000000000000 ) ;
#2400 = ORIENTED_EDGE ( 'NONE', *, *, #870, .T. ) ;
#2401 = FACE_OUTER_BOUND ( 'NONE', #780, .T. ) ;
#2402 = LINE ( 'NONE', #113, #1849 ) ;
#2403 = DIRECTION ( 'NONE',  ( 0.000000000000000000, 0.000000000000000000, -1.000000000000000000 ) ) ;
#2404 = VERTEX_POINT ( 'NONE', #3354 ) ;
#2405 = VECTOR ( 'NONE', #51, 1000.000000000000000 ) ;
#2406 = ORIENTED_EDGE ( 'NONE', *, *, #2078, .T. ) ;
#2407 = AXIS2_PLACEMENT_3D ( 'NONE', #344, #4524, #374 ) ;
#2408 = ORIENTED_EDGE ( 'NONE', *, *, #4034, .T. ) ;
#2409 = PLANE ( 'NONE',  #1381 ) ;
#2410 = VECTOR ( 'NONE', #4285, 1000.000000000000000 ) ;
#2411 = AXIS2_PLACEMENT_3D ( 'NONE', #4267, #2481, #3980 ) ;
#2412 = LINE ( 'NONE', #4699, #1462 ) ;
#2413 = EDGE_CURVE ( 'NONE', #1699, #889, #3377, .T. ) ;
#2414 = CARTESIAN_POINT ( 'NONE',  ( 2.255762911107348501, 0.000000000000000000, 2.446277914852622803 ) ) ;
#2415 = EDGE_LOOP ( 'NONE', ( #4823, #2162, #238, #98 ) ) ;
#2416 = DIRECTION ( 'NONE',  ( 0.000000000000000000, 0.000000000000000000, 1.000000000000000000 ) ) ;
#2417 = VECTOR ( 'NONE', #1368, 1000.000000000000000 ) ;
#2418 = LINE ( 'NONE', #804, #4180 ) ;
#2419 = ORIENTED_EDGE ( 'NONE', *, *, #2044, .T. ) ;
#2420 = EDGE_CURVE ( 'NONE', #2404, #4751, #4204, .T. ) ;
#2421 =( GEOMETRIC_REPRESENTATION_CONTEXT ( 3 ) GLOBAL_UNCERTAINTY_ASSIGNED_CONTEXT ( ( #1363 ) ) GLOBAL_UNIT_ASSIGNED_CONTEXT ( ( #3386, #3036, #773 ) ) REPRESENTATION_CONTEXT ( 'NONE', 'WORKASPACE' ) );
#2422 = EDGE_CURVE ( 'NONE', #1672, #3712, #794, .T. ) ;
#2423 = ORIENTED_EDGE ( 'NONE', *, *, #1808, .F. ) ;
#2424 = EDGE_CURVE ( 'NONE', #4469, #3763, #3033, .T. ) ;
#2425 = DIRECTION ( 'NONE',  ( 1.366021440969523409E-16, -0.000000000000000000, 1.000000000000000000 ) ) ;
#2426 = VECTOR ( 'NONE', #947, 1000.000000000000000 ) ;
#2427 = AXIS2_PLACEMENT_3D ( 'NONE', #2836, #2860, #4008 ) ;
#2428 = ORIENTED_EDGE ( 'NONE', *, *, #1141, .F. ) ;
#2429 = LINE ( 'NONE', #562, #2410 ) ;
#2430 = CARTESIAN_POINT ( 'NONE',  ( 35.00000000000001421, 0.000000000000000000, -13.17157287525383325 ) ) ;
#2431 = ADVANCED_FACE ( 'NONE', ( #2705 ), #4226, .F. ) ;
#2432 = VECTOR ( 'NONE', #3155, 1000.000000000000000 ) ;
#2433 = FACE_OUTER_BOUND ( 'NONE', #1695, .T. ) ;
#2434 = ORIENTED_EDGE ( 'NONE', *, *, #2660, .F. ) ;
#2435 = MANIFOLD_SOLID_BREP ( 'Cut-Extrude9', #1564 ) ;
#2436 = DIRECTION ( 'NONE',  ( -0.000000000000000000, 0.000000000000000000, 1.000000000000000000 ) ) ;
#2437 = VECTOR ( 'NONE', #2274, 1000.000000000000000 ) ;
#2438 = LINE ( 'NONE', #190, #4005 ) ;
#2439 = CARTESIAN_POINT ( 'NONE',  ( -32.99999999999998579, 0.000000000000000000, 13.17157287525381371 ) ) ;
#2440 = VERTEX_POINT ( 'NONE', #769 ) ;
#2441 = ORIENTED_EDGE ( 'NONE', *, *, #4306, .F. ) ;
#2442 = ORIENTED_EDGE ( 'NONE', *, *, #4736, .T. ) ;
#2443 = CIRCLE ( 'NONE', #1876, 3.650000000000014566 ) ;
#2444 = EDGE_CURVE ( 'NONE', #323, #4537, #16, .T. ) ;
#2445 = DIRECTION ( 'NONE',  ( 0.000000000000000000, 0.000000000000000000, 1.000000000000000000 ) ) ;
#2446 = LINE ( 'NONE', #3960, #2099 ) ;
#2447 = PLANE ( 'NONE',  #4787 ) ;
#2448 = ORIENTED_EDGE ( 'NONE', *, *, #2998, .F. ) ;
#2449 = DIRECTION ( 'NONE',  ( 0.000000000000000000, 0.000000000000000000, -1.000000000000000000 ) ) ;
#2450 = CARTESIAN_POINT ( 'NONE',  ( 1.166576167306326538E-14, 13.08000000000000185, 21.99999999999999289 ) ) ;
#2451 = VERTEX_POINT ( 'NONE', #4640 ) ;
#2452 = ORIENTED_EDGE ( 'NONE', *, *, #3720, .F. ) ;
#2453 = LINE ( 'NONE', #2365, #4414 ) ;
#2454 = EDGE_LOOP ( 'NONE', ( #1551, #90, #1989, #2373 ) ) ;
#2455 = EDGE_CURVE ( 'NONE', #799, #4617, #4175, .T. ) ;
#2456 = DIRECTION ( 'NONE',  ( 0.6779003566821590887, 0.000000000000000000, 0.7351537977934968771 ) ) ;
#2457 = LINE ( 'NONE', #1279, #4205 ) ;
#2458 = CARTESIAN_POINT ( 'NONE',  ( 14.70593854515039745, 0.000000000000000000, 1.426954622693663355 ) ) ;
#2459 = EDGE_CURVE ( 'NONE', #2680, #2791, #3854, .T. ) ;
#2460 = VERTEX_POINT ( 'NONE', #441 ) ;
#2461 = CIRCLE ( 'NONE', #4759, 22.03950000000000031 ) ;
#2462 = PLANE ( 'NONE',  #838 ) ;
#2463 = CARTESIAN_POINT ( 'NONE',  ( 13.24895193539232707, 0.000000000000000000, -13.24895193539185811 ) ) ;
#2464 = DIRECTION ( 'NONE',  ( 0.000000000000000000, 0.000000000000000000, 1.000000000000000000 ) ) ;
#2465 = EDGE_LOOP ( 'NONE', ( #2802, #1833, #1427, #3547, #130, #3270, #4289, #3159, #1145, #2476, #3789, #618, #2000, #171, #2590 ) ) ;
#2466 = VERTEX_POINT ( 'NONE', #1165 ) ;
#2467 = ORIENTED_EDGE ( 'NONE', *, *, #3978, .F. ) ;
#2468 = PLANE ( 'NONE',  #2738 ) ;
#2469 = DIRECTION ( 'NONE',  ( -1.000000000000000000, 0.000000000000000000, 1.366021440969523409E-16 ) ) ;
#2470 = ORIENTED_EDGE ( 'NONE', *, *, #4810, .T. ) ;
#2471 = CARTESIAN_POINT ( 'NONE',  ( 0.000000000000000000, 1.000000000000000000, -19.19999999999962625 ) ) ;
#2472 = LINE ( 'NONE', #2160, #2253 ) ;
#2473 = ORIENTED_EDGE ( 'NONE', *, *, #922, .T. ) ;
#2474 = ORIENTED_EDGE ( 'NONE', *, *, #226, .F. ) ;
#2475 = DIRECTION ( 'NONE',  ( 0.7071067811865489050, 0.000000000000000000, -0.7071067811865462405 ) ) ;
#2476 = ORIENTED_EDGE ( 'NONE', *, *, #632, .T. ) ;
#2477 = CARTESIAN_POINT ( 'NONE',  ( -1.166576167306326222E-14, 8.000000000000000000, -22.00000000000000000 ) ) ;
#2478 = CARTESIAN_POINT ( 'NONE',  ( -15.87191748957736337, 1.000000000000000000, -2.190792864359584424 ) ) ;
#2479 = ORIENTED_EDGE ( 'NONE', *, *, #2023, .F. ) ;
#2480 = CYLINDRICAL_SURFACE ( 'NONE', #1712, 7.493000000000000327 ) ;
#2481 = DIRECTION ( 'NONE',  ( 0.000000000000000000, 1.000000000000000000, -0.000000000000000000 ) ) ;
#2482 = EDGE_CURVE ( 'NONE', #3782, #873, #1959, .T. ) ;
#2483 = CARTESIAN_POINT ( 'NONE',  ( 24.50000000000005684, 0.000000000000000000, 24.49999999999996092 ) ) ;
#2484 = VERTEX_POINT ( 'NONE', #1586 ) ;
#2485 = ADVANCED_FACE ( 'NONE', ( #4616 ), #2251, .F. ) ;
#2486 = ORIENTED_EDGE ( 'NONE', *, *, #4409, .F. ) ;
#2487 = ORIENTED_EDGE ( 'NONE', *, *, #4921, .F. ) ;
#2488 = DIRECTION ( 'NONE',  ( 0.000000000000000000, 0.000000000000000000, -1.000000000000000000 ) ) ;
#2489 = AXIS2_PLACEMENT_3D ( 'NONE', #331, #1952, #58 ) ;
#2490 = LINE ( 'NONE', #3563, #4170 ) ;
#2491 = AXIS2_PLACEMENT_3D ( 'NONE', #955, #2043, #878 ) ;
#2492 = ORIENTED_EDGE ( 'NONE', *, *, #3847, .T. ) ;
#2493 = LINE ( 'NONE', #176, #507 ) ;
#2494 = VECTOR ( 'NONE', #4003, 1000.000000000000000 ) ;
#2495 = CARTESIAN_POINT ( 'NONE',  ( 8.330082123588704590, 0.000000000000000000, -12.91002937926195138 ) ) ;
#2496 = EDGE_CURVE ( 'NONE', #3412, #3915, #1069, .T. ) ;
#2497 = EDGE_LOOP ( 'NONE', ( #4015, #3688, #1090, #3018 ) ) ;
#2498 = ORIENTED_EDGE ( 'NONE', *, *, #185, .F. ) ;
#2499 = PLANE ( 'NONE',  #97 ) ;
#2500 = ORIENTED_EDGE ( 'NONE', *, *, #3911, .T. ) ;
#2501 = PLANE ( 'NONE',  #1894 ) ;
#2502 = VECTOR ( 'NONE', #3882, 1000.000000000000000 ) ;
#2503 = DIRECTION ( 'NONE',  ( -0.000000000000000000, -1.000000000000000000, -0.000000000000000000 ) ) ;
#2504 = AXIS2_PLACEMENT_3D ( 'NONE', #2139, #3243, #2092 ) ;
#2505 = CARTESIAN_POINT ( 'NONE',  ( 0.000000000000000000, 9.400000000000000355, 0.000000000000000000 ) ) ;
#2506 = VECTOR ( 'NONE', #1486, 1000.000000000000000 ) ;
#2507 = DIRECTION ( 'NONE',  ( -0.000000000000000000, 1.000000000000000000, -0.000000000000000000 ) ) ;
#2508 = CARTESIAN_POINT ( 'NONE',  ( 1.479541565441556778E-14, 9.900000000000000355, 7.492999999999990557 ) ) ;
#2509 = VERTEX_POINT ( 'NONE', #1538 ) ;
#2510 = EDGE_LOOP ( 'NONE', ( #57, #2202, #4063, #4206 ) ) ;
#2511 = AXIS2_PLACEMENT_3D ( 'NONE', #2898, #4687, #542 ) ;
#2512 = CARTESIAN_POINT ( 'NONE',  ( 0.000000000000000000, 13.08000000000000185, 0.000000000000000000 ) ) ;
#2513 = EDGE_CURVE ( 'NONE', #2164, #1818, #3779, .T. ) ;
#2514 = DIRECTION ( 'NONE',  ( 0.000000000000000000, 1.000000000000000000, -0.000000000000000000 ) ) ;
#2515 = ORIENTED_EDGE ( 'NONE', *, *, #4122, .T. ) ;
#2516 = PLANE ( 'NONE',  #907 ) ;
#2517 = CARTESIAN_POINT ( 'NONE',  ( 28.63679244127212442, 0.000000000000000000, 6.484012889200522878 ) ) ;
#2518 = ORIENTED_EDGE ( 'NONE', *, *, #4153, .F. ) ;
#2519 = EDGE_LOOP ( 'NONE', ( #3714, #4324, #1734, #4302 ) ) ;
#2520 = DIRECTION ( 'NONE',  ( -1.000000000000000000, 0.000000000000000000, -4.098064322908573926E-16 ) ) ;
#2521 = ORIENTED_EDGE ( 'NONE', *, *, #3115, .F. ) ;
#2522 = CARTESIAN_POINT ( 'NONE',  ( 35.00000000000001421, 0.000000000000000000, 0.000000000000000000 ) ) ;
#2523 = ADVANCED_FACE ( 'NONE', ( #1997 ), #2031, .F. ) ;
#2524 = FACE_OUTER_BOUND ( 'NONE', #3787, .T. ) ;
#2525 = DIRECTION ( 'NONE',  ( 0.000000000000000000, 0.000000000000000000, -1.000000000000000000 ) ) ;
#2526 = DIRECTION ( 'NONE',  ( -0.000000000000000000, -1.000000000000000000, -0.000000000000000000 ) ) ;
#2527 = LINE ( 'NONE', #261, #4675 ) ;
#2528 = ORIENTED_EDGE ( 'NONE', *, *, #4697, .F. ) ;
#2529 = ORIENTED_EDGE ( 'NONE', *, *, #4061, .F. ) ;
#2530 = AXIS2_PLACEMENT_3D ( 'NONE', #683, #1377, #1428 ) ;
#2531 = ADVANCED_FACE ( 'NONE', ( #2854 ), #114, .F. ) ;
#2532 = DIRECTION ( 'NONE',  ( 0.000000000000000000, 1.000000000000000000, 0.000000000000000000 ) ) ;
#2533 = AXIS2_PLACEMENT_3D ( 'NONE', #1106, #3025, #390 ) ;
#2534 = PLANE ( 'NONE',  #4643 ) ;
#2535 = VECTOR ( 'NONE', #3886, 1000.000000000000000 ) ;
#2536 = VERTEX_POINT ( 'NONE', #4268 ) ;
#2537 = DIRECTION ( 'NONE',  ( 0.6779003566821590887, 0.000000000000000000, 0.7351537977934966550 ) ) ;
#2538 = LINE ( 'NONE', #647, #4638 ) ;
#2539 = VERTEX_POINT ( 'NONE', #215 ) ;
#2540 = CARTESIAN_POINT ( 'NONE',  ( 7.500000000000007105, 13.08000000000000185, 17.37500000000062172 ) ) ;
#2541 = VERTEX_POINT ( 'NONE', #545 ) ;
#2542 = DIRECTION ( 'NONE',  ( -0.000000000000000000, -1.000000000000000000, -0.000000000000000000 ) ) ;
#2543 = ORIENTED_EDGE ( 'NONE', *, *, #3425, .F. ) ;
#2544 = LINE ( 'NONE', #4066, #4434 ) ;
#2545 = DIRECTION ( 'NONE',  ( 0.000000000000000000, 0.000000000000000000, 1.000000000000000000 ) ) ;
#2546 = DIRECTION ( 'NONE',  ( 1.000000000000000000, 0.000000000000000000, 0.000000000000000000 ) ) ;
#2547 = EDGE_CURVE ( 'NONE', #1386, #479, #4277, .T. ) ;
#2548 = DIRECTION ( 'NONE',  ( 0.000000000000000000, -1.000000000000000000, 0.000000000000000000 ) ) ;
#2549 = LINE ( 'NONE', #4071, #4046 ) ;
#2550 = DIRECTION ( 'NONE',  ( 0.000000000000000000, 0.000000000000000000, 1.000000000000000000 ) ) ;
#2551 = VERTEX_POINT ( 'NONE', #2377 ) ;
#2552 = LINE ( 'NONE', #3776, #2258 ) ;
#2553 = CARTESIAN_POINT ( 'NONE',  ( 24.50000000000006395, 13.08000000000000185, 24.49999999999996092 ) ) ;
#2554 = VECTOR ( 'NONE', #3181, 1000.000000000000000 ) ;
#2555 = ORIENTED_EDGE ( 'NONE', *, *, #960, .T. ) ;
#2556 = LINE ( 'NONE', #2283, #667 ) ;
#2557 = CARTESIAN_POINT ( 'NONE',  ( 13.45007162112024623, 1.000000000000000000, 0.000000000000000000 ) ) ;
#2558 = ORIENTED_EDGE ( 'NONE', *, *, #501, .F. ) ;
#2559 = EDGE_CURVE ( 'NONE', #2183, #4453, #4922, .T. ) ;
#2560 = DIRECTION ( 'NONE',  ( 0.000000000000000000, 0.000000000000000000, -1.000000000000000000 ) ) ;
#2561 = ORIENTED_EDGE ( 'NONE', *, *, #380, .F. ) ;
#2562 = CARTESIAN_POINT ( 'NONE',  ( 0.000000000000000000, 13.08000000000000185, 0.000000000000000000 ) ) ;
#2563 = ORIENTED_EDGE ( 'NONE', *, *, #2837, .F. ) ;
#2564 = VECTOR ( 'NONE', #4454, 1000.000000000000000 ) ;
#2565 = ORIENTED_EDGE ( 'NONE', *, *, #1394, .T. ) ;
#2566 = ADVANCED_FACE ( 'NONE', ( #488 ), #3558, .F. ) ;
#2567 = ADVANCED_FACE ( 'NONE', ( #4719, #1656 ), #1709, .T. ) ;
#2568 = EDGE_CURVE ( 'NONE', #1036, #875, #964, .T. ) ;
#2569 = ADVANCED_FACE ( 'NONE', ( #3182 ), #3235, .T. ) ;
#2570 = LINE ( 'NONE', #1354, #1814 ) ;
#2571 = CARTESIAN_POINT ( 'NONE',  ( 27.72963113701214510, 13.08000000000000185, -14.72963113701126403 ) ) ;
#2572 = DIRECTION ( 'NONE',  ( 0.7351537977934967660, 0.000000000000000000, -0.6779003566821591997 ) ) ;
#2573 = AXIS2_PLACEMENT_3D ( 'NONE', #3314, #3242, #624 ) ;
#2574 = DIRECTION ( 'NONE',  ( 0.000000000000000000, 0.000000000000000000, 1.000000000000000000 ) ) ;
#2575 = CARTESIAN_POINT ( 'NONE',  ( 4.075000000000000178, 9.180000000000001492, 3.024896692450861124 ) ) ;
#2576 = VERTEX_POINT ( 'NONE', #1680 ) ;
#2577 = ORIENTED_EDGE ( 'NONE', *, *, #4189, .T. ) ;
#2578 = AXIS2_PLACEMENT_3D ( 'NONE', #3467, #1963, #3833 ) ;
#2579 = CARTESIAN_POINT ( 'NONE',  ( 1.387778780781445676E-14, 7.272000000000000242, 8.999999999999989342 ) ) ;
#2580 = VECTOR ( 'NONE', #469, 1000.000000000000000 ) ;
#2581 = VECTOR ( 'NONE', #1450, 1000.000000000000000 ) ;
#2582 = FACE_OUTER_BOUND ( 'NONE', #2638, .T. ) ;
#2583 = AXIS2_PLACEMENT_3D ( 'NONE', #4561, #3445, #1644 ) ;
#2584 = ADVANCED_FACE ( 'NONE', ( #142 ), #2778, .F. ) ;
#2585 = ORIENTED_EDGE ( 'NONE', *, *, #3625, .F. ) ;
#2586 = AXIS2_PLACEMENT_3D ( 'NONE', #1030, #307, #2896 ) ;
#2587 = DIRECTION ( 'NONE',  ( 0.000000000000000000, 0.000000000000000000, -1.000000000000000000 ) ) ;
#2588 = CARTESIAN_POINT ( 'NONE',  ( 0.000000000000000000, 0.000000000000000000, 0.000000000000000000 ) ) ;
#2589 = CARTESIAN_POINT ( 'NONE',  ( 1.387778780781445676E-14, 9.900000000000000355, -1.040834085586084257E-14 ) ) ;
#2590 = ORIENTED_EDGE ( 'NONE', *, *, #3094, .T. ) ;
#2591 = FACE_OUTER_BOUND ( 'NONE', #565, .T. ) ;
#2592 = VERTEX_POINT ( 'NONE', #166 ) ;
#2593 = DIRECTION ( 'NONE',  ( 0.000000000000000000, 0.000000000000000000, -1.000000000000000000 ) ) ;
#2594 = CIRCLE ( 'NONE', #2835, 2.124999999999999112 ) ;
#2595 = VERTEX_POINT ( 'NONE', #3925 ) ;
#2596 = CARTESIAN_POINT ( 'NONE',  ( -14.34271031720058964, 0.000000000000000000, 5.789952570093330309 ) ) ;
#2597 = DIRECTION ( 'NONE',  ( 1.000000000000000000, 0.000000000000000000, 0.000000000000000000 ) ) ;
#2598 = EDGE_CURVE ( 'NONE', #3901, #157, #1314, .T. ) ;
#2599 = CARTESIAN_POINT ( 'NONE',  ( 9.344217704628091425, 1.000000000000000888, -5.266477053725039603 ) ) ;
#2600 = FACE_OUTER_BOUND ( 'NONE', #2770, .T. ) ;
#2601 = DIRECTION ( 'NONE',  ( 0.000000000000000000, 0.000000000000000000, -1.000000000000000000 ) ) ;
#2602 = EDGE_CURVE ( 'NONE', #4826, #4500, #2830, .T. ) ;
#2603 = DIRECTION ( 'NONE',  ( -0.000000000000000000, -1.000000000000000000, -0.000000000000000000 ) ) ;
#2604 = ORIENTED_EDGE ( 'NONE', *, *, #4123, .T. ) ;
#2605 = EDGE_CURVE ( 'NONE', #3104, #2787, #1360, .T. ) ;
#2606 = FACE_OUTER_BOUND ( 'NONE', #4086, .T. ) ;
#2607 = CARTESIAN_POINT ( 'NONE',  ( -26.17157287525383325, 8.000000000000000000, -21.99999999999998579 ) ) ;
#2608 = ORIENTED_EDGE ( 'NONE', *, *, #1858, .T. ) ;
#2609 = DIRECTION ( 'NONE',  ( 0.6779003566821587556, 0.000000000000000000, 0.7351537977934968771 ) ) ;
#2610 = DIRECTION ( 'NONE',  ( 0.000000000000000000, 0.000000000000000000, -1.000000000000000000 ) ) ;
#2611 = VECTOR ( 'NONE', #4632, 1000.000000000000000 ) ;
#2612 = CIRCLE ( 'NONE', #3410, 22.03950000000000031 ) ;
#2613 = DIRECTION ( 'NONE',  ( 0.000000000000000000, 1.000000000000000000, -0.000000000000000000 ) ) ;
#2614 = EDGE_LOOP ( 'NONE', ( #4722, #4241, #3538, #1300 ) ) ;
#2615 = DIRECTION ( 'NONE',  ( 0.000000000000000000, 0.000000000000000000, -1.000000000000000000 ) ) ;
#2616 = EDGE_LOOP ( 'NONE', ( #3494, #4431, #475, #2985 ) ) ;
#2617 = DIRECTION ( 'NONE',  ( 1.000000000000000000, 0.000000000000000000, -2.731723593124813718E-16 ) ) ;
#2618 = CIRCLE ( 'NONE', #2696, 9.000000000000000000 ) ;
#2619 = VERTEX_POINT ( 'NONE', #4351 ) ;
#2620 = DIRECTION ( 'NONE',  ( 0.000000000000000000, 0.000000000000000000, -1.000000000000000000 ) ) ;
#2621 = DIRECTION ( 'NONE',  ( 0.000000000000000000, 0.000000000000000000, -1.000000000000000000 ) ) ;
#2622 = CARTESIAN_POINT ( 'NONE',  ( 35.00000000000001421, 8.000000000000000000, 13.17157287525375864 ) ) ;
#2623 = CARTESIAN_POINT ( 'NONE',  ( -11.97111815167931148, 0.000000000000000000, 12.59705897006785236 ) ) ;
#2624 = DIRECTION ( 'NONE',  ( -1.000000000000000000, 0.000000000000000000, 5.302618942301485877E-16 ) ) ;
#2625 = ORIENTED_EDGE ( 'NONE', *, *, #2350, .T. ) ;
#2626 = VERTEX_POINT ( 'NONE', #4320 ) ;
#2627 = DIRECTION ( 'NONE',  ( 0.7071067811865463515, 0.000000000000000000, 0.7071067811865487940 ) ) ;
#2628 = EDGE_CURVE ( 'NONE', #2355, #826, #393, .T. ) ;
#2629 = CARTESIAN_POINT ( 'NONE',  ( -13.44309202176727247, 1.000000000000000000, -10.75413279027304014 ) ) ;
#2630 = ADVANCED_FACE ( 'NONE', ( #3633 ), #862, .F. ) ;
#2631 = LINE ( 'NONE', #3006, #755 ) ;
#2632 = ADVANCED_FACE ( 'NONE', ( #2199 ), #3700, .F. ) ;
#2633 = ORIENTED_EDGE ( 'NONE', *, *, #2444, .F. ) ;
#2634 = DIRECTION ( 'NONE',  ( -0.000000000000000000, -1.000000000000000000, -0.000000000000000000 ) ) ;
#2635 = LINE ( 'NONE', #1116, #3001 ) ;
#2636 = ORIENTED_EDGE ( 'NONE', *, *, #1459, .F. ) ;
#2637 = CARTESIAN_POINT ( 'NONE',  ( -3.024896692450842028, 9.180000000000001492, 4.074999999999974420 ) ) ;
#2638 = EDGE_LOOP ( 'NONE', ( #3583, #4196, #681, #1340 ) ) ;
#2639 = CARTESIAN_POINT ( 'NONE',  ( 10.97089639063370470, 8.000000000000000000, 18.50432645656049147 ) ) ;
#2640 = ORIENTED_EDGE ( 'NONE', *, *, #4156, .T. ) ;
#2641 = CARTESIAN_POINT ( 'NONE',  ( -22.58810389339260993, 0.000000000000000000, -2.455441006098721068 ) ) ;
#2642 = AXIS2_PLACEMENT_3D ( 'NONE', #2562, #4018, #3341 ) ;
#2643 = CARTESIAN_POINT ( 'NONE',  ( -10.97089639063331745, 13.08000000000000185, -18.50432645656072950 ) ) ;
#2644 = EDGE_CURVE ( 'NONE', #3368, #3308, #2902, .T. ) ;
#2645 = CARTESIAN_POINT ( 'NONE',  ( 13.45007162112024623, 0.000000000000000000, 14.92854154124080956 ) ) ;
#2646 = CIRCLE ( 'NONE', #3290, 3.650000000000014566 ) ;
#2647 = CARTESIAN_POINT ( 'NONE',  ( 0.000000000000000000, 0.000000000000000000, 0.000000000000000000 ) ) ;
#2648 = CARTESIAN_POINT ( 'NONE',  ( 10.97089639063370115, 13.08000000000000185, 18.50432645656050212 ) ) ;
#2649 = DIRECTION ( 'NONE',  ( 0.000000000000000000, 0.000000000000000000, 1.000000000000000000 ) ) ;
#2650 = ORIENTED_EDGE ( 'NONE', *, *, #4577, .T. ) ;
#2651 = VECTOR ( 'NONE', #1740, 1000.000000000000000 ) ;
#2652 = CARTESIAN_POINT ( 'NONE',  ( -34.99999999999999289, 13.08000000000000185, -13.17157287525376397 ) ) ;
#2653 = CARTESIAN_POINT ( 'NONE',  ( 3.910986304534841640, 1.000000000000000000, -3.606400482158622189 ) ) ;
#2654 = DIRECTION ( 'NONE',  ( 0.000000000000000000, -1.000000000000000000, 0.000000000000000000 ) ) ;
#2655 = VECTOR ( 'NONE', #3063, 1000.000000000000000 ) ;
#2656 = VECTOR ( 'NONE', #4325, 1000.000000000000000 ) ;
#2657 = ORIENTED_EDGE ( 'NONE', *, *, #2196, .F. ) ;
#2658 = FACE_OUTER_BOUND ( 'NONE', #75, .T. ) ;
#2659 = FACE_BOUND ( 'NONE', #278, .T. ) ;
#2660 = EDGE_CURVE ( 'NONE', #954, #1130, #663, .T. ) ;
#2661 = AXIS2_PLACEMENT_3D ( 'NONE', #1211, #2683, #4179 ) ;
#2663 = DIRECTION ( 'NONE',  ( 0.000000000000000000, 1.000000000000000000, 0.000000000000000000 ) ) ;
#2662 = AXIS2_PLACEMENT_3D ( 'NONE', #3591, #3194, #3420 ) ;
#2664 = ORIENTED_EDGE ( 'NONE', *, *, #1936, .T. ) ;
#2665 = EDGE_CURVE ( 'NONE', #2774, #4781, #689, .T. ) ;
#2666 = CARTESIAN_POINT ( 'NONE',  ( -1.429290575665344898, 1.000000000000000000, 6.484012889203289554 ) ) ;
#2667 = ORIENTED_EDGE ( 'NONE', *, *, #4290, .F. ) ;
#2668 = CARTESIAN_POINT ( 'NONE',  ( -0.07868651001707903381, 1.000000000000000000, -5.074389956747652697 ) ) ;
#2669 = VECTOR ( 'NONE', #4756, 1000.000000000000000 ) ;
#2670 = ORIENTED_EDGE ( 'NONE', *, *, #1341, .F. ) ;
#2671 = CIRCLE ( 'NONE', #925, 1.549999999999995826 ) ;
#2672 = DIRECTION ( 'NONE',  ( -0.000000000000000000, -1.000000000000000000, -0.000000000000000000 ) ) ;
#2673 = CARTESIAN_POINT ( 'NONE',  ( 13.45007162112024623, 1.000000000000000000, 14.92854154124080956 ) ) ;
#2674 = CIRCLE ( 'NONE', #3148, 1.549999999999999378 ) ;
#2675 = PLANE ( 'NONE',  #3861 ) ;
#2676 = ORIENTED_EDGE ( 'NONE', *, *, #2818, .F. ) ;
#2677 = CARTESIAN_POINT ( 'NONE',  ( -19.80090594518341973, 11.00000000000000000, -9.678000000000000824 ) ) ;
#2678 = CARTESIAN_POINT ( 'NONE',  ( 28.63679244127212442, 0.000000000000000000, -12.91002937926195138 ) ) ;
#2679 = LINE ( 'NONE', #1561, #2911 ) ;
#2680 = VERTEX_POINT ( 'NONE', #1852 ) ;
#2681 = FACE_OUTER_BOUND ( 'NONE', #2112, .T. ) ;
#2682 = DIRECTION ( 'NONE',  ( 0.7351537977934967660, 0.000000000000000000, -0.6779003566821590887 ) ) ;
#2683 = DIRECTION ( 'NONE',  ( -0.7071067811865389130, 0.000000000000000000, -0.7071067811865561215 ) ) ;
#2684 = ORIENTED_EDGE ( 'NONE', *, *, #4696, .F. ) ;
#2685 = DIRECTION ( 'NONE',  ( 0.000000000000000000, 0.000000000000000000, 1.000000000000000000 ) ) ;
#2686 = DIRECTION ( 'NONE',  ( 0.000000000000000000, 1.000000000000000000, 0.000000000000000000 ) ) ;
#2687 = FACE_OUTER_BOUND ( 'NONE', #884, .T. ) ;
#2688 = ORIENTED_EDGE ( 'NONE', *, *, #2265, .T. ) ;
#2689 = VECTOR ( 'NONE', #1972, 1000.000000000000000 ) ;
#2690 = CYLINDRICAL_SURFACE ( 'NONE', #231, 2.000000000000001776 ) ;
#2691 = ORIENTED_EDGE ( 'NONE', *, *, #2312, .F. ) ;
#2692 = EDGE_CURVE ( 'NONE', #2089, #3013, #3281, .T. ) ;
#2693 = EDGE_CURVE ( 'NONE', #3782, #1974, #1009, .T. ) ;
#2694 = DIRECTION ( 'NONE',  ( -0.7071067811865486830, 0.000000000000000000, -0.7071067811865464625 ) ) ;
#2695 = PLANE ( 'NONE',  #1631 ) ;
#2696 = AXIS2_PLACEMENT_3D ( 'NONE', #1985, #4255, #2362 ) ;
#2697 = CARTESIAN_POINT ( 'NONE',  ( 32.50000000000000711, 13.08000000000000185, 7.435999999999996390 ) ) ;
#2698 = CARTESIAN_POINT ( 'NONE',  ( 34.41421356237312068, 8.000000000000000000, -14.58578643762692373 ) ) ;
#2699 = CARTESIAN_POINT ( 'NONE',  ( 0.000000000000000000, 0.000000000000000000, -15.19171949462534421 ) ) ;
#2700 = DIRECTION ( 'NONE',  ( 1.000000000000000000, 0.000000000000000000, 4.098064322908573926E-16 ) ) ;
#2701 = ORIENTED_EDGE ( 'NONE', *, *, #599, .F. ) ;
#2702 = DIRECTION ( 'NONE',  ( 0.000000000000000000, 0.000000000000000000, -1.000000000000000000 ) ) ;
#2703 = EDGE_CURVE ( 'NONE', #547, #1327, #2175, .T. ) ;
#2704 = LINE ( 'NONE', #2629, #4793 ) ;
#2705 = FACE_OUTER_BOUND ( 'NONE', #3749, .T. ) ;
#2706 = ORIENTED_EDGE ( 'NONE', *, *, #4117, .F. ) ;
#2707 = EDGE_CURVE ( 'NONE', #79, #2067, #3254, .T. ) ;
#2708 = DIRECTION ( 'NONE',  ( 0.000000000000000000, 0.000000000000000000, 1.000000000000000000 ) ) ;
#2709 = DIRECTION ( 'NONE',  ( -1.000000000000000000, 0.000000000000000000, 5.680788590689235086E-16 ) ) ;
#2710 = CARTESIAN_POINT ( 'NONE',  ( 28.63679244127212442, 0.000000000000000000, -12.91002937926195138 ) ) ;
#2711 = ORIENTED_EDGE ( 'NONE', *, *, #1747, .F. ) ;
#2712 = CARTESIAN_POINT ( 'NONE',  ( 1.387778780781445676E-14, 1.000000000000000000, -1.040834085586084257E-14 ) ) ;
#2713 = ORIENTED_EDGE ( 'NONE', *, *, #3007, .T. ) ;
#2714 = EDGE_CURVE ( 'NONE', #2791, #1670, #2527, .T. ) ;
#2715 = CARTESIAN_POINT ( 'NONE',  ( 14.60007754174561612, 8.000000000000000000, 15.79899999999999771 ) ) ;
#2716 = DIRECTION ( 'NONE',  ( -0.7351537977934969881, 0.000000000000000000, 0.6779003566821588667 ) ) ;
#2717 = AXIS2_PLACEMENT_3D ( 'NONE', #3256, #3304, #2950 ) ;
#2718 = EDGE_CURVE ( 'NONE', #2440, #1818, #1432, .T. ) ;
#2719 = DIRECTION ( 'NONE',  ( -0.000000000000000000, -1.000000000000000000, -0.000000000000000000 ) ) ;
#2720 = LINE ( 'NONE', #4238, #1578 ) ;
#2721 = DIRECTION ( 'NONE',  ( 0.000000000000000000, 0.7954317200324992898, 0.6060432152628554281 ) ) ;
#2722 = ORIENTED_EDGE ( 'NONE', *, *, #282, .F. ) ;
#2723 = VECTOR ( 'NONE', #2990, 1000.000000000000000 ) ;
#2724 = DIRECTION ( 'NONE',  ( -0.000000000000000000, -1.000000000000000000, -0.000000000000000000 ) ) ;
#2725 = EDGE_CURVE ( 'NONE', #1066, #3912, #1410, .T. ) ;
#2726 = FACE_OUTER_BOUND ( 'NONE', #1956, .T. ) ;
#2727 = DIRECTION ( 'NONE',  ( 0.000000000000000000, 0.000000000000000000, -1.000000000000000000 ) ) ;
#2728 = EDGE_LOOP ( 'NONE', ( #2282, #2007, #249, #3596 ) ) ;
#2729 = FACE_OUTER_BOUND ( 'NONE', #3195, .T. ) ;
#2730 = DIRECTION ( 'NONE',  ( -0.000000000000000000, 1.000000000000000000, -0.000000000000000000 ) ) ;
#2731 = EDGE_CURVE ( 'NONE', #79, #866, #3653, .T. ) ;
#2732 = AXIS2_PLACEMENT_3D ( 'NONE', #93, #1170, #1193 ) ;
#2733 = PRESENTATION_LAYER_ASSIGNMENT (  '', '', ( #3773 ) ) ;
#2734 = CARTESIAN_POINT ( 'NONE',  ( 7.500000000000007105, 8.000000000000000000, 17.37500000000062172 ) ) ;
#2735 = CARTESIAN_POINT ( 'NONE',  ( -2.269035466658158917, 0.000000000000000000, 2.425520671255319449 ) ) ;
#2736 = AXIS2_PLACEMENT_3D ( 'NONE', #1515, #1237, #2727 ) ;
#2737 = ORIENTED_EDGE ( 'NONE', *, *, #4306, .T. ) ;
#2738 = AXIS2_PLACEMENT_3D ( 'NONE', #2512, #1714, #2445 ) ;
#2739 = ORIENTED_EDGE ( 'NONE', *, *, #470, .F. ) ;
#2740 = EDGE_CURVE ( 'NONE', #1620, #4862, #630, .T. ) ;
#2741 = CARTESIAN_POINT ( 'NONE',  ( 1.387778780781445676E-14, 9.900000000000000355, -1.040834085586084257E-14 ) ) ;
#2742 = AXIS2_PLACEMENT_3D ( 'NONE', #3952, #566, #4027 ) ;
#2743 = ORIENTED_EDGE ( 'NONE', *, *, #2263, .T. ) ;
#2744 = LINE ( 'NONE', #248, #1375 ) ;
#2745 = CARTESIAN_POINT ( 'NONE',  ( -7.559443226583371275E-16, 1.000000000000000000, 6.484012889203289554 ) ) ;
#2746 = AXIS2_PLACEMENT_3D ( 'NONE', #3874, #8, #3051 ) ;
#2747 = CARTESIAN_POINT ( 'NONE',  ( 0.000000000000000000, 1.000000000000000000, 10.92364348134761087 ) ) ;
#2748 = ORIENTED_EDGE ( 'NONE', *, *, #1203, .T. ) ;
#2749 = EDGE_CURVE ( 'NONE', #3308, #3368, #4525, .T. ) ;
#2750 = DIRECTION ( 'NONE',  ( -0.000000000000000000, -1.000000000000000000, -0.000000000000000000 ) ) ;
#2752 = EDGE_CURVE ( 'NONE', #826, #3565, #2549, .T. ) ;
#2751 = CARTESIAN_POINT ( 'NONE',  ( -22.58810389339260993, 30.02194427534240262, 5.789952570093332085 ) ) ;
#2753 = CARTESIAN_POINT ( 'NONE',  ( 1.339060624225660634, 1.000000000000000000, -6.395543330195830656 ) ) ;
#2754 = ORIENTED_EDGE ( 'NONE', *, *, #4879, .F. ) ;
#2755 = ORIENTED_EDGE ( 'NONE', *, *, #4403, .T. ) ;
#2756 = ORIENTED_EDGE ( 'NONE', *, *, #2644, .T. ) ;
#2757 = DIRECTION ( 'NONE',  ( 1.000000000000000000, 0.000000000000000000, 0.000000000000000000 ) ) ;
#2758 = DIRECTION ( 'NONE',  ( 0.000000000000000000, 0.000000000000000000, 1.000000000000000000 ) ) ;
#2759 = FACE_OUTER_BOUND ( 'NONE', #1713, .T. ) ;
#2760 = ORIENTED_EDGE ( 'NONE', *, *, #303, .T. ) ;
#2761 = CARTESIAN_POINT ( 'NONE',  ( -7.500000000000043521, 0.000000000000000000, -17.37499999999955591 ) ) ;
#2762 = ORIENTED_EDGE ( 'NONE', *, *, #1800, .T. ) ;
#2763 = VERTEX_POINT ( 'NONE', #1827 ) ;
#2764 = CARTESIAN_POINT ( 'NONE',  ( 3.910986304534841640, 1.000000000000000000, -3.606400482158622189 ) ) ;
#2765 = ORIENTED_EDGE ( 'NONE', *, *, #3348, .F. ) ;
#2766 = AXIS2_PLACEMENT_3D ( 'NONE', #1804, #237, #1753 ) ;
#2767 = LINE ( 'NONE', #1649, #22 ) ;
#2768 = DIRECTION ( 'NONE',  ( 0.000000000000000000, -1.000000000000000000, 0.000000000000000000 ) ) ;
#2769 = CARTESIAN_POINT ( 'NONE',  ( 27.72963113701214510, 13.08000000000000185, -11.57963113701125657 ) ) ;
#2770 = EDGE_LOOP ( 'NONE', ( #4625, #4181 ) ) ;
#2771 = CARTESIAN_POINT ( 'NONE',  ( 27.72963113701214510, 0.000000000000000000, -14.72963113701126403 ) ) ;
#2772 = CARTESIAN_POINT ( 'NONE',  ( 32.19999999998507434, 0.000000000000000000, 0.000000000000000000 ) ) ;
#2773 = CARTESIAN_POINT ( 'NONE',  ( 35.00000000000001421, 8.000000000000000000, 0.000000000000000000 ) ) ;
#2774 = VERTEX_POINT ( 'NONE', #3350 ) ;
#2775 = ORIENTED_EDGE ( 'NONE', *, *, #4094, .T. ) ;
#2776 = EDGE_LOOP ( 'NONE', ( #2843, #24, #1167, #4051 ) ) ;
#2777 = DIRECTION ( 'NONE',  ( 0.000000000000000000, 1.000000000000000000, 0.000000000000000000 ) ) ;
#2778 = CONICAL_SURFACE ( 'NONE', #228, 3.150000000000007017, 0.6510767214444775908 ) ;
#2779 = EDGE_CURVE ( 'NONE', #1238, #1816, #236, .T. ) ;
#2780 = EDGE_CURVE ( 'NONE', #1986, #264, #2612, .T. ) ;
#2781 = ADVANCED_FACE ( 'NONE', ( #2221 ), #3374, .T. ) ;
#2782 = LINE ( 'NONE', #4672, #3132 ) ;
#2783 = CARTESIAN_POINT ( 'NONE',  ( -26.17157287525383325, 0.000000000000000000, -19.99999999999998934 ) ) ;
#2784 = VERTEX_POINT ( 'NONE', #2508 ) ;
#2785 = CARTESIAN_POINT ( 'NONE',  ( 0.000000000000000000, 1.000000000000000000, 10.92364348134761087 ) ) ;
#2786 = DIRECTION ( 'NONE',  ( 0.7071067811865463515, 0.000000000000000000, 0.7071067811865487940 ) ) ;
#2787 = VERTEX_POINT ( 'NONE', #4198 ) ;
#2788 = ADVANCED_FACE ( 'NONE', ( #3077 ), #4535, .F. ) ;
#2789 = ORIENTED_EDGE ( 'NONE', *, *, #685, .F. ) ;
#2790 = CARTESIAN_POINT ( 'NONE',  ( -1.322035550570304718E-15, 13.08000000000000185, -9.677999999999999048 ) ) ;
#2791 = VERTEX_POINT ( 'NONE', #4171 ) ;
#2792 = CARTESIAN_POINT ( 'NONE',  ( -27.00000000000000000, 11.00000000000000000, 0.000000000000000000 ) ) ;
#2793 = DIRECTION ( 'NONE',  ( -0.7071067811865483499, 0.000000000000000000, 0.7071067811865467956 ) ) ;
#2794 = CARTESIAN_POINT ( 'NONE',  ( 1.387778780781445676E-14, 0.000000000000000000, -1.040834085586084257E-14 ) ) ;
#2795 = CIRCLE ( 'NONE', #1686, 1.549999999999997602 ) ;
#2796 = ORIENTED_EDGE ( 'NONE', *, *, #103, .T. ) ;
#2797 = CARTESIAN_POINT ( 'NONE',  ( 27.00000000000000000, 11.00000000000000000, -2.125000000000005773 ) ) ;
#2798 = CARTESIAN_POINT ( 'NONE',  ( -1.507532476101631325, 1.000000000000000000, 4.845923114691229827 ) ) ;
#2799 = CARTESIAN_POINT ( 'NONE',  ( -32.50000000000000000, 13.08000000000000185, 0.000000000000000000 ) ) ;
#2800 = EDGE_LOOP ( 'NONE', ( #4568, #942, #4232, #204 ) ) ;
#2801 = VECTOR ( 'NONE', #1723, 1000.000000000000000 ) ;
#2802 = ORIENTED_EDGE ( 'NONE', *, *, #504, .T. ) ;
#2803 = UNCERTAINTY_MEASURE_WITH_UNIT (LENGTH_MEASURE( 1.000000000000000082E-05 ), #2229, 'distance_accuracy_value', 'NONE');
#2804 = VERTEX_POINT ( 'NONE', #4611 ) ;
#2805 = FACE_BOUND ( 'NONE', #3209, .T. ) ;
#2806 = CARTESIAN_POINT ( 'NONE',  ( 1.387778780781445676E-14, 8.000000000000000000, -5.075000000000010836 ) ) ;
#2807 = DIRECTION ( 'NONE',  ( -0.000000000000000000, 1.000000000000000000, -0.000000000000000000 ) ) ;
#2808 = ORIENTED_EDGE ( 'NONE', *, *, #1113, .T. ) ;
#2809 = EDGE_CURVE ( 'NONE', #4530, #502, #3097, .T. ) ;
#2810 = EDGE_CURVE ( 'NONE', #2509, #3043, #4282, .T. ) ;
#2811 = CYLINDRICAL_SURFACE ( 'NONE', #557, 5.075000000000000178 ) ;
#2812 = AXIS2_PLACEMENT_3D ( 'NONE', #4605, #4233, #2336 ) ;
#2813 = FACE_OUTER_BOUND ( 'NONE', #3484, .T. ) ;
#2814 = ORIENTED_EDGE ( 'NONE', *, *, #1121, .F. ) ;
#2815 = EDGE_CURVE ( 'NONE', #1036, #2058, #1737, .T. ) ;
#2816 = ORIENTED_EDGE ( 'NONE', *, *, #4665, .F. ) ;
#2817 = DIRECTION ( 'NONE',  ( 0.7071067811865486830, 0.000000000000000000, 0.7071067811865464625 ) ) ;
#2818 = EDGE_CURVE ( 'NONE', #989, #3965, #788, .T. ) ;
#2819 = AXIS2_PLACEMENT_3D ( 'NONE', #1342, #2532, #3607 ) ;
#2820 = VERTEX_POINT ( 'NONE', #2678 ) ;
#2821 = CARTESIAN_POINT ( 'NONE',  ( -22.58810389339260993, 1.000000000000000888, 5.789952570093332085 ) ) ;
#2822 = DIRECTION ( 'NONE',  ( 0.000000000000000000, 0.000000000000000000, -1.000000000000000000 ) ) ;
#2823 = VECTOR ( 'NONE', #1557, 1000.000000000000000 ) ;
#2824 = DIRECTION ( 'NONE',  ( 0.000000000000000000, 0.000000000000000000, 1.000000000000000000 ) ) ;
#2825 = CIRCLE ( 'NONE', #682, 7.493000000000000327 ) ;
#2826 = EDGE_LOOP ( 'NONE', ( #3887, #1968, #3512, #1768 ) ) ;
#2827 = DIRECTION ( 'NONE',  ( 1.000000000000000000, 0.000000000000000000, 0.000000000000000000 ) ) ;
#2828 = CIRCLE ( 'NONE', #1954, 5.075000000000000178 ) ;
#2829 = CARTESIAN_POINT ( 'NONE',  ( -34.99999999999999289, 8.000000000000000000, 0.000000000000000000 ) ) ;
#2830 = LINE ( 'NONE', #2483, #2293 ) ;
#2831 = ORIENTED_EDGE ( 'NONE', *, *, #4750, .T. ) ;
#2832 = ORIENTED_EDGE ( 'NONE', *, *, #202, .T. ) ;
#2833 = ADVANCED_FACE ( 'NONE', ( #1205 ), #3799, .F. ) ;
#2834 = VERTEX_POINT ( 'NONE', #2648 ) ;
#2835 = AXIS2_PLACEMENT_3D ( 'NONE', #3251, #2100, #587 ) ;
#2836 = CARTESIAN_POINT ( 'NONE',  ( -7.500000000000043521, 7.961904761904749606, -17.37499999999955591 ) ) ;
#2837 = EDGE_CURVE ( 'NONE', #1386, #3052, #763, .T. ) ;
#2838 = LINE ( 'NONE', #2088, #3300 ) ;
#2839 = VERTEX_POINT ( 'NONE', #2320 ) ;
#2840 = CARTESIAN_POINT ( 'NONE',  ( 13.45007162112024623, 0.000000000000000000, 0.000000000000000000 ) ) ;
#2841 = CYLINDRICAL_SURFACE ( 'NONE', #281, 1.549999999999997602 ) ;
#2842 = ORIENTED_EDGE ( 'NONE', *, *, #4820, .T. ) ;
#2843 = ORIENTED_EDGE ( 'NONE', *, *, #1570, .F. ) ;
#2844 = DIRECTION ( 'NONE',  ( 0.000000000000000000, 1.000000000000000000, -0.000000000000000000 ) ) ;
#2845 = ORIENTED_EDGE ( 'NONE', *, *, #3246, .F. ) ;
#2846 = EDGE_CURVE ( 'NONE', #889, #760, #3424, .T. ) ;
#2847 = EDGE_CURVE ( 'NONE', #1670, #72, #2720, .T. ) ;
#2848 = LINE ( 'NONE', #81, #1653 ) ;
#2849 = PLANE ( 'NONE',  #3551 ) ;
#2850 = ORIENTED_EDGE ( 'NONE', *, *, #3448, .F. ) ;
#2851 = CIRCLE ( 'NONE', #550, 3.650000000000014566 ) ;
#2852 = DIRECTION ( 'NONE',  ( 0.000000000000000000, 1.000000000000000000, 0.000000000000000000 ) ) ;
#2853 = DIRECTION ( 'NONE',  ( 0.000000000000000000, 0.000000000000000000, 1.000000000000000000 ) ) ;
#2854 = FACE_OUTER_BOUND ( 'NONE', #1221, .T. ) ;
#2855 = EDGE_LOOP ( 'NONE', ( #3441, #1595, #1475, #3252, #1352, #325 ) ) ;
#2856 = ORIENTED_EDGE ( 'NONE', *, *, #781, .F. ) ;
#2857 = EDGE_CURVE ( 'NONE', #4451, #3727, #3873, .T. ) ;
#2858 = VECTOR ( 'NONE', #1590, 1000.000000000000000 ) ;
#2859 = VERTEX_POINT ( 'NONE', #4145 ) ;
#2860 = DIRECTION ( 'NONE',  ( -0.000000000000000000, -1.000000000000000000, -0.000000000000000000 ) ) ;
#2861 = CARTESIAN_POINT ( 'NONE',  ( -10.06633144364698573, 1.000000000000000000, 10.06633144364694843 ) ) ;
#2862 = ORIENTED_EDGE ( 'NONE', *, *, #4512, .F. ) ;
#2863 = DIRECTION ( 'NONE',  ( 1.000000000000000000, 0.000000000000000000, 0.000000000000000000 ) ) ;
#2864 = LINE ( 'NONE', #2557, #4573 ) ;
#2865 = ORIENTED_EDGE ( 'NONE', *, *, #256, .F. ) ;
#2866 = ORIENTED_EDGE ( 'NONE', *, *, #960, .F. ) ;
#2867 = CARTESIAN_POINT ( 'NONE',  ( -3.966106651710920858E-15, 13.08000000000000185, 9.678000000000007930 ) ) ;
#2868 = ORIENTED_EDGE ( 'NONE', *, *, #9, .F. ) ;
#2869 = EDGE_CURVE ( 'NONE', #1316, #4678, #1531, .T. ) ;
#2870 = DIRECTION ( 'NONE',  ( -1.000000000000000000, 0.000000000000000000, -0.000000000000000000 ) ) ;
#2871 = DIRECTION ( 'NONE',  ( -0.000000000000000000, -1.000000000000000000, -0.000000000000000000 ) ) ;
#2872 = EDGE_CURVE ( 'NONE', #4200, #211, #2461, .T. ) ;
#2873 = EDGE_CURVE ( 'NONE', #4234, #4472, #126, .T. ) ;
#2874 = DIRECTION ( 'NONE',  ( 0.000000000000000000, 1.000000000000000000, 0.000000000000000000 ) ) ;
#2875 = DIRECTION ( 'NONE',  ( 0.000000000000000000, 0.000000000000000000, -1.000000000000000000 ) ) ;
#2876 = DIRECTION ( 'NONE',  ( -1.365861796562406859E-16, 0.000000000000000000, -1.000000000000000000 ) ) ;
#2877 = ORIENTED_EDGE ( 'NONE', *, *, #3394, .T. ) ;
#2878 = ORIENTED_EDGE ( 'NONE', *, *, #1681, .T. ) ;
#2879 = ORIENTED_EDGE ( 'NONE', *, *, #2263, .F. ) ;
#2880 = CARTESIAN_POINT ( 'NONE',  ( -1.429290575665344898, 1.000000000000000000, 6.484012889203289554 ) ) ;
#2881 = DIRECTION ( 'NONE',  ( 1.000000000000000000, 0.000000000000000000, -5.302618942301485877E-16 ) ) ;
#2882 = AXIS2_PLACEMENT_3D ( 'NONE', #250, #3665, #229 ) ;
#2883 = EDGE_LOOP ( 'NONE', ( #4146, #2400, #3203, #4556 ) ) ;
#2884 = AXIS2_PLACEMENT_3D ( 'NONE', #2792, #537, #3175 ) ;
#2885 = DIRECTION ( 'NONE',  ( 0.000000000000000000, 1.000000000000000000, -0.000000000000000000 ) ) ;
#2886 = AXIS2_PLACEMENT_3D ( 'NONE', #2353, #3005, #4518 ) ;
#2887 = CARTESIAN_POINT ( 'NONE',  ( 0.000000000000000000, 9.400000000000000355, 0.000000000000000000 ) ) ;
#2888 = ORIENTED_EDGE ( 'NONE', *, *, #1018, .F. ) ;
#2889 = EDGE_CURVE ( 'NONE', #4917, #2595, #1559, .T. ) ;
#2890 = ADVANCED_BREP_SHAPE_REPRESENTATION ( 'Twist lock battery part V3', ( #2435, #4088 ), #2421 ) ;
#2891 = ORIENTED_EDGE ( 'NONE', *, *, #3486, .T. ) ;
#2892 = CARTESIAN_POINT ( 'NONE',  ( 0.000000000000000000, -0.000000000000000000, 6.484012889200524654 ) ) ;
#2893 = AXIS2_PLACEMENT_3D ( 'NONE', #2959, #2206, #2987 ) ;
#2894 = ORIENTED_EDGE ( 'NONE', *, *, #455, .T. ) ;
#2895 = FACE_BOUND ( 'NONE', #746, .T. ) ;
#2896 = DIRECTION ( 'NONE',  ( 0.000000000000000000, 0.000000000000000000, -1.000000000000000000 ) ) ;
#2897 = AXIS2_PLACEMENT_3D ( 'NONE', #265, #1783, #3123 ) ;
#2898 = CARTESIAN_POINT ( 'NONE',  ( -28.87152024816777640, 30.02194427534240262, 12.59705897006785058 ) ) ;
#2899 = VECTOR ( 'NONE', #1190, 1000.000000000000000 ) ;
#2900 = VECTOR ( 'NONE', #2627, 1000.000000000000000 ) ;
#2901 = DIRECTION ( 'NONE',  ( 0.000000000000000000, -0.000000000000000000, 1.000000000000000000 ) ) ;
#2902 = LINE ( 'NONE', #4049, #863 ) ;
#2903 = VECTOR ( 'NONE', #2871, 1000.000000000000000 ) ;
#2904 = ORIENTED_EDGE ( 'NONE', *, *, #4242, .F. ) ;
#2905 = ORIENTED_EDGE ( 'NONE', *, *, #3670, .F. ) ;
#2906 = AXIS2_PLACEMENT_3D ( 'NONE', #4118, #1007, #708 ) ;
#2907 = LINE ( 'NONE', #3587, #4566 ) ;
#2908 = EDGE_CURVE ( 'NONE', #3991, #4443, #1483, .T. ) ;
#2909 = EDGE_CURVE ( 'NONE', #2154, #1676, #809, .T. ) ;
#2910 = LINE ( 'NONE', #4075, #1624 ) ;
#2911 = VECTOR ( 'NONE', #789, 1000.000000000000000 ) ;
#2912 = ORIENTED_EDGE ( 'NONE', *, *, #1621, .T. ) ;
#2913 = CYLINDRICAL_SURFACE ( 'NONE', #3764, 21.51210508585769432 ) ;
#2914 = CARTESIAN_POINT ( 'NONE',  ( 4.075000000000000178, 9.400000000000000355, 3.024896692450861124 ) ) ;
#2915 = ORIENTED_EDGE ( 'NONE', *, *, #476, .T. ) ;
#2916 = DIRECTION ( 'NONE',  ( 0.000000000000000000, 0.000000000000000000, 1.000000000000000000 ) ) ;
#2917 = VERTEX_POINT ( 'NONE', #1953 ) ;
#2918 = CARTESIAN_POINT ( 'NONE',  ( -10.06633144364698573, 1.000000000000000000, 10.06633144364694843 ) ) ;
#2919 = VERTEX_POINT ( 'NONE', #3478 ) ;
#2920 = LINE ( 'NONE', #2970, #2053 ) ;
#2921 = LINE ( 'NONE', #1823, #1320 ) ;
#2922 = PLANE ( 'NONE',  #1870 ) ;
#2923 = CARTESIAN_POINT ( 'NONE',  ( 0.000000000000000000, 1.000000000000000000, 1.426954622693663577 ) ) ;
#2924 = DIRECTION ( 'NONE',  ( -0.000000000000000000, -1.000000000000000000, -0.000000000000000000 ) ) ;
#2925 = ORIENTED_EDGE ( 'NONE', *, *, #3312, .F. ) ;
#2926 = ORIENTED_EDGE ( 'NONE', *, *, #1082, .T. ) ;
#2927 = VECTOR ( 'NONE', #1749, 1000.000000000000000 ) ;
#2928 = EDGE_CURVE ( 'NONE', #491, #2154, #3401, .T. ) ;
#2929 = DIRECTION ( 'NONE',  ( 0.000000000000000000, 0.000000000000000000, -1.000000000000000000 ) ) ;
#2930 = AXIS2_PLACEMENT_3D ( 'NONE', #4293, #3527, #1633 ) ;
#2931 = DIRECTION ( 'NONE',  ( 1.000000000000000000, 0.000000000000000000, 0.000000000000000000 ) ) ;
#2932 = VECTOR ( 'NONE', #2316, 1000.000000000000000 ) ;
#2933 = ORIENTED_EDGE ( 'NONE', *, *, #4064, .F. ) ;
#2934 = PLANE ( 'NONE',  #4398 ) ;
#2935 = EDGE_CURVE ( 'NONE', #318, #4617, #2097, .T. ) ;
#2936 = ADVANCED_FACE ( 'NONE', ( #509 ), #4741, .F. ) ;
#2937 = CARTESIAN_POINT ( 'NONE',  ( 0.000000000000000000, 13.08000000000000185, 0.000000000000000000 ) ) ;
#2938 = EDGE_CURVE ( 'NONE', #4456, #1050, #3491, .T. ) ;
#2939 = ORIENTED_EDGE ( 'NONE', *, *, #3476, .F. ) ;
#2940 = DIRECTION ( 'NONE',  ( -1.000000000000000000, 0.000000000000000000, 0.000000000000000000 ) ) ;
#2941 = ORIENTED_EDGE ( 'NONE', *, *, #4859, .F. ) ;
#2942 = DIRECTION ( 'NONE',  ( 0.7351537977934968771, 0.000000000000000000, -0.6779003566821590887 ) ) ;
#2943 = ORIENTED_EDGE ( 'NONE', *, *, #3823, .T. ) ;
#2944 = EDGE_CURVE ( 'NONE', #3059, #1326, #3253, .T. ) ;
#2945 = EDGE_CURVE ( 'NONE', #3151, #1316, #4369, .T. ) ;
#2946 = VERTEX_POINT ( 'NONE', #3949 ) ;
#2947 = FACE_OUTER_BOUND ( 'NONE', #2018, .T. ) ;
#2948 = LINE ( 'NONE', #2149, #3860 ) ;
#2949 = CARTESIAN_POINT ( 'NONE',  ( 7.500000000000007105, 13.08000000000000185, 18.92500000000062244 ) ) ;
#2950 = DIRECTION ( 'NONE',  ( 0.000000000000000000, 0.000000000000000000, 1.000000000000000000 ) ) ;
#2951 = EDGE_CURVE ( 'NONE', #3589, #973, #3974, .T. ) ;
#2952 = DIRECTION ( 'NONE',  ( -0.000000000000000000, -1.000000000000000000, -0.000000000000000000 ) ) ;
#2953 = ORIENTED_EDGE ( 'NONE', *, *, #2857, .T. ) ;
#2954 = ORIENTED_EDGE ( 'NONE', *, *, #1842, .T. ) ;
#2955 = CARTESIAN_POINT ( 'NONE',  ( -27.91949999999998511, 13.08000000000000185, 4.320482791037862640E-14 ) ) ;
#2956 = CARTESIAN_POINT ( 'NONE',  ( -7.500000000000043521, 8.000000000000000000, -17.37499999999955591 ) ) ;
#2957 = AXIS2_PLACEMENT_3D ( 'NONE', #2174, #4440, #4028 ) ;
#2958 = VERTEX_POINT ( 'NONE', #1674 ) ;
#2959 = CARTESIAN_POINT ( 'NONE',  ( 3.832837471391402961E-15, 13.08000000000000185, 15.79900000000000126 ) ) ;
#2960 = CARTESIAN_POINT ( 'NONE',  ( -28.87152024816777640, 4.000000000000000000, 2.425520671255319449 ) ) ;
#2961 = VERTEX_POINT ( 'NONE', #4262 ) ;
#2962 = EDGE_CURVE ( 'NONE', #3820, #2680, #2848, .T. ) ;
#2963 = DIRECTION ( 'NONE',  ( 0.000000000000000000, 0.000000000000000000, 1.000000000000000000 ) ) ;
#2964 = ORIENTED_EDGE ( 'NONE', *, *, #2908, .F. ) ;
#2965 = VECTOR ( 'NONE', #2963, 1000.000000000000000 ) ;
#2966 = DIRECTION ( 'NONE',  ( -0.000000000000000000, -1.000000000000000000, -0.000000000000000000 ) ) ;
#2967 = EDGE_LOOP ( 'NONE', ( #4521, #3192, #1177, #648, #4925 ) ) ;
#2968 = EDGE_CURVE ( 'NONE', #1117, #930, #2851, .T. ) ;
#2969 = ADVANCED_FACE ( 'NONE', ( #3577 ), #4314, .F. ) ;
#2970 = CARTESIAN_POINT ( 'NONE',  ( -13.44309202176727247, 1.000000000000000000, -6.603271165197424963 ) ) ;
#2971 = DIRECTION ( 'NONE',  ( -1.000000000000000000, 0.000000000000000000, -1.136157718137848595E-15 ) ) ;
#2972 = DIRECTION ( 'NONE',  ( 0.000000000000000000, -0.000000000000000000, 1.000000000000000000 ) ) ;
#2973 = VECTOR ( 'NONE', #2757, 1000.000000000000000 ) ;
#2974 = PLANE ( 'NONE',  #2957 ) ;
#2975 = CIRCLE ( 'NONE', #751, 1.999999999999980904 ) ;
#2976 = DIRECTION ( 'NONE',  ( 0.000000000000000000, 1.000000000000000000, -0.000000000000000000 ) ) ;
#2977 = PRODUCT_DEFINITION_FORMATION_WITH_SPECIFIED_SOURCE ( 'Symmetric', '', #2379, .NOT_KNOWN. ) ;
#2978 = FACE_OUTER_BOUND ( 'NONE', #2883, .T. ) ;
#2979 = ORIENTED_EDGE ( 'NONE', *, *, #2665, .F. ) ;
#2980 = AXIS2_PLACEMENT_3D ( 'NONE', #2956, #2156, #3751 ) ;
#2981 = CARTESIAN_POINT ( 'NONE',  ( -15.36655977276631724, 8.000000000000000000, 15.79899999999999771 ) ) ;
#2982 = AXIS2_PLACEMENT_3D ( 'NONE', #3353, #337, #3330 ) ;
#2983 = LINE ( 'NONE', #2181, #3694 ) ;
#2984 = VECTOR ( 'NONE', #4569, 1000.000000000000000 ) ;
#2985 = ORIENTED_EDGE ( 'NONE', *, *, #1688, .T. ) ;
#2986 = AXIS2_PLACEMENT_3D ( 'NONE', #4856, #2503, #4025 ) ;
#2987 = DIRECTION ( 'NONE',  ( -1.000000000000000000, 0.000000000000000000, 2.426000045187291622E-16 ) ) ;
#2988 = CYLINDRICAL_SURFACE ( 'NONE', #4876, 4.075000000000000178 ) ;
#2989 = ORIENTED_EDGE ( 'NONE', *, *, #4548, .T. ) ;
#2990 = DIRECTION ( 'NONE',  ( -0.000000000000000000, -1.000000000000000000, -0.000000000000000000 ) ) ;
#2991 = ORIENTED_EDGE ( 'NONE', *, *, #3078, .F. ) ;
#2992 = CARTESIAN_POINT ( 'NONE',  ( 27.91949999999998511, 11.00000000000000000, -4.320482791037865796E-14 ) ) ;
#2993 = ORIENTED_EDGE ( 'NONE', *, *, #2837, .T. ) ;
#2994 = DIRECTION ( 'NONE',  ( 1.000000000000000000, 0.000000000000000000, -5.680788590689235086E-16 ) ) ;
#2995 = LINE ( 'NONE', #2195, #363 ) ;
#2996 = EDGE_CURVE ( 'NONE', #216, #4723, #2243, .T. ) ;
#2997 = CARTESIAN_POINT ( 'NONE',  ( 27.00000000000000000, 4.999999999999999112, -6.613092715395707467E-15 ) ) ;
#2998 = EDGE_CURVE ( 'NONE', #3439, #2917, #936, .T. ) ;
#2999 = CARTESIAN_POINT ( 'NONE',  ( -27.72963113701302618, 0.000000000000000000, 14.72963113701316118 ) ) ;
#3000 = CARTESIAN_POINT ( 'NONE',  ( 10.77372380368542970, 7.987287814125307861, 15.79899999999999771 ) ) ;
#3001 = VECTOR ( 'NONE', #2940, 1000.000000000000000 ) ;
#3002 = ORIENTED_EDGE ( 'NONE', *, *, #3513, .F. ) ;
#3003 = ORIENTED_EDGE ( 'NONE', *, *, #1568, .F. ) ;
#3004 = CARTESIAN_POINT ( 'NONE',  ( -10.06633144364698573, 1.000000000000000000, 10.06633144364694843 ) ) ;
#3005 = DIRECTION ( 'NONE',  ( 0.000000000000000000, 1.000000000000000000, -0.000000000000000000 ) ) ;
#3006 = CARTESIAN_POINT ( 'NONE',  ( 0.000000000000000000, 1.000000000000000000, -2.190792864359584424 ) ) ;
#3007 = EDGE_CURVE ( 'NONE', #2619, #3356, #1625, .T. ) ;
#3008 = ORIENTED_EDGE ( 'NONE', *, *, #15, .F. ) ;
#3009 = LINE ( 'NONE', #18, #3849 ) ;
#3010 = CARTESIAN_POINT ( 'NONE',  ( 0.000000000000000000, 0.000000000000000000, 0.000000000000000000 ) ) ;
#3011 = VECTOR ( 'NONE', #1337, 1000.000000000000000 ) ;
#3012 = LINE ( 'NONE', #2259, #4266 ) ;
#3013 = VERTEX_POINT ( 'NONE', #2021 ) ;
#3014 = CARTESIAN_POINT ( 'NONE',  ( 13.45007162112024623, 1.000000000000000000, 6.484012889203291330 ) ) ;
#3015 = ORIENTED_EDGE ( 'NONE', *, *, #2731, .F. ) ;
#3016 = FACE_OUTER_BOUND ( 'NONE', #2800, .T. ) ;
#3017 = AXIS2_PLACEMENT_3D ( 'NONE', #4477, #2966, #2593 ) ;
#3018 = ORIENTED_EDGE ( 'NONE', *, *, #1809, .T. ) ;
#3019 = DIRECTION ( 'NONE',  ( 0.000000000000000000, 0.000000000000000000, -1.000000000000000000 ) ) ;
#3020 = DIRECTION ( 'NONE',  ( 0.000000000000000000, -1.000000000000000000, 0.000000000000000000 ) ) ;
#3021 = VECTOR ( 'NONE', #2152, 1000.000000000000000 ) ;
#3022 = DIRECTION ( 'NONE',  ( 0.000000000000000000, 0.000000000000000000, 1.000000000000000000 ) ) ;
#3023 = ORIENTED_EDGE ( 'NONE', *, *, #599, .T. ) ;
#3024 = CARTESIAN_POINT ( 'NONE',  ( -26.61855252713964148, 1.000000000000000000, -7.824260229855703130 ) ) ;
#3025 = DIRECTION ( 'NONE',  ( -0.000000000000000000, -1.000000000000000000, -0.000000000000000000 ) ) ;
#3026 = DIRECTION ( 'NONE',  ( -1.000000000000000000, 0.000000000000000000, -0.000000000000000000 ) ) ;
#3027 = EDGE_CURVE ( 'NONE', #1672, #2763, #2457, .T. ) ;
#3028 = EDGE_CURVE ( 'NONE', #4330, #128, #857, .T. ) ;
#3029 = ORIENTED_EDGE ( 'NONE', *, *, #1902, .F. ) ;
#3030 = LINE ( 'NONE', #3404, #757 ) ;
#3032 = EDGE_CURVE ( 'NONE', #3462, #2355, #563, .T. ) ;
#3031 = DIRECTION ( 'NONE',  ( 0.000000000000000000, -1.000000000000000000, 0.000000000000000000 ) ) ;
#3033 = LINE ( 'NONE', #2753, #3137 ) ;
#3034 = ORIENTED_EDGE ( 'NONE', *, *, #1831, .T. ) ;
#3035 = DIRECTION ( 'NONE',  ( -1.000000000000000000, 0.000000000000000000, 1.622533140642443131E-16 ) ) ;
#3036 =( NAMED_UNIT ( * ) PLANE_ANGLE_UNIT ( ) SI_UNIT ( $, .RADIAN. ) );
#3037 = CARTESIAN_POINT ( 'NONE',  ( 32.19999999998507434, 1.000000000000000000, 10.51234249137529275 ) ) ;
#3038 = VECTOR ( 'NONE', #2526, 1000.000000000000000 ) ;
#3039 = VERTEX_POINT ( 'NONE', #2072 ) ;
#3040 = LINE ( 'NONE', #3014, #3681 ) ;
#3041 = ORIENTED_EDGE ( 'NONE', *, *, #4762, .T. ) ;
#3042 = CARTESIAN_POINT ( 'NONE',  ( 0.000000000000000000, 9.180000000000001492, 0.000000000000000000 ) ) ;
#3043 = VERTEX_POINT ( 'NONE', #1991 ) ;
#3044 = CARTESIAN_POINT ( 'NONE',  ( 19.80090594518341618, 11.00000000000000000, 9.677999999999997272 ) ) ;
#3045 = AXIS2_PLACEMENT_3D ( 'NONE', #3572, #3515, #2817 ) ;
#3046 = CARTESIAN_POINT ( 'NONE',  ( 0.000000000000000000, 8.000000000000000000, 0.000000000000000000 ) ) ;
#3047 = FACE_OUTER_BOUND ( 'NONE', #1434, .T. ) ;
#3048 = VECTOR ( 'NONE', #4718, 1000.000000000000000 ) ;
#3049 = DIRECTION ( 'NONE',  ( -0.000000000000000000, -1.000000000000000000, -0.000000000000000000 ) ) ;
#3050 = DIRECTION ( 'NONE',  ( -0.000000000000000000, 1.000000000000000000, -0.000000000000000000 ) ) ;
#3051 = DIRECTION ( 'NONE',  ( 0.000000000000000000, 0.000000000000000000, 1.000000000000000000 ) ) ;
#3052 = VERTEX_POINT ( 'NONE', #2397 ) ;
#3053 = CIRCLE ( 'NONE', #3296, 22.03950000000000031 ) ;
#3054 = CARTESIAN_POINT ( 'NONE',  ( 13.24895193539232707, 1.000000000000000000, -13.24895193539185811 ) ) ;
#3055 = DIRECTION ( 'NONE',  ( 0.000000000000000000, 0.000000000000000000, 1.000000000000000000 ) ) ;
#3056 = DIRECTION ( 'NONE',  ( 1.000000000000000000, 0.000000000000000000, -1.622533140642443131E-16 ) ) ;
#3057 = VECTOR ( 'NONE', #2709, 1000.000000000000000 ) ;
#3058 = VECTOR ( 'NONE', #3263, 1000.000000000000000 ) ;
#3059 = VERTEX_POINT ( 'NONE', #2430 ) ;
#3060 = FACE_OUTER_BOUND ( 'NONE', #4654, .T. ) ;
#3061 = ADVANCED_FACE ( 'NONE', ( #538 ), #3597, .F. ) ;
#3063 = DIRECTION ( 'NONE',  ( -0.000000000000000000, -1.000000000000000000, -0.000000000000000000 ) ) ;
#3062 = AXIS2_PLACEMENT_3D ( 'NONE', #2771, #1563, #2702 ) ;
#3064 = CARTESIAN_POINT ( 'NONE',  ( 9.492465104891429917, 1.000000000000000000, -4.226833226099152796 ) ) ;
#3065 = VERTEX_POINT ( 'NONE', #4115 ) ;
#3066 = DIRECTION ( 'NONE',  ( 0.000000000000000000, 1.000000000000000000, -0.000000000000000000 ) ) ;
#3067 = VERTEX_POINT ( 'NONE', #3671 ) ;
#3068 = EDGE_CURVE ( 'NONE', #3888, #2466, #2920, .T. ) ;
#3069 = VECTOR ( 'NONE', #3942, 1000.000000000000000 ) ;
#3070 = LINE ( 'NONE', #2271, #3171 ) ;
#3071 = DIRECTION ( 'NONE',  ( 0.000000000000000000, 0.000000000000000000, -1.000000000000000000 ) ) ;
#3072 = EDGE_CURVE ( 'NONE', #4496, #720, #2170, .T. ) ;
#3073 = CIRCLE ( 'NONE', #531, 4.075000000000000178 ) ;
#3074 = CARTESIAN_POINT ( 'NONE',  ( -4.577778022738876018, 8.000000000000000000, -2.190792864359584424 ) ) ;
#3075 = EDGE_LOOP ( 'NONE', ( #4279, #3726, #578, #397, #2979, #2765, #3759, #1669, #4792, #2862, #3611, #1860, #2448, #3554 ) ) ;
#3076 = FACE_OUTER_BOUND ( 'NONE', #95, .T. ) ;
#3077 = FACE_OUTER_BOUND ( 'NONE', #450, .T. ) ;
#3078 = EDGE_CURVE ( 'NONE', #1829, #3928, #2570, .T. ) ;
#3079 = CARTESIAN_POINT ( 'NONE',  ( 0.000000000000000000, 1.000000000000000000, 14.92854154124080956 ) ) ;
#3080 = ORIENTED_EDGE ( 'NONE', *, *, #1045, .T. ) ;
#3081 = DIRECTION ( 'NONE',  ( 0.000000000000000000, 0.000000000000000000, 1.000000000000000000 ) ) ;
#3082 = CARTESIAN_POINT ( 'NONE',  ( 6.166749215642190585, 0.000000000000000000, -1.160122567305999386 ) ) ;
#3083 = DIRECTION ( 'NONE',  ( 0.000000000000000000, 0.000000000000000000, 1.000000000000000000 ) ) ;
#3084 = ORIENTED_EDGE ( 'NONE', *, *, #3584, .F. ) ;
#3085 = DIRECTION ( 'NONE',  ( 0.000000000000000000, 1.000000000000000000, -0.000000000000000000 ) ) ;
#3086 = EDGE_CURVE ( 'NONE', #4500, #987, #4043, .T. ) ;
#3087 = CARTESIAN_POINT ( 'NONE',  ( -7.500000000000043521, 6.399999999999987921, -15.82499999999955875 ) ) ;
#3088 = DIRECTION ( 'NONE',  ( -1.000000000000000000, 0.000000000000000000, -0.000000000000000000 ) ) ;
#3089 = AXIS2_PLACEMENT_3D ( 'NONE', #3693, #3322, #612 ) ;
#3090 = DIRECTION ( 'NONE',  ( 1.000000000000000000, -0.000000000000000000, 0.000000000000000000 ) ) ;
#3091 = ORIENTED_EDGE ( 'NONE', *, *, #253, .T. ) ;
#3092 = DIRECTION ( 'NONE',  ( -0.000000000000000000, -1.000000000000000000, -0.000000000000000000 ) ) ;
#3093 = DIRECTION ( 'NONE',  ( 0.000000000000000000, 0.000000000000000000, 1.000000000000000000 ) ) ;
#3094 = EDGE_CURVE ( 'NONE', #4200, #866, #1449, .T. ) ;
#3095 = VECTOR ( 'NONE', #800, 1000.000000000000000 ) ;
#3096 = LINE ( 'NONE', #3372, #1760 ) ;
#3097 = LINE ( 'NONE', #2347, #3885 ) ;
#3098 = PLANE ( 'NONE',  #3631 ) ;
#3099 = ORIENTED_EDGE ( 'NONE', *, *, #3072, .T. ) ;
#3100 = DIRECTION ( 'NONE',  ( 0.000000000000000000, 1.000000000000000000, 0.000000000000000000 ) ) ;
#3101 = ADVANCED_FACE ( 'NONE', ( #4089 ), #657, .F. ) ;
#3102 = DIRECTION ( 'NONE',  ( 0.000000000000000000, 0.000000000000000000, 1.000000000000000000 ) ) ;
#3103 = DIRECTION ( 'NONE',  ( 0.000000000000000000, 0.000000000000000000, 1.000000000000000000 ) ) ;
#3104 = VERTEX_POINT ( 'NONE', #4811 ) ;
#3105 = DIRECTION ( 'NONE',  ( 0.7071067811865483499, 0.000000000000000000, -0.7071067811865467956 ) ) ;
#3106 = CYLINDRICAL_SURFACE ( 'NONE', #3222, 1.549999999999995826 ) ;
#3107 = DIRECTION ( 'NONE',  ( -0.000000000000000000, 1.000000000000000000, -0.000000000000000000 ) ) ;
#3108 = VERTEX_POINT ( 'NONE', #4435 ) ;
#3109 = CARTESIAN_POINT ( 'NONE',  ( -4.075000000000000178, 9.180000000000001492, 0.000000000000000000 ) ) ;
#3110 = ORIENTED_EDGE ( 'NONE', *, *, #92, .T. ) ;
#3111 = ORIENTED_EDGE ( 'NONE', *, *, #4762, .F. ) ;
#3112 = PLANE ( 'NONE',  #3045 ) ;
#3113 = ADVANCED_FACE ( 'NONE', ( #4855, #2895 ), #1406, .T. ) ;
#3114 = CIRCLE ( 'NONE', #2157, 1.999999999999998224 ) ;
#3115 = EDGE_CURVE ( 'NONE', #264, #4200, #2544, .T. ) ;
#3116 = VERTEX_POINT ( 'NONE', #4388 ) ;
#3117 = DIRECTION ( 'NONE',  ( 0.000000000000000000, 0.000000000000000000, -1.000000000000000000 ) ) ;
#3118 = VECTOR ( 'NONE', #4872, 1000.000000000000000 ) ;
#3119 = CARTESIAN_POINT ( 'NONE',  ( -10.75521653820626078, 7.974589188559713548, -15.79900000000000482 ) ) ;
#3120 = DIRECTION ( 'NONE',  ( 0.000000000000000000, 0.000000000000000000, -1.000000000000000000 ) ) ;
#3121 = ORIENTED_EDGE ( 'NONE', *, *, #4313, .T. ) ;
#3122 = VECTOR ( 'NONE', #3382, 1000.000000000000000 ) ;
#3123 = DIRECTION ( 'NONE',  ( 1.000000000000000000, 0.000000000000000000, -0.000000000000000000 ) ) ;
#3124 = CYLINDRICAL_SURFACE ( 'NONE', #892, 2.124999999999999112 ) ;
#3125 =( LENGTH_UNIT ( ) NAMED_UNIT ( * ) SI_UNIT ( .MILLI., .METRE. ) );
#3126 = ORIENTED_EDGE ( 'NONE', *, *, #1033, .T. ) ;
#3127 = AXIS2_PLACEMENT_3D ( 'NONE', #4800, #3640, #1016 ) ;
#3128 = VERTEX_POINT ( 'NONE', #1726 ) ;
#3129 = EDGE_LOOP ( 'NONE', ( #3185, #2756 ) ) ;
#3130 = CARTESIAN_POINT ( 'NONE',  ( 2.494819145114761216, 1.000000000000000000, 2.494819145114766545 ) ) ;
#3131 = LINE ( 'NONE', #3037, #2502 ) ;
#3132 = VECTOR ( 'NONE', #3932, 999.9999999999998863 ) ;
#3133 = VECTOR ( 'NONE', #1465, 1000.000000000000000 ) ;
#3134 = CARTESIAN_POINT ( 'NONE',  ( -7.500000000000043521, 59.49607912135621035, -17.37499999999955591 ) ) ;
#3135 = ORIENTED_EDGE ( 'NONE', *, *, #2703, .F. ) ;
#3136 = PLANE ( 'NONE',  #4165 ) ;
#3137 = VECTOR ( 'NONE', #738, 1000.000000000000000 ) ;
#3138 = ORIENTED_EDGE ( 'NONE', *, *, #974, .F. ) ;
#3139 = CIRCLE ( 'NONE', #3857, 4.075000000000000178 ) ;
#3140 = AXIS2_PLACEMENT_3D ( 'NONE', #1703, #3301, #658 ) ;
#3141 = ORIENTED_EDGE ( 'NONE', *, *, #4750, .F. ) ;
#3142 = LINE ( 'NONE', #1698, #3917 ) ;
#3143 = AXIS2_PLACEMENT_3D ( 'NONE', #1103, #1055, #2219 ) ;
#3144 = AXIS2_PLACEMENT_3D ( 'NONE', #4559, #4508, #408 ) ;
#3145 = ORIENTED_EDGE ( 'NONE', *, *, #1800, .F. ) ;
#3146 = CARTESIAN_POINT ( 'NONE',  ( -5.941219978984221051, 59.49607912135621035, -20.67540979971867898 ) ) ;
#3147 = DIRECTION ( 'NONE',  ( 0.000000000000000000, 0.000000000000000000, 1.000000000000000000 ) ) ;
#3148 = AXIS2_PLACEMENT_3D ( 'NONE', #4121, #3677, #2222 ) ;
#3149 = CARTESIAN_POINT ( 'NONE',  ( -13.91782825093487830, 0.000000000000000000, 12.59705897006785236 ) ) ;
#3150 = EDGE_CURVE ( 'NONE', #2576, #3108, #4481, .T. ) ;
#3151 = VERTEX_POINT ( 'NONE', #2126 ) ;
#3152 = EDGE_CURVE ( 'NONE', #979, #3559, #2193, .T. ) ;
#3153 = ADVANCED_FACE ( 'NONE', ( #3721 ), #4411, .T. ) ;
#3154 = EDGE_CURVE ( 'NONE', #4443, #1350, #981, .T. ) ;
#3155 = DIRECTION ( 'NONE',  ( -1.547478569114011497E-15, 0.000000000000000000, -1.000000000000000000 ) ) ;
#3156 = LINE ( 'NONE', #3601, #3835 ) ;
#3157 = CARTESIAN_POINT ( 'NONE',  ( -26.61855252713964148, 1.000000000000000000, 0.000000000000000000 ) ) ;
#3158 = ORIENTED_EDGE ( 'NONE', *, *, #2413, .T. ) ;
#3159 = ORIENTED_EDGE ( 'NONE', *, *, #1962, .T. ) ;
#3160 = VERTEX_POINT ( 'NONE', #4833 ) ;
#3161 = CARTESIAN_POINT ( 'NONE',  ( -22.58810389339260993, 1.000000000000000888, 5.789952570093332085 ) ) ;
#3162 = FACE_OUTER_BOUND ( 'NONE', #271, .T. ) ;
#3163 = VECTOR ( 'NONE', #2456, 999.9999999999998863 ) ;
#3164 = DIRECTION ( 'NONE',  ( 0.000000000000000000, 0.000000000000000000, 1.000000000000000000 ) ) ;
#3165 = VERTEX_POINT ( 'NONE', #2596 ) ;
#3166 = CARTESIAN_POINT ( 'NONE',  ( 5.941219978982799965, 59.49607912135621035, 20.67540979971909110 ) ) ;
#3167 = CARTESIAN_POINT ( 'NONE',  ( -10.06633144364698573, -0.000000000000000000, 10.06633144364694843 ) ) ;
#3168 = ORIENTED_EDGE ( 'NONE', *, *, #3225, .T. ) ;
#3169 = EDGE_CURVE ( 'NONE', #987, #3059, #3648, .T. ) ;
#3170 = ORIENTED_EDGE ( 'NONE', *, *, #3476, .T. ) ;
#3171 = VECTOR ( 'NONE', #4507, 1000.000000000000000 ) ;
#3172 = LINE ( 'NONE', #559, #3069 ) ;
#3173 = ORIENTED_EDGE ( 'NONE', *, *, #317, .F. ) ;
#3174 = VECTOR ( 'NONE', #2302, 1000.000000000000000 ) ;
#3175 = DIRECTION ( 'NONE',  ( 0.000000000000000000, 0.000000000000000000, -1.000000000000000000 ) ) ;
#3176 = VECTOR ( 'NONE', #26, 1000.000000000000000 ) ;
#3177 = DIRECTION ( 'NONE',  ( -1.000000000000000000, 0.000000000000000000, -1.165858759961876426E-16 ) ) ;
#3178 = DIRECTION ( 'NONE',  ( -0.000000000000000000, -1.000000000000000000, -0.000000000000000000 ) ) ;
#3179 = ORIENTED_EDGE ( 'NONE', *, *, #4094, .F. ) ;
#3180 = CARTESIAN_POINT ( 'NONE',  ( 34.41421356237312068, 0.000000000000000000, 14.58578643762685267 ) ) ;
#3181 = DIRECTION ( 'NONE',  ( 1.000000000000000000, 0.000000000000000000, -1.622533140642443131E-16 ) ) ;
#3182 = FACE_OUTER_BOUND ( 'NONE', #2776, .T. ) ;
#3183 = ADVANCED_FACE ( 'NONE', ( #2947 ), #2501, .T. ) ;
#3184 = ORIENTED_EDGE ( 'NONE', *, *, #1573, .F. ) ;
#3185 = ORIENTED_EDGE ( 'NONE', *, *, #2749, .T. ) ;
#3186 = ORIENTED_EDGE ( 'NONE', *, *, #2144, .F. ) ;
#3187 = CARTESIAN_POINT ( 'NONE',  ( 0.000000000000000000, 1.000000000000000000, 6.484012889200524654 ) ) ;
#3188 = ADVANCED_FACE ( 'NONE', ( #306 ), #232, .F. ) ;
#3189 = EDGE_CURVE ( 'NONE', #479, #4826, #4140, .T. ) ;
#3190 = LINE ( 'NONE', #2063, #1389 ) ;
#3191 = CARTESIAN_POINT ( 'NONE',  ( 1.387778780781445676E-14, 7.272000000000000242, -1.040834085586084257E-14 ) ) ;
#3192 = ORIENTED_EDGE ( 'NONE', *, *, #2392, .F. ) ;
#3193 = CARTESIAN_POINT ( 'NONE',  ( 1.387778780781445676E-14, 8.000000000000000000, -1.040834085586084257E-14 ) ) ;
#3194 = DIRECTION ( 'NONE',  ( 0.000000000000000000, 1.000000000000000000, -0.000000000000000000 ) ) ;
#3195 = EDGE_LOOP ( 'NONE', ( #3867, #4877 ) ) ;
#3196 = ORIENTED_EDGE ( 'NONE', *, *, #2201, .T. ) ;
#3197 = DIRECTION ( 'NONE',  ( -0.6779003566821590887, 0.000000000000000000, -0.7351537977934966550 ) ) ;
#3198 = ORIENTED_EDGE ( 'NONE', *, *, #4874, .T. ) ;
#3199 = CARTESIAN_POINT ( 'NONE',  ( 0.000000000000000000, 1.000000000000000000, 14.92854154124080956 ) ) ;
#3200 = CARTESIAN_POINT ( 'NONE',  ( 4.940084764552747032, 8.000000000000000000, -1.162405918358124790 ) ) ;
#3201 = CYLINDRICAL_SURFACE ( 'NONE', #4647, 3.599999999999999201 ) ;
#3202 = VECTOR ( 'NONE', #963, 1000.000000000000000 ) ;
#3203 = ORIENTED_EDGE ( 'NONE', *, *, #3625, .T. ) ;
#3204 = DIRECTION ( 'NONE',  ( -1.000000000000000000, 0.000000000000000000, -0.000000000000000000 ) ) ;
#3205 = DIRECTION ( 'NONE',  ( 0.000000000000000000, 0.000000000000000000, -1.000000000000000000 ) ) ;
#3206 = DIRECTION ( 'NONE',  ( 0.000000000000000000, 0.000000000000000000, 1.000000000000000000 ) ) ;
#3207 = ORIENTED_EDGE ( 'NONE', *, *, #2968, .F. ) ;
#3208 = AXIS2_PLACEMENT_3D ( 'NONE', #2734, #4301, #4651 ) ;
#3209 = EDGE_LOOP ( 'NONE', ( #4012, #192 ) ) ;
#3210 = ORIENTED_EDGE ( 'NONE', *, *, #4636, .T. ) ;
#3211 = CARTESIAN_POINT ( 'NONE',  ( 14.60007754174561612, 13.08000000000000185, 15.79899999999999771 ) ) ;
#3212 = DIRECTION ( 'NONE',  ( -0.000000000000000000, -1.000000000000000000, -0.000000000000000000 ) ) ;
#3213 = ORIENTED_EDGE ( 'NONE', *, *, #2847, .T. ) ;
#3214 = CARTESIAN_POINT ( 'NONE',  ( 27.00000000000000000, 11.00000000000000000, -2.125000000000005773 ) ) ;
#3215 = VECTOR ( 'NONE', #1492, 1000.000000000000000 ) ;
#3216 = EDGE_CURVE ( 'NONE', #954, #3067, #4531, .T. ) ;
#3217 = DIRECTION ( 'NONE',  ( 0.7071067811865474617, 0.000000000000000000, -0.7071067811865474617 ) ) ;
#3218 = VERTEX_POINT ( 'NONE', #4903 ) ;
#3219 = CIRCLE ( 'NONE', #4244, 2.000000000000007105 ) ;
#3220 = ORIENTED_EDGE ( 'NONE', *, *, #1245, .T. ) ;
#3221 = FACE_OUTER_BOUND ( 'NONE', #2614, .T. ) ;
#3222 = AXIS2_PLACEMENT_3D ( 'NONE', #3435, #4183, #2284 ) ;
#3223 = AXIS2_PLACEMENT_3D ( 'NONE', #2279, #4148, #734 ) ;
#3224 = ORIENTED_EDGE ( 'NONE', *, *, #3668, .F. ) ;
#3225 = EDGE_CURVE ( 'NONE', #2034, #247, #3369, .T. ) ;
#3226 = DIRECTION ( 'NONE',  ( 0.000000000000000000, 0.000000000000000000, -1.000000000000000000 ) ) ;
#3227 = VECTOR ( 'NONE', #4786, 999.9999999999998863 ) ;
#3228 = CARTESIAN_POINT ( 'NONE',  ( -26.17157287525383325, 0.000000000000000000, -21.99999999999998579 ) ) ;
#3229 = VECTOR ( 'NONE', #1429, 1000.000000000000000 ) ;
#3230 = EDGE_LOOP ( 'NONE', ( #3522, #609, #4354, #2515 ) ) ;
#3231 = CARTESIAN_POINT ( 'NONE',  ( 0.000000000000000000, 4.000000000000000000, 0.000000000000000000 ) ) ;
#3232 = AXIS2_PLACEMENT_3D ( 'NONE', #1727, #883, #937 ) ;
#3233 = DIRECTION ( 'NONE',  ( 0.000000000000000000, 1.000000000000000000, 0.000000000000000000 ) ) ;
#3234 = EDGE_CURVE ( 'NONE', #1914, #2859, #407, .T. ) ;
#3235 = PLANE ( 'NONE',  #4437 ) ;
#3236 = ORIENTED_EDGE ( 'NONE', *, *, #3320, .F. ) ;
#3237 = ORIENTED_EDGE ( 'NONE', *, *, #2889, .T. ) ;
#3238 = ORIENTED_EDGE ( 'NONE', *, *, #1824, .F. ) ;
#3239 = CARTESIAN_POINT ( 'NONE',  ( -4.003840961441642143, 1.000000000000000000, 3.692023660907946869 ) ) ;
#3240 = LINE ( 'NONE', #4326, #674 ) ;
#3241 = ORIENTED_EDGE ( 'NONE', *, *, #3094, .F. ) ;
#3242 = DIRECTION ( 'NONE',  ( 0.000000000000000000, 1.000000000000000000, -0.000000000000000000 ) ) ;
#3243 = DIRECTION ( 'NONE',  ( -0.000000000000000000, -1.000000000000000000, 0.000000000000000000 ) ) ;
#3244 = EDGE_LOOP ( 'NONE', ( #2387, #3709, #1023, #864 ) ) ;
#3245 = ORIENTED_EDGE ( 'NONE', *, *, #1088, .T. ) ;
#3246 = EDGE_CURVE ( 'NONE', #4451, #1699, #3070, .T. ) ;
#3247 = DIRECTION ( 'NONE',  ( -0.000000000000000000, 1.000000000000000000, -0.000000000000000000 ) ) ;
#3248 = EDGE_LOOP ( 'NONE', ( #2521, #3606, #4668, #3241 ) ) ;
#3249 = EDGE_CURVE ( 'NONE', #490, #2154, #3472, .T. ) ;
#3250 = DIRECTION ( 'NONE',  ( 0.000000000000000000, 0.000000000000000000, 1.000000000000000000 ) ) ;
#3251 = CARTESIAN_POINT ( 'NONE',  ( 27.00000000000000000, 4.999999999999999112, -6.613092715395707467E-15 ) ) ;
#3252 = ORIENTED_EDGE ( 'NONE', *, *, #3307, .F. ) ;
#3253 = CIRCLE ( 'NONE', #4364, 2.000000000000001776 ) ;
#3254 = CIRCLE ( 'NONE', #1261, 21.51210508585769432 ) ;
#3255 = LINE ( 'NONE', #4001, #3227 ) ;
#3256 = CARTESIAN_POINT ( 'NONE',  ( 7.500000000000007105, 6.399999999999987033, 17.37500000000062172 ) ) ;
#3257 = CARTESIAN_POINT ( 'NONE',  ( -7.500000000000043521, 13.08000000000000185, -18.92499999999955662 ) ) ;
#3258 = ORIENTED_EDGE ( 'NONE', *, *, #259, .T. ) ;
#3259 = ORIENTED_EDGE ( 'NONE', *, *, #2718, .T. ) ;
#3260 = AXIS2_PLACEMENT_3D ( 'NONE', #4875, #1148, #4136 ) ;
#3261 = EDGE_LOOP ( 'NONE', ( #2528, #145, #1287, #1932 ) ) ;
#3262 = EDGE_CURVE ( 'NONE', #443, #4606, #4558, .T. ) ;
#3263 = DIRECTION ( 'NONE',  ( -0.000000000000000000, -1.000000000000000000, -0.000000000000000000 ) ) ;
#3264 = LINE ( 'NONE', #1268, #1859 ) ;
#3265 = VERTEX_POINT ( 'NONE', #1123 ) ;
#3266 = PLANE ( 'NONE',  #1775 ) ;
#3267 = CARTESIAN_POINT ( 'NONE',  ( 1.497996992704707624E-14, 8.000000000000000000, -9.000000000000008882 ) ) ;
#3268 = EDGE_CURVE ( 'NONE', #3272, #2460, #726, .T. ) ;
#3269 = VERTEX_POINT ( 'NONE', #2237 ) ;
#3270 = ORIENTED_EDGE ( 'NONE', *, *, #428, .F. ) ;
#3271 = CARTESIAN_POINT ( 'NONE',  ( -34.41421356237309936, 0.000000000000000000, -14.58578643762685445 ) ) ;
#3272 = VERTEX_POINT ( 'NONE', #2641 ) ;
#3273 = ADVANCED_FACE ( 'NONE', ( #1898 ), #3840, .F. ) ;
#3274 = CARTESIAN_POINT ( 'NONE',  ( 0.000000000000000000, 59.49607912135621035, 0.000000000000000000 ) ) ;
#3275 = FACE_OUTER_BOUND ( 'NONE', #2454, .T. ) ;
#3276 = EDGE_CURVE ( 'NONE', #4260, #3462, #1178, .T. ) ;
#3277 = PLANE ( 'NONE',  #2511 ) ;
#3278 = ADVANCED_FACE ( 'NONE', ( #430 ), #1553, .F. ) ;
#3279 = DIRECTION ( 'NONE',  ( 0.000000000000000000, 1.000000000000000000, -0.000000000000000000 ) ) ;
#3280 = AXIS2_PLACEMENT_3D ( 'NONE', #213, #1730, #4391 ) ;
#3281 = LINE ( 'NONE', #287, #1274 ) ;
#3282 = ORIENTED_EDGE ( 'NONE', *, *, #3320, .T. ) ;
#3283 = VERTEX_POINT ( 'NONE', #1846 ) ;
#3284 = LINE ( 'NONE', #1390, #1312 ) ;
#3285 = LINE ( 'NONE', #4797, #198 ) ;
#3286 = CIRCLE ( 'NONE', #25, 3.149999999999989697 ) ;
#3287 = ORIENTED_EDGE ( 'NONE', *, *, #2017, .F. ) ;
#3288 = VECTOR ( 'NONE', #856, 1000.000000000000000 ) ;
#3289 = CARTESIAN_POINT ( 'NONE',  ( 14.60007754174561612, 8.000000000000000000, -15.79899999999999416 ) ) ;
#3290 = AXIS2_PLACEMENT_3D ( 'NONE', #1189, #3405, #1210 ) ;
#3291 = LINE ( 'NONE', #2495, #1546 ) ;
#3292 = ORIENTED_EDGE ( 'NONE', *, *, #1835, .T. ) ;
#3293 = LINE ( 'NONE', #1764, #736 ) ;
#3294 = VERTEX_POINT ( 'NONE', #2715 ) ;
#3295 = CARTESIAN_POINT ( 'NONE',  ( 5.598699532354529218, 1.000000000000000888, -1.776148031650334636 ) ) ;
#3296 = AXIS2_PLACEMENT_3D ( 'NONE', #4382, #2885, #4401 ) ;
#3297 = VERTEX_POINT ( 'NONE', #3794 ) ;
#3298 = MECHANICAL_DESIGN_GEOMETRIC_PRESENTATION_REPRESENTATION (  '', ( #3773 ), #597 ) ;
#3299 = DIRECTION ( 'NONE',  ( -0.000000000000000000, -1.000000000000000000, -0.000000000000000000 ) ) ;
#3300 = VECTOR ( 'NONE', #4358, 1000.000000000000000 ) ;
#3301 = DIRECTION ( 'NONE',  ( -0.000000000000000000, -1.000000000000000000, -0.000000000000000000 ) ) ;
#3302 = PLANE ( 'NONE',  #4251 ) ;
#3303 = AXIS2_PLACEMENT_3D ( 'NONE', #3503, #4291, #2325 ) ;
#3304 = DIRECTION ( 'NONE',  ( 0.000000000000000000, 1.000000000000000000, 0.000000000000000000 ) ) ;
#3305 = DIRECTION ( 'NONE',  ( 0.000000000000000000, 0.000000000000000000, -1.000000000000000000 ) ) ;
#3306 = EDGE_LOOP ( 'NONE', ( #2278, #3905 ) ) ;
#3307 = EDGE_CURVE ( 'NONE', #1986, #3269, #3765, .T. ) ;
#3308 = VERTEX_POINT ( 'NONE', #1200 ) ;
#3309 = CARTESIAN_POINT ( 'NONE',  ( 9.344217704628091425, 30.02194427534240262, -5.266477053725039603 ) ) ;
#3310 = CIRCLE ( 'NONE', #2344, 1.549999999999999378 ) ;
#3311 = CARTESIAN_POINT ( 'NONE',  ( -15.87191748957736337, 1.000000000000000000, -2.190792864359584424 ) ) ;
#3312 = EDGE_CURVE ( 'NONE', #3982, #2839, #2, .T. ) ;
#3313 = ORIENTED_EDGE ( 'NONE', *, *, #4841, .F. ) ;
#3314 = CARTESIAN_POINT ( 'NONE',  ( -32.99999999999998579, 13.08000000000000185, -13.17157287525376397 ) ) ;
#3315 = CARTESIAN_POINT ( 'NONE',  ( 15.36655977276631191, 13.08000000000000185, -15.79900000000000482 ) ) ;
#3316 = ORIENTED_EDGE ( 'NONE', *, *, #403, .T. ) ;
#3317 = DIRECTION ( 'NONE',  ( 0.000000000000000000, 0.000000000000000000, -1.000000000000000000 ) ) ;
#3318 = ORIENTED_EDGE ( 'NONE', *, *, #2810, .T. ) ;
#3319 = PLANE ( 'NONE',  #3443 ) ;
#3320 = EDGE_CURVE ( 'NONE', #4310, #2395, #782, .T. ) ;
#3321 = ORIENTED_EDGE ( 'NONE', *, *, #2547, .T. ) ;
#3322 = DIRECTION ( 'NONE',  ( 0.000000000000000000, -1.000000000000000000, 0.000000000000000000 ) ) ;
#3323 = DIRECTION ( 'NONE',  ( 0.000000000000000000, 0.000000000000000000, 1.000000000000000000 ) ) ;
#3324 = CARTESIAN_POINT ( 'NONE',  ( 15.36655977276631191, 8.000000000000000000, -15.79900000000000482 ) ) ;
#3325 = CARTESIAN_POINT ( 'NONE',  ( -27.58578643762683313, 13.08000000000000185, 21.41421356237311002 ) ) ;
#3326 = DIRECTION ( 'NONE',  ( 0.000000000000000000, 0.000000000000000000, -1.000000000000000000 ) ) ;
#3327 = DIRECTION ( 'NONE',  ( 0.000000000000000000, 0.000000000000000000, -1.000000000000000000 ) ) ;
#3328 = EDGE_LOOP ( 'NONE', ( #4604, #3962, #1367, #2743 ) ) ;
#3329 = VECTOR ( 'NONE', #3395, 1000.000000000000000 ) ;
#3330 = DIRECTION ( 'NONE',  ( 0.000000000000000000, 0.000000000000000000, -1.000000000000000000 ) ) ;
#3331 = EDGE_CURVE ( 'NONE', #1326, #1620, #4192, .T. ) ;
#3332 = ADVANCED_FACE ( 'NONE', ( #3816 ), #1923, .F. ) ;
#3333 = CARTESIAN_POINT ( 'NONE',  ( 1.387778780781445676E-14, 0.000000000000000000, -1.040834085586084257E-14 ) ) ;
#3334 = VECTOR ( 'NONE', #1874, 1000.000000000000000 ) ;
#3335 = ORIENTED_EDGE ( 'NONE', *, *, #4785, .T. ) ;
#3336 = ADVANCED_FACE ( 'NONE', ( #3392 ), #2690, .T. ) ;
#3337 = LINE ( 'NONE', #3433, #4721 ) ;
#3338 = DIRECTION ( 'NONE',  ( 0.6779003566821590887, 0.000000000000000000, 0.7351537977934966550 ) ) ;
#3339 = FACE_OUTER_BOUND ( 'NONE', #4849, .T. ) ;
#3340 = EDGE_LOOP ( 'NONE', ( #2146, #2102, #2878, #1697 ) ) ;
#3341 = DIRECTION ( 'NONE',  ( 0.000000000000000000, 0.000000000000000000, 1.000000000000000000 ) ) ;
#3342 = ORIENTED_EDGE ( 'NONE', *, *, #4104, .T. ) ;
#3343 = CARTESIAN_POINT ( 'NONE',  ( -2.643762093426196272E-15, 11.00000000000000000, -9.678000000000006153 ) ) ;
#3344 = VERTEX_POINT ( 'NONE', #1843 ) ;
#3345 = DIRECTION ( 'NONE',  ( 0.000000000000000000, 0.000000000000000000, 1.000000000000000000 ) ) ;
#3346 = CYLINDRICAL_SURFACE ( 'NONE', #2986, 3.650000000000014566 ) ;
#3347 = CARTESIAN_POINT ( 'NONE',  ( -24.50000000000009948, 8.000000000000000000, -24.49999999999992539 ) ) ;
#3348 = EDGE_CURVE ( 'NONE', #670, #2774, #1743, .T. ) ;
#3349 = DIRECTION ( 'NONE',  ( 1.000000000000000000, 0.000000000000000000, -0.000000000000000000 ) ) ;
#3350 = CARTESIAN_POINT ( 'NONE',  ( 4.075000000000000178, 9.180000000000001492, 3.024896692450861124 ) ) ;
#3351 = ORIENTED_EDGE ( 'NONE', *, *, #1108, .F. ) ;
#3352 = ORIENTED_EDGE ( 'NONE', *, *, #470, .T. ) ;
#3353 = CARTESIAN_POINT ( 'NONE',  ( 0.000000000000000000, 11.00000000000000000, 0.000000000000000000 ) ) ;
#3354 = CARTESIAN_POINT ( 'NONE',  ( 28.63679244127212442, 1.000000000000000888, 6.484012889200522878 ) ) ;
#3355 = CIRCLE ( 'NONE', #4307, 7.493000000000000327 ) ;
#3356 = VERTEX_POINT ( 'NONE', #4853 ) ;
#3357 = CARTESIAN_POINT ( 'NONE',  ( -27.72963113701302618, 0.000000000000000000, 13.17963113701316402 ) ) ;
#3358 = DIRECTION ( 'NONE',  ( 0.000000000000000000, 1.000000000000000000, -0.000000000000000000 ) ) ;
#3359 = AXIS2_PLACEMENT_3D ( 'NONE', #4850, #4829, #2190 ) ;
#3360 = FACE_OUTER_BOUND ( 'NONE', #3244, .T. ) ;
#3361 = ORIENTED_EDGE ( 'NONE', *, *, #2086, .T. ) ;
#3362 = ADVANCED_FACE ( 'NONE', ( #4529 ), #1120, .T. ) ;
#3363 = DIRECTION ( 'NONE',  ( 0.000000000000000000, 1.000000000000000000, 0.000000000000000000 ) ) ;
#3364 = ADVANCED_FACE ( 'NONE', ( #4555 ), #4212, .F. ) ;
#3365 = VERTEX_POINT ( 'NONE', #4586 ) ;
#3366 = AXIS2_PLACEMENT_3D ( 'NONE', #2783, #926, #4329 ) ;
#3367 = DIRECTION ( 'NONE',  ( -0.000000000000000000, -1.000000000000000000, -0.000000000000000000 ) ) ;
#3368 = VERTEX_POINT ( 'NONE', #326 ) ;
#3369 = LINE ( 'NONE', #1948, #946 ) ;
#3370 = DIRECTION ( 'NONE',  ( -0.000000000000000000, -1.000000000000000000, 0.000000000000000000 ) ) ;
#3371 = FACE_OUTER_BOUND ( 'NONE', #4691, .T. ) ;
#3372 = CARTESIAN_POINT ( 'NONE',  ( -0.6044250350428709284, 1.000000000000000000, 10.92364348134761087 ) ) ;
#3373 = VECTOR ( 'NONE', #3387, 1000.000000000000000 ) ;
#3374 = PLANE ( 'NONE',  #467 ) ;
#3375 = ORIENTED_EDGE ( 'NONE', *, *, #2857, .F. ) ;
#3376 = ORIENTED_EDGE ( 'NONE', *, *, #4688, .T. ) ;
#3377 = CIRCLE ( 'NONE', #3541, 5.075000000000000178 ) ;
#3378 = DIRECTION ( 'NONE',  ( 0.000000000000000000, 0.000000000000000000, 1.000000000000000000 ) ) ;
#3379 = AXIS2_PLACEMENT_3D ( 'NONE', #3832, #2356, #1192 ) ;
#3380 = EDGE_CURVE ( 'NONE', #1066, #4496, #4926, .T. ) ;
#3381 = AXIS2_PLACEMENT_3D ( 'NONE', #2571, #3370, #2545 ) ;
#3382 = DIRECTION ( 'NONE',  ( 0.000000000000000000, 0.000000000000000000, -1.000000000000000000 ) ) ;
#3383 = LINE ( 'NONE', #1857, #1945 ) ;
#3384 = ORIENTED_EDGE ( 'NONE', *, *, #3796, .F. ) ;
#3385 = LINE ( 'NONE', #4895, #3215 ) ;
#3386 =( LENGTH_UNIT ( ) NAMED_UNIT ( * ) SI_UNIT ( .MILLI., .METRE. ) );
#3387 = DIRECTION ( 'NONE',  ( 1.000000000000000000, 0.000000000000000000, 0.000000000000000000 ) ) ;
#3388 = CIRCLE ( 'NONE', #1797, 2.124999999999999112 ) ;
#3389 = EDGE_LOOP ( 'NONE', ( #4000, #4406, #4316, #2442 ) ) ;
#3390 = DIRECTION ( 'NONE',  ( -0.000000000000000000, -1.000000000000000000, -0.000000000000000000 ) ) ;
#3391 = VERTEX_POINT ( 'NONE', #2267 ) ;
#3392 = FACE_OUTER_BOUND ( 'NONE', #5, .T. ) ;
#3393 = VERTEX_POINT ( 'NONE', #2639 ) ;
#3394 = EDGE_CURVE ( 'NONE', #673, #2626, #1549, .T. ) ;
#3395 = DIRECTION ( 'NONE',  ( 0.7351537977934967660, 0.000000000000000000, -0.6779003566821590887 ) ) ;
#3396 = PLANE ( 'NONE',  #839 ) ;
#3397 = CARTESIAN_POINT ( 'NONE',  ( 15.21892165200938152, 13.08000000000000185, 9.677999999999999048 ) ) ;
#3398 = ORIENTED_EDGE ( 'NONE', *, *, #3276, .T. ) ;
#3399 = ADVANCED_FACE ( 'NONE', ( #2213 ), #2235, .F. ) ;
#3400 = DIRECTION ( 'NONE',  ( -0.000000000000000000, -1.000000000000000000, -0.000000000000000000 ) ) ;
#3401 = LINE ( 'NONE', #3997, #3570 ) ;
#3402 = CARTESIAN_POINT ( 'NONE',  ( 0.000000000000000000, 13.08000000000000185, 0.000000000000000000 ) ) ;
#3403 = EDGE_LOOP ( 'NONE', ( #1806, #2939, #3376, #2879 ) ) ;
#3404 = CARTESIAN_POINT ( 'NONE',  ( 9.344217704628091425, 0.000000000000000000, -5.266477053725039603 ) ) ;
#3405 = DIRECTION ( 'NONE',  ( -0.000000000000000000, -1.000000000000000000, 0.000000000000000000 ) ) ;
#3406 = ADVANCED_FACE ( 'NONE', ( #3717 ), #1523, .F. ) ;
#3407 = ORIENTED_EDGE ( 'NONE', *, *, #2050, .F. ) ;
#3408 = FACE_OUTER_BOUND ( 'NONE', #1548, .T. ) ;
#3409 = CARTESIAN_POINT ( 'NONE',  ( -27.72963113701302618, 10.98000000000000753, 16.27963113701315834 ) ) ;
#3410 = AXIS2_PLACEMENT_3D ( 'NONE', #4861, #2976, #4489 ) ;
#3411 = DIRECTION ( 'NONE',  ( 0.000000000000000000, 0.000000000000000000, -1.000000000000000000 ) ) ;
#3412 = VERTEX_POINT ( 'NONE', #2668 ) ;
#3413 = CARTESIAN_POINT ( 'NONE',  ( 13.45007162112024623, 0.000000000000000000, 0.000000000000000000 ) ) ;
#3414 = ORIENTED_EDGE ( 'NONE', *, *, #381, .F. ) ;
#3415 = DIRECTION ( 'NONE',  ( -0.7071067811865512365, 0.000000000000000000, -0.7071067811865439090 ) ) ;
#3416 = EDGE_LOOP ( 'NONE', ( #4744, #1951, #150 ) ) ;
#3417 = DIRECTION ( 'NONE',  ( 0.000000000000000000, -1.000000000000000000, 0.000000000000000000 ) ) ;
#3418 = DIRECTION ( 'NONE',  ( 0.000000000000000000, 1.000000000000000000, -0.000000000000000000 ) ) ;
#3419 = AXIS2_PLACEMENT_3D ( 'NONE', #887, #4375, #3206 ) ;
#3420 = DIRECTION ( 'NONE',  ( 0.000000000000000000, 0.000000000000000000, 1.000000000000000000 ) ) ;
#3421 = VERTEX_POINT ( 'NONE', #4190 ) ;
#3422 = ADVANCED_FACE ( 'NONE', ( #3016 ), #1921, .T. ) ;
#3423 = DIRECTION ( 'NONE',  ( 0.000000000000000000, 1.000000000000000000, 0.000000000000000000 ) ) ;
#3424 = LINE ( 'NONE', #412, #3174 ) ;
#3425 = EDGE_CURVE ( 'NONE', #4716, #1207, #3790, .T. ) ;
#3426 = FACE_OUTER_BOUND ( 'NONE', #3891, .T. ) ;
#3427 = ORIENTED_EDGE ( 'NONE', *, *, #4820, .F. ) ;
#3428 = LINE ( 'NONE', #1162, #753 ) ;
#3429 = EDGE_CURVE ( 'NONE', #502, #2592, #404, .T. ) ;
#3430 = LINE ( 'NONE', #1935, #3122 ) ;
#3431 = CARTESIAN_POINT ( 'NONE',  ( 0.000000000000000000, 9.400000000000000355, -4.075000000000000178 ) ) ;
#3432 = ORIENTED_EDGE ( 'NONE', *, *, #4486, .F. ) ;
#3433 = CARTESIAN_POINT ( 'NONE',  ( -28.87152024816777640, 30.02194427534240262, -7.824260229855703130 ) ) ;
#3434 = EDGE_CURVE ( 'NONE', #1044, #3592, #3440, .T. ) ;
#3435 = CARTESIAN_POINT ( 'NONE',  ( 27.72963113701214510, 13.08000000000000185, -14.72963113701126403 ) ) ;
#3436 = AXIS2_PLACEMENT_3D ( 'NONE', #2923, #2901, #3349 ) ;
#3437 = ORIENTED_EDGE ( 'NONE', *, *, #4577, .F. ) ;
#3438 = CARTESIAN_POINT ( 'NONE',  ( -10.17474217587950314, 8.000000000000000000, -14.89140295285769255 ) ) ;
#3439 = VERTEX_POINT ( 'NONE', #724 ) ;
#3440 = LINE ( 'NONE', #2992, #3176 ) ;
#3441 = ORIENTED_EDGE ( 'NONE', *, *, #2872, .T. ) ;
#3442 = CARTESIAN_POINT ( 'NONE',  ( 4.224234396036524191E-15, 13.08000000000000185, 7.436000000000015042 ) ) ;
#3443 = AXIS2_PLACEMENT_3D ( 'NONE', #2867, #977, #2520 ) ;
#3444 = DIRECTION ( 'NONE',  ( 1.663433470114739878E-15, 0.000000000000000000, 1.000000000000000000 ) ) ;
#3445 = DIRECTION ( 'NONE',  ( 0.000000000000000000, 0.000000000000000000, -1.000000000000000000 ) ) ;
#3446 = ORIENTED_EDGE ( 'NONE', *, *, #2740, .T. ) ;
#3447 = CARTESIAN_POINT ( 'NONE',  ( -14.34271031720058609, 1.000000000000000000, 5.789952570093332085 ) ) ;
#3448 = EDGE_CURVE ( 'NONE', #1628, #1516, #471, .T. ) ;
#3449 = DIRECTION ( 'NONE',  ( 0.000000000000000000, 0.000000000000000000, 1.000000000000000000 ) ) ;
#3450 = LINE ( 'NONE', #4567, #1003 ) ;
#3451 = ORIENTED_EDGE ( 'NONE', *, *, #3152, .F. ) ;
#3452 = CIRCLE ( 'NONE', #744, 5.075000000000016165 ) ;
#3453 = CARTESIAN_POINT ( 'NONE',  ( 19.80090594518341618, 11.00000000000000000, 9.677999999999997272 ) ) ;
#3454 = EDGE_CURVE ( 'NONE', #949, #386, #1820, .T. ) ;
#3455 = VECTOR ( 'NONE', #3338, 1000.000000000000114 ) ;
#3456 = CARTESIAN_POINT ( 'NONE',  ( 22.69035466658174371, 30.02194427534240262, -7.354804616064358314 ) ) ;
#3457 = EDGE_CURVE ( 'NONE', #995, #72, #1819, .T. ) ;
#3458 = SURFACE_SIDE_STYLE ('',( #1913 ) ) ;
#3459 = EDGE_CURVE ( 'NONE', #2067, #1117, #528, .T. ) ;
#3460 = VECTOR ( 'NONE', #1143, 1000.000000000000000 ) ;
#3461 = CIRCLE ( 'NONE', #1229, 9.000000000000000000 ) ;
#3462 = VERTEX_POINT ( 'NONE', #898 ) ;
#3463 = LINE ( 'NONE', #2329, #4803 ) ;
#3464 = APPLICATION_PROTOCOL_DEFINITION ( 'draft international standard', 'automotive_design', 1998, #4356 ) ;
#3465 = EDGE_CURVE ( 'NONE', #4453, #2183, #1026, .T. ) ;
#3467 = CARTESIAN_POINT ( 'NONE',  ( -27.00000000000000000, 4.999999999999999112, 0.000000000000000000 ) ) ;
#3466 = AXIS2_PLACEMENT_3D ( 'NONE', #2505, #2874, #1380 ) ;
#3468 = CARTESIAN_POINT ( 'NONE',  ( -28.87152024816777640, 30.02194427534240262, 12.59705897006785058 ) ) ;
#3469 = ORIENTED_EDGE ( 'NONE', *, *, #3829, .F. ) ;
#3470 = DIRECTION ( 'NONE',  ( 0.000000000000000000, 0.000000000000000000, 1.000000000000000000 ) ) ;
#3471 = ORIENTED_EDGE ( 'NONE', *, *, #4697, .T. ) ;
#3472 = LINE ( 'NONE', #1576, #2059 ) ;
#3473 = CARTESIAN_POINT ( 'NONE',  ( 14.70593854515039745, 1.000000000000000000, 1.426954622693663355 ) ) ;
#3474 = AXIS2_PLACEMENT_3D ( 'NONE', #3626, #2372, #2824 ) ;
#3475 = EDGE_CURVE ( 'NONE', #2541, #4851, #1196, .T. ) ;
#3476 = EDGE_CURVE ( 'NONE', #4537, #3116, #1944, .T. ) ;
#3477 = LINE ( 'NONE', #2244, #4230 ) ;
#3478 = CARTESIAN_POINT ( 'NONE',  ( -26.17157287525377640, 0.000000000000000000, 22.00000000000000711 ) ) ;
#3479 = LINE ( 'NONE', #437, #767 ) ;
#3480 = ORIENTED_EDGE ( 'NONE', *, *, #3796, .T. ) ;
#3481 = CARTESIAN_POINT ( 'NONE',  ( -7.500000000000043521, 13.08000000000000185, -21.02499999999957225 ) ) ;
#3482 = CARTESIAN_POINT ( 'NONE',  ( -10.14688984225888468, 7.974600110889997318, -14.91040479332960444 ) ) ;
#3483 = CARTESIAN_POINT ( 'NONE',  ( -3.984034407287601538E-16, 1.000000000000000000, -2.455441006098723289 ) ) ;
#3484 = EDGE_LOOP ( 'NONE', ( #2796, #2991, #2814, #3740 ) ) ;
#3485 = DIRECTION ( 'NONE',  ( -1.000000000000000000, 0.000000000000000000, 0.000000000000000000 ) ) ;
#3486 = EDGE_CURVE ( 'NONE', #4851, #2164, #1271, .T. ) ;
#3487 = FACE_OUTER_BOUND ( 'NONE', #2519, .T. ) ;
#3488 = ADVANCED_FACE ( 'NONE', ( #2008 ), #477, .F. ) ;
#3489 = CARTESIAN_POINT ( 'NONE',  ( 0.000000000000000000, 8.000000000000000000, 0.000000000000000000 ) ) ;
#3490 = ORIENTED_EDGE ( 'NONE', *, *, #656, .T. ) ;
#3491 = CIRCLE ( 'NONE', #2288, 1.549999999999999378 ) ;
#3492 = ADVANCED_FACE ( 'NONE', ( #426 ), #2811, .F. ) ;
#3493 = DIRECTION ( 'NONE',  ( 0.000000000000000000, 1.000000000000000000, -0.000000000000000000 ) ) ;
#3494 = ORIENTED_EDGE ( 'NONE', *, *, #2752, .T. ) ;
#3495 = EDGE_LOOP ( 'NONE', ( #518, #3236, #227, #2260, #291, #2842 ) ) ;
#3496 = DIRECTION ( 'NONE',  ( -0.000000000000000000, 1.000000000000000000, -0.000000000000000000 ) ) ;
#3497 = AXIS2_PLACEMENT_3D ( 'NONE', #3762, #350, #302 ) ;
#3498 = ORIENTED_EDGE ( 'NONE', *, *, #1659, .T. ) ;
#3499 = CARTESIAN_POINT ( 'NONE',  ( -34.41421356237307805, 8.000000000000000000, 14.58578643762691129 ) ) ;
#3500 = CARTESIAN_POINT ( 'NONE',  ( 0.000000000000000000, 8.000000000000000000, 0.000000000000000000 ) ) ;
#3501 = DIRECTION ( 'NONE',  ( -1.000000000000000000, 0.000000000000000000, -0.000000000000000000 ) ) ;
#3502 = ORIENTED_EDGE ( 'NONE', *, *, #405, .T. ) ;
#3503 = CARTESIAN_POINT ( 'NONE',  ( -7.559443226583371275E-16, 1.000000000000000000, 6.484012889203289554 ) ) ;
#3504 = LINE ( 'NONE', #3581, #2554 ) ;
#3505 = CARTESIAN_POINT ( 'NONE',  ( -7.500000000000043521, 13.08000000000000185, -17.37499999999955591 ) ) ;
#3506 = ORIENTED_EDGE ( 'NONE', *, *, #2459, .T. ) ;
#3507 = FACE_OUTER_BOUND ( 'NONE', #419, .T. ) ;
#3508 = CARTESIAN_POINT ( 'NONE',  ( 5.941219978982799965, 13.08000000000000185, 20.67540979971909110 ) ) ;
#3509 = CARTESIAN_POINT ( 'NONE',  ( 35.00000000000001421, 13.08000000000000185, -13.17157287525383325 ) ) ;
#3510 = ORIENTED_EDGE ( 'NONE', *, *, #3225, .F. ) ;
#3511 = DIRECTION ( 'NONE',  ( 0.000000000000000000, -1.000000000000000000, 0.000000000000000000 ) ) ;
#3512 = ORIENTED_EDGE ( 'NONE', *, *, #49, .T. ) ;
#3513 = EDGE_CURVE ( 'NONE', #3733, #575, #1219, .T. ) ;
#3514 = ORIENTED_EDGE ( 'NONE', *, *, #4421, .F. ) ;
#3515 = DIRECTION ( 'NONE',  ( -0.7071067811865464625, 0.000000000000000000, 0.7071067811865486830 ) ) ;
#3516 = ORIENTED_EDGE ( 'NONE', *, *, #3454, .F. ) ;
#3517 = DIRECTION ( 'NONE',  ( 9.741229098780728292E-17, 0.6060432152628563163, -0.7954317200324985127 ) ) ;
#3518 = AXIS2_PLACEMENT_3D ( 'NONE', #4452, #2163, #4108 ) ;
#3519 = DIRECTION ( 'NONE',  ( -0.000000000000000000, 1.000000000000000000, -0.000000000000000000 ) ) ;
#3520 = DIRECTION ( 'NONE',  ( -1.000000000000000000, 0.000000000000000000, -0.000000000000000000 ) ) ;
#3521 = AXIS2_PLACEMENT_3D ( 'NONE', #908, #3892, #3948 ) ;
#3522 = ORIENTED_EDGE ( 'NONE', *, *, #2945, .F. ) ;
#3523 = VECTOR ( 'NONE', #1912, 1000.000000000000000 ) ;
#3524 = CARTESIAN_POINT ( 'NONE',  ( -27.91949999999998511, 11.00000000000000000, 4.320482791037862640E-14 ) ) ;
#3525 = EDGE_CURVE ( 'NONE', #3812, #4133, #2618, .T. ) ;
#3526 = DIRECTION ( 'NONE',  ( 0.000000000000000000, 0.000000000000000000, 1.000000000000000000 ) ) ;
#3527 = DIRECTION ( 'NONE',  ( 0.000000000000000000, 1.000000000000000000, -0.000000000000000000 ) ) ;
#3528 = ORIENTED_EDGE ( 'NONE', *, *, #1759, .T. ) ;
#3529 = CIRCLE ( 'NONE', #3127, 1.549999999999997602 ) ;
#3530 = EDGE_LOOP ( 'NONE', ( #801, #3469, #519, #3375, #4147, #1652, #4740, #1255 ) ) ;
#3531 = ORIENTED_EDGE ( 'NONE', *, *, #3331, .T. ) ;
#3532 = EDGE_CURVE ( 'NONE', #3915, #2917, #309, .T. ) ;
#3533 = CARTESIAN_POINT ( 'NONE',  ( 0.000000000000000000, 7.272000000000000242, 0.000000000000000000 ) ) ;
#3534 = CARTESIAN_POINT ( 'NONE',  ( -4.577778022738876018, 0.000000000000000000, -2.190792864359584424 ) ) ;
#3535 = AXIS2_PLACEMENT_3D ( 'NONE', #4602, #2663, #4229 ) ;
#3536 = CIRCLE ( 'NONE', #3062, 1.549999999999995826 ) ;
#3537 = CARTESIAN_POINT ( 'NONE',  ( -10.06633144364698573, 1.000000000000000000, 10.06633144364694843 ) ) ;
#3538 = ORIENTED_EDGE ( 'NONE', *, *, #1689, .F. ) ;
#3539 = CARTESIAN_POINT ( 'NONE',  ( 13.45007162112024623, 1.000000000000000000, 6.484012889203291330 ) ) ;
#3540 = CARTESIAN_POINT ( 'NONE',  ( 27.72963113701214510, 10.97999999999997911, -13.17963113701126510 ) ) ;
#3541 = AXIS2_PLACEMENT_3D ( 'NONE', #4865, #418, #3083 ) ;
#3542 = ORIENTED_EDGE ( 'NONE', *, *, #1331, .T. ) ;
#3543 = VECTOR ( 'NONE', #1925, 1000.000000000000000 ) ;
#3544 = ORIENTED_EDGE ( 'NONE', *, *, #723, .F. ) ;
#3545 = FACE_OUTER_BOUND ( 'NONE', #1042, .T. ) ;
#3546 = VECTOR ( 'NONE', #4815, 999.9999999999998863 ) ;
#3547 = ORIENTED_EDGE ( 'NONE', *, *, #256, .T. ) ;
#3548 = EDGE_CURVE ( 'NONE', #1463, #3565, #3936, .T. ) ;
#3549 = CARTESIAN_POINT ( 'NONE',  ( 21.88980663528759862, 1.000000000000000000, 2.343443022250653485 ) ) ;
#3550 = CARTESIAN_POINT ( 'NONE',  ( -22.58810389339260993, 30.02194427534240262, -7.824260229855703130 ) ) ;
#3551 = AXIS2_PLACEMENT_3D ( 'NONE', #4743, #4660, #3520 ) ;
#3552 = LINE ( 'NONE', #162, #2108 ) ;
#3553 = EDGE_CURVE ( 'NONE', #3297, #673, #1667, .T. ) ;
#3554 = ORIENTED_EDGE ( 'NONE', *, *, #1051, .F. ) ;
#3555 = FACE_OUTER_BOUND ( 'NONE', #4854, .T. ) ;
#3556 = EDGE_CURVE ( 'NONE', #2784, #1893, #1142, .T. ) ;
#3557 = DIRECTION ( 'NONE',  ( 1.000000000000000000, 0.000000000000000000, 0.000000000000000000 ) ) ;
#3558 = PLANE ( 'NONE',  #2369 ) ;
#3559 = VERTEX_POINT ( 'NONE', #1247 ) ;
#3560 = ORIENTED_EDGE ( 'NONE', *, *, #4548, .F. ) ;
#3561 = EDGE_LOOP ( 'NONE', ( #345, #527, #1739, #4463, #1251 ) ) ;
#3562 = CARTESIAN_POINT ( 'NONE',  ( 1.387778780781445676E-14, 8.000000000000000000, 8.999999999999989342 ) ) ;
#3563 = CARTESIAN_POINT ( 'NONE',  ( 0.000000000000000000, 1.000000000000000000, 2.425520671255319449 ) ) ;
#3564 = DIRECTION ( 'NONE',  ( 0.000000000000000000, 0.000000000000000000, -1.000000000000000000 ) ) ;
#3565 = VERTEX_POINT ( 'NONE', #4331 ) ;
#3566 = CARTESIAN_POINT ( 'NONE',  ( -27.58578643762681892, 8.000000000000000000, 21.41421356237309936 ) ) ;
#3567 = DIRECTION ( 'NONE',  ( 0.6779003566821587556, 0.000000000000000000, 0.7351537977934968771 ) ) ;
#3568 = ORIENTED_EDGE ( 'NONE', *, *, #2869, .T. ) ;
#3569 = ORIENTED_EDGE ( 'NONE', *, *, #3548, .T. ) ;
#3570 = VECTOR ( 'NONE', #2047, 1000.000000000000000 ) ;
#3571 = ADVANCED_FACE ( 'NONE', ( #53 ), #3136, .F. ) ;
#3572 = CARTESIAN_POINT ( 'NONE',  ( 24.49999999999996447, 8.000000000000000000, -24.50000000000004263 ) ) ;
#3573 = EDGE_CURVE ( 'NONE', #875, #3265, #984, .T. ) ;
#3574 = ORIENTED_EDGE ( 'NONE', *, *, #1113, .F. ) ;
#3575 = LINE ( 'NONE', #3499, #3288 ) ;
#3576 = VECTOR ( 'NONE', #1525, 1000.000000000000000 ) ;
#3577 = FACE_OUTER_BOUND ( 'NONE', #1028, .T. ) ;
#3578 = CARTESIAN_POINT ( 'NONE',  ( -7.486189597789579153, 0.000000000000000000, 6.903168580185106151 ) ) ;
#3579 = ORIENTED_EDGE ( 'NONE', *, *, #3573, .F. ) ;
#3580 = CARTESIAN_POINT ( 'NONE',  ( -28.87152024816777640, 4.000000000000000000, -2.190792864359584424 ) ) ;
#3581 = CARTESIAN_POINT ( 'NONE',  ( -3.984034407287601538E-16, -0.000000000000000000, -2.455441006098723289 ) ) ;
#3582 = DIRECTION ( 'NONE',  ( 0.000000000000000000, 0.000000000000000000, -1.000000000000000000 ) ) ;
#3583 = ORIENTED_EDGE ( 'NONE', *, *, #3154, .T. ) ;
#3584 = EDGE_CURVE ( 'NONE', #4528, #799, #3838, .T. ) ;
#3585 = ORIENTED_EDGE ( 'NONE', *, *, #1936, .F. ) ;
#3586 = ORIENTED_EDGE ( 'NONE', *, *, #4486, .T. ) ;
#3587 = CARTESIAN_POINT ( 'NONE',  ( 4.075000000000000178, 9.180000000000001492, 0.000000000000000000 ) ) ;
#3588 = LINE ( 'NONE', #221, #828 ) ;
#3589 = VERTEX_POINT ( 'NONE', #3539 ) ;
#3590 = CARTESIAN_POINT ( 'NONE',  ( -3.496159038558402266, 1.000000000000000000, -3.791434197594532929 ) ) ;
#3591 = CARTESIAN_POINT ( 'NONE',  ( 0.000000000000000000, 0.000000000000000000, 0.000000000000000000 ) ) ;
#3592 = VERTEX_POINT ( 'NONE', #125 ) ;
#3593 = ORIENTED_EDGE ( 'NONE', *, *, #73, .F. ) ;
#3594 = LINE ( 'NONE', #4309, #1767 ) ;
#3595 = EDGE_CURVE ( 'NONE', #592, #4338, #4796, .T. ) ;
#3596 = ORIENTED_EDGE ( 'NONE', *, *, #1837, .F. ) ;
#3597 = PLANE ( 'NONE',  #1970 ) ;
#3598 = CYLINDRICAL_SURFACE ( 'NONE', #3140, 1.999999999999998224 ) ;
#3599 = ORIENTED_EDGE ( 'NONE', *, *, #841, .T. ) ;
#3600 = CARTESIAN_POINT ( 'NONE',  ( 7.500000000000007105, 8.000000000000000000, 17.37500000000062172 ) ) ;
#3601 = CARTESIAN_POINT ( 'NONE',  ( 14.60007754174561612, 59.49607912135621035, 15.79899999999999771 ) ) ;
#3602 = DIRECTION ( 'NONE',  ( 0.000000000000000000, 0.000000000000000000, 1.000000000000000000 ) ) ;
#3603 = ORIENTED_EDGE ( 'NONE', *, *, #1724, .F. ) ;
#3604 = VECTOR ( 'NONE', #1817, 1000.000000000000114 ) ;
#3605 = ORIENTED_EDGE ( 'NONE', *, *, #2292, .T. ) ;
#3606 = ORIENTED_EDGE ( 'NONE', *, *, #173, .T. ) ;
#3607 = DIRECTION ( 'NONE',  ( 0.000000000000000000, 0.000000000000000000, 1.000000000000000000 ) ) ;
#3608 = EDGE_CURVE ( 'NONE', #3391, #1039, #244, .T. ) ;
#3609 = ADVANCED_FACE ( 'NONE', ( #201 ), #2913, .F. ) ;
#3610 = CARTESIAN_POINT ( 'NONE',  ( -22.58810389339260993, 0.000000000000000000, 5.789952570093332085 ) ) ;
#3611 = ORIENTED_EDGE ( 'NONE', *, *, #2227, .T. ) ;
#3612 = LINE ( 'NONE', #2840, #106 ) ;
#3613 = VECTOR ( 'NONE', #2537, 1000.000000000000114 ) ;
#3614 = CARTESIAN_POINT ( 'NONE',  ( -4.075000000000000178, 9.400000000000000355, 3.024896692450861124 ) ) ;
#3615 = VERTEX_POINT ( 'NONE', #1346 ) ;
#3616 = EDGE_CURVE ( 'NONE', #4453, #2961, #2118, .T. ) ;
#3617 = CIRCLE ( 'NONE', #2252, 2.000000000000001776 ) ;
#3618 = VERTEX_POINT ( 'NONE', #3289 ) ;
#3619 = DIRECTION ( 'NONE',  ( 0.7071067811865561215, 0.000000000000000000, -0.7071067811865390240 ) ) ;
#3620 = VECTOR ( 'NONE', #3056, 1000.000000000000000 ) ;
#3621 = AXIS2_PLACEMENT_3D ( 'NONE', #4355, #1290, #2113 ) ;
#3622 = ORIENTED_EDGE ( 'NONE', *, *, #2051, .T. ) ;
#3623 = DIRECTION ( 'NONE',  ( 0.000000000000000000, 0.000000000000000000, -1.000000000000000000 ) ) ;
#3624 = VECTOR ( 'NONE', #4068, 1000.000000000000000 ) ;
#3625 = EDGE_CURVE ( 'NONE', #2946, #3775, #3529, .T. ) ;
#3626 = CARTESIAN_POINT ( 'NONE',  ( 0.000000000000000000, 8.000000000000000000, 0.000000000000000000 ) ) ;
#3627 = CIRCLE ( 'NONE', #3945, 3.650000000000014566 ) ;
#3628 = EDGE_LOOP ( 'NONE', ( #2498, #2121, #4828, #400 ) ) ;
#3629 = EDGE_CURVE ( 'NONE', #2080, #4469, #1419, .T. ) ;
#3630 = CARTESIAN_POINT ( 'NONE',  ( 0.000000000000000000, 9.900000000000000355, 0.000000000000000000 ) ) ;
#3631 = AXIS2_PLACEMENT_3D ( 'NONE', #2349, #2303, #1160 ) ;
#3632 = PLANE ( 'NONE',  #3280 ) ;
#3633 = FACE_OUTER_BOUND ( 'NONE', #3921, .T. ) ;
#3634 = ORIENTED_EDGE ( 'NONE', *, *, #4185, .F. ) ;
#3635 = ORIENTED_EDGE ( 'NONE', *, *, #1489, .F. ) ;
#3636 = EDGE_LOOP ( 'NONE', ( #3237, #1645, #4900, #3899 ) ) ;
#3637 = LINE ( 'NONE', #3239, #1467 ) ;
#3638 = FACE_OUTER_BOUND ( 'NONE', #2826, .T. ) ;
#3639 = VERTEX_POINT ( 'NONE', #971 ) ;
#3640 = DIRECTION ( 'NONE',  ( 0.000000000000000000, -1.000000000000000000, 0.000000000000000000 ) ) ;
#3641 = CARTESIAN_POINT ( 'NONE',  ( 5.159609223152370916, 0.000000000000000000, 5.159609223152370916 ) ) ;
#3642 = ORIENTED_EDGE ( 'NONE', *, *, #1540, .T. ) ;
#3643 = ADVANCED_FACE ( 'NONE', ( #4731, #1397 ), #3266, .T. ) ;
#3644 = EDGE_LOOP ( 'NONE', ( #1918, #1566, #1926, #4863 ) ) ;
#3645 = CARTESIAN_POINT ( 'NONE',  ( -3.024896692450861124, 9.180000000000001492, -4.075000000000000178 ) ) ;
#3646 = EDGE_CURVE ( 'NONE', #3912, #4260, #4475, .T. ) ;
#3647 = EDGE_LOOP ( 'NONE', ( #1239, #952, #4087, #2993 ) ) ;
#3648 = LINE ( 'NONE', #2522, #1256 ) ;
#3649 = DIRECTION ( 'NONE',  ( 0.000000000000000000, 0.000000000000000000, 1.000000000000000000 ) ) ;
#3650 = VECTOR ( 'NONE', #4817, 1000.000000000000000 ) ;
#3651 = DIRECTION ( 'NONE',  ( -0.000000000000000000, -1.000000000000000000, -0.000000000000000000 ) ) ;
#3652 = CARTESIAN_POINT ( 'NONE',  ( 26.17157287525383325, 0.000000000000000000, 19.99999999999997513 ) ) ;
#3653 = LINE ( 'NONE', #1084, #1500 ) ;
#3654 = EDGE_LOOP ( 'NONE', ( #2338, #461, #4396, #1364 ) ) ;
#3655 = ORIENTED_EDGE ( 'NONE', *, *, #2354, .T. ) ;
#3656 = DIRECTION ( 'NONE',  ( -0.000000000000000000, -1.000000000000000000, -0.000000000000000000 ) ) ;
#3657 = DIRECTION ( 'NONE',  ( 1.547478569114011300E-15, 0.000000000000000000, 1.000000000000000000 ) ) ;
#3658 = AXIS2_PLACEMENT_3D ( 'NONE', #3981, #4769, #2056 ) ;
#3659 = ORIENTED_EDGE ( 'NONE', *, *, #1033, .F. ) ;
#3660 = CARTESIAN_POINT ( 'NONE',  ( 35.00000000000001421, 13.08000000000000185, 0.000000000000000000 ) ) ;
#3661 = CARTESIAN_POINT ( 'NONE',  ( 27.72963113701214510, 0.000000000000000000, -13.17963113701126510 ) ) ;
#3662 = ORIENTED_EDGE ( 'NONE', *, *, #2266, .F. ) ;
#3663 = CARTESIAN_POINT ( 'NONE',  ( 25.96446609407047745, 1.000000000000000000, 14.92854154124080956 ) ) ;
#3664 = EDGE_LOOP ( 'NONE', ( #1821, #1425, #1591, #366, #1485, #3490, #1763, #1765 ) ) ;
#3665 = DIRECTION ( 'NONE',  ( 0.000000000000000000, 1.000000000000000000, 0.000000000000000000 ) ) ;
#3666 = ORIENTED_EDGE ( 'NONE', *, *, #2098, .F. ) ;
#3667 = EDGE_CURVE ( 'NONE', #4073, #2484, #4056, .T. ) ;
#3668 = EDGE_CURVE ( 'NONE', #3888, #301, #223, .T. ) ;
#3669 = ADVANCED_FACE ( 'NONE', ( #269 ), #2934, .F. ) ;
#3670 = EDGE_CURVE ( 'NONE', #1998, #2034, #3963, .T. ) ;
#3671 = CARTESIAN_POINT ( 'NONE',  ( 9.492465104891429917, 1.000000000000000000, -4.226833226099152796 ) ) ;
#3672 = DIRECTION ( 'NONE',  ( -0.000000000000000000, 1.000000000000000000, -0.000000000000000000 ) ) ;
#3673 = PLANE ( 'NONE',  #3143 ) ;
#3674 = CARTESIAN_POINT ( 'NONE',  ( -27.00000000000000000, 4.999999999999999112, 2.124999999999999556 ) ) ;
#3675 = CIRCLE ( 'NONE', #13, 5.075000000000016165 ) ;
#3676 = DIRECTION ( 'NONE',  ( -1.000000000000000000, 0.000000000000000000, 0.000000000000000000 ) ) ;
#3677 = DIRECTION ( 'NONE',  ( 0.000000000000000000, -1.000000000000000000, 0.000000000000000000 ) ) ;
#3678 = ORIENTED_EDGE ( 'NONE', *, *, #1328, .F. ) ;
#3679 = CARTESIAN_POINT ( 'NONE',  ( -13.44309202176727247, 0.000000000000000000, -2.455441006098721068 ) ) ;
#3680 = DIRECTION ( 'NONE',  ( 0.000000000000000000, 0.000000000000000000, 1.000000000000000000 ) ) ;
#3681 = VECTOR ( 'NONE', #721, 1000.000000000000000 ) ;
#3682 = ORIENTED_EDGE ( 'NONE', *, *, #167, .F. ) ;
#3683 = CARTESIAN_POINT ( 'NONE',  ( 0.000000000000000000, 59.49607912135621035, 0.000000000000000000 ) ) ;
#3684 = CIRCLE ( 'NONE', #739, 21.51210508585769432 ) ;
#3685 = LINE ( 'NONE', #4427, #1792 ) ;
#3686 = ORIENTED_EDGE ( 'NONE', *, *, #105, .F. ) ;
#3687 = DIRECTION ( 'NONE',  ( -0.000000000000000000, -1.000000000000000000, -0.000000000000000000 ) ) ;
#3688 = ORIENTED_EDGE ( 'NONE', *, *, #2692, .F. ) ;
#3689 = LINE ( 'NONE', #1002, #2801 ) ;
#3690 = AXIS2_PLACEMENT_3D ( 'NONE', #2761, #1574, #496 ) ;
#3691 = ORIENTED_EDGE ( 'NONE', *, *, #4810, .F. ) ;
#3692 = AXIS2_PLACEMENT_3D ( 'NONE', #2887, #4079, #972 ) ;
#3693 = CARTESIAN_POINT ( 'NONE',  ( 0.000000000000000000, 9.180000000000001492, 0.000000000000000000 ) ) ;
#3694 = VECTOR ( 'NONE', #4423, 1000.000000000000000 ) ;
#3695 = CARTESIAN_POINT ( 'NONE',  ( 0.000000000000000000, 0.000000000000000000, 1.426954622693663577 ) ) ;
#3696 = AXIS2_PLACEMENT_3D ( 'NONE', #292, #1458, #4842 ) ;
#3697 = DIRECTION ( 'NONE',  ( 1.000000000000000000, 0.000000000000000000, 1.136157718137848595E-15 ) ) ;
#3698 = CIRCLE ( 'NONE', #360, 2.124999999999999112 ) ;
#3699 = LINE ( 'NONE', #1454, #4707 ) ;
#3700 = PLANE ( 'NONE',  #1513 ) ;
#3701 = VECTOR ( 'NONE', #1479, 1000.000000000000000 ) ;
#3702 = EDGE_CURVE ( 'NONE', #3160, #2304, #2493, .T. ) ;
#3703 = CYLINDRICAL_SURFACE ( 'NONE', #1163, 1.549999999999997602 ) ;
#3704 = ORIENTED_EDGE ( 'NONE', *, *, #4921, .T. ) ;
#3705 = EDGE_CURVE ( 'NONE', #4359, #2081, #4776, .T. ) ;
#3706 = CARTESIAN_POINT ( 'NONE',  ( 7.500000000000007105, 6.399999999999987033, 17.37500000000062172 ) ) ;
#3707 = DIRECTION ( 'NONE',  ( 0.000000000000000000, 0.000000000000000000, 1.000000000000000000 ) ) ;
#3708 = AXIS2_PLACEMENT_3D ( 'NONE', #3079, #3120, #3501 ) ;
#3709 = ORIENTED_EDGE ( 'NONE', *, *, #655, .T. ) ;
#3710 = DIRECTION ( 'NONE',  ( 1.000000000000000000, 0.000000000000000000, 0.000000000000000000 ) ) ;
#3711 = DIRECTION ( 'NONE',  ( -0.000000000000000000, -1.000000000000000000, -0.000000000000000000 ) ) ;
#3712 = VERTEX_POINT ( 'NONE', #4360 ) ;
#3713 = DIRECTION ( 'NONE',  ( 0.000000000000000000, 1.000000000000000000, 0.000000000000000000 ) ) ;
#3714 = ORIENTED_EDGE ( 'NONE', *, *, #1435, .T. ) ;
#3715 = CARTESIAN_POINT ( 'NONE',  ( -10.73669955355786421, 13.08000000000000185, -15.79900000000000482 ) ) ;
#3716 = ORIENTED_EDGE ( 'NONE', *, *, #4905, .F. ) ;
#3717 = FACE_OUTER_BOUND ( 'NONE', #4733, .T. ) ;
#3718 = EDGE_CURVE ( 'NONE', #1818, #4679, #3612, .T. ) ;
#3719 = ORIENTED_EDGE ( 'NONE', *, *, #319, .F. ) ;
#3720 = EDGE_CURVE ( 'NONE', #443, #995, #1718, .T. ) ;
#3721 = FACE_OUTER_BOUND ( 'NONE', #295, .T. ) ;
#3722 = PLANE ( 'NONE',  #4735 ) ;
#3723 = CARTESIAN_POINT ( 'NONE',  ( 3.832837471391402961E-15, 13.08000000000000185, 15.79900000000000126 ) ) ;
#3724 = DIRECTION ( 'NONE',  ( -0.000000000000000000, -1.000000000000000000, -0.000000000000000000 ) ) ;
#3725 = CARTESIAN_POINT ( 'NONE',  ( 0.000000000000000000, 1.000000000000000000, 1.426954622693663577 ) ) ;
#3726 = ORIENTED_EDGE ( 'NONE', *, *, #4194, .F. ) ;
#3727 = VERTEX_POINT ( 'NONE', #4755 ) ;
#3728 = VECTOR ( 'NONE', #4221, 1000.000000000000000 ) ;
#3729 = DIRECTION ( 'NONE',  ( 0.000000000000000000, 0.000000000000000000, 1.000000000000000000 ) ) ;
#3730 = EDGE_CURVE ( 'NONE', #2551, #3982, #3053, .T. ) ;
#3731 = DIRECTION ( 'NONE',  ( 0.000000000000000000, 0.000000000000000000, -1.000000000000000000 ) ) ;
#3732 = VECTOR ( 'NONE', #382, 1000.000000000000000 ) ;
#3733 = VERTEX_POINT ( 'NONE', #4013 ) ;
#3734 = CARTESIAN_POINT ( 'NONE',  ( -2.643762093426196272E-15, 13.08000000000000185, -9.678000000000006153 ) ) ;
#3735 = CARTESIAN_POINT ( 'NONE',  ( -3.024896692450861124, 9.400000000000000355, -4.075000000000000178 ) ) ;
#3736 = ADVANCED_FACE ( 'NONE', ( #996 ), #2516, .T. ) ;
#3737 = FACE_OUTER_BOUND ( 'NONE', #2728, .T. ) ;
#3738 = ORIENTED_EDGE ( 'NONE', *, *, #1353, .F. ) ;
#3739 = DIRECTION ( 'NONE',  ( 0.7071067811865487940, 0.000000000000000000, -0.7071067811865463515 ) ) ;
#3740 = ORIENTED_EDGE ( 'NONE', *, *, #2385, .T. ) ;
#3741 = CARTESIAN_POINT ( 'NONE',  ( -28.87152024816777640, 1.000000000000000888, -7.824260229855703130 ) ) ;
#3742 = ORIENTED_EDGE ( 'NONE', *, *, #3792, .F. ) ;
#3743 = CARTESIAN_POINT ( 'NONE',  ( -22.58810389339260993, 0.000000000000000000, -7.824260229855703130 ) ) ;
#3744 = DIRECTION ( 'NONE',  ( -0.000000000000000000, -1.000000000000000000, -0.000000000000000000 ) ) ;
#3745 = DIRECTION ( 'NONE',  ( 0.7071067811865450192, 0.000000000000000000, -0.7071067811865500152 ) ) ;
#3746 = LINE ( 'NONE', #3798, #2085 ) ;
#3747 = CARTESIAN_POINT ( 'NONE',  ( 1.387778780781445676E-14, 1.000000000000000000, -1.040834085586084257E-14 ) ) ;
#3748 = DIRECTION ( 'NONE',  ( 0.000000000000000000, 0.000000000000000000, 1.000000000000000000 ) ) ;
#3749 = EDGE_LOOP ( 'NONE', ( #1742, #1077, #634, #2868 ) ) ;
#3750 = FACE_OUTER_BOUND ( 'NONE', #4655, .T. ) ;
#3751 = DIRECTION ( 'NONE',  ( 0.000000000000000000, 0.000000000000000000, 1.000000000000000000 ) ) ;
#3752 = AXIS2_PLACEMENT_3D ( 'NONE', #1083, #2198, #2106 ) ;
#3753 = ORIENTED_EDGE ( 'NONE', *, *, #4081, .T. ) ;
#3754 = DIRECTION ( 'NONE',  ( -0.000000000000000000, -1.000000000000000000, -0.000000000000000000 ) ) ;
#3755 = EDGE_CURVE ( 'NONE', #2341, #3775, #2556, .T. ) ;
#3756 = LINE ( 'NONE', #719, #735 ) ;
#3757 = ORIENTED_EDGE ( 'NONE', *, *, #2889, .F. ) ;
#3758 = CARTESIAN_POINT ( 'NONE',  ( -4.457855367024930793, 4.000000000000000000, 2.425520671255319449 ) ) ;
#3759 = ORIENTED_EDGE ( 'NONE', *, *, #628, .T. ) ;
#3760 = AXIS2_PLACEMENT_3D ( 'NONE', #1884, #4916, #3102 ) ;
#3761 = EDGE_CURVE ( 'NONE', #4692, #3104, #2330, .T. ) ;
#3762 = CARTESIAN_POINT ( 'NONE',  ( -27.72963113701302618, 13.08000000000000185, 14.72963113701316118 ) ) ;
#3763 = VERTEX_POINT ( 'NONE', #2255 ) ;
#3764 = AXIS2_PLACEMENT_3D ( 'NONE', #3683, #605, #554 ) ;
#3765 = LINE ( 'NONE', #754, #3732 ) ;
#3766 = DIRECTION ( 'NONE',  ( -1.000000000000000000, 0.000000000000000000, 0.000000000000000000 ) ) ;
#3767 = DIRECTION ( 'NONE',  ( -0.6779003566821590887, 0.000000000000000000, -0.7351537977934966550 ) ) ;
#3768 = ORIENTED_EDGE ( 'NONE', *, *, #1759, .F. ) ;
#3769 = LINE ( 'NONE', #3024, #332 ) ;
#3770 = ADVANCED_FACE ( 'NONE', ( #1888 ), #1861, .T. ) ;
#3771 = CIRCLE ( 'NONE', #35, 2.000000000000001776 ) ;
#3772 = DIRECTION ( 'NONE',  ( 0.000000000000000000, 1.000000000000000000, 0.000000000000000000 ) ) ;
#3773 = STYLED_ITEM ( 'NONE', ( #1916 ), #2890 ) ;
#3774 = CARTESIAN_POINT ( 'NONE',  ( -22.58810389339260993, 1.000000000000000888, 2.425520671255319005 ) ) ;
#3775 = VERTEX_POINT ( 'NONE', #3357 ) ;
#3776 = CARTESIAN_POINT ( 'NONE',  ( -26.61855252713964148, 1.000000000000000000, -15.19171949462534421 ) ) ;
#3777 = AXIS2_PLACEMENT_3D ( 'NONE', #4379, #4773, #4795 ) ;
#3778 = LINE ( 'NONE', #4571, #503 ) ;
#3779 = LINE ( 'NONE', #370, #1706 ) ;
#3780 = ADVANCED_FACE ( 'NONE', ( #3408 ), #2184, .F. ) ;
#3781 = AXIS2_PLACEMENT_3D ( 'NONE', #4093, #4884, #3022 ) ;
#3782 = VERTEX_POINT ( 'NONE', #772 ) ;
#3783 = VECTOR ( 'NONE', #4589, 1000.000000000000000 ) ;
#3784 = CARTESIAN_POINT ( 'NONE',  ( 1.497996992704707624E-14, 7.272000000000000242, -9.000000000000008882 ) ) ;
#3785 = DIRECTION ( 'NONE',  ( 0.000000000000000000, 0.000000000000000000, 1.000000000000000000 ) ) ;
#3786 = DIRECTION ( 'NONE',  ( 0.7071067811865512365, 0.000000000000000000, 0.7071067811865439090 ) ) ;
#3787 = EDGE_LOOP ( 'NONE', ( #4758, #1593, #3480, #169 ) ) ;
#3788 = DIRECTION ( 'NONE',  ( 1.000000000000000000, 0.000000000000000000, 0.000000000000000000 ) ) ;
#3789 = ORIENTED_EDGE ( 'NONE', *, *, #1436, .T. ) ;
#3790 = LINE ( 'NONE', #378, #3808 ) ;
#3791 = ORIENTED_EDGE ( 'NONE', *, *, #2420, .F. ) ;
#3792 = EDGE_CURVE ( 'NONE', #805, #4478, #4470, .T. ) ;
#3793 = EDGE_CURVE ( 'NONE', #3820, #4443, #4448, .T. ) ;
#3794 = CARTESIAN_POINT ( 'NONE',  ( -27.91949999999999932, 13.08000000000000185, -9.677999999999999048 ) ) ;
#3795 = CARTESIAN_POINT ( 'NONE',  ( -8.097834387349005070, 1.000000000000000000, 18.41705283365374513 ) ) ;
#3796 = EDGE_CURVE ( 'NONE', #2164, #541, #296, .T. ) ;
#3797 = LINE ( 'NONE', #4304, #1400 ) ;
#3798 = CARTESIAN_POINT ( 'NONE',  ( 5.598699532354529218, 1.000000000000000000, -1.776148031650334858 ) ) ;
#3799 = CYLINDRICAL_SURFACE ( 'NONE', #2533, 3.650000000000014566 ) ;
#3800 = CARTESIAN_POINT ( 'NONE',  ( -7.500000000000043521, 6.399999999999987921, -17.37499999999955591 ) ) ;
#3801 = ORIENTED_EDGE ( 'NONE', *, *, #1756, .T. ) ;
#3802 = DIRECTION ( 'NONE',  ( -0.7351537977934967660, 0.000000000000000000, 0.6779003566821590887 ) ) ;
#3803 = LINE ( 'NONE', #814, #3523 ) ;
#3804 = VECTOR ( 'NONE', #2793, 1000.000000000000000 ) ;
#3805 = ORIENTED_EDGE ( 'NONE', *, *, #2312, .T. ) ;
#3806 = DIRECTION ( 'NONE',  ( -0.000000000000000000, -1.000000000000000000, -0.000000000000000000 ) ) ;
#3807 = VECTOR ( 'NONE', #3050, 1000.000000000000000 ) ;
#3808 = VECTOR ( 'NONE', #4113, 1000.000000000000000 ) ;
#3809 = CARTESIAN_POINT ( 'NONE',  ( 4.075000000000000178, 9.180000000000001492, 0.000000000000000000 ) ) ;
#3810 = ORIENTED_EDGE ( 'NONE', *, *, #1175, .T. ) ;
#3811 = CARTESIAN_POINT ( 'NONE',  ( 5.598699532354529218, 0.000000000000000000, -1.776148031650335080 ) ) ;
#3812 = VERTEX_POINT ( 'NONE', #3784 ) ;
#3813 = CARTESIAN_POINT ( 'NONE',  ( -24.49999999999981881, 8.000000000000000000, 24.50000000000007105 ) ) ;
#3814 = ADVANCED_FACE ( 'NONE', ( #4497 ), #1812, .F. ) ;
#3815 = ORIENTED_EDGE ( 'NONE', *, *, #3380, .T. ) ;
#3816 = FACE_OUTER_BOUND ( 'NONE', #2415, .T. ) ;
#3817 = CARTESIAN_POINT ( 'NONE',  ( -27.00000000000000000, 11.00000000000000000, -2.124999999999999112 ) ) ;
#3818 = ADVANCED_FACE ( 'NONE', ( #1834 ), #4522, .T. ) ;
#3819 = DIRECTION ( 'NONE',  ( 0.000000000000000000, 1.000000000000000000, 0.000000000000000000 ) ) ;
#3820 = VERTEX_POINT ( 'NONE', #4545 ) ;
#3821 = EDGE_CURVE ( 'NONE', #575, #4781, #3452, .T. ) ;
#3822 = ADVANCED_FACE ( 'NONE', ( #2658 ), #4182, .T. ) ;
#3823 = EDGE_CURVE ( 'NONE', #1882, #206, #718, .T. ) ;
#3824 = DIRECTION ( 'NONE',  ( -1.000000000000000000, 0.000000000000000000, 1.366021440969523409E-16 ) ) ;
#3825 = DIRECTION ( 'NONE',  ( -0.6779003566821587556, 0.000000000000000000, -0.7351537977934968771 ) ) ;
#3826 = DIRECTION ( 'NONE',  ( 0.000000000000000000, 0.000000000000000000, 1.000000000000000000 ) ) ;
#3827 = ORIENTED_EDGE ( 'NONE', *, *, #1331, .F. ) ;
#3828 = CARTESIAN_POINT ( 'NONE',  ( -27.00000000000000000, 11.00000000000000000, 0.000000000000000000 ) ) ;
#3829 = EDGE_CURVE ( 'NONE', #2592, #1728, #3337, .T. ) ;
#3830 = FACE_OUTER_BOUND ( 'NONE', #4323, .T. ) ;
#3831 = ORIENTED_EDGE ( 'NONE', *, *, #202, .F. ) ;
#3832 = CARTESIAN_POINT ( 'NONE',  ( -11.01176605809505560, 30.02194427534240262, 5.113798457285451349 ) ) ;
#3833 = DIRECTION ( 'NONE',  ( 0.000000000000000000, 0.000000000000000000, 1.000000000000000000 ) ) ;
#3834 = EDGE_CURVE ( 'NONE', #4310, #1044, #3385, .T. ) ;
#3835 = VECTOR ( 'NONE', #3897, 1000.000000000000000 ) ;
#3836 = PLANE ( 'NONE',  #978 ) ;
#3837 = ORIENTED_EDGE ( 'NONE', *, *, #405, .F. ) ;
#3838 = LINE ( 'NONE', #1643, #3927 ) ;
#3839 = ORIENTED_EDGE ( 'NONE', *, *, #2847, .F. ) ;
#3840 = CYLINDRICAL_SURFACE ( 'NONE', #792, 3.599999999999999201 ) ;
#3841 = VECTOR ( 'NONE', #94, 1000.000000000000000 ) ;
#3842 = DIRECTION ( 'NONE',  ( 0.000000000000000000, 0.000000000000000000, 1.000000000000000000 ) ) ;
#3843 = CARTESIAN_POINT ( 'NONE',  ( -27.72963113701302618, 13.08000000000000185, 17.87963113701314910 ) ) ;
#3844 = CARTESIAN_POINT ( 'NONE',  ( 10.17474217587887253, 8.000000000000000000, 14.89140295285812421 ) ) ;
#3845 = FACE_OUTER_BOUND ( 'NONE', #485, .T. ) ;
#3846 = EDGE_CURVE ( 'NONE', #481, #938, #3009, .T. ) ;
#3847 = EDGE_CURVE ( 'NONE', #4902, #1672, #1040, .T. ) ;
#3848 = ORIENTED_EDGE ( 'NONE', *, *, #4371, .T. ) ;
#3849 = VECTOR ( 'NONE', #4154, 1000.000000000000000 ) ;
#3850 = LINE ( 'NONE', #439, #4412 ) ;
#3851 = VECTOR ( 'NONE', #122, 1000.000000000000000 ) ;
#3853 = ADVANCED_FACE ( 'NONE', ( #522 ), #4618, .T. ) ;
#3852 = DIRECTION ( 'NONE',  ( 0.6779003566821590887, -0.000000000000000000, 0.7351537977934967660 ) ) ;
#3854 = LINE ( 'NONE', #87, #2020 ) ;
#3855 = AXIS2_PLACEMENT_3D ( 'NONE', #842, #2654, #1978 ) ;
#3856 = UNCERTAINTY_MEASURE_WITH_UNIT (LENGTH_MEASURE( 1.000000000000000082E-05 ), #3125, 'distance_accuracy_value', 'NONE');
#3857 = AXIS2_PLACEMENT_3D ( 'NONE', #1588, #2777, #867 ) ;
#3858 = VERTEX_POINT ( 'NONE', #3562 ) ;
#3859 = CARTESIAN_POINT ( 'NONE',  ( 21.88980663528759862, 0.000000000000000000, 2.343443022250653485 ) ) ;
#3860 = VECTOR ( 'NONE', #4813, 1000.000000000000000 ) ;
#3862 = DIRECTION ( 'NONE',  ( 0.000000000000000000, 0.000000000000000000, 1.000000000000000000 ) ) ;
#3861 = AXIS2_PLACEMENT_3D ( 'NONE', #2066, #4533, #4195 ) ;
#3863 = VECTOR ( 'NONE', #4217, 1000.000000000000000 ) ;
#3864 = CARTESIAN_POINT ( 'NONE',  ( 7.500000000000007105, 0.000000000000000000, 18.92500000000062244 ) ) ;
#3865 = VERTEX_POINT ( 'NONE', #817 ) ;
#3866 = CARTESIAN_POINT ( 'NONE',  ( 27.00000000000000000, 11.00000000000000000, -6.613092715395707467E-15 ) ) ;
#3867 = ORIENTED_EDGE ( 'NONE', *, *, #4185, .T. ) ;
#3868 = ORIENTED_EDGE ( 'NONE', *, *, #2951, .F. ) ;
#3869 = DIRECTION ( 'NONE',  ( -0.000000000000000000, -1.000000000000000000, -0.000000000000000000 ) ) ;
#3870 = ADVANCED_FACE ( 'NONE', ( #1567 ), #2409, .T. ) ;
#3871 = ORIENTED_EDGE ( 'NONE', *, *, #455, .F. ) ;
#3872 = LINE ( 'NONE', #1596, #220 ) ;
#3873 = LINE ( 'NONE', #459, #2689 ) ;
#3874 = CARTESIAN_POINT ( 'NONE',  ( -27.72963113701302618, 13.08000000000000185, 14.72963113701316118 ) ) ;
#3875 = EDGE_LOOP ( 'NONE', ( #3666, #4004, #917, #1746, #4410, #903, #1277, #2888, #3141, #2069, #2158, #4799, #4599, #39, #1967, #2287 ) ) ;
#3876 = CARTESIAN_POINT ( 'NONE',  ( -11.01176605809505560, 0.000000000000000000, 5.113798457285451349 ) ) ;
#3877 = DIRECTION ( 'NONE',  ( -0.000000000000000000, -1.000000000000000000, -0.000000000000000000 ) ) ;
#3878 = DIRECTION ( 'NONE',  ( 0.000000000000000000, 1.000000000000000000, 0.000000000000000000 ) ) ;
#3879 = ORIENTED_EDGE ( 'NONE', *, *, #290, .F. ) ;
#3880 = CARTESIAN_POINT ( 'NONE',  ( 32.19999999998507434, 1.000000000000000000, 0.000000000000000000 ) ) ;
#3881 = EDGE_CURVE ( 'NONE', #561, #4528, #4172, .T. ) ;
#3882 = DIRECTION ( 'NONE',  ( -0.000000000000000000, -1.000000000000000000, -0.000000000000000000 ) ) ;
#3883 = CYLINDRICAL_SURFACE ( 'NONE', #1131, 9.000000000000000000 ) ;
#3884 = ORIENTED_EDGE ( 'NONE', *, *, #3078, .T. ) ;
#3885 = VECTOR ( 'NONE', #59, 1000.000000000000000 ) ;
#3886 = DIRECTION ( 'NONE',  ( -0.000000000000000000, -1.000000000000000000, -0.000000000000000000 ) ) ;
#3887 = ORIENTED_EDGE ( 'NONE', *, *, #2815, .T. ) ;
#3888 = VERTEX_POINT ( 'NONE', #47 ) ;
#3889 = DIRECTION ( 'NONE',  ( -1.000000000000000000, 0.000000000000000000, 5.680788590689235086E-16 ) ) ;
#3890 = ADVANCED_FACE ( 'NONE', ( #4600 ), #2308, .F. ) ;
#3891 = EDGE_LOOP ( 'NONE', ( #3996, #489, #1240, #1357 ) ) ;
#3892 = DIRECTION ( 'NONE',  ( -0.000000000000000000, -1.000000000000000000, 0.000000000000000000 ) ) ;
#3893 = CARTESIAN_POINT ( 'NONE',  ( 2.494819145114761216, 0.000000000000000000, 2.494819145114766545 ) ) ;
#3894 = PLANE ( 'NONE',  #1788 ) ;
#3895 = ORIENTED_EDGE ( 'NONE', *, *, #1387, .T. ) ;
#3896 = LINE ( 'NONE', #4265, #919 ) ;
#3897 = DIRECTION ( 'NONE',  ( -0.000000000000000000, -1.000000000000000000, -0.000000000000000000 ) ) ;
#3898 = CARTESIAN_POINT ( 'NONE',  ( 22.69035466658174371, 30.02194427534240262, 7.824260229855831916 ) ) ;
#3899 = ORIENTED_EDGE ( 'NONE', *, *, #1260, .F. ) ;
#3900 = ORIENTED_EDGE ( 'NONE', *, *, #1505, .F. ) ;
#3901 = VERTEX_POINT ( 'NONE', #3161 ) ;
#3902 = FACE_OUTER_BOUND ( 'NONE', #1499, .T. ) ;
#3903 = DIRECTION ( 'NONE',  ( 9.741229098780728292E-17, 0.6060432152628564273, -0.7954317200324985127 ) ) ;
#3904 = CARTESIAN_POINT ( 'NONE',  ( 28.63679244127212442, 30.02194427534240262, -12.91002937926195138 ) ) ;
#3905 = ORIENTED_EDGE ( 'NONE', *, *, #3556, .T. ) ;
#3906 = EDGE_CURVE ( 'NONE', #4112, #2466, #1638, .T. ) ;
#3907 = DIRECTION ( 'NONE',  ( 0.000000000000000000, 0.000000000000000000, -1.000000000000000000 ) ) ;
#3908 = FACE_OUTER_BOUND ( 'NONE', #3935, .T. ) ;
#3909 = ORIENTED_EDGE ( 'NONE', *, *, #4540, .T. ) ;
#3910 = VECTOR ( 'NONE', #6, 1000.000000000000000 ) ;
#3911 = EDGE_CURVE ( 'NONE', #4645, #1672, #3139, .T. ) ;
#3912 = VERTEX_POINT ( 'NONE', #891 ) ;
#3913 = CARTESIAN_POINT ( 'NONE',  ( 4.075000000000000178, 9.180000000000001492, -3.024896692450861124 ) ) ;
#3914 = ADVANCED_FACE ( 'NONE', ( #3060 ), #67, .F. ) ;
#3915 = VERTEX_POINT ( 'NONE', #91 ) ;
#3916 = CARTESIAN_POINT ( 'NONE',  ( -32.50000000000000000, 13.08000000000000185, -7.436000000000004384 ) ) ;
#3917 = VECTOR ( 'NONE', #158, 1000.000000000000000 ) ;
#3918 = DIRECTION ( 'NONE',  ( 0.000000000000000000, 0.000000000000000000, -1.000000000000000000 ) ) ;
#3919 = DIRECTION ( 'NONE',  ( -0.6779003566821587556, 0.000000000000000000, -0.7351537977934968771 ) ) ;
#3920 = VECTOR ( 'NONE', #4682, 1000.000000000000000 ) ;
#3921 = EDGE_LOOP ( 'NONE', ( #4871, #3351, #3599, #3138 ) ) ;
#3922 = AXIS2_PLACEMENT_3D ( 'NONE', #2751, #886, #1679 ) ;
#3923 = CARTESIAN_POINT ( 'NONE',  ( 0.000000000000000000, 0.000000000000000000, -10.75413279027304014 ) ) ;
#3924 = CARTESIAN_POINT ( 'NONE',  ( 12.34444290629390650, 1.000000000000000000, -7.354804616064358314 ) ) ;
#3925 = CARTESIAN_POINT ( 'NONE',  ( 22.69035466658174371, 1.000000000000000888, -7.354804616064357425 ) ) ;
#3926 = ORIENTED_EDGE ( 'NONE', *, *, #806, .T. ) ;
#3927 = VECTOR ( 'NONE', #3090, 1000.000000000000000 ) ;
#3928 = VERTEX_POINT ( 'NONE', #3859 ) ;
#3929 = ORIENTED_EDGE ( 'NONE', *, *, #4218, .T. ) ;
#3930 = DIRECTION ( 'NONE',  ( -1.000000000000000000, 0.000000000000000000, 1.547478569114012877E-15 ) ) ;
#3931 = CIRCLE ( 'NONE', #2504, 3.150000000000007017 ) ;
#3932 = DIRECTION ( 'NONE',  ( 0.7071067811865462405, 0.000000000000000000, 0.7071067811865489050 ) ) ;
#3933 = CIRCLE ( 'NONE', #1782, 5.075000000000000178 ) ;
#3934 = DIRECTION ( 'NONE',  ( 0.000000000000000000, 0.000000000000000000, -1.000000000000000000 ) ) ;
#3935 = EDGE_LOOP ( 'NONE', ( #3015, #2391, #933, #4641 ) ) ;
#3936 = LINE ( 'NONE', #3566, #4368 ) ;
#3937 = CYLINDRICAL_SURFACE ( 'NONE', #4812, 21.51210508585769432 ) ;
#3938 = EDGE_LOOP ( 'NONE', ( #1711, #3287, #4040, #2850 ) ) ;
#3939 = VECTOR ( 'NONE', #2240, 1000.000000000000000 ) ;
#3940 = VECTOR ( 'NONE', #2218, 1000.000000000000000 ) ;
#3941 = ORIENTED_EDGE ( 'NONE', *, *, #715, .F. ) ;
#3942 = DIRECTION ( 'NONE',  ( -0.000000000000000000, -1.000000000000000000, -0.000000000000000000 ) ) ;
#3943 = EDGE_CURVE ( 'NONE', #4591, #2763, #37, .T. ) ;
#3944 = AXIS2_PLACEMENT_3D ( 'NONE', #245, #3711, #1325 ) ;
#3945 = AXIS2_PLACEMENT_3D ( 'NONE', #827, #2342, #3444 ) ;
#3946 = ORIENTED_EDGE ( 'NONE', *, *, #3513, .T. ) ;
#3947 = ADVANCED_FACE ( 'NONE', ( #3902 ), #1214, .T. ) ;
#3948 = DIRECTION ( 'NONE',  ( -1.776356839400250465E-15, 0.000000000000000000, 1.000000000000000000 ) ) ;
#3949 = CARTESIAN_POINT ( 'NONE',  ( -27.72963113701302618, 0.000000000000000000, 16.27963113701315834 ) ) ;
#3950 = DIRECTION ( 'NONE',  ( 0.000000000000000000, 0.7954317200324999559, 0.6060432152628544289 ) ) ;
#3951 = ORIENTED_EDGE ( 'NONE', *, *, #3276, .F. ) ;
#3952 = CARTESIAN_POINT ( 'NONE',  ( 0.000000000000000000, 9.180000000000001492, 0.000000000000000000 ) ) ;
#3953 = DIRECTION ( 'NONE',  ( 0.7071067811865350272, 0.000000000000000000, 0.7071067811865600072 ) ) ;
#3954 = DIRECTION ( 'NONE',  ( 0.000000000000000000, 0.000000000000000000, 1.000000000000000000 ) ) ;
#3955 = ORIENTED_EDGE ( 'NONE', *, *, #3434, .T. ) ;
#3956 = EDGE_LOOP ( 'NONE', ( #3900, #2011, #2500, #2212 ) ) ;
#3957 = ADVANCED_FACE ( 'NONE', ( #4576, #2729 ), #1168, .T. ) ;
#3958 = EDGE_LOOP ( 'NONE', ( #4021, #2205, #3126, #1422, #438 ) ) ;
#3959 = DIRECTION ( 'NONE',  ( 0.000000000000000000, 1.000000000000000000, 0.000000000000000000 ) ) ;
#3960 = CARTESIAN_POINT ( 'NONE',  ( 1.166576167306326538E-14, 0.000000000000000000, 21.99999999999999289 ) ) ;
#3961 = FACE_OUTER_BOUND ( 'NONE', #1853, .T. ) ;
#3962 = ORIENTED_EDGE ( 'NONE', *, *, #1779, .T. ) ;
#3963 = LINE ( 'NONE', #3590, #2651 ) ;
#3964 = CARTESIAN_POINT ( 'NONE',  ( 10.13294086911043124, 10.54000000000000092, 14.91987833707472255 ) ) ;
#3965 = VERTEX_POINT ( 'NONE', #4207 ) ;
#3966 = ORIENTED_EDGE ( 'NONE', *, *, #3595, .F. ) ;
#3967 = VECTOR ( 'NONE', #4683, 1000.000000000000000 ) ;
#3968 = DIRECTION ( 'NONE',  ( -0.000000000000000000, -1.000000000000000000, -0.000000000000000000 ) ) ;
#3969 = EDGE_CURVE ( 'NONE', #889, #1816, #420, .T. ) ;
#3970 = VERTEX_POINT ( 'NONE', #1939 ) ;
#3971 = EDGE_CURVE ( 'NONE', #3128, #386, #3463, .T. ) ;
#3972 = LINE ( 'NONE', #4631, #3920 ) ;
#3973 = AXIS2_PLACEMENT_3D ( 'NONE', #3442, #1478, #2994 ) ;
#3974 = LINE ( 'NONE', #2745, #3967 ) ;
#3975 = CARTESIAN_POINT ( 'NONE',  ( -7.486189597789579153, 1.000000000000000000, 6.903168580185106151 ) ) ;
#3976 = VERTEX_POINT ( 'NONE', #1980 ) ;
#3977 = ADVANCED_FACE ( 'NONE', ( #3507 ), #1610, .T. ) ;
#3978 = EDGE_CURVE ( 'NONE', #157, #3116, #596, .T. ) ;
#3979 = FACE_OUTER_BOUND ( 'NONE', #611, .T. ) ;
#3980 = DIRECTION ( 'NONE',  ( 0.000000000000000000, 0.000000000000000000, 1.000000000000000000 ) ) ;
#3981 = CARTESIAN_POINT ( 'NONE',  ( 0.000000000000000000, 11.00000000000000000, 0.000000000000000000 ) ) ;
#3982 = VERTEX_POINT ( 'NONE', #990 ) ;
#3983 = ORIENTED_EDGE ( 'NONE', *, *, #2815, .F. ) ;
#3984 = ORIENTED_EDGE ( 'NONE', *, *, #3152, .T. ) ;
#3985 = FACE_BOUND ( 'NONE', #1231, .T. ) ;
#3986 = EDGE_CURVE ( 'NONE', #670, #2774, #2907, .T. ) ;
#3987 = DIRECTION ( 'NONE',  ( 0.000000000000000000, 0.000000000000000000, 1.000000000000000000 ) ) ;
#3988 = ORIENTED_EDGE ( 'NONE', *, *, #661, .T. ) ;
#3989 = DIRECTION ( 'NONE',  ( 0.000000000000000000, 0.000000000000000000, 1.000000000000000000 ) ) ;
#3990 = DIRECTION ( 'NONE',  ( 0.000000000000000000, 0.000000000000000000, 1.000000000000000000 ) ) ;
#3991 = VERTEX_POINT ( 'NONE', #921 ) ;
#3992 = EDGE_CURVE ( 'NONE', #318, #216, #4644, .T. ) ;
#3993 = EDGE_LOOP ( 'NONE', ( #2865, #1795, #3471, #2737, #2650 ) ) ;
#3994 = EDGE_CURVE ( 'NONE', #1085, #2236, #4032, .T. ) ;
#3995 = LINE ( 'NONE', #4680, #4624 ) ;
#3996 = ORIENTED_EDGE ( 'NONE', *, *, #462, .F. ) ;
#3997 = CARTESIAN_POINT ( 'NONE',  ( 25.96446609406946848, -0.000000000000000000, -1.754241817217168131E-12 ) ) ;
#3998 = LINE ( 'NONE', #3975, #50 ) ;
#3999 = VECTOR ( 'NONE', #2853, 1000.000000000000000 ) ;
#4000 = ORIENTED_EDGE ( 'NONE', *, *, #2998, .T. ) ;
#4001 = CARTESIAN_POINT ( 'NONE',  ( 7.236702193784083192, 0.000000000000000000, -6.673111140951775155 ) ) ;
#4002 = AXIS2_PLACEMENT_3D ( 'NONE', #2918, #3739, #2123 ) ;
#4003 = DIRECTION ( 'NONE',  ( 1.000000000000000000, 0.000000000000000000, -1.365861796562406859E-16 ) ) ;
#4004 = ORIENTED_EDGE ( 'NONE', *, *, #1931, .F. ) ;
#4005 = VECTOR ( 'NONE', #516, 1000.000000000000000 ) ;
#4006 = VERTEX_POINT ( 'NONE', #3211 ) ;
#4007 = ORIENTED_EDGE ( 'NONE', *, *, #2082, .F. ) ;
#4008 = DIRECTION ( 'NONE',  ( 0.000000000000000000, 0.000000000000000000, 1.000000000000000000 ) ) ;
#4009 = APPLICATION_CONTEXT ( 'automotive_design' ) ;
#4010 = ADVANCED_FACE ( 'NONE', ( #4724, #1365, #3985, #2805 ), #2468, .T. ) ;
#4011 = CARTESIAN_POINT ( 'NONE',  ( 27.00000000000000000, 11.00000000000000000, 2.124999999999992895 ) ) ;
#4012 = ORIENTED_EDGE ( 'NONE', *, *, #1064, .T. ) ;
#4013 = CARTESIAN_POINT ( 'NONE',  ( 0.000000000000000000, 9.400000000000000355, 4.075000000000000178 ) ) ;
#4014 = DIRECTION ( 'NONE',  ( 0.000000000000000000, 0.000000000000000000, -1.000000000000000000 ) ) ;
#4015 = ORIENTED_EDGE ( 'NONE', *, *, #1423, .T. ) ;
#4016 = VECTOR ( 'NONE', #871, 1000.000000000000000 ) ;
#4017 = ORIENTED_EDGE ( 'NONE', *, *, #2846, .T. ) ;
#4018 = DIRECTION ( 'NONE',  ( 0.000000000000000000, 1.000000000000000000, -0.000000000000000000 ) ) ;
#4019 = MECHANICAL_DESIGN_GEOMETRIC_PRESENTATION_REPRESENTATION (  '', ( #994 ), #831 ) ;
#4020 = CIRCLE ( 'NONE', #1552, 9.000000000000000000 ) ;
#4021 = ORIENTED_EDGE ( 'NONE', *, *, #1174, .F. ) ;
#4022 = AXIS2_PLACEMENT_3D ( 'NONE', #4684, #1254, #4287 ) ;
#4023 = CARTESIAN_POINT ( 'NONE',  ( 33.00000000000001421, 0.000000000000000000, 13.17157287525375864 ) ) ;
#4024 = VECTOR ( 'NONE', #860, 1000.000000000000000 ) ;
#4025 = DIRECTION ( 'NONE',  ( 0.000000000000000000, 0.000000000000000000, -1.000000000000000000 ) ) ;
#4026 = AXIS2_PLACEMENT_3D ( 'NONE', #355, #3418, #803 ) ;
#4027 = DIRECTION ( 'NONE',  ( 0.000000000000000000, -0.000000000000000000, -1.000000000000000000 ) ) ;
#4028 = DIRECTION ( 'NONE',  ( -1.000000000000000000, 0.000000000000000000, -0.000000000000000000 ) ) ;
#4029 = DIRECTION ( 'NONE',  ( 0.000000000000000000, 0.000000000000000000, 1.000000000000000000 ) ) ;
#4030 = ORIENTED_EDGE ( 'NONE', *, *, #3553, .F. ) ;
#4031 = ORIENTED_EDGE ( 'NONE', *, *, #820, .F. ) ;
#4032 = LINE ( 'NONE', #1685, #4883 ) ;
#4033 = DIRECTION ( 'NONE',  ( -0.000000000000000000, -1.000000000000000000, -0.000000000000000000 ) ) ;
#4034 = EDGE_CURVE ( 'NONE', #3733, #4591, #4420, .T. ) ;
#4035 = EDGE_LOOP ( 'NONE', ( #3738, #4839, #1195, #530 ) ) ;
#4036 = DIRECTION ( 'NONE',  ( 0.000000000000000000, 1.000000000000000000, -0.000000000000000000 ) ) ;
#4037 = EDGE_CURVE ( 'NONE', #3421, #4748, #603, .T. ) ;
#4038 = DIRECTION ( 'NONE',  ( 0.000000000000000000, 1.000000000000000000, -0.000000000000000000 ) ) ;
#4039 = VERTEX_POINT ( 'NONE', #573 ) ;
#4040 = ORIENTED_EDGE ( 'NONE', *, *, #138, .T. ) ;
#4041 = FACE_OUTER_BOUND ( 'NONE', #553, .T. ) ;
#4042 = ORIENTED_EDGE ( 'NONE', *, *, #4650, .F. ) ;
#4043 = CIRCLE ( 'NONE', #1099, 2.000000000000001776 ) ;
#4044 = DIRECTION ( 'NONE',  ( 0.000000000000000000, -0.000000000000000000, -1.000000000000000000 ) ) ;
#4045 = DIRECTION ( 'NONE',  ( -1.000000000000000000, 0.000000000000000000, 0.000000000000000000 ) ) ;
#4046 = VECTOR ( 'NONE', #4838, 1000.000000000000000 ) ;
#4047 = LINE ( 'NONE', #2599, #3546 ) ;
#4048 = CARTESIAN_POINT ( 'NONE',  ( 27.72963113701214510, 10.97999999999997911, -14.72963113701126403 ) ) ;
#4049 = CARTESIAN_POINT ( 'NONE',  ( -4.075000000000000178, 9.180000000000001492, 0.000000000000000000 ) ) ;
#4050 = CARTESIAN_POINT ( 'NONE',  ( 27.00000000000000000, 4.999999999999999112, -6.613092715395707467E-15 ) ) ;
#4051 = ORIENTED_EDGE ( 'NONE', *, *, #2809, .T. ) ;
#4052 = CARTESIAN_POINT ( 'NONE',  ( -22.58810389339260993, 1.000000000000000888, -2.190792864359584424 ) ) ;
#4053 = CARTESIAN_POINT ( 'NONE',  ( -7.500000000000043521, 8.000000000000000000, -17.37499999999955591 ) ) ;
#4054 = VECTOR ( 'NONE', #617, 1000.000000000000000 ) ;
#4055 = VERTEX_POINT ( 'NONE', #1757 ) ;
#4056 = LINE ( 'NONE', #576, #2248 ) ;
#4057 = LINE ( 'NONE', #3315, #2028 ) ;
#4058 = ORIENTED_EDGE ( 'NONE', *, *, #1341, .T. ) ;
#4059 = DIRECTION ( 'NONE',  ( 0.000000000000000000, 1.000000000000000000, -0.000000000000000000 ) ) ;
#4060 = ORIENTED_EDGE ( 'NONE', *, *, #4109, .F. ) ;
#4061 = EDGE_CURVE ( 'NONE', #4844, #1412, #1784, .T. ) ;
#4062 = CARTESIAN_POINT ( 'NONE',  ( 1.387778780781445676E-14, 7.272000000000000242, 8.999999999999989342 ) ) ;
#4063 = ORIENTED_EDGE ( 'NONE', *, *, #742, .T. ) ;
#4064 = EDGE_CURVE ( 'NONE', #4902, #1882, #515, .T. ) ;
#4065 = ADVANCED_FACE ( 'NONE', ( #2134 ), #241, .T. ) ;
#4066 = CARTESIAN_POINT ( 'NONE',  ( -15.36655977276631724, 13.08000000000000185, 15.79899999999999771 ) ) ;
#4067 = DIRECTION ( 'NONE',  ( -0.000000000000000000, -1.000000000000000000, 0.000000000000000000 ) ) ;
#4068 = DIRECTION ( 'NONE',  ( -0.000000000000000000, -1.000000000000000000, -0.000000000000000000 ) ) ;
#4069 = CARTESIAN_POINT ( 'NONE',  ( -22.32345575165347284, 0.000000000000000000, -2.190792864359584424 ) ) ;
#4070 = VECTOR ( 'NONE', #4220, 1000.000000000000000 ) ;
#4071 = CARTESIAN_POINT ( 'NONE',  ( -24.49999999999981881, 0.000000000000000000, 24.50000000000007105 ) ) ;
#4072 = EDGE_LOOP ( 'NONE', ( #1011, #1609, #4442, #1339 ) ) ;
#4073 = VERTEX_POINT ( 'NONE', #4052 ) ;
#4074 = DIRECTION ( 'NONE',  ( -0.000000000000000000, -1.000000000000000000, -0.000000000000000000 ) ) ;
#4075 = CARTESIAN_POINT ( 'NONE',  ( 12.26800095163325643, 1.000000000000000000, -7.278362661403708245 ) ) ;
#4076 = AXIS2_PLACEMENT_3D ( 'NONE', #3191, #2807, #1665 ) ;
#4077 = ORIENTED_EDGE ( 'NONE', *, *, #173, .F. ) ;
#4078 = CARTESIAN_POINT ( 'NONE',  ( -26.17157287525383325, 8.000000000000000000, -19.99999999999998934 ) ) ;
#4079 = DIRECTION ( 'NONE',  ( 0.000000000000000000, 1.000000000000000000, 0.000000000000000000 ) ) ;
#4080 = ORIENTED_EDGE ( 'NONE', *, *, #2459, .F. ) ;
#4081 = EDGE_CURVE ( 'NONE', #2404, #3356, #196, .T. ) ;
#4082 = LINE ( 'NONE', #1890, #1608 ) ;
#4083 = ORIENTED_EDGE ( 'NONE', *, *, #3994, .T. ) ;
#4084 = LINE ( 'NONE', #3645, #2564 ) ;
#4085 = AXIS2_PLACEMENT_3D ( 'NONE', #1091, #1440, #2609 ) ;
#4086 = EDGE_LOOP ( 'NONE', ( #3041, #2096, #2215, #1263 ) ) ;
#4087 = ORIENTED_EDGE ( 'NONE', *, *, #2547, .F. ) ;
#4088 = AXIS2_PLACEMENT_3D ( 'NONE', #2588, #3785, #4107 ) ;
#4089 = FACE_OUTER_BOUND ( 'NONE', #4455, .T. ) ;
#4090 = FACE_OUTER_BOUND ( 'NONE', #2497, .T. ) ;
#4091 = AXIS2_PLACEMENT_3D ( 'NONE', #3706, #1087, #3729 ) ;
#4092 = PRODUCT_RELATED_PRODUCT_CATEGORY ( 'part', '', ( #2379 ) ) ;
#4093 = CARTESIAN_POINT ( 'NONE',  ( 33.00000000000001421, 13.08000000000000185, -13.17157287525383325 ) ) ;
#4094 = EDGE_CURVE ( 'NONE', #2058, #4491, #3284, .T. ) ;
#4095 = AXIS2_PLACEMENT_3D ( 'NONE', #84, #1208, #3081 ) ;
#4096 = FACE_OUTER_BOUND ( 'NONE', #2041, .T. ) ;
#4097 = CARTESIAN_POINT ( 'NONE',  ( -24.50000000000009948, 13.08000000000000185, -24.49999999999992539 ) ) ;
#4098 = CIRCLE ( 'NONE', #1235, 22.03950000000000031 ) ;
#4099 = ORIENTED_EDGE ( 'NONE', *, *, #4123, .F. ) ;
#4100 = ORIENTED_EDGE ( 'NONE', *, *, #2297, .F. ) ;
#4101 = LINE ( 'NONE', #4864, #2506 ) ;
#4102 = VECTOR ( 'NONE', #4912, 1000.000000000000000 ) ;
#4103 = LINE ( 'NONE', #2553, #117 ) ;
#4104 = EDGE_CURVE ( 'NONE', #973, #4039, #3637, .T. ) ;
#4105 = ORIENTED_EDGE ( 'NONE', *, *, #600, .T. ) ;
#4106 = CARTESIAN_POINT ( 'NONE',  ( 0.000000000000000000, 9.180000000000001492, -4.075000000000000178 ) ) ;
#4107 = DIRECTION ( 'NONE',  ( 1.000000000000000000, 0.000000000000000000, 0.000000000000000000 ) ) ;
#4108 = DIRECTION ( 'NONE',  ( 0.000000000000000000, 0.000000000000000000, 1.000000000000000000 ) ) ;
#4109 = EDGE_CURVE ( 'NONE', #3912, #720, #219, .T. ) ;
#4110 = ORIENTED_EDGE ( 'NONE', *, *, #3667, .F. ) ;
#4111 = DIRECTION ( 'NONE',  ( -0.000000000000000000, 1.000000000000000000, -0.000000000000000000 ) ) ;
#4112 = VERTEX_POINT ( 'NONE', #3679 ) ;
#4113 = DIRECTION ( 'NONE',  ( -0.000000000000000000, -1.000000000000000000, -0.000000000000000000 ) ) ;
#4114 = ORIENTED_EDGE ( 'NONE', *, *, #2818, .T. ) ;
#4115 = CARTESIAN_POINT ( 'NONE',  ( -14.60007754174560546, 8.000000000000000000, -15.79900000000000482 ) ) ;
#4116 = DIRECTION ( 'NONE',  ( -0.000000000000000000, -1.000000000000000000, -0.000000000000000000 ) ) ;
#4117 = EDGE_CURVE ( 'NONE', #2315, #3559, #1663, .T. ) ;
#4118 = CARTESIAN_POINT ( 'NONE',  ( 1.387778780781445676E-14, 8.000000000000000000, -1.040834085586084257E-14 ) ) ;
#4119 = CARTESIAN_POINT ( 'NONE',  ( -2.835042593315604265, 0.000000000000000000, -10.75413279027304014 ) ) ;
#4120 = DIRECTION ( 'NONE',  ( -1.000000000000000000, 0.000000000000000000, -0.000000000000000000 ) ) ;
#4121 = CARTESIAN_POINT ( 'NONE',  ( -7.500000000000043521, 0.000000000000000000, -17.37499999999955591 ) ) ;
#4122 = EDGE_CURVE ( 'NONE', #973, #1316, #549, .T. ) ;
#4123 = EDGE_CURVE ( 'NONE', #4889, #3858, #4020, .T. ) ;
#4124 = ORIENTED_EDGE ( 'NONE', *, *, #1266, .F. ) ;
#4125 = VECTOR ( 'NONE', #3147, 1000.000000000000000 ) ;
#4126 = CARTESIAN_POINT ( 'NONE',  ( 1.387778780781445676E-14, 7.272000000000000242, -1.040834085586084257E-14 ) ) ;
#4127 = DIRECTION ( 'NONE',  ( 0.7071067811865462405, 0.000000000000000000, 0.7071067811865489050 ) ) ;
#4128 = AXIS2_PLACEMENT_3D ( 'NONE', #3866, #451, #74 ) ;
#4129 = ORIENTED_EDGE ( 'NONE', *, *, #1570, .T. ) ;
#4130 = DIRECTION ( 'NONE',  ( 0.000000000000000000, 0.000000000000000000, 1.000000000000000000 ) ) ;
#4131 = CARTESIAN_POINT ( 'NONE',  ( 12.34444290629390828, 1.000000000000000888, -7.354804616064358314 ) ) ;
#4132 = LINE ( 'NONE', #4827, #1013 ) ;
#4133 = VERTEX_POINT ( 'NONE', #2579 ) ;
#4134 = FACE_OUTER_BOUND ( 'NONE', #1411, .T. ) ;
#4135 = ORIENTED_EDGE ( 'NONE', *, *, #2125, .F. ) ;
#4136 = DIRECTION ( 'NONE',  ( 0.000000000000000000, 0.000000000000000000, -1.000000000000000000 ) ) ;
#4137 = ADVANCED_FACE ( 'NONE', ( #2606 ), #4517, .F. ) ;
#4138 = ORIENTED_EDGE ( 'NONE', *, *, #2665, .T. ) ;
#4139 = EDGE_CURVE ( 'NONE', #3344, #1710, #675, .T. ) ;
#4140 = LINE ( 'NONE', #2217, #4832 ) ;
#4141 = CARTESIAN_POINT ( 'NONE',  ( 0.000000000000000000, 1.000000000000000000, 2.425520671255319449 ) ) ;
#4142 = LINE ( 'NONE', #728, #4734 ) ;
#4143 = ORIENTED_EDGE ( 'NONE', *, *, #4139, .F. ) ;
#4144 = DIRECTION ( 'NONE',  ( 0.000000000000000000, 0.000000000000000000, 1.000000000000000000 ) ) ;
#4145 = CARTESIAN_POINT ( 'NONE',  ( -32.50000000000000000, 11.00000000000000000, -7.436000000000004384 ) ) ;
#4146 = ORIENTED_EDGE ( 'NONE', *, *, #462, .T. ) ;
#4147 = ORIENTED_EDGE ( 'NONE', *, *, #1387, .F. ) ;
#4148 = DIRECTION ( 'NONE',  ( 0.000000000000000000, 1.000000000000000000, 0.000000000000000000 ) ) ;
#4149 = DIRECTION ( 'NONE',  ( 0.000000000000000000, 1.000000000000000000, -0.000000000000000000 ) ) ;
#4150 = DIRECTION ( 'NONE',  ( -1.000000000000000000, 0.000000000000000000, 1.547478569114011300E-15 ) ) ;
#4151 = EDGE_CURVE ( 'NONE', #1682, #490, #4101, .T. ) ;
#4152 = ORIENTED_EDGE ( 'NONE', *, *, #3027, .F. ) ;
#4153 = EDGE_CURVE ( 'NONE', #62, #3065, #4484, .T. ) ;
#4154 = DIRECTION ( 'NONE',  ( 0.000000000000000000, 0.000000000000000000, -1.000000000000000000 ) ) ;
#4155 = FILL_AREA_STYLE_COLOUR ( '', #511 ) ;
#4156 = EDGE_CURVE ( 'NONE', #2484, #3160, #4445, .T. ) ;
#4157 = AXIS2_PLACEMENT_3D ( 'NONE', #3134, #2006, #3564 ) ;
#4158 = CARTESIAN_POINT ( 'NONE',  ( 0.000000000000000000, 59.49607912135621035, 0.000000000000000000 ) ) ;
#4159 = ORIENTED_EDGE ( 'NONE', *, *, #2424, .T. ) ;
#4160 = VECTOR ( 'NONE', #2141, 1000.000000000000000 ) ;
#4161 = LINE ( 'NONE', #1547, #585 ) ;
#4162 = ORIENTED_EDGE ( 'NONE', *, *, #3911, .F. ) ;
#4163 = CARTESIAN_POINT ( 'NONE',  ( 33.00000000000001421, 8.000000000000000000, 13.17157287525375864 ) ) ;
#4164 = ORIENTED_EDGE ( 'NONE', *, *, #3348, .T. ) ;
#4165 = AXIS2_PLACEMENT_3D ( 'NONE', #2313, #3493, #4653 ) ;
#4166 = CARTESIAN_POINT ( 'NONE',  ( -2.494211888400877685E-16, 1.000000000000000000, 2.343443022250649932 ) ) ;
#4167 = DIRECTION ( 'NONE',  ( 0.000000000000000000, -1.000000000000000000, 0.000000000000000000 ) ) ;
#4168 = FACE_OUTER_BOUND ( 'NONE', #880, .T. ) ;
#4169 = LINE ( 'NONE', #2698, #1125 ) ;
#4170 = VECTOR ( 'NONE', #2036, 1000.000000000000000 ) ;
#4171 = CARTESIAN_POINT ( 'NONE',  ( -2.835042593315604265, 1.000000000000000000, -10.75413279027304014 ) ) ;
#4172 = CIRCLE ( 'NONE', #4248, 21.51210508585769432 ) ;
#4173 = CYLINDRICAL_SURFACE ( 'NONE', #4341, 1.549999999999999378 ) ;
#4174 = ORIENTED_EDGE ( 'NONE', *, *, #1144, .F. ) ;
#4175 = CIRCLE ( 'NONE', #4807, 3.599999999999999201 ) ;
#4176 = FACE_OUTER_BOUND ( 'NONE', #3636, .T. ) ;
#4177 = AXIS2_PLACEMENT_3D ( 'NONE', #111, #1233, #4596 ) ;
#4178 = CARTESIAN_POINT ( 'NONE',  ( -3.496159038558402266, 1.000000000000000000, -3.791434197594532929 ) ) ;
#4179 = DIRECTION ( 'NONE',  ( -0.7071067811865561215, 0.000000000000000000, 0.7071067811865389130 ) ) ;
#4180 = VECTOR ( 'NONE', #2390, 1000.000000000000114 ) ;
#4181 = ORIENTED_EDGE ( 'NONE', *, *, #2023, .T. ) ;
#4182 = PLANE ( 'NONE',  #4085 ) ;
#4183 = DIRECTION ( 'NONE',  ( -0.000000000000000000, -1.000000000000000000, -0.000000000000000000 ) ) ;
#4184 = ORIENTED_EDGE ( 'NONE', *, *, #1824, .T. ) ;
#4185 = EDGE_CURVE ( 'NONE', #4133, #3812, #3461, .T. ) ;
#4186 = CARTESIAN_POINT ( 'NONE',  ( 0.000000000000000000, 9.180000000000001492, 4.075000000000000178 ) ) ;
#4187 = EDGE_CURVE ( 'NONE', #4748, #3421, #2339, .T. ) ;
#4188 = ORIENTED_EDGE ( 'NONE', *, *, #2444, .T. ) ;
#4189 = EDGE_CURVE ( 'NONE', #1672, #206, #436, .T. ) ;
#4190 = CARTESIAN_POINT ( 'NONE',  ( 7.500000000000007105, 6.399999999999987033, 15.82500000000062279 ) ) ;
#4191 = EDGE_LOOP ( 'NONE', ( #4404, #4802, #2608, #1510, #3514, #2307 ) ) ;
#4192 = LINE ( 'NONE', #2294, #1976 ) ;
#4193 = LINE ( 'NONE', #2239, #4575 ) ;
#4194 = EDGE_CURVE ( 'NONE', #1636, #1993, #356, .T. ) ;
#4195 = DIRECTION ( 'NONE',  ( 0.7315897338801824468, 0.000000000000000000, -0.6817451586048293155 ) ) ;
#4196 = ORIENTED_EDGE ( 'NONE', *, *, #1093, .F. ) ;
#4197 = CARTESIAN_POINT ( 'NONE',  ( 27.58578643762689353, 0.000000000000000000, -21.41421356237312423 ) ) ;
#4198 = CARTESIAN_POINT ( 'NONE',  ( 27.72963113701214510, 13.08000000000000185, -17.87963113701126971 ) ) ;
#4199 = DIRECTION ( 'NONE',  ( -0.000000000000000000, -1.000000000000000000, -0.000000000000000000 ) ) ;
#4200 = VERTEX_POINT ( 'NONE', #2981 ) ;
#4201 = CARTESIAN_POINT ( 'NONE',  ( -28.87152024816777640, 0.000000000000000000, 12.59705897006785058 ) ) ;
#4202 = ADVANCED_FACE ( 'NONE', ( #3750 ), #1037, .F. ) ;
#4203 = LINE ( 'NONE', #2653, #101 ) ;
#4204 = LINE ( 'NONE', #465, #1227 ) ;
#4205 = VECTOR ( 'NONE', #483, 1000.000000000000000 ) ;
#4206 = ORIENTED_EDGE ( 'NONE', *, *, #267, .F. ) ;
#4207 = CARTESIAN_POINT ( 'NONE',  ( -3.024896692450861124, 9.400000000000000355, 4.075000000000000178 ) ) ;
#4208 = VECTOR ( 'NONE', #4278, 1000.000000000000000 ) ;
#4209 = CARTESIAN_POINT ( 'NONE',  ( 7.500000000000007105, 6.399999999999987033, 15.82500000000062279 ) ) ;
#4210 = CARTESIAN_POINT ( 'NONE',  ( -27.72963113701302618, 13.08000000000000185, 14.72963113701316118 ) ) ;
#4211 = ORIENTED_EDGE ( 'NONE', *, *, #2928, .T. ) ;
#4212 = PLANE ( 'NONE',  #2375 ) ;
#4213 = EDGE_LOOP ( 'NONE', ( #4502, #4227, #4305, #392 ) ) ;
#4214 = ADVANCED_FACE ( 'NONE', ( #1511 ), #4465, .F. ) ;
#4215 = EDGE_CURVE ( 'NONE', #4692, #4818, #4538, .T. ) ;
#4216 = DIRECTION ( 'NONE',  ( -0.000000000000000000, -1.000000000000000000, -0.000000000000000000 ) ) ;
#4217 = DIRECTION ( 'NONE',  ( -1.000000000000000000, 0.000000000000000000, 5.302618942301481932E-16 ) ) ;
#4218 = EDGE_CURVE ( 'NONE', #2089, #3297, #1437, .T. ) ;
#4219 = CARTESIAN_POINT ( 'NONE',  ( 0.000000000000000000, 1.000000000000000000, 10.51234249137529275 ) ) ;
#4220 = DIRECTION ( 'NONE',  ( -1.000000000000000000, 0.000000000000000000, -1.026439173501821496E-16 ) ) ;
#4221 = DIRECTION ( 'NONE',  ( 1.000000000000000000, 0.000000000000000000, 0.000000000000000000 ) ) ;
#4222 = DIRECTION ( 'NONE',  ( 0.000000000000000000, 1.000000000000000000, 0.000000000000000000 ) ) ;
#4223 = ORIENTED_EDGE ( 'NONE', *, *, #2300, .F. ) ;
#4224 = DIRECTION ( 'NONE',  ( 0.000000000000000000, 0.000000000000000000, 1.000000000000000000 ) ) ;
#4225 = CARTESIAN_POINT ( 'NONE',  ( -7.500000000000043521, 6.399999999999987921, -17.37499999999955591 ) ) ;
#4226 = CYLINDRICAL_SURFACE ( 'NONE', #2736, 2.124999999999999112 ) ;
#4227 = ORIENTED_EDGE ( 'NONE', *, *, #4847, .T. ) ;
#4228 = DIRECTION ( 'NONE',  ( 0.000000000000000000, 1.000000000000000000, -0.000000000000000000 ) ) ;
#4229 = DIRECTION ( 'NONE',  ( 0.000000000000000000, 0.000000000000000000, 1.000000000000000000 ) ) ;
#4230 = VECTOR ( 'NONE', #3400, 1000.000000000000000 ) ;
#4231 = FACE_OUTER_BOUND ( 'NONE', #2855, .T. ) ;
#4232 = ORIENTED_EDGE ( 'NONE', *, *, #2051, .F. ) ;
#4233 = DIRECTION ( 'NONE',  ( 0.000000000000000000, 1.000000000000000000, -0.000000000000000000 ) ) ;
#4234 = VERTEX_POINT ( 'NONE', #1856 ) ;
#4235 = CARTESIAN_POINT ( 'NONE',  ( 0.000000000000000000, 13.08000000000000185, -15.79899999999999416 ) ) ;
#4236 = DIRECTION ( 'NONE',  ( 0.6779003566821587556, 0.000000000000000000, 0.7351537977934968771 ) ) ;
#4237 = CARTESIAN_POINT ( 'NONE',  ( 4.075000000000000178, 9.400000000000000355, -0.000000000000000000 ) ) ;
#4238 = CARTESIAN_POINT ( 'NONE',  ( -6.794587691794288453, -0.000000000000000000, -6.794587691794452766 ) ) ;
#4239 = LINE ( 'NONE', #391, #2115 ) ;
#4240 = EDGE_CURVE ( 'NONE', #4530, #3991, #2552, .T. ) ;
#4241 = ORIENTED_EDGE ( 'NONE', *, *, #3629, .F. ) ;
#4242 = EDGE_CURVE ( 'NONE', #1085, #1974, #367, .T. ) ;
#4243 = DIRECTION ( 'NONE',  ( 0.000000000000000000, 1.000000000000000000, -0.000000000000000000 ) ) ;
#4244 = AXIS2_PLACEMENT_3D ( 'NONE', #574, #2514, #1293 ) ;
#4245 = FACE_OUTER_BOUND ( 'NONE', #379, .T. ) ;
#4246 = FILL_AREA_STYLE_COLOUR ( '', #1393 ) ;
#4247 = AXIS2_PLACEMENT_3D ( 'NONE', #1810, #4150, #3657 ) ;
#4248 = AXIS2_PLACEMENT_3D ( 'NONE', #1961, #3085, #4250 ) ;
#4249 = ORIENTED_EDGE ( 'NONE', *, *, #600, .F. ) ;
#4250 = DIRECTION ( 'NONE',  ( 0.000000000000000000, 0.000000000000000000, 1.000000000000000000 ) ) ;
#4252 = DIRECTION ( 'NONE',  ( 0.000000000000000000, 1.000000000000000000, -0.000000000000000000 ) ) ;
#4251 = AXIS2_PLACEMENT_3D ( 'NONE', #357, #2546, #4906 ) ;
#4253 = CYLINDRICAL_SURFACE ( 'NONE', #4157, 3.650000000000014566 ) ;
#4254 = ORIENTED_EDGE ( 'NONE', *, *, #1260, .T. ) ;
#4255 = DIRECTION ( 'NONE',  ( 0.000000000000000000, 1.000000000000000000, -0.000000000000000000 ) ) ;
#4256 = ORIENTED_EDGE ( 'NONE', *, *, #656, .F. ) ;
#4257 = EDGE_CURVE ( 'NONE', #3970, #4678, #3030, .T. ) ;
#4258 = ORIENTED_EDGE ( 'NONE', *, *, #1284, .F. ) ;
#4259 = LINE ( 'NONE', #102, #2324 ) ;
#4260 = VERTEX_POINT ( 'NONE', #2652 ) ;
#4261 = FACE_OUTER_BOUND ( 'NONE', #352, .T. ) ;
#4262 = CARTESIAN_POINT ( 'NONE',  ( 27.00000000000000000, 4.999999999999999112, -2.125000000000005773 ) ) ;
#4263 = CARTESIAN_POINT ( 'NONE',  ( 12.26800095163325643, 0.000000000000000000, -7.278362661403708245 ) ) ;
#4264 = EDGE_LOOP ( 'NONE', ( #855, #959, #2604, #521 ) ) ;
#4265 = CARTESIAN_POINT ( 'NONE',  ( -3.496159038558402266, -0.000000000000000000, -3.791434197594532929 ) ) ;
#4266 = VECTOR ( 'NONE', #4896, 1000.000000000000000 ) ;
#4267 = CARTESIAN_POINT ( 'NONE',  ( 0.000000000000000000, 13.08000000000000185, 0.000000000000000000 ) ) ;
#4268 = CARTESIAN_POINT ( 'NONE',  ( 34.41421356237312068, 13.08000000000000185, 14.58578643762684734 ) ) ;
#4269 = ADVANCED_FACE ( 'NONE', ( #4176 ), #766, .F. ) ;
#4270 = ORIENTED_EDGE ( 'NONE', *, *, #2265, .F. ) ;
#4271 = ORIENTED_EDGE ( 'NONE', *, *, #1689, .T. ) ;
#4272 = ORIENTED_EDGE ( 'NONE', *, *, #1093, .T. ) ;
#4273 = CARTESIAN_POINT ( 'NONE',  ( 0.000000000000000000, 9.900000000000000355, 0.000000000000000000 ) ) ;
#4274 = CARTESIAN_POINT ( 'NONE',  ( 1.147510537885837234, 0.000000000000000000, -6.603271165197424963 ) ) ;
#4275 = DIRECTION ( 'NONE',  ( 0.000000000000000000, 1.000000000000000000, -0.000000000000000000 ) ) ;
#4276 = VERTEX_POINT ( 'NONE', #40 ) ;
#4277 = CIRCLE ( 'NONE', #2930, 1.999999999999998224 ) ;
#4278 = DIRECTION ( 'NONE',  ( -0.000000000000000000, -1.000000000000000000, -0.000000000000000000 ) ) ;
#4279 = ORIENTED_EDGE ( 'NONE', *, *, #806, .F. ) ;
#4280 = VERTEX_POINT ( 'NONE', #463 ) ;
#4281 = FACE_OUTER_BOUND ( 'NONE', #1529, .T. ) ;
#4282 = B_SPLINE_CURVE_WITH_KNOTS ( 'NONE', 3,
 ( #832, #2276, #3000, #4911 ),
 .UNSPECIFIED., .F., .F.,
 ( 4, 4 ),
 ( 1.734723475976807094E-18, 6.733469091269580554E-05 ),
 .UNSPECIFIED. ) ;
#4283 = EDGE_CURVE ( 'NONE', #4055, #1828, #3428, .T. ) ;
#4284 = ORIENTED_EDGE ( 'NONE', *, *, #1302, .T. ) ;
#4285 = DIRECTION ( 'NONE',  ( 0.000000000000000000, -1.000000000000000000, 0.000000000000000000 ) ) ;
#4286 = DIRECTION ( 'NONE',  ( 0.000000000000000000, 0.000000000000000000, 1.000000000000000000 ) ) ;
#4287 = DIRECTION ( 'NONE',  ( 0.000000000000000000, 0.000000000000000000, -1.000000000000000000 ) ) ;
#4288 = AXIS2_PLACEMENT_3D ( 'NONE', #3747, #711, #2601 ) ;
#4289 = ORIENTED_EDGE ( 'NONE', *, *, #381, .T. ) ;
#4290 = EDGE_CURVE ( 'NONE', #4818, #3865, #3536, .T. ) ;
#4291 = DIRECTION ( 'NONE',  ( -1.165858759961876426E-16, 0.000000000000000000, 1.000000000000000000 ) ) ;
#4292 = CARTESIAN_POINT ( 'NONE',  ( 3.832837471391402961E-15, 8.000000000000000000, 15.79900000000000126 ) ) ;
#4293 = CARTESIAN_POINT ( 'NONE',  ( 26.17157287525383325, 13.08000000000000185, 19.99999999999997513 ) ) ;
#4294 = ORIENTED_EDGE ( 'NONE', *, *, #1082, .F. ) ;
#4295 = EDGE_LOOP ( 'NONE', ( #3603, #1402, #1399, #2057 ) ) ;
#4296 = ORIENTED_EDGE ( 'NONE', *, *, #1512, .F. ) ;
#4297 = CARTESIAN_POINT ( 'NONE',  ( -4.457855367024930793, 8.000000000000000000, 2.425520671255319449 ) ) ;
#4298 = EDGE_CURVE ( 'NONE', #873, #4112, #885, .T. ) ;
#4299 = DIRECTION ( 'NONE',  ( 0.000000000000000000, 0.000000000000000000, -1.000000000000000000 ) ) ;
#4300 = ADVANCED_FACE ( 'NONE', ( #1187 ), #4635, .T. ) ;
#4301 = DIRECTION ( 'NONE',  ( -0.000000000000000000, -1.000000000000000000, 0.000000000000000000 ) ) ;
#4302 = ORIENTED_EDGE ( 'NONE', *, *, #2216, .F. ) ;
#4303 = DIRECTION ( 'NONE',  ( 1.000000000000000000, 0.000000000000000000, 0.000000000000000000 ) ) ;
#4304 = CARTESIAN_POINT ( 'NONE',  ( 13.45007162112024623, 1.000000000000000000, 14.92854154124080956 ) ) ;
#4305 = ORIENTED_EDGE ( 'NONE', *, *, #2331, .T. ) ;
#4306 = EDGE_CURVE ( 'NONE', #976, #3039, #680, .T. ) ;
#4307 = AXIS2_PLACEMENT_3D ( 'NONE', #4488, #3279, #4416 ) ;
#4308 = ORIENTED_EDGE ( 'NONE', *, *, #2945, .T. ) ;
#4309 = CARTESIAN_POINT ( 'NONE',  ( 0.000000000000000000, 0.000000000000000000, -6.603271165197424963 ) ) ;
#4310 = VERTEX_POINT ( 'NONE', #3453 ) ;
#4311 = DIRECTION ( 'NONE',  ( -0.000000000000000000, -1.000000000000000000, -0.000000000000000000 ) ) ;
#4312 = VECTOR ( 'NONE', #70, 1000.000000000000000 ) ;
#4313 = EDGE_CURVE ( 'NONE', #1094, #247, #3896, .T. ) ;
#4314 = PLANE ( 'NONE',  #1343 ) ;
#4315 = CARTESIAN_POINT ( 'NONE',  ( 27.72963113701214510, 13.08000000000000185, -11.57963113701125657 ) ) ;
#4316 = ORIENTED_EDGE ( 'NONE', *, *, #1592, .T. ) ;
#4317 = VECTOR ( 'NONE', #768, 1000.000000000000000 ) ;
#4318 = DIRECTION ( 'NONE',  ( 0.000000000000000000, 0.000000000000000000, 1.000000000000000000 ) ) ;
#4319 = CARTESIAN_POINT ( 'NONE',  ( 13.45007162112024623, 1.000000000000000000, 1.426954622693663577 ) ) ;
#4320 = CARTESIAN_POINT ( 'NONE',  ( -19.80090594518341973, 11.00000000000000000, -9.678000000000000824 ) ) ;
#4321 = ORIENTED_EDGE ( 'NONE', *, *, #2693, .T. ) ;
#4322 = AXIS2_PLACEMENT_3D ( 'NONE', #4078, #2634, #2587 ) ;
#4323 = EDGE_LOOP ( 'NONE', ( #2636, #222, #3168, #2074 ) ) ;
#4324 = ORIENTED_EDGE ( 'NONE', *, *, #4215, .T. ) ;
#4325 = DIRECTION ( 'NONE',  ( 0.000000000000000000, -1.000000000000000000, -0.000000000000000000 ) ) ;
#4326 = CARTESIAN_POINT ( 'NONE',  ( 35.00000000000001421, 8.000000000000000000, -13.17157287525383325 ) ) ;
#4327 = CIRCLE ( 'NONE', #1149, 1.549999999999995826 ) ;
#4328 = VECTOR ( 'NONE', #1012, 1000.000000000000000 ) ;
#4329 = DIRECTION ( 'NONE',  ( 0.000000000000000000, 0.000000000000000000, 1.000000000000000000 ) ) ;
#4330 = VERTEX_POINT ( 'NONE', #415 ) ;
#4331 = CARTESIAN_POINT ( 'NONE',  ( -27.58578643762681892, 0.000000000000000000, 21.41421356237309936 ) ) ;
#4332 = DIRECTION ( 'NONE',  ( 0.000000000000000000, 0.000000000000000000, -1.000000000000000000 ) ) ;
#4333 = ORIENTED_EDGE ( 'NONE', *, *, #2780, .F. ) ;
#4334 = CIRCLE ( 'NONE', #205, 3.650000000000014566 ) ;
#4335 = EDGE_CURVE ( 'NONE', #4338, #592, #3698, .T. ) ;
#4336 = VECTOR ( 'NONE', #3869, 1000.000000000000000 ) ;
#4337 = ADVANCED_FACE ( 'NONE', ( #2681 ), #1076, .F. ) ;
#4338 = VERTEX_POINT ( 'NONE', #4614 ) ;
#4339 = ADVANCED_FACE ( 'NONE', ( #812 ), #837, .F. ) ;
#4340 = DIRECTION ( 'NONE',  ( 0.000000000000000000, 0.000000000000000000, -1.000000000000000000 ) ) ;
#4341 = AXIS2_PLACEMENT_3D ( 'NONE', #834, #4199, #1598 ) ;
#4342 = ORIENTED_EDGE ( 'NONE', *, *, #2082, .T. ) ;
#4343 = CARTESIAN_POINT ( 'NONE',  ( 7.236702193784083192, 1.000000000000000000, -6.673111140951775155 ) ) ;
#4344 = EDGE_CURVE ( 'NONE', #2539, #1348, #1234, .T. ) ;
#4345 = CARTESIAN_POINT ( 'NONE',  ( -10.79222174222845965, 8.000000000000000000, -15.79900000000000482 ) ) ;
#4346 = AXIS2_PLACEMENT_3D ( 'NONE', #1581, #1185, #2321 ) ;
#4347 = DIRECTION ( 'NONE',  ( 0.000000000000000000, 0.000000000000000000, -1.000000000000000000 ) ) ;
#4348 = ORIENTED_EDGE ( 'NONE', *, *, #1835, .F. ) ;
#4349 = FACE_OUTER_BOUND ( 'NONE', #3956, .T. ) ;
#4350 = LINE ( 'NONE', #4639, #263 ) ;
#4351 = CARTESIAN_POINT ( 'NONE',  ( 32.19999999998507434, 1.000000000000000000, 10.51234249137529275 ) ) ;
#4352 = EDGE_LOOP ( 'NONE', ( #3831, #943, #4321, #2904 ) ) ;
#4353 = EDGE_LOOP ( 'NONE', ( #1388, #2406, #3207, #712, #2856 ) ) ;
#4354 = ORIENTED_EDGE ( 'NONE', *, *, #2951, .T. ) ;
#4355 = CARTESIAN_POINT ( 'NONE',  ( 7.500000000000007105, 6.399999999999987033, 17.37500000000062172 ) ) ;
#4356 = APPLICATION_CONTEXT ( 'automotive_design' ) ;
#4357 = EDGE_CURVE ( 'NONE', #4678, #4039, #3850, .T. ) ;
#4358 = DIRECTION ( 'NONE',  ( 0.000000000000000000, 0.000000000000000000, -1.000000000000000000 ) ) ;
#4359 = VERTEX_POINT ( 'NONE', #1957 ) ;
#4360 = CARTESIAN_POINT ( 'NONE',  ( 3.024896692450861124, 9.400000000000000355, -4.075000000000000178 ) ) ;
#4361 = CARTESIAN_POINT ( 'NONE',  ( -27.00000000000000000, 4.999999999999999112, -2.124999999999999556 ) ) ;
#4362 = ORIENTED_EDGE ( 'NONE', *, *, #2725, .T. ) ;
#4363 = EDGE_LOOP ( 'NONE', ( #1618, #159, #4143, #713 ) ) ;
#4364 = AXIS2_PLACEMENT_3D ( 'NONE', #134, #1650, #4286 ) ;
#4365 = DIRECTION ( 'NONE',  ( 0.000000000000000000, 0.000000000000000000, 1.000000000000000000 ) ) ;
#4366 = VERTEX_POINT ( 'NONE', #3481 ) ;
#4367 = EDGE_CURVE ( 'NONE', #901, #4469, #63, .T. ) ;
#4368 = VECTOR ( 'NONE', #96, 1000.000000000000000 ) ;
#4369 = LINE ( 'NONE', #4713, #2208 ) ;
#4370 = DIRECTION ( 'NONE',  ( 0.000000000000000000, -1.000000000000000000, 0.000000000000000000 ) ) ;
#4371 = EDGE_CURVE ( 'NONE', #443, #3559, #1975, .T. ) ;
#4372 = ORIENTED_EDGE ( 'NONE', *, *, #4729, .F. ) ;
#4373 = CARTESIAN_POINT ( 'NONE',  ( 0.000000000000000000, 13.08000000000000185, -15.79900000000000482 ) ) ;
#4374 = LINE ( 'NONE', #4292, #3202 ) ;
#4375 = DIRECTION ( 'NONE',  ( 0.000000000000000000, 1.000000000000000000, -0.000000000000000000 ) ) ;
#4376 = ORIENTED_EDGE ( 'NONE', *, *, #4466, .F. ) ;
#4377 = ORIENTED_EDGE ( 'NONE', *, *, #3730, .F. ) ;
#4378 = EDGE_LOOP ( 'NONE', ( #3432, #2866, #1780, #944 ) ) ;
#4379 = CARTESIAN_POINT ( 'NONE',  ( -32.99999999999998579, 8.000000000000000000, 13.17157287525381371 ) ) ;
#4380 = CARTESIAN_POINT ( 'NONE',  ( 1.449929605838173889E-14, 0.000000000000000000, 5.074999999999990408 ) ) ;
#4381 = ORIENTED_EDGE ( 'NONE', *, *, #4560, .F. ) ;
#4382 = CARTESIAN_POINT ( 'NONE',  ( 0.000000000000000000, 13.08000000000000185, 0.000000000000000000 ) ) ;
#4383 = DIRECTION ( 'NONE',  ( 0.000000000000000000, 1.000000000000000000, -0.000000000000000000 ) ) ;
#4384 = VERTEX_POINT ( 'NONE', #4201 ) ;
#4385 = EDGE_LOOP ( 'NONE', ( #2064, #4030, #137, #1635 ) ) ;
#4386 = DIRECTION ( 'NONE',  ( -0.6779003566821590887, 0.000000000000000000, -0.7351537977934968771 ) ) ;
#4387 = ORIENTED_EDGE ( 'NONE', *, *, #4846, .T. ) ;
#4388 = CARTESIAN_POINT ( 'NONE',  ( -22.58810389339260993, 0.000000000000000000, 2.425520671255320782 ) ) ;
#4389 = FACE_OUTER_BOUND ( 'NONE', #1599, .T. ) ;
#4390 = DIRECTION ( 'NONE',  ( 0.000000000000000000, 1.000000000000000000, 0.000000000000000000 ) ) ;
#4391 = DIRECTION ( 'NONE',  ( 0.000000000000000000, -0.000000000000000000, 1.000000000000000000 ) ) ;
#4392 = DIRECTION ( 'NONE',  ( -1.000000000000000000, 0.000000000000000000, 1.365861796562406859E-16 ) ) ;
#4393 = ORIENTED_EDGE ( 'NONE', *, *, #2291, .T. ) ;
#4394 = AXIS2_PLACEMENT_3D ( 'NONE', #2306, #369, #2250 ) ;
#4395 = ORIENTED_EDGE ( 'NONE', *, *, #4335, .T. ) ;
#4396 = ORIENTED_EDGE ( 'NONE', *, *, #4878, .F. ) ;
#4397 = DIRECTION ( 'NONE',  ( 1.000000000000000000, -0.000000000000000000, -0.000000000000000000 ) ) ;
#4398 = AXIS2_PLACEMENT_3D ( 'NONE', #1789, #928, #2449 ) ;
#4399 = CARTESIAN_POINT ( 'NONE',  ( -27.00000000000000000, 11.00000000000000000, 0.000000000000000000 ) ) ;
#4400 = ORIENTED_EDGE ( 'NONE', *, *, #2602, .T. ) ;
#4401 = DIRECTION ( 'NONE',  ( 0.000000000000000000, 0.000000000000000000, 1.000000000000000000 ) ) ;
#4402 = CARTESIAN_POINT ( 'NONE',  ( -1.507532476101631103, 8.000000000000000000, 4.845923114691228939 ) ) ;
#4403 = EDGE_CURVE ( 'NONE', #2183, #2804, #1994, .T. ) ;
#4404 = ORIENTED_EDGE ( 'NONE', *, *, #3234, .F. ) ;
#4405 = AXIS2_PLACEMENT_3D ( 'NONE', #174, #3212, #969 ) ;
#4406 = ORIENTED_EDGE ( 'NONE', *, *, #4585, .T. ) ;
#4407 = DIRECTION ( 'NONE',  ( -1.663433470114739878E-15, 0.000000000000000000, 1.000000000000000000 ) ) ;
#4408 = VECTOR ( 'NONE', #3959, 1000.000000000000000 ) ;
#4409 = EDGE_CURVE ( 'NONE', #2058, #3265, #1583, .T. ) ;
#4410 = ORIENTED_EDGE ( 'NONE', *, *, #3032, .F. ) ;
#4411 = PLANE ( 'NONE',  #3089 ) ;
#4412 = VECTOR ( 'NONE', #1629, 1000.000000000000000 ) ;
#4413 = CARTESIAN_POINT ( 'NONE',  ( 32.50000000000000711, 13.08000000000000185, -9.678000000000004377 ) ) ;
#4414 = VECTOR ( 'NONE', #3619, 1000.000000000000000 ) ;
#4415 = PLANE ( 'NONE',  #277 ) ;
#4416 = DIRECTION ( 'NONE',  ( 0.000000000000000000, 0.000000000000000000, 1.000000000000000000 ) ) ;
#4417 = DIRECTION ( 'NONE',  ( -1.000000000000000000, 0.000000000000000000, 0.000000000000000000 ) ) ;
#4418 = ORIENTED_EDGE ( 'NONE', *, *, #2050, .T. ) ;
#4419 = ORIENTED_EDGE ( 'NONE', *, *, #3532, .F. ) ;
#4420 = LINE ( 'NONE', #1319, #4328 ) ;
#4421 = EDGE_CURVE ( 'NONE', #3013, #673, #2374, .T. ) ;
#4422 = ADVANCED_FACE ( 'NONE', ( #4662, #1257 ), #4767, .T. ) ;
#4423 = DIRECTION ( 'NONE',  ( -0.000000000000000000, -1.000000000000000000, -0.000000000000000000 ) ) ;
#4424 = ORIENTED_EDGE ( 'NONE', *, *, #1444, .T. ) ;
#4425 = ADVANCED_FACE ( 'NONE', ( #3555 ), #4717, .F. ) ;
#4426 = CARTESIAN_POINT ( 'NONE',  ( 3.910986304534841640, 0.000000000000000000, -3.606400482158622189 ) ) ;
#4427 = CARTESIAN_POINT ( 'NONE',  ( 25.96446609407047745, 1.000000000000000000, 14.92854154124080956 ) ) ;
#4428 = ORIENTED_EDGE ( 'NONE', *, *, #1051, .T. ) ;
#4429 = EDGE_CURVE ( 'NONE', #930, #4234, #4334, .T. ) ;
#4430 = DIRECTION ( 'NONE',  ( -0.000000000000000000, -1.000000000000000000, -0.000000000000000000 ) ) ;
#4431 = ORIENTED_EDGE ( 'NONE', *, *, #3548, .F. ) ;
#4432 = LINE ( 'NONE', #1025, #1452 ) ;
#4433 = ORIENTED_EDGE ( 'NONE', *, *, #3429, .T. ) ;
#4434 = VECTOR ( 'NONE', #1005, 1000.000000000000000 ) ;
#4435 = CARTESIAN_POINT ( 'NONE',  ( 22.69035466658174371, 0.000000000000000000, -7.354804616064358314 ) ) ;
#4436 = CARTESIAN_POINT ( 'NONE',  ( -10.13294086911105829, 7.961904761904749606, -14.91987833707429090 ) ) ;
#4437 = AXIS2_PLACEMENT_3D ( 'NONE', #3157, #941, #2403 ) ;
#4438 = LINE ( 'NONE', #2949, #3624 ) ;
#4439 = VECTOR ( 'NONE', #2617, 1000.000000000000000 ) ;
#4440 = DIRECTION ( 'NONE',  ( 0.000000000000000000, 0.000000000000000000, -1.000000000000000000 ) ) ;
#4441 = CARTESIAN_POINT ( 'NONE',  ( 0.000000000000000000, 9.180000000000001492, 0.000000000000000000 ) ) ;
#4442 = ORIENTED_EDGE ( 'NONE', *, *, #3720, .T. ) ;
#4443 = VERTEX_POINT ( 'NONE', #1677 ) ;
#4444 = ADVANCED_FACE ( 'NONE', ( #212 ), #140, .T. ) ;
#4445 = LINE ( 'NONE', #3004, #2900 ) ;
#4446 = DIRECTION ( 'NONE',  ( 0.7071067811865460184, 0.000000000000000000, -0.7071067811865490160 ) ) ;
#4447 = ORIENTED_EDGE ( 'NONE', *, *, #346, .F. ) ;
#4448 = LINE ( 'NONE', #1067, #825 ) ;
#4449 = DIRECTION ( 'NONE',  ( -0.000000000000000000, -1.000000000000000000, -0.000000000000000000 ) ) ;
#4450 = ADVANCED_FACE ( 'NONE', ( #2401 ), #4415, .T. ) ;
#4451 = VERTEX_POINT ( 'NONE', #3580 ) ;
#4452 = CARTESIAN_POINT ( 'NONE',  ( 0.000000000000000000, 11.00000000000000000, 0.000000000000000000 ) ) ;
#4453 = VERTEX_POINT ( 'NONE', #2797 ) ;
#4454 = DIRECTION ( 'NONE',  ( -0.000000000000000000, 1.000000000000000000, -0.000000000000000000 ) ) ;
#4455 = EDGE_LOOP ( 'NONE', ( #2722, #1015, #115, #2518 ) ) ;
#4456 = VERTEX_POINT ( 'NONE', #513 ) ;
#4457 = DIRECTION ( 'NONE',  ( -0.7071067811865474617, 0.000000000000000000, 0.7071067811865474617 ) ) ;
#4458 = CARTESIAN_POINT ( 'NONE',  ( 0.000000000000000000, 8.000000000000000000, 0.000000000000000000 ) ) ;
#4459 = DIRECTION ( 'NONE',  ( -0.000000000000000000, -1.000000000000000000, -0.000000000000000000 ) ) ;
#4460 = CARTESIAN_POINT ( 'NONE',  ( 26.17157287525383325, 13.08000000000000185, 21.99999999999997513 ) ) ;
#4461 = VECTOR ( 'NONE', #730, 1000.000000000000000 ) ;
#4462 = DIRECTION ( 'NONE',  ( -0.000000000000000000, -1.000000000000000000, -0.000000000000000000 ) ) ;
#4463 = ORIENTED_EDGE ( 'NONE', *, *, #4034, .F. ) ;
#4464 = ORIENTED_EDGE ( 'NONE', *, *, #3429, .F. ) ;
#4465 = CYLINDRICAL_SURFACE ( 'NONE', #2982, 22.03950000000000031 ) ;
#4466 = EDGE_CURVE ( 'NONE', #1350, #1670, #1729, .T. ) ;
#4467 = DIRECTION ( 'NONE',  ( 0.000000000000000000, 0.000000000000000000, 1.000000000000000000 ) ) ;
#4468 = AXIS2_PLACEMENT_3D ( 'NONE', #853, #2475, #581 ) ;
#4469 = VERTEX_POINT ( 'NONE', #615 ) ;
#4470 = LINE ( 'NONE', #4106, #2173 ) ;
#4471 = CYLINDRICAL_SURFACE ( 'NONE', #2178, 1.549999999999999378 ) ;
#4472 = VERTEX_POINT ( 'NONE', #1335 ) ;
#4473 = ADVANCED_FACE ( 'NONE', ( #4349 ), #2075, .F. ) ;
#4474 = PLANE ( 'NONE',  #2882 ) ;
#4475 = CIRCLE ( 'NONE', #2573, 2.000000000000007105 ) ;
#4476 = ORIENTED_EDGE ( 'NONE', *, *, #4064, .T. ) ;
#4477 = CARTESIAN_POINT ( 'NONE',  ( 7.500000000000007105, 13.08000000000000185, 17.37500000000062172 ) ) ;
#4478 = VERTEX_POINT ( 'NONE', #1654 ) ;
#4479 = VECTOR ( 'NONE', #3217, 1000.000000000000114 ) ;
#4480 = ADVANCED_FACE ( 'NONE', ( #939 ), #2462, .F. ) ;
#4481 = LINE ( 'NONE', #280, #2927 ) ;
#4482 = AXIS2_PLACEMENT_3D ( 'NONE', #2799, #1259, #3602 ) ;
#4483 = DIRECTION ( 'NONE',  ( 0.000000000000000000, 0.000000000000000000, -1.000000000000000000 ) ) ;
#4484 = CIRCLE ( 'NONE', #1947, 21.51210508585769432 ) ;
#4485 = CARTESIAN_POINT ( 'NONE',  ( -10.13294086911105829, 13.08000000000000185, -14.91987833707429090 ) ) ;
#4486 = EDGE_CURVE ( 'NONE', #865, #304, #3255, .T. ) ;
#4487 = VECTOR ( 'NONE', #3819, 1000.000000000000000 ) ;
#4488 = CARTESIAN_POINT ( 'NONE',  ( 1.387778780781445676E-14, 7.272000000000000242, -1.040834085586084257E-14 ) ) ;
#4489 = DIRECTION ( 'NONE',  ( 0.000000000000000000, 0.000000000000000000, 1.000000000000000000 ) ) ;
#4490 = AXIS2_PLACEMENT_3D ( 'NONE', #1969, #3020, #3071 ) ;
#4491 = VERTEX_POINT ( 'NONE', #983 ) ;
#4492 = ORIENTED_EDGE ( 'NONE', *, *, #1444, .F. ) ;
#4493 = DIRECTION ( 'NONE',  ( -0.000000000000000000, -1.000000000000000000, -0.000000000000000000 ) ) ;
#4494 = CARTESIAN_POINT ( 'NONE',  ( 3.024896692450861124, 9.180000000000001492, -4.075000000000000178 ) ) ;
#4495 = ADVANCED_FACE ( 'NONE', ( #3979 ), #2027, .T. ) ;
#4496 = VERTEX_POINT ( 'NONE', #2129 ) ;
#4497 = FACE_OUTER_BOUND ( 'NONE', #1781, .T. ) ;
#4498 = ADVANCED_FACE ( 'NONE', ( #962 ), #2480, .T. ) ;
#4499 = CARTESIAN_POINT ( 'NONE',  ( -32.50000000000000000, 11.00000000000000000, 9.677999999999993719 ) ) ;
#4500 = VERTEX_POINT ( 'NONE', #3180 ) ;
#4501 = LINE ( 'NONE', #2710, #497 ) ;
#4502 = ORIENTED_EDGE ( 'NONE', *, *, #10, .F. ) ;
#4503 = ADVANCED_FACE ( 'NONE', ( #1751 ), #3277, .F. ) ;
#4504 = DIRECTION ( 'NONE',  ( 0.000000000000000000, -1.000000000000000000, 0.000000000000000000 ) ) ;
#4505 = ORIENTED_EDGE ( 'NONE', *, *, #365, .F. ) ;
#4506 = VECTOR ( 'NONE', #1990, 1000.000000000000000 ) ;
#4507 = DIRECTION ( 'NONE',  ( 1.000000000000000000, -0.000000000000000000, -0.000000000000000000 ) ) ;
#4508 = DIRECTION ( 'NONE',  ( -1.026439173501821373E-16, 0.000000000000000000, 1.000000000000000000 ) ) ;
#4509 = LINE ( 'NONE', #2622, #1786 ) ;
#4510 = DIRECTION ( 'NONE',  ( -0.000000000000000000, 1.000000000000000000, 0.000000000000000000 ) ) ;
#4511 = CARTESIAN_POINT ( 'NONE',  ( -3.024896692450861124, 9.180000000000001492, 4.075000000000000178 ) ) ;
#4512 = EDGE_CURVE ( 'NONE', #3615, #4478, #41, .T. ) ;
#4513 = EDGE_LOOP ( 'NONE', ( #1456, #4613 ) ) ;
#4514 = ORIENTED_EDGE ( 'NONE', *, *, #73, .T. ) ;
#4515 = VECTOR ( 'NONE', #3519, 1000.000000000000000 ) ;
#4516 = ADVANCED_FACE ( 'NONE', ( #4835 ), #2197, .F. ) ;
#4517 = PLANE ( 'NONE',  #2105 ) ;
#4518 = DIRECTION ( 'NONE',  ( 0.000000000000000000, 0.000000000000000000, 1.000000000000000000 ) ) ;
#4519 = FACE_OUTER_BOUND ( 'NONE', #4385, .T. ) ;
#4520 = VECTOR ( 'NONE', #2039, 1000.000000000000114 ) ;
#4521 = ORIENTED_EDGE ( 'NONE', *, *, #3028, .F. ) ;
#4522 = PLANE ( 'NONE',  #1304 ) ;
#4523 = SURFACE_STYLE_FILL_AREA ( #1493 ) ;
#4524 = DIRECTION ( 'NONE',  ( -0.000000000000000000, -1.000000000000000000, -0.000000000000000000 ) ) ;
#4525 = CIRCLE ( 'NONE', #4685, 5.075000000000016165 ) ;
#4526 = ORIENTED_EDGE ( 'NONE', *, *, #836, .F. ) ;
#4527 = CARTESIAN_POINT ( 'NONE',  ( -28.87152024816777640, 1.000000000000000888, 2.425520671255319449 ) ) ;
#4528 = VERTEX_POINT ( 'NONE', #687 ) ;
#4529 = FACE_OUTER_BOUND ( 'NONE', #3129, .T. ) ;
#4530 = VERTEX_POINT ( 'NONE', #4857 ) ;
#4531 = LINE ( 'NONE', #354, #3329 ) ;
#4532 = FACE_OUTER_BOUND ( 'NONE', #402, .T. ) ;
#4533 = DIRECTION ( 'NONE',  ( 0.6817451586048293155, -0.000000000000000000, 0.7315897338801824468 ) ) ;
#4534 = CARTESIAN_POINT ( 'NONE',  ( 7.500000000000007105, 7.961904761904749606, 17.37500000000062172 ) ) ;
#4535 = PLANE ( 'NONE',  #1100 ) ;
#4536 = CARTESIAN_POINT ( 'NONE',  ( 5.610824616411184351, 0.000000000000000000, -19.19999999999962625 ) ) ;
#4537 = VERTEX_POINT ( 'NONE', #1408 ) ;
#4538 = LINE ( 'NONE', #2249, #833 ) ;
#4539 = DIRECTION ( 'NONE',  ( -0.7071067811865489050, 0.000000000000000000, -0.7071067811865461294 ) ) ;
#4540 = EDGE_CURVE ( 'NONE', #938, #2089, #659, .T. ) ;
#4541 =( NAMED_UNIT ( * ) SI_UNIT ( $, .STERADIAN. ) SOLID_ANGLE_UNIT ( ) );
#4542 = ADVANCED_FACE ( 'NONE', ( #285 ), #3673, .F. ) ;
#4543 = ADVANCED_FACE ( 'NONE', ( #1848 ), #2922, .F. ) ;
#4544 = VERTEX_POINT ( 'NONE', #3324 ) ;
#4545 = CARTESIAN_POINT ( 'NONE',  ( -13.44309202176727247, 1.000000000000000000, -15.19171949462534421 ) ) ;
#4546 = CARTESIAN_POINT ( 'NONE',  ( 9.344217704628091425, 1.000000000000000888, -5.266477053725039603 ) ) ;
#4547 = AXIS2_PLACEMENT_3D ( 'NONE', #2165, #700, #4407 ) ;
#4548 = EDGE_CURVE ( 'NONE', #3283, #4006, #1430, .T. ) ;
#4549 = CARTESIAN_POINT ( 'NONE',  ( -10.06633144364698573, -0.000000000000000000, 10.06633144364694843 ) ) ;
#4550 = ORIENTED_EDGE ( 'NONE', *, *, #3823, .F. ) ;
#4551 = CIRCLE ( 'NONE', #3521, 22.03950000000000031 ) ;
#4552 = CARTESIAN_POINT ( 'NONE',  ( 7.500000000000007105, 8.000000000000000000, 13.72500000000060894 ) ) ;
#4553 = ORIENTED_EDGE ( 'NONE', *, *, #2513, .T. ) ;
#4554 = CIRCLE ( 'NONE', #2411, 21.51210508585769432 ) ;
#4555 = FACE_OUTER_BOUND ( 'NONE', #2616, .T. ) ;
#4556 = ORIENTED_EDGE ( 'NONE', *, *, #3755, .F. ) ;
#4557 = VECTOR ( 'NONE', #1761, 1000.000000000000000 ) ;
#4558 = LINE ( 'NONE', #29, #2296 ) ;
#4559 = CARTESIAN_POINT ( 'NONE',  ( -11.97111815167931148, 30.02194427534240262, 12.59705897006785236 ) ) ;
#4560 = EDGE_CURVE ( 'NONE', #4748, #1050, #4438, .T. ) ;
#4561 = CARTESIAN_POINT ( 'NONE',  ( 0.000000000000000000, 1.000000000000000000, -6.603271165197424963 ) ) ;
#4562 = ORIENTED_EDGE ( 'NONE', *, *, #2938, .T. ) ;
#4563 = CARTESIAN_POINT ( 'NONE',  ( -27.00000000000000000, 11.00000000000000000, -2.124999999999999112 ) ) ;
#4564 = VECTOR ( 'NONE', #1112, 1000.000000000000000 ) ;
#4565 = CARTESIAN_POINT ( 'NONE',  ( 26.17157287525383325, 8.000000000000000000, 21.99999999999997868 ) ) ;
#4566 = VECTOR ( 'NONE', #172, 1000.000000000000000 ) ;
#4567 = CARTESIAN_POINT ( 'NONE',  ( -27.72963113701302618, 13.08000000000000185, 17.87963113701314910 ) ) ;
#4568 = ORIENTED_EDGE ( 'NONE', *, *, #3086, .T. ) ;
#4569 = DIRECTION ( 'NONE',  ( 0.7071067811865350272, 0.000000000000000000, 0.7071067811865600072 ) ) ;
#4570 = VECTOR ( 'NONE', #1535, 1000.000000000000114 ) ;
#4571 = CARTESIAN_POINT ( 'NONE',  ( -10.73669955355786421, 13.08000000000000185, -15.79900000000000482 ) ) ;
#4572 = DIRECTION ( 'NONE',  ( 1.000000000000000000, 0.000000000000000000, 0.000000000000000000 ) ) ;
#4573 = VECTOR ( 'NONE', #3990, 1000.000000000000000 ) ;
#4574 = ORIENTED_EDGE ( 'NONE', *, *, #3969, .F. ) ;
#4575 = VECTOR ( 'NONE', #56, 1000.000000000000000 ) ;
#4576 = FACE_BOUND ( 'NONE', #1946, .T. ) ;
#4577 = EDGE_CURVE ( 'NONE', #3039, #3639, #308, .T. ) ;
#4578 = DIRECTION ( 'NONE',  ( 0.7315897338801824468, 0.000000000000000000, -0.6817451586048293155 ) ) ;
#4579 = ADVANCED_FACE ( 'NONE', ( #3371 ), #1031, .T. ) ;
#4580 = CARTESIAN_POINT ( 'NONE',  ( 33.00000000000001421, 13.08000000000000185, 13.17157287525375864 ) ) ;
#4581 = AXIS2_PLACEMENT_3D ( 'NONE', #3800, #4222, #3826 ) ;
#4582 = EDGE_CURVE ( 'NONE', #1039, #1646, #999, .T. ) ;
#4583 = DIRECTION ( 'NONE',  ( -0.000000000000000000, 1.000000000000000000, -0.000000000000000000 ) ) ;
#4584 = ORIENTED_EDGE ( 'NONE', *, *, #2230, .T. ) ;
#4585 = EDGE_CURVE ( 'NONE', #2917, #795, #4047, .T. ) ;
#4586 = CARTESIAN_POINT ( 'NONE',  ( 0.000000000000000000, 8.000000000000000000, -21.51210508585769432 ) ) ;
#4587 = ORIENTED_EDGE ( 'NONE', *, *, #3465, .F. ) ;
#4588 = DIRECTION ( 'NONE',  ( -0.000000000000000000, -1.000000000000000000, -0.000000000000000000 ) ) ;
#4589 = DIRECTION ( 'NONE',  ( -0.000000000000000000, -1.000000000000000000, -0.000000000000000000 ) ) ;
#4590 = DIRECTION ( 'NONE',  ( -0.000000000000000000, 1.000000000000000000, -0.000000000000000000 ) ) ;
#4591 = VERTEX_POINT ( 'NONE', #1825 ) ;
#4592 = PLANE ( 'NONE',  #2489 ) ;
#4593 = CARTESIAN_POINT ( 'NONE',  ( 22.69035466658174371, 1.000000000000000888, -7.354804616064358314 ) ) ;
#4594 = LINE ( 'NONE', #1881, #4102 ) ;
#4595 = ORIENTED_EDGE ( 'NONE', *, *, #473, .F. ) ;
#4596 = DIRECTION ( 'NONE',  ( 0.000000000000000000, 0.000000000000000000, 1.000000000000000000 ) ) ;
#4597 = PLANE ( 'NONE',  #3760 ) ;
#4598 = AXIS2_PLACEMENT_3D ( 'NONE', #3550, #1332, #2822 ) ;
#4599 = ORIENTED_EDGE ( 'NONE', *, *, #3169, .F. ) ;
#4600 = FACE_OUTER_BOUND ( 'NONE', #732, .T. ) ;
#4601 = AXIS2_PLACEMENT_3D ( 'NONE', #702, #1097, #750 ) ;
#4602 = CARTESIAN_POINT ( 'NONE',  ( 7.500000000000007105, 6.399999999999987033, 17.37500000000062172 ) ) ;
#4603 = DIRECTION ( 'NONE',  ( 0.000000000000000000, 0.000000000000000000, 1.000000000000000000 ) ) ;
#4604 = ORIENTED_EDGE ( 'NONE', *, *, #1630, .T. ) ;
#4605 = CARTESIAN_POINT ( 'NONE',  ( -27.00000000000000000, 11.00000000000000000, 0.000000000000000000 ) ) ;
#4606 = VERTEX_POINT ( 'NONE', #257 ) ;
#4607 = ADVANCED_FACE ( 'NONE', ( #1774 ), #1481, .T. ) ;
#4608 = DIRECTION ( 'NONE',  ( -1.000000000000000000, 0.000000000000000000, -1.064336476167203352E-16 ) ) ;
#4609 = CARTESIAN_POINT ( 'NONE',  ( 27.58578643762689353, 8.000000000000000000, -21.41421356237312423 ) ) ;
#4610 = DIRECTION ( 'NONE',  ( 0.000000000000000000, 0.000000000000000000, 1.000000000000000000 ) ) ;
#4611 = CARTESIAN_POINT ( 'NONE',  ( 27.00000000000000000, 4.999999999999999112, 2.124999999999992895 ) ) ;
#4612 = PLANE ( 'NONE',  #1241 ) ;
#4613 = ORIENTED_EDGE ( 'NONE', *, *, #48, .F. ) ;
#4614 = CARTESIAN_POINT ( 'NONE',  ( -27.00000000000000000, 11.00000000000000000, 2.124999999999999112 ) ) ;
#4615 = CARTESIAN_POINT ( 'NONE',  ( 5.941219978982799965, 8.000000000000000000, 20.67540979971909110 ) ) ;
#4616 = FACE_OUTER_BOUND ( 'NONE', #175, .T. ) ;
#4617 = VERTEX_POINT ( 'NONE', #4485 ) ;
#4618 = PLANE ( 'NONE',  #1460 ) ;
#4619 = LINE ( 'NONE', #819, #3057 ) ;
#4620 = AXIS2_PLACEMENT_3D ( 'NONE', #4534, #1558, #4910 ) ;
#4621 = FACE_OUTER_BOUND ( 'NONE', #4264, .T. ) ;
#4622 = ORIENTED_EDGE ( 'NONE', *, *, #1141, .T. ) ;
#4623 = DIRECTION ( 'NONE',  ( -1.000000000000000000, 0.000000000000000000, 0.000000000000000000 ) ) ;
#4624 = VECTOR ( 'NONE', #1988, 1000.000000000000000 ) ;
#4625 = ORIENTED_EDGE ( 'NONE', *, *, #4061, .T. ) ;
#4626 = ADVANCED_FACE ( 'NONE', ( #1877 ), #3302, .F. ) ;
#4627 = ORIENTED_EDGE ( 'NONE', *, *, #4665, .T. ) ;
#4628 = VECTOR ( 'NONE', #2076, 1000.000000000000000 ) ;
#4629 = CARTESIAN_POINT ( 'NONE',  ( 0.000000000000000000, 59.49607912135621035, -21.51210508585769432 ) ) ;
#4630 = EDGE_CURVE ( 'NONE', #3391, #987, #4509, .T. ) ;
#4631 = CARTESIAN_POINT ( 'NONE',  ( -3.966106651710920858E-15, 11.00000000000000000, 9.678000000000007930 ) ) ;
#4632 = DIRECTION ( 'NONE',  ( 0.000000000000000000, 1.000000000000000000, 0.000000000000000000 ) ) ;
#4633 = FACE_OUTER_BOUND ( 'NONE', #2189, .T. ) ;
#4634 = ORIENTED_EDGE ( 'NONE', *, *, #3943, .T. ) ;
#4635 = PLANE ( 'NONE',  #3303 ) ;
#4636 = EDGE_CURVE ( 'NONE', #1728, #1572, #4142, .T. ) ;
#4637 = CONICAL_SURFACE ( 'NONE', #2732, 3.150000000000007017, 0.6510767214444775908 ) ;
#4638 = VECTOR ( 'NONE', #951, 1000.000000000000000 ) ;
#4639 = CARTESIAN_POINT ( 'NONE',  ( 24.49999999999996447, 13.08000000000000185, -24.50000000000003908 ) ) ;
#4640 = CARTESIAN_POINT ( 'NONE',  ( -26.17157287525383325, 13.08000000000000185, -21.99999999999998579 ) ) ;
#4641 = ORIENTED_EDGE ( 'NONE', *, *, #504, .F. ) ;
#4642 = ORIENTED_EDGE ( 'NONE', *, *, #992, .T. ) ;
#4643 = AXIS2_PLACEMENT_3D ( 'NONE', #694, #2204, #3731 ) ;
#4644 = CIRCLE ( 'NONE', #2427, 3.599999999999999201 ) ;
#4645 = VERTEX_POINT ( 'NONE', #2150 ) ;
#4646 = CARTESIAN_POINT ( 'NONE',  ( -32.99999999999998579, 8.000000000000000000, -13.17157287525376397 ) ) ;
#4647 = AXIS2_PLACEMENT_3D ( 'NONE', #510, #2024, #4347 ) ;
#4649 = CARTESIAN_POINT ( 'NONE',  ( -10.23817936277638907, 1.000000000000000000, 2.425520671255319449 ) ) ;
#4648 = VECTOR ( 'NONE', #330, 1000.000000000000000 ) ;
#4650 = EDGE_CURVE ( 'NONE', #541, #4679, #3797, .T. ) ;
#4651 = DIRECTION ( 'NONE',  ( -9.505334114941371293E-16, 0.000000000000000000, 1.000000000000000000 ) ) ;
#4652 = ORIENTED_EDGE ( 'NONE', *, *, #4344, .F. ) ;
#4653 = DIRECTION ( 'NONE',  ( 0.000000000000000000, 0.000000000000000000, 1.000000000000000000 ) ) ;
#4654 = EDGE_LOOP ( 'NONE', ( #1868, #4254, #427, #1658 ) ) ;
#4655 = EDGE_LOOP ( 'NONE', ( #3002, #1662, #2762, #4805 ) ) ;
#4656 = FACE_OUTER_BOUND ( 'NONE', #414, .T. ) ;
#4657 = ORIENTED_EDGE ( 'NONE', *, *, #2413, .F. ) ;
#4658 = LINE ( 'NONE', #4343, #3163 ) ;
#4659 = CARTESIAN_POINT ( 'NONE',  ( -10.13294086911105829, 10.54000000000000092, -14.91987833707429090 ) ) ;
#4660 = DIRECTION ( 'NONE',  ( 0.000000000000000000, 0.000000000000000000, -1.000000000000000000 ) ) ;
#4661 = ORIENTED_EDGE ( 'NONE', *, *, #10, .T. ) ;
#4662 = FACE_OUTER_BOUND ( 'NONE', #3306, .T. ) ;
#4663 = AXIS2_PLACEMENT_3D ( 'NONE', #2589, #1092, #3411 ) ;
#4665 = EDGE_CURVE ( 'NONE', #835, #1386, #409, .T. ) ;
#4664 = CARTESIAN_POINT ( 'NONE',  ( 32.50000000000000711, 11.00000000000000000, 7.435999999999996390 ) ) ;
#4666 = CARTESIAN_POINT ( 'NONE',  ( 27.72963113701214510, 13.08000000000000185, -14.72963113701126403 ) ) ;
#4667 = ORIENTED_EDGE ( 'NONE', *, *, #246, .F. ) ;
#4668 = ORIENTED_EDGE ( 'NONE', *, *, #2731, .T. ) ;
#4669 = ORIENTED_EDGE ( 'NONE', *, *, #2161, .F. ) ;
#4670 = DIRECTION ( 'NONE',  ( 0.000000000000000000, 1.000000000000000000, 0.000000000000000000 ) ) ;
#4671 = AXIS2_PLACEMENT_3D ( 'NONE', #3274, #328, #2620 ) ;
#4672 = CARTESIAN_POINT ( 'NONE',  ( -13.25744361050139020, -0.000000000000000000, 13.25744361050134223 ) ) ;
#4673 = DIRECTION ( 'NONE',  ( -0.7071067811865463515, 0.000000000000000000, -0.7071067811865487940 ) ) ;
#4674 = ORIENTED_EDGE ( 'NONE', *, *, #1121, .T. ) ;
#4675 = VECTOR ( 'NONE', #2131, 1000.000000000000000 ) ;
#4676 = CARTESIAN_POINT ( 'NONE',  ( 5.159609223152370916, 1.000000000000000000, 5.159609223152370916 ) ) ;
#4677 = LINE ( 'NONE', #498, #2823 ) ;
#4678 = VERTEX_POINT ( 'NONE', #4 ) ;
#4679 = VERTEX_POINT ( 'NONE', #2645 ) ;
#4680 = CARTESIAN_POINT ( 'NONE',  ( 4.075000000000000178, 9.180000000000001492, -3.024896692450861124 ) ) ;
#4681 = VERTEX_POINT ( 'NONE', #1900 ) ;
#4682 = DIRECTION ( 'NONE',  ( 1.000000000000000000, 0.000000000000000000, 4.098064322908573926E-16 ) ) ;
#4683 = DIRECTION ( 'NONE',  ( -1.000000000000000000, 0.000000000000000000, -1.165858759961876426E-16 ) ) ;
#4684 = CARTESIAN_POINT ( 'NONE',  ( 27.72963113701214510, 0.000000000000000000, -14.72963113701126403 ) ) ;
#4685 = AXIS2_PLACEMENT_3D ( 'NONE', #4441, #1034, #3326 ) ;
#4686 = EDGE_LOOP ( 'NONE', ( #1878, #918, #4080, #4272 ) ) ;
#4687 = DIRECTION ( 'NONE',  ( -1.000000000000000000, 0.000000000000000000, 0.000000000000000000 ) ) ;
#4688 = EDGE_CURVE ( 'NONE', #4537, #3165, #1272, .T. ) ;
#4689 = CARTESIAN_POINT ( 'NONE',  ( 34.41421356237312068, 0.000000000000000000, -14.58578643762692373 ) ) ;
#4690 = DIRECTION ( 'NONE',  ( -0.000000000000000000, 1.000000000000000000, -0.000000000000000000 ) ) ;
#4691 = EDGE_LOOP ( 'NONE', ( #1642, #3245, #844, #3768 ) ) ;
#4692 = VERTEX_POINT ( 'NONE', #3540 ) ;
#4693 = ORIENTED_EDGE ( 'NONE', *, *, #4298, .F. ) ;
#4694 = CARTESIAN_POINT ( 'NONE',  ( 13.58787449152221960, 1.000000000000000000, -12.91002937926195138 ) ) ;
#4695 = ADVANCED_FACE ( 'NONE', ( #900 ), #529, .F. ) ;
#4696 = EDGE_CURVE ( 'NONE', #2460, #4073, #4677, .T. ) ;
#4697 = EDGE_CURVE ( 'NONE', #4472, #976, #1528, .T. ) ;
#4698 = ADVANCED_FACE ( 'NONE', ( #3047 ), #2010, .T. ) ;
#4699 = CARTESIAN_POINT ( 'NONE',  ( 27.72963113701214510, 13.08000000000000185, -16.27963113701125764 ) ) ;
#4700 = CARTESIAN_POINT ( 'NONE',  ( -27.72963113701302618, 13.08000000000000185, 14.72963113701316118 ) ) ;
#4701 = ORIENTED_EDGE ( 'NONE', *, *, #4585, .F. ) ;
#4702 = DIRECTION ( 'NONE',  ( -0.000000000000000000, -1.000000000000000000, -0.000000000000000000 ) ) ;
#4703 = CARTESIAN_POINT ( 'NONE',  ( 0.000000000000000000, 59.49607912135621035, 0.000000000000000000 ) ) ;
#4704 = ORIENTED_EDGE ( 'NONE', *, *, #2366, .T. ) ;
#4705 = ADVANCED_FACE ( 'NONE', ( #2813 ), #1668, .F. ) ;
#4706 = ADVANCED_FACE ( 'NONE', ( #4168 ), #1181, .T. ) ;
#4707 = VECTOR ( 'NONE', #2548, 1000.000000000000000 ) ;
#4708 = EDGE_LOOP ( 'NONE', ( #1448, #1541, #558, #1225 ) ) ;
#4709 = DIRECTION ( 'NONE',  ( 1.000000000000000000, 0.000000000000000000, -1.366021440969523409E-16 ) ) ;
#4710 = EDGE_LOOP ( 'NONE', ( #2943, #4704, #4031, #182, #2137 ) ) ;
#4711 = DIRECTION ( 'NONE',  ( 1.000000000000000000, 0.000000000000000000, 0.000000000000000000 ) ) ;
#4712 = VECTOR ( 'NONE', #1745, 1000.000000000000000 ) ;
#4713 = CARTESIAN_POINT ( 'NONE',  ( -7.559443226583371275E-16, 0.000000000000000000, 6.484012889203289554 ) ) ;
#4714 = ADVANCED_FACE ( 'NONE', ( #555 ), #2675, .F. ) ;
#4715 = CARTESIAN_POINT ( 'NONE',  ( 32.19999999998507434, 1.000000000000000000, 6.484012889200524654 ) ) ;
#4716 = VERTEX_POINT ( 'NONE', #2697 ) ;
#4717 = PLANE ( 'NONE',  #4808 ) ;
#4718 = DIRECTION ( 'NONE',  ( -0.000000000000000000, -1.000000000000000000, -0.000000000000000000 ) ) ;
#4719 = FACE_BOUND ( 'NONE', #2264, .T. ) ;
#4720 = ORIENTED_EDGE ( 'NONE', *, *, #3595, .T. ) ;
#4721 = VECTOR ( 'NONE', #3754, 1000.000000000000000 ) ;
#4722 = ORIENTED_EDGE ( 'NONE', *, *, #2424, .F. ) ;
#4723 = VERTEX_POINT ( 'NONE', #177 ) ;
#4724 = FACE_BOUND ( 'NONE', #988, .T. ) ;
#4725 = LINE ( 'NONE', #2806, #2015 ) ;
#4726 = VECTOR ( 'NONE', #4843, 1000.000000000000000 ) ;
#4727 = AXIS2_PLACEMENT_3D ( 'NONE', #3533, #4228, #2685 ) ;
#4728 = ORIENTED_EDGE ( 'NONE', *, *, #3646, .F. ) ;
#4729 = EDGE_CURVE ( 'NONE', #2236, #1699, #784, .T. ) ;
#4730 = EDGE_CURVE ( 'NONE', #490, #2619, #153, .T. ) ;
#4731 = FACE_BOUND ( 'NONE', #965, .T. ) ;
#4732 = CARTESIAN_POINT ( 'NONE',  ( 26.17157287525380482, 0.000000000000000000, -22.00000000000001421 ) ) ;
#4733 = EDGE_LOOP ( 'NONE', ( #4381, #1281, #4424, #4562 ) ) ;
#4734 = VECTOR ( 'NONE', #1503, 1000.000000000000000 ) ;
#4735 = AXIS2_PLACEMENT_3D ( 'NONE', #1801, #2597, #4483 ) ;
#4736 = EDGE_CURVE ( 'NONE', #920, #3439, #2418, .T. ) ;
#4737 = ORIENTED_EDGE ( 'NONE', *, *, #3584, .T. ) ;
#4738 = DIRECTION ( 'NONE',  ( 0.7351537977934967660, 0.000000000000000000, -0.6779003566821591997 ) ) ;
#4739 = ADVANCED_FACE ( 'NONE', ( #3908 ), #3937, .F. ) ;
#4740 = ORIENTED_EDGE ( 'NONE', *, *, #1306, .T. ) ;
#4741 = PLANE ( 'NONE',  #4598 ) ;
#4742 = VECTOR ( 'NONE', #109, 1000.000000000000114 ) ;
#4743 = CARTESIAN_POINT ( 'NONE',  ( 8.330082123588704590, 30.02194427534240262, -12.91002937926195138 ) ) ;
#4744 = ORIENTED_EDGE ( 'NONE', *, *, #2087, .T. ) ;
#4745 = DIRECTION ( 'NONE',  ( -0.000000000000000000, -1.000000000000000000, 0.000000000000000000 ) ) ;
#4746 = LINE ( 'NONE', #940, #4628 ) ;
#4747 = CARTESIAN_POINT ( 'NONE',  ( -22.58810389339260993, 1.000000000000000888, -7.824260229855703130 ) ) ;
#4748 = VERTEX_POINT ( 'NONE', #929 ) ;
#4749 = ORIENTED_EDGE ( 'NONE', *, *, #501, .T. ) ;
#4750 = EDGE_CURVE ( 'NONE', #4862, #200, #1126, .T. ) ;
#4751 = VERTEX_POINT ( 'NONE', #2517 ) ;
#4752 = CARTESIAN_POINT ( 'NONE',  ( -34.41421356237309936, 8.000000000000000000, -14.58578643762685445 ) ) ;
#4753 = LINE ( 'NONE', #2861, #3851 ) ;
#4754 = ORIENTED_EDGE ( 'NONE', *, *, #4560, .T. ) ;
#4755 = CARTESIAN_POINT ( 'NONE',  ( -28.87152024816777640, 1.000000000000000888, -2.190792864359584424 ) ) ;
#4756 = DIRECTION ( 'NONE',  ( -0.000000000000000000, -1.000000000000000000, -0.000000000000000000 ) ) ;
#4757 = ORIENTED_EDGE ( 'NONE', *, *, #105, .T. ) ;
#4758 = ORIENTED_EDGE ( 'NONE', *, *, #3718, .F. ) ;
#4759 = AXIS2_PLACEMENT_3D ( 'NONE', #3500, #1158, #3449 ) ;
#4760 = PLANE ( 'NONE',  #3359 ) ;
#4761 = VERTEX_POINT ( 'NONE', #3614 ) ;
#4762 = EDGE_CURVE ( 'NONE', #1238, #3970, #1420, .T. ) ;
#4763 = VECTOR ( 'NONE', #4303, 1000.000000000000000 ) ;
#4764 = CARTESIAN_POINT ( 'NONE',  ( 8.330082123588704590, 1.000000000000000888, -12.91002937926195138 ) ) ;
#4765 = LINE ( 'NONE', #2769, #2025 ) ;
#4766 = VERTEX_POINT ( 'NONE', #1790 ) ;
#4767 = PLANE ( 'NONE',  #1950 ) ;
#4768 = DIRECTION ( 'NONE',  ( -0.000000000000000000, -1.000000000000000000, 0.000000000000000000 ) ) ;
#4769 = DIRECTION ( 'NONE',  ( 0.000000000000000000, 1.000000000000000000, -0.000000000000000000 ) ) ;
#4770 = ORIENTED_EDGE ( 'NONE', *, *, #3154, .F. ) ;
#4771 = ORIENTED_EDGE ( 'NONE', *, *, #2935, .T. ) ;
#4772 = VERTEX_POINT ( 'NONE', #1762 ) ;
#4773 = DIRECTION ( 'NONE',  ( -0.000000000000000000, -1.000000000000000000, -0.000000000000000000 ) ) ;
#4774 = CARTESIAN_POINT ( 'NONE',  ( -0.000000000000000000, 9.400000000000000355, 4.075000000000000178 ) ) ;
#4775 = ORIENTED_EDGE ( 'NONE', *, *, #1773, .T. ) ;
#4776 = LINE ( 'NONE', #1692, #1062 ) ;
#4777 = LINE ( 'NONE', #1369, #3455 ) ;
#4778 = EDGE_LOOP ( 'NONE', ( #777, #3810, #4135, #2285 ) ) ;
#4779 = EDGE_LOOP ( 'NONE', ( #1248, #4831, #2246, #116 ) ) ;
#4780 = CARTESIAN_POINT ( 'NONE',  ( 1.449929605838173889E-14, 8.000000000000000000, 5.074999999999990408 ) ) ;
#4781 = VERTEX_POINT ( 'NONE', #2914 ) ;
#4782 = CARTESIAN_POINT ( 'NONE',  ( -24.50000000000009948, 0.000000000000000000, -24.49999999999992539 ) ) ;
#4783 = CYLINDRICAL_SURFACE ( 'NONE', #2586, 1.549999999999995826 ) ;
#4784 = ADVANCED_FACE ( 'NONE', ( #270 ), #606, .T. ) ;
#4785 = EDGE_CURVE ( 'NONE', #1682, #491, #3685, .T. ) ;
#4786 = DIRECTION ( 'NONE',  ( 0.6779003566821590887, 0.000000000000000000, 0.7351537977934968771 ) ) ;
#4787 = AXIS2_PLACEMENT_3D ( 'NONE', #3537, #123, #4673 ) ;
#4788 = FACE_OUTER_BOUND ( 'NONE', #275, .T. ) ;
#4789 = CARTESIAN_POINT ( 'NONE',  ( 0.000000000000000000, 13.08000000000000185, 0.000000000000000000 ) ) ;
#4790 = AXIS2_PLACEMENT_3D ( 'NONE', #2999, #458, #3117 ) ;
#4791 = ADVANCED_FACE ( 'NONE', ( #1019 ), #2841, .F. ) ;
#4792 = ORIENTED_EDGE ( 'NONE', *, *, #2291, .F. ) ;
#4793 = VECTOR ( 'NONE', #3877, 1000.000000000000000 ) ;
#4794 = EDGE_LOOP ( 'NONE', ( #1405, #4042, #3801, #3335 ) ) ;
#4795 = DIRECTION ( 'NONE',  ( 0.000000000000000000, 0.000000000000000000, -1.000000000000000000 ) ) ;
#4796 = CIRCLE ( 'NONE', #2812, 2.124999999999999112 ) ;
#4797 = CARTESIAN_POINT ( 'NONE',  ( -4.075000000000000178, 9.400000000000000355, 0.000000000000000000 ) ) ;
#4798 = CIRCLE ( 'NONE', #3692, 4.075000000000000178 ) ;
#4799 = ORIENTED_EDGE ( 'NONE', *, *, #2944, .F. ) ;
#4800 = CARTESIAN_POINT ( 'NONE',  ( -27.72963113701302618, 0.000000000000000000, 14.72963113701316118 ) ) ;
#4801 = CARTESIAN_POINT ( 'NONE',  ( -26.17157287525383325, 13.08000000000000185, -19.99999999999998934 ) ) ;
#4802 = ORIENTED_EDGE ( 'NONE', *, *, #1721, .T. ) ;
#4804 = LINE ( 'NONE', #2821, #4506 ) ;
#4803 = VECTOR ( 'NONE', #445, 1000.000000000000000 ) ;
#4805 = ORIENTED_EDGE ( 'NONE', *, *, #3821, .F. ) ;
#4806 = CARTESIAN_POINT ( 'NONE',  ( -3.024896692450861124, 9.180000000000001492, -4.075000000000000178 ) ) ;
#4807 = AXIS2_PLACEMENT_3D ( 'NONE', #3505, #3878, #3103 ) ;
#4808 = AXIS2_PLACEMENT_3D ( 'NONE', #2103, #4390, #2054 ) ;
#4809 = ORIENTED_EDGE ( 'NONE', *, *, #535, .T. ) ;
#4810 = EDGE_CURVE ( 'NONE', #1327, #3589, #2864, .T. ) ;
#4811 = CARTESIAN_POINT ( 'NONE',  ( 27.72963113701214510, 10.97999999999997911, -16.27963113701125764 ) ) ;
#4812 = AXIS2_PLACEMENT_3D ( 'NONE', #4703, #1298, #4332 ) ;
#4813 = DIRECTION ( 'NONE',  ( 0.000000000000000000, 0.000000000000000000, 1.000000000000000000 ) ) ;
#4814 = VECTOR ( 'NONE', #3744, 1000.000000000000000 ) ;
#4815 = DIRECTION ( 'NONE',  ( 0.7315897338801824468, 0.000000000000000000, -0.6817451586048293155 ) ) ;
#4816 = LINE ( 'NONE', #310, #579 ) ;
#4817 = DIRECTION ( 'NONE',  ( -0.7071067811865450192, 0.000000000000000000, 0.7071067811865500152 ) ) ;
#4818 = VERTEX_POINT ( 'NONE', #3661 ) ;
#4819 = ORIENTED_EDGE ( 'NONE', *, *, #2086, .F. ) ;
#4820 = EDGE_CURVE ( 'NONE', #3982, #4544, #4057, .T. ) ;
#4821 = DIRECTION ( 'NONE',  ( 0.000000000000000000, 1.000000000000000000, -0.000000000000000000 ) ) ;
#4822 = CARTESIAN_POINT ( 'NONE',  ( -27.72963113701302618, 10.98000000000000753, 13.17963113701316402 ) ) ;
#4823 = ORIENTED_EDGE ( 'NONE', *, *, #620, .T. ) ;
#4824 = DIRECTION ( 'NONE',  ( 1.000000000000000000, 0.000000000000000000, 0.000000000000000000 ) ) ;
#4825 = CARTESIAN_POINT ( 'NONE',  ( 27.58578643762694327, 0.000000000000000000, 21.41421356237306028 ) ) ;
#4826 = VERTEX_POINT ( 'NONE', #4825 ) ;
#4827 = CARTESIAN_POINT ( 'NONE',  ( 0.000000000000000000, -0.000000000000000000, -19.19999999999962625 ) ) ;
#4828 = ORIENTED_EDGE ( 'NONE', *, *, #1837, .T. ) ;
#4829 = DIRECTION ( 'NONE',  ( 0.000000000000000000, -0.000000000000000000, 1.000000000000000000 ) ) ;
#4830 = EDGE_CURVE ( 'NONE', #2839, #1147, #829, .T. ) ;
#4831 = ORIENTED_EDGE ( 'NONE', *, *, #1512, .T. ) ;
#4832 = VECTOR ( 'NONE', #4216, 1000.000000000000000 ) ;
#4833 = CARTESIAN_POINT ( 'NONE',  ( -22.32345575165347284, 1.000000000000000000, -2.190792864359584424 ) ) ;
#4834 = LINE ( 'NONE', #4413, #3940 ) ;
#4835 = FACE_OUTER_BOUND ( 'NONE', #3075, .T. ) ;
#4836 = VECTOR ( 'NONE', #3367, 1000.000000000000000 ) ;
#4837 = CARTESIAN_POINT ( 'NONE',  ( 27.00000000000000000, 11.00000000000000000, -6.613092715395707467E-15 ) ) ;
#4838 = DIRECTION ( 'NONE',  ( 0.7071067811865512365, 0.000000000000000000, 0.7071067811865439090 ) ) ;
#4839 = ORIENTED_EDGE ( 'NONE', *, *, #2693, .F. ) ;
#4840 = EDGE_LOOP ( 'NONE', ( #262, #1303, #2470, #1524 ) ) ;
#4841 = EDGE_CURVE ( 'NONE', #3733, #4645, #4798, .T. ) ;
#4842 = DIRECTION ( 'NONE',  ( 0.000000000000000000, 0.000000000000000000, 1.000000000000000000 ) ) ;
#4843 = DIRECTION ( 'NONE',  ( -0.000000000000000000, -1.000000000000000000, -0.000000000000000000 ) ) ;
#4844 = VERTEX_POINT ( 'NONE', #4361 ) ;
#4845 = DIRECTION ( 'NONE',  ( 0.000000000000000000, -1.000000000000000000, 0.000000000000000000 ) ) ;
#4846 = EDGE_CURVE ( 'NONE', #3297, #3128, #2538, .T. ) ;
#4847 = EDGE_CURVE ( 'NONE', #4366, #1522, #2472, .T. ) ;
#4848 = CYLINDRICAL_SURFACE ( 'NONE', #2407, 18.03549999999999898 ) ;
#4849 = EDGE_LOOP ( 'NONE', ( #4152, #4162, #3313, #2408, #4634 ) ) ;
#4850 = CARTESIAN_POINT ( 'NONE',  ( 0.000000000000000000, 1.000000000000000000, -19.19999999999962625 ) ) ;
#4851 = VERTEX_POINT ( 'NONE', #625 ) ;
#4852 = ADVANCED_FACE ( 'NONE', ( #997 ), #1041, .T. ) ;
#4853 = CARTESIAN_POINT ( 'NONE',  ( 32.19999999998507434, 1.000000000000000000, 6.484012889200524654 ) ) ;
#4854 = EDGE_LOOP ( 'NONE', ( #4550, #2933, #2492, #2577 ) ) ;
#4855 = FACE_OUTER_BOUND ( 'NONE', #2380, .T. ) ;
#4856 = CARTESIAN_POINT ( 'NONE',  ( 7.500000000000007105, 59.49607912135621035, 17.37500000000062172 ) ) ;
#4857 = CARTESIAN_POINT ( 'NONE',  ( -26.61855252713964148, 1.000000000000000000, -15.19171949462534421 ) ) ;
#4858 = PLANE ( 'NONE',  #1049 ) ;
#4859 = EDGE_CURVE ( 'NONE', #4280, #2440, #2185, .T. ) ;
#4860 = CIRCLE ( 'NONE', #4620, 3.599999999999999201 ) ;
#4861 = CARTESIAN_POINT ( 'NONE',  ( 0.000000000000000000, 13.08000000000000185, 0.000000000000000000 ) ) ;
#4862 = VERTEX_POINT ( 'NONE', #4732 ) ;
#4863 = ORIENTED_EDGE ( 'NONE', *, *, #388, .T. ) ;
#4864 = CARTESIAN_POINT ( 'NONE',  ( 25.96446609406946848, 1.000000000000000000, -1.754241817217168131E-12 ) ) ;
#4865 = CARTESIAN_POINT ( 'NONE',  ( 1.387778780781445676E-14, 4.000000000000000000, -1.040834085586084257E-14 ) ) ;
#4866 = AXIS2_PLACEMENT_3D ( 'NONE', #505, #905, #4340 ) ;
#4867 = ORIENTED_EDGE ( 'NONE', *, *, #2161, .T. ) ;
#4868 = DIRECTION ( 'NONE',  ( -2.731723593124813718E-16, 0.000000000000000000, -1.000000000000000000 ) ) ;
#4869 = LINE ( 'NONE', #1862, #3133 ) ;
#4870 = CARTESIAN_POINT ( 'NONE',  ( 0.000000000000000000, 9.180000000000001492, 4.075000000000000178 ) ) ;
#4871 = ORIENTED_EDGE ( 'NONE', *, *, #3150, .T. ) ;
#4872 = DIRECTION ( 'NONE',  ( -0.000000000000000000, -1.000000000000000000, -0.000000000000000000 ) ) ;
#4873 = EDGE_LOOP ( 'NONE', ( #1787, #4775, #11, #3955, #1318, #775 ) ) ;
#4874 = EDGE_CURVE ( 'NONE', #2451, #1066, #747, .T. ) ;
#4875 = CARTESIAN_POINT ( 'NONE',  ( 0.000000000000000000, 13.08000000000000185, 0.000000000000000000 ) ) ;
#4876 = AXIS2_PLACEMENT_3D ( 'NONE', #1424, #3713, #1022 ) ;
#4877 = ORIENTED_EDGE ( 'NONE', *, *, #3525, .T. ) ;
#4878 = EDGE_CURVE ( 'NONE', #252, #2787, #3931, .T. ) ;
#4879 = EDGE_CURVE ( 'NONE', #2315, #2820, #3291, .T. ) ;
#4880 = CARTESIAN_POINT ( 'NONE',  ( -34.99999999999999289, 8.000000000000000000, -13.17157287525376397 ) ) ;
#4881 = VECTOR ( 'NONE', #4572, 1000.000000000000000 ) ;
#4882 = CARTESIAN_POINT ( 'NONE',  ( 14.70593854515039745, 1.000000000000000000, 1.426954622693663355 ) ) ;
#4883 = VECTOR ( 'NONE', #4397, 1000.000000000000000 ) ;
#4884 = DIRECTION ( 'NONE',  ( 0.000000000000000000, 1.000000000000000000, -0.000000000000000000 ) ) ;
#4885 = AXIS2_PLACEMENT_3D ( 'NONE', #1310, #2436, #189 ) ;
#4886 = CARTESIAN_POINT ( 'NONE',  ( -26.61855252713964148, 0.000000000000000000, -7.824260229855703130 ) ) ;
#4887 = CARTESIAN_POINT ( 'NONE',  ( 1.321881046713097544E-15, 13.08000000000000185, 9.678000000000000824 ) ) ;
#4888 = EDGE_LOOP ( 'NONE', ( #2234, #4627, #3321, #1562, #3622, #217, #604, #790, #629, #2894, #3198, #4362, #1246, #888, #2033, #3034 ) ) ;
#4889 = VERTEX_POINT ( 'NONE', #3267 ) ;
#4890 = DIRECTION ( 'NONE',  ( 0.7315897338801824468, 0.000000000000000000, -0.6817451586048293155 ) ) ;
#4891 = CARTESIAN_POINT ( 'NONE',  ( -10.16082359894114973, 7.987298582603382435, -14.90091299917443024 ) ) ;
#4892 = DIRECTION ( 'NONE',  ( -0.000000000000000000, -1.000000000000000000, 0.000000000000000000 ) ) ;
#4893 = EDGE_CURVE ( 'NONE', #301, #3763, #4777, .T. ) ;
#4894 = ORIENTED_EDGE ( 'NONE', *, *, #4893, .F. ) ;
#4895 = CARTESIAN_POINT ( 'NONE',  ( 1.321881046713097544E-15, 11.00000000000000000, 9.678000000000000824 ) ) ;
#4896 = DIRECTION ( 'NONE',  ( -0.000000000000000000, -1.000000000000000000, -0.000000000000000000 ) ) ;
#4897 = VERTEX_POINT ( 'NONE', #3409 ) ;
#4898 = AXIS2_PLACEMENT_3D ( 'NONE', #1401, #4059, #2916 ) ;
#4899 = CARTESIAN_POINT ( 'NONE',  ( 10.13294086911043124, 13.08000000000000185, 14.91987833707472255 ) ) ;
#4900 = ORIENTED_EDGE ( 'NONE', *, *, #2392, .T. ) ;
#4901 = DIRECTION ( 'NONE',  ( -0.000000000000000000, -1.000000000000000000, -0.000000000000000000 ) ) ;
#4902 = VERTEX_POINT ( 'NONE', #3735 ) ;
#4903 = CARTESIAN_POINT ( 'NONE',  ( 26.17157287525380482, 13.08000000000000185, -22.00000000000001421 ) ) ;
#4904 = PLANE ( 'NONE',  #3144 ) ;
#4905 = EDGE_CURVE ( 'NONE', #4039, #1238, #343, .T. ) ;
#4906 = DIRECTION ( 'NONE',  ( 0.000000000000000000, 0.000000000000000000, -1.000000000000000000 ) ) ;
#4907 = ORIENTED_EDGE ( 'NONE', *, *, #2214, .T. ) ;
#4908 = ADVANCED_FACE ( 'NONE', ( #4919, #19, #2659, #1813, #321, #1068 ), #1836, .F. ) ;
#4909 = EDGE_CURVE ( 'NONE', #979, #2820, #4869, .T. ) ;
#4910 = DIRECTION ( 'NONE',  ( 5.300543954373578197E-15, 0.000000000000000000, 1.000000000000000000 ) ) ;
#4911 = CARTESIAN_POINT ( 'NONE',  ( 10.79222174222791253, 8.000000000000000000, 15.79900000000000126 ) ) ;
#4912 = DIRECTION ( 'NONE',  ( -0.000000000000000000, -1.000000000000000000, -0.000000000000000000 ) ) ;
#4913 = EDGE_LOOP ( 'NONE', ( #1323, #2585 ) ) ;
#4914 = VECTOR ( 'NONE', #3676, 1000.000000000000000 ) ;
#4915 = DIRECTION ( 'NONE',  ( 0.000000000000000000, 1.000000000000000000, 0.000000000000000000 ) ) ;
#4916 = DIRECTION ( 'NONE',  ( 0.000000000000000000, 1.000000000000000000, -0.000000000000000000 ) ) ;
#4917 = VERTEX_POINT ( 'NONE', #4131 ) ;
#4918 = CARTESIAN_POINT ( 'NONE',  ( 13.45007162112024623, 1.000000000000000000, 0.000000000000000000 ) ) ;
#4919 = FACE_BOUND ( 'NONE', #4913, .T. ) ;
#4920 = DIRECTION ( 'NONE',  ( 1.000000000000000000, -0.000000000000000000, 0.000000000000000000 ) ) ;
#4921 = EDGE_CURVE ( 'NONE', #2404, #979, #1518, .T. ) ;
#4922 = CIRCLE ( 'NONE', #3419, 2.124999999999999112 ) ;
#4923 = ORIENTED_EDGE ( 'NONE', *, *, #3986, .F. ) ;
#4924 = LINE ( 'NONE', #3468, #2723 ) ;
#4925 = ORIENTED_EDGE ( 'NONE', *, *, #103, .F. ) ;
#4926 = LINE ( 'NONE', #1446, #4836 ) ;
ENDSEC;
END-ISO-10303-21;
