ISO-10303-21;
HEADER;
FILE_DESCRIPTION (( 'STEP AP214' ),
    '1' );
FILE_NAME ('80mm antenna SMA.STEP',
    '2026-05-05T17:38:35',
    ( '' ),
    ( '' ),
    'SwSTEP 2.0',
    'SolidWorks 2025',
    '' );
FILE_SCHEMA (( 'AUTOMOTIVE_DESIGN' ));
ENDSEC;

DATA;
#1 = CARTESIAN_POINT ( 'NONE',  ( 1.355183752606221814, 0.2000000000000000111, 3.271703072424458014 ) ) ;
#2 = CARTESIAN_POINT ( 'NONE',  ( 0.000000000000000000, 0.5999999999999460210, 0.000000000000000000 ) ) ;
#3 = CARTESIAN_POINT ( 'NONE',  ( 4.000000000000007105, 219.0000000000000284, -0.5235987537816841897 ) ) ;
#4 = DIRECTION ( 'NONE',  ( 0.000000000000000000, 0.000000000000000000, -1.000000000000000000 ) ) ;
#5 = CARTESIAN_POINT ( 'NONE',  ( 2.504053114197013929, 0.2625000013655930942, 2.504053114197013041 ) ) ;
#6 = CARTESIAN_POINT ( 'NONE',  ( -2.504053114197013485, -5.237499998634405962, -2.504053114197013485 ) ) ;
#7 = CARTESIAN_POINT ( 'NONE',  ( -3.000000000000001332, -0.6124999972688134342, -1.242640687119285658 ) ) ;
#8 = CARTESIAN_POINT ( 'NONE',  ( -3.541265875000000118, -5.049999998634406850, 1.466840353394028629 ) ) ;
#9 = ORIENTED_EDGE ( 'NONE', *, *, #792, .F. ) ;
#10 = CARTESIAN_POINT ( 'NONE',  ( 1.242640687119285658, 0.8875000000000000666, -3.000000000000001332 ) ) ;
#11 = EDGE_CURVE ( 'NONE', #2559, #2361, #62, .T. ) ;
#12 = CARTESIAN_POINT ( 'NONE',  ( -2.504053114197012597, 1.012500001365593372, 2.504053114197013929 ) ) ;
#13 = ORIENTED_EDGE ( 'NONE', *, *, #1747, .F. ) ;
#14 = EDGE_CURVE ( 'NONE', #308, #2691, #2586, .T. ) ;
#15 = ADVANCED_FACE ( 'NONE', ( #1368 ), #606, .T. ) ;
#16 = CARTESIAN_POINT ( 'NONE',  ( 0.000000000000000000, 220.0000000000000284, 0.000000000000000000 ) ) ;
#17 = CARTESIAN_POINT ( 'NONE',  ( -0.5235987537816668702, 220.0000000000000284, 4.000000000000220268 ) ) ;
#18 = CARTESIAN_POINT ( 'NONE',  ( 5.510910596163089556E-16, 1.449999999999999956, 3.000000000000000444 ) ) ;
#19 = AXIS2_PLACEMENT_3D ( 'NONE', #111, #698, #132 ) ;
#20 = CARTESIAN_POINT ( 'NONE',  ( 6.000769315822030740E-16, 3.056619037896890489, 4.899999999999999467 ) ) ;
#21 = CARTESIAN_POINT ( 'NONE',  ( 1.466840353394025964, 0.5750000013655933717, -3.541265875000000563 ) ) ;
#22 = CARTESIAN_POINT ( 'NONE',  ( 2.504053114197013929, 0.1375000013655930109, 2.504053114197013041 ) ) ;
#23 = CARTESIAN_POINT ( 'NONE',  ( 1.242640687119287213, 1.762500002731187010, 2.999999999999999556 ) ) ;
#24 = DIRECTION ( 'NONE',  ( 0.000000000000000000, -0.000000000000000000, -1.000000000000000000 ) ) ;
#25 = CARTESIAN_POINT ( 'NONE',  ( 3.541265875000000563, -4.612499998634406850, -4.336799918748501460E-16 ) ) ;
#26 = SURFACE_STYLE_FILL_AREA ( #3097 ) ;
#27 = CARTESIAN_POINT ( 'NONE',  ( 1.242640687119285658, -4.112500000000000711, -3.000000000000001332 ) ) ;
#28 = B_SPLINE_CURVE_WITH_KNOTS ( 'NONE', 3,
 ( #1401, #671, #1423, #1438, #3180, #2437, #167, #436, #1165, #151, #1194, #918, #2454, #1660, #686, #2976, #2191, #2403 ),
 .UNSPECIFIED., .F., .F.,
 ( 4, 2, 2, 2, 2, 2, 2, 2, 4 ),
 ( 0.5000000000000000000, 0.5625000000000000000, 0.6250000000000000000, 0.6875000000000000000, 0.7500000000000000000, 0.8125000000000000000, 0.8750000000000000000, 0.9375000000000000000, 1.000000000000000000 ),
 .UNSPECIFIED. ) ;
#29 = ORIENTED_EDGE ( 'NONE', *, *, #445, .T. ) ;
#30 = STYLED_ITEM ( 'NONE', ( #2309 ), #2992 ) ;
#31 =( GEOMETRIC_REPRESENTATION_CONTEXT ( 3 ) GLOBAL_UNCERTAINTY_ASSIGNED_CONTEXT ( ( #2093 ) ) GLOBAL_UNIT_ASSIGNED_CONTEXT ( ( #2117, #314, #563 ) ) REPRESENTATION_CONTEXT ( 'NONE', 'WORKASPACE' ) );
#32 = DIRECTION ( 'NONE',  ( 0.000000000000000000, 0.000000000000000000, -1.000000000000000000 ) ) ;
#33 = CIRCLE ( 'NONE', #2757, 0.4000000000000000222 ) ;
#34 = CARTESIAN_POINT ( 'NONE',  ( 4.618802153517006737, 0.2000000000000000111, 2.620035909067791980E-17 ) ) ;
#35 = CARTESIAN_POINT ( 'NONE',  ( 4.000000000000007105, 219.0000000000000284, 0.5235987537816846338 ) ) ;
#36 =( NAMED_UNIT ( * ) PLANE_ANGLE_UNIT ( ) SI_UNIT ( $, .RADIAN. ) );
#37 = ADVANCED_FACE ( 'NONE', ( #75 ), #1318, .F. ) ;
#38 = CARTESIAN_POINT ( 'NONE',  ( 6.505199878122751944E-16, 1.137500001365593372, 3.541265875000000563 ) ) ;
#39 = DIRECTION ( 'NONE',  ( -0.000000000000000000, 1.000000000000000000, -0.000000000000000000 ) ) ;
#40 = CARTESIAN_POINT ( 'NONE',  ( -1.466840353394026408, 1.950000001365592928, 3.541265875000000118 ) ) ;
#41 = CARTESIAN_POINT ( 'NONE',  ( -3.000000000000000444, 0.4500000027311866768, 0.000000000000000000 ) ) ;
#42 = CARTESIAN_POINT ( 'NONE',  ( -2.309401076758504257, 0.2000000000000000111, -4.000000000000000000 ) ) ;
#43 = DIRECTION ( 'NONE',  ( 0.000000000000000000, -1.000000000000000000, 0.000000000000000000 ) ) ;
#44 = EDGE_LOOP ( 'NONE', ( #661, #2851, #194, #46, #1892, #2245, #2442, #144, #484, #609 ) ) ;
#45 = CARTESIAN_POINT ( 'NONE',  ( -2.121320343559642829, -2.925000000000000711, -2.121320343559642829 ) ) ;
#46 = ORIENTED_EDGE ( 'NONE', *, *, #1712, .T. ) ;
#47 = PRESENTATION_STYLE_ASSIGNMENT (( #530 ) ) ;
#48 = DIRECTION ( 'NONE',  ( 0.000000000000000000, 0.000000000000000000, 1.000000000000000000 ) ) ;
#49 = AXIS2_PLACEMENT_3D ( 'NONE', #74, #43, #1589 ) ;
#50 = CARTESIAN_POINT ( 'NONE',  ( -1.046991557593058841, 220.0000000000000284, -3.895890698324460111 ) ) ;
#51 = CARTESIAN_POINT ( 'NONE',  ( 1.242640687119285658, 2.887499999999999734, -3.000000000000001332 ) ) ;
#52 = CARTESIAN_POINT ( 'NONE',  ( -2.168399959374250730E-16, 0.6375000013655930386, -3.541265875000000563 ) ) ;
#53 = CARTESIAN_POINT ( 'NONE',  ( 1.323062584227299832, 0.1999999999999997335, -2.829791323952432158 ) ) ;
#54 = ADVANCED_FACE ( 'NONE', ( #1491 ), #347, .T. ) ;
#55 = CARTESIAN_POINT ( 'NONE',  ( 1.466840353394027963, 0.07500000136559296926, 3.541265875000000118 ) ) ;
#56 = CARTESIAN_POINT ( 'NONE',  ( -3.000000000000001332, -3.612499997268812990, -1.242640687119285658 ) ) ;
#57 = PLANE ( 'NONE',  #3229 ) ;
#58 =( BOUNDED_CURVE ( )  B_SPLINE_CURVE ( 2, ( #631, #2398, #3174, #1689, #2416, #113, #1672, #2135, #1378 ),
 .UNSPECIFIED., .F., .F. ) 
 B_SPLINE_CURVE_WITH_KNOTS ( ( 3, 2, 2, 2, 3 ),
 ( 0.02500000000000002220, 0.03750000000000001249, 0.05000000000000000278, 0.06249999999999999306, 0.07499999999999998335 ),
 .UNSPECIFIED. ) 
 CURVE ( )  GEOMETRIC_REPRESENTATION_ITEM ( )  RATIONAL_B_SPLINE_CURVE ( ( 0.9999999999999998890, 0.9238795325112868495, 1.000000000000000000, 0.9238795325112867385, 1.000000000000000000, 0.9238795325112867385, 1.000000000000000000, 0.9238795325112868495, 0.9999999999999998890 ) ) 
 REPRESENTATION_ITEM ( '' )  );
#59 = STYLED_ITEM ( 'NONE', ( #2871 ), #1455 ) ;
#60 = CARTESIAN_POINT ( 'NONE',  ( 3.541265875000000563, -5.612499998634405962, -4.336799918748501460E-16 ) ) ;
#61 = EDGE_CURVE ( 'NONE', #1541, #3015, #2227, .T. ) ;
#62 = LINE ( 'NONE', #2595, #1001 ) ;
#63 = CARTESIAN_POINT ( 'NONE',  ( -1.466840353394025964, -2.424999998634407739, -3.541265875000000118 ) ) ;
#64 = CARTESIAN_POINT ( 'NONE',  ( 3.000000000000001776, -4.362500000000000711, 1.242640687119285436 ) ) ;
#65 = VERTEX_POINT ( 'NONE', #225 ) ;
#66 = UNCERTAINTY_MEASURE_WITH_UNIT (LENGTH_MEASURE( 1.000000000000000082E-05 ), #2132, 'distance_accuracy_value', 'NONE');
#67 = MECHANICAL_DESIGN_GEOMETRIC_PRESENTATION_REPRESENTATION (  '', ( #3102 ), #112 ) ;
#68 = CARTESIAN_POINT ( 'NONE',  ( 1.046991557593102140, 220.0000000000000284, 3.895890698324524060 ) ) ;
#69 = CARTESIAN_POINT ( 'NONE',  ( -2.014475921483600551, 219.0000000000000284, -3.495145553417038808 ) ) ;
#70 = CARTESIAN_POINT ( 'NONE',  ( -3.541265875000000563, -3.112499998634406850, 0.000000000000000000 ) ) ;
#71 = CARTESIAN_POINT ( 'NONE',  ( -3.541265875000000563, 1.887500001365593150, 0.000000000000000000 ) ) ;
#72 = CARTESIAN_POINT ( 'NONE',  ( -3.541265875000000563, -0.2374999986344069058, 0.000000000000000000 ) ) ;
#73 = CARTESIAN_POINT ( 'NONE',  ( -3.000000000000001332, -4.612499997268812990, -1.242640687119285658 ) ) ;
#74 = CARTESIAN_POINT ( 'NONE',  ( 0.000000000000000000, 4.200000000000000178, 0.000000000000000000 ) ) ;
#75 = FACE_OUTER_BOUND ( 'NONE', #556, .T. ) ;
#76 = CARTESIAN_POINT ( 'NONE',  ( 3.541265875000001007, -0.7999999986344065173, 1.466840353394025298 ) ) ;
#77 = CARTESIAN_POINT ( 'NONE',  ( 3.000000000000001776, -5.362499999999998934, 1.242640687119285436 ) ) ;
#78 = ORIENTED_EDGE ( 'NONE', *, *, #1638, .T. ) ;
#79 = CARTESIAN_POINT ( 'NONE',  ( 2.710505431213761085E-16, 220.0000000000000284, -2.000000000000007105 ) ) ;
#80 = CARTESIAN_POINT ( 'NONE',  ( 0.000000000000000000, 9.828000243155832649, 0.000000000000000000 ) ) ;
#81 = CARTESIAN_POINT ( 'NONE',  ( 1.466840353394025964, 3.450000001365593594, -3.541265875000000563 ) ) ;
#82 = CARTESIAN_POINT ( 'NONE',  ( -4.000000000000006217, 219.0000000000000568, -0.5235987755983002589 ) ) ;
#83 = DIRECTION ( 'NONE',  ( 0.000000000000000000, 0.000000000000000000, -1.000000000000000000 ) ) ;
#84 = CARTESIAN_POINT ( 'NONE',  ( 1.466840353394027963, -0.7999999986344065173, 3.541265875000000118 ) ) ;
#85 = STYLED_ITEM ( 'NONE', ( #1256 ), #2313 ) ;
#86 = CARTESIAN_POINT ( 'NONE',  ( -2.014475901327629437, 220.0000000000000284, 3.495145561765871101 ) ) ;
#87 = CARTESIAN_POINT ( 'NONE',  ( 2.121320343559642829, 3.824999999999999734, -2.121320343559642829 ) ) ;
#88 = CARTESIAN_POINT ( 'NONE',  ( -1.466840353394025964, 1.575000001365593150, -3.541265875000000118 ) ) ;
#89 = CARTESIAN_POINT ( 'NONE',  ( 3.000000000000000444, -4.049999997268812990, -3.673940397442060361E-16 ) ) ;
#90 = CARTESIAN_POINT ( 'NONE',  ( 0.000000000000000000, 220.0000000000000284, 0.000000000000000000 ) ) ;
#91 = ORIENTED_EDGE ( 'NONE', *, *, #1371, .F. ) ;
#92 = CARTESIAN_POINT ( 'NONE',  ( -2.168399959374250730E-16, -1.487499998634407072, -3.541265875000000563 ) ) ;
#93 = CARTESIAN_POINT ( 'NONE',  ( 6.505199878122751944E-16, 3.137500001365593150, 3.541265875000000563 ) ) ;
#94 = ORIENTED_EDGE ( 'NONE', *, *, #1439, .T. ) ;
#95 = DIRECTION ( 'NONE',  ( 0.000000000000000000, 0.000000000000000000, -1.000000000000000000 ) ) ;
#96 = SURFACE_STYLE_USAGE ( .BOTH. , #1629 ) ;
#97 = CARTESIAN_POINT ( 'NONE',  ( 0.000000000000000000, 4.200000000000000178, 0.000000000000000000 ) ) ;
#98 = CARTESIAN_POINT ( 'NONE',  ( 3.541265875000000563, -1.612499998634406406, -4.336799918748501460E-16 ) ) ;
#99 = CARTESIAN_POINT ( 'NONE',  ( 2.014475901327611229, 220.0000000000000284, 3.495145561765757414 ) ) ;
#100 = CARTESIAN_POINT ( 'NONE',  ( -2.504053114197013485, -2.362499998634406850, -2.504053114197013485 ) ) ;
#101 = CARTESIAN_POINT ( 'NONE',  ( -2.121320343559642829, -4.674999997268813878, -2.121320343559642829 ) ) ;
#102 = CARTESIAN_POINT ( 'NONE',  ( 6.000769315822031726E-16, 0.000000000000000000, 4.800000000000000711 ) ) ;
#103 = CARTESIAN_POINT ( 'NONE',  ( -1.466840353394025964, -1.424999998634407516, -3.541265875000000118 ) ) ;
#104 = PRESENTATION_LAYER_ASSIGNMENT (  '', '', ( #59 ) ) ;
#105 = CARTESIAN_POINT ( 'NONE',  ( -2.999999999999999556, -5.737499999999999822, 1.242640687119287657 ) ) ;
#106 = ORIENTED_EDGE ( 'NONE', *, *, #2525, .F. ) ;
#107 = CARTESIAN_POINT ( 'NONE',  ( 0.000000000000000000, 21.60642344549165728, 0.000000000000000000 ) ) ;
#108 = EDGE_CURVE ( 'NONE', #2281, #884, #283, .T. ) ;
#109 = CARTESIAN_POINT ( 'NONE',  ( 3.673940397442060361E-16, 4.200000000000000178, 3.000000000000000444 ) ) ;
#110 = DIRECTION ( 'NONE',  ( -0.8660254037844387076, 0.000000000000000000, 0.5000000000000001110 ) ) ;
#111 = CARTESIAN_POINT ( 'NONE',  ( 0.000000000000000000, 0.000000000000000000, 0.000000000000000000 ) ) ;
#112 =( GEOMETRIC_REPRESENTATION_CONTEXT ( 3 ) GLOBAL_UNCERTAINTY_ASSIGNED_CONTEXT ( ( #529 ) ) GLOBAL_UNIT_ASSIGNED_CONTEXT ( ( #911, #417, #2185 ) ) REPRESENTATION_CONTEXT ( 'NONE', 'WORKASPACE' ) );
#113 = CARTESIAN_POINT ( 'NONE',  ( 3.000000000000001776, 2.887500002731186566, 1.242640687119285214 ) ) ;
#114 = EDGE_CURVE ( 'NONE', #481, #658, #284, .T. ) ;
#115 = CARTESIAN_POINT ( 'NONE',  ( 1.466840353394027963, -2.799999998634406406, 3.541265875000000118 ) ) ;
#116 = COLOUR_RGB ( '',1.000000000000000000, 0.8666666666666666963, 0.5294117647058823595 ) ;
#117 = CARTESIAN_POINT ( 'NONE',  ( -3.198667354166189636, 220.0000000000000284, -2.458186895326407218 ) ) ;
#118 = CARTESIAN_POINT ( 'NONE',  ( 3.541265875000001007, -4.799999998634407739, 1.466840353394025298 ) ) ;
#119 = CARTESIAN_POINT ( 'NONE',  ( -2.999999999999999556, -3.487499997268812990, 1.242640687119287657 ) ) ;
#120 =( NAMED_UNIT ( * ) SI_UNIT ( $, .STERADIAN. ) SOLID_ANGLE_UNIT ( ) );
#121 = STYLED_ITEM ( 'NONE', ( #2449 ), #2180 ) ;
#122 = SURFACE_STYLE_USAGE ( .BOTH. , #2438 ) ;
#123 = CARTESIAN_POINT ( 'NONE',  ( 2.504053114197013041, 0.3875000013655932052, -2.504053114197013485 ) ) ;
#124 = CIRCLE ( 'NONE', #989, 5.000000000000000000 ) ;
#125 = CARTESIAN_POINT ( 'NONE',  ( -3.541265875000000118, 1.950000001365593372, 1.466840353394028629 ) ) ;
#126 = VERTEX_POINT ( 'NONE', #2569 ) ;
#127 = DIRECTION ( 'NONE',  ( 0.000000000000000000, 0.000000000000000000, -1.000000000000000000 ) ) ;
#128 = CARTESIAN_POINT ( 'NONE',  ( -2.309401076758504257, 0.2000000000000000111, -4.000000000000000000 ) ) ;
#129 = ORIENTED_EDGE ( 'NONE', *, *, #3058, .F. ) ;
#130 = CARTESIAN_POINT ( 'NONE',  ( 3.000000000000000444, 1.950000002731186788, -3.673940397442060361E-16 ) ) ;
#131 = CARTESIAN_POINT ( 'NONE',  ( -3.541265875000000563, 3.762500001365593150, 0.000000000000000000 ) ) ;
#132 = DIRECTION ( 'NONE',  ( 1.000000000000000000, 0.000000000000000000, 0.000000000000000000 ) ) ;
#133 = CARTESIAN_POINT ( 'NONE',  ( -2.309401076758502480, 0.2000000000000000111, 4.000000000000000000 ) ) ;
#134 = PRODUCT_DEFINITION_SHAPE ( 'NONE', 'NONE',  #1396 ) ;
#135 = CARTESIAN_POINT ( 'NONE',  ( -3.541265875000000118, -2.174999998634407294, -1.466840353394025964 ) ) ;
#136 = CARTESIAN_POINT ( 'NONE',  ( 1.046991557593071720, 219.0000000000000284, -3.895890698324401935 ) ) ;
#137 = CARTESIAN_POINT ( 'NONE',  ( -1.466840353394026408, -3.049999998634406850, 3.541265875000000118 ) ) ;
#138 = LINE ( 'NONE', #407, #1805 ) ;
#139 = FACE_OUTER_BOUND ( 'NONE', #171, .T. ) ;
#140 = CARTESIAN_POINT ( 'NONE',  ( -1.836970198721030181E-16, 3.200000002731186566, -3.000000000000000444 ) ) ;
#141 = CARTESIAN_POINT ( 'NONE',  ( -1.466840353394025964, 0.7000000013655931497, -3.541265875000000118 ) ) ;
#142 = ORIENTED_EDGE ( 'NONE', *, *, #2090, .F. ) ;
#143 = CARTESIAN_POINT ( 'NONE',  ( -3.000000000000000444, 2.450000002731186566, 0.000000000000000000 ) ) ;
#144 = ORIENTED_EDGE ( 'NONE', *, *, #829, .T. ) ;
#145 = CARTESIAN_POINT ( 'NONE',  ( 3.673940397442060361E-16, 4.200000000000000178, 3.000000000000000444 ) ) ;
#146 = FACE_OUTER_BOUND ( 'NONE', #3138, .T. ) ;
#147 = CARTESIAN_POINT ( 'NONE',  ( 1.242640687119285658, 1.887499999999999734, -3.000000000000001332 ) ) ;
#148 = DIRECTION ( 'NONE',  ( 0.000000000000000000, -1.000000000000000000, 0.000000000000000000 ) ) ;
#149 = CARTESIAN_POINT ( 'NONE',  ( 2.504053114197013041, -3.612499998634407294, -2.504053114197013485 ) ) ;
#150 = SURFACE_STYLE_FILL_AREA ( #2715 ) ;
#151 = CARTESIAN_POINT ( 'NONE',  ( -2.000071333509450433, 220.0000000000000000, 0.2610777017259149346 ) ) ;
#152 = VECTOR ( 'NONE', #3085, 1000.000000000000000 ) ;
#153 = DIRECTION ( 'NONE',  ( 0.000000000000000000, -1.000000000000000000, 0.000000000000000000 ) ) ;
#154 = VECTOR ( 'NONE', #2594, 1000.000000000000000 ) ;
#155 = CARTESIAN_POINT ( 'NONE',  ( 1.242640687119287213, 2.762500002731187010, 2.999999999999999556 ) ) ;
#156 = CARTESIAN_POINT ( 'NONE',  ( 3.541265875000000563, 0.3875000013655932052, -4.336799918748501460E-16 ) ) ;
#157 = EDGE_LOOP ( 'NONE', ( #13, #3217, #2292 ) ) ;
#158 = DIRECTION ( 'NONE',  ( -0.000000000000000000, -1.000000000000000000, -0.000000000000000000 ) ) ;
#159 =( BOUNDED_CURVE ( )  B_SPLINE_CURVE ( 2, ( #428, #1997, #2230, #1751, #143, #1933, #1476, #1170, #694 ),
 .UNSPECIFIED., .F., .F. ) 
 B_SPLINE_CURVE_WITH_KNOTS ( ( 3, 2, 2, 2, 3 ),
 ( 0.07499999999999998335, 0.08749999999999999445, 0.1000000000000000056, 0.1125000000000000167, 0.1250000000000000278 ),
 .UNSPECIFIED. ) 
 CURVE ( )  GEOMETRIC_REPRESENTATION_ITEM ( )  RATIONAL_B_SPLINE_CURVE ( ( 1.000000000000000000, 0.9238795325112866275, 1.000000000000000000, 0.9238795325112867385, 1.000000000000000000, 0.9238795325112867385, 1.000000000000000000, 0.9238795325112865164, 1.000000000000000222 ) ) 
 REPRESENTATION_ITEM ( '' )  );
#160 = ORIENTED_EDGE ( 'NONE', *, *, #239, .T. ) ;
#161 = DIRECTION ( 'NONE',  ( -1.000000000000000000, 0.000000000000000000, 0.000000000000000000 ) ) ;
#162 = CARTESIAN_POINT ( 'NONE',  ( 3.541265875000000563, 3.262500001365593150, -4.336799918748501460E-16 ) ) ;
#163 = CARTESIAN_POINT ( 'NONE',  ( -1.242640687119286103, 0.3874999999999997891, 3.000000000000000444 ) ) ;
#164 = CARTESIAN_POINT ( 'NONE',  ( 0.000000000000000000, 3.056619037896890489, 0.000000000000000000 ) ) ;
#165 = CARTESIAN_POINT ( 'NONE',  ( -1.466840353394025964, -1.424999998634407516, -3.541265875000000118 ) ) ;
#166 = CARTESIAN_POINT ( 'NONE',  ( 3.000000000000001776, -6.112499997268812990, 1.242640687119285436 ) ) ;
#167 = CARTESIAN_POINT ( 'NONE',  ( -1.747783050442913488, 220.0000000000000568, -1.006543911596921692 ) ) ;
#168 = CARTESIAN_POINT ( 'NONE',  ( 0.000000000000000000, 2.970869745325647848, 4.951449575542748782 ) ) ;
#169 = CARTESIAN_POINT ( 'NONE',  ( -1.466840353394025964, -3.424999998634407294, -3.541265875000000118 ) ) ;
#170 = CARTESIAN_POINT ( 'NONE',  ( -3.541265875000000563, -2.112499998634406850, 0.000000000000000000 ) ) ;
#171 = EDGE_LOOP ( 'NONE', ( #955, #1274, #2935, #1386 ) ) ;
#172 = FACE_OUTER_BOUND ( 'NONE', #263, .T. ) ;
#173 = EDGE_CURVE ( 'NONE', #1156, #1841, #3072, .T. ) ;
#174 = EDGE_LOOP ( 'NONE', ( #972, #106, #1995, #91 ) ) ;
#175 = CARTESIAN_POINT ( 'NONE',  ( 1.466840353394025964, 0.4500000013655932052, -3.541265875000000563 ) ) ;
#176 = FILL_AREA_STYLE_COLOUR ( '', #1252 ) ;
#177 = CARTESIAN_POINT ( 'NONE',  ( -2.999999999999999556, -0.7375000000000003775, 1.242640687119287657 ) ) ;
#178 = CARTESIAN_POINT ( 'NONE',  ( -0.5235987537816837456, 219.0000000000000284, -4.000000000000007105 ) ) ;
#179 = MECHANICAL_DESIGN_GEOMETRIC_PRESENTATION_REPRESENTATION (  '', ( #3016 ), #2042 ) ;
#180 = CARTESIAN_POINT ( 'NONE',  ( 3.541265875000000118, -5.674999998634405962, -1.466840353394025964 ) ) ;
#181 = CARTESIAN_POINT ( 'NONE',  ( 0.8352778613776229433, 0.2000000000000041744, 3.407616959057042649 ) ) ;
#182 = CARTESIAN_POINT ( 'NONE',  ( 0.000000000000000000, 4.200000000000000178, 0.000000000000000000 ) ) ;
#183 = CARTESIAN_POINT ( 'NONE',  ( -2.504053114197013485, 3.762500001365593150, -2.504053114197013485 ) ) ;
#184 = VECTOR ( 'NONE', #161, 1000.000000000000000 ) ;
#185 = PRESENTATION_LAYER_ASSIGNMENT (  '', '', ( #2318 ) ) ;
#186 = CARTESIAN_POINT ( 'NONE',  ( -2.504053114197013485, -4.237499998634406850, -2.504053114197013485 ) ) ;
#187 = CARTESIAN_POINT ( 'NONE',  ( 1.466840353394027963, -4.924999998634407739, 3.541265875000000118 ) ) ;
#188 = VECTOR ( 'NONE', #463, 1000.000000000000000 ) ;
#189 = CARTESIAN_POINT ( 'NONE',  ( 1.466840353394025964, -0.4249999986344070724, -3.541265875000000118 ) ) ;
#190 = DIRECTION ( 'NONE',  ( 0.000000000000000000, 0.000000000000000000, 1.000000000000000000 ) ) ;
#191 =( GEOMETRIC_REPRESENTATION_CONTEXT ( 3 ) GLOBAL_UNCERTAINTY_ASSIGNED_CONTEXT ( ( #3070 ) ) GLOBAL_UNIT_ASSIGNED_CONTEXT ( ( #568, #1588, #3080 ) ) REPRESENTATION_CONTEXT ( 'NONE', 'WORKASPACE' ) );
#192 = ORIENTED_EDGE ( 'NONE', *, *, #643, .T. ) ;
#193 = CYLINDRICAL_SURFACE ( 'NONE', #2388, 4.500000000000000888 ) ;
#194 = ORIENTED_EDGE ( 'NONE', *, *, #2714, .T. ) ;
#195 = CARTESIAN_POINT ( 'NONE',  ( 1.466840353394027963, 3.075000001365593150, 3.541265875000000118 ) ) ;
#196 = CARTESIAN_POINT ( 'NONE',  ( 2.504053114197013929, 2.137500001365593150, 2.504053114197013041 ) ) ;
#197 = CARTESIAN_POINT ( 'NONE',  ( 3.000000000000001776, 0.6374999999999996225, 1.242640687119285436 ) ) ;
#198 = CARTESIAN_POINT ( 'NONE',  ( -3.198667354166023102, 219.0000000000000284, 2.458186895326365473 ) ) ;
#199 = CARTESIAN_POINT ( 'NONE',  ( -3.541265875000000563, -6.237499998634406850, 0.000000000000000000 ) ) ;
#200 =( NAMED_UNIT ( * ) PLANE_ANGLE_UNIT ( ) SI_UNIT ( $, .RADIAN. ) );
#201 = CARTESIAN_POINT ( 'NONE',  ( 5.510910596163094486E-16, 21.43505856806114096, 4.014764658401049680 ) ) ;
#202 = DIRECTION ( 'NONE',  ( 0.000000000000000000, -1.000000000000000000, 0.000000000000000000 ) ) ;
#203 = CARTESIAN_POINT ( 'NONE',  ( -2.504053114197013485, 3.637500001365593150, -2.504053114197013485 ) ) ;
#204 = CARTESIAN_POINT ( 'NONE',  ( 2.504053114197013929, -4.862499998634406850, 2.504053114197013041 ) ) ;
#205 = CARTESIAN_POINT ( 'NONE',  ( -2.504053114197012597, -0.9874999986344067393, 2.504053114197013929 ) ) ;
#206 = ORIENTED_EDGE ( 'NONE', *, *, #1417, .F. ) ;
#207 = TOROIDAL_SURFACE ( 'NONE', #1021, 8.000000000000007105, 4.000000000000000000 ) ;
#208 = FACE_BOUND ( 'NONE', #2166, .T. ) ;
#209 = FILL_AREA_STYLE_COLOUR ( '', #226 ) ;
#210 = ORIENTED_EDGE ( 'NONE', *, *, #1536, .F. ) ;
#211 = SURFACE_STYLE_FILL_AREA ( #1575 ) ;
#212 = CARTESIAN_POINT ( 'NONE',  ( 3.541265875000000563, 0.2625000013655930942, -4.336799918748501460E-16 ) ) ;
#213 =( GEOMETRIC_REPRESENTATION_CONTEXT ( 3 ) GLOBAL_UNCERTAINTY_ASSIGNED_CONTEXT ( ( #763 ) ) GLOBAL_UNIT_ASSIGNED_CONTEXT ( ( #2583, #2076, #1276 ) ) REPRESENTATION_CONTEXT ( 'NONE', 'WORKASPACE' ) );
#214 = CARTESIAN_POINT ( 'NONE',  ( -3.495145561765887088, 219.0000000000000284, -2.014475901327692497 ) ) ;
#215 = CARTESIAN_POINT ( 'NONE',  ( 2.309401076758503368, 0.2000000000000000111, -4.000000000000000888 ) ) ;
#216 = CARTESIAN_POINT ( 'NONE',  ( 1.747572780882933774, 220.0000000000000284, -1.007237950663836923 ) ) ;
#217 = FACE_OUTER_BOUND ( 'NONE', #1530, .T. ) ;
#218 = CARTESIAN_POINT ( 'NONE',  ( 5.430213086865835407E-08, 0.2000000000000001499, -2.999999999999999556 ) ) ;
#219 = ADVANCED_FACE ( 'NONE', ( #1585 ), #301, .T. ) ;
#220 = EDGE_CURVE ( 'NONE', #692, #1183, #2480, .T. ) ;
#221 = CARTESIAN_POINT ( 'NONE',  ( 5.510910596163089556E-16, 1.449999999999999956, 3.000000000000000444 ) ) ;
#222 = CARTESIAN_POINT ( 'NONE',  ( -3.541265875000000118, -5.174999998634405074, -1.466840353394025964 ) ) ;
#223 = CARTESIAN_POINT ( 'NONE',  ( 5.510910596163089556E-16, -1.299999997268813212, 3.000000000000000444 ) ) ;
#224 = CARTESIAN_POINT ( 'NONE',  ( -2.504053114197013485, -0.2374999986344069058, -2.504053114197013485 ) ) ;
#225 = CARTESIAN_POINT ( 'NONE',  ( 4.618802153517006737, 0.000000000000000000, 0.000000000000000000 ) ) ;
#226 = COLOUR_RGB ( '',1.000000000000000000, 0.8666666666666666963, 0.5294117647058823595 ) ;
#227 = ORIENTED_EDGE ( 'NONE', *, *, #749, .T. ) ;
#228 = CARTESIAN_POINT ( 'NONE',  ( 0.000000000000000000, 2.299999999999968736, 0.000000000000000000 ) ) ;
#229 = CARTESIAN_POINT ( 'NONE',  ( 2.504053114197013041, 2.512500001365593594, -2.504053114197013485 ) ) ;
#230 = VERTEX_POINT ( 'NONE', #1030 ) ;
#231 = CARTESIAN_POINT ( 'NONE',  ( -3.541265875000000118, 1.700000001365593150, -1.466840353394025964 ) ) ;
#232 = CARTESIAN_POINT ( 'NONE',  ( -1.242640687119285658, 2.012499999999999734, -3.000000000000000888 ) ) ;
#233 = FACE_OUTER_BOUND ( 'NONE', #2413, .T. ) ;
#234 = CARTESIAN_POINT ( 'NONE',  ( -1.836970198721030181E-16, 3.949999999999999734, -3.000000000000000444 ) ) ;
#235 = DIRECTION ( 'NONE',  ( -1.000000000000000000, -0.000000000000000000, -0.000000000000000000 ) ) ;
#236 = CARTESIAN_POINT ( 'NONE',  ( -0.4995014099076180991, 0.2000000000000000111, 3.367413941176974124 ) ) ;
#237 = DIRECTION ( 'NONE',  ( -0.000000000000000000, -1.000000000000000000, -0.000000000000000000 ) ) ;
#238 = LINE ( 'NONE', #1249, #294 ) ;
#239 = EDGE_CURVE ( 'NONE', #2059, #2038, #931, .T. ) ;
#240 = CARTESIAN_POINT ( 'NONE',  ( 2.504053114197013929, 3.137500001365593150, 2.504053114197013041 ) ) ;
#241 = CARTESIAN_POINT ( 'NONE',  ( 2.121320343559643273, 0.8250000027311865658, 2.121320343559642829 ) ) ;
#242 = AXIS2_PLACEMENT_3D ( 'NONE', #20, #578, #1059 ) ;
#243 = CARTESIAN_POINT ( 'NONE',  ( 1.466840353394027963, 0.2000000013655930942, 3.541265875000000118 ) ) ;
#244 = EDGE_CURVE ( 'NONE', #2009, #2075, #2505, .T. ) ;
#245 = EDGE_LOOP ( 'NONE', ( #509, #678, #1685, #3022 ) ) ;
#246 = VECTOR ( 'NONE', #1765, 1000.000000000000114 ) ;
#247 = CARTESIAN_POINT ( 'NONE',  ( -1.466840353394026408, 1.075000001365593372, 3.541265875000000118 ) ) ;
#248 = ORIENTED_EDGE ( 'NONE', *, *, #1803, .F. ) ;
#249 = SURFACE_SIDE_STYLE ('',( #2804 ) ) ;
#250 = FILL_AREA_STYLE ('',( #514 ) ) ;
#251 = CARTESIAN_POINT ( 'NONE',  ( 1.229093447663186511, 220.0000000000000284, 1.599333677083013550 ) ) ;
#252 = DIRECTION ( 'NONE',  ( -0.000000000000000000, 1.000000000000000000, -0.000000000000000000 ) ) ;
#253 = CARTESIAN_POINT ( 'NONE',  ( 2.000000000000007105, 220.0000000000000284, 0.2617993768908427610 ) ) ;
#254 = CARTESIAN_POINT ( 'NONE',  ( -2.168399959374250730E-16, -5.362499998634405962, -3.541265875000000563 ) ) ;
#255 = CARTESIAN_POINT ( 'NONE',  ( -3.000000000000000444, 2.450000002731186566, 0.000000000000000000 ) ) ;
#256 = ADVANCED_FACE ( 'NONE', ( #2253 ), #2319, .T. ) ;
#257 = DIRECTION ( 'NONE',  ( 0.000000000000000000, 0.000000000000000000, 1.000000000000000000 ) ) ;
#258 = ORIENTED_EDGE ( 'NONE', *, *, #1181, .F. ) ;
#259 = EDGE_CURVE ( 'NONE', #2580, #1258, #1277, .T. ) ;
#260 = CARTESIAN_POINT ( 'NONE',  ( -1.242640687119285658, 1.012499999999999512, -3.000000000000001332 ) ) ;
#261 = STYLED_ITEM ( 'NONE', ( #1374 ), #2024 ) ;
#262 = CARTESIAN_POINT ( 'NONE',  ( 6.505199878122751944E-16, 3.137500001365593150, 3.541265875000000563 ) ) ;
#263 = EDGE_LOOP ( 'NONE', ( #2817, #905, #3100 ) ) ;
#264 = UNCERTAINTY_MEASURE_WITH_UNIT (LENGTH_MEASURE( 1.000000000000000082E-05 ), #490, 'distance_accuracy_value', 'NONE');
#265 =( NAMED_UNIT ( * ) PLANE_ANGLE_UNIT ( ) SI_UNIT ( $, .RADIAN. ) );
#266 = DIRECTION ( 'NONE',  ( 1.000000000000000000, 0.000000000000000000, -1.877893248421448789E-16 ) ) ;
#267 = LINE ( 'NONE', #1293, #154 ) ;
#268 = CARTESIAN_POINT ( 'NONE',  ( 3.999999999999992895, 220.0000000000000284, 0.5235987537816829684 ) ) ;
#269 = CARTESIAN_POINT ( 'NONE',  ( 5.510910596163089556E-16, 2.449999999999999734, 3.000000000000000444 ) ) ;
#270 = PLANE ( 'NONE',  #3122 ) ;
#271 = CARTESIAN_POINT ( 'NONE',  ( 1.599333677083013550, 220.0000000000000284, 1.229093447663186511 ) ) ;
#272 = CARTESIAN_POINT ( 'NONE',  ( 3.541265875000000118, 2.325000001365593150, -1.466840353394025964 ) ) ;
#273 = CARTESIAN_POINT ( 'NONE',  ( 1.242640687119285658, 1.137500002731186566, -3.000000000000001332 ) ) ;
#274 = CARTESIAN_POINT ( 'NONE',  ( 1.466840353394025964, -4.424999998634406850, -3.541265875000000118 ) ) ;
#275 = ORIENTED_EDGE ( 'NONE', *, *, #2155, .T. ) ;
#276 = CARTESIAN_POINT ( 'NONE',  ( 3.000000000000001332, -2.237500000000000711, -1.242640687119285881 ) ) ;
#277 = ORIENTED_EDGE ( 'NONE', *, *, #2714, .F. ) ;
#278 = PRESENTATION_LAYER_ASSIGNMENT (  '', '', ( #710 ) ) ;
#279 = CARTESIAN_POINT ( 'NONE',  ( 0.000000000000000000, 220.0000000000000284, 3.999999999999992895 ) ) ;
#280 = SURFACE_SIDE_STYLE ('',( #3055 ) ) ;
#281 = FACE_OUTER_BOUND ( 'NONE', #2183, .T. ) ;
#282 = CARTESIAN_POINT ( 'NONE',  ( 1.947945349162198303, 220.0000000000000284, 0.5234957787965132114 ) ) ;
#283 = LINE ( 'NONE', #1311, #188 ) ;
#284 = B_SPLINE_CURVE_WITH_KNOTS ( 'NONE', 3,
 ( #1763, #971, #1061, #2321, #3110, #53, #2475, #820, #2495, #480, #2244, #1254, #1976, #988, #1508, #2262, #1008, #2008, #3033, #744, #2784, #534 ),
 .UNSPECIFIED., .F., .F.,
 ( 4, 2, 2, 2, 2, 2, 2, 2, 2, 2, 4 ),
 ( 0.000000000000000000, 0.0008018493610722164915, 0.001202774041608324629, 0.001603698722144432766, 0.002405548083216648824, 0.003207397444288864665, 0.004009246805361080940, 0.004410171485897189728, 0.004811096166433297648, 0.005612945527505513489, 0.006414794888577729330 ),
 .UNSPECIFIED. ) ;
#285 = CARTESIAN_POINT ( 'NONE',  ( 6.505199878122751944E-16, 2.012500001365593150, 3.541265875000000563 ) ) ;
#286 = CARTESIAN_POINT ( 'NONE',  ( 2.121320343559643273, 1.825000002731186566, 2.121320343559642829 ) ) ;
#287 = CARTESIAN_POINT ( 'NONE',  ( -3.541265875000000563, 3.825000001365593150, 0.000000000000000000 ) ) ;
#288 = CARTESIAN_POINT ( 'NONE',  ( 5.510910596163089556E-16, 0.7000000027311868989, 3.000000000000000444 ) ) ;
#289 = FILL_AREA_STYLE ('',( #2576 ) ) ;
#290 = CARTESIAN_POINT ( 'NONE',  ( -2.504053114197013485, 2.637500001365593150, -2.504053114197013485 ) ) ;
#291 = CARTESIAN_POINT ( 'NONE',  ( -2.999999999999999556, -1.737500000000000266, 1.242640687119287657 ) ) ;
#292 = ORIENTED_EDGE ( 'NONE', *, *, #1560, .T. ) ;
#293 = SURFACE_SIDE_STYLE ('',( #2532 ) ) ;
#294 = VECTOR ( 'NONE', #3295, 1000.000000000000000 ) ;
#295 = DIRECTION ( 'NONE',  ( 0.000000000000000000, 0.000000000000000000, 1.000000000000000000 ) ) ;
#296 = CARTESIAN_POINT ( 'NONE',  ( -2.458186895326316179, 220.0000000000000284, 3.198667354165940946 ) ) ;
#297 = CARTESIAN_POINT ( 'NONE',  ( -3.000000000000000444, 3.199999999999999734, 0.000000000000000000 ) ) ;
#298 = EDGE_CURVE ( 'NONE', #512, #1306, #33, .T. ) ;
#299 = CARTESIAN_POINT ( 'NONE',  ( -1.242640687119285658, 3.012499999999999289, -3.000000000000001332 ) ) ;
#300 = CARTESIAN_POINT ( 'NONE',  ( -1.466840353394025964, 0.7000000013655931497, -3.541265875000000563 ) ) ;
#301 = CYLINDRICAL_SURFACE ( 'NONE', #892, 4.500000000000000888 ) ;
#302 = CARTESIAN_POINT ( 'NONE',  ( 2.504053114197013929, 1.137500001365592928, 2.504053114197013041 ) ) ;
#303 = CARTESIAN_POINT ( 'NONE',  ( -1.242640687119286103, -3.362499997268813434, 3.000000000000000444 ) ) ;
#304 = CARTESIAN_POINT ( 'NONE',  ( -3.541265875000000563, -4.112499998634406850, 0.000000000000000000 ) ) ;
#305 = ORIENTED_EDGE ( 'NONE', *, *, #3305, .T. ) ;
#306 = CARTESIAN_POINT ( 'NONE',  ( -2.504053114197012597, 1.887500001365593150, 2.504053114197013929 ) ) ;
#307 = CARTESIAN_POINT ( 'NONE',  ( -1.242640687119286103, -3.612500000000000266, 3.000000000000000444 ) ) ;
#308 = VERTEX_POINT ( 'NONE', #2031 ) ;
#309 = DIRECTION ( 'NONE',  ( 0.000000000000000000, 0.000000000000000000, -1.000000000000000000 ) ) ;
#310 = ORIENTED_EDGE ( 'NONE', *, *, #244, .F. ) ;
#311 = CIRCLE ( 'NONE', #3039, 0.1000000000000002554 ) ;
#312 = CARTESIAN_POINT ( 'NONE',  ( -2.014475901327629437, 220.0000000000000284, 3.495145561765871101 ) ) ;
#313 = DIRECTION ( 'NONE',  ( 0.000000000000000000, -1.000000000000000000, 0.000000000000000000 ) ) ;
#314 =( NAMED_UNIT ( * ) PLANE_ANGLE_UNIT ( ) SI_UNIT ( $, .RADIAN. ) );
#315 = CARTESIAN_POINT ( 'NONE',  ( -1.466840353394026408, 0.07500000136559338559, 3.541265875000000118 ) ) ;
#316 = CARTESIAN_POINT ( 'NONE',  ( -0.5234957787965193177, 220.0000000000000284, -1.947945349162210960 ) ) ;
#317 = EDGE_CURVE ( 'NONE', #2513, #1841, #1320, .T. ) ;
#318 = CARTESIAN_POINT ( 'NONE',  ( -3.541265875000000118, 0.7000000013655931497, -1.466840353394025964 ) ) ;
#319 = CARTESIAN_POINT ( 'NONE',  ( -2.121320343559642829, -1.674999997268813434, -2.121320343559642829 ) ) ;
#320 = CARTESIAN_POINT ( 'NONE',  ( 1.466840353394027963, -4.799999998634407739, 3.541265875000000118 ) ) ;
#321 = ORIENTED_EDGE ( 'NONE', *, *, #2218, .F. ) ;
#322 = CARTESIAN_POINT ( 'NONE',  ( 2.504053114197013929, 0.1375000013655930109, 2.504053114197013041 ) ) ;
#323 = CARTESIAN_POINT ( 'NONE',  ( -1.836970198721030181E-16, -3.050000000000000711, -3.000000000000000444 ) ) ;
#324 = ORIENTED_EDGE ( 'NONE', *, *, #1712, .F. ) ;
#325 = DIRECTION ( 'NONE',  ( 0.000000000000000000, -1.000000000000000000, 0.000000000000000000 ) ) ;
#326 = DIRECTION ( 'NONE',  ( 0.000000000000000000, 0.000000000000000000, 1.000000000000000000 ) ) ;
#327 = CARTESIAN_POINT ( 'NONE',  ( 3.895890698324417034, 219.0000000000000284, 1.046991557593034639 ) ) ;
#328 = CARTESIAN_POINT ( 'NONE',  ( 5.510910596163089556E-16, 0.4499999999999999001, 3.000000000000000444 ) ) ;
#329 = CARTESIAN_POINT ( 'NONE',  ( 2.504053114197013929, -1.737499998634406406, 2.504053114197013041 ) ) ;
#330 = CARTESIAN_POINT ( 'NONE',  ( -3.198667354166070620, 220.0000000000000284, 2.458186895326412991 ) ) ;
#331 = CARTESIAN_POINT ( 'NONE',  ( 1.242640687119285658, 3.887499999999999734, -3.000000000000001332 ) ) ;
#332 = CARTESIAN_POINT ( 'NONE',  ( -3.541265875000000563, 0.7625000013655931497, 0.000000000000000000 ) ) ;
#333 = CARTESIAN_POINT ( 'NONE',  ( 1.242640687119285658, -3.862499997268813434, -3.000000000000001332 ) ) ;
#334 = EDGE_CURVE ( 'NONE', #2828, #308, #2806, .T. ) ;
#335 = CARTESIAN_POINT ( 'NONE',  ( -3.000000000000000444, 3.825000001365593150, 0.000000000000000000 ) ) ;
#336 = SURFACE_STYLE_FILL_AREA ( #2864 ) ;
#337 = DIRECTION ( 'NONE',  ( -0.000000000000000000, 1.000000000000000000, -0.000000000000000000 ) ) ;
#338 = CARTESIAN_POINT ( 'NONE',  ( -2.504053114197013485, -0.3624999986344070169, -2.504053114197013485 ) ) ;
#339 = EDGE_CURVE ( 'NONE', #2705, #2011, #267, .T. ) ;
#340 = CARTESIAN_POINT ( 'NONE',  ( 5.510910596163089556E-16, -2.550000000000000266, 3.000000000000000444 ) ) ;
#341 =( BOUNDED_SURFACE ( )  B_SPLINE_SURFACE ( 1, 2, ( 
 ( #1017, #3294, #833, #690, #2368, #331, #87, #1362, #1115, #2120, #859, #1885, #2892, #600, #525, #1559, #1039, #2556, #1272, #299, #1329, #51, #1079, #2632, #518, #843, #2875, #2711, #1738, #1952, #1450, #418, #1707, #2744, #699, #1938, #929, #147, #1463, #450, #1790, #2958, #666, #2543, #2236, #2293, #3237, #1543, #2726, #3221, #2202, #260, #1287, #10, #1925, #2433, #1434, #197, #2450, #1174, #943, #163, #2217, #1691, #3005, #1481, #959, #2187, #2696, #1189, #402, #3205, #2972, #681, #1725, #432, #2486, #2467, #1225, #177, #3254, #1206, #1964, #2987, #978, #1985, #760, #2800, #510, #2943, #649, #3099, #2110, #2884, #3065, #291, #3137, #1840, #1808, #846, #555, #795, #2039, #276, #2058, #2597, #2074, #812, #340, #1069, #1562, #1372, #1875, #2613, #45, #2558, #323, #1303, #1355, #2091, #2850, #2377, #3083, #1593, #1054, #307, #526, #1823, #1578, #1323, #2310, #1339, #2345, #27, #1625, #588, #3119, #64, #2629, #1088, #827, #1858, #2816, #2330, #2867, #2360, #1040, #779, #571, #2831, #541, #2578, #1610, #77, #1105, #1905, #3170, #3198, #2176, #105, #2389 ),
 ( #2146, #674, #412, #426, #1426, #2966, #904, #1405, #376, #1715, #2719, #1457, #93, #2950, #3154, #921, #1182, #1891, #865, #883, #626, #2900, #1136, #657, #2921, #1698, #1664, #2704, #2663, #394, #2408, #125, #3187, #2648, #1150, #2162, #1441, #1918, #2934, #2194, #1945, #2128, #641, #3211, #1680, #608, #936, #2686, #2427, #1122, #357, #141, #1168, #1931, #2441, #1645, #156, #1385, #1788, #243, #742, #1490, #691, #1776, #2980, #2783, #224, #3264, #508, #189, #2494, #2474, #987, #1957, #3245, #2995, #2751, #440, #205, #1234, #1732, #3047, #2022, #1253, #2243, #758, #1994, #3013, #726, #952, #1748, #1762, #495, #2798, #3298, #2261, #170, #1472, #970, #3281, #2769, #1975, #708, #2226, #1007, #2007, #1215, #462, #2733, #478, #3032, #2277, #1507, #2512, #2458, #1527, #1198, #2527, #2209, #1270, #1023, #3228, #2105, #842, #2881, #1540, #1084, #1285, #304, #2610, #2037, #1036, #3115, #274, #3062, #1820, #25, #1836, #2291, #320, #2085, #553, #775, #8, #2554, #2307, #1335, #1573, #1053, #2054, #1298, #2343, #60, #1557, #523, #1806, #1065, #824, #1352, #3081, #791 ) ),
 .UNSPECIFIED., .F., .F., .F. ) 
 B_SPLINE_SURFACE_WITH_KNOTS ( ( 2, 2 ),
 ( 3, 2, 2, 2, 2, 2, 2, 2, 2, 2, 2, 2, 2, 2, 2, 2, 2, 2, 2, 2, 2, 2, 2, 2, 2, 2, 2, 2, 2, 2, 2, 2, 2, 2, 2, 2, 2, 2, 2, 2, 2, 2, 2, 2, 2, 2, 2, 2, 2, 2, 2, 2, 2, 2, 2, 2, 2, 2, 2, 2, 2, 2, 2, 2, 2, 2, 2, 2, 2, 2, 2, 2, 2, 2, 2, 2, 2, 2, 2, 2, 3 ),
 ( 0.000000000000000000, 1.000000000000000000 ),
 ( 0.000000000000000000, 0.01250000000000000069, 0.02500000000000000139, 0.03749999999999999861, 0.05000000000000000278, 0.06250000000000000000, 0.07499999999999999722, 0.08749999999999999445, 0.1000000000000000056, 0.1125000000000000028, 0.1250000000000000000, 0.1375000000000000111, 0.1499999999999999944, 0.1625000000000000056, 0.1749999999999999889, 0.1875000000000000000, 0.2000000000000000111, 0.2124999999999999944, 0.2250000000000000056, 0.2374999999999999889, 0.2500000000000000000, 0.2625000000000000111, 0.2750000000000000222, 0.2874999999999999778, 0.2999999999999999889, 0.3125000000000000000, 0.3250000000000000111, 0.3375000000000000222, 0.3499999999999999778, 0.3624999999999999889, 0.3750000000000000000, 0.3875000000000000111, 0.4000000000000000222, 0.4124999999999999778, 0.4249999999999999889, 0.4375000000000000000, 0.4500000000000000111, 0.4625000000000000222, 0.4749999999999999778, 0.4874999999999999889, 0.5000000000000000000, 0.5124999999999999556, 0.5250000000000000222, 0.5374999999999999778, 0.5500000000000000444, 0.5625000000000000000, 0.5749999999999999556, 0.5875000000000000222, 0.5999999999999999778, 0.6125000000000000444, 0.6250000000000000000, 0.6374999999999999556, 0.6500000000000000222, 0.6624999999999999778, 0.6750000000000000444, 0.6875000000000000000, 0.6999999999999999556, 0.7125000000000000222, 0.7249999999999999778, 0.7375000000000000444, 0.7500000000000000000, 0.7624999999999999556, 0.7750000000000000222, 0.7874999999999999778, 0.8000000000000000444, 0.8125000000000000000, 0.8249999999999999556, 0.8375000000000000222, 0.8499999999999999778, 0.8625000000000000444, 0.8750000000000000000, 0.8874999999999999556, 0.9000000000000000222, 0.9124999999999999778, 0.9250000000000000444, 0.9375000000000000000, 0.9499999999999999556, 0.9625000000000000222, 0.9749999999999999778, 0.9875000000000000444, 1.000000000000000000 ),
 .UNSPECIFIED. ) 
 GEOMETRIC_REPRESENTATION_ITEM ( )  RATIONAL_B_SPLINE_SURFACE ( (
 ( 1.000000000000000000, 0.9238795325112867385, 1.000000000000000000, 0.9238795325112867385, 1.000000000000000000, 0.9238795325112867385, 1.000000000000000000, 0.9238795325112867385, 1.000000000000000000, 0.9238795325112867385, 1.000000000000000000, 0.9238795325112867385, 1.000000000000000000, 0.9238795325112867385, 1.000000000000000000, 0.9238795325112867385, 1.000000000000000000, 0.9238795325112867385, 1.000000000000000000, 0.9238795325112867385, 1.000000000000000000, 0.9238795325112867385, 1.000000000000000000, 0.9238795325112867385, 1.000000000000000000, 0.9238795325112867385, 1.000000000000000000, 0.9238795325112867385, 1.000000000000000000, 0.9238795325112867385, 1.000000000000000000, 0.9238795325112867385, 1.000000000000000000, 0.9238795325112867385, 1.000000000000000000, 0.9238795325112867385, 1.000000000000000000, 0.9238795325112867385, 1.000000000000000000, 0.9238795325112867385, 1.000000000000000000, 0.9238795325112867385, 1.000000000000000000, 0.9238795325112867385, 1.000000000000000000, 0.9238795325112867385, 1.000000000000000000, 0.9238795325112867385, 1.000000000000000000, 0.9238795325112867385, 1.000000000000000000, 0.9238795325112867385, 1.000000000000000000, 0.9238795325112867385, 1.000000000000000000, 0.9238795325112867385, 1.000000000000000000, 0.9238795325112867385, 1.000000000000000000, 0.9238795325112867385, 1.000000000000000000, 0.9238795325112867385, 1.000000000000000000, 0.9238795325112867385, 1.000000000000000000, 0.9238795325112867385, 1.000000000000000000, 0.9238795325112867385, 1.000000000000000000, 0.9238795325112867385, 1.000000000000000000, 0.9238795325112867385, 1.000000000000000000, 0.9238795325112867385, 1.000000000000000000, 0.9238795325112867385, 1.000000000000000000, 0.9238795325112867385, 1.000000000000000000, 0.9238795325112867385, 1.000000000000000000, 0.9238795325112867385, 1.000000000000000000, 0.9238795325112867385, 1.000000000000000000, 0.9238795325112867385, 1.000000000000000000, 0.9238795325112867385, 1.000000000000000000, 0.9238795325112867385, 1.000000000000000000, 0.9238795325112867385, 1.000000000000000000, 0.9238795325112867385, 1.000000000000000000, 0.9238795325112867385, 1.000000000000000000, 0.9238795325112867385, 1.000000000000000000, 0.9238795325112867385, 1.000000000000000000, 0.9238795325112867385, 1.000000000000000000, 0.9238795325112867385, 1.000000000000000000, 0.9238795325112867385, 1.000000000000000000, 0.9238795325112867385, 1.000000000000000000, 0.9238795325112867385, 1.000000000000000000, 0.9238795325112867385, 1.000000000000000000, 0.9238795325112867385, 1.000000000000000000, 0.9238795325112867385, 1.000000000000000000, 0.9238795325112867385, 1.000000000000000000, 0.9238795325112867385, 1.000000000000000000, 0.9238795325112867385, 1.000000000000000000, 0.9238795325112867385, 1.000000000000000000, 0.9238795325112867385, 1.000000000000000000, 0.9238795325112867385, 1.000000000000000000, 0.9238795325112867385, 1.000000000000000000, 0.9238795325112867385, 1.000000000000000000, 0.9238795325112867385, 1.000000000000000000, 0.9238795325112867385, 1.000000000000000000, 0.9238795325112867385, 1.000000000000000000, 0.9238795325112867385, 1.000000000000000000, 0.9238795325112867385, 1.000000000000000000, 0.9238795325112867385, 1.000000000000000000, 0.9238795325112867385, 1.000000000000000000, 0.9238795325112867385, 1.000000000000000000, 0.9238795325112867385, 1.000000000000000000, 0.9238795325112867385, 1.000000000000000000, 0.9238795325112867385, 1.000000000000000000, 0.9238795325112867385, 1.000000000000000000, 0.9238795325112867385, 1.000000000000000000, 0.9238795325112867385, 1.000000000000000000),
 ( 1.000000000000000000, 0.9238795325112867385, 1.000000000000000000, 0.9238795325112867385, 1.000000000000000000, 0.9238795325112867385, 1.000000000000000000, 0.9238795325112867385, 1.000000000000000000, 0.9238795325112867385, 1.000000000000000000, 0.9238795325112867385, 1.000000000000000000, 0.9238795325112867385, 1.000000000000000000, 0.9238795325112867385, 1.000000000000000000, 0.9238795325112867385, 1.000000000000000000, 0.9238795325112867385, 1.000000000000000000, 0.9238795325112867385, 1.000000000000000000, 0.9238795325112867385, 1.000000000000000000, 0.9238795325112867385, 1.000000000000000000, 0.9238795325112867385, 1.000000000000000000, 0.9238795325112867385, 1.000000000000000000, 0.9238795325112867385, 1.000000000000000000, 0.9238795325112867385, 1.000000000000000000, 0.9238795325112867385, 1.000000000000000000, 0.9238795325112867385, 1.000000000000000000, 0.9238795325112867385, 1.000000000000000000, 0.9238795325112867385, 1.000000000000000000, 0.9238795325112867385, 1.000000000000000000, 0.9238795325112867385, 1.000000000000000000, 0.9238795325112867385, 1.000000000000000000, 0.9238795325112867385, 1.000000000000000000, 0.9238795325112867385, 1.000000000000000000, 0.9238795325112867385, 1.000000000000000000, 0.9238795325112867385, 1.000000000000000000, 0.9238795325112867385, 1.000000000000000000, 0.9238795325112867385, 1.000000000000000000, 0.9238795325112867385, 1.000000000000000000, 0.9238795325112867385, 1.000000000000000000, 0.9238795325112867385, 1.000000000000000000, 0.9238795325112867385, 1.000000000000000000, 0.9238795325112867385, 1.000000000000000000, 0.9238795325112867385, 1.000000000000000000, 0.9238795325112867385, 1.000000000000000000, 0.9238795325112867385, 1.000000000000000000, 0.9238795325112867385, 1.000000000000000000, 0.9238795325112867385, 1.000000000000000000, 0.9238795325112867385, 1.000000000000000000, 0.9238795325112867385, 1.000000000000000000, 0.9238795325112867385, 1.000000000000000000, 0.9238795325112867385, 1.000000000000000000, 0.9238795325112867385, 1.000000000000000000, 0.9238795325112867385, 1.000000000000000000, 0.9238795325112867385, 1.000000000000000000, 0.9238795325112867385, 1.000000000000000000, 0.9238795325112867385, 1.000000000000000000, 0.9238795325112867385, 1.000000000000000000, 0.9238795325112867385, 1.000000000000000000, 0.9238795325112867385, 1.000000000000000000, 0.9238795325112867385, 1.000000000000000000, 0.9238795325112867385, 1.000000000000000000, 0.9238795325112867385, 1.000000000000000000, 0.9238795325112867385, 1.000000000000000000, 0.9238795325112867385, 1.000000000000000000, 0.9238795325112867385, 1.000000000000000000, 0.9238795325112867385, 1.000000000000000000, 0.9238795325112867385, 1.000000000000000000, 0.9238795325112867385, 1.000000000000000000, 0.9238795325112867385, 1.000000000000000000, 0.9238795325112867385, 1.000000000000000000, 0.9238795325112867385, 1.000000000000000000, 0.9238795325112867385, 1.000000000000000000, 0.9238795325112867385, 1.000000000000000000, 0.9238795325112867385, 1.000000000000000000, 0.9238795325112867385, 1.000000000000000000, 0.9238795325112867385, 1.000000000000000000, 0.9238795325112867385, 1.000000000000000000, 0.9238795325112867385, 1.000000000000000000, 0.9238795325112867385, 1.000000000000000000, 0.9238795325112867385, 1.000000000000000000, 0.9238795325112867385, 1.000000000000000000, 0.9238795325112867385, 1.000000000000000000, 0.9238795325112867385, 1.000000000000000000, 0.9238795325112867385, 1.000000000000000000, 0.9238795325112867385, 1.000000000000000000, 0.9238795325112867385, 1.000000000000000000, 0.9238795325112867385, 1.000000000000000000) ) ) 
 REPRESENTATION_ITEM ( '' )  SURFACE ( )  );
#342 = EDGE_LOOP ( 'NONE', ( #1473, #2516, #2787, #1217 ) ) ;
#343 = DIRECTION ( 'NONE',  ( 0.000000000000000000, -1.000000000000000000, 0.000000000000000000 ) ) ;
#344 =( GEOMETRIC_REPRESENTATION_CONTEXT ( 3 ) GLOBAL_UNCERTAINTY_ASSIGNED_CONTEXT ( ( #1072 ) ) GLOBAL_UNIT_ASSIGNED_CONTEXT ( ( #2431, #3234, #363 ) ) REPRESENTATION_CONTEXT ( 'NONE', 'WORKASPACE' ) );
#345 = DIRECTION ( 'NONE',  ( -0.000000000000000000, 1.000000000000000000, -0.000000000000000000 ) ) ;
#346 = DIRECTION ( 'NONE',  ( 0.000000000000000000, -1.000000000000000000, 0.000000000000000000 ) ) ;
#347 = CONICAL_SURFACE ( 'NONE', #2212, 4.500000000000000888, 1.030376826524364464 ) ;
#348 = CARTESIAN_POINT ( 'NONE',  ( 6.505199878122751944E-16, 0.1375000013655934272, 3.541265875000000563 ) ) ;
#349 = MECHANICAL_DESIGN_GEOMETRIC_PRESENTATION_REPRESENTATION (  '', ( #2428 ), #2858 ) ;
#350 = CARTESIAN_POINT ( 'NONE',  ( 3.895890698324433910, 220.0000000000000284, 1.046991557593075273 ) ) ;
#351 = CARTESIAN_POINT ( 'NONE',  ( 3.541265875000000118, -4.674999998634406850, -1.466840353394025964 ) ) ;
#352 = CARTESIAN_POINT ( 'NONE',  ( -2.121320343559642385, -2.424999997268813434, 2.121320343559643273 ) ) ;
#353 = SURFACE_SIDE_STYLE ('',( #2371 ) ) ;
#354 =( NAMED_UNIT ( * ) SI_UNIT ( $, .STERADIAN. ) SOLID_ANGLE_UNIT ( ) );
#355 = CARTESIAN_POINT ( 'NONE',  ( -2.168399959374250730E-16, -0.4874999986344071279, -3.541265875000000563 ) ) ;
#356 = EDGE_CURVE ( 'NONE', #1495, #1907, #743, .T. ) ;
#357 = CARTESIAN_POINT ( 'NONE',  ( -2.504053114197013485, 0.7625000013655931497, -2.504053114197013485 ) ) ;
#358 = ORIENTED_EDGE ( 'NONE', *, *, #1148, .F. ) ;
#359 = UNCERTAINTY_MEASURE_WITH_UNIT (LENGTH_MEASURE( 1.000000000000000082E-05 ), #2567, 'distance_accuracy_value', 'NONE');
#360 = ADVANCED_FACE ( 'NONE', ( #2106 ), #341, .T. ) ;
#361 = LINE ( 'NONE', #2412, #2509 ) ;
#362 = EDGE_LOOP ( 'NONE', ( #1764, #2528, #192, #1458 ) ) ;
#363 =( NAMED_UNIT ( * ) SI_UNIT ( $, .STERADIAN. ) SOLID_ANGLE_UNIT ( ) );
#364 = DIRECTION ( 'NONE',  ( 0.5000000000000000000, 0.000000000000000000, 0.8660254037844385966 ) ) ;
#365 = CARTESIAN_POINT ( 'NONE',  ( -2.458186879899664667, 219.0000000000000568, 3.198667369592725684 ) ) ;
#366 = DIRECTION ( 'NONE',  ( -0.000000000000000000, -1.000000000000000000, -0.000000000000000000 ) ) ;
#367 = CARTESIAN_POINT ( 'NONE',  ( 1.466840353394025964, -2.424999998634407739, -3.541265875000000118 ) ) ;
#368 = CARTESIAN_POINT ( 'NONE',  ( 0.000000000000000000, 220.0000000000000284, 3.999999999999992895 ) ) ;
#369 = VECTOR ( 'NONE', #158, 1000.000000000000000 ) ;
#370 = CARTESIAN_POINT ( 'NONE',  ( 3.541265875000001007, -2.799999998634406406, 1.466840353394025298 ) ) ;
#371 = CARTESIAN_POINT ( 'NONE',  ( 5.510910596163089556E-16, -3.299999997268812990, 3.000000000000000444 ) ) ;
#372 = DIRECTION ( 'NONE',  ( 0.000000000000000000, -1.000000000000000000, 0.000000000000000000 ) ) ;
#373 = SURFACE_STYLE_FILL_AREA ( #2623 ) ;
#374 = CARTESIAN_POINT ( 'NONE',  ( 1.466840353394027963, -2.924999998634406850, 3.541265875000000118 ) ) ;
#375 =( GEOMETRIC_REPRESENTATION_CONTEXT ( 3 ) GLOBAL_UNCERTAINTY_ASSIGNED_CONTEXT ( ( #66 ) ) GLOBAL_UNIT_ASSIGNED_CONTEXT ( ( #2132, #1127, #1390 ) ) REPRESENTATION_CONTEXT ( 'NONE', 'WORKASPACE' ) );
#376 = CARTESIAN_POINT ( 'NONE',  ( 3.541265875000000563, 3.387500001365593150, -4.336799918748501460E-16 ) ) ;
#377 = VERTEX_POINT ( 'NONE', #2863 ) ;
#378 =( NAMED_UNIT ( * ) SI_UNIT ( $, .STERADIAN. ) SOLID_ANGLE_UNIT ( ) );
#379 = CARTESIAN_POINT ( 'NONE',  ( -4.898587196589421703E-16, 219.0000000000000284, 4.000000000000007105 ) ) ;
#380 = ORIENTED_EDGE ( 'NONE', *, *, #339, .T. ) ;
#381 = DIRECTION ( 'NONE',  ( 0.000000000000000000, 0.000000000000000000, 1.000000000000000000 ) ) ;
#382 = CARTESIAN_POINT ( 'NONE',  ( -3.198667354166085719, 219.0000000000000284, -2.458186895326303745 ) ) ;
#383 = AXIS2_PLACEMENT_3D ( 'NONE', #1259, #2267, #32 ) ;
#384 = CARTESIAN_POINT ( 'NONE',  ( 5.510910596163089556E-16, 1.700000002731186788, 3.000000000000000444 ) ) ;
#385 = CARTESIAN_POINT ( 'NONE',  ( -2.504053114197012597, -2.987499998634406850, 2.504053114197013929 ) ) ;
#386 = STYLED_ITEM ( 'NONE', ( #2690 ), #1498 ) ;
#387 = CARTESIAN_POINT ( 'NONE',  ( -1.046991557593094369, 220.0000000000000284, 3.895890698324405932 ) ) ;
#388 = CARTESIAN_POINT ( 'NONE',  ( -1.466840353394026408, -5.049999998634406850, 3.541265875000000118 ) ) ;
#389 = CARTESIAN_POINT ( 'NONE',  ( -2.121320343559642385, -6.424999997268812990, 2.121320343559643273 ) ) ;
#390 = CARTESIAN_POINT ( 'NONE',  ( 1.006543911596953667, 220.0000000000000284, -1.747783050442900166 ) ) ;
#391 = CARTESIAN_POINT ( 'NONE',  ( -1.836970198721030181E-16, 1.949999999999999512, -3.000000000000000444 ) ) ;
#392 = CARTESIAN_POINT ( 'NONE',  ( 3.541265875000000118, -0.6749999986344074054, -1.466840353394025964 ) ) ;
#393 = VECTOR ( 'NONE', #266, 1000.000000000000000 ) ;
#394 = CARTESIAN_POINT ( 'NONE',  ( -1.466840353394026408, 2.075000001365593150, 3.541265875000000118 ) ) ;
#395 = EDGE_LOOP ( 'NONE', ( #399, #427, #2951, #3084 ) ) ;
#396 = UNCERTAINTY_MEASURE_WITH_UNIT (LENGTH_MEASURE( 1.000000000000000082E-05 ), #2312, 'distance_accuracy_value', 'NONE');
#397 = CARTESIAN_POINT ( 'NONE',  ( 0.000000000000000000, 0.000000000000000000, 0.000000000000000000 ) ) ;
#398 =( BOUNDED_CURVE ( )  B_SPLINE_CURVE ( 2, ( #2988, #2727, #700 ),
 .UNSPECIFIED., .F., .F. ) 
 B_SPLINE_CURVE_WITH_KNOTS ( ( 3, 3 ),
 ( 0.000000000000000000, 1.000000000000000000 ),
 .UNSPECIFIED. ) 
 CURVE ( )  GEOMETRIC_REPRESENTATION_ITEM ( )  RATIONAL_B_SPLINE_CURVE ( ( 1.000000000000000000, 0.7071067811865523467, 1.000000000000000000 ) ) 
 REPRESENTATION_ITEM ( '' )  );
#399 = ORIENTED_EDGE ( 'NONE', *, *, #2814, .T. ) ;
#400 = DIRECTION ( 'NONE',  ( 0.000000000000000000, -1.000000000000000000, 0.000000000000000000 ) ) ;
#401 = MECHANICAL_DESIGN_GEOMETRIC_PRESENTATION_REPRESENTATION (  '', ( #2913 ), #1264 ) ;
#402 = CARTESIAN_POINT ( 'NONE',  ( 2.121320343559642829, -0.1750000000000006828, -2.121320343559642829 ) ) ;
#403 = CARTESIAN_POINT ( 'NONE',  ( -2.014475901327643204, 220.0000000000000284, -3.495145561765826692 ) ) ;
#404 = CARTESIAN_POINT ( 'NONE',  ( 6.505199878122751944E-16, -2.987499998634406850, 3.541265875000000563 ) ) ;
#405 = CIRCLE ( 'NONE', #1642, 3.000000000000000444 ) ;
#406 = CARTESIAN_POINT ( 'NONE',  ( -4.898587196589421703E-16, 219.0000000000000284, 4.000000000000007105 ) ) ;
#407 = CARTESIAN_POINT ( 'NONE',  ( 0.000000000000000000, 3.000000000000002665, 5.000000000000004441 ) ) ;
#408 = EDGE_CURVE ( 'NONE', #1528, #3104, #683, .T. ) ;
#409 = COLOUR_RGB ( '',1.000000000000000000, 0.8666666666666666963, 0.5294117647058823595 ) ;
#410 = AXIS2_PLACEMENT_3D ( 'NONE', #705, #202, #1212 ) ;
#411 = CARTESIAN_POINT ( 'NONE',  ( -3.541265875000000563, -6.237499998634406850, 0.000000000000000000 ) ) ;
#412 = CARTESIAN_POINT ( 'NONE',  ( -2.504053114197013485, 3.762500001365593150, -2.504053114197013485 ) ) ;
#413 = ORIENTED_EDGE ( 'NONE', *, *, #2695, .F. ) ;
#414 = FACE_OUTER_BOUND ( 'NONE', #1286, .T. ) ;
#415 = VERTEX_POINT ( 'NONE', #2327 ) ;
#416 = CARTESIAN_POINT ( 'NONE',  ( 2.309401076758504257, 0.000000000000000000, 4.000000000000000000 ) ) ;
#417 =( NAMED_UNIT ( * ) PLANE_ANGLE_UNIT ( ) SI_UNIT ( $, .RADIAN. ) );
#418 = CARTESIAN_POINT ( 'NONE',  ( -2.999999999999999556, 2.262499999999999734, 1.242640687119287657 ) ) ;
#419 = DIRECTION ( 'NONE',  ( 0.000000000000000000, -1.000000000000000000, 0.000000000000000000 ) ) ;
#420 = CARTESIAN_POINT ( 'NONE',  ( 1.466840353394025964, -2.549999998634408183, -3.541265875000000118 ) ) ;
#421 =( NAMED_UNIT ( * ) SI_UNIT ( $, .STERADIAN. ) SOLID_ANGLE_UNIT ( ) );
#422 = TOROIDAL_SURFACE ( 'NONE', #2721, 4.899999999999999467, 0.1000000000000000056 ) ;
#423 = CARTESIAN_POINT ( 'NONE',  ( 0.000000000000000000, 4.200000000000000178, 0.000000000000000000 ) ) ;
#424 = EDGE_CURVE ( 'NONE', #1735, #2041, #2932, .T. ) ;
#425 = CARTESIAN_POINT ( 'NONE',  ( -3.541265875000000118, -4.299999998634405962, -1.466840353394025964 ) ) ;
#426 = CARTESIAN_POINT ( 'NONE',  ( -1.466840353394025964, 3.700000001365593150, -3.541265875000000118 ) ) ;
#427 = ORIENTED_EDGE ( 'NONE', *, *, #3184, .T. ) ;
#428 = CARTESIAN_POINT ( 'NONE',  ( 5.510910596163089556E-16, 2.700000002731187010, 3.000000000000000444 ) ) ;
#429 = ORIENTED_EDGE ( 'NONE', *, *, #244, .T. ) ;
#430 = CARTESIAN_POINT ( 'NONE',  ( -1.836970198721030181E-16, 2.200000002731186566, -3.000000000000000444 ) ) ;
#431 = CARTESIAN_POINT ( 'NONE',  ( -1.466840353394025964, 0.5750000013655931497, -3.541265875000000563 ) ) ;
#432 = CARTESIAN_POINT ( 'NONE',  ( 1.242640687119287213, -0.4875000000000001554, 2.999999999999999556 ) ) ;
#433 = FACE_OUTER_BOUND ( 'NONE', #714, .T. ) ;
#434 = CARTESIAN_POINT ( 'NONE',  ( 1.947945349162198303, 220.0000000000000284, 0.5234957787965132114 ) ) ;
#435 = CARTESIAN_POINT ( 'NONE',  ( 0.000000000000000000, 4.200000000000000178, 0.000000000000000000 ) ) ;
#436 = CARTESIAN_POINT ( 'NONE',  ( -1.947735079602244124, 220.0000000000000568, -0.5241898178634486483 ) ) ;
#437 = LINE ( 'NONE', #967, #3182 ) ;
#438 = CARTESIAN_POINT ( 'NONE',  ( 3.541265875000001007, 3.200000001365593150, 1.466840353394025298 ) ) ;
#439 = CARTESIAN_POINT ( 'NONE',  ( -2.504053114197013485, -3.362499998634406850, -2.504053114197013485 ) ) ;
#440 = CARTESIAN_POINT ( 'NONE',  ( -1.466840353394026408, -0.9249999986344066283, 3.541265875000000118 ) ) ;
#441 = DIRECTION ( 'NONE',  ( 0.000000000000000000, -1.000000000000000000, 0.000000000000000000 ) ) ;
#442 = TOROIDAL_SURFACE ( 'NONE', #2846, 8.000000000000007105, 4.000000000000000000 ) ;
#443 = ORIENTED_EDGE ( 'NONE', *, *, #856, .T. ) ;
#444 = CARTESIAN_POINT ( 'NONE',  ( 0.000000000000000000, 4.200000000000000178, -3.000000000000000444 ) ) ;
#445 = EDGE_CURVE ( 'NONE', #2361, #884, #2018, .T. ) ;
#446 = CARTESIAN_POINT ( 'NONE',  ( -2.504053114197013485, 3.762500001365593150, -2.504053114197013485 ) ) ;
#447 = ORIENTED_EDGE ( 'NONE', *, *, #3051, .T. ) ;
#448 = CARTESIAN_POINT ( 'NONE',  ( -1.466840353394025964, 1.575000001365593150, -3.541265875000000118 ) ) ;
#449 = CARTESIAN_POINT ( 'NONE',  ( -2.121320343559642385, 2.324999999999999734, 2.121320343559643273 ) ) ;
#450 = CARTESIAN_POINT ( 'NONE',  ( 3.000000000000001332, 1.762499999999999956, -1.242640687119285881 ) ) ;
#451 = DIRECTION ( 'NONE',  ( -0.000000000000000000, 1.000000000000000000, -0.000000000000000000 ) ) ;
#452 = CARTESIAN_POINT ( 'NONE',  ( -3.541265875000000118, -5.299999998634405074, -1.466840353394025964 ) ) ;
#453 = DIRECTION ( 'NONE',  ( 0.000000000000000000, 0.000000000000000000, 1.000000000000000000 ) ) ;
#454 = DIRECTION ( 'NONE',  ( 0.000000000000000000, 0.000000000000000000, -1.000000000000000000 ) ) ;
#455 = CARTESIAN_POINT ( 'NONE',  ( 2.504053114197013041, 3.512500001365593594, -2.504053114197013485 ) ) ;
#456 = AXIS2_PLACEMENT_3D ( 'NONE', #1446, #2414, #381 ) ;
#457 = TOROIDAL_SURFACE ( 'NONE', #1000, 4.800000000000000711, 0.2000000000000000111 ) ;
#458 = CARTESIAN_POINT ( 'NONE',  ( 2.504053114197013041, -4.487499998634406850, -2.504053114197013485 ) ) ;
#459 = CARTESIAN_POINT ( 'NONE',  ( -3.000000000000000444, 3.450000002731186566, 0.000000000000000000 ) ) ;
#460 = AXIS2_PLACEMENT_3D ( 'NONE', #2752, #2066, #1235 ) ;
#461 = PRESENTATION_LAYER_ASSIGNMENT (  '', '', ( #1609 ) ) ;
#462 = CARTESIAN_POINT ( 'NONE',  ( 1.466840353394027963, -2.799999998634406406, 3.541265875000000118 ) ) ;
#463 = DIRECTION ( 'NONE',  ( -0.000000000000000000, 1.000000000000000000, -0.000000000000000000 ) ) ;
#464 = ORIENTED_EDGE ( 'NONE', *, *, #2729, .T. ) ;
#465 = EDGE_CURVE ( 'NONE', #1623, #2249, #575, .T. ) ;
#466 = CARTESIAN_POINT ( 'NONE',  ( 0.000000000000000000, 4.200000000000000178, 0.000000000000000000 ) ) ;
#467 = CARTESIAN_POINT ( 'NONE',  ( 0.000000000000000000, 4.200000000000000178, 0.000000000000000000 ) ) ;
#468 = ORIENTED_EDGE ( 'NONE', *, *, #1246, .T. ) ;
#469 = CARTESIAN_POINT ( 'NONE',  ( 6.505199878122751944E-16, 1.012500001365593372, 3.541265875000000563 ) ) ;
#470 = CARTESIAN_POINT ( 'NONE',  ( -1.466840353394025964, 1.575000001365592706, -3.541265875000000563 ) ) ;
#471 = CARTESIAN_POINT ( 'NONE',  ( -2.014475901327644536, 219.0000000000000284, 3.495145561765907072 ) ) ;
#472 = CARTESIAN_POINT ( 'NONE',  ( 1.747572780882962640, 220.0000000000000284, 1.007237950663849801 ) ) ;
#473 = CARTESIAN_POINT ( 'NONE',  ( 0.000000000000000000, 4.200000000000000178, 0.000000000000000000 ) ) ;
#474 =( NAMED_UNIT ( * ) PLANE_ANGLE_UNIT ( ) SI_UNIT ( $, .RADIAN. ) );
#475 = CARTESIAN_POINT ( 'NONE',  ( -1.466840353394025964, 2.700000001365594482, -3.541265875000000563 ) ) ;
#476 = CARTESIAN_POINT ( 'NONE',  ( 1.466840353394025964, -3.424999998634407294, -3.541265875000000118 ) ) ;
#477 = CARTESIAN_POINT ( 'NONE',  ( -2.121320343559642829, 3.325000002731186566, -2.121320343559642829 ) ) ;
#478 = CARTESIAN_POINT ( 'NONE',  ( -1.466840353394026408, -2.924999998634406850, 3.541265875000000118 ) ) ;
#479 =( GEOMETRIC_REPRESENTATION_CONTEXT ( 3 ) GLOBAL_UNCERTAINTY_ASSIGNED_CONTEXT ( ( #906 ) ) GLOBAL_UNIT_ASSIGNED_CONTEXT ( ( #1605, #2386, #1688 ) ) REPRESENTATION_CONTEXT ( 'NONE', 'WORKASPACE' ) );
#480 = CARTESIAN_POINT ( 'NONE',  ( 2.455240799800186391, 0.2000000000000271838, -2.124264188534032982 ) ) ;
#481 = VERTEX_POINT ( 'NONE', #1604 ) ;
#482 = SURFACE_STYLE_USAGE ( .BOTH. , #1200 ) ;
#483 = CARTESIAN_POINT ( 'NONE',  ( -2.504053114197013485, 2.762500001365593150, -2.504053114197013485 ) ) ;
#484 = ORIENTED_EDGE ( 'NONE', *, *, #408, .T. ) ;
#485 = CARTESIAN_POINT ( 'NONE',  ( -1.466840353394025964, 2.575000001365594038, -3.541265875000000118 ) ) ;
#486 = CARTESIAN_POINT ( 'NONE',  ( 3.541265875000001451, 2.200000001365593150, 1.466840353394025298 ) ) ;
#487 = EDGE_CURVE ( 'NONE', #1183, #692, #1920, .T. ) ;
#488 = CARTESIAN_POINT ( 'NONE',  ( 0.000000000000000000, 4.200000000000000178, -3.000000000000000444 ) ) ;
#489 = CARTESIAN_POINT ( 'NONE',  ( 2.504053114197013929, -5.862499998634405962, 2.504053114197013041 ) ) ;
#490 =( LENGTH_UNIT ( ) NAMED_UNIT ( * ) SI_UNIT ( .MILLI., .METRE. ) );
#491 = EDGE_CURVE ( 'NONE', #308, #1574, #311, .T. ) ;
#492 = CARTESIAN_POINT ( 'NONE',  ( 3.541265875000000563, 2.450000001365593150, -1.466840353394025964 ) ) ;
#493 = CARTESIAN_POINT ( 'NONE',  ( -3.541265875000000563, -5.112499998634407739, 0.000000000000000000 ) ) ;
#494 = CARTESIAN_POINT ( 'NONE',  ( -2.121320343559642829, 1.325000002731186566, -2.121320343559642829 ) ) ;
#495 = CARTESIAN_POINT ( 'NONE',  ( 6.505199878122751944E-16, -1.862499998634406628, 3.541265875000000563 ) ) ;
#496 = VERTEX_POINT ( 'NONE', #391 ) ;
#497 = CARTESIAN_POINT ( 'NONE',  ( 2.504053114197013041, 1.512500001365593372, -2.504053114197013485 ) ) ;
#498 = ORIENTED_EDGE ( 'NONE', *, *, #2197, .T. ) ;
#499 = CYLINDRICAL_SURFACE ( 'NONE', #1125, 3.000000000000000444 ) ;
#500 = CARTESIAN_POINT ( 'NONE',  ( 2.309401076758504257, 0.000000000000000000, 4.000000000000000000 ) ) ;
#501 = CARTESIAN_POINT ( 'NONE',  ( -3.541265875000000563, -5.237499998634407739, 0.000000000000000000 ) ) ;
#502 = DIRECTION ( 'NONE',  ( 0.000000000000000000, 0.000000000000000000, 1.000000000000000000 ) ) ;
#503 = PLANE ( 'NONE',  #1052 ) ;
#504 = DIRECTION ( 'NONE',  ( -0.000000000000000000, 1.000000000000000000, -0.000000000000000000 ) ) ;
#505 = CARTESIAN_POINT ( 'NONE',  ( -3.541265875000000118, 2.825000001365594038, 1.466840353394028629 ) ) ;
#506 = CARTESIAN_POINT ( 'NONE',  ( -1.242640687119285658, -0.7374999972688135452, -3.000000000000001332 ) ) ;
#507 = B_SPLINE_CURVE_WITH_KNOTS ( 'NONE', 3,
 ( #1711, #2716, #1147, #1454, #2206, #3225, #948, #900, #1133, #1915, #3165, #2914, #637, #2681, #390, #2422, #1521, #2033 ),
 .UNSPECIFIED., .F., .F.,
 ( 4, 2, 2, 2, 2, 2, 2, 2, 4 ),
 ( 0.000000000000000000, 0.06250000000000000000, 0.1250000000000000000, 0.1875000000000000000, 0.2500000000000000000, 0.3125000000000000000, 0.3750000000000000000, 0.4375000000000000000, 0.5000000000000000000 ),
 .UNSPECIFIED. ) ;
#508 = CARTESIAN_POINT ( 'NONE',  ( -2.168399959374250730E-16, -0.3624999986344070169, -3.541265875000000563 ) ) ;
#509 = ORIENTED_EDGE ( 'NONE', *, *, #1028, .T. ) ;
#510 = CARTESIAN_POINT ( 'NONE',  ( 3.000000000000000444, -1.300000000000000044, -3.673940397442060361E-16 ) ) ;
#511 = CARTESIAN_POINT ( 'NONE',  ( -2.168399959374250730E-16, 2.637500001365593594, -3.541265875000000563 ) ) ;
#512 = VERTEX_POINT ( 'NONE', #604 ) ;
#513 = PRESENTATION_STYLE_ASSIGNMENT (( #2581 ) ) ;
#514 = FILL_AREA_STYLE_COLOUR ( '', #1577 ) ;
#515 = CARTESIAN_POINT ( 'NONE',  ( -4.618802153517005848, 0.2000000000000000111, -1.291965570467107741E-16 ) ) ;
#516 = CARTESIAN_POINT ( 'NONE',  ( 0.5235987537816663151, 220.0000000000000284, 3.999999999999765521 ) ) ;
#517 = CARTESIAN_POINT ( 'NONE',  ( -2.999999999999999556, 0.2624999999999997335, 1.242640687119287657 ) ) ;
#518 = CARTESIAN_POINT ( 'NONE',  ( 3.000000000000000444, 2.699999999999999734, -3.673940397442060361E-16 ) ) ;
#519 = LINE ( 'NONE', #770, #1874 ) ;
#520 = CARTESIAN_POINT ( 'NONE',  ( 3.541265875000000118, -0.6749999986344074054, -1.466840353394025964 ) ) ;
#521 = CARTESIAN_POINT ( 'NONE',  ( 1.242640687119285658, -0.8624999972688135452, -3.000000000000001332 ) ) ;
#522 = ADVANCED_FACE ( 'NONE', ( #2405 ), #2682, .F. ) ;
#523 = CARTESIAN_POINT ( 'NONE',  ( 2.504053114197013929, -5.737499998634405962, 2.504053114197013041 ) ) ;
#524 = EDGE_LOOP ( 'NONE', ( #1919, #1201, #2446, #3048 ) ) ;
#525 = CARTESIAN_POINT ( 'NONE',  ( -2.121320343559642385, 3.324999999999999734, 2.121320343559643273 ) ) ;
#526 = CARTESIAN_POINT ( 'NONE',  ( -2.121320343559642385, -3.675000000000000266, 2.121320343559643273 ) ) ;
#527 = PRESENTATION_LAYER_ASSIGNMENT (  '', '', ( #261 ) ) ;
#528 = VERTEX_POINT ( 'NONE', #2143 ) ;
#529 = UNCERTAINTY_MEASURE_WITH_UNIT (LENGTH_MEASURE( 1.000000000000000082E-05 ), #911, 'distance_accuracy_value', 'NONE');
#530 = SURFACE_STYLE_USAGE ( .BOTH. , #293 ) ;
#531 = CARTESIAN_POINT ( 'NONE',  ( 3.999999999999992895, 220.0000000000000284, -0.5235987537816824133 ) ) ;
#532 = CARTESIAN_POINT ( 'NONE',  ( -2.379510502995197285, 0.2000000000000001221, 2.148467333367718890 ) ) ;
#533 = CARTESIAN_POINT ( 'NONE',  ( -2.168399959374250730E-16, 1.637500001365592928, -3.541265875000000563 ) ) ;
#534 = CARTESIAN_POINT ( 'NONE',  ( 3.271703049761887971, 0.1999999999999999001, 1.355183807318505407 ) ) ;
#535 = CARTESIAN_POINT ( 'NONE',  ( -2.504053114197012597, -0.1124999986344067809, 2.504053114197013929 ) ) ;
#536 = CARTESIAN_POINT ( 'NONE',  ( -2.999999999999999556, 1.512500002731187010, 1.242640687119287657 ) ) ;
#537 = CARTESIAN_POINT ( 'NONE',  ( 1.242640687119287213, 0.7625000027311865658, 2.999999999999999556 ) ) ;
#538 = CARTESIAN_POINT ( 'NONE',  ( -3.541265875000000563, 2.762500001365593150, 0.000000000000000000 ) ) ;
#539 = CIRCLE ( 'NONE', #383, 5.000000000000000000 ) ;
#540 = MECHANICAL_DESIGN_GEOMETRIC_PRESENTATION_REPRESENTATION (  '', ( #1410 ), #2407 ) ;
#541 = CARTESIAN_POINT ( 'NONE',  ( 2.121320343559642829, -5.174999999999999822, -2.121320343559642829 ) ) ;
#542 = ORIENTED_EDGE ( 'NONE', *, *, #61, .T. ) ;
#543 = DIRECTION ( 'NONE',  ( 0.000000000000000000, 0.000000000000000000, 1.000000000000000000 ) ) ;
#544 = B_SPLINE_CURVE_WITH_KNOTS ( 'NONE', 3,
 ( #1155, #2633, #3157, #1109, #2887, #1878, #1921, #2094, #1357, #868, #2363, #592, #3123, #1669, #1376, #629, #2670, #379 ),
 .UNSPECIFIED., .F., .F.,
 ( 4, 2, 2, 2, 2, 2, 2, 2, 4 ),
 ( 0.5000000000000000000, 0.5625000000000000000, 0.6250000000000000000, 0.6875000000000000000, 0.7500000000000000000, 0.8125000000000000000, 0.8750000000000000000, 0.9375000000000000000, 1.000000000000000000 ),
 .UNSPECIFIED. ) ;
#545 = CIRCLE ( 'NONE', #1302, 4.000000000000007105 ) ;
#546 = CARTESIAN_POINT ( 'NONE',  ( 3.895890698324375290, 220.0000000000000284, -1.046991557593021316 ) ) ;
#547 = SURFACE_STYLE_USAGE ( .BOTH. , #2839 ) ;
#548 = CARTESIAN_POINT ( 'NONE',  ( 1.229093447663210936, 220.0000000000000284, -1.599333677083017546 ) ) ;
#549 = DIRECTION ( 'NONE',  ( 0.000000000000000000, -1.000000000000000000, 0.000000000000000000 ) ) ;
#550 = CARTESIAN_POINT ( 'NONE',  ( -3.541265875000000118, -1.174999998634407072, 1.466840353394028629 ) ) ;
#551 = CARTESIAN_POINT ( 'NONE',  ( -3.000000000000000444, -4.549999997268812990, 0.000000000000000000 ) ) ;
#552 = DIRECTION ( 'NONE',  ( 0.000000000000000000, -1.000000000000000000, 0.000000000000000000 ) ) ;
#553 = CARTESIAN_POINT ( 'NONE',  ( -1.466840353394026408, -4.924999998634407739, 3.541265875000000118 ) ) ;
#554 = CARTESIAN_POINT ( 'NONE',  ( -1.466840353394026408, 2.950000001365592706, 3.541265875000000118 ) ) ;
#555 = CARTESIAN_POINT ( 'NONE',  ( -1.836970198721030181E-16, -2.050000000000000711, -3.000000000000000444 ) ) ;
#556 = EDGE_LOOP ( 'NONE', ( #1477, #2111, #1009, #2213 ) ) ;
#557 = PRESENTATION_LAYER_ASSIGNMENT (  '', '', ( #30 ) ) ;
#558 = FILL_AREA_STYLE_COLOUR ( '', #2178 ) ;
#559 = AXIS2_PLACEMENT_3D ( 'NONE', #1622, #1639, #1134 ) ;
#560 = SURFACE_STYLE_USAGE ( .BOTH. , #2819 ) ;
#561 = CARTESIAN_POINT ( 'NONE',  ( 3.495145561765891973, 219.0000000000000284, -2.014475901327684060 ) ) ;
#562 = CARTESIAN_POINT ( 'NONE',  ( 3.000000000000000888, 0.7624999999999997335, -1.242640687119285881 ) ) ;
#563 =( NAMED_UNIT ( * ) SI_UNIT ( $, .STERADIAN. ) SOLID_ANGLE_UNIT ( ) );
#564 = CARTESIAN_POINT ( 'NONE',  ( -3.541265875000000118, -0.1749999986344068226, -1.466840353394025964 ) ) ;
#565 = CARTESIAN_POINT ( 'NONE',  ( 0.5234957787965247578, 220.0000000000000284, -1.947945349162208739 ) ) ;
#566 = CARTESIAN_POINT ( 'NONE',  ( -1.466840353394025964, 2.575000001365594038, -3.541265875000000118 ) ) ;
#567 = CARTESIAN_POINT ( 'NONE',  ( -2.121320343559642385, -3.424999997268813434, 2.121320343559643273 ) ) ;
#568 =( LENGTH_UNIT ( ) NAMED_UNIT ( * ) SI_UNIT ( .MILLI., .METRE. ) );
#569 = DIRECTION ( 'NONE',  ( 0.000000000000000000, 0.000000000000000000, 1.000000000000000000 ) ) ;
#570 = CARTESIAN_POINT ( 'NONE',  ( -1.466840353394026408, -0.04999999863440672543, 3.541265875000000118 ) ) ;
#571 = CARTESIAN_POINT ( 'NONE',  ( -1.836970198721030181E-16, -5.049999999999999822, -3.000000000000000444 ) ) ;
#572 = ORIENTED_EDGE ( 'NONE', *, *, #3279, .F. ) ;
#573 = CARTESIAN_POINT ( 'NONE',  ( 0.000000000000000000, 2.299999999999968736, 0.000000000000000000 ) ) ;
#574 = COLOUR_RGB ( '',1.000000000000000000, 0.8666666666666666963, 0.5294117647058823595 ) ;
#575 = CIRCLE ( 'NONE', #2501, 4.000000000000000000 ) ;
#576 = CARTESIAN_POINT ( 'NONE',  ( -3.198667354166070620, 220.0000000000000284, 2.458186895326412991 ) ) ;
#577 = CARTESIAN_POINT ( 'NONE',  ( 0.000000000000000000, 1.943380962103086196, 0.000000000000000000 ) ) ;
#578 = DIRECTION ( 'NONE',  ( 1.000000000000000000, 0.000000000000000000, -1.224646799147353207E-16 ) ) ;
#579 = CARTESIAN_POINT ( 'NONE',  ( -1.466840353394025964, -0.2999999986344069614, -3.541265875000000118 ) ) ;
#580 = CARTESIAN_POINT ( 'NONE',  ( 0.5235987537816682025, 219.0000000000000284, 4.000000000000007105 ) ) ;
#581 = CARTESIAN_POINT ( 'NONE',  ( -2.168399959374250730E-16, 0.5125000013655929276, -3.541265875000000563 ) ) ;
#582 = CARTESIAN_POINT ( 'NONE',  ( -3.000000000000001332, -1.612499997268813434, -1.242640687119285658 ) ) ;
#583 = CARTESIAN_POINT ( 'NONE',  ( 0.000000000000000000, 0.2000000000000000111, 0.000000000000000000 ) ) ;
#584 = EDGE_CURVE ( 'NONE', #126, #415, #3167, .T. ) ;
#585 = CARTESIAN_POINT ( 'NONE',  ( 0.000000000000000000, 21.77842320233587614, 8.000000000000007105 ) ) ;
#586 = ORIENTED_EDGE ( 'NONE', *, *, #624, .F. ) ;
#587 = CARTESIAN_POINT ( 'NONE',  ( -2.504053114197012597, -1.112499998634406850, 2.504053114197013929 ) ) ;
#588 = CARTESIAN_POINT ( 'NONE',  ( 3.000000000000001332, -4.237500000000000711, -1.242640687119285881 ) ) ;
#589 = VERTEX_POINT ( 'NONE', #881 ) ;
#590 = PRODUCT_DEFINITION_CONTEXT ( 'detailed design', #907, 'design' ) ;
#591 = CARTESIAN_POINT ( 'NONE',  ( -1.836970198721030181E-16, 3.949999999999999734, -3.000000000000000444 ) ) ;
#592 = CARTESIAN_POINT ( 'NONE',  ( 3.495145553417038364, 219.0000000000000568, 2.014475921483600995 ) ) ;
#593 = CARTESIAN_POINT ( 'NONE',  ( -1.046991557593089706, 219.0000000000000284, 3.895890698324395274 ) ) ;
#594 = CARTESIAN_POINT ( 'NONE',  ( -3.198667369592726129, 219.0000000000000284, -2.458186879899664667 ) ) ;
#595 = LINE ( 'NONE', #1142, #830 ) ;
#596 = CARTESIAN_POINT ( 'NONE',  ( -2.504053114197013485, 0.7625000013655931497, -2.504053114197013485 ) ) ;
#597 = CARTESIAN_POINT ( 'NONE',  ( -0.5235987537816821913, 220.0000000000000284, -3.999999999999992895 ) ) ;
#598 = ADVANCED_FACE ( 'NONE', ( #139 ), #725, .T. ) ;
#599 = AXIS2_PLACEMENT_3D ( 'NONE', #435, #2221, #636 ) ;
#600 = CARTESIAN_POINT ( 'NONE',  ( -1.242640687119286103, 3.387499999999999734, 3.000000000000000444 ) ) ;
#601 = CARTESIAN_POINT ( 'NONE',  ( -2.504053114197013485, -4.362499998634406850, -2.504053114197013485 ) ) ;
#602 = CARTESIAN_POINT ( 'NONE',  ( -3.000000000000001332, -2.612499997268813434, -1.242640687119285658 ) ) ;
#603 = CARTESIAN_POINT ( 'NONE',  ( 0.000000000000000000, 220.0000000000000284, 0.000000000000000000 ) ) ;
#604 = CARTESIAN_POINT ( 'NONE',  ( 0.000000000000000000, 0.5999999999999460210, -0.4000000000000000222 ) ) ;
#605 = ADVANCED_FACE ( 'NONE', ( #1916 ), #2644, .T. ) ;
#606 = CYLINDRICAL_SURFACE ( 'NONE', #3064, 0.4000000000000000222 ) ;
#607 = CARTESIAN_POINT ( 'NONE',  ( -2.504053114197013485, 0.6375000013655930386, -2.504053114197013485 ) ) ;
#608 = CARTESIAN_POINT ( 'NONE',  ( -1.466840353394026408, 1.075000001365593372, 3.541265875000000118 ) ) ;
#609 = ORIENTED_EDGE ( 'NONE', *, *, #2562, .T. ) ;
#610 =( BOUNDED_SURFACE ( )  B_SPLINE_SURFACE ( 2, 3, ( 
 ( #981, #1261, #997, #2764, #251, #1484, #472, #434, #2745, #1500, #1014, #216, #1519, #2254, #2001, #735, #1770, #2778, #2520, #2032, #2565, #2095, #798, #767, #1093, #2837, #3074, #1031, #2549, #1045, #1581, #1057, #3087, #2616 ),
 ( #1309, #516, #68, #1828, #2349, #3124, #835, #816, #268, #531, #546, #1358, #1597, #1863, #2807, #1294, #1845, #1549, #50, #2584, #2077, #2872, #2335, #1326, #1076, #2315, #1566, #2299, #576, #296, #312, #3106, #17, #279 ),
 ( #3054, #2044, #1613, #785, #1813, #2062, #2855, #327, #35, #3, #2601, #561, #1796, #2821, #1343, #3158, #891, #3192, #2957, #1937, #869, #382, #1158, #1110, #1377, #1879, #2115, #927, #1432, #1671, #663, #593, #1393, #614 ) ),
 .UNSPECIFIED., .F., .T., .F. ) 
 B_SPLINE_SURFACE_WITH_KNOTS ( ( 3, 3 ),
 ( 4, 2, 2, 2, 2, 2, 2, 2, 2, 2, 2, 2, 2, 2, 2, 2, 4 ),
 ( 0.000000000000000000, 1.000000000000000000 ),
 ( 0.000000000000000000, 0.3926990816987241395, 0.7853981633974482790, 1.178097245096172418, 1.570796326794896558, 1.963495408493620697, 2.356194490192344837, 2.748893571891068976, 3.141592653589793116, 3.534291735288517255, 3.926990816987241395, 4.319689898685965090, 4.712388980384689674, 5.105088062083414258, 5.497787143782137953, 5.890486225480861648, 6.283185307179586232 ),
 .UNSPECIFIED. ) 
 GEOMETRIC_REPRESENTATION_ITEM ( )  RATIONAL_B_SPLINE_SURFACE ( (
 ( 1.000000000000000000, 1.000000000000000000, 1.000000000000000000, 1.000000000000000000, 1.000000000000000000, 1.000000000000000000, 1.000000000000000000, 1.000000000000000000, 1.000000000000000000, 1.000000000000000000, 1.000000000000000000, 1.000000000000000000, 1.000000000000000000, 1.000000000000000000, 1.000000000000000000, 1.000000000000000000, 1.000000000000000000, 1.000000000000000000, 1.000000000000000000, 1.000000000000000000, 1.000000000000000000, 1.000000000000000000, 1.000000000000000000, 1.000000000000000000, 1.000000000000000000, 1.000000000000000000, 1.000000000000000000, 1.000000000000000000, 1.000000000000000000, 1.000000000000000000, 1.000000000000000000, 1.000000000000000000, 1.000000000000000000, 1.000000000000000000),
 ( 0.7071067811865523467, 0.7071067811865523467, 0.7071067811865523467, 0.7071067811865523467, 0.7071067811865525687, 0.7071067811865525687, 0.7071067811865523467, 0.7071067811865523467, 0.7071067811865523467, 0.7071067811865523467, 0.7071067811865524577, 0.7071067811865524577, 0.7071067811865523467, 0.7071067811865523467, 0.7071067811865523467, 0.7071067811865523467, 0.7071067811865523467, 0.7071067811865523467, 0.7071067811865523467, 0.7071067811865523467, 0.7071067811865523467, 0.7071067811865523467, 0.7071067811865523467, 0.7071067811865523467, 0.7071067811865523467, 0.7071067811865523467, 0.7071067811865523467, 0.7071067811865523467, 0.7071067811865523467, 0.7071067811865523467, 0.7071067811865523467, 0.7071067811865523467, 0.7071067811865523467, 0.7071067811865523467),
 ( 1.000000000000000000, 1.000000000000000000, 1.000000000000000000, 1.000000000000000000, 1.000000000000000000, 1.000000000000000000, 1.000000000000000000, 1.000000000000000000, 1.000000000000000000, 1.000000000000000000, 1.000000000000000000, 1.000000000000000000, 1.000000000000000000, 1.000000000000000000, 1.000000000000000000, 1.000000000000000000, 1.000000000000000000, 1.000000000000000000, 1.000000000000000000, 1.000000000000000000, 1.000000000000000000, 1.000000000000000000, 1.000000000000000000, 1.000000000000000000, 1.000000000000000000, 1.000000000000000000, 1.000000000000000000, 1.000000000000000000, 1.000000000000000000, 1.000000000000000000, 1.000000000000000000, 1.000000000000000000, 1.000000000000000000, 1.000000000000000000) ) ) 
 REPRESENTATION_ITEM ( '' )  SURFACE ( )  );
#611 = FACE_OUTER_BOUND ( 'NONE', #3188, .T. ) ;
#612 = MECHANICAL_DESIGN_GEOMETRIC_PRESENTATION_REPRESENTATION (  '', ( #665 ), #1051 ) ;
#613 = CARTESIAN_POINT ( 'NONE',  ( 1.784937737503750288, 0.2000000000000000666, 3.093693147605904858 ) ) ;
#614 = CARTESIAN_POINT ( 'NONE',  ( 0.000000000000000000, 219.0000000000000284, 4.000000000000007105 ) ) ;
#615 = CARTESIAN_POINT ( 'NONE',  ( 2.121320343559642829, 0.8249999999999997335, -2.121320343559642829 ) ) ;
#616 = CARTESIAN_POINT ( 'NONE',  ( 1.242640687119287435, 2.137500002731186566, -2.999999999999999112 ) ) ;
#617 = CARTESIAN_POINT ( 'NONE',  ( -3.541265875000000118, -1.174999998634407072, -1.466840353394025964 ) ) ;
#618 = MECHANICAL_DESIGN_GEOMETRIC_PRESENTATION_REPRESENTATION (  '', ( #2270 ), #191 ) ;
#619 = CARTESIAN_POINT ( 'NONE',  ( -1.747572780882975962, 220.0000000000000284, 1.007237950663826931 ) ) ;
#620 = CARTESIAN_POINT ( 'NONE',  ( 1.466840353394027963, -3.924999998634405962, 3.541265875000000118 ) ) ;
#621 = CARTESIAN_POINT ( 'NONE',  ( -2.121320343559642385, -1.424999997268813212, 2.121320343559643273 ) ) ;
#622 = DIRECTION ( 'NONE',  ( 0.000000000000000000, -1.000000000000000000, 0.000000000000000000 ) ) ;
#623 = CARTESIAN_POINT ( 'NONE',  ( 2.504053114197013929, -2.862499998634406406, 2.504053114197013041 ) ) ;
#624 = EDGE_CURVE ( 'NONE', #415, #2059, #1038, .T. ) ;
#625 = EDGE_CURVE ( 'NONE', #1611, #415, #1592, .T. ) ;
#626 = CARTESIAN_POINT ( 'NONE',  ( -2.168399959374250730E-16, 2.637500001365593594, -3.541265875000000563 ) ) ;
#627 = ORIENTED_EDGE ( 'NONE', *, *, #2136, .F. ) ;
#628 = CARTESIAN_POINT ( 'NONE',  ( 2.309401076758504257, 0.2000000000000000111, 4.000000000000000000 ) ) ;
#629 = CARTESIAN_POINT ( 'NONE',  ( 1.046991537437123032, 219.0000000000000853, 3.895890706673269310 ) ) ;
#630 = DIRECTION ( 'NONE',  ( -0.000000000000000000, 1.000000000000000000, -0.000000000000000000 ) ) ;
#631 = CARTESIAN_POINT ( 'NONE',  ( -1.836970198721030181E-16, 3.200000002731186566, -3.000000000000000444 ) ) ;
#632 = CARTESIAN_POINT ( 'NONE',  ( 3.541265875000000118, 0.4500000013655932607, -1.466840353394025964 ) ) ;
#633 = CARTESIAN_POINT ( 'NONE',  ( -1.007237950663832704, 220.0000000000000284, 1.747572780882945098 ) ) ;
#634 = CIRCLE ( 'NONE', #1963, 5.000000000000000000 ) ;
#635 = CARTESIAN_POINT ( 'NONE',  ( -3.541265875000000118, -2.299999998634407739, -1.466840353394025964 ) ) ;
#636 = DIRECTION ( 'NONE',  ( 0.000000000000000000, 0.000000000000000000, -1.000000000000000000 ) ) ;
#637 = CARTESIAN_POINT ( 'NONE',  ( 1.598772935271718376, 220.0000000000000284, -1.229553308657828303 ) ) ;
#638 = CARTESIAN_POINT ( 'NONE',  ( 1.242640687119285658, 1.887499999999999956, -3.000000000000000888 ) ) ;
#639 = CARTESIAN_POINT ( 'NONE',  ( 3.541265875000000563, -0.7374999986344072944, -4.336799918748501460E-16 ) ) ;
#640 = AXIS2_PLACEMENT_3D ( 'NONE', #80, #2150, #309 ) ;
#641 = CARTESIAN_POINT ( 'NONE',  ( 2.504053114197013929, 1.262500001365593150, 2.504053114197013041 ) ) ;
#642 = EDGE_LOOP ( 'NONE', ( #429, #1647, #3063, #2023, #939, #2278 ) ) ;
#643 = EDGE_CURVE ( 'NONE', #1541, #2559, #2322, .T. ) ;
#644 = CARTESIAN_POINT ( 'NONE',  ( 6.123233995736766282E-16, 1.943380962103086196, -5.000000000000000000 ) ) ;
#645 = ORIENTED_EDGE ( 'NONE', *, *, #2112, .T. ) ;
#646 = LINE ( 'NONE', #2672, #2911 ) ;
#647 = VECTOR ( 'NONE', #3017, 999.9999999999998863 ) ;
#648 = CARTESIAN_POINT ( 'NONE',  ( 2.309401076758503368, 0.2000000000000000111, -4.000000000000000888 ) ) ;
#649 = CARTESIAN_POINT ( 'NONE',  ( 2.121320343559643273, -1.425000000000000044, 2.121320343559642829 ) ) ;
#650 = CIRCLE ( 'NONE', #2564, 4.951449575542751447 ) ;
#651 = CARTESIAN_POINT ( 'NONE',  ( -1.747572780882945098, 220.0000000000000284, -1.007237950663846915 ) ) ;
#652 = CARTESIAN_POINT ( 'NONE',  ( 1.466840353394025964, -1.549999998634407516, -3.541265875000000118 ) ) ;
#653 = FILL_AREA_STYLE_COLOUR ( '', #722 ) ;
#654 = DIRECTION ( 'NONE',  ( 0.000000000000000000, 0.5144957554275518818, 0.8574929257125289972 ) ) ;
#655 = CARTESIAN_POINT ( 'NONE',  ( -1.836970198721030181E-16, 1.949999999999999512, -3.000000000000000444 ) ) ;
#656 = CARTESIAN_POINT ( 'NONE',  ( -3.541265875000000118, -3.174999998634407294, 1.466840353394028629 ) ) ;
#657 = CARTESIAN_POINT ( 'NONE',  ( 3.541265875000000118, 2.450000001365593594, -1.466840353394025964 ) ) ;
#658 = VERTEX_POINT ( 'NONE', #2931 ) ;
#659 = FILL_AREA_STYLE ('',( #676 ) ) ;
#660 = DIRECTION ( 'NONE',  ( -0.000000000000000000, -1.000000000000000000, -0.000000000000000000 ) ) ;
#661 = ORIENTED_EDGE ( 'NONE', *, *, #114, .T. ) ;
#662 = FACE_OUTER_BOUND ( 'NONE', #2334, .T. ) ;
#663 = CARTESIAN_POINT ( 'NONE',  ( -2.014475901327644536, 219.0000000000000284, 3.495145561765907072 ) ) ;
#664 = EDGE_CURVE ( 'NONE', #496, #1120, #1731, .T. ) ;
#665 = STYLED_ITEM ( 'NONE', ( #1846 ), #2624 ) ;
#666 = CARTESIAN_POINT ( 'NONE',  ( 2.121320343559643273, 1.574999999999999512, 2.121320343559642829 ) ) ;
#667 = CARTESIAN_POINT ( 'NONE',  ( -3.198667354166085719, 219.0000000000000284, -2.458186895326303745 ) ) ;
#668 = CARTESIAN_POINT ( 'NONE',  ( 3.541265875000001007, -1.799999998634406406, 1.466840353394025298 ) ) ;
#669 = VECTOR ( 'NONE', #2167, 1000.000000000000114 ) ;
#670 = CARTESIAN_POINT ( 'NONE',  ( 3.000000000000000444, -6.049999997268812990, -3.673940397442060361E-16 ) ) ;
#671 = CARTESIAN_POINT ( 'NONE',  ( -0.2610777017265162314, 220.0000000000000284, -2.000071333509449989 ) ) ;
#672 = DIRECTION ( 'NONE',  ( -0.000000000000000000, -1.000000000000000000, -0.000000000000000000 ) ) ;
#673 = CARTESIAN_POINT ( 'NONE',  ( 3.541265875000000563, -3.737499998634406406, -4.336799918748501460E-16 ) ) ;
#674 = CARTESIAN_POINT ( 'NONE',  ( -3.541265875000000118, 3.825000001365593150, -1.466840353394025964 ) ) ;
#675 = ORIENTED_EDGE ( 'NONE', *, *, #220, .T. ) ;
#676 = FILL_AREA_STYLE_COLOUR ( '', #2326 ) ;
#677 = SURFACE_SIDE_STYLE ('',( #713 ) ) ;
#678 = ORIENTED_EDGE ( 'NONE', *, *, #938, .T. ) ;
#679 = FILL_AREA_STYLE_COLOUR ( '', #2048 ) ;
#680 = CARTESIAN_POINT ( 'NONE',  ( -3.541265875000000563, 1.825000001365593150, 1.466840353394028629 ) ) ;
#681 = CARTESIAN_POINT ( 'NONE',  ( 3.000000000000001776, -0.3625000000000000999, 1.242640687119285436 ) ) ;
#682 = CARTESIAN_POINT ( 'NONE',  ( -2.309401076758502480, 0.2000000000000000111, 4.000000000000000000 ) ) ;
#683 =( BOUNDED_CURVE ( )  B_SPLINE_CURVE ( 2, ( #1317, #1870, #2575, #2813, #2541, #2357, #1853, #537, #288 ),
 .UNSPECIFIED., .F., .F. ) 
 B_SPLINE_CURVE_WITH_KNOTS ( ( 3, 2, 2, 2, 3 ),
 ( 0.2250000000000000056, 0.2374999999999999889, 0.2500000000000000000, 0.2625000000000000111, 0.2750000000000000222 ),
 .UNSPECIFIED. ) 
 CURVE ( )  GEOMETRIC_REPRESENTATION_ITEM ( )  RATIONAL_B_SPLINE_CURVE ( ( 1.000000000000000000, 0.9238795325112867385, 1.000000000000000000, 0.9238795325112867385, 1.000000000000000000, 0.9238795325112867385, 1.000000000000000000, 0.9238795325112867385, 1.000000000000000000 ) ) 
 REPRESENTATION_ITEM ( '' )  );
#684 = CARTESIAN_POINT ( 'NONE',  ( 6.123233995736772199E-16, 3.000000000000002665, -5.000000000000004441 ) ) ;
#685 = EDGE_CURVE ( 'NONE', #797, #1574, #2223, .T. ) ;
#686 = CARTESIAN_POINT ( 'NONE',  ( -1.006543911596914143, 220.0000000000000284, 1.747783050442916597 ) ) ;
#687 = VECTOR ( 'NONE', #954, 1000.000000000000000 ) ;
#688 = DIRECTION ( 'NONE',  ( 0.000000000000000000, 0.000000000000000000, -1.000000000000000000 ) ) ;
#689 = CARTESIAN_POINT ( 'NONE',  ( -3.541265875000000118, -5.174999998634406850, 1.466840353394028629 ) ) ;
#690 = CARTESIAN_POINT ( 'NONE',  ( -1.242640687119285658, 4.012499999999999289, -3.000000000000001332 ) ) ;
#691 = CARTESIAN_POINT ( 'NONE',  ( -2.504053114197012597, 0.01250000136559332661, 2.504053114197013929 ) ) ;
#692 = VERTEX_POINT ( 'NONE', #168 ) ;
#693 = CARTESIAN_POINT ( 'NONE',  ( 6.123233995736766282E-16, 9.828000243155832649, -5.000000000000000000 ) ) ;
#694 = CARTESIAN_POINT ( 'NONE',  ( -1.836970198721030181E-16, 2.200000002731186566, -3.000000000000000444 ) ) ;
#695 = EDGE_LOOP ( 'NONE', ( #1682, #747, #542, #1151 ) ) ;
#696 = CARTESIAN_POINT ( 'NONE',  ( -3.541265875000000563, 1.762500001365593150, 0.000000000000000000 ) ) ;
#697 = CARTESIAN_POINT ( 'NONE',  ( -3.541265875000000563, 0.7625000013655931497, 0.000000000000000000 ) ) ;
#698 = DIRECTION ( 'NONE',  ( 0.000000000000000000, 0.000000000000000000, 1.000000000000000000 ) ) ;
#699 = CARTESIAN_POINT ( 'NONE',  ( -2.121320343559642829, 2.074999999999999734, -2.121320343559642829 ) ) ;
#700 = CARTESIAN_POINT ( 'NONE',  ( -4.898587196589421703E-16, 219.0000000000000284, 4.000000000000007105 ) ) ;
#701 = DIRECTION ( 'NONE',  ( 0.000000000000000000, 0.000000000000000000, -1.000000000000000000 ) ) ;
#702 = CARTESIAN_POINT ( 'NONE',  ( 1.242640687119287213, -6.237499997268812990, 2.999999999999999556 ) ) ;
#703 = SURFACE_STYLE_USAGE ( .BOTH. , #3293 ) ;
#704 = AXIS2_PLACEMENT_3D ( 'NONE', #467, #660, #2707 ) ;
#705 = CARTESIAN_POINT ( 'NONE',  ( 0.000000000000000000, 0.000000000000000000, 0.000000000000000000 ) ) ;
#706 = CARTESIAN_POINT ( 'NONE',  ( 3.541265875000000118, -3.549999998634407294, -1.466840353394025964 ) ) ;
#707 = CARTESIAN_POINT ( 'NONE',  ( -1.466840353394026408, -6.049999998634406850, 3.541265875000000118 ) ) ;
#708 = CARTESIAN_POINT ( 'NONE',  ( 2.504053114197013041, -2.487499998634407294, -2.504053114197013485 ) ) ;
#709 = PRESENTATION_STYLE_ASSIGNMENT (( #1216 ) ) ;
#710 = STYLED_ITEM ( 'NONE', ( #2298 ), #1348 ) ;
#711 = ORIENTED_EDGE ( 'NONE', *, *, #445, .F. ) ;
#712 = LINE ( 'NONE', #2196, #647 ) ;
#713 = SURFACE_STYLE_FILL_AREA ( #3201 ) ;
#714 = EDGE_LOOP ( 'NONE', ( #762, #1373, #1779, #2328 ) ) ;
#715 = CARTESIAN_POINT ( 'NONE',  ( -2.504053114197013485, 3.637500001365593150, -2.504053114197013485 ) ) ;
#716 = CARTESIAN_POINT ( 'NONE',  ( -1.836970198721030181E-16, 1.949999999999999512, -3.000000000000000444 ) ) ;
#717 = DIRECTION ( 'NONE',  ( -0.000000000000000000, -1.000000000000000000, -0.000000000000000000 ) ) ;
#718 = CARTESIAN_POINT ( 'NONE',  ( 2.504053114197013041, -5.612499998634405962, -2.504053114197013485 ) ) ;
#719 = CARTESIAN_POINT ( 'NONE',  ( -2.458264765510855376, 0.1999999999999997613, 2.040505224255532379 ) ) ;
#720 = CARTESIAN_POINT ( 'NONE',  ( -1.242640687119285658, 0.2625000027311865103, -3.000000000000000888 ) ) ;
#721 = CARTESIAN_POINT ( 'NONE',  ( -3.541265875000000563, 2.950000001365593594, 1.466840353394028629 ) ) ;
#722 = COLOUR_RGB ( '',1.000000000000000000, 0.8666666666666666963, 0.5294117647058823595 ) ;
#723 = CARTESIAN_POINT ( 'NONE',  ( -3.541265875000000118, -4.049999998634406850, 1.466840353394028629 ) ) ;
#724 = CARTESIAN_POINT ( 'NONE',  ( 3.541265875000000118, -3.674999998634407294, -1.466840353394025964 ) ) ;
#725 = TOROIDAL_SURFACE ( 'NONE', #2758, 4.899999999999999467, 0.1000000000000000056 ) ;
#726 = CARTESIAN_POINT ( 'NONE',  ( 3.541265875000000563, -1.612499998634406406, -4.336799918748501460E-16 ) ) ;
#727 = EDGE_LOOP ( 'NONE', ( #1445, #447, #1427, #3001 ) ) ;
#728 = PLANE ( 'NONE',  #1375 ) ;
#729 = CARTESIAN_POINT ( 'NONE',  ( 1.466840353394025964, 1.575000001365593816, -3.541265875000000118 ) ) ;
#730 = EDGE_LOOP ( 'NONE', ( #793, #1702, #844, #1545, #324, #909 ) ) ;
#731 = CARTESIAN_POINT ( 'NONE',  ( 2.504053114197013041, 3.387500001365593150, -2.504053114197013485 ) ) ;
#732 = CARTESIAN_POINT ( 'NONE',  ( 5.510910596163089556E-16, 2.449999999999999734, 3.000000000000000444 ) ) ;
#733 = DIRECTION ( 'NONE',  ( 0.000000000000000000, 0.000000000000000000, 1.000000000000000000 ) ) ;
#734 = DIRECTION ( 'NONE',  ( -0.000000000000000000, 1.000000000000000000, -0.000000000000000000 ) ) ;
#735 = CARTESIAN_POINT ( 'NONE',  ( 0.5234957787965247578, 220.0000000000000284, -1.947945349162208739 ) ) ;
#736 = DIRECTION ( 'NONE',  ( -0.000000000000000000, 1.000000000000000000, -0.000000000000000000 ) ) ;
#737 =( LENGTH_UNIT ( ) NAMED_UNIT ( * ) SI_UNIT ( .MILLI., .METRE. ) );
#738 = DIRECTION ( 'NONE',  ( -0.000000000000000000, 1.000000000000000000, -0.000000000000000000 ) ) ;
#739 = CARTESIAN_POINT ( 'NONE',  ( -3.541265875000000118, -4.174999998634405962, -1.466840353394025964 ) ) ;
#740 = CARTESIAN_POINT ( 'NONE',  ( 2.121320343559642829, 2.075000002731187010, -2.121320343559642829 ) ) ;
#741 = AXIS2_PLACEMENT_3D ( 'NONE', #107, #343, #2148 ) ;
#742 = CARTESIAN_POINT ( 'NONE',  ( 6.505199878122751944E-16, 0.1375000013655934272, 3.541265875000000563 ) ) ;
#743 = CIRCLE ( 'NONE', #913, 4.500000000000000888 ) ;
#744 = CARTESIAN_POINT ( 'NONE',  ( 3.407687354864907814, 0.1999999999999982070, 0.8351483323580819462 ) ) ;
#745 = ORIENTED_EDGE ( 'NONE', *, *, #1861, .F. ) ;
#746 = CARTESIAN_POINT ( 'NONE',  ( -2.504053114197013485, 1.762500001365593150, -2.504053114197013485 ) ) ;
#747 = ORIENTED_EDGE ( 'NONE', *, *, #1291, .T. ) ;
#748 = CARTESIAN_POINT ( 'NONE',  ( -2.504053114197013485, 2.637500001365593150, -2.504053114197013485 ) ) ;
#749 = EDGE_CURVE ( 'NONE', #1037, #528, #2991, .T. ) ;
#750 = CARTESIAN_POINT ( 'NONE',  ( 4.898587196589413075E-17, 0.5999999999999460210, 0.4000000000000000222 ) ) ;
#751 = DIRECTION ( 'NONE',  ( 0.4999999999999999445, 0.000000000000000000, 0.8660254037844387076 ) ) ;
#752 = CARTESIAN_POINT ( 'NONE',  ( 0.000000000000000000, 1.943380962103086196, -4.899999999999999467 ) ) ;
#753 = CARTESIAN_POINT ( 'NONE',  ( 0.000000000000000000, 0.2000000000000057288, 0.000000000000000000 ) ) ;
#754 = CARTESIAN_POINT ( 'NONE',  ( -3.000000000000000444, 0.4500000027311866768, 0.000000000000000000 ) ) ;
#755 = CARTESIAN_POINT ( 'NONE',  ( -2.504053114197013485, 0.7625000013655931497, -2.504053114197013485 ) ) ;
#756 = CARTESIAN_POINT ( 'NONE',  ( -1.466840353394026408, 2.950000001365592706, 3.541265875000000118 ) ) ;
#757 = CARTESIAN_POINT ( 'NONE',  ( 1.242640687119287213, -0.2374999972688134897, 2.999999999999999556 ) ) ;
#758 = CARTESIAN_POINT ( 'NONE',  ( 1.466840353394025964, -1.424999998634407516, -3.541265875000000118 ) ) ;
#759 = ORIENTED_EDGE ( 'NONE', *, *, #2810, .T. ) ;
#760 = CARTESIAN_POINT ( 'NONE',  ( 2.121320343559642829, -1.175000000000000711, -2.121320343559642829 ) ) ;
#761 = CARTESIAN_POINT ( 'NONE',  ( -3.541265875000000118, 1.950000001365593372, 1.466840353394028629 ) ) ;
#762 = ORIENTED_EDGE ( 'NONE', *, *, #2620, .F. ) ;
#763 = UNCERTAINTY_MEASURE_WITH_UNIT (LENGTH_MEASURE( 1.000000000000000082E-05 ), #2583, 'distance_accuracy_value', 'NONE');
#764 = LINE ( 'NONE', #1826, #2503 ) ;
#765 = DIRECTION ( 'NONE',  ( -0.000000000000000000, 1.000000000000000000, -0.000000000000000000 ) ) ;
#766 = DIRECTION ( 'NONE',  ( 0.000000000000000000, -1.000000000000000000, 0.000000000000000000 ) ) ;
#767 = CARTESIAN_POINT ( 'NONE',  ( -1.947945349162212514, 220.0000000000000284, -0.5234957787965226483 ) ) ;
#768 = SURFACE_STYLE_USAGE ( .BOTH. , #280 ) ;
#769 = COLOUR_RGB ( '',1.000000000000000000, 0.8666666666666666963, 0.5294117647058823595 ) ;
#770 = CARTESIAN_POINT ( 'NONE',  ( 0.000000000000000000, 2.299999999999968736, -4.500000000000000888 ) ) ;
#771 = CARTESIAN_POINT ( 'NONE',  ( -2.168399959374250730E-16, -4.362499998634406850, -3.541265875000000563 ) ) ;
#772 = CARTESIAN_POINT ( 'NONE',  ( -1.836970198721030181E-16, -0.7999999972688135452, -3.000000000000000444 ) ) ;
#773 = AXIS2_PLACEMENT_3D ( 'NONE', #1703, #630, #1157 ) ;
#774 = COLOUR_RGB ( '',1.000000000000000000, 0.8666666666666666963, 0.5294117647058823595 ) ;
#775 = CARTESIAN_POINT ( 'NONE',  ( -2.504053114197012597, -4.987499998634406850, 2.504053114197013929 ) ) ;
#776 = VERTEX_POINT ( 'NONE', #2717 ) ;
#777 = AXIS2_PLACEMENT_3D ( 'NONE', #2996, #803, #1832 ) ;
#778 = MECHANICAL_DESIGN_GEOMETRIC_PRESENTATION_REPRESENTATION (  '', ( #2216 ), #1205 ) ;
#779 = CARTESIAN_POINT ( 'NONE',  ( -1.242640687119285658, -4.987499999999999822, -3.000000000000001332 ) ) ;
#780 = CARTESIAN_POINT ( 'NONE',  ( 6.505199878122751944E-16, 2.137500001365593150, 3.541265875000000563 ) ) ;
#781 = ORIENTED_EDGE ( 'NONE', *, *, #1935, .T. ) ;
#782 = FACE_OUTER_BOUND ( 'NONE', #342, .T. ) ;
#783 = CARTESIAN_POINT ( 'NONE',  ( -4.618802153517005848, 0.2000000000000000111, -1.291965570467107741E-16 ) ) ;
#784 = CARTESIAN_POINT ( 'NONE',  ( 1.242640687119286769, 3.887499999999998845, -2.999999999999998224 ) ) ;
#785 = CARTESIAN_POINT ( 'NONE',  ( 2.014475901327673402, 219.0000000000000284, 3.495145561765896414 ) ) ;
#786 = CARTESIAN_POINT ( 'NONE',  ( -2.667508636680747447, 0.1999999999999995948, 1.693907899436000841 ) ) ;
#787 = SURFACE_STYLE_FILL_AREA ( #1615 ) ;
#788 = CARTESIAN_POINT ( 'NONE',  ( 2.504053114197013929, 1.262500001365593150, 2.504053114197013041 ) ) ;
#789 = CARTESIAN_POINT ( 'NONE',  ( 1.466840353394025964, 2.450000001365593594, -3.541265875000000118 ) ) ;
#790 = CARTESIAN_POINT ( 'NONE',  ( 1.242640687119285658, 2.137500002731186566, -3.000000000000001332 ) ) ;
#791 = CARTESIAN_POINT ( 'NONE',  ( -3.541265875000000563, -6.112499998634406850, 0.000000000000000000 ) ) ;
#792 = EDGE_CURVE ( 'NONE', #1841, #2513, #3020, .T. ) ;
#793 = ORIENTED_EDGE ( 'NONE', *, *, #625, .F. ) ;
#794 = CARTESIAN_POINT ( 'NONE',  ( -1.466840353394025964, 3.575000001365593150, -3.541265875000000118 ) ) ;
#795 = CARTESIAN_POINT ( 'NONE',  ( 1.242640687119285658, -2.112500000000000711, -3.000000000000001332 ) ) ;
#796 = AXIS2_PLACEMENT_3D ( 'NONE', #1218, #2982, #1734 ) ;
#797 = VERTEX_POINT ( 'NONE', #2207 ) ;
#798 = CARTESIAN_POINT ( 'NONE',  ( -1.747572780882945098, 220.0000000000000284, -1.007237950663846915 ) ) ;
#799 = CARTESIAN_POINT ( 'NONE',  ( -3.000000000000000444, 1.199999999999999734, 0.000000000000000000 ) ) ;
#800 = FILL_AREA_STYLE ('',( #1328 ) ) ;
#801 = AXIS2_PLACEMENT_3D ( 'NONE', #3086, #1827, #2835 ) ;
#802 = CARTESIAN_POINT ( 'NONE',  ( 2.005965970324731451, 0.2324864422690803012, 3.002140258069296408 ) ) ;
#803 = DIRECTION ( 'NONE',  ( -1.000000000000000000, -0.000000000000000000, -0.000000000000000000 ) ) ;
#804 = CARTESIAN_POINT ( 'NONE',  ( -1.466840353394026408, -1.049999998634406628, 3.541265875000000118 ) ) ;
#805 = CARTESIAN_POINT ( 'NONE',  ( 3.000000000000000444, -1.049999997268813878, -3.673940397442060361E-16 ) ) ;
#806 =( NAMED_UNIT ( * ) SI_UNIT ( $, .STERADIAN. ) SOLID_ANGLE_UNIT ( ) );
#807 = EDGE_CURVE ( 'NONE', #415, #990, #894, .T. ) ;
#808 = CARTESIAN_POINT ( 'NONE',  ( 0.000000000000000000, 9.828000243155790017, -1.000000000000000000 ) ) ;
#809 = CARTESIAN_POINT ( 'NONE',  ( 2.504053114197013929, 3.137500001365593150, 2.504053114197013041 ) ) ;
#810 = EDGE_CURVE ( 'NONE', #1735, #512, #238, .T. ) ;
#811 = VECTOR ( 'NONE', #1278, 1000.000000000000000 ) ;
#812 = CARTESIAN_POINT ( 'NONE',  ( 1.242640687119287213, -2.487499999999999822, 2.999999999999999556 ) ) ;
#813 = VERTEX_POINT ( 'NONE', #1729 ) ;
#814 = CARTESIAN_POINT ( 'NONE',  ( 4.898587196589421703E-16, 21.77842320233586193, -4.000000000000007105 ) ) ;
#815 = CARTESIAN_POINT ( 'NONE',  ( 6.123233995736766282E-16, 0.2000000000000057288, -5.000000000000000000 ) ) ;
#816 = CARTESIAN_POINT ( 'NONE',  ( 3.895890698324433910, 220.0000000000000284, 1.046991557593075273 ) ) ;
#817 =( LENGTH_UNIT ( ) NAMED_UNIT ( * ) SI_UNIT ( .MILLI., .METRE. ) );
#818 = SURFACE_STYLE_FILL_AREA ( #800 ) ;
#819 = CARTESIAN_POINT ( 'NONE',  ( 3.541265875000001451, 1.325000001365593372, 1.466840353394025298 ) ) ;
#820 = CARTESIAN_POINT ( 'NONE',  ( 1.811753615587408994, 0.2000000000000182188, -2.613120461497246971 ) ) ;
#821 = CARTESIAN_POINT ( 'NONE',  ( -3.541265875000000563, 2.762500001365593150, 0.000000000000000000 ) ) ;
#822 = CARTESIAN_POINT ( 'NONE',  ( 3.000000000000001776, -3.112499997268812990, 1.242640687119285436 ) ) ;
#823 = SURFACE_STYLE_USAGE ( .BOTH. , #353 ) ;
#824 = CARTESIAN_POINT ( 'NONE',  ( -1.466840353394026408, -5.924999998634405962, 3.541265875000000118 ) ) ;
#825 = CARTESIAN_POINT ( 'NONE',  ( 0.000000000000000000, 4.200000000000000178, 0.000000000000000000 ) ) ;
#826 = CARTESIAN_POINT ( 'NONE',  ( -1.466840353394026408, -1.049999998634406628, 3.541265875000000118 ) ) ;
#827 = CARTESIAN_POINT ( 'NONE',  ( 5.510910596163089556E-16, -4.550000000000000711, 3.000000000000000444 ) ) ;
#828 = ORIENTED_EDGE ( 'NONE', *, *, #3213, .T. ) ;
#829 = EDGE_CURVE ( 'NONE', #2630, #1528, #1510, .T. ) ;
#830 = VECTOR ( 'NONE', #2380, 1000.000000000000114 ) ;
#831 = UNCERTAINTY_MEASURE_WITH_UNIT (LENGTH_MEASURE( 1.000000000000000082E-05 ), #1632, 'distance_accuracy_value', 'NONE');
#832 = PRESENTATION_LAYER_ASSIGNMENT (  '', '', ( #85 ) ) ;
#833 = CARTESIAN_POINT ( 'NONE',  ( -2.121320343559642829, 4.074999999999999289, -2.121320343559642829 ) ) ;
#834 = DIRECTION ( 'NONE',  ( 0.000000000000000000, 0.000000000000000000, 1.000000000000000000 ) ) ;
#835 = CARTESIAN_POINT ( 'NONE',  ( 3.495145561765849784, 220.0000000000000284, 2.014475901327634322 ) ) ;
#836 = CARTESIAN_POINT ( 'NONE',  ( 1.242640687119287213, 0.5124999999999995115, 2.999999999999999556 ) ) ;
#837 = CARTESIAN_POINT ( 'NONE',  ( 2.309401076758503368, 0.2000000000000000111, -4.000000000000000888 ) ) ;
#838 = CARTESIAN_POINT ( 'NONE',  ( -3.541265875000000563, -1.112499998634406850, 0.000000000000000000 ) ) ;
#839 = CARTESIAN_POINT ( 'NONE',  ( -0.5234957787965369702, 220.0000000000000284, 1.947945349162212514 ) ) ;
#840 = CARTESIAN_POINT ( 'NONE',  ( -2.504053114197012597, 0.8875000013655932607, 2.504053114197013929 ) ) ;
#841 = CARTESIAN_POINT ( 'NONE',  ( 2.121320343559643273, -2.174999997268812990, 2.121320343559642829 ) ) ;
#842 = CARTESIAN_POINT ( 'NONE',  ( 1.466840353394027963, -3.799999998634406850, 3.541265875000000118 ) ) ;
#843 = CARTESIAN_POINT ( 'NONE',  ( 3.000000000000001776, 2.637499999999999734, 1.242640687119285436 ) ) ;
#844 = ORIENTED_EDGE ( 'NONE', *, *, #3279, .T. ) ;
#845 = CARTESIAN_POINT ( 'NONE',  ( -2.168399959374250730E-16, 0.5125000013655929276, -3.541265875000000563 ) ) ;
#846 = CARTESIAN_POINT ( 'NONE',  ( -1.242640687119285658, -1.987500000000000488, -3.000000000000001332 ) ) ;
#847 = ORIENTED_EDGE ( 'NONE', *, *, #2279, .F. ) ;
#848 =( BOUNDED_CURVE ( )  B_SPLINE_CURVE ( 2, ( #18, #1046, #1614, #2134, #799, #3159, #1394, #1653, #1077 ),
 .UNSPECIFIED., .F., .F. ) 
 B_SPLINE_CURVE_WITH_KNOTS ( ( 3, 2, 2, 2, 3 ),
 ( 0.2750000000000000222, 0.2874999999999999778, 0.2999999999999999889, 0.3125000000000000000, 0.3250000000000000111 ),
 .UNSPECIFIED. ) 
 CURVE ( )  GEOMETRIC_REPRESENTATION_ITEM ( )  RATIONAL_B_SPLINE_CURVE ( ( 1.000000000000000000, 0.9238795325112867385, 1.000000000000000000, 0.9238795325112867385, 1.000000000000000000, 0.9238795325112867385, 1.000000000000000000, 0.9238795325112867385, 1.000000000000000000 ) ) 
 REPRESENTATION_ITEM ( '' )  );
#849 = DIRECTION ( 'NONE',  ( 0.000000000000000000, 0.000000000000000000, -1.000000000000000000 ) ) ;
#850 = CIRCLE ( 'NONE', #3035, 0.1999999999999996503 ) ;
#851 = CONICAL_SURFACE ( 'NONE', #2287, 5.000000000000004441, 1.030376826524282974 ) ;
#852 = FACE_OUTER_BOUND ( 'NONE', #2773, .T. ) ;
#853 = CARTESIAN_POINT ( 'NONE',  ( 2.504053114197013041, 3.387500001365593150, -2.504053114197013485 ) ) ;
#854 = CARTESIAN_POINT ( 'NONE',  ( -2.999999999999999556, 3.262499999999999734, 1.242640687119287657 ) ) ;
#855 = FILL_AREA_STYLE_COLOUR ( '', #774 ) ;
#856 = EDGE_CURVE ( 'NONE', #2828, #1907, #437, .T. ) ;
#857 = CARTESIAN_POINT ( 'NONE',  ( -1.466840353394025964, 0.7000000013655931497, -3.541265875000000118 ) ) ;
#858 = CARTESIAN_POINT ( 'NONE',  ( 3.198667354165845467, 220.0000000000000284, -2.458186895326297972 ) ) ;
#859 = CARTESIAN_POINT ( 'NONE',  ( 2.121320343559643273, 3.574999999999999734, 2.121320343559642829 ) ) ;
#860 = CARTESIAN_POINT ( 'NONE',  ( 3.541265875000000118, 0.3250000013655931497, -1.466840353394025964 ) ) ;
#861 = CARTESIAN_POINT ( 'NONE',  ( -1.242640687119286103, -4.362499997268813878, 3.000000000000000444 ) ) ;
#862 = CARTESIAN_POINT ( 'NONE',  ( -3.000000000000000444, 4.200000000000000178, 0.000000000000000000 ) ) ;
#863 = SURFACE_SIDE_STYLE ('',( #26 ) ) ;
#864 = CARTESIAN_POINT ( 'NONE',  ( -3.541265875000000118, 0.8250000013655933717, 1.466840353394028629 ) ) ;
#865 = CARTESIAN_POINT ( 'NONE',  ( -2.504053114197013485, 2.762500001365593150, -2.504053114197013485 ) ) ;
#866 = EDGE_LOOP ( 'NONE', ( #2390, #413, #227, #2346 ) ) ;
#867 = SURFACE_STYLE_USAGE ( .BOTH. , #3156 ) ;
#868 = CARTESIAN_POINT ( 'NONE',  ( 4.000000000000007105, 219.0000000000000568, 0.5235987755982999259 ) ) ;
#869 = CARTESIAN_POINT ( 'NONE',  ( -2.458186895326307297, 219.0000000000000284, -3.198667354166083054 ) ) ;
#870 = CARTESIAN_POINT ( 'NONE',  ( -0.5235987755983008141, 219.0000000000000000, 4.000000000000005329 ) ) ;
#871 =( NAMED_UNIT ( * ) SI_UNIT ( $, .STERADIAN. ) SOLID_ANGLE_UNIT ( ) );
#872 = CARTESIAN_POINT ( 'NONE',  ( -2.504053114197012597, -0.9874999986344067393, 2.504053114197013929 ) ) ;
#873 = AXIS2_PLACEMENT_3D ( 'NONE', #3238, #148, #960 ) ;
#874 = CARTESIAN_POINT ( 'NONE',  ( 3.895890698324414370, 219.0000000000000284, -1.046991557593042188 ) ) ;
#875 = AXIS2_PLACEMENT_3D ( 'NONE', #1453, #2172, #453 ) ;
#876 = EDGE_CURVE ( 'NONE', #3171, #1255, #2385, .T. ) ;
#877 = CARTESIAN_POINT ( 'NONE',  ( -1.466840353394025964, -3.424999998634407294, -3.541265875000000118 ) ) ;
#878 = EDGE_CURVE ( 'NONE', #1932, #2691, #519, .T. ) ;
#879 = CARTESIAN_POINT ( 'NONE',  ( 3.000000000000001332, -2.987499997268813434, -1.242640687119285881 ) ) ;
#880 =( NAMED_UNIT ( * ) PLANE_ANGLE_UNIT ( ) SI_UNIT ( $, .RADIAN. ) );
#881 = CARTESIAN_POINT ( 'NONE',  ( 0.000000000000000000, 0.1999999999999999833, -2.775557561562891351E-14 ) ) ;
#882 = CARTESIAN_POINT ( 'NONE',  ( -2.504053114197013485, -1.362499998634407072, -2.504053114197013485 ) ) ;
#883 = CARTESIAN_POINT ( 'NONE',  ( -1.466840353394025964, 2.700000001365594482, -3.541265875000000118 ) ) ;
#884 = VERTEX_POINT ( 'NONE', #3044 ) ;
#885 = CARTESIAN_POINT ( 'NONE',  ( 0.000000000000000000, 21.60642344549165728, -4.000000000000007105 ) ) ;
#886 = MECHANICAL_DESIGN_GEOMETRIC_PRESENTATION_REPRESENTATION (  '', ( #2856 ), #344 ) ;
#887 = STYLED_ITEM ( 'NONE', ( #1016 ), #2557 ) ;
#888 = DIRECTION ( 'NONE',  ( -0.000000000000000000, -1.000000000000000000, -0.000000000000000000 ) ) ;
#889 = ORIENTED_EDGE ( 'NONE', *, *, #3078, .F. ) ;
#890 = DIRECTION ( 'NONE',  ( -0.000000000000000000, 1.000000000000000000, -0.000000000000000000 ) ) ;
#891 = CARTESIAN_POINT ( 'NONE',  ( 0.5235987537816848558, 219.0000000000000284, -4.000000000000007105 ) ) ;
#892 = AXIS2_PLACEMENT_3D ( 'NONE', #2338, #1080, #2081 ) ;
#893 = DIRECTION ( 'NONE',  ( 0.000000000000000000, 0.000000000000000000, -1.000000000000000000 ) ) ;
#894 = CIRCLE ( 'NONE', #1321, 3.000000000000000444 ) ;
#895 = CARTESIAN_POINT ( 'NONE',  ( 6.505199878122751944E-16, -2.862499998634406406, 3.541265875000000563 ) ) ;
#896 = STYLED_ITEM ( 'NONE', ( #1511 ), #2348 ) ;
#897 = CARTESIAN_POINT ( 'NONE',  ( 3.495145561765891973, 219.0000000000000284, -2.014475901327684060 ) ) ;
#898 = CARTESIAN_POINT ( 'NONE',  ( 1.466840353394027963, -4.924999998634407739, 3.541265875000000118 ) ) ;
#899 = CARTESIAN_POINT ( 'NONE',  ( 3.000000000000001332, -1.987499997268813656, -1.242640687119285881 ) ) ;
#900 = CARTESIAN_POINT ( 'NONE',  ( 1.947735079602146868, 220.0000000000000568, 0.5241898178634679661 ) ) ;
#901 = DIRECTION ( 'NONE',  ( -1.000000000000000000, 0.000000000000000000, 0.000000000000000000 ) ) ;
#902 = CARTESIAN_POINT ( 'NONE',  ( 2.504053114197013041, -0.6124999986344071834, -2.504053114197013485 ) ) ;
#903 = ADVANCED_FACE ( 'NONE', ( #3076 ), #1816, .T. ) ;
#904 = CARTESIAN_POINT ( 'NONE',  ( 2.504053114197013041, 3.512500001365593594, -2.504053114197013485 ) ) ;
#905 = ORIENTED_EDGE ( 'NONE', *, *, #2376, .T. ) ;
#906 = UNCERTAINTY_MEASURE_WITH_UNIT (LENGTH_MEASURE( 1.000000000000000082E-05 ), #1605, 'distance_accuracy_value', 'NONE');
#907 = APPLICATION_CONTEXT ( 'automotive_design' ) ;
#908 = CARTESIAN_POINT ( 'NONE',  ( 2.833818532686813718, 0.2000000000000004274, 2.173845433637190627 ) ) ;
#909 = ORIENTED_EDGE ( 'NONE', *, *, #584, .T. ) ;
#910 = DIRECTION ( 'NONE',  ( 0.000000000000000000, 0.000000000000000000, -1.000000000000000000 ) ) ;
#911 =( LENGTH_UNIT ( ) NAMED_UNIT ( * ) SI_UNIT ( .MILLI., .METRE. ) );
#912 =( NAMED_UNIT ( * ) PLANE_ANGLE_UNIT ( ) SI_UNIT ( $, .RADIAN. ) );
#913 = AXIS2_PLACEMENT_3D ( 'NONE', #3116, #1336, #2125 ) ;
#914 = CARTESIAN_POINT ( 'NONE',  ( 2.504053114197013929, -0.7374999986344065173, 2.504053114197013041 ) ) ;
#915 = CARTESIAN_POINT ( 'NONE',  ( -2.458186895326316179, 220.0000000000000284, 3.198667354165940946 ) ) ;
#916 = CARTESIAN_POINT ( 'NONE',  ( -3.541265875000000563, -3.237499998634406850, 0.000000000000000000 ) ) ;
#917 = CARTESIAN_POINT ( 'NONE',  ( 1.355183752606221814, 0.2000000000000000111, 3.271703072424458014 ) ) ;
#918 = CARTESIAN_POINT ( 'NONE',  ( -1.747914857581747361, 220.0000000000000284, 1.006598507901792061 ) ) ;
#919 = CARTESIAN_POINT ( 'NONE',  ( 2.121320343559642829, 1.824999999999999734, -2.121320343559642829 ) ) ;
#920 = CARTESIAN_POINT ( 'NONE',  ( 3.000000000000001332, 3.012500002731186566, -1.242640687119285881 ) ) ;
#921 = CARTESIAN_POINT ( 'NONE',  ( -3.541265875000000118, 2.950000001365593594, 1.466840353394028629 ) ) ;
#922 = ORIENTED_EDGE ( 'NONE', *, *, #2729, .F. ) ;
#923 = DIRECTION ( 'NONE',  ( -0.000000000000000000, -1.000000000000000000, -0.000000000000000000 ) ) ;
#924 = ADVANCED_FACE ( 'NONE', ( #1584 ), #2737, .T. ) ;
#925 = ORIENTED_EDGE ( 'NONE', *, *, #3305, .F. ) ;
#926 = LINE ( 'NONE', #109, #1701 ) ;
#927 = CARTESIAN_POINT ( 'NONE',  ( -3.495145561765901743, 219.0000000000000284, 2.014475901327661855 ) ) ;
#928 = SURFACE_STYLE_FILL_AREA ( #1705 ) ;
#929 = CARTESIAN_POINT ( 'NONE',  ( -1.836970198721030181E-16, 1.949999999999999512, -3.000000000000000444 ) ) ;
#930 = FACE_OUTER_BOUND ( 'NONE', #2542, .T. ) ;
#931 =( BOUNDED_CURVE ( )  B_SPLINE_CURVE ( 2, ( #234, #784, #1756, #1812, #2820, #2014, #3042, #2043, #2283 ),
 .UNSPECIFIED., .F., .F. ) 
 B_SPLINE_CURVE_WITH_KNOTS ( ( 3, 2, 2, 2, 3 ),
 ( 0.02500000000000002220, 0.03750000000000001249, 0.05000000000000000278, 0.06249999999999999306, 0.07499999999999998335 ),
 .UNSPECIFIED. ) 
 CURVE ( )  GEOMETRIC_REPRESENTATION_ITEM ( )  RATIONAL_B_SPLINE_CURVE ( ( 0.9999999999999998890, 0.9238795325112868495, 1.000000000000000000, 0.9238795325112867385, 1.000000000000000000, 0.9238795325112867385, 1.000000000000000000, 0.9238795325112868495, 0.9999999999999998890 ) ) 
 REPRESENTATION_ITEM ( '' )  );
#932 = CARTESIAN_POINT ( 'NONE',  ( 2.504053114197013929, -4.862499998634406850, 2.504053114197013041 ) ) ;
#933 = CARTESIAN_POINT ( 'NONE',  ( -1.836970198721030181E-16, 2.949999999999999289, -3.000000000000000444 ) ) ;
#934 = PRESENTATION_LAYER_ASSIGNMENT (  '', '', ( #121 ) ) ;
#935 = CARTESIAN_POINT ( 'NONE',  ( -2.168399959374250730E-16, -4.487499998634406850, -3.541265875000000563 ) ) ;
#936 = CARTESIAN_POINT ( 'NONE',  ( -2.504053114197012597, 1.012500001365593372, 2.504053114197013929 ) ) ;
#937 = ORIENTED_EDGE ( 'NONE', *, *, #664, .F. ) ;
#938 = EDGE_CURVE ( 'NONE', #1492, #2249, #3271, .T. ) ;
#939 = ORIENTED_EDGE ( 'NONE', *, *, #2340, .T. ) ;
#940 = SURFACE_SIDE_STYLE ('',( #1140 ) ) ;
#941 = CARTESIAN_POINT ( 'NONE',  ( -2.504053114197012597, 0.8875000013655932607, 2.504053114197013929 ) ) ;
#942 = COLOUR_RGB ( '',1.000000000000000000, 0.8666666666666666963, 0.5294117647058823595 ) ;
#943 = CARTESIAN_POINT ( 'NONE',  ( 5.510910596163089556E-16, 0.4499999999999999001, 3.000000000000000444 ) ) ;
#944 = ADVANCED_FACE ( 'NONE', ( #930 ), #851, .T. ) ;
#945 = CARTESIAN_POINT ( 'NONE',  ( 0.000000000000000000, 3.056619037896890489, 0.000000000000000000 ) ) ;
#946 = LINE ( 'NONE', #1740, #1086 ) ;
#947 = CARTESIAN_POINT ( 'NONE',  ( 1.242640687119287435, 2.887499999999998845, -2.999999999999999112 ) ) ;
#948 = CARTESIAN_POINT ( 'NONE',  ( 1.747783050443013853, 220.0000000000000284, 1.006543911596895491 ) ) ;
#949 = PRESENTATION_LAYER_ASSIGNMENT (  '', '', ( #896 ) ) ;
#950 = CARTESIAN_POINT ( 'NONE',  ( -1.242640687119285658, 1.262500002731186788, -3.000000000000000888 ) ) ;
#951 = CARTESIAN_POINT ( 'NONE',  ( -1.466840353394026408, -5.049999998634406850, 3.541265875000000118 ) ) ;
#952 = CARTESIAN_POINT ( 'NONE',  ( 3.541265875000001007, -1.674999998634406628, 1.466840353394025298 ) ) ;
#953 = ORIENTED_EDGE ( 'NONE', *, *, #2356, .T. ) ;
#954 = DIRECTION ( 'NONE',  ( -1.000000000000000000, 0.000000000000000000, 0.000000000000000000 ) ) ;
#955 = ORIENTED_EDGE ( 'NONE', *, *, #14, .F. ) ;
#956 = CARTESIAN_POINT ( 'NONE',  ( 3.541265875000001451, 0.2324864422690803012, 0.7044015941078616283 ) ) ;
#957 =( LENGTH_UNIT ( ) NAMED_UNIT ( * ) SI_UNIT ( .MILLI., .METRE. ) );
#958 = ADVANCED_FACE ( 'NONE', ( #433 ), #422, .T. ) ;
#959 = CARTESIAN_POINT ( 'NONE',  ( -2.121320343559642829, 0.07499999999999953926, -2.121320343559642829 ) ) ;
#960 = DIRECTION ( 'NONE',  ( 0.000000000000000000, 0.000000000000000000, -1.000000000000000000 ) ) ;
#961 = LINE ( 'NONE', #3027, #3265 ) ;
#962 = CARTESIAN_POINT ( 'NONE',  ( 0.02877337020465477874, 0.2000000000000000389, 3.445827546115708184 ) ) ;
#963 =( BOUNDED_CURVE ( )  B_SPLINE_CURVE ( 2, ( #79, #1388, #1627 ),
 .UNSPECIFIED., .F., .F. ) 
 B_SPLINE_CURVE_WITH_KNOTS ( ( 3, 3 ),
 ( 0.000000000000000000, 1.000000000000000000 ),
 .UNSPECIFIED. ) 
 CURVE ( )  GEOMETRIC_REPRESENTATION_ITEM ( )  RATIONAL_B_SPLINE_CURVE ( ( 1.000000000000000000, 0.7071067811865523467, 1.000000000000000000 ) ) 
 REPRESENTATION_ITEM ( '' )  );
#964 = DIRECTION ( 'NONE',  ( -0.000000000000000000, -1.000000000000000000, -0.000000000000000000 ) ) ;
#965 = EDGE_CURVE ( 'NONE', #1156, #797, #1284, .T. ) ;
#966 = TOROIDAL_SURFACE ( 'NONE', #3146, 1.000000000000000000, 4.000000000000000000 ) ;
#967 = CARTESIAN_POINT ( 'NONE',  ( 0.000000000000000000, 220.0000000000000284, 4.500000000000000888 ) ) ;
#968 = CARTESIAN_POINT ( 'NONE',  ( 2.504053114197013929, -3.737499998634406406, 2.504053114197013041 ) ) ;
#969 = CARTESIAN_POINT ( 'NONE',  ( 1.466840353394027963, -5.924999998634405962, 3.541265875000000118 ) ) ;
#970 = CARTESIAN_POINT ( 'NONE',  ( -2.504053114197013485, -2.237499998634406850, -2.504053114197013485 ) ) ;
#971 = CARTESIAN_POINT ( 'NONE',  ( 0.2701084277536197620, 0.2000000000000002054, -3.023530601845519250 ) ) ;
#972 = ORIENTED_EDGE ( 'NONE', *, *, #2112, .F. ) ;
#973 = DIRECTION ( 'NONE',  ( -0.000000000000000000, 1.000000000000000000, -0.000000000000000000 ) ) ;
#974 = CARTESIAN_POINT ( 'NONE',  ( 2.504053114197013041, 3.512500001365593594, -2.504053114197013485 ) ) ;
#975 = ORIENTED_EDGE ( 'NONE', *, *, #2136, .T. ) ;
#976 = CARTESIAN_POINT ( 'NONE',  ( 3.541265875000000563, 1.262500001365593150, -4.336799918748501460E-16 ) ) ;
#977 = CARTESIAN_POINT ( 'NONE',  ( -2.504053114197013485, 0.6375000013655930386, -2.504053114197013485 ) ) ;
#978 = CARTESIAN_POINT ( 'NONE',  ( -1.836970198721030181E-16, -1.050000000000000488, -3.000000000000000444 ) ) ;
#979 = CARTESIAN_POINT ( 'NONE',  ( -2.458186895326307297, 219.0000000000000284, -3.198667354166083054 ) ) ;
#980 = COLOUR_RGB ( '',1.000000000000000000, 0.8666666666666666963, 0.5294117647058823595 ) ;
#981 = CARTESIAN_POINT ( 'NONE',  ( 0.000000000000000000, 220.0000000000000284, 2.000000000000007105 ) ) ;
#982 = CARTESIAN_POINT ( 'NONE',  ( 3.541265875000000563, 3.450000001365593594, -1.466840353394025964 ) ) ;
#983 = ADVANCED_FACE ( 'NONE', ( #2712 ), #1449, .T. ) ;
#984 = CARTESIAN_POINT ( 'NONE',  ( -2.168399959374250730E-16, 3.512500001365593594, -3.541265875000000563 ) ) ;
#985 = CARTESIAN_POINT ( 'NONE',  ( 6.505199878122751944E-16, -4.987499998634406850, 3.541265875000000563 ) ) ;
#986 = VECTOR ( 'NONE', #736, 1000.000000000000000 ) ;
#987 = CARTESIAN_POINT ( 'NONE',  ( 3.541265875000000563, -0.6124999986344071834, -4.336799918748501460E-16 ) ) ;
#988 = CARTESIAN_POINT ( 'NONE',  ( 3.243955642886318103, 0.2000000000000000111, -0.8868408803872023238 ) ) ;
#989 = AXIS2_PLACEMENT_3D ( 'NONE', #3026, #1769, #1811 ) ;
#990 = VERTEX_POINT ( 'NONE', #488 ) ;
#991 = LINE ( 'NONE', #2706, #246 ) ;
#992 = FILL_AREA_STYLE ('',( #1494 ) ) ;
#993 = VERTEX_POINT ( 'NONE', #2504 ) ;
#994 = CARTESIAN_POINT ( 'NONE',  ( -3.541265875000000563, 2.762500001365593150, 0.000000000000000000 ) ) ;
#995 = DIRECTION ( 'NONE',  ( -0.000000000000000000, -1.000000000000000000, -0.000000000000000000 ) ) ;
#996 = DIRECTION ( 'NONE',  ( 0.000000000000000000, 0.000000000000000000, -1.000000000000000000 ) ) ;
#997 = CARTESIAN_POINT ( 'NONE',  ( 0.5234957787965267562, 220.0000000000000284, 1.947945349162214956 ) ) ;
#998 = CARTESIAN_POINT ( 'NONE',  ( 0.000000000000000000, 220.0000000000000284, 0.000000000000000000 ) ) ;
#999 = SURFACE_STYLE_FILL_AREA ( #2256 ) ;
#1000 = AXIS2_PLACEMENT_3D ( 'NONE', #2365, #2617, #83 ) ;
#1001 = VECTOR ( 'NONE', #1640, 1000.000000000000114 ) ;
#1002 = CARTESIAN_POINT ( 'NONE',  ( 3.541265875000000563, 2.387500001365593150, -4.336799918748501460E-16 ) ) ;
#1003 = CARTESIAN_POINT ( 'NONE',  ( -2.504053114197012597, -5.987499998634405962, 2.504053114197013929 ) ) ;
#1004 = CARTESIAN_POINT ( 'NONE',  ( -1.242640687119286103, 2.637500002731186566, 3.000000000000000444 ) ) ;
#1005 = EDGE_CURVE ( 'NONE', #2720, #993, #3006, .T. ) ;
#1006 = MECHANICAL_DESIGN_GEOMETRIC_PRESENTATION_REPRESENTATION (  '', ( #1609 ), #1758 ) ;
#1007 = CARTESIAN_POINT ( 'NONE',  ( 3.541265875000000563, -2.612499998634407294, -4.336799918748501460E-16 ) ) ;
#1008 = CARTESIAN_POINT ( 'NONE',  ( 3.386861317180159148, 0.1999999999999995948, -0.3682657337688358679 ) ) ;
#1009 = ORIENTED_EDGE ( 'NONE', *, *, #2137, .F. ) ;
#1010 = CARTESIAN_POINT ( 'NONE',  ( 1.466840353394025964, 2.575000001365594038, -3.541265875000000118 ) ) ;
#1011 = ORIENTED_EDGE ( 'NONE', *, *, #334, .F. ) ;
#1012 = CARTESIAN_POINT ( 'NONE',  ( 2.504053114197013041, 2.387500001365593150, -2.504053114197013485 ) ) ;
#1013 = CYLINDRICAL_SURFACE ( 'NONE', #1839, 4.000000000000007105 ) ;
#1014 = CARTESIAN_POINT ( 'NONE',  ( 1.947945349162225837, 220.0000000000000284, -0.5234957787965288656 ) ) ;
#1015 = DIRECTION ( 'NONE',  ( 1.224646799147353454E-16, 0.000000000000000000, -1.000000000000000000 ) ) ;
#1016 = PRESENTATION_STYLE_ASSIGNMENT (( #703 ) ) ;
#1017 = CARTESIAN_POINT ( 'NONE',  ( -3.000000000000000444, 4.200000000000000178, 0.000000000000000000 ) ) ;
#1018 = CARTESIAN_POINT ( 'NONE',  ( -3.541265875000000563, 2.825000001365593150, -1.466840353394025964 ) ) ;
#1019 = CARTESIAN_POINT ( 'NONE',  ( 6.505199878122751944E-16, -4.862499998634406850, 3.541265875000000563 ) ) ;
#1020 = CARTESIAN_POINT ( 'NONE',  ( -1.242640687119286103, 0.6375000027311867878, 3.000000000000000444 ) ) ;
#1021 = AXIS2_PLACEMENT_3D ( 'NONE', #2332, #1842, #2130 ) ;
#1022 = AXIS2_PLACEMENT_3D ( 'NONE', #1569, #504, #2019 ) ;
#1023 = CARTESIAN_POINT ( 'NONE',  ( 3.541265875000000563, -3.612499998634406406, -4.336799918748501460E-16 ) ) ;
#1024 = AXIS2_PLACEMENT_3D ( 'NONE', #2071, #2593, #3096 ) ;
#1025 = ORIENTED_EDGE ( 'NONE', *, *, #173, .F. ) ;
#1026 = CARTESIAN_POINT ( 'NONE',  ( 2.504053114197013929, 3.262500001365593150, 2.504053114197013041 ) ) ;
#1027 = ORIENTED_EDGE ( 'NONE', *, *, #3257, .T. ) ;
#1028 = EDGE_CURVE ( 'NONE', #2281, #1492, #3270, .T. ) ;
#1029 = CARTESIAN_POINT ( 'NONE',  ( 4.618802153517006737, 0.000000000000000000, 2.620035909067791980E-17 ) ) ;
#1030 = CARTESIAN_POINT ( 'NONE',  ( 2.309401076758504257, 0.2000000000000000111, 4.000000000000000000 ) ) ;
#1031 = CARTESIAN_POINT ( 'NONE',  ( -1.747572780882975962, 220.0000000000000284, 1.007237950663826931 ) ) ;
#1032 = CARTESIAN_POINT ( 'NONE',  ( 4.898587196589421703E-16, 220.0000000000000284, -4.000000000000007105 ) ) ;
#1033 = CARTESIAN_POINT ( 'NONE',  ( 0.2617993768908346564, 220.0000000000000284, 2.000000000000007105 ) ) ;
#1034 = CARTESIAN_POINT ( 'NONE',  ( 1.466840353394025964, -4.424999998634406850, -3.541265875000000118 ) ) ;
#1035 = CARTESIAN_POINT ( 'NONE',  ( -2.121320343559642385, 2.575000002731187010, 2.121320343559643273 ) ) ;
#1036 = CARTESIAN_POINT ( 'NONE',  ( -1.466840353394025964, -4.299999998634405962, -3.541265875000000118 ) ) ;
#1037 = VERTEX_POINT ( 'NONE', #1190 ) ;
#1038 =( BOUNDED_CURVE ( )  B_SPLINE_CURVE ( 2, ( #862, #1179, #2948, #3183, #2192 ),
 .UNSPECIFIED., .F., .F. ) 
 B_SPLINE_CURVE_WITH_KNOTS ( ( 3, 2, 3 ),
 ( 0.000000000000000000, 0.01250000000000001110, 0.02500000000000002220 ),
 .UNSPECIFIED. ) 
 CURVE ( )  GEOMETRIC_REPRESENTATION_ITEM ( )  RATIONAL_B_SPLINE_CURVE ( ( 1.000000000000000000, 0.9238795325112867385, 1.000000000000000000, 0.9238795325112866275, 1.000000000000000222 ) ) 
 REPRESENTATION_ITEM ( '' )  );
#1039 = CARTESIAN_POINT ( 'NONE',  ( -3.000000000000000444, 3.199999999999999734, 0.000000000000000000 ) ) ;
#1040 = CARTESIAN_POINT ( 'NONE',  ( -2.121320343559642829, -4.924999999999999822, -2.121320343559642829 ) ) ;
#1041 = CARTESIAN_POINT ( 'NONE',  ( 1.466840353394027963, 3.200000001365593150, 3.541265875000000118 ) ) ;
#1042 = ORIENTED_EDGE ( 'NONE', *, *, #491, .F. ) ;
#1043 = UNCERTAINTY_MEASURE_WITH_UNIT (LENGTH_MEASURE( 1.000000000000000082E-05 ), #1443, 'distance_accuracy_value', 'NONE');
#1044 = FACE_OUTER_BOUND ( 'NONE', #695, .T. ) ;
#1045 = CARTESIAN_POINT ( 'NONE',  ( -1.229093447663165639, 220.0000000000000284, 1.599333677083034422 ) ) ;
#1046 = CARTESIAN_POINT ( 'NONE',  ( -1.242640687119286103, 1.387499999999999734, 2.999999999999999556 ) ) ;
#1047 = FACE_OUTER_BOUND ( 'NONE', #1563, .T. ) ;
#1048 = CARTESIAN_POINT ( 'NONE',  ( -2.504053114197013485, 1.762500001365593150, -2.504053114197013485 ) ) ;
#1049 = CARTESIAN_POINT ( 'NONE',  ( -2.504053114197013485, 1.637500001365592928, -2.504053114197013485 ) ) ;
#1050 = CARTESIAN_POINT ( 'NONE',  ( -2.999999999999999556, 2.512500002731187010, 1.242640687119287657 ) ) ;
#1051 =( GEOMETRIC_REPRESENTATION_CONTEXT ( 3 ) GLOBAL_UNCERTAINTY_ASSIGNED_CONTEXT ( ( #831 ) ) GLOBAL_UNIT_ASSIGNED_CONTEXT ( ( #1632, #912, #871 ) ) REPRESENTATION_CONTEXT ( 'NONE', 'WORKASPACE' ) );
#1052 = AXIS2_PLACEMENT_3D ( 'NONE', #3090, #1112, #2351 ) ;
#1053 = CARTESIAN_POINT ( 'NONE',  ( -2.168399959374250730E-16, -5.362499998634405962, -3.541265875000000563 ) ) ;
#1054 = CARTESIAN_POINT ( 'NONE',  ( 5.510910596163089556E-16, -3.550000000000000266, 3.000000000000000444 ) ) ;
#1055 = ORIENTED_EDGE ( 'NONE', *, *, #1555, .T. ) ;
#1056 = CARTESIAN_POINT ( 'NONE',  ( 0.000000000000000000, 0.5999999999999460210, 0.000000000000000000 ) ) ;
#1057 = CARTESIAN_POINT ( 'NONE',  ( -0.5234957787965369702, 220.0000000000000284, 1.947945349162212514 ) ) ;
#1058 = EDGE_CURVE ( 'NONE', #3104, #1413, #1499, .T. ) ;
#1059 = DIRECTION ( 'NONE',  ( -1.224646799147353207E-16, 0.000000000000000000, -1.000000000000000000 ) ) ;
#1060 = CARTESIAN_POINT ( 'NONE',  ( 1.466840353394027963, 1.200000001365593150, 3.541265875000000563 ) ) ;
#1061 = CARTESIAN_POINT ( 'NONE',  ( 0.5373174335542220126, 0.2000000000000002609, -3.011690163838865786 ) ) ;
#1062 = CARTESIAN_POINT ( 'NONE',  ( 3.541265875000001007, 2.200000001365593150, 1.466840353394025298 ) ) ;
#1063 = CARTESIAN_POINT ( 'NONE',  ( -2.999999999999999556, -0.4874999972688132677, 1.242640687119287657 ) ) ;
#1064 = FACE_BOUND ( 'NONE', #1876, .T. ) ;
#1065 = CARTESIAN_POINT ( 'NONE',  ( 6.505199878122751944E-16, -5.862499998634405962, 3.541265875000000563 ) ) ;
#1066 = ORIENTED_EDGE ( 'NONE', *, *, #465, .T. ) ;
#1067 = CARTESIAN_POINT ( 'NONE',  ( -2.168399959374250730E-16, 3.512500001365593594, -3.541265875000000563 ) ) ;
#1068 = AXIS2_PLACEMENT_3D ( 'NONE', #3053, #766, #1795 ) ;
#1069 = CARTESIAN_POINT ( 'NONE',  ( -1.242640687119286103, -2.612500000000000266, 3.000000000000000444 ) ) ;
#1070 = VECTOR ( 'NONE', #1908, 1000.000000000000114 ) ;
#1071 = ORIENTED_EDGE ( 'NONE', *, *, #108, .T. ) ;
#1072 = UNCERTAINTY_MEASURE_WITH_UNIT (LENGTH_MEASURE( 1.000000000000000082E-05 ), #2431, 'distance_accuracy_value', 'NONE');
#1073 = FILL_AREA_STYLE_COLOUR ( '', #980 ) ;
#1074 = CARTESIAN_POINT ( 'NONE',  ( 5.510910596163089556E-16, 2.700000002731187010, 3.000000000000000444 ) ) ;
#1075 = EDGE_LOOP ( 'NONE', ( #1977, #1716, #975, #2177 ) ) ;
#1076 = CARTESIAN_POINT ( 'NONE',  ( -3.999999999999992895, 220.0000000000000284, -0.5235987537816768622 ) ) ;
#1077 = CARTESIAN_POINT ( 'NONE',  ( -1.836970198721030181E-16, 0.9499999999999995115, -3.000000000000000444 ) ) ;
#1078 = CIRCLE ( 'NONE', #2939, 4.985235341598960090 ) ;
#1079 = CARTESIAN_POINT ( 'NONE',  ( 2.121320343559642829, 2.824999999999999734, -2.121320343559642829 ) ) ;
#1080 = DIRECTION ( 'NONE',  ( -0.000000000000000000, 1.000000000000000000, -0.000000000000000000 ) ) ;
#1081 = CARTESIAN_POINT ( 'NONE',  ( -3.541265875000000118, -0.1749999986344068226, 1.466840353394028629 ) ) ;
#1082 = CARTESIAN_POINT ( 'NONE',  ( 1.242640687119287213, -5.237499997268813878, 2.999999999999999556 ) ) ;
#1083 = CARTESIAN_POINT ( 'NONE',  ( 0.000000000000000000, 4.200000000000000178, 0.000000000000000000 ) ) ;
#1084 = CARTESIAN_POINT ( 'NONE',  ( -2.504053114197012597, -3.987499998634406406, 2.504053114197013929 ) ) ;
#1085 = CARTESIAN_POINT ( 'NONE',  ( -3.541265875000000118, -2.174999998634407294, 1.466840353394028629 ) ) ;
#1086 = VECTOR ( 'NONE', #1954, 1000.000000000000000 ) ;
#1087 = EDGE_CURVE ( 'NONE', #1907, #1495, #2574, .T. ) ;
#1088 = CARTESIAN_POINT ( 'NONE',  ( 1.242640687119287213, -4.487500000000000711, 2.999999999999999556 ) ) ;
#1089 = ORIENTED_EDGE ( 'NONE', *, *, #2830, .T. ) ;
#1090 =( BOUNDED_CURVE ( )  B_SPLINE_CURVE ( 2, ( #2907, #616, #1654, #2654, #130, #1172, #2904, #2970, #2724 ),
 .UNSPECIFIED., .F., .F. ) 
 B_SPLINE_CURVE_WITH_KNOTS ( ( 3, 2, 2, 2, 3 ),
 ( 0.1250000000000000278, 0.1375000000000000389, 0.1500000000000000222, 0.1625000000000000333, 0.1750000000000000167 ),
 .UNSPECIFIED. ) 
 CURVE ( )  GEOMETRIC_REPRESENTATION_ITEM ( )  RATIONAL_B_SPLINE_CURVE ( ( 0.9999999999999997780, 0.9238795325112869605, 1.000000000000000000, 0.9238795325112867385, 1.000000000000000000, 0.9238795325112867385, 1.000000000000000000, 0.9238795325112865164, 1.000000000000000222 ) ) 
 REPRESENTATION_ITEM ( '' )  );
#1091 =( LENGTH_UNIT ( ) NAMED_UNIT ( * ) SI_UNIT ( .MILLI., .METRE. ) );
#1092 = CARTESIAN_POINT ( 'NONE',  ( 5.510910596163089556E-16, 0.4499999999999999001, 3.000000000000000444 ) ) ;
#1093 = CARTESIAN_POINT ( 'NONE',  ( -2.000000000000007105, 220.0000000000000284, -0.2617993768908397634 ) ) ;
#1094 = CARTESIAN_POINT ( 'NONE',  ( 1.242640687119285658, 0.8874999999999999556, -3.000000000000000888 ) ) ;
#1095 = CARTESIAN_POINT ( 'NONE',  ( 3.541265875000001007, -0.6749999986344064062, 1.466840353394025298 ) ) ;
#1096 = CARTESIAN_POINT ( 'NONE',  ( -1.229093447663165639, 220.0000000000000284, 1.599333677083034422 ) ) ;
#1097 = CARTESIAN_POINT ( 'NONE',  ( -3.541265875000000118, 2.700000001365594038, -1.466840353394025964 ) ) ;
#1098 = CARTESIAN_POINT ( 'NONE',  ( -1.242640687119285658, -2.737499997268813878, -3.000000000000001332 ) ) ;
#1099 = FACE_OUTER_BOUND ( 'NONE', #395, .T. ) ;
#1100 = CARTESIAN_POINT ( 'NONE',  ( 0.000000000000000000, 2.970869745325647848, 0.000000000000000000 ) ) ;
#1101 = EDGE_LOOP ( 'NONE', ( #1186, #2723, #1460, #321 ) ) ;
#1102 = CARTESIAN_POINT ( 'NONE',  ( -1.466840353394025964, 0.5750000013655931497, -3.541265875000000118 ) ) ;
#1103 = EDGE_CURVE ( 'NONE', #2210, #3015, #398, .T. ) ;
#1104 = MECHANICAL_DESIGN_GEOMETRIC_PRESENTATION_REPRESENTATION (  '', ( #887 ), #1800 ) ;
#1105 = CARTESIAN_POINT ( 'NONE',  ( 2.121320343559643273, -5.424999999999999822, 2.121320343559642829 ) ) ;
#1106 = ORIENTED_EDGE ( 'NONE', *, *, #2155, .F. ) ;
#1107 = FILL_AREA_STYLE_COLOUR ( '', #574 ) ;
#1108 = AXIS2_PLACEMENT_3D ( 'NONE', #1083, #552, #1851 ) ;
#1109 = CARTESIAN_POINT ( 'NONE',  ( 2.014475921483601439, 218.9999999999999716, -3.495145553417038364 ) ) ;
#1110 = CARTESIAN_POINT ( 'NONE',  ( -3.895890698324415258, 219.0000000000000284, -1.046991557593041078 ) ) ;
#1111 = CARTESIAN_POINT ( 'NONE',  ( -1.836970198721030181E-16, 0.9499999999999995115, -3.000000000000000444 ) ) ;
#1112 = DIRECTION ( 'NONE',  ( 0.8660254037844387076, -0.000000000000000000, 0.4999999999999998335 ) ) ;
#1113 = CARTESIAN_POINT ( 'NONE',  ( 1.466840353394025964, 0.5750000013655933717, -3.541265875000000118 ) ) ;
#1114 = CARTESIAN_POINT ( 'NONE',  ( -1.947945349162186535, 220.0000000000000284, 0.5234957787965311971 ) ) ;
#1115 = CARTESIAN_POINT ( 'NONE',  ( 3.000000000000000444, 3.699999999999999734, -3.673940397442060361E-16 ) ) ;
#1116 = CARTESIAN_POINT ( 'NONE',  ( -3.541265875000000118, 0.8250000013655933717, 1.466840353394028629 ) ) ;
#1117 = CARTESIAN_POINT ( 'NONE',  ( -1.242640687119285658, -1.737499997268813434, -3.000000000000001332 ) ) ;
#1118 = SURFACE_STYLE_USAGE ( .BOTH. , #1351 ) ;
#1119 = DIRECTION ( 'NONE',  ( 0.000000000000000000, 0.000000000000000000, -1.000000000000000000 ) ) ;
#1120 = VERTEX_POINT ( 'NONE', #1739 ) ;
#1121 = CARTESIAN_POINT ( 'NONE',  ( -3.541265875000000118, -1.174999998634407072, 1.466840353394028629 ) ) ;
#1122 = CARTESIAN_POINT ( 'NONE',  ( -3.541265875000000118, 0.8250000013655933717, -1.466840353394025964 ) ) ;
#1123 = ORIENTED_EDGE ( 'NONE', *, *, #334, .T. ) ;
#1124 = FACE_OUTER_BOUND ( 'NONE', #2092, .T. ) ;
#1125 = AXIS2_PLACEMENT_3D ( 'NONE', #3071, #3101, #1793 ) ;
#1126 = ADVANCED_FACE ( 'NONE', ( #1175 ), #442, .F. ) ;
#1127 =( NAMED_UNIT ( * ) PLANE_ANGLE_UNIT ( ) SI_UNIT ( $, .RADIAN. ) );
#1128 = LINE ( 'NONE', #648, #1154 ) ;
#1129 = CARTESIAN_POINT ( 'NONE',  ( -2.168399959374250730E-16, -0.3624999986344070169, -3.541265875000000563 ) ) ;
#1130 = CARTESIAN_POINT ( 'NONE',  ( -1.046991557593058841, 220.0000000000000284, -3.895890698324460111 ) ) ;
#1131 = CARTESIAN_POINT ( 'NONE',  ( 3.541265875000000118, -2.674999998634408183, -1.466840353394025964 ) ) ;
#1132 = CARTESIAN_POINT ( 'NONE',  ( -1.242640687119285658, -4.737499997268813878, -3.000000000000001332 ) ) ;
#1133 = CARTESIAN_POINT ( 'NONE',  ( 1.999928666490459861, 220.0000000000000284, 0.2610777017253978483 ) ) ;
#1134 = DIRECTION ( 'NONE',  ( 0.000000000000000000, 0.000000000000000000, -1.000000000000000000 ) ) ;
#1135 = CARTESIAN_POINT ( 'NONE',  ( 3.541265875000001007, 0.2000000013655930942, 1.466840353394025298 ) ) ;
#1136 = CARTESIAN_POINT ( 'NONE',  ( 2.504053114197013041, 2.512500001365593594, -2.504053114197013485 ) ) ;
#1137 = ORIENTED_EDGE ( 'NONE', *, *, #856, .F. ) ;
#1138 = CARTESIAN_POINT ( 'NONE',  ( 4.898587196589413075E-17, 4.200000000000000178, 0.4000000000000000222 ) ) ;
#1139 = TOROIDAL_SURFACE ( 'NONE', #2947, 4.800000000000000711, 0.2000000000000000111 ) ;
#1140 = SURFACE_STYLE_FILL_AREA ( #2464 ) ;
#1141 = CARTESIAN_POINT ( 'NONE',  ( -3.000000000000000888, 3.387500002731186566, -1.242640687119285658 ) ) ;
#1142 = CARTESIAN_POINT ( 'NONE',  ( -3.270632937500000281, 3.606250002048390080, 0.000000000000000000 ) ) ;
#1143 = CARTESIAN_POINT ( 'NONE',  ( -3.541265875000000118, -1.049999998634406628, 1.466840353394028629 ) ) ;
#1144 = CARTESIAN_POINT ( 'NONE',  ( 0.000000000000000000, 220.0000000000000284, 3.999999999999992895 ) ) ;
#1145 = CARTESIAN_POINT ( 'NONE',  ( -3.541265875000000118, -1.299999998634407294, -1.466840353394025964 ) ) ;
#1146 = CARTESIAN_POINT ( 'NONE',  ( 2.121320343559642829, -3.924999997268813878, -2.121320343559642829 ) ) ;
#1147 = CARTESIAN_POINT ( 'NONE',  ( 0.5241352215590020514, 220.0000000000000853, 1.947603272463303670 ) ) ;
#1148 = EDGE_CURVE ( 'NONE', #2249, #884, #124, .T. ) ;
#1149 = CARTESIAN_POINT ( 'NONE',  ( 3.541265875000000118, 0.3250000013655931497, -1.466840353394025964 ) ) ;
#1150 = CARTESIAN_POINT ( 'NONE',  ( -2.504053114197013485, 1.762500001365593150, -2.504053114197013485 ) ) ;
#1151 = ORIENTED_EDGE ( 'NONE', *, *, #3300, .T. ) ;
#1152 = CARTESIAN_POINT ( 'NONE',  ( 5.510910596163089556E-16, 3.449999999999999734, 3.000000000000000444 ) ) ;
#1153 = COLOUR_RGB ( '',1.000000000000000000, 0.8666666666666666963, 0.5294117647058823595 ) ;
#1154 = VECTOR ( 'NONE', #3160, 1000.000000000000000 ) ;
#1155 = CARTESIAN_POINT ( 'NONE',  ( 5.159799029508471937E-16, 219.0000000000000284, -4.000000000000007105 ) ) ;
#1156 = VERTEX_POINT ( 'NONE', #815 ) ;
#1157 = DIRECTION ( 'NONE',  ( 0.000000000000000000, 0.000000000000000000, 1.000000000000000000 ) ) ;
#1158 = CARTESIAN_POINT ( 'NONE',  ( -3.495145561765887088, 219.0000000000000284, -2.014475901327692497 ) ) ;
#1159 = DIRECTION ( 'NONE',  ( 0.000000000000000000, 0.000000000000000000, 1.000000000000000000 ) ) ;
#1160 = AXIS2_PLACEMENT_3D ( 'NONE', #2917, #622, #1403 ) ;
#1161 = CARTESIAN_POINT ( 'NONE',  ( -1.466840353394026408, -2.924999998634406850, 3.541265875000000118 ) ) ;
#1162 = CARTESIAN_POINT ( 'NONE',  ( 0.5235987537816848558, 219.0000000000000284, -4.000000000000007105 ) ) ;
#1163 = CARTESIAN_POINT ( 'NONE',  ( -3.541265875000000118, -5.174999998634406850, 1.466840353394028629 ) ) ;
#1164 = CARTESIAN_POINT ( 'NONE',  ( 1.242640687119285658, -5.862499997268812102, -3.000000000000001332 ) ) ;
#1165 = CARTESIAN_POINT ( 'NONE',  ( -1.999928666490564444, 220.0000000000000284, -0.2610777017259089949 ) ) ;
#1166 = ADVANCED_FACE ( 'NONE', ( #1260 ), #1325, .T. ) ;
#1167 = CARTESIAN_POINT ( 'NONE',  ( 1.242640687119285658, 3.137500002731187010, -3.000000000000001332 ) ) ;
#1168 = CARTESIAN_POINT ( 'NONE',  ( -2.168399959374250730E-16, 0.6375000013655930386, -3.541265875000000563 ) ) ;
#1169 = ORIENTED_EDGE ( 'NONE', *, *, #2439, .F. ) ;
#1170 = CARTESIAN_POINT ( 'NONE',  ( -1.242640687119283438, 2.262500002731186566, -3.000000000000002665 ) ) ;
#1171 = ORIENTED_EDGE ( 'NONE', *, *, #465, .F. ) ;
#1172 = CARTESIAN_POINT ( 'NONE',  ( 3.000000000000001776, 1.887500002731186566, 1.242640687119285214 ) ) ;
#1173 = MECHANICAL_DESIGN_GEOMETRIC_PRESENTATION_REPRESENTATION (  '', ( #1338 ), #479 ) ;
#1174 = CARTESIAN_POINT ( 'NONE',  ( 1.242640687119287213, 0.5124999999999995115, 2.999999999999999556 ) ) ;
#1175 = FACE_OUTER_BOUND ( 'NONE', #362, .T. ) ;
#1176 = CARTESIAN_POINT ( 'NONE',  ( 2.504053114197013041, -2.612499998634407294, -2.504053114197013485 ) ) ;
#1177 = CARTESIAN_POINT ( 'NONE',  ( 3.000000000000001332, -5.987499997268812990, -1.242640687119285881 ) ) ;
#1178 = CARTESIAN_POINT ( 'NONE',  ( 0.000000000000000000, 21.43505856806114096, 0.000000000000000000 ) ) ;
#1179 = CARTESIAN_POINT ( 'NONE',  ( -3.000000000000000888, 4.137499999999999289, -1.242640687119285658 ) ) ;
#1180 = CARTESIAN_POINT ( 'NONE',  ( 5.510910596163089556E-16, 2.700000002731187010, 3.000000000000000444 ) ) ;
#1181 = EDGE_CURVE ( 'NONE', #2075, #230, #2013, .T. ) ;
#1182 = CARTESIAN_POINT ( 'NONE',  ( -3.541265875000000563, 2.887500001365593150, 0.000000000000000000 ) ) ;
#1183 = VERTEX_POINT ( 'NONE', #2269 ) ;
#1184 = DIRECTION ( 'NONE',  ( 0.000000000000000000, 0.000000000000000000, 1.000000000000000000 ) ) ;
#1185 = SURFACE_STYLE_USAGE ( .BOTH. , #2248 ) ;
#1186 = ORIENTED_EDGE ( 'NONE', *, *, #829, .F. ) ;
#1187 = CARTESIAN_POINT ( 'NONE',  ( 5.159799029508471937E-16, 219.0000000000000284, -4.000000000000007105 ) ) ;
#1188 = CARTESIAN_POINT ( 'NONE',  ( -1.466840353394026630, 1.950000001365593372, 3.541265875000000563 ) ) ;
#1189 = CARTESIAN_POINT ( 'NONE',  ( 1.242640687119285658, -0.1125000000000006412, -3.000000000000001332 ) ) ;
#1190 = CARTESIAN_POINT ( 'NONE',  ( -1.836970198721030181E-16, 3.200000002731186566, -3.000000000000000444 ) ) ;
#1191 = CARTESIAN_POINT ( 'NONE',  ( 2.504053114197013929, -1.862499998634406628, 2.504053114197013041 ) ) ;
#1192 = CARTESIAN_POINT ( 'NONE',  ( 1.097475130312113745, 0.1999999999999999833, 3.355103958773269834 ) ) ;
#1193 =( BOUNDED_CURVE ( )  B_SPLINE_CURVE ( 2, ( #1896, #1141, #2942, #3142, #2152 ),
 .UNSPECIFIED., .F., .F. ) 
 B_SPLINE_CURVE_WITH_KNOTS ( ( 3, 2, 3 ),
 ( 0.000000000000000000, 0.01250000000000001110, 0.02500000000000002220 ),
 .UNSPECIFIED. ) 
 CURVE ( )  GEOMETRIC_REPRESENTATION_ITEM ( )  RATIONAL_B_SPLINE_CURVE ( ( 1.000000000000000000, 0.9238795325112867385, 1.000000000000000000, 0.9238795325112866275, 1.000000000000000222 ) ) 
 REPRESENTATION_ITEM ( '' )  );
#1194 = CARTESIAN_POINT ( 'NONE',  ( -1.947603272463414914, 220.0000000000000284, 0.5241352215585668439 ) ) ;
#1195 = AXIS2_PLACEMENT_3D ( 'NONE', #473, #2779, #3292 ) ;
#1196 = CARTESIAN_POINT ( 'NONE',  ( -2.999999999999999556, 1.512500002731187010, 1.242640687119287657 ) ) ;
#1197 = CARTESIAN_POINT ( 'NONE',  ( -2.504053114197013485, -4.362499998634406850, -2.504053114197013485 ) ) ;
#1198 = CARTESIAN_POINT ( 'NONE',  ( -2.168399959374250730E-16, -3.362499998634406850, -3.541265875000000563 ) ) ;
#1199 = ORIENTED_EDGE ( 'NONE', *, *, #424, .F. ) ;
#1200 = SURFACE_SIDE_STYLE ('',( #1474 ) ) ;
#1201 = ORIENTED_EDGE ( 'NONE', *, *, #1411, .T. ) ;
#1202 = LINE ( 'NONE', #1949, #669 ) ;
#1203 = CARTESIAN_POINT ( 'NONE',  ( 3.541265875000001451, 3.200000001365593150, 1.466840353394025298 ) ) ;
#1204 = VECTOR ( 'NONE', #2184, 1000.000000000000000 ) ;
#1205 =( GEOMETRIC_REPRESENTATION_CONTEXT ( 3 ) GLOBAL_UNCERTAINTY_ASSIGNED_CONTEXT ( ( #1408 ) ) GLOBAL_UNIT_ASSIGNED_CONTEXT ( ( #2142, #880, #120 ) ) REPRESENTATION_CONTEXT ( 'NONE', 'WORKASPACE' ) );
#1206 = CARTESIAN_POINT ( 'NONE',  ( -3.000000000000001332, -0.8625000000000003775, -1.242640687119285658 ) ) ;
#1207 = DIRECTION ( 'NONE',  ( -0.000000000000000000, 1.000000000000000000, -0.000000000000000000 ) ) ;
#1208 = VECTOR ( 'NONE', #751, 1000.000000000000000 ) ;
#1209 = CARTESIAN_POINT ( 'NONE',  ( 0.000000000000000000, 0.2000000000000057288, 0.000000000000000000 ) ) ;
#1210 = CARTESIAN_POINT ( 'NONE',  ( 4.618802153517006737, 0.2000000000000000111, 2.620035909067791980E-17 ) ) ;
#1211 = PRESENTATION_LAYER_ASSIGNMENT (  '', '', ( #2216 ) ) ;
#1212 = DIRECTION ( 'NONE',  ( 0.000000000000000000, 0.000000000000000000, -1.000000000000000000 ) ) ;
#1213 = CARTESIAN_POINT ( 'NONE',  ( 2.504053114197013929, -4.737499998634406850, 2.504053114197013041 ) ) ;
#1214 = CARTESIAN_POINT ( 'NONE',  ( 3.541265875000001007, -5.799999998634405962, 1.466840353394025298 ) ) ;
#1215 = CARTESIAN_POINT ( 'NONE',  ( 2.504053114197013929, -2.737499998634406406, 2.504053114197013041 ) ) ;
#1216 = SURFACE_STYLE_USAGE ( .BOTH. , #3014 ) ;
#1217 = ORIENTED_EDGE ( 'NONE', *, *, #643, .F. ) ;
#1218 = CARTESIAN_POINT ( 'NONE',  ( 0.000000000000000000, 21.43505856806114096, 0.000000000000000000 ) ) ;
#1219 = CARTESIAN_POINT ( 'NONE',  ( -2.168399959374250730E-16, 3.637500001365593594, -3.541265875000000563 ) ) ;
#1220 = ORIENTED_EDGE ( 'NONE', *, *, #1087, .T. ) ;
#1221 = CARTESIAN_POINT ( 'NONE',  ( 2.504053114197013041, 1.387500001365593150, -2.504053114197013485 ) ) ;
#1222 = CARTESIAN_POINT ( 'NONE',  ( 3.541265875000000563, 2.262500001365593150, -4.336799918748501460E-16 ) ) ;
#1223 = ADVANCED_FACE ( 'NONE', ( #1044 ), #1013, .T. ) ;
#1224 = EDGE_CURVE ( 'NONE', #776, #2009, #3041, .T. ) ;
#1225 = CARTESIAN_POINT ( 'NONE',  ( -2.121320343559642385, -0.6750000000000002665, 2.121320343559643273 ) ) ;
#1226 = DIRECTION ( 'NONE',  ( -0.000000000000000000, 1.000000000000000000, -0.000000000000000000 ) ) ;
#1227 = CARTESIAN_POINT ( 'NONE',  ( 0.000000000000000000, 21.77842320233586193, 4.000000000000007105 ) ) ;
#1228 = CARTESIAN_POINT ( 'NONE',  ( 5.510910596163089556E-16, -6.299999997268812990, 3.000000000000000444 ) ) ;
#1229 = SURFACE_STYLE_USAGE ( .BOTH. , #1534 ) ;
#1230 = MECHANICAL_DESIGN_GEOMETRIC_PRESENTATION_REPRESENTATION (  '', ( #261 ), #2662 ) ;
#1231 = CARTESIAN_POINT ( 'NONE',  ( 6.505199878122751944E-16, 3.137500001365593150, 3.541265875000000563 ) ) ;
#1232 = CARTESIAN_POINT ( 'NONE',  ( 1.466840353394027963, -4.799999998634407739, 3.541265875000000118 ) ) ;
#1233 = CARTESIAN_POINT ( 'NONE',  ( -3.541265875000000118, -3.299999998634406850, -1.466840353394025964 ) ) ;
#1234 = CARTESIAN_POINT ( 'NONE',  ( -3.541265875000000118, -1.049999998634406628, 1.466840353394028629 ) ) ;
#1235 = DIRECTION ( 'NONE',  ( 1.000000000000000000, 0.000000000000000000, -0.000000000000000000 ) ) ;
#1236 = EDGE_LOOP ( 'NONE', ( #711, #2671, #1066, #1981 ) ) ;
#1237 =( NAMED_UNIT ( * ) SI_UNIT ( $, .STERADIAN. ) SOLID_ANGLE_UNIT ( ) );
#1238 = AXIS2_PLACEMENT_3D ( 'NONE', #783, #2314, #2519 ) ;
#1239 = CARTESIAN_POINT ( 'NONE',  ( 1.466840353394025964, 3.575000001365593150, -3.541265875000000118 ) ) ;
#1240 = ORIENTED_EDGE ( 'NONE', *, *, #2954, .F. ) ;
#1241 = CARTESIAN_POINT ( 'NONE',  ( 2.504053114197013041, 2.387500001365593150, -2.504053114197013485 ) ) ;
#1242 = CARTESIAN_POINT ( 'NONE',  ( -3.541265875000000563, 2.825000001365593150, 1.466840353394028629 ) ) ;
#1243 = CARTESIAN_POINT ( 'NONE',  ( -1.046991557593089706, 219.0000000000000284, 3.895890698324395274 ) ) ;
#1244 =( GEOMETRIC_REPRESENTATION_CONTEXT ( 3 ) GLOBAL_UNCERTAINTY_ASSIGNED_CONTEXT ( ( #396 ) ) GLOBAL_UNIT_ASSIGNED_CONTEXT ( ( #2312, #265, #1531 ) ) REPRESENTATION_CONTEXT ( 'NONE', 'WORKASPACE' ) );
#1245 = CARTESIAN_POINT ( 'NONE',  ( 0.000000000000000000, 10.17136487743051987, -4.985235341598959202 ) ) ;
#1246 = EDGE_CURVE ( 'NONE', #2361, #1623, #2742, .T. ) ;
#1247 = PRESENTATION_STYLE_ASSIGNMENT (( #768 ) ) ;
#1248 = PRESENTATION_STYLE_ASSIGNMENT (( #1229 ) ) ;
#1249 = CARTESIAN_POINT ( 'NONE',  ( 0.000000000000000000, 4.200000000000000178, -0.4000000000000000222 ) ) ;
#1250 = CARTESIAN_POINT ( 'NONE',  ( 3.541265875000000563, -5.612499998634405962, -4.336799918748501460E-16 ) ) ;
#1251 = CARTESIAN_POINT ( 'NONE',  ( -2.999999999999999556, 0.5125000027311867878, 1.242640687119287657 ) ) ;
#1252 = COLOUR_RGB ( '',0.2509803921568627416, 0.2509803921568627416, 0.2509803921568627416 ) ;
#1253 = CARTESIAN_POINT ( 'NONE',  ( -1.466840353394025964, -1.299999998634407294, -3.541265875000000118 ) ) ;
#1254 = CARTESIAN_POINT ( 'NONE',  ( 2.959633987102116226, 0.2000000000000000944, -1.492662634186700865 ) ) ;
#1255 = VERTEX_POINT ( 'NONE', #1 ) ;
#1256 = PRESENTATION_STYLE_ASSIGNMENT (( #2999 ) ) ;
#1257 = CARTESIAN_POINT ( 'NONE',  ( -1.466840353394026408, 3.075000001365593150, 3.541265875000000118 ) ) ;
#1258 = VERTEX_POINT ( 'NONE', #2333 ) ;
#1259 = CARTESIAN_POINT ( 'NONE',  ( 0.000000000000000000, 3.056619037896890489, 0.000000000000000000 ) ) ;
#1260 = FACE_OUTER_BOUND ( 'NONE', #2651, .T. ) ;
#1261 = CARTESIAN_POINT ( 'NONE',  ( 0.2617993768908346564, 220.0000000000000284, 2.000000000000007105 ) ) ;
#1262 = CARTESIAN_POINT ( 'NONE',  ( -2.602127543940528476, 0.1999999999999997335, 1.813629208964093076 ) ) ;
#1263 = CARTESIAN_POINT ( 'NONE',  ( -1.242640687119286103, 0.6375000027311868989, 2.999999999999999556 ) ) ;
#1264 =( GEOMETRIC_REPRESENTATION_CONTEXT ( 3 ) GLOBAL_UNCERTAINTY_ASSIGNED_CONTEXT ( ( #359 ) ) GLOBAL_UNIT_ASSIGNED_CONTEXT ( ( #2567, #3108, #1551 ) ) REPRESENTATION_CONTEXT ( 'NONE', 'WORKASPACE' ) );
#1265 = CARTESIAN_POINT ( 'NONE',  ( 3.541265875000000563, 3.387500001365593150, -4.336799918748501460E-16 ) ) ;
#1266 = AXIS2_PLACEMENT_3D ( 'NONE', #97, #366, #893 ) ;
#1267 = CARTESIAN_POINT ( 'NONE',  ( 1.466840353394027963, 3.075000001365593150, 3.541265875000000118 ) ) ;
#1268 = CARTESIAN_POINT ( 'NONE',  ( -1.242640687119285658, 0.2625000027311865103, -3.000000000000001332 ) ) ;
#1269 =( GEOMETRIC_REPRESENTATION_CONTEXT ( 3 ) GLOBAL_UNCERTAINTY_ASSIGNED_CONTEXT ( ( #1043 ) ) GLOBAL_UNIT_ASSIGNED_CONTEXT ( ( #1443, #3231, #806 ) ) REPRESENTATION_CONTEXT ( 'NONE', 'WORKASPACE' ) );
#1270 = CARTESIAN_POINT ( 'NONE',  ( 3.541265875000000118, -3.549999998634407294, -1.466840353394025964 ) ) ;
#1271 = ORIENTED_EDGE ( 'NONE', *, *, #3300, .F. ) ;
#1272 = CARTESIAN_POINT ( 'NONE',  ( -2.121320343559642829, 3.074999999999999734, -2.121320343559642829 ) ) ;
#1273 = CARTESIAN_POINT ( 'NONE',  ( -3.541265875000000118, 0.9500000013655933717, 1.466840353394028629 ) ) ;
#1274 = ORIENTED_EDGE ( 'NONE', *, *, #491, .T. ) ;
#1275 = UNCERTAINTY_MEASURE_WITH_UNIT (LENGTH_MEASURE( 1.000000000000000082E-05 ), #2229, 'distance_accuracy_value', 'NONE');
#1276 =( NAMED_UNIT ( * ) SI_UNIT ( $, .STERADIAN. ) SOLID_ANGLE_UNIT ( ) );
#1277 = LINE ( 'NONE', #515, #2915 ) ;
#1278 = DIRECTION ( 'NONE',  ( 1.050125966765347795E-16, 0.5144957554275518818, -0.8574929257125289972 ) ) ;
#1279 = CARTESIAN_POINT ( 'NONE',  ( -0.7580374523174447932, 0.2000000000000000389, 3.296734414107771016 ) ) ;
#1280 =( NAMED_UNIT ( * ) PLANE_ANGLE_UNIT ( ) SI_UNIT ( $, .RADIAN. ) );
#1281 = CARTESIAN_POINT ( 'NONE',  ( 3.541265875000000563, 0.4500000013655932052, -1.466840353394025964 ) ) ;
#1282 = CARTESIAN_POINT ( 'NONE',  ( 1.466840353394025964, -5.424999998634405962, -3.541265875000000118 ) ) ;
#1283 = CARTESIAN_POINT ( 'NONE',  ( -2.121320343559642385, -0.4249999972688132122, 2.121320343559643273 ) ) ;
#1284 = CIRCLE ( 'NONE', #1724, 5.000000000000000000 ) ;
#1285 = CARTESIAN_POINT ( 'NONE',  ( -3.541265875000000118, -4.049999998634406850, 1.466840353394028629 ) ) ;
#1286 = EDGE_LOOP ( 'NONE', ( #94, #2802, #953, #2664 ) ) ;
#1287 = CARTESIAN_POINT ( 'NONE',  ( -1.836970198721030181E-16, 0.9499999999999995115, -3.000000000000000444 ) ) ;
#1288 = CARTESIAN_POINT ( 'NONE',  ( -3.541265875000000118, 2.825000001365594038, -1.466840353394025964 ) ) ;
#1289 = ORIENTED_EDGE ( 'NONE', *, *, #339, .F. ) ;
#1290 = DIRECTION ( 'NONE',  ( 0.000000000000000000, 0.000000000000000000, 1.000000000000000000 ) ) ;
#1291 = EDGE_CURVE ( 'NONE', #1960, #1541, #545, .T. ) ;
#1292 = CARTESIAN_POINT ( 'NONE',  ( -2.309401076758504257, 0.2000000000000000111, -4.000000000000000000 ) ) ;
#1293 = CARTESIAN_POINT ( 'NONE',  ( -2.309401076758504257, 0.000000000000000000, -4.000000000000000000 ) ) ;
#1294 = CARTESIAN_POINT ( 'NONE',  ( 1.046991557593069722, 220.0000000000000284, -3.895890698324454338 ) ) ;
#1295 = CARTESIAN_POINT ( 'NONE',  ( 1.747572780882962640, 220.0000000000000284, 1.007237950663849801 ) ) ;
#1296 = CARTESIAN_POINT ( 'NONE',  ( 6.505199878122751944E-16, -0.9874999986344067393, 3.541265875000000563 ) ) ;
#1297 = CARTESIAN_POINT ( 'NONE',  ( 2.121320343559643273, -0.1749999972688134342, 2.121320343559642829 ) ) ;
#1298 = CARTESIAN_POINT ( 'NONE',  ( 2.504053114197013041, -5.487499998634405962, -2.504053114197013485 ) ) ;
#1299 = VERTEX_POINT ( 'NONE', #1074 ) ;
#1300 =( LENGTH_UNIT ( ) NAMED_UNIT ( * ) SI_UNIT ( .MILLI., .METRE. ) );
#1301 =( BOUNDED_CURVE ( )  B_SPLINE_CURVE ( 2, ( #1969, #1263, #2239, #2017, #754, #3259, #1988, #720, #218 ),
 .UNSPECIFIED., .F., .F. ) 
 B_SPLINE_CURVE_WITH_KNOTS ( ( 3, 2, 2, 2, 3 ),
 ( 0.2750000000000000222, 0.2874999999999999778, 0.2999999999999999889, 0.3125000000000000000, 0.3250000002956214828 ),
 .UNSPECIFIED. ) 
 CURVE ( )  GEOMETRIC_REPRESENTATION_ITEM ( )  RATIONAL_B_SPLINE_CURVE ( ( 1.000000000000000000, 0.9238795325112867385, 1.000000000000000000, 0.9238795325112867385, 1.000000000000000000, 0.9238795325112867385, 1.000000000000000000, 0.9238795325112867385, 1.000000000000000000 ) ) 
 REPRESENTATION_ITEM ( '' )  );
#1302 = AXIS2_PLACEMENT_3D ( 'NONE', #3073, #765, #48 ) ;
#1303 = CARTESIAN_POINT ( 'NONE',  ( 1.242640687119285658, -3.112500000000000266, -3.000000000000001332 ) ) ;
#1304 = EDGE_CURVE ( 'NONE', #2011, #65, #1547, .T. ) ;
#1305 = PRODUCT_DEFINITION_FORMATION_WITH_SPECIFIED_SOURCE ( 'Symmetric', '', #2964, .NOT_KNOWN. ) ;
#1306 = VERTEX_POINT ( 'NONE', #750 ) ;
#1307 = UNCERTAINTY_MEASURE_WITH_UNIT (LENGTH_MEASURE( 1.000000000000000082E-05 ), #957, 'distance_accuracy_value', 'NONE');
#1308 = EDGE_CURVE ( 'NONE', #1932, #1495, #2854, .T. ) ;
#1309 = CARTESIAN_POINT ( 'NONE',  ( 0.000000000000000000, 220.0000000000000284, 3.999999999999992895 ) ) ;
#1310 = CARTESIAN_POINT ( 'NONE',  ( 2.000000000000007105, 220.0000000000000284, -0.2617993768908425389 ) ) ;
#1311 = CARTESIAN_POINT ( 'NONE',  ( 0.000000000000000000, 220.0000000000000284, 5.000000000000000000 ) ) ;
#1312 = CARTESIAN_POINT ( 'NONE',  ( 3.541265875000000563, 1.262500001365593150, -4.336799918748501460E-16 ) ) ;
#1313 = CARTESIAN_POINT ( 'NONE',  ( -1.836970198721030181E-16, 2.200000002731186566, -3.000000000000000444 ) ) ;
#1314 = CARTESIAN_POINT ( 'NONE',  ( 6.105152504085427560E-16, 10.17136487743051987, 4.985235341598959202 ) ) ;
#1315 = CLOSED_SHELL ( 'NONE', ( #924, #1843, #2461, #2557, #522, #1951, #2624, #3140, #2539, #2894, #2024, #2582, #598, #1387, #54, #2920, #2047, #1967, #2393, #256, #605, #219, #1370, #2029, #3177, #2157, #903, #2131, #1223, #1166, #1644, #1126, #983, #944, #2089, #958, #3280, #1618, #2603, #2359, #1348, #1667, #37, #2579, #2417, #1498, #2313, #15, #3038, #1522, #360, #2992, #1455 ) ) ;
#1316 = AXIS2_PLACEMENT_3D ( 'NONE', #2700, #1467, #2930 ) ;
#1317 = CARTESIAN_POINT ( 'NONE',  ( -1.836970198721030181E-16, 1.200000002731186566, -3.000000000000000444 ) ) ;
#1318 = PLANE ( 'NONE',  #460 ) ;
#1319 = CARTESIAN_POINT ( 'NONE',  ( 1.466840353394027963, 2.075000001365593150, 3.541265875000000118 ) ) ;
#1320 = CIRCLE ( 'NONE', #1068, 4.800000000000000711 ) ;
#1321 = AXIS2_PLACEMENT_3D ( 'NONE', #423, #3226, #688 ) ;
#1322 = MECHANICAL_DESIGN_GEOMETRIC_PRESENTATION_REPRESENTATION (  '', ( #85 ), #3285 ) ;
#1323 = CARTESIAN_POINT ( 'NONE',  ( -3.000000000000001332, -3.862500000000000711, -1.242640687119285658 ) ) ;
#1324 = ORIENTED_EDGE ( 'NONE', *, *, #1663, .T. ) ;
#1325 = PLANE ( 'NONE',  #2305 ) ;
#1326 = CARTESIAN_POINT ( 'NONE',  ( -3.895890698324405932, 220.0000000000000284, -1.046991557593037525 ) ) ;
#1327 = CARTESIAN_POINT ( 'NONE',  ( -3.198667369592726573, 219.0000000000000568, 2.458186879899663335 ) ) ;
#1328 = FILL_AREA_STYLE_COLOUR ( '', #2102 ) ;
#1329 = CARTESIAN_POINT ( 'NONE',  ( -1.836970198721030181E-16, 2.949999999999999289, -3.000000000000000444 ) ) ;
#1330 = CARTESIAN_POINT ( 'NONE',  ( -1.466840353394026630, 2.075000001365593150, 3.541265875000000563 ) ) ;
#1331 =( NAMED_UNIT ( * ) PLANE_ANGLE_UNIT ( ) SI_UNIT ( $, .RADIAN. ) );
#1332 = CARTESIAN_POINT ( 'NONE',  ( 2.504053114197013929, 2.137500001365593150, 2.504053114197013041 ) ) ;
#1333 = CARTESIAN_POINT ( 'NONE',  ( 3.000000000000000444, -5.049999997268813878, -3.673940397442060361E-16 ) ) ;
#1334 = CYLINDRICAL_SURFACE ( 'NONE', #1433, 4.000000000000007105 ) ;
#1335 = CARTESIAN_POINT ( 'NONE',  ( -2.504053114197013485, -5.237499998634405962, -2.504053114197013485 ) ) ;
#1336 = DIRECTION ( 'NONE',  ( 0.000000000000000000, -1.000000000000000000, 0.000000000000000000 ) ) ;
#1337 = CARTESIAN_POINT ( 'NONE',  ( 1.466840353394025964, 3.450000001365593594, -3.541265875000000118 ) ) ;
#1338 = STYLED_ITEM ( 'NONE', ( #2897 ), #360 ) ;
#1339 = CARTESIAN_POINT ( 'NONE',  ( -1.242640687119285658, -3.987500000000000711, -3.000000000000001332 ) ) ;
#1340 = VERTEX_POINT ( 'NONE', #500 ) ;
#1341 = CARTESIAN_POINT ( 'NONE',  ( 5.510910596163089556E-16, 2.299999999999968736, -4.500000000000000888 ) ) ;
#1342 = SURFACE_STYLE_FILL_AREA ( #1862 ) ;
#1343 = CARTESIAN_POINT ( 'NONE',  ( 2.014475901327662744, 219.0000000000000284, -3.495145561765899522 ) ) ;
#1344 = CARTESIAN_POINT ( 'NONE',  ( -4.898587196589421703E-16, 219.0000000000000284, 4.000000000000007105 ) ) ;
#1345 = FILL_AREA_STYLE_COLOUR ( '', #1428 ) ;
#1346 = CARTESIAN_POINT ( 'NONE',  ( 1.466840353394025964, -1.424999998634407516, -3.541265875000000118 ) ) ;
#1347 = CARTESIAN_POINT ( 'NONE',  ( -1.007237950663839587, 220.0000000000000284, -1.747572780882951093 ) ) ;
#1348 = ADVANCED_FACE ( 'NONE', ( #2563 ), #2030, .F. ) ;
#1349 = CARTESIAN_POINT ( 'NONE',  ( -2.504053114197013485, 0.6375000013655930386, -2.504053114197013485 ) ) ;
#1350 = CARTESIAN_POINT ( 'NONE',  ( 1.242640687119287213, -4.237499997268812990, 2.999999999999999556 ) ) ;
#1351 = SURFACE_SIDE_STYLE ('',( #1888 ) ) ;
#1352 = CARTESIAN_POINT ( 'NONE',  ( -2.504053114197012597, -5.987499998634405962, 2.504053114197013929 ) ) ;
#1353 = ORIENTED_EDGE ( 'NONE', *, *, #2665, .T. ) ;
#1354 = CARTESIAN_POINT ( 'NONE',  ( 3.541265875000001007, -1.799999998634406406, 1.466840353394025298 ) ) ;
#1355 = CARTESIAN_POINT ( 'NONE',  ( 2.121320343559642829, -3.175000000000000711, -2.121320343559642829 ) ) ;
#1356 = ORIENTED_EDGE ( 'NONE', *, *, #2540, .T. ) ;
#1357 = CARTESIAN_POINT ( 'NONE',  ( 4.000000000000007105, 219.0000000000000568, -0.5235987755982993708 ) ) ;
#1358 = CARTESIAN_POINT ( 'NONE',  ( 3.495145561765905295, 220.0000000000000284, -2.014475901327694274 ) ) ;
#1359 = CARTESIAN_POINT ( 'NONE',  ( 5.510910596163089556E-16, 3.449999999999999734, 3.000000000000000444 ) ) ;
#1360 = CARTESIAN_POINT ( 'NONE',  ( -3.541265875000000563, -2.112499998634406850, 0.000000000000000000 ) ) ;
#1361 = CARTESIAN_POINT ( 'NONE',  ( 2.458186895326424537, 219.0000000000000284, 3.198667354165965371 ) ) ;
#1362 = CARTESIAN_POINT ( 'NONE',  ( 3.000000000000001332, 3.762499999999999289, -1.242640687119285881 ) ) ;
#1363 = CARTESIAN_POINT ( 'NONE',  ( -3.541265875000000118, -0.2999999986344069614, -1.466840353394025964 ) ) ;
#1364 = CARTESIAN_POINT ( 'NONE',  ( -1.836970198721030181E-16, -4.799999997268813878, -3.000000000000000444 ) ) ;
#1365 =( LENGTH_UNIT ( ) NAMED_UNIT ( * ) SI_UNIT ( .MILLI., .METRE. ) );
#1366 = STYLED_ITEM ( 'NONE', ( #709 ), #37 ) ;
#1367 = PRESENTATION_STYLE_ASSIGNMENT (( #122 ) ) ;
#1368 = FACE_OUTER_BOUND ( 'NONE', #727, .T. ) ;
#1369 = CARTESIAN_POINT ( 'NONE',  ( -1.466840353394026408, -2.049999998634406850, 3.541265875000000118 ) ) ;
#1370 = ADVANCED_FACE ( 'NONE', ( #233 ), #2061, .T. ) ;
#1371 = EDGE_CURVE ( 'NONE', #2984, #3015, #544, .T. ) ;
#1372 = CARTESIAN_POINT ( 'NONE',  ( -2.999999999999999556, -2.737500000000000266, 1.242640687119287657 ) ) ;
#1373 = ORIENTED_EDGE ( 'NONE', *, *, #1819, .F. ) ;
#1374 = PRESENTATION_STYLE_ASSIGNMENT (( #867 ) ) ;
#1375 = AXIS2_PLACEMENT_3D ( 'NONE', #466, #1493, #24 ) ;
#1376 = CARTESIAN_POINT ( 'NONE',  ( 2.014475921483600551, 219.0000000000000284, 3.495145553417037920 ) ) ;
#1377 = CARTESIAN_POINT ( 'NONE',  ( -4.000000000000007994, 219.0000000000000284, -0.5235987537816786386 ) ) ;
#1378 = CARTESIAN_POINT ( 'NONE',  ( 5.510910596163089556E-16, 2.700000002731187010, 3.000000000000000444 ) ) ;
#1379 = CARTESIAN_POINT ( 'NONE',  ( 2.504053114197013041, -0.4874999986344071279, -2.504053114197013485 ) ) ;
#1380 = CARTESIAN_POINT ( 'NONE',  ( -3.999999999999992895, 220.0000000000000284, -0.5235987537816768622 ) ) ;
#1381 = CARTESIAN_POINT ( 'NONE',  ( -2.504053114197012597, -2.112499998634406850, 2.504053114197013929 ) ) ;
#1382 = CARTESIAN_POINT ( 'NONE',  ( 5.510910596163089556E-16, -2.299999997268812990, 3.000000000000000444 ) ) ;
#1383 = FILL_AREA_STYLE_COLOUR ( '', #1153 ) ;
#1384 = CARTESIAN_POINT ( 'NONE',  ( 2.504053114197013929, -0.8624999986344066283, 2.504053114197013041 ) ) ;
#1385 = CARTESIAN_POINT ( 'NONE',  ( 3.541265875000001007, 0.3250000013655931497, 1.466840353394025298 ) ) ;
#1386 = ORIENTED_EDGE ( 'NONE', *, *, #1555, .F. ) ;
#1387 = ADVANCED_FACE ( 'NONE', ( #2940 ), #1677, .T. ) ;
#1388 = CARTESIAN_POINT ( 'NONE',  ( 5.366526958391772752E-16, 220.0000000000000284, -3.999999999999992895 ) ) ;
#1389 = CONICAL_SURFACE ( 'NONE', #741, 4.000000000000007105, 0.08594693270565446908 ) ;
#1390 =( NAMED_UNIT ( * ) SI_UNIT ( $, .STERADIAN. ) SOLID_ANGLE_UNIT ( ) );
#1391 = EDGE_CURVE ( 'NONE', #884, #2249, #1971, .T. ) ;
#1392 = SURFACE_STYLE_USAGE ( .BOTH. , #940 ) ;
#1393 = CARTESIAN_POINT ( 'NONE',  ( -0.5235987537816688686, 219.0000000000000284, 4.000000000000007105 ) ) ;
#1394 = CARTESIAN_POINT ( 'NONE',  ( -2.121320343559642829, 1.074999999999999512, -2.121320343559642829 ) ) ;
#1395 = CARTESIAN_POINT ( 'NONE',  ( 0.000000000000000000, 2.299999999999968736, 0.000000000000000000 ) ) ;
#1396 = PRODUCT_DEFINITION ( 'General', '', #1305, #590 ) ;
#1397 = CARTESIAN_POINT ( 'NONE',  ( 3.541265875000000563, -2.612499998634407294, -4.336799918748501460E-16 ) ) ;
#1398 = CARTESIAN_POINT ( 'NONE',  ( 3.198667354165965371, 219.0000000000000284, 2.458186895326424537 ) ) ;
#1399 = CARTESIAN_POINT ( 'NONE',  ( -2.504053114197012597, -4.112499998634406850, 2.504053114197013929 ) ) ;
#1400 = CARTESIAN_POINT ( 'NONE',  ( 1.242640687119285658, -2.862499997268813434, -3.000000000000001332 ) ) ;
#1401 = CARTESIAN_POINT ( 'NONE',  ( 2.710505431213761085E-16, 220.0000000000000284, -2.000000000000007105 ) ) ;
#1402 = MECHANICAL_DESIGN_GEOMETRIC_PRESENTATION_REPRESENTATION (  '', ( #710 ), #213 ) ;
#1403 = DIRECTION ( 'NONE',  ( 0.000000000000000000, 0.000000000000000000, -1.000000000000000000 ) ) ;
#1404 = CARTESIAN_POINT ( 'NONE',  ( -1.466840353394026408, -3.049999998634406850, 3.541265875000000118 ) ) ;
#1405 = CARTESIAN_POINT ( 'NONE',  ( 3.541265875000000118, 3.450000001365593594, -1.466840353394025964 ) ) ;
#1406 = COLOUR_RGB ( '',1.000000000000000000, 0.8666666666666666963, 0.5294117647058823595 ) ;
#1407 = ORIENTED_EDGE ( 'NONE', *, *, #1561, .F. ) ;
#1408 = UNCERTAINTY_MEASURE_WITH_UNIT (LENGTH_MEASURE( 1.000000000000000082E-05 ), #2142, 'distance_accuracy_value', 'NONE');
#1409 = CYLINDRICAL_SURFACE ( 'NONE', #1873, 3.000000000000000444 ) ;
#1410 = STYLED_ITEM ( 'NONE', ( #1718 ), #1522 ) ;
#1411 = EDGE_CURVE ( 'NONE', #2041, #1306, #361, .T. ) ;
#1412 = DIRECTION ( 'NONE',  ( -0.000000000000000000, -1.000000000000000000, -0.000000000000000000 ) ) ;
#1413 = VERTEX_POINT ( 'NONE', #1092 ) ;
#1414 = FACE_OUTER_BOUND ( 'NONE', #2885, .T. ) ;
#1415 = AXIS2_PLACEMENT_3D ( 'NONE', #577, #346, #2078 ) ;
#1416 = EDGE_CURVE ( 'NONE', #1623, #2361, #1078, .T. ) ;
#1417 = EDGE_CURVE ( 'NONE', #776, #2705, #3189, .T. ) ;
#1418 = CARTESIAN_POINT ( 'NONE',  ( 3.541265875000000563, 0.3875000013655932052, -4.336799918748501460E-16 ) ) ;
#1419 = AXIS2_PLACEMENT_3D ( 'NONE', #1755, #419, #1986 ) ;
#1420 = CARTESIAN_POINT ( 'NONE',  ( 2.014475901327662744, 219.0000000000000284, -3.495145561765899522 ) ) ;
#1421 = CARTESIAN_POINT ( 'NONE',  ( -3.541265875000000118, -2.174999998634407294, 1.466840353394028629 ) ) ;
#1422 =( LENGTH_UNIT ( ) NAMED_UNIT ( * ) SI_UNIT ( .MILLI., .METRE. ) );
#1423 = CARTESIAN_POINT ( 'NONE',  ( -0.5241352215586327912, 220.0000000000000284, -1.947603272463429347 ) ) ;
#1424 =( NAMED_UNIT ( * ) PLANE_ANGLE_UNIT ( ) SI_UNIT ( $, .RADIAN. ) );
#1425 = CARTESIAN_POINT ( 'NONE',  ( -2.504053114197013485, -2.362499998634406850, -2.504053114197013485 ) ) ;
#1426 = CARTESIAN_POINT ( 'NONE',  ( -2.168399959374250730E-16, 3.637500001365593594, -3.541265875000000563 ) ) ;
#1427 = ORIENTED_EDGE ( 'NONE', *, *, #810, .T. ) ;
#1428 = COLOUR_RGB ( '',1.000000000000000000, 0.8666666666666666963, 0.5294117647058823595 ) ;
#1429 = VECTOR ( 'NONE', #1651, 1000.000000000000000 ) ;
#1430 = EDGE_LOOP ( 'NONE', ( #1169, #645, #1271, #2331 ) ) ;
#1431 = DIRECTION ( 'NONE',  ( -0.000000000000000000, -1.000000000000000000, -0.000000000000000000 ) ) ;
#1432 = CARTESIAN_POINT ( 'NONE',  ( -3.198667354166023102, 219.0000000000000284, 2.458186895326365473 ) ) ;
#1433 = AXIS2_PLACEMENT_3D ( 'NONE', #603, #2880, #2642 ) ;
#1434 = CARTESIAN_POINT ( 'NONE',  ( 3.000000000000000444, 0.6999999999999996225, -3.673940397442060361E-16 ) ) ;
#1435 = CARTESIAN_POINT ( 'NONE',  ( -3.895890698324353973, 220.0000000000000284, 1.046991557593054400 ) ) ;
#1436 = CARTESIAN_POINT ( 'NONE',  ( -3.541265875000000563, -2.237499998634406850, 0.000000000000000000 ) ) ;
#1437 =( BOUNDED_SURFACE ( )  B_SPLINE_SURFACE ( 1, 2, ( 
 ( #3249, #1959, #446, #2481, #1219, #1239, #974, #1980, #2040, #3287, #1026, #1041, #262, #1257, #2025, #2515, #3049, #1288, #483, #1513, #511, #1010, #229, #1778, #2010, #3301, #1766, #2294, #780, #3066, #2265, #761, #3036, #2772, #746, #2786, #2801, #729, #497, #1544, #1791, #1529, #3021, #2544, #2529, #247, #12, #1273, #2280, #2098, #596, #857, #2399, #1113, #1633, #632, #1418, #1600, #2118, #1673, #348, #315, #2677, #2381, #2618, #564, #3128, #579, #1129, #2636, #1379, #2169, #2655, #1095, #914, #84, #3193, #1898, #872, #1143, #838, #617, #2908, #1865, #3161, #1346, #2927, #3144, #98, #2352, #329, #1883, #3175, #2138, #2874, #1616, #1360, #135, #2418, #1656, #2366, #367, #2890, #2153, #1397, #2857, #2604, #115, #895, #1161, #385, #1911, #70, #3243, #2510, #2259, #2035, #476, #2796, #706, #2524, #1537, #968, #1972, #2020, #2492, #2993, #723, #2241, #739, #186, #2537, #771, #1034, #458, #1774, #1488, #2224, #1213, #1232, #1019, #2472, #1505, #3045, #493, #222, #6, #3261, #254, #1282, #1745, #2767, #1250, #2749, #3277, #1760, #3296, #1992, #1003, #2289, #3060 ),
 ( #1802, #2005, #203, #1470, #984, #3011, #3030, #2781, #1524, #438, #240, #1267, #2275, #756, #1786, #505, #821, #1097, #3077, #566, #2861, #789, #3112, #272, #2878, #1062, #1332, #2303, #285, #40, #3131, #2339, #2050, #1817, #1049, #88, #2369, #1602, #2825, #2607, #1312, #2100, #302, #3147, #2811, #2067, #840, #1116, #332, #318, #1349, #3093, #581, #1619, #2121, #860, #2590, #2621, #22, #55, #2354, #1586, #535, #1081, #72, #1363, #1867, #1571, #2843, #2323, #2082, #520, #1553, #1848, #2552, #2571, #1296, #804, #1833, #550, #2945, #1145, #3207, #165, #2713, #652, #1693, #2156, #2960, #668, #1191, #2204, #1675, #1709, #1381, #1421, #1436, #635, #100, #2420, #2698, #420, #1176, #1131, #1913, #370, #2679, #1452, #404, #137, #3223, #1658, #916, #2452, #1940, #877, #2435, #2140, #149, #1886, #2383, #3163, #2189, #620, #1900, #3178, #1399, #2171, #1635, #2893, #601, #2638, #2910, #3195, #2657, #351, #2401, #118, #932, #898, #2929, #388, #1927, #1163, #501, #452, #2015, #1783, #2220, #3256, #718, #180, #1987, #2237, #489, #2488, #3007, #3043, #2792, #2974, #199 ) ),
 .UNSPECIFIED., .F., .F., .F. ) 
 B_SPLINE_SURFACE_WITH_KNOTS ( ( 2, 2 ),
 ( 3, 2, 2, 2, 2, 2, 2, 2, 2, 2, 2, 2, 2, 2, 2, 2, 2, 2, 2, 2, 2, 2, 2, 2, 2, 2, 2, 2, 2, 2, 2, 2, 2, 2, 2, 2, 2, 2, 2, 2, 2, 2, 2, 2, 2, 2, 2, 2, 2, 2, 2, 2, 2, 2, 2, 2, 2, 2, 2, 2, 2, 2, 2, 2, 2, 2, 2, 2, 2, 2, 2, 2, 2, 2, 2, 2, 2, 2, 2, 2, 3 ),
 ( 0.000000000000000000, 1.000000000000000000 ),
 ( 0.000000000000000000, 0.01250000000000000069, 0.02500000000000000139, 0.03749999999999999861, 0.05000000000000000278, 0.06250000000000000000, 0.07499999999999999722, 0.08749999999999999445, 0.1000000000000000056, 0.1125000000000000028, 0.1250000000000000000, 0.1375000000000000111, 0.1499999999999999944, 0.1625000000000000056, 0.1749999999999999889, 0.1875000000000000000, 0.2000000000000000111, 0.2124999999999999944, 0.2250000000000000056, 0.2374999999999999889, 0.2500000000000000000, 0.2625000000000000111, 0.2750000000000000222, 0.2874999999999999778, 0.2999999999999999889, 0.3125000000000000000, 0.3250000000000000111, 0.3375000000000000222, 0.3499999999999999778, 0.3624999999999999889, 0.3750000000000000000, 0.3875000000000000111, 0.4000000000000000222, 0.4124999999999999778, 0.4249999999999999889, 0.4375000000000000000, 0.4500000000000000111, 0.4625000000000000222, 0.4749999999999999778, 0.4874999999999999889, 0.5000000000000000000, 0.5124999999999999556, 0.5250000000000000222, 0.5374999999999999778, 0.5500000000000000444, 0.5625000000000000000, 0.5749999999999999556, 0.5875000000000000222, 0.5999999999999999778, 0.6125000000000000444, 0.6250000000000000000, 0.6374999999999999556, 0.6500000000000000222, 0.6624999999999999778, 0.6750000000000000444, 0.6875000000000000000, 0.6999999999999999556, 0.7125000000000000222, 0.7249999999999999778, 0.7375000000000000444, 0.7500000000000000000, 0.7624999999999999556, 0.7750000000000000222, 0.7874999999999999778, 0.8000000000000000444, 0.8125000000000000000, 0.8249999999999999556, 0.8375000000000000222, 0.8499999999999999778, 0.8625000000000000444, 0.8750000000000000000, 0.8874999999999999556, 0.9000000000000000222, 0.9124999999999999778, 0.9250000000000000444, 0.9375000000000000000, 0.9499999999999999556, 0.9625000000000000222, 0.9749999999999999778, 0.9875000000000000444, 1.000000000000000000 ),
 .UNSPECIFIED. ) 
 GEOMETRIC_REPRESENTATION_ITEM ( )  RATIONAL_B_SPLINE_SURFACE ( (
 ( 1.000000000000000000, 0.9238795325112867385, 1.000000000000000000, 0.9238795325112867385, 1.000000000000000000, 0.9238795325112867385, 1.000000000000000000, 0.9238795325112867385, 1.000000000000000000, 0.9238795325112867385, 1.000000000000000000, 0.9238795325112867385, 1.000000000000000000, 0.9238795325112867385, 1.000000000000000000, 0.9238795325112867385, 1.000000000000000000, 0.9238795325112867385, 1.000000000000000000, 0.9238795325112867385, 1.000000000000000000, 0.9238795325112867385, 1.000000000000000000, 0.9238795325112867385, 1.000000000000000000, 0.9238795325112867385, 1.000000000000000000, 0.9238795325112867385, 1.000000000000000000, 0.9238795325112867385, 1.000000000000000000, 0.9238795325112867385, 1.000000000000000000, 0.9238795325112867385, 1.000000000000000000, 0.9238795325112867385, 1.000000000000000000, 0.9238795325112867385, 1.000000000000000000, 0.9238795325112867385, 1.000000000000000000, 0.9238795325112867385, 1.000000000000000000, 0.9238795325112867385, 1.000000000000000000, 0.9238795325112867385, 1.000000000000000000, 0.9238795325112867385, 1.000000000000000000, 0.9238795325112867385, 1.000000000000000000, 0.9238795325112867385, 1.000000000000000000, 0.9238795325112867385, 1.000000000000000000, 0.9238795325112867385, 1.000000000000000000, 0.9238795325112867385, 1.000000000000000000, 0.9238795325112867385, 1.000000000000000000, 0.9238795325112867385, 1.000000000000000000, 0.9238795325112867385, 1.000000000000000000, 0.9238795325112867385, 1.000000000000000000, 0.9238795325112867385, 1.000000000000000000, 0.9238795325112867385, 1.000000000000000000, 0.9238795325112867385, 1.000000000000000000, 0.9238795325112867385, 1.000000000000000000, 0.9238795325112867385, 1.000000000000000000, 0.9238795325112867385, 1.000000000000000000, 0.9238795325112867385, 1.000000000000000000, 0.9238795325112867385, 1.000000000000000000, 0.9238795325112867385, 1.000000000000000000, 0.9238795325112867385, 1.000000000000000000, 0.9238795325112867385, 1.000000000000000000, 0.9238795325112867385, 1.000000000000000000, 0.9238795325112867385, 1.000000000000000000, 0.9238795325112867385, 1.000000000000000000, 0.9238795325112867385, 1.000000000000000000, 0.9238795325112867385, 1.000000000000000000, 0.9238795325112867385, 1.000000000000000000, 0.9238795325112867385, 1.000000000000000000, 0.9238795325112867385, 1.000000000000000000, 0.9238795325112867385, 1.000000000000000000, 0.9238795325112867385, 1.000000000000000000, 0.9238795325112867385, 1.000000000000000000, 0.9238795325112867385, 1.000000000000000000, 0.9238795325112867385, 1.000000000000000000, 0.9238795325112867385, 1.000000000000000000, 0.9238795325112867385, 1.000000000000000000, 0.9238795325112867385, 1.000000000000000000, 0.9238795325112867385, 1.000000000000000000, 0.9238795325112867385, 1.000000000000000000, 0.9238795325112867385, 1.000000000000000000, 0.9238795325112867385, 1.000000000000000000, 0.9238795325112867385, 1.000000000000000000, 0.9238795325112867385, 1.000000000000000000, 0.9238795325112867385, 1.000000000000000000, 0.9238795325112867385, 1.000000000000000000, 0.9238795325112867385, 1.000000000000000000, 0.9238795325112867385, 1.000000000000000000, 0.9238795325112867385, 1.000000000000000000, 0.9238795325112867385, 1.000000000000000000, 0.9238795325112867385, 1.000000000000000000, 0.9238795325112867385, 1.000000000000000000, 0.9238795325112867385, 1.000000000000000000, 0.9238795325112867385, 1.000000000000000000, 0.9238795325112867385, 1.000000000000000000, 0.9238795325112867385, 1.000000000000000000, 0.9238795325112867385, 1.000000000000000000, 0.9238795325112867385, 1.000000000000000000),
 ( 1.000000000000000000, 0.9238795325112867385, 1.000000000000000000, 0.9238795325112867385, 1.000000000000000000, 0.9238795325112867385, 1.000000000000000000, 0.9238795325112867385, 1.000000000000000000, 0.9238795325112867385, 1.000000000000000000, 0.9238795325112867385, 1.000000000000000000, 0.9238795325112867385, 1.000000000000000000, 0.9238795325112867385, 1.000000000000000000, 0.9238795325112867385, 1.000000000000000000, 0.9238795325112867385, 1.000000000000000000, 0.9238795325112867385, 1.000000000000000000, 0.9238795325112867385, 1.000000000000000000, 0.9238795325112867385, 1.000000000000000000, 0.9238795325112867385, 1.000000000000000000, 0.9238795325112867385, 1.000000000000000000, 0.9238795325112867385, 1.000000000000000000, 0.9238795325112867385, 1.000000000000000000, 0.9238795325112867385, 1.000000000000000000, 0.9238795325112867385, 1.000000000000000000, 0.9238795325112867385, 1.000000000000000000, 0.9238795325112867385, 1.000000000000000000, 0.9238795325112867385, 1.000000000000000000, 0.9238795325112867385, 1.000000000000000000, 0.9238795325112867385, 1.000000000000000000, 0.9238795325112867385, 1.000000000000000000, 0.9238795325112867385, 1.000000000000000000, 0.9238795325112867385, 1.000000000000000000, 0.9238795325112867385, 1.000000000000000000, 0.9238795325112867385, 1.000000000000000000, 0.9238795325112867385, 1.000000000000000000, 0.9238795325112867385, 1.000000000000000000, 0.9238795325112867385, 1.000000000000000000, 0.9238795325112867385, 1.000000000000000000, 0.9238795325112867385, 1.000000000000000000, 0.9238795325112867385, 1.000000000000000000, 0.9238795325112867385, 1.000000000000000000, 0.9238795325112867385, 1.000000000000000000, 0.9238795325112867385, 1.000000000000000000, 0.9238795325112867385, 1.000000000000000000, 0.9238795325112867385, 1.000000000000000000, 0.9238795325112867385, 1.000000000000000000, 0.9238795325112867385, 1.000000000000000000, 0.9238795325112867385, 1.000000000000000000, 0.9238795325112867385, 1.000000000000000000, 0.9238795325112867385, 1.000000000000000000, 0.9238795325112867385, 1.000000000000000000, 0.9238795325112867385, 1.000000000000000000, 0.9238795325112867385, 1.000000000000000000, 0.9238795325112867385, 1.000000000000000000, 0.9238795325112867385, 1.000000000000000000, 0.9238795325112867385, 1.000000000000000000, 0.9238795325112867385, 1.000000000000000000, 0.9238795325112867385, 1.000000000000000000, 0.9238795325112867385, 1.000000000000000000, 0.9238795325112867385, 1.000000000000000000, 0.9238795325112867385, 1.000000000000000000, 0.9238795325112867385, 1.000000000000000000, 0.9238795325112867385, 1.000000000000000000, 0.9238795325112867385, 1.000000000000000000, 0.9238795325112867385, 1.000000000000000000, 0.9238795325112867385, 1.000000000000000000, 0.9238795325112867385, 1.000000000000000000, 0.9238795325112867385, 1.000000000000000000, 0.9238795325112867385, 1.000000000000000000, 0.9238795325112867385, 1.000000000000000000, 0.9238795325112867385, 1.000000000000000000, 0.9238795325112867385, 1.000000000000000000, 0.9238795325112867385, 1.000000000000000000, 0.9238795325112867385, 1.000000000000000000, 0.9238795325112867385, 1.000000000000000000, 0.9238795325112867385, 1.000000000000000000, 0.9238795325112867385, 1.000000000000000000, 0.9238795325112867385, 1.000000000000000000, 0.9238795325112867385, 1.000000000000000000, 0.9238795325112867385, 1.000000000000000000, 0.9238795325112867385, 1.000000000000000000, 0.9238795325112867385, 1.000000000000000000, 0.9238795325112867385, 1.000000000000000000, 0.9238795325112867385, 1.000000000000000000, 0.9238795325112867385, 1.000000000000000000) ) ) 
 REPRESENTATION_ITEM ( '' )  SURFACE ( )  );
#1438 = CARTESIAN_POINT ( 'NONE',  ( -1.006598507901726336, 220.0000000000000284, -1.747914857581733150 ) ) ;
#1439 = EDGE_CURVE ( 'NONE', #658, #1255, #2222, .T. ) ;
#1440 = CARTESIAN_POINT ( 'NONE',  ( 3.000000000000001776, 2.887500002731186566, 1.242640687119285436 ) ) ;
#1441 = CARTESIAN_POINT ( 'NONE',  ( -2.168399959374250730E-16, 1.637500001365592928, -3.541265875000000563 ) ) ;
#1442 = ORIENTED_EDGE ( 'NONE', *, *, #1308, .T. ) ;
#1443 =( LENGTH_UNIT ( ) NAMED_UNIT ( * ) SI_UNIT ( .MILLI., .METRE. ) );
#1444 = CARTESIAN_POINT ( 'NONE',  ( 5.510910596163089556E-16, 2.699999999999980194, -4.500000000000000888 ) ) ;
#1445 = ORIENTED_EDGE ( 'NONE', *, *, #1411, .F. ) ;
#1446 = CARTESIAN_POINT ( 'NONE',  ( 0.000000000000000000, 21.77842320233586193, 0.000000000000000000 ) ) ;
#1447 = CARTESIAN_POINT ( 'NONE',  ( -2.504053114197013485, 1.637500001365592928, -2.504053114197013485 ) ) ;
#1448 = CONICAL_SURFACE ( 'NONE', #1608, 0.3999999999999722666, 0.7853981633974810306 ) ;
#1449 = TOROIDAL_SURFACE ( 'NONE', #1419, 1.000000000000000000, 4.000000000000000000 ) ;
#1450 = CARTESIAN_POINT ( 'NONE',  ( -2.121320343559642385, 2.324999999999999734, 2.121320343559643273 ) ) ;
#1451 = CARTESIAN_POINT ( 'NONE',  ( -2.014475901327652085, 219.0000000000000284, -3.495145561765905740 ) ) ;
#1452 = CARTESIAN_POINT ( 'NONE',  ( 1.466840353394027963, -2.924999998634406850, 3.541265875000000118 ) ) ;
#1453 = CARTESIAN_POINT ( 'NONE',  ( 0.000000000000000000, 0.5999999999999460210, 0.000000000000000000 ) ) ;
#1454 = CARTESIAN_POINT ( 'NONE',  ( 1.006598507901362405, 220.0000000000000000, 1.747914857581856607 ) ) ;
#1455 = ADVANCED_FACE ( 'NONE', ( #852 ), #3173, .F. ) ;
#1456 = CARTESIAN_POINT ( 'NONE',  ( 1.466840353394025964, -3.549999998634407294, -3.541265875000000118 ) ) ;
#1457 = CARTESIAN_POINT ( 'NONE',  ( 1.466840353394027963, 3.200000001365593150, 3.541265875000000118 ) ) ;
#1458 = ORIENTED_EDGE ( 'NONE', *, *, #2457, .F. ) ;
#1459 =( NAMED_UNIT ( * ) PLANE_ANGLE_UNIT ( ) SI_UNIT ( $, .RADIAN. ) );
#1460 = ORIENTED_EDGE ( 'NONE', *, *, #3236, .T. ) ;
#1461 = LINE ( 'NONE', #2395, #1204 ) ;
#1462 = CARTESIAN_POINT ( 'NONE',  ( 2.504053114197013929, 3.137500001365593150, 2.504053114197013041 ) ) ;
#1463 = CARTESIAN_POINT ( 'NONE',  ( 2.121320343559642829, 1.824999999999999734, -2.121320343559642829 ) ) ;
#1464 = CARTESIAN_POINT ( 'NONE',  ( 3.673940397442060361E-16, 4.200000000000000178, 3.000000000000000444 ) ) ;
#1465 = DIRECTION ( 'NONE',  ( -0.000000000000000000, 1.000000000000000000, -0.000000000000000000 ) ) ;
#1466 = CARTESIAN_POINT ( 'NONE',  ( 0.000000000000000000, 3.056619037896890489, -4.899999999999999467 ) ) ;
#1467 = DIRECTION ( 'NONE',  ( -0.000000000000000000, -1.000000000000000000, -0.000000000000000000 ) ) ;
#1468 = AXIS2_PLACEMENT_3D ( 'NONE', #1466, #2453, #3196 ) ;
#1469 = CARTESIAN_POINT ( 'NONE',  ( -3.000000000000000888, 1.387500002731186788, -1.242640687119285658 ) ) ;
#1470 = CARTESIAN_POINT ( 'NONE',  ( -1.466840353394025964, 3.575000001365593150, -3.541265875000000118 ) ) ;
#1471 = CARTESIAN_POINT ( 'NONE',  ( 2.504053114197013041, -3.612499998634407294, -2.504053114197013485 ) ) ;
#1472 = CARTESIAN_POINT ( 'NONE',  ( -3.541265875000000118, -2.174999998634407294, -1.466840353394025964 ) ) ;
#1473 = ORIENTED_EDGE ( 'NONE', *, *, #1291, .F. ) ;
#1474 = SURFACE_STYLE_FILL_AREA ( #659 ) ;
#1475 = EDGE_CURVE ( 'NONE', #1299, #2739, #159, .T. ) ;
#1476 = CARTESIAN_POINT ( 'NONE',  ( -2.121320343559642829, 2.325000002731186566, -2.121320343559642829 ) ) ;
#1477 = ORIENTED_EDGE ( 'NONE', *, *, #2977, .T. ) ;
#1478 = CARTESIAN_POINT ( 'NONE',  ( 1.466840353394025964, 1.450000001365593594, -3.541265875000000118 ) ) ;
#1479 = CARTESIAN_POINT ( 'NONE',  ( -2.999999999999999556, 2.262499999999999734, 1.242640687119287657 ) ) ;
#1480 = AXIS2_PLACEMENT_3D ( 'NONE', #182, #964, #1772 ) ;
#1481 = CARTESIAN_POINT ( 'NONE',  ( -3.000000000000001332, 0.1374999999999996225, -1.242640687119285658 ) ) ;
#1482 = CARTESIAN_POINT ( 'NONE',  ( -3.495145561765901743, 219.0000000000000284, 2.014475901327661855 ) ) ;
#1483 = AXIS2_PLACEMENT_3D ( 'NONE', #1782, #3272, #996 ) ;
#1484 = CARTESIAN_POINT ( 'NONE',  ( 1.599333677083013550, 220.0000000000000284, 1.229093447663186511 ) ) ;
#1485 = CARTESIAN_POINT ( 'NONE',  ( -3.000000000000001332, -5.612499997268812990, -1.242640687119285658 ) ) ;
#1486 = MECHANICAL_DESIGN_GEOMETRIC_PRESENTATION_REPRESENTATION (  '', ( #896 ), #1269 ) ;
#1487 = CARTESIAN_POINT ( 'NONE',  ( 3.541265875000001451, 3.325000001365593150, 1.466840353394025298 ) ) ;
#1488 = CARTESIAN_POINT ( 'NONE',  ( 3.541265875000000563, -4.612499998634406850, -4.336799918748501460E-16 ) ) ;
#1489 = CARTESIAN_POINT ( 'NONE',  ( 3.541265875000001007, -4.799999998634407739, 1.466840353394025298 ) ) ;
#1490 = CARTESIAN_POINT ( 'NONE',  ( -1.466840353394026408, 0.07500000136559338559, 3.541265875000000118 ) ) ;
#1491 = FACE_OUTER_BOUND ( 'NONE', #3266, .T. ) ;
#1492 = VERTEX_POINT ( 'NONE', #2182 ) ;
#1493 = DIRECTION ( 'NONE',  ( 0.000000000000000000, -1.000000000000000000, 0.000000000000000000 ) ) ;
#1494 = FILL_AREA_STYLE_COLOUR ( '', #116 ) ;
#1495 = VERTEX_POINT ( 'NONE', #1444 ) ;
#1496 =( NAMED_UNIT ( * ) SI_UNIT ( $, .STERADIAN. ) SOLID_ANGLE_UNIT ( ) );
#1497 = CARTESIAN_POINT ( 'NONE',  ( 3.541265875000000563, 1.262500001365593150, -4.336799918748501460E-16 ) ) ;
#1498 = ADVANCED_FACE ( 'NONE', ( #2445 ), #2738, .F. ) ;
#1499 = LINE ( 'NONE', #1464, #2411 ) ;
#1500 = CARTESIAN_POINT ( 'NONE',  ( 2.000000000000007105, 220.0000000000000284, -0.2617993768908425389 ) ) ;
#1501 = CARTESIAN_POINT ( 'NONE',  ( -3.541265875000000563, 3.887500001365593150, 0.000000000000000000 ) ) ;
#1502 = CARTESIAN_POINT ( 'NONE',  ( 0.000000000000000000, 4.200000000000000178, 0.000000000000000000 ) ) ;
#1503 = COLOUR_RGB ( '',1.000000000000000000, 0.8666666666666666963, 0.5294117647058823595 ) ;
#1504 = CARTESIAN_POINT ( 'NONE',  ( -2.168399959374250730E-16, 2.637500001365593594, -3.541265875000000563 ) ) ;
#1505 = CARTESIAN_POINT ( 'NONE',  ( -2.504053114197012597, -4.987499998634406850, 2.504053114197013929 ) ) ;
#1506 = CARTESIAN_POINT ( 'NONE',  ( 1.242640687119287213, -1.237499997268812990, 2.999999999999999556 ) ) ;
#1507 = CARTESIAN_POINT ( 'NONE',  ( -3.541265875000000563, -3.112499998634406850, 0.000000000000000000 ) ) ;
#1508 = CARTESIAN_POINT ( 'NONE',  ( 3.288012931433281327, 0.2000000000000001776, -0.7580333051935661537 ) ) ;
#1509 = ORIENTED_EDGE ( 'NONE', *, *, #356, .F. ) ;
#1510 =( BOUNDED_CURVE ( )  B_SPLINE_CURVE ( 2, ( #2455, #2258, #2730, #1196, #3242, #1469, #3260, #950, #1773 ),
 .UNSPECIFIED., .F., .F. ) 
 B_SPLINE_CURVE_WITH_KNOTS ( ( 3, 2, 2, 2, 3 ),
 ( 0.1750000000000000167, 0.1875000000000000278, 0.2000000000000000111, 0.2124999999999999944, 0.2250000000000000056 ),
 .UNSPECIFIED. ) 
 CURVE ( )  GEOMETRIC_REPRESENTATION_ITEM ( )  RATIONAL_B_SPLINE_CURVE ( ( 0.9999999999999997780, 0.9238795325112869605, 1.000000000000000000, 0.9238795325112867385, 1.000000000000000000, 0.9238795325112867385, 1.000000000000000000, 0.9238795325112867385, 1.000000000000000000 ) ) 
 REPRESENTATION_ITEM ( '' )  );
#1511 = PRESENTATION_STYLE_ASSIGNMENT (( #482 ) ) ;
#1512 = COLOUR_RGB ( '',1.000000000000000000, 0.8666666666666666963, 0.5294117647058823595 ) ;
#1513 = CARTESIAN_POINT ( 'NONE',  ( -1.466840353394025964, 2.700000001365594482, -3.541265875000000118 ) ) ;
#1514 = EDGE_LOOP ( 'NONE', ( #1792, #2687, #1854, #2771, #937, #248, #3120, #572, #2087, #586, #781, #2753 ) ) ;
#1515 = FILL_AREA_STYLE_COLOUR ( '', #3068 ) ;
#1516 = CARTESIAN_POINT ( 'NONE',  ( 1.466840353394027963, 1.075000001365592928, 3.541265875000000563 ) ) ;
#1517 = CARTESIAN_POINT ( 'NONE',  ( 6.123233995736766282E-16, 220.0000000000000284, -5.000000000000000000 ) ) ;
#1518 = VECTOR ( 'NONE', #1704, 1000.000000000000227 ) ;
#1519 = CARTESIAN_POINT ( 'NONE',  ( 1.599333677082986904, 220.0000000000000284, -1.229093447663184735 ) ) ;
#1520 = LINE ( 'NONE', #1032, #986 ) ;
#1521 = CARTESIAN_POINT ( 'NONE',  ( 0.2610777017265169531, 220.0000000000000568, -1.999928666490564444 ) ) ;
#1522 = ADVANCED_FACE ( 'NONE', ( #414 ), #1437, .T. ) ;
#1523 = CARTESIAN_POINT ( 'NONE',  ( 1.466840353394027963, 2.200000001365593150, 3.541265875000000563 ) ) ;
#1524 = CARTESIAN_POINT ( 'NONE',  ( 3.541265875000000563, 3.262500001365593150, -4.336799918748501460E-16 ) ) ;
#1525 = CARTESIAN_POINT ( 'NONE',  ( 1.242640687119287213, 0.7625000027311865658, 2.999999999999999556 ) ) ;
#1526 = AXIS2_PLACEMENT_3D ( 'NONE', #998, #2002, #502 ) ;
#1527 = CARTESIAN_POINT ( 'NONE',  ( -1.466840353394025964, -3.299999998634406850, -3.541265875000000118 ) ) ;
#1528 = VERTEX_POINT ( 'NONE', #3239 ) ;
#1529 = CARTESIAN_POINT ( 'NONE',  ( 3.541265875000001007, 1.325000001365593372, 1.466840353394025298 ) ) ;
#1530 = EDGE_LOOP ( 'NONE', ( #1719, #3155, #275, #160 ) ) ;
#1531 =( NAMED_UNIT ( * ) SI_UNIT ( $, .STERADIAN. ) SOLID_ANGLE_UNIT ( ) );
#1532 = FACE_OUTER_BOUND ( 'NONE', #174, .T. ) ;
#1533 = CARTESIAN_POINT ( 'NONE',  ( -3.023544137034258394, 0.1999999999999997058, 0.2702636896703575209 ) ) ;
#1534 = SURFACE_SIDE_STYLE ('',( #999 ) ) ;
#1535 = CARTESIAN_POINT ( 'NONE',  ( 1.466840353394025964, 1.575000001365593594, -3.541265875000000563 ) ) ;
#1536 = EDGE_CURVE ( 'NONE', #2720, #2580, #961, .T. ) ;
#1537 = CARTESIAN_POINT ( 'NONE',  ( 3.541265875000001007, -3.674999998634406406, 1.466840353394025298 ) ) ;
#1538 = CARTESIAN_POINT ( 'NONE',  ( 3.000000000000001332, 2.012500002731186566, -1.242640687119285881 ) ) ;
#1539 = VECTOR ( 'NONE', #2592, 1000.000000000000000 ) ;
#1540 = CARTESIAN_POINT ( 'NONE',  ( -1.466840353394026408, -3.924999998634405962, 3.541265875000000118 ) ) ;
#1541 = VERTEX_POINT ( 'NONE', #1227 ) ;
#1542 =( BOUNDED_CURVE ( )  B_SPLINE_CURVE ( 2, ( #933, #947, #2436, #1955, #2990, #3258, #1710, #3224, #1741 ),
 .UNSPECIFIED., .F., .T. ) 
 B_SPLINE_CURVE_WITH_KNOTS ( ( 3, 2, 2, 2, 3 ),
 ( 0.1250000000000000278, 0.1375000000000000389, 0.1500000000000000222, 0.1625000000000000056, 0.1749999999999999889 ),
 .UNSPECIFIED. ) 
 CURVE ( )  GEOMETRIC_REPRESENTATION_ITEM ( )  RATIONAL_B_SPLINE_CURVE ( ( 0.9999999999999997780, 0.9238795325112869605, 1.000000000000000000, 0.9238795325112867385, 1.000000000000000000, 0.9238795325112867385, 1.000000000000000000, 0.9238795325112867385, 1.000000000000000000 ) ) 
 REPRESENTATION_ITEM ( '' )  );
#1543 = CARTESIAN_POINT ( 'NONE',  ( -2.999999999999999556, 1.262499999999999734, 1.242640687119287657 ) ) ;
#1544 = CARTESIAN_POINT ( 'NONE',  ( 3.541265875000000118, 1.450000001365593594, -1.466840353394025964 ) ) ;
#1545 = ORIENTED_EDGE ( 'NONE', *, *, #749, .F. ) ;
#1546 = UNCERTAINTY_MEASURE_WITH_UNIT (LENGTH_MEASURE( 1.000000000000000082E-05 ), #1300, 'distance_accuracy_value', 'NONE');
#1547 = LINE ( 'NONE', #2805, #1743 ) ;
#1548 = CARTESIAN_POINT ( 'NONE',  ( 5.510910596163089556E-16, 2.299999999999968736, 4.500000000000000888 ) ) ;
#1549 = CARTESIAN_POINT ( 'NONE',  ( -0.5235987537816821913, 220.0000000000000284, -3.999999999999992895 ) ) ;
#1550 = CARTESIAN_POINT ( 'NONE',  ( -3.000000000000000444, 0.1999999999999996503, 0.000000000000000000 ) ) ;
#1551 =( NAMED_UNIT ( * ) SI_UNIT ( $, .STERADIAN. ) SOLID_ANGLE_UNIT ( ) );
#1552 = CARTESIAN_POINT ( 'NONE',  ( 0.5234957787965267562, 220.0000000000000284, 1.947945349162214956 ) ) ;
#1553 = CARTESIAN_POINT ( 'NONE',  ( 3.541265875000000563, -0.7374999986344072944, -4.336799918748501460E-16 ) ) ;
#1554 = CARTESIAN_POINT ( 'NONE',  ( -1.242640687119286103, -0.3624999972688131566, 3.000000000000000444 ) ) ;
#1555 = EDGE_CURVE ( 'NONE', #2691, #2026, #2684, .T. ) ;
#1556 = CIRCLE ( 'NONE', #2823, 4.500000000000000888 ) ;
#1557 = CARTESIAN_POINT ( 'NONE',  ( 3.541265875000001007, -5.674999998634405962, 1.466840353394025298 ) ) ;
#1558 = ORIENTED_EDGE ( 'NONE', *, *, #259, .F. ) ;
#1559 = CARTESIAN_POINT ( 'NONE',  ( -2.999999999999999556, 3.262499999999999734, 1.242640687119287657 ) ) ;
#1560 = EDGE_CURVE ( 'NONE', #1495, #1183, #2271, .T. ) ;
#1561 = EDGE_CURVE ( 'NONE', #2691, #308, #650, .T. ) ;
#1562 = CARTESIAN_POINT ( 'NONE',  ( -2.121320343559642385, -2.675000000000000266, 2.121320343559643273 ) ) ;
#1563 = EDGE_LOOP ( 'NONE', ( #2378, #1821, #2429, #3082 ) ) ;
#1564 = FILL_AREA_STYLE ('',( #558 ) ) ;
#1565 = CARTESIAN_POINT ( 'NONE',  ( 0.000000000000000000, 10.17136487743051987, 0.000000000000000000 ) ) ;
#1566 = CARTESIAN_POINT ( 'NONE',  ( -3.895890698324353973, 220.0000000000000284, 1.046991557593054400 ) ) ;
#1567 = CARTESIAN_POINT ( 'NONE',  ( 5.510910596163089556E-16, 0.7000000027311868989, 3.000000000000000444 ) ) ;
#1568 = SURFACE_STYLE_USAGE ( .BOTH. , #2064 ) ;
#1569 = CARTESIAN_POINT ( 'NONE',  ( 0.000000000000000000, 220.0000000000000284, 0.000000000000000000 ) ) ;
#1570 = CARTESIAN_POINT ( 'NONE',  ( 0.000000000000000000, 2.299999999999968736, 0.000000000000000000 ) ) ;
#1571 = CARTESIAN_POINT ( 'NONE',  ( -1.466840353394025964, -0.4249999986344070724, -3.541265875000000118 ) ) ;
#1572 = CARTESIAN_POINT ( 'NONE',  ( -3.000000000000000444, 1.450000002731186788, 0.000000000000000000 ) ) ;
#1573 = CARTESIAN_POINT ( 'NONE',  ( -1.466840353394025964, -5.299999998634405074, -3.541265875000000118 ) ) ;
#1574 = VERTEX_POINT ( 'NONE', #1966 ) ;
#1575 = FILL_AREA_STYLE ('',( #1515 ) ) ;
#1576 = COLOUR_RGB ( '',1.000000000000000000, 0.8666666666666666963, 0.5294117647058823595 ) ;
#1577 = COLOUR_RGB ( '',1.000000000000000000, 0.8666666666666666963, 0.5294117647058823595 ) ;
#1578 = CARTESIAN_POINT ( 'NONE',  ( -3.000000000000000444, -3.800000000000000266, 0.000000000000000000 ) ) ;
#1579 = ORIENTED_EDGE ( 'NONE', *, *, #2732, .F. ) ;
#1580 = FACE_OUTER_BOUND ( 'NONE', #1101, .T. ) ;
#1581 = CARTESIAN_POINT ( 'NONE',  ( -1.007237950663832704, 220.0000000000000284, 1.747572780882945098 ) ) ;
#1582 =( NAMED_UNIT ( * ) PLANE_ANGLE_UNIT ( ) SI_UNIT ( $, .RADIAN. ) );
#1583 = DIRECTION ( 'NONE',  ( -0.4999999999999998890, 0.000000000000000000, -0.8660254037844387076 ) ) ;
#1584 = FACE_OUTER_BOUND ( 'NONE', #1430, .T. ) ;
#1585 = FACE_OUTER_BOUND ( 'NONE', #2394, .T. ) ;
#1586 = CARTESIAN_POINT ( 'NONE',  ( -1.466840353394026408, -0.04999999863440672543, 3.541265875000000118 ) ) ;
#1587 = CARTESIAN_POINT ( 'NONE',  ( 2.121320343559642829, -4.924999997268813878, -2.121320343559642829 ) ) ;
#1588 =( NAMED_UNIT ( * ) PLANE_ANGLE_UNIT ( ) SI_UNIT ( $, .RADIAN. ) );
#1589 = DIRECTION ( 'NONE',  ( 0.000000000000000000, 0.000000000000000000, -1.000000000000000000 ) ) ;
#1590 = ORIENTED_EDGE ( 'NONE', *, *, #1087, .F. ) ;
#1591 = CARTESIAN_POINT ( 'NONE',  ( 6.505199878122751944E-16, 3.012500001365593150, 3.541265875000000563 ) ) ;
#1592 = CIRCLE ( 'NONE', #1160, 3.000000000000000444 ) ;
#1593 = CARTESIAN_POINT ( 'NONE',  ( 1.242640687119287213, -3.487499999999999822, 2.999999999999999556 ) ) ;
#1594 = VERTEX_POINT ( 'NONE', #3273 ) ;
#1595 = CARTESIAN_POINT ( 'NONE',  ( 5.878304635907295197E-16, 0.2000000000000057288, 4.800000000000000711 ) ) ;
#1596 = CARTESIAN_POINT ( 'NONE',  ( -3.541265875000000563, 3.825000001365593150, 0.000000000000000000 ) ) ;
#1597 = CARTESIAN_POINT ( 'NONE',  ( 3.198667354165845467, 220.0000000000000284, -2.458186895326297972 ) ) ;
#1598 = CARTESIAN_POINT ( 'NONE',  ( -2.121320343559642829, 3.074999999999999734, -2.121320343559642829 ) ) ;
#1599 = SURFACE_STYLE_FILL_AREA ( #1815 ) ;
#1600 = CARTESIAN_POINT ( 'NONE',  ( 3.541265875000001007, 0.3250000013655931497, 1.466840353394025298 ) ) ;
#1601 = CARTESIAN_POINT ( 'NONE',  ( 0.2617993768908428165, 220.0000000000000284, -2.000000000000007105 ) ) ;
#1602 = CARTESIAN_POINT ( 'NONE',  ( 1.466840353394025964, 1.450000001365593594, -3.541265875000000118 ) ) ;
#1603 = CARTESIAN_POINT ( 'NONE',  ( -3.000000000000000444, -3.549999997268813434, 0.000000000000000000 ) ) ;
#1604 = CARTESIAN_POINT ( 'NONE',  ( 5.430213086865835407E-08, 0.2000000000000001499, -2.999999999999999556 ) ) ;
#1605 =( LENGTH_UNIT ( ) NAMED_UNIT ( * ) SI_UNIT ( .MILLI., .METRE. ) );
#1606 = DIRECTION ( 'NONE',  ( -0.000000000000000000, -1.000000000000000000, -0.000000000000000000 ) ) ;
#1607 = CARTESIAN_POINT ( 'NONE',  ( -3.541265875000000118, -0.2999999986344069614, -1.466840353394025964 ) ) ;
#1608 = AXIS2_PLACEMENT_3D ( 'NONE', #1056, #3304, #1290 ) ;
#1609 = STYLED_ITEM ( 'NONE', ( #1367 ), #522 ) ;
#1610 = CARTESIAN_POINT ( 'NONE',  ( 3.000000000000000444, -5.299999999999999822, -3.673940397442060361E-16 ) ) ;
#1611 = VERTEX_POINT ( 'NONE', #1727 ) ;
#1612 = UNCERTAINTY_MEASURE_WITH_UNIT (LENGTH_MEASURE( 1.000000000000000082E-05 ), #1422, 'distance_accuracy_value', 'NONE');
#1613 = CARTESIAN_POINT ( 'NONE',  ( 1.046991557593049960, 219.0000000000000284, 3.895890698324410817 ) ) ;
#1614 = CARTESIAN_POINT ( 'NONE',  ( -2.121320343559642385, 1.324999999999999734, 2.121320343559643273 ) ) ;
#1615 = FILL_AREA_STYLE ('',( #855 ) ) ;
#1616 = CARTESIAN_POINT ( 'NONE',  ( -3.541265875000000118, -2.049999998634406850, 1.466840353394028629 ) ) ;
#1617 = CARTESIAN_POINT ( 'NONE',  ( 1.046991557593049960, 219.0000000000000284, 3.895890698324410817 ) ) ;
#1618 = ADVANCED_FACE ( 'NONE', ( #2989 ), #1139, .T. ) ;
#1619 = CARTESIAN_POINT ( 'NONE',  ( 1.466840353394025964, 0.4500000013655932607, -3.541265875000000118 ) ) ;
#1620 = CARTESIAN_POINT ( 'NONE',  ( 1.242640687119287213, -2.237499997268812990, 2.999999999999999556 ) ) ;
#1621 = FILL_AREA_STYLE_COLOUR ( '', #409 ) ;
#1622 = CARTESIAN_POINT ( 'NONE',  ( 0.000000000000000000, 4.200000000000000178, 0.000000000000000000 ) ) ;
#1623 = VERTEX_POINT ( 'NONE', #1245 ) ;
#1624 = CARTESIAN_POINT ( 'NONE',  ( 2.504053114197013041, -1.612499998634407294, -2.504053114197013485 ) ) ;
#1625 = CARTESIAN_POINT ( 'NONE',  ( 2.121320343559642829, -4.175000000000000711, -2.121320343559642829 ) ) ;
#1626 = ORIENTED_EDGE ( 'NONE', *, *, #173, .T. ) ;
#1627 = CARTESIAN_POINT ( 'NONE',  ( 5.159799029508471937E-16, 219.0000000000000284, -4.000000000000007105 ) ) ;
#1628 =( GEOMETRIC_REPRESENTATION_CONTEXT ( 3 ) GLOBAL_UNCERTAINTY_ASSIGNED_CONTEXT ( ( #1307 ) ) GLOBAL_UNIT_ASSIGNED_CONTEXT ( ( #957, #2674, #1737 ) ) REPRESENTATION_CONTEXT ( 'NONE', 'WORKASPACE' ) );
#1629 = SURFACE_SIDE_STYLE ('',( #1342 ) ) ;
#1630 = SURFACE_SIDE_STYLE ('',( #2168 ) ) ;
#1631 = CARTESIAN_POINT ( 'NONE',  ( -2.121320343559642385, 3.324999999999999734, 2.121320343559643273 ) ) ;
#1632 =( LENGTH_UNIT ( ) NAMED_UNIT ( * ) SI_UNIT ( .MILLI., .METRE. ) );
#1633 = CARTESIAN_POINT ( 'NONE',  ( 2.504053114197013041, 0.5125000013655933717, -2.504053114197013485 ) ) ;
#1634 = CARTESIAN_POINT ( 'NONE',  ( 4.000000000000007105, 219.0000000000000284, -0.5235987537816841897 ) ) ;
#1635 = CARTESIAN_POINT ( 'NONE',  ( -3.541265875000000563, -4.237499998634406850, 0.000000000000000000 ) ) ;
#1636 = CARTESIAN_POINT ( 'NONE',  ( -2.999999999999999556, -1.487499997268813434, 1.242640687119287657 ) ) ;
#1637 = PRESENTATION_LAYER_ASSIGNMENT (  '', '', ( #1366 ) ) ;
#1638 = EDGE_CURVE ( 'NONE', #1299, #3233, #946, .T. ) ;
#1639 = DIRECTION ( 'NONE',  ( -0.000000000000000000, -1.000000000000000000, -0.000000000000000000 ) ) ;
#1640 = DIRECTION ( 'NONE',  ( 1.051251000762384746E-17, -0.9963088353997399116, 0.08584115856868337890 ) ) ;
#1641 = CARTESIAN_POINT ( 'NONE',  ( 3.541265875000000563, -2.737499998634407294, -4.336799918748501460E-16 ) ) ;
#1642 = AXIS2_PLACEMENT_3D ( 'NONE', #2692, #400, #2709 ) ;
#1643 = MECHANICAL_DESIGN_GEOMETRIC_PRESENTATION_REPRESENTATION (  '', ( #2641 ), #31 ) ;
#1644 = ADVANCED_FACE ( 'NONE', ( #1532 ), #610, .T. ) ;
#1645 = CARTESIAN_POINT ( 'NONE',  ( 3.541265875000000118, 0.4500000013655932607, -1.466840353394025964 ) ) ;
#1646 =( GEOMETRIC_REPRESENTATION_CONTEXT ( 3 ) GLOBAL_UNCERTAINTY_ASSIGNED_CONTEXT ( ( #1683 ) ) GLOBAL_UNIT_ASSIGNED_CONTEXT ( ( #3092, #1331, #3282 ) ) REPRESENTATION_CONTEXT ( 'NONE', 'WORKASPACE' ) );
#1647 = ORIENTED_EDGE ( 'NONE', *, *, #1181, .T. ) ;
#1648 = UNCERTAINTY_MEASURE_WITH_UNIT (LENGTH_MEASURE( 1.000000000000000082E-05 ), #737, 'distance_accuracy_value', 'NONE');
#1649 = DIRECTION ( 'NONE',  ( 0.000000000000000000, 0.000000000000000000, -1.000000000000000000 ) ) ;
#1650 = DIRECTION ( 'NONE',  ( 0.000000000000000000, 0.000000000000000000, -1.000000000000000000 ) ) ;
#1651 = DIRECTION ( 'NONE',  ( -0.000000000000000000, -1.000000000000000000, -0.000000000000000000 ) ) ;
#1652 = CARTESIAN_POINT ( 'NONE',  ( -2.309401076758502480, 0.000000000000000000, 4.000000000000000000 ) ) ;
#1653 = CARTESIAN_POINT ( 'NONE',  ( -1.242640687119285658, 1.012499999999999512, -3.000000000000000888 ) ) ;
#1654 = CARTESIAN_POINT ( 'NONE',  ( 2.121320343559642829, 2.075000002731187010, -2.121320343559642829 ) ) ;
#1655 =( BOUNDED_CURVE ( )  B_SPLINE_CURVE ( 2, ( #1798, #2550, #2808, #517, #1550 ),
 .UNSPECIFIED., .F., .T. ) 
 B_SPLINE_CURVE_WITH_KNOTS ( ( 3, 2, 3 ),
 ( 0.3750000000000000000, 0.3875000000000000111, 0.4000000000000000222 ),
 .UNSPECIFIED. ) 
 CURVE ( )  GEOMETRIC_REPRESENTATION_ITEM ( )  RATIONAL_B_SPLINE_CURVE ( ( 1.000000000000000000, 0.9238795325112867385, 1.000000000000000000, 0.9238795325112867385, 1.000000000000000000 ) ) 
 REPRESENTATION_ITEM ( '' )  );
#1656 = CARTESIAN_POINT ( 'NONE',  ( -1.466840353394025964, -2.299999998634407739, -3.541265875000000118 ) ) ;
#1657 = CARTESIAN_POINT ( 'NONE',  ( 3.495145561765849784, 220.0000000000000284, 2.014475901327634322 ) ) ;
#1658 = CARTESIAN_POINT ( 'NONE',  ( -3.541265875000000118, -3.174999998634407294, 1.466840353394028629 ) ) ;
#1659 = CARTESIAN_POINT ( 'NONE',  ( 1.242640687119285658, -1.862499997268813656, -3.000000000000001332 ) ) ;
#1660 = CARTESIAN_POINT ( 'NONE',  ( -1.229654189474891135, 219.9999999999999716, 1.598873816087908795 ) ) ;
#1661 = DIRECTION ( 'NONE',  ( 1.000000000000000000, 0.000000000000000000, -1.224646799147353207E-16 ) ) ;
#1662 = CARTESIAN_POINT ( 'NONE',  ( -3.541265875000000118, -0.1749999986344068226, 1.466840353394028629 ) ) ;
#1663 = EDGE_CURVE ( 'NONE', #993, #1258, #2396, .T. ) ;
#1664 = CARTESIAN_POINT ( 'NONE',  ( 2.504053114197013929, 2.262500001365593150, 2.504053114197013041 ) ) ;
#1665 = VERTEX_POINT ( 'NONE', #2432 ) ;
#1666 = DIRECTION ( 'NONE',  ( 0.000000000000000000, -1.000000000000000000, 0.000000000000000000 ) ) ;
#1667 = ADVANCED_FACE ( 'NONE', ( #146 ), #2364, .F. ) ;
#1668 = VECTOR ( 'NONE', #2362, 1000.000000000000000 ) ;
#1669 = CARTESIAN_POINT ( 'NONE',  ( 2.458186879899664223, 219.0000000000000568, 3.198667369592726129 ) ) ;
#1670 = CARTESIAN_POINT ( 'NONE',  ( 0.000000000000000000, 4.200000000000000178, 0.000000000000000000 ) ) ;
#1671 = CARTESIAN_POINT ( 'NONE',  ( -2.458186895326384125, 219.0000000000000284, 3.198667354166008892 ) ) ;
#1672 = CARTESIAN_POINT ( 'NONE',  ( 2.121320343559643273, 2.825000002731186566, 2.121320343559642829 ) ) ;
#1673 = CARTESIAN_POINT ( 'NONE',  ( 1.466840353394027963, 0.2000000013655930942, 3.541265875000000118 ) ) ;
#1674 = CARTESIAN_POINT ( 'NONE',  ( -3.895890698324405932, 220.0000000000000284, -1.046991557593037525 ) ) ;
#1675 = CARTESIAN_POINT ( 'NONE',  ( 6.505199878122751944E-16, -1.987499998634406628, 3.541265875000000563 ) ) ;
#1676 = CARTESIAN_POINT ( 'NONE',  ( -1.242640687119286103, -5.362499997268814766, 3.000000000000000444 ) ) ;
#1677 = TOROIDAL_SURFACE ( 'NONE', #2827, 4.899999999999999467, 0.1000000000000000056 ) ;
#1678 =( LENGTH_UNIT ( ) NAMED_UNIT ( * ) SI_UNIT ( .MILLI., .METRE. ) );
#1679 = CARTESIAN_POINT ( 'NONE',  ( 3.541265875000000563, -1.737499998634406406, -4.336799918748501460E-16 ) ) ;
#1680 = CARTESIAN_POINT ( 'NONE',  ( 6.505199878122751944E-16, 1.137500001365593372, 3.541265875000000563 ) ) ;
#1681 = MECHANICAL_DESIGN_GEOMETRIC_PRESENTATION_REPRESENTATION (  '', ( #2834 ), #1244 ) ;
#1682 = ORIENTED_EDGE ( 'NONE', *, *, #3184, .F. ) ;
#1683 = UNCERTAINTY_MEASURE_WITH_UNIT (LENGTH_MEASURE( 1.000000000000000082E-05 ), #3092, 'distance_accuracy_value', 'NONE');
#1684 = FACE_BOUND ( 'NONE', #1733, .T. ) ;
#1685 = ORIENTED_EDGE ( 'NONE', *, *, #1148, .T. ) ;
#1686 = CARTESIAN_POINT ( 'NONE',  ( 0.000000000000000000, 2.299999999999968736, 4.500000000000000888 ) ) ;
#1687 = CARTESIAN_POINT ( 'NONE',  ( -2.504053114197013485, 3.637500001365593150, -2.504053114197013485 ) ) ;
#1688 =( NAMED_UNIT ( * ) SI_UNIT ( $, .STERADIAN. ) SOLID_ANGLE_UNIT ( ) );
#1689 = CARTESIAN_POINT ( 'NONE',  ( 3.000000000000000888, 3.012500002731187010, -1.242640687119285881 ) ) ;
#1690 = MECHANICAL_DESIGN_GEOMETRIC_PRESENTATION_REPRESENTATION (  '', ( #121 ), #1628 ) ;
#1691 = CARTESIAN_POINT ( 'NONE',  ( -2.999999999999999556, 0.2624999999999996780, 1.242640687119287657 ) ) ;
#1692 = CARTESIAN_POINT ( 'NONE',  ( 0.5235987537816663151, 220.0000000000000284, 3.999999999999765521 ) ) ;
#1693 = CARTESIAN_POINT ( 'NONE',  ( 2.504053114197013041, -1.612499998634407294, -2.504053114197013485 ) ) ;
#1694 = PRESENTATION_STYLE_ASSIGNMENT (( #2746 ) ) ;
#1695 = FACE_OUTER_BOUND ( 'NONE', #524, .T. ) ;
#1696 = CARTESIAN_POINT ( 'NONE',  ( 3.000000000000000444, 1.699999999999999734, -3.673940397442060361E-16 ) ) ;
#1697 = CARTESIAN_POINT ( 'NONE',  ( -2.168399959374250730E-16, -3.487499998634407294, -3.541265875000000563 ) ) ;
#1698 = CARTESIAN_POINT ( 'NONE',  ( 3.541265875000001007, 2.325000001365593150, 1.466840353394025298 ) ) ;
#1699 = ORIENTED_EDGE ( 'NONE', *, *, #2218, .T. ) ;
#1700 = CIRCLE ( 'NONE', #242, 0.1000000000000002554 ) ;
#1701 = VECTOR ( 'NONE', #1936, 1000.000000000000000 ) ;
#1702 = ORIENTED_EDGE ( 'NONE', *, *, #2916, .T. ) ;
#1703 = CARTESIAN_POINT ( 'NONE',  ( 0.000000000000000000, 3.000000000000002665, 0.000000000000000000 ) ) ;
#1704 = DIRECTION ( 'NONE',  ( -0.5000000000000000000, 0.000000000000000000, -0.8660254037844385966 ) ) ;
#1705 = FILL_AREA_STYLE ('',( #176 ) ) ;
#1706 = CIRCLE ( 'NONE', #1108, 3.000000000000000444 ) ;
#1707 = CARTESIAN_POINT ( 'NONE',  ( -3.000000000000000444, 2.199999999999999734, 0.000000000000000000 ) ) ;
#1708 = DIRECTION ( 'NONE',  ( 0.000000000000000000, 0.000000000000000000, 1.000000000000000000 ) ) ;
#1709 = CARTESIAN_POINT ( 'NONE',  ( -1.466840353394026408, -2.049999998634406850, 3.541265875000000118 ) ) ;
#1710 = CARTESIAN_POINT ( 'NONE',  ( 2.121320343559643273, 2.574999999999999734, 2.121320343559642829 ) ) ;
#1711 = CARTESIAN_POINT ( 'NONE',  ( 0.000000000000000000, 220.0000000000000284, 2.000000000000007105 ) ) ;
#1712 = EDGE_CURVE ( 'NONE', #126, #1037, #1193, .T. ) ;
#1713 = CARTESIAN_POINT ( 'NONE',  ( 0.000000000000000000, 4.200000000000000178, -3.000000000000000444 ) ) ;
#1714 = CARTESIAN_POINT ( 'NONE',  ( -3.541265875000000563, -5.237499998634407739, 0.000000000000000000 ) ) ;
#1715 = CARTESIAN_POINT ( 'NONE',  ( 3.541265875000001007, 3.325000001365593594, 1.466840353394025298 ) ) ;
#1716 = ORIENTED_EDGE ( 'NONE', *, *, #2234, .T. ) ;
#1717 = LINE ( 'NONE', #2264, #2606 ) ;
#1718 = PRESENTATION_STYLE_ASSIGNMENT (( #1185 ) ) ;
#1719 = ORIENTED_EDGE ( 'NONE', *, *, #2916, .F. ) ;
#1720 = LINE ( 'NONE', #145, #1429 ) ;
#1721 = CARTESIAN_POINT ( 'NONE',  ( -1.466840353394025964, 2.575000001365594482, -3.541265875000000563 ) ) ;
#1722 = PRODUCT_CONTEXT ( 'NONE', #2668, 'mechanical' ) ;
#1723 = AXIS2_PLACEMENT_3D ( 'NONE', #573, #325, #127 ) ;
#1724 = AXIS2_PLACEMENT_3D ( 'NONE', #2973, #451, #3206 ) ;
#1725 = CARTESIAN_POINT ( 'NONE',  ( 2.121320343559643273, -0.4250000000000000444, 2.121320343559642829 ) ) ;
#1726 = DIRECTION ( 'NONE',  ( 0.000000000000000000, 0.000000000000000000, -1.000000000000000000 ) ) ;
#1727 = CARTESIAN_POINT ( 'NONE',  ( 3.673940397442060361E-16, 4.200000000000000178, 3.000000000000000444 ) ) ;
#1728 = SURFACE_STYLE_FILL_AREA ( #2173 ) ;
#1729 = CARTESIAN_POINT ( 'NONE',  ( -3.541265875000000563, 3.762500001365593150, 0.000000000000000000 ) ) ;
#1730 = CARTESIAN_POINT ( 'NONE',  ( -1.466840353394025964, -4.424999998634406850, -3.541265875000000118 ) ) ;
#1731 =( BOUNDED_CURVE ( )  B_SPLINE_CURVE ( 2, ( #655, #638, #919, #1929, #1696, #3209, #1943, #2491, #221 ),
 .UNSPECIFIED., .F., .F. ) 
 B_SPLINE_CURVE_WITH_KNOTS ( ( 3, 2, 2, 2, 3 ),
 ( 0.2250000000000000056, 0.2374999999999999889, 0.2500000000000000000, 0.2625000000000000111, 0.2750000000000000222 ),
 .UNSPECIFIED. ) 
 CURVE ( )  GEOMETRIC_REPRESENTATION_ITEM ( )  RATIONAL_B_SPLINE_CURVE ( ( 1.000000000000000000, 0.9238795325112867385, 1.000000000000000000, 0.9238795325112867385, 1.000000000000000000, 0.9238795325112867385, 1.000000000000000000, 0.9238795325112867385, 1.000000000000000000 ) ) 
 REPRESENTATION_ITEM ( '' )  );
#1732 = CARTESIAN_POINT ( 'NONE',  ( -3.541265875000000563, -1.112499998634406850, 0.000000000000000000 ) ) ;
#1733 = EDGE_LOOP ( 'NONE', ( #3247, #1289, #1809, #2228, #2295, #2308 ) ) ;
#1734 = DIRECTION ( 'NONE',  ( 0.000000000000000000, 0.000000000000000000, -1.000000000000000000 ) ) ;
#1735 = VERTEX_POINT ( 'NONE', #2133 ) ;
#1736 = CARTESIAN_POINT ( 'NONE',  ( -2.504053114197013485, 1.637500001365592928, -2.504053114197013485 ) ) ;
#1737 =( NAMED_UNIT ( * ) SI_UNIT ( $, .STERADIAN. ) SOLID_ANGLE_UNIT ( ) );
#1738 = CARTESIAN_POINT ( 'NONE',  ( 5.510910596163089556E-16, 2.449999999999999734, 3.000000000000000444 ) ) ;
#1739 = CARTESIAN_POINT ( 'NONE',  ( 5.510910596163089556E-16, 1.449999999999999956, 3.000000000000000444 ) ) ;
#1740 = CARTESIAN_POINT ( 'NONE',  ( 3.673940397442060361E-16, 4.200000000000000178, 3.000000000000000444 ) ) ;
#1741 = CARTESIAN_POINT ( 'NONE',  ( 5.510910596163089556E-16, 2.449999999999999734, 3.000000000000000444 ) ) ;
#1742 = LINE ( 'NONE', #1210, #2963 ) ;
#1743 = VECTOR ( 'NONE', #1844, 1000.000000000000000 ) ;
#1744 = DIRECTION ( 'NONE',  ( -0.000000000000000000, 1.000000000000000000, -0.000000000000000000 ) ) ;
#1745 = CARTESIAN_POINT ( 'NONE',  ( 2.504053114197013041, -5.487499998634405962, -2.504053114197013485 ) ) ;
#1746 = CARTESIAN_POINT ( 'NONE',  ( -2.504053114197012597, -6.112499998634406850, 2.504053114197013929 ) ) ;
#1747 = EDGE_CURVE ( 'NONE', #589, #512, #2905, .T. ) ;
#1748 = CARTESIAN_POINT ( 'NONE',  ( 2.504053114197013929, -1.737499998634406406, 2.504053114197013041 ) ) ;
#1749 = ORIENTED_EDGE ( 'NONE', *, *, #1005, .T. ) ;
#1750 = SURFACE_STYLE_FILL_AREA ( #2968 ) ;
#1751 = CARTESIAN_POINT ( 'NONE',  ( -2.999999999999999556, 2.512500002731186566, 1.242640687119287657 ) ) ;
#1752 = EDGE_LOOP ( 'NONE', ( #3250, #1958 ) ) ;
#1753 = CARTESIAN_POINT ( 'NONE',  ( 1.466840353394027963, 1.075000001365593150, 3.541265875000000118 ) ) ;
#1754 = CARTESIAN_POINT ( 'NONE',  ( 3.541265875000001451, 1.200000001365593150, 1.466840353394025298 ) ) ;
#1755 = CARTESIAN_POINT ( 'NONE',  ( 0.000000000000000000, 9.828000243155790017, 0.000000000000000000 ) ) ;
#1756 = CARTESIAN_POINT ( 'NONE',  ( 2.121320343559642829, 3.824999999999999734, -2.121320343559642829 ) ) ;
#1757 = DIRECTION ( 'NONE',  ( 0.000000000000000000, -1.000000000000000000, 0.000000000000000000 ) ) ;
#1758 =( GEOMETRIC_REPRESENTATION_CONTEXT ( 3 ) GLOBAL_UNCERTAINTY_ASSIGNED_CONTEXT ( ( #1810 ) ) GLOBAL_UNIT_ASSIGNED_CONTEXT ( ( #1678, #1424, #354 ) ) REPRESENTATION_CONTEXT ( 'NONE', 'WORKASPACE' ) );
#1759 = CARTESIAN_POINT ( 'NONE',  ( -3.541265875000000563, 2.887500001365593150, 0.000000000000000000 ) ) ;
#1760 = CARTESIAN_POINT ( 'NONE',  ( 1.466840353394027963, -5.799999998634405962, 3.541265875000000118 ) ) ;
#1761 = CARTESIAN_POINT ( 'NONE',  ( -2.168399959374250730E-16, -5.487499998634405962, -3.541265875000000563 ) ) ;
#1762 = CARTESIAN_POINT ( 'NONE',  ( 1.466840353394027963, -1.799999998634406406, 3.541265875000000118 ) ) ;
#1763 = CARTESIAN_POINT ( 'NONE',  ( 5.430213086865835407E-08, 0.2000000000000001499, -2.999999999999999556 ) ) ;
#1764 = ORIENTED_EDGE ( 'NONE', *, *, #3185, .F. ) ;
#1765 = DIRECTION ( 'NONE',  ( 0.4999999999999997224, 0.000000000000000000, -0.8660254037844388186 ) ) ;
#1766 = CARTESIAN_POINT ( 'NONE',  ( 2.504053114197013929, 2.262500001365593150, 2.504053114197013041 ) ) ;
#1767 = EDGE_LOOP ( 'NONE', ( #2072, #1807, #2266, #129 ) ) ;
#1768 = CARTESIAN_POINT ( 'NONE',  ( -3.541265875000000563, 0.7000000013655931497, -1.466840353394025964 ) ) ;
#1769 = DIRECTION ( 'NONE',  ( 0.000000000000000000, -1.000000000000000000, 0.000000000000000000 ) ) ;
#1770 = CARTESIAN_POINT ( 'NONE',  ( 0.2617993768908428165, 220.0000000000000284, -2.000000000000007105 ) ) ;
#1771 =( NAMED_UNIT ( * ) SI_UNIT ( $, .STERADIAN. ) SOLID_ANGLE_UNIT ( ) );
#1772 = DIRECTION ( 'NONE',  ( 0.000000000000000000, 0.000000000000000000, -1.000000000000000000 ) ) ;
#1773 = CARTESIAN_POINT ( 'NONE',  ( -1.836970198721030181E-16, 1.200000002731186566, -3.000000000000000444 ) ) ;
#1774 = CARTESIAN_POINT ( 'NONE',  ( 3.541265875000000118, -4.549999998634406850, -1.466840353394025964 ) ) ;
#1775 = CARTESIAN_POINT ( 'NONE',  ( -1.836970198721030181E-16, 1.200000002731186566, -3.000000000000000444 ) ) ;
#1776 = CARTESIAN_POINT ( 'NONE',  ( -3.541265875000000118, -0.04999999863440672543, 1.466840353394028629 ) ) ;
#1777 = ORIENTED_EDGE ( 'NONE', *, *, #11, .T. ) ;
#1778 = CARTESIAN_POINT ( 'NONE',  ( 3.541265875000000118, 2.450000001365593594, -1.466840353394025964 ) ) ;
#1779 = ORIENTED_EDGE ( 'NONE', *, *, #3058, .T. ) ;
#1780 = CARTESIAN_POINT ( 'NONE',  ( -1.466840353394026630, 2.950000001365592706, 3.541265875000000563 ) ) ;
#1781 = DIRECTION ( 'NONE',  ( -0.000000000000000000, 1.000000000000000000, -0.000000000000000000 ) ) ;
#1782 = CARTESIAN_POINT ( 'NONE',  ( 0.000000000000000000, 21.60642344549165728, 0.000000000000000000 ) ) ;
#1783 = CARTESIAN_POINT ( 'NONE',  ( -1.466840353394025964, -5.424999998634405962, -3.541265875000000118 ) ) ;
#1784 = FACE_OUTER_BOUND ( 'NONE', #2967, .T. ) ;
#1785 = CARTESIAN_POINT ( 'NONE',  ( 2.504053114197013041, 0.5125000013655933717, -2.504053114197013485 ) ) ;
#1786 = CARTESIAN_POINT ( 'NONE',  ( -2.504053114197012597, 2.887500001365593150, 2.504053114197013929 ) ) ;
#1787 = CARTESIAN_POINT ( 'NONE',  ( 5.510910596163089556E-16, 0.7000000027311868989, 3.000000000000000444 ) ) ;
#1788 = CARTESIAN_POINT ( 'NONE',  ( 2.504053114197013929, 0.2625000013655930942, 2.504053114197013041 ) ) ;
#1789 = ORIENTED_EDGE ( 'NONE', *, *, #2197, .F. ) ;
#1790 = CARTESIAN_POINT ( 'NONE',  ( 3.000000000000000444, 1.699999999999999734, -3.673940397442060361E-16 ) ) ;
#1791 = CARTESIAN_POINT ( 'NONE',  ( 3.541265875000000563, 1.387500001365593150, -4.336799918748501460E-16 ) ) ;
#1792 = ORIENTED_EDGE ( 'NONE', *, *, #3078, .T. ) ;
#1793 = DIRECTION ( 'NONE',  ( 0.000000000000000000, 0.000000000000000000, -1.000000000000000000 ) ) ;
#1794 = DIRECTION ( 'NONE',  ( 0.000000000000000000, 0.000000000000000000, 1.000000000000000000 ) ) ;
#1795 = DIRECTION ( 'NONE',  ( 0.000000000000000000, 0.000000000000000000, -1.000000000000000000 ) ) ;
#1796 = CARTESIAN_POINT ( 'NONE',  ( 3.198667354165969812, 219.0000000000000284, -2.458186895326421872 ) ) ;
#1797 = EDGE_CURVE ( 'NONE', #813, #658, #3025, .T. ) ;
#1798 = CARTESIAN_POINT ( 'NONE',  ( 5.510910596163089556E-16, 0.4499999999999999001, 3.000000000000000444 ) ) ;
#1799 =( NAMED_UNIT ( * ) SI_UNIT ( $, .STERADIAN. ) SOLID_ANGLE_UNIT ( ) );
#1800 =( GEOMETRIC_REPRESENTATION_CONTEXT ( 3 ) GLOBAL_UNCERTAINTY_ASSIGNED_CONTEXT ( ( #1648 ) ) GLOBAL_UNIT_ASSIGNED_CONTEXT ( ( #737, #474, #1799 ) ) REPRESENTATION_CONTEXT ( 'NONE', 'WORKASPACE' ) );
#1801 = CARTESIAN_POINT ( 'NONE',  ( 1.355183752606221814, 0.2000000000000000111, 3.271703072424458014 ) ) ;
#1802 = CARTESIAN_POINT ( 'NONE',  ( -3.541265875000000563, 3.762500001365593150, 0.000000000000000000 ) ) ;
#1803 = EDGE_CURVE ( 'NONE', #3233, #496, #2789, .T. ) ;
#1804 = CARTESIAN_POINT ( 'NONE',  ( -2.121320343559642385, 0.5750000027311867878, 2.121320343559643273 ) ) ;
#1805 = VECTOR ( 'NONE', #654, 1000.000000000000000 ) ;
#1806 = CARTESIAN_POINT ( 'NONE',  ( 1.466840353394027963, -5.799999998634405962, 3.541265875000000118 ) ) ;
#1807 = ORIENTED_EDGE ( 'NONE', *, *, #2620, .T. ) ;
#1808 = CARTESIAN_POINT ( 'NONE',  ( -2.121320343559642829, -1.925000000000000488, -2.121320343559642829 ) ) ;
#1809 = ORIENTED_EDGE ( 'NONE', *, *, #2830, .F. ) ;
#1810 = UNCERTAINTY_MEASURE_WITH_UNIT (LENGTH_MEASURE( 1.000000000000000082E-05 ), #1678, 'distance_accuracy_value', 'NONE');
#1811 = DIRECTION ( 'NONE',  ( 0.000000000000000000, 0.000000000000000000, -1.000000000000000000 ) ) ;
#1812 = CARTESIAN_POINT ( 'NONE',  ( 3.000000000000000888, 3.762499999999999734, -1.242640687119285881 ) ) ;
#1813 = CARTESIAN_POINT ( 'NONE',  ( 2.458186895326424537, 219.0000000000000284, 3.198667354165965371 ) ) ;
#1814 = CARTESIAN_POINT ( 'NONE',  ( -3.011516872753289942, 0.2000000000000003164, 0.5410913470534951530 ) ) ;
#1815 = FILL_AREA_STYLE ('',( #1345 ) ) ;
#1816 = CYLINDRICAL_SURFACE ( 'NONE', #1022, 5.000000000000000000 ) ;
#1817 = CARTESIAN_POINT ( 'NONE',  ( -3.541265875000000118, 1.700000001365593150, -1.466840353394025964 ) ) ;
#1818 = CARTESIAN_POINT ( 'NONE',  ( 2.121320343559642829, -0.9249999972688136562, -2.121320343559642829 ) ) ;
#1819 = EDGE_CURVE ( 'NONE', #1492, #2281, #539, .T. ) ;
#1820 = CARTESIAN_POINT ( 'NONE',  ( 3.541265875000000118, -4.549999998634406850, -1.466840353394025964 ) ) ;
#1821 = ORIENTED_EDGE ( 'NONE', *, *, #1058, .T. ) ;
#1822 = CARTESIAN_POINT ( 'NONE',  ( 3.541265875000000118, 3.325000001365593594, -1.466840353394025964 ) ) ;
#1823 = CARTESIAN_POINT ( 'NONE',  ( -2.999999999999999556, -3.737499999999999822, 1.242640687119287657 ) ) ;
#1824 = ORIENTED_EDGE ( 'NONE', *, *, #2423, .T. ) ;
#1825 = VECTOR ( 'NONE', #1412, 1000.000000000000000 ) ;
#1826 = CARTESIAN_POINT ( 'NONE',  ( -3.270632937500000281, 4.043750000682796220, 0.000000000000000000 ) ) ;
#1827 = DIRECTION ( 'NONE',  ( -0.000000000000000000, 1.000000000000000000, -0.000000000000000000 ) ) ;
#1828 = CARTESIAN_POINT ( 'NONE',  ( 2.014475901327611229, 220.0000000000000284, 3.495145561765757414 ) ) ;
#1829 = DIRECTION ( 'NONE',  ( 0.000000000000000000, 0.000000000000000000, -1.000000000000000000 ) ) ;
#1830 = SURFACE_STYLE_USAGE ( .BOTH. , #1881 ) ;
#1831 = CARTESIAN_POINT ( 'NONE',  ( -3.541265875000000563, 0.8250000013655932607, -1.466840353394025964 ) ) ;
#1832 = DIRECTION ( 'NONE',  ( 0.000000000000000000, 0.000000000000000000, 1.000000000000000000 ) ) ;
#1833 = CARTESIAN_POINT ( 'NONE',  ( -2.504053114197012597, -1.112499998634406850, 2.504053114197013929 ) ) ;
#1834 = CARTESIAN_POINT ( 'NONE',  ( -3.000000000000001332, 0.3875000027311867323, -1.242640687119285658 ) ) ;
#1835 = DIRECTION ( 'NONE',  ( 0.000000000000000000, -1.000000000000000000, 0.000000000000000000 ) ) ;
#1836 = CARTESIAN_POINT ( 'NONE',  ( 3.541265875000001007, -4.674999998634406850, 1.466840353394025298 ) ) ;
#1837 = PRESENTATION_STYLE_ASSIGNMENT (( #1889 ) ) ;
#1838 = CARTESIAN_POINT ( 'NONE',  ( 3.541265875000001007, 2.200000001365593150, 1.466840353394025298 ) ) ;
#1839 = AXIS2_PLACEMENT_3D ( 'NONE', #2282, #2533, #543 ) ;
#1840 = CARTESIAN_POINT ( 'NONE',  ( -3.000000000000001332, -1.862500000000000488, -1.242640687119285658 ) ) ;
#1841 = VERTEX_POINT ( 'NONE', #2546 ) ;
#1842 = DIRECTION ( 'NONE',  ( -0.000000000000000000, 1.000000000000000000, -0.000000000000000000 ) ) ;
#1843 = ADVANCED_FACE ( 'NONE', ( #2028 ), #1448, .T. ) ;
#1844 = DIRECTION ( 'NONE',  ( 0.4999999999999999445, 0.000000000000000000, 0.8660254037844387076 ) ) ;
#1845 = CARTESIAN_POINT ( 'NONE',  ( 0.5235987537816831905, 220.0000000000000284, -3.999999999999992895 ) ) ;
#1846 = PRESENTATION_STYLE_ASSIGNMENT (( #547 ) ) ;
#1847 = CARTESIAN_POINT ( 'NONE',  ( 3.541265875000000563, 0.3875000013655932052, -4.336799918748501460E-16 ) ) ;
#1848 = CARTESIAN_POINT ( 'NONE',  ( 3.541265875000001007, -0.7999999986344065173, 1.466840353394025298 ) ) ;
#1849 = CARTESIAN_POINT ( 'NONE',  ( -1.836970198721030181E-16, -2.799999997268813434, -3.000000000000000444 ) ) ;
#1850 = PRESENTATION_LAYER_ASSIGNMENT (  '', '', ( #2913 ) ) ;
#1851 = DIRECTION ( 'NONE',  ( 0.000000000000000000, 0.000000000000000000, -1.000000000000000000 ) ) ;
#1852 = AXIS2_PLACEMENT_3D ( 'NONE', #2151, #890, #1923 ) ;
#1853 = CARTESIAN_POINT ( 'NONE',  ( 2.121320343559643273, 0.8250000027311865658, 2.121320343559642829 ) ) ;
#1854 = ORIENTED_EDGE ( 'NONE', *, *, #3257, .F. ) ;
#1855 = CARTESIAN_POINT ( 'NONE',  ( 6.505199878122751944E-16, -0.9874999986344067393, 3.541265875000000563 ) ) ;
#1856 = COLOUR_RGB ( '',1.000000000000000000, 0.8666666666666666963, 0.5294117647058823595 ) ;
#1857 = VECTOR ( 'NONE', #672, 1000.000000000000000 ) ;
#1858 = CARTESIAN_POINT ( 'NONE',  ( -1.242640687119286103, -4.612500000000000711, 3.000000000000000444 ) ) ;
#1859 = ORIENTED_EDGE ( 'NONE', *, *, #624, .T. ) ;
#1860 =( NAMED_UNIT ( * ) SI_UNIT ( $, .STERADIAN. ) SOLID_ANGLE_UNIT ( ) );
#1861 = EDGE_CURVE ( 'NONE', #797, #2513, #850, .T. ) ;
#1862 = FILL_AREA_STYLE ('',( #2600 ) ) ;
#1863 = CARTESIAN_POINT ( 'NONE',  ( 2.458186895326520016, 220.0000000000000284, -3.198667354166077281 ) ) ;
#1864 = CARTESIAN_POINT ( 'NONE',  ( 3.000000000000000444, 0.6999999999999996225, -3.673940397442060361E-16 ) ) ;
#1865 = CARTESIAN_POINT ( 'NONE',  ( -1.466840353394025964, -1.299999998634407294, -3.541265875000000118 ) ) ;
#1866 = CARTESIAN_POINT ( 'NONE',  ( 0.5235987537816831905, 220.0000000000000284, -3.999999999999992895 ) ) ;
#1867 = CARTESIAN_POINT ( 'NONE',  ( -2.504053114197013485, -0.3624999986344070169, -2.504053114197013485 ) ) ;
#1868 = CARTESIAN_POINT ( 'NONE',  ( 2.121320343559643273, -3.174999997268812990, 2.121320343559642829 ) ) ;
#1869 = DIRECTION ( 'NONE',  ( -1.877893248421448789E-16, 0.000000000000000000, -1.000000000000000000 ) ) ;
#1870 = CARTESIAN_POINT ( 'NONE',  ( 1.242640687119285658, 1.137500002731186788, -3.000000000000000888 ) ) ;
#1871 = EDGE_LOOP ( 'NONE', ( #3202, #2956, #310, #464 ) ) ;
#1872 = CARTESIAN_POINT ( 'NONE',  ( -2.504053114197012597, 0.8875000013655932607, 2.504053114197013929 ) ) ;
#1873 = AXIS2_PLACEMENT_3D ( 'NONE', #3139, #923, #95 ) ;
#1874 = VECTOR ( 'NONE', #2859, 1000.000000000000114 ) ;
#1875 = CARTESIAN_POINT ( 'NONE',  ( -3.000000000000000444, -2.800000000000000266, 0.000000000000000000 ) ) ;
#1876 = EDGE_LOOP ( 'NONE', ( #3299, #1240, #889, #3212 ) ) ;
#1877 = CARTESIAN_POINT ( 'NONE',  ( 0.000000000000000000, 9.828000243155790017, 0.000000000000000000 ) ) ;
#1878 = CARTESIAN_POINT ( 'NONE',  ( 3.198667369592726129, 219.0000000000000568, -2.458186879899663779 ) ) ;
#1879 = CARTESIAN_POINT ( 'NONE',  ( -4.000000000000006217, 219.0000000000000284, 0.5235987537816915172 ) ) ;
#1880 = CARTESIAN_POINT ( 'NONE',  ( -4.000000000000006217, 219.0000000000000568, 0.5235987755982989267 ) ) ;
#1881 = SURFACE_SIDE_STYLE ('',( #787 ) ) ;
#1882 = EDGE_CURVE ( 'NONE', #65, #1340, #2347, .T. ) ;
#1883 = CARTESIAN_POINT ( 'NONE',  ( 1.466840353394027963, -1.799999998634406406, 3.541265875000000118 ) ) ;
#1884 = CARTESIAN_POINT ( 'NONE',  ( -3.495145561765871101, 220.0000000000000284, -2.014475901327685836 ) ) ;
#1885 = CARTESIAN_POINT ( 'NONE',  ( 1.242640687119287213, 3.512500000000000178, 2.999999999999999556 ) ) ;
#1886 = CARTESIAN_POINT ( 'NONE',  ( 3.541265875000000118, -3.674999998634407294, -1.466840353394025964 ) ) ;
#1887 = CARTESIAN_POINT ( 'NONE',  ( -3.000000000000000444, -2.549999997268813434, 0.000000000000000000 ) ) ;
#1888 = SURFACE_STYLE_FILL_AREA ( #3149 ) ;
#1889 = SURFACE_STYLE_USAGE ( .BOTH. , #863 ) ;
#1890 = CARTESIAN_POINT ( 'NONE',  ( 3.541265875000000118, -1.674999998634407516, -1.466840353394025964 ) ) ;
#1891 = CARTESIAN_POINT ( 'NONE',  ( -3.541265875000000118, 2.825000001365594038, -1.466840353394025964 ) ) ;
#1892 = ORIENTED_EDGE ( 'NONE', *, *, #2695, .T. ) ;
#1893 = SURFACE_STYLE_FILL_AREA ( #2113 ) ;
#1894 =( GEOMETRIC_REPRESENTATION_CONTEXT ( 3 ) GLOBAL_UNCERTAINTY_ASSIGNED_CONTEXT ( ( #264 ) ) GLOBAL_UNIT_ASSIGNED_CONTEXT ( ( #490, #36, #1771 ) ) REPRESENTATION_CONTEXT ( 'NONE', 'WORKASPACE' ) );
#1895 = DIRECTION ( 'NONE',  ( 0.000000000000000000, -1.000000000000000000, 0.000000000000000000 ) ) ;
#1896 = CARTESIAN_POINT ( 'NONE',  ( -3.000000000000000444, 3.450000002731186566, 0.000000000000000000 ) ) ;
#1897 = CARTESIAN_POINT ( 'NONE',  ( -1.046991537437125475, 219.0000000000000568, 3.895890706673269310 ) ) ;
#1898 = CARTESIAN_POINT ( 'NONE',  ( -1.466840353394026408, -0.9249999986344066283, 3.541265875000000118 ) ) ;
#1899 = CARTESIAN_POINT ( 'NONE',  ( -1.947945349162212514, 220.0000000000000284, -0.5234957787965226483 ) ) ;
#1900 = CARTESIAN_POINT ( 'NONE',  ( 6.505199878122751944E-16, -3.987499998634406406, 3.541265875000000563 ) ) ;
#1901 = CARTESIAN_POINT ( 'NONE',  ( 3.000000000000001332, -4.987499997268813878, -1.242640687119285881 ) ) ;
#1902 = SURFACE_STYLE_USAGE ( .BOTH. , #2961 ) ;
#1903 = DIRECTION ( 'NONE',  ( 0.000000000000000000, 0.000000000000000000, 1.000000000000000000 ) ) ;
#1904 = CARTESIAN_POINT ( 'NONE',  ( -3.541265875000000118, 0.7000000013655931497, -1.466840353394025964 ) ) ;
#1905 = CARTESIAN_POINT ( 'NONE',  ( 1.242640687119287213, -5.487499999999999822, 2.999999999999999556 ) ) ;
#1906 = MECHANICAL_DESIGN_GEOMETRIC_PRESENTATION_REPRESENTATION (  '', ( #1366 ), #1646 ) ;
#1907 = VERTEX_POINT ( 'NONE', #2060 ) ;
#1908 = DIRECTION ( 'NONE',  ( 0.000000000000000000, -0.9963088353997399116, -0.08584115856868337890 ) ) ;
#1909 = FILL_AREA_STYLE_COLOUR ( '', #1406 ) ;
#1910 = DIRECTION ( 'NONE',  ( -0.000000000000000000, 1.000000000000000000, -0.000000000000000000 ) ) ;
#1911 = CARTESIAN_POINT ( 'NONE',  ( -3.541265875000000118, -3.049999998634406850, 1.466840353394028629 ) ) ;
#1912 = CARTESIAN_POINT ( 'NONE',  ( 3.198667354165969812, 219.0000000000000284, -2.458186895326421872 ) ) ;
#1913 = CARTESIAN_POINT ( 'NONE',  ( 3.541265875000000563, -2.737499998634407294, -4.336799918748501460E-16 ) ) ;
#1914 = CARTESIAN_POINT ( 'NONE',  ( -2.999999999999999556, -4.487499997268812990, 1.242640687119287657 ) ) ;
#1915 = CARTESIAN_POINT ( 'NONE',  ( 2.000071333509554350, 220.0000000000000568, -0.2610777017253977927 ) ) ;
#1916 = FACE_OUTER_BOUND ( 'NONE', #245, .T. ) ;
#1917 = CARTESIAN_POINT ( 'NONE',  ( -3.541265875000000563, -2.237499998634406850, 0.000000000000000000 ) ) ;
#1918 = CARTESIAN_POINT ( 'NONE',  ( 1.466840353394025964, 1.575000001365593816, -3.541265875000000118 ) ) ;
#1919 = ORIENTED_EDGE ( 'NONE', *, *, #424, .T. ) ;
#1920 = CIRCLE ( 'NONE', #2342, 4.951449575542748782 ) ;
#1921 = CARTESIAN_POINT ( 'NONE',  ( 3.495145553417037920, 219.0000000000000568, -2.014475921483600551 ) ) ;
#1922 = ORIENTED_EDGE ( 'NONE', *, *, #3051, .F. ) ;
#1923 = DIRECTION ( 'NONE',  ( 0.000000000000000000, 0.000000000000000000, -1.000000000000000000 ) ) ;
#1924 = CARTESIAN_POINT ( 'NONE',  ( -3.541265875000000563, 3.700000001365593150, -1.466840353394025964 ) ) ;
#1925 = CARTESIAN_POINT ( 'NONE',  ( 2.121320343559642829, 0.8249999999999997335, -2.121320343559642829 ) ) ;
#1926 = CARTESIAN_POINT ( 'NONE',  ( 3.495145561765905295, 220.0000000000000284, -2.014475901327694274 ) ) ;
#1927 = CARTESIAN_POINT ( 'NONE',  ( -2.504053114197012597, -5.112499998634407739, 2.504053114197013929 ) ) ;
#1928 = CARTESIAN_POINT ( 'NONE',  ( -2.121320343559642385, -5.424999997268813878, 2.121320343559643273 ) ) ;
#1929 = CARTESIAN_POINT ( 'NONE',  ( 3.000000000000000888, 1.762499999999999734, -1.242640687119285881 ) ) ;
#1930 = CARTESIAN_POINT ( 'NONE',  ( 3.000000000000000444, 2.950000002731186566, -3.673940397442060361E-16 ) ) ;
#1931 = CARTESIAN_POINT ( 'NONE',  ( 1.466840353394025964, 0.5750000013655933717, -3.541265875000000118 ) ) ;
#1932 = VERTEX_POINT ( 'NONE', #1341 ) ;
#1933 = CARTESIAN_POINT ( 'NONE',  ( -3.000000000000000888, 2.387500002731186566, -1.242640687119285658 ) ) ;
#1934 = ORIENTED_EDGE ( 'NONE', *, *, #408, .F. ) ;
#1935 = EDGE_CURVE ( 'NONE', #415, #3171, #764, .T. ) ;
#1936 = DIRECTION ( 'NONE',  ( -0.000000000000000000, -1.000000000000000000, -0.000000000000000000 ) ) ;
#1937 = CARTESIAN_POINT ( 'NONE',  ( -2.014475901327652085, 219.0000000000000284, -3.495145561765905740 ) ) ;
#1938 = CARTESIAN_POINT ( 'NONE',  ( -1.242640687119285658, 2.012499999999999289, -3.000000000000001332 ) ) ;
#1939 = CARTESIAN_POINT ( 'NONE',  ( -3.895890698324415258, 219.0000000000000284, -1.046991557593041078 ) ) ;
#1940 = CARTESIAN_POINT ( 'NONE',  ( -2.504053114197013485, -3.362499998634406850, -2.504053114197013485 ) ) ;
#1941 = CARTESIAN_POINT ( 'NONE',  ( 2.121320343559642829, -5.924999997268812990, -2.121320343559642829 ) ) ;
#1942 = CYLINDRICAL_SURFACE ( 'NONE', #1316, 0.4000000000000000222 ) ;
#1943 = CARTESIAN_POINT ( 'NONE',  ( 2.121320343559643273, 1.574999999999999512, 2.121320343559642829 ) ) ;
#1944 = CARTESIAN_POINT ( 'NONE',  ( -2.504053114197012597, -5.112499998634407739, 2.504053114197013929 ) ) ;
#1945 = CARTESIAN_POINT ( 'NONE',  ( 3.541265875000000563, 1.387500001365593150, -4.336799918748501460E-16 ) ) ;
#1946 = ORIENTED_EDGE ( 'NONE', *, *, #685, .F. ) ;
#1947 =( GEOMETRIC_REPRESENTATION_CONTEXT ( 3 ) GLOBAL_UNCERTAINTY_ASSIGNED_CONTEXT ( ( #2869 ) ) GLOBAL_UNIT_ASSIGNED_CONTEXT ( ( #2535, #1280, #3057 ) ) REPRESENTATION_CONTEXT ( 'NONE', 'WORKASPACE' ) );
#1948 = ORIENTED_EDGE ( 'NONE', *, *, #1861, .T. ) ;
#1949 = CARTESIAN_POINT ( 'NONE',  ( -4.618802153517005848, 0.000000000000000000, -1.291965570467107741E-16 ) ) ;
#1950 = CARTESIAN_POINT ( 'NONE',  ( 3.541265875000000563, 0.3250000013655931497, -1.466840353394025964 ) ) ;
#1951 = ADVANCED_FACE ( 'NONE', ( #1580 ), #499, .F. ) ;
#1952 = CARTESIAN_POINT ( 'NONE',  ( -1.242640687119286103, 2.387499999999999734, 3.000000000000000444 ) ) ;
#1953 = DIRECTION ( 'NONE',  ( 0.000000000000000000, -1.000000000000000000, 0.000000000000000000 ) ) ;
#1954 = DIRECTION ( 'NONE',  ( -0.000000000000000000, -1.000000000000000000, -0.000000000000000000 ) ) ;
#1955 = CARTESIAN_POINT ( 'NONE',  ( 3.000000000000000888, 2.762499999999999734, -1.242640687119285881 ) ) ;
#1956 = CARTESIAN_POINT ( 'NONE',  ( 1.466840353394027963, -3.924999998634405962, 3.541265875000000118 ) ) ;
#1957 = CARTESIAN_POINT ( 'NONE',  ( 3.541265875000001007, -0.6749999986344064062, 1.466840353394025298 ) ) ;
#1958 = ORIENTED_EDGE ( 'NONE', *, *, #317, .T. ) ;
#1959 = CARTESIAN_POINT ( 'NONE',  ( -3.541265875000000118, 3.825000001365593150, -1.466840353394025964 ) ) ;
#1960 = VERTEX_POINT ( 'NONE', #814 ) ;
#1961 = CARTESIAN_POINT ( 'NONE',  ( 1.466840353394025964, 2.450000001365593594, -3.541265875000000118 ) ) ;
#1962 = CARTESIAN_POINT ( 'NONE',  ( -3.541265875000000563, 1.700000001365593150, -1.466840353394025964 ) ) ;
#1963 = AXIS2_PLACEMENT_3D ( 'NONE', #2818, #1666, #849 ) ;
#1964 = CARTESIAN_POINT ( 'NONE',  ( -2.121320343559642829, -0.9250000000000004885, -2.121320343559642829 ) ) ;
#1965 = DIRECTION ( 'NONE',  ( 0.000000000000000000, 0.000000000000000000, -1.000000000000000000 ) ) ;
#1966 = CARTESIAN_POINT ( 'NONE',  ( 0.000000000000000000, 1.943380962103086196, 5.000000000000000000 ) ) ;
#1967 = ADVANCED_FACE ( 'NONE', ( #782 ), #207, .F. ) ;
#1968 = CARTESIAN_POINT ( 'NONE',  ( -2.121320343559642829, -5.674999997268812990, -2.121320343559642829 ) ) ;
#1969 = CARTESIAN_POINT ( 'NONE',  ( 5.510910596163089556E-16, 0.7000000027311868989, 3.000000000000000444 ) ) ;
#1970 = CARTESIAN_POINT ( 'NONE',  ( 1.466840353394025964, 3.575000001365593594, -3.541265875000000563 ) ) ;
#1971 = CIRCLE ( 'NONE', #640, 5.000000000000000000 ) ;
#1972 = CARTESIAN_POINT ( 'NONE',  ( 1.466840353394027963, -3.799999998634406850, 3.541265875000000118 ) ) ;
#1973 = CARTESIAN_POINT ( 'NONE',  ( 6.505199878122751944E-16, -5.987499998634405962, 3.541265875000000563 ) ) ;
#1974 =( BOUNDED_CURVE ( )  B_SPLINE_CURVE ( 2, ( #1359, #2873, #1631, #854, #297, #2397, #1598, #2063, #2116 ),
 .UNSPECIFIED., .F., .F. ) 
 B_SPLINE_CURVE_WITH_KNOTS ( ( 3, 2, 2, 2, 3 ),
 ( 0.07499999999999998335, 0.08749999999999999445, 0.1000000000000000056, 0.1125000000000000167, 0.1250000000000000278 ),
 .UNSPECIFIED. ) 
 CURVE ( )  GEOMETRIC_REPRESENTATION_ITEM ( )  RATIONAL_B_SPLINE_CURVE ( ( 1.000000000000000000, 0.9238795325112866275, 1.000000000000000000, 0.9238795325112867385, 1.000000000000000000, 0.9238795325112867385, 1.000000000000000000, 0.9238795325112865164, 1.000000000000000222 ) ) 
 REPRESENTATION_ITEM ( '' )  );
#1975 = CARTESIAN_POINT ( 'NONE',  ( 1.466840353394025964, -2.424999998634407739, -3.541265875000000118 ) ) ;
#1976 = CARTESIAN_POINT ( 'NONE',  ( 3.090457975408164248, 0.2000000000000000666, -1.259583488142562269 ) ) ;
#1977 = ORIENTED_EDGE ( 'NONE', *, *, #11, .F. ) ;
#1978 = DIRECTION ( 'NONE',  ( 0.000000000000000000, 0.000000000000000000, 1.000000000000000000 ) ) ;
#1979 = AXIS2_PLACEMENT_3D ( 'NONE', #2888, #110, #364 ) ;
#1980 = CARTESIAN_POINT ( 'NONE',  ( 3.541265875000000118, 3.450000001365593594, -1.466840353394025964 ) ) ;
#1981 = ORIENTED_EDGE ( 'NONE', *, *, #1391, .F. ) ;
#1982 = CARTESIAN_POINT ( 'NONE',  ( 3.541265875000001007, 1.200000001365593150, 1.466840353394025298 ) ) ;
#1983 = CARTESIAN_POINT ( 'NONE',  ( 6.505199878122751944E-16, 3.012500001365593150, 3.541265875000000563 ) ) ;
#1984 = PRESENTATION_LAYER_ASSIGNMENT (  '', '', ( #1410 ) ) ;
#1985 = CARTESIAN_POINT ( 'NONE',  ( 1.242640687119285658, -1.112500000000000711, -3.000000000000001332 ) ) ;
#1986 = DIRECTION ( 'NONE',  ( 0.000000000000000000, 0.000000000000000000, -1.000000000000000000 ) ) ;
#1987 = CARTESIAN_POINT ( 'NONE',  ( 3.541265875000000563, -5.737499998634405962, -4.336799918748501460E-16 ) ) ;
#1988 = CARTESIAN_POINT ( 'NONE',  ( -2.121320343559642829, 0.3250000027311865658, -2.121320343559642829 ) ) ;
#1989 = AXIS2_PLACEMENT_3D ( 'NONE', #1565, #1781, #1794 ) ;
#1990 = EDGE_CURVE ( 'NONE', #2026, #1574, #634, .T. ) ;
#1991 = CARTESIAN_POINT ( 'NONE',  ( -3.541265875000000563, 3.825000001365593150, -1.466840353394025964 ) ) ;
#1992 = CARTESIAN_POINT ( 'NONE',  ( -1.466840353394026408, -5.924999998634405962, 3.541265875000000118 ) ) ;
#1993 = CARTESIAN_POINT ( 'NONE',  ( 2.504053114197013929, -3.862499998634406850, 2.504053114197013041 ) ) ;
#1994 = CARTESIAN_POINT ( 'NONE',  ( 2.504053114197013041, -1.487499998634407072, -2.504053114197013485 ) ) ;
#1995 = ORIENTED_EDGE ( 'NONE', *, *, #1103, .T. ) ;
#1996 = DIRECTION ( 'NONE',  ( -0.000000000000000000, -1.000000000000000000, -0.000000000000000000 ) ) ;
#1997 = CARTESIAN_POINT ( 'NONE',  ( -1.242640687119284770, 2.637500002731187010, 3.000000000000001776 ) ) ;
#1998 = ORIENTED_EDGE ( 'NONE', *, *, #259, .T. ) ;
#1999 = CARTESIAN_POINT ( 'NONE',  ( 1.466840353394027963, 2.075000001365593150, 3.541265875000000563 ) ) ;
#2000 = DIRECTION ( 'NONE',  ( -0.000000000000000000, -1.000000000000000000, -0.000000000000000000 ) ) ;
#2001 = CARTESIAN_POINT ( 'NONE',  ( 1.007237950663844916, 220.0000000000000284, -1.747572780882948873 ) ) ;
#2002 = DIRECTION ( 'NONE',  ( -0.000000000000000000, 1.000000000000000000, -0.000000000000000000 ) ) ;
#2003 = VECTOR ( 'NONE', #738, 1000.000000000000000 ) ;
#2004 = CARTESIAN_POINT ( 'NONE',  ( 3.541265875000001451, 2.325000001365593150, 1.466840353394025298 ) ) ;
#2005 = CARTESIAN_POINT ( 'NONE',  ( -3.541265875000000118, 3.700000001365593150, -1.466840353394025964 ) ) ;
#2006 = CARTESIAN_POINT ( 'NONE',  ( 3.000000000000001332, 1.012500002731186788, -1.242640687119285881 ) ) ;
#2007 = CARTESIAN_POINT ( 'NONE',  ( 3.541265875000001007, -2.674999998634406406, 1.466840353394025298 ) ) ;
#2008 = CARTESIAN_POINT ( 'NONE',  ( 3.445789959638666300, 0.1999999999999996503, 0.02808592666670379004 ) ) ;
#2009 = VERTEX_POINT ( 'NONE', #2164 ) ;
#2010 = CARTESIAN_POINT ( 'NONE',  ( 3.541265875000000563, 2.387500001365593150, -4.336799918748501460E-16 ) ) ;
#2011 = VERTEX_POINT ( 'NONE', #2667 ) ;
#2012 = CARTESIAN_POINT ( 'NONE',  ( 6.505199878122751944E-16, 2.012500001365593150, 3.541265875000000563 ) ) ;
#2013 = LINE ( 'NONE', #34, #3169 ) ;
#2014 = CARTESIAN_POINT ( 'NONE',  ( 3.000000000000001776, 3.637500000000000178, 1.242640687119285214 ) ) ;
#2015 = CARTESIAN_POINT ( 'NONE',  ( -2.504053114197013485, -5.362499998634405962, -2.504053114197013485 ) ) ;
#2016 = PRESENTATION_LAYER_ASSIGNMENT (  '', '', ( #2443 ) ) ;
#2017 = CARTESIAN_POINT ( 'NONE',  ( -2.999999999999999556, 0.5125000027311867878, 1.242640687119287657 ) ) ;
#2018 = CIRCLE ( 'NONE', #1024, 4.000000000000000000 ) ;
#2019 = DIRECTION ( 'NONE',  ( 0.000000000000000000, 0.000000000000000000, 1.000000000000000000 ) ) ;
#2020 = CARTESIAN_POINT ( 'NONE',  ( 6.505199878122751944E-16, -3.862499998634406850, 3.541265875000000563 ) ) ;
#2021 = CARTESIAN_POINT ( 'NONE',  ( 1.242640687119285658, 0.1375000027311868989, -3.000000000000001332 ) ) ;
#2022 = CARTESIAN_POINT ( 'NONE',  ( -2.504053114197013485, -1.237499998634406850, -2.504053114197013485 ) ) ;
#2023 = ORIENTED_EDGE ( 'NONE', *, *, #1536, .T. ) ;
#2024 = ADVANCED_FACE ( 'NONE', ( #1124 ), #1409, .F. ) ;
#2025 = CARTESIAN_POINT ( 'NONE',  ( -2.504053114197012597, 3.012500001365593594, 2.504053114197013929 ) ) ;
#2026 = VERTEX_POINT ( 'NONE', #644 ) ;
#2027 = UNCERTAINTY_MEASURE_WITH_UNIT (LENGTH_MEASURE( 1.000000000000000082E-05 ), #1365, 'distance_accuracy_value', 'NONE');
#2028 = FACE_OUTER_BOUND ( 'NONE', #2981, .T. ) ;
#2029 = ADVANCED_FACE ( 'NONE', ( #1684, #3200 ), #2689, .T. ) ;
#2030 = PLANE ( 'NONE',  #1238 ) ;
#2031 = CARTESIAN_POINT ( 'NONE',  ( 6.063776873827955103E-16, 2.029130254674348155, 4.951449575542754999 ) ) ;
#2032 = CARTESIAN_POINT ( 'NONE',  ( -1.007237950663839587, 220.0000000000000284, -1.747572780882951093 ) ) ;
#2033 = CARTESIAN_POINT ( 'NONE',  ( 2.710505431213761085E-16, 220.0000000000000284, -2.000000000000007105 ) ) ;
#2034 = CARTESIAN_POINT ( 'NONE',  ( -1.466840353394025964, 1.700000001365593150, -3.541265875000000563 ) ) ;
#2035 = CARTESIAN_POINT ( 'NONE',  ( -2.168399959374250730E-16, -3.362499998634406850, -3.541265875000000563 ) ) ;
#2036 = CARTESIAN_POINT ( 'NONE',  ( -2.121320343559642829, 2.325000002731186566, -2.121320343559642829 ) ) ;
#2037 = CARTESIAN_POINT ( 'NONE',  ( -2.504053114197013485, -4.237499998634406850, -2.504053114197013485 ) ) ;
#2038 = VERTEX_POINT ( 'NONE', #1152 ) ;
#2039 = CARTESIAN_POINT ( 'NONE',  ( 2.121320343559642829, -2.175000000000000711, -2.121320343559642829 ) ) ;
#2040 = CARTESIAN_POINT ( 'NONE',  ( 3.541265875000000563, 3.387500001365593150, -4.336799918748501460E-16 ) ) ;
#2041 = VERTEX_POINT ( 'NONE', #1138 ) ;
#2042 =( GEOMETRIC_REPRESENTATION_CONTEXT ( 3 ) GLOBAL_UNCERTAINTY_ASSIGNED_CONTEXT ( ( #2296 ) ) GLOBAL_UNIT_ASSIGNED_CONTEXT ( ( #2645, #3117, #2055 ) ) REPRESENTATION_CONTEXT ( 'NONE', 'WORKASPACE' ) );
#2043 = CARTESIAN_POINT ( 'NONE',  ( 1.242640687119288323, 3.512499999999999734, 2.999999999999998224 ) ) ;
#2044 = CARTESIAN_POINT ( 'NONE',  ( 0.5235987537816682025, 219.0000000000000284, 4.000000000000007105 ) ) ;
#2045 = CARTESIAN_POINT ( 'NONE',  ( -2.123166451311944591, 0.2000000000000001221, 2.456236848917341398 ) ) ;
#2046 = CYLINDRICAL_SURFACE ( 'NONE', #1266, 3.000000000000000444 ) ;
#2047 = ADVANCED_FACE ( 'NONE', ( #611 ), #966, .T. ) ;
#2048 = COLOUR_RGB ( '',1.000000000000000000, 0.8666666666666666963, 0.5294117647058823595 ) ;
#2049 = CARTESIAN_POINT ( 'NONE',  ( -2.504053114197012597, 1.012500001365593372, 2.504053114197013929 ) ) ;
#2050 = CARTESIAN_POINT ( 'NONE',  ( -3.541265875000000563, 1.762500001365593150, 0.000000000000000000 ) ) ;
#2051 = CARTESIAN_POINT ( 'NONE',  ( 5.510910596163089556E-16, -0.2999999972688131011, 3.000000000000000444 ) ) ;
#2052 = FILL_AREA_STYLE ('',( #1621 ) ) ;
#2053 = COLOUR_RGB ( '',1.000000000000000000, 0.8666666666666666963, 0.5294117647058823595 ) ;
#2054 = CARTESIAN_POINT ( 'NONE',  ( 1.466840353394025964, -5.424999998634405962, -3.541265875000000118 ) ) ;
#2055 =( NAMED_UNIT ( * ) SI_UNIT ( $, .STERADIAN. ) SOLID_ANGLE_UNIT ( ) );
#2056 = CARTESIAN_POINT ( 'NONE',  ( -3.541265875000000118, 3.700000001365593150, -1.466840353394025964 ) ) ;
#2057 = B_SPLINE_CURVE_WITH_KNOTS ( 'NONE', 3,
 ( #917, #1192, #181, #3240, #962, #236, #1279, #3008, #3075, #2822, #2045, #532, #719, #1262, #786, #2793, #2765, #1814, #1533, #2300 ),
 .UNSPECIFIED., .F., .F.,
 ( 4, 2, 2, 2, 2, 2, 2, 2, 2, 4 ),
 ( 0.000000000000000000, 0.0008010711205318474032, 0.001602142241063694806, 0.002403213361595542101, 0.003204284482127389613, 0.004005355602659237124, 0.004405891162925160663, 0.004806426723191084202, 0.005607497843722932147, 0.006408568964254779225 ),
 .UNSPECIFIED. ) ;
#2058 = CARTESIAN_POINT ( 'NONE',  ( 3.000000000000000444, -2.300000000000000711, -3.673940397442060361E-16 ) ) ;
#2059 = VERTEX_POINT ( 'NONE', #591 ) ;
#2060 = CARTESIAN_POINT ( 'NONE',  ( 0.000000000000000000, 2.699999999999980194, 4.500000000000000888 ) ) ;
#2061 = CYLINDRICAL_SURFACE ( 'NONE', #801, 5.000000000000000000 ) ;
#2062 = CARTESIAN_POINT ( 'NONE',  ( 3.198667354165965371, 219.0000000000000284, 2.458186895326424537 ) ) ;
#2063 = CARTESIAN_POINT ( 'NONE',  ( -1.242640687119283438, 3.012499999999999289, -3.000000000000002665 ) ) ;
#2064 = SURFACE_SIDE_STYLE ('',( #1599 ) ) ;
#2065 = CARTESIAN_POINT ( 'NONE',  ( -1.466840353394026630, 1.075000001365593372, 3.541265875000000563 ) ) ;
#2066 = DIRECTION ( 'NONE',  ( 0.000000000000000000, -0.000000000000000000, 1.000000000000000000 ) ) ;
#2067 = CARTESIAN_POINT ( 'NONE',  ( -1.466840353394026408, 0.9500000013655933717, 3.541265875000000118 ) ) ;
#2068 = CARTESIAN_POINT ( 'NONE',  ( -2.121320343559642829, 0.3250000027311865658, -2.121320343559642829 ) ) ;
#2069 = PRESENTATION_STYLE_ASSIGNMENT (( #823 ) ) ;
#2070 = MECHANICAL_DESIGN_GEOMETRIC_PRESENTATION_REPRESENTATION (  '', ( #2443 ), #3248 ) ;
#2071 = CARTESIAN_POINT ( 'NONE',  ( 1.224646799147353207E-16, 9.828000243155790017, 1.000000000000000000 ) ) ;
#2072 = ORIENTED_EDGE ( 'NONE', *, *, #1028, .F. ) ;
#2073 = SURFACE_STYLE_USAGE ( .BOTH. , #2250 ) ;
#2074 = CARTESIAN_POINT ( 'NONE',  ( 2.121320343559643273, -2.425000000000000266, 2.121320343559642829 ) ) ;
#2075 = VERTEX_POINT ( 'NONE', #2870 ) ;
#2076 =( NAMED_UNIT ( * ) PLANE_ANGLE_UNIT ( ) SI_UNIT ( $, .RADIAN. ) );
#2077 = CARTESIAN_POINT ( 'NONE',  ( -2.458186895326182952, 220.0000000000000284, -3.198667354165959154 ) ) ;
#2078 = DIRECTION ( 'NONE',  ( 0.000000000000000000, 0.000000000000000000, -1.000000000000000000 ) ) ;
#2079 = PRESENTATION_STYLE_ASSIGNMENT (( #1568 ) ) ;
#2080 = CARTESIAN_POINT ( 'NONE',  ( 1.007237950663844916, 220.0000000000000284, -1.747572780882948873 ) ) ;
#2081 = DIRECTION ( 'NONE',  ( 0.000000000000000000, 0.000000000000000000, 1.000000000000000000 ) ) ;
#2082 = CARTESIAN_POINT ( 'NONE',  ( 2.504053114197013041, -0.6124999986344071834, -2.504053114197013485 ) ) ;
#2083 = CARTESIAN_POINT ( 'NONE',  ( 5.510910596163089556E-16, -5.299999997268813878, 3.000000000000000444 ) ) ;
#2084 = PRESENTATION_STYLE_ASSIGNMENT (( #1118 ) ) ;
#2085 = CARTESIAN_POINT ( 'NONE',  ( 6.505199878122751944E-16, -4.862499998634406850, 3.541265875000000563 ) ) ;
#2086 = SURFACE_SIDE_STYLE ('',( #336 ) ) ;
#2087 = ORIENTED_EDGE ( 'NONE', *, *, #239, .F. ) ;
#2088 = CARTESIAN_POINT ( 'NONE',  ( -2.168399959374250730E-16, -2.487499998634407294, -3.541265875000000563 ) ) ;
#2089 = ADVANCED_FACE ( 'NONE', ( #2392 ), #2285, .T. ) ;
#2090 = EDGE_CURVE ( 'NONE', #2739, #496, #2902, .T. ) ;
#2091 = CARTESIAN_POINT ( 'NONE',  ( 3.000000000000001332, -3.237500000000000711, -1.242640687119285881 ) ) ;
#2092 = EDGE_LOOP ( 'NONE', ( #2555, #1934, #1699, #1027 ) ) ;
#2093 = UNCERTAINTY_MEASURE_WITH_UNIT (LENGTH_MEASURE( 1.000000000000000082E-05 ), #2117, 'distance_accuracy_value', 'NONE');
#2094 = CARTESIAN_POINT ( 'NONE',  ( 3.895890706673269310, 219.0000000000000568, -1.046991537437122366 ) ) ;
#2095 = CARTESIAN_POINT ( 'NONE',  ( -1.599333677083045524, 220.0000000000000284, -1.229093447663182737 ) ) ;
#2096 = CARTESIAN_POINT ( 'NONE',  ( -3.895890706673269310, 219.0000000000000568, 1.046991537437123476 ) ) ;
#2097 = FACE_OUTER_BOUND ( 'NONE', #1871, .T. ) ;
#2098 = CARTESIAN_POINT ( 'NONE',  ( -3.541265875000000118, 0.8250000013655933717, -1.466840353394025964 ) ) ;
#2099 = CARTESIAN_POINT ( 'NONE',  ( 3.999999999999992895, 220.0000000000000284, -0.5235987537816824133 ) ) ;
#2100 = CARTESIAN_POINT ( 'NONE',  ( 3.541265875000001007, 1.200000001365593150, 1.466840353394025298 ) ) ;
#2101 = CARTESIAN_POINT ( 'NONE',  ( 2.121320343559643273, -5.174999997268813878, 2.121320343559642829 ) ) ;
#2102 = COLOUR_RGB ( '',1.000000000000000000, 0.8666666666666666963, 0.5294117647058823595 ) ;
#2103 = FACE_OUTER_BOUND ( 'NONE', #642, .T. ) ;
#2104 = CIRCLE ( 'NONE', #2317, 4.500000000000000888 ) ;
#2105 = CARTESIAN_POINT ( 'NONE',  ( 2.504053114197013929, -3.737499998634406406, 2.504053114197013041 ) ) ;
#2106 = FACE_OUTER_BOUND ( 'NONE', #1514, .T. ) ;
#2107 = EDGE_LOOP ( 'NONE', ( #2311, #1777, #468, #627 ) ) ;
#2108 = CARTESIAN_POINT ( 'NONE',  ( -3.541265875000000563, -0.2374999986344069058, 0.000000000000000000 ) ) ;
#2109 = PRESENTATION_LAYER_ASSIGNMENT (  '', '', ( #2270 ) ) ;
#2110 = CARTESIAN_POINT ( 'NONE',  ( 5.510910596163089556E-16, -1.550000000000000266, 3.000000000000000444 ) ) ;
#2111 = ORIENTED_EDGE ( 'NONE', *, *, #1005, .F. ) ;
#2112 = EDGE_CURVE ( 'NONE', #2611, #2984, #963, .T. ) ;
#2113 = FILL_AREA_STYLE ('',( #1107 ) ) ;
#2114 = CARTESIAN_POINT ( 'NONE',  ( 1.355183752606221814, 0.2000000000000000111, 3.271703072424458014 ) ) ;
#2115 = CARTESIAN_POINT ( 'NONE',  ( -3.895890698324409929, 219.0000000000000284, 1.046991557593049293 ) ) ;
#2116 = CARTESIAN_POINT ( 'NONE',  ( -1.836970198721030181E-16, 2.949999999999999289, -3.000000000000000444 ) ) ;
#2117 =( LENGTH_UNIT ( ) NAMED_UNIT ( * ) SI_UNIT ( .MILLI., .METRE. ) );
#2118 = CARTESIAN_POINT ( 'NONE',  ( 2.504053114197013929, 0.2625000013655930942, 2.504053114197013041 ) ) ;
#2119 = CARTESIAN_POINT ( 'NONE',  ( 2.458186895326520016, 220.0000000000000284, -3.198667354166077281 ) ) ;
#2120 = CARTESIAN_POINT ( 'NONE',  ( 3.000000000000001776, 3.637499999999999289, 1.242640687119285436 ) ) ;
#2121 = CARTESIAN_POINT ( 'NONE',  ( 2.504053114197013041, 0.3875000013655932052, -2.504053114197013485 ) ) ;
#2122 = CARTESIAN_POINT ( 'NONE',  ( -1.242640687119286103, -2.362499997268812990, 3.000000000000000444 ) ) ;
#2123 = FILL_AREA_STYLE_COLOUR ( '', #1856 ) ;
#2124 = DIRECTION ( 'NONE',  ( -0.000000000000000000, 1.000000000000000000, -0.000000000000000000 ) ) ;
#2125 = DIRECTION ( 'NONE',  ( 0.000000000000000000, 0.000000000000000000, -1.000000000000000000 ) ) ;
#2126 = EDGE_LOOP ( 'NONE', ( #3288, #1353, #443, #1220 ) ) ;
#2127 = CARTESIAN_POINT ( 'NONE',  ( 2.504053114197013041, -2.612499998634407294, -2.504053114197013485 ) ) ;
#2128 = CARTESIAN_POINT ( 'NONE',  ( 3.541265875000001007, 1.325000001365593372, 1.466840353394025298 ) ) ;
#2129 = ORIENTED_EDGE ( 'NONE', *, *, #1417, .T. ) ;
#2130 = DIRECTION ( 'NONE',  ( 0.000000000000000000, 0.000000000000000000, 1.000000000000000000 ) ) ;
#2131 = ADVANCED_FACE ( 'NONE', ( #2631 ), #1389, .T. ) ;
#2132 =( LENGTH_UNIT ( ) NAMED_UNIT ( * ) SI_UNIT ( .MILLI., .METRE. ) );
#2133 = CARTESIAN_POINT ( 'NONE',  ( 0.000000000000000000, 4.200000000000000178, -0.4000000000000000222 ) ) ;
#2134 = CARTESIAN_POINT ( 'NONE',  ( -2.999999999999999556, 1.262499999999999734, 1.242640687119287657 ) ) ;
#2135 = CARTESIAN_POINT ( 'NONE',  ( 1.242640687119288323, 2.762500002731186566, 2.999999999999998224 ) ) ;
#2136 = EDGE_CURVE ( 'NONE', #377, #1623, #3172, .T. ) ;
#2137 = EDGE_CURVE ( 'NONE', #230, #2720, #2923, .T. ) ;
#2138 = CARTESIAN_POINT ( 'NONE',  ( -1.466840353394026408, -1.924999998634406628, 3.541265875000000118 ) ) ;
#2139 = CARTESIAN_POINT ( 'NONE',  ( -2.000000000000007105, 220.0000000000000284, -0.2617993768908397634 ) ) ;
#2140 = CARTESIAN_POINT ( 'NONE',  ( 1.466840353394025964, -3.549999998634407294, -3.541265875000000118 ) ) ;
#2141 = CARTESIAN_POINT ( 'NONE',  ( 3.000000000000001332, -3.987499997268813878, -1.242640687119285881 ) ) ;
#2142 =( LENGTH_UNIT ( ) NAMED_UNIT ( * ) SI_UNIT ( .MILLI., .METRE. ) );
#2143 = CARTESIAN_POINT ( 'NONE',  ( -1.836970198721030181E-16, 2.949999999999999289, -3.000000000000000444 ) ) ;
#2144 = CARTESIAN_POINT ( 'NONE',  ( 1.466840353394027963, 0.07500000136559296926, 3.541265875000000118 ) ) ;
#2145 = MECHANICAL_DESIGN_GEOMETRIC_PRESENTATION_REPRESENTATION (  '', ( #386 ), #2836 ) ;
#2146 = CARTESIAN_POINT ( 'NONE',  ( -3.541265875000000563, 3.887500001365593150, 0.000000000000000000 ) ) ;
#2147 = ORIENTED_EDGE ( 'NONE', *, *, #14, .T. ) ;
#2148 = DIRECTION ( 'NONE',  ( 0.000000000000000000, 0.000000000000000000, -1.000000000000000000 ) ) ;
#2149 = VECTOR ( 'NONE', #717, 1000.000000000000000 ) ;
#2150 = DIRECTION ( 'NONE',  ( 0.000000000000000000, -1.000000000000000000, 0.000000000000000000 ) ) ;
#2151 = CARTESIAN_POINT ( 'NONE',  ( 0.000000000000000000, 0.5999999999999460210, 0.000000000000000000 ) ) ;
#2152 = CARTESIAN_POINT ( 'NONE',  ( -1.836970198721030181E-16, 3.200000002731186566, -3.000000000000000444 ) ) ;
#2153 = CARTESIAN_POINT ( 'NONE',  ( 3.541265875000000118, -2.549999998634408183, -1.466840353394025964 ) ) ;
#2154 = CARTESIAN_POINT ( 'NONE',  ( 4.000000000000007105, 219.0000000000000284, 0.5235987537816846338 ) ) ;
#2155 = EDGE_CURVE ( 'NONE', #990, #2059, #1717, .T. ) ;
#2156 = CARTESIAN_POINT ( 'NONE',  ( 3.541265875000000118, -1.674999998634407516, -1.466840353394025964 ) ) ;
#2157 = ADVANCED_FACE ( 'NONE', ( #2444 ), #193, .T. ) ;
#2158 = CARTESIAN_POINT ( 'NONE',  ( -1.836970198721030181E-16, -3.799999997268813434, -3.000000000000000444 ) ) ;
#2159 = FILL_AREA_STYLE_COLOUR ( '', #2053 ) ;
#2160 = CARTESIAN_POINT ( 'NONE',  ( -3.541265875000000563, 0.7625000013655931497, 0.000000000000000000 ) ) ;
#2161 =( GEOMETRIC_REPRESENTATION_CONTEXT ( 3 ) GLOBAL_UNCERTAINTY_ASSIGNED_CONTEXT ( ( #1546 ) ) GLOBAL_UNIT_ASSIGNED_CONTEXT ( ( #1300, #2483, #1496 ) ) REPRESENTATION_CONTEXT ( 'NONE', 'WORKASPACE' ) );
#2162 = CARTESIAN_POINT ( 'NONE',  ( -1.466840353394025964, 1.700000001365593150, -3.541265875000000118 ) ) ;
#2163 = EDGE_LOOP ( 'NONE', ( #3037, #78, #2735, #142 ) ) ;
#2164 = CARTESIAN_POINT ( 'NONE',  ( 2.309401076758503368, 0.2000000000000000111, -4.000000000000000888 ) ) ;
#2165 = CARTESIAN_POINT ( 'NONE',  ( 0.000000000000000000, 10.17136487743051987, 0.000000000000000000 ) ) ;
#2166 = EDGE_LOOP ( 'NONE', ( #1199, #1922 ) ) ;
#2167 = DIRECTION ( 'NONE',  ( 0.4999999999999997224, 0.000000000000000000, -0.8660254037844388186 ) ) ;
#2168 = SURFACE_STYLE_FILL_AREA ( #2925 ) ;
#2169 = CARTESIAN_POINT ( 'NONE',  ( 3.541265875000000118, -0.5499999986344070724, -1.466840353394025964 ) ) ;
#2170 = CARTESIAN_POINT ( 'NONE',  ( 0.000000000000000000, 220.0000000000000284, 2.000000000000007105 ) ) ;
#2171 = CARTESIAN_POINT ( 'NONE',  ( -3.541265875000000118, -4.174999998634405962, 1.466840353394028629 ) ) ;
#2172 = DIRECTION ( 'NONE',  ( -0.000000000000000000, 1.000000000000000000, -0.000000000000000000 ) ) ;
#2173 = FILL_AREA_STYLE ('',( #2159 ) ) ;
#2174 = DIRECTION ( 'NONE',  ( 0.000000000000000000, 0.000000000000000000, 1.000000000000000000 ) ) ;
#2175 = CARTESIAN_POINT ( 'NONE',  ( 2.121320343559642829, 3.075000002731187010, -2.121320343559642829 ) ) ;
#2176 = CARTESIAN_POINT ( 'NONE',  ( -2.121320343559642385, -5.675000000000000711, 2.121320343559643273 ) ) ;
#2177 = ORIENTED_EDGE ( 'NONE', *, *, #1416, .T. ) ;
#2178 = COLOUR_RGB ( '',1.000000000000000000, 0.8666666666666666963, 0.5294117647058823595 ) ;
#2179 = DIRECTION ( 'NONE',  ( 0.000000000000000000, -0.000000000000000000, -1.000000000000000000 ) ) ;
#2180 = ADVANCED_BREP_SHAPE_REPRESENTATION ( '80mm antenna SMA', ( #2348, #19 ), #3056 ) ;
#2181 = PRESENTATION_LAYER_ASSIGNMENT (  '', '', ( #1338 ) ) ;
#2182 = CARTESIAN_POINT ( 'NONE',  ( 6.123233995736766282E-16, 3.056619037896890489, -5.000000000000000000 ) ) ;
#2183 = EDGE_LOOP ( 'NONE', ( #3190, #1948, #9, #1025 ) ) ;
#2184 = DIRECTION ( 'NONE',  ( -0.000000000000000000, 1.000000000000000000, -0.000000000000000000 ) ) ;
#2185 =( NAMED_UNIT ( * ) SI_UNIT ( $, .STERADIAN. ) SOLID_ANGLE_UNIT ( ) );
#2186 = SHAPE_DEFINITION_REPRESENTATION ( #134, #2180 ) ;
#2187 = CARTESIAN_POINT ( 'NONE',  ( -1.242640687119285658, 0.01249999999999949069, -3.000000000000001332 ) ) ;
#2188 = CARTESIAN_POINT ( 'NONE',  ( 0.000000000000000000, 219.0000000000000284, 4.000000000000007105 ) ) ;
#2189 = CARTESIAN_POINT ( 'NONE',  ( 2.504053114197013929, -3.862499998634406850, 2.504053114197013041 ) ) ;
#2190 = CARTESIAN_POINT ( 'NONE',  ( 2.121320343559643273, -6.174999997268812990, 2.121320343559642829 ) ) ;
#2191 = CARTESIAN_POINT ( 'NONE',  ( -0.2621609551486932532, 220.0000000000000568, 2.000000000000007105 ) ) ;
#2192 = CARTESIAN_POINT ( 'NONE',  ( -1.836970198721030181E-16, 3.949999999999999734, -3.000000000000000444 ) ) ;
#2193 = CARTESIAN_POINT ( 'NONE',  ( -3.541265875000000563, -4.237499998634406850, 0.000000000000000000 ) ) ;
#2194 = CARTESIAN_POINT ( 'NONE',  ( 3.541265875000000118, 1.450000001365593594, -1.466840353394025964 ) ) ;
#2195 = ORIENTED_EDGE ( 'NONE', *, *, #664, .T. ) ;
#2196 = CARTESIAN_POINT ( 'NONE',  ( 0.000000000000000000, 0.5999999999999460210, 0.3999999999999722666 ) ) ;
#2197 = EDGE_CURVE ( 'NONE', #2828, #1932, #1556, .T. ) ;
#2198 = DIRECTION ( 'NONE',  ( 1.000000000000000000, 0.000000000000000000, -0.000000000000000000 ) ) ;
#2199 = ORIENTED_EDGE ( 'NONE', *, *, #2810, .F. ) ;
#2200 = FACE_OUTER_BOUND ( 'NONE', #44, .T. ) ;
#2201 = CARTESIAN_POINT ( 'NONE',  ( 2.504053114197013929, 1.137500001365592928, 2.504053114197013041 ) ) ;
#2202 = CARTESIAN_POINT ( 'NONE',  ( -2.121320343559642829, 1.074999999999999512, -2.121320343559642829 ) ) ;
#2203 = DIRECTION ( 'NONE',  ( -0.000000000000000000, 1.000000000000000000, -0.000000000000000000 ) ) ;
#2204 = CARTESIAN_POINT ( 'NONE',  ( 1.466840353394027963, -1.924999998634406628, 3.541265875000000118 ) ) ;
#2205 = CARTESIAN_POINT ( 'NONE',  ( -1.242640687119285658, -5.737499997268812102, -3.000000000000001332 ) ) ;
#2206 = CARTESIAN_POINT ( 'NONE',  ( 1.229553308658625221, 220.0000000000000284, 1.598772935270922124 ) ) ;
#2207 = CARTESIAN_POINT ( 'NONE',  ( 0.000000000000000000, 0.2000000000000057288, 5.000000000000000000 ) ) ;
#2208 = CARTESIAN_POINT ( 'NONE',  ( 1.466840353394025964, -4.549999998634406850, -3.541265875000000118 ) ) ;
#2209 = CARTESIAN_POINT ( 'NONE',  ( 2.504053114197013041, -3.487499998634407294, -2.504053114197013485 ) ) ;
#2210 = VERTEX_POINT ( 'NONE', #2514 ) ;
#2211 = PRESENTATION_LAYER_ASSIGNMENT (  '', '', ( #887 ) ) ;
#2212 = AXIS2_PLACEMENT_3D ( 'NONE', #1570, #549, #3246 ) ;
#2213 = ORIENTED_EDGE ( 'NONE', *, *, #2852, .T. ) ;
#2214 = CARTESIAN_POINT ( 'NONE',  ( -3.541265875000000563, 0.8250000013655932607, 1.466840353394028629 ) ) ;
#2215 = APPLICATION_PROTOCOL_DEFINITION ( 'draft international standard', 'automotive_design', 1998, #2668 ) ;
#2216 = STYLED_ITEM ( 'NONE', ( #2728 ), #2461 ) ;
#2217 = CARTESIAN_POINT ( 'NONE',  ( -2.121320343559642385, 0.3249999999999997891, 2.121320343559643273 ) ) ;
#2218 = EDGE_CURVE ( 'NONE', #1528, #1594, #2736, .T. ) ;
#2219 = CARTESIAN_POINT ( 'NONE',  ( -4.000000000000006217, 219.0000000000000284, 0.5235987537816915172 ) ) ;
#2220 = CARTESIAN_POINT ( 'NONE',  ( -2.168399959374250730E-16, -5.487499998634405962, -3.541265875000000563 ) ) ;
#2221 = DIRECTION ( 'NONE',  ( 0.000000000000000000, -1.000000000000000000, 0.000000000000000000 ) ) ;
#2222 = B_SPLINE_CURVE_WITH_KNOTS ( 'NONE', 3,
 ( #3141, #2924, #908, #2379, #613, #2114 ),
 .UNSPECIFIED., .F., .F.,
 ( 4, 2, 4 ),
 ( 0.000000000000000000, 0.001394616363274626958, 0.002789232726549253916 ),
 .UNSPECIFIED. ) ;
#2223 = LINE ( 'NONE', #2978, #2003 ) ;
#2224 = CARTESIAN_POINT ( 'NONE',  ( 3.541265875000001007, -4.674999998634406850, 1.466840353394025298 ) ) ;
#2225 = CARTESIAN_POINT ( 'NONE',  ( 2.504053114197013929, -5.862499998634405962, 2.504053114197013041 ) ) ;
#2226 = CARTESIAN_POINT ( 'NONE',  ( 3.541265875000000118, -2.549999998634408183, -1.466840353394025964 ) ) ;
#2227 = LINE ( 'NONE', #2770, #3181 ) ;
#2228 = ORIENTED_EDGE ( 'NONE', *, *, #1663, .F. ) ;
#2229 =( LENGTH_UNIT ( ) NAMED_UNIT ( * ) SI_UNIT ( .MILLI., .METRE. ) );
#2230 = CARTESIAN_POINT ( 'NONE',  ( -2.121320343559642385, 2.575000002731187010, 2.121320343559643273 ) ) ;
#2231 = ORIENTED_EDGE ( 'NONE', *, *, #1561, .T. ) ;
#2232 = CARTESIAN_POINT ( 'NONE',  ( -3.541265875000000118, 2.825000001365594038, 1.466840353394028629 ) ) ;
#2233 = CARTESIAN_POINT ( 'NONE',  ( 1.466840353394025964, 2.450000001365593150, -3.541265875000000563 ) ) ;
#2234 = EDGE_CURVE ( 'NONE', #2559, #377, #2235, .T. ) ;
#2235 = CIRCLE ( 'NONE', #796, 4.014764658401049680 ) ;
#2236 = CARTESIAN_POINT ( 'NONE',  ( 5.510910596163089556E-16, 1.449999999999999956, 3.000000000000000444 ) ) ;
#2237 = CARTESIAN_POINT ( 'NONE',  ( 3.541265875000001007, -5.799999998634405962, 1.466840353394025298 ) ) ;
#2238 = CARTESIAN_POINT ( 'NONE',  ( -1.242640687119286103, -6.362499997268812990, 3.000000000000000444 ) ) ;
#2239 = CARTESIAN_POINT ( 'NONE',  ( -2.121320343559642385, 0.5750000027311867878, 2.121320343559643273 ) ) ;
#2240 = CARTESIAN_POINT ( 'NONE',  ( -1.466840353394026630, 3.075000001365593150, 3.541265875000000563 ) ) ;
#2241 = CARTESIAN_POINT ( 'NONE',  ( -3.541265875000000563, -4.112499998634406850, 0.000000000000000000 ) ) ;
#2242 = CARTESIAN_POINT ( 'NONE',  ( -3.541265875000000118, -5.299999998634405074, -1.466840353394025964 ) ) ;
#2243 = CARTESIAN_POINT ( 'NONE',  ( -2.168399959374250730E-16, -1.362499998634407072, -3.541265875000000563 ) ) ;
#2244 = CARTESIAN_POINT ( 'NONE',  ( 2.640315631743946678, 0.2000000000000001221, -1.927617931505977156 ) ) ;
#2245 = ORIENTED_EDGE ( 'NONE', *, *, #1475, .T. ) ;
#2246 = CARTESIAN_POINT ( 'NONE',  ( 0.000000000000000000, 220.0000000000000284, 0.000000000000000000 ) ) ;
#2247 = PRESENTATION_LAYER_ASSIGNMENT (  '', '', ( #2834 ) ) ;
#2248 = SURFACE_SIDE_STYLE ('',( #2498 ) ) ;
#2249 = VERTEX_POINT ( 'NONE', #693 ) ;
#2250 = SURFACE_SIDE_STYLE ('',( #211 ) ) ;
#2251 = CARTESIAN_POINT ( 'NONE',  ( 3.271703049761887971, 0.1999999999999999001, 1.355183807318505407 ) ) ;
#2252 = CARTESIAN_POINT ( 'NONE',  ( -4.000000000000007994, 219.0000000000000284, -0.5235987537816786386 ) ) ;
#2253 = FACE_OUTER_BOUND ( 'NONE', #2107, .T. ) ;
#2254 = CARTESIAN_POINT ( 'NONE',  ( 1.229093447663210936, 220.0000000000000284, -1.599333677083017546 ) ) ;
#2255 = CYLINDRICAL_SURFACE ( 'NONE', #1526, 5.000000000000000000 ) ;
#2256 = FILL_AREA_STYLE ('',( #3028 ) ) ;
#2257 = AXIS2_PLACEMENT_3D ( 'NONE', #164, #2763, #1726 ) ;
#2258 = CARTESIAN_POINT ( 'NONE',  ( -1.242640687119288101, 1.637500002731186566, 2.999999999999998224 ) ) ;
#2259 = CARTESIAN_POINT ( 'NONE',  ( -1.466840353394025964, -3.299999998634406850, -3.541265875000000118 ) ) ;
#2260 = CARTESIAN_POINT ( 'NONE',  ( 3.000000000000001332, 0.01250000273118672886, -1.242640687119285881 ) ) ;
#2261 = CARTESIAN_POINT ( 'NONE',  ( -3.541265875000000118, -2.049999998634406850, 1.466840353394028629 ) ) ;
#2262 = CARTESIAN_POINT ( 'NONE',  ( 3.359288810535527414, 0.2000000000000001499, -0.4990750957477491090 ) ) ;
#2263 = ORIENTED_EDGE ( 'NONE', *, *, #2938, .F. ) ;
#2264 = CARTESIAN_POINT ( 'NONE',  ( 0.000000000000000000, 4.200000000000000178, -3.000000000000000444 ) ) ;
#2265 = CARTESIAN_POINT ( 'NONE',  ( -2.504053114197012597, 2.012500001365593150, 2.504053114197013929 ) ) ;
#2266 = ORIENTED_EDGE ( 'NONE', *, *, #487, .F. ) ;
#2267 = DIRECTION ( 'NONE',  ( -0.000000000000000000, 1.000000000000000000, -0.000000000000000000 ) ) ;
#2268 = PRESENTATION_LAYER_ASSIGNMENT (  '', '', ( #2426 ) ) ;
#2269 = CARTESIAN_POINT ( 'NONE',  ( 6.063776873827948201E-16, 2.970869745325647848, -4.951449575542748782 ) ) ;
#2270 = STYLED_ITEM ( 'NONE', ( #2069 ), #2417 ) ;
#2271 = LINE ( 'NONE', #684, #811 ) ;
#2272 = DIRECTION ( 'NONE',  ( 1.000000000000000000, 0.000000000000000000, 1.224646799147353207E-16 ) ) ;
#2273 = FILL_AREA_STYLE ('',( #3275 ) ) ;
#2274 = CARTESIAN_POINT ( 'NONE',  ( 2.504053114197013041, 2.512500001365593594, -2.504053114197013485 ) ) ;
#2275 = CARTESIAN_POINT ( 'NONE',  ( 6.505199878122751944E-16, 3.012500001365593150, 3.541265875000000563 ) ) ;
#2276 = CARTESIAN_POINT ( 'NONE',  ( -2.121320343559642385, 1.575000002731186788, 2.121320343559643273 ) ) ;
#2277 = CARTESIAN_POINT ( 'NONE',  ( -3.541265875000000118, -3.049999998634406850, 1.466840353394028629 ) ) ;
#2278 = ORIENTED_EDGE ( 'NONE', *, *, #1224, .T. ) ;
#2279 = EDGE_CURVE ( 'NONE', #589, #1306, #712, .T. ) ;
#2280 = CARTESIAN_POINT ( 'NONE',  ( -3.541265875000000563, 0.8875000013655932607, 0.000000000000000000 ) ) ;
#2281 = VERTEX_POINT ( 'NONE', #2478 ) ;
#2282 = CARTESIAN_POINT ( 'NONE',  ( 0.000000000000000000, 220.0000000000000284, 0.000000000000000000 ) ) ;
#2283 = CARTESIAN_POINT ( 'NONE',  ( 5.510910596163089556E-16, 3.449999999999999734, 3.000000000000000444 ) ) ;
#2284 = CARTESIAN_POINT ( 'NONE',  ( 0.000000000000000000, 2.029130254674348155, 0.000000000000000000 ) ) ;
#2285 = CONICAL_SURFACE ( 'NONE', #1723, 4.500000000000000888, 1.030376826524364464 ) ;
#2286 = SURFACE_STYLE_FILL_AREA ( #2273 ) ;
#2287 = AXIS2_PLACEMENT_3D ( 'NONE', #2777, #1207, #1708 ) ;
#2288 = CARTESIAN_POINT ( 'NONE',  ( 1.599333677082986904, 220.0000000000000284, -1.229093447663184735 ) ) ;
#2289 = CARTESIAN_POINT ( 'NONE',  ( -3.541265875000000118, -6.049999998634406850, 1.466840353394028629 ) ) ;
#2290 = CARTESIAN_POINT ( 'NONE',  ( 3.000000000000001776, 1.887500002731186566, 1.242640687119285436 ) ) ;
#2291 = CARTESIAN_POINT ( 'NONE',  ( 2.504053114197013929, -4.737499998634406850, 2.504053114197013041 ) ) ;
#2292 = ORIENTED_EDGE ( 'NONE', *, *, #298, .F. ) ;
#2293 = CARTESIAN_POINT ( 'NONE',  ( -1.242640687119286103, 1.387499999999999956, 3.000000000000000444 ) ) ;
#2294 = CARTESIAN_POINT ( 'NONE',  ( 1.466840353394027963, 2.200000001365593150, 3.541265875000000118 ) ) ;
#2295 = ORIENTED_EDGE ( 'NONE', *, *, #2977, .F. ) ;
#2296 = UNCERTAINTY_MEASURE_WITH_UNIT (LENGTH_MEASURE( 1.000000000000000082E-05 ), #2645, 'distance_accuracy_value', 'NONE');
#2297 = FILL_AREA_STYLE ('',( #1073 ) ) ;
#2298 = PRESENTATION_STYLE_ASSIGNMENT (( #560 ) ) ;
#2299 = CARTESIAN_POINT ( 'NONE',  ( -3.495145561765932829, 220.0000000000000284, 2.014475901327645868 ) ) ;
#2300 = CARTESIAN_POINT ( 'NONE',  ( -3.000000000000000444, 0.1999999999999996503, 0.000000000000000000 ) ) ;
#2301 = CARTESIAN_POINT ( 'NONE',  ( 2.710505431213761085E-16, 220.0000000000000284, -2.000000000000007105 ) ) ;
#2302 = CARTESIAN_POINT ( 'NONE',  ( 3.541265875000000563, 1.387500001365593150, -4.336799918748501460E-16 ) ) ;
#2303 = CARTESIAN_POINT ( 'NONE',  ( 1.466840353394027963, 2.075000001365593150, 3.541265875000000118 ) ) ;
#2304 = CARTESIAN_POINT ( 'NONE',  ( -1.242640687119285658, 2.262500002731186566, -3.000000000000001332 ) ) ;
#2305 = AXIS2_PLACEMENT_3D ( 'NONE', #16, #3290, #295 ) ;
#2306 = AXIS2_PLACEMENT_3D ( 'NONE', #753, #252, #4 ) ;
#2307 = CARTESIAN_POINT ( 'NONE',  ( -3.541265875000000118, -5.174999998634405074, -1.466840353394025964 ) ) ;
#2308 = ORIENTED_EDGE ( 'NONE', *, *, #1882, .F. ) ;
#2309 = PRESENTATION_STYLE_ASSIGNMENT (( #2073 ) ) ;
#2310 = CARTESIAN_POINT ( 'NONE',  ( -2.121320343559642829, -3.925000000000000711, -2.121320343559642829 ) ) ;
#2311 = ORIENTED_EDGE ( 'NONE', *, *, #2457, .T. ) ;
#2312 =( LENGTH_UNIT ( ) NAMED_UNIT ( * ) SI_UNIT ( .MILLI., .METRE. ) );
#2313 = ADVANCED_FACE ( 'NONE', ( #208, #172 ), #728, .T. ) ;
#2314 = DIRECTION ( 'NONE',  ( -0.8660254037844388186, 0.000000000000000000, -0.4999999999999996669 ) ) ;
#2315 = CARTESIAN_POINT ( 'NONE',  ( -3.999999999999992895, 220.0000000000000284, 0.5235987537816896298 ) ) ;
#2316 = DIRECTION ( 'NONE',  ( 0.8660254037844387076, 0.000000000000000000, -0.4999999999999998890 ) ) ;
#2317 = AXIS2_PLACEMENT_3D ( 'NONE', #1395, #1910, #1159 ) ;
#2318 = STYLED_ITEM ( 'NONE', ( #1248 ), #2539 ) ;
#2319 = CONICAL_SURFACE ( 'NONE', #1483, 4.000000000000007105, 0.08594693270565446908 ) ;
#2320 = CARTESIAN_POINT ( 'NONE',  ( 1.747572780882933774, 220.0000000000000284, -1.007237950663836923 ) ) ;
#2321 = CARTESIAN_POINT ( 'NONE',  ( 0.9339072419248862778, 0.2000000000000002331, -2.942402177185010181 ) ) ;
#2322 = CIRCLE ( 'NONE', #3286, 4.000000000000000000 ) ;
#2323 = CARTESIAN_POINT ( 'NONE',  ( 1.466840353394025964, -0.5499999986344070724, -3.541265875000000118 ) ) ;
#2324 = CARTESIAN_POINT ( 'NONE',  ( 2.121320343559642829, 1.075000002731186788, -2.121320343559642829 ) ) ;
#2325 =( NAMED_UNIT ( * ) PLANE_ANGLE_UNIT ( ) SI_UNIT ( $, .RADIAN. ) );
#2326 = COLOUR_RGB ( '',0.2509803921568627416, 0.2509803921568627416, 0.2509803921568627416 ) ;
#2327 = CARTESIAN_POINT ( 'NONE',  ( -3.000000000000000444, 4.200000000000000178, 0.000000000000000000 ) ) ;
#2328 = ORIENTED_EDGE ( 'NONE', *, *, #220, .F. ) ;
#2329 = CARTESIAN_POINT ( 'NONE',  ( 3.541265875000000118, 2.325000001365593150, -1.466840353394025964 ) ) ;
#2330 = CARTESIAN_POINT ( 'NONE',  ( -2.999999999999999556, -4.737500000000000711, 1.242640687119287657 ) ) ;
#2331 = ORIENTED_EDGE ( 'NONE', *, *, #1103, .F. ) ;
#2332 = CARTESIAN_POINT ( 'NONE',  ( 0.000000000000000000, 21.77842320233587614, 0.000000000000000000 ) ) ;
#2333 = CARTESIAN_POINT ( 'NONE',  ( -4.618802153517005848, 0.000000000000000000, -1.291965570467107741E-16 ) ) ;
#2334 = EDGE_LOOP ( 'NONE', ( #1509, #292, #2941, #2430 ) ) ;
#2335 = CARTESIAN_POINT ( 'NONE',  ( -3.495145561765871101, 220.0000000000000284, -2.014475901327685836 ) ) ;
#2336 = CARTESIAN_POINT ( 'NONE',  ( -0.5235987755982991487, 219.0000000000000568, -4.000000000000007994 ) ) ;
#2337 = CARTESIAN_POINT ( 'NONE',  ( -3.541265875000000563, 0.9500000013655933717, 1.466840353394028629 ) ) ;
#2338 = CARTESIAN_POINT ( 'NONE',  ( 0.000000000000000000, 220.0000000000000284, 0.000000000000000000 ) ) ;
#2339 = CARTESIAN_POINT ( 'NONE',  ( -3.541265875000000118, 1.825000001365593372, 1.466840353394028629 ) ) ;
#2340 = EDGE_CURVE ( 'NONE', #2580, #776, #991, .T. ) ;
#2341 = CARTESIAN_POINT ( 'NONE',  ( 3.000000000000001776, -5.112499997268813878, 1.242640687119285436 ) ) ;
#2342 = AXIS2_PLACEMENT_3D ( 'NONE', #1100, #3134, #257 ) ;
#2343 = CARTESIAN_POINT ( 'NONE',  ( 3.541265875000000118, -5.549999998634405962, -1.466840353394025964 ) ) ;
#2344 = CARTESIAN_POINT ( 'NONE',  ( -2.168399959374250730E-16, 2.512500001365593594, -3.541265875000000563 ) ) ;
#2345 = CARTESIAN_POINT ( 'NONE',  ( -1.836970198721030181E-16, -4.050000000000000711, -3.000000000000000444 ) ) ;
#2346 = ORIENTED_EDGE ( 'NONE', *, *, #3019, .T. ) ;
#2347 = LINE ( 'NONE', #1029, #152 ) ;
#2348 = MANIFOLD_SOLID_BREP ( 'Thread1', #1315 ) ;
#2349 = CARTESIAN_POINT ( 'NONE',  ( 2.458186895326471166, 220.0000000000000568, 3.198667354165899201 ) ) ;
#2350 = CARTESIAN_POINT ( 'NONE',  ( -3.495145553417037920, 219.0000000000000568, 2.014475921483602328 ) ) ;
#2351 = DIRECTION ( 'NONE',  ( 0.4999999999999998335, 0.000000000000000000, -0.8660254037844387076 ) ) ;
#2352 = CARTESIAN_POINT ( 'NONE',  ( 3.541265875000001007, -1.674999998634406628, 1.466840353394025298 ) ) ;
#2353 = CARTESIAN_POINT ( 'NONE',  ( -1.229093447663156091, 220.0000000000000284, -1.599333677083015326 ) ) ;
#2354 = CARTESIAN_POINT ( 'NONE',  ( 6.505199878122751944E-16, 0.01250000136559332661, 3.541265875000000563 ) ) ;
#2355 = CARTESIAN_POINT ( 'NONE',  ( 5.510910596163089556E-16, -4.299999997268812990, 3.000000000000000444 ) ) ;
#2356 = EDGE_CURVE ( 'NONE', #3171, #813, #2573, .T. ) ;
#2357 = CARTESIAN_POINT ( 'NONE',  ( 3.000000000000001776, 0.8875000027311866768, 1.242640687119285214 ) ) ;
#2358 = CARTESIAN_POINT ( 'NONE',  ( 3.541265875000000563, 0.2625000013655930942, -4.336799918748501460E-16 ) ) ;
#2359 = ADVANCED_FACE ( 'NONE', ( #2497 ), #3133, .F. ) ;
#2360 = CARTESIAN_POINT ( 'NONE',  ( -3.000000000000001332, -4.862499999999999822, -1.242640687119285658 ) ) ;
#2361 = VERTEX_POINT ( 'NONE', #1314 ) ;
#2362 = DIRECTION ( 'NONE',  ( -0.000000000000000000, -1.000000000000000000, -0.000000000000000000 ) ) ;
#2363 = CARTESIAN_POINT ( 'NONE',  ( 3.895890706673269754, 219.0000000000000284, 1.046991537437122588 ) ) ;
#2364 = PLANE ( 'NONE',  #1979 ) ;
#2365 = CARTESIAN_POINT ( 'NONE',  ( 0.000000000000000000, 0.2000000000000057288, 0.000000000000000000 ) ) ;
#2366 = CARTESIAN_POINT ( 'NONE',  ( -2.168399959374250730E-16, -2.362499998634406850, -3.541265875000000563 ) ) ;
#2367 = CARTESIAN_POINT ( 'NONE',  ( 3.495145561765891973, 219.0000000000000284, 2.014475901327685392 ) ) ;
#2368 = CARTESIAN_POINT ( 'NONE',  ( -1.836970198721030181E-16, 3.949999999999999734, -3.000000000000000444 ) ) ;
#2369 = CARTESIAN_POINT ( 'NONE',  ( -2.168399959374250730E-16, 1.512500001365592928, -3.541265875000000563 ) ) ;
#2370 = CARTESIAN_POINT ( 'NONE',  ( -1.242640687119285658, -3.737499997268813434, -3.000000000000001332 ) ) ;
#2371 = SURFACE_STYLE_FILL_AREA ( #2052 ) ;
#2372 = DIRECTION ( 'NONE',  ( 0.000000000000000000, 1.000000000000000000, 0.000000000000000000 ) ) ;
#2373 = CARTESIAN_POINT ( 'NONE',  ( 0.000000000000000000, 2.029130254674348155, 0.000000000000000000 ) ) ;
#2374 = CARTESIAN_POINT ( 'NONE',  ( 1.466840353394025964, -2.549999998634408183, -3.541265875000000118 ) ) ;
#2375 = AXIS2_PLACEMENT_3D ( 'NONE', #42, #1869, #2845 ) ;
#2376 = EDGE_CURVE ( 'NONE', #990, #1611, #1706, .T. ) ;
#2377 = CARTESIAN_POINT ( 'NONE',  ( 3.000000000000001776, -3.362499999999999822, 1.242640687119285436 ) ) ;
#2378 = ORIENTED_EDGE ( 'NONE', *, *, #2562, .F. ) ;
#2379 = CARTESIAN_POINT ( 'NONE',  ( 2.177651180257862862, 0.2000000000000003164, 2.830895049744169167 ) ) ;
#2380 = DIRECTION ( 'NONE',  ( 0.8660254037844398178, -0.4999999999999977240, 0.000000000000000000 ) ) ;
#2381 = CARTESIAN_POINT ( 'NONE',  ( -3.541265875000000118, -0.04999999863440672543, 1.466840353394028629 ) ) ;
#2382 = CARTESIAN_POINT ( 'NONE',  ( 2.014475901327673402, 219.0000000000000284, 3.495145561765896414 ) ) ;
#2383 = CARTESIAN_POINT ( 'NONE',  ( 3.541265875000000563, -3.737499998634406406, -4.336799918748501460E-16 ) ) ;
#2384 = CARTESIAN_POINT ( 'NONE',  ( -2.121320343559642385, -4.424999997268812990, 2.121320343559643273 ) ) ;
#2385 =( BOUNDED_CURVE ( )  B_SPLINE_CURVE ( 2, ( #2471, #1991, #183, #2780, #2748, #1970, #455, #982, #1265, #1487, #3276, #2523, #1231, #2240, #3010, #721, #1759, #1018, #2766, #475, #1504, #2508, #2274, #492, #1002, #2004, #3029, #1523, #2962, #1330, #3091, #2824, #71, #3059, #1048, #2034, #533, #1535, #2809, #2551, #2302, #819, #788, #1060, #38, #2065, #2049, #2337, #3109, #1831, #755, #300, #52, #21, #1785, #1281, #1847, #2795, #5, #802, #1801 ),
 .UNSPECIFIED., .F., .F. ) 
 B_SPLINE_CURVE_WITH_KNOTS ( ( 3, 2, 2, 2, 2, 2, 2, 2, 2, 2, 2, 2, 2, 2, 2, 2, 2, 2, 2, 2, 2, 2, 2, 2, 2, 2, 2, 2, 2, 2, 3 ),
 ( 0.000000000000000000, 0.01250000000000000069, 0.02500000000000000139, 0.03749999999999999861, 0.05000000000000000278, 0.06250000000000000000, 0.07499999999999999722, 0.08749999999999999445, 0.1000000000000000056, 0.1125000000000000167, 0.1250000000000000000, 0.1375000000000000111, 0.1499999999999999944, 0.1625000000000000056, 0.1749999999999999889, 0.1874999999999999722, 0.2000000000000000111, 0.2124999999999999944, 0.2250000000000000333, 0.2374999999999999611, 0.2500000000000000000, 0.2625000000000000111, 0.2750000000000000222, 0.2874999999999999778, 0.2999999999999999889, 0.3125000000000000000, 0.3250000000000000111, 0.3375000000000000222, 0.3499999999999999778, 0.3624999999999999889, 0.3687500001313618325 ),
 .UNSPECIFIED. ) 
 CURVE ( )  GEOMETRIC_REPRESENTATION_ITEM ( )  RATIONAL_B_SPLINE_CURVE ( ( 1.000000000000000000, 0.9238795325112867385, 1.000000000000000000, 0.9238795325112867385, 1.000000000000000000, 0.9238795325112867385, 1.000000000000000000, 0.9238795325112867385, 1.000000000000000000, 0.9238795325112867385, 1.000000000000000000, 0.9238795325112867385, 1.000000000000000000, 0.9238795325112867385, 1.000000000000000000, 0.9238795325112867385, 1.000000000000000000, 0.9238795325112867385, 1.000000000000000000, 0.9238795325112867385, 1.000000000000000000, 0.9238795325112867385, 1.000000000000000000, 0.9238795325112867385, 1.000000000000000000, 0.9238795325112867385, 1.000000000000000000, 0.9238795325112867385, 1.000000000000000000, 0.9238795325112867385, 1.000000000000000000, 0.9238795325112867385, 1.000000000000000000, 0.9238795325112867385, 1.000000000000000000, 0.9238795325112867385, 1.000000000000000000, 0.9238795325112867385, 1.000000000000000000, 0.9238795325112867385, 1.000000000000000000, 0.9238795325112867385, 1.000000000000000000, 0.9238795325112867385, 1.000000000000000000, 0.9238795325112867385, 1.000000000000000000, 0.9238795325112867385, 1.000000000000000000, 0.9238795325112867385, 1.000000000000000000, 0.9238795325112867385, 1.000000000000000000, 0.9238795325112867385, 1.000000000000000000, 0.9238795325112867385, 1.000000000000000000, 0.9238795325112867385, 1.000000000000000000, 0.9619397654556973709, 0.9619397662556433692 ) ) 
 REPRESENTATION_ITEM ( '' )  );
#2386 =( NAMED_UNIT ( * ) PLANE_ANGLE_UNIT ( ) SI_UNIT ( $, .RADIAN. ) );
#2387 = CARTESIAN_POINT ( 'NONE',  ( -2.504053114197012597, -2.112499998634406850, 2.504053114197013929 ) ) ;
#2388 = AXIS2_PLACEMENT_3D ( 'NONE', #2246, #973, #1184 ) ;
#2389 = CARTESIAN_POINT ( 'NONE',  ( -3.000000000000000444, -5.800000000000000711, 0.000000000000000000 ) ) ;
#2390 = ORIENTED_EDGE ( 'NONE', *, *, #1638, .F. ) ;
#2391 = UNCERTAINTY_MEASURE_WITH_UNIT (LENGTH_MEASURE( 1.000000000000000082E-05 ), #817, 'distance_accuracy_value', 'NONE');
#2392 = FACE_OUTER_BOUND ( 'NONE', #2476, .T. ) ;
#2393 = ADVANCED_FACE ( 'NONE', ( #1099 ), #1334, .T. ) ;
#2394 = EDGE_LOOP ( 'NONE', ( #498, #1442, #2882, #1137 ) ) ;
#2395 = CARTESIAN_POINT ( 'NONE',  ( 6.123233995736766282E-16, 220.0000000000000284, -5.000000000000000000 ) ) ;
#2396 = LINE ( 'NONE', #1652, #1518 ) ;
#2397 = CARTESIAN_POINT ( 'NONE',  ( -3.000000000000000888, 3.137499999999999734, -1.242640687119285658 ) ) ;
#2398 = CARTESIAN_POINT ( 'NONE',  ( 1.242640687119286769, 3.137500002731187010, -2.999999999999998224 ) ) ;
#2399 = CARTESIAN_POINT ( 'NONE',  ( -2.168399959374250730E-16, 0.6375000013655930386, -3.541265875000000563 ) ) ;
#2400 = CARTESIAN_POINT ( 'NONE',  ( -1.599333677083045524, 220.0000000000000284, -1.229093447663182737 ) ) ;
#2401 = CARTESIAN_POINT ( 'NONE',  ( 3.541265875000000563, -4.737499998634406850, -4.336799918748501460E-16 ) ) ;
#2402 = CARTESIAN_POINT ( 'NONE',  ( -3.000000000000000444, -1.549999997268813434, 0.000000000000000000 ) ) ;
#2403 = CARTESIAN_POINT ( 'NONE',  ( 0.000000000000000000, 220.0000000000000284, 2.000000000000007105 ) ) ;
#2404 = PRESENTATION_LAYER_ASSIGNMENT (  '', '', ( #3102 ) ) ;
#2405 = FACE_OUTER_BOUND ( 'NONE', #2163, .T. ) ;
#2406 = CARTESIAN_POINT ( 'NONE',  ( 1.466840353394025964, 0.4500000013655932607, -3.541265875000000118 ) ) ;
#2407 =( GEOMETRIC_REPRESENTATION_CONTEXT ( 3 ) GLOBAL_UNCERTAINTY_ASSIGNED_CONTEXT ( ( #2666 ) ) GLOBAL_UNIT_ASSIGNED_CONTEXT ( ( #2983, #1459, #2462 ) ) REPRESENTATION_CONTEXT ( 'NONE', 'WORKASPACE' ) );
#2408 = CARTESIAN_POINT ( 'NONE',  ( -2.504053114197012597, 2.012500001365593150, 2.504053114197013929 ) ) ;
#2409 = ORIENTED_EDGE ( 'NONE', *, *, #2356, .F. ) ;
#2410 = DIRECTION ( 'NONE',  ( 0.000000000000000000, -1.000000000000000000, 0.000000000000000000 ) ) ;
#2411 = VECTOR ( 'NONE', #995, 1000.000000000000000 ) ;
#2412 = CARTESIAN_POINT ( 'NONE',  ( 4.898587196589413075E-17, 4.200000000000000178, 0.4000000000000000222 ) ) ;
#2413 = EDGE_LOOP ( 'NONE', ( #828, #759, #3302, #1946 ) ) ;
#2414 = DIRECTION ( 'NONE',  ( -0.000000000000000000, 1.000000000000000000, -0.000000000000000000 ) ) ;
#2415 = CARTESIAN_POINT ( 'NONE',  ( 4.898587196589072879E-17, 0.5999999999999460210, -0.3999999999999722666 ) ) ;
#2416 = CARTESIAN_POINT ( 'NONE',  ( 3.000000000000000444, 2.950000002731186566, -3.673940397442060361E-16 ) ) ;
#2417 = ADVANCED_FACE ( 'NONE', ( #1064, #2103 ), #57, .T. ) ;
#2418 = CARTESIAN_POINT ( 'NONE',  ( -2.504053114197013485, -2.237499998634406850, -2.504053114197013485 ) ) ;
#2419 = CARTESIAN_POINT ( 'NONE',  ( 2.014475901327654306, 220.0000000000000284, -3.495145561765820919 ) ) ;
#2420 = CARTESIAN_POINT ( 'NONE',  ( -1.466840353394025964, -2.424999998634407739, -3.541265875000000118 ) ) ;
#2421 = CARTESIAN_POINT ( 'NONE',  ( -2.999999999999999556, -5.487499997268814766, 1.242640687119287657 ) ) ;
#2422 = CARTESIAN_POINT ( 'NONE',  ( 0.5241898178634161187, 220.0000000000000568, -1.947735079602257002 ) ) ;
#2423 = EDGE_CURVE ( 'NONE', #1907, #692, #138, .T. ) ;
#2424 = CARTESIAN_POINT ( 'NONE',  ( 0.000000000000000000, 1.943380962103086196, 0.000000000000000000 ) ) ;
#2425 = CARTESIAN_POINT ( 'NONE',  ( -1.242640687119285658, 3.262500002731186122, -3.000000000000001332 ) ) ;
#2426 = STYLED_ITEM ( 'NONE', ( #1694 ), #3038 ) ;
#2427 = CARTESIAN_POINT ( 'NONE',  ( -3.541265875000000563, 0.8875000013655932607, 0.000000000000000000 ) ) ;
#2428 = STYLED_ITEM ( 'NONE', ( #2084 ), #2359 ) ;
#2429 = ORIENTED_EDGE ( 'NONE', *, *, #3218, .T. ) ;
#2430 = ORIENTED_EDGE ( 'NONE', *, *, #2423, .F. ) ;
#2431 =( LENGTH_UNIT ( ) NAMED_UNIT ( * ) SI_UNIT ( .MILLI., .METRE. ) );
#2432 = CARTESIAN_POINT ( 'NONE',  ( -3.000000000000000444, 0.1999999999999996503, 0.000000000000000000 ) ) ;
#2433 = CARTESIAN_POINT ( 'NONE',  ( 3.000000000000001332, 0.7624999999999997335, -1.242640687119285881 ) ) ;
#2434 = CARTESIAN_POINT ( 'NONE',  ( -1.599333677083042637, 220.0000000000000284, 1.229093447663157201 ) ) ;
#2435 = CARTESIAN_POINT ( 'NONE',  ( -2.168399959374250730E-16, -3.487499998634407294, -3.541265875000000563 ) ) ;
#2436 = CARTESIAN_POINT ( 'NONE',  ( 2.121320343559642829, 2.824999999999999734, -2.121320343559642829 ) ) ;
#2437 = CARTESIAN_POINT ( 'NONE',  ( -1.598873816088011379, 220.0000000000000853, -1.229654189474842285 ) ) ;
#2438 = SURFACE_SIDE_STYLE ('',( #373 ) ) ;
#2439 = EDGE_CURVE ( 'NONE', #2611, #2210, #28, .T. ) ;
#2440 = CARTESIAN_POINT ( 'NONE',  ( 2.121320343559643273, 2.825000002731186566, 2.121320343559642829 ) ) ;
#2441 = CARTESIAN_POINT ( 'NONE',  ( 2.504053114197013041, 0.5125000013655933717, -2.504053114197013485 ) ) ;
#2442 = ORIENTED_EDGE ( 'NONE', *, *, #2732, .T. ) ;
#2443 = STYLED_ITEM ( 'NONE', ( #513 ), #1951 ) ;
#2444 = FACE_OUTER_BOUND ( 'NONE', #2126, .T. ) ;
#2445 = FACE_OUTER_BOUND ( 'NONE', #3067, .T. ) ;
#2446 = ORIENTED_EDGE ( 'NONE', *, *, #2938, .T. ) ;
#2447 = LINE ( 'NONE', #416, #184 ) ;
#2448 = CARTESIAN_POINT ( 'NONE',  ( -3.541265875000000563, 2.700000001365593594, -1.466840353394025964 ) ) ;
#2449 = PRESENTATION_STYLE_ASSIGNMENT (( #2466 ) ) ;
#2450 = CARTESIAN_POINT ( 'NONE',  ( 2.121320343559643273, 0.5749999999999995115, 2.121320343559642829 ) ) ;
#2451 = CARTESIAN_POINT ( 'NONE',  ( 0.000000000000000000, 21.77842320233587614, 0.000000000000000000 ) ) ;
#2452 = CARTESIAN_POINT ( 'NONE',  ( -3.541265875000000118, -3.299999998634406850, -1.466840353394025964 ) ) ;
#2453 = DIRECTION ( 'NONE',  ( -1.000000000000000000, -0.000000000000000000, -0.000000000000000000 ) ) ;
#2454 = CARTESIAN_POINT ( 'NONE',  ( -1.598772935271316920, 220.0000000000000853, 1.229553308658283495 ) ) ;
#2455 = CARTESIAN_POINT ( 'NONE',  ( 5.510910596163089556E-16, 1.700000002731186788, 3.000000000000000444 ) ) ;
#2456 = CARTESIAN_POINT ( 'NONE',  ( 6.505199878122751944E-16, -3.987499998634406406, 3.541265875000000563 ) ) ;
#2457 = EDGE_CURVE ( 'NONE', #377, #2559, #2485, .T. ) ;
#2458 = CARTESIAN_POINT ( 'NONE',  ( -2.504053114197013485, -3.237499998634406850, -2.504053114197013485 ) ) ;
#2459 = ORIENTED_EDGE ( 'NONE', *, *, #1560, .F. ) ;
#2460 =( NAMED_UNIT ( * ) PLANE_ANGLE_UNIT ( ) SI_UNIT ( $, .RADIAN. ) );
#2461 = ADVANCED_FACE ( 'NONE', ( #1695 ), #1942, .T. ) ;
#2462 =( NAMED_UNIT ( * ) SI_UNIT ( $, .STERADIAN. ) SOLID_ANGLE_UNIT ( ) );
#2463 = EDGE_LOOP ( 'NONE', ( #380, #922, #2530, #2129 ) ) ;
#2464 = FILL_AREA_STYLE ('',( #679 ) ) ;
#2465 = CARTESIAN_POINT ( 'NONE',  ( -2.168399959374250730E-16, 0.5125000013655929276, -3.541265875000000563 ) ) ;
#2466 = SURFACE_STYLE_USAGE ( .BOTH. , #3220 ) ;
#2467 = CARTESIAN_POINT ( 'NONE',  ( -1.242640687119286103, -0.6125000000000001554, 3.000000000000000444 ) ) ;
#2468 = CARTESIAN_POINT ( 'NONE',  ( -2.458186895326384125, 219.0000000000000284, 3.198667354166008892 ) ) ;
#2469 = DIRECTION ( 'NONE',  ( 0.000000000000000000, 0.000000000000000000, 1.000000000000000000 ) ) ;
#2470 = FACE_OUTER_BOUND ( 'NONE', #157, .T. ) ;
#2471 = CARTESIAN_POINT ( 'NONE',  ( -3.541265875000000563, 3.887500001365593150, 0.000000000000000000 ) ) ;
#2472 = CARTESIAN_POINT ( 'NONE',  ( -1.466840353394026408, -4.924999998634407739, 3.541265875000000118 ) ) ;
#2473 = CARTESIAN_POINT ( 'NONE',  ( 3.541265875000000118, -5.674999998634405962, -1.466840353394025964 ) ) ;
#2474 = CARTESIAN_POINT ( 'NONE',  ( 3.541265875000000118, -0.5499999986344070724, -1.466840353394025964 ) ) ;
#2475 = CARTESIAN_POINT ( 'NONE',  ( 1.447865897778324751, 0.2000000000000182743, -2.781526004709470978 ) ) ;
#2476 = EDGE_LOOP ( 'NONE', ( #1011, #2832, #2969, #2231 ) ) ;
#2477 = AXIS2_PLACEMENT_3D ( 'NONE', #2373, #337, #3152 ) ;
#2478 = CARTESIAN_POINT ( 'NONE',  ( 0.000000000000000000, 3.056619037896890489, 5.000000000000000000 ) ) ;
#2479 = AXIS2_PLACEMENT_3D ( 'NONE', #1670, #3191, #910 ) ;
#2480 = CIRCLE ( 'NONE', #2643, 4.951449575542748782 ) ;
#2481 = CARTESIAN_POINT ( 'NONE',  ( -1.466840353394025964, 3.700000001365593150, -3.541265875000000118 ) ) ;
#2482 = ORIENTED_EDGE ( 'NONE', *, *, #807, .F. ) ;
#2483 =( NAMED_UNIT ( * ) PLANE_ANGLE_UNIT ( ) SI_UNIT ( $, .RADIAN. ) );
#2484 = CARTESIAN_POINT ( 'NONE',  ( -3.000000000000000444, 2.199999999999999734, 0.000000000000000000 ) ) ;
#2485 = CIRCLE ( 'NONE', #2647, 4.014764658401049680 ) ;
#2486 = CARTESIAN_POINT ( 'NONE',  ( 5.510910596163089556E-16, -0.5500000000000001554, 3.000000000000000444 ) ) ;
#2487 = CARTESIAN_POINT ( 'NONE',  ( -3.895890698324409929, 219.0000000000000284, 1.046991557593049293 ) ) ;
#2488 = CARTESIAN_POINT ( 'NONE',  ( 1.466840353394027963, -5.924999998634405962, 3.541265875000000118 ) ) ;
#2489 = CARTESIAN_POINT ( 'NONE',  ( -1.836970198721030181E-16, -5.799999997268812990, -3.000000000000000444 ) ) ;
#2490 = FACE_OUTER_BOUND ( 'NONE', #866, .T. ) ;
#2491 = CARTESIAN_POINT ( 'NONE',  ( 1.242640687119287213, 1.512499999999999734, 2.999999999999999556 ) ) ;
#2492 = CARTESIAN_POINT ( 'NONE',  ( -1.466840353394026408, -3.924999998634405962, 3.541265875000000118 ) ) ;
#2493 = CARTESIAN_POINT ( 'NONE',  ( 3.541265875000000118, -4.674999998634406850, -1.466840353394025964 ) ) ;
#2494 = CARTESIAN_POINT ( 'NONE',  ( 2.504053114197013041, -0.4874999986344071279, -2.504053114197013485 ) ) ;
#2495 = CARTESIAN_POINT ( 'NONE',  ( 2.043189818224700804, 0.2000000000000272116, -2.466926571115918954 ) ) ;
#2496 = ORIENTED_EDGE ( 'NONE', *, *, #965, .T. ) ;
#2497 = FACE_OUTER_BOUND ( 'NONE', #2463, .T. ) ;
#2498 = SURFACE_STYLE_FILL_AREA ( #992 ) ;
#2499 = ORIENTED_EDGE ( 'NONE', *, *, #1882, .T. ) ;
#2500 = CARTESIAN_POINT ( 'NONE',  ( -1.466840353394026408, 0.9500000013655933717, 3.541265875000000118 ) ) ;
#2501 = AXIS2_PLACEMENT_3D ( 'NONE', #808, #2847, #569 ) ;
#2502 = CARTESIAN_POINT ( 'NONE',  ( 3.541265875000000563, 1.325000001365593372, -1.466840353394025964 ) ) ;
#2503 = VECTOR ( 'NONE', #2833, 1000.000000000000114 ) ;
#2504 = CARTESIAN_POINT ( 'NONE',  ( -2.309401076758502480, 0.000000000000000000, 4.000000000000000000 ) ) ;
#2505 = LINE ( 'NONE', #215, #1208 ) ;
#2506 = DIRECTION ( 'NONE',  ( -0.5000000000000000000, 0.000000000000000000, -0.8660254037844385966 ) ) ;
#2507 = FACE_OUTER_BOUND ( 'NONE', #2785, .T. ) ;
#2508 = CARTESIAN_POINT ( 'NONE',  ( 1.466840353394025964, 2.575000001365594482, -3.541265875000000563 ) ) ;
#2509 = VECTOR ( 'NONE', #888, 1000.000000000000000 ) ;
#2510 = CARTESIAN_POINT ( 'NONE',  ( -2.504053114197013485, -3.237499998634406850, -2.504053114197013485 ) ) ;
#2511 = CARTESIAN_POINT ( 'NONE',  ( 3.000000000000001776, -1.112499997268812990, 1.242640687119285436 ) ) ;
#2512 = CARTESIAN_POINT ( 'NONE',  ( -3.541265875000000118, -3.174999998634407294, -1.466840353394025964 ) ) ;
#2513 = VERTEX_POINT ( 'NONE', #102 ) ;
#2514 = CARTESIAN_POINT ( 'NONE',  ( 0.000000000000000000, 220.0000000000000284, 2.000000000000007105 ) ) ;
#2515 = CARTESIAN_POINT ( 'NONE',  ( -3.541265875000000118, 2.950000001365593594, 1.466840353394028629 ) ) ;
#2516 = ORIENTED_EDGE ( 'NONE', *, *, #3185, .T. ) ;
#2517 = CARTESIAN_POINT ( 'NONE',  ( 6.505199878122751944E-16, 2.012500001365593150, 3.541265875000000563 ) ) ;
#2518 = CARTESIAN_POINT ( 'NONE',  ( -2.504053114197012597, 1.887500001365593150, 2.504053114197013929 ) ) ;
#2519 = DIRECTION ( 'NONE',  ( -0.4999999999999996669, 0.000000000000000000, 0.8660254037844388186 ) ) ;
#2520 = CARTESIAN_POINT ( 'NONE',  ( -0.5234957787965193177, 220.0000000000000284, -1.947945349162210960 ) ) ;
#2521 = CARTESIAN_POINT ( 'NONE',  ( 9.797174393178835518E-16, 21.77842320233587614, -8.000000000000007105 ) ) ;
#2522 = CYLINDRICAL_SURFACE ( 'NONE', #2756, 3.000000000000000444 ) ;
#2523 = CARTESIAN_POINT ( 'NONE',  ( 1.466840353394027963, 3.200000001365593150, 3.541265875000000563 ) ) ;
#2524 = CARTESIAN_POINT ( 'NONE',  ( 3.541265875000000563, -3.612499998634406406, -4.336799918748501460E-16 ) ) ;
#2525 = EDGE_CURVE ( 'NONE', #2210, #2611, #507, .T. ) ;
#2526 = CARTESIAN_POINT ( 'NONE',  ( -1.242640687119286103, 1.637500002731186788, 3.000000000000000444 ) ) ;
#2527 = CARTESIAN_POINT ( 'NONE',  ( 1.466840353394025964, -3.424999998634407294, -3.541265875000000118 ) ) ;
#2528 = ORIENTED_EDGE ( 'NONE', *, *, #2814, .F. ) ;
#2529 = CARTESIAN_POINT ( 'NONE',  ( 6.505199878122751944E-16, 1.137500001365593372, 3.541265875000000563 ) ) ;
#2530 = ORIENTED_EDGE ( 'NONE', *, *, #1224, .F. ) ;
#2531 = PRESENTATION_LAYER_ASSIGNMENT (  '', '', ( #665 ) ) ;
#2532 = SURFACE_STYLE_FILL_AREA ( #2297 ) ;
#2533 = DIRECTION ( 'NONE',  ( -0.000000000000000000, 1.000000000000000000, -0.000000000000000000 ) ) ;
#2534 = CYLINDRICAL_SURFACE ( 'NONE', #1195, 3.000000000000000444 ) ;
#2535 =( LENGTH_UNIT ( ) NAMED_UNIT ( * ) SI_UNIT ( .MILLI., .METRE. ) );
#2536 = CARTESIAN_POINT ( 'NONE',  ( 0.000000000000000000, 220.0000000000000284, 2.000000000000007105 ) ) ;
#2537 = CARTESIAN_POINT ( 'NONE',  ( -1.466840353394025964, -4.299999998634405962, -3.541265875000000118 ) ) ;
#2538 = CARTESIAN_POINT ( 'NONE',  ( 3.000000000000001776, -0.1124999972688133926, 1.242640687119285436 ) ) ;
#2539 = ADVANCED_FACE ( 'NONE', ( #2490 ), #2522, .F. ) ;
#2540 = EDGE_CURVE ( 'NONE', #2075, #65, #1742, .T. ) ;
#2541 = CARTESIAN_POINT ( 'NONE',  ( 3.000000000000000444, 0.9500000027311866768, -3.673940397442060361E-16 ) ) ;
#2542 = EDGE_LOOP ( 'NONE', ( #2459, #1590, #1824, #675 ) ) ;
#2543 = CARTESIAN_POINT ( 'NONE',  ( 1.242640687119287213, 1.512499999999999734, 2.999999999999999556 ) ) ;
#2544 = CARTESIAN_POINT ( 'NONE',  ( 1.466840353394027963, 1.200000001365593150, 3.541265875000000118 ) ) ;
#2545 = ORIENTED_EDGE ( 'NONE', *, *, #2090, .T. ) ;
#2546 = CARTESIAN_POINT ( 'NONE',  ( 0.000000000000000000, 0.000000000000000000, -4.800000000000000711 ) ) ;
#2547 = SURFACE_STYLE_FILL_AREA ( #250 ) ;
#2548 = DIRECTION ( 'NONE',  ( 1.050125966765399194E-16, -0.5144957554274819378, 0.8574929257125709636 ) ) ;
#2549 = CARTESIAN_POINT ( 'NONE',  ( -1.599333677083042637, 220.0000000000000284, 1.229093447663157201 ) ) ;
#2550 = CARTESIAN_POINT ( 'NONE',  ( -1.242640687119286103, 0.3874999999999998446, 2.999999999999999556 ) ) ;
#2551 = CARTESIAN_POINT ( 'NONE',  ( 3.541265875000000563, 1.450000001365593594, -1.466840353394025964 ) ) ;
#2552 = CARTESIAN_POINT ( 'NONE',  ( 2.504053114197013929, -0.8624999986344066283, 2.504053114197013041 ) ) ;
#2553 = CARTESIAN_POINT ( 'NONE',  ( -1.242640687119285658, 1.262500002731186788, -3.000000000000001332 ) ) ;
#2554 = CARTESIAN_POINT ( 'NONE',  ( -3.541265875000000563, -5.112499998634407739, 0.000000000000000000 ) ) ;
#2555 = ORIENTED_EDGE ( 'NONE', *, *, #1058, .F. ) ;
#2556 = CARTESIAN_POINT ( 'NONE',  ( -3.000000000000001332, 3.137499999999999289, -1.242640687119285658 ) ) ;
#2557 = ADVANCED_FACE ( 'NONE', ( #2747 ), #3241, .F. ) ;
#2558 = CARTESIAN_POINT ( 'NONE',  ( -1.242640687119285658, -2.987500000000000711, -3.000000000000001332 ) ) ;
#2559 = VERTEX_POINT ( 'NONE', #201 ) ;
#2560 = UNCERTAINTY_MEASURE_WITH_UNIT (LENGTH_MEASURE( 1.000000000000000082E-05 ), #1091, 'distance_accuracy_value', 'NONE');
#2561 =( NAMED_UNIT ( * ) PLANE_ANGLE_UNIT ( ) SI_UNIT ( $, .RADIAN. ) );
#2562 = EDGE_CURVE ( 'NONE', #3104, #481, #1301, .T. ) ;
#2563 = FACE_OUTER_BOUND ( 'NONE', #2848, .T. ) ;
#2564 = AXIS2_PLACEMENT_3D ( 'NONE', #2284, #1465, #701 ) ;
#2565 = CARTESIAN_POINT ( 'NONE',  ( -1.229093447663156091, 220.0000000000000284, -1.599333677083015326 ) ) ;
#2566 = FILL_AREA_STYLE_COLOUR ( '', #1576 ) ;
#2567 =( LENGTH_UNIT ( ) NAMED_UNIT ( * ) SI_UNIT ( .MILLI., .METRE. ) );
#2568 = CARTESIAN_POINT ( 'NONE',  ( 1.229093447663186511, 220.0000000000000284, 1.599333677083013550 ) ) ;
#2569 = CARTESIAN_POINT ( 'NONE',  ( -3.000000000000000444, 3.450000002731186566, 0.000000000000000000 ) ) ;
#2570 = PRESENTATION_LAYER_ASSIGNMENT (  '', '', ( #2688 ) ) ;
#2571 = CARTESIAN_POINT ( 'NONE',  ( 1.466840353394027963, -0.9249999986344066283, 3.541265875000000118 ) ) ;
#2572 = CARTESIAN_POINT ( 'NONE',  ( -3.000000000000001332, 1.387500002731187010, -1.242640687119285658 ) ) ;
#2573 = LINE ( 'NONE', #287, #1539 ) ;
#2574 = CIRCLE ( 'NONE', #873, 4.500000000000000888 ) ;
#2575 = CARTESIAN_POINT ( 'NONE',  ( 2.121320343559642829, 1.075000002731186788, -2.121320343559642829 ) ) ;
#2576 = FILL_AREA_STYLE_COLOUR ( '', #769 ) ;
#2577 = CARTESIAN_POINT ( 'NONE',  ( 2.504053114197013929, 2.137500001365593150, 2.504053114197013041 ) ) ;
#2578 = CARTESIAN_POINT ( 'NONE',  ( 3.000000000000001332, -5.237499999999999822, -1.242640687119285881 ) ) ;
#2579 = ADVANCED_FACE ( 'NONE', ( #1784 ), #503, .F. ) ;
#2580 = VERTEX_POINT ( 'NONE', #3126 ) ;
#2581 = SURFACE_STYLE_USAGE ( .BOTH. , #249 ) ;
#2582 = ADVANCED_FACE ( 'NONE', ( #281 ), #457, .T. ) ;
#2583 =( LENGTH_UNIT ( ) NAMED_UNIT ( * ) SI_UNIT ( .MILLI., .METRE. ) );
#2584 = CARTESIAN_POINT ( 'NONE',  ( -2.014475901327643204, 220.0000000000000284, -3.495145561765826692 ) ) ;
#2585 = CARTESIAN_POINT ( 'NONE',  ( 2.121320343559643273, 0.5749999999999995115, 2.121320343559642829 ) ) ;
#2586 = CIRCLE ( 'NONE', #2477, 4.951449575542751447 ) ;
#2587 = PRESENTATION_STYLE_ASSIGNMENT (( #1830 ) ) ;
#2588 = CARTESIAN_POINT ( 'NONE',  ( 1.947945349162225837, 220.0000000000000284, -0.5234957787965288656 ) ) ;
#2589 = AXIS2_PLACEMENT_3D ( 'NONE', #90, #2124, #1903 ) ;
#2590 = CARTESIAN_POINT ( 'NONE',  ( 3.541265875000000563, 0.2625000013655930942, -4.336799918748501460E-16 ) ) ;
#2591 = CARTESIAN_POINT ( 'NONE',  ( 3.000000000000001776, -4.112499997268812990, 1.242640687119285436 ) ) ;
#2592 = DIRECTION ( 'NONE',  ( 0.000000000000000000, -1.000000000000000000, 0.000000000000000000 ) ) ;
#2593 = DIRECTION ( 'NONE',  ( 1.000000000000000000, 0.000000000000000000, -1.224646799147353207E-16 ) ) ;
#2594 = DIRECTION ( 'NONE',  ( 1.000000000000000000, 0.000000000000000000, -1.877893248421448789E-16 ) ) ;
#2595 = CARTESIAN_POINT ( 'NONE',  ( 4.898587196589421703E-16, 21.60642344549165728, 4.000000000000007105 ) ) ;
#2596 = CARTESIAN_POINT ( 'NONE',  ( 3.541265875000000563, 2.262500001365593150, -4.336799918748501460E-16 ) ) ;
#2597 = CARTESIAN_POINT ( 'NONE',  ( 3.000000000000001776, -2.362499999999999822, 1.242640687119285436 ) ) ;
#2598 = ORIENTED_EDGE ( 'NONE', *, *, #2525, .T. ) ;
#2599 = DIRECTION ( 'NONE',  ( 1.000000000000000000, 0.000000000000000000, -1.224646799147353207E-16 ) ) ;
#2600 = FILL_AREA_STYLE_COLOUR ( '', #1512 ) ;
#2601 = CARTESIAN_POINT ( 'NONE',  ( 3.895890698324414370, 219.0000000000000284, -1.046991557593042188 ) ) ;
#2602 = FACE_OUTER_BOUND ( 'NONE', #3050, .T. ) ;
#2603 = ADVANCED_FACE ( 'NONE', ( #2097 ), #270, .F. ) ;
#2604 = CARTESIAN_POINT ( 'NONE',  ( 2.504053114197013929, -2.737499998634406406, 2.504053114197013041 ) ) ;
#2605 = CARTESIAN_POINT ( 'NONE',  ( -0.2617993768908422614, 220.0000000000000284, -2.000000000000007105 ) ) ;
#2606 = VECTOR ( 'NONE', #1996, 1000.000000000000000 ) ;
#2607 = CARTESIAN_POINT ( 'NONE',  ( 3.541265875000000118, 1.325000001365593372, -1.466840353394025964 ) ) ;
#2608 = CARTESIAN_POINT ( 'NONE',  ( 2.121320343559643273, -4.174999997268812990, 2.121320343559642829 ) ) ;
#2609 = COLOUR_RGB ( '',1.000000000000000000, 0.8666666666666666963, 0.5294117647058823595 ) ;
#2610 = CARTESIAN_POINT ( 'NONE',  ( -3.541265875000000118, -4.174999998634405962, -1.466840353394025964 ) ) ;
#2611 = VERTEX_POINT ( 'NONE', #2301 ) ;
#2612 = CARTESIAN_POINT ( 'NONE',  ( -3.541265875000000118, -1.299999998634407294, -1.466840353394025964 ) ) ;
#2613 = CARTESIAN_POINT ( 'NONE',  ( -3.000000000000001332, -2.862500000000000266, -1.242640687119285658 ) ) ;
#2614 = ORIENTED_EDGE ( 'NONE', *, *, #1246, .F. ) ;
#2615 =( NAMED_UNIT ( * ) PLANE_ANGLE_UNIT ( ) SI_UNIT ( $, .RADIAN. ) );
#2616 = CARTESIAN_POINT ( 'NONE',  ( 0.000000000000000000, 220.0000000000000284, 2.000000000000007105 ) ) ;
#2617 = DIRECTION ( 'NONE',  ( 0.000000000000000000, -1.000000000000000000, 0.000000000000000000 ) ) ;
#2618 = CARTESIAN_POINT ( 'NONE',  ( -3.541265875000000563, -0.1124999986344067809, 0.000000000000000000 ) ) ;
#2619 = CARTESIAN_POINT ( 'NONE',  ( 1.046991557593102140, 220.0000000000000284, 3.895890698324524060 ) ) ;
#2620 = EDGE_CURVE ( 'NONE', #2281, #692, #1700, .T. ) ;
#2621 = CARTESIAN_POINT ( 'NONE',  ( 3.541265875000001007, 0.2000000013655930942, 1.466840353394025298 ) ) ;
#2622 = CARTESIAN_POINT ( 'NONE',  ( -2.121320343559642829, -3.674999997268813434, -2.121320343559642829 ) ) ;
#2623 = FILL_AREA_STYLE ('',( #2659 ) ) ;
#2624 = ADVANCED_FACE ( 'NONE', ( #1047 ), #2046, .F. ) ;
#2625 = FILL_AREA_STYLE_COLOUR ( '', #2609 ) ;
#2626 = EDGE_LOOP ( 'NONE', ( #2649, #3199, #1071, #2799 ) ) ;
#2627 = CARTESIAN_POINT ( 'NONE',  ( 6.505199878122751944E-16, -1.987499998634406628, 3.541265875000000563 ) ) ;
#2628 = CIRCLE ( 'NONE', #1415, 5.000000000000000000 ) ;
#2629 = CARTESIAN_POINT ( 'NONE',  ( 2.121320343559643273, -4.425000000000000711, 2.121320343559642829 ) ) ;
#2630 = VERTEX_POINT ( 'NONE', #384 ) ;
#2631 = FACE_OUTER_BOUND ( 'NONE', #1075, .T. ) ;
#2632 = CARTESIAN_POINT ( 'NONE',  ( 3.000000000000001332, 2.762499999999999734, -1.242640687119285881 ) ) ;
#2633 = CARTESIAN_POINT ( 'NONE',  ( 0.5235987755983004810, 219.0000000000000000, -4.000000000000005329 ) ) ;
#2634 = PRESENTATION_STYLE_ASSIGNMENT (( #2710 ) ) ;
#2635 = CARTESIAN_POINT ( 'NONE',  ( -2.458186879899664223, 219.0000000000000568, -3.198667369592727017 ) ) ;
#2636 = CARTESIAN_POINT ( 'NONE',  ( 1.466840353394025964, -0.4249999986344070724, -3.541265875000000118 ) ) ;
#2637 = CARTESIAN_POINT ( 'NONE',  ( 2.458186895326471166, 220.0000000000000568, 3.198667354165899201 ) ) ;
#2638 = CARTESIAN_POINT ( 'NONE',  ( -1.466840353394025964, -4.424999998634406850, -3.541265875000000118 ) ) ;
#2639 = CIRCLE ( 'NONE', #1852, 0.4000000000000000222 ) ;
#2640 = CARTESIAN_POINT ( 'NONE',  ( 3.000000000000000444, -3.049999997268813878, -3.673940397442060361E-16 ) ) ;
#2641 = STYLED_ITEM ( 'NONE', ( #2587 ), #2579 ) ;
#2642 = DIRECTION ( 'NONE',  ( 0.000000000000000000, 0.000000000000000000, 1.000000000000000000 ) ) ;
#2643 = AXIS2_PLACEMENT_3D ( 'NONE', #2734, #441, #190 ) ;
#2644 = CYLINDRICAL_SURFACE ( 'NONE', #2589, 5.000000000000000000 ) ;
#2645 =( LENGTH_UNIT ( ) NAMED_UNIT ( * ) SI_UNIT ( .MILLI., .METRE. ) );
#2646 = CARTESIAN_POINT ( 'NONE',  ( 1.466840353394027963, -1.924999998634406628, 3.541265875000000118 ) ) ;
#2647 = AXIS2_PLACEMENT_3D ( 'NONE', #1178, #372, #3208 ) ;
#2648 = CARTESIAN_POINT ( 'NONE',  ( -3.541265875000000118, 1.825000001365593372, -1.466840353394025964 ) ) ;
#2649 = ORIENTED_EDGE ( 'NONE', *, *, #938, .F. ) ;
#2650 = CARTESIAN_POINT ( 'NONE',  ( 0.000000000000000000, 4.200000000000000178, -3.000000000000000444 ) ) ;
#2651 = EDGE_LOOP ( 'NONE', ( #2598, #2868 ) ) ;
#2652 = CYLINDRICAL_SURFACE ( 'NONE', #2479, 3.000000000000000444 ) ;
#2653 = CARTESIAN_POINT ( 'NONE',  ( 3.000000000000001776, 0.6374999999999997335, 1.242640687119285214 ) ) ;
#2654 = CARTESIAN_POINT ( 'NONE',  ( 3.000000000000000888, 2.012500002731186566, -1.242640687119285881 ) ) ;
#2655 = CARTESIAN_POINT ( 'NONE',  ( 3.541265875000000563, -0.6124999986344071834, -4.336799918748501460E-16 ) ) ;
#2656 = CARTESIAN_POINT ( 'NONE',  ( 1.046991557593069722, 220.0000000000000284, -3.895890698324454338 ) ) ;
#2657 = CARTESIAN_POINT ( 'NONE',  ( 2.504053114197013041, -4.612499998634406850, -2.504053114197013485 ) ) ;
#2658 = CARTESIAN_POINT ( 'NONE',  ( 2.121320343559642829, -1.924999997268813656, -2.121320343559642829 ) ) ;
#2659 = FILL_AREA_STYLE_COLOUR ( '', #1503 ) ;
#2660 = B_SPLINE_CURVE_WITH_KNOTS ( 'NONE', 3,
 ( #1344, #870, #1897, #2838, #365, #1327, #2350, #2096, #1880, #82, #2889, #3143, #594, #2635, #69, #3125, #2336, #2906 ),
 .UNSPECIFIED., .F., .F.,
 ( 4, 2, 2, 2, 2, 2, 2, 2, 4 ),
 ( 0.000000000000000000, 0.06250000000000000000, 0.1250000000000000000, 0.1875000000000000000, 0.2500000000000000000, 0.3125000000000000000, 0.3750000000000000000, 0.4375000000000000000, 0.5000000000000000000 ),
 .UNSPECIFIED. ) ;
#2661 = CARTESIAN_POINT ( 'NONE',  ( 6.505199878122751944E-16, -2.987499998634406850, 3.541265875000000563 ) ) ;
#2662 =( GEOMETRIC_REPRESENTATION_CONTEXT ( 3 ) GLOBAL_UNCERTAINTY_ASSIGNED_CONTEXT ( ( #3303 ) ) GLOBAL_UNIT_ASSIGNED_CONTEXT ( ( #2886, #2615, #378 ) ) REPRESENTATION_CONTEXT ( 'NONE', 'WORKASPACE' ) );
#2663 = CARTESIAN_POINT ( 'NONE',  ( 6.505199878122751944E-16, 2.137500001365593150, 3.541265875000000563 ) ) ;
#2664 = ORIENTED_EDGE ( 'NONE', *, *, #1797, .T. ) ;
#2665 = EDGE_CURVE ( 'NONE', #1932, #2828, #2104, .T. ) ;
#2666 = UNCERTAINTY_MEASURE_WITH_UNIT (LENGTH_MEASURE( 1.000000000000000082E-05 ), #2983, 'distance_accuracy_value', 'NONE');
#2667 = CARTESIAN_POINT ( 'NONE',  ( 2.309401076758503368, 0.000000000000000000, -4.000000000000000888 ) ) ;
#2668 = APPLICATION_CONTEXT ( 'automotive_design' ) ;
#2669 = AXIS2_PLACEMENT_3D ( 'NONE', #1596, #326, #2198 ) ;
#2670 = CARTESIAN_POINT ( 'NONE',  ( 0.5235987755982997038, 219.0000000000000568, 4.000000000000007994 ) ) ;
#2671 = ORIENTED_EDGE ( 'NONE', *, *, #1416, .F. ) ;
#2672 = CARTESIAN_POINT ( 'NONE',  ( 2.309401076758504257, 0.2000000000000000111, 4.000000000000000000 ) ) ;
#2673 = DIRECTION ( 'NONE',  ( 8.659560562355217588E-17, 0.7071067811865244801, -0.7071067811865706654 ) ) ;
#2674 =( NAMED_UNIT ( * ) PLANE_ANGLE_UNIT ( ) SI_UNIT ( $, .RADIAN. ) );
#2675 = CARTESIAN_POINT ( 'NONE',  ( -2.309401076758504257, 0.000000000000000000, -4.000000000000000000 ) ) ;
#2676 = PRODUCT_RELATED_PRODUCT_CATEGORY ( 'part', '', ( #2964 ) ) ;
#2677 = CARTESIAN_POINT ( 'NONE',  ( -2.504053114197012597, 0.01250000136559332661, 2.504053114197013929 ) ) ;
#2678 = CARTESIAN_POINT ( 'NONE',  ( -3.495145561765932829, 220.0000000000000284, 2.014475901327645868 ) ) ;
#2679 = CARTESIAN_POINT ( 'NONE',  ( 2.504053114197013929, -2.862499998634406406, 2.504053114197013041 ) ) ;
#2680 = CARTESIAN_POINT ( 'NONE',  ( -3.000000000000000444, -5.549999997268813878, 0.000000000000000000 ) ) ;
#2681 = CARTESIAN_POINT ( 'NONE',  ( 1.229654189474479464, 220.0000000000000568, -1.598873816088374644 ) ) ;
#2682 = CYLINDRICAL_SURFACE ( 'NONE', #559, 3.000000000000000444 ) ;
#2683 = CARTESIAN_POINT ( 'NONE',  ( -3.541265875000000118, -2.299999998634407739, -1.466840353394025964 ) ) ;
#2684 = CIRCLE ( 'NONE', #3105, 0.1000000000000002554 ) ;
#2685 =( BOUNDED_CURVE ( )  B_SPLINE_CURVE ( 2, ( #1111, #1094, #615, #562, #1864, #2653, #2585, #836, #328 ),
 .UNSPECIFIED., .F., .F. ) 
 B_SPLINE_CURVE_WITH_KNOTS ( ( 3, 2, 2, 2, 3 ),
 ( 0.3250000000000000111, 0.3375000000000000222, 0.3499999999999999778, 0.3624999999999999889, 0.3750000000000000000 ),
 .UNSPECIFIED. ) 
 CURVE ( )  GEOMETRIC_REPRESENTATION_ITEM ( )  RATIONAL_B_SPLINE_CURVE ( ( 1.000000000000000000, 0.9238795325112867385, 1.000000000000000000, 0.9238795325112867385, 1.000000000000000000, 0.9238795325112867385, 1.000000000000000000, 0.9238795325112867385, 1.000000000000000000 ) ) 
 REPRESENTATION_ITEM ( '' )  );
#2686 = CARTESIAN_POINT ( 'NONE',  ( -3.541265875000000118, 0.9500000013655933717, 1.466840353394028629 ) ) ;
#2687 = ORIENTED_EDGE ( 'NONE', *, *, #3218, .F. ) ;
#2688 = STYLED_ITEM ( 'NONE', ( #1247 ), #3140 ) ;
#2689 = PLANE ( 'NONE',  #3089 ) ;
#2690 = PRESENTATION_STYLE_ASSIGNMENT (( #2955 ) ) ;
#2691 = VERTEX_POINT ( 'NONE', #2926 ) ;
#2692 = CARTESIAN_POINT ( 'NONE',  ( 0.000000000000000000, 0.2000000000000000111, 0.000000000000000000 ) ) ;
#2693 = CARTESIAN_POINT ( 'NONE',  ( -1.466840353394025964, 3.575000001365593150, -3.541265875000000563 ) ) ;
#2694 = APPLICATION_PROTOCOL_DEFINITION ( 'draft international standard', 'automotive_design', 1998, #907 ) ;
#2695 = EDGE_CURVE ( 'NONE', #1037, #1299, #58, .T. ) ;
#2696 = CARTESIAN_POINT ( 'NONE',  ( -1.836970198721030181E-16, -0.05000000000000056483, -3.000000000000000444 ) ) ;
#2697 = CARTESIAN_POINT ( 'NONE',  ( 3.999999999999992895, 220.0000000000000284, 0.5235987537816829684 ) ) ;
#2698 = CARTESIAN_POINT ( 'NONE',  ( -2.168399959374250730E-16, -2.487499998634407294, -3.541265875000000563 ) ) ;
#2699 = CARTESIAN_POINT ( 'NONE',  ( -2.999999999999999556, -6.487499997268812990, 1.242640687119287657 ) ) ;
#2700 = CARTESIAN_POINT ( 'NONE',  ( 0.000000000000000000, 4.200000000000000178, 0.000000000000000000 ) ) ;
#2701 = CARTESIAN_POINT ( 'NONE',  ( 6.000769315822030740E-16, 1.943380962103086196, 4.899999999999999467 ) ) ;
#2702 = CARTESIAN_POINT ( 'NONE',  ( 1.466840353394025964, -5.549999998634405962, -3.541265875000000118 ) ) ;
#2703 = MECHANICAL_DESIGN_GEOMETRIC_PRESENTATION_REPRESENTATION (  '', ( #2426 ), #3267 ) ;
#2704 = CARTESIAN_POINT ( 'NONE',  ( 1.466840353394027963, 2.200000001365593150, 3.541265875000000118 ) ) ;
#2705 = VERTEX_POINT ( 'NONE', #2675 ) ;
#2706 = CARTESIAN_POINT ( 'NONE',  ( -4.618802153517005848, 0.2000000000000000111, -1.291965570467107741E-16 ) ) ;
#2707 = DIRECTION ( 'NONE',  ( 0.000000000000000000, 0.000000000000000000, -1.000000000000000000 ) ) ;
#2708 = ORIENTED_EDGE ( 'NONE', *, *, #317, .F. ) ;
#2709 = DIRECTION ( 'NONE',  ( 0.000000000000000000, 0.000000000000000000, -1.000000000000000000 ) ) ;
#2710 = SURFACE_STYLE_USAGE ( .BOTH. , #1630 ) ;
#2711 = CARTESIAN_POINT ( 'NONE',  ( 1.242640687119287213, 2.512499999999999734, 2.999999999999999556 ) ) ;
#2712 = FACE_OUTER_BOUND ( 'NONE', #1236, .T. ) ;
#2713 = CARTESIAN_POINT ( 'NONE',  ( -2.168399959374250730E-16, -1.487499998634407072, -3.541265875000000563 ) ) ;
#2714 = EDGE_CURVE ( 'NONE', #813, #126, #595, .T. ) ;
#2715 = FILL_AREA_STYLE ('',( #653 ) ) ;
#2716 = CARTESIAN_POINT ( 'NONE',  ( 0.2614368226434502507, 220.0000000000000284, 2.000000000000006217 ) ) ;
#2717 = CARTESIAN_POINT ( 'NONE',  ( -2.309401076758504257, 0.2000000000000000111, -4.000000000000000000 ) ) ;
#2718 = CARTESIAN_POINT ( 'NONE',  ( 2.504053114197013041, -5.612499998634405962, -2.504053114197013485 ) ) ;
#2719 = CARTESIAN_POINT ( 'NONE',  ( 2.504053114197013929, 3.262500001365593150, 2.504053114197013041 ) ) ;
#2720 = VERTEX_POINT ( 'NONE', #133 ) ;
#2721 = AXIS2_PLACEMENT_3D ( 'NONE', #945, #1953, #1965 ) ;
#2722 = DIRECTION ( 'NONE',  ( -0.000000000000000000, 1.000000000000000000, -0.000000000000000000 ) ) ;
#2723 = ORIENTED_EDGE ( 'NONE', *, *, #2754, .T. ) ;
#2724 = CARTESIAN_POINT ( 'NONE',  ( 5.510910596163089556E-16, 1.700000002731186788, 3.000000000000000444 ) ) ;
#2725 = CARTESIAN_POINT ( 'NONE',  ( 2.504053114197013041, 1.387500001365593150, -2.504053114197013485 ) ) ;
#2726 = CARTESIAN_POINT ( 'NONE',  ( -3.000000000000000444, 1.199999999999999734, 0.000000000000000000 ) ) ;
#2727 = CARTESIAN_POINT ( 'NONE',  ( 0.000000000000000000, 220.0000000000000284, 3.999999999999992895 ) ) ;
#2728 = PRESENTATION_STYLE_ASSIGNMENT (( #1902 ) ) ;
#2729 = EDGE_CURVE ( 'NONE', #2009, #2011, #1128, .T. ) ;
#2730 = CARTESIAN_POINT ( 'NONE',  ( -2.121320343559642385, 1.575000002731186788, 2.121320343559643273 ) ) ;
#2731 = CARTESIAN_POINT ( 'NONE',  ( -3.541265875000000563, -3.237499998634406850, 0.000000000000000000 ) ) ;
#2732 = EDGE_CURVE ( 'NONE', #2739, #2630, #1090, .T. ) ;
#2733 = CARTESIAN_POINT ( 'NONE',  ( 6.505199878122751944E-16, -2.862499998634406406, 3.541265875000000563 ) ) ;
#2734 = CARTESIAN_POINT ( 'NONE',  ( 0.000000000000000000, 2.970869745325647848, 0.000000000000000000 ) ) ;
#2735 = ORIENTED_EDGE ( 'NONE', *, *, #1803, .T. ) ;
#2736 = LINE ( 'NONE', #444, #369 ) ;
#2737 =( BOUNDED_SURFACE ( )  B_SPLINE_SURFACE ( 2, 3, ( 
 ( #2536, #1033, #1552, #2840, #2568, #271, #1295, #282, #253, #1310, #2588, #2320, #2288, #548, #2080, #565, #1601, #2605, #316, #1347, #2353, #2400, #651, #1899, #2139, #2909, #1114, #619, #2434, #1096, #633, #839, #3176, #2170 ),
 ( #368, #1692, #2619, #99, #2637, #3162, #1657, #350, #2697, #2099, #3194, #1926, #858, #2119, #2419, #2656, #1866, #597, #1130, #403, #2891, #117, #1884, #1674, #1380, #3130, #1435, #2678, #330, #915, #86, #387, #2876, #1144 ),
 ( #2944, #580, #1617, #2382, #1361, #1398, #2367, #3145, #2154, #1634, #874, #897, #1912, #2928, #1420, #136, #1162, #178, #2959, #1451, #979, #667, #214, #1939, #2252, #2219, #2487, #1482, #198, #2468, #471, #1243, #3255, #2188 ) ),
 .UNSPECIFIED., .F., .T., .F. ) 
 B_SPLINE_SURFACE_WITH_KNOTS ( ( 3, 3 ),
 ( 4, 2, 2, 2, 2, 2, 2, 2, 2, 2, 2, 2, 2, 2, 2, 2, 4 ),
 ( 0.000000000000000000, 1.000000000000000000 ),
 ( 0.000000000000000000, 0.3926990816987241395, 0.7853981633974482790, 1.178097245096172418, 1.570796326794896558, 1.963495408493620697, 2.356194490192344837, 2.748893571891068976, 3.141592653589793116, 3.534291735288517255, 3.926990816987241395, 4.319689898685965090, 4.712388980384689674, 5.105088062083414258, 5.497787143782137953, 5.890486225480861648, 6.283185307179586232 ),
 .UNSPECIFIED. ) 
 GEOMETRIC_REPRESENTATION_ITEM ( )  RATIONAL_B_SPLINE_SURFACE ( (
 ( 1.000000000000000000, 1.000000000000000000, 1.000000000000000000, 1.000000000000000000, 1.000000000000000000, 1.000000000000000000, 1.000000000000000000, 1.000000000000000000, 1.000000000000000000, 1.000000000000000000, 1.000000000000000000, 1.000000000000000000, 1.000000000000000000, 1.000000000000000000, 1.000000000000000000, 1.000000000000000000, 1.000000000000000000, 1.000000000000000000, 1.000000000000000000, 1.000000000000000000, 1.000000000000000000, 1.000000000000000000, 1.000000000000000000, 1.000000000000000000, 1.000000000000000000, 1.000000000000000000, 1.000000000000000000, 1.000000000000000000, 1.000000000000000000, 1.000000000000000000, 1.000000000000000000, 1.000000000000000000, 1.000000000000000000, 1.000000000000000000),
 ( 0.7071067811865523467, 0.7071067811865523467, 0.7071067811865523467, 0.7071067811865523467, 0.7071067811865525687, 0.7071067811865525687, 0.7071067811865523467, 0.7071067811865523467, 0.7071067811865523467, 0.7071067811865523467, 0.7071067811865524577, 0.7071067811865524577, 0.7071067811865523467, 0.7071067811865523467, 0.7071067811865523467, 0.7071067811865523467, 0.7071067811865523467, 0.7071067811865523467, 0.7071067811865523467, 0.7071067811865523467, 0.7071067811865523467, 0.7071067811865523467, 0.7071067811865523467, 0.7071067811865523467, 0.7071067811865523467, 0.7071067811865523467, 0.7071067811865523467, 0.7071067811865523467, 0.7071067811865523467, 0.7071067811865523467, 0.7071067811865523467, 0.7071067811865523467, 0.7071067811865523467, 0.7071067811865523467),
 ( 1.000000000000000000, 1.000000000000000000, 1.000000000000000000, 1.000000000000000000, 1.000000000000000000, 1.000000000000000000, 1.000000000000000000, 1.000000000000000000, 1.000000000000000000, 1.000000000000000000, 1.000000000000000000, 1.000000000000000000, 1.000000000000000000, 1.000000000000000000, 1.000000000000000000, 1.000000000000000000, 1.000000000000000000, 1.000000000000000000, 1.000000000000000000, 1.000000000000000000, 1.000000000000000000, 1.000000000000000000, 1.000000000000000000, 1.000000000000000000, 1.000000000000000000, 1.000000000000000000, 1.000000000000000000, 1.000000000000000000, 1.000000000000000000, 1.000000000000000000, 1.000000000000000000, 1.000000000000000000, 1.000000000000000000, 1.000000000000000000) ) ) 
 REPRESENTATION_ITEM ( '' )  SURFACE ( )  );
#2738 = CYLINDRICAL_SURFACE ( 'NONE', #704, 3.000000000000000444 ) ;
#2739 = VERTEX_POINT ( 'NONE', #430 ) ;
#2740 = CARTESIAN_POINT ( 'NONE',  ( -2.168399959374250730E-16, 1.512500001365592928, -3.541265875000000563 ) ) ;
#2741 = CARTESIAN_POINT ( 'NONE',  ( -1.242640687119286103, 2.387499999999999734, 2.999999999999999556 ) ) ;
#2742 = CIRCLE ( 'NONE', #1989, 4.985235341598960090 ) ;
#2743 = CIRCLE ( 'NONE', #2842, 4.000000000000000000 ) ;
#2744 = CARTESIAN_POINT ( 'NONE',  ( -3.000000000000001332, 2.137499999999999734, -1.242640687119285658 ) ) ;
#2745 = CARTESIAN_POINT ( 'NONE',  ( 2.000000000000007105, 220.0000000000000284, 0.2617993768908427610 ) ) ;
#2746 = SURFACE_STYLE_USAGE ( .BOTH. , #2975 ) ;
#2747 = FACE_OUTER_BOUND ( 'NONE', #730, .T. ) ;
#2748 = CARTESIAN_POINT ( 'NONE',  ( -2.168399959374250730E-16, 3.637500001365593594, -3.541265875000000563 ) ) ;
#2749 = CARTESIAN_POINT ( 'NONE',  ( 3.541265875000001007, -5.674999998634405962, 1.466840353394025298 ) ) ;
#2750 = CARTESIAN_POINT ( 'NONE',  ( 3.541265875000001007, -3.799999998634406850, 1.466840353394025298 ) ) ;
#2751 = CARTESIAN_POINT ( 'NONE',  ( 6.505199878122751944E-16, -0.8624999986344066283, 3.541265875000000563 ) ) ;
#2752 = CARTESIAN_POINT ( 'NONE',  ( 2.309401076758504257, 0.2000000000000000111, 4.000000000000000000 ) ) ;
#2753 = ORIENTED_EDGE ( 'NONE', *, *, #876, .T. ) ;
#2754 = EDGE_CURVE ( 'NONE', #2630, #1120, #926, .T. ) ;
#2755 = MECHANICAL_DESIGN_GEOMETRIC_PRESENTATION_REPRESENTATION (  '', ( #30 ), #2161 ) ;
#2756 = AXIS2_PLACEMENT_3D ( 'NONE', #1502, #3009, #454 ) ;
#2757 = AXIS2_PLACEMENT_3D ( 'NONE', #2, #734, #2791 ) ;
#2758 = AXIS2_PLACEMENT_3D ( 'NONE', #2424, #153, #1119 ) ;
#2759 =( NAMED_UNIT ( * ) SI_UNIT ( $, .STERADIAN. ) SOLID_ANGLE_UNIT ( ) );
#2760 = ORIENTED_EDGE ( 'NONE', *, *, #965, .F. ) ;
#2761 = CARTESIAN_POINT ( 'NONE',  ( -3.541265875000000118, 2.700000001365594038, -1.466840353394025964 ) ) ;
#2762 = CARTESIAN_POINT ( 'NONE',  ( -2.168399959374250730E-16, 1.512500001365592928, -3.541265875000000563 ) ) ;
#2763 = DIRECTION ( 'NONE',  ( -0.000000000000000000, 1.000000000000000000, -0.000000000000000000 ) ) ;
#2764 = CARTESIAN_POINT ( 'NONE',  ( 1.007237950663837811, 220.0000000000000284, 1.747572780882945098 ) ) ;
#2765 = CARTESIAN_POINT ( 'NONE',  ( -2.917562124972166160, 0.2000000000000003164, 1.073246826035888724 ) ) ;
#2766 = CARTESIAN_POINT ( 'NONE',  ( -2.504053114197013485, 2.762500001365593150, -2.504053114197013485 ) ) ;
#2767 = CARTESIAN_POINT ( 'NONE',  ( 3.541265875000000118, -5.549999998634405962, -1.466840353394025964 ) ) ;
#2768 = CARTESIAN_POINT ( 'NONE',  ( -1.466840353394025964, -5.424999998634405962, -3.541265875000000118 ) ) ;
#2769 = CARTESIAN_POINT ( 'NONE',  ( -2.168399959374250730E-16, -2.362499998634406850, -3.541265875000000563 ) ) ;
#2770 = CARTESIAN_POINT ( 'NONE',  ( 0.000000000000000000, 220.0000000000000284, 4.000000000000007105 ) ) ;
#2771 = ORIENTED_EDGE ( 'NONE', *, *, #3236, .F. ) ;
#2772 = CARTESIAN_POINT ( 'NONE',  ( -3.541265875000000118, 1.825000001365593372, -1.466840353394025964 ) ) ;
#2773 = EDGE_LOOP ( 'NONE', ( #2409, #3135, #2998, #277 ) ) ;
#2774 = CARTESIAN_POINT ( 'NONE',  ( 3.541265875000001007, 3.200000001365593150, 1.466840353394025298 ) ) ;
#2775 = VECTOR ( 'NONE', #2548, 1000.000000000000114 ) ;
#2776 = CARTESIAN_POINT ( 'NONE',  ( 1.466840353394027963, 3.075000001365593150, 3.541265875000000563 ) ) ;
#2777 = CARTESIAN_POINT ( 'NONE',  ( 0.000000000000000000, 3.000000000000002665, 0.000000000000000000 ) ) ;
#2778 = CARTESIAN_POINT ( 'NONE',  ( -0.2617993768908422614, 220.0000000000000284, -2.000000000000007105 ) ) ;
#2779 = DIRECTION ( 'NONE',  ( -0.000000000000000000, -1.000000000000000000, -0.000000000000000000 ) ) ;
#2780 = CARTESIAN_POINT ( 'NONE',  ( -1.466840353394025964, 3.700000001365593150, -3.541265875000000563 ) ) ;
#2781 = CARTESIAN_POINT ( 'NONE',  ( 3.541265875000000118, 3.325000001365593594, -1.466840353394025964 ) ) ;
#2782 = CARTESIAN_POINT ( 'NONE',  ( 3.000000000000000444, 0.9500000027311866768, -3.673940397442060361E-16 ) ) ;
#2783 = CARTESIAN_POINT ( 'NONE',  ( -3.541265875000000118, -0.1749999986344068226, -1.466840353394025964 ) ) ;
#2784 = CARTESIAN_POINT ( 'NONE',  ( 3.355064967261392805, 0.1999999999999999001, 1.097595613418889782 ) ) ;
#2785 = EDGE_LOOP ( 'NONE', ( #2199, #2496, #2901, #305 ) ) ;
#2786 = CARTESIAN_POINT ( 'NONE',  ( -1.466840353394025964, 1.700000001365593150, -3.541265875000000118 ) ) ;
#2787 = ORIENTED_EDGE ( 'NONE', *, *, #2234, .F. ) ;
#2788 = CARTESIAN_POINT ( 'NONE',  ( -3.541265875000000563, 1.762500001365593150, 0.000000000000000000 ) ) ;
#2789 =( BOUNDED_CURVE ( )  B_SPLINE_CURVE ( 2, ( #732, #2741, #449, #1479, #2484, #3269, #3003, #232, #716 ),
 .UNSPECIFIED., .F., .F. ) 
 B_SPLINE_CURVE_WITH_KNOTS ( ( 3, 2, 2, 2, 3 ),
 ( 0.1749999999999999889, 0.1875000000000000000, 0.2000000000000000111, 0.2124999999999999944, 0.2250000000000000056 ),
 .UNSPECIFIED. ) 
 CURVE ( )  GEOMETRIC_REPRESENTATION_ITEM ( )  RATIONAL_B_SPLINE_CURVE ( ( 1.000000000000000000, 0.9238795325112867385, 1.000000000000000000, 0.9238795325112867385, 1.000000000000000000, 0.9238795325112867385, 1.000000000000000000, 0.9238795325112867385, 1.000000000000000000 ) ) 
 REPRESENTATION_ITEM ( '' )  );
#2790 = DIRECTION ( 'NONE',  ( -0.000000000000000000, 1.000000000000000000, -0.000000000000000000 ) ) ;
#2791 = DIRECTION ( 'NONE',  ( 0.000000000000000000, 0.000000000000000000, -1.000000000000000000 ) ) ;
#2792 = CARTESIAN_POINT ( 'NONE',  ( -2.504053114197012597, -6.112499998634406850, 2.504053114197013929 ) ) ;
#2793 = CARTESIAN_POINT ( 'NONE',  ( -2.837236682479417738, 0.1999999999999996503, 1.328125575097695243 ) ) ;
#2794 = CIRCLE ( 'NONE', #599, 0.4000000000000000222 ) ;
#2795 = CARTESIAN_POINT ( 'NONE',  ( 3.541265875000001451, 0.3250000013655931497, 1.466840353394025298 ) ) ;
#2796 = CARTESIAN_POINT ( 'NONE',  ( 2.504053114197013041, -3.487499998634407294, -2.504053114197013485 ) ) ;
#2797 = CARTESIAN_POINT ( 'NONE',  ( -3.000000000000000444, -0.5499999972688133232, 0.000000000000000000 ) ) ;
#2798 = CARTESIAN_POINT ( 'NONE',  ( -1.466840353394026408, -1.924999998634406628, 3.541265875000000118 ) ) ;
#2799 = ORIENTED_EDGE ( 'NONE', *, *, #1391, .T. ) ;
#2800 = CARTESIAN_POINT ( 'NONE',  ( 3.000000000000001332, -1.237500000000000933, -1.242640687119285881 ) ) ;
#2801 = CARTESIAN_POINT ( 'NONE',  ( -2.168399959374250730E-16, 1.637500001365592928, -3.541265875000000563 ) ) ;
#2802 = ORIENTED_EDGE ( 'NONE', *, *, #876, .F. ) ;
#2803 = COLOUR_RGB ( '',1.000000000000000000, 0.8666666666666666963, 0.5294117647058823595 ) ;
#2804 = SURFACE_STYLE_FILL_AREA ( #1564 ) ;
#2805 = CARTESIAN_POINT ( 'NONE',  ( 2.309401076758503368, 0.000000000000000000, -4.000000000000000888 ) ) ;
#2806 = LINE ( 'NONE', #1548, #2775 ) ;
#2807 = CARTESIAN_POINT ( 'NONE',  ( 2.014475901327654306, 220.0000000000000284, -3.495145561765820919 ) ) ;
#2808 = CARTESIAN_POINT ( 'NONE',  ( -2.121320343559642385, 0.3249999999999997891, 2.121320343559643273 ) ) ;
#2809 = CARTESIAN_POINT ( 'NONE',  ( 2.504053114197013041, 1.512500001365593372, -2.504053114197013485 ) ) ;
#2810 = EDGE_CURVE ( 'NONE', #1156, #2026, #1461, .T. ) ;
#2811 = CARTESIAN_POINT ( 'NONE',  ( 6.505199878122751944E-16, 1.012500001365593372, 3.541265875000000563 ) ) ;
#2812 = CARTESIAN_POINT ( 'NONE',  ( -1.836970198721030181E-16, 0.2000000027311864548, -3.000000000000000444 ) ) ;
#2813 = CARTESIAN_POINT ( 'NONE',  ( 3.000000000000000888, 1.012500002731186788, -1.242640687119285881 ) ) ;
#2814 = EDGE_CURVE ( 'NONE', #1541, #1960, #3018, .T. ) ;
#2815 = ORIENTED_EDGE ( 'NONE', *, *, #878, .F. ) ;
#2816 = CARTESIAN_POINT ( 'NONE',  ( -2.121320343559642385, -4.675000000000001599, 2.121320343559643273 ) ) ;
#2817 = ORIENTED_EDGE ( 'NONE', *, *, #807, .T. ) ;
#2818 = CARTESIAN_POINT ( 'NONE',  ( 0.000000000000000000, 1.943380962103086196, 0.000000000000000000 ) ) ;
#2819 = SURFACE_SIDE_STYLE ('',( #2547 ) ) ;
#2820 = CARTESIAN_POINT ( 'NONE',  ( 3.000000000000000444, 3.699999999999999734, -3.673940397442060361E-16 ) ) ;
#2821 = CARTESIAN_POINT ( 'NONE',  ( 2.458186895326416543, 219.0000000000000284, -3.198667354165972920 ) ) ;
#2822 = CARTESIAN_POINT ( 'NONE',  ( -1.923908113040128542, 0.2000000000000035361, 2.643332614990984819 ) ) ;
#2823 = AXIS2_PLACEMENT_3D ( 'NONE', #228, #2722, #1978 ) ;
#2824 = CARTESIAN_POINT ( 'NONE',  ( -3.541265875000000563, 1.950000001365593372, 1.466840353394028629 ) ) ;
#2825 = CARTESIAN_POINT ( 'NONE',  ( 2.504053114197013041, 1.387500001365593150, -2.504053114197013485 ) ) ;
#2826 = CARTESIAN_POINT ( 'NONE',  ( 3.000000000000001332, -0.9874999972688137673, -1.242640687119285881 ) ) ;
#2827 = AXIS2_PLACEMENT_3D ( 'NONE', #2903, #1895, #1650 ) ;
#2828 = VERTEX_POINT ( 'NONE', #1686 ) ;
#2829 = CARTESIAN_POINT ( 'NONE',  ( -2.504053114197012597, 2.887500001365593150, 2.504053114197013929 ) ) ;
#2830 = EDGE_CURVE ( 'NONE', #1258, #2705, #1202, .T. ) ;
#2831 = CARTESIAN_POINT ( 'NONE',  ( 1.242640687119285658, -5.112499999999999822, -3.000000000000001332 ) ) ;
#2832 = ORIENTED_EDGE ( 'NONE', *, *, #2665, .F. ) ;
#2833 = DIRECTION ( 'NONE',  ( -0.8660254037844398178, -0.4999999999999977240, 0.000000000000000000 ) ) ;
#2834 = STYLED_ITEM ( 'NONE', ( #47 ), #1843 ) ;
#2835 = DIRECTION ( 'NONE',  ( 0.000000000000000000, 0.000000000000000000, 1.000000000000000000 ) ) ;
#2836 =( GEOMETRIC_REPRESENTATION_CONTEXT ( 3 ) GLOBAL_UNCERTAINTY_ASSIGNED_CONTEXT ( ( #2936 ) ) GLOBAL_UNIT_ASSIGNED_CONTEXT ( ( #3232, #3216, #2759 ) ) REPRESENTATION_CONTEXT ( 'NONE', 'WORKASPACE' ) );
#2837 = CARTESIAN_POINT ( 'NONE',  ( -2.000000000000007105, 220.0000000000000284, 0.2617993768908461472 ) ) ;
#2838 = CARTESIAN_POINT ( 'NONE',  ( -2.014475921483602772, 218.9999999999999716, 3.495145553417036144 ) ) ;
#2839 = SURFACE_SIDE_STYLE ('',( #818 ) ) ;
#2840 = CARTESIAN_POINT ( 'NONE',  ( 1.007237950663837811, 220.0000000000000284, 1.747572780882945098 ) ) ;
#2841 = SURFACE_STYLE_FILL_AREA ( #289 ) ;
#2842 = AXIS2_PLACEMENT_3D ( 'NONE', #2521, #2272, #1015 ) ;
#2843 = CARTESIAN_POINT ( 'NONE',  ( -2.168399959374250730E-16, -0.4874999986344071279, -3.541265875000000563 ) ) ;
#2844 = CARTESIAN_POINT ( 'NONE',  ( 2.121320343559643273, -1.174999997268812990, 2.121320343559642829 ) ) ;
#2845 = DIRECTION ( 'NONE',  ( -1.000000000000000000, 0.000000000000000000, 1.877893248421448789E-16 ) ) ;
#2846 = AXIS2_PLACEMENT_3D ( 'NONE', #2451, #2203, #733 ) ;
#2847 = DIRECTION ( 'NONE',  ( -1.000000000000000000, -0.000000000000000000, -0.000000000000000000 ) ) ;
#2848 = EDGE_LOOP ( 'NONE', ( #1089, #206, #3268, #1998 ) ) ;
#2849 = CARTESIAN_POINT ( 'NONE',  ( -1.466840353394026408, 1.950000001365592928, 3.541265875000000118 ) ) ;
#2850 = CARTESIAN_POINT ( 'NONE',  ( 3.000000000000000444, -3.299999999999999822, -3.673940397442060361E-16 ) ) ;
#2851 = ORIENTED_EDGE ( 'NONE', *, *, #1797, .F. ) ;
#2852 = EDGE_CURVE ( 'NONE', #230, #1340, #646, .T. ) ;
#2853 = MECHANICAL_DESIGN_GEOMETRIC_PRESENTATION_REPRESENTATION (  '', ( #2318 ), #1947 ) ;
#2854 = LINE ( 'NONE', #3103, #3004 ) ;
#2855 = CARTESIAN_POINT ( 'NONE',  ( 3.495145561765891973, 219.0000000000000284, 2.014475901327685392 ) ) ;
#2856 = STYLED_ITEM ( 'NONE', ( #3203 ), #2894 ) ;
#2857 = CARTESIAN_POINT ( 'NONE',  ( 3.541265875000001007, -2.674999998634406406, 1.466840353394025298 ) ) ;
#2858 =( GEOMETRIC_REPRESENTATION_CONTEXT ( 3 ) GLOBAL_UNCERTAINTY_ASSIGNED_CONTEXT ( ( #2027 ) ) GLOBAL_UNIT_ASSIGNED_CONTEXT ( ( #1365, #2325, #3114 ) ) REPRESENTATION_CONTEXT ( 'NONE', 'WORKASPACE' ) );
#2859 = DIRECTION ( 'NONE',  ( 0.000000000000000000, -0.5144957554274819378, -0.8574929257125709636 ) ) ;
#2860 = VECTOR ( 'NONE', #2372, 1000.000000000000000 ) ;
#2861 = CARTESIAN_POINT ( 'NONE',  ( -2.168399959374250730E-16, 2.512500001365593594, -3.541265875000000563 ) ) ;
#2862 = CARTESIAN_POINT ( 'NONE',  ( 1.242640687119287213, -3.237499997268812990, 2.999999999999999556 ) ) ;
#2863 = CARTESIAN_POINT ( 'NONE',  ( 0.000000000000000000, 21.43505856806114096, -4.014764658401049680 ) ) ;
#2864 = FILL_AREA_STYLE ('',( #2625 ) ) ;
#2865 = DIRECTION ( 'NONE',  ( 0.000000000000000000, 0.000000000000000000, -1.000000000000000000 ) ) ;
#2866 = CARTESIAN_POINT ( 'NONE',  ( -2.504053114197012597, -0.1124999986344067809, 2.504053114197013929 ) ) ;
#2867 = CARTESIAN_POINT ( 'NONE',  ( -3.000000000000000444, -4.800000000000001599, 0.000000000000000000 ) ) ;
#2868 = ORIENTED_EDGE ( 'NONE', *, *, #2439, .T. ) ;
#2869 = UNCERTAINTY_MEASURE_WITH_UNIT (LENGTH_MEASURE( 1.000000000000000082E-05 ), #2535, 'distance_accuracy_value', 'NONE');
#2870 = CARTESIAN_POINT ( 'NONE',  ( 4.618802153517006737, 0.2000000000000000111, 2.620035909067791980E-17 ) ) ;
#2871 = PRESENTATION_STYLE_ASSIGNMENT (( #96 ) ) ;
#2872 = CARTESIAN_POINT ( 'NONE',  ( -3.198667354166189636, 220.0000000000000284, -2.458186895326407218 ) ) ;
#2873 = CARTESIAN_POINT ( 'NONE',  ( -1.242640687119284770, 3.387499999999998845, 3.000000000000001776 ) ) ;
#2874 = CARTESIAN_POINT ( 'NONE',  ( -2.504053114197012597, -1.987499998634406628, 2.504053114197013929 ) ) ;
#2875 = CARTESIAN_POINT ( 'NONE',  ( 2.121320343559643273, 2.574999999999999734, 2.121320343559642829 ) ) ;
#2876 = CARTESIAN_POINT ( 'NONE',  ( -0.5235987537816668702, 220.0000000000000284, 4.000000000000220268 ) ) ;
#2877 = VECTOR ( 'NONE', #1226, 1000.000000000000000 ) ;
#2878 = CARTESIAN_POINT ( 'NONE',  ( 3.541265875000000563, 2.262500001365593150, -4.336799918748501460E-16 ) ) ;
#2879 = CARTESIAN_POINT ( 'NONE',  ( -2.121320343559642829, -2.674999997268813434, -2.121320343559642829 ) ) ;
#2880 = DIRECTION ( 'NONE',  ( -0.000000000000000000, 1.000000000000000000, -0.000000000000000000 ) ) ;
#2881 = CARTESIAN_POINT ( 'NONE',  ( 6.505199878122751944E-16, -3.862499998634406850, 3.541265875000000563 ) ) ;
#2882 = ORIENTED_EDGE ( 'NONE', *, *, #356, .T. ) ;
#2883 = CARTESIAN_POINT ( 'NONE',  ( -1.466840353394025964, -0.4249999986344070724, -3.541265875000000118 ) ) ;
#2884 = CARTESIAN_POINT ( 'NONE',  ( -1.242640687119286103, -1.612500000000000266, 3.000000000000000444 ) ) ;
#2885 = EDGE_LOOP ( 'NONE', ( #3283, #1579, #2545, #2195 ) ) ;
#2886 =( LENGTH_UNIT ( ) NAMED_UNIT ( * ) SI_UNIT ( .MILLI., .METRE. ) );
#2887 = CARTESIAN_POINT ( 'NONE',  ( 2.458186879899664223, 219.0000000000000568, -3.198667369592725684 ) ) ;
#2888 = CARTESIAN_POINT ( 'NONE',  ( -2.309401076758502480, 0.2000000000000000111, 4.000000000000000000 ) ) ;
#2889 = CARTESIAN_POINT ( 'NONE',  ( -3.895890706673269310, 219.0000000000000284, -1.046991537437124808 ) ) ;
#2890 = CARTESIAN_POINT ( 'NONE',  ( 2.504053114197013041, -2.487499998634407294, -2.504053114197013485 ) ) ;
#2891 = CARTESIAN_POINT ( 'NONE',  ( -2.458186895326182952, 220.0000000000000284, -3.198667354165959154 ) ) ;
#2892 = CARTESIAN_POINT ( 'NONE',  ( 5.510910596163089556E-16, 3.449999999999999734, 3.000000000000000444 ) ) ;
#2893 = CARTESIAN_POINT ( 'NONE',  ( -3.541265875000000118, -4.299999998634405962, -1.466840353394025964 ) ) ;
#2894 = ADVANCED_FACE ( 'NONE', ( #1414 ), #2652, .F. ) ;
#2895 = CARTESIAN_POINT ( 'NONE',  ( -2.999999999999999556, -2.487499997268813434, 1.242640687119287657 ) ) ;
#2896 =( BOUNDED_SURFACE ( )  B_SPLINE_SURFACE ( 1, 2, ( 
 ( #3023, #2056, #715, #794, #1067, #1337, #731, #1822, #3098, #2774, #809, #195, #1591, #554, #2829, #2232, #538, #2761, #290, #485, #2344, #1961, #1241, #2329, #2596, #1838, #2577, #1319, #2517, #2849, #306, #2985, #696, #231, #1736, #448, #2740, #1478, #1221, #3251, #976, #1982, #3002, #1753, #469, #2500, #1872, #864, #2160, #1904, #607, #1102, #845, #2406, #123, #1149, #2358, #1135, #322, #2144, #3186, #570, #2866, #1662, #2108, #1607, #338, #2883, #355, #3118, #902, #392, #639, #76, #1384, #3136, #1855, #826, #587, #1121, #3168, #2612, #882, #103, #92, #2933, #1624, #1890, #1679, #1354, #3153, #2646, #2627, #1369, #2387, #1085, #1917, #2683, #1425, #63, #2088, #2374, #2127, #2898, #1641, #2918, #623, #374, #2661, #1404, #2994, #656, #2731, #1233, #439, #169, #1697, #1456, #1471, #724, #673, #2750, #1993, #1956, #2456, #3210, #2979, #3197, #2193, #425, #1197, #1730, #935, #2208, #2949, #2493, #3227, #1489, #204, #187, #985, #951, #1944, #689, #1714, #2242, #3262, #2768, #1761, #2702, #2718, #2473, #3244, #1214, #2225, #969, #1973, #707, #1746, #2965, #411 ),
 ( #459, #3012, #477, #2425, #140, #1167, #2175, #920, #1930, #1440, #2440, #155, #1180, #1004, #1035, #1050, #255, #3031, #2036, #2304, #1313, #790, #740, #1538, #3297, #2290, #286, #23, #3061, #2526, #2276, #536, #1572, #2572, #494, #2553, #1775, #273, #2324, #2006, #2782, #3079, #241, #1525, #1787, #1020, #1804, #1251, #41, #1834, #2068, #1268, #2812, #2021, #3278, #2260, #3046, #2538, #1297, #757, #2051, #1554, #1283, #1063, #2797, #7, #3094, #506, #772, #521, #1818, #2826, #805, #2511, #2844, #1506, #223, #2912, #621, #1636, #2402, #582, #319, #1117, #3132, #1659, #2658, #899, #3179, #3113, #841, #1620, #1382, #2122, #352, #2895, #1887, #602, #2879, #1098, #1849, #1400, #3148, #879, #2640, #822, #1868, #2862, #371, #303, #567, #119, #1603, #56, #2622, #2370, #2158, #333, #1146, #2141, #89, #2591, #2608, #1350, #2355, #861, #2384, #1914, #551, #73, #101, #1132, #1364, #3164, #1587, #1901, #1333, #2341, #2101, #1082, #2083, #1676, #1928, #2421, #2680, #1485, #1968, #2205, #2489, #1164, #1941, #1177, #670, #166, #2190, #702, #1228, #2238, #389, #2699, #2946 ) ),
 .UNSPECIFIED., .F., .F., .T. ) 
 B_SPLINE_SURFACE_WITH_KNOTS ( ( 2, 2 ),
 ( 3, 2, 2, 2, 2, 2, 2, 2, 2, 2, 2, 2, 2, 2, 2, 2, 2, 2, 2, 2, 2, 2, 2, 2, 2, 2, 2, 2, 2, 2, 2, 2, 2, 2, 2, 2, 2, 2, 2, 2, 2, 2, 2, 2, 2, 2, 2, 2, 2, 2, 2, 2, 2, 2, 2, 2, 2, 2, 2, 2, 2, 2, 2, 2, 2, 2, 2, 2, 2, 2, 2, 2, 2, 2, 2, 2, 2, 2, 2, 2, 3 ),
 ( 0.000000000000000000, 1.000000000000000000 ),
 ( 0.000000000000000000, 0.01250000000000000069, 0.02500000000000000139, 0.03749999999999999861, 0.05000000000000000278, 0.06250000000000000000, 0.07499999999999999722, 0.08749999999999999445, 0.1000000000000000056, 0.1125000000000000028, 0.1250000000000000000, 0.1375000000000000111, 0.1499999999999999944, 0.1625000000000000056, 0.1749999999999999889, 0.1875000000000000000, 0.2000000000000000111, 0.2124999999999999944, 0.2250000000000000056, 0.2374999999999999889, 0.2500000000000000000, 0.2625000000000000111, 0.2750000000000000222, 0.2874999999999999778, 0.2999999999999999889, 0.3125000000000000000, 0.3250000000000000111, 0.3375000000000000222, 0.3499999999999999778, 0.3624999999999999889, 0.3750000000000000000, 0.3875000000000000111, 0.4000000000000000222, 0.4124999999999999778, 0.4249999999999999889, 0.4375000000000000000, 0.4500000000000000111, 0.4625000000000000222, 0.4749999999999999778, 0.4874999999999999889, 0.5000000000000000000, 0.5124999999999999556, 0.5250000000000000222, 0.5374999999999999778, 0.5500000000000000444, 0.5625000000000000000, 0.5749999999999999556, 0.5875000000000000222, 0.5999999999999999778, 0.6125000000000000444, 0.6250000000000000000, 0.6374999999999999556, 0.6500000000000000222, 0.6624999999999999778, 0.6750000000000000444, 0.6875000000000000000, 0.6999999999999999556, 0.7125000000000000222, 0.7249999999999999778, 0.7375000000000000444, 0.7500000000000000000, 0.7624999999999999556, 0.7750000000000000222, 0.7874999999999999778, 0.8000000000000000444, 0.8125000000000000000, 0.8249999999999999556, 0.8375000000000000222, 0.8499999999999999778, 0.8625000000000000444, 0.8750000000000000000, 0.8874999999999999556, 0.9000000000000000222, 0.9124999999999999778, 0.9250000000000000444, 0.9375000000000000000, 0.9499999999999999556, 0.9625000000000000222, 0.9749999999999999778, 0.9875000000000000444, 1.000000000000000000 ),
 .UNSPECIFIED. ) 
 GEOMETRIC_REPRESENTATION_ITEM ( )  RATIONAL_B_SPLINE_SURFACE ( (
 ( 1.000000000000000000, 0.9238795325112867385, 1.000000000000000000, 0.9238795325112867385, 1.000000000000000000, 0.9238795325112867385, 1.000000000000000000, 0.9238795325112867385, 1.000000000000000000, 0.9238795325112867385, 1.000000000000000000, 0.9238795325112867385, 1.000000000000000000, 0.9238795325112867385, 1.000000000000000000, 0.9238795325112867385, 1.000000000000000000, 0.9238795325112867385, 1.000000000000000000, 0.9238795325112867385, 1.000000000000000000, 0.9238795325112867385, 1.000000000000000000, 0.9238795325112867385, 1.000000000000000000, 0.9238795325112867385, 1.000000000000000000, 0.9238795325112867385, 1.000000000000000000, 0.9238795325112867385, 1.000000000000000000, 0.9238795325112867385, 1.000000000000000000, 0.9238795325112867385, 1.000000000000000000, 0.9238795325112867385, 1.000000000000000000, 0.9238795325112867385, 1.000000000000000000, 0.9238795325112867385, 1.000000000000000000, 0.9238795325112867385, 1.000000000000000000, 0.9238795325112867385, 1.000000000000000000, 0.9238795325112867385, 1.000000000000000000, 0.9238795325112867385, 1.000000000000000000, 0.9238795325112867385, 1.000000000000000000, 0.9238795325112867385, 1.000000000000000000, 0.9238795325112867385, 1.000000000000000000, 0.9238795325112867385, 1.000000000000000000, 0.9238795325112867385, 1.000000000000000000, 0.9238795325112867385, 1.000000000000000000, 0.9238795325112867385, 1.000000000000000000, 0.9238795325112867385, 1.000000000000000000, 0.9238795325112867385, 1.000000000000000000, 0.9238795325112867385, 1.000000000000000000, 0.9238795325112867385, 1.000000000000000000, 0.9238795325112867385, 1.000000000000000000, 0.9238795325112867385, 1.000000000000000000, 0.9238795325112867385, 1.000000000000000000, 0.9238795325112867385, 1.000000000000000000, 0.9238795325112867385, 1.000000000000000000, 0.9238795325112867385, 1.000000000000000000, 0.9238795325112867385, 1.000000000000000000, 0.9238795325112867385, 1.000000000000000000, 0.9238795325112867385, 1.000000000000000000, 0.9238795325112867385, 1.000000000000000000, 0.9238795325112867385, 1.000000000000000000, 0.9238795325112867385, 1.000000000000000000, 0.9238795325112867385, 1.000000000000000000, 0.9238795325112867385, 1.000000000000000000, 0.9238795325112867385, 1.000000000000000000, 0.9238795325112867385, 1.000000000000000000, 0.9238795325112867385, 1.000000000000000000, 0.9238795325112867385, 1.000000000000000000, 0.9238795325112867385, 1.000000000000000000, 0.9238795325112867385, 1.000000000000000000, 0.9238795325112867385, 1.000000000000000000, 0.9238795325112867385, 1.000000000000000000, 0.9238795325112867385, 1.000000000000000000, 0.9238795325112867385, 1.000000000000000000, 0.9238795325112867385, 1.000000000000000000, 0.9238795325112867385, 1.000000000000000000, 0.9238795325112867385, 1.000000000000000000, 0.9238795325112867385, 1.000000000000000000, 0.9238795325112867385, 1.000000000000000000, 0.9238795325112867385, 1.000000000000000000, 0.9238795325112867385, 1.000000000000000000, 0.9238795325112867385, 1.000000000000000000, 0.9238795325112867385, 1.000000000000000000, 0.9238795325112867385, 1.000000000000000000, 0.9238795325112867385, 1.000000000000000000, 0.9238795325112867385, 1.000000000000000000, 0.9238795325112867385, 1.000000000000000000, 0.9238795325112867385, 1.000000000000000000, 0.9238795325112867385, 1.000000000000000000, 0.9238795325112867385, 1.000000000000000000, 0.9238795325112867385, 1.000000000000000000, 0.9238795325112867385, 1.000000000000000000, 0.9238795325112867385, 1.000000000000000000, 0.9238795325112867385, 1.000000000000000000, 0.9238795325112867385, 1.000000000000000000),
 ( 1.000000000000000000, 0.9238795325112867385, 1.000000000000000000, 0.9238795325112867385, 1.000000000000000000, 0.9238795325112867385, 1.000000000000000000, 0.9238795325112867385, 1.000000000000000000, 0.9238795325112867385, 1.000000000000000000, 0.9238795325112867385, 1.000000000000000000, 0.9238795325112867385, 1.000000000000000000, 0.9238795325112867385, 1.000000000000000000, 0.9238795325112867385, 1.000000000000000000, 0.9238795325112867385, 1.000000000000000000, 0.9238795325112867385, 1.000000000000000000, 0.9238795325112867385, 1.000000000000000000, 0.9238795325112867385, 1.000000000000000000, 0.9238795325112867385, 1.000000000000000000, 0.9238795325112867385, 1.000000000000000000, 0.9238795325112867385, 1.000000000000000000, 0.9238795325112867385, 1.000000000000000000, 0.9238795325112867385, 1.000000000000000000, 0.9238795325112867385, 1.000000000000000000, 0.9238795325112867385, 1.000000000000000000, 0.9238795325112867385, 1.000000000000000000, 0.9238795325112867385, 1.000000000000000000, 0.9238795325112867385, 1.000000000000000000, 0.9238795325112867385, 1.000000000000000000, 0.9238795325112867385, 1.000000000000000000, 0.9238795325112867385, 1.000000000000000000, 0.9238795325112867385, 1.000000000000000000, 0.9238795325112867385, 1.000000000000000000, 0.9238795325112867385, 1.000000000000000000, 0.9238795325112867385, 1.000000000000000000, 0.9238795325112867385, 1.000000000000000000, 0.9238795325112867385, 1.000000000000000000, 0.9238795325112867385, 1.000000000000000000, 0.9238795325112867385, 1.000000000000000000, 0.9238795325112867385, 1.000000000000000000, 0.9238795325112867385, 1.000000000000000000, 0.9238795325112867385, 1.000000000000000000, 0.9238795325112867385, 1.000000000000000000, 0.9238795325112867385, 1.000000000000000000, 0.9238795325112867385, 1.000000000000000000, 0.9238795325112867385, 1.000000000000000000, 0.9238795325112867385, 1.000000000000000000, 0.9238795325112867385, 1.000000000000000000, 0.9238795325112867385, 1.000000000000000000, 0.9238795325112867385, 1.000000000000000000, 0.9238795325112867385, 1.000000000000000000, 0.9238795325112867385, 1.000000000000000000, 0.9238795325112867385, 1.000000000000000000, 0.9238795325112867385, 1.000000000000000000, 0.9238795325112867385, 1.000000000000000000, 0.9238795325112867385, 1.000000000000000000, 0.9238795325112867385, 1.000000000000000000, 0.9238795325112867385, 1.000000000000000000, 0.9238795325112867385, 1.000000000000000000, 0.9238795325112867385, 1.000000000000000000, 0.9238795325112867385, 1.000000000000000000, 0.9238795325112867385, 1.000000000000000000, 0.9238795325112867385, 1.000000000000000000, 0.9238795325112867385, 1.000000000000000000, 0.9238795325112867385, 1.000000000000000000, 0.9238795325112867385, 1.000000000000000000, 0.9238795325112867385, 1.000000000000000000, 0.9238795325112867385, 1.000000000000000000, 0.9238795325112867385, 1.000000000000000000, 0.9238795325112867385, 1.000000000000000000, 0.9238795325112867385, 1.000000000000000000, 0.9238795325112867385, 1.000000000000000000, 0.9238795325112867385, 1.000000000000000000, 0.9238795325112867385, 1.000000000000000000, 0.9238795325112867385, 1.000000000000000000, 0.9238795325112867385, 1.000000000000000000, 0.9238795325112867385, 1.000000000000000000, 0.9238795325112867385, 1.000000000000000000, 0.9238795325112867385, 1.000000000000000000, 0.9238795325112867385, 1.000000000000000000, 0.9238795325112867385, 1.000000000000000000, 0.9238795325112867385, 1.000000000000000000, 0.9238795325112867385, 1.000000000000000000, 0.9238795325112867385, 1.000000000000000000, 0.9238795325112867385, 1.000000000000000000) ) ) 
 REPRESENTATION_ITEM ( '' )  SURFACE ( )  );
#2897 = PRESENTATION_STYLE_ASSIGNMENT (( #3151 ) ) ;
#2898 = CARTESIAN_POINT ( 'NONE',  ( 3.541265875000000118, -2.674999998634408183, -1.466840353394025964 ) ) ;
#2899 = CONICAL_SURFACE ( 'NONE', #875, 0.3999999999999722666, 0.7853981633974810306 ) ;
#2900 = CARTESIAN_POINT ( 'NONE',  ( 1.466840353394025964, 2.575000001365594038, -3.541265875000000118 ) ) ;
#2901 = ORIENTED_EDGE ( 'NONE', *, *, #685, .T. ) ;
#2902 = LINE ( 'NONE', #2650, #1668 ) ;
#2903 = CARTESIAN_POINT ( 'NONE',  ( 0.000000000000000000, 3.056619037896890489, 0.000000000000000000 ) ) ;
#2904 = CARTESIAN_POINT ( 'NONE',  ( 2.121320343559643273, 1.825000002731186566, 2.121320343559642829 ) ) ;
#2905 = LINE ( 'NONE', #2415, #3263 ) ;
#2906 = CARTESIAN_POINT ( 'NONE',  ( 5.159799029508471937E-16, 219.0000000000000284, -4.000000000000007105 ) ) ;
#2907 = CARTESIAN_POINT ( 'NONE',  ( -1.836970198721030181E-16, 2.200000002731186566, -3.000000000000000444 ) ) ;
#2908 = CARTESIAN_POINT ( 'NONE',  ( -2.504053114197013485, -1.237499998634406850, -2.504053114197013485 ) ) ;
#2909 = CARTESIAN_POINT ( 'NONE',  ( -2.000000000000007105, 220.0000000000000284, 0.2617993768908461472 ) ) ;
#2910 = CARTESIAN_POINT ( 'NONE',  ( -2.168399959374250730E-16, -4.487499998634406850, -3.541265875000000563 ) ) ;
#2911 = VECTOR ( 'NONE', #1431, 1000.000000000000000 ) ;
#2912 = CARTESIAN_POINT ( 'NONE',  ( -1.242640687119286103, -1.362499997268813212, 3.000000000000000444 ) ) ;
#2913 = STYLED_ITEM ( 'NONE', ( #2079 ), #2603 ) ;
#2914 = CARTESIAN_POINT ( 'NONE',  ( 1.747914857581656989, 220.0000000000000568, -1.006598507901845130 ) ) ;
#2915 = VECTOR ( 'NONE', #2000, 1000.000000000000000 ) ;
#2916 = EDGE_CURVE ( 'NONE', #1611, #2038, #1720, .T. ) ;
#2917 = CARTESIAN_POINT ( 'NONE',  ( 0.000000000000000000, 4.200000000000000178, 0.000000000000000000 ) ) ;
#2918 = CARTESIAN_POINT ( 'NONE',  ( 3.541265875000001007, -2.799999998634406406, 1.466840353394025298 ) ) ;
#2919 = COLOUR_RGB ( '',1.000000000000000000, 1.000000000000000000, 1.000000000000000000 ) ;
#2920 = ADVANCED_FACE ( 'NONE', ( #662 ), #3284, .T. ) ;
#2921 = CARTESIAN_POINT ( 'NONE',  ( 3.541265875000000563, 2.387500001365593150, -4.336799918748501460E-16 ) ) ;
#2922 = ORIENTED_EDGE ( 'NONE', *, *, #2852, .F. ) ;
#2923 = LINE ( 'NONE', #628, #687 ) ;
#2924 = CARTESIAN_POINT ( 'NONE',  ( 3.093693117756611599, 0.1999999999999998446, 1.784937789239195993 ) ) ;
#2925 = FILL_AREA_STYLE ('',( #1909 ) ) ;
#2926 = CARTESIAN_POINT ( 'NONE',  ( 0.000000000000000000, 2.029130254674348155, -4.951449575542754999 ) ) ;
#2927 = CARTESIAN_POINT ( 'NONE',  ( 2.504053114197013041, -1.487499998634407072, -2.504053114197013485 ) ) ;
#2928 = CARTESIAN_POINT ( 'NONE',  ( 2.458186895326416543, 219.0000000000000284, -3.198667354165972920 ) ) ;
#2929 = CARTESIAN_POINT ( 'NONE',  ( 6.505199878122751944E-16, -4.987499998634406850, 3.541265875000000563 ) ) ;
#2930 = DIRECTION ( 'NONE',  ( 0.000000000000000000, 0.000000000000000000, -1.000000000000000000 ) ) ;
#2931 = CARTESIAN_POINT ( 'NONE',  ( 3.271703049761887971, 0.1999999999999999001, 1.355183807318505407 ) ) ;
#2932 = CIRCLE ( 'NONE', #49, 0.4000000000000000222 ) ;
#2933 = CARTESIAN_POINT ( 'NONE',  ( 1.466840353394025964, -1.549999998634407516, -3.541265875000000118 ) ) ;
#2934 = CARTESIAN_POINT ( 'NONE',  ( 2.504053114197013041, 1.512500001365593372, -2.504053114197013485 ) ) ;
#2935 = ORIENTED_EDGE ( 'NONE', *, *, #1990, .F. ) ;
#2936 = UNCERTAINTY_MEASURE_WITH_UNIT (LENGTH_MEASURE( 1.000000000000000082E-05 ), #3232, 'distance_accuracy_value', 'NONE');
#2937 = DIRECTION ( 'NONE',  ( 0.000000000000000000, -1.000000000000000000, 0.000000000000000000 ) ) ;
#2938 = EDGE_CURVE ( 'NONE', #1306, #512, #2639, .T. ) ;
#2939 = AXIS2_PLACEMENT_3D ( 'NONE', #2165, #345, #834 ) ;
#2940 = FACE_OUTER_BOUND ( 'NONE', #1767, .T. ) ;
#2941 = ORIENTED_EDGE ( 'NONE', *, *, #487, .T. ) ;
#2942 = CARTESIAN_POINT ( 'NONE',  ( -2.121320343559642829, 3.325000002731186566, -2.121320343559642829 ) ) ;
#2943 = CARTESIAN_POINT ( 'NONE',  ( 3.000000000000001776, -1.362500000000000044, 1.242640687119285436 ) ) ;
#2944 = CARTESIAN_POINT ( 'NONE',  ( 0.000000000000000000, 219.0000000000000284, 4.000000000000007105 ) ) ;
#2945 = CARTESIAN_POINT ( 'NONE',  ( -3.541265875000000563, -1.237499998634406850, 0.000000000000000000 ) ) ;
#2946 = CARTESIAN_POINT ( 'NONE',  ( -3.000000000000000444, -6.549999997268813878, 0.000000000000000000 ) ) ;
#2947 = AXIS2_PLACEMENT_3D ( 'NONE', #1209, #1757, #3291 ) ;
#2948 = CARTESIAN_POINT ( 'NONE',  ( -2.121320343559642829, 4.074999999999999289, -2.121320343559642829 ) ) ;
#2949 = CARTESIAN_POINT ( 'NONE',  ( 2.504053114197013041, -4.612499998634406850, -2.504053114197013485 ) ) ;
#2950 = CARTESIAN_POINT ( 'NONE',  ( -1.466840353394026408, 3.075000001365593150, 3.541265875000000118 ) ) ;
#2951 = ORIENTED_EDGE ( 'NONE', *, *, #1371, .T. ) ;
#2952 = MECHANICAL_DESIGN_GEOMETRIC_PRESENTATION_REPRESENTATION (  '', ( #2688 ), #1894 ) ;
#2953 = SURFACE_SIDE_STYLE ('',( #1750 ) ) ;
#2954 = EDGE_CURVE ( 'NONE', #1665, #481, #405, .T. ) ;
#2955 = SURFACE_STYLE_USAGE ( .BOTH. , #677 ) ;
#2956 = ORIENTED_EDGE ( 'NONE', *, *, #2540, .F. ) ;
#2957 = CARTESIAN_POINT ( 'NONE',  ( -1.046991557593059952, 219.0000000000000284, -3.895890698324405488 ) ) ;
#2958 = CARTESIAN_POINT ( 'NONE',  ( 3.000000000000001776, 1.637499999999999734, 1.242640687119285436 ) ) ;
#2959 = CARTESIAN_POINT ( 'NONE',  ( -1.046991557593059952, 219.0000000000000284, -3.895890698324405488 ) ) ;
#2960 = CARTESIAN_POINT ( 'NONE',  ( 3.541265875000000563, -1.737499998634406406, -4.336799918748501460E-16 ) ) ;
#2961 = SURFACE_SIDE_STYLE ('',( #1728 ) ) ;
#2962 = CARTESIAN_POINT ( 'NONE',  ( 6.505199878122751944E-16, 2.137500001365593150, 3.541265875000000563 ) ) ;
#2963 = VECTOR ( 'NONE', #237, 1000.000000000000000 ) ;
#2964 = PRODUCT ( '80mm antenna SMA', '80mm antenna SMA', '', ( #1722 ) ) ;
#2965 = CARTESIAN_POINT ( 'NONE',  ( -3.541265875000000118, -6.174999998634405962, 1.466840353394028629 ) ) ;
#2966 = CARTESIAN_POINT ( 'NONE',  ( 1.466840353394025964, 3.575000001365593150, -3.541265875000000118 ) ) ;
#2967 = EDGE_LOOP ( 'NONE', ( #2499, #2922, #258, #1356 ) ) ;
#2968 = FILL_AREA_STYLE ('',( #3215 ) ) ;
#2969 = ORIENTED_EDGE ( 'NONE', *, *, #878, .T. ) ;
#2970 = CARTESIAN_POINT ( 'NONE',  ( 1.242640687119285214, 1.762500002731186788, 3.000000000000001776 ) ) ;
#2971 = CARTESIAN_POINT ( 'NONE',  ( 3.541265875000000563, 2.325000001365593150, -1.466840353394025964 ) ) ;
#2972 = CARTESIAN_POINT ( 'NONE',  ( 3.000000000000000444, -0.3000000000000007661, -3.673940397442060361E-16 ) ) ;
#2973 = CARTESIAN_POINT ( 'NONE',  ( 0.000000000000000000, 0.2000000000000057288, 0.000000000000000000 ) ) ;
#2974 = CARTESIAN_POINT ( 'NONE',  ( -3.541265875000000118, -6.174999998634405962, 1.466840353394028629 ) ) ;
#2975 = SURFACE_SIDE_STYLE ('',( #150 ) ) ;
#2976 = CARTESIAN_POINT ( 'NONE',  ( -0.5241898178634560868, 220.0000000000000568, 1.947735079602240793 ) ) ;
#2977 = EDGE_CURVE ( 'NONE', #1340, #993, #2447, .T. ) ;
#2978 = CARTESIAN_POINT ( 'NONE',  ( 0.000000000000000000, 220.0000000000000284, 5.000000000000000000 ) ) ;
#2979 = CARTESIAN_POINT ( 'NONE',  ( -2.504053114197012597, -4.112499998634406850, 2.504053114197013929 ) ) ;
#2980 = CARTESIAN_POINT ( 'NONE',  ( -3.541265875000000563, -0.1124999986344067809, 0.000000000000000000 ) ) ;
#2981 = EDGE_LOOP ( 'NONE', ( #847, #3230, #2263 ) ) ;
#2982 = DIRECTION ( 'NONE',  ( 0.000000000000000000, -1.000000000000000000, 0.000000000000000000 ) ) ;
#2983 =( LENGTH_UNIT ( ) NAMED_UNIT ( * ) SI_UNIT ( .MILLI., .METRE. ) );
#2984 = VERTEX_POINT ( 'NONE', #1187 ) ;
#2985 = CARTESIAN_POINT ( 'NONE',  ( -3.541265875000000118, 1.825000001365593372, 1.466840353394028629 ) ) ;
#2986 = CARTESIAN_POINT ( 'NONE',  ( 6.505199878122751944E-16, 1.012500001365593372, 3.541265875000000563 ) ) ;
#2987 = CARTESIAN_POINT ( 'NONE',  ( -1.242640687119285658, -0.9875000000000004885, -3.000000000000001332 ) ) ;
#2988 = CARTESIAN_POINT ( 'NONE',  ( 0.000000000000000000, 220.0000000000000284, 2.000000000000007105 ) ) ;
#2989 = FACE_OUTER_BOUND ( 'NONE', #3034, .T. ) ;
#2990 = CARTESIAN_POINT ( 'NONE',  ( 3.000000000000000444, 2.699999999999999734, -3.673940397442060361E-16 ) ) ;
#2991 = LINE ( 'NONE', #1713, #1857 ) ;
#2992 = ADVANCED_FACE ( 'NONE', ( #2200 ), #2896, .T. ) ;
#2993 = CARTESIAN_POINT ( 'NONE',  ( -2.504053114197012597, -3.987499998634406406, 2.504053114197013929 ) ) ;
#2994 = CARTESIAN_POINT ( 'NONE',  ( -2.504053114197012597, -3.112499998634406850, 2.504053114197013929 ) ) ;
#2995 = CARTESIAN_POINT ( 'NONE',  ( 1.466840353394027963, -0.7999999986344065173, 3.541265875000000118 ) ) ;
#2996 = CARTESIAN_POINT ( 'NONE',  ( 0.000000000000000000, 0.2000000000000057288, -4.800000000000000711 ) ) ;
#2997 = PRESENTATION_LAYER_ASSIGNMENT (  '', '', ( #386 ) ) ;
#2998 = ORIENTED_EDGE ( 'NONE', *, *, #584, .F. ) ;
#2999 = SURFACE_STYLE_USAGE ( .BOTH. , #2953 ) ;
#3000 = TOROIDAL_SURFACE ( 'NONE', #3111, 4.899999999999999467, 0.1000000000000000056 ) ;
#3001 = ORIENTED_EDGE ( 'NONE', *, *, #298, .T. ) ;
#3002 = CARTESIAN_POINT ( 'NONE',  ( 2.504053114197013929, 1.137500001365592928, 2.504053114197013041 ) ) ;
#3003 = CARTESIAN_POINT ( 'NONE',  ( -2.121320343559642829, 2.074999999999999734, -2.121320343559642829 ) ) ;
#3004 = VECTOR ( 'NONE', #2790, 1000.000000000000000 ) ;
#3005 = CARTESIAN_POINT ( 'NONE',  ( -3.000000000000000444, 0.1999999999999996503, 0.000000000000000000 ) ) ;
#3006 = LINE ( 'NONE', #682, #2149 ) ;
#3007 = CARTESIAN_POINT ( 'NONE',  ( 6.505199878122751944E-16, -5.987499998634405962, 3.541265875000000563 ) ) ;
#3008 = CARTESIAN_POINT ( 'NONE',  ( -1.258655521794057375, 0.2000000000000000111, 3.091100521052578820 ) ) ;
#3009 = DIRECTION ( 'NONE',  ( -0.000000000000000000, -1.000000000000000000, -0.000000000000000000 ) ) ;
#3010 = CARTESIAN_POINT ( 'NONE',  ( -2.504053114197012597, 3.012500001365593594, 2.504053114197013929 ) ) ;
#3011 = CARTESIAN_POINT ( 'NONE',  ( 1.466840353394025964, 3.450000001365593594, -3.541265875000000118 ) ) ;
#3012 = CARTESIAN_POINT ( 'NONE',  ( -3.000000000000001332, 3.387500002731186566, -1.242640687119285658 ) ) ;
#3013 = CARTESIAN_POINT ( 'NONE',  ( 3.541265875000000118, -1.549999998634407516, -1.466840353394025964 ) ) ;
#3014 = SURFACE_SIDE_STYLE ('',( #2841 ) ) ;
#3015 = VERTEX_POINT ( 'NONE', #406 ) ;
#3016 = STYLED_ITEM ( 'NONE', ( #1837 ), #15 ) ;
#3017 = DIRECTION ( 'NONE',  ( 0.000000000000000000, 0.7071067811865244801, 0.7071067811865706654 ) ) ;
#3018 = CIRCLE ( 'NONE', #456, 4.000000000000007105 ) ;
#3019 = EDGE_CURVE ( 'NONE', #528, #3233, #1542, .T. ) ;
#3020 = CIRCLE ( 'NONE', #410, 4.800000000000000711 ) ;
#3021 = CARTESIAN_POINT ( 'NONE',  ( 2.504053114197013929, 1.262500001365593150, 2.504053114197013041 ) ) ;
#3022 = ORIENTED_EDGE ( 'NONE', *, *, #108, .F. ) ;
#3023 = CARTESIAN_POINT ( 'NONE',  ( -3.541265875000000563, 3.762500001365593150, 0.000000000000000000 ) ) ;
#3024 = CARTESIAN_POINT ( 'NONE',  ( 1.466840353394025964, 1.450000001365593594, -3.541265875000000563 ) ) ;
#3025 =( BOUNDED_CURVE ( )  B_SPLINE_CURVE ( 2, ( #131, #1924, #1687, #2693, #3204, #81, #853, #3040, #162, #1203, #1462, #2776, #1983, #1780, #3235, #1242, #994, #2448, #748, #1721, #3289, #2233, #1012, #2971, #1222, #486, #196, #1999, #2012, #1188, #2518, #680, #2788, #1962, #1447, #470, #2762, #3024, #2725, #2502, #1497, #1754, #2201, #1516, #2986, #3252, #941, #2214, #697, #1768, #977, #431, #2465, #175, #3219, #1950, #212, #956, #2251 ),
 .UNSPECIFIED., .F., .T. ) 
 B_SPLINE_CURVE_WITH_KNOTS ( ( 3, 2, 2, 2, 2, 2, 2, 2, 2, 2, 2, 2, 2, 2, 2, 2, 2, 2, 2, 2, 2, 2, 2, 2, 2, 2, 2, 2, 2, 3 ),
 ( 0.000000000000000000, 0.01250000000000000069, 0.02500000000000000139, 0.03749999999999999861, 0.05000000000000000278, 0.06250000000000000000, 0.07499999999999999722, 0.08749999999999999445, 0.1000000000000000056, 0.1125000000000000028, 0.1250000000000000000, 0.1375000000000000111, 0.1499999999999999944, 0.1625000000000000056, 0.1749999999999999889, 0.1875000000000000000, 0.2000000000000000111, 0.2124999999999999944, 0.2250000000000000056, 0.2374999999999999889, 0.2500000000000000000, 0.2625000000000000111, 0.2750000000000000222, 0.2874999999999999778, 0.2999999999999999889, 0.3125000000000000000, 0.3250000000000000111, 0.3375000000000000222, 0.3499999999999999778, 0.3562500001313618214 ),
 .UNSPECIFIED. ) 
 CURVE ( )  GEOMETRIC_REPRESENTATION_ITEM ( )  RATIONAL_B_SPLINE_CURVE ( ( 1.000000000000000000, 0.9238795325112867385, 1.000000000000000000, 0.9238795325112867385, 1.000000000000000000, 0.9238795325112867385, 1.000000000000000000, 0.9238795325112867385, 1.000000000000000000, 0.9238795325112867385, 1.000000000000000000, 0.9238795325112867385, 1.000000000000000000, 0.9238795325112867385, 1.000000000000000000, 0.9238795325112867385, 1.000000000000000000, 0.9238795325112867385, 1.000000000000000000, 0.9238795325112867385, 1.000000000000000000, 0.9238795325112867385, 1.000000000000000000, 0.9238795325112867385, 1.000000000000000000, 0.9238795325112867385, 1.000000000000000000, 0.9238795325112867385, 1.000000000000000000, 0.9238795325112867385, 1.000000000000000000, 0.9238795325112867385, 1.000000000000000000, 0.9238795325112867385, 1.000000000000000000, 0.9238795325112867385, 1.000000000000000000, 0.9238795325112867385, 1.000000000000000000, 0.9238795325112867385, 1.000000000000000000, 0.9238795325112867385, 1.000000000000000000, 0.9238795325112867385, 1.000000000000000000, 0.9238795325112867385, 1.000000000000000000, 0.9238795325112867385, 1.000000000000000000, 0.9238795325112867385, 1.000000000000000000, 0.9238795325112867385, 1.000000000000000000, 0.9238795325112867385, 1.000000000000000000, 0.9238795325112867385, 1.000000000000000000, 0.9619397654556973709, 0.9619397662556433692 ) ) 
 REPRESENTATION_ITEM ( '' )  );
#3026 = CARTESIAN_POINT ( 'NONE',  ( 0.000000000000000000, 9.828000243155832649, 0.000000000000000000 ) ) ;
#3027 = CARTESIAN_POINT ( 'NONE',  ( -2.309401076758502480, 0.2000000000000000111, 4.000000000000000000 ) ) ;
#3028 = FILL_AREA_STYLE_COLOUR ( '', #942 ) ;
#3029 = CARTESIAN_POINT ( 'NONE',  ( 2.504053114197013929, 2.262500001365593150, 2.504053114197013041 ) ) ;
#3030 = CARTESIAN_POINT ( 'NONE',  ( 2.504053114197013041, 3.387500001365593150, -2.504053114197013485 ) ) ;
#3031 = CARTESIAN_POINT ( 'NONE',  ( -3.000000000000001332, 2.387500002731186566, -1.242640687119285658 ) ) ;
#3032 = CARTESIAN_POINT ( 'NONE',  ( -2.504053114197012597, -2.987499998634406850, 2.504053114197013929 ) ) ;
#3033 = CARTESIAN_POINT ( 'NONE',  ( 3.453220894096933336, 0.1999999999999982070, 0.3008150409817128557 ) ) ;
#3034 = EDGE_LOOP ( 'NONE', ( #745, #2760, #1626, #2708 ) ) ;
#3035 = AXIS2_PLACEMENT_3D ( 'NONE', #1595, #2599, #3121 ) ;
#3036 = CARTESIAN_POINT ( 'NONE',  ( -3.541265875000000563, 1.887500001365593150, 0.000000000000000000 ) ) ;
#3037 = ORIENTED_EDGE ( 'NONE', *, *, #1475, .F. ) ;
#3038 = ADVANCED_FACE ( 'NONE', ( #2470 ), #2899, .T. ) ;
#3039 = AXIS2_PLACEMENT_3D ( 'NONE', #2701, #1661, #3150 ) ;
#3040 = CARTESIAN_POINT ( 'NONE',  ( 3.541265875000000563, 3.325000001365593150, -1.466840353394025964 ) ) ;
#3041 = LINE ( 'NONE', #1292, #393 ) ;
#3042 = CARTESIAN_POINT ( 'NONE',  ( 2.121320343559643273, 3.574999999999999734, 2.121320343559642829 ) ) ;
#3043 = CARTESIAN_POINT ( 'NONE',  ( -1.466840353394026408, -6.049999998634406850, 3.541265875000000118 ) ) ;
#3044 = CARTESIAN_POINT ( 'NONE',  ( 0.000000000000000000, 9.828000243155832649, 5.000000000000000000 ) ) ;
#3045 = CARTESIAN_POINT ( 'NONE',  ( -3.541265875000000118, -5.049999998634406850, 1.466840353394028629 ) ) ;
#3046 = CARTESIAN_POINT ( 'NONE',  ( 3.000000000000000444, -0.04999999726881332318, -3.673940397442060361E-16 ) ) ;
#3047 = CARTESIAN_POINT ( 'NONE',  ( -3.541265875000000118, -1.174999998634407072, -1.466840353394025964 ) ) ;
#3048 = ORIENTED_EDGE ( 'NONE', *, *, #810, .F. ) ;
#3049 = CARTESIAN_POINT ( 'NONE',  ( -3.541265875000000563, 2.887500001365593150, 0.000000000000000000 ) ) ;
#3050 = EDGE_LOOP ( 'NONE', ( #1042, #1407, #1055, #925 ) ) ;
#3051 = EDGE_CURVE ( 'NONE', #2041, #1735, #2794, .T. ) ;
#3052 = DIRECTION ( 'NONE',  ( -0.4999999999999998890, 0.000000000000000000, 0.8660254037844387076 ) ) ;
#3053 = CARTESIAN_POINT ( 'NONE',  ( 0.000000000000000000, 0.000000000000000000, 0.000000000000000000 ) ) ;
#3054 = CARTESIAN_POINT ( 'NONE',  ( 0.000000000000000000, 219.0000000000000284, 4.000000000000007105 ) ) ;
#3055 = SURFACE_STYLE_FILL_AREA ( #3274 ) ;
#3056 =( GEOMETRIC_REPRESENTATION_CONTEXT ( 3 ) GLOBAL_UNCERTAINTY_ASSIGNED_CONTEXT ( ( #2391 ) ) GLOBAL_UNIT_ASSIGNED_CONTEXT ( ( #817, #1582, #3107 ) ) REPRESENTATION_CONTEXT ( 'NONE', 'WORKASPACE' ) );
#3057 =( NAMED_UNIT ( * ) SI_UNIT ( $, .STERADIAN. ) SOLID_ANGLE_UNIT ( ) );
#3058 = EDGE_CURVE ( 'NONE', #1492, #1183, #3214, .T. ) ;
#3059 = CARTESIAN_POINT ( 'NONE',  ( -3.541265875000000563, 1.825000001365593150, -1.466840353394025964 ) ) ;
#3060 = CARTESIAN_POINT ( 'NONE',  ( -3.541265875000000563, -6.112499998634406850, 0.000000000000000000 ) ) ;
#3061 = CARTESIAN_POINT ( 'NONE',  ( 5.510910596163089556E-16, 1.700000002731186788, 3.000000000000000444 ) ) ;
#3062 = CARTESIAN_POINT ( 'NONE',  ( 2.504053114197013041, -4.487499998634406850, -2.504053114197013485 ) ) ;
#3063 = ORIENTED_EDGE ( 'NONE', *, *, #2137, .T. ) ;
#3064 = AXIS2_PLACEMENT_3D ( 'NONE', #825, #1606, #2865 ) ;
#3065 = CARTESIAN_POINT ( 'NONE',  ( -2.121320343559642385, -1.675000000000000266, 2.121320343559643273 ) ) ;
#3066 = CARTESIAN_POINT ( 'NONE',  ( -1.466840353394026408, 2.075000001365593150, 3.541265875000000118 ) ) ;
#3067 = EDGE_LOOP ( 'NONE', ( #1106, #2482, #1859 ) ) ;
#3068 = COLOUR_RGB ( '',1.000000000000000000, 0.8666666666666666963, 0.5294117647058823595 ) ;
#3069 = PRESENTATION_LAYER_ASSIGNMENT (  '', '', ( #2641 ) ) ;
#3070 = UNCERTAINTY_MEASURE_WITH_UNIT (LENGTH_MEASURE( 1.000000000000000082E-05 ), #568, 'distance_accuracy_value', 'NONE');
#3071 = CARTESIAN_POINT ( 'NONE',  ( 0.000000000000000000, 4.200000000000000178, 0.000000000000000000 ) ) ;
#3072 = CIRCLE ( 'NONE', #777, 0.1999999999999996503 ) ;
#3073 = CARTESIAN_POINT ( 'NONE',  ( 0.000000000000000000, 21.77842320233586193, 0.000000000000000000 ) ) ;
#3074 = CARTESIAN_POINT ( 'NONE',  ( -1.947945349162186535, 220.0000000000000284, 0.5234957787965311971 ) ) ;
#3075 = CARTESIAN_POINT ( 'NONE',  ( -1.491629959576731723, 0.2000000000000035083, 2.960095434169575768 ) ) ;
#3076 = FACE_OUTER_BOUND ( 'NONE', #2626, .T. ) ;
#3077 = CARTESIAN_POINT ( 'NONE',  ( -2.504053114197013485, 2.637500001365593150, -2.504053114197013485 ) ) ;
#3078 = EDGE_CURVE ( 'NONE', #1255, #1665, #2057, .T. ) ;
#3079 = CARTESIAN_POINT ( 'NONE',  ( 3.000000000000001776, 0.8875000027311866768, 1.242640687119285436 ) ) ;
#3080 =( NAMED_UNIT ( * ) SI_UNIT ( $, .STERADIAN. ) SOLID_ANGLE_UNIT ( ) );
#3081 = CARTESIAN_POINT ( 'NONE',  ( -3.541265875000000118, -6.049999998634406850, 1.466840353394028629 ) ) ;
#3082 = ORIENTED_EDGE ( 'NONE', *, *, #2954, .T. ) ;
#3083 = CARTESIAN_POINT ( 'NONE',  ( 2.121320343559643273, -3.425000000000000266, 2.121320343559642829 ) ) ;
#3084 = ORIENTED_EDGE ( 'NONE', *, *, #61, .F. ) ;
#3085 = DIRECTION ( 'NONE',  ( -0.4999999999999998890, 0.000000000000000000, 0.8660254037844387076 ) ) ;
#3086 = CARTESIAN_POINT ( 'NONE',  ( 0.000000000000000000, 220.0000000000000284, 0.000000000000000000 ) ) ;
#3087 = CARTESIAN_POINT ( 'NONE',  ( -0.2617993768908349339, 220.0000000000000284, 2.000000000000007105 ) ) ;
#3088 = CARTESIAN_POINT ( 'NONE',  ( 0.000000000000000000, 1.943380962103086196, 0.000000000000000000 ) ) ;
#3089 = AXIS2_PLACEMENT_3D ( 'NONE', #397, #2937, #2179 ) ;
#3090 = CARTESIAN_POINT ( 'NONE',  ( 4.618802153517006737, 0.2000000000000000111, 2.620035909067791980E-17 ) ) ;
#3091 = CARTESIAN_POINT ( 'NONE',  ( -2.504053114197012597, 2.012500001365593150, 2.504053114197013929 ) ) ;
#3092 =( LENGTH_UNIT ( ) NAMED_UNIT ( * ) SI_UNIT ( .MILLI., .METRE. ) );
#3093 = CARTESIAN_POINT ( 'NONE',  ( -1.466840353394025964, 0.5750000013655931497, -3.541265875000000118 ) ) ;
#3094 = CARTESIAN_POINT ( 'NONE',  ( -2.121320343559642829, -0.6749999972688134342, -2.121320343559642829 ) ) ;
#3095 = DIRECTION ( 'NONE',  ( 0.000000000000000000, -0.000000000000000000, -1.000000000000000000 ) ) ;
#3096 = DIRECTION ( 'NONE',  ( -1.224646799147353207E-16, 0.000000000000000000, -1.000000000000000000 ) ) ;
#3097 = FILL_AREA_STYLE ('',( #1383 ) ) ;
#3098 = CARTESIAN_POINT ( 'NONE',  ( 3.541265875000000563, 3.262500001365593150, -4.336799918748501460E-16 ) ) ;
#3099 = CARTESIAN_POINT ( 'NONE',  ( 1.242640687119287213, -1.487500000000000266, 2.999999999999999556 ) ) ;
#3100 = ORIENTED_EDGE ( 'NONE', *, *, #625, .T. ) ;
#3101 = DIRECTION ( 'NONE',  ( -0.000000000000000000, -1.000000000000000000, -0.000000000000000000 ) ) ;
#3102 = STYLED_ITEM ( 'NONE', ( #2634 ), #1667 ) ;
#3103 = CARTESIAN_POINT ( 'NONE',  ( 5.510910596163089556E-16, 220.0000000000000284, -4.500000000000000888 ) ) ;
#3104 = VERTEX_POINT ( 'NONE', #1567 ) ;
#3105 = AXIS2_PLACEMENT_3D ( 'NONE', #752, #235, #2469 ) ;
#3106 = CARTESIAN_POINT ( 'NONE',  ( -1.046991557593094369, 220.0000000000000284, 3.895890698324405932 ) ) ;
#3107 =( NAMED_UNIT ( * ) SI_UNIT ( $, .STERADIAN. ) SOLID_ANGLE_UNIT ( ) );
#3108 =( NAMED_UNIT ( * ) PLANE_ANGLE_UNIT ( ) SI_UNIT ( $, .RADIAN. ) );
#3109 = CARTESIAN_POINT ( 'NONE',  ( -3.541265875000000563, 0.8875000013655932607, 0.000000000000000000 ) ) ;
#3110 = CARTESIAN_POINT ( 'NONE',  ( 1.066297711255080660, 0.1999999999999997058, -2.910260411537507697 ) ) ;
#3111 = AXIS2_PLACEMENT_3D ( 'NONE', #3088, #313, #1829 ) ;
#3112 = CARTESIAN_POINT ( 'NONE',  ( 2.504053114197013041, 2.387500001365593150, -2.504053114197013485 ) ) ;
#3113 = CARTESIAN_POINT ( 'NONE',  ( 3.000000000000001776, -2.112499997268812990, 1.242640687119285436 ) ) ;
#3114 =( NAMED_UNIT ( * ) SI_UNIT ( $, .STERADIAN. ) SOLID_ANGLE_UNIT ( ) );
#3115 = CARTESIAN_POINT ( 'NONE',  ( -2.168399959374250730E-16, -4.362499998634406850, -3.541265875000000563 ) ) ;
#3116 = CARTESIAN_POINT ( 'NONE',  ( 0.000000000000000000, 2.699999999999980194, 0.000000000000000000 ) ) ;
#3117 =( NAMED_UNIT ( * ) PLANE_ANGLE_UNIT ( ) SI_UNIT ( $, .RADIAN. ) );
#3118 = CARTESIAN_POINT ( 'NONE',  ( 1.466840353394025964, -0.5499999986344070724, -3.541265875000000118 ) ) ;
#3119 = CARTESIAN_POINT ( 'NONE',  ( 3.000000000000000444, -4.300000000000000711, -3.673940397442060361E-16 ) ) ;
#3120 = ORIENTED_EDGE ( 'NONE', *, *, #3019, .F. ) ;
#3121 = DIRECTION ( 'NONE',  ( -1.224646799147353454E-16, 0.000000000000000000, -1.000000000000000000 ) ) ;
#3122 = AXIS2_PLACEMENT_3D ( 'NONE', #837, #2316, #1583 ) ;
#3123 = CARTESIAN_POINT ( 'NONE',  ( 3.198667369592727017, 219.0000000000000284, 2.458186879899664223 ) ) ;
#3124 = CARTESIAN_POINT ( 'NONE',  ( 3.198667354165899201, 220.0000000000000568, 2.458186895326471166 ) ) ;
#3125 = CARTESIAN_POINT ( 'NONE',  ( -1.046991537437122144, 219.0000000000000853, -3.895890706673269754 ) ) ;
#3126 = CARTESIAN_POINT ( 'NONE',  ( -4.618802153517005848, 0.2000000000000000111, -1.291965570467107741E-16 ) ) ;
#3127 = PRESENTATION_LAYER_ASSIGNMENT (  '', '', ( #2856 ) ) ;
#3128 = CARTESIAN_POINT ( 'NONE',  ( -2.504053114197013485, -0.2374999986344069058, -2.504053114197013485 ) ) ;
#3129 = PRESENTATION_LAYER_ASSIGNMENT (  '', '', ( #2428 ) ) ;
#3130 = CARTESIAN_POINT ( 'NONE',  ( -3.999999999999992895, 220.0000000000000284, 0.5235987537816896298 ) ) ;
#3131 = CARTESIAN_POINT ( 'NONE',  ( -2.504053114197012597, 1.887500001365593150, 2.504053114197013929 ) ) ;
#3132 = CARTESIAN_POINT ( 'NONE',  ( -1.836970198721030181E-16, -1.799999997268813656, -3.000000000000000444 ) ) ;
#3133 = PLANE ( 'NONE',  #2375 ) ;
#3134 = DIRECTION ( 'NONE',  ( 0.000000000000000000, -1.000000000000000000, 0.000000000000000000 ) ) ;
#3135 = ORIENTED_EDGE ( 'NONE', *, *, #1935, .F. ) ;
#3136 = CARTESIAN_POINT ( 'NONE',  ( 1.466840353394027963, -0.9249999986344066283, 3.541265875000000118 ) ) ;
#3137 = CARTESIAN_POINT ( 'NONE',  ( -3.000000000000000444, -1.800000000000000488, 0.000000000000000000 ) ) ;
#3138 = EDGE_LOOP ( 'NONE', ( #1324, #1558, #210, #1749 ) ) ;
#3139 = CARTESIAN_POINT ( 'NONE',  ( 0.000000000000000000, 4.200000000000000178, 0.000000000000000000 ) ) ;
#3140 = ADVANCED_FACE ( 'NONE', ( #217 ), #2534, .F. ) ;
#3141 = CARTESIAN_POINT ( 'NONE',  ( 3.271703049761887971, 0.1999999999999999001, 1.355183807318505407 ) ) ;
#3142 = CARTESIAN_POINT ( 'NONE',  ( -1.242640687119283882, 3.262500002731186122, -3.000000000000001776 ) ) ;
#3143 = CARTESIAN_POINT ( 'NONE',  ( -3.495145553417036588, 219.0000000000000568, -2.014475921483603216 ) ) ;
#3144 = CARTESIAN_POINT ( 'NONE',  ( 3.541265875000000118, -1.549999998634407516, -1.466840353394025964 ) ) ;
#3145 = CARTESIAN_POINT ( 'NONE',  ( 3.895890698324417034, 219.0000000000000284, 1.046991557593034639 ) ) ;
#3146 = AXIS2_PLACEMENT_3D ( 'NONE', #1877, #2410, #1649 ) ;
#3147 = CARTESIAN_POINT ( 'NONE',  ( 1.466840353394027963, 1.075000001365593150, 3.541265875000000118 ) ) ;
#3148 = CARTESIAN_POINT ( 'NONE',  ( 2.121320343559642829, -2.924999997268813878, -2.121320343559642829 ) ) ;
#3149 = FILL_AREA_STYLE ('',( #2123 ) ) ;
#3150 = DIRECTION ( 'NONE',  ( -1.224646799147353207E-16, 0.000000000000000000, -1.000000000000000000 ) ) ;
#3151 = SURFACE_STYLE_USAGE ( .BOTH. , #2086 ) ;
#3152 = DIRECTION ( 'NONE',  ( 0.000000000000000000, 0.000000000000000000, -1.000000000000000000 ) ) ;
#3153 = CARTESIAN_POINT ( 'NONE',  ( 2.504053114197013929, -1.862499998634406628, 2.504053114197013041 ) ) ;
#3154 = CARTESIAN_POINT ( 'NONE',  ( -2.504053114197012597, 3.012500001365593594, 2.504053114197013929 ) ) ;
#3155 = ORIENTED_EDGE ( 'NONE', *, *, #2376, .F. ) ;
#3156 = SURFACE_SIDE_STYLE ('',( #1893 ) ) ;
#3157 = CARTESIAN_POINT ( 'NONE',  ( 1.046991537437122810, 219.0000000000000568, -3.895890706673269754 ) ) ;
#3158 = CARTESIAN_POINT ( 'NONE',  ( 1.046991557593071720, 219.0000000000000284, -3.895890698324401935 ) ) ;
#3159 = CARTESIAN_POINT ( 'NONE',  ( -3.000000000000000888, 1.137499999999999956, -1.242640687119285658 ) ) ;
#3160 = DIRECTION ( 'NONE',  ( -0.000000000000000000, -1.000000000000000000, -0.000000000000000000 ) ) ;
#3161 = CARTESIAN_POINT ( 'NONE',  ( -2.168399959374250730E-16, -1.362499998634407072, -3.541265875000000563 ) ) ;
#3162 = CARTESIAN_POINT ( 'NONE',  ( 3.198667354165899201, 220.0000000000000568, 2.458186895326471166 ) ) ;
#3163 = CARTESIAN_POINT ( 'NONE',  ( 3.541265875000001007, -3.799999998634406850, 1.466840353394025298 ) ) ;
#3164 = CARTESIAN_POINT ( 'NONE',  ( 1.242640687119285658, -4.862499997268813878, -3.000000000000001332 ) ) ;
#3165 = CARTESIAN_POINT ( 'NONE',  ( 1.947603272463502844, 220.0000000000000284, -0.5241352215585204366 ) ) ;
#3166 = CIRCLE ( 'NONE', #2306, 5.000000000000000000 ) ;
#3167 = LINE ( 'NONE', #335, #2860 ) ;
#3168 = CARTESIAN_POINT ( 'NONE',  ( -3.541265875000000563, -1.237499998634406850, 0.000000000000000000 ) ) ;
#3169 = VECTOR ( 'NONE', #3052, 1000.000000000000000 ) ;
#3170 = CARTESIAN_POINT ( 'NONE',  ( 5.510910596163089556E-16, -5.549999999999999822, 3.000000000000000444 ) ) ;
#3171 = VERTEX_POINT ( 'NONE', #1501 ) ;
#3172 = LINE ( 'NONE', #885, #1070 ) ;
#3173 = PLANE ( 'NONE',  #2669 ) ;
#3174 = CARTESIAN_POINT ( 'NONE',  ( 2.121320343559642829, 3.075000002731187010, -2.121320343559642829 ) ) ;
#3175 = CARTESIAN_POINT ( 'NONE',  ( 6.505199878122751944E-16, -1.862499998634406628, 3.541265875000000563 ) ) ;
#3176 = CARTESIAN_POINT ( 'NONE',  ( -0.2617993768908349339, 220.0000000000000284, 2.000000000000007105 ) ) ;
#3177 = ADVANCED_FACE ( 'NONE', ( #2507 ), #2255, .T. ) ;
#3178 = CARTESIAN_POINT ( 'NONE',  ( -1.466840353394026408, -4.049999998634406850, 3.541265875000000118 ) ) ;
#3179 = CARTESIAN_POINT ( 'NONE',  ( 3.000000000000000444, -2.049999997268812990, -3.673940397442060361E-16 ) ) ;
#3180 = CARTESIAN_POINT ( 'NONE',  ( -1.229553308658190680, 220.0000000000000000, -1.598772935271355999 ) ) ;
#3181 = VECTOR ( 'NONE', #39, 1000.000000000000000 ) ;
#3182 = VECTOR ( 'NONE', #1744, 1000.000000000000000 ) ;
#3183 = CARTESIAN_POINT ( 'NONE',  ( -1.242640687119283882, 4.012499999999998401, -3.000000000000001776 ) ) ;
#3184 = EDGE_CURVE ( 'NONE', #1960, #2984, #1520, .T. ) ;
#3185 = EDGE_CURVE ( 'NONE', #1960, #377, #2743, .T. ) ;
#3186 = CARTESIAN_POINT ( 'NONE',  ( 6.505199878122751944E-16, 0.01250000136559332661, 3.541265875000000563 ) ) ;
#3187 = CARTESIAN_POINT ( 'NONE',  ( -3.541265875000000563, 1.887500001365593150, 0.000000000000000000 ) ) ;
#3188 = EDGE_LOOP ( 'NONE', ( #2614, #29, #358, #1171 ) ) ;
#3189 = LINE ( 'NONE', #128, #1825 ) ;
#3190 = ORIENTED_EDGE ( 'NONE', *, *, #3213, .F. ) ;
#3191 = DIRECTION ( 'NONE',  ( -0.000000000000000000, -1.000000000000000000, -0.000000000000000000 ) ) ;
#3192 = CARTESIAN_POINT ( 'NONE',  ( -0.5235987537816837456, 219.0000000000000284, -4.000000000000007105 ) ) ;
#3193 = CARTESIAN_POINT ( 'NONE',  ( 6.505199878122751944E-16, -0.8624999986344066283, 3.541265875000000563 ) ) ;
#3194 = CARTESIAN_POINT ( 'NONE',  ( 3.895890698324375290, 220.0000000000000284, -1.046991557593021316 ) ) ;
#3195 = CARTESIAN_POINT ( 'NONE',  ( 1.466840353394025964, -4.549999998634406850, -3.541265875000000118 ) ) ;
#3196 = DIRECTION ( 'NONE',  ( 0.000000000000000000, 0.000000000000000000, 1.000000000000000000 ) ) ;
#3197 = CARTESIAN_POINT ( 'NONE',  ( -3.541265875000000118, -4.174999998634405962, 1.466840353394028629 ) ) ;
#3198 = CARTESIAN_POINT ( 'NONE',  ( -1.242640687119286103, -5.612499999999999822, 3.000000000000000444 ) ) ;
#3199 = ORIENTED_EDGE ( 'NONE', *, *, #1819, .T. ) ;
#3200 = FACE_OUTER_BOUND ( 'NONE', #1752, .T. ) ;
#3201 = FILL_AREA_STYLE ('',( #209 ) ) ;
#3202 = ORIENTED_EDGE ( 'NONE', *, *, #1304, .T. ) ;
#3203 = PRESENTATION_STYLE_ASSIGNMENT (( #1392 ) ) ;
#3204 = CARTESIAN_POINT ( 'NONE',  ( -2.168399959374250730E-16, 3.512500001365593594, -3.541265875000000563 ) ) ;
#3205 = CARTESIAN_POINT ( 'NONE',  ( 3.000000000000001332, -0.2375000000000007383, -1.242640687119285881 ) ) ;
#3206 = DIRECTION ( 'NONE',  ( 0.000000000000000000, 0.000000000000000000, -1.000000000000000000 ) ) ;
#3207 = CARTESIAN_POINT ( 'NONE',  ( -2.504053114197013485, -1.362499998634407072, -2.504053114197013485 ) ) ;
#3208 = DIRECTION ( 'NONE',  ( 0.000000000000000000, 0.000000000000000000, -1.000000000000000000 ) ) ;
#3209 = CARTESIAN_POINT ( 'NONE',  ( 3.000000000000001776, 1.637499999999999734, 1.242640687119285214 ) ) ;
#3210 = CARTESIAN_POINT ( 'NONE',  ( -1.466840353394026408, -4.049999998634406850, 3.541265875000000118 ) ) ;
#3211 = CARTESIAN_POINT ( 'NONE',  ( 1.466840353394027963, 1.200000001365593150, 3.541265875000000118 ) ) ;
#3212 = ORIENTED_EDGE ( 'NONE', *, *, #1439, .F. ) ;
#3213 = EDGE_CURVE ( 'NONE', #797, #1156, #3166, .T. ) ;
#3214 = CIRCLE ( 'NONE', #1468, 0.1000000000000002554 ) ;
#3215 = FILL_AREA_STYLE_COLOUR ( '', #2919 ) ;
#3216 =( NAMED_UNIT ( * ) PLANE_ANGLE_UNIT ( ) SI_UNIT ( $, .RADIAN. ) );
#3217 = ORIENTED_EDGE ( 'NONE', *, *, #2279, .T. ) ;
#3218 = EDGE_CURVE ( 'NONE', #1413, #1665, #1655, .T. ) ;
#3219 = CARTESIAN_POINT ( 'NONE',  ( 2.504053114197013041, 0.3875000013655932052, -2.504053114197013485 ) ) ;
#3220 = SURFACE_SIDE_STYLE ('',( #928 ) ) ;
#3221 = CARTESIAN_POINT ( 'NONE',  ( -3.000000000000001332, 1.137499999999999956, -1.242640687119285658 ) ) ;
#3222 = PRESENTATION_LAYER_ASSIGNMENT (  '', '', ( #3016 ) ) ;
#3223 = CARTESIAN_POINT ( 'NONE',  ( -2.504053114197012597, -3.112499998634406850, 2.504053114197013929 ) ) ;
#3224 = CARTESIAN_POINT ( 'NONE',  ( 1.242640687119287213, 2.512500000000000178, 2.999999999999999556 ) ) ;
#3225 = CARTESIAN_POINT ( 'NONE',  ( 1.598873816087574840, 220.0000000000000568, 1.229654189475277715 ) ) ;
#3226 = DIRECTION ( 'NONE',  ( 0.000000000000000000, -1.000000000000000000, 0.000000000000000000 ) ) ;
#3227 = CARTESIAN_POINT ( 'NONE',  ( 3.541265875000000563, -4.737499998634406850, -4.336799918748501460E-16 ) ) ;
#3228 = CARTESIAN_POINT ( 'NONE',  ( 3.541265875000001007, -3.674999998634406406, 1.466840353394025298 ) ) ;
#3229 = AXIS2_PLACEMENT_3D ( 'NONE', #583, #1835, #3095 ) ;
#3230 = ORIENTED_EDGE ( 'NONE', *, *, #1747, .T. ) ;
#3231 =( NAMED_UNIT ( * ) PLANE_ANGLE_UNIT ( ) SI_UNIT ( $, .RADIAN. ) );
#3232 =( LENGTH_UNIT ( ) NAMED_UNIT ( * ) SI_UNIT ( .MILLI., .METRE. ) );
#3233 = VERTEX_POINT ( 'NONE', #269 ) ;
#3234 =( NAMED_UNIT ( * ) PLANE_ANGLE_UNIT ( ) SI_UNIT ( $, .RADIAN. ) );
#3235 = CARTESIAN_POINT ( 'NONE',  ( -2.504053114197012597, 2.887500001365593150, 2.504053114197013929 ) ) ;
#3236 = EDGE_CURVE ( 'NONE', #1120, #1594, #848, .T. ) ;
#3237 = CARTESIAN_POINT ( 'NONE',  ( -2.121320343559642385, 1.324999999999999734, 2.121320343559643273 ) ) ;
#3238 = CARTESIAN_POINT ( 'NONE',  ( 0.000000000000000000, 2.699999999999980194, 0.000000000000000000 ) ) ;
#3239 = CARTESIAN_POINT ( 'NONE',  ( -1.836970198721030181E-16, 1.200000002731186566, -3.000000000000000444 ) ) ;
#3240 = CARTESIAN_POINT ( 'NONE',  ( 0.3022390403034274642, 0.2000000000000041189, 3.453158741742382798 ) ) ;
#3241 = CYLINDRICAL_SURFACE ( 'NONE', #1480, 3.000000000000000444 ) ;
#3242 = CARTESIAN_POINT ( 'NONE',  ( -3.000000000000000444, 1.450000002731186788, 0.000000000000000000 ) ) ;
#3243 = CARTESIAN_POINT ( 'NONE',  ( -3.541265875000000118, -3.174999998634407294, -1.466840353394025964 ) ) ;
#3244 = CARTESIAN_POINT ( 'NONE',  ( 3.541265875000000563, -5.737499998634405962, -4.336799918748501460E-16 ) ) ;
#3245 = CARTESIAN_POINT ( 'NONE',  ( 2.504053114197013929, -0.7374999986344065173, 2.504053114197013041 ) ) ;
#3246 = DIRECTION ( 'NONE',  ( 0.000000000000000000, 0.000000000000000000, -1.000000000000000000 ) ) ;
#3247 = ORIENTED_EDGE ( 'NONE', *, *, #1304, .F. ) ;
#3248 =( GEOMETRIC_REPRESENTATION_CONTEXT ( 3 ) GLOBAL_UNCERTAINTY_ASSIGNED_CONTEXT ( ( #2560 ) ) GLOBAL_UNIT_ASSIGNED_CONTEXT ( ( #1091, #2561, #1860 ) ) REPRESENTATION_CONTEXT ( 'NONE', 'WORKASPACE' ) );
#3249 = CARTESIAN_POINT ( 'NONE',  ( -3.541265875000000563, 3.887500001365593150, 0.000000000000000000 ) ) ;
#3250 = ORIENTED_EDGE ( 'NONE', *, *, #792, .T. ) ;
#3251 = CARTESIAN_POINT ( 'NONE',  ( 3.541265875000000118, 1.325000001365593372, -1.466840353394025964 ) ) ;
#3252 = CARTESIAN_POINT ( 'NONE',  ( -1.466840353394026630, 0.9500000013655933717, 3.541265875000000563 ) ) ;
#3253 = MECHANICAL_DESIGN_GEOMETRIC_PRESENTATION_REPRESENTATION (  '', ( #59 ), #375 ) ;
#3254 = CARTESIAN_POINT ( 'NONE',  ( -3.000000000000000444, -0.8000000000000003775, 0.000000000000000000 ) ) ;
#3255 = CARTESIAN_POINT ( 'NONE',  ( -0.5235987537816688686, 219.0000000000000284, 4.000000000000007105 ) ) ;
#3256 = CARTESIAN_POINT ( 'NONE',  ( 1.466840353394025964, -5.549999998634405962, -3.541265875000000118 ) ) ;
#3257 = EDGE_CURVE ( 'NONE', #1594, #1413, #2685, .T. ) ;
#3258 = CARTESIAN_POINT ( 'NONE',  ( 3.000000000000001776, 2.637499999999999734, 1.242640687119285214 ) ) ;
#3259 = CARTESIAN_POINT ( 'NONE',  ( -3.000000000000000888, 0.3875000027311867323, -1.242640687119285658 ) ) ;
#3260 = CARTESIAN_POINT ( 'NONE',  ( -2.121320343559642829, 1.325000002731186566, -2.121320343559642829 ) ) ;
#3261 = CARTESIAN_POINT ( 'NONE',  ( -1.466840353394025964, -5.299999998634405074, -3.541265875000000118 ) ) ;
#3262 = CARTESIAN_POINT ( 'NONE',  ( -2.504053114197013485, -5.362499998634405962, -2.504053114197013485 ) ) ;
#3263 = VECTOR ( 'NONE', #2673, 999.9999999999998863 ) ;
#3264 = CARTESIAN_POINT ( 'NONE',  ( -1.466840353394025964, -0.2999999986344069614, -3.541265875000000118 ) ) ;
#3265 = VECTOR ( 'NONE', #2506, 1000.000000000000227 ) ;
#3266 = EDGE_LOOP ( 'NONE', ( #1789, #1123, #2147, #2815 ) ) ;
#3267 =( GEOMETRIC_REPRESENTATION_CONTEXT ( 3 ) GLOBAL_UNCERTAINTY_ASSIGNED_CONTEXT ( ( #1612 ) ) GLOBAL_UNIT_ASSIGNED_CONTEXT ( ( #1422, #200, #421 ) ) REPRESENTATION_CONTEXT ( 'NONE', 'WORKASPACE' ) );
#3268 = ORIENTED_EDGE ( 'NONE', *, *, #2340, .F. ) ;
#3269 = CARTESIAN_POINT ( 'NONE',  ( -3.000000000000000888, 2.137499999999999734, -1.242640687119285658 ) ) ;
#3270 = CIRCLE ( 'NONE', #2257, 5.000000000000000000 ) ;
#3271 = LINE ( 'NONE', #1517, #2877 ) ;
#3272 = DIRECTION ( 'NONE',  ( 0.000000000000000000, -1.000000000000000000, 0.000000000000000000 ) ) ;
#3273 = CARTESIAN_POINT ( 'NONE',  ( -1.836970198721030181E-16, 0.9499999999999995115, -3.000000000000000444 ) ) ;
#3274 = FILL_AREA_STYLE ('',( #2566 ) ) ;
#3275 = FILL_AREA_STYLE_COLOUR ( '', #2803 ) ;
#3276 = CARTESIAN_POINT ( 'NONE',  ( 2.504053114197013929, 3.262500001365593150, 2.504053114197013041 ) ) ;
#3277 = CARTESIAN_POINT ( 'NONE',  ( 2.504053114197013929, -5.737499998634405962, 2.504053114197013041 ) ) ;
#3278 = CARTESIAN_POINT ( 'NONE',  ( 2.121320343559642829, 0.07500000273118678784, -2.121320343559642829 ) ) ;
#3279 = EDGE_CURVE ( 'NONE', #2038, #528, #1974, .T. ) ;
#3280 = ADVANCED_FACE ( 'NONE', ( #2602 ), #3000, .T. ) ;
#3281 = CARTESIAN_POINT ( 'NONE',  ( -1.466840353394025964, -2.299999998634407739, -3.541265875000000118 ) ) ;
#3282 =( NAMED_UNIT ( * ) SI_UNIT ( $, .STERADIAN. ) SOLID_ANGLE_UNIT ( ) );
#3283 = ORIENTED_EDGE ( 'NONE', *, *, #2754, .F. ) ;
#3284 = CONICAL_SURFACE ( 'NONE', #773, 5.000000000000004441, 1.030376826524282974 ) ;
#3285 =( GEOMETRIC_REPRESENTATION_CONTEXT ( 3 ) GLOBAL_UNCERTAINTY_ASSIGNED_CONTEXT ( ( #1275 ) ) GLOBAL_UNIT_ASSIGNED_CONTEXT ( ( #2229, #2460, #1237 ) ) REPRESENTATION_CONTEXT ( 'NONE', 'WORKASPACE' ) );
#3286 = AXIS2_PLACEMENT_3D ( 'NONE', #585, #901, #2174 ) ;
#3287 = CARTESIAN_POINT ( 'NONE',  ( 3.541265875000001007, 3.325000001365593594, 1.466840353394025298 ) ) ;
#3288 = ORIENTED_EDGE ( 'NONE', *, *, #1308, .F. ) ;
#3289 = CARTESIAN_POINT ( 'NONE',  ( -2.168399959374250730E-16, 2.512500001365593594, -3.541265875000000563 ) ) ;
#3290 = DIRECTION ( 'NONE',  ( -0.000000000000000000, 1.000000000000000000, 0.000000000000000000 ) ) ;
#3291 = DIRECTION ( 'NONE',  ( 0.000000000000000000, 0.000000000000000000, -1.000000000000000000 ) ) ;
#3292 = DIRECTION ( 'NONE',  ( 0.000000000000000000, 0.000000000000000000, -1.000000000000000000 ) ) ;
#3293 = SURFACE_SIDE_STYLE ('',( #2286 ) ) ;
#3294 = CARTESIAN_POINT ( 'NONE',  ( -3.000000000000001332, 4.137500000000000178, -1.242640687119285658 ) ) ;
#3295 = DIRECTION ( 'NONE',  ( -0.000000000000000000, -1.000000000000000000, -0.000000000000000000 ) ) ;
#3296 = CARTESIAN_POINT ( 'NONE',  ( 6.505199878122751944E-16, -5.862499998634405962, 3.541265875000000563 ) ) ;
#3297 = CARTESIAN_POINT ( 'NONE',  ( 3.000000000000000444, 1.950000002731186788, -3.673940397442060361E-16 ) ) ;
#3298 = CARTESIAN_POINT ( 'NONE',  ( -2.504053114197012597, -1.987499998634406628, 2.504053114197013929 ) ) ;
#3299 = ORIENTED_EDGE ( 'NONE', *, *, #114, .F. ) ;
#3300 = EDGE_CURVE ( 'NONE', #3015, #2984, #2660, .T. ) ;
#3301 = CARTESIAN_POINT ( 'NONE',  ( 3.541265875000001007, 2.325000001365593150, 1.466840353394025298 ) ) ;
#3302 = ORIENTED_EDGE ( 'NONE', *, *, #1990, .T. ) ;
#3303 = UNCERTAINTY_MEASURE_WITH_UNIT (LENGTH_MEASURE( 1.000000000000000082E-05 ), #2886, 'distance_accuracy_value', 'NONE');
#3304 = DIRECTION ( 'NONE',  ( -0.000000000000000000, 1.000000000000000000, -0.000000000000000000 ) ) ;
#3305 = EDGE_CURVE ( 'NONE', #1574, #2026, #2628, .T. ) ;
ENDSEC;
END-ISO-10303-21;
