ISO-10303-21;
HEADER;
FILE_DESCRIPTION (( 'STEP AP214' ),
    '1' );
FILE_NAME ('Top new.STEP',
    '2026-06-18T19:13:33',
    ( '' ),
    ( '' ),
    'SwSTEP 2.0',
    'SolidWorks 2025',
    '' );
FILE_SCHEMA (( 'AUTOMOTIVE_DESIGN' ));
ENDSEC;

DATA;
#1 = CARTESIAN_POINT ( 'NONE',  ( -21.93438127702388840, 4.999999999999986677, 15.36605834270688575 ) ) ;
#2 = ORIENTED_EDGE ( 'NONE', *, *, #5765, .F. ) ;
#3 = PLANE ( 'NONE',  #3246 ) ;
#4 = ORIENTED_EDGE ( 'NONE', *, *, #723, .F. ) ;
#5 = DIRECTION ( 'NONE',  ( 0.7071067811865439090, -0.7071067811865512365, 0.000000000000000000 ) ) ;
#6 = EDGE_CURVE ( 'NONE', #4108, #4267, #5573, .T. ) ;
#7 = EDGE_LOOP ( 'NONE', ( #3882, #3051, #230, #1789 ) ) ;
#8 = CARTESIAN_POINT ( 'NONE',  ( -69.00000000000000000, -5.526765210436179743, 16.43546798324125646 ) ) ;
#9 = PLANE ( 'NONE',  #5121 ) ;
#10 = CIRCLE ( 'NONE', #772, 3.100000000000000977 ) ;
#11 = LINE ( 'NONE', #933, #5705 ) ;
#12 = ORIENTED_EDGE ( 'NONE', *, *, #5084, .T. ) ;
#13 = ORIENTED_EDGE ( 'NONE', *, *, #4430, .T. ) ;
#14 = CIRCLE ( 'NONE', #5755, 8.000000000000001776 ) ;
#15 = FACE_OUTER_BOUND ( 'NONE', #1555, .T. ) ;
#16 = DIRECTION ( 'NONE',  ( -0.000000000000000000, -0.000000000000000000, 1.000000000000000000 ) ) ;
#17 = CARTESIAN_POINT ( 'NONE',  ( -66.54752759091716996, -29.56101557123542278, 23.00000000000000000 ) ) ;
#18 = EDGE_CURVE ( 'NONE', #2119, #4064, #3751, .T. ) ;
#19 = CARTESIAN_POINT ( 'NONE',  ( 0.000000000000000000, -33.76101557123541852, 13.40000000000001812 ) ) ;
#20 = CARTESIAN_POINT ( 'NONE',  ( -0.9999999999999986677, -9.524701220256064360, 16.98064107548941237 ) ) ;
#21 = VERTEX_POINT ( 'NONE', #1100 ) ;
#22 = LINE ( 'NONE', #4439, #4385 ) ;
#23 = CIRCLE ( 'NONE', #4141, 1.625000000000001332 ) ;
#24 = VERTEX_POINT ( 'NONE', #2454 ) ;
#25 = CARTESIAN_POINT ( 'NONE',  ( -32.73564269446043795, -18.63688944035106587, 1.071884106765683464 ) ) ;
#26 = CARTESIAN_POINT ( 'NONE',  ( -66.63058511118330784, -7.525733215346147809, 7.999999999999998224 ) ) ;
#27 = ORIENTED_EDGE ( 'NONE', *, *, #200, .T. ) ;
#28 = DIRECTION ( 'NONE',  ( 1.000000000000000000, 0.000000000000000000, 0.000000000000000000 ) ) ;
#29 = EDGE_CURVE ( 'NONE', #801, #5103, #145, .T. ) ;
#30 = ADVANCED_FACE ( 'NONE', ( #120, #5115 ), #4225, .T. ) ;
#31 = ORIENTED_EDGE ( 'NONE', *, *, #3190, .F. ) ;
#32 = DIRECTION ( 'NONE',  ( -0.7559289460184542842, 3.356998883401259999E-16, 0.6546536707079773088 ) ) ;
#33 = ORIENTED_EDGE ( 'NONE', *, *, #3957, .F. ) ;
#34 = EDGE_CURVE ( 'NONE', #4000, #5710, #2856, .T. ) ;
#35 = CARTESIAN_POINT ( 'NONE',  ( -66.63058511118330784, -15.95727432898451070, 7.999999999999998224 ) ) ;
#36 = VERTEX_POINT ( 'NONE', #5172 ) ;
#37 = DIRECTION ( 'NONE',  ( -0.7559289460184560605, -1.457327318435941148E-14, -0.6546536707079753103 ) ) ;
#38 = CARTESIAN_POINT ( 'NONE',  ( -19.84041802259992693, -13.78201134566428188, 11.50565518954292266 ) ) ;
#39 = DIRECTION ( 'NONE',  ( -0.000000000000000000, 0.000000000000000000, 1.000000000000000000 ) ) ;
#40 = CARTESIAN_POINT ( 'NONE',  ( 6.348247612261127770, -3.665162467821358572, 15.00000000000000000 ) ) ;
#41 = VERTEX_POINT ( 'NONE', #4252 ) ;
#42 = VECTOR ( 'NONE', #4973, 999.9999999999998863 ) ;
#43 = VERTEX_POINT ( 'NONE', #5655 ) ;
#44 = AXIS2_PLACEMENT_3D ( 'NONE', #5194, #1567, #2418 ) ;
#45 = DIRECTION ( 'NONE',  ( 0.000000000000000000, 0.000000000000000000, 1.000000000000000000 ) ) ;
#46 = CARTESIAN_POINT ( 'NONE',  ( -69.73058511118331637, -6.786350428079993335, 15.86988314956701807 ) ) ;
#47 = AXIS2_PLACEMENT_3D ( 'NONE', #1482, #3321, #5678 ) ;
#48 = CARTESIAN_POINT ( 'NONE',  ( -50.26594477563303798, -29.56101557123542634, 12.13498970598820570 ) ) ;
#49 = DIRECTION ( 'NONE',  ( 0.000000000000000000, 0.000000000000000000, -1.000000000000000000 ) ) ;
#50 = DIRECTION ( 'NONE',  ( 2.775557561562891351E-17, -0.1351132047333101216, -0.9908301680442994641 ) ) ;
#51 = ORIENTED_EDGE ( 'NONE', *, *, #1676, .T. ) ;
#52 = VECTOR ( 'NONE', #2625, 1000.000000000000000 ) ;
#53 = CIRCLE ( 'NONE', #529, 10.00000000000000888 ) ;
#54 = VERTEX_POINT ( 'NONE', #5568 ) ;
#55 = CARTESIAN_POINT ( 'NONE',  ( -46.38127478558746475, -6.047170850302003409, 19.37989153761614247 ) ) ;
#56 = LINE ( 'NONE', #1883, #2449 ) ;
#57 = ORIENTED_EDGE ( 'NONE', *, *, #4460, .T. ) ;
#58 = CARTESIAN_POINT ( 'NONE',  ( -28.28071360458309869, -35.32460449163507832, 7.999999999999998224 ) ) ;
#59 = EDGE_CURVE ( 'NONE', #4526, #2276, #593, .T. ) ;
#60 = EDGE_LOOP ( 'NONE', ( #5704, #456, #2951, #374 ) ) ;
#61 = VECTOR ( 'NONE', #4865, 1000.000000000000000 ) ;
#62 = DIRECTION ( 'NONE',  ( -0.4999999999999998890, 0.8660254037844385966, 0.000000000000000000 ) ) ;
#63 = VERTEX_POINT ( 'NONE', #1045 ) ;
#64 = CARTESIAN_POINT ( 'NONE',  ( -25.15571360458309513, -35.32460449163507832, 17.33769775418246439 ) ) ;
#65 = EDGE_LOOP ( 'NONE', ( #5097, #1177, #3339, #2291 ) ) ;
#66 = EDGE_CURVE ( 'NONE', #4629, #2770, #335, .T. ) ;
#67 = CARTESIAN_POINT ( 'NONE',  ( -19.84041802259992693, -6.431853008172041086, 16.55888904656887561 ) ) ;
#68 = AXIS2_PLACEMENT_3D ( 'NONE', #1740, #1833, #3547 ) ;
#69 = ORIENTED_EDGE ( 'NONE', *, *, #5045, .T. ) ;
#70 = LINE ( 'NONE', #2804, #5813 ) ;
#71 = ADVANCED_FACE ( 'NONE', ( #3808 ), #619, .F. ) ;
#72 = EDGE_CURVE ( 'NONE', #5644, #4875, #565, .T. ) ;
#73 = CARTESIAN_POINT ( 'NONE',  ( -35.84041802259991982, -0.6158457650042841180, 0.000000000000000000 ) ) ;
#74 = CARTESIAN_POINT ( 'NONE',  ( 0.000000000000000000, 0.000000000000000000, 23.00000000000000000 ) ) ;
#75 = CARTESIAN_POINT ( 'NONE',  ( -41.50194859382882839, -29.69912461813720839, 0.7176565714621381264 ) ) ;
#76 = VERTEX_POINT ( 'NONE', #2886 ) ;
#77 = UNCERTAINTY_MEASURE_WITH_UNIT (LENGTH_MEASURE( 1.000000000000000082E-05 ), #3860, 'distance_accuracy_value', 'NONE');
#78 = VERTEX_POINT ( 'NONE', #3328 ) ;
#79 = CARTESIAN_POINT ( 'NONE',  ( -14.70601365502311353, 10.17540916094897518, 11.26649829925590396 ) ) ;
#80 = DIRECTION ( 'NONE',  ( 0.5000000000000002220, -0.8660254037844385966, 0.000000000000000000 ) ) ;
#81 = DIRECTION ( 'NONE',  ( -1.000000000000000000, 0.000000000000000000, 0.000000000000000000 ) ) ;
#82 = CARTESIAN_POINT ( 'NONE',  ( -56.54752759091716285, -29.56101557123542278, 23.00000000000000000 ) ) ;
#83 = CIRCLE ( 'NONE', #4672, 3.200000000000003730 ) ;
#84 = CARTESIAN_POINT ( 'NONE',  ( -44.13095061893815796, 4.999999999999984901, 13.83138929941186035 ) ) ;
#85 = EDGE_LOOP ( 'NONE', ( #5176, #322, #2908, #4296, #1067, #5000 ) ) ;
#86 = CONICAL_SURFACE ( 'NONE', #178, 8.000000000000000000, 0.7853981633974415066 ) ;
#87 = EDGE_LOOP ( 'NONE', ( #1400, #2432, #4333, #2699 ) ) ;
#88 = LINE ( 'NONE', #1972, #5847 ) ;
#89 = CARTESIAN_POINT ( 'NONE',  ( -41.71928639541690842, -35.32460449163507832, 7.999999999999998224 ) ) ;
#90 = CARTESIAN_POINT ( 'NONE',  ( 9.381762526823539616, -7.789506971638340715, 16.74402367795063640 ) ) ;
#91 = CARTESIAN_POINT ( 'NONE',  ( -14.39520974980418622, -40.00000000000002132, 19.55010029260020232 ) ) ;
#92 = ORIENTED_EDGE ( 'NONE', *, *, #1080, .T. ) ;
#93 = VECTOR ( 'NONE', #4998, 1000.000000000000000 ) ;
#94 = CARTESIAN_POINT ( 'NONE',  ( -30.27570507873117478, 16.58917756574546942, -7.716706031692377898 ) ) ;
#95 = ORIENTED_EDGE ( 'NONE', *, *, #3079, .T. ) ;
#96 = CARTESIAN_POINT ( 'NONE',  ( -50.15958197740008018, -9.261467612634428193, -4.191618052822483342 ) ) ;
#97 = ORIENTED_EDGE ( 'NONE', *, *, #3695, .F. ) ;
#98 = EDGE_CURVE ( 'NONE', #877, #5294, #175, .T. ) ;
#99 = CARTESIAN_POINT ( 'NONE',  ( -41.33897392934084536, -29.27367913654407516, 1.071884106749846355 ) ) ;
#100 = VERTEX_POINT ( 'NONE', #534 ) ;
#101 = CARTESIAN_POINT ( 'NONE',  ( -18.03990726879786521, -10.41534531779633710, 11.99999999999999822 ) ) ;
#102 = CARTESIAN_POINT ( 'NONE',  ( -19.84041802259992693, -16.76392090040392802, 0.000000000000000000 ) ) ;
#103 = DIRECTION ( 'NONE',  ( 0.4999999999999991118, 0.8660254037844391517, 0.000000000000000000 ) ) ;
#104 = ORIENTED_EDGE ( 'NONE', *, *, #1159, .T. ) ;
#105 = EDGE_CURVE ( 'NONE', #3349, #1884, #2001, .T. ) ;
#106 = EDGE_CURVE ( 'NONE', #2687, #1751, #208, .T. ) ;
#107 = ORIENTED_EDGE ( 'NONE', *, *, #180, .F. ) ;
#108 = DIRECTION ( 'NONE',  ( 1.000000000000000000, 0.000000000000000000, 0.000000000000000000 ) ) ;
#109 = PLANE ( 'NONE',  #4446 ) ;
#110 = DIRECTION ( 'NONE',  ( 0.000000000000000000, 0.000000000000000000, 1.000000000000000000 ) ) ;
#111 =( BOUNDED_CURVE ( )  B_SPLINE_CURVE ( 3, ( #2998, #2207, #825, #5747 ),
 .UNSPECIFIED., .F., .T. ) 
 B_SPLINE_CURVE_WITH_KNOTS ( ( 4, 4 ),
 ( 4.274671286433276762, 4.712388980384689674 ),
 .UNSPECIFIED. ) 
 CURVE ( )  GEOMETRIC_REPRESENTATION_ITEM ( )  RATIONAL_B_SPLINE_CURVE ( ( 1.000000000000000000, 0.9840972314996108139, 0.9840972314996108139, 1.000000000000000000 ) ) 
 REPRESENTATION_ITEM ( '' )  );
#112 = EDGE_CURVE ( 'NONE', #3274, #5117, #3080, .T. ) ;
#113 = FACE_OUTER_BOUND ( 'NONE', #3202, .T. ) ;
#114 = AXIS2_PLACEMENT_3D ( 'NONE', #5350, #4090, #5406 ) ;
#115 = ORIENTED_EDGE ( 'NONE', *, *, #2694, .F. ) ;
#116 = VECTOR ( 'NONE', #4839, 1000.000000000000000 ) ;
#117 = ORIENTED_EDGE ( 'NONE', *, *, #5483, .T. ) ;
#118 = DIRECTION ( 'NONE',  ( 1.156482317317871232E-16, -1.000000000000000000, 0.000000000000000000 ) ) ;
#119 = DIRECTION ( 'NONE',  ( -1.506754595348573503E-17, 0.1351132047333101494, 0.9908301680442993531 ) ) ;
#120 = FACE_OUTER_BOUND ( 'NONE', #5091, .T. ) ;
#121 = CARTESIAN_POINT ( 'NONE',  ( -56.54752759091716285, -29.56101557123542278, 23.00000000000000000 ) ) ;
#122 = ORIENTED_EDGE ( 'NONE', *, *, #578, .T. ) ;
#123 = AXIS2_PLACEMENT_3D ( 'NONE', #3024, #265, #2513 ) ;
#124 = EDGE_LOOP ( 'NONE', ( #4481, #849, #313, #5360 ) ) ;
#125 = DIRECTION ( 'NONE',  ( 1.000000000000000000, 0.000000000000000000, 0.000000000000000000 ) ) ;
#126 = ORIENTED_EDGE ( 'NONE', *, *, #1936, .F. ) ;
#127 = ORIENTED_EDGE ( 'NONE', *, *, #1375, .F. ) ;
#128 = EDGE_CURVE ( 'NONE', #2572, #707, #206, .T. ) ;
#129 = ORIENTED_EDGE ( 'NONE', *, *, #1166, .F. ) ;
#130 = FACE_OUTER_BOUND ( 'NONE', #1187, .T. ) ;
#131 = DIRECTION ( 'NONE',  ( -0.000000000000000000, 0.000000000000000000, 1.000000000000000000 ) ) ;
#132 = CARTESIAN_POINT ( 'NONE',  ( -37.90483319815205476, -16.66648481620636346, -1.000000000000104139 ) ) ;
#133 = EDGE_LOOP ( 'NONE', ( #4590, #3671, #4979, #1758, #4256 ) ) ;
#134 = CIRCLE ( 'NONE', #606, 3.100000000000000533 ) ;
#135 = ORIENTED_EDGE ( 'NONE', *, *, #3737, .T. ) ;
#136 = CARTESIAN_POINT ( 'NONE',  ( -50.15958197740008018, 4.152014695937491062, 20.16190783945727105 ) ) ;
#137 = CARTESIAN_POINT ( 'NONE',  ( 1.895804941603288061E-15, -17.00000000000056843, 18.00000000000000000 ) ) ;
#138 = LINE ( 'NONE', #1937, #5601 ) ;
#139 = EDGE_CURVE ( 'NONE', #1870, #2509, #1431, .T. ) ;
#140 = VERTEX_POINT ( 'NONE', #1916 ) ;
#141 = VERTEX_POINT ( 'NONE', #4338 ) ;
#142 = DIRECTION ( 'NONE',  ( 0.000000000000000000, 0.000000000000000000, -1.000000000000000000 ) ) ;
#143 = FACE_OUTER_BOUND ( 'NONE', #1259, .T. ) ;
#144 = EDGE_LOOP ( 'NONE', ( #115, #1541, #553, #4002 ) ) ;
#145 = CIRCLE ( 'NONE', #3211, 12.00000000000000355 ) ;
#146 = EDGE_CURVE ( 'NONE', #5850, #2328, #2124, .T. ) ;
#147 = FACE_OUTER_BOUND ( 'NONE', #718, .T. ) ;
#148 = ORIENTED_EDGE ( 'NONE', *, *, #1289, .F. ) ;
#149 = CIRCLE ( 'NONE', #2349, 7.999999999999984901 ) ;
#150 = EDGE_CURVE ( 'NONE', #5066, #5790, #5685, .T. ) ;
#151 = DIRECTION ( 'NONE',  ( -0.8660254037844385966, -0.5000000000000001110, 0.000000000000000000 ) ) ;
#152 = CARTESIAN_POINT ( 'NONE',  ( -25.15571360458309513, -41.57460449163507832, 14.21269775418246972 ) ) ;
#153 = AXIS2_PLACEMENT_3D ( 'NONE', #5567, #2821, #5143 ) ;
#154 = VERTEX_POINT ( 'NONE', #1611 ) ;
#155 = PLANE ( 'NONE',  #1605 ) ;
#156 = VECTOR ( 'NONE', #517, 1000.000000000000000 ) ;
#157 = ORIENTED_EDGE ( 'NONE', *, *, #4522, .F. ) ;
#158 = FACE_OUTER_BOUND ( 'NONE', #4275, .T. ) ;
#159 = CYLINDRICAL_SURFACE ( 'NONE', #3196, 9.999999999999985789 ) ;
#160 = VECTOR ( 'NONE', #4557, 1000.000000000000114 ) ;
#161 = CARTESIAN_POINT ( 'NONE',  ( -68.25558511118330784, -15.95727432898451070, 0.000000000000000000 ) ) ;
#162 = ORIENTED_EDGE ( 'NONE', *, *, #4247, .F. ) ;
#163 = AXIS2_PLACEMENT_3D ( 'NONE', #4454, #347, #1660 ) ;
#164 = DIRECTION ( 'NONE',  ( 1.000000000000000000, 0.000000000000000000, 0.000000000000000000 ) ) ;
#165 = CARTESIAN_POINT ( 'NONE',  ( -66.63058511118330784, -15.95727432898451070, 23.00000000000000000 ) ) ;
#166 = FACE_OUTER_BOUND ( 'NONE', #2859, .T. ) ;
#167 = VERTEX_POINT ( 'NONE', #1213 ) ;
#168 = VECTOR ( 'NONE', #1681, 1000.000000000000114 ) ;
#169 = ORIENTED_EDGE ( 'NONE', *, *, #2739, .F. ) ;
#170 = ADVANCED_FACE ( 'NONE', ( #3951 ), #1662, .F. ) ;
#171 = VECTOR ( 'NONE', #1030, 1000.000000000000227 ) ;
#172 = CARTESIAN_POINT ( 'NONE',  ( -19.84041802259992693, 3.746675081737577351, 17.18941733532440708 ) ) ;
#173 = DIRECTION ( 'NONE',  ( 0.3756521687567281886, -0.7384203456890191530, -0.5600186078880560192 ) ) ;
#174 = DIRECTION ( 'NONE',  ( -7.009341333409683757E-17, 0.7071067811865451302, -0.7071067811865500152 ) ) ;
#175 = LINE ( 'NONE', #90, #4067 ) ;
#176 = CYLINDRICAL_SURFACE ( 'NONE', #4731, 10.00000000000000533 ) ;
#177 = ORIENTED_EDGE ( 'NONE', *, *, #2012, .T. ) ;
#178 = AXIS2_PLACEMENT_3D ( 'NONE', #4382, #3012, #4794 ) ;
#179 = ADVANCED_FACE ( 'NONE', ( #4429 ), #4368, .F. ) ;
#180 = EDGE_CURVE ( 'NONE', #502, #4556, #1577, .T. ) ;
#181 = ORIENTED_EDGE ( 'NONE', *, *, #5293, .T. ) ;
#182 = DIRECTION ( 'NONE',  ( 1.506754595348573811E-17, -0.1351132047333101494, -0.9908301680442994641 ) ) ;
#183 = CARTESIAN_POINT ( 'NONE',  ( -13.45247240908284425, -29.56101557123542278, 0.000000000000000000 ) ) ;
#184 = ORIENTED_EDGE ( 'NONE', *, *, #4010, .T. ) ;
#185 = DIRECTION ( 'NONE',  ( 0.000000000000000000, 0.000000000000000000, -1.000000000000000000 ) ) ;
#186 = EDGE_CURVE ( 'NONE', #755, #2881, #1636, .T. ) ;
#187 = CARTESIAN_POINT ( 'NONE',  ( -47.55361931642343620, 4.999999999999984013, 15.21140570268307357 ) ) ;
#188 = VERTEX_POINT ( 'NONE', #1128 ) ;
#189 = CARTESIAN_POINT ( 'NONE',  ( -41.71928639541690842, -35.32460449163507832, 18.00000000000000000 ) ) ;
#190 = CONICAL_SURFACE ( 'NONE', #4872, 9.999999999999985789, 0.7853981633974428389 ) ;
#191 = DIRECTION ( 'NONE',  ( -0.9510206761615280779, 0.3091272772067678587, -0.000000000000000000 ) ) ;
#192 = DIRECTION ( 'NONE',  ( 0.4999999999999998335, 0.8580840963623677098, -0.1170114676857744035 ) ) ;
#193 = ORIENTED_EDGE ( 'NONE', *, *, #1774, .F. ) ;
#194 = DIRECTION ( 'NONE',  ( 1.145877568808327033E-16, -0.9908301680442993531, 0.1351132047333101216 ) ) ;
#195 = DIRECTION ( 'NONE',  ( 0.4999999999999997780, 0.8660254037844388186, 0.000000000000000000 ) ) ;
#196 = LINE ( 'NONE', #4773, #2341 ) ;
#197 = EDGE_LOOP ( 'NONE', ( #4687, #2608 ) ) ;
#198 = VECTOR ( 'NONE', #1538, 1000.000000000000227 ) ;
#199 = VERTEX_POINT ( 'NONE', #766 ) ;
#200 = EDGE_CURVE ( 'NONE', #3325, #24, #3362, .T. ) ;
#201 = FILL_AREA_STYLE ('',( #5458 ) ) ;
#202 = CARTESIAN_POINT ( 'NONE',  ( -59.77252759091716428, -29.56101557123542278, 15.00000000000000000 ) ) ;
#203 = CARTESIAN_POINT ( 'NONE',  ( -6.469414888816733544, -15.95727432898450004, 17.85781013577053855 ) ) ;
#204 = FACE_OUTER_BOUND ( 'NONE', #5490, .T. ) ;
#205 = CIRCLE ( 'NONE', #2984, 9.999999999999984013 ) ;
#206 = LINE ( 'NONE', #2033, #965 ) ;
#207 = CARTESIAN_POINT ( 'NONE',  ( -50.15958197740008018, -14.35849435252642081, 17.63979468443534770 ) ) ;
#208 = CIRCLE ( 'NONE', #3558, 3.200000000000003286 ) ;
#209 = ORIENTED_EDGE ( 'NONE', *, *, #112, .T. ) ;
#210 = FACE_OUTER_BOUND ( 'NONE', #1023, .T. ) ;
#211 = CARTESIAN_POINT ( 'NONE',  ( -66.63058511118330784, -7.525733215346147809, 7.999999999999998224 ) ) ;
#212 = VECTOR ( 'NONE', #4722, 1000.000000000000114 ) ;
#213 = ORIENTED_EDGE ( 'NONE', *, *, #4805, .T. ) ;
#214 = CARTESIAN_POINT ( 'NONE',  ( -3.452472409082838478, -29.56101557123542278, 23.00000000000000000 ) ) ;
#215 = CARTESIAN_POINT ( 'NONE',  ( 0.000000000000000000, -25.38601557123543273, 0.000000000000000000 ) ) ;
#216 = ADVANCED_FACE ( 'NONE', ( #2544, #3503 ), #4780, .T. ) ;
#217 = EDGE_CURVE ( 'NONE', #5343, #1895, #2301, .T. ) ;
#218 = EDGE_LOOP ( 'NONE', ( #4042, #5055 ) ) ;
#219 = DIRECTION ( 'NONE',  ( 1.000000000000000000, 1.115179377413661316E-16, 0.000000000000000000 ) ) ;
#220 = CARTESIAN_POINT ( 'NONE',  ( 0.000000000000000000, -33.73601557123543415, 0.000000000000000000 ) ) ;
#221 = DIRECTION ( 'NONE',  ( -0.9999937747928692167, 0.003496153129678520200, -0.0004767481540470868643 ) ) ;
#222 = ADVANCED_FACE ( 'NONE', ( #319 ), #5770, .F. ) ;
#223 = VERTEX_POINT ( 'NONE', #267 ) ;
#224 = LINE ( 'NONE', #136, #1356 ) ;
#225 = DIRECTION ( 'NONE',  ( -1.000000000000000000, 0.000000000000000000, 0.000000000000000000 ) ) ;
#226 = LINE ( 'NONE', #3467, #2944 ) ;
#227 = ORIENTED_EDGE ( 'NONE', *, *, #4160, .F. ) ;
#228 = VERTEX_POINT ( 'NONE', #2097 ) ;
#229 = DIRECTION ( 'NONE',  ( 1.000000000000000000, 0.000000000000000000, 0.000000000000000000 ) ) ;
#230 = ORIENTED_EDGE ( 'NONE', *, *, #3846, .T. ) ;
#231 = CARTESIAN_POINT ( 'NONE',  ( -15.00916564689250343, -9.246483372378676791, -4.193661358311902454 ) ) ;
#232 = DIRECTION ( 'NONE',  ( 1.000000000000000000, 0.000000000000000000, 0.000000000000000000 ) ) ;
#233 = CARTESIAN_POINT ( 'NONE',  ( -56.54752759091716285, -29.56101557123542278, 20.00000000000000711 ) ) ;
#234 = CARTESIAN_POINT ( 'NONE',  ( -25.86904938106184559, 4.999999999999986677, 13.83138929941186035 ) ) ;
#235 = DIRECTION ( 'NONE',  ( -1.000000000000000000, 0.000000000000000000, 0.000000000000000000 ) ) ;
#236 = VERTEX_POINT ( 'NONE', #3924 ) ;
#237 = VECTOR ( 'NONE', #5202, 1000.000000000000000 ) ;
#238 = ORIENTED_EDGE ( 'NONE', *, *, #4860, .T. ) ;
#239 = CARTESIAN_POINT ( 'NONE',  ( -50.15958197740008018, -12.43212415037618790, -3.759255797675890687 ) ) ;
#240 = EDGE_CURVE ( 'NONE', #1626, #4782, #3370, .T. ) ;
#241 = LINE ( 'NONE', #2490, #3029 ) ;
#242 = VERTEX_POINT ( 'NONE', #5801 ) ;
#243 = AXIS2_PLACEMENT_3D ( 'NONE', #1299, #5800, #792 ) ;
#244 = CARTESIAN_POINT ( 'NONE',  ( -28.66102607065102603, -29.27367913653003129, 1.071884106765706113 ) ) ;
#245 = VECTOR ( 'NONE', #3174, 999.9999999999998863 ) ;
#246 = DIRECTION ( 'NONE',  ( -0.5000000000000002220, 0.8660254037844385966, 0.000000000000000000 ) ) ;
#247 = AXIS2_PLACEMENT_3D ( 'NONE', #2199, #3017, #5792 ) ;
#248 = VECTOR ( 'NONE', #5036, 1000.000000000000000 ) ;
#249 = ORIENTED_EDGE ( 'NONE', *, *, #2679, .F. ) ;
#250 = ADVANCED_FACE ( 'NONE', ( #5289 ), #1183, .F. ) ;
#251 = LINE ( 'NONE', #4297, #935 ) ;
#252 = CARTESIAN_POINT ( 'NONE',  ( -63.53058511118332063, -12.50450057863067777, 17.38697735163139058 ) ) ;
#253 = DIRECTION ( 'NONE',  ( 0.2810846377148154551, 0.6785983445458503294, 0.6785983445458456664 ) ) ;
#254 = ADVANCED_FACE ( 'NONE', ( #3535 ), #1730, .T. ) ;
#255 = EDGE_CURVE ( 'NONE', #1968, #4524, #10, .T. ) ;
#256 = EDGE_LOOP ( 'NONE', ( #4080, #1420, #129, #3391, #2961 ) ) ;
#257 =( BOUNDED_CURVE ( )  B_SPLINE_CURVE ( 3, ( #3173, #1392, #5466, #379 ),
 .UNSPECIFIED., .F., .T. ) 
 B_SPLINE_CURVE_WITH_KNOTS ( ( 4, 4 ),
 ( 1.633337088591375386, 1.885071552570345199 ),
 .UNSPECIFIED. ) 
 CURVE ( )  GEOMETRIC_REPRESENTATION_ITEM ( )  RATIONAL_B_SPLINE_CURVE ( ( 1.000000000000000000, 0.9947261148094697081, 0.9947261148094697081, 1.000000000000000000 ) ) 
 REPRESENTATION_ITEM ( '' )  );
#258 = CARTESIAN_POINT ( 'NONE',  ( -20.67760329472887548, -32.99576209540337146, 0.000000000000000000 ) ) ;
#259 = DIRECTION ( 'NONE',  ( 0.000000000000000000, -0.1351132047333097885, -0.9908301680442995751 ) ) ;
#260 = CARTESIAN_POINT ( 'NONE',  ( -69.00000000000000000, -13.95830632407453642, 17.58522358964645704 ) ) ;
#261 = ORIENTED_EDGE ( 'NONE', *, *, #5545, .T. ) ;
#262 = AXIS2_PLACEMENT_3D ( 'NONE', #879, #2720, #4539 ) ;
#263 = ORIENTED_EDGE ( 'NONE', *, *, #5454, .F. ) ;
#264 = LINE ( 'NONE', #3920, #871 ) ;
#265 = DIRECTION ( 'NONE',  ( -0.000000000000000000, 0.000000000000000000, 1.000000000000000000 ) ) ;
#266 = CARTESIAN_POINT ( 'NONE',  ( -31.40571360458310224, -35.32460449163507832, 17.33769775418246439 ) ) ;
#267 = CARTESIAN_POINT ( 'NONE',  ( -17.40074224968003591, -2.900390671068230564, 11.43475439917278358 ) ) ;
#268 = FACE_OUTER_BOUND ( 'NONE', #133, .T. ) ;
#269 = ORIENTED_EDGE ( 'NONE', *, *, #655, .T. ) ;
#270 = AXIS2_PLACEMENT_3D ( 'NONE', #82, #3744, #5558 ) ;
#271 = VECTOR ( 'NONE', #1434, 999.9999999999998863 ) ;
#272 = ORIENTED_EDGE ( 'NONE', *, *, #4683, .T. ) ;
#273 = CARTESIAN_POINT ( 'NONE',  ( -50.15958197740008018, -3.261196470430277827, 16.12652679142227896 ) ) ;
#274 = ORIENTED_EDGE ( 'NONE', *, *, #4215, .T. ) ;
#275 = CARTESIAN_POINT ( 'NONE',  ( -19.84041802259992693, -6.431853008172041086, 16.55888904656887206 ) ) ;
#276 = AXIS2_PLACEMENT_3D ( 'NONE', #5469, #496, #4126 ) ;
#277 = ORIENTED_EDGE ( 'NONE', *, *, #4022, .F. ) ;
#278 = DIRECTION ( 'NONE',  ( 0.000000000000000000, 0.000000000000000000, 1.000000000000000000 ) ) ;
#279 = ADVANCED_FACE ( 'NONE', ( #1723 ), #912, .F. ) ;
#280 = DIRECTION ( 'NONE',  ( -1.506754595348573195E-17, 0.1351132047333101494, 0.9908301680442993531 ) ) ;
#281 = FACE_OUTER_BOUND ( 'NONE', #5692, .T. ) ;
#282 = AXIS2_PLACEMENT_3D ( 'NONE', #2370, #1524, #4203 ) ;
#283 = ORIENTED_EDGE ( 'NONE', *, *, #4489, .F. ) ;
#284 = DIRECTION ( 'NONE',  ( 1.000000000000000000, 9.912705577010323084E-17, 0.000000000000000000 ) ) ;
#285 = DIRECTION ( 'NONE',  ( -0.9999937747928691056, 0.003496153129678796455, -0.0004767481540471243777 ) ) ;
#286 = EDGE_CURVE ( 'NONE', #2213, #4837, #3617, .T. ) ;
#287 = DIRECTION ( 'NONE',  ( 1.506754595348573195E-17, -0.1351132047333101216, -0.9908301680442994641 ) ) ;
#288 = ORIENTED_EDGE ( 'NONE', *, *, #3661, .F. ) ;
#289 = EDGE_CURVE ( 'NONE', #3785, #3890, #1795, .T. ) ;
#290 = EDGE_LOOP ( 'NONE', ( #583, #2682, #2918, #213, #937, #5037, #2209, #4906 ) ) ;
#291 = CARTESIAN_POINT ( 'NONE',  ( -56.54752759091716285, -29.56101557123542278, 10.59999999999998899 ) ) ;
#292 = EDGE_CURVE ( 'NONE', #762, #242, #3113, .T. ) ;
#293 = LINE ( 'NONE', #4809, #5571 ) ;
#294 = DIRECTION ( 'NONE',  ( 0.000000000000000000, 0.000000000000000000, 1.000000000000000000 ) ) ;
#295 = CARTESIAN_POINT ( 'NONE',  ( -25.58131554860900536, 4.009169831955667007, 15.13511320473330990 ) ) ;
#296 = DIRECTION ( 'NONE',  ( 0.4999999999999991118, 0.8660254037844391517, 0.000000000000000000 ) ) ;
#297 = VERTEX_POINT ( 'NONE', #5051 ) ;
#298 = ORIENTED_EDGE ( 'NONE', *, *, #4574, .F. ) ;
#299 = DIRECTION ( 'NONE',  ( 0.000000000000000000, 0.000000000000000000, -1.000000000000000000 ) ) ;
#300 = CARTESIAN_POINT ( 'NONE',  ( -69.53668839942753266, -17.03642384506470009, 17.46331160057246379 ) ) ;
#301 = ORIENTED_EDGE ( 'NONE', *, *, #945, .F. ) ;
#302 = CARTESIAN_POINT ( 'NONE',  ( -24.69013009314267748, -7.036418308360660845, 11.99875816789446326 ) ) ;
#303 = CARTESIAN_POINT ( 'NONE',  ( -50.15958197740008018, 4.999999999999984901, 15.54030560076858514 ) ) ;
#304 = VECTOR ( 'NONE', #616, 999.9999999999998863 ) ;
#305 = ORIENTED_EDGE ( 'NONE', *, *, #5876, .F. ) ;
#306 = FACE_OUTER_BOUND ( 'NONE', #3803, .T. ) ;
#307 = CARTESIAN_POINT ( 'NONE',  ( -3.840418022599924264, -16.76392090040392446, 0.000000000000000000 ) ) ;
#308 = DIRECTION ( 'NONE',  ( -0.000000000000000000, -0.000000000000000000, 1.000000000000000000 ) ) ;
#309 = CIRCLE ( 'NONE', #3669, 1.625000000000001332 ) ;
#310 = VERTEX_POINT ( 'NONE', #2180 ) ;
#311 = CARTESIAN_POINT ( 'NONE',  ( 1.895804941603288061E-15, -17.00000000000056843, 18.00000000000000000 ) ) ;
#312 = DIRECTION ( 'NONE',  ( -0.000000000000000000, -0.000000000000000000, 1.000000000000000000 ) ) ;
#313 = ORIENTED_EDGE ( 'NONE', *, *, #3100, .F. ) ;
#314 = EDGE_LOOP ( 'NONE', ( #615, #1769, #2330, #4381 ) ) ;
#315 = LINE ( 'NONE', #699, #3466 ) ;
#316 = CARTESIAN_POINT ( 'NONE',  ( -69.73058511118331637, -15.95727432898451070, 17.12046368150850739 ) ) ;
#317 = ADVANCED_FACE ( 'NONE', ( #5496 ), #4933, .F. ) ;
#318 = PLANE ( 'NONE',  #3596 ) ;
#319 = FACE_OUTER_BOUND ( 'NONE', #981, .T. ) ;
#320 = EDGE_CURVE ( 'NONE', #3177, #5402, #4486, .T. ) ;
#321 = DIRECTION ( 'NONE',  ( -0.000000000000000000, -0.000000000000000000, 1.000000000000000000 ) ) ;
#322 = ORIENTED_EDGE ( 'NONE', *, *, #4079, .T. ) ;
#323 = ORIENTED_EDGE ( 'NONE', *, *, #3484, .F. ) ;
#324 = EDGE_CURVE ( 'NONE', #4213, #3031, #257, .T. ) ;
#325 = CARTESIAN_POINT ( 'NONE',  ( -13.45247240908284425, -29.56101557123542278, 23.00000000000000000 ) ) ;
#326 = CYLINDRICAL_SURFACE ( 'NONE', #2844, 1.625000000000001332 ) ;
#327 = ORIENTED_EDGE ( 'NONE', *, *, #106, .F. ) ;
#328 = DIRECTION ( 'NONE',  ( -0.000000000000000000, -0.000000000000000000, 1.000000000000000000 ) ) ;
#329 = CARTESIAN_POINT ( 'NONE',  ( -48.54752759091716285, -29.56101557123542278, 0.000000000000000000 ) ) ;
#330 = EDGE_CURVE ( 'NONE', #2774, #1870, #3623, .T. ) ;
#331 = AXIS2_PLACEMENT_3D ( 'NONE', #610, #2906, #2879 ) ;
#332 = ORIENTED_EDGE ( 'NONE', *, *, #2414, .F. ) ;
#333 = AXIS2_PLACEMENT_3D ( 'NONE', #1944, #4781, #3778 ) ;
#334 = DIRECTION ( 'NONE',  ( -0.000000000000000000, 0.000000000000000000, 1.000000000000000000 ) ) ;
#335 = CIRCLE ( 'NONE', #5307, 1.625000000000000444 ) ;
#336 = CARTESIAN_POINT ( 'NONE',  ( -19.84041802259992693, -9.261467612634428193, -4.191618052822483342 ) ) ;
#337 = VECTOR ( 'NONE', #2772, 1000.000000000000000 ) ;
#338 = AXIS2_PLACEMENT_3D ( 'NONE', #89, #2271, #3718 ) ;
#339 = EDGE_LOOP ( 'NONE', ( #4606, #2092, #4227, #2579 ) ) ;
#340 = LINE ( 'NONE', #4025, #4591 ) ;
#341 = DIRECTION ( 'NONE',  ( 1.000000000000000000, 0.000000000000000000, 0.000000000000000000 ) ) ;
#342 = DIRECTION ( 'NONE',  ( -1.156482317317871232E-16, 1.000000000000000000, 0.000000000000000000 ) ) ;
#343 = ORIENTED_EDGE ( 'NONE', *, *, #1634, .T. ) ;
#344 = VECTOR ( 'NONE', #2314, 1000.000000000000114 ) ;
#345 = VERTEX_POINT ( 'NONE', #5827 ) ;
#346 = DIRECTION ( 'NONE',  ( 1.000000000000000000, 0.000000000000000000, 0.000000000000000000 ) ) ;
#347 = DIRECTION ( 'NONE',  ( 0.000000000000000000, 0.000000000000000000, -1.000000000000000000 ) ) ;
#348 = CARTESIAN_POINT ( 'NONE',  ( -41.71928639541690842, -35.32460449163507832, 7.999999999999998224 ) ) ;
#349 = EDGE_CURVE ( 'NONE', #2770, #4629, #3334, .T. ) ;
#350 = DIRECTION ( 'NONE',  ( -0.000000000000000000, -0.000000000000000000, 1.000000000000000000 ) ) ;
#351 = FACE_OUTER_BOUND ( 'NONE', #5286, .T. ) ;
#352 = ORIENTED_EDGE ( 'NONE', *, *, #4503, .F. ) ;
#353 = AXIS2_PLACEMENT_3D ( 'NONE', #35, #993, #5577 ) ;
#354 = EDGE_CURVE ( 'NONE', #1224, #2774, #4062, .T. ) ;
#355 = ORIENTED_EDGE ( 'NONE', *, *, #5515, .T. ) ;
#356 = CARTESIAN_POINT ( 'NONE',  ( -25.99469440920926999, 15.00804381465899695, 13.40000000000002167 ) ) ;
#357 = DIRECTION ( 'NONE',  ( 1.000000000000000000, 0.000000000000000000, 0.000000000000000000 ) ) ;
#358 = ORIENTED_EDGE ( 'NONE', *, *, #2456, .F. ) ;
#359 = LINE ( 'NONE', #3035, #770 ) ;
#360 = DIRECTION ( 'NONE',  ( 0.000000000000000000, 0.000000000000000000, -1.000000000000000000 ) ) ;
#361 = EDGE_CURVE ( 'NONE', #2787, #1000, #5182, .T. ) ;
#362 = EDGE_CURVE ( 'NONE', #4571, #2228, #4379, .T. ) ;
#363 = CARTESIAN_POINT ( 'NONE',  ( -47.14983082705610684, -40.00000000000002842, 15.96451472150667605 ) ) ;
#364 = ORIENTED_EDGE ( 'NONE', *, *, #1179, .T. ) ;
#365 = FACE_OUTER_BOUND ( 'NONE', #3187, .T. ) ;
#366 = VECTOR ( 'NONE', #5026, 1000.000000000000000 ) ;
#367 = EDGE_CURVE ( 'NONE', #3433, #3322, #5383, .T. ) ;
#368 = CARTESIAN_POINT ( 'NONE',  ( -28.28071360458309869, -35.32460449163507832, 0.000000000000000000 ) ) ;
#369 = AXIS2_PLACEMENT_3D ( 'NONE', #1831, #4047, #5867 ) ;
#370 = ORIENTED_EDGE ( 'NONE', *, *, #4160, .T. ) ;
#371 = LINE ( 'NONE', #4476, #3553 ) ;
#372 = CARTESIAN_POINT ( 'NONE',  ( -28.28071360458309869, -35.32460449163507832, 0.000000000000000000 ) ) ;
#373 = FACE_OUTER_BOUND ( 'NONE', #2706, .T. ) ;
#374 = ORIENTED_EDGE ( 'NONE', *, *, #1053, .F. ) ;
#375 = VERTEX_POINT ( 'NONE', #5410 ) ;
#376 = CARTESIAN_POINT ( 'NONE',  ( -66.63058511118330784, -15.95727432898451070, 7.999999999999998224 ) ) ;
#377 = CARTESIAN_POINT ( 'NONE',  ( -13.45247240908284425, -29.56101557123542278, 0.000000000000000000 ) ) ;
#378 = CARTESIAN_POINT ( 'NONE',  ( 1.586674200467622420, -4.881354970067755872, 0.000000000000000000 ) ) ;
#379 = CARTESIAN_POINT ( 'NONE',  ( -48.54752759091716285, -29.56101557123542278, 3.026981782345779415 ) ) ;
#380 = DIRECTION ( 'NONE',  ( 1.000000000000000000, 0.000000000000000000, 0.000000000000000000 ) ) ;
#381 = ORIENTED_EDGE ( 'NONE', *, *, #1787, .T. ) ;
#382 = ADVANCED_FACE ( 'NONE', ( #1816 ), #1300, .T. ) ;
#383 = ORIENTED_EDGE ( 'NONE', *, *, #5842, .F. ) ;
#384 = LINE ( 'NONE', #470, #3066 ) ;
#385 = CARTESIAN_POINT ( 'NONE',  ( -56.54752759091716285, -29.56101557123542278, 20.00000000000000711 ) ) ;
#386 = VERTEX_POINT ( 'NONE', #2289 ) ;
#387 = CYLINDRICAL_SURFACE ( 'NONE', #5021, 9.999999999999998224 ) ;
#388 = EDGE_LOOP ( 'NONE', ( #3828, #4699, #1820, #4028, #1351, #478 ) ) ;
#389 = CARTESIAN_POINT ( 'NONE',  ( -19.84041802259992693, -7.431690723198539850, 9.226745803041035643 ) ) ;
#390 = ORIENTED_EDGE ( 'NONE', *, *, #3041, .F. ) ;
#391 = EDGE_CURVE ( 'NONE', #5294, #1029, #4122, .T. ) ;
#392 = EDGE_CURVE ( 'NONE', #5215, #2367, #853, .T. ) ;
#393 = CARTESIAN_POINT ( 'NONE',  ( -35.00000000000000000, -25.60311589323426062, 1.071884106765706113 ) ) ;
#394 = EDGE_CURVE ( 'NONE', #1644, #3658, #1424, .T. ) ;
#395 = VERTEX_POINT ( 'NONE', #2356 ) ;
#396 = EDGE_CURVE ( 'NONE', #1707, #5424, #3139, .T. ) ;
#397 = CARTESIAN_POINT ( 'NONE',  ( -17.27720324545450836, -22.53453465762669694, 0.000000000000000000 ) ) ;
#398 = DIRECTION ( 'NONE',  ( -1.000000000000000000, 0.000000000000000000, 0.000000000000000000 ) ) ;
#399 = AXIS2_PLACEMENT_3D ( 'NONE', #1609, #2452, #2122 ) ;
#400 = FACE_OUTER_BOUND ( 'NONE', #1190, .T. ) ;
#401 = ORIENTED_EDGE ( 'NONE', *, *, #1418, .F. ) ;
#402 = EDGE_CURVE ( 'NONE', #2315, #3115, #1909, .T. ) ;
#403 = ORIENTED_EDGE ( 'NONE', *, *, #3000, .T. ) ;
#404 = DIRECTION ( 'NONE',  ( -0.000000000000000000, -0.000000000000000000, 1.000000000000000000 ) ) ;
#405 = CYLINDRICAL_SURFACE ( 'NONE', #1208, 8.000000000000001776 ) ;
#406 = DIRECTION ( 'NONE',  ( 0.5000000000000001110, -0.8660254037844385966, 0.000000000000000000 ) ) ;
#407 = CARTESIAN_POINT ( 'NONE',  ( 9.540979117872439019E-15, -40.00000000000002132, 16.99999999999998934 ) ) ;
#408 = CYLINDRICAL_SURFACE ( 'NONE', #3117, 3.100000000000000977 ) ;
#409 = ORIENTED_EDGE ( 'NONE', *, *, #1888, .T. ) ;
#410 = ORIENTED_EDGE ( 'NONE', *, *, #1591, .T. ) ;
#411 = PLANE ( 'NONE',  #2775 ) ;
#412 = CARTESIAN_POINT ( 'NONE',  ( -22.29855349035513967, -13.38251100967110929, -3.629657589590221889 ) ) ;
#413 = ORIENTED_EDGE ( 'NONE', *, *, #451, .T. ) ;
#414 = CARTESIAN_POINT ( 'NONE',  ( -65.54752759091716996, -29.56101557123542278, 23.00000000000000000 ) ) ;
#415 = AXIS2_PLACEMENT_3D ( 'NONE', #4560, #2344, #1352 ) ;
#416 = ORIENTED_EDGE ( 'NONE', *, *, #3700, .T. ) ;
#417 = CARTESIAN_POINT ( 'NONE',  ( -18.30221467027569560, -29.56101557123542278, 13.40000000000001634 ) ) ;
#418 = ORIENTED_EDGE ( 'NONE', *, *, #2448, .F. ) ;
#419 = DIRECTION ( 'NONE',  ( -1.000000000000000000, 0.000000000000000000, -0.000000000000000000 ) ) ;
#420 = AXIS2_PLACEMENT_3D ( 'NONE', #795, #1663, #380 ) ;
#421 = EDGE_CURVE ( 'NONE', #1508, #4804, #3290, .T. ) ;
#422 = VERTEX_POINT ( 'NONE', #4155 ) ;
#423 = LINE ( 'NONE', #3223, #1175 ) ;
#424 = FACE_OUTER_BOUND ( 'NONE', #256, .T. ) ;
#425 = AXIS2_PLACEMENT_3D ( 'NONE', #2355, #5587, #1451 ) ;
#426 = CARTESIAN_POINT ( 'NONE',  ( -50.15958197740008018, -6.837192622371970785, 13.58639854243597433 ) ) ;
#427 = VECTOR ( 'NONE', #5647, 1000.000000000000000 ) ;
#428 = ORIENTED_EDGE ( 'NONE', *, *, #4468, .T. ) ;
#429 = ADVANCED_FACE ( 'NONE', ( #525 ), #4192, .F. ) ;
#430 = EDGE_CURVE ( 'NONE', #3632, #5348, #2975, .T. ) ;
#431 = ORIENTED_EDGE ( 'NONE', *, *, #4755, .F. ) ;
#432 = AXIS2_PLACEMENT_3D ( 'NONE', #96, #4205, #3244 ) ;
#433 = LINE ( 'NONE', #1813, #5840 ) ;
#434 = CARTESIAN_POINT ( 'NONE',  ( -56.54752759091716285, -29.56101557123542278, 0.000000000000000000 ) ) ;
#435 = CARTESIAN_POINT ( 'NONE',  ( -18.30221467027569560, -29.56101557123542278, 0.000000000000000000 ) ) ;
#436 = CARTESIAN_POINT ( 'NONE',  ( -3.369414888816732567, -15.95727432898450004, 7.999999999999998224 ) ) ;
#437 = CARTESIAN_POINT ( 'NONE',  ( -69.73058511118331637, -7.525733215346147809, 23.00000000000000000 ) ) ;
#438 = EDGE_LOOP ( 'NONE', ( #3077, #1471 ) ) ;
#439 = ORIENTED_EDGE ( 'NONE', *, *, #2889, .F. ) ;
#440 = CARTESIAN_POINT ( 'NONE',  ( -25.58131554860900536, 4.009169831955667007, 15.13511320473330990 ) ) ;
#441 = DIRECTION ( 'NONE',  ( 0.000000000000000000, 0.9908301680442994641, -0.1351132047333106490 ) ) ;
#442 = EDGE_LOOP ( 'NONE', ( #5413, #3194, #4730, #4186 ) ) ;
#443 = CIRCLE ( 'NONE', #1203, 12.00000000000000888 ) ;
#444 = CARTESIAN_POINT ( 'NONE',  ( -13.56017313995334383, -40.00000000000002842, 19.59467447116365690 ) ) ;
#445 = VECTOR ( 'NONE', #2630, 1000.000000000000000 ) ;
#446 = CARTESIAN_POINT ( 'NONE',  ( -58.05531346136556436, -40.00000000000003553, 19.48563386522285157 ) ) ;
#447 = ORIENTED_EDGE ( 'NONE', *, *, #543, .F. ) ;
#448 = CARTESIAN_POINT ( 'NONE',  ( -53.37830972813224406, -12.76641042341888799, 11.36716415469128094 ) ) ;
#449 = VERTEX_POINT ( 'NONE', #2390 ) ;
#450 = LINE ( 'NONE', #4502, #634 ) ;
#451 = EDGE_CURVE ( 'NONE', #481, #2367, #2085, .T. ) ;
#452 = VERTEX_POINT ( 'NONE', #2322 ) ;
#453 = DIRECTION ( 'NONE',  ( -0.2185859939626377257, -0.6724731691624289409, 0.7071067811865510144 ) ) ;
#454 = PLANE ( 'NONE',  #4832 ) ;
#455 = FACE_OUTER_BOUND ( 'NONE', #4097, .T. ) ;
#456 = ORIENTED_EDGE ( 'NONE', *, *, #3907, .F. ) ;
#457 = CIRCLE ( 'NONE', #3432, 6.824999999999997513 ) ;
#458 = ORIENTED_EDGE ( 'NONE', *, *, #5433, .T. ) ;
#459 = DIRECTION ( 'NONE',  ( -0.4999999999999998890, 0.8660254037844385966, -0.000000000000000000 ) ) ;
#460 = EDGE_CURVE ( 'NONE', #657, #54, #3759, .T. ) ;
#461 = DIRECTION ( 'NONE',  ( -2.775557561562891043E-17, 0.1351132047333101216, 0.9908301680442994641 ) ) ;
#462 = DIRECTION ( 'NONE',  ( 0.000000000000000000, 0.000000000000000000, 1.000000000000000000 ) ) ;
#463 = DIRECTION ( 'NONE',  ( -0.9510206761615280779, 0.3091272772067678587, 0.000000000000000000 ) ) ;
#464 = EDGE_CURVE ( 'NONE', #920, #530, #3473, .T. ) ;
#465 = CARTESIAN_POINT ( 'NONE',  ( -19.84041802259992693, -5.756286984505489812, 21.51303988679037005 ) ) ;
#466 = ORIENTED_EDGE ( 'NONE', *, *, #4314, .T. ) ;
#467 = DIRECTION ( 'NONE',  ( 1.000000000000000000, 0.000000000000000000, 0.000000000000000000 ) ) ;
#468 = ADVANCED_FACE ( 'NONE', ( #3922, #1071 ), #700, .F. ) ;
#469 = ORIENTED_EDGE ( 'NONE', *, *, #2716, .F. ) ;
#470 = CARTESIAN_POINT ( 'NONE',  ( -1.000000000000002220, -1.156482317317873697E-16, 18.00000000000000000 ) ) ;
#471 = AXIS2_PLACEMENT_3D ( 'NONE', #5239, #2612, #1668 ) ;
#472 = DIRECTION ( 'NONE',  ( -1.506754595348573503E-17, 0.1351132047333101494, 0.9908301680442993531 ) ) ;
#473 = ORIENTED_EDGE ( 'NONE', *, *, #4754, .F. ) ;
#474 = CARTESIAN_POINT ( 'NONE',  ( -63.53058511118329932, -7.525733215346147809, 16.70805452936533797 ) ) ;
#475 = PRESENTATION_STYLE_ASSIGNMENT (( #2732 ) ) ;
#476 = ORIENTED_EDGE ( 'NONE', *, *, #1970, .T. ) ;
#477 = CARTESIAN_POINT ( 'NONE',  ( 0.000000000000000000, -33.73601557123543415, 13.40000000000001812 ) ) ;
#478 = ORIENTED_EDGE ( 'NONE', *, *, #5711, .T. ) ;
#479 = CARTESIAN_POINT ( 'NONE',  ( -31.40571360458310224, -35.32460449163507832, 17.33769775418246439 ) ) ;
#480 = CIRCLE ( 'NONE', #5836, 1.625000000000001332 ) ;
#481 = VERTEX_POINT ( 'NONE', #2965 ) ;
#482 = PLANE ( 'NONE',  #1994 ) ;
#483 = AXIS2_PLACEMENT_3D ( 'NONE', #4592, #45, #3676 ) ;
#484 = FACE_OUTER_BOUND ( 'NONE', #1441, .T. ) ;
#485 = AXIS2_PLACEMENT_3D ( 'NONE', #3446, #5262, #3475 ) ;
#486 = CARTESIAN_POINT ( 'NONE',  ( -40.09428639541690842, -35.32460449163507832, 7.999999999999998224 ) ) ;
#487 = ORIENTED_EDGE ( 'NONE', *, *, #5269, .T. ) ;
#488 = EDGE_LOOP ( 'NONE', ( #952, #642, #608, #987 ) ) ;
#489 = AXIS2_PLACEMENT_3D ( 'NONE', #2788, #5535, #1488 ) ;
#490 = PLANE ( 'NONE',  #4887 ) ;
#491 = CARTESIAN_POINT ( 'NONE',  ( -69.47677501133102851, -6.091895721624311477, 16.03134381566349020 ) ) ;
#492 = CARTESIAN_POINT ( 'NONE',  ( -56.54752759091716285, -29.56101557123542278, 23.00000000000000000 ) ) ;
#493 = DIRECTION ( 'NONE',  ( 1.000000000000000000, 0.000000000000000000, 0.000000000000000000 ) ) ;
#494 = LINE ( 'NONE', #4156, #713 ) ;
#495 = VERTEX_POINT ( 'NONE', #2542 ) ;
#496 = DIRECTION ( 'NONE',  ( -1.506754595348573811E-17, 0.1351132047333101771, 0.9908301680442994641 ) ) ;
#497 = AXIS2_PLACEMENT_3D ( 'NONE', #2846, #1814, #1002 ) ;
#498 = ORIENTED_EDGE ( 'NONE', *, *, #59, .F. ) ;
#499 = EDGE_CURVE ( 'NONE', #2852, #3817, #4399, .T. ) ;
#500 = CARTESIAN_POINT ( 'NONE',  ( -6.288785227606261685, -17.00000000000056843, 18.00000000000000000 ) ) ;
#501 = CARTESIAN_POINT ( 'NONE',  ( -48.54752759091716285, -29.56101557123542278, 10.59999999999998899 ) ) ;
#502 = VERTEX_POINT ( 'NONE', #1999 ) ;
#503 = DIRECTION ( 'NONE',  ( 0.000000000000000000, 0.000000000000000000, 1.000000000000000000 ) ) ;
#504 = ORIENTED_EDGE ( 'NONE', *, *, #3595, .T. ) ;
#505 = ADVANCED_FACE ( 'NONE', ( #733 ), #5743, .F. ) ;
#506 = EDGE_CURVE ( 'NONE', #2132, #3836, #3862, .T. ) ;
#507 = CYLINDRICAL_SURFACE ( 'NONE', #1044, 1.624999999999999778 ) ;
#508 = ORIENTED_EDGE ( 'NONE', *, *, #4897, .T. ) ;
#509 = CARTESIAN_POINT ( 'NONE',  ( -41.82500000000000284, -25.60311589323426062, 18.00000000000000000 ) ) ;
#510 = ORIENTED_EDGE ( 'NONE', *, *, #1970, .F. ) ;
#511 = LINE ( 'NONE', #5514, #3897 ) ;
#512 = EDGE_CURVE ( 'NONE', #3394, #345, #4723, .T. ) ;
#513 = ORIENTED_EDGE ( 'NONE', *, *, #5443, .F. ) ;
#514 = LINE ( 'NONE', #3373, #5726 ) ;
#515 = FACE_OUTER_BOUND ( 'NONE', #1858, .T. ) ;
#516 = CYLINDRICAL_SURFACE ( 'NONE', #4598, 8.000000000000000000 ) ;
#517 = DIRECTION ( 'NONE',  ( -0.5000000000000001110, 0.8660254037844385966, 0.000000000000000000 ) ) ;
#518 = ORIENTED_EDGE ( 'NONE', *, *, #3332, .T. ) ;
#519 = VECTOR ( 'NONE', #4226, 1000.000000000000114 ) ;
#520 = ORIENTED_EDGE ( 'NONE', *, *, #1005, .T. ) ;
#521 = VECTOR ( 'NONE', #2504, 1000.000000000000000 ) ;
#522 = CARTESIAN_POINT ( 'NONE',  ( -44.84428639541690842, -35.32460449163507832, 7.999999999999998224 ) ) ;
#523 = CIRCLE ( 'NONE', #3878, 3.200000000000003286 ) ;
#524 = DIRECTION ( 'NONE',  ( -1.000000000000000000, 0.000000000000000000, 0.000000000000000000 ) ) ;
#525 = FACE_OUTER_BOUND ( 'NONE', #1954, .T. ) ;
#526 = CARTESIAN_POINT ( 'NONE',  ( -60.03903254246480259, -34.66355160027672611, 11.99999999999999822 ) ) ;
#527 = ORIENTED_EDGE ( 'NONE', *, *, #568, .T. ) ;
#528 = PRESENTATION_LAYER_ASSIGNMENT (  '', '', ( #3689 ) ) ;
#529 = AXIS2_PLACEMENT_3D ( 'NONE', #1105, #2947, #3868 ) ;
#530 = VERTEX_POINT ( 'NONE', #2995 ) ;
#531 = EDGE_CURVE ( 'NONE', #1700, #5074, #683, .T. ) ;
#532 = LINE ( 'NONE', #5624, #5733 ) ;
#533 = CARTESIAN_POINT ( 'NONE',  ( -59.32442141892224896, -2.197597792550255225, 18.00000000000000000 ) ) ;
#534 = CARTESIAN_POINT ( 'NONE',  ( -20.89119994187077722, -26.61732185535009521, 5.000000000000000000 ) ) ;
#535 = DIRECTION ( 'NONE',  ( 1.000000000000000000, 0.000000000000000000, -0.000000000000000000 ) ) ;
#536 = VERTEX_POINT ( 'NONE', #646 ) ;
#537 = CONICAL_SURFACE ( 'NONE', #5208, 7.999999999999992895, 0.7853981633974415066 ) ;
#538 = VECTOR ( 'NONE', #2899, 1000.000000000000114 ) ;
#539 = DIRECTION ( 'NONE',  ( 0.8660254037844391517, -0.4954150840221489549, 0.06755660236665497753 ) ) ;
#540 = EDGE_LOOP ( 'NONE', ( #759, #2962, #5713, #4554 ) ) ;
#541 = DIRECTION ( 'NONE',  ( -1.000000000000000000, -3.750144770645340280E-18, -2.750106165139985384E-17 ) ) ;
#542 = ORIENTED_EDGE ( 'NONE', *, *, #760, .F. ) ;
#543 = EDGE_CURVE ( 'NONE', #1962, #5629, #617, .T. ) ;
#544 = CARTESIAN_POINT ( 'NONE',  ( -48.54752759091716285, -29.56101557123542278, 18.00000000000000000 ) ) ;
#545 = EDGE_CURVE ( 'NONE', #236, #2427, #4366, .T. ) ;
#546 = VECTOR ( 'NONE', #4732, 1000.000000000000000 ) ;
#547 = EDGE_CURVE ( 'NONE', #3638, #651, #1181, .T. ) ;
#548 = ORIENTED_EDGE ( 'NONE', *, *, #3038, .F. ) ;
#549 = CARTESIAN_POINT ( 'NONE',  ( 0.000000000000000000, 0.000000000000000000, 0.000000000000000000 ) ) ;
#550 = CARTESIAN_POINT ( 'NONE',  ( -52.57001935126676528, -2.916657798360316356, 11.43697264380355527 ) ) ;
#551 = AXIS2_PLACEMENT_3D ( 'NONE', #3713, #5528, #2814 ) ;
#552 = CARTESIAN_POINT ( 'NONE',  ( -25.15571360458309158, -34.86497038495777900, 17.56751480752111050 ) ) ;
#553 = ORIENTED_EDGE ( 'NONE', *, *, #1642, .F. ) ;
#554 = ORIENTED_EDGE ( 'NONE', *, *, #4044, .T. ) ;
#555 = DIRECTION ( 'NONE',  ( 1.000000000000000000, 0.000000000000000000, 0.000000000000000000 ) ) ;
#556 = CARTESIAN_POINT ( 'NONE',  ( -53.37830972813225117, -1.718654049724918975, 9.860651921914870499 ) ) ;
#557 = CARTESIAN_POINT ( 'NONE',  ( -69.00000000000000000, -9.524701220256126533, 16.98064107548941948 ) ) ;
#558 = VECTOR ( 'NONE', #2137, 1000.000000000000114 ) ;
#559 = CARTESIAN_POINT ( 'NONE',  ( -23.13929688367316828, 4.999999999999986677, 13.83138929941186035 ) ) ;
#560 = VERTEX_POINT ( 'NONE', #2575 ) ;
#561 = VECTOR ( 'NONE', #3875, 1000.000000000000000 ) ;
#562 = VERTEX_POINT ( 'NONE', #3357 ) ;
#563 = FACE_OUTER_BOUND ( 'NONE', #4411, .T. ) ;
#564 = CARTESIAN_POINT ( 'NONE',  ( -1.157138633317277848E-16, -5.124751661049479878, -4.755715682584052750 ) ) ;
#565 = LINE ( 'NONE', #2397, #3496 ) ;
#566 = CARTESIAN_POINT ( 'NONE',  ( -24.22408343512562112, -40.00000000000002132, 14.99999999999999645 ) ) ;
#567 = ORIENTED_EDGE ( 'NONE', *, *, #2215, .T. ) ;
#568 = EDGE_CURVE ( 'NONE', #4576, #5326, #293, .T. ) ;
#569 = VECTOR ( 'NONE', #3480, 1000.000000000000000 ) ;
#570 = DIRECTION ( 'NONE',  ( -0.000000000000000000, -0.000000000000000000, 1.000000000000000000 ) ) ;
#571 = ORIENTED_EDGE ( 'NONE', *, *, #3842, .T. ) ;
#572 = CARTESIAN_POINT ( 'NONE',  ( -44.74449255351445487, -34.41630046047056624, 17.79184976976472754 ) ) ;
#573 = ORIENTED_EDGE ( 'NONE', *, *, #2747, .F. ) ;
#574 = CARTESIAN_POINT ( 'NONE',  ( -56.54752759091716285, -29.56101557123542278, 20.00000000000000711 ) ) ;
#575 = EDGE_LOOP ( 'NONE', ( #2724, #4883 ) ) ;
#576 = EDGE_CURVE ( 'NONE', #864, #5207, #4797, .T. ) ;
#577 = CARTESIAN_POINT ( 'NONE',  ( -28.28071360458309869, -35.32460449163507832, 7.999999999999998224 ) ) ;
#578 = EDGE_CURVE ( 'NONE', #581, #386, #2063, .T. ) ;
#579 = LINE ( 'NONE', #2980, #2143 ) ;
#580 = CARTESIAN_POINT ( 'NONE',  ( -41.71928639541690842, -35.32460449163507832, 0.000000000000000000 ) ) ;
#581 = VERTEX_POINT ( 'NONE', #3833 ) ;
#582 = EDGE_CURVE ( 'NONE', #2881, #562, #5652, .T. ) ;
#583 = ORIENTED_EDGE ( 'NONE', *, *, #3447, .F. ) ;
#584 = CARTESIAN_POINT ( 'NONE',  ( -0.2694148888167334221, -16.32663210187637759, 17.17083065053925495 ) ) ;
#585 = CARTESIAN_POINT ( 'NONE',  ( -0.4633116005725089193, -17.03642384506468943, 17.46331160057249932 ) ) ;
#586 = EDGE_CURVE ( 'NONE', #1968, #5611, #3324, .T. ) ;
#587 =( BOUNDED_CURVE ( )  B_SPLINE_CURVE ( 3, ( #3871, #1138, #659, #2106 ),
 .UNSPECIFIED., .F., .T. ) 
 B_SPLINE_CURVE_WITH_KNOTS ( ( 4, 4 ),
 ( 3.141592653589793116, 6.283185307179586232 ),
 .UNSPECIFIED. ) 
 CURVE ( )  GEOMETRIC_REPRESENTATION_ITEM ( )  RATIONAL_B_SPLINE_CURVE ( ( 1.000000000000000000, 0.3333333333333333703, 0.3333333333333333703, 1.000000000000000000 ) ) 
 REPRESENTATION_ITEM ( '' )  );
#588 = EDGE_LOOP ( 'NONE', ( #69, #4508 ) ) ;
#589 = AXIS2_PLACEMENT_3D ( 'NONE', #2938, #4750, #3832 ) ;
#590 = EDGE_LOOP ( 'NONE', ( #4437, #2404, #1435, #4749 ) ) ;
#591 = DIRECTION ( 'NONE',  ( 1.000000000000000000, 0.000000000000000000, 0.000000000000000000 ) ) ;
#592 = LINE ( 'NONE', #1154, #814 ) ;
#593 = LINE ( 'NONE', #2941, #2157 ) ;
#594 = DIRECTION ( 'NONE',  ( -0.7559242402041862485, -0.08580951208934184393, -0.6490109942880111227 ) ) ;
#595 = VERTEX_POINT ( 'NONE', #1126 ) ;
#596 = PLANE ( 'NONE',  #738 ) ;
#597 = VERTEX_POINT ( 'NONE', #316 ) ;
#598 = CARTESIAN_POINT ( 'NONE',  ( -3.369414888816734344, -7.525733215346136262, 23.00000000000000000 ) ) ;
#599 = EDGE_LOOP ( 'NONE', ( #747, #3944, #1940, #288, #1621, #4329, #1856 ) ) ;
#600 = DIRECTION ( 'NONE',  ( -1.000000000000000000, 0.000000000000000000, 0.000000000000000000 ) ) ;
#601 = ORIENTED_EDGE ( 'NONE', *, *, #543, .T. ) ;
#602 = DIRECTION ( 'NONE',  ( -0.000000000000000000, -0.000000000000000000, 1.000000000000000000 ) ) ;
#603 = CARTESIAN_POINT ( 'NONE',  ( -19.84041802259992693, -0.6158457650042806764, 0.000000000000000000 ) ) ;
#604 = CARTESIAN_POINT ( 'NONE',  ( -52.57001935126675818, -10.97390857395692265, 14.15049617219754552 ) ) ;
#605 = ORIENTED_EDGE ( 'NONE', *, *, #4604, .F. ) ;
#606 = AXIS2_PLACEMENT_3D ( 'NONE', #1444, #3282, #1867 ) ;
#607 = EDGE_CURVE ( 'NONE', #3927, #3618, #3501, .T. ) ;
#608 = ORIENTED_EDGE ( 'NONE', *, *, #5053, .F. ) ;
#609 = CARTESIAN_POINT ( 'NONE',  ( 0.000000000000000000, 0.000000000000000000, 18.00000000000000000 ) ) ;
#610 = CARTESIAN_POINT ( 'NONE',  ( -2.138801344826390505, 1.234837532178649333, 11.99999999999999822 ) ) ;
#611 = EDGE_CURVE ( 'NONE', #2803, #2824, #5280, .T. ) ;
#612 = CARTESIAN_POINT ( 'NONE',  ( -32.15420489202224985, -7.627273089688089591, 18.00000000000000000 ) ) ;
#613 = VERTEX_POINT ( 'NONE', #5882 ) ;
#614 = ADVANCED_FACE ( 'NONE', ( #4869 ), #1984, .F. ) ;
#615 = ORIENTED_EDGE ( 'NONE', *, *, #1599, .F. ) ;
#616 = DIRECTION ( 'NONE',  ( -0.7071067811865439090, 0.7071067811865512365, -0.000000000000000000 ) ) ;
#617 = LINE ( 'NONE', #3417, #1449 ) ;
#618 = CARTESIAN_POINT ( 'NONE',  ( 3.865955175034026225E-15, -39.00000000000000711, 18.00000000000000000 ) ) ;
#619 = CYLINDRICAL_SURFACE ( 'NONE', #901, 3.100000000000005418 ) ;
#620 = CARTESIAN_POINT ( 'NONE',  ( -20.40520884422235426, -6.550011096955725698, 15.67764667589684535 ) ) ;
#621 = ORIENTED_EDGE ( 'NONE', *, *, #3374, .F. ) ;
#622 = VECTOR ( 'NONE', #4661, 1000.000000000000000 ) ;
#623 = CIRCLE ( 'NONE', #4928, 8.999999999999980460 ) ;
#624 = LINE ( 'NONE', #4229, #271 ) ;
#625 = FACE_OUTER_BOUND ( 'NONE', #339, .T. ) ;
#626 = CIRCLE ( 'NONE', #3981, 6.600000000000008527 ) ;
#627 = ORIENTED_EDGE ( 'NONE', *, *, #396, .F. ) ;
#628 = DIRECTION ( 'NONE',  ( 1.000000000000000000, 0.000000000000000000, 0.000000000000000000 ) ) ;
#629 = DIRECTION ( 'NONE',  ( 0.000000000000000000, 0.000000000000000000, -1.000000000000000000 ) ) ;
#630 = VECTOR ( 'NONE', #2116, 1000.000000000000000 ) ;
#631 = ORIENTED_EDGE ( 'NONE', *, *, #2632, .F. ) ;
#632 = CARTESIAN_POINT ( 'NONE',  ( -70.00000000000000000, 4.999999999999982236, 18.00000000000000000 ) ) ;
#633 = CARTESIAN_POINT ( 'NONE',  ( -50.15958197740008018, -5.756286984505488924, 21.51303988679037005 ) ) ;
#634 = VECTOR ( 'NONE', #5, 999.9999999999998863 ) ;
#635 = CARTESIAN_POINT ( 'NONE',  ( -26.52695622588538882, -15.31534531779635344, 13.40000000000001812 ) ) ;
#636 = ADVANCED_FACE ( 'NONE', ( #2178 ), #4083, .F. ) ;
#637 = ORIENTED_EDGE ( 'NONE', *, *, #2825, .T. ) ;
#638 = LINE ( 'NONE', #2929, #3948 ) ;
#639 = CARTESIAN_POINT ( 'NONE',  ( -14.28000270925950943, 4.999999999999987566, 14.07776251279592294 ) ) ;
#640 = CARTESIAN_POINT ( 'NONE',  ( -30.63977050878858677, -13.74222030946754280, 18.00000000000000000 ) ) ;
#641 = ORIENTED_EDGE ( 'NONE', *, *, #1055, .T. ) ;
#642 = ORIENTED_EDGE ( 'NONE', *, *, #5742, .F. ) ;
#643 = VECTOR ( 'NONE', #4707, 1000.000000000000000 ) ;
#644 = DIRECTION ( 'NONE',  ( -0.7559289460184517306, 0.08845235543977558734, 0.6486506065584062286 ) ) ;
#645 = EDGE_CURVE ( 'NONE', #2755, #4267, #4848, .T. ) ;
#646 = CARTESIAN_POINT ( 'NONE',  ( -27.67500000000000426, -25.60311589323426062, 4.867473198773694776 ) ) ;
#647 = DIRECTION ( 'NONE',  ( -1.506754595348573195E-17, 0.1351132047333101494, 0.9908301680442993531 ) ) ;
#648 = DIRECTION ( 'NONE',  ( 1.506754595348573195E-17, -0.1351132047333101216, -0.9908301680442994641 ) ) ;
#649 = EDGE_CURVE ( 'NONE', #2228, #100, #3083, .T. ) ;
#650 = CARTESIAN_POINT ( 'NONE',  ( 0.000000000000000000, 0.000000000000000000, 23.00000000000000000 ) ) ;
#651 = VERTEX_POINT ( 'NONE', #2689 ) ;
#652 = AXIS2_PLACEMENT_3D ( 'NONE', #3068, #3637, #1317 ) ;
#653 = EDGE_CURVE ( 'NONE', #422, #1457, #2267, .T. ) ;
#654 = CARTESIAN_POINT ( 'NONE',  ( 3.370319896183510194E-15, -34.00000000000000000, 18.00000000000000000 ) ) ;
#655 = EDGE_CURVE ( 'NONE', #1881, #2920, #1784, .T. ) ;
#656 = CARTESIAN_POINT ( 'NONE',  ( -36.49999999999985789, 36.50000000000000000, -0.000000000000000000 ) ) ;
#657 = VERTEX_POINT ( 'NONE', #5408 ) ;
#658 = FACE_BOUND ( 'NONE', #1887, .T. ) ;
#659 = CARTESIAN_POINT ( 'NONE',  ( -66.15958197740005176, -0.6158457650043015486, 0.000000000000000000 ) ) ;
#660 = ORIENTED_EDGE ( 'NONE', *, *, #797, .T. ) ;
#661 = CARTESIAN_POINT ( 'NONE',  ( -38.71945276562941984, 23.43841001102396149, 6.430143186358290741 ) ) ;
#662 = DIRECTION ( 'NONE',  ( 0.000000000000000000, -0.000000000000000000, -1.000000000000000000 ) ) ;
#663 = DIRECTION ( 'NONE',  ( -0.8660254037844390407, 0.4999999999999994449, 0.000000000000000000 ) ) ;
#664 = ORIENTED_EDGE ( 'NONE', *, *, #3844, .F. ) ;
#665 = FACE_OUTER_BOUND ( 'NONE', #5415, .T. ) ;
#666 = LINE ( 'NONE', #5620, #521 ) ;
#667 = DIRECTION ( 'NONE',  ( 0.3756521687567296874, -0.5615156348094566541, 0.7372826052287537735 ) ) ;
#668 = ORIENTED_EDGE ( 'NONE', *, *, #2739, .T. ) ;
#669 = ADVANCED_FACE ( 'NONE', ( #4512 ), #405, .F. ) ;
#670 = ORIENTED_EDGE ( 'NONE', *, *, #5843, .F. ) ;
#671 = SURFACE_SIDE_STYLE ('',( #5593 ) ) ;
#672 = LINE ( 'NONE', #5287, #5275 ) ;
#673 = DIRECTION ( 'NONE',  ( 8.659560562354894648E-17, -0.7961621941230972999, -0.6050832675335647837 ) ) ;
#674 = LINE ( 'NONE', #3863, #1677 ) ;
#675 = CONICAL_SURFACE ( 'NONE', #3652, 8.999999999999980460, 0.7853981633974517207 ) ;
#676 = DIRECTION ( 'NONE',  ( -2.775557561562891043E-17, 0.1351132047333101216, 0.9908301680442994641 ) ) ;
#677 = CYLINDRICAL_SURFACE ( 'NONE', #5688, 3.100000000000005418 ) ;
#678 = ORIENTED_EDGE ( 'NONE', *, *, #2047, .T. ) ;
#679 = ADVANCED_FACE ( 'NONE', ( #4484 ), #4005, .F. ) ;
#680 = DIRECTION ( 'NONE',  ( 0.000000000000000000, 0.000000000000000000, -1.000000000000000000 ) ) ;
#681 = DIRECTION ( 'NONE',  ( -0.000000000000000000, 0.000000000000000000, 1.000000000000000000 ) ) ;
#682 = ORIENTED_EDGE ( 'NONE', *, *, #5081, .T. ) ;
#683 = CIRCLE ( 'NONE', #2216, 8.000000000000000000 ) ;
#684 = FACE_OUTER_BOUND ( 'NONE', #5889, .T. ) ;
#685 = DIRECTION ( 'NONE',  ( 0.000000000000000000, -0.1351132047333095387, -0.9908301680442994641 ) ) ;
#686 = EDGE_CURVE ( 'NONE', #4967, #2061, #3810, .T. ) ;
#687 = ADVANCED_FACE ( 'NONE', ( #791, #1268 ), #4990, .T. ) ;
#688 = EDGE_CURVE ( 'NONE', #1825, #5356, #1027, .T. ) ;
#689 = ORIENTED_EDGE ( 'NONE', *, *, #744, .F. ) ;
#690 = CARTESIAN_POINT ( 'NONE',  ( -48.54752759091716285, -30.75420505824545714, 1.892233909620679722 ) ) ;
#691 = CARTESIAN_POINT ( 'NONE',  ( -13.45247240908284425, -29.56101557123542278, 0.000000000000000000 ) ) ;
#692 = CARTESIAN_POINT ( 'NONE',  ( -21.45247240908284425, -30.75420505824544648, 1.892233909620674170 ) ) ;
#693 = ORIENTED_EDGE ( 'NONE', *, *, #34, .F. ) ;
#694 = DIRECTION ( 'NONE',  ( 1.506754595348573195E-17, -0.1351132047333101216, -0.9908301680442994641 ) ) ;
#695 = CARTESIAN_POINT ( 'NONE',  ( -19.84041802259992693, 4.999999999999986677, 15.54030560076860112 ) ) ;
#696 = CARTESIAN_POINT ( 'NONE',  ( -13.45247240908284425, -29.56101557123542278, 18.00000000000000000 ) ) ;
#697 = ORIENTED_EDGE ( 'NONE', *, *, #2664, .T. ) ;
#698 = ORIENTED_EDGE ( 'NONE', *, *, #72, .T. ) ;
#699 = CARTESIAN_POINT ( 'NONE',  ( -61.48495441054897981, -21.00914146097987967, 26.12687411025557438 ) ) ;
#700 = PLANE ( 'NONE',  #123 ) ;
#701 = DIRECTION ( 'NONE',  ( -0.9510206761615280779, 0.3091272772067678587, 0.000000000000000000 ) ) ;
#702 = DIRECTION ( 'NONE',  ( 0.6123724356957946924, -0.3535533905932736198, 0.7071067811865475727 ) ) ;
#703 = LINE ( 'NONE', #3953, #5304 ) ;
#704 = ORIENTED_EDGE ( 'NONE', *, *, #3701, .T. ) ;
#705 = AXIS2_PLACEMENT_3D ( 'NONE', #2700, #503, #1402 ) ;
#706 = ADVANCED_FACE ( 'NONE', ( #5768 ), #730, .F. ) ;
#707 = VERTEX_POINT ( 'NONE', #4426 ) ;
#708 = LINE ( 'NONE', #239, #754 ) ;
#709 = DIRECTION ( 'NONE',  ( -0.6123724356957896964, -0.3535533905932706222, 0.7071067811865532349 ) ) ;
#710 = ORIENTED_EDGE ( 'NONE', *, *, #1375, .T. ) ;
#711 = AXIS2_PLACEMENT_3D ( 'NONE', #1785, #2123, #4963 ) ;
#712 = LINE ( 'NONE', #1445, #5367 ) ;
#713 = VECTOR ( 'NONE', #2692, 1000.000000000000000 ) ;
#714 =( BOUNDED_CURVE ( )  B_SPLINE_CURVE ( 3, ( #2666, #767, #4487, #2635 ),
 .UNSPECIFIED., .F., .T. ) 
 B_SPLINE_CURVE_WITH_KNOTS ( ( 4, 4 ),
 ( 6.148885402391233157, 6.849684138413890899 ),
 .UNSPECIFIED. ) 
 CURVE ( )  GEOMETRIC_REPRESENTATION_ITEM ( )  RATIONAL_B_SPLINE_CURVE ( ( 1.000000000000000000, 0.9594904636820213994, 0.9594904636820213994, 1.000000000000000000 ) ) 
 REPRESENTATION_ITEM ( '' )  );
#715 = VECTOR ( 'NONE', #4864, 1000.000000000000114 ) ;
#716 = VECTOR ( 'NONE', #4013, 1000.000000000000227 ) ;
#717 = ADVANCED_FACE ( 'NONE', ( #1692 ), #5351, .F. ) ;
#718 = EDGE_LOOP ( 'NONE', ( #3440, #107, #3271, #1947 ) ) ;
#719 = CARTESIAN_POINT ( 'NONE',  ( -3.369414888816734344, -7.525733215346136262, 7.999999999999998224 ) ) ;
#720 = EDGE_CURVE ( 'NONE', #141, #3618, #3110, .T. ) ;
#721 = LINE ( 'NONE', #5758, #1034 ) ;
#722 = CARTESIAN_POINT ( 'NONE',  ( -47.54752759091715575, -29.56101557123542278, 23.00000000000000000 ) ) ;
#723 = EDGE_CURVE ( 'NONE', #2764, #5680, #1907, .T. ) ;
#724 = ORIENTED_EDGE ( 'NONE', *, *, #3038, .T. ) ;
#725 = CIRCLE ( 'NONE', #5324, 10.00000000000000533 ) ;
#726 = DIRECTION ( 'NONE',  ( 0.000000000000000000, 0.000000000000000000, -1.000000000000000000 ) ) ;
#727 = CARTESIAN_POINT ( 'NONE',  ( 0.000000000000000000, 0.000000000000000000, 5.000000000000000000 ) ) ;
#728 = DIRECTION ( 'NONE',  ( 0.000000000000000000, -0.9908301680442994641, 0.1351132047333102049 ) ) ;
#729 = ORIENTED_EDGE ( 'NONE', *, *, #4462, .T. ) ;
#730 = CONICAL_SURFACE ( 'NONE', #2561, 7.999999999999992895, 0.7853981633974415066 ) ;
#731 = ORIENTED_EDGE ( 'NONE', *, *, #2932, .F. ) ;
#732 = CARTESIAN_POINT ( 'NONE',  ( 4.336808689942017736E-15, 4.999999999999989342, 0.000000000000000000 ) ) ;
#733 = FACE_OUTER_BOUND ( 'NONE', #2051, .T. ) ;
#734 = CARTESIAN_POINT ( 'NONE',  ( -3.408613729033100488E-16, -1.718654049724918309, 9.860651921914870499 ) ) ;
#735 = DIRECTION ( 'NONE',  ( -0.9999937747928691056, 0.003496153129678519766, -0.0004767481540470867017 ) ) ;
#736 = EDGE_LOOP ( 'NONE', ( #3667, #416, #1132, #5803 ) ) ;
#737 = VECTOR ( 'NONE', #4542, 1000.000000000000000 ) ;
#738 = AXIS2_PLACEMENT_3D ( 'NONE', #2916, #1496, #5205 ) ;
#739 = ORIENTED_EDGE ( 'NONE', *, *, #3332, .F. ) ;
#740 = LINE ( 'NONE', #2489, #569 ) ;
#741 = CARTESIAN_POINT ( 'NONE',  ( -56.54752759091716285, -29.56101557123542278, 23.00000000000000000 ) ) ;
#742 = ORIENTED_EDGE ( 'NONE', *, *, #1026, .F. ) ;
#743 = DIRECTION ( 'NONE',  ( -0.4999999999999993894, -0.8660254037844389297, 0.000000000000000000 ) ) ;
#744 = EDGE_CURVE ( 'NONE', #1150, #4291, #4798, .T. ) ;
#745 = VECTOR ( 'NONE', #1649, 1000.000000000000227 ) ;
#746 = DIRECTION ( 'NONE',  ( 1.000000000000000000, 0.000000000000000000, 0.000000000000000000 ) ) ;
#747 = ORIENTED_EDGE ( 'NONE', *, *, #3584, .F. ) ;
#748 = CYLINDRICAL_SURFACE ( 'NONE', #4763, 8.000000000000001776 ) ;
#749 = LINE ( 'NONE', #3936, #4665 ) ;
#750 = VECTOR ( 'NONE', #1623, 1000.000000000000000 ) ;
#751 = DIRECTION ( 'NONE',  ( 0.7071067811865463515, 8.659560562354918067E-17, -0.7071067811865487940 ) ) ;
#752 = EDGE_CURVE ( 'NONE', #5180, #2725, #2878, .T. ) ;
#753 = EDGE_CURVE ( 'NONE', #2686, #5710, #23, .T. ) ;
#754 = VECTOR ( 'NONE', #2102, 1000.000000000000114 ) ;
#755 = VERTEX_POINT ( 'NONE', #4593 ) ;
#756 = CARTESIAN_POINT ( 'NONE',  ( -18.93989204851997599, -23.43958758733120717, 1.374706511703372547 ) ) ;
#757 = CARTESIAN_POINT ( 'NONE',  ( -70.54201193970258998, 2.457988060297398025, 17.17614185165204788 ) ) ;
#758 = CARTESIAN_POINT ( 'NONE',  ( -7.446265286857506993, 5.772334071329431993, 10.25211011611859213 ) ) ;
#759 = ORIENTED_EDGE ( 'NONE', *, *, #5363, .F. ) ;
#760 = EDGE_CURVE ( 'NONE', #5066, #4551, #2100, .T. ) ;
#761 = EDGE_CURVE ( 'NONE', #4692, #5137, #2135, .T. ) ;
#762 = VERTEX_POINT ( 'NONE', #4153 ) ;
#763 = DIRECTION ( 'NONE',  ( -0.000000000000000000, -0.000000000000000000, -1.000000000000000000 ) ) ;
#764 = DIRECTION ( 'NONE',  ( 1.000000000000000000, 0.000000000000000000, 0.000000000000000000 ) ) ;
#765 = FACE_OUTER_BOUND ( 'NONE', #5252, .T. ) ;
#766 = CARTESIAN_POINT ( 'NONE',  ( -4.994414888816733011, -15.95727432898450004, 0.000000000000000000 ) ) ;
#767 = CARTESIAN_POINT ( 'NONE',  ( -0.2694148888167346434, -6.786350428080003105, 15.86988314956705715 ) ) ;
#768 = ORIENTED_EDGE ( 'NONE', *, *, #3320, .T. ) ;
#769 = VERTEX_POINT ( 'NONE', #1934 ) ;
#770 = VECTOR ( 'NONE', #2189, 1000.000000000000000 ) ;
#771 = CARTESIAN_POINT ( 'NONE',  ( -41.71928639541690842, -35.32460449163507832, 7.999999999999998224 ) ) ;
#772 = AXIS2_PLACEMENT_3D ( 'NONE', #2634, #2262, #824 ) ;
#773 = DIRECTION ( 'NONE',  ( -0.000000000000000000, 0.000000000000000000, 1.000000000000000000 ) ) ;
#774 = VERTEX_POINT ( 'NONE', #2388 ) ;
#775 = DIRECTION ( 'NONE',  ( 1.000000000000000000, 0.000000000000000000, 0.000000000000000000 ) ) ;
#776 = CARTESIAN_POINT ( 'NONE',  ( -19.84041802259992693, -5.891400189238803264, 20.52220971874604771 ) ) ;
#777 = ORIENTED_EDGE ( 'NONE', *, *, #367, .F. ) ;
#778 = DIRECTION ( 'NONE',  ( 1.506754595348573503E-17, -0.1351132047333101494, -0.9908301680442994641 ) ) ;
#779 = LINE ( 'NONE', #4857, #750 ) ;
#780 = FACE_OUTER_BOUND ( 'NONE', #4547, .T. ) ;
#781 = VECTOR ( 'NONE', #4688, 1000.000000000000000 ) ;
#782 = EDGE_LOOP ( 'NONE', ( #2552, #3740, #943, #3236 ) ) ;
#783 = CARTESIAN_POINT ( 'NONE',  ( -58.14554569776061044, -16.32788483778346844, 18.00000000000000000 ) ) ;
#784 = CARTESIAN_POINT ( 'NONE',  ( 6.896695391252421873E-15, -17.13511320473388366, 17.00916983195568122 ) ) ;
#785 = FACE_OUTER_BOUND ( 'NONE', #590, .T. ) ;
#786 = EDGE_CURVE ( 'NONE', #228, #1111, #5586, .T. ) ;
#787 = ORIENTED_EDGE ( 'NONE', *, *, #4610, .T. ) ;
#788 = ORIENTED_EDGE ( 'NONE', *, *, #3907, .T. ) ;
#789 = DIRECTION ( 'NONE',  ( -0.000000000000000000, -0.000000000000000000, 1.000000000000000000 ) ) ;
#790 = EDGE_CURVE ( 'NONE', #1781, #1082, #3742, .T. ) ;
#791 = FACE_BOUND ( 'NONE', #3300, .T. ) ;
#792 = DIRECTION ( 'NONE',  ( 0.000000000000000000, 0.1351132047333101494, 0.9908301680442994641 ) ) ;
#793 = DIRECTION ( 'NONE',  ( 0.000000000000000000, 0.9908301680442994641, -0.1351132047333100661 ) ) ;
#794 = EDGE_CURVE ( 'NONE', #1111, #188, #2316, .T. ) ;
#795 = CARTESIAN_POINT ( 'NONE',  ( -13.45247240908284425, -29.56101557123542278, 21.99999999999998224 ) ) ;
#796 = EDGE_LOOP ( 'NONE', ( #527, #3954, #3736, #390 ) ) ;
#797 = EDGE_CURVE ( 'NONE', #1958, #5474, #3288, .T. ) ;
#798 = ORIENTED_EDGE ( 'NONE', *, *, #402, .F. ) ;
#799 = DIRECTION ( 'NONE',  ( 0.7071067811865536790, 0.000000000000000000, -0.7071067811865414665 ) ) ;
#800 = DIRECTION ( 'NONE',  ( -2.775557561562891043E-17, 0.1351132047333101216, 0.9908301680442994641 ) ) ;
#801 = VERTEX_POINT ( 'NONE', #2260 ) ;
#802 = CARTESIAN_POINT ( 'NONE',  ( -21.45247240908284425, -29.56101557123542278, 18.00000000000000000 ) ) ;
#803 = CARTESIAN_POINT ( 'NONE',  ( -65.54752759091716996, -29.56101557123542278, 23.00000000000000000 ) ) ;
#804 = AXIS2_PLACEMENT_3D ( 'NONE', #2553, #4376, #28 ) ;
#805 = VECTOR ( 'NONE', #2389, 1000.000000000000000 ) ;
#806 = ORIENTED_EDGE ( 'NONE', *, *, #5197, .F. ) ;
#807 = CIRCLE ( 'NONE', #1965, 8.000000000000000000 ) ;
#808 = DIRECTION ( 'NONE',  ( 1.000000000000000000, 0.000000000000000000, 0.000000000000000000 ) ) ;
#809 = CARTESIAN_POINT ( 'NONE',  ( -10.22747240908284461, -29.56101557123542278, 0.000000000000000000 ) ) ;
#810 = AXIS2_PLACEMENT_3D ( 'NONE', #1760, #1276, #4971 ) ;
#811 = VERTEX_POINT ( 'NONE', #4624 ) ;
#812 = CARTESIAN_POINT ( 'NONE',  ( -1.999999999999990008, 4.999999999999989342, 18.00000000000000000 ) ) ;
#813 = CARTESIAN_POINT ( 'NONE',  ( 9.309682654408865266E-15, -38.00000000000002842, 18.00000000000000000 ) ) ;
#814 = VECTOR ( 'NONE', #647, 1000.000000000000114 ) ;
#815 = B_SPLINE_CURVE_WITH_KNOTS ( 'NONE', 3,
 ( #2254, #4149, #3167, #3673 ),
 .UNSPECIFIED., .F., .F.,
 ( 4, 4 ),
 ( 3.469446951953613804E-18, 0.001454025152432655539 ),
 .UNSPECIFIED. ) ;
#816 = DIRECTION ( 'NONE',  ( 0.000000000000000000, -0.9908301680442994641, 0.1351132047333101771 ) ) ;
#817 = EDGE_LOOP ( 'NONE', ( #1945, #2798, #5844, #4375 ) ) ;
#818 = ADVANCED_FACE ( 'NONE', ( #1843, #5105 ), #974, .F. ) ;
#819 = AXIS2_PLACEMENT_3D ( 'NONE', #2744, #4561, #2773 ) ;
#820 = ORIENTED_EDGE ( 'NONE', *, *, #4314, .F. ) ;
#821 = DIRECTION ( 'NONE',  ( 1.000000000000000000, 0.000000000000000000, -0.000000000000000000 ) ) ;
#822 = DIRECTION ( 'NONE',  ( -0.000000000000000000, -0.1351132047333106490, -0.9908301680442994641 ) ) ;
#823 = CARTESIAN_POINT ( 'NONE',  ( -69.00000000000000000, -9.524701220256126533, 16.98064107548941948 ) ) ;
#824 = DIRECTION ( 'NONE',  ( -1.000000000000000000, 0.000000000000000000, 0.000000000000000000 ) ) ;
#825 = CARTESIAN_POINT ( 'NONE',  ( -38.59428639541690131, -34.86497038495778611, 17.56751480752110695 ) ) ;
#826 = ORIENTED_EDGE ( 'NONE', *, *, #3264, .F. ) ;
#827 = VECTOR ( 'NONE', #4950, 1000.000000000000000 ) ;
#828 = ADVANCED_FACE ( 'NONE', ( #5911 ), #2812, .F. ) ;
#829 = ORIENTED_EDGE ( 'NONE', *, *, #2926, .F. ) ;
#830 = ADVANCED_FACE ( 'NONE', ( #2286 ), #3677, .F. ) ;
#831 = CARTESIAN_POINT ( 'NONE',  ( 18.29289321881345742, -18.29289321881352492, 18.00000000000000000 ) ) ;
#832 = DIRECTION ( 'NONE',  ( -0.000000000000000000, 0.000000000000000000, 1.000000000000000000 ) ) ;
#833 = EDGE_LOOP ( 'NONE', ( #3276, #2501, #5422, #1757 ) ) ;
#834 = LINE ( 'NONE', #4495, #42 ) ;
#835 = EDGE_CURVE ( 'NONE', #5807, #613, #1359, .T. ) ;
#836 = EDGE_CURVE ( 'NONE', #5668, #2717, #2709, .T. ) ;
#837 = CARTESIAN_POINT ( 'NONE',  ( 4.568105153405592278E-15, 2.999999999999987566, 14.15632163463096838 ) ) ;
#838 = ORIENTED_EDGE ( 'NONE', *, *, #1741, .T. ) ;
#839 = CARTESIAN_POINT ( 'NONE',  ( -38.71945276562941984, 23.43841001102396504, 6.430143186358290741 ) ) ;
#840 = VECTOR ( 'NONE', #1223, 1000.000000000000000 ) ;
#841 = CARTESIAN_POINT ( 'NONE',  ( -17.27720324545450836, -22.53453465762669694, 0.000000000000000000 ) ) ;
#842 = VECTOR ( 'NONE', #219, 1000.000000000000000 ) ;
#843 = ORIENTED_EDGE ( 'NONE', *, *, #4535, .T. ) ;
#844 = CARTESIAN_POINT ( 'NONE',  ( -41.71928639541690842, -35.32460449163507832, 23.00000000000000000 ) ) ;
#845 = CARTESIAN_POINT ( 'NONE',  ( -27.67633391390667796, -25.46333013070292850, 5.000000000000000000 ) ) ;
#846 = FACE_OUTER_BOUND ( 'NONE', #1172, .T. ) ;
#847 = ORIENTED_EDGE ( 'NONE', *, *, #1267, .F. ) ;
#848 = CIRCLE ( 'NONE', #282, 10.00000000000000000 ) ;
#849 = ORIENTED_EDGE ( 'NONE', *, *, #2019, .T. ) ;
#850 = CARTESIAN_POINT ( 'NONE',  ( -60.95893446358874002, -13.74222030946754458, 18.00000000000000000 ) ) ;
#851 = CARTESIAN_POINT ( 'NONE',  ( -66.63058511118330784, -15.95727432898451070, 18.00000000000000000 ) ) ;
#852 = LINE ( 'NONE', #2605, #4065 ) ;
#853 = LINE ( 'NONE', #881, #2369 ) ;
#854 = LINE ( 'NONE', #5412, #1003 ) ;
#855 = VERTEX_POINT ( 'NONE', #2751 ) ;
#856 = EDGE_CURVE ( 'NONE', #2132, #2119, #2617, .T. ) ;
#857 = ORIENTED_EDGE ( 'NONE', *, *, #3545, .T. ) ;
#858 = CARTESIAN_POINT ( 'NONE',  ( -17.40074224968003591, -5.108484533757390089, -4.757933927214789804 ) ) ;
#859 = DIRECTION ( 'NONE',  ( -0.000000000000000000, 0.000000000000000000, 1.000000000000000000 ) ) ;
#860 = EDGE_LOOP ( 'NONE', ( #5907, #1971, #2845, #3594 ) ) ;
#861 = CARTESIAN_POINT ( 'NONE',  ( -0.2694148888167323674, -15.95727432898450004, 17.12046368150855002 ) ) ;
#862 = EDGE_CURVE ( 'NONE', #1000, #2592, #3780, .T. ) ;
#863 = CARTESIAN_POINT ( 'NONE',  ( -70.73570242534367480, -17.11779825367175434, 16.26429757465630388 ) ) ;
#864 = VERTEX_POINT ( 'NONE', #258 ) ;
#865 = CARTESIAN_POINT ( 'NONE',  ( -69.73058511118331637, -15.95727432898451070, 7.999999999999998224 ) ) ;
#866 = ORIENTED_EDGE ( 'NONE', *, *, #761, .F. ) ;
#867 = ADVANCED_FACE ( 'NONE', ( #5253 ), #2052, .F. ) ;
#868 = VECTOR ( 'NONE', #5072, 1000.000000000000000 ) ;
#869 = CARTESIAN_POINT ( 'NONE',  ( -25.99469440920926999, 15.00804381465899695, 15.00000000000000000 ) ) ;
#870 = ADVANCED_FACE ( 'NONE', ( #4359 ), #5193, .F. ) ;
#871 = VECTOR ( 'NONE', #5682, 1000.000000000000114 ) ;
#872 = ORIENTED_EDGE ( 'NONE', *, *, #396, .T. ) ;
#873 = CARTESIAN_POINT ( 'NONE',  ( -69.23119216616002802, -17.68220585140360157, 17.76880783383997553 ) ) ;
#874 = DIRECTION ( 'NONE',  ( 0.4969411089961881522, -0.8598268311759712512, 0.1172491133421749293 ) ) ;
#875 = CARTESIAN_POINT ( 'NONE',  ( -28.28071360458309869, -35.32460449163507832, 7.999999999999998224 ) ) ;
#876 = VERTEX_POINT ( 'NONE', #3883 ) ;
#877 = VERTEX_POINT ( 'NONE', #5163 ) ;
#878 = DIRECTION ( 'NONE',  ( -0.000000000000000000, -0.000000000000000000, -1.000000000000000000 ) ) ;
#879 = CARTESIAN_POINT ( 'NONE',  ( -3.369414888816734344, -7.525733215346136262, 7.999999999999998224 ) ) ;
#880 = CARTESIAN_POINT ( 'NONE',  ( -1.721921420558486515, 4.721921420558484961, 13.92151416819117848 ) ) ;
#881 = CARTESIAN_POINT ( 'NONE',  ( -44.84428639541690842, -35.32460449163507832, 23.00000000000000000 ) ) ;
#882 = DIRECTION ( 'NONE',  ( -1.000000000000000000, 0.000000000000000000, 0.000000000000000000 ) ) ;
#883 = ORIENTED_EDGE ( 'NONE', *, *, #4323, .F. ) ;
#884 = ORIENTED_EDGE ( 'NONE', *, *, #4322, .F. ) ;
#885 = CARTESIAN_POINT ( 'NONE',  ( -69.00000000000000000, -13.95830632407453642, 17.58522358964645704 ) ) ;
#886 = DIRECTION ( 'NONE',  ( 1.000000000000000000, 0.000000000000000000, 0.000000000000000000 ) ) ;
#887 = VERTEX_POINT ( 'NONE', #3434 ) ;
#888 = FACE_BOUND ( 'NONE', #3230, .T. ) ;
#889 = VECTOR ( 'NONE', #2409, 1000.000000000000000 ) ;
#890 = EDGE_CURVE ( 'NONE', #2400, #1920, #2986, .T. ) ;
#891 = B_SPLINE_CURVE_WITH_KNOTS ( 'NONE', 3,
 ( #4635, #1432, #1826, #3208 ),
 .UNSPECIFIED., .F., .F.,
 ( 4, 4 ),
 ( 8.673617379884035472E-19, 0.001662597726917533145 ),
 .UNSPECIFIED. ) ;
#892 = SURFACE_STYLE_FILL_AREA ( #5837 ) ;
#893 = ORIENTED_EDGE ( 'NONE', *, *, #2413, .T. ) ;
#894 = DIRECTION ( 'NONE',  ( 1.000000000000000000, 0.000000000000000000, 0.000000000000000000 ) ) ;
#895 = VERTEX_POINT ( 'NONE', #5645 ) ;
#896 = DIRECTION ( 'NONE',  ( 1.000000000000000000, 1.115179377413661316E-16, 0.000000000000000000 ) ) ;
#897 = EDGE_CURVE ( 'NONE', #2305, #4602, #4715, .T. ) ;
#898 = CIRCLE ( 'NONE', #333, 8.000000000000001776 ) ;
#899 = EDGE_CURVE ( 'NONE', #3451, #4488, #638, .T. ) ;
#900 = ORIENTED_EDGE ( 'NONE', *, *, #5552, .F. ) ;
#901 = AXIS2_PLACEMENT_3D ( 'NONE', #4283, #1460, #1490 ) ;
#902 = EDGE_CURVE ( 'NONE', #774, #4692, #224, .T. ) ;
#903 = DIRECTION ( 'NONE',  ( 0.000000000000000000, -0.9908301680442993531, 0.1351132047333102881 ) ) ;
#904 = CARTESIAN_POINT ( 'NONE',  ( -25.15571360458309513, -35.32460449163507832, 7.999999999999998224 ) ) ;
#905 = ORIENTED_EDGE ( 'NONE', *, *, #1978, .F. ) ;
#906 = EDGE_CURVE ( 'NONE', #3575, #2920, #309, .T. ) ;
#907 = ORIENTED_EDGE ( 'NONE', *, *, #3709, .F. ) ;
#908 = CIRCLE ( 'NONE', #5507, 1.625000000000001332 ) ;
#909 = PLANE ( 'NONE',  #114 ) ;
#910 = CARTESIAN_POINT ( 'NONE',  ( -3.860640107637672631E-16, 1.694051866530238648, 12.42304702122206805 ) ) ;
#911 = CARTESIAN_POINT ( 'NONE',  ( -65.00558511118330784, -7.525733215346147809, 0.000000000000000000 ) ) ;
#912 = PLANE ( 'NONE',  #2796 ) ;
#913 = DIRECTION ( 'NONE',  ( 0.000000000000000000, 0.000000000000000000, -1.000000000000000000 ) ) ;
#914 = EDGE_LOOP ( 'NONE', ( #2495, #1515, #1849, #3872 ) ) ;
#915 = CARTESIAN_POINT ( 'NONE',  ( -40.09428639541690842, -35.32460449163507832, 0.000000000000000000 ) ) ;
#916 = VECTOR ( 'NONE', #3582, 1000.000000000000000 ) ;
#917 = ORIENTED_EDGE ( 'NONE', *, *, #1343, .F. ) ;
#918 = CARTESIAN_POINT ( 'NONE',  ( -65.00558511118330784, -15.95727432898451070, 0.000000000000000000 ) ) ;
#919 = DIRECTION ( 'NONE',  ( -0.000000000000000000, 0.000000000000000000, 1.000000000000000000 ) ) ;
#920 = VERTEX_POINT ( 'NONE', #3380 ) ;
#921 = AXIS2_PLACEMENT_3D ( 'NONE', #336, #3876, #5700 ) ;
#922 = CARTESIAN_POINT ( 'NONE',  ( -44.84428639541690842, -41.57460449163507832, 14.21269775418247328 ) ) ;
#923 = CARTESIAN_POINT ( 'NONE',  ( -56.80319217644139940, -40.00000000000002842, 19.56619529823661097 ) ) ;
#924 = VERTEX_POINT ( 'NONE', #2957 ) ;
#925 = LINE ( 'NONE', #3338, #2959 ) ;
#926 = ORIENTED_EDGE ( 'NONE', *, *, #5008, .T. ) ;
#927 = FACE_OUTER_BOUND ( 'NONE', #488, .T. ) ;
#928 = CIRCLE ( 'NONE', #2581, 6.600000000000001421 ) ;
#929 = AXIS2_PLACEMENT_3D ( 'NONE', #2076, #3065, #5274 ) ;
#930 = VERTEX_POINT ( 'NONE', #3854 ) ;
#931 = LINE ( 'NONE', #5099, #1951 ) ;
#932 = DIRECTION ( 'NONE',  ( 8.471087146062450914E-17, -0.7324873903570532363, 0.6807805982604923090 ) ) ;
#933 = CARTESIAN_POINT ( 'NONE',  ( -51.59528485556644739, -29.78855160027670834, 13.40000000000001812 ) ) ;
#934 = ORIENTED_EDGE ( 'NONE', *, *, #1237, .T. ) ;
#935 = VECTOR ( 'NONE', #2496, 1000.000000000000000 ) ;
#936 = ADVANCED_FACE ( 'NONE', ( #3464, #1964 ), #1064, .F. ) ;
#937 = ORIENTED_EDGE ( 'NONE', *, *, #5008, .F. ) ;
#938 = CARTESIAN_POINT ( 'NONE',  ( -0.9999999999999978906, -37.58578643762690064, 18.00000000000000000 ) ) ;
#939 = DIRECTION ( 'NONE',  ( -0.7071067811865463515, 0.000000000000000000, -0.7071067811865487940 ) ) ;
#940 = DIRECTION ( 'NONE',  ( -0.7559289460184540621, -3.602809435529402155E-16, 0.6546536707079775308 ) ) ;
#941 = CARTESIAN_POINT ( 'NONE',  ( -10.67557858107773683, -2.197597792550265439, 18.00000000000000000 ) ) ;
#942 = CARTESIAN_POINT ( 'NONE',  ( -3.226446533919438586, -12.16375074664447631, 17.34051146545145627 ) ) ;
#943 = ORIENTED_EDGE ( 'NONE', *, *, #349, .T. ) ;
#944 = CARTESIAN_POINT ( 'NONE',  ( -41.75423719266104428, -21.61990116144448848, 2.520845586266440730 ) ) ;
#945 = EDGE_CURVE ( 'NONE', #4636, #2764, #3798, .T. ) ;
#946 = ADVANCED_FACE ( 'NONE', ( #665 ), #2442, .F. ) ;
#947 = ORIENTED_EDGE ( 'NONE', *, *, #1493, .F. ) ;
#948 = DIRECTION ( 'NONE',  ( -0.000000000000000000, -0.000000000000000000, 1.000000000000000000 ) ) ;
#949 = AXIS2_PLACEMENT_3D ( 'NONE', #5387, #1366, #5472 ) ;
#950 = CARTESIAN_POINT ( 'NONE',  ( -70.00000000000000000, 2.999999999999987566, 18.00000000000000000 ) ) ;
#951 = ORIENTED_EDGE ( 'NONE', *, *, #3630, .F. ) ;
#952 = ORIENTED_EDGE ( 'NONE', *, *, #2769, .T. ) ;
#953 = ADVANCED_FACE ( 'NONE', ( #5676 ), #3408, .F. ) ;
#954 = B_SPLINE_CURVE_WITH_KNOTS ( 'NONE', 3,
 ( #5299, #5727, #1194, #2950 ),
 .UNSPECIFIED., .F., .F.,
 ( 4, 4 ),
 ( 1.939479807224432123E-18, 0.001662597726917534879 ),
 .UNSPECIFIED. ) ;
#955 = CARTESIAN_POINT ( 'NONE',  ( -50.77196675060118736, -40.00000000000003553, 18.07460492391438933 ) ) ;
#956 = ORIENTED_EDGE ( 'NONE', *, *, #5221, .T. ) ;
#957 = CARTESIAN_POINT ( 'NONE',  ( -5.704724084826865216, -40.00000000000002132, 16.99999999999998934 ) ) ;
#958 = VERTEX_POINT ( 'NONE', #1118 ) ;
#959 = DIRECTION ( 'NONE',  ( 8.659560562354855205E-17, -0.7961621941230948574, -0.6050832675335680033 ) ) ;
#960 = AXIS2_PLACEMENT_3D ( 'NONE', #964, #2741, #903 ) ;
#961 = ORIENTED_EDGE ( 'NONE', *, *, #5039, .F. ) ;
#962 = DIRECTION ( 'NONE',  ( 1.000000000000000000, 0.000000000000000000, 0.000000000000000000 ) ) ;
#963 = CIRCLE ( 'NONE', #2020, 10.00000000000000355 ) ;
#964 = CARTESIAN_POINT ( 'NONE',  ( -19.84041802259992693, -6.431853008172041086, 16.55888904656887561 ) ) ;
#965 = VECTOR ( 'NONE', #5537, 1000.000000000000227 ) ;
#966 = CARTESIAN_POINT ( 'NONE',  ( -45.33870722966670996, -6.837192622371961015, 13.58639854243597433 ) ) ;
#967 = DIRECTION ( 'NONE',  ( 0.2185859939626378090, -0.6724731691624288299, 0.7071067811865511255 ) ) ;
#968 = VERTEX_POINT ( 'NONE', #3825 ) ;
#969 = ADVANCED_FACE ( 'NONE', ( #3997 ), #4444, .F. ) ;
#970 = ORIENTED_EDGE ( 'NONE', *, *, #1675, .F. ) ;
#971 = AXIS2_PLACEMENT_3D ( 'NONE', #3749, #3295, #2854 ) ;
#972 = VECTOR ( 'NONE', #2911, 999.9999999999998863 ) ;
#973 = FACE_OUTER_BOUND ( 'NONE', #5149, .T. ) ;
#974 = PLANE ( 'NONE',  #4902 ) ;
#975 = ADVANCED_FACE ( 'NONE', ( #3492 ), #4863, .F. ) ;
#976 = CARTESIAN_POINT ( 'NONE',  ( -0.000000000000000000, -23.96101557123539649, 11.99999999999999822 ) ) ;
#977 = CARTESIAN_POINT ( 'NONE',  ( -1.999999999999989564, 4.999999999999989342, 18.00000000000000000 ) ) ;
#978 = DIRECTION ( 'NONE',  ( 1.506754595348573195E-17, -0.1351132047333101216, -0.9908301680442994641 ) ) ;
#979 = VERTEX_POINT ( 'NONE', #3047 ) ;
#980 = ADVANCED_FACE ( 'NONE', ( #4954 ), #1743, .F. ) ;
#981 = EDGE_LOOP ( 'NONE', ( #5632, #742, #269, #2399 ) ) ;
#982 = CYLINDRICAL_SURFACE ( 'NONE', #5662, 3.224999999999998757 ) ;
#983 = EDGE_CURVE ( 'NONE', #236, #1925, #1653, .T. ) ;
#984 = CARTESIAN_POINT ( 'NONE',  ( -54.17049999730404153, -25.44388300810435055, 13.45786743686893949 ) ) ;
#985 = CARTESIAN_POINT ( 'NONE',  ( -63.59138985429042634, -16.66452028421117504, 17.95425276602871634 ) ) ;
#986 = CARTESIAN_POINT ( 'NONE',  ( -42.32366608609333269, -25.46333013070293916, 5.000000000000000000 ) ) ;
#987 = ORIENTED_EDGE ( 'NONE', *, *, #4975, .F. ) ;
#988 = EDGE_CURVE ( 'NONE', #100, #3896, #3933, .T. ) ;
#989 = FACE_OUTER_BOUND ( 'NONE', #2208, .T. ) ;
#990 = ORIENTED_EDGE ( 'NONE', *, *, #1055, .F. ) ;
#991 = LINE ( 'NONE', #4644, #4452 ) ;
#992 = ORIENTED_EDGE ( 'NONE', *, *, #1939, .F. ) ;
#993 = DIRECTION ( 'NONE',  ( 0.000000000000000000, 0.000000000000000000, 1.000000000000000000 ) ) ;
#994 = ORIENTED_EDGE ( 'NONE', *, *, #902, .T. ) ;
#995 = FACE_BOUND ( 'NONE', #575, .T. ) ;
#996 = LINE ( 'NONE', #1381, #1655 ) ;
#997 = CARTESIAN_POINT ( 'NONE',  ( -41.33897392934084536, -29.27367913654407516, 1.071884106749846355 ) ) ;
#998 = EDGE_LOOP ( 'NONE', ( #2704, #2520, #4866, #3628 ) ) ;
#999 = AXIS2_PLACEMENT_3D ( 'NONE', #4880, #2105, #775 ) ;
#1000 = VERTEX_POINT ( 'NONE', #2683 ) ;
#1001 = AXIS2_PLACEMENT_3D ( 'NONE', #618, #174, #3834 ) ;
#1002 = DIRECTION ( 'NONE',  ( 0.000000000000000000, 0.000000000000000000, -1.000000000000000000 ) ) ;
#1003 = VECTOR ( 'NONE', #978, 999.9999999999998863 ) ;
#1004 = DIRECTION ( 'NONE',  ( 0.000000000000000000, 0.000000000000000000, -1.000000000000000000 ) ) ;
#1005 = EDGE_CURVE ( 'NONE', #2284, #613, #340, .T. ) ;
#1006 = CARTESIAN_POINT ( 'NONE',  ( -63.53058511118332063, -10.97850696569998163, 17.17888731350448239 ) ) ;
#1007 = VECTOR ( 'NONE', #3359, 1000.000000000000000 ) ;
#1008 = FACE_OUTER_BOUND ( 'NONE', #1088, .T. ) ;
#1009 =( BOUNDED_CURVE ( )  B_SPLINE_CURVE ( 3, ( #5065, #4613, #1022, #2799 ),
 .UNSPECIFIED., .F., .T. ) 
 B_SPLINE_CURVE_WITH_KNOTS ( ( 4, 4 ),
 ( 1.125500023495249541E-16, 1.982391152993289385 ),
 .UNSPECIFIED. ) 
 CURVE ( )  GEOMETRIC_REPRESENTATION_ITEM ( )  RATIONAL_B_SPLINE_CURVE ( ( 1.000000000000000000, 0.6984599571064317169, 0.6984599571064317169, 1.000000000000000000 ) ) 
 REPRESENTATION_ITEM ( '' )  );
#1010 = ORIENTED_EDGE ( 'NONE', *, *, #4573, .T. ) ;
#1011 = AXIS2_PLACEMENT_3D ( 'NONE', #183, #1617, #4729 ) ;
#1012 = ORIENTED_EDGE ( 'NONE', *, *, #2378, .F. ) ;
#1013 = DIRECTION ( 'NONE',  ( -0.000000000000000000, 0.000000000000000000, 1.000000000000000000 ) ) ;
#1014 = PLANE ( 'NONE',  #4268 ) ;
#1015 = DIRECTION ( 'NONE',  ( 0.000000000000000000, -0.9908301680442993531, 0.1351132047333100938 ) ) ;
#1016 = LINE ( 'NONE', #4253, #237 ) ;
#1017 = ORIENTED_EDGE ( 'NONE', *, *, #1888, .F. ) ;
#1018 = EDGE_CURVE ( 'NONE', #3708, #5137, #4536, .T. ) ;
#1019 = VECTOR ( 'NONE', #4027, 1000.000000000000000 ) ;
#1020 = CARTESIAN_POINT ( 'NONE',  ( -29.90571360458309869, -35.32460449163507832, 0.000000000000000000 ) ) ;
#1021 = EDGE_LOOP ( 'NONE', ( #2035, #729 ) ) ;
#1022 = CARTESIAN_POINT ( 'NONE',  ( -32.20021369914500298, -9.584340510264249602, 18.00000000000000000 ) ) ;
#1023 = EDGE_LOOP ( 'NONE', ( #1428, #1411, #5739, #5635, #4537, #2695 ) ) ;
#1024 = EDGE_CURVE ( 'NONE', #1123, #1570, #3075, .T. ) ;
#1025 = DIRECTION ( 'NONE',  ( -2.775557561562891351E-17, 0.1351132047333101216, 0.9908301680442994641 ) ) ;
#1026 = EDGE_CURVE ( 'NONE', #1881, #3636, #480, .T. ) ;
#1027 = CIRCLE ( 'NONE', #3614, 8.000000000000000000 ) ;
#1028 = ADVANCED_FACE ( 'NONE', ( #5791 ), #5372, .F. ) ;
#1029 = VERTEX_POINT ( 'NONE', #2656 ) ;
#1030 = DIRECTION ( 'NONE',  ( -1.506754595348573503E-17, 0.1351132047333101494, 0.9908301680442993531 ) ) ;
#1031 = DIRECTION ( 'NONE',  ( -0.000000000000000000, -0.000000000000000000, -1.000000000000000000 ) ) ;
#1032 = AXIS2_PLACEMENT_3D ( 'NONE', #2780, #1786, #2691 ) ;
#1033 = DIRECTION ( 'NONE',  ( 0.4999999999999991673, 0.8580840963623680429, -0.1170114676857744590 ) ) ;
#1034 = VECTOR ( 'NONE', #4886, 1000.000000000000000 ) ;
#1035 = ORIENTED_EDGE ( 'NONE', *, *, #3007, .T. ) ;
#1036 = EDGE_LOOP ( 'NONE', ( #3107, #3238 ) ) ;
#1037 = DIRECTION ( 'NONE',  ( -1.000000000000000000, 0.000000000000000000, 0.000000000000000000 ) ) ;
#1038 = FACE_OUTER_BOUND ( 'NONE', #3544, .T. ) ;
#1039 = CIRCLE ( 'NONE', #929, 3.224999999999998757 ) ;
#1040 = ORIENTED_EDGE ( 'NONE', *, *, #5912, .F. ) ;
#1041 = ORIENTED_EDGE ( 'NONE', *, *, #2413, .F. ) ;
#1042 = CARTESIAN_POINT ( 'NONE',  ( -28.28071360458309869, -35.32460449163507832, 18.00000000000000000 ) ) ;
#1043 = CARTESIAN_POINT ( 'NONE',  ( -6.236307225496581452, 4.885359924361763362, 8.960104561812164192 ) ) ;
#1044 = AXIS2_PLACEMENT_3D ( 'NONE', #4255, #5148, #4728 ) ;
#1045 = CARTESIAN_POINT ( 'NONE',  ( -58.95796496478385507, -25.38601557123543273, 15.00000000000000000 ) ) ;
#1046 = FACE_OUTER_BOUND ( 'NONE', #4631, .T. ) ;
#1047 = ORIENTED_EDGE ( 'NONE', *, *, #586, .T. ) ;
#1048 = AXIS2_PLACEMENT_3D ( 'NONE', #1275, #3178, #1338 ) ;
#1049 = DIRECTION ( 'NONE',  ( 0.5000000000000001110, -0.8660254037844385966, 0.000000000000000000 ) ) ;
#1050 = ORIENTED_EDGE ( 'NONE', *, *, #2769, .F. ) ;
#1051 = CARTESIAN_POINT ( 'NONE',  ( -8.602730147889973367, -29.56101557123541568, 13.40000000000001812 ) ) ;
#1052 = ORIENTED_EDGE ( 'NONE', *, *, #5378, .T. ) ;
#1053 = EDGE_CURVE ( 'NONE', #5474, #4046, #2018, .T. ) ;
#1054 = DIRECTION ( 'NONE',  ( -1.000000000000000000, 0.000000000000000000, 0.000000000000000000 ) ) ;
#1055 = EDGE_CURVE ( 'NONE', #1178, #1244, #5345, .T. ) ;
#1056 = ORIENTED_EDGE ( 'NONE', *, *, #1791, .T. ) ;
#1057 = LINE ( 'NONE', #3699, #643 ) ;
#1058 = EDGE_CURVE ( 'NONE', #5611, #1911, #4384, .T. ) ;
#1059 = LINE ( 'NONE', #1504, #1806 ) ;
#1060 = LINE ( 'NONE', #4238, #538 ) ;
#1061 = ORIENTED_EDGE ( 'NONE', *, *, #4626, .F. ) ;
#1062 = CIRCLE ( 'NONE', #483, 1.625000000000001332 ) ;
#1063 = ORIENTED_EDGE ( 'NONE', *, *, #5156, .F. ) ;
#1064 = PLANE ( 'NONE',  #1076 ) ;
#1065 = FACE_OUTER_BOUND ( 'NONE', #4222, .T. ) ;
#1066 = CARTESIAN_POINT ( 'NONE',  ( -28.24576280733895928, -21.61990116144448493, 2.520845586266434957 ) ) ;
#1067 = ORIENTED_EDGE ( 'NONE', *, *, #723, .T. ) ;
#1068 = CIRCLE ( 'NONE', #4701, 6.600000000000008527 ) ;
#1069 = ORIENTED_EDGE ( 'NONE', *, *, #512, .T. ) ;
#1070 = DIRECTION ( 'NONE',  ( 1.000000000000000000, 0.000000000000000000, 0.000000000000000000 ) ) ;
#1071 = FACE_OUTER_BOUND ( 'NONE', #4671, .T. ) ;
#1072 = PLANE ( 'NONE',  #1001 ) ;
#1073 = CARTESIAN_POINT ( 'NONE',  ( -63.71121477239375963, -17.00000000000057554, 18.00000000000000000 ) ) ;
#1074 = CARTESIAN_POINT ( 'NONE',  ( -14.34155737888413107, -17.00000000000057199, 18.00000000000000000 ) ) ;
#1075 = VERTEX_POINT ( 'NONE', #2593 ) ;
#1076 = AXIS2_PLACEMENT_3D ( 'NONE', #609, #5282, #3016 ) ;
#1077 = FACE_OUTER_BOUND ( 'NONE', #4204, .T. ) ;
#1078 = DIRECTION ( 'NONE',  ( 0.000000000000000000, 0.000000000000000000, 1.000000000000000000 ) ) ;
#1079 = ORIENTED_EDGE ( 'NONE', *, *, #4647, .F. ) ;
#1080 = EDGE_CURVE ( 'NONE', #1738, #595, #371, .T. ) ;
#1081 = CARTESIAN_POINT ( 'NONE',  ( -68.25558511118330784, -7.525733215346147809, 0.000000000000000000 ) ) ;
#1082 = VERTEX_POINT ( 'NONE', #1233 ) ;
#1083 = CARTESIAN_POINT ( 'NONE',  ( -3.408613729033100488E-16, 1.288712252330308061, 9.450556517089168551 ) ) ;
#1084 = DIRECTION ( 'NONE',  ( 0.000000000000000000, -0.1351132047333097885, -0.9908301680442995751 ) ) ;
#1085 = CYLINDRICAL_SURFACE ( 'NONE', #4844, 1.625000000000001332 ) ;
#1086 = EDGE_CURVE ( 'NONE', #1347, #3325, #2114, .T. ) ;
#1087 = EDGE_CURVE ( 'NONE', #1766, #2725, #5076, .T. ) ;
#1088 = EDGE_LOOP ( 'NONE', ( #157, #5859, #1818, #1215, #2776, #573 ) ) ;
#1089 = CARTESIAN_POINT ( 'NONE',  ( -17.23445536162326519, 4.999999999999987566, 15.21140570268308778 ) ) ;
#1090 = EDGE_CURVE ( 'NONE', #188, #2866, #1726, .T. ) ;
#1091 = FACE_OUTER_BOUND ( 'NONE', #3363, .T. ) ;
#1092 = ORIENTED_EDGE ( 'NONE', *, *, #5667, .F. ) ;
#1093 = B_SPLINE_CURVE_WITH_KNOTS ( 'NONE', 3,
 ( #2797, #5450, #4976, #4947, #3690, #1, #3606, #4074 ),
 .UNSPECIFIED., .F., .F.,
 ( 4, 2, 2, 4 ),
 ( -0.002946088176971444796, -0.001373905039976172898, 0.0001982780970190990005, 0.003342644371009642797 ),
 .UNSPECIFIED. ) ;
#1094 = VECTOR ( 'NONE', #3826, 1000.000000000000114 ) ;
#1095 = AXIS2_PLACEMENT_3D ( 'NONE', #1214, #5857, #3450 ) ;
#1096 = ORIENTED_EDGE ( 'NONE', *, *, #2477, .F. ) ;
#1097 = DIRECTION ( 'NONE',  ( -0.9510206761615280779, -0.3091272772067677477, 0.000000000000000000 ) ) ;
#1098 = CARTESIAN_POINT ( 'NONE',  ( -19.55974849812611893, -7.037611029997744794, 15.74413757585716667 ) ) ;
#1099 = CARTESIAN_POINT ( 'NONE',  ( -13.45247240908284425, -29.56101557123542278, 11.99999999999999822 ) ) ;
#1100 = CARTESIAN_POINT ( 'NONE',  ( -68.00000000000000000, 4.999999999999982236, 13.83138929941186035 ) ) ;
#1101 = CARTESIAN_POINT ( 'NONE',  ( -69.00000000000000000, -17.95624233389448321, 18.00000000000000000 ) ) ;
#1102 = VERTEX_POINT ( 'NONE', #3251 ) ;
#1103 = CIRCLE ( 'NONE', #4073, 9.000000000000007105 ) ;
#1104 = FACE_OUTER_BOUND ( 'NONE', #3128, .T. ) ;
#1105 = CARTESIAN_POINT ( 'NONE',  ( -56.54752759091716285, -29.56101557123542278, 20.00000000000000711 ) ) ;
#1106 = VECTOR ( 'NONE', #1635, 1000.000000000000000 ) ;
#1107 = EDGE_LOOP ( 'NONE', ( #2888, #2491, #542, #4432, #4943, #4258, #1217 ) ) ;
#1108 = CARTESIAN_POINT ( 'NONE',  ( 9.540979117872439019E-15, -40.00000000000002132, 14.99999999999999645 ) ) ;
#1109 = CARTESIAN_POINT ( 'NONE',  ( -49.62943407635341941, 4.999999999999984901, 15.52948291530621816 ) ) ;
#1110 = AXIS2_PLACEMENT_3D ( 'NONE', #2281, #5043, #4116 ) ;
#1111 = VERTEX_POINT ( 'NONE', #2805 ) ;
#1112 = FACE_OUTER_BOUND ( 'NONE', #4071, .T. ) ;
#1113 = CARTESIAN_POINT ( 'NONE',  ( -31.11109307397235568, -34.00000000000000000, 18.00000000000000000 ) ) ;
#1114 = VECTOR ( 'NONE', #4704, 1000.000000000000114 ) ;
#1115 = DIRECTION ( 'NONE',  ( -0.000000000000000000, -0.000000000000000000, 1.000000000000000000 ) ) ;
#1116 = EDGE_CURVE ( 'NONE', #2993, #3983, #134, .T. ) ;
#1117 = ORIENTED_EDGE ( 'NONE', *, *, #72, .F. ) ;
#1118 = CARTESIAN_POINT ( 'NONE',  ( -42.32366608609333269, -25.46333013070293916, 5.000000000000000000 ) ) ;
#1119 = DIRECTION ( 'NONE',  ( 1.000000000000000000, 0.000000000000000000, 0.000000000000000000 ) ) ;
#1120 = LINE ( 'NONE', #4690, #3789 ) ;
#1121 = ADVANCED_FACE ( 'NONE', ( #2252 ), #3009, .F. ) ;
#1122 = ORIENTED_EDGE ( 'NONE', *, *, #5595, .F. ) ;
#1123 = VERTEX_POINT ( 'NONE', #2771 ) ;
#1124 = VECTOR ( 'NONE', #1647, 1000.000000000000227 ) ;
#1125 = DIRECTION ( 'NONE',  ( 1.000000000000000000, 0.000000000000000000, 0.000000000000000000 ) ) ;
#1126 = CARTESIAN_POINT ( 'NONE',  ( -69.00000000000000000, 2.592255555185261073, 15.32832878792926934 ) ) ;
#1127 = CARTESIAN_POINT ( 'NONE',  ( -5.452472409082842475, -29.56101557123542278, 0.000000000000000000 ) ) ;
#1128 = CARTESIAN_POINT ( 'NONE',  ( -44.54752759091715575, -29.56101557123542278, 18.00000000000000000 ) ) ;
#1129 = EDGE_CURVE ( 'NONE', #877, #1164, #996, .T. ) ;
#1130 = ADVANCED_FACE ( 'NONE', ( #515 ), #4618, .F. ) ;
#1131 = FACE_OUTER_BOUND ( 'NONE', #4048, .T. ) ;
#1132 = ORIENTED_EDGE ( 'NONE', *, *, #794, .F. ) ;
#1133 = CIRCLE ( 'NONE', #652, 12.00000000000000888 ) ;
#1134 = CARTESIAN_POINT ( 'NONE',  ( -8.169247080001900585, -34.61618706508616583, 25.16924708000198052 ) ) ;
#1135 = CARTESIAN_POINT ( 'NONE',  ( -35.00000000000000000, -25.60311589323426062, 17.49999999999999645 ) ) ;
#1136 = ORIENTED_EDGE ( 'NONE', *, *, #200, .F. ) ;
#1137 = CARTESIAN_POINT ( 'NONE',  ( -28.01135293064673348, -28.15170933949481125, 2.339732270618836374 ) ) ;
#1138 = CARTESIAN_POINT ( 'NONE',  ( -66.15958197740005176, -16.76392090040391381, 0.000000000000000000 ) ) ;
#1139 = VECTOR ( 'NONE', #4518, 1000.000000000000000 ) ;
#1140 = ORIENTED_EDGE ( 'NONE', *, *, #582, .F. ) ;
#1141 = CARTESIAN_POINT ( 'NONE',  ( -19.84041802259992693, -5.756286984505489812, 21.51303988679037005 ) ) ;
#1142 = FACE_OUTER_BOUND ( 'NONE', #1536, .T. ) ;
#1143 = CARTESIAN_POINT ( 'NONE',  ( -64.54752759091715575, -29.56101557123542278, 23.00000000000000000 ) ) ;
#1144 = ORIENTED_EDGE ( 'NONE', *, *, #835, .F. ) ;
#1145 = CARTESIAN_POINT ( 'NONE',  ( -11.85445430223938956, -16.32788483778348620, 18.00000000000000000 ) ) ;
#1146 = DIRECTION ( 'NONE',  ( 0.7071067811865451302, 8.659560562354903276E-17, -0.7071067811865500152 ) ) ;
#1147 = PLANE ( 'NONE',  #4655 ) ;
#1148 = ORIENTED_EDGE ( 'NONE', *, *, #4471, .T. ) ;
#1149 = EDGE_CURVE ( 'NONE', #4556, #5326, #423, .T. ) ;
#1150 = VERTEX_POINT ( 'NONE', #8 ) ;
#1151 = ORIENTED_EDGE ( 'NONE', *, *, #5922, .F. ) ;
#1152 = CARTESIAN_POINT ( 'NONE',  ( -16.67747240908284212, -29.56101557123542278, 15.00000000000000000 ) ) ;
#1153 = CARTESIAN_POINT ( 'NONE',  ( -6.408610145709606520, -16.66452028421116793, 17.95425276602871634 ) ) ;
#1154 = CARTESIAN_POINT ( 'NONE',  ( -50.15958197740008018, -1.334826268280048245, -5.272523690688962539 ) ) ;
#1155 = VECTOR ( 'NONE', #5520, 1000.000000000000000 ) ;
#1156 = CARTESIAN_POINT ( 'NONE',  ( -25.67955573185349039, 4.339195839952892264, 14.70086845736854997 ) ) ;
#1157 = DIRECTION ( 'NONE',  ( -0.000000000000000000, -0.000000000000000000, 1.000000000000000000 ) ) ;
#1158 = ORIENTED_EDGE ( 'NONE', *, *, #645, .T. ) ;
#1159 = EDGE_CURVE ( 'NONE', #4206, #345, #5583, .T. ) ;
#1160 =( BOUNDED_CURVE ( )  B_SPLINE_CURVE ( 3, ( #2842, #4656, #552, #2384 ),
 .UNSPECIFIED., .F., .T. ) 
 B_SPLINE_CURVE_WITH_KNOTS ( ( 4, 4 ),
 ( 4.274671286433274986, 4.712388980384689674 ),
 .UNSPECIFIED. ) 
 CURVE ( )  GEOMETRIC_REPRESENTATION_ITEM ( )  RATIONAL_B_SPLINE_CURVE ( ( 1.000000000000000000, 0.9840972314996108139, 0.9840972314996108139, 1.000000000000000000 ) ) 
 REPRESENTATION_ITEM ( '' )  );
#1161 = ADVANCED_FACE ( 'NONE', ( #484 ), #5071, .F. ) ;
#1162 = CARTESIAN_POINT ( 'NONE',  ( -13.45247240908284425, -29.56101557123542278, 10.59999999999998543 ) ) ;
#1163 = CARTESIAN_POINT ( 'NONE',  ( -69.73058511118331637, -16.32663210187639180, 17.17083065053922297 ) ) ;
#1164 = VERTEX_POINT ( 'NONE', #4182 ) ;
#1165 = CARTESIAN_POINT ( 'NONE',  ( -19.84041802259992693, -15.35833206755293823, 10.30765144090752194 ) ) ;
#1166 = EDGE_CURVE ( 'NONE', #2872, #1865, #931, .T. ) ;
#1167 = DIRECTION ( 'NONE',  ( 0.000000000000000000, 0.000000000000000000, -1.000000000000000000 ) ) ;
#1168 = EDGE_LOOP ( 'NONE', ( #3820, #1678, #33, #2282 ) ) ;
#1169 = CARTESIAN_POINT ( 'NONE',  ( -14.20495150513295179, 1.796353130088651273, 5.241690593117557029 ) ) ;
#1170 = CARTESIAN_POINT ( 'NONE',  ( -19.84041802259992693, -16.76392090040392802, 0.000000000000000000 ) ) ;
#1171 = DIRECTION ( 'NONE',  ( 0.000000000000000000, -0.1351132047333097885, -0.9908301680442995751 ) ) ;
#1172 = EDGE_LOOP ( 'NONE', ( #5461, #3022, #5658, #3579 ) ) ;
#1173 = DIRECTION ( 'NONE',  ( -0.7071067811865506814, -0.09553946329476956101, -0.7006227308283273780 ) ) ;
#1174 = LINE ( 'NONE', #1234, #4169 ) ;
#1175 = VECTOR ( 'NONE', #5041, 1000.000000000000000 ) ;
#1176 = CARTESIAN_POINT ( 'NONE',  ( -3.452472409082838478, -29.56101557123542278, 20.00000000000000355 ) ) ;
#1177 = ORIENTED_EDGE ( 'NONE', *, *, #4975, .T. ) ;
#1178 = VERTEX_POINT ( 'NONE', #3192 ) ;
#1179 = EDGE_CURVE ( 'NONE', #4845, #5807, #4995, .T. ) ;
#1180 = CARTESIAN_POINT ( 'NONE',  ( -19.84041802259992693, -13.68292832885988730, 22.59394552465685280 ) ) ;
#1181 = LINE ( 'NONE', #5715, #2508 ) ;
#1182 = CARTESIAN_POINT ( 'NONE',  ( -49.80537159105367095, -24.85708239410475073, 3.110646616007555654 ) ) ;
#1183 = PLANE ( 'NONE',  #2502 ) ;
#1184 = LINE ( 'NONE', #3027, #2638 ) ;
#1185 = ORIENTED_EDGE ( 'NONE', *, *, #3952, .T. ) ;
#1186 = VECTOR ( 'NONE', #1724, 1000.000000000000227 ) ;
#1187 = EDGE_LOOP ( 'NONE', ( #710, #5838 ) ) ;
#1188 = FACE_OUTER_BOUND ( 'NONE', #3900, .T. ) ;
#1189 = DIRECTION ( 'NONE',  ( -0.4969411089961883743, 0.8598268311759712512, -0.1172491133421749293 ) ) ;
#1190 = EDGE_LOOP ( 'NONE', ( #5028, #1550, #1579, #487 ) ) ;
#1191 = VECTOR ( 'NONE', #4541, 1000.000000000000000 ) ;
#1192 = DIRECTION ( 'NONE',  ( -0.5000000000000001110, 0.8660254037844385966, 0.000000000000000000 ) ) ;
#1193 = VECTOR ( 'NONE', #2754, 1000.000000000000000 ) ;
#1194 = CARTESIAN_POINT ( 'NONE',  ( -13.90547530799061526, 4.669489783777662772, 14.26627116286228159 ) ) ;
#1195 = EDGE_CURVE ( 'NONE', #5748, #2755, #1747, .T. ) ;
#1196 = AXIS2_PLACEMENT_3D ( 'NONE', #4041, #859, #5778 ) ;
#1197 = VERTEX_POINT ( 'NONE', #4146 ) ;
#1198 = CARTESIAN_POINT ( 'NONE',  ( -1.000000000000000888, -17.95624233389443347, 18.00000000000000000 ) ) ;
#1199 = CARTESIAN_POINT ( 'NONE',  ( -50.15958197740008018, -17.18810895698880969, -3.110712414956004146 ) ) ;
#1200 = DIRECTION ( 'NONE',  ( -1.000000000000000000, 0.000000000000000000, 0.000000000000000000 ) ) ;
#1201 = EDGE_CURVE ( 'NONE', #4046, #2026, #5309, .T. ) ;
#1202 = ORIENTED_EDGE ( 'NONE', *, *, #98, .T. ) ;
#1203 = AXIS2_PLACEMENT_3D ( 'NONE', #5615, #5673, #1900 ) ;
#1204 = DIRECTION ( 'NONE',  ( -0.000000000000000000, -0.000000000000000000, -1.000000000000000000 ) ) ;
#1205 = CARTESIAN_POINT ( 'NONE',  ( -7.984854796713217517, -20.09082407025280403, 8.129808499017403989 ) ) ;
#1206 = DIRECTION ( 'NONE',  ( -0.000000000000000000, -0.000000000000000000, 1.000000000000000000 ) ) ;
#1207 = EDGE_LOOP ( 'NONE', ( #2325, #518, #1312, #5480, #1250 ) ) ;
#1208 = AXIS2_PLACEMENT_3D ( 'NONE', #377, #5854, #1331 ) ;
#1209 = ORIENTED_EDGE ( 'NONE', *, *, #545, .F. ) ;
#1210 = DIRECTION ( 'NONE',  ( 1.000000000000000000, 0.000000000000000000, 0.000000000000000000 ) ) ;
#1211 = DIRECTION ( 'NONE',  ( 0.000000000000000000, 0.9908301680442993531, -0.1351132047333107045 ) ) ;
#1212 = LINE ( 'NONE', #1693, #5492 ) ;
#1213 = CARTESIAN_POINT ( 'NONE',  ( -19.84041802259992693, 3.161184527893181606, 20.29702104419058628 ) ) ;
#1214 = CARTESIAN_POINT ( 'NONE',  ( -66.63058511118330784, -7.525733215346147809, 0.000000000000000000 ) ) ;
#1215 = ORIENTED_EDGE ( 'NONE', *, *, #4341, .F. ) ;
#1216 = VECTOR ( 'NONE', #3754, 1000.000000000000000 ) ;
#1217 = ORIENTED_EDGE ( 'NONE', *, *, #2405, .F. ) ;
#1218 = DIRECTION ( 'NONE',  ( 0.6785983445458391161, 0.2810846377148299990, 0.6785983445458508845 ) ) ;
#1219 = FACE_BOUND ( 'NONE', #5502, .T. ) ;
#1220 = VERTEX_POINT ( 'NONE', #38 ) ;
#1221 = CARTESIAN_POINT ( 'NONE',  ( -19.25234283409609759, -11.11534531779634705, 0.000000000000000000 ) ) ;
#1222 = VECTOR ( 'NONE', #4469, 1000.000000000000114 ) ;
#1223 = DIRECTION ( 'NONE',  ( -1.000000000000000000, -9.912705577010323084E-17, 0.000000000000000000 ) ) ;
#1224 = VERTEX_POINT ( 'NONE', #550 ) ;
#1225 = ADVANCED_FACE ( 'NONE', ( #5580 ), #3165, .F. ) ;
#1226 = LINE ( 'NONE', #3935, #4482 ) ;
#1227 = DIRECTION ( 'NONE',  ( 0.000000000000000000, 0.000000000000000000, -1.000000000000000000 ) ) ;
#1228 = CARTESIAN_POINT ( 'NONE',  ( -0.01086834413775264116, -1.763176327566829515, 9.866723141620585835 ) ) ;
#1229 = EDGE_CURVE ( 'NONE', #3919, #895, #5013, .T. ) ;
#1230 = AXIS2_PLACEMENT_3D ( 'NONE', #2641, #4463, #3656 ) ;
#1231 = EDGE_CURVE ( 'NONE', #657, #422, #5248, .T. ) ;
#1232 = ORIENTED_EDGE ( 'NONE', *, *, #3938, .T. ) ;
#1233 = CARTESIAN_POINT ( 'NONE',  ( -50.11007208945279956, -29.56101557123541923, 11.99999999999999822 ) ) ;
#1234 = CARTESIAN_POINT ( 'NONE',  ( -40.23501790857241645, 8.220369445726923630, -3.217010572100777566 ) ) ;
#1235 = DIRECTION ( 'NONE',  ( -0.5030526657966803983, -0.8563306780462930368, 0.1167723651881278635 ) ) ;
#1236 = ORIENTED_EDGE ( 'NONE', *, *, #5590, .T. ) ;
#1237 = EDGE_CURVE ( 'NONE', #4705, #1433, #5610, .T. ) ;
#1238 = EDGE_LOOP ( 'NONE', ( #2156, #4194, #4475, #3530, #2078, #5303, #3686, #660, #3361, #3955 ) ) ;
#1239 = CARTESIAN_POINT ( 'NONE',  ( -13.45247240908284425, -29.56101557123542278, 23.00000000000000000 ) ) ;
#1240 = CARTESIAN_POINT ( 'NONE',  ( -14.70601365502311353, 7.751134170686518665, -6.511518296002552830 ) ) ;
#1241 = FACE_OUTER_BOUND ( 'NONE', #314, .T. ) ;
#1242 = CARTESIAN_POINT ( 'NONE',  ( -14.99070595205717993, -9.278423054219022248, -4.189305947151857445 ) ) ;
#1243 = CARTESIAN_POINT ( 'NONE',  ( -45.39874213055486507, -34.00000000000000711, 18.00000000000000000 ) ) ;
#1244 = VERTEX_POINT ( 'NONE', #1113 ) ;
#1245 = EDGE_LOOP ( 'NONE', ( #1483, #2251 ) ) ;
#1246 = CIRCLE ( 'NONE', #3873, 8.000000000000001776 ) ;
#1247 = CARTESIAN_POINT ( 'NONE',  ( -53.32879984018497055, -35.13601557123545405, 11.99999999999999822 ) ) ;
#1248 = VECTOR ( 'NONE', #2363, 1000.000000000000227 ) ;
#1249 = LINE ( 'NONE', #984, #3885 ) ;
#1250 = ORIENTED_EDGE ( 'NONE', *, *, #3000, .F. ) ;
#1251 = CARTESIAN_POINT ( 'NONE',  ( -56.54752759091716285, -29.56101557123542278, 18.00000000000000000 ) ) ;
#1252 = DIRECTION ( 'NONE',  ( 0.7071067811865512365, 0.7071067811865437980, 0.000000000000000000 ) ) ;
#1253 = CIRCLE ( 'NONE', #2027, 7.999999999999984013 ) ;
#1254 = ORIENTED_EDGE ( 'NONE', *, *, #2649, .F. ) ;
#1255 = DIRECTION ( 'NONE',  ( -0.4999999999999998335, -0.8580840963623677098, 0.1170114676857744035 ) ) ;
#1256 = ADVANCED_FACE ( 'NONE', ( #2874 ), #159, .T. ) ;
#1257 = CARTESIAN_POINT ( 'NONE',  ( -11.67625139567091708, -35.92163266108510555, 0.000000000000000000 ) ) ;
#1258 = AXIS2_PLACEMENT_3D ( 'NONE', #2086, #4743, #4330 ) ;
#1259 = EDGE_LOOP ( 'NONE', ( #92, #5650, #2588, #1274, #2447 ) ) ;
#1260 = CARTESIAN_POINT ( 'NONE',  ( -69.47677501133102851, -8.959570709067989469, 16.42239040486035151 ) ) ;
#1261 = LINE ( 'NONE', #2535, #4924 ) ;
#1262 = ORIENTED_EDGE ( 'NONE', *, *, #3157, .T. ) ;
#1263 = EDGE_CURVE ( 'NONE', #3917, #481, #4795, .T. ) ;
#1264 = PRODUCT_DEFINITION_CONTEXT ( 'detailed design', #5302, 'design' ) ;
#1265 = ORIENTED_EDGE ( 'NONE', *, *, #1563, .T. ) ;
#1266 = DIRECTION ( 'NONE',  ( 1.000000000000000000, 0.000000000000000000, 0.000000000000000000 ) ) ;
#1267 = EDGE_CURVE ( 'NONE', #1884, #2667, #2528, .T. ) ;
#1268 = FACE_OUTER_BOUND ( 'NONE', #1021, .T. ) ;
#1269 = DIRECTION ( 'NONE',  ( -0.6123724356957941373, -0.3535533905932736198, 0.7071067811865481278 ) ) ;
#1270 = CARTESIAN_POINT ( 'NONE',  ( -37.50701720033119102, 20.72589351733042307, -8.280803661453949971 ) ) ;
#1271 = CARTESIAN_POINT ( 'NONE',  ( -4.994414888816734788, -7.525733215346136262, 0.000000000000000000 ) ) ;
#1272 = VERTEX_POINT ( 'NONE', #3375 ) ;
#1273 = ADVANCED_FACE ( 'NONE', ( #1142 ), #5484, .T. ) ;
#1274 = ORIENTED_EDGE ( 'NONE', *, *, #5584, .F. ) ;
#1275 = CARTESIAN_POINT ( 'NONE',  ( -50.15958197740008018, -7.242532236571901372, 10.61390803830307661 ) ) ;
#1276 = DIRECTION ( 'NONE',  ( 1.506754595348573811E-17, -0.1351132047333101494, -0.9908301680442994641 ) ) ;
#1277 = ORIENTED_EDGE ( 'NONE', *, *, #4775, .F. ) ;
#1278 = FACE_OUTER_BOUND ( 'NONE', #3945, .T. ) ;
#1279 = AXIS2_PLACEMENT_3D ( 'NONE', #1661, #3502, #3977 ) ;
#1280 = DIRECTION ( 'NONE',  ( -0.4999999999999997224, -0.8660254037844387076, 0.000000000000000000 ) ) ;
#1281 = EDGE_LOOP ( 'NONE', ( #3441, #3384, #4799, #3413, #5198 ) ) ;
#1282 = VECTOR ( 'NONE', #2174, 1000.000000000000000 ) ;
#1283 = DIRECTION ( 'NONE',  ( -0.000000000000000000, 0.000000000000000000, 1.000000000000000000 ) ) ;
#1284 = CARTESIAN_POINT ( 'NONE',  ( -38.59428639541690842, -35.32460449163507832, 17.33769775418246439 ) ) ;
#1285 =( GEOMETRIC_REPRESENTATION_CONTEXT ( 3 ) GLOBAL_UNCERTAINTY_ASSIGNED_CONTEXT ( ( #77 ) ) GLOBAL_UNIT_ASSIGNED_CONTEXT ( ( #3860, #4721, #3523 ) ) REPRESENTATION_CONTEXT ( 'NONE', 'WORKASPACE' ) );
#1286 = AXIS2_PLACEMENT_3D ( 'NONE', #4578, #919, #3240 ) ;
#1287 = EDGE_LOOP ( 'NONE', ( #3303, #1463 ) ) ;
#1288 = DIRECTION ( 'NONE',  ( -1.000000000000000000, 0.000000000000000000, 0.000000000000000000 ) ) ;
#1289 = EDGE_CURVE ( 'NONE', #1475, #2639, #579, .T. ) ;
#1290 = CARTESIAN_POINT ( 'NONE',  ( -69.73058511118331637, -7.525733215346147809, 15.97070807510330503 ) ) ;
#1291 = AXIS2_PLACEMENT_3D ( 'NONE', #1851, #1430, #3327 ) ;
#1292 = DIRECTION ( 'NONE',  ( 1.000000000000000000, 9.912705577010323084E-17, -0.000000000000000000 ) ) ;
#1293 = EDGE_LOOP ( 'NONE', ( #5335, #798, #2003, #4011, #469, #2471 ) ) ;
#1294 = AXIS2_PLACEMENT_3D ( 'NONE', #5347, #5255, #3076 ) ;
#1295 = ORIENTED_EDGE ( 'NONE', *, *, #1465, .F. ) ;
#1296 = FACE_OUTER_BOUND ( 'NONE', #5166, .T. ) ;
#1297 = DIRECTION ( 'NONE',  ( -0.000000000000000000, 0.000000000000000000, 1.000000000000000000 ) ) ;
#1298 = EDGE_CURVE ( 'NONE', #5207, #3896, #5155, .T. ) ;
#1299 = CARTESIAN_POINT ( 'NONE',  ( -0.01580825668725711897, -5.169265303519123833, -4.749645640429102755 ) ) ;
#1300 = PLANE ( 'NONE',  #4852 ) ;
#1301 = CARTESIAN_POINT ( 'NONE',  ( 1.499999999999996225, 1.499999999999990452, -0.000000000000000000 ) ) ;
#1302 = VERTEX_POINT ( 'NONE', #5613 ) ;
#1303 = CIRCLE ( 'NONE', #2364, 7.324999999999998401 ) ;
#1304 = B_SPLINE_CURVE_WITH_KNOTS ( 'NONE', 3,
 ( #5786, #4107, #363, #1799, #4497, #4553, #955, #1315, #5510, #3635, #1344, #2304, #5477, #3127, #923, #446, #1737, #1829, #5865, #3664, #2676, #2192 ),
 .UNSPECIFIED., .F., .F.,
 ( 4, 2, 2, 2, 2, 2, 2, 2, 2, 2, 4 ),
 ( -0.005648829449397521976, -0.003160120758903389553, -0.0006714120684092571290, 0.0005729422768378199249, 0.001817296622084897846, 0.004306005312579052821, 0.005550359657826119467, 0.006794714003073187847, 0.009283422693567326342, 0.01177213138406146310, 0.01426084007455559986 ),
 .UNSPECIFIED. ) ;
#1305 = ADVANCED_FACE ( 'NONE', ( #5699 ), #4237, .F. ) ;
#1306 = ORIENTED_EDGE ( 'NONE', *, *, #5485, .T. ) ;
#1307 = ADVANCED_FACE ( 'NONE', ( #3849 ), #3908, .F. ) ;
#1308 = DIRECTION ( 'NONE',  ( 0.000000000000000000, 0.9908301680442994641, -0.1351132047333100938 ) ) ;
#1309 = EDGE_CURVE ( 'NONE', #1890, #4108, #2368, .T. ) ;
#1310 = CARTESIAN_POINT ( 'NONE',  ( -59.77252759091716428, -29.56101557123542278, 0.000000000000000000 ) ) ;
#1311 = VECTOR ( 'NONE', #4627, 1000.000000000000114 ) ;
#1312 = ORIENTED_EDGE ( 'NONE', *, *, #862, .F. ) ;
#1313 = CARTESIAN_POINT ( 'NONE',  ( -19.84041802259992693, -16.32788483778348620, 18.00000000000000000 ) ) ;
#1314 = CIRCLE ( 'NONE', #3337, 12.00000000000000355 ) ;
#1315 = CARTESIAN_POINT ( 'NONE',  ( -51.53359066566109448, -40.00000000000003553, 18.42427072746680849 ) ) ;
#1316 = ORIENTED_EDGE ( 'NONE', *, *, #3846, .F. ) ;
#1317 = DIRECTION ( 'NONE',  ( 0.000000000000000000, 0.9908301680442993531, -0.1351132047333101216 ) ) ;
#1318 = ORIENTED_EDGE ( 'NONE', *, *, #5922, .T. ) ;
#1319 = CONICAL_SURFACE ( 'NONE', #5243, 10.00000000000000888, 0.7853981633974466137 ) ;
#1320 = CARTESIAN_POINT ( 'NONE',  ( -70.00000000000000000, 2.864886795266675001, 14.28189710468294749 ) ) ;
#1321 = VECTOR ( 'NONE', #3129, 1000.000000000000000 ) ;
#1322 = ORIENTED_EDGE ( 'NONE', *, *, #4790, .T. ) ;
#1323 = CARTESIAN_POINT ( 'NONE',  ( -6.469414888816734432, -12.50450057863062270, 17.38697735163138347 ) ) ;
#1324 = CARTESIAN_POINT ( 'NONE',  ( 4.553649124439118623E-15, 4.040965734707399726, 13.18883839195379259 ) ) ;
#1325 = CARTESIAN_POINT ( 'NONE',  ( -41.82500000000000284, -25.60311589323426062, 17.79999999999998295 ) ) ;
#1326 = ORIENTED_EDGE ( 'NONE', *, *, #1894, .F. ) ;
#1327 =( BOUNDED_CURVE ( )  B_SPLINE_CURVE ( 3, ( #1462, #4164, #922, #5569 ),
 .UNSPECIFIED., .F., .T. ) 
 B_SPLINE_CURVE_WITH_KNOTS ( ( 4, 4 ),
 ( 4.712388980384689674, 7.853981633974482790 ),
 .UNSPECIFIED. ) 
 CURVE ( )  GEOMETRIC_REPRESENTATION_ITEM ( )  RATIONAL_B_SPLINE_CURVE ( ( 1.000000000000000000, 0.3333333333333333703, 0.3333333333333333703, 1.000000000000000000 ) ) 
 REPRESENTATION_ITEM ( '' )  );
#1328 = VECTOR ( 'NONE', #4549, 1000.000000000000114 ) ;
#1329 = ORIENTED_EDGE ( 'NONE', *, *, #5851, .T. ) ;
#1330 = DIRECTION ( 'NONE',  ( 0.000000000000000000, 0.000000000000000000, -1.000000000000000000 ) ) ;
#1331 = DIRECTION ( 'NONE',  ( 1.000000000000000000, 0.000000000000000000, 0.000000000000000000 ) ) ;
#1332 = PLANE ( 'NONE',  #3212 ) ;
#1333 = EDGE_CURVE ( 'NONE', #3896, #2872, #1059, .T. ) ;
#1334 = DIRECTION ( 'NONE',  ( 1.000000000000000000, 3.750144770645340280E-18, 2.750106165139985384E-17 ) ) ;
#1335 = LINE ( 'NONE', #437, #5204 ) ;
#1336 = ORIENTED_EDGE ( 'NONE', *, *, #2477, .T. ) ;
#1337 = ORIENTED_EDGE ( 'NONE', *, *, #4100, .F. ) ;
#1338 = DIRECTION ( 'NONE',  ( 0.000000000000000000, -0.9908301680442993531, 0.1351132047333100661 ) ) ;
#1339 = DIRECTION ( 'NONE',  ( -0.000000000000000000, -0.000000000000000000, 1.000000000000000000 ) ) ;
#1340 = ORIENTED_EDGE ( 'NONE', *, *, #835, .T. ) ;
#1341 = CARTESIAN_POINT ( 'NONE',  ( -21.42536361963174230, -40.00000000000002132, 16.87589803627712115 ) ) ;
#1342 = ADVANCED_FACE ( 'NONE', ( #5672 ), #4352, .F. ) ;
#1343 = EDGE_CURVE ( 'NONE', #3636, #1881, #4380, .T. ) ;
#1344 = CARTESIAN_POINT ( 'NONE',  ( -53.88259889229330923, -40.00000000000003553, 19.25674078561105063 ) ) ;
#1345 = ORIENTED_EDGE ( 'NONE', *, *, #2867, .T. ) ;
#1346 = CARTESIAN_POINT ( 'NONE',  ( -27.67500000000000426, -25.60311589323426062, 0.000000000000000000 ) ) ;
#1347 = VERTEX_POINT ( 'NONE', #5218 ) ;
#1348 = EDGE_CURVE ( 'NONE', #5807, #4845, #3176, .T. ) ;
#1349 = CARTESIAN_POINT ( 'NONE',  ( -19.84041802259992693, -15.79970186968179746, 21.87334176607914316 ) ) ;
#1350 = CIRCLE ( 'NONE', #2309, 7.324999999999998401 ) ;
#1351 = ORIENTED_EDGE ( 'NONE', *, *, #3109, .T. ) ;
#1352 = DIRECTION ( 'NONE',  ( 0.000000000000000000, 0.9908301680442994641, -0.1351132047333106490 ) ) ;
#1353 = CARTESIAN_POINT ( 'NONE',  ( -14.30197192846692289, -31.03239189981400159, 16.12862367142143327 ) ) ;
#1354 = DIRECTION ( 'NONE',  ( 0.000000000000000000, -0.000000000000000000, -1.000000000000000000 ) ) ;
#1355 = ORIENTED_EDGE ( 'NONE', *, *, #3078, .F. ) ;
#1356 = VECTOR ( 'NONE', #694, 999.9999999999998863 ) ;
#1357 = VERTEX_POINT ( 'NONE', #2898 ) ;
#1358 = CARTESIAN_POINT ( 'NONE',  ( -47.74914460353339507, -2.700476670787029576, 13.02230091267440493 ) ) ;
#1359 = LINE ( 'NONE', #3198, #5669 ) ;
#1360 = FACE_OUTER_BOUND ( 'NONE', #1638, .T. ) ;
#1361 = CARTESIAN_POINT ( 'NONE',  ( -9.041065536411256431, -13.74222030946754458, 18.00000000000000000 ) ) ;
#1362 = LINE ( 'NONE', #4063, #4066 ) ;
#1363 = VERTEX_POINT ( 'NONE', #3042 ) ;
#1364 = CARTESIAN_POINT ( 'NONE',  ( -39.92553249059081111, -19.50189885575665016, 1.071884106765687461 ) ) ;
#1365 = ORIENTED_EDGE ( 'NONE', *, *, #2525, .F. ) ;
#1366 = DIRECTION ( 'NONE',  ( 1.506754595348573811E-17, -0.1351132047333101494, -0.9908301680442994641 ) ) ;
#1367 = CARTESIAN_POINT ( 'NONE',  ( -21.45247240908284425, -29.56101557123542278, 3.026981782345765204 ) ) ;
#1368 = ORIENTED_EDGE ( 'NONE', *, *, #4462, .F. ) ;
#1369 = PLANE ( 'NONE',  #2925 ) ;
#1370 = AXIS2_PLACEMENT_3D ( 'NONE', #3763, #1836, #2383 ) ;
#1371 =( LENGTH_UNIT ( ) NAMED_UNIT ( * ) SI_UNIT ( .MILLI., .METRE. ) );
#1372 = ORIENTED_EDGE ( 'NONE', *, *, #4937, .F. ) ;
#1373 = LINE ( 'NONE', #5512, #2069 ) ;
#1374 = EDGE_LOOP ( 'NONE', ( #5095, #274, #5453, #900 ) ) ;
#1375 = EDGE_CURVE ( 'NONE', #2284, #1220, #928, .T. ) ;
#1376 = EDGE_CURVE ( 'NONE', #2572, #1499, #3460, .T. ) ;
#1377 = CYLINDRICAL_SURFACE ( 'NONE', #4658, 6.824999999999997513 ) ;
#1378 = ORIENTED_EDGE ( 'NONE', *, *, #1298, .F. ) ;
#1379 = VECTOR ( 'NONE', #648, 999.9999999999998863 ) ;
#1380 = EDGE_CURVE ( 'NONE', #2305, #3638, #2110, .T. ) ;
#1381 = CARTESIAN_POINT ( 'NONE',  ( 0.3060129960894142909, 2.948315497871566659, 13.96167541008985857 ) ) ;
#1382 = AXIS2_PLACEMENT_3D ( 'NONE', #348, #3056, #3112 ) ;
#1383 = CARTESIAN_POINT ( 'NONE',  ( -0.05038764453379455943, -12.86040512668506253, 11.37998161422757981 ) ) ;
#1384 = ORIENTED_EDGE ( 'NONE', *, *, #3438, .T. ) ;
#1385 = VECTOR ( 'NONE', #1583, 1000.000000000000000 ) ;
#1386 =( BOUNDED_CURVE ( )  B_SPLINE_CURVE ( 3, ( #99, #1953, #1438, #3340 ),
 .UNSPECIFIED., .F., .T. ) 
 B_SPLINE_CURVE_WITH_KNOTS ( ( 4, 4 ),
 ( 4.501793887525233018, 5.026664206160138093 ),
 .UNSPECIFIED. ) 
 CURVE ( )  GEOMETRIC_REPRESENTATION_ITEM ( )  RATIONAL_B_SPLINE_CURVE ( ( 1.000000000000000000, 0.9771740542044403677, 0.9771740542044403677, 1.000000000000000000 ) ) 
 REPRESENTATION_ITEM ( '' )  );
#1387 = EDGE_LOOP ( 'NONE', ( #1905, #1891, #476, #2104, #4586, #3559 ) ) ;
#1388 = AXIS2_PLACEMENT_3D ( 'NONE', #564, #4103, #3297 ) ;
#1389 = CARTESIAN_POINT ( 'NONE',  ( -4.994414888816734788, -7.525733215346136262, 7.999999999999998224 ) ) ;
#1390 = CARTESIAN_POINT ( 'NONE',  ( -0.4633116005725089193, -17.03642384506468943, 17.46331160057249932 ) ) ;
#1391 = DIRECTION ( 'NONE',  ( 0.000000000000000000, -0.9908301680442994641, 0.1351132047333102049 ) ) ;
#1392 = CARTESIAN_POINT ( 'NONE',  ( -48.63202159928502510, -28.22019910213640870, 4.328245370143864790 ) ) ;
#1393 = DIRECTION ( 'NONE',  ( 0.000000000000000000, 0.000000000000000000, -1.000000000000000000 ) ) ;
#1394 = ORIENTED_EDGE ( 'NONE', *, *, #4247, .T. ) ;
#1395 = LINE ( 'NONE', #1819, #2277 ) ;
#1396 = CIRCLE ( 'NONE', #5509, 3.224999999999998757 ) ;
#1397 = EDGE_LOOP ( 'NONE', ( #2458, #1322, #2783, #2549 ) ) ;
#1398 = CARTESIAN_POINT ( 'NONE',  ( -70.00000000000000000, -38.00000000000001421, 16.99999999999998934 ) ) ;
#1399 = DIRECTION ( 'NONE',  ( 1.000000000000000000, 9.912705577010323084E-17, 0.000000000000000000 ) ) ;
#1400 = ORIENTED_EDGE ( 'NONE', *, *, #1380, .F. ) ;
#1401 = AXIS2_PLACEMENT_3D ( 'NONE', #5901, #5426, #3639 ) ;
#1402 = DIRECTION ( 'NONE',  ( 1.000000000000000000, 0.000000000000000000, 0.000000000000000000 ) ) ;
#1403 = FILL_AREA_STYLE_COLOUR ( '', #2763 ) ;
#1404 = ORIENTED_EDGE ( 'NONE', *, *, #1563, .F. ) ;
#1405 = CYLINDRICAL_SURFACE ( 'NONE', #432, 7.999999999999984013 ) ;
#1406 = ORIENTED_EDGE ( 'NONE', *, *, #1419, .F. ) ;
#1407 = EDGE_CURVE ( 'NONE', #3757, #4911, #721, .T. ) ;
#1408 = CARTESIAN_POINT ( 'NONE',  ( -5.927578132572045355, -39.33291890751392117, 17.66708109248609304 ) ) ;
#1409 = EDGE_CURVE ( 'NONE', #769, #774, #1650, .T. ) ;
#1410 = VECTOR ( 'NONE', #3906, 1000.000000000000000 ) ;
#1411 = ORIENTED_EDGE ( 'NONE', *, *, #2895, .F. ) ;
#1412 = DIRECTION ( 'NONE',  ( -1.000000000000000000, 0.000000000000000000, -0.000000000000000000 ) ) ;
#1413 = DIRECTION ( 'NONE',  ( 0.000000000000000000, -0.000000000000000000, -1.000000000000000000 ) ) ;
#1414 = CARTESIAN_POINT ( 'NONE',  ( -44.41868445139100885, 4.009169831955664343, 15.13511320473330990 ) ) ;
#1415 = CARTESIAN_POINT ( 'NONE',  ( -35.00000000000000000, -25.60311589323426062, 17.49999999999999645 ) ) ;
#1416 = ORIENTED_EDGE ( 'NONE', *, *, #5084, .F. ) ;
#1417 = VECTOR ( 'NONE', #1708, 1000.000000000000114 ) ;
#1418 = EDGE_CURVE ( 'NONE', #4089, #4488, #2559, .T. ) ;
#1419 = EDGE_CURVE ( 'NONE', #3632, #3274, #749, .T. ) ;
#1420 = ORIENTED_EDGE ( 'NONE', *, *, #3157, .F. ) ;
#1421 = CARTESIAN_POINT ( 'NONE',  ( -27.67500000000000426, -25.60311589323426062, 17.49999999999999645 ) ) ;
#1422 = CARTESIAN_POINT ( 'NONE',  ( -69.73058511118331637, -7.525733215346147809, 15.97070807510330503 ) ) ;
#1423 = LINE ( 'NONE', #3768, #1191 ) ;
#1424 = LINE ( 'NONE', #977, #5720 ) ;
#1425 = EDGE_CURVE ( 'NONE', #5294, #1357, #779, .T. ) ;
#1426 = CARTESIAN_POINT ( 'NONE',  ( -36.51992020047068621, -19.60272956396748256, 12.29938949203879162 ) ) ;
#1427 = ORIENTED_EDGE ( 'NONE', *, *, #66, .F. ) ;
#1428 = ORIENTED_EDGE ( 'NONE', *, *, #1263, .F. ) ;
#1429 = DIRECTION ( 'NONE',  ( 0.000000000000000000, 0.000000000000000000, -1.000000000000000000 ) ) ;
#1430 = DIRECTION ( 'NONE',  ( 0.000000000000000000, -0.1351132047333099273, -0.9908301680442995751 ) ) ;
#1431 = LINE ( 'NONE', #3268, #1248 ) ;
#1432 = CARTESIAN_POINT ( 'NONE',  ( -44.32044426814735516, 4.339195839952974865, 14.70086845736843628 ) ) ;
#1433 = VERTEX_POINT ( 'NONE', #5278 ) ;
#1434 = DIRECTION ( 'NONE',  ( -0.4999999999999995004, -0.8660254037844390407, 0.000000000000000000 ) ) ;
#1435 = ORIENTED_EDGE ( 'NONE', *, *, #720, .T. ) ;
#1436 = CARTESIAN_POINT ( 'NONE',  ( -54.13709021705044933, -25.38601557123543273, 0.000000000000000000 ) ) ;
#1437 = ORIENTED_EDGE ( 'NONE', *, *, #4503, .T. ) ;
#1438 = CARTESIAN_POINT ( 'NONE',  ( -42.32500000000000284, -26.89960785785140018, 3.634482533945542659 ) ) ;
#1439 = AXIS2_PLACEMENT_3D ( 'NONE', #2503, #5619, #1510 ) ;
#1440 = ADVANCED_FACE ( 'NONE', ( #2591 ), #2864, .F. ) ;
#1441 = EDGE_LOOP ( 'NONE', ( #323, #5886, #4757, #5005 ) ) ;
#1442 = DIRECTION ( 'NONE',  ( -2.775557561562891043E-17, 0.1351132047333101216, 0.9908301680442994641 ) ) ;
#1443 = VECTOR ( 'NONE', #878, 1000.000000000000000 ) ;
#1444 = CARTESIAN_POINT ( 'NONE',  ( -3.369414888816732567, -15.95727432898450004, 7.999999999999998224 ) ) ;
#1445 = CARTESIAN_POINT ( 'NONE',  ( -58.95796496478386928, -33.73601557123543415, 0.000000000000000000 ) ) ;
#1446 = CARTESIAN_POINT ( 'NONE',  ( -19.84041802259992693, -12.43212415037618968, -3.759255797675890687 ) ) ;
#1447 = ORIENTED_EDGE ( 'NONE', *, *, #4056, .T. ) ;
#1448 = ORIENTED_EDGE ( 'NONE', *, *, #3961, .T. ) ;
#1449 = VECTOR ( 'NONE', #5288, 1000.000000000000000 ) ;
#1450 = CARTESIAN_POINT ( 'NONE',  ( -69.00000000000000000, -5.526765210436179743, 16.43546798324125646 ) ) ;
#1451 = DIRECTION ( 'NONE',  ( 1.000000000000000000, 0.000000000000000000, 0.000000000000000000 ) ) ;
#1452 = EDGE_CURVE ( 'NONE', #5058, #3177, #1304, .T. ) ;
#1453 = FACE_OUTER_BOUND ( 'NONE', #4977, .T. ) ;
#1454 = ORIENTED_EDGE ( 'NONE', *, *, #1646, .T. ) ;
#1455 = EDGE_CURVE ( 'NONE', #5343, #5629, #1093, .T. ) ;
#1456 = EDGE_CURVE ( 'NONE', #4736, #4659, #2703, .T. ) ;
#1457 = VERTEX_POINT ( 'NONE', #4581 ) ;
#1458 = DIRECTION ( 'NONE',  ( 1.000000000000000000, 0.000000000000000000, 0.000000000000000000 ) ) ;
#1459 = DIRECTION ( 'NONE',  ( 0.5030526657966803983, 0.8563306780462930368, -0.1167723651881278635 ) ) ;
#1460 = DIRECTION ( 'NONE',  ( 0.000000000000000000, 0.000000000000000000, -1.000000000000000000 ) ) ;
#1461 = EDGE_CURVE ( 'NONE', #4875, #5748, #5063, .T. ) ;
#1462 = CARTESIAN_POINT ( 'NONE',  ( -38.59428639541690842, -35.32460449163507832, 17.33769775418246439 ) ) ;
#1463 = ORIENTED_EDGE ( 'NONE', *, *, #1343, .T. ) ;
#1464 = MANIFOLD_SOLID_BREP ( 'Chamfer10', #4261 ) ;
#1465 = EDGE_CURVE ( 'NONE', #4736, #762, #1855, .T. ) ;
#1466 = FACE_OUTER_BOUND ( 'NONE', #3067, .T. ) ;
#1467 = ORIENTED_EDGE ( 'NONE', *, *, #1452, .F. ) ;
#1468 = DIRECTION ( 'NONE',  ( -0.000000000000000000, -0.000000000000000000, -1.000000000000000000 ) ) ;
#1469 = ORIENTED_EDGE ( 'NONE', *, *, #3109, .F. ) ;
#1470 = FACE_OUTER_BOUND ( 'NONE', #4898, .T. ) ;
#1471 = ORIENTED_EDGE ( 'NONE', *, *, #906, .F. ) ;
#1472 = DIRECTION ( 'NONE',  ( 0.4999999999999992228, 0.8580840963623680429, -0.1170114676857744729 ) ) ;
#1473 = CARTESIAN_POINT ( 'NONE',  ( -66.63058511118330784, -15.95727432898451070, 0.000000000000000000 ) ) ;
#1474 = CARTESIAN_POINT ( 'NONE',  ( -37.50701720033119102, 22.93398738001958748, 7.911884664933661604 ) ) ;
#1475 = VERTEX_POINT ( 'NONE', #4016 ) ;
#1476 = AXIS2_PLACEMENT_3D ( 'NONE', #2133, #3124, #5780 ) ;
#1477 = VERTEX_POINT ( 'NONE', #837 ) ;
#1478 = AXIS2_PLACEMENT_3D ( 'NONE', #492, #4121, #524 ) ;
#1479 = DIRECTION ( 'NONE',  ( -1.506754595348573503E-17, 0.1351132047333101494, 0.9908301680442993531 ) ) ;
#1480 = AXIS2_PLACEMENT_3D ( 'NONE', #4274, #2907, #3291 ) ;
#1481 = FACE_OUTER_BOUND ( 'NONE', #3719, .T. ) ;
#1482 = CARTESIAN_POINT ( 'NONE',  ( 0.000000000000000000, 0.000000000000000000, 15.00000000000000000 ) ) ;
#1483 = ORIENTED_EDGE ( 'NONE', *, *, #1774, .T. ) ;
#1484 = COLOUR_RGB ( '',0.5176470588235293491, 0.5176470588235293491, 0.5176470588235293491 ) ;
#1485 = AXIS2_PLACEMENT_3D ( 'NONE', #1669, #800, #5446 ) ;
#1486 = ORIENTED_EDGE ( 'NONE', *, *, #3520, .T. ) ;
#1487 = EDGE_CURVE ( 'NONE', #2061, #3254, #2217, .T. ) ;
#1488 = DIRECTION ( 'NONE',  ( -1.000000000000000000, 0.000000000000000000, 0.000000000000000000 ) ) ;
#1489 = DIRECTION ( 'NONE',  ( 0.000000000000000000, 0.9908301680442994641, -0.1351132047333097053 ) ) ;
#1490 = DIRECTION ( 'NONE',  ( -1.000000000000000000, 0.000000000000000000, 0.000000000000000000 ) ) ;
#1491 = CARTESIAN_POINT ( 'NONE',  ( -50.15958197740008018, -5.756286984505488036, 21.51303988679037005 ) ) ;
#1492 = EDGE_LOOP ( 'NONE', ( #2342, #2651, #4719, #4451 ) ) ;
#1493 = EDGE_CURVE ( 'NONE', #769, #154, #4106, .T. ) ;
#1494 = EDGE_CURVE ( 'NONE', #63, #3638, #624, .T. ) ;
#1495 = CONICAL_SURFACE ( 'NONE', #4742, 9.000000000000007105, 0.7853981633974447263 ) ;
#1496 = DIRECTION ( 'NONE',  ( 0.000000000000000000, 0.000000000000000000, -1.000000000000000000 ) ) ;
#1497 = EDGE_LOOP ( 'NONE', ( #3191, #4075 ) ) ;
#1498 = CARTESIAN_POINT ( 'NONE',  ( -24.60125786944513493, -34.00000000000000000, 18.00000000000000000 ) ) ;
#1499 = VERTEX_POINT ( 'NONE', #2461 ) ;
#1500 = FACE_OUTER_BOUND ( 'NONE', #2571, .T. ) ;
#1501 = AXIS2_PLACEMENT_3D ( 'NONE', #2204, #822, #1211 ) ;
#1502 = ORIENTED_EDGE ( 'NONE', *, *, #4212, .T. ) ;
#1503 = FACE_BOUND ( 'NONE', #1287, .T. ) ;
#1504 = CARTESIAN_POINT ( 'NONE',  ( -8.275851346396517982, -25.46040522330844169, 0.000000000000000000 ) ) ;
#1505 = AXIS2_PLACEMENT_3D ( 'NONE', #436, #4094, #1845 ) ;
#1506 = CARTESIAN_POINT ( 'NONE',  ( -41.65027129804472139, -30.12331601439838735, 0.3600923766701370488 ) ) ;
#1507 = AXIS2_PLACEMENT_3D ( 'NONE', #94, #539, #2428 ) ;
#1508 = VERTEX_POINT ( 'NONE', #2332 ) ;
#1509 = VERTEX_POINT ( 'NONE', #1020 ) ;
#1510 = DIRECTION ( 'NONE',  ( -1.000000000000000000, 0.000000000000000000, 0.000000000000000000 ) ) ;
#1511 = CARTESIAN_POINT ( 'NONE',  ( -3.369414888816732567, -15.95727432898450004, 0.000000000000000000 ) ) ;
#1512 = CIRCLE ( 'NONE', #2184, 10.00000000000000000 ) ;
#1513 = PLANE ( 'NONE',  #1480 ) ;
#1514 = ORIENTED_EDGE ( 'NONE', *, *, #983, .T. ) ;
#1515 = ORIENTED_EDGE ( 'NONE', *, *, #4711, .F. ) ;
#1516 = ADVANCED_FACE ( 'NONE', ( #4611 ), #507, .F. ) ;
#1517 = CARTESIAN_POINT ( 'NONE',  ( 4.336808689942017736E-15, 4.999999999999989342, 18.00000000000000000 ) ) ;
#1518 = CARTESIAN_POINT ( 'NONE',  ( -56.54752759091716285, -29.56101557123542278, 10.59999999999998899 ) ) ;
#1519 = DIRECTION ( 'NONE',  ( -0.000000000000000000, -0.000000000000000000, -1.000000000000000000 ) ) ;
#1520 = CARTESIAN_POINT ( 'NONE',  ( -50.15958197740008018, -6.431853008172040198, 16.55888904656887561 ) ) ;
#1521 = CARTESIAN_POINT ( 'NONE',  ( -19.91879542400667091, -29.56101557123542634, 11.99999999999999822 ) ) ;
#1522 = ORIENTED_EDGE ( 'NONE', *, *, #1608, .T. ) ;
#1523 = VECTOR ( 'NONE', #4069, 1000.000000000000000 ) ;
#1524 = DIRECTION ( 'NONE',  ( 0.000000000000000000, -0.1351132047333095387, -0.9908301680442994641 ) ) ;
#1525 = DIRECTION ( 'NONE',  ( 1.000000000000000000, 0.000000000000000000, 0.000000000000000000 ) ) ;
#1526 = ORIENTED_EDGE ( 'NONE', *, *, #4050, .F. ) ;
#1527 = EDGE_CURVE ( 'NONE', #1895, #2506, #3273, .T. ) ;
#1528 = CARTESIAN_POINT ( 'NONE',  ( -28.21250776595740462, -30.54655719209340248, 0.000000000000000000 ) ) ;
#1529 = ADVANCED_FACE ( 'NONE', ( #989 ), #596, .T. ) ;
#1530 = EDGE_CURVE ( 'NONE', #3983, #2993, #1697, .T. ) ;
#1531 = ORIENTED_EDGE ( 'NONE', *, *, #4713, .F. ) ;
#1532 = CARTESIAN_POINT ( 'NONE',  ( -13.45247240908284425, -29.56101557123542278, 23.00000000000000000 ) ) ;
#1533 = CARTESIAN_POINT ( 'NONE',  ( -50.15958197740008018, -5.756286984505489812, 21.51303988679037005 ) ) ;
#1534 = CARTESIAN_POINT ( 'NONE',  ( -62.62331417073760065, -6.170766159902585812, 28.52976582559919905 ) ) ;
#1535 = DIRECTION ( 'NONE',  ( -1.000000000000000000, 0.000000000000000000, 0.000000000000000000 ) ) ;
#1536 = EDGE_LOOP ( 'NONE', ( #3245, #1185, #2758, #3168 ) ) ;
#1537 = VECTOR ( 'NONE', #350, 1000.000000000000000 ) ;
#1538 = DIRECTION ( 'NONE',  ( -0.7559289460184545062, -1.846349385870693616E-15, -0.6546536707079770867 ) ) ;
#1539 = CARTESIAN_POINT ( 'NONE',  ( -35.00000000000000000, -25.60311589323426062, 17.49999999999999645 ) ) ;
#1540 = DIRECTION ( 'NONE',  ( 0.7071067811865532349, -0.09553946329476917243, -0.7006227308283250466 ) ) ;
#1541 = ORIENTED_EDGE ( 'NONE', *, *, #1263, .T. ) ;
#1542 = AXIS2_PLACEMENT_3D ( 'NONE', #2688, #404, #3646 ) ;
#1543 = ORIENTED_EDGE ( 'NONE', *, *, #3431, .T. ) ;
#1544 = SHAPE_DEFINITION_REPRESENTATION ( #5214, #4086 ) ;
#1545 = DIRECTION ( 'NONE',  ( -0.000000000000000000, -0.000000000000000000, 1.000000000000000000 ) ) ;
#1546 = CARTESIAN_POINT ( 'NONE',  ( -15.00916564689250343, -6.822208382116220271, 13.58435523694655522 ) ) ;
#1547 = CARTESIAN_POINT ( 'NONE',  ( 4.568105153405592278E-15, 2.999999999999987566, 0.000000000000000000 ) ) ;
#1548 = CARTESIAN_POINT ( 'NONE',  ( -68.00000000000000000, 4.009169831955663454, 15.13511320473330990 ) ) ;
#1549 = CARTESIAN_POINT ( 'NONE',  ( -23.53873273333381633, -40.00000000000002132, 15.49215541172951838 ) ) ;
#1550 = ORIENTED_EDGE ( 'NONE', *, *, #1024, .T. ) ;
#1551 = AXIS2_PLACEMENT_3D ( 'NONE', #3232, #1875, #1037 ) ;
#1552 = ORIENTED_EDGE ( 'NONE', *, *, #4019, .T. ) ;
#1553 = DIRECTION ( 'NONE',  ( 0.000000000000000000, -0.1351132047333103159, -0.9908301680442993531 ) ) ;
#1554 = DIRECTION ( 'NONE',  ( -0.000000000000000000, -0.000000000000000000, 1.000000000000000000 ) ) ;
#1555 = EDGE_LOOP ( 'NONE', ( #3560, #413 ) ) ;
#1556 = CARTESIAN_POINT ( 'NONE',  ( -13.45247240908284425, -29.56101557123542278, 23.00000000000000000 ) ) ;
#1557 = CARTESIAN_POINT ( 'NONE',  ( -44.59916666405968755, 4.999999999999984013, 14.07776251279591584 ) ) ;
#1558 = VERTEX_POINT ( 'NONE', #2007 ) ;
#1559 = ADVANCED_FACE ( 'NONE', ( #5572 ), #2828, .F. ) ;
#1560 = CARTESIAN_POINT ( 'NONE',  ( -0.2694148888167323674, -15.95727432898450004, 23.00000000000000000 ) ) ;
#1561 = CARTESIAN_POINT ( 'NONE',  ( -0.05038764453379455943, -12.86040512668506253, 11.37998161422757981 ) ) ;
#1562 = LINE ( 'NONE', #3794, #4271 ) ;
#1563 = EDGE_CURVE ( 'NONE', #2506, #3325, #1314, .T. ) ;
#1564 = ADVANCED_FACE ( 'NONE', ( #1104 ), #4642, .F. ) ;
#1565 = ORIENTED_EDGE ( 'NONE', *, *, #4678, .F. ) ;
#1566 = CARTESIAN_POINT ( 'NONE',  ( -19.84041802259992693, -5.756286984505489812, 21.51303988679037005 ) ) ;
#1567 = DIRECTION ( 'NONE',  ( 0.000000000000000000, 0.000000000000000000, -1.000000000000000000 ) ) ;
#1568 = DIRECTION ( 'NONE',  ( 0.000000000000000000, 0.000000000000000000, 1.000000000000000000 ) ) ;
#1569 = AXIS2_PLACEMENT_3D ( 'NONE', #3809, #3360, #1578 ) ;
#1570 = VERTEX_POINT ( 'NONE', #4288 ) ;
#1571 = ADVANCED_FACE ( 'NONE', ( #1466 ), #3335, .F. ) ;
#1572 = VECTOR ( 'NONE', #5763, 1000.000000000000000 ) ;
#1573 = VERTEX_POINT ( 'NONE', #4698 ) ;
#1574 = LINE ( 'NONE', #3416, #2701 ) ;
#1575 = DIRECTION ( 'NONE',  ( -0.7071067811865526798, 0.000000000000000000, -0.7071067811865424657 ) ) ;
#1576 = CARTESIAN_POINT ( 'NONE',  ( -51.06010795148004178, -23.43958758733120717, 1.374706511703372103 ) ) ;
#1577 = LINE ( 'NONE', #3864, #5174 ) ;
#1578 = DIRECTION ( 'NONE',  ( -1.000000000000000000, 0.000000000000000000, 0.000000000000000000 ) ) ;
#1579 = ORIENTED_EDGE ( 'NONE', *, *, #5508, .T. ) ;
#1580 = VECTOR ( 'NONE', #932, 1000.000000000000114 ) ;
#1581 = CIRCLE ( 'NONE', #1286, 3.224999999999998757 ) ;
#1582 = CARTESIAN_POINT ( 'NONE',  ( -15.29930920995813892, -26.36220039883141553, 20.79881517240401934 ) ) ;
#1583 = DIRECTION ( 'NONE',  ( 0.7071067811865489050, 0.7071067811865462405, -0.000000000000000000 ) ) ;
#1584 = CIRCLE ( 'NONE', #153, 8.000000000000001776 ) ;
#1585 = ORIENTED_EDGE ( 'NONE', *, *, #5378, .F. ) ;
#1586 = FACE_OUTER_BOUND ( 'NONE', #4263, .T. ) ;
#1587 = CARTESIAN_POINT ( 'NONE',  ( -50.15958197740008018, 4.999999999999984901, 15.54030560076858514 ) ) ;
#1588 = CIRCLE ( 'NONE', #4944, 7.324999999999998401 ) ;
#1589 = ORIENTED_EDGE ( 'NONE', *, *, #4129, .F. ) ;
#1590 = LINE ( 'NONE', #1169, #745 ) ;
#1591 = EDGE_CURVE ( 'NONE', #4997, #1475, #4393, .T. ) ;
#1592 = DIRECTION ( 'NONE',  ( 0.000000000000000000, 0.9908301680442993531, -0.1351132047333102604 ) ) ;
#1593 = VECTOR ( 'NONE', #3189, 1000.000000000000114 ) ;
#1594 = DIRECTION ( 'NONE',  ( 0.000000000000000000, -0.9908301680442994641, 0.1351132047333098718 ) ) ;
#1595 = EDGE_LOOP ( 'NONE', ( #3747, #1295, #1565, #4534 ) ) ;
#1596 = AXIS2_PLACEMENT_3D ( 'NONE', #4007, #2722, #4596 ) ;
#1597 = CARTESIAN_POINT ( 'NONE',  ( -10.67557858107773683, -2.197597792550265439, 18.00000000000000000 ) ) ;
#1598 = CARTESIAN_POINT ( 'NONE',  ( 7.560683177559354817, -4.365162467821365411, 11.99999999999999822 ) ) ;
#1599 = EDGE_CURVE ( 'NONE', #762, #4766, #5633, .T. ) ;
#1600 = CARTESIAN_POINT ( 'NONE',  ( -1.000000000000002220, -1.156482317317873697E-16, 18.00000000000000000 ) ) ;
#1601 = ORIENTED_EDGE ( 'NONE', *, *, #421, .F. ) ;
#1602 = EDGE_CURVE ( 'NONE', #2876, #3817, #848, .T. ) ;
#1603 = VERTEX_POINT ( 'NONE', #5122 ) ;
#1604 = PRODUCT_CONTEXT ( 'NONE', #4882, 'mechanical' ) ;
#1605 = AXIS2_PLACEMENT_3D ( 'NONE', #2406, #2465, #2893 ) ;
#1606 = ORIENTED_EDGE ( 'NONE', *, *, #1924, .F. ) ;
#1607 = DIRECTION ( 'NONE',  ( -0.000000000000000000, -0.000000000000000000, 1.000000000000000000 ) ) ;
#1608 = EDGE_CURVE ( 'NONE', #3028, #3986, #3640, .T. ) ;
#1609 = CARTESIAN_POINT ( 'NONE',  ( -13.45247240908284425, -29.56101557123542278, 0.000000000000000000 ) ) ;
#1610 = FACE_BOUND ( 'NONE', #85, .T. ) ;
#1611 = CARTESIAN_POINT ( 'NONE',  ( -50.15958197740008018, -14.67375849690413858, 22.72905872939015737 ) ) ;
#1612 = CARTESIAN_POINT ( 'NONE',  ( -50.15958197740008018, 1.494788336182339306, 15.47798340870239286 ) ) ;
#1613 = ORIENTED_EDGE ( 'NONE', *, *, #3447, .T. ) ;
#1614 = VECTOR ( 'NONE', #5670, 1000.000000000000000 ) ;
#1615 = VERTEX_POINT ( 'NONE', #3364 ) ;
#1616 = DIRECTION ( 'NONE',  ( -1.145877568808327033E-16, 0.9908301680442993531, -0.1351132047333101216 ) ) ;
#1617 = DIRECTION ( 'NONE',  ( -0.000000000000000000, -0.000000000000000000, 1.000000000000000000 ) ) ;
#1618 = EDGE_LOOP ( 'NONE', ( #627, #13, #3487, #2937 ) ) ;
#1619 = CARTESIAN_POINT ( 'NONE',  ( -1.000000000000001110, -5.526765210436202835, 16.43546798324126001 ) ) ;
#1620 = CARTESIAN_POINT ( 'NONE',  ( -13.45247240908284425, -29.56101557123542278, 20.00000000000000355 ) ) ;
#1621 = ORIENTED_EDGE ( 'NONE', *, *, #797, .F. ) ;
#1622 = LINE ( 'NONE', #1560, #1614 ) ;
#1623 = DIRECTION ( 'NONE',  ( -1.000000000000000000, -1.115179377413661316E-16, -0.000000000000000000 ) ) ;
#1624 = CARTESIAN_POINT ( 'NONE',  ( -0.2694148888167323674, -15.95727432898450004, 17.12046368150855002 ) ) ;
#1625 = ADVANCED_FACE ( 'NONE', ( #1077 ), #190, .T. ) ;
#1626 = VERTEX_POINT ( 'NONE', #3723 ) ;
#1627 = CARTESIAN_POINT ( 'NONE',  ( -66.63058511118330784, -15.95727432898451070, 7.999999999999998224 ) ) ;
#1628 = LINE ( 'NONE', #4390, #4358 ) ;
#1629 = FACE_OUTER_BOUND ( 'NONE', #3540, .T. ) ;
#1630 = ORIENTED_EDGE ( 'NONE', *, *, #4528, .T. ) ;
#1631 = ORIENTED_EDGE ( 'NONE', *, *, #4425, .T. ) ;
#1632 = DIRECTION ( 'NONE',  ( -1.000000000000000000, 0.000000000000000000, 0.000000000000000000 ) ) ;
#1633 = DIRECTION ( 'NONE',  ( 1.000000000000000000, 0.000000000000000000, 0.000000000000000000 ) ) ;
#1634 = EDGE_CURVE ( 'NONE', #5644, #1667, #5540, .T. ) ;
#1635 = DIRECTION ( 'NONE',  ( -0.000000000000000000, -0.000000000000000000, 1.000000000000000000 ) ) ;
#1636 = LINE ( 'NONE', #1242, #2303 ) ;
#1637 = DIRECTION ( 'NONE',  ( 0.2185859939626404458, -0.6724731691624353802, -0.7071067811865440200 ) ) ;
#1638 = EDGE_LOOP ( 'NONE', ( #5257, #5102, #1265, #1985 ) ) ;
#1639 = AXIS2_PLACEMENT_3D ( 'NONE', #4868, #4398, #1210 ) ;
#1640 = VERTEX_POINT ( 'NONE', #3898 ) ;
#1641 = CARTESIAN_POINT ( 'NONE',  ( -45.39874213055486507, -34.00000000000000711, 18.00000000000000000 ) ) ;
#1642 = EDGE_CURVE ( 'NONE', #2367, #481, #2587, .T. ) ;
#1643 = CARTESIAN_POINT ( 'NONE',  ( -35.00000000000000000, -25.60311589323426062, 5.000000000000000000 ) ) ;
#1644 = VERTEX_POINT ( 'NONE', #5777 ) ;
#1645 = DIRECTION ( 'NONE',  ( 0.000000000000000000, -0.000000000000000000, -1.000000000000000000 ) ) ;
#1646 = EDGE_CURVE ( 'NONE', #2328, #855, #3032, .T. ) ;
#1647 = DIRECTION ( 'NONE',  ( 0.9999937747928691056, -0.003496153129678520200, 0.0004767481540470868101 ) ) ;
#1648 = ORIENTED_EDGE ( 'NONE', *, *, #3514, .T. ) ;
#1649 = DIRECTION ( 'NONE',  ( -0.3802720714474576158, -0.5588727914590198020, 0.7369222174991486574 ) ) ;
#1650 = LINE ( 'NONE', #3013, #168 ) ;
#1651 = DIRECTION ( 'NONE',  ( -1.000000000000000000, 2.602085213965210642E-15, 0.000000000000000000 ) ) ;
#1652 = VERTEX_POINT ( 'NONE', #1701 ) ;
#1653 = LINE ( 'NONE', #5818, #2982 ) ;
#1654 = DIRECTION ( 'NONE',  ( 0.4969411089961883188, -0.8598268311759713622, 0.1172491133421749293 ) ) ;
#1655 = VECTOR ( 'NONE', #4114, 999.9999999999998863 ) ;
#1656 = DIRECTION ( 'NONE',  ( -2.775557561562891351E-17, 0.1351132047333101216, 0.9908301680442994641 ) ) ;
#1657 = ORIENTED_EDGE ( 'NONE', *, *, #1348, .F. ) ;
#1658 = ORIENTED_EDGE ( 'NONE', *, *, #5104, .F. ) ;
#1659 = PLANE ( 'NONE',  #4988 ) ;
#1660 = DIRECTION ( 'NONE',  ( -1.000000000000000000, 0.000000000000000000, 0.000000000000000000 ) ) ;
#1661 = CARTESIAN_POINT ( 'NONE',  ( -50.15958197740008018, -6.837192622371970785, 13.58639854243597433 ) ) ;
#1662 = PLANE ( 'NONE',  #485 ) ;
#1663 = DIRECTION ( 'NONE',  ( 0.000000000000000000, 0.000000000000000000, -1.000000000000000000 ) ) ;
#1664 = ORIENTED_EDGE ( 'NONE', *, *, #2300, .T. ) ;
#1665 = AXIS2_PLACEMENT_3D ( 'NONE', #3114, #3504, #296 ) ;
#1666 = EDGE_CURVE ( 'NONE', #1911, #1640, #3538, .T. ) ;
#1667 = VERTEX_POINT ( 'NONE', #4373 ) ;
#1668 = DIRECTION ( 'NONE',  ( 0.000000000000000000, 0.9908301680442993531, -0.1351132047333102604 ) ) ;
#1669 = CARTESIAN_POINT ( 'NONE',  ( -3.408613729033100488E-16, 1.288712252330308061, 9.450556517089168551 ) ) ;
#1670 = EDGE_LOOP ( 'NONE', ( #2790, #5111 ) ) ;
#1671 = AXIS2_PLACEMENT_3D ( 'NONE', #137, #3381, #4360 ) ;
#1672 = LINE ( 'NONE', #3573, #5394 ) ;
#1673 = AXIS2_PLACEMENT_3D ( 'NONE', #1135, #4759, #2973 ) ;
#1674 = CARTESIAN_POINT ( 'NONE',  ( -45.07467575623890355, 4.999999999999984901, 14.30709993024786364 ) ) ;
#1675 = EDGE_CURVE ( 'NONE', #452, #4705, #5358, .T. ) ;
#1676 = EDGE_CURVE ( 'NONE', #4997, #1696, #740, .T. ) ;
#1677 = VECTOR ( 'NONE', #701, 1000.000000000000114 ) ;
#1678 = ORIENTED_EDGE ( 'NONE', *, *, #354, .F. ) ;
#1679 = CARTESIAN_POINT ( 'NONE',  ( -48.81010877487345567, -31.91814331852535602, 0.8664755647611741551 ) ) ;
#1680 = B_SPLINE_CURVE_WITH_KNOTS ( 'NONE', 3,
 ( #3181, #5475, #5032, #5062 ),
 .UNSPECIFIED., .F., .F.,
 ( 4, 4 ),
 ( 0.000000000000000000, 0.001662597726917527940 ),
 .UNSPECIFIED. ) ;
#1681 = DIRECTION ( 'NONE',  ( 0.000000000000000000, 0.6050832675335536814, -0.7961621941231056265 ) ) ;
#1682 = DIRECTION ( 'NONE',  ( -0.4999999999999993894, -0.8660254037844389297, 0.000000000000000000 ) ) ;
#1683 = AXIS2_PLACEMENT_3D ( 'NONE', #3136, #5431, #2685 ) ;
#1684 = ORIENTED_EDGE ( 'NONE', *, *, #2486, .F. ) ;
#1685 = AXIS2_PLACEMENT_3D ( 'NONE', #5219, #4327, #4442 ) ;
#1686 = DIRECTION ( 'NONE',  ( -0.000000000000000000, 0.000000000000000000, 1.000000000000000000 ) ) ;
#1687 = CARTESIAN_POINT ( 'NONE',  ( -19.84041802259992693, -0.6158457650042806764, 0.000000000000000000 ) ) ;
#1688 = DIRECTION ( 'NONE',  ( -0.7071067811865514585, -8.177564888978039777E-17, -0.7071067811865436870 ) ) ;
#1689 = ORIENTED_EDGE ( 'NONE', *, *, #2746, .T. ) ;
#1690 = EDGE_LOOP ( 'NONE', ( #3147, #4349, #2476, #2915, #2891, #2999 ) ) ;
#1691 = CARTESIAN_POINT ( 'NONE',  ( -19.84041802259992693, -6.837192622371971673, 13.58639854243597433 ) ) ;
#1692 = FACE_OUTER_BOUND ( 'NONE', #5589, .T. ) ;
#1693 = CARTESIAN_POINT ( 'NONE',  ( -54.98045672513345039, -9.261467612634431745, -4.191618052822483342 ) ) ;
#1694 = DIRECTION ( 'NONE',  ( 1.000000000000000000, 1.115179377413661316E-16, 0.000000000000000000 ) ) ;
#1695 = DIRECTION ( 'NONE',  ( 0.000000000000000000, 0.6050832675335574562, -0.7961621941231028510 ) ) ;
#1696 = VERTEX_POINT ( 'NONE', #4315 ) ;
#1697 = CIRCLE ( 'NONE', #4565, 3.100000000000000533 ) ;
#1698 = ADVANCED_FACE ( 'NONE', ( #210 ), #2582, .F. ) ;
#1699 = AXIS2_PLACEMENT_3D ( 'NONE', #1532, #5186, #2921 ) ;
#1700 = VERTEX_POINT ( 'NONE', #5327 ) ;
#1701 = CARTESIAN_POINT ( 'NONE',  ( -44.54966586480616542, -34.00000000000000711, 18.00000000000000000 ) ) ;
#1702 = DIRECTION ( 'NONE',  ( 0.000000000000000000, 0.000000000000000000, -1.000000000000000000 ) ) ;
#1703 = ORIENTED_EDGE ( 'NONE', *, *, #5039, .T. ) ;
#1704 = CYLINDRICAL_SURFACE ( 'NONE', #1959, 1.625000000000001332 ) ;
#1705 = CIRCLE ( 'NONE', #4677, 6.824999999999997513 ) ;
#1706 = FACE_OUTER_BOUND ( 'NONE', #124, .T. ) ;
#1707 = VERTEX_POINT ( 'NONE', #5750 ) ;
#1708 = DIRECTION ( 'NONE',  ( -0.4999999999999996114, 0.8660254037844388186, 0.000000000000000000 ) ) ;
#1709 = ADVANCED_FACE ( 'NONE', ( #5295 ), #2283, .T. ) ;
#1710 = DIRECTION ( 'NONE',  ( -0.8660254037844388186, 0.4999999999999997780, 0.000000000000000000 ) ) ;
#1711 = EDGE_CURVE ( 'NONE', #3611, #5790, #5354, .T. ) ;
#1712 = AXIS2_PLACEMENT_3D ( 'NONE', #3151, #4969, #3120 ) ;
#1713 = ORIENTED_EDGE ( 'NONE', *, *, #5017, .F. ) ;
#1714 = EDGE_CURVE ( 'NONE', #5058, #2866, #4396, .T. ) ;
#1715 = CARTESIAN_POINT ( 'NONE',  ( -20.89119994187077722, -26.61732185535009521, 5.000000000000000000 ) ) ;
#1716 = CARTESIAN_POINT ( 'NONE',  ( -4.994414888816734788, -7.525733215346136262, 0.000000000000000000 ) ) ;
#1717 = CARTESIAN_POINT ( 'NONE',  ( -15.87734353967926815, -33.76101557123542563, 0.000000000000000000 ) ) ;
#1718 = ORIENTED_EDGE ( 'NONE', *, *, #4783, .T. ) ;
#1719 = ORIENTED_EDGE ( 'NONE', *, *, #1602, .F. ) ;
#1720 = CARTESIAN_POINT ( 'NONE',  ( -48.54752759091716285, -29.56101557123542278, 23.00000000000000000 ) ) ;
#1721 = DIRECTION ( 'NONE',  ( -0.000000000000000000, 0.000000000000000000, 1.000000000000000000 ) ) ;
#1722 = DIRECTION ( 'NONE',  ( -0.000000000000000000, -0.000000000000000000, 1.000000000000000000 ) ) ;
#1723 = FACE_OUTER_BOUND ( 'NONE', #860, .T. ) ;
#1724 = DIRECTION ( 'NONE',  ( 0.2810846377148251141, -0.6785983445458483310, -0.6785983445458436680 ) ) ;
#1725 = ORIENTED_EDGE ( 'NONE', *, *, #3007, .F. ) ;
#1726 = CIRCLE ( 'NONE', #2718, 12.00000000000001066 ) ;
#1727 = ORIENTED_EDGE ( 'NONE', *, *, #5119, .T. ) ;
#1728 = AXIS2_PLACEMENT_3D ( 'NONE', #5242, #5549, #2976 ) ;
#1729 = CYLINDRICAL_SURFACE ( 'NONE', #5641, 7.999999999999984013 ) ;
#1730 = CONICAL_SURFACE ( 'NONE', #2600, 10.00000000000000178, 0.7853981633974423948 ) ;
#1731 = CARTESIAN_POINT ( 'NONE',  ( -10.22747240908284461, -29.56101557123542278, 15.00000000000000000 ) ) ;
#1732 = ORIENTED_EDGE ( 'NONE', *, *, #899, .F. ) ;
#1733 = DIRECTION ( 'NONE',  ( -0.000000000000000000, -0.000000000000000000, 1.000000000000000000 ) ) ;
#1734 = ADVANCED_FACE ( 'NONE', ( #1188, #4343 ), #4758, .F. ) ;
#1735 = VECTOR ( 'NONE', #4365, 1000.000000000000114 ) ;
#1736 = VECTOR ( 'NONE', #673, 1000.000000000000000 ) ;
#1737 = CARTESIAN_POINT ( 'NONE',  ( -58.87880986939995864, -40.00000000000003553, 19.33231901650108142 ) ) ;
#1738 = VERTEX_POINT ( 'NONE', #4815 ) ;
#1739 = PLANE ( 'NONE',  #5533 ) ;
#1740 = CARTESIAN_POINT ( 'NONE',  ( -13.45247240908284425, -29.56101557123542278, 20.00000000000000355 ) ) ;
#1741 = EDGE_CURVE ( 'NONE', #3783, #2687, #708, .T. ) ;
#1742 = VERTEX_POINT ( 'NONE', #3867 ) ;
#1743 = CYLINDRICAL_SURFACE ( 'NONE', #5649, 3.125000000000002665 ) ;
#1744 = FACE_OUTER_BOUND ( 'NONE', #2379, .T. ) ;
#1745 = DIRECTION ( 'NONE',  ( 0.000000000000000000, 0.000000000000000000, -1.000000000000000000 ) ) ;
#1746 = ORIENTED_EDGE ( 'NONE', *, *, #5524, .F. ) ;
#1747 =( BOUNDED_CURVE ( )  B_SPLINE_CURVE ( 3, ( #1928, #1898, #873, #5487 ),
 .UNSPECIFIED., .F., .T. ) 
 B_SPLINE_CURVE_WITH_KNOTS ( ( 4, 4 ),
 ( 0.3555571778643020764, 0.7007987360226736184 ),
 .UNSPECIFIED. ) 
 CURVE ( )  GEOMETRIC_REPRESENTATION_ITEM ( )  RATIONAL_B_SPLINE_CURVE ( ( 1.000000000000000000, 0.9900919954146433222, 0.9900919954146433222, 1.000000000000000000 ) ) 
 REPRESENTATION_ITEM ( '' )  );
#1748 = EDGE_CURVE ( 'NONE', #4479, #762, #3061, .T. ) ;
#1749 = ADVANCED_FACE ( 'NONE', ( #4406 ), #4112, .T. ) ;
#1750 = EDGE_CURVE ( 'NONE', #4636, #1508, #3508, .T. ) ;
#1751 = VERTEX_POINT ( 'NONE', #273 ) ;
#1752 = DIRECTION ( 'NONE',  ( -0.000000000000000000, 0.000000000000000000, 1.000000000000000000 ) ) ;
#1753 = DIRECTION ( 'NONE',  ( 1.506754595348573811E-17, -0.1351132047333101494, -0.9908301680442994641 ) ) ;
#1754 = DIRECTION ( 'NONE',  ( -1.506754595348573503E-17, 0.1351132047333101494, 0.9908301680442993531 ) ) ;
#1755 = CARTESIAN_POINT ( 'NONE',  ( 19.00000000000001776, -19.00000000000008527, 0.000000000000000000 ) ) ;
#1756 = FACE_OUTER_BOUND ( 'NONE', #4515, .T. ) ;
#1757 = ORIENTED_EDGE ( 'NONE', *, *, #4460, .F. ) ;
#1758 = ORIENTED_EDGE ( 'NONE', *, *, #5370, .F. ) ;
#1759 = CARTESIAN_POINT ( 'NONE',  ( -1.721921420558486737, 4.721921420558484961, 13.92151416819117848 ) ) ;
#1760 = CARTESIAN_POINT ( 'NONE',  ( 1.895804941603288061E-15, -17.00000000000056843, 18.00000000000000000 ) ) ;
#1761 = ORIENTED_EDGE ( 'NONE', *, *, #2493, .F. ) ;
#1762 = DIRECTION ( 'NONE',  ( 1.000000000000000000, 0.000000000000000000, 0.000000000000000000 ) ) ;
#1763 = VECTOR ( 'NONE', #1695, 1000.000000000000000 ) ;
#1764 = AXIS2_PLACEMENT_3D ( 'NONE', #3743, #3678, #1391 ) ;
#1765 = DIRECTION ( 'NONE',  ( -0.000000000000000000, -0.000000000000000000, 1.000000000000000000 ) ) ;
#1766 = VERTEX_POINT ( 'NONE', #3956 ) ;
#1767 = AXIS2_PLACEMENT_3D ( 'NONE', #2880, #1568, #5560 ) ;
#1768 = CARTESIAN_POINT ( 'NONE',  ( 0.000000000000000000, -35.16101557123543841, 11.99999999999999822 ) ) ;
#1769 = ORIENTED_EDGE ( 'NONE', *, *, #292, .T. ) ;
#1770 = DIRECTION ( 'NONE',  ( 0.7071067811865426878, 8.659560562354873694E-17, -0.7071067811865523467 ) ) ;
#1771 = VECTOR ( 'NONE', #398, 1000.000000000000000 ) ;
#1772 = AXIS2_PLACEMENT_3D ( 'NONE', #5751, #3033, #2519 ) ;
#1773 =( BOUNDED_CURVE ( )  B_SPLINE_CURVE ( 3, ( #1624, #5308, #3490, #5340 ),
 .UNSPECIFIED., .F., .T. ) 
 B_SPLINE_CURVE_WITH_KNOTS ( ( 4, 4 ),
 ( 6.148885402391233157, 6.849684138413890899 ),
 .UNSPECIFIED. ) 
 CURVE ( )  GEOMETRIC_REPRESENTATION_ITEM ( )  RATIONAL_B_SPLINE_CURVE ( ( 1.000000000000000000, 0.9594904636820213994, 0.9594904636820213994, 1.000000000000000000 ) ) 
 REPRESENTATION_ITEM ( '' )  );
#1774 = EDGE_CURVE ( 'NONE', #3207, #3451, #2681, .T. ) ;
#1775 = EDGE_LOOP ( 'NONE', ( #1406, #4249, #4443, #1949, #5869 ) ) ;
#1776 = DIRECTION ( 'NONE',  ( 1.000000000000000000, 0.000000000000000000, 0.000000000000000000 ) ) ;
#1777 = DIRECTION ( 'NONE',  ( -0.6136161398584811799, -0.2526287735510008292, 0.7481002176709308227 ) ) ;
#1778 = DIRECTION ( 'NONE',  ( 0.4999999999999997224, 0.8660254037844387076, 0.000000000000000000 ) ) ;
#1779 = VERTEX_POINT ( 'NONE', #3570 ) ;
#1780 = AXIS2_PLACEMENT_3D ( 'NONE', #1988, #1957, #103 ) ;
#1781 = VERTEX_POINT ( 'NONE', #1247 ) ;
#1782 = CYLINDRICAL_SURFACE ( 'NONE', #1542, 7.324999999999998401 ) ;
#1783 = ADVANCED_FACE ( 'NONE', ( #4909 ), #411, .F. ) ;
#1784 = LINE ( 'NONE', #5437, #445 ) ;
#1785 = CARTESIAN_POINT ( 'NONE',  ( 0.000000000000000000, -33.76101557123541852, 0.000000000000000000 ) ) ;
#1786 = DIRECTION ( 'NONE',  ( -0.000000000000000000, 0.000000000000000000, 1.000000000000000000 ) ) ;
#1787 = EDGE_CURVE ( 'NONE', #1029, #1477, #2211, .T. ) ;
#1788 = DIRECTION ( 'NONE',  ( -0.000000000000000000, -0.000000000000000000, -1.000000000000000000 ) ) ;
#1789 = ORIENTED_EDGE ( 'NONE', *, *, #3296, .T. ) ;
#1790 = AXIS2_PLACEMENT_3D ( 'NONE', #1240, #3562, #5381 ) ;
#1791 = EDGE_CURVE ( 'NONE', #5611, #2993, #2670, .T. ) ;
#1792 = ORIENTED_EDGE ( 'NONE', *, *, #906, .T. ) ;
#1793 = DIRECTION ( 'NONE',  ( 1.506754595348573503E-17, -0.1351132047333101494, -0.9908301680442994641 ) ) ;
#1794 = CARTESIAN_POINT ( 'NONE',  ( -66.63058511118330784, -7.525733215346147809, 0.000000000000000000 ) ) ;
#1795 = CIRCLE ( 'NONE', #1596, 8.000000000000000000 ) ;
#1796 = ORIENTED_EDGE ( 'NONE', *, *, #5263, .F. ) ;
#1797 = CARTESIAN_POINT ( 'NONE',  ( -18.44273342708534713, -40.00000000000002842, 18.45277819949020071 ) ) ;
#1798 = PRESENTATION_LAYER_ASSIGNMENT (  '', '', ( #3525 ) ) ;
#1799 = CARTESIAN_POINT ( 'NONE',  ( -48.56157007611141552, -40.00000000000004263, 16.86783871689048198 ) ) ;
#1800 = ORIENTED_EDGE ( 'NONE', *, *, #3938, .F. ) ;
#1801 = CARTESIAN_POINT ( 'NONE',  ( -7.446265286857506105, 3.564240208640272467, -5.940578210268988357 ) ) ;
#1802 = ORIENTED_EDGE ( 'NONE', *, *, #2321, .F. ) ;
#1803 = VECTOR ( 'NONE', #3095, 999.9999999999998863 ) ;
#1804 = DIRECTION ( 'NONE',  ( 8.878636599624903311E-17, -0.7961621941230974109, -0.6050832675335645616 ) ) ;
#1805 = EDGE_LOOP ( 'NONE', ( #3510, #5585 ) ) ;
#1806 = VECTOR ( 'NONE', #191, 1000.000000000000114 ) ;
#1807 = CARTESIAN_POINT ( 'NONE',  ( -28.49805140617471011, -29.69912461812707249, 0.7176565714706751864 ) ) ;
#1808 = CARTESIAN_POINT ( 'NONE',  ( -3.369414888816732567, -15.95727432898450004, 23.00000000000000000 ) ) ;
#1809 = VERTEX_POINT ( 'NONE', #5860 ) ;
#1810 = ADVANCED_FACE ( 'NONE', ( #2759 ), #3600, .F. ) ;
#1811 = VECTOR ( 'NONE', #4012, 1000.000000000000227 ) ;
#1812 = ORIENTED_EDGE ( 'NONE', *, *, #4341, .T. ) ;
#1813 = CARTESIAN_POINT ( 'NONE',  ( -70.00000000000000000, 2.843028966903862198, 14.30221197380618570 ) ) ;
#1814 = DIRECTION ( 'NONE',  ( 0.7071067811865462405, -0.7071067811865489050, 0.000000000000000000 ) ) ;
#1815 = CARTESIAN_POINT ( 'NONE',  ( -0.000000000000000000, -25.38601557123543273, 15.00000000000000000 ) ) ;
#1816 = FACE_OUTER_BOUND ( 'NONE', #1107, .T. ) ;
#1817 = DIRECTION ( 'NONE',  ( 0.6123724356957960246, 0.4458508287089359423, 0.6528529991809436384 ) ) ;
#1818 = ORIENTED_EDGE ( 'NONE', *, *, #4900, .F. ) ;
#1819 = CARTESIAN_POINT ( 'NONE',  ( 3.370319896183510194E-15, -34.00000000000000000, 18.00000000000000000 ) ) ;
#1820 = ORIENTED_EDGE ( 'NONE', *, *, #5742, .T. ) ;
#1821 = EDGE_CURVE ( 'NONE', #3757, #297, #5831, .T. ) ;
#1822 = EDGE_CURVE ( 'NONE', #297, #78, #2186, .T. ) ;
#1823 = CARTESIAN_POINT ( 'NONE',  ( -69.00000000000000000, 0.000000000000000000, 18.00000000000000000 ) ) ;
#1824 = FACE_OUTER_BOUND ( 'NONE', #2749, .T. ) ;
#1825 = VERTEX_POINT ( 'NONE', #5416 ) ;
#1826 = CARTESIAN_POINT ( 'NONE',  ( -44.22463926279079516, 4.669489783777661884, 14.26627116286227803 ) ) ;
#1827 = VECTOR ( 'NONE', #3197, 1000.000000000000114 ) ;
#1828 = EDGE_CURVE ( 'NONE', #223, #562, #3205, .T. ) ;
#1829 = CARTESIAN_POINT ( 'NONE',  ( -60.50736487233903915, -40.00000000000001421, 18.86245755118861211 ) ) ;
#1830 = ORIENTED_EDGE ( 'NONE', *, *, #2590, .F. ) ;
#1831 = CARTESIAN_POINT ( 'NONE',  ( -56.54752759091716285, -29.56101557123542278, 5.000000000000000000 ) ) ;
#1832 = ORIENTED_EDGE ( 'NONE', *, *, #499, .T. ) ;
#1833 = DIRECTION ( 'NONE',  ( 0.000000000000000000, 0.000000000000000000, -1.000000000000000000 ) ) ;
#1834 = CIRCLE ( 'NONE', #3942, 8.000000000000000000 ) ;
#1835 = EDGE_LOOP ( 'NONE', ( #893, #5085 ) ) ;
#1836 = DIRECTION ( 'NONE',  ( -1.506754595348573811E-17, 0.1351132047333101771, 0.9908301680442994641 ) ) ;
#1837 =( NAMED_UNIT ( * ) PLANE_ANGLE_UNIT ( ) SI_UNIT ( $, .RADIAN. ) );
#1838 = DIRECTION ( 'NONE',  ( 0.4999999999999999445, -0.8660254037844387076, 0.000000000000000000 ) ) ;
#1839 = ORIENTED_EDGE ( 'NONE', *, *, #3367, .F. ) ;
#1840 = AXIS2_PLACEMENT_3D ( 'NONE', #1566, #2533, #5706 ) ;
#1841 = ORIENTED_EDGE ( 'NONE', *, *, #1425, .F. ) ;
#1842 = DIRECTION ( 'NONE',  ( 0.000000000000000000, 0.000000000000000000, 1.000000000000000000 ) ) ;
#1843 = FACE_BOUND ( 'NONE', #2198, .T. ) ;
#1844 = CARTESIAN_POINT ( 'NONE',  ( -0.2694148888167345879, -7.525733215346136262, 23.00000000000000000 ) ) ;
#1845 = DIRECTION ( 'NONE',  ( 1.000000000000000000, 0.000000000000000000, 0.000000000000000000 ) ) ;
#1846 = FACE_OUTER_BOUND ( 'NONE', #2584, .T. ) ;
#1847 = ORIENTED_EDGE ( 'NONE', *, *, #836, .F. ) ;
#1848 = DIRECTION ( 'NONE',  ( 1.000000000000000000, 9.912705577010323084E-17, 0.000000000000000000 ) ) ;
#1849 = ORIENTED_EDGE ( 'NONE', *, *, #2083, .F. ) ;
#1850 = CARTESIAN_POINT ( 'NONE',  ( -50.15958197740008018, -5.756286984505489812, 21.51303988679037005 ) ) ;
#1851 = CARTESIAN_POINT ( 'NONE',  ( -19.84041802259992693, -6.161626598705415958, 18.54054938265750607 ) ) ;
#1852 = EDGE_LOOP ( 'NONE', ( #473, #1930, #5196, #5468, #934, #169, #2463, #5505 ) ) ;
#1853 = CARTESIAN_POINT ( 'NONE',  ( -3.860640107637672631E-16, -10.97390857395692265, 14.15049617219754552 ) ) ;
#1854 = EDGE_CURVE ( 'NONE', #2824, #2803, #4970, .T. ) ;
#1855 = LINE ( 'NONE', #3242, #5721 ) ;
#1856 = ORIENTED_EDGE ( 'NONE', *, *, #324, .F. ) ;
#1857 = DIRECTION ( 'NONE',  ( 0.000000000000000000, 0.000000000000000000, -1.000000000000000000 ) ) ;
#1858 = EDGE_LOOP ( 'NONE', ( #5582, #5281, #4318, #1648 ) ) ;
#1859 = ADVANCED_FACE ( 'NONE', ( #4130 ), #1729, .F. ) ;
#1860 = CARTESIAN_POINT ( 'NONE',  ( -5.815035893045480186, -39.66627765294722252, 17.33372234705278814 ) ) ;
#1861 = EDGE_CURVE ( 'NONE', #167, #2852, #2006, .T. ) ;
#1862 = AXIS2_PLACEMENT_3D ( 'NONE', #1539, #3884, #4689 ) ;
#1863 = AXIS2_PLACEMENT_3D ( 'NONE', #3925, #1637, #5290 ) ;
#1864 = ADVANCED_FACE ( 'NONE', ( #4940 ), #3629, .F. ) ;
#1865 = VERTEX_POINT ( 'NONE', #25 ) ;
#1866 = FACE_BOUND ( 'NONE', #2693, .T. ) ;
#1867 = DIRECTION ( 'NONE',  ( 1.000000000000000000, 0.000000000000000000, 0.000000000000000000 ) ) ;
#1868 = CARTESIAN_POINT ( 'NONE',  ( -13.45247240908284425, -29.56101557123542278, 0.000000000000000000 ) ) ;
#1869 = FACE_OUTER_BOUND ( 'NONE', #2185, .T. ) ;
#1870 = VERTEX_POINT ( 'NONE', #5444 ) ;
#1871 = CIRCLE ( 'NONE', #1196, 1.624999999999999778 ) ;
#1872 = EDGE_LOOP ( 'NONE', ( #2636, #4770 ) ) ;
#1873 = AXIS2_PLACEMENT_3D ( 'NONE', #233, #3445, #5261 ) ;
#1874 = FACE_OUTER_BOUND ( 'NONE', #2614, .T. ) ;
#1875 = DIRECTION ( 'NONE',  ( 0.000000000000000000, -0.000000000000000000, -1.000000000000000000 ) ) ;
#1876 = CARTESIAN_POINT ( 'NONE',  ( -23.45247240908284780, -29.56101557123542278, 20.00000000000000355 ) ) ;
#1877 = DIRECTION ( 'NONE',  ( 0.000000000000000000, 0.000000000000000000, -1.000000000000000000 ) ) ;
#1878 = PLANE ( 'NONE',  #2730 ) ;
#1879 = ORIENTED_EDGE ( 'NONE', *, *, #128, .F. ) ;
#1880 = CIRCLE ( 'NONE', #5614, 1.625000000000001332 ) ;
#1881 = VERTEX_POINT ( 'NONE', #918 ) ;
#1882 = DIRECTION ( 'NONE',  ( -0.7559289460184500653, -0.08845235543977797432, -0.6486506065584078939 ) ) ;
#1883 = CARTESIAN_POINT ( 'NONE',  ( -36.51992020047068621, -19.60272956396747901, 12.29938949203879162 ) ) ;
#1884 = VERTEX_POINT ( 'NONE', #4577 ) ;
#1885 = AXIS2_PLACEMENT_3D ( 'NONE', #3937, #1710, #3967 ) ;
#1886 = CARTESIAN_POINT ( 'NONE',  ( -7.167241833306855270, -40.00000000000002132, 17.83339046929391358 ) ) ;
#1887 = EDGE_LOOP ( 'NONE', ( #4925, #1337 ) ) ;
#1888 = EDGE_CURVE ( 'NONE', #2328, #4524, #384, .T. ) ;
#1889 = DIRECTION ( 'NONE',  ( 1.000000000000000000, 0.000000000000000000, 0.000000000000000000 ) ) ;
#1890 = VERTEX_POINT ( 'NONE', #885 ) ;
#1891 = ORIENTED_EDGE ( 'NONE', *, *, #3668, .F. ) ;
#1892 = DIRECTION ( 'NONE',  ( -1.000000000000000000, 0.000000000000000000, 0.000000000000000000 ) ) ;
#1893 = CIRCLE ( 'NONE', #3722, 10.00000000000000355 ) ;
#1894 = EDGE_CURVE ( 'NONE', #386, #4867, #2295, .T. ) ;
#1895 = VERTEX_POINT ( 'NONE', #440 ) ;
#1896 = FACE_BOUND ( 'NONE', #4710, .T. ) ;
#1897 = EDGE_CURVE ( 'NONE', #3115, #3927, #2270, .T. ) ;
#1898 = CARTESIAN_POINT ( 'NONE',  ( -69.41187854073028518, -17.37253143290185520, 17.58812145926970771 ) ) ;
#1899 = DIRECTION ( 'NONE',  ( 0.000000000000000000, 0.000000000000000000, 1.000000000000000000 ) ) ;
#1900 = DIRECTION ( 'NONE',  ( 0.000000000000000000, 0.9908301680442993531, -0.1351132047333101216 ) ) ;
#1901 = ORIENTED_EDGE ( 'NONE', *, *, #29, .T. ) ;
#1902 = CIRCLE ( 'NONE', #5057, 1.625000000000001332 ) ;
#1903 = EDGE_CURVE ( 'NONE', #5402, #2400, #5920, .T. ) ;
#1904 = EDGE_CURVE ( 'NONE', #4602, #63, #532, .T. ) ;
#1905 = ORIENTED_EDGE ( 'NONE', *, *, #3248, .F. ) ;
#1906 = PLANE ( 'NONE',  #4509 ) ;
#1907 = LINE ( 'NONE', #3711, #3330 ) ;
#1908 = LINE ( 'NONE', #3648, #2245 ) ;
#1909 = LINE ( 'NONE', #3260, #2566 ) ;
#1910 = CYLINDRICAL_SURFACE ( 'NONE', #2835, 8.000000000000000000 ) ;
#1911 = VERTEX_POINT ( 'NONE', #1941 ) ;
#1912 = AXIS2_PLACEMENT_3D ( 'NONE', #3002, #4785, #5268 ) ;
#1913 = ORIENTED_EDGE ( 'NONE', *, *, #3957, .T. ) ;
#1914 = FACE_OUTER_BOUND ( 'NONE', #817, .T. ) ;
#1915 = DIRECTION ( 'NONE',  ( 0.000000000000000000, 0.000000000000000000, 1.000000000000000000 ) ) ;
#1916 = CARTESIAN_POINT ( 'NONE',  ( -22.25045432022279357, -2.667254101910327080, 13.01777056237303576 ) ) ;
#1917 = CARTESIAN_POINT ( 'NONE',  ( -16.86326335303418134, -40.00000000000002132, 19.04239436985826117 ) ) ;
#1918 = EDGE_LOOP ( 'NONE', ( #249, #4023, #4879, #3455 ) ) ;
#1919 = CARTESIAN_POINT ( 'NONE',  ( -11.02760127848640437, -33.76101557123541852, 0.000000000000000000 ) ) ;
#1920 = VERTEX_POINT ( 'NONE', #5113 ) ;
#1921 = LINE ( 'NONE', #2865, #3499 ) ;
#1922 = VERTEX_POINT ( 'NONE', #3326 ) ;
#1923 = CARTESIAN_POINT ( 'NONE',  ( -19.84041802259992693, -6.837192622371971673, 13.58639854243597433 ) ) ;
#1924 = EDGE_CURVE ( 'NONE', #2843, #1558, #88, .T. ) ;
#1925 = VERTEX_POINT ( 'NONE', #5142 ) ;
#1926 = DIRECTION ( 'NONE',  ( -0.5000000000000001110, 0.8660254037844385966, -0.000000000000000000 ) ) ;
#1927 = AXIS2_PLACEMENT_3D ( 'NONE', #3257, #4623, #2353 ) ;
#1928 = CARTESIAN_POINT ( 'NONE',  ( -69.53668839942753266, -17.03642384506470009, 17.46331160057246379 ) ) ;
#1929 = CARTESIAN_POINT ( 'NONE',  ( -5.452472409082842475, -29.56101557123542278, 10.59999999999998543 ) ) ;
#1930 = ORIENTED_EDGE ( 'NONE', *, *, #3737, .F. ) ;
#1931 = ADVANCED_FACE ( 'NONE', ( #1914 ), #2423, .F. ) ;
#1932 = ORIENTED_EDGE ( 'NONE', *, *, #3701, .F. ) ;
#1933 = VECTOR ( 'NONE', #2031, 1000.000000000000227 ) ;
#1934 = CARTESIAN_POINT ( 'NONE',  ( -50.15958197740008018, 3.161184527893159846, 20.29702104419058628 ) ) ;
#1935 = CARTESIAN_POINT ( 'NONE',  ( 1.895804941603288061E-15, -17.00000000000056843, 18.00000000000000000 ) ) ;
#1936 = EDGE_CURVE ( 'NONE', #1779, #801, #3377, .T. ) ;
#1937 = CARTESIAN_POINT ( 'NONE',  ( 3.865955175034026225E-15, -39.00000000000000711, 18.00000000000000000 ) ) ;
#1938 = ORIENTED_EDGE ( 'NONE', *, *, #320, .T. ) ;
#1939 = EDGE_CURVE ( 'NONE', #4579, #5871, #3852, .T. ) ;
#1940 = ORIENTED_EDGE ( 'NONE', *, *, #3990, .F. ) ;
#1941 = CARTESIAN_POINT ( 'NONE',  ( -1.000000000000000000, -13.95830632407456839, 17.58522358964646415 ) ) ;
#1942 = FACE_OUTER_BOUND ( 'NONE', #4300, .T. ) ;
#1943 = CARTESIAN_POINT ( 'NONE',  ( -19.84041802259992693, -13.68292832885988730, 22.59394552465685280 ) ) ;
#1944 = CARTESIAN_POINT ( 'NONE',  ( -19.84041802259992693, -7.431690723198539850, 9.226745803041035643 ) ) ;
#1945 = ORIENTED_EDGE ( 'NONE', *, *, #3695, .T. ) ;
#1946 =( BOUNDED_CURVE ( )  B_SPLINE_CURVE ( 3, ( #4245, #3856, #1066, #3412 ),
 .UNSPECIFIED., .F., .T. ) 
 B_SPLINE_CURVE_WITH_KNOTS ( ( 4, 4 ),
 ( 3.141592653589792228, 4.230178822849395281 ),
 .UNSPECIFIED. ) 
 CURVE ( )  GEOMETRIC_REPRESENTATION_ITEM ( )  RATIONAL_B_SPLINE_CURVE ( ( 1.000000000000000000, 0.9036623698668562188, 0.9036623698668562188, 1.000000000000000000 ) ) 
 REPRESENTATION_ITEM ( '' )  );
#1947 = ORIENTED_EDGE ( 'NONE', *, *, #5433, .F. ) ;
#1948 = DIRECTION ( 'NONE',  ( -0.000000000000000000, 0.000000000000000000, 1.000000000000000000 ) ) ;
#1949 = ORIENTED_EDGE ( 'NONE', *, *, #2972, .T. ) ;
#1950 = DIRECTION ( 'NONE',  ( -1.000000000000000000, 0.000000000000000000, 0.000000000000000000 ) ) ;
#1951 = VECTOR ( 'NONE', #453, 999.9999999999998863 ) ;
#1952 = ORIENTED_EDGE ( 'NONE', *, *, #1675, .T. ) ;
#1953 = CARTESIAN_POINT ( 'NONE',  ( -41.98864706935043500, -28.15170933950545162, 2.339732270607854492 ) ) ;
#1954 = EDGE_LOOP ( 'NONE', ( #2421, #2601, #3398, #5722 ) ) ;
#1955 = FACE_BOUND ( 'NONE', #1690, .T. ) ;
#1956 = DIRECTION ( 'NONE',  ( -0.000000000000000000, -0.000000000000000000, 1.000000000000000000 ) ) ;
#1957 = DIRECTION ( 'NONE',  ( 0.6123724356957951365, -0.3535533905932732868, 0.7071067811865472397 ) ) ;
#1958 = VERTEX_POINT ( 'NONE', #5059 ) ;
#1959 = AXIS2_PLACEMENT_3D ( 'NONE', #3154, #1733, #2615 ) ;
#1960 = EDGE_CURVE ( 'NONE', #2728, #3887, #1253, .T. ) ;
#1961 = AXIS2_PLACEMENT_3D ( 'NONE', #3776, #1975, #1015 ) ;
#1962 = VERTEX_POINT ( 'NONE', #172 ) ;
#1963 = VECTOR ( 'NONE', #940, 1000.000000000000000 ) ;
#1964 = FACE_BOUND ( 'NONE', #1670, .T. ) ;
#1965 = AXIS2_PLACEMENT_3D ( 'NONE', #5108, #3382, #3769 ) ;
#1966 = DIRECTION ( 'NONE',  ( 0.000000000000000000, 0.9908301680442993531, -0.1351132047333096220 ) ) ;
#1967 = CARTESIAN_POINT ( 'NONE',  ( -25.06840289269264588, 1.328765080094555184, 5.901728942938017752 ) ) ;
#1968 = VERTEX_POINT ( 'NONE', #500 ) ;
#1969 = VECTOR ( 'NONE', #2212, 1000.000000000000000 ) ;
#1970 = EDGE_CURVE ( 'NONE', #452, #1244, #5374, .T. ) ;
#1971 = ORIENTED_EDGE ( 'NONE', *, *, #3577, .T. ) ;
#1972 = CARTESIAN_POINT ( 'NONE',  ( -26.65571360458309513, -35.32460449163507832, 0.000000000000000000 ) ) ;
#1973 = ADVANCED_FACE ( 'NONE', ( #563 ), #4196, .F. ) ;
#1974 = DIRECTION ( 'NONE',  ( 1.000000000000000000, 0.000000000000000000, 0.000000000000000000 ) ) ;
#1975 = DIRECTION ( 'NONE',  ( -2.775557561562891043E-17, 0.1351132047333101216, 0.9908301680442994641 ) ) ;
#1976 = FACE_OUTER_BOUND ( 'NONE', #3795, .T. ) ;
#1977 = ORIENTED_EDGE ( 'NONE', *, *, #1195, .F. ) ;
#1978 = EDGE_CURVE ( 'NONE', #2056, #2622, #4134, .T. ) ;
#1979 = VECTOR ( 'NONE', #3284, 1000.000000000000114 ) ;
#1980 = CARTESIAN_POINT ( 'NONE',  ( -13.45247240908284425, -29.56101557123542278, 23.00000000000000000 ) ) ;
#1981 = DIRECTION ( 'NONE',  ( -1.000000000000000000, 0.000000000000000000, 0.000000000000000000 ) ) ;
#1982 = ORIENTED_EDGE ( 'NONE', *, *, #2229, .F. ) ;
#1983 = CARTESIAN_POINT ( 'NONE',  ( -56.54752759091716285, -29.56101557123542278, 18.00000000000000000 ) ) ;
#1984 = CONICAL_SURFACE ( 'NONE', #163, 3.396884106765668321, 0.7853981633974533860 ) ;
#1985 = ORIENTED_EDGE ( 'NONE', *, *, #1086, .F. ) ;
#1986 = DIRECTION ( 'NONE',  ( 0.000000000000000000, -0.9908301680442994641, 0.1351132047333100938 ) ) ;
#1987 = CARTESIAN_POINT ( 'NONE',  ( -24.60125786944513493, -34.00000000000000000, 18.00000000000000000 ) ) ;
#1988 = CARTESIAN_POINT ( 'NONE',  ( -24.78225884391104117, 14.30804381465898700, 11.99999999999999822 ) ) ;
#1989 = AXIS2_PLACEMENT_3D ( 'NONE', #1473, #5130, #3345 ) ;
#1990 = CIRCLE ( 'NONE', #2573, 8.999999999999976907 ) ;
#1991 = EDGE_LOOP ( 'NONE', ( #2948, #3039 ) ) ;
#1992 = DIRECTION ( 'NONE',  ( 0.4999999999999993894, 0.8660254037844389297, 0.000000000000000000 ) ) ;
#1993 = CARTESIAN_POINT ( 'NONE',  ( -15.72594564081927793, 4.999999999999989342, 14.72042182361323093 ) ) ;
#1994 = AXIS2_PLACEMENT_3D ( 'NONE', #4617, #5129, #1472 ) ;
#1995 = CARTESIAN_POINT ( 'NONE',  ( -70.00000000000000000, 4.463264077213940695, 14.06393656623559885 ) ) ;
#1996 = ORIENTED_EDGE ( 'NONE', *, *, #3484, .T. ) ;
#1997 = VERTEX_POINT ( 'NONE', #4693 ) ;
#1998 = CARTESIAN_POINT ( 'NONE',  ( -63.95735707299972717, -39.00000000000000711, 18.00000000000000000 ) ) ;
#1999 = CARTESIAN_POINT ( 'NONE',  ( -56.59703747886441505, -7.242532236571895154, 10.61390803830307483 ) ) ;
#2000 = CARTESIAN_POINT ( 'NONE',  ( -31.11109307397235568, -34.00000000000000000, 18.00000000000000000 ) ) ;
#2001 = LINE ( 'NONE', #1548, #1007 ) ;
#2002 = DIRECTION ( 'NONE',  ( -1.000000000000000000, 0.000000000000000000, 0.000000000000000000 ) ) ;
#2003 = ORIENTED_EDGE ( 'NONE', *, *, #4931, .F. ) ;
#2004 =( BOUNDED_CURVE ( )  B_SPLINE_CURVE ( 3, ( #3899, #2039, #2103, #2917 ),
 .UNSPECIFIED., .F., .T. ) 
 B_SPLINE_CURVE_WITH_KNOTS ( ( 4, 4 ),
 ( 1.125500023495249541E-16, 3.141592653589793116 ),
 .UNSPECIFIED. ) 
 CURVE ( )  GEOMETRIC_REPRESENTATION_ITEM ( )  RATIONAL_B_SPLINE_CURVE ( ( 1.000000000000000000, 0.3333333333333333703, 0.3333333333333333703, 1.000000000000000000 ) ) 
 REPRESENTATION_ITEM ( '' )  );
#2005 = EDGE_CURVE ( 'NONE', #2829, #3773, #4279, .T. ) ;
#2006 = CIRCLE ( 'NONE', #1712, 8.999999999999976907 ) ;
#2007 = CARTESIAN_POINT ( 'NONE',  ( -26.65571360458309513, -35.32460449163507832, 7.999999999999998224 ) ) ;
#2008 = CARTESIAN_POINT ( 'NONE',  ( -19.84041802259992693, -16.76392090040392802, 0.000000000000000000 ) ) ;
#2009 = EDGE_LOOP ( 'NONE', ( #5371, #4159, #4651, #3765 ) ) ;
#2010 = LINE ( 'NONE', #214, #1155 ) ;
#2011 = DIRECTION ( 'NONE',  ( -0.000000000000000000, -0.000000000000000000, -1.000000000000000000 ) ) ;
#2012 = EDGE_CURVE ( 'NONE', #2843, #1509, #2412, .T. ) ;
#2013 = EDGE_CURVE ( 'NONE', #2622, #2056, #3088, .T. ) ;
#2014 = ORIENTED_EDGE ( 'NONE', *, *, #5273, .T. ) ;
#2015 = DIRECTION ( 'NONE',  ( -0.000000000000000000, 0.000000000000000000, 1.000000000000000000 ) ) ;
#2016 = CARTESIAN_POINT ( 'NONE',  ( -24.75547618984045073, -38.05240340846938807, 15.97379829576531307 ) ) ;
#2017 = CARTESIAN_POINT ( 'NONE',  ( -0.9263657795281611262, 0.5348375321786410508, 15.00000000000000000 ) ) ;
#2018 = CIRCLE ( 'NONE', #2793, 8.396884106765714506 ) ;
#2019 = EDGE_CURVE ( 'NONE', #5402, #5644, #4250, .T. ) ;
#2020 = AXIS2_PLACEMENT_3D ( 'NONE', #5209, #3901, #3734 ) ;
#2021 = ORIENTED_EDGE ( 'NONE', *, *, #1452, .T. ) ;
#2022 = AXIS2_PLACEMENT_3D ( 'NONE', #4904, #2577, #3057 ) ;
#2023 = CARTESIAN_POINT ( 'NONE',  ( -33.22600653080932176, 19.18304381465899766, 13.40000000000001634 ) ) ;
#2024 = CARTESIAN_POINT ( 'NONE',  ( -63.14752759091717138, -29.56101557123542278, 11.99999999999999822 ) ) ;
#2025 = CARTESIAN_POINT ( 'NONE',  ( -53.32879984018496344, -23.98601557123541284, 11.99999999999999822 ) ) ;
#2026 = VERTEX_POINT ( 'NONE', #2326 ) ;
#2027 = AXIS2_PLACEMENT_3D ( 'NONE', #4667, #2361, #5086 ) ;
#2028 = VERTEX_POINT ( 'NONE', #1998 ) ;
#2029 = PRESENTATION_STYLE_ASSIGNMENT (( #2511 ) ) ;
#2030 = LINE ( 'NONE', #2541, #1735 ) ;
#2031 = DIRECTION ( 'NONE',  ( -0.4969411089961883743, 0.8598268311759713622, -0.1172491133421749293 ) ) ;
#2032 = DIRECTION ( 'NONE',  ( 0.000000000000000000, 0.000000000000000000, 1.000000000000000000 ) ) ;
#2033 = CARTESIAN_POINT ( 'NONE',  ( -24.69013009314267748, -9.244512171049819926, -4.193930158493112792 ) ) ;
#2034 = DIRECTION ( 'NONE',  ( 0.000000000000000000, -0.9908301680442993531, 0.1351132047333100938 ) ) ;
#2035 = ORIENTED_EDGE ( 'NONE', *, *, #2229, .T. ) ;
#2036 = EDGE_CURVE ( 'NONE', #924, #1865, #1350, .T. ) ;
#2037 = ORIENTED_EDGE ( 'NONE', *, *, #1116, .T. ) ;
#2038 = CARTESIAN_POINT ( 'NONE',  ( -45.77591656489093452, -40.00000000000002842, 14.99999999999999645 ) ) ;
#2039 = CARTESIAN_POINT ( 'NONE',  ( -34.15958197740011570, -0.6158457650042997722, 0.000000000000000000 ) ) ;
#2040 = ORIENTED_EDGE ( 'NONE', *, *, #4784, .F. ) ;
#2041 = DIRECTION ( 'NONE',  ( -1.000000000000000000, 0.000000000000000000, 0.000000000000000000 ) ) ;
#2042 = EDGE_CURVE ( 'NONE', #3001, #502, #3239, .T. ) ;
#2043 = CARTESIAN_POINT ( 'NONE',  ( -56.18821333586197397, 4.999999999999984013, 13.83138929941186035 ) ) ;
#2044 = ADVANCED_FACE ( 'NONE', ( #3266 ), #982, .F. ) ;
#2045 = EDGE_LOOP ( 'NONE', ( #5094, #4697, #829, #777 ) ) ;
#2046 = CARTESIAN_POINT ( 'NONE',  ( -19.25234283409609759, -11.11534531779634705, 15.00000000000000000 ) ) ;
#2047 = EDGE_CURVE ( 'NONE', #3636, #3575, #3023, .T. ) ;
#2048 = CARTESIAN_POINT ( 'NONE',  ( -38.59428639541690842, -35.32460449163507832, 23.00000000000000000 ) ) ;
#2049 = CARTESIAN_POINT ( 'NONE',  ( -42.22195218011792406, -24.37876638917508387, 5.000000000000000000 ) ) ;
#2050 = ADVANCED_FACE ( 'NONE', ( #3442 ), #4335, .F. ) ;
#2051 = EDGE_LOOP ( 'NONE', ( #905, #5192, #5875, #5532 ) ) ;
#2052 = PLANE ( 'NONE',  #3857 ) ;
#2053 = CARTESIAN_POINT ( 'NONE',  ( -19.57593706885821305, 4.999999999999988454, 15.54030560076860645 ) ) ;
#2054 = CARTESIAN_POINT ( 'NONE',  ( -16.67747240908284212, -29.56101557123542278, 18.00000000000000000 ) ) ;
#2055 = AXIS2_PLACEMENT_3D ( 'NONE', #3512, #3604, #3541 ) ;
#2056 = VERTEX_POINT ( 'NONE', #202 ) ;
#2057 = AXIS2_PLACEMENT_3D ( 'NONE', #880, #2320, #4154 ) ;
#2058 = VECTOR ( 'NONE', #1235, 1000.000000000000114 ) ;
#2059 = EDGE_LOOP ( 'NONE', ( #3616, #1365 ) ) ;
#2060 = DIRECTION ( 'NONE',  ( 0.000000000000000000, 0.000000000000000000, 1.000000000000000000 ) ) ;
#2061 = VERTEX_POINT ( 'NONE', #1152 ) ;
#2062 = DIRECTION ( 'NONE',  ( -0.4934978985202183033, 0.8697469885869846262, 0.000000000000000000 ) ) ;
#2063 = LINE ( 'NONE', #1098, #4516 ) ;
#2064 = CARTESIAN_POINT ( 'NONE',  ( -4.994414888816733011, -15.95727432898450004, 0.000000000000000000 ) ) ;
#2065 = DIRECTION ( 'NONE',  ( 0.4999999999999997224, 0.8660254037844387076, 0.000000000000000000 ) ) ;
#2066 = DIRECTION ( 'NONE',  ( -0.6123724356957995774, -0.2547719021193987077, 0.7483924624757103405 ) ) ;
#2067 = EDGE_LOOP ( 'NONE', ( #5498, #1437, #370, #3655, #4150, #2118, #2904, #2540, #3644, #926 ) ) ;
#2068 = CIRCLE ( 'NONE', #2841, 10.00000000000000178 ) ;
#2069 = VECTOR ( 'NONE', #3214, 999.9999999999998863 ) ;
#2070 = ORIENTED_EDGE ( 'NONE', *, *, #653, .F. ) ;
#2071 = CARTESIAN_POINT ( 'NONE',  ( -0.9263657795281611262, 0.5348375321786410508, 13.40000000000001634 ) ) ;
#2072 = DIRECTION ( 'NONE',  ( 0.4999999999999996114, -0.8660254037844388186, 0.000000000000000000 ) ) ;
#2073 = ORIENTED_EDGE ( 'NONE', *, *, #4855, .F. ) ;
#2074 = CARTESIAN_POINT ( 'NONE',  ( -28.28071360458309869, -35.32460449163507832, 7.999999999999998224 ) ) ;
#2075 = ADVANCED_FACE ( 'NONE', ( #4424 ), #1659, .F. ) ;
#2076 = CARTESIAN_POINT ( 'NONE',  ( -13.45247240908284425, -29.56101557123542278, 18.00000000000000000 ) ) ;
#2077 = VECTOR ( 'NONE', #2807, 1000.000000000000114 ) ;
#2078 = ORIENTED_EDGE ( 'NONE', *, *, #5370, .T. ) ;
#2079 = CARTESIAN_POINT ( 'NONE',  ( -63.53058511118329932, -15.95727432898451070, 7.999999999999998224 ) ) ;
#2080 = DIRECTION ( 'NONE',  ( -0.002495032615874032654, -0.6050789060119424745, 0.7961615993701509630 ) ) ;
#2081 = CIRCLE ( 'NONE', #353, 3.100000000000005418 ) ;
#2082 = CARTESIAN_POINT ( 'NONE',  ( -34.43844209610754348, 19.88304381465900406, 11.99999999999999822 ) ) ;
#2083 = EDGE_CURVE ( 'NONE', #1781, #297, #315, .T. ) ;
#2084 = ORIENTED_EDGE ( 'NONE', *, *, #4683, .F. ) ;
#2085 = CIRCLE ( 'NONE', #4038, 3.125000000000002665 ) ;
#2086 = CARTESIAN_POINT ( 'NONE',  ( 0.000000000000000000, -35.13601557123545405, 11.99999999999999822 ) ) ;
#2087 = VECTOR ( 'NONE', #280, 1000.000000000000114 ) ;
#2088 = CARTESIAN_POINT ( 'NONE',  ( -19.84041802259992693, 4.999999999999986677, 15.54030560076860112 ) ) ;
#2089 = ADVANCED_FACE ( 'NONE', ( #2602 ), #3861, .F. ) ;
#2090 = CARTESIAN_POINT ( 'NONE',  ( -50.15958197740008018, -9.261467612634428193, -4.191618052822483342 ) ) ;
#2091 = VERTEX_POINT ( 'NONE', #5714 ) ;
#2092 = ORIENTED_EDGE ( 'NONE', *, *, #3333, .T. ) ;
#2093 = ADVANCED_FACE ( 'NONE', ( #5259 ), #5651, .F. ) ;
#2094 = CARTESIAN_POINT ( 'NONE',  ( -19.84041802259992693, -10.00784916011373404, 14.01876079758256743 ) ) ;
#2095 = CARTESIAN_POINT ( 'NONE',  ( -22.28009379551981795, -13.41445069151146718, -3.625302178430173772 ) ) ;
#2096 = CARTESIAN_POINT ( 'NONE',  ( -28.28071360458309869, -35.32460449163507832, 7.999999999999998224 ) ) ;
#2097 = CARTESIAN_POINT ( 'NONE',  ( -66.54752759091716996, -29.56101557123542278, 20.00000000000000711 ) ) ;
#2098 = PLANE ( 'NONE',  #1863 ) ;
#2099 = VERTEX_POINT ( 'NONE', #2094 ) ;
#2100 =( BOUNDED_CURVE ( )  B_SPLINE_CURVE ( 3, ( #2319, #5134, #3258, #4660 ),
 .UNSPECIFIED., .F., .T. ) 
 B_SPLINE_CURVE_WITH_KNOTS ( ( 4, 4 ),
 ( 4.398113754609241255, 4.649848218588212845 ),
 .UNSPECIFIED. ) 
 CURVE ( )  GEOMETRIC_REPRESENTATION_ITEM ( )  RATIONAL_B_SPLINE_CURVE ( ( 1.000000000000000000, 0.9947261148094697081, 0.9947261148094697081, 1.000000000000000000 ) ) 
 REPRESENTATION_ITEM ( '' )  );
#2101 = ORIENTED_EDGE ( 'NONE', *, *, #2971, .F. ) ;
#2102 = DIRECTION ( 'NONE',  ( -1.506754595348573503E-17, 0.1351132047333101494, 0.9908301680442993531 ) ) ;
#2103 = CARTESIAN_POINT ( 'NONE',  ( -34.15958197740011570, -16.76392090040390670, 0.000000000000000000 ) ) ;
#2104 = ORIENTED_EDGE ( 'NONE', *, *, #5226, .F. ) ;
#2105 = DIRECTION ( 'NONE',  ( -0.000000000000000000, -0.000000000000000000, 1.000000000000000000 ) ) ;
#2106 = CARTESIAN_POINT ( 'NONE',  ( -50.15958197740008018, -0.6158457650042979958, 0.000000000000000000 ) ) ;
#2107 = VECTOR ( 'NONE', #2130, 1000.000000000000114 ) ;
#2108 = ORIENTED_EDGE ( 'NONE', *, *, #4573, .F. ) ;
#2109 = DIRECTION ( 'NONE',  ( 0.000000000000000000, 0.9908301680442994641, -0.1351132047333102049 ) ) ;
#2110 = LINE ( 'NONE', #4383, #4853 ) ;
#2111 = B_SPLINE_CURVE_WITH_KNOTS ( 'NONE', 3,
 ( #4294, #1860, #1408, #5067 ),
 .UNSPECIFIED., .F., .F.,
 ( 4, 4 ),
 ( 0.000000000000000000, 0.001454025152428894008 ),
 .UNSPECIFIED. ) ;
#2112 = CARTESIAN_POINT ( 'NONE',  ( -20.67760329472887548, -32.99576209540337146, 0.000000000000000000 ) ) ;
#2113 = ORIENTED_EDGE ( 'NONE', *, *, #902, .F. ) ;
#2114 = LINE ( 'NONE', #311, #4317 ) ;
#2115 = CARTESIAN_POINT ( 'NONE',  ( -56.54752759091716285, -29.56101557123542278, 22.00000000000000000 ) ) ;
#2116 = DIRECTION ( 'NONE',  ( 0.7071067811865526798, 8.659560562354996953E-17, -0.7071067811865424657 ) ) ;
#2117 = EDGE_CURVE ( 'NONE', #4804, #2764, #2030, .T. ) ;
#2118 = ORIENTED_EDGE ( 'NONE', *, *, #1455, .T. ) ;
#2119 = VERTEX_POINT ( 'NONE', #1180 ) ;
#2120 = DIRECTION ( 'NONE',  ( 0.000000000000000000, 0.000000000000000000, 1.000000000000000000 ) ) ;
#2121 = EDGE_CURVE ( 'NONE', #5668, #3869, #264, .T. ) ;
#2122 = DIRECTION ( 'NONE',  ( 1.000000000000000000, 0.000000000000000000, 0.000000000000000000 ) ) ;
#2123 = DIRECTION ( 'NONE',  ( 0.000000000000000000, -1.000000000000000000, 0.000000000000000000 ) ) ;
#2124 = LINE ( 'NONE', #2997, #4127 ) ;
#2125 = ADVANCED_FACE ( 'NONE', ( #5318 ), #2507, .F. ) ;
#2126 = LINE ( 'NONE', #1271, #3590 ) ;
#2127 = ORIENTED_EDGE ( 'NONE', *, *, #3585, .F. ) ;
#2128 = AXIS2_PLACEMENT_3D ( 'NONE', #376, #4453, #821 ) ;
#2129 = ORIENTED_EDGE ( 'NONE', *, *, #2955, .T. ) ;
#2130 = DIRECTION ( 'NONE',  ( 0.4999999999999997224, 0.8660254037844387076, 0.000000000000000000 ) ) ;
#2131 = FACE_OUTER_BOUND ( 'NONE', #4982, .T. ) ;
#2132 = VERTEX_POINT ( 'NONE', #3472 ) ;
#2133 = CARTESIAN_POINT ( 'NONE',  ( 9.540979117872439019E-15, -40.00000000000002132, 18.00000000000000000 ) ) ;
#2134 = FACE_OUTER_BOUND ( 'NONE', #65, .T. ) ;
#2135 = CIRCLE ( 'NONE', #4706, 9.999999999999984013 ) ;
#2136 = EDGE_LOOP ( 'NONE', ( #1718, #3972, #4233, #4144, #57, #3106 ) ) ;
#2137 = DIRECTION ( 'NONE',  ( 0.4969411089961882078, -0.8598268311759713622, 0.1172491133421749432 ) ) ;
#2138 = DIRECTION ( 'NONE',  ( 0.000000000000000000, -0.9908301680442994641, 0.1351132047333101216 ) ) ;
#2139 = LINE ( 'NONE', #2082, #3225 ) ;
#2140 = VERTEX_POINT ( 'NONE', #3946 ) ;
#2141 = DIRECTION ( 'NONE',  ( -1.000000000000000000, 0.000000000000000000, 0.000000000000000000 ) ) ;
#2142 = PLANE ( 'NONE',  #3603 ) ;
#2143 = VECTOR ( 'NONE', #1031, 1000.000000000000000 ) ;
#2144 = CARTESIAN_POINT ( 'NONE',  ( -1.999999999999993117, -40.00000000000002132, 0.000000000000000000 ) ) ;
#2145 = ORIENTED_EDGE ( 'NONE', *, *, #760, .T. ) ;
#2146 = EDGE_CURVE ( 'NONE', #2091, #43, #672, .T. ) ;
#2147 = ORIENTED_EDGE ( 'NONE', *, *, #1666, .F. ) ;
#2148 = PLANE ( 'NONE',  #2128 ) ;
#2149 = DIRECTION ( 'NONE',  ( 0.000000000000000000, 0.9908301680442994641, -0.1351132047333100938 ) ) ;
#2150 = DIRECTION ( 'NONE',  ( -1.000000000000000000, -3.750144770645340280E-18, -2.750106165139985384E-17 ) ) ;
#2151 = CARTESIAN_POINT ( 'NONE',  ( -66.63058511118330784, -15.95727432898451070, 0.000000000000000000 ) ) ;
#2152 = CARTESIAN_POINT ( 'NONE',  ( -65.00558511118330784, -15.95727432898451070, 7.999999999999998224 ) ) ;
#2153 = ORIENTED_EDGE ( 'NONE', *, *, #5773, .F. ) ;
#2154 = CIRCLE ( 'NONE', #1382, 1.625000000000001332 ) ;
#2155 = EDGE_CURVE ( 'NONE', #930, #1870, #1574, .T. ) ;
#2156 = ORIENTED_EDGE ( 'NONE', *, *, #576, .T. ) ;
#2157 = VECTOR ( 'NONE', #4634, 1000.000000000000114 ) ;
#2158 = DIRECTION ( 'NONE',  ( 1.000000000000000000, 0.000000000000000000, 0.000000000000000000 ) ) ;
#2159 = LINE ( 'NONE', #3179, #1969 ) ;
#2160 = ORIENTED_EDGE ( 'NONE', *, *, #1828, .F. ) ;
#2161 = VECTOR ( 'NONE', #3591, 1000.000000000000000 ) ;
#2162 = DIRECTION ( 'NONE',  ( 0.000000000000000000, 0.9908301680442994641, -0.1351132047333102049 ) ) ;
#2163 = CIRCLE ( 'NONE', #338, 1.625000000000001332 ) ;
#2164 = EDGE_CURVE ( 'NONE', #5899, #811, #1068, .T. ) ;
#2165 = DIRECTION ( 'NONE',  ( 1.506754595348573195E-17, -0.1351132047333101216, -0.9908301680442994641 ) ) ;
#2166 = CONICAL_SURFACE ( 'NONE', #1291, 10.00000000000000178, 0.7853981633974423948 ) ;
#2167 = ORIENTED_EDGE ( 'NONE', *, *, #2256, .T. ) ;
#2168 = CARTESIAN_POINT ( 'NONE',  ( -47.74914460353338796, -11.19008970153021565, 12.56516790332669409 ) ) ;
#2169 = CARTESIAN_POINT ( 'NONE',  ( -50.15958197740008018, -16.32788483778346844, 18.00000000000000000 ) ) ;
#2170 = CIRCLE ( 'NONE', #3323, 3.200000000000003730 ) ;
#2171 = ORIENTED_EDGE ( 'NONE', *, *, #531, .F. ) ;
#2172 = CARTESIAN_POINT ( 'NONE',  ( -59.32442141892224896, -2.197597792550255225, 18.00000000000000000 ) ) ;
#2173 = CARTESIAN_POINT ( 'NONE',  ( -13.81178666413799228, 4.999999999999987566, 13.83138929941186035 ) ) ;
#2174 = DIRECTION ( 'NONE',  ( 0.000000000000000000, 0.000000000000000000, 1.000000000000000000 ) ) ;
#2175 = EDGE_LOOP ( 'NONE', ( #332, #2218, #4747, #2546 ) ) ;
#2176 = ORIENTED_EDGE ( 'NONE', *, *, #2121, .F. ) ;
#2177 = FACE_BOUND ( 'NONE', #4664, .T. ) ;
#2178 = FACE_OUTER_BOUND ( 'NONE', #3343, .T. ) ;
#2179 = LINE ( 'NONE', #4870, #5600 ) ;
#2180 = CARTESIAN_POINT ( 'NONE',  ( -10.22747240908284461, -29.56101557123542278, 18.00000000000000000 ) ) ;
#2181 = CARTESIAN_POINT ( 'NONE',  ( -56.54752759091716285, -29.56101557123542278, 0.000000000000000000 ) ) ;
#2182 = ORIENTED_EDGE ( 'NONE', *, *, #5197, .T. ) ;
#2183 = EDGE_CURVE ( 'NONE', #3433, #5311, #2963, .T. ) ;
#2184 = AXIS2_PLACEMENT_3D ( 'NONE', #776, #685, #2616 ) ;
#2185 = EDGE_LOOP ( 'NONE', ( #3180, #704, #5525, #1056, #4657 ) ) ;
#2186 = LINE ( 'NONE', #2726, #3448 ) ;
#2187 = CARTESIAN_POINT ( 'NONE',  ( -50.15958197740008018, -7.431690723198534521, 9.226745803041074723 ) ) ;
#2188 = EDGE_LOOP ( 'NONE', ( #5133, #3093, #4216, #3052 ) ) ;
#2189 = DIRECTION ( 'NONE',  ( 0.000000000000000000, 0.000000000000000000, 1.000000000000000000 ) ) ;
#2190 = AXIS2_PLACEMENT_3D ( 'NONE', #5479, #778, #3993 ) ;
#2191 = EDGE_CURVE ( 'NONE', #345, #4206, #4419, .T. ) ;
#2192 = CARTESIAN_POINT ( 'NONE',  ( -64.29527591518932184, -40.00000000000002842, 16.99999999999998934 ) ) ;
#2193 = ORIENTED_EDGE ( 'NONE', *, *, #3162, .T. ) ;
#2194 = LINE ( 'NONE', #4555, #4765 ) ;
#2195 = EDGE_CURVE ( 'NONE', #5074, #1700, #1834, .T. ) ;
#2196 = CARTESIAN_POINT ( 'NONE',  ( -50.15958197740008018, 3.746675081737565360, 17.18941733532440708 ) ) ;
#2197 = ADVANCED_FACE ( 'NONE', ( #2512, #3561 ), #2148, .T. ) ;
#2198 = EDGE_LOOP ( 'NONE', ( #184, #5238 ) ) ;
#2199 = CARTESIAN_POINT ( 'NONE',  ( -35.00000000000000000, -25.60311589323426062, 0.000000000000000000 ) ) ;
#2200 = DIRECTION ( 'NONE',  ( -1.000000000000000000, 0.000000000000000000, 0.000000000000000000 ) ) ;
#2201 = ORIENTED_EDGE ( 'NONE', *, *, #4177, .T. ) ;
#2202 = ORIENTED_EDGE ( 'NONE', *, *, #464, .F. ) ;
#2203 = CARTESIAN_POINT ( 'NONE',  ( -27.77804781988208305, -24.37876638917508743, 5.000000000000000000 ) ) ;
#2204 = CARTESIAN_POINT ( 'NONE',  ( -50.15958197740008018, -7.431690723198534521, 9.226745803041074723 ) ) ;
#2205 = DIRECTION ( 'NONE',  ( 0.000000000000000000, 0.1351132047333106490, 0.9908301680442994641 ) ) ;
#2206 = DIRECTION ( 'NONE',  ( 0.5000000000000002220, -0.8580840963623674877, 0.1170114676857744174 ) ) ;
#2207 = CARTESIAN_POINT ( 'NONE',  ( -38.69408023731935486, -34.41630046047055913, 17.79184976976472399 ) ) ;
#2208 = EDGE_LOOP ( 'NONE', ( #508, #2837, #5418, #5511 ) ) ;
#2209 = ORIENTED_EDGE ( 'NONE', *, *, #2183, .F. ) ;
#2210 = VECTOR ( 'NONE', #3741, 1000.000000000000000 ) ;
#2211 = LINE ( 'NONE', #1759, #1139 ) ;
#2212 = DIRECTION ( 'NONE',  ( -1.000000000000000000, -1.115179377413661563E-16, 0.000000000000000000 ) ) ;
#2213 = VERTEX_POINT ( 'NONE', #3587 ) ;
#2214 = FACE_OUTER_BOUND ( 'NONE', #1207, .T. ) ;
#2215 = EDGE_CURVE ( 'NONE', #3836, #4064, #14, .T. ) ;
#2216 = AXIS2_PLACEMENT_3D ( 'NONE', #1518, #5260, #232 ) ;
#2217 = LINE ( 'NONE', #4045, #2568 ) ;
#2218 = ORIENTED_EDGE ( 'NONE', *, *, #4647, .T. ) ;
#2219 = PLANE ( 'NONE',  #4207 ) ;
#2220 = ORIENTED_EDGE ( 'NONE', *, *, #2867, .F. ) ;
#2221 = DIRECTION ( 'NONE',  ( 1.000000000000000000, 0.000000000000000000, 0.000000000000000000 ) ) ;
#2222 = ADVANCED_FACE ( 'NONE', ( #4511 ), #1782, .F. ) ;
#2223 = EDGE_CURVE ( 'NONE', #3890, #3785, #3182, .T. ) ;
#2224 = ORIENTED_EDGE ( 'NONE', *, *, #5407, .T. ) ;
#2225 = CARTESIAN_POINT ( 'NONE',  ( -62.51937765394514912, -9.584340510264230062, 18.00000000000000000 ) ) ;
#2226 = CARTESIAN_POINT ( 'NONE',  ( -27.67500000000000426, -25.55651710327461501, 4.911789611509425058 ) ) ;
#2227 = DIRECTION ( 'NONE',  ( 1.000000000000000000, 0.000000000000000000, 0.000000000000000000 ) ) ;
#2228 = VERTEX_POINT ( 'NONE', #2203 ) ;
#2229 = EDGE_CURVE ( 'NONE', #968, #3939, #5654, .T. ) ;
#2230 =( BOUNDED_CURVE ( )  B_SPLINE_CURVE ( 3, ( #1290, #3493, #1260, #4834 ),
 .UNSPECIFIED., .F., .T. ) 
 B_SPLINE_CURVE_WITH_KNOTS ( ( 4, 4 ),
 ( 0.1342999047883523533, 0.8350986408110270265 ),
 .UNSPECIFIED. ) 
 CURVE ( )  GEOMETRIC_REPRESENTATION_ITEM ( )  RATIONAL_B_SPLINE_CURVE ( ( 1.000000000000000000, 0.9594904636820196231, 0.9594904636820196231, 1.000000000000000000 ) ) 
 REPRESENTATION_ITEM ( '' )  );
#2231 = ORIENTED_EDGE ( 'NONE', *, *, #3079, .F. ) ;
#2232 = AXIS2_PLACEMENT_3D ( 'NONE', #4708, #1084, #4265 ) ;
#2233 = CARTESIAN_POINT ( 'NONE',  ( -62.47336884682240310, -7.627273089688081598, 18.00000000000000000 ) ) ;
#2234 = CARTESIAN_POINT ( 'NONE',  ( -17.73317393742117432, -27.64383158807630991, 5.000000000000000000 ) ) ;
#2235 = LINE ( 'NONE', #5855, #2161 ) ;
#2236 = DIRECTION ( 'NONE',  ( -1.000000000000000000, -9.912705577010323084E-17, 0.000000000000000000 ) ) ;
#2237 = CARTESIAN_POINT ( 'NONE',  ( -5.693106549498738611E-16, -11.19008970153021387, 12.56516790332669764 ) ) ;
#2238 = ORIENTED_EDGE ( 'NONE', *, *, #4022, .T. ) ;
#2239 = ORIENTED_EDGE ( 'NONE', *, *, #5638, .F. ) ;
#2240 = DIRECTION ( 'NONE',  ( 0.000000000000000000, -1.000000000000000000, 0.000000000000000000 ) ) ;
#2241 = CARTESIAN_POINT ( 'NONE',  ( -19.84041802259992693, -7.431690723198539850, 9.226745803041035643 ) ) ;
#2242 = EDGE_LOOP ( 'NONE', ( #883, #5592, #2669, #298, #2478, #3090, #5712 ) ) ;
#2243 = CARTESIAN_POINT ( 'NONE',  ( -6.426920147700439401, -40.00000000000002842, 17.43041487199326056 ) ) ;
#2244 = AXIS2_PLACEMENT_3D ( 'NONE', #650, #2484, #2426 ) ;
#2245 = VECTOR ( 'NONE', #3199, 1000.000000000000000 ) ;
#2246 = EDGE_LOOP ( 'NONE', ( #162, #4854, #4727, #5775, #2850, #1262, #5617, #5829, #3122, #5858 ) ) ;
#2247 = CARTESIAN_POINT ( 'NONE',  ( -35.00000000000000000, -25.60311589323426062, 18.00000000000000000 ) ) ;
#2248 = EDGE_CURVE ( 'NONE', #24, #4692, #205, .T. ) ;
#2249 = ORIENTED_EDGE ( 'NONE', *, *, #4095, .T. ) ;
#2250 = CARTESIAN_POINT ( 'NONE',  ( 0.000000000000000000, -25.36101557123541639, 13.40000000000001812 ) ) ;
#2251 = ORIENTED_EDGE ( 'NONE', *, *, #3105, .T. ) ;
#2252 = FACE_OUTER_BOUND ( 'NONE', #5823, .T. ) ;
#2253 = DIRECTION ( 'NONE',  ( 0.000000000000000000, 0.000000000000000000, -1.000000000000000000 ) ) ;
#2254 = CARTESIAN_POINT ( 'NONE',  ( -63.95735707299972717, -39.00000000000000711, 18.00000000000000000 ) ) ;
#2255 = EDGE_LOOP ( 'NONE', ( #3681, #2249, #3421, #3665 ) ) ;
#2256 = EDGE_CURVE ( 'NONE', #5137, #3905, #3790, .T. ) ;
#2257 = ADVANCED_FACE ( 'NONE', ( #2177, #4989 ), #909, .F. ) ;
#2258 = VECTOR ( 'NONE', #287, 999.9999999999998863 ) ;
#2259 = ORIENTED_EDGE ( 'NONE', *, *, #5671, .T. ) ;
#2260 = CARTESIAN_POINT ( 'NONE',  ( -1.452472409082840255, -29.56101557123542278, 18.00000000000000000 ) ) ;
#2261 = PLANE ( 'NONE',  #3020 ) ;
#2262 = DIRECTION ( 'NONE',  ( -0.000000000000000000, 0.000000000000000000, 1.000000000000000000 ) ) ;
#2263 = CARTESIAN_POINT ( 'NONE',  ( -6.469414888816733544, -15.95727432898450004, 7.999999999999998224 ) ) ;
#2264 = EDGE_LOOP ( 'NONE', ( #2740, #4405 ) ) ;
#2265 = CARTESIAN_POINT ( 'NONE',  ( -48.79967278092250638, -27.56834253151148673, 5.000000000000000000 ) ) ;
#2266 = ADVANCED_FACE ( 'NONE', ( #1296 ), #4483, .F. ) ;
#2267 = CIRCLE ( 'NONE', #5618, 10.00000000000000533 ) ;
#2268 = EDGE_CURVE ( 'NONE', #2755, #1667, #4567, .T. ) ;
#2269 = ORIENTED_EDGE ( 'NONE', *, *, #2268, .F. ) ;
#2270 = LINE ( 'NONE', #3091, #4492 ) ;
#2271 = DIRECTION ( 'NONE',  ( 0.000000000000000000, 0.000000000000000000, 1.000000000000000000 ) ) ;
#2272 = ORIENTED_EDGE ( 'NONE', *, *, #3477, .F. ) ;
#2273 = CARTESIAN_POINT ( 'NONE',  ( -16.04406510694856181, -40.00000000000002842, 19.27488914216943527 ) ) ;
#2274 = ORIENTED_EDGE ( 'NONE', *, *, #4746, .T. ) ;
#2275 = CARTESIAN_POINT ( 'NONE',  ( -1.744414888816732345, -15.95727432898450004, 7.999999999999998224 ) ) ;
#2276 = VERTEX_POINT ( 'NONE', #4004 ) ;
#2277 = VECTOR ( 'NONE', #1848, 1000.000000000000000 ) ;
#2278 = CARTESIAN_POINT ( 'NONE',  ( 4.336808689942017736E-15, 4.999999999999989342, 13.83138929941186035 ) ) ;
#2279 = ORIENTED_EDGE ( 'NONE', *, *, #402, .T. ) ;
#2280 =( LENGTH_UNIT ( ) NAMED_UNIT ( * ) SI_UNIT ( .MILLI., .METRE. ) );
#2281 = CARTESIAN_POINT ( 'NONE',  ( -13.45247240908284425, -29.56101557123542278, 18.00000000000000000 ) ) ;
#2282 = ORIENTED_EDGE ( 'NONE', *, *, #4783, .F. ) ;
#2283 = CONICAL_SURFACE ( 'NONE', #471, 9.999999999999985789, 0.7853981633974428389 ) ;
#2284 = VERTEX_POINT ( 'NONE', #5910 ) ;
#2285 = LINE ( 'NONE', #5555, #2795 ) ;
#2286 = FACE_OUTER_BOUND ( 'NONE', #7, .T. ) ;
#2287 = EDGE_CURVE ( 'NONE', #5180, #2099, #5171, .T. ) ;
#2288 = DIRECTION ( 'NONE',  ( 1.506754595348573811E-17, -0.1351132047333101494, -0.9908301680442994641 ) ) ;
#2289 = CARTESIAN_POINT ( 'NONE',  ( -16.62703629243612369, -12.80245026385408735, 11.37207867838699116 ) ) ;
#2290 = CARTESIAN_POINT ( 'NONE',  ( -54.98045672513345039, -7.053373749945267335, 12.00107027356512823 ) ) ;
#2291 = ORIENTED_EDGE ( 'NONE', *, *, #5518, .T. ) ;
#2292 = LINE ( 'NONE', #329, #366 ) ;
#2293 = ADVANCED_FACE ( 'NONE', ( #5824 ), #675, .T. ) ;
#2294 = ORIENTED_EDGE ( 'NONE', *, *, #4496, .T. ) ;
#2295 = LINE ( 'NONE', #3684, #1328 ) ;
#2296 = EDGE_CURVE ( 'NONE', #3890, #3986, #4961, .T. ) ;
#2297 = CARTESIAN_POINT ( 'NONE',  ( -6.042642927000290598, -39.00000000000000711, 18.00000000000000000 ) ) ;
#2298 = ORIENTED_EDGE ( 'NONE', *, *, #1231, .T. ) ;
#2299 = CARTESIAN_POINT ( 'NONE',  ( -28.28071360458309869, -35.32460449163507832, 23.00000000000000000 ) ) ;
#2300 = EDGE_CURVE ( 'NONE', #1738, #876, #433, .T. ) ;
#2301 = B_SPLINE_CURVE_WITH_KNOTS ( 'NONE', 3,
 ( #234, #5717, #1156, #295 ),
 .UNSPECIFIED., .F., .F.,
 ( 4, 4 ),
 ( 0.000000000000000000, 0.001662597726917532711 ),
 .UNSPECIFIED. ) ;
#2302 = AXIS2_PLACEMENT_3D ( 'NONE', #2646, #5390, #2673 ) ;
#2303 = VECTOR ( 'NONE', #3419, 1000.000000000000227 ) ;
#2304 = CARTESIAN_POINT ( 'NONE',  ( -55.11686178654431245, -40.00000000000002842, 19.47122775597765809 ) ) ;
#2305 = VERTEX_POINT ( 'NONE', #5463 ) ;
#2306 = FACE_OUTER_BOUND ( 'NONE', #5909, .T. ) ;
#2307 = ORIENTED_EDGE ( 'NONE', *, *, #3443, .T. ) ;
#2308 = PLANE ( 'NONE',  #2945 ) ;
#2309 = AXIS2_PLACEMENT_3D ( 'NONE', #4161, #1429, #5503 ) ;
#2310 = ORIENTED_EDGE ( 'NONE', *, *, #1822, .F. ) ;
#2311 = CYLINDRICAL_SURFACE ( 'NONE', #4001, 1.625000000000001332 ) ;
#2312 = CARTESIAN_POINT ( 'NONE',  ( -19.84041802259992693, -0.6158457650042806764, 0.000000000000000000 ) ) ;
#2313 = LINE ( 'NONE', #3166, #3313 ) ;
#2314 = DIRECTION ( 'NONE',  ( 0.9999937747928691056, -0.003496153129678796455, 0.0004767481540471244319 ) ) ;
#2315 = VERTEX_POINT ( 'NONE', #1358 ) ;
#2316 = CIRCLE ( 'NONE', #1551, 12.00000000000001066 ) ;
#2317 = ORIENTED_EDGE ( 'NONE', *, *, #506, .T. ) ;
#2318 = DIRECTION ( 'NONE',  ( 0.6123724356957948034, 0.3535533905932738974, 0.7071067811865472397 ) ) ;
#2319 = CARTESIAN_POINT ( 'NONE',  ( -21.45247240908284425, -29.56101557123542278, 3.026981782345765204 ) ) ;
#2320 = DIRECTION ( 'NONE',  ( -0.5022976888959513886, -0.5886674175049928515, -0.6333780097996682956 ) ) ;
#2321 = EDGE_CURVE ( 'NONE', #4845, #1102, #4899, .T. ) ;
#2322 = CARTESIAN_POINT ( 'NONE',  ( -25.45033413519384169, -34.00000000000000000, 18.00000000000000000 ) ) ;
#2323 = CARTESIAN_POINT ( 'NONE',  ( -35.00000000000000000, -25.60311589323426062, 17.49999999999999645 ) ) ;
#2324 = VERTEX_POINT ( 'NONE', #5380 ) ;
#2325 = ORIENTED_EDGE ( 'NONE', *, *, #1602, .T. ) ;
#2326 = CARTESIAN_POINT ( 'NONE',  ( -28.66102607065102603, -29.27367913653003129, 1.071884106765706113 ) ) ;
#2327 = FACE_OUTER_BOUND ( 'NONE', #5161, .T. ) ;
#2328 = VERTEX_POINT ( 'NONE', #938 ) ;
#2329 = CARTESIAN_POINT ( 'NONE',  ( -50.15958197740008018, -9.602509545913802569, 16.99125130171546516 ) ) ;
#2330 = ORIENTED_EDGE ( 'NONE', *, *, #3367, .T. ) ;
#2331 = ADVANCED_FACE ( 'NONE', ( #5526 ), #2777, .F. ) ;
#2332 = CARTESIAN_POINT ( 'NONE',  ( -15.87734353967926459, -25.36101557123541639, 13.40000000000001812 ) ) ;
#2333 = ORIENTED_EDGE ( 'NONE', *, *, #1461, .T. ) ;
#2334 = CARTESIAN_POINT ( 'NONE',  ( -50.15958197740008018, 3.746675081737565360, 17.18941733532440708 ) ) ;
#2335 = VERTEX_POINT ( 'NONE', #1389 ) ;
#2336 = EDGE_CURVE ( 'NONE', #2920, #3575, #1062, .T. ) ;
#2337 = AXIS2_PLACEMENT_3D ( 'NONE', #5420, #1645, #1762 ) ;
#2338 = LINE ( 'NONE', #4260, #3707 ) ;
#2339 = ADVANCED_FACE ( 'NONE', ( #1874 ), #3710, .F. ) ;
#2340 = AXIS2_PLACEMENT_3D ( 'NONE', #4569, #462, #4595 ) ;
#2341 = VECTOR ( 'NONE', #5621, 1000.000000000000227 ) ;
#2342 = ORIENTED_EDGE ( 'NONE', *, *, #5638, .T. ) ;
#2343 = CARTESIAN_POINT ( 'NONE',  ( -47.74914460353338796, -10.97390857395692265, 14.15049617219754552 ) ) ;
#2344 = DIRECTION ( 'NONE',  ( -0.000000000000000000, -0.1351132047333106212, -0.9908301680442994641 ) ) ;
#2345 = CARTESIAN_POINT ( 'NONE',  ( -34.43844209610754348, 19.88304381465900406, 11.99999999999999822 ) ) ;
#2346 = VECTOR ( 'NONE', #4115, 1000.000000000000227 ) ;
#2347 = CARTESIAN_POINT ( 'NONE',  ( -63.53058511118329932, -7.525733215346147809, 16.70805452936533797 ) ) ;
#2348 = ORIENTED_EDGE ( 'NONE', *, *, #1231, .F. ) ;
#2349 = AXIS2_PLACEMENT_3D ( 'NONE', #2187, #4070, #3571 ) ;
#2350 = UNCERTAINTY_MEASURE_WITH_UNIT (LENGTH_MEASURE( 1.000000000000000082E-05 ), #2280, 'distance_accuracy_value', 'NONE');
#2351 = EDGE_LOOP ( 'NONE', ( #5541, #5075, #5804, #504 ) ) ;
#2352 = AXIS2_PLACEMENT_3D ( 'NONE', #2453, #4724, #2543 ) ;
#2353 = DIRECTION ( 'NONE',  ( 1.000000000000000000, 9.912705577010323084E-17, 0.000000000000000000 ) ) ;
#2354 = DIRECTION ( 'NONE',  ( 0.9510206761615280779, 0.3091272772067677477, 0.000000000000000000 ) ) ;
#2355 = CARTESIAN_POINT ( 'NONE',  ( -13.45247240908284425, -29.56101557123542278, 23.00000000000000000 ) ) ;
#2356 = CARTESIAN_POINT ( 'NONE',  ( -62.98498309238152615, -29.56101557123548673, 11.99999999999999822 ) ) ;
#2357 = LINE ( 'NONE', #3261, #3597 ) ;
#2358 = ORIENTED_EDGE ( 'NONE', *, *, #2825, .F. ) ;
#2359 = VECTOR ( 'NONE', #192, 1000.000000000000227 ) ;
#2360 = VERTEX_POINT ( 'NONE', #1421 ) ;
#2361 = DIRECTION ( 'NONE',  ( -2.775557561562891351E-17, 0.1351132047333101216, 0.9908301680442994641 ) ) ;
#2362 = CARTESIAN_POINT ( 'NONE',  ( -22.25045432022279357, -5.091529092172782711, -4.760246032885422807 ) ) ;
#2363 = DIRECTION ( 'NONE',  ( -1.506754595348573503E-17, 0.1351132047333101494, 0.9908301680442993531 ) ) ;
#2364 = AXIS2_PLACEMENT_3D ( 'NONE', #393, #4585, #4527 ) ;
#2365 = CARTESIAN_POINT ( 'NONE',  ( -5.704724084826865216, -40.00000000000002132, 16.99999999999998934 ) ) ;
#2366 = ADVANCED_FACE ( 'NONE', ( #4119, #15 ), #490, .T. ) ;
#2367 = VERTEX_POINT ( 'NONE', #522 ) ;
#2368 =( BOUNDED_CURVE ( )  B_SPLINE_CURVE ( 3, ( #4298, #3401, #252, #2468 ),
 .UNSPECIFIED., .F., .T. ) 
 B_SPLINE_CURVE_WITH_KNOTS ( ( 4, 4 ),
 ( 5.413187716407364292, 7.853981633974482790 ),
 .UNSPECIFIED. ) 
 CURVE ( )  GEOMETRIC_REPRESENTATION_ITEM ( )  RATIONAL_B_SPLINE_CURVE ( ( 1.000000000000000000, 0.5621819570083356199, 0.5621819570083356199, 1.000000000000000000 ) ) 
 REPRESENTATION_ITEM ( '' )  );
#2369 = VECTOR ( 'NONE', #49, 1000.000000000000000 ) ;
#2370 = CARTESIAN_POINT ( 'NONE',  ( -19.84041802259992693, -5.891400189238803264, 20.52220971874604771 ) ) ;
#2371 = ORIENTED_EDGE ( 'NONE', *, *, #3556, .F. ) ;
#2372 = VECTOR ( 'NONE', #570, 1000.000000000000000 ) ;
#2373 = CARTESIAN_POINT ( 'NONE',  ( -31.40571360458310224, -41.57460449163507832, 14.21269775418246972 ) ) ;
#2374 = ORIENTED_EDGE ( 'NONE', *, *, #5888, .T. ) ;
#2375 = ADVANCED_FACE ( 'NONE', ( #973 ), #1906, .F. ) ;
#2376 = CARTESIAN_POINT ( 'NONE',  ( -0.2694148888167345879, -7.525733215346136262, 7.999999999999998224 ) ) ;
#2377 = CONICAL_SURFACE ( 'NONE', #2870, 10.00000000000000533, 0.7853981633974465026 ) ;
#2378 = EDGE_CURVE ( 'NONE', #140, #707, #4189, .T. ) ;
#2379 = EDGE_LOOP ( 'NONE', ( #3569, #956, #2761, #4530 ) ) ;
#2380 = FACE_OUTER_BOUND ( 'NONE', #4077, .T. ) ;
#2381 = EDGE_CURVE ( 'NONE', #3785, #3028, #2285, .T. ) ;
#2382 = ADVANCED_FACE ( 'NONE', ( #3283 ), #4654, .F. ) ;
#2383 = DIRECTION ( 'NONE',  ( 0.000000000000000000, -0.9908301680442994641, 0.1351132047333101771 ) ) ;
#2384 = CARTESIAN_POINT ( 'NONE',  ( -25.15571360458309513, -35.32460449163507832, 17.33769775418246439 ) ) ;
#2385 = ORIENTED_EDGE ( 'NONE', *, *, #3264, .T. ) ;
#2386 = CIRCLE ( 'NONE', #369, 7.999999999999992895 ) ;
#2387 = EDGE_LOOP ( 'NONE', ( #4364, #5811, #4948, #2416 ) ) ;
#2388 = CARTESIAN_POINT ( 'NONE',  ( -50.15958197740008018, 4.016901491204174057, 19.17107767141292740 ) ) ;
#2389 = DIRECTION ( 'NONE',  ( -0.000000000000000000, -0.000000000000000000, 1.000000000000000000 ) ) ;
#2390 = CARTESIAN_POINT ( 'NONE',  ( -50.15958197740008018, -15.79970186968178503, 21.87334176607912184 ) ) ;
#2391 = LINE ( 'NONE', #5195, #4167 ) ;
#2392 = ORIENTED_EDGE ( 'NONE', *, *, #3100, .T. ) ;
#2393 =( BOUNDED_CURVE ( )  B_SPLINE_CURVE ( 3, ( #4810, #1576, #1182, #5716 ),
 .UNSPECIFIED., .F., .T. ) 
 B_SPLINE_CURVE_WITH_KNOTS ( ( 4, 4 ),
 ( 3.954348214958470109, 4.649848218588203963 ),
 .UNSPECIFIED. ) 
 CURVE ( )  GEOMETRIC_REPRESENTATION_ITEM ( )  RATIONAL_B_SPLINE_CURVE ( ( 1.000000000000000000, 0.9600945692390207009, 0.9600945692390207009, 1.000000000000000000 ) ) 
 REPRESENTATION_ITEM ( '' )  );
#2394 = ORIENTED_EDGE ( 'NONE', *, *, #1666, .T. ) ;
#2395 = DIRECTION ( 'NONE',  ( -1.000000000000000000, -1.156482317317871232E-16, 0.000000000000000000 ) ) ;
#2396 = LINE ( 'NONE', #4224, #5220 ) ;
#2397 = CARTESIAN_POINT ( 'NONE',  ( -70.00000000000000000, 4.999999999999982236, 16.99999999999997868 ) ) ;
#2398 = DIRECTION ( 'NONE',  ( -1.000000000000000000, 0.000000000000000000, 0.000000000000000000 ) ) ;
#2399 = ORIENTED_EDGE ( 'NONE', *, *, #2336, .T. ) ;
#2400 = VERTEX_POINT ( 'NONE', #5100 ) ;
#2401 = CARTESIAN_POINT ( 'NONE',  ( -56.54752759091716285, -29.56101557123542278, 18.00000000000000000 ) ) ;
#2402 = ORIENTED_EDGE ( 'NONE', *, *, #786, .T. ) ;
#2403 = DIRECTION ( 'NONE',  ( 0.000000000000000000, 0.000000000000000000, -1.000000000000000000 ) ) ;
#2404 = ORIENTED_EDGE ( 'NONE', *, *, #3041, .T. ) ;
#2405 = EDGE_CURVE ( 'NONE', #536, #2026, #5006, .T. ) ;
#2406 = CARTESIAN_POINT ( 'NONE',  ( 4.336808689942017736E-15, 4.999999999999989342, 13.83138929941186035 ) ) ;
#2407 = ORIENTED_EDGE ( 'NONE', *, *, #3663, .T. ) ;
#2408 = DIRECTION ( 'NONE',  ( 0.5000000000000001110, -0.8660254037844385966, 0.000000000000000000 ) ) ;
#2409 = DIRECTION ( 'NONE',  ( 0.000000000000000000, 0.000000000000000000, -1.000000000000000000 ) ) ;
#2410 = CARTESIAN_POINT ( 'NONE',  ( -68.25558511118330784, -15.95727432898451070, 7.999999999999998224 ) ) ;
#2411 = ORIENTED_EDGE ( 'NONE', *, *, #4430, .F. ) ;
#2412 = CIRCLE ( 'NONE', #4893, 1.625000000000001332 ) ;
#2413 = EDGE_CURVE ( 'NONE', #895, #3406, #4321, .T. ) ;
#2414 = EDGE_CURVE ( 'NONE', #43, #651, #712, .T. ) ;
#2415 = PRODUCT_RELATED_PRODUCT_CATEGORY ( 'part', '', ( #2836 ) ) ;
#2416 = ORIENTED_EDGE ( 'NONE', *, *, #4496, .F. ) ;
#2417 = DIRECTION ( 'NONE',  ( 0.000000000000000000, 0.000000000000000000, 1.000000000000000000 ) ) ;
#2418 = DIRECTION ( 'NONE',  ( -1.000000000000000000, 0.000000000000000000, 0.000000000000000000 ) ) ;
#2419 = EDGE_CURVE ( 'NONE', #1000, #1962, #963, .T. ) ;
#2420 = LINE ( 'NONE', #1967, #3404 ) ;
#2421 = ORIENTED_EDGE ( 'NONE', *, *, #289, .T. ) ;
#2422 = ORIENTED_EDGE ( 'NONE', *, *, #3089, .F. ) ;
#2423 = PLANE ( 'NONE',  #4608 ) ;
#2424 = LINE ( 'NONE', #3807, #4178 ) ;
#2425 = DIRECTION ( 'NONE',  ( 1.000000000000000000, 0.000000000000000000, 0.000000000000000000 ) ) ;
#2426 = DIRECTION ( 'NONE',  ( 1.000000000000000000, 0.000000000000000000, 0.000000000000000000 ) ) ;
#2427 = VERTEX_POINT ( 'NONE', #4292 ) ;
#2428 = DIRECTION ( 'NONE',  ( 0.4965494795428072039, 0.8680084183726373137, 0.000000000000000000 ) ) ;
#2429 = ORIENTED_EDGE ( 'NONE', *, *, #2195, .F. ) ;
#2430 = CARTESIAN_POINT ( 'NONE',  ( -6.469414888816734432, -7.525733215346136262, 23.00000000000000000 ) ) ;
#2431 = VECTOR ( 'NONE', #2436, 1000.000000000000114 ) ;
#2432 = ORIENTED_EDGE ( 'NONE', *, *, #897, .T. ) ;
#2433 = DIRECTION ( 'NONE',  ( 1.000000000000000000, 0.000000000000000000, 0.000000000000000000 ) ) ;
#2434 = ORIENTED_EDGE ( 'NONE', *, *, #3851, .T. ) ;
#2435 = CARTESIAN_POINT ( 'NONE',  ( -52.57001935126676528, -5.124751661049479878, -4.755715682584052750 ) ) ;
#2436 = DIRECTION ( 'NONE',  ( 0.7071067811865500152, 8.659560562354963673E-17, -0.7071067811865451302 ) ) ;
#2437 = LINE ( 'NONE', #132, #4371 ) ;
#2438 = ORIENTED_EDGE ( 'NONE', *, *, #5154, .T. ) ;
#2439 = CIRCLE ( 'NONE', #3111, 12.00000000000000355 ) ;
#2440 = EDGE_LOOP ( 'NONE', ( #3536, #5919, #3507, #3221, #5822, #2073, #2147, #1932, #1847 ) ) ;
#2441 = VECTOR ( 'NONE', #1004, 1000.000000000000000 ) ;
#2442 = CYLINDRICAL_SURFACE ( 'NONE', #1439, 3.100000000000005418 ) ;
#2443 = LINE ( 'NONE', #3435, #2637 ) ;
#2444 = AXIS2_PLACEMENT_3D ( 'NONE', #4942, #832, #2727 ) ;
#2445 = CARTESIAN_POINT ( 'NONE',  ( -25.33927866631572456, -17.00000000000057199, 18.00000000000000000 ) ) ;
#2446 = ADVANCED_FACE ( 'NONE', ( #658, #1586 ), #4148, .F. ) ;
#2447 = ORIENTED_EDGE ( 'NONE', *, *, #2300, .F. ) ;
#2448 = EDGE_CURVE ( 'NONE', #887, #2978, #3598, .T. ) ;
#2449 = VECTOR ( 'NONE', #5536, 1000.000000000000114 ) ;
#2450 = ORIENTED_EDGE ( 'NONE', *, *, #394, .F. ) ;
#2451 = DIRECTION ( 'NONE',  ( -1.000000000000000000, 0.000000000000000000, 0.000000000000000000 ) ) ;
#2452 = DIRECTION ( 'NONE',  ( -0.000000000000000000, 0.000000000000000000, 1.000000000000000000 ) ) ;
#2453 = CARTESIAN_POINT ( 'NONE',  ( -70.25965483327979655, 2.740345166720204340, 14.19172911189640374 ) ) ;
#2454 = CARTESIAN_POINT ( 'NONE',  ( -40.99474253587791139, -2.197597792550255225, 18.00000000000000000 ) ) ;
#2455 = ADVANCED_FACE ( 'NONE', ( #3252 ), #4414, .F. ) ;
#2456 = EDGE_CURVE ( 'NONE', #422, #3262, #2010, .T. ) ;
#2457 = CARTESIAN_POINT ( 'NONE',  ( -26.65571360458309513, -35.32460449163507832, 0.000000000000000000 ) ) ;
#2458 = ORIENTED_EDGE ( 'NONE', *, *, #5273, .F. ) ;
#2459 = AXIS2_PLACEMENT_3D ( 'NONE', #4415, #663, #5815 ) ;
#2460 = VECTOR ( 'NONE', #1770, 1000.000000000000000 ) ;
#2461 = CARTESIAN_POINT ( 'NONE',  ( -22.25045432022279357, -2.883435229483622741, 11.43244229350215413 ) ) ;
#2462 = CARTESIAN_POINT ( 'NONE',  ( -29.90571360458309869, -35.32460449163507832, 7.999999999999998224 ) ) ;
#2463 = ORIENTED_EDGE ( 'NONE', *, *, #4050, .T. ) ;
#2464 = DIRECTION ( 'NONE',  ( -0.000000000000000000, -0.000000000000000000, 1.000000000000000000 ) ) ;
#2465 = DIRECTION ( 'NONE',  ( 8.878636599624903311E-17, -0.7961621941230974109, -0.6050832675335645616 ) ) ;
#2466 = ORIENTED_EDGE ( 'NONE', *, *, #5738, .F. ) ;
#2467 = CARTESIAN_POINT ( 'NONE',  ( -10.21931090162092026, -35.16101557123543841, 11.99999999999999822 ) ) ;
#2468 = CARTESIAN_POINT ( 'NONE',  ( -63.53058511118329932, -15.95727432898451070, 17.85781013577053855 ) ) ;
#2469 = DIRECTION ( 'NONE',  ( -0.000000000000000000, -0.000000000000000000, 1.000000000000000000 ) ) ;
#2470 = VECTOR ( 'NONE', #3277, 1000.000000000000114 ) ;
#2471 = ORIENTED_EDGE ( 'NONE', *, *, #607, .F. ) ;
#2472 = DIRECTION ( 'NONE',  ( 1.000000000000000000, 0.000000000000000000, 0.000000000000000000 ) ) ;
#2473 = DIRECTION ( 'NONE',  ( 0.4969411089961882078, -0.8598268311759712512, 0.1172491133421749154 ) ) ;
#2474 = VECTOR ( 'NONE', #4350, 1000.000000000000114 ) ;
#2475 = DIRECTION ( 'NONE',  ( 1.000000000000000000, 0.000000000000000000, 0.000000000000000000 ) ) ;
#2476 = ORIENTED_EDGE ( 'NONE', *, *, #5773, .T. ) ;
#2477 = EDGE_CURVE ( 'NONE', #920, #4736, #3840, .T. ) ;
#2478 = ORIENTED_EDGE ( 'NONE', *, *, #324, .T. ) ;
#2479 = ADVANCED_FACE ( 'NONE', ( #4818 ), #516, .F. ) ;
#2480 = DIRECTION ( 'NONE',  ( 1.000000000000000000, 3.750144770645340280E-18, 2.750106165139985384E-17 ) ) ;
#2481 = CARTESIAN_POINT ( 'NONE',  ( -6.469414888816733544, -16.31351111920220376, 17.90638787989112757 ) ) ;
#2482 = CARTESIAN_POINT ( 'NONE',  ( -2.416914276770421033, 4.009169831955670560, 15.13511320473330990 ) ) ;
#2483 = DIRECTION ( 'NONE',  ( 1.000000000000000000, 0.000000000000000000, 0.000000000000000000 ) ) ;
#2484 = DIRECTION ( 'NONE',  ( -0.000000000000000000, 0.000000000000000000, 1.000000000000000000 ) ) ;
#2485 = ORIENTED_EDGE ( 'NONE', *, *, #1086, .T. ) ;
#2486 = EDGE_CURVE ( 'NONE', #1433, #5058, #4789, .T. ) ;
#2487 = ADVANCED_FACE ( 'NONE', ( #684, #3005 ), #2521, .T. ) ;
#2488 = EDGE_LOOP ( 'NONE', ( #2220, #992, #5083, #2307 ) ) ;
#2489 = CARTESIAN_POINT ( 'NONE',  ( -5.452472409082842475, -29.56101557123542278, 23.00000000000000000 ) ) ;
#2490 = CARTESIAN_POINT ( 'NONE',  ( -13.79426767298207501, -6.538210056767417733, 10.51786410469337696 ) ) ;
#2491 = ORIENTED_EDGE ( 'NONE', *, *, #5221, .F. ) ;
#2492 = CARTESIAN_POINT ( 'NONE',  ( -3.226446533919443027, -2.887715684047799325, 16.07559759327921611 ) ) ;
#2493 = EDGE_CURVE ( 'NONE', #1220, #1102, #5272, .T. ) ;
#2494 = CARTESIAN_POINT ( 'NONE',  ( -53.77369887725401298, 4.999999999999984013, 14.90627093635061939 ) ) ;
#2495 = ORIENTED_EDGE ( 'NONE', *, *, #2146, .T. ) ;
#2496 = DIRECTION ( 'NONE',  ( 0.000000000000000000, 0.6050832675335542366, -0.7961621941231052935 ) ) ;
#2497 = CARTESIAN_POINT ( 'NONE',  ( -56.54752759091716285, -29.56101557123542278, 0.000000000000000000 ) ) ;
#2498 = DIRECTION ( 'NONE',  ( 0.002495032615873801502, 0.7961578326014829843, 0.6050838622865054583 ) ) ;
#2499 = AXIS2_PLACEMENT_3D ( 'NONE', #5845, #2624, #1776 ) ;
#2500 = VECTOR ( 'NONE', #2949, 1000.000000000000000 ) ;
#2501 = ORIENTED_EDGE ( 'NONE', *, *, #5414, .F. ) ;
#2502 = AXIS2_PLACEMENT_3D ( 'NONE', #5745, #3978, #1694 ) ;
#2503 = CARTESIAN_POINT ( 'NONE',  ( -66.63058511118330784, -15.95727432898451070, 23.00000000000000000 ) ) ;
#2504 = DIRECTION ( 'NONE',  ( 1.000000000000000000, 0.000000000000000000, 0.000000000000000000 ) ) ;
#2505 = DIRECTION ( 'NONE',  ( -1.506754595348573503E-17, 0.1351132047333101494, 0.9908301680442993531 ) ) ;
#2506 = VERTEX_POINT ( 'NONE', #1414 ) ;
#2507 = CONICAL_SURFACE ( 'NONE', #4232, 8.000000000000000000, 0.7853981633974415066 ) ;
#2508 = VECTOR ( 'NONE', #5625, 1000.000000000000114 ) ;
#2509 = VERTEX_POINT ( 'NONE', #966 ) ;
#2510 = ADVANCED_FACE ( 'NONE', ( #2806 ), #4619, .F. ) ;
#2511 = SURFACE_STYLE_USAGE ( .BOTH. , #671 ) ;
#2512 = FACE_BOUND ( 'NONE', #438, .T. ) ;
#2513 = DIRECTION ( 'NONE',  ( 1.000000000000000000, 0.000000000000000000, 0.000000000000000000 ) ) ;
#2514 = DIRECTION ( 'NONE',  ( 1.000000000000000000, 0.000000000000000000, 0.000000000000000000 ) ) ;
#2515 = CARTESIAN_POINT ( 'NONE',  ( -39.36022949121142034, -13.74222030946754636, 18.00000000000000355 ) ) ;
#2516 = CARTESIAN_POINT ( 'NONE',  ( -49.10880005812923343, -26.61732185535009521, 5.000000000000000000 ) ) ;
#2517 = EDGE_LOOP ( 'NONE', ( #3164, #4200, #1689, #554 ) ) ;
#2518 = CARTESIAN_POINT ( 'NONE',  ( -41.71928639541690842, -35.32460449163507832, 23.00000000000000000 ) ) ;
#2519 = DIRECTION ( 'NONE',  ( 1.000000000000000000, 0.000000000000000000, 0.000000000000000000 ) ) ;
#2520 = ORIENTED_EDGE ( 'NONE', *, *, #752, .T. ) ;
#2521 = PLANE ( 'NONE',  #4124 ) ;
#2522 = FACE_OUTER_BOUND ( 'NONE', #5016, .T. ) ;
#2523 = ADVANCED_FACE ( 'NONE', ( #5834 ), #3369, .T. ) ;
#2524 = EDGE_CURVE ( 'NONE', #5622, #21, #359, .T. ) ;
#2525 = EDGE_CURVE ( 'NONE', #4064, #3836, #1246, .T. ) ;
#2526 = VERTEX_POINT ( 'NONE', #5298 ) ;
#2527 = CARTESIAN_POINT ( 'NONE',  ( -49.32239670527114583, -32.99576209540339278, 0.000000000000000000 ) ) ;
#2528 = LINE ( 'NONE', #1534, #3963 ) ;
#2529 = CARTESIAN_POINT ( 'NONE',  ( -21.45247240908284425, -29.56101557123542278, 3.026981782345765204 ) ) ;
#2530 = ADVANCED_FACE ( 'NONE', ( #2214 ), #387, .T. ) ;
#2531 = ADVANCED_FACE ( 'NONE', ( #4043 ), #4467, .F. ) ;
#2532 = ORIENTED_EDGE ( 'NONE', *, *, #2694, .T. ) ;
#2533 = DIRECTION ( 'NONE',  ( -2.775557561562891351E-17, 0.1351132047333101216, 0.9908301680442994641 ) ) ;
#2534 = CARTESIAN_POINT ( 'NONE',  ( -47.54752759091715575, -29.56101557123542278, 23.00000000000000000 ) ) ;
#2535 = CARTESIAN_POINT ( 'NONE',  ( -7.446265286857506105, 5.988515198902728542, 11.83743838498947021 ) ) ;
#2536 = AXIS2_PLACEMENT_3D ( 'NONE', #3835, #2066, #3865 ) ;
#2537 = ORIENTED_EDGE ( 'NONE', *, *, #4610, .F. ) ;
#2538 = AXIS2_PLACEMENT_3D ( 'NONE', #3259, #5079, #2847 ) ;
#2539 = VECTOR ( 'NONE', #5467, 1000.000000000000114 ) ;
#2540 = ORIENTED_EDGE ( 'NONE', *, *, #3477, .T. ) ;
#2541 = CARTESIAN_POINT ( 'NONE',  ( -2.138801344826394057, 1.234837532178651331, 11.99999999999999822 ) ) ;
#2542 = CARTESIAN_POINT ( 'NONE',  ( -67.58578643762693616, -39.00000000000001421, 18.00000000000000000 ) ) ;
#2543 = DIRECTION ( 'NONE',  ( 0.7038423569660838819, 0.7038423569660811063, -0.09597850322264497858 ) ) ;
#2544 = FACE_OUTER_BOUND ( 'NONE', #1872, .T. ) ;
#2545 = DIRECTION ( 'NONE',  ( 1.000000000000000000, 0.000000000000000000, 0.000000000000000000 ) ) ;
#2546 = ORIENTED_EDGE ( 'NONE', *, *, #547, .T. ) ;
#2547 = VECTOR ( 'NONE', #5846, 1000.000000000000114 ) ;
#2548 = CONICAL_SURFACE ( 'NONE', #5879, 8.000000000000001776, 0.7853981633974418397 ) ;
#2549 = ORIENTED_EDGE ( 'NONE', *, *, #4974, .T. ) ;
#2550 = DIRECTION ( 'NONE',  ( -1.000000000000000000, 0.000000000000000000, 0.000000000000000000 ) ) ;
#2551 = FACE_BOUND ( 'NONE', #5749, .T. ) ;
#2552 = ORIENTED_EDGE ( 'NONE', *, *, #5702, .F. ) ;
#2553 = CARTESIAN_POINT ( 'NONE',  ( -3.369414888816732567, -15.95727432898450004, 0.000000000000000000 ) ) ;
#2554 = CARTESIAN_POINT ( 'NONE',  ( -18.03990726879786877, -10.41534531779634065, 11.99999999999999822 ) ) ;
#2555 = CIRCLE ( 'NONE', #1110, 12.00000000000000355 ) ;
#2556 = ORIENTED_EDGE ( 'NONE', *, *, #5523, .T. ) ;
#2557 = EDGE_CURVE ( 'NONE', #2978, #877, #1672, .T. ) ;
#2558 = PLANE ( 'NONE',  #5052 ) ;
#2559 = LINE ( 'NONE', #1199, #2087 ) ;
#2560 = PLANE ( 'NONE',  #1885 ) ;
#2561 = AXIS2_PLACEMENT_3D ( 'NONE', #5799, #2604, #4901 ) ;
#2562 =( BOUNDED_CURVE ( )  B_SPLINE_CURVE ( 3, ( #4663, #612, #640, #2445 ),
 .UNSPECIFIED., .F., .T. ) 
 B_SPLINE_CURVE_WITH_KNOTS ( ( 4, 4 ),
 ( 4.178733697722307738, 5.740347389601105910 ),
 .UNSPECIFIED. ) 
 CURVE ( )  GEOMETRIC_REPRESENTATION_ITEM ( )  RATIONAL_B_SPLINE_CURVE ( ( 1.000000000000000000, 0.8068972456851494224, 0.8068972456851494224, 1.000000000000000000 ) ) 
 REPRESENTATION_ITEM ( '' )  );
#2563 = ADVANCED_FACE ( 'NONE', ( #5331 ), #3064, .F. ) ;
#2564 = ADVANCED_FACE ( 'NONE', ( #3988 ), #1704, .F. ) ;
#2565 = ORIENTED_EDGE ( 'NONE', *, *, #5524, .T. ) ;
#2566 = VECTOR ( 'NONE', #4662, 1000.000000000000000 ) ;
#2567 = CARTESIAN_POINT ( 'NONE',  ( -50.15958197740008018, -16.32788483778346844, 18.00000000000000000 ) ) ;
#2568 = VECTOR ( 'NONE', #1765, 1000.000000000000000 ) ;
#2569 = FACE_OUTER_BOUND ( 'NONE', #2045, .T. ) ;
#2570 = CARTESIAN_POINT ( 'NONE',  ( -44.66072133368429320, -17.00000000000057554, 18.00000000000000000 ) ) ;
#2571 = EDGE_LOOP ( 'NONE', ( #3968, #1841, #5916, #670, #2272 ) ) ;
#2572 = VERTEX_POINT ( 'NONE', #302 ) ;
#2573 = AXIS2_PLACEMENT_3D ( 'NONE', #4145, #3281, #1986 ) ;
#2574 = DIRECTION ( 'NONE',  ( 0.3779644730092377447, 0.6546536707079740891, 0.6546536707079740891 ) ) ;
#2575 = CARTESIAN_POINT ( 'NONE',  ( -15.87734353967926815, -33.76101557123542563, 15.00000000000000000 ) ) ;
#2576 = DIRECTION ( 'NONE',  ( -1.962615573354707557E-17, 0.7961621941231039612, 0.6050832675335560129 ) ) ;
#2577 = DIRECTION ( 'NONE',  ( -0.000000000000000000, 0.000000000000000000, 1.000000000000000000 ) ) ;
#2578 = CARTESIAN_POINT ( 'NONE',  ( -32.40429407905477177, -17.61750549236797880, 0.000000000000000000 ) ) ;
#2579 = ORIENTED_EDGE ( 'NONE', *, *, #512, .F. ) ;
#2580 = ORIENTED_EDGE ( 'NONE', *, *, #4821, .T. ) ;
#2581 = AXIS2_PLACEMENT_3D ( 'NONE', #4825, #5731, #2138 ) ;
#2582 = CYLINDRICAL_SURFACE ( 'NONE', #4682, 3.125000000000002665 ) ;
#2583 = CARTESIAN_POINT ( 'NONE',  ( -69.66526654842003552, -16.69016841334223500, 17.28632685012329162 ) ) ;
#2584 = EDGE_LOOP ( 'NONE', ( #5491, #4404, #3426, #4890, #4616, #3468, #2238 ) ) ;
#2585 = CARTESIAN_POINT ( 'NONE',  ( -19.84041802259992693, -5.756286984505489812, 21.51303988679037005 ) ) ;
#2586 = CARTESIAN_POINT ( 'NONE',  ( 9.540979117872439019E-15, -40.00000000000002132, 16.99999999999998934 ) ) ;
#2587 = CIRCLE ( 'NONE', #3543, 3.125000000000002665 ) ;
#2588 = ORIENTED_EDGE ( 'NONE', *, *, #1267, .T. ) ;
#2589 = CARTESIAN_POINT ( 'NONE',  ( 1.895804941603288061E-15, -17.00000000000056843, 18.00000000000000000 ) ) ;
#2590 = EDGE_CURVE ( 'NONE', #5011, #5648, #5784, .T. ) ;
#2591 = FACE_OUTER_BOUND ( 'NONE', #2387, .T. ) ;
#2592 = VERTEX_POINT ( 'NONE', #1313 ) ;
#2593 = CARTESIAN_POINT ( 'NONE',  ( -10.21931090162091493, -23.96101557123539649, 11.99999999999999822 ) ) ;
#2594 = CYLINDRICAL_SURFACE ( 'NONE', #3407, 1.624999999999999778 ) ;
#2595 = ADVANCED_FACE ( 'NONE', ( #5361 ), #3483, .F. ) ;
#2596 = CARTESIAN_POINT ( 'NONE',  ( -27.87500000000001776, -25.60311589323426062, 17.49999999999999645 ) ) ;
#2597 = EDGE_LOOP ( 'NONE', ( #5035, #601, #4614, #5231, #3280, #5616 ) ) ;
#2598 = ADVANCED_FACE ( 'NONE', ( #1278 ), #4850, .F. ) ;
#2599 = VECTOR ( 'NONE', #5664, 1000.000000000000000 ) ;
#2600 = AXIS2_PLACEMENT_3D ( 'NONE', #5353, #3085, #793 ) ;
#2601 = ORIENTED_EDGE ( 'NONE', *, *, #2296, .T. ) ;
#2602 = FACE_OUTER_BOUND ( 'NONE', #5376, .T. ) ;
#2603 = EDGE_CURVE ( 'NONE', #1508, #1272, #4945, .T. ) ;
#2604 = DIRECTION ( 'NONE',  ( -0.000000000000000000, -0.000000000000000000, -1.000000000000000000 ) ) ;
#2605 = CARTESIAN_POINT ( 'NONE',  ( -46.54752759091716285, -29.56101557123542278, 23.00000000000000000 ) ) ;
#2606 = DIRECTION ( 'NONE',  ( 0.7071067811865489050, 0.7071067811865462405, 0.000000000000000000 ) ) ;
#2607 = DIRECTION ( 'NONE',  ( 0.000000000000000000, 0.000000000000000000, 1.000000000000000000 ) ) ;
#2608 = ORIENTED_EDGE ( 'NONE', *, *, #5338, .F. ) ;
#2609 = AXIS2_PLACEMENT_3D ( 'NONE', #2884, #5168, #1070 ) ;
#2610 = ORIENTED_EDGE ( 'NONE', *, *, #4678, .T. ) ;
#2611 = B_SPLINE_CURVE_WITH_KNOTS ( 'NONE', 3,
 ( #303, #5695, #1109, #3841, #3962, #3902, #187, #5666, #2977, #1674, #1557, #3513 ),
 .UNSPECIFIED., .F., .F.,
 ( 4, 2, 2, 2, 2, 4 ),
 ( 0.003342644371009633256, 0.004126972350936459165, 0.004911300330863285074, 0.006479956290716936025, 0.008048612250570586976, 0.009617268210424237060 ),
 .UNSPECIFIED. ) ;
#2612 = DIRECTION ( 'NONE',  ( 0.000000000000000000, -0.1351132047333103159, -0.9908301680442993531 ) ) ;
#2613 = FACE_OUTER_BOUND ( 'NONE', #5389, .T. ) ;
#2614 = EDGE_LOOP ( 'NONE', ( #3046, #117, #4803, #5546 ) ) ;
#2615 = DIRECTION ( 'NONE',  ( 1.000000000000000000, 0.000000000000000000, 0.000000000000000000 ) ) ;
#2616 = DIRECTION ( 'NONE',  ( 0.000000000000000000, -0.9908301680442994641, 0.1351132047333093722 ) ) ;
#2617 = CIRCLE ( 'NONE', #1840, 8.000000000000001776 ) ;
#2618 = ORIENTED_EDGE ( 'NONE', *, *, #391, .F. ) ;
#2619 = DIRECTION ( 'NONE',  ( 0.000000000000000000, -0.9908301680442994641, 0.1351132047333106490 ) ) ;
#2620 = CYLINDRICAL_SURFACE ( 'NONE', #921, 8.000000000000001776 ) ;
#2621 =( BOUNDED_CURVE ( )  B_SPLINE_CURVE ( 3, ( #5240, #3838, #3454, #5661 ),
 .UNSPECIFIED., .F., .T. ) 
 B_SPLINE_CURVE_WITH_KNOTS ( ( 4, 4 ),
 ( 5.448086666368577191, 6.148885402391233157 ),
 .UNSPECIFIED. ) 
 CURVE ( )  GEOMETRIC_REPRESENTATION_ITEM ( )  RATIONAL_B_SPLINE_CURVE ( ( 1.000000000000000000, 0.9594904636820216215, 0.9594904636820216215, 1.000000000000000000 ) ) 
 REPRESENTATION_ITEM ( '' )  );
#2622 = VERTEX_POINT ( 'NONE', #5863 ) ;
#2623 = APPLICATION_PROTOCOL_DEFINITION ( 'draft international standard', 'automotive_design', 1998, #5302 ) ;
#2624 = DIRECTION ( 'NONE',  ( 0.000000000000000000, 0.000000000000000000, -1.000000000000000000 ) ) ;
#2625 = DIRECTION ( 'NONE',  ( 0.5176900323185607000, -0.5176900323185625874, 0.6811710951559918348 ) ) ;
#2626 = CARTESIAN_POINT ( 'NONE',  ( -69.73058511118331637, -15.21789154171835534, 17.01963875597221687 ) ) ;
#2627 = ORIENTED_EDGE ( 'NONE', *, *, #3333, .F. ) ;
#2628 = ORIENTED_EDGE ( 'NONE', *, *, #3342, .T. ) ;
#2629 = CARTESIAN_POINT ( 'NONE',  ( -19.84041802259992693, -17.18810895698882391, -3.110712414956001481 ) ) ;
#2630 = DIRECTION ( 'NONE',  ( -0.000000000000000000, -0.000000000000000000, 1.000000000000000000 ) ) ;
#2631 = AXIS2_PLACEMENT_3D ( 'NONE', #1221, #3960, #1192 ) ;
#2632 = EDGE_CURVE ( 'NONE', #2028, #1111, #4823, .T. ) ;
#2633 = DIRECTION ( 'NONE',  ( 0.000000000000000000, -0.9908301680442994641, 0.1351132047333101771 ) ) ;
#2634 = CARTESIAN_POINT ( 'NONE',  ( -3.369414888816732567, -15.95727432898450004, 18.00000000000000000 ) ) ;
#2635 = CARTESIAN_POINT ( 'NONE',  ( -1.000000000000001110, -5.526765210436202835, 16.43546798324126001 ) ) ;
#2636 = ORIENTED_EDGE ( 'NONE', *, *, #1493, .T. ) ;
#2637 = VECTOR ( 'NONE', #2473, 1000.000000000000114 ) ;
#2638 = VECTOR ( 'NONE', #735, 1000.000000000000114 ) ;
#2639 = VERTEX_POINT ( 'NONE', #802 ) ;
#2640 = EDGE_CURVE ( 'NONE', #5603, #1779, #834, .T. ) ;
#2641 = CARTESIAN_POINT ( 'NONE',  ( -28.28071360458309869, -35.32460449163507832, 0.000000000000000000 ) ) ;
#2642 = EDGE_CURVE ( 'NONE', #2526, #199, #4259, .T. ) ;
#2643 = FACE_OUTER_BOUND ( 'NONE', #3716, .T. ) ;
#2644 = ORIENTED_EDGE ( 'NONE', *, *, #1080, .F. ) ;
#2645 = VECTOR ( 'NONE', #5346, 1000.000000000000227 ) ;
#2646 = CARTESIAN_POINT ( 'NONE',  ( -19.84041802259992693, -5.756286984505489812, 21.51303988679037360 ) ) ;
#2647 = VECTOR ( 'NONE', #472, 1000.000000000000227 ) ;
#2648 = CARTESIAN_POINT ( 'NONE',  ( -42.22195218011792406, -24.37876638917508387, 5.000000000000000000 ) ) ;
#2649 = EDGE_CURVE ( 'NONE', #5183, #3349, #1680, .T. ) ;
#2650 = AXIS2_PLACEMENT_3D ( 'NONE', #4197, #5060, #5923 ) ;
#2651 = ORIENTED_EDGE ( 'NONE', *, *, #5671, .F. ) ;
#2652 = CARTESIAN_POINT ( 'NONE',  ( -66.63058511118330784, -7.525733215346147809, 0.000000000000000000 ) ) ;
#2653 = CARTESIAN_POINT ( 'NONE',  ( -5.452472409082842475, -29.56101557123542278, 10.59999999999998543 ) ) ;
#2654 = ORIENTED_EDGE ( 'NONE', *, *, #421, .T. ) ;
#2655 = VECTOR ( 'NONE', #3670, 1000.000000000000114 ) ;
#2656 = CARTESIAN_POINT ( 'NONE',  ( -1.955736884134695153, 4.955736884134695153, 13.88963024133987822 ) ) ;
#2657 = DIRECTION ( 'NONE',  ( 1.000000000000000000, 0.000000000000000000, 0.000000000000000000 ) ) ;
#2658 = CARTESIAN_POINT ( 'NONE',  ( 4.336808689942017736E-15, 4.999999999999989342, 16.99999999999997868 ) ) ;
#2659 = ORIENTED_EDGE ( 'NONE', *, *, #3952, .F. ) ;
#2660 = ORIENTED_EDGE ( 'NONE', *, *, #146, .F. ) ;
#2661 = CARTESIAN_POINT ( 'NONE',  ( -19.84041802259992693, -6.431853008172041086, 16.55888904656887206 ) ) ;
#2662 = DIRECTION ( 'NONE',  ( 0.000000000000000000, 0.000000000000000000, -1.000000000000000000 ) ) ;
#2663 = LINE ( 'NONE', #378, #4354 ) ;
#2664 = EDGE_CURVE ( 'NONE', #5790, #3611, #2832, .T. ) ;
#2665 = CARTESIAN_POINT ( 'NONE',  ( -37.73235576576892214, -20.10715219497186723, 13.78113097061416426 ) ) ;
#2666 = CARTESIAN_POINT ( 'NONE',  ( -0.2694148888167345879, -7.525733215346136262, 15.97070807510334767 ) ) ;
#2667 = VERTEX_POINT ( 'NONE', #4607 ) ;
#2668 = AXIS2_PLACEMENT_3D ( 'NONE', #4176, #3696, #2433 ) ;
#2669 = ORIENTED_EDGE ( 'NONE', *, *, #5217, .T. ) ;
#2670 = LINE ( 'NONE', #2697, #93 ) ;
#2671 = CARTESIAN_POINT ( 'NONE',  ( -13.45247240908284425, -29.56101557123542278, 23.00000000000000000 ) ) ;
#2672 = ORIENTED_EDGE ( 'NONE', *, *, #4286, .T. ) ;
#2673 = DIRECTION ( 'NONE',  ( 0.000000000000000000, 0.9908301680442994641, -0.1351132047333097053 ) ) ;
#2674 = EDGE_CURVE ( 'NONE', #4324, #958, #2983, .T. ) ;
#2675 = EDGE_CURVE ( 'NONE', #1150, #3632, #4209, .T. ) ;
#2676 = CARTESIAN_POINT ( 'NONE',  ( -63.56831460499049058, -40.00000000000004263, 17.43325486713644423 ) ) ;
#2677 = ORIENTED_EDGE ( 'NONE', *, *, #5887, .T. ) ;
#2678 = DIRECTION ( 'NONE',  ( 1.000000000000000000, 0.000000000000000000, 0.000000000000000000 ) ) ;
#2679 = EDGE_CURVE ( 'NONE', #2506, #3243, #891, .T. ) ;
#2680 = CARTESIAN_POINT ( 'NONE',  ( 6.888918575678754253E-15, -17.06786777039206626, 16.99999999999997868 ) ) ;
#2681 = CIRCLE ( 'NONE', #1048, 6.600000000000029843 ) ;
#2682 = ORIENTED_EDGE ( 'NONE', *, *, #890, .T. ) ;
#2683 = CARTESIAN_POINT ( 'NONE',  ( -10.67557858107773683, -2.197597792550265439, 18.00000000000000000 ) ) ;
#2684 = DIRECTION ( 'NONE',  ( -1.000000000000000000, 0.000000000000000000, -0.000000000000000000 ) ) ;
#2685 = DIRECTION ( 'NONE',  ( 0.000000000000000000, 0.9908301680442994641, -0.1351132047333102049 ) ) ;
#2686 = VERTEX_POINT ( 'NONE', #3659 ) ;
#2687 = VERTEX_POINT ( 'NONE', #2329 ) ;
#2688 = CARTESIAN_POINT ( 'NONE',  ( -35.00000000000000000, -25.60311589323426062, 0.000000000000000000 ) ) ;
#2689 = CARTESIAN_POINT ( 'NONE',  ( -58.95796496478386928, -33.73601557123543415, 15.00000000000000000 ) ) ;
#2690 = DIRECTION ( 'NONE',  ( -0.4999999999999996669, 0.8580840963623677098, -0.1170114676857744312 ) ) ;
#2691 = DIRECTION ( 'NONE',  ( 1.000000000000000000, 0.000000000000000000, 0.000000000000000000 ) ) ;
#2692 = DIRECTION ( 'NONE',  ( 0.000000000000000000, 0.000000000000000000, 1.000000000000000000 ) ) ;
#2693 = EDGE_LOOP ( 'NONE', ( #3185, #1657 ) ) ;
#2694 = EDGE_CURVE ( 'NONE', #3917, #5215, #1327, .T. ) ;
#2695 = ORIENTED_EDGE ( 'NONE', *, *, #451, .F. ) ;
#2696 = AXIS2_PLACEMENT_3D ( 'NONE', #3975, #4031, #346 ) ;
#2697 = CARTESIAN_POINT ( 'NONE',  ( -6.469414888816733544, -15.95727432898450004, 23.00000000000000000 ) ) ;
#2698 = CARTESIAN_POINT ( 'NONE',  ( -47.74914460353339507, -5.124751661049485207, -4.755715682584052750 ) ) ;
#2699 = ORIENTED_EDGE ( 'NONE', *, *, #1494, .T. ) ;
#2700 = CARTESIAN_POINT ( 'NONE',  ( -13.45247240908284425, -29.56101557123542278, 10.59999999999998543 ) ) ;
#2701 = VECTOR ( 'NONE', #644, 1000.000000000000000 ) ;
#2702 = VECTOR ( 'NONE', #5319, 1000.000000000000114 ) ;
#2703 = LINE ( 'NONE', #5002, #4289 ) ;
#2704 = ORIENTED_EDGE ( 'NONE', *, *, #2287, .F. ) ;
#2705 = DIRECTION ( 'NONE',  ( -0.000000000000000000, -0.000000000000000000, 1.000000000000000000 ) ) ;
#2706 = EDGE_LOOP ( 'NONE', ( #3287, #2736, #2, #4599 ) ) ;
#2707 = ADVANCED_FACE ( 'NONE', ( #4580 ), #2792, .F. ) ;
#2708 = DIRECTION ( 'NONE',  ( 0.000000000000000000, 0.000000000000000000, 1.000000000000000000 ) ) ;
#2709 =( BOUNDED_CURVE ( )  B_SPLINE_CURVE ( 3, ( #1390, #5049, #584, #4242 ),
 .UNSPECIFIED., .F., .T. ) 
 B_SPLINE_CURVE_WITH_KNOTS ( ( 4, 4 ),
 ( 5.793328224526931081, 6.148885402391233157 ),
 .UNSPECIFIED. ) 
 CURVE ( )  GEOMETRIC_REPRESENTATION_ITEM ( )  RATIONAL_B_SPLINE_CURVE ( ( 1.000000000000000000, 0.9894926421782321846, 0.9894926421782321846, 1.000000000000000000 ) ) 
 REPRESENTATION_ITEM ( '' )  );
#2710 = ORIENTED_EDGE ( 'NONE', *, *, #150, .F. ) ;
#2711 = ADVANCED_FACE ( 'NONE', ( #888, #2729 ), #1369, .T. ) ;
#2712 = CARTESIAN_POINT ( 'NONE',  ( -13.79426767298207501, -6.538210056767415956, 10.51786410469337696 ) ) ;
#2713 = CARTESIAN_POINT ( 'NONE',  ( -22.29855349035513967, -11.17441714698195021, 12.56303073679735149 ) ) ;
#2714 = CARTESIAN_POINT ( 'NONE',  ( 9.540979117872439019E-15, -40.00000000000002132, 0.000000000000000000 ) ) ;
#2715 = ORIENTED_EDGE ( 'NONE', *, *, #720, .F. ) ;
#2716 = EDGE_CURVE ( 'NONE', #3618, #4388, #3269, .T. ) ;
#2717 = VERTEX_POINT ( 'NONE', #861 ) ;
#2718 = AXIS2_PLACEMENT_3D ( 'NONE', #3733, #1413, #4531 ) ;
#2719 = CARTESIAN_POINT ( 'NONE',  ( -59.32442141892224896, -2.197597792550255225, 18.00000000000000000 ) ) ;
#2720 = DIRECTION ( 'NONE',  ( 0.000000000000000000, 0.000000000000000000, 1.000000000000000000 ) ) ;
#2721 = FACE_OUTER_BOUND ( 'NONE', #4448, .T. ) ;
#2722 = DIRECTION ( 'NONE',  ( -0.000000000000000000, 0.000000000000000000, 1.000000000000000000 ) ) ;
#2723 = DIRECTION ( 'NONE',  ( 0.000000000000000000, 0.9908301680442994641, -0.1351132047333100938 ) ) ;
#2724 = ORIENTED_EDGE ( 'NONE', *, *, #4091, .F. ) ;
#2725 = VERTEX_POINT ( 'NONE', #4521 ) ;
#2726 = CARTESIAN_POINT ( 'NONE',  ( -54.13709021705045643, -33.73601557123543415, 0.000000000000000000 ) ) ;
#2727 = DIRECTION ( 'NONE',  ( 1.000000000000000000, 0.000000000000000000, 0.000000000000000000 ) ) ;
#2728 = VERTEX_POINT ( 'NONE', #3299 ) ;
#2729 = FACE_OUTER_BOUND ( 'NONE', #1835, .T. ) ;
#2730 = AXIS2_PLACEMENT_3D ( 'NONE', #1426, #1817, #4543 ) ;
#2731 = CONICAL_SURFACE ( 'NONE', #1478, 9.000000000000007105, 0.7853981633974447263 ) ;
#2732 = SURFACE_STYLE_USAGE ( .BOTH. , #4523 ) ;
#2733 = VERTEX_POINT ( 'NONE', #414 ) ;
#2734 = DIRECTION ( 'NONE',  ( 0.000000000000000000, -0.1351132047333101494, -0.9908301680442994641 ) ) ;
#2735 = CIRCLE ( 'NONE', #2444, 8.000000000000000000 ) ;
#2736 = ORIENTED_EDGE ( 'NONE', *, *, #5674, .T. ) ;
#2737 = CARTESIAN_POINT ( 'NONE',  ( -54.98045672513345039, -6.837192622371975226, 13.58639854243597433 ) ) ;
#2738 = AXIS2_PLACEMENT_3D ( 'NONE', #412, #3152, #5832 ) ;
#2739 = EDGE_CURVE ( 'NONE', #4686, #1433, #4548, .T. ) ;
#2740 = ORIENTED_EDGE ( 'NONE', *, *, #856, .F. ) ;
#2741 = DIRECTION ( 'NONE',  ( -2.775557561562891351E-17, 0.1351132047333101216, 0.9908301680442994641 ) ) ;
#2742 = CARTESIAN_POINT ( 'NONE',  ( -23.51345146426556809, -12.05291357315731382, 11.26986912965561594 ) ) ;
#2743 = AXIS2_PLACEMENT_3D ( 'NONE', #5759, #308, #1651 ) ;
#2744 = CARTESIAN_POINT ( 'NONE',  ( 0.000000000000000000, 0.000000000000000000, 18.00000000000000000 ) ) ;
#2745 = EDGE_LOOP ( 'NONE', ( #4014, #2434, #3379, #2818 ) ) ;
#2746 = EDGE_CURVE ( 'NONE', #2622, #4837, #5718, .T. ) ;
#2747 = EDGE_CURVE ( 'NONE', #530, #1272, #1016, .T. ) ;
#2748 = VECTOR ( 'NONE', #253, 1000.000000000000114 ) ;
#2749 = EDGE_LOOP ( 'NONE', ( #3811, #4039, #2239, #1326 ) ) ;
#2750 = CARTESIAN_POINT ( 'NONE',  ( -69.00000000000000000, 0.000000000000000000, 18.00000000000000000 ) ) ;
#2751 = CARTESIAN_POINT ( 'NONE',  ( 9.309682654408865266E-15, -38.00000000000002842, 16.99999999999997868 ) ) ;
#2752 = DIRECTION ( 'NONE',  ( -0.000000000000000000, -0.000000000000000000, 1.000000000000000000 ) ) ;
#2753 = DIRECTION ( 'NONE',  ( -0.8660254037844387076, 0.4954150840221495655, -0.06755660236665507468 ) ) ;
#2754 = DIRECTION ( 'NONE',  ( 0.7071067811865462405, -0.7071067811865489050, -0.000000000000000000 ) ) ;
#2755 = VERTEX_POINT ( 'NONE', #1101 ) ;
#2756 = CARTESIAN_POINT ( 'NONE',  ( -1.999999999999993117, -40.00000000000002132, 16.99999999999998934 ) ) ;
#2757 = AXIS2_PLACEMENT_3D ( 'NONE', #5825, #1753, #3533 ) ;
#2758 = ORIENTED_EDGE ( 'NONE', *, *, #3772, .F. ) ;
#2759 = FACE_OUTER_BOUND ( 'NONE', #3911, .T. ) ;
#2760 = DIRECTION ( 'NONE',  ( 0.000000000000000000, -0.1351132047333095387, -0.9908301680442994641 ) ) ;
#2761 = ORIENTED_EDGE ( 'NONE', *, *, #362, .T. ) ;
#2762 = CARTESIAN_POINT ( 'NONE',  ( -63.53058511118331353, -4.072959464992308654, 16.23722174522619000 ) ) ;
#2763 = COLOUR_RGB ( '',0.5176470588235293491, 0.5176470588235293491, 0.5176470588235293491 ) ;
#2764 = VERTEX_POINT ( 'NONE', #1521 ) ;
#2765 = CYLINDRICAL_SURFACE ( 'NONE', #4835, 3.100000000000000089 ) ;
#2766 = ORIENTED_EDGE ( 'NONE', *, *, #2223, .T. ) ;
#2767 = AXIS2_PLACEMENT_3D ( 'NONE', #189, #2015, #2952 ) ;
#2768 = CARTESIAN_POINT ( 'NONE',  ( -0.000000000000000000, -23.98601557123541284, 11.99999999999999822 ) ) ;
#2769 = EDGE_CURVE ( 'NONE', #4602, #5772, #2857, .T. ) ;
#2770 = VERTEX_POINT ( 'NONE', #2887 ) ;
#2771 = CARTESIAN_POINT ( 'NONE',  ( -46.54752759091716285, -29.56101557123542278, 22.00000000000000000 ) ) ;
#2772 = DIRECTION ( 'NONE',  ( 0.3779644730092280858, 0.6546536707079768647, 0.6546536707079769757 ) ) ;
#2773 = DIRECTION ( 'NONE',  ( -1.000000000000000000, 0.000000000000000000, -0.000000000000000000 ) ) ;
#2774 = VERTEX_POINT ( 'NONE', #2942 ) ;
#2775 = AXIS2_PLACEMENT_3D ( 'NONE', #1823, #799, #2240 ) ;
#2776 = ORIENTED_EDGE ( 'NONE', *, *, #3595, .F. ) ;
#2777 = PLANE ( 'NONE',  #1927 ) ;
#2778 = CARTESIAN_POINT ( 'NONE',  ( -19.84041802259992693, -6.090811074892666710, -4.623980307969076442 ) ) ;
#2779 = DIRECTION ( 'NONE',  ( -2.775557561562891351E-17, 0.1351132047333101216, 0.9908301680442994641 ) ) ;
#2780 = CARTESIAN_POINT ( 'NONE',  ( -56.54752759091716285, -29.56101557123542278, 18.00000000000000000 ) ) ;
#2781 = ADVANCED_FACE ( 'NONE', ( #147 ), #3390, .F. ) ;
#2782 = CARTESIAN_POINT ( 'NONE',  ( -64.54752759091715575, -29.56101557123542278, 18.00000000000000000 ) ) ;
#2783 = ORIENTED_EDGE ( 'NONE', *, *, #1418, .T. ) ;
#2784 = CARTESIAN_POINT ( 'NONE',  ( -50.15958197740008018, -13.68292832885986954, 22.59394552465684924 ) ) ;
#2785 = ADVANCED_FACE ( 'NONE', ( #1976 ), #4540, .F. ) ;
#2786 = ADVANCED_FACE ( 'NONE', ( #4670 ), #677, .F. ) ;
#2787 = VERTEX_POINT ( 'NONE', #1074 ) ;
#2788 = CARTESIAN_POINT ( 'NONE',  ( -13.45247240908284425, -29.56101557123542278, 18.00000000000000000 ) ) ;
#2789 = CARTESIAN_POINT ( 'NONE',  ( -45.77591656489093452, -40.00000000000002842, 14.99999999999999645 ) ) ;
#2790 = ORIENTED_EDGE ( 'NONE', *, *, #240, .F. ) ;
#2791 = ADVANCED_FACE ( 'NONE', ( #4284, #5145 ), #3329, .T. ) ;
#2792 = CYLINDRICAL_SURFACE ( 'NONE', #4158, 3.125000000000002665 ) ;
#2793 = AXIS2_PLACEMENT_3D ( 'NONE', #4389, #5397, #1288 ) ;
#2794 = ORIENTED_EDGE ( 'NONE', *, *, #361, .F. ) ;
#2795 = VECTOR ( 'NONE', #4152, 1000.000000000000000 ) ;
#2796 = AXIS2_PLACEMENT_3D ( 'NONE', #1270, #2753, #5439 ) ;
#2797 = CARTESIAN_POINT ( 'NONE',  ( -25.86904938106184559, 4.999999999999986677, 13.83138929941186035 ) ) ;
#2798 = ORIENTED_EDGE ( 'NONE', *, *, #3842, .F. ) ;
#2799 = CARTESIAN_POINT ( 'NONE',  ( -29.00525746412211703, -2.197597792550265439, 18.00000000000000000 ) ) ;
#2800 = ORIENTED_EDGE ( 'NONE', *, *, #3162, .F. ) ;
#2801 = CARTESIAN_POINT ( 'NONE',  ( -48.54752759091716285, -29.56101557123542278, 10.59999999999998899 ) ) ;
#2802 = AXIS2_PLACEMENT_3D ( 'NONE', #1042, #4223, #2451 ) ;
#2803 = VERTEX_POINT ( 'NONE', #1612 ) ;
#2804 = CARTESIAN_POINT ( 'NONE',  ( -61.30158277814345524, -29.56101557123545831, 13.45786743686887021 ) ) ;
#2805 = CARTESIAN_POINT ( 'NONE',  ( -68.54752759091716996, -29.56101557123542278, 18.00000000000000000 ) ) ;
#2806 = FACE_OUTER_BOUND ( 'NONE', #5516, .T. ) ;
#2807 = DIRECTION ( 'NONE',  ( -0.9510206761615280779, -0.3091272772067677477, 0.000000000000000000 ) ) ;
#2808 = EDGE_LOOP ( 'NONE', ( #4589, #2298, #3011, #2371 ) ) ;
#2809 = EDGE_LOOP ( 'NONE', ( #820, #1832, #1719, #439 ) ) ;
#2810 = EDGE_CURVE ( 'NONE', #1082, #3132, #2914, .T. ) ;
#2811 = DIRECTION ( 'NONE',  ( 1.506754595348573503E-17, -0.1351132047333101494, -0.9908301680442994641 ) ) ;
#2812 = PLANE ( 'NONE',  #497 ) ;
#2813 = DIRECTION ( 'NONE',  ( -1.000000000000000000, 0.000000000000000000, -0.000000000000000000 ) ) ;
#2814 = DIRECTION ( 'NONE',  ( 1.000000000000000000, 0.000000000000000000, 0.000000000000000000 ) ) ;
#2815 = DIRECTION ( 'NONE',  ( 0.000000000000000000, -0.9908301680442993531, 0.1351132047333100661 ) ) ;
#2816 = ORIENTED_EDGE ( 'NONE', *, *, #1376, .T. ) ;
#2817 =( BOUNDED_CURVE ( )  B_SPLINE_CURVE ( 3, ( #260, #4362, #2626, #4332 ),
 .UNSPECIFIED., .F., .T. ) 
 B_SPLINE_CURVE_WITH_KNOTS ( ( 4, 4 ),
 ( 5.716686475945263801, 6.417485211967939307 ),
 .UNSPECIFIED. ) 
 CURVE ( )  GEOMETRIC_REPRESENTATION_ITEM ( )  RATIONAL_B_SPLINE_CURVE ( ( 1.000000000000000000, 0.9594904636820194010, 0.9594904636820194010, 1.000000000000000000 ) ) 
 REPRESENTATION_ITEM ( '' )  );
#2818 = ORIENTED_EDGE ( 'NONE', *, *, #3961, .F. ) ;
#2819 = ADVANCED_FACE ( 'NONE', ( #1046 ), #4312, .T. ) ;
#2820 = CARTESIAN_POINT ( 'NONE',  ( -56.54752759091716285, -29.56101557123542278, 15.00000000000000000 ) ) ;
#2821 = DIRECTION ( 'NONE',  ( -0.000000000000000000, 0.000000000000000000, 1.000000000000000000 ) ) ;
#2822 = CARTESIAN_POINT ( 'NONE',  ( -68.25558511118330784, -7.525733215346147809, 0.000000000000000000 ) ) ;
#2823 = CARTESIAN_POINT ( 'NONE',  ( -66.77355346608054276, -2.887715684047833964, 16.07559759327921967 ) ) ;
#2824 = VERTEX_POINT ( 'NONE', #207 ) ;
#2825 = EDGE_CURVE ( 'NONE', #2572, #1302, #4696, .T. ) ;
#2826 = EDGE_CURVE ( 'NONE', #613, #1102, #898, .T. ) ;
#2827 = EDGE_CURVE ( 'NONE', #154, #769, #4917, .T. ) ;
#2828 = PLANE ( 'NONE',  #5903 ) ;
#2829 = VERTEX_POINT ( 'NONE', #2516 ) ;
#2830 = CARTESIAN_POINT ( 'NONE',  ( -44.84428639541690842, -35.32460449163507832, 17.33769775418246439 ) ) ;
#2831 = VERTEX_POINT ( 'NONE', #3420 ) ;
#2832 = CIRCLE ( 'NONE', #705, 8.000000000000001776 ) ;
#2833 = CARTESIAN_POINT ( 'NONE',  ( -0.2694148888167323674, -15.95727432898450004, 7.999999999999998224 ) ) ;
#2834 = CIRCLE ( 'NONE', #5873, 7.999999999999984013 ) ;
#2835 = AXIS2_PLACEMENT_3D ( 'NONE', #2933, #2849, #3827 ) ;
#2836 = PRODUCT ( 'Top new', 'Top new', '', ( #1604 ) ) ;
#2837 = ORIENTED_EDGE ( 'NONE', *, *, #3584, .T. ) ;
#2838 = DIRECTION ( 'NONE',  ( 0.000000000000000000, 0.000000000000000000, 1.000000000000000000 ) ) ;
#2839 = CARTESIAN_POINT ( 'NONE',  ( -28.34972870195691996, -30.12331601439332118, 0.3600923766744371646 ) ) ;
#2840 = CARTESIAN_POINT ( 'NONE',  ( -27.67500000000000426, -25.60311589323426062, 4.867473198773694776 ) ) ;
#2841 = AXIS2_PLACEMENT_3D ( 'NONE', #2115, #3998, #2657 ) ;
#2842 = CARTESIAN_POINT ( 'NONE',  ( -25.45033413519384169, -34.00000000000000000, 18.00000000000000000 ) ) ;
#2843 = VERTEX_POINT ( 'NONE', #2457 ) ;
#2844 = AXIS2_PLACEMENT_3D ( 'NONE', #1794, #4464, #357 ) ;
#2845 = ORIENTED_EDGE ( 'NONE', *, *, #4322, .T. ) ;
#2846 = CARTESIAN_POINT ( 'NONE',  ( -70.00000000000000000, 2.999999999999987566, 18.00000000000000000 ) ) ;
#2847 = DIRECTION ( 'NONE',  ( 1.000000000000000000, 0.000000000000000000, 0.000000000000000000 ) ) ;
#2848 = CARTESIAN_POINT ( 'NONE',  ( -66.77355346608054276, -12.16375074664445854, 17.34051146545145627 ) ) ;
#2849 = DIRECTION ( 'NONE',  ( -0.000000000000000000, -0.000000000000000000, -1.000000000000000000 ) ) ;
#2850 = ORIENTED_EDGE ( 'NONE', *, *, #2036, .T. ) ;
#2851 = VECTOR ( 'NONE', #1206, 1000.000000000000000 ) ;
#2852 = VERTEX_POINT ( 'NONE', #5237 ) ;
#2853 = ADVANCED_FACE ( 'NONE', ( #1131 ), #176, .T. ) ;
#2854 = DIRECTION ( 'NONE',  ( 1.000000000000000000, 0.000000000000000000, 0.000000000000000000 ) ) ;
#2855 = DIRECTION ( 'NONE',  ( 0.6111211072426064872, -0.2569106691661734443, 0.7486841125275464082 ) ) ;
#2856 = LINE ( 'NONE', #2822, #4733 ) ;
#2857 = LINE ( 'NONE', #5116, #3399 ) ;
#2858 = AXIS2_PLACEMENT_3D ( 'NONE', #3171, #1297, #3976 ) ;
#2859 = EDGE_LOOP ( 'NONE', ( #689, #5740, #2644, #4793, #2333, #2934, #826, #5018, #5576 ) ) ;
#2860 =( BOUNDED_CURVE ( )  B_SPLINE_CURVE ( 3, ( #5247, #690, #1679, #2527 ),
 .UNSPECIFIED., .F., .T. ) 
 B_SPLINE_CURVE_WITH_KNOTS ( ( 4, 4 ),
 ( 1.885071552570345199, 2.328837092221125449 ),
 .UNSPECIFIED. ) 
 CURVE ( )  GEOMETRIC_REPRESENTATION_ITEM ( )  RATIONAL_B_SPLINE_CURVE ( ( 1.000000000000000000, 0.9836565624886942638, 0.9836565624886942638, 1.000000000000000000 ) ) 
 REPRESENTATION_ITEM ( '' )  );
#2861 = VECTOR ( 'NONE', #3679, 1000.000000000000114 ) ;
#2862 = DIRECTION ( 'NONE',  ( 0.000000000000000000, 0.000000000000000000, 1.000000000000000000 ) ) ;
#2863 = ORIENTED_EDGE ( 'NONE', *, *, #645, .F. ) ;
#2864 = CONICAL_SURFACE ( 'NONE', #5333, 7.999999999999984901, 0.7853981633974407295 ) ;
#2865 = CARTESIAN_POINT ( 'NONE',  ( -5.452472409082842475, -29.56101557123542278, 0.000000000000000000 ) ) ;
#2866 = VERTEX_POINT ( 'NONE', #1243 ) ;
#2867 = EDGE_CURVE ( 'NONE', #5871, #2335, #2126, .T. ) ;
#2868 = DIRECTION ( 'NONE',  ( 0.000000000000000000, -0.9908301680442993531, 0.1351132047333102881 ) ) ;
#2869 = EDGE_CURVE ( 'NONE', #1457, #422, #5210, .T. ) ;
#2870 = AXIS2_PLACEMENT_3D ( 'NONE', #1620, #1167, #3006 ) ;
#2871 = ADVANCED_FACE ( 'NONE', ( #4812 ), #3565, .F. ) ;
#2872 = VERTEX_POINT ( 'NONE', #2578 ) ;
#2873 = CARTESIAN_POINT ( 'NONE',  ( -42.32500000000000284, -25.60311589323426062, 4.867473198773711651 ) ) ;
#2874 = FACE_OUTER_BOUND ( 'NONE', #5109, .T. ) ;
#2875 = DIRECTION ( 'NONE',  ( 1.000000000000000000, 0.000000000000000000, 0.000000000000000000 ) ) ;
#2876 = VERTEX_POINT ( 'NONE', #3058 ) ;
#2877 = ORIENTED_EDGE ( 'NONE', *, *, #3089, .T. ) ;
#2878 = LINE ( 'NONE', #2778, #4328 ) ;
#2879 = DIRECTION ( 'NONE',  ( -0.4999999999999997224, -0.8660254037844387076, 0.000000000000000000 ) ) ;
#2880 = CARTESIAN_POINT ( 'NONE',  ( -3.369414888816732567, -15.95727432898450004, 7.999999999999998224 ) ) ;
#2881 = VERTEX_POINT ( 'NONE', #4403 ) ;
#2882 = AXIS2_PLACEMENT_3D ( 'NONE', #1162, #5723, #2946 ) ;
#2883 = ORIENTED_EDGE ( 'NONE', *, *, #3668, .T. ) ;
#2884 = CARTESIAN_POINT ( 'NONE',  ( -56.54752759091716285, -29.56101557123542278, 15.00000000000000000 ) ) ;
#2885 = CARTESIAN_POINT ( 'NONE',  ( -19.84041802259992693, -3.666536084630209746, 13.15403628728938479 ) ) ;
#2886 = CARTESIAN_POINT ( 'NONE',  ( -29.00525746412211703, -2.197597792550265439, 18.00000000000000000 ) ) ;
#2887 = CARTESIAN_POINT ( 'NONE',  ( -4.994414888816733011, -15.95727432898450004, 7.999999999999998224 ) ) ;
#2888 = ORIENTED_EDGE ( 'NONE', *, *, #5776, .F. ) ;
#2889 = EDGE_CURVE ( 'NONE', #167, #2876, #4873, .T. ) ;
#2890 = DIRECTION ( 'NONE',  ( 0.8660254037844387076, 0.4999999999999999445, 0.000000000000000000 ) ) ;
#2891 = ORIENTED_EDGE ( 'NONE', *, *, #1894, .T. ) ;
#2892 = EDGE_LOOP ( 'NONE', ( #1514, #2153, #2358, #5451 ) ) ;
#2893 = DIRECTION ( 'NONE',  ( 1.000000000000000000, 1.115179377413661316E-16, 0.000000000000000000 ) ) ;
#2894 = ORIENTED_EDGE ( 'NONE', *, *, #1676, .F. ) ;
#2895 = EDGE_CURVE ( 'NONE', #1178, #3917, #111, .T. ) ;
#2896 = PLANE ( 'NONE',  #3148 ) ;
#2897 = EDGE_CURVE ( 'NONE', #4342, #2978, #714, .T. ) ;
#2898 = CARTESIAN_POINT ( 'NONE',  ( -14.09952049659084850, 4.009169831955667007, 15.13511320473330990 ) ) ;
#2899 = DIRECTION ( 'NONE',  ( -0.7071067811865426878, 0.000000000000000000, -0.7071067811865522357 ) ) ;
#2900 = ORIENTED_EDGE ( 'NONE', *, *, #3556, .T. ) ;
#2901 = AXIS2_PLACEMENT_3D ( 'NONE', #2994, #4808, #2480 ) ;
#2902 = UNCERTAINTY_MEASURE_WITH_UNIT (LENGTH_MEASURE( 1.000000000000000082E-05 ), #1371, 'distance_accuracy_value', 'NONE');
#2903 = EDGE_CURVE ( 'NONE', #3905, #3349, #2439, .T. ) ;
#2904 = ORIENTED_EDGE ( 'NONE', *, *, #5738, .T. ) ;
#2905 = CARTESIAN_POINT ( 'NONE',  ( 4.398881250319151795E-15, 4.463264077213948688, 14.06393656623559885 ) ) ;
#2906 = DIRECTION ( 'NONE',  ( -0.6123724356957950254, 0.3535533905932737864, 0.7071067811865470176 ) ) ;
#2907 = DIRECTION ( 'NONE',  ( -0.000000000000000000, 0.000000000000000000, 1.000000000000000000 ) ) ;
#2908 = ORIENTED_EDGE ( 'NONE', *, *, #3982, .T. ) ;
#2909 = ORIENTED_EDGE ( 'NONE', *, *, #5481, .F. ) ;
#2910 = CARTESIAN_POINT ( 'NONE',  ( -28.28071360458309869, -35.32460449163507832, 0.000000000000000000 ) ) ;
#2911 = DIRECTION ( 'NONE',  ( 1.506754595348573195E-17, -0.1351132047333101216, -0.9908301680442994641 ) ) ;
#2912 = DIRECTION ( 'NONE',  ( -0.000000000000000000, 0.000000000000000000, 1.000000000000000000 ) ) ;
#2913 = DIRECTION ( 'NONE',  ( -2.775557561562891351E-17, 0.1351132047333101216, 0.9908301680442994641 ) ) ;
#2914 = LINE ( 'NONE', #5598, #519 ) ;
#2915 = ORIENTED_EDGE ( 'NONE', *, *, #3469, .T. ) ;
#2916 = CARTESIAN_POINT ( 'NONE',  ( 0.000000000000000000, 0.000000000000000000, 5.000000000000000000 ) ) ;
#2917 = CARTESIAN_POINT ( 'NONE',  ( -50.15958197740008018, -16.76392090040391025, 0.000000000000000000 ) ) ;
#2918 = ORIENTED_EDGE ( 'NONE', *, *, #5293, .F. ) ;
#2919 = LINE ( 'NONE', #2801, #2470 ) ;
#2920 = VERTEX_POINT ( 'NONE', #2152 ) ;
#2921 = DIRECTION ( 'NONE',  ( -1.000000000000000000, 0.000000000000000000, 0.000000000000000000 ) ) ;
#2922 = CARTESIAN_POINT ( 'NONE',  ( -31.40571360458310224, -35.32460449163507832, 23.00000000000000000 ) ) ;
#2923 = CARTESIAN_POINT ( 'NONE',  ( -61.36840233865054017, -29.56101557123543699, 15.00000000000000000 ) ) ;
#2924 = CIRCLE ( 'NONE', #1279, 3.200000000000003730 ) ;
#2925 = AXIS2_PLACEMENT_3D ( 'NONE', #58, #3720, #535 ) ;
#2926 = EDGE_CURVE ( 'NONE', #3322, #1197, #703, .T. ) ;
#2927 = ORIENTED_EDGE ( 'NONE', *, *, #4091, .T. ) ;
#2928 = CIRCLE ( 'NONE', #5877, 1.625000000000001332 ) ;
#2929 = CARTESIAN_POINT ( 'NONE',  ( -50.15958197740008018, -15.35833206755291336, 10.30765144090755747 ) ) ;
#2930 = CARTESIAN_POINT ( 'NONE',  ( -14.75551180143872543, 4.999999999999986677, 14.30709993024786364 ) ) ;
#2931 = VECTOR ( 'NONE', #1339, 1000.000000000000000 ) ;
#2932 = EDGE_CURVE ( 'NONE', #24, #3708, #4806, .T. ) ;
#2933 = CARTESIAN_POINT ( 'NONE',  ( -13.45247240908284425, -29.56101557123542278, 23.00000000000000000 ) ) ;
#2934 = ORIENTED_EDGE ( 'NONE', *, *, #4821, .F. ) ;
#2935 = EDGE_CURVE ( 'NONE', #5348, #1890, #4457, .T. ) ;
#2936 = AXIS2_PLACEMENT_3D ( 'NONE', #2096, #2032, #3923 ) ;
#2937 = ORIENTED_EDGE ( 'NONE', *, *, #4286, .F. ) ;
#2938 = CARTESIAN_POINT ( 'NONE',  ( -44.96366788736900588, -26.45196200924595331, -1.847459726011881687 ) ) ;
#2939 = ADVANCED_FACE ( 'NONE', ( #351 ), #4431, .F. ) ;
#2940 = DIRECTION ( 'NONE',  ( 0.000000000000000000, -0.000000000000000000, -1.000000000000000000 ) ) ;
#2941 = CARTESIAN_POINT ( 'NONE',  ( -0.01086834413775263943, -1.763176327566829515, 9.866723141620585835 ) ) ;
#2942 = CARTESIAN_POINT ( 'NONE',  ( -47.74914460353339507, -2.916657798360321241, 11.43697264380355527 ) ) ;
#2943 = ORIENTED_EDGE ( 'NONE', *, *, #1854, .F. ) ;
#2944 = VECTOR ( 'NONE', #4420, 1000.000000000000000 ) ;
#2945 = AXIS2_PLACEMENT_3D ( 'NONE', #2278, #1804, #896 ) ;
#2946 = DIRECTION ( 'NONE',  ( 1.000000000000000000, 0.000000000000000000, 0.000000000000000000 ) ) ;
#2947 = DIRECTION ( 'NONE',  ( -0.000000000000000000, -0.000000000000000000, 1.000000000000000000 ) ) ;
#2948 = ORIENTED_EDGE ( 'NONE', *, *, #1960, .F. ) ;
#2949 = DIRECTION ( 'NONE',  ( -1.000000000000000000, -9.912705577010323084E-17, 0.000000000000000000 ) ) ;
#2950 = CARTESIAN_POINT ( 'NONE',  ( -13.81178666413799228, 4.999999999999987566, 13.83138929941186035 ) ) ;
#2951 = ORIENTED_EDGE ( 'NONE', *, *, #1201, .F. ) ;
#2952 = DIRECTION ( 'NONE',  ( -1.000000000000000000, 0.000000000000000000, 0.000000000000000000 ) ) ;
#2953 = DIRECTION ( 'NONE',  ( 0.000000000000000000, -1.000000000000000000, 0.000000000000000000 ) ) ;
#2954 = CARTESIAN_POINT ( 'NONE',  ( -46.54752759091716285, -29.56101557123542278, 20.00000000000000711 ) ) ;
#2955 = EDGE_CURVE ( 'NONE', #5850, #1197, #5828, .T. ) ;
#2956 = ORIENTED_EDGE ( 'NONE', *, *, #3728, .F. ) ;
#2957 = CARTESIAN_POINT ( 'NONE',  ( -37.26435730553957626, -18.63688944035106942, 1.071884106765687905 ) ) ;
#2958 = CYLINDRICAL_SURFACE ( 'NONE', #3116, 3.100000000000005418 ) ;
#2959 = VECTOR ( 'NONE', #32, 1000.000000000000000 ) ;
#2960 = DIRECTION ( 'NONE',  ( -0.000000000000000000, 0.9908301680442993531, -0.1351132047333101216 ) ) ;
#2961 = ORIENTED_EDGE ( 'NONE', *, *, #988, .F. ) ;
#2962 = ORIENTED_EDGE ( 'NONE', *, *, #4135, .T. ) ;
#2963 = LINE ( 'NONE', #732, #116 ) ;
#2964 = ADVANCED_FACE ( 'NONE', ( #5384 ), #5322, .F. ) ;
#2965 = CARTESIAN_POINT ( 'NONE',  ( -38.59428639541690842, -35.32460449163507832, 7.999999999999998224 ) ) ;
#2966 = LINE ( 'NONE', #2064, #1106 ) ;
#2967 = DIRECTION ( 'NONE',  ( 0.000000000000000000, -0.9908301680442993531, 0.1351132047333100938 ) ) ;
#2968 = ADVANCED_FACE ( 'NONE', ( #268 ), #2098, .T. ) ;
#2969 = CARTESIAN_POINT ( 'NONE',  ( -13.45247240908284425, -29.56101557123542278, 23.00000000000000000 ) ) ;
#2970 = ORIENTED_EDGE ( 'NONE', *, *, #4010, .F. ) ;
#2971 = EDGE_CURVE ( 'NONE', #562, #140, #1184, .T. ) ;
#2972 = EDGE_CURVE ( 'NONE', #4291, #5117, #1335, .T. ) ;
#2973 = DIRECTION ( 'NONE',  ( -1.000000000000000000, 0.000000000000000000, 0.000000000000000000 ) ) ;
#2974 = ORIENTED_EDGE ( 'NONE', *, *, #4095, .F. ) ;
#2975 =( BOUNDED_CURVE ( )  B_SPLINE_CURVE ( 3, ( #5107, #1006, #2848, #557 ),
 .UNSPECIFIED., .F., .T. ) 
 B_SPLINE_CURVE_WITH_KNOTS ( ( 4, 4 ),
 ( 1.570796326794896780, 4.011590244362015056 ),
 .UNSPECIFIED. ) 
 CURVE ( )  GEOMETRIC_REPRESENTATION_ITEM ( )  RATIONAL_B_SPLINE_CURVE ( ( 1.000000000000000000, 0.5621819570083356199, 0.5621819570083356199, 1.000000000000000000 ) ) 
 REPRESENTATION_ITEM ( '' )  );
#2976 = DIRECTION ( 'NONE',  ( -1.000000000000000000, 0.000000000000000000, 0.000000000000000000 ) ) ;
#2977 = CARTESIAN_POINT ( 'NONE',  ( -46.04510959561944361, 4.999999999999985789, 14.72042182361322205 ) ) ;
#2978 = VERTEX_POINT ( 'NONE', #5914 ) ;
#2979 = LINE ( 'NONE', #4767, #1410 ) ;
#2980 = CARTESIAN_POINT ( 'NONE',  ( -21.45247240908284425, -29.56101557123542278, 23.00000000000000000 ) ) ;
#2981 = FACE_OUTER_BOUND ( 'NONE', #1852, .T. ) ;
#2982 = VECTOR ( 'NONE', #3969, 1000.000000000000000 ) ;
#2983 =( BOUNDED_CURVE ( )  B_SPLINE_CURVE ( 3, ( #5001, #5090, #5925, #986 ),
 .UNSPECIFIED., .F., .T. ) 
 B_SPLINE_CURVE_WITH_KNOTS ( ( 4, 4 ),
 ( 5.026664206160138093, 5.045748745183347594 ),
 .UNSPECIFIED. ) 
 CURVE ( )  GEOMETRIC_REPRESENTATION_ITEM ( )  RATIONAL_B_SPLINE_CURVE ( ( 1.000000000000000000, 0.9999696485944939983, 0.9999696485944939983, 1.000000000000000000 ) ) 
 REPRESENTATION_ITEM ( '' )  );
#2984 = AXIS2_PLACEMENT_3D ( 'NONE', #3108, #5853, #4929 ) ;
#2985 = ORIENTED_EDGE ( 'NONE', *, *, #464, .T. ) ;
#2986 = LINE ( 'NONE', #5735, #4427 ) ;
#2987 = CARTESIAN_POINT ( 'NONE',  ( -68.00000000000000000, 4.999999999999982236, 0.000000000000000000 ) ) ;
#2988 = DIRECTION ( 'NONE',  ( -0.000000000000000000, 0.000000000000000000, 1.000000000000000000 ) ) ;
#2989 = ORIENTED_EDGE ( 'NONE', *, *, #128, .T. ) ;
#2990 = ADVANCED_FACE ( 'NONE', ( #1756 ), #1878, .F. ) ;
#2991 = AXIS2_PLACEMENT_3D ( 'NONE', #5169, #4751, #4778 ) ;
#2992 = ORIENTED_EDGE ( 'NONE', *, *, #4564, .T. ) ;
#2993 = VERTEX_POINT ( 'NONE', #2263 ) ;
#2994 = CARTESIAN_POINT ( 'NONE',  ( -3.408613729033100488E-16, -12.76641042341888621, 11.36716415469128272 ) ) ;
#2995 = CARTESIAN_POINT ( 'NONE',  ( -11.02760127848640437, -25.36101557123541284, 15.00000000000000000 ) ) ;
#2996 = DIRECTION ( 'NONE',  ( 0.000000000000000000, -1.000000000000000000, 0.000000000000000000 ) ) ;
#2997 = CARTESIAN_POINT ( 'NONE',  ( -0.7071067811865534569, -37.29289321881346098, 18.00000000000000000 ) ) ;
#2998 = CARTESIAN_POINT ( 'NONE',  ( -38.88890692602765142, -34.00000000000000711, 18.00000000000000000 ) ) ;
#2999 = ORIENTED_EDGE ( 'NONE', *, *, #4827, .T. ) ;
#3000 = EDGE_CURVE ( 'NONE', #2876, #1962, #3146, .T. ) ;
#3001 = VERTEX_POINT ( 'NONE', #2290 ) ;
#3002 = CARTESIAN_POINT ( 'NONE',  ( 0.000000000000000000, 0.000000000000000000, 11.99999999999999822 ) ) ;
#3003 = CARTESIAN_POINT ( 'NONE',  ( -53.32252759091716143, -29.56101557123542278, 18.00000000000000000 ) ) ;
#3004 = ORIENTED_EDGE ( 'NONE', *, *, #4931, .T. ) ;
#3005 = FACE_BOUND ( 'NONE', #1497, .T. ) ;
#3006 = DIRECTION ( 'NONE',  ( -1.000000000000000000, 0.000000000000000000, 0.000000000000000000 ) ) ;
#3007 = EDGE_CURVE ( 'NONE', #2427, #1615, #4628, .T. ) ;
#3008 = ADVANCED_FACE ( 'NONE', ( #4123 ), #4966, .T. ) ;
#3009 = CONICAL_SURFACE ( 'NONE', #415, 8.000000000000001776, 0.7853981633974418397 ) ;
#3010 =( BOUNDED_CURVE ( )  B_SPLINE_CURVE ( 3, ( #845, #3103, #2226, #5373 ),
 .UNSPECIFIED., .F., .T. ) 
 B_SPLINE_CURVE_WITH_KNOTS ( ( 4, 4 ),
 ( 1.237436561996236417, 1.256521101019448139 ),
 .UNSPECIFIED. ) 
 CURVE ( )  GEOMETRIC_REPRESENTATION_ITEM ( )  RATIONAL_B_SPLINE_CURVE ( ( 1.000000000000000000, 0.9999696485944939983, 0.9999696485944939983, 1.000000000000000000 ) ) 
 REPRESENTATION_ITEM ( '' )  );
#3011 = ORIENTED_EDGE ( 'NONE', *, *, #2869, .F. ) ;
#3012 = DIRECTION ( 'NONE',  ( -0.000000000000000000, -0.000000000000000000, -1.000000000000000000 ) ) ;
#3013 = CARTESIAN_POINT ( 'NONE',  ( -50.15958197740008018, 3.161184527893164287, 20.29702104419058983 ) ) ;
#3014 = DIRECTION ( 'NONE',  ( 8.878636599624903311E-17, -0.7961621941230974109, -0.6050832675335645616 ) ) ;
#3015 = ORIENTED_EDGE ( 'NONE', *, *, #1407, .T. ) ;
#3016 = DIRECTION ( 'NONE',  ( -1.000000000000000000, 0.000000000000000000, -0.000000000000000000 ) ) ;
#3017 = DIRECTION ( 'NONE',  ( -0.000000000000000000, 0.000000000000000000, 1.000000000000000000 ) ) ;
#3018 = CARTESIAN_POINT ( 'NONE',  ( -28.17500000000000426, -25.60311589323426062, 17.49999999999999645 ) ) ;
#3019 = EDGE_LOOP ( 'NONE', ( #866, #5031, #227, #3674, #3491, #3305 ) ) ;
#3020 = AXIS2_PLACEMENT_3D ( 'NONE', #976, #5913, #2813 ) ;
#3021 = VECTOR ( 'NONE', #4193, 1000.000000000000000 ) ;
#3022 = ORIENTED_EDGE ( 'NONE', *, *, #18, .T. ) ;
#3023 = LINE ( 'NONE', #3500, #3660 ) ;
#3024 = CARTESIAN_POINT ( 'NONE',  ( 0.000000000000000000, 0.000000000000000000, 17.49999999999999645 ) ) ;
#3025 = PLANE ( 'NONE',  #4740 ) ;
#3026 = CARTESIAN_POINT ( 'NONE',  ( -44.66072133368429320, -17.00000000000057554, 18.00000000000000000 ) ) ;
#3027 = CARTESIAN_POINT ( 'NONE',  ( -0.01580825668725738958, -2.744990313256668202, 13.02837095482935581 ) ) ;
#3028 = VERTEX_POINT ( 'NONE', #2782 ) ;
#3029 = VECTOR ( 'NONE', #1189, 1000.000000000000114 ) ;
#3030 = EDGE_CURVE ( 'NONE', #855, #3433, #2357, .T. ) ;
#3031 = VERTEX_POINT ( 'NONE', #5082 ) ;
#3032 = LINE ( 'NONE', #1134, #3829 ) ;
#3033 = DIRECTION ( 'NONE',  ( -0.000000000000000000, 0.000000000000000000, 1.000000000000000000 ) ) ;
#3034 = ORIENTED_EDGE ( 'NONE', *, *, #1376, .F. ) ;
#3035 = CARTESIAN_POINT ( 'NONE',  ( -68.00000000000000000, 4.999999999999982236, 18.00000000000000000 ) ) ;
#3036 = CARTESIAN_POINT ( 'NONE',  ( -55.71927741436117287, 4.999999999999984901, 14.07814130856479018 ) ) ;
#3037 = VECTOR ( 'NONE', #4620, 1000.000000000000114 ) ;
#3038 = EDGE_CURVE ( 'NONE', #1457, #5603, #1362, .T. ) ;
#3039 = ORIENTED_EDGE ( 'NONE', *, *, #5483, .F. ) ;
#3040 = CARTESIAN_POINT ( 'NONE',  ( -16.58751699204008645, -1.705221464735859449, 9.858820205779998957 ) ) ;
#3041 = EDGE_CURVE ( 'NONE', #4576, #141, #5497, .T. ) ;
#3042 = CARTESIAN_POINT ( 'NONE',  ( -50.15958197740008018, 4.999999999999984901, 15.54030560076858514 ) ) ;
#3043 = CARTESIAN_POINT ( 'NONE',  ( -13.45247240908284425, -29.56101557123542278, 20.00000000000000355 ) ) ;
#3044 = VECTOR ( 'NONE', #3589, 1000.000000000000114 ) ;
#3045 = ADVANCED_FACE ( 'NONE', ( #3593 ), #5530, .F. ) ;
#3046 = ORIENTED_EDGE ( 'NONE', *, *, #4215, .F. ) ;
#3047 = CARTESIAN_POINT ( 'NONE',  ( -42.32500000000000284, -25.60311589323426062, 17.49999999999999645 ) ) ;
#3048 = AXIS2_PLACEMENT_3D ( 'NONE', #691, #131, #3822 ) ;
#3049 = FACE_OUTER_BOUND ( 'NONE', #4340, .T. ) ;
#3050 = CARTESIAN_POINT ( 'NONE',  ( -15.91597171638404262, 10.46788520709008452, 8.198851114167412746 ) ) ;
#3051 = ORIENTED_EDGE ( 'NONE', *, *, #686, .F. ) ;
#3052 = ORIENTED_EDGE ( 'NONE', *, *, #3255, .T. ) ;
#3053 = CIRCLE ( 'NONE', #2668, 1.624999999999999778 ) ;
#3054 = DIRECTION ( 'NONE',  ( 0.2185859939626380033, -0.6724731691624286078, 0.7071067811865512365 ) ) ;
#3055 = CARTESIAN_POINT ( 'NONE',  ( -44.96366788736900588, -24.02768701898349946, 15.93055686924657621 ) ) ;
#3056 = DIRECTION ( 'NONE',  ( 0.000000000000000000, 0.000000000000000000, 1.000000000000000000 ) ) ;
#3057 = DIRECTION ( 'NONE',  ( 1.000000000000000000, 0.000000000000000000, 0.000000000000000000 ) ) ;
#3058 = CARTESIAN_POINT ( 'NONE',  ( -19.84041802259992693, 4.016901491204191821, 19.17107767141295582 ) ) ;
#3059 = ORIENTED_EDGE ( 'NONE', *, *, #4100, .T. ) ;
#3060 = ORIENTED_EDGE ( 'NONE', *, *, #4143, .T. ) ;
#3061 = LINE ( 'NONE', #1582, #5921 ) ;
#3062 = FACE_BOUND ( 'NONE', #2136, .T. ) ;
#3063 = ORIENTED_EDGE ( 'NONE', *, *, #531, .T. ) ;
#3064 = CYLINDRICAL_SURFACE ( 'NONE', #999, 7.324999999999998401 ) ;
#3065 = DIRECTION ( 'NONE',  ( -0.000000000000000000, 0.000000000000000000, 1.000000000000000000 ) ) ;
#3066 = VECTOR ( 'NONE', #4040, 1000.000000000000000 ) ;
#3067 = EDGE_LOOP ( 'NONE', ( #5064, #4741, #4609, #5599 ) ) ;
#3068 = CARTESIAN_POINT ( 'NONE',  ( -19.84041802259992693, -6.431853008172040198, 16.55888904656887206 ) ) ;
#3069 = DIRECTION ( 'NONE',  ( -0.000000000000000000, -0.000000000000000000, 1.000000000000000000 ) ) ;
#3070 = LINE ( 'NONE', #2954, #5316 ) ;
#3071 = ADVANCED_FACE ( 'NONE', ( #1846 ), #408, .F. ) ;
#3072 = ORIENTED_EDGE ( 'NONE', *, *, #2632, .T. ) ;
#3073 = DIRECTION ( 'NONE',  ( -0.7071067811865489050, -0.7071067811865462405, -0.000000000000000000 ) ) ;
#3074 = PLANE ( 'NONE',  #4450 ) ;
#3075 = CIRCLE ( 'NONE', #2499, 10.00000000000000178 ) ;
#3076 = DIRECTION ( 'NONE',  ( 0.000000000000000000, -0.9908301680442994641, 0.1351132047333098718 ) ) ;
#3077 = ORIENTED_EDGE ( 'NONE', *, *, #2336, .F. ) ;
#3078 = EDGE_CURVE ( 'NONE', #3658, #5311, #5054, .T. ) ;
#3079 = EDGE_CURVE ( 'NONE', #1640, #887, #5425, .T. ) ;
#3080 = CIRCLE ( 'NONE', #5657, 3.100000000000005418 ) ;
#3081 = ORIENTED_EDGE ( 'NONE', *, *, #4055, .F. ) ;
#3082 = DIRECTION ( 'NONE',  ( -0.000000000000000000, 0.7324873903570521261, -0.6807805982604935302 ) ) ;
#3083 = LINE ( 'NONE', #2234, #3044 ) ;
#3084 = PLANE ( 'NONE',  #711 ) ;
#3085 = DIRECTION ( 'NONE',  ( 0.000000000000000000, -0.1351132047333099273, -0.9908301680442995751 ) ) ;
#3086 = CARTESIAN_POINT ( 'NONE',  ( -40.99474253587791139, -2.197597792550255225, 18.00000000000000000 ) ) ;
#3087 = ORIENTED_EDGE ( 'NONE', *, *, #2191, .T. ) ;
#3088 = CIRCLE ( 'NONE', #3278, 3.224999999999998757 ) ;
#3089 = EDGE_CURVE ( 'NONE', #449, #3708, #854, .T. ) ;
#3090 = ORIENTED_EDGE ( 'NONE', *, *, #4240, .T. ) ;
#3091 = CARTESIAN_POINT ( 'NONE',  ( -37.50701720033119102, 23.15016850759288047, 9.497212933804506818 ) ) ;
#3092 = LINE ( 'NONE', #4493, #3316 ) ;
#3093 = ORIENTED_EDGE ( 'NONE', *, *, #3293, .T. ) ;
#3094 = DIRECTION ( 'NONE',  ( 0.000000000000000000, -0.000000000000000000, -1.000000000000000000 ) ) ;
#3095 = DIRECTION ( 'NONE',  ( -0.7071067811865489050, -0.7071067811865462405, -0.000000000000000000 ) ) ;
#3096 = AXIS2_PLACEMENT_3D ( 'NONE', #5464, #16, #555 ) ;
#3097 = ORIENTED_EDGE ( 'NONE', *, *, #5120, .F. ) ;
#3098 = DIRECTION ( 'NONE',  ( 0.8642557581149538093, -0.4984397573864576825, 0.06796905782542433938 ) ) ;
#3099 = LINE ( 'NONE', #869, #2655 ) ;
#3100 = EDGE_CURVE ( 'NONE', #1920, #5644, #494, .T. ) ;
#3101 = ORIENTED_EDGE ( 'NONE', *, *, #2810, .F. ) ;
#3102 = CARTESIAN_POINT ( 'NONE',  ( 0.000000000000000000, -25.36101557123541639, 0.000000000000000000 ) ) ;
#3103 = CARTESIAN_POINT ( 'NONE',  ( -27.67544465146468724, -25.50992043482312255, 4.955966552750451726 ) ) ;
#3104 = CARTESIAN_POINT ( 'NONE',  ( -55.90047950340915150, 4.009169831955664343, 15.13511320473330990 ) ) ;
#3105 = EDGE_CURVE ( 'NONE', #3451, #3207, #4355, .T. ) ;
#3106 = ORIENTED_EDGE ( 'NONE', *, *, #5190, .T. ) ;
#3107 = ORIENTED_EDGE ( 'NONE', *, *, #5250, .T. ) ;
#3108 = CARTESIAN_POINT ( 'NONE',  ( -50.15958197740008018, -6.161626598705414182, 18.54054938265750607 ) ) ;
#3109 = EDGE_CURVE ( 'NONE', #395, #2091, #3624, .T. ) ;
#3110 = LINE ( 'NONE', #4930, #5895 ) ;
#3111 = AXIS2_PLACEMENT_3D ( 'NONE', #5264, #3979, #5355 ) ;
#3112 = DIRECTION ( 'NONE',  ( 1.000000000000000000, 0.000000000000000000, 0.000000000000000000 ) ) ;
#3113 = LINE ( 'NONE', #19, #737 ) ;
#3114 = CARTESIAN_POINT ( 'NONE',  ( -25.99469440920926999, 15.00804381465899695, 0.000000000000000000 ) ) ;
#3115 = VERTEX_POINT ( 'NONE', #4993 ) ;
#3116 = AXIS2_PLACEMENT_3D ( 'NONE', #165, #4243, #225 ) ;
#3117 = AXIS2_PLACEMENT_3D ( 'NONE', #3201, #913, #882 ) ;
#3118 = ADVANCED_FACE ( 'NONE', ( #5165, #113 ), #3746, .T. ) ;
#3119 = EDGE_LOOP ( 'NONE', ( #5608, #5817, #4972, #5862 ) ) ;
#3120 = DIRECTION ( 'NONE',  ( 0.000000000000000000, -0.9908301680442994641, 0.1351132047333100938 ) ) ;
#3121 = DIRECTION ( 'NONE',  ( -0.000000000000000000, -0.1351132047333106212, -0.9908301680442994641 ) ) ;
#3122 = ORIENTED_EDGE ( 'NONE', *, *, #4639, .T. ) ;
#3123 =( GEOMETRIC_REPRESENTATION_CONTEXT ( 3 ) GLOBAL_UNCERTAINTY_ASSIGNED_CONTEXT ( ( #2350 ) ) GLOBAL_UNIT_ASSIGNED_CONTEXT ( ( #2280, #1837, #5042 ) ) REPRESENTATION_CONTEXT ( 'NONE', 'WORKASPACE' ) );
#3124 = DIRECTION ( 'NONE',  ( -9.912705577010323084E-17, 1.000000000000000000, 0.000000000000000000 ) ) ;
#3125 = VECTOR ( 'NONE', #2403, 1000.000000000000000 ) ;
#3126 = AXIS2_PLACEMENT_3D ( 'NONE', #3805, #2060, #229 ) ;
#3127 = CARTESIAN_POINT ( 'NONE',  ( -56.38301935505902662, -40.00000000000002132, 19.56826875884501504 ) ) ;
#3128 = EDGE_LOOP ( 'NONE', ( #1839, #5357, #261, #1812 ) ) ;
#3129 = DIRECTION ( 'NONE',  ( -0.000000000000000000, -0.000000000000000000, 1.000000000000000000 ) ) ;
#3130 = FACE_OUTER_BOUND ( 'NONE', #3609, .T. ) ;
#3131 = AXIS2_PLACEMENT_3D ( 'NONE', #5131, #4739, #1535 ) ;
#3132 = VERTEX_POINT ( 'NONE', #2025 ) ;
#3133 = AXIS2_PLACEMENT_3D ( 'NONE', #2768, #4049, #419 ) ;
#3134 = CARTESIAN_POINT ( 'NONE',  ( -6.469414888816733544, -15.95727432898450004, 17.85781013577053855 ) ) ;
#3135 = LINE ( 'NONE', #4955, #1771 ) ;
#3136 = CARTESIAN_POINT ( 'NONE',  ( -19.84041802259992693, -5.756286984505489812, 21.51303988679037005 ) ) ;
#3137 = ORIENTED_EDGE ( 'NONE', *, *, #5810, .F. ) ;
#3138 = ADVANCED_FACE ( 'NONE', ( #1091 ), #1910, .F. ) ;
#3139 = CIRCLE ( 'NONE', #551, 1.625000000000001332 ) ;
#3140 = AXIS2_PLACEMENT_3D ( 'NONE', #220, #2953, #662 ) ;
#3141 = ORIENTED_EDGE ( 'NONE', *, *, #139, .T. ) ;
#3142 = CARTESIAN_POINT ( 'NONE',  ( -3.369414888816732567, -15.95727432898450004, 0.000000000000000000 ) ) ;
#3143 = DIRECTION ( 'NONE',  ( 1.506754595348573811E-17, -0.1351132047333101494, -0.9908301680442994641 ) ) ;
#3144 = CARTESIAN_POINT ( 'NONE',  ( -44.96366788736900588, -24.24386814655678890, 14.34522860037573011 ) ) ;
#3145 = DIRECTION ( 'NONE',  ( 0.2185859939626379755, 0.6724731691624282748, -0.7071067811865516806 ) ) ;
#3146 = LINE ( 'NONE', #5024, #245 ) ;
#3147 = ORIENTED_EDGE ( 'NONE', *, *, #59, .T. ) ;
#3148 = AXIS2_PLACEMENT_3D ( 'NONE', #549, #4264, #1412 ) ;
#3149 = ORIENTED_EDGE ( 'NONE', *, *, #5602, .F. ) ;
#3150 = ADVANCED_FACE ( 'NONE', ( #5588, #1453 ), #1513, .F. ) ;
#3151 = CARTESIAN_POINT ( 'NONE',  ( -19.84041802259992693, -5.756286984505490700, 21.51303988679037360 ) ) ;
#3152 = DIRECTION ( 'NONE',  ( -0.8677842670788855628, -0.4923842425348136653, 0.06714330580020017036 ) ) ;
#3153 = ORIENTED_EDGE ( 'NONE', *, *, #2557, .T. ) ;
#3154 = CARTESIAN_POINT ( 'NONE',  ( -66.63058511118330784, -15.95727432898451070, 0.000000000000000000 ) ) ;
#3155 = VECTOR ( 'NONE', #5305, 1000.000000000000000 ) ;
#3156 = EDGE_CURVE ( 'NONE', #581, #1615, #196, .T. ) ;
#3157 = EDGE_CURVE ( 'NONE', #1865, #2228, #1946, .T. ) ;
#3158 =( NAMED_UNIT ( * ) PLANE_ANGLE_UNIT ( ) SI_UNIT ( $, .RADIAN. ) );
#3159 = ORIENTED_EDGE ( 'NONE', *, *, #3545, .F. ) ;
#3160 = DIRECTION ( 'NONE',  ( 0.000000000000000000, -0.9908301680442994641, 0.1351132047333101216 ) ) ;
#3161 = ORIENTED_EDGE ( 'NONE', *, *, #547, .F. ) ;
#3162 = EDGE_CURVE ( 'NONE', #495, #2028, #138, .T. ) ;
#3163 = CARTESIAN_POINT ( 'NONE',  ( -50.15958197740008018, -13.68292832885986954, 22.59394552465684924 ) ) ;
#3164 = ORIENTED_EDGE ( 'NONE', *, *, #5007, .F. ) ;
#3165 = PLANE ( 'NONE',  #5292 ) ;
#3166 = CARTESIAN_POINT ( 'NONE',  ( -69.73058511118331637, -15.95727432898451070, 23.00000000000000000 ) ) ;
#3167 = CARTESIAN_POINT ( 'NONE',  ( -64.18496410695541954, -39.66627765294893493, 17.33372234705107928 ) ) ;
#3168 = ORIENTED_EDGE ( 'NONE', *, *, #1409, .F. ) ;
#3169 = ORIENTED_EDGE ( 'NONE', *, *, #4135, .F. ) ;
#3170 = DIRECTION ( 'NONE',  ( -1.000000000000000000, 0.000000000000000000, 0.000000000000000000 ) ) ;
#3171 = CARTESIAN_POINT ( 'NONE',  ( -13.45247240908284425, -29.56101557123542278, 15.00000000000000000 ) ) ;
#3172 = CARTESIAN_POINT ( 'NONE',  ( -50.15958197740008018, 2.170354359848890358, 20.43213424892389440 ) ) ;
#3173 = CARTESIAN_POINT ( 'NONE',  ( -48.79967278092250638, -27.56834253151148673, 5.000000000000000000 ) ) ;
#3174 = DIRECTION ( 'NONE',  ( 1.506754595348573195E-17, -0.1351132047333101216, -0.9908301680442994641 ) ) ;
#3175 = ORIENTED_EDGE ( 'NONE', *, *, #2747, .T. ) ;
#3176 =( BOUNDED_CURVE ( )  B_SPLINE_CURVE ( 3, ( #603, #3519, #307, #1170 ),
 .UNSPECIFIED., .F., .T. ) 
 B_SPLINE_CURVE_WITH_KNOTS ( ( 4, 4 ),
 ( 1.125500023495249541E-16, 3.141592653589793116 ),
 .UNSPECIFIED. ) 
 CURVE ( )  GEOMETRIC_REPRESENTATION_ITEM ( )  RATIONAL_B_SPLINE_CURVE ( ( 1.000000000000000000, 0.3333333333333333703, 0.3333333333333333703, 1.000000000000000000 ) ) 
 REPRESENTATION_ITEM ( '' )  );
#3177 = VERTEX_POINT ( 'NONE', #4745 ) ;
#3178 = DIRECTION ( 'NONE',  ( 2.775557561562891351E-17, -0.1351132047333101216, -0.9908301680442994641 ) ) ;
#3179 = CARTESIAN_POINT ( 'NONE',  ( 4.336808689942017736E-15, 4.999999999999989342, 0.000000000000000000 ) ) ;
#3180 = ORIENTED_EDGE ( 'NONE', *, *, #4501, .F. ) ;
#3181 = CARTESIAN_POINT ( 'NONE',  ( -56.18821333586197397, 4.999999999999984013, 13.83138929941186035 ) ) ;
#3182 = CIRCLE ( 'NONE', #3272, 8.000000000000000000 ) ;
#3183 = EDGE_CURVE ( 'NONE', #76, #1347, #2562, .T. ) ;
#3184 = DIRECTION ( 'NONE',  ( 0.7062939453839472970, 0.04793459531422031294, 0.7062939453839596204 ) ) ;
#3185 = ORIENTED_EDGE ( 'NONE', *, *, #1179, .F. ) ;
#3186 = CARTESIAN_POINT ( 'NONE',  ( -27.67633391390667796, -25.46333013070292850, 5.000000000000000000 ) ) ;
#3187 = EDGE_LOOP ( 'NONE', ( #5797, #3730, #4188, #1035 ) ) ;
#3188 = EDGE_CURVE ( 'NONE', #3243, #5343, #5227, .T. ) ;
#3189 = DIRECTION ( 'NONE',  ( 0.000000000000000000, 0.9908301680442993531, -0.1351132047333101216 ) ) ;
#3190 = EDGE_CURVE ( 'NONE', #651, #78, #1120, .T. ) ;
#3191 = ORIENTED_EDGE ( 'NONE', *, *, #289, .F. ) ;
#3192 = CARTESIAN_POINT ( 'NONE',  ( -38.88890692602765142, -34.00000000000000711, 18.00000000000000000 ) ) ;
#3193 = DIRECTION ( 'NONE',  ( 1.000000000000000000, 0.000000000000000000, 0.000000000000000000 ) ) ;
#3194 = ORIENTED_EDGE ( 'NONE', *, *, #1821, .F. ) ;
#3195 = ORIENTED_EDGE ( 'NONE', *, *, #4019, .F. ) ;
#3196 = AXIS2_PLACEMENT_3D ( 'NONE', #633, #4326, #1592 ) ;
#3197 = DIRECTION ( 'NONE',  ( -1.506754595348573195E-17, 0.1351132047333101494, 0.9908301680442993531 ) ) ;
#3198 = CARTESIAN_POINT ( 'NONE',  ( -19.84041802259992693, -1.334826268280030925, -5.272523690688965203 ) ) ;
#3199 = DIRECTION ( 'NONE',  ( 0.7038423569660838819, 0.7038423569660812174, -0.09597850322264502021 ) ) ;
#3200 = DIRECTION ( 'NONE',  ( 0.8660254037844385966, 0.4954150840221499541, -0.06755660236665513019 ) ) ;
#3201 = CARTESIAN_POINT ( 'NONE',  ( -3.369414888816732567, -15.95727432898450004, 23.00000000000000000 ) ) ;
#3202 = EDGE_LOOP ( 'NONE', ( #2037, #5317 ) ) ;
#3203 = LINE ( 'NONE', #915, #5337 ) ;
#3204 = EDGE_LOOP ( 'NONE', ( #4720, #12 ) ) ;
#3205 = LINE ( 'NONE', #858, #1811 ) ;
#3206 = CARTESIAN_POINT ( 'NONE',  ( 3.865955175034026225E-15, -39.00000000000000711, 18.00000000000000000 ) ) ;
#3207 = VERTEX_POINT ( 'NONE', #4220 ) ;
#3208 = CARTESIAN_POINT ( 'NONE',  ( -44.13095061893815796, 4.999999999999984901, 13.83138929941186035 ) ) ;
#3209 = AXIS2_PLACEMENT_3D ( 'NONE', #1251, #3094, #4912 ) ;
#3210 = ADVANCED_FACE ( 'NONE', ( #166 ), #4303, .F. ) ;
#3211 = AXIS2_PLACEMENT_3D ( 'NONE', #4311, #5597, #4695 ) ;
#3212 = AXIS2_PLACEMENT_3D ( 'NONE', #3950, #1269, #406 ) ;
#3213 = ORIENTED_EDGE ( 'NONE', *, *, #5481, .T. ) ;
#3214 = DIRECTION ( 'NONE',  ( 0.7071067811865462405, 8.659560562354918067E-17, -0.7071067811865489050 ) ) ;
#3215 = AXIS2_PLACEMENT_3D ( 'NONE', #3929, #709, #2072 ) ;
#3216 = ORIENTED_EDGE ( 'NONE', *, *, #354, .T. ) ;
#3217 = FACE_OUTER_BOUND ( 'NONE', #3602, .T. ) ;
#3218 = CIRCLE ( 'NONE', #2936, 1.625000000000001332 ) ;
#3219 = EDGE_CURVE ( 'NONE', #5356, #1958, #807, .T. ) ;
#3220 = EDGE_CURVE ( 'NONE', #2276, #1499, #2420, .T. ) ;
#3221 = ORIENTED_EDGE ( 'NONE', *, *, #2557, .F. ) ;
#3222 = ADVANCED_FACE ( 'NONE', ( #3800, #1008 ), #3352, .F. ) ;
#3223 = CARTESIAN_POINT ( 'NONE',  ( -3.408613729033100488E-16, -12.76641042341888443, 11.36716415469128272 ) ) ;
#3224 = CARTESIAN_POINT ( 'NONE',  ( -7.966724069189721646, -24.50938454714682280, -1.000000000000105027 ) ) ;
#3225 = VECTOR ( 'NONE', #1682, 1000.000000000000114 ) ;
#3226 = DIRECTION ( 'NONE',  ( 0.000000000000000000, -0.9908301680442993531, 0.1351132047333102881 ) ) ;
#3227 = ORIENTED_EDGE ( 'NONE', *, *, #794, .T. ) ;
#3228 = EDGE_CURVE ( 'NONE', #4576, #4388, #2391, .T. ) ;
#3229 = CONICAL_SURFACE ( 'NONE', #68, 10.00000000000000533, 0.7853981633974465026 ) ;
#3230 = EDGE_LOOP ( 'NONE', ( #4504, #806 ) ) ;
#3231 = CARTESIAN_POINT ( 'NONE',  ( -41.71928639541690842, -35.32460449163507832, 7.999999999999998224 ) ) ;
#3232 = CARTESIAN_POINT ( 'NONE',  ( -56.54752759091716285, -29.56101557123542278, 18.00000000000000000 ) ) ;
#3233 = PLANE ( 'NONE',  #2057 ) ;
#3234 = DIRECTION ( 'NONE',  ( -0.4965494795428081476, 0.8680084183726366476, 0.000000000000000000 ) ) ;
#3235 = DIRECTION ( 'NONE',  ( -1.000000000000000000, -3.750144770645340280E-18, -2.750106165139985384E-17 ) ) ;
#3236 = ORIENTED_EDGE ( 'NONE', *, *, #3342, .F. ) ;
#3237 = LINE ( 'NONE', #2784, #4958 ) ;
#3238 = ORIENTED_EDGE ( 'NONE', *, *, #2164, .T. ) ;
#3239 = LINE ( 'NONE', #55, #3567 ) ;
#3240 = DIRECTION ( 'NONE',  ( 1.000000000000000000, 0.000000000000000000, 0.000000000000000000 ) ) ;
#3241 = ORIENTED_EDGE ( 'NONE', *, *, #4820, .F. ) ;
#3242 = CARTESIAN_POINT ( 'NONE',  ( 6.348247612261127770, -3.665162467821358572, 13.40000000000001812 ) ) ;
#3243 = VERTEX_POINT ( 'NONE', #84 ) ;
#3244 = DIRECTION ( 'NONE',  ( 0.000000000000000000, -0.9908301680442994641, 0.1351132047333102049 ) ) ;
#3245 = ORIENTED_EDGE ( 'NONE', *, *, #2827, .F. ) ;
#3246 = AXIS2_PLACEMENT_3D ( 'NONE', #1801, #3098, #5366 ) ;
#3247 = CARTESIAN_POINT ( 'NONE',  ( -21.45247240908284425, -29.56101557123542278, 10.59999999999998543 ) ) ;
#3248 = EDGE_CURVE ( 'NONE', #375, #3406, #5136, .T. ) ;
#3249 = ORIENTED_EDGE ( 'NONE', *, *, #4775, .T. ) ;
#3250 = FACE_OUTER_BOUND ( 'NONE', #833, .T. ) ;
#3251 = CARTESIAN_POINT ( 'NONE',  ( -19.84041802259992693, -15.35833206755293467, 10.30765144090752017 ) ) ;
#3252 = FACE_OUTER_BOUND ( 'NONE', #5167, .T. ) ;
#3253 = LINE ( 'NONE', #1383, #344 ) ;
#3254 = VERTEX_POINT ( 'NONE', #2054 ) ;
#3255 = EDGE_CURVE ( 'NONE', #1615, #2881, #1261, .T. ) ;
#3256 = ORIENTED_EDGE ( 'NONE', *, *, #1861, .T. ) ;
#3257 = CARTESIAN_POINT ( 'NONE',  ( 3.370319896183510194E-15, -34.00000000000000000, 18.00000000000000000 ) ) ;
#3258 = CARTESIAN_POINT ( 'NONE',  ( -21.36797840071497134, -28.22019910213639804, 4.328245370143857684 ) ) ;
#3259 = CARTESIAN_POINT ( 'NONE',  ( -13.45247240908284425, -29.56101557123542278, 18.00000000000000000 ) ) ;
#3260 = CARTESIAN_POINT ( 'NONE',  ( -3.860640107637672631E-16, -2.700476670787024247, 13.02230091267440493 ) ) ;
#3261 = CARTESIAN_POINT ( 'NONE',  ( 9.309682654408865266E-15, -38.00000000000002842, 18.00000000000000000 ) ) ;
#3262 = VERTEX_POINT ( 'NONE', #1176 ) ;
#3263 = EDGE_CURVE ( 'NONE', #1751, #2687, #523, .T. ) ;
#3264 = EDGE_CURVE ( 'NONE', #1890, #597, #2817, .T. ) ;
#3265 = ORIENTED_EDGE ( 'NONE', *, *, #1090, .T. ) ;
#3266 = FACE_OUTER_BOUND ( 'NONE', #2517, .T. ) ;
#3267 = FACE_OUTER_BOUND ( 'NONE', #2597, .T. ) ;
#3268 = CARTESIAN_POINT ( 'NONE',  ( -45.33870722966670996, -9.261467612634417534, -4.191618052822483342 ) ) ;
#3269 = LINE ( 'NONE', #1853, #4060 ) ;
#3270 = AXIS2_PLACEMENT_3D ( 'NONE', #3102, #3580, #3940 ) ;
#3271 = ORIENTED_EDGE ( 'NONE', *, *, #2042, .F. ) ;
#3272 = AXIS2_PLACEMENT_3D ( 'NONE', #5880, #1752, #1266 ) ;
#3273 = LINE ( 'NONE', #5604, #1216 ) ;
#3274 = VERTEX_POINT ( 'NONE', #3437 ) ;
#3275 = CARTESIAN_POINT ( 'NONE',  ( -11.02760127848640437, -33.76101557123541852, 15.00000000000000000 ) ) ;
#3276 = ORIENTED_EDGE ( 'NONE', *, *, #568, .F. ) ;
#3277 = DIRECTION ( 'NONE',  ( 0.7071067811865426878, 8.659560562354874926E-17, -0.7071067811865522357 ) ) ;
#3278 = AXIS2_PLACEMENT_3D ( 'NONE', #2820, #1013, #591 ) ;
#3279 = VECTOR ( 'NONE', #4840, 1000.000000000000000 ) ;
#3280 = ORIENTED_EDGE ( 'NONE', *, *, #3662, .F. ) ;
#3281 = DIRECTION ( 'NONE',  ( -2.775557561562891351E-17, 0.1351132047333101216, 0.9908301680442994641 ) ) ;
#3282 = DIRECTION ( 'NONE',  ( 0.000000000000000000, 0.000000000000000000, 1.000000000000000000 ) ) ;
#3283 = FACE_OUTER_BOUND ( 'NONE', #5391, .T. ) ;
#3284 = DIRECTION ( 'NONE',  ( -1.506754595348573503E-17, 0.1351132047333101494, 0.9908301680442993531 ) ) ;
#3285 = ORIENTED_EDGE ( 'NONE', *, *, #3772, .T. ) ;
#3286 = EDGE_CURVE ( 'NONE', #3495, #1626, #5794, .T. ) ;
#3287 = ORIENTED_EDGE ( 'NONE', *, *, #4860, .F. ) ;
#3288 = LINE ( 'NONE', #5020, #5470 ) ;
#3289 = CARTESIAN_POINT ( 'NONE',  ( -50.15958197740008018, -5.756286984505489812, 21.51303988679037005 ) ) ;
#3290 = LINE ( 'NONE', #5080, #1311 ) ;
#3291 = DIRECTION ( 'NONE',  ( 1.000000000000000000, 0.000000000000000000, 0.000000000000000000 ) ) ;
#3292 = EDGE_LOOP ( 'NONE', ( #1063, #3698, #4761, #5123, #5534 ) ) ;
#3293 = EDGE_CURVE ( 'NONE', #755, #581, #4836, .T. ) ;
#3294 = EDGE_LOOP ( 'NONE', ( #2269, #1977, #3336, #1117, #343 ) ) ;
#3295 = DIRECTION ( 'NONE',  ( -0.000000000000000000, 0.000000000000000000, 1.000000000000000000 ) ) ;
#3296 = EDGE_CURVE ( 'NONE', #310, #3254, #1396, .T. ) ;
#3297 = DIRECTION ( 'NONE',  ( 0.000000000000000000, 0.1351132047333101494, 0.9908301680442993531 ) ) ;
#3298 = CARTESIAN_POINT ( 'NONE',  ( -63.53058511118329932, -16.31351111920221442, 17.90638787989112757 ) ) ;
#3299 = CARTESIAN_POINT ( 'NONE',  ( -50.15958197740008018, 2.170354359848890358, 20.43213424892389440 ) ) ;
#3300 = EDGE_LOOP ( 'NONE', ( #3996, #3195 ) ) ;
#3301 = ADVANCED_FACE ( 'NONE', ( #4447 ), #5821, .F. ) ;
#3302 = CARTESIAN_POINT ( 'NONE',  ( -50.15958197740008018, -6.431853008172041086, 16.55888904656887206 ) ) ;
#3303 = ORIENTED_EDGE ( 'NONE', *, *, #1026, .T. ) ;
#3304 = DIRECTION ( 'NONE',  ( 1.000000000000000000, 0.000000000000000000, 0.000000000000000000 ) ) ;
#3305 = ORIENTED_EDGE ( 'NONE', *, *, #2256, .F. ) ;
#3306 = VECTOR ( 'NONE', #594, 1000.000000000000227 ) ;
#3307 = CARTESIAN_POINT ( 'NONE',  ( -3.369414888816734344, -7.525733215346136262, 23.00000000000000000 ) ) ;
#3308 = CIRCLE ( 'NONE', #1764, 8.000000000000001776 ) ;
#3309 = VECTOR ( 'NONE', #3235, 1000.000000000000000 ) ;
#3310 = ORIENTED_EDGE ( 'NONE', *, *, #5017, .T. ) ;
#3311 = DIRECTION ( 'NONE',  ( 0.6123724356957946924, 0.3535533905932739529, 0.7071067811865473507 ) ) ;
#3312 = DIRECTION ( 'NONE',  ( -0.2827712330174950162, 0.5803882340126346184, -0.7636687289639800813 ) ) ;
#3313 = VECTOR ( 'NONE', #2253, 1000.000000000000000 ) ;
#3314 = DIRECTION ( 'NONE',  ( -0.000000000000000000, -0.000000000000000000, 1.000000000000000000 ) ) ;
#3315 = ORIENTED_EDGE ( 'NONE', *, *, #2296, .F. ) ;
#3316 = VECTOR ( 'NONE', #5328, 1000.000000000000000 ) ;
#3317 = EDGE_LOOP ( 'NONE', ( #917, #678, #1792, #4054 ) ) ;
#3318 = CARTESIAN_POINT ( 'NONE',  ( -66.54752759091716996, -29.56101557123542278, 20.00000000000000711 ) ) ;
#3319 = CARTESIAN_POINT ( 'NONE',  ( -18.52390063878100435, 4.999999999999987566, 15.45566453760617165 ) ) ;
#3320 = EDGE_CURVE ( 'NONE', #3905, #4267, #226, .T. ) ;
#3321 = DIRECTION ( 'NONE',  ( -0.000000000000000000, 0.000000000000000000, 1.000000000000000000 ) ) ;
#3322 = VERTEX_POINT ( 'NONE', #2144 ) ;
#3323 = AXIS2_PLACEMENT_3D ( 'NONE', #426, #4507, #3226 ) ;
#3324 =( BOUNDED_CURVE ( )  B_SPLINE_CURVE ( 3, ( #4336, #1153, #2481, #203 ),
 .UNSPECIFIED., .F., .T. ) 
 B_SPLINE_CURVE_WITH_KNOTS ( ( 4, 4 ),
 ( 4.369336664015619043, 4.712388980384689674 ),
 .UNSPECIFIED. ) 
 CURVE ( )  GEOMETRIC_REPRESENTATION_ITEM ( )  RATIONAL_B_SPLINE_CURVE ( ( 1.000000000000000000, 0.9902169467943924275, 0.9902169467943924275, 1.000000000000000000 ) ) 
 REPRESENTATION_ITEM ( '' )  );
#3325 = VERTEX_POINT ( 'NONE', #2570 ) ;
#3326 = CARTESIAN_POINT ( 'NONE',  ( -54.13709021705044933, -25.38601557123543273, 13.40000000000001812 ) ) ;
#3327 = DIRECTION ( 'NONE',  ( 0.000000000000000000, 0.9908301680442994641, -0.1351132047333100661 ) ) ;
#3328 = CARTESIAN_POINT ( 'NONE',  ( -54.13709021705045643, -33.73601557123543415, 15.00000000000000000 ) ) ;
#3329 = PLANE ( 'NONE',  #2244 ) ;
#3330 = VECTOR ( 'NONE', #80, 999.9999999999998863 ) ;
#3331 = ORIENTED_EDGE ( 'NONE', *, *, #5120, .T. ) ;
#3332 = EDGE_CURVE ( 'NONE', #3817, #2592, #4391, .T. ) ;
#3333 = EDGE_CURVE ( 'NONE', #3495, #4206, #4895, .T. ) ;
#3334 = CIRCLE ( 'NONE', #1505, 1.625000000000000444 ) ;
#3335 = PLANE ( 'NONE',  #1507 ) ;
#3336 = ORIENTED_EDGE ( 'NONE', *, *, #1461, .F. ) ;
#3337 = AXIS2_PLACEMENT_3D ( 'NONE', #3302, #182, #4673 ) ;
#3338 = CARTESIAN_POINT ( 'NONE',  ( -13.30258246538121369, -29.56101557123541212, 17.47019150098259743 ) ) ;
#3339 = ORIENTED_EDGE ( 'NONE', *, *, #4755, .T. ) ;
#3340 = CARTESIAN_POINT ( 'NONE',  ( -42.32500000000000284, -25.60311589323426062, 4.867473198773711651 ) ) ;
#3341 = EDGE_CURVE ( 'NONE', #2276, #1302, #3943, .T. ) ;
#3342 = EDGE_CURVE ( 'NONE', #2526, #4629, #5709, .T. ) ;
#3343 = EDGE_LOOP ( 'NONE', ( #1732, #193, #2294, #4128 ) ) ;
#3344 = FACE_BOUND ( 'NONE', #4849, .T. ) ;
#3345 = DIRECTION ( 'NONE',  ( 1.000000000000000000, 0.000000000000000000, 0.000000000000000000 ) ) ;
#3346 = CYLINDRICAL_SURFACE ( 'NONE', #3131, 10.00000000000000888 ) ;
#3347 = ORIENTED_EDGE ( 'NONE', *, *, #4712, .T. ) ;
#3348 = VECTOR ( 'NONE', #3184, 1000.000000000000000 ) ;
#3349 = VERTEX_POINT ( 'NONE', #3104 ) ;
#3350 = CARTESIAN_POINT ( 'NONE',  ( -3.369414888816732567, -15.95727432898450004, 0.000000000000000000 ) ) ;
#3351 = CARTESIAN_POINT ( 'NONE',  ( -19.31027012155325195, 4.999999999999986677, 15.52948291530623592 ) ) ;
#3352 = PLANE ( 'NONE',  #47 ) ;
#3353 = EDGE_LOOP ( 'NONE', ( #571, #2193, #3072, #3227, #3265, #4831, #5924, #641, #510, #1952, #1543, #4461, #1901, #4807, #4180, #409, #4702, #1630, #4646, #4510, #3249, #4165, #2485, #27, #4239, #5386, #2167, #768, #2863, #5852 ) ) ;
#3354 = AXIS2_PLACEMENT_3D ( 'NONE', #325, #299, #5690 ) ;
#3355 = EDGE_LOOP ( 'NONE', ( #4935, #1079, #4908, #1469 ) ) ;
#3356 = DIRECTION ( 'NONE',  ( 0.7071067811865439090, -0.7071067811865512365, 0.000000000000000000 ) ) ;
#3357 = CARTESIAN_POINT ( 'NONE',  ( -17.40074224968003591, -2.684209543494934014, 13.02008266804366698 ) ) ;
#3358 = DIRECTION ( 'NONE',  ( -1.000000000000000000, 0.000000000000000000, 0.000000000000000000 ) ) ;
#3359 = DIRECTION ( 'NONE',  ( -1.000000000000000000, -1.115179377413661316E-16, -0.000000000000000000 ) ) ;
#3360 = DIRECTION ( 'NONE',  ( -0.000000000000000000, -0.000000000000000000, -1.000000000000000000 ) ) ;
#3361 = ORIENTED_EDGE ( 'NONE', *, *, #1053, .T. ) ;
#3362 =( BOUNDED_CURVE ( )  B_SPLINE_CURVE ( 3, ( #3026, #2515, #3894, #5321 ),
 .UNSPECIFIED., .F., .T. ) 
 B_SPLINE_CURVE_WITH_KNOTS ( ( 4, 4 ),
 ( 0.5428379175784796562, 2.104451609457280714 ),
 .UNSPECIFIED. ) 
 CURVE ( )  GEOMETRIC_REPRESENTATION_ITEM ( )  RATIONAL_B_SPLINE_CURVE ( ( 1.000000000000000000, 0.8068972456851486452, 0.8068972456851486452, 1.000000000000000000 ) ) 
 REPRESENTATION_ITEM ( '' )  );
#3363 = EDGE_LOOP ( 'NONE', ( #2894, #410, #4584, #1746 ) ) ;
#3364 = CARTESIAN_POINT ( 'NONE',  ( -17.43038172497707095, -11.00713114283361627, 14.15502652249891291 ) ) ;
#3365 = LINE ( 'NONE', #656, #1385 ) ;
#3366 = EDGE_LOOP ( 'NONE', ( #1526, #3824, #4938, #4307 ) ) ;
#3367 = EDGE_CURVE ( 'NONE', #242, #560, #3527, .T. ) ;
#3368 = CYLINDRICAL_SURFACE ( 'NONE', #4748, 3.100000000000000089 ) ;
#3369 = CONICAL_SURFACE ( 'NONE', #2302, 8.999999999999978684, 0.7853981633974437271 ) ;
#3370 = CIRCLE ( 'NONE', #2022, 6.824999999999997513 ) ;
#3371 = ADVANCED_FACE ( 'NONE', ( #1629 ), #3970, .F. ) ;
#3372 = ORIENTED_EDGE ( 'NONE', *, *, #1159, .F. ) ;
#3373 = CARTESIAN_POINT ( 'NONE',  ( -26.52695622588538882, -15.31534531779635344, 15.00000000000000000 ) ) ;
#3374 = EDGE_CURVE ( 'NONE', #449, #774, #3704, .T. ) ;
#3375 = CARTESIAN_POINT ( 'NONE',  ( -15.87734353967926459, -25.36101557123541639, 15.00000000000000000 ) ) ;
#3376 = LINE ( 'NONE', #5550, #2077 ) ;
#3377 = CIRCLE ( 'NONE', #489, 12.00000000000000355 ) ;
#3378 = ADVANCED_FACE ( 'NONE', ( #785 ), #1147, .F. ) ;
#3379 = ORIENTED_EDGE ( 'NONE', *, *, #2664, .F. ) ;
#3380 = CARTESIAN_POINT ( 'NONE',  ( -11.02760127848640437, -25.36101557123541284, 13.40000000000001812 ) ) ;
#3381 = DIRECTION ( 'NONE',  ( 1.506754595348573811E-17, -0.1351132047333101494, -0.9908301680442994641 ) ) ;
#3382 = DIRECTION ( 'NONE',  ( -0.000000000000000000, 0.000000000000000000, 1.000000000000000000 ) ) ;
#3383 = VECTOR ( 'NONE', #939, 1000.000000000000000 ) ;
#3384 = ORIENTED_EDGE ( 'NONE', *, *, #1419, .T. ) ;
#3385 = ORIENTED_EDGE ( 'NONE', *, *, #4522, .T. ) ;
#3386 = DIRECTION ( 'NONE',  ( 0.8677842670788855628, 0.4923842425348138874, -0.06714330580020019812 ) ) ;
#3387 = DIRECTION ( 'NONE',  ( -1.506754595348573503E-17, 0.1351132047333101494, 0.9908301680442993531 ) ) ;
#3388 = CARTESIAN_POINT ( 'NONE',  ( -44.84428639541690842, -35.32460449163507832, 17.33769775418246439 ) ) ;
#3389 = DIRECTION ( 'NONE',  ( 0.000000000000000000, -0.9908301680442993531, 0.1351132047333103159 ) ) ;
#3390 = PLANE ( 'NONE',  #2536 ) ;
#3391 = ORIENTED_EDGE ( 'NONE', *, *, #1333, .F. ) ;
#3392 = DIRECTION ( 'NONE',  ( 0.000000000000000000, 0.9908301680442993531, -0.1351132047333102604 ) ) ;
#3393 = CARTESIAN_POINT ( 'NONE',  ( 0.000000000000000000, -33.76101557123541852, 15.00000000000000000 ) ) ;
#3394 = VERTEX_POINT ( 'NONE', #1325 ) ;
#3395 = DIRECTION ( 'NONE',  ( -0.000000000000000000, -0.000000000000000000, -1.000000000000000000 ) ) ;
#3396 = EDGE_CURVE ( 'NONE', #1558, #4838, #1880, .T. ) ;
#3397 = DIRECTION ( 'NONE',  ( 0.000000000000000000, 1.000000000000000000, 0.000000000000000000 ) ) ;
#3398 = ORIENTED_EDGE ( 'NONE', *, *, #1608, .F. ) ;
#3399 = VECTOR ( 'NONE', #5656, 1000.000000000000114 ) ;
#3400 = CARTESIAN_POINT ( 'NONE',  ( -53.45846083847331442, 4.999999999999984013, 13.83138929941186035 ) ) ;
#3401 = CARTESIAN_POINT ( 'NONE',  ( -66.77355346608054276, -11.31925679768619908, 17.22535319968442025 ) ) ;
#3402 = LINE ( 'NONE', #1474, #2359 ) ;
#3403 = CIRCLE ( 'NONE', #5500, 1.625000000000000444 ) ;
#3404 = VECTOR ( 'NONE', #667, 1000.000000000000000 ) ;
#3405 = EDGE_CURVE ( 'NONE', #2028, #3177, #815, .T. ) ;
#3406 = VERTEX_POINT ( 'NONE', #904 ) ;
#3407 = AXIS2_PLACEMENT_3D ( 'NONE', #4418, #312, #341 ) ;
#3408 = CYLINDRICAL_SURFACE ( 'NONE', #4787, 1.625000000000000444 ) ;
#3409 = DIRECTION ( 'NONE',  ( 0.000000000000000000, 0.000000000000000000, 1.000000000000000000 ) ) ;
#3410 = VECTOR ( 'NONE', #1950, 1000.000000000000000 ) ;
#3411 = ADVANCED_FACE ( 'NONE', ( #4053, #455 ), #4985, .F. ) ;
#3412 = CARTESIAN_POINT ( 'NONE',  ( -27.77804781988208305, -24.37876638917508743, 5.000000000000000000 ) ) ;
#3413 = ORIENTED_EDGE ( 'NONE', *, *, #2972, .F. ) ;
#3414 = AXIS2_PLACEMENT_3D ( 'NONE', #3657, #4668, #4694 ) ;
#3415 = ORIENTED_EDGE ( 'NONE', *, *, #3700, .F. ) ;
#3416 = CARTESIAN_POINT ( 'NONE',  ( -39.60658003281292139, -7.724098366210640165, 7.082423087618647806 ) ) ;
#3417 = CARTESIAN_POINT ( 'NONE',  ( -19.84041802259992693, 3.746675081737580904, 17.18941733532440708 ) ) ;
#3418 = DIRECTION ( 'NONE',  ( 0.4999999999999996114, -0.8660254037844388186, 0.000000000000000000 ) ) ;
#3419 = DIRECTION ( 'NONE',  ( -1.506754595348573503E-17, 0.1351132047333101494, 0.9908301680442993531 ) ) ;
#3420 = CARTESIAN_POINT ( 'NONE',  ( -50.15958197740008018, -3.666536084630207970, 13.15403628728938479 ) ) ;
#3421 = ORIENTED_EDGE ( 'NONE', *, *, #1828, .T. ) ;
#3422 = AXIS2_PLACEMENT_3D ( 'NONE', #1808, #5459, #5521 ) ;
#3423 = CIRCLE ( 'NONE', #5230, 9.999999999999989342 ) ;
#3424 = CARTESIAN_POINT ( 'NONE',  ( -1.000000000000002220, 2.999999999999987566, 15.27272727272726449 ) ) ;
#3425 = FACE_OUTER_BOUND ( 'NONE', #5724, .T. ) ;
#3426 = ORIENTED_EDGE ( 'NONE', *, *, #1116, .F. ) ;
#3427 = LINE ( 'NONE', #5244, #5434 ) ;
#3428 =( BOUNDED_CURVE ( )  B_SPLINE_CURVE ( 3, ( #2112, #4796, #692, #2529 ),
 .UNSPECIFIED., .F., .T. ) 
 B_SPLINE_CURVE_WITH_KNOTS ( ( 4, 4 ),
 ( 3.954348214958463892, 4.398113754609241255 ),
 .UNSPECIFIED. ) 
 CURVE ( )  GEOMETRIC_REPRESENTATION_ITEM ( )  RATIONAL_B_SPLINE_CURVE ( ( 1.000000000000000000, 0.9836565624886945969, 0.9836565624886945969, 1.000000000000000000 ) ) 
 REPRESENTATION_ITEM ( '' )  );
#3429 = ORIENTED_EDGE ( 'NONE', *, *, #2926, .T. ) ;
#3430 = FACE_OUTER_BOUND ( 'NONE', #5246, .T. ) ;
#3431 = EDGE_CURVE ( 'NONE', #4705, #1779, #2555, .T. ) ;
#3432 = AXIS2_PLACEMENT_3D ( 'NONE', #4764, #2011, #746 ) ;
#3433 = VERTEX_POINT ( 'NONE', #5849 ) ;
#3434 = CARTESIAN_POINT ( 'NONE',  ( -6.469414888816734432, -7.525733215346136262, 16.70805452936533797 ) ) ;
#3435 = CARTESIAN_POINT ( 'NONE',  ( -15.00916564689250343, -7.038389509689516821, 11.99902696807567537 ) ) ;
#3436 = CIRCLE ( 'NONE', #3531, 3.100000000000000089 ) ;
#3437 = CARTESIAN_POINT ( 'NONE',  ( -63.53058511118329932, -7.525733215346147809, 7.999999999999998224 ) ) ;
#3438 = EDGE_CURVE ( 'NONE', #1922, #3757, #11, .T. ) ;
#3439 = ORIENTED_EDGE ( 'NONE', *, *, #1309, .T. ) ;
#3440 = ORIENTED_EDGE ( 'NONE', *, *, #4175, .T. ) ;
#3441 = ORIENTED_EDGE ( 'NONE', *, *, #430, .F. ) ;
#3442 = FACE_OUTER_BOUND ( 'NONE', #5175, .T. ) ;
#3443 = EDGE_CURVE ( 'NONE', #4423, #2335, #4184, .T. ) ;
#3444 = CARTESIAN_POINT ( 'NONE',  ( -19.84041802259992693, 2.170354359848907677, 20.43213424892389085 ) ) ;
#3445 = DIRECTION ( 'NONE',  ( -0.000000000000000000, -0.000000000000000000, 1.000000000000000000 ) ) ;
#3446 = CARTESIAN_POINT ( 'NONE',  ( 0.000000000000000000, -35.16101557123543841, 11.99999999999999822 ) ) ;
#3447 = EDGE_CURVE ( 'NONE', #2400, #3322, #4478, .T. ) ;
#3448 = VECTOR ( 'NONE', #5890, 1000.000000000000000 ) ;
#3449 = ADVANCED_FACE ( 'NONE', ( #373 ), #1495, .T. ) ;
#3450 = DIRECTION ( 'NONE',  ( 1.000000000000000000, 0.000000000000000000, 0.000000000000000000 ) ) ;
#3451 = VERTEX_POINT ( 'NONE', #4588 ) ;
#3452 = ORIENTED_EDGE ( 'NONE', *, *, #34, .T. ) ;
#3453 = CARTESIAN_POINT ( 'NONE',  ( -45.24452381015979796, -38.05240340847325342, 15.97379829576336974 ) ) ;
#3454 = CARTESIAN_POINT ( 'NONE',  ( -0.2694148888167353095, -8.265116002612273860, 16.07153300063963641 ) ) ;
#3455 = ORIENTED_EDGE ( 'NONE', *, *, #3188, .F. ) ;
#3456 = DIRECTION ( 'NONE',  ( 1.000000000000000000, 0.000000000000000000, 0.000000000000000000 ) ) ;
#3457 = CARTESIAN_POINT ( 'NONE',  ( -55.24302619723312091, 4.999999999999984013, 14.30780555145171640 ) ) ;
#3458 = VERTEX_POINT ( 'NONE', #486 ) ;
#3459 = LINE ( 'NONE', #661, #2474 ) ;
#3460 = LINE ( 'NONE', #5306, #3904 ) ;
#3461 = FACE_OUTER_BOUND ( 'NONE', #4304, .T. ) ;
#3462 = AXIS2_PLACEMENT_3D ( 'NONE', #1868, #2464, #4346 ) ;
#3463 = ORIENTED_EDGE ( 'NONE', *, *, #2378, .T. ) ;
#3464 = FACE_OUTER_BOUND ( 'NONE', #3353, .T. ) ;
#3465 = LINE ( 'NONE', #757, #2645 ) ;
#3466 = VECTOR ( 'NONE', #3891, 1000.000000000000227 ) ;
#3467 = CARTESIAN_POINT ( 'NONE',  ( 1.895804941603288061E-15, -17.00000000000056843, 18.00000000000000000 ) ) ;
#3468 = ORIENTED_EDGE ( 'NONE', *, *, #255, .T. ) ;
#3469 = EDGE_CURVE ( 'NONE', #1925, #386, #3253, .T. ) ;
#3470 = AXIS2_PLACEMENT_3D ( 'NONE', #4962, #3143, #2149 ) ;
#3471 = ORIENTED_EDGE ( 'NONE', *, *, #4703, .F. ) ;
#3472 = CARTESIAN_POINT ( 'NONE',  ( -19.84041802259992693, 2.170354359848907677, 20.43213424892389085 ) ) ;
#3473 = LINE ( 'NONE', #4281, #3279 ) ;
#3474 = DIRECTION ( 'NONE',  ( -0.6111211072426068203, 0.4479895957557128439, 0.6525613491291094581 ) ) ;
#3475 = DIRECTION ( 'NONE',  ( 1.000000000000000000, 0.000000000000000000, 0.000000000000000000 ) ) ;
#3476 = ORIENTED_EDGE ( 'NONE', *, *, #330, .F. ) ;
#3477 = EDGE_CURVE ( 'NONE', #5047, #1644, #4533, .T. ) ;
#3478 = ADVANCED_FACE ( 'NONE', ( #846 ), #4956, .F. ) ;
#3479 = EDGE_LOOP ( 'NONE', ( #1012, #2101, #1140, #3934, #1725, #4051 ) ) ;
#3480 = DIRECTION ( 'NONE',  ( -0.000000000000000000, -0.000000000000000000, -1.000000000000000000 ) ) ;
#3481 = CARTESIAN_POINT ( 'NONE',  ( -70.00000000000000000, -17.06786777039206271, 16.99999999999997868 ) ) ;
#3482 = ORIENTED_EDGE ( 'NONE', *, *, #983, .F. ) ;
#3483 = PLANE ( 'NONE',  #2631 ) ;
#3484 = EDGE_CURVE ( 'NONE', #2831, #3783, #2170, .T. ) ;
#3485 = DIRECTION ( 'NONE',  ( 0.000000000000000000, -0.000000000000000000, 1.000000000000000000 ) ) ;
#3486 = AXIS2_PLACEMENT_3D ( 'NONE', #5548, #4081, #5519 ) ;
#3487 = ORIENTED_EDGE ( 'NONE', *, *, #5338, .T. ) ;
#3488 = LINE ( 'NONE', #3400, #842 ) ;
#3489 = CARTESIAN_POINT ( 'NONE',  ( -50.15958197740008018, -7.431690723198534521, 9.226745803041074723 ) ) ;
#3490 = CARTESIAN_POINT ( 'NONE',  ( -0.5232249886689904761, -14.52343683526269835, 17.18109942206872631 ) ) ;
#3491 = ORIENTED_EDGE ( 'NONE', *, *, #2903, .F. ) ;
#3492 = FACE_OUTER_BOUND ( 'NONE', #3555, .T. ) ;
#3493 = CARTESIAN_POINT ( 'NONE',  ( -69.73058511118331637, -8.265116002612302282, 16.07153300063960089 ) ) ;
#3494 = CARTESIAN_POINT ( 'NONE',  ( -1.744414888816732345, -15.95727432898450004, 0.000000000000000000 ) ) ;
#3495 = VERTEX_POINT ( 'NONE', #3643 ) ;
#3496 = VECTOR ( 'NONE', #4198, 1000.000000000000000 ) ;
#3497 = CIRCLE ( 'NONE', #5027, 7.999999999999984901 ) ;
#3498 = EDGE_LOOP ( 'NONE', ( #2310, #4776, #3675, #5258 ) ) ;
#3499 = VECTOR ( 'NONE', #4675, 1000.000000000000000 ) ;
#3500 = CARTESIAN_POINT ( 'NONE',  ( -68.25558511118330784, -15.95727432898451070, 0.000000000000000000 ) ) ;
#3501 = LINE ( 'NONE', #3055, #2702 ) ;
#3502 = DIRECTION ( 'NONE',  ( -2.775557561562891351E-17, 0.1351132047333101216, 0.9908301680442994641 ) ) ;
#3503 = FACE_BOUND ( 'NONE', #1991, .T. ) ;
#3504 = DIRECTION ( 'NONE',  ( 0.8660254037844391517, -0.4999999999999991118, 0.000000000000000000 ) ) ;
#3505 = ORIENTED_EDGE ( 'NONE', *, *, #106, .T. ) ;
#3506 = CONICAL_SURFACE ( 'NONE', #5701, 8.999999999999978684, 0.7853981633974437271 ) ;
#3507 = ORIENTED_EDGE ( 'NONE', *, *, #1129, .F. ) ;
#3508 = LINE ( 'NONE', #2071, #2107 ) ;
#3509 = LINE ( 'NONE', #1310, #2931 ) ;
#3510 = ORIENTED_EDGE ( 'NONE', *, *, #4044, .F. ) ;
#3511 = CIRCLE ( 'NONE', #5034, 10.00000000000000533 ) ;
#3512 = CARTESIAN_POINT ( 'NONE',  ( -19.84041802259992693, -9.261467612634428193, -4.191618052822483342 ) ) ;
#3513 = CARTESIAN_POINT ( 'NONE',  ( -44.13095061893815796, 4.999999999999984901, 13.83138929941186035 ) ) ;
#3514 = EDGE_CURVE ( 'NONE', #4766, #4659, #4084, .T. ) ;
#3515 = ADVANCED_FACE ( 'NONE', ( #1869 ), #3705, .F. ) ;
#3516 = VECTOR ( 'NONE', #4078, 1000.000000000000227 ) ;
#3517 = EDGE_LOOP ( 'NONE', ( #2129, #5162, #4140, #2660 ) ) ;
#3518 = DIRECTION ( 'NONE',  ( -0.7038423569660838819, -0.7038423569660812174, 0.09597850322264499245 ) ) ;
#3519 = CARTESIAN_POINT ( 'NONE',  ( -3.840418022599926928, -0.6158457650042824527, 0.000000000000000000 ) ) ;
#3520 = EDGE_CURVE ( 'NONE', #979, #2360, #1588, .T. ) ;
#3521 = PLANE ( 'NONE',  #1685 ) ;
#3522 = ORIENTED_EDGE ( 'NONE', *, *, #3374, .T. ) ;
#3523 =( NAMED_UNIT ( * ) SI_UNIT ( $, .STERADIAN. ) SOLID_ANGLE_UNIT ( ) );
#3524 = DIRECTION ( 'NONE',  ( -1.000000000000000000, -1.115179377413661316E-16, 0.000000000000000000 ) ) ;
#3525 = STYLED_ITEM ( 'NONE', ( #475 ), #1464 ) ;
#3526 = LINE ( 'NONE', #784, #2547 ) ;
#3527 = LINE ( 'NONE', #1717, #61 ) ;
#3528 = ORIENTED_EDGE ( 'NONE', *, *, #2642, .T. ) ;
#3529 = VECTOR ( 'NONE', #246, 999.9999999999998863 ) ;
#3530 = ORIENTED_EDGE ( 'NONE', *, *, #5781, .T. ) ;
#3531 = AXIS2_PLACEMENT_3D ( 'NONE', #719, #278, #5785 ) ;
#3532 = DIRECTION ( 'NONE',  ( 0.000000000000000000, 0.9908301680442994641, -0.1351132047333102049 ) ) ;
#3533 = DIRECTION ( 'NONE',  ( -1.000000000000000000, -1.115179377413661316E-16, 0.000000000000000000 ) ) ;
#3534 = FACE_OUTER_BOUND ( 'NONE', #998, .T. ) ;
#3535 = FACE_OUTER_BOUND ( 'NONE', #3691, .T. ) ;
#3536 = ORIENTED_EDGE ( 'NONE', *, *, #2121, .T. ) ;
#3537 = ORIENTED_EDGE ( 'NONE', *, *, #4855, .T. ) ;
#3538 = LINE ( 'NONE', #3424, #4305 ) ;
#3539 = CARTESIAN_POINT ( 'NONE',  ( -41.71928639541690842, -35.32460449163507832, 0.000000000000000000 ) ) ;
#3540 = EDGE_LOOP ( 'NONE', ( #1454, #3159, #2176, #277, #1017 ) ) ;
#3541 = DIRECTION ( 'NONE',  ( 0.000000000000000000, -0.9908301680442994641, 0.1351132047333102049 ) ) ;
#3542 = PLANE ( 'NONE',  #3626 ) ;
#3543 = AXIS2_PLACEMENT_3D ( 'NONE', #771, #4877, #2158 ) ;
#3544 = EDGE_LOOP ( 'NONE', ( #1531, #4621, #1041, #4987 ) ) ;
#3545 = EDGE_CURVE ( 'NONE', #3869, #855, #5073, .T. ) ;
#3546 = FACE_OUTER_BOUND ( 'NONE', #2059, .T. ) ;
#3547 = DIRECTION ( 'NONE',  ( -1.000000000000000000, 0.000000000000000000, 0.000000000000000000 ) ) ;
#3548 = ADVANCED_FACE ( 'NONE', ( #400 ), #3346, .T. ) ;
#3549 = EDGE_CURVE ( 'NONE', #4388, #2509, #1562, .T. ) ;
#3550 = ORIENTED_EDGE ( 'NONE', *, *, #2642, .F. ) ;
#3551 = CARTESIAN_POINT ( 'NONE',  ( -66.63058511118330784, -15.95727432898451070, 0.000000000000000000 ) ) ;
#3552 = DIRECTION ( 'NONE',  ( -0.000000000000000000, 0.000000000000000000, 1.000000000000000000 ) ) ;
#3553 = VECTOR ( 'NONE', #5872, 1000.000000000000000 ) ;
#3554 = DIRECTION ( 'NONE',  ( 0.5030526657966803983, 0.8563306780462930368, -0.1167723651881278635 ) ) ;
#3555 = EDGE_LOOP ( 'NONE', ( #2450, #5271, #381, #2909, #1355 ) ) ;
#3556 = EDGE_CURVE ( 'NONE', #54, #1457, #3764, .T. ) ;
#3557 = VECTOR ( 'NONE', #3619, 1000.000000000000000 ) ;
#3558 = AXIS2_PLACEMENT_3D ( 'NONE', #1520, #2913, #3389 ) ;
#3559 = ORIENTED_EDGE ( 'NONE', *, *, #4306, .F. ) ;
#3560 = ORIENTED_EDGE ( 'NONE', *, *, #1642, .T. ) ;
#3561 = FACE_OUTER_BOUND ( 'NONE', #5486, .T. ) ;
#3562 = DIRECTION ( 'NONE',  ( -0.8642557581149535872, 0.4984397573864579045, -0.06796905782542438101 ) ) ;
#3563 = CARTESIAN_POINT ( 'NONE',  ( -64.54752759091715575, -29.56101557123542278, 0.000000000000000000 ) ) ;
#3564 = CARTESIAN_POINT ( 'NONE',  ( -14.34155737888413107, -17.00000000000057199, 18.00000000000000000 ) ) ;
#3565 = PLANE ( 'NONE',  #1665 ) ;
#3566 = ORIENTED_EDGE ( 'NONE', *, *, #1129, .T. ) ;
#3567 = VECTOR ( 'NONE', #1882, 1000.000000000000114 ) ;
#3568 = AXIS2_PLACEMENT_3D ( 'NONE', #3892, #5200, #1633 ) ;
#3569 = ORIENTED_EDGE ( 'NONE', *, *, #3728, .T. ) ;
#3570 = CARTESIAN_POINT ( 'NONE',  ( -25.45247240908284780, -29.56101557123542278, 18.00000000000000000 ) ) ;
#3571 = DIRECTION ( 'NONE',  ( 0.000000000000000000, -0.9908301680442993531, 0.1351132047333107045 ) ) ;
#3572 = ORIENTED_EDGE ( 'NONE', *, *, #2456, .T. ) ;
#3573 = CARTESIAN_POINT ( 'NONE',  ( -1.000000000000002220, 2.999999999999987566, 15.27272727272726449 ) ) ;
#3574 = DIRECTION ( 'NONE',  ( -0.000000000000000000, -0.000000000000000000, 1.000000000000000000 ) ) ;
#3575 = VERTEX_POINT ( 'NONE', #2410 ) ;
#3576 = CARTESIAN_POINT ( 'NONE',  ( 1.895804941603288061E-15, -17.00000000000056843, 18.00000000000000000 ) ) ;
#3577 = EDGE_CURVE ( 'NONE', #3001, #1224, #3402, .T. ) ;
#3578 = CARTESIAN_POINT ( 'NONE',  ( -19.84041802259992693, 1.494788336182356625, 15.47798340870238931 ) ) ;
#3579 = ORIENTED_EDGE ( 'NONE', *, *, #506, .F. ) ;
#3580 = DIRECTION ( 'NONE',  ( 0.000000000000000000, 1.000000000000000000, 0.000000000000000000 ) ) ;
#3581 = CARTESIAN_POINT ( 'NONE',  ( -69.53668839942753266, -17.03642384506470009, 17.46331160057246379 ) ) ;
#3582 = DIRECTION ( 'NONE',  ( 1.156482317317871232E-16, -1.000000000000000000, 0.000000000000000000 ) ) ;
#3583 = EDGE_LOOP ( 'NONE', ( #1427, #3801 ) ) ;
#3584 = EDGE_CURVE ( 'NONE', #958, #4213, #3376, .T. ) ;
#3585 = EDGE_CURVE ( 'NONE', #5648, #1700, #1060, .T. ) ;
#3586 = ORIENTED_EDGE ( 'NONE', *, *, #1018, .F. ) ;
#3587 = CARTESIAN_POINT ( 'NONE',  ( -59.77252759091716428, -29.56101557123542278, 18.00000000000000000 ) ) ;
#3588 = EDGE_CURVE ( 'NONE', #3262, #5603, #725, .T. ) ;
#3589 = DIRECTION ( 'NONE',  ( 0.9510206761615280779, -0.3091272772067679142, 0.000000000000000000 ) ) ;
#3590 = VECTOR ( 'NONE', #1157, 1000.000000000000000 ) ;
#3591 = DIRECTION ( 'NONE',  ( -0.4999999999999992228, -0.8580840963623680429, 0.1170114676857745006 ) ) ;
#3592 = DIRECTION ( 'NONE',  ( -0.7071067811865489050, -0.7071067811865462405, -0.000000000000000000 ) ) ;
#3593 = FACE_OUTER_BOUND ( 'NONE', #540, .T. ) ;
#3594 = ORIENTED_EDGE ( 'NONE', *, *, #1897, .T. ) ;
#3595 = EDGE_CURVE ( 'NONE', #1272, #2140, #5189, .T. ) ;
#3596 = AXIS2_PLACEMENT_3D ( 'NONE', #734, #2576, #2150 ) ;
#3597 = VECTOR ( 'NONE', #1393, 1000.000000000000000 ) ;
#3598 =( BOUNDED_CURVE ( )  B_SPLINE_CURVE ( 3, ( #5693, #4762, #2492, #1619 ),
 .UNSPECIFIED., .F., .T. ) 
 B_SPLINE_CURVE_WITH_KNOTS ( ( 4, 4 ),
 ( 4.712388980384689674, 7.153182897951825936 ),
 .UNSPECIFIED. ) 
 CURVE ( )  GEOMETRIC_REPRESENTATION_ITEM ( )  RATIONAL_B_SPLINE_CURVE ( ( 1.000000000000000000, 0.5621819570083301798, 0.5621819570083301798, 1.000000000000000000 ) ) 
 REPRESENTATION_ITEM ( '' )  );
#3599 = ORIENTED_EDGE ( 'NONE', *, *, #5269, .F. ) ;
#3600 = CYLINDRICAL_SURFACE ( 'NONE', #1230, 1.625000000000001332 ) ;
#3601 = CARTESIAN_POINT ( 'NONE',  ( -13.81178666413799228, 4.999999999999987566, 13.83138929941186035 ) ) ;
#3602 = EDGE_LOOP ( 'NONE', ( #305, #1052, #2182, #1606 ) ) ;
#3603 = AXIS2_PLACEMENT_3D ( 'NONE', #813, #5736, #4506 ) ;
#3604 = DIRECTION ( 'NONE',  ( -1.506754595348573503E-17, 0.1351132047333101771, 0.9908301680442994641 ) ) ;
#3605 = AXIS2_PLACEMENT_3D ( 'NONE', #3725, #1468, #3304 ) ;
#3606 = CARTESIAN_POINT ( 'NONE',  ( -20.90072061582873175, 4.999999999999985789, 15.54030560076860645 ) ) ;
#3607 = ORIENTED_EDGE ( 'NONE', *, *, #186, .T. ) ;
#3608 = DIRECTION ( 'NONE',  ( 2.775557561562891351E-17, -0.1351132047333101216, -0.9908301680442994641 ) ) ;
#3609 = EDGE_LOOP ( 'NONE', ( #3347, #5460, #843, #5297 ) ) ;
#3610 = LINE ( 'NONE', #2250, #4276 ) ;
#3611 = VERTEX_POINT ( 'NONE', #1929 ) ;
#3612 = DIRECTION ( 'NONE',  ( 1.000000000000000000, 0.000000000000000000, 0.000000000000000000 ) ) ;
#3613 = LINE ( 'NONE', #2713, #2346 ) ;
#3614 = AXIS2_PLACEMENT_3D ( 'NONE', #434, #1721, #3947 ) ;
#3615 = CARTESIAN_POINT ( 'NONE',  ( -1.999999999999989564, 4.999999999999989342, 13.83138929941186035 ) ) ;
#3616 = ORIENTED_EDGE ( 'NONE', *, *, #2215, .F. ) ;
#3617 = CIRCLE ( 'NONE', #1032, 3.224999999999998757 ) ;
#3618 = VERTEX_POINT ( 'NONE', #604 ) ;
#3619 = DIRECTION ( 'NONE',  ( 0.000000000000000000, -1.000000000000000000, 0.000000000000000000 ) ) ;
#3620 = DIRECTION ( 'NONE',  ( -1.000000000000000000, 0.000000000000000000, 0.000000000000000000 ) ) ;
#3621 = ADVANCED_FACE ( 'NONE', ( #5581 ), #1085, .F. ) ;
#3622 = CARTESIAN_POINT ( 'NONE',  ( -19.84041802259992693, -9.261467612634428193, -4.191618052822483342 ) ) ;
#3623 = LINE ( 'NONE', #2665, #4951 ) ;
#3624 = LINE ( 'NONE', #526, #3021 ) ;
#3625 = ORIENTED_EDGE ( 'NONE', *, *, #5119, .F. ) ;
#3626 = AXIS2_PLACEMENT_3D ( 'NONE', #5362, #1252, #360 ) ;
#3627 = EDGE_CURVE ( 'NONE', #242, #4636, #4685, .T. ) ;
#3628 = ORIENTED_EDGE ( 'NONE', *, *, #3663, .F. ) ;
#3629 = PLANE ( 'NONE',  #5159 ) ;
#3630 = EDGE_CURVE ( 'NONE', #1997, #924, #2437, .T. ) ;
#3631 = FACE_OUTER_BOUND ( 'NONE', #1245, .T. ) ;
#3632 = VERTEX_POINT ( 'NONE', #2347 ) ;
#3633 = CARTESIAN_POINT ( 'NONE',  ( -19.21033467945972362, -40.00000000000002132, 18.09518221387973469 ) ) ;
#3634 = AXIS2_PLACEMENT_3D ( 'NONE', #1561, #2080, #4768 ) ;
#3635 = CARTESIAN_POINT ( 'NONE',  ( -53.08584133048427134, -40.00000000000002842, 19.02568759289152922 ) ) ;
#3636 = VERTEX_POINT ( 'NONE', #161 ) ;
#3637 = DIRECTION ( 'NONE',  ( 1.506754595348573811E-17, -0.1351132047333101494, -0.9908301680442994641 ) ) ;
#3638 = VERTEX_POINT ( 'NONE', #2923 ) ;
#3639 = DIRECTION ( 'NONE',  ( 1.000000000000000000, 0.000000000000000000, 0.000000000000000000 ) ) ;
#3640 = CIRCLE ( 'NONE', #4402, 8.000000000000000000 ) ;
#3641 = ORIENTED_EDGE ( 'NONE', *, *, #1425, .T. ) ;
#3642 = DIRECTION ( 'NONE',  ( 0.6136161398584805138, 0.4437077001405394516, 0.6531452439857239334 ) ) ;
#3643 = CARTESIAN_POINT ( 'NONE',  ( -28.17500000000000426, -25.60311589323426062, 17.79999999999998295 ) ) ;
#3644 = ORIENTED_EDGE ( 'NONE', *, *, #394, .T. ) ;
#3645 = ORIENTED_EDGE ( 'NONE', *, *, #2486, .T. ) ;
#3646 = DIRECTION ( 'NONE',  ( 1.000000000000000000, 0.000000000000000000, 0.000000000000000000 ) ) ;
#3647 = DIRECTION ( 'NONE',  ( -1.506754595348573503E-17, 0.1351132047333101494, 0.9908301680442993531 ) ) ;
#3648 = CARTESIAN_POINT ( 'NONE',  ( -70.25965483327979655, 2.740345166720204784, 14.19172911189640907 ) ) ;
#3649 = ADVANCED_FACE ( 'NONE', ( #4185 ), #4299, .F. ) ;
#3650 = CARTESIAN_POINT ( 'NONE',  ( -11.98537867287770098, -36.87265333724668892, -1.000000000000042633 ) ) ;
#3651 = DIRECTION ( 'NONE',  ( 1.000000000000000000, 0.000000000000000000, 0.000000000000000000 ) ) ;
#3652 = AXIS2_PLACEMENT_3D ( 'NONE', #1239, #1330, #3170 ) ;
#3653 = ORIENTED_EDGE ( 'NONE', *, *, #2679, .T. ) ;
#3654 = CARTESIAN_POINT ( 'NONE',  ( -27.87500000000001776, -25.60311589323426062, 17.49999999999999645 ) ) ;
#3655 = ORIENTED_EDGE ( 'NONE', *, *, #4129, .T. ) ;
#3656 = DIRECTION ( 'NONE',  ( 1.000000000000000000, 0.000000000000000000, 0.000000000000000000 ) ) ;
#3657 = CARTESIAN_POINT ( 'NONE',  ( -50.15958197740008018, -9.261467612634426416, -4.191618052822483342 ) ) ;
#3658 = VERTEX_POINT ( 'NONE', #3823 ) ;
#3659 = CARTESIAN_POINT ( 'NONE',  ( -65.00558511118330784, -7.525733215346147809, 7.999999999999998224 ) ) ;
#3660 = VECTOR ( 'NONE', #1607, 1000.000000000000000 ) ;
#3661 = EDGE_CURVE ( 'NONE', #5474, #41, #4894, .T. ) ;
#3662 = EDGE_CURVE ( 'NONE', #1347, #1895, #443, .T. ) ;
#3663 = EDGE_CURVE ( 'NONE', #2099, #1766, #3735, .T. ) ;
#3664 = CARTESIAN_POINT ( 'NONE',  ( -62.82403020460706955, -40.00000000000002842, 17.83824769051108916 ) ) ;
#3665 = ORIENTED_EDGE ( 'NONE', *, *, #2971, .T. ) ;
#3666 = CYLINDRICAL_SURFACE ( 'NONE', #2190, 9.999999999999985789 ) ;
#3667 = ORIENTED_EDGE ( 'NONE', *, *, #4920, .F. ) ;
#3668 = EDGE_CURVE ( 'NONE', #452, #375, #1160, .T. ) ;
#3669 = AXIS2_PLACEMENT_3D ( 'NONE', #1627, #2417, #2472 ) ;
#3670 = DIRECTION ( 'NONE',  ( 0.4999999999999991118, 0.8660254037844391517, 0.000000000000000000 ) ) ;
#3671 = ORIENTED_EDGE ( 'NONE', *, *, #2005, .F. ) ;
#3672 = DIRECTION ( 'NONE',  ( 0.8660254037844388186, -0.4999999999999997780, 0.000000000000000000 ) ) ;
#3673 = CARTESIAN_POINT ( 'NONE',  ( -64.29527591518932184, -40.00000000000002842, 16.99999999999998934 ) ) ;
#3674 = ORIENTED_EDGE ( 'NONE', *, *, #2649, .T. ) ;
#3675 = ORIENTED_EDGE ( 'NONE', *, *, #2414, .T. ) ;
#3676 = DIRECTION ( 'NONE',  ( 1.000000000000000000, 0.000000000000000000, 0.000000000000000000 ) ) ;
#3677 = CYLINDRICAL_SURFACE ( 'NONE', #3096, 3.224999999999998757 ) ;
#3678 = DIRECTION ( 'NONE',  ( -2.775557561562891351E-17, 0.1351132047333101216, 0.9908301680442994641 ) ) ;
#3679 = DIRECTION ( 'NONE',  ( 0.2827712330174958488, 0.5803882340126345074, -0.7636687289639797482 ) ) ;
#3680 = CARTESIAN_POINT ( 'NONE',  ( -0.04544773198428949529, -11.06791191259535800, 14.16331480928460351 ) ) ;
#3681 = ORIENTED_EDGE ( 'NONE', *, *, #5081, .F. ) ;
#3682 = DIRECTION ( 'NONE',  ( 0.000000000000000000, 0.000000000000000000, 1.000000000000000000 ) ) ;
#3683 = ORIENTED_EDGE ( 'NONE', *, *, #988, .T. ) ;
#3684 = CARTESIAN_POINT ( 'NONE',  ( -6.236307225496581452, 4.885359924361763362, 8.960104561812164192 ) ) ;
#3685 = LINE ( 'NONE', #2362, #2647 ) ;
#3686 = ORIENTED_EDGE ( 'NONE', *, *, #3219, .T. ) ;
#3687 = DIRECTION ( 'NONE',  ( 1.000000000000000000, 3.750144770645340280E-18, 2.750106165139985384E-17 ) ) ;
#3688 = CIRCLE ( 'NONE', #2340, 3.100000000000005418 ) ;
#3689 = STYLED_ITEM ( 'NONE', ( #2029 ), #4086 ) ;
#3690 = CARTESIAN_POINT ( 'NONE',  ( -23.45453492245387395, 4.999999999999986677, 14.90627093635062828 ) ) ;
#3691 = EDGE_LOOP ( 'NONE', ( #447, #4862, #2794, #2537, #3060, #2466 ) ) ;
#3692 = DIRECTION ( 'NONE',  ( -1.000000000000000000, -1.115179377413661316E-16, 0.000000000000000000 ) ) ;
#3693 = AXIS2_PLACEMENT_3D ( 'NONE', #211, #1078, #5206 ) ;
#3694 = ORIENTED_EDGE ( 'NONE', *, *, #1309, .F. ) ;
#3695 = EDGE_CURVE ( 'NONE', #5402, #495, #5101, .T. ) ;
#3696 = DIRECTION ( 'NONE',  ( 0.000000000000000000, 0.000000000000000000, 1.000000000000000000 ) ) ;
#3697 = AXIS2_PLACEMENT_3D ( 'NONE', #4282, #4337, #3418 ) ;
#3698 = ORIENTED_EDGE ( 'NONE', *, *, #5584, .T. ) ;
#3699 = CARTESIAN_POINT ( 'NONE',  ( -64.54752759091715575, -29.56101557123542278, 0.000000000000000000 ) ) ;
#3700 = EDGE_CURVE ( 'NONE', #1742, #188, #3070, .T. ) ;
#3701 = EDGE_CURVE ( 'NONE', #2717, #1911, #1773, .T. ) ;
#3702 = CARTESIAN_POINT ( 'NONE',  ( -28.21250776595740462, -30.54655719209340248, 0.000000000000000000 ) ) ;
#3703 = CARTESIAN_POINT ( 'NONE',  ( 0.000000000000000000, 0.000000000000000000, 18.00000000000000000 ) ) ;
#3704 = CIRCLE ( 'NONE', #1294, 9.999999999999989342 ) ;
#3705 = CYLINDRICAL_SURFACE ( 'NONE', #3422, 3.100000000000000977 ) ;
#3706 = ORIENTED_EDGE ( 'NONE', *, *, #2036, .F. ) ;
#3707 = VECTOR ( 'NONE', #959, 1000.000000000000227 ) ;
#3708 = VERTEX_POINT ( 'NONE', #2169 ) ;
#3709 = EDGE_CURVE ( 'NONE', #5772, #395, #2139, .T. ) ;
#3710 = CYLINDRICAL_SURFACE ( 'NONE', #4792, 7.999999999999984013 ) ;
#3711 = CARTESIAN_POINT ( 'NONE',  ( -27.73939179118362475, -16.01534531779636694, 11.99999999999999822 ) ) ;
#3712 = CARTESIAN_POINT ( 'NONE',  ( -41.78749223404258828, -30.54655719209341669, 0.000000000000000000 ) ) ;
#3713 = CARTESIAN_POINT ( 'NONE',  ( -41.71928639541690842, -35.32460449163507832, 0.000000000000000000 ) ) ;
#3714 = CARTESIAN_POINT ( 'NONE',  ( -6.469414888816734432, -7.525733215346136262, 16.70805452936533797 ) ) ;
#3715 = ORIENTED_EDGE ( 'NONE', *, *, #611, .F. ) ;
#3716 = EDGE_LOOP ( 'NONE', ( #1209, #2374, #2989, #5897 ) ) ;
#3717 = CARTESIAN_POINT ( 'NONE',  ( -36.05006953491143662, -22.37260887317557589, 5.000000000000000000 ) ) ;
#3718 = DIRECTION ( 'NONE',  ( 1.000000000000000000, 0.000000000000000000, 0.000000000000000000 ) ) ;
#3719 = EDGE_LOOP ( 'NONE', ( #1047, #5441, #2394, #95, #4117, #3153, #1202, #3641, #787, #4408 ) ) ;
#3720 = DIRECTION ( 'NONE',  ( 0.000000000000000000, 0.000000000000000000, 1.000000000000000000 ) ) ;
#3721 = ORIENTED_EDGE ( 'NONE', *, *, #5508, .F. ) ;
#3722 = AXIS2_PLACEMENT_3D ( 'NONE', #4615, #5096, #4347 ) ;
#3723 = CARTESIAN_POINT ( 'NONE',  ( -28.17500000000000426, -25.60311589323426062, 18.00000000000000000 ) ) ;
#3724 = ORIENTED_EDGE ( 'NONE', *, *, #3831, .F. ) ;
#3725 = CARTESIAN_POINT ( 'NONE',  ( -35.00000000000000000, -25.60311589323426062, 17.79999999999998295 ) ) ;
#3726 = ORIENTED_EDGE ( 'NONE', *, *, #4679, .T. ) ;
#3727 = AXIS2_PLACEMENT_3D ( 'NONE', #389, #4076, #2619 ) ;
#3728 = EDGE_CURVE ( 'NONE', #100, #4551, #5796, .T. ) ;
#3729 = CARTESIAN_POINT ( 'NONE',  ( -0.4633116005725089193, -17.03642384506468943, 17.46331160057249932 ) ) ;
#3730 = ORIENTED_EDGE ( 'NONE', *, *, #5842, .T. ) ;
#3731 = FACE_OUTER_BOUND ( 'NONE', #290, .T. ) ;
#3732 = VECTOR ( 'NONE', #142, 1000.000000000000000 ) ;
#3733 = CARTESIAN_POINT ( 'NONE',  ( -56.54752759091716285, -29.56101557123542278, 18.00000000000000000 ) ) ;
#3734 = DIRECTION ( 'NONE',  ( 0.000000000000000000, -0.9908301680442994641, 0.1351132047333100383 ) ) ;
#3735 = LINE ( 'NONE', #1446, #1979 ) ;
#3736 = ORIENTED_EDGE ( 'NONE', *, *, #4175, .F. ) ;
#3737 = EDGE_CURVE ( 'NONE', #5603, #3262, #3511, .T. ) ;
#3738 = ADVANCED_FACE ( 'NONE', ( #3995 ), #4858, .F. ) ;
#3739 = PRODUCT_DEFINITION ( 'General', '', #5341, #1264 ) ;
#3740 = ORIENTED_EDGE ( 'NONE', *, *, #5263, .T. ) ;
#3741 = DIRECTION ( 'NONE',  ( -0.5030526657966806203, -0.8563306780462928147, 0.1167723651881278496 ) ) ;
#3742 = LINE ( 'NONE', #5556, #781 ) ;
#3743 = CARTESIAN_POINT ( 'NONE',  ( -19.84041802259992693, -5.756286984505489812, 21.51303988679037005 ) ) ;
#3744 = DIRECTION ( 'NONE',  ( -0.000000000000000000, -0.000000000000000000, -1.000000000000000000 ) ) ;
#3745 = ADVANCED_FACE ( 'NONE', ( #3909 ), #2560, .F. ) ;
#3746 = PLANE ( 'NONE',  #1767 ) ;
#3747 = ORIENTED_EDGE ( 'NONE', *, *, #1748, .T. ) ;
#3748 = ORIENTED_EDGE ( 'NONE', *, *, #1978, .T. ) ;
#3749 = CARTESIAN_POINT ( 'NONE',  ( -3.369414888816734344, -7.525733215346136262, 0.000000000000000000 ) ) ;
#3750 = DIRECTION ( 'NONE',  ( 1.000000000000000000, 0.000000000000000000, 0.000000000000000000 ) ) ;
#3751 = LINE ( 'NONE', #1943, #1379 ) ;
#3752 = EDGE_LOOP ( 'NONE', ( #4968, #4163 ) ) ;
#3753 = AXIS2_PLACEMENT_3D ( 'NONE', #2074, #1899, #628 ) ;
#3754 = DIRECTION ( 'NONE',  ( -1.000000000000000000, -1.115179377413661316E-16, -0.000000000000000000 ) ) ;
#3755 = ORIENTED_EDGE ( 'NONE', *, *, #576, .F. ) ;
#3756 = LINE ( 'NONE', #5575, #4645 ) ;
#3757 = VERTEX_POINT ( 'NONE', #5787 ) ;
#3758 = DIRECTION ( 'NONE',  ( 0.000000000000000000, -0.9908301680442993531, 0.1351132047333103159 ) ) ;
#3759 = CIRCLE ( 'NONE', #2991, 8.999999999999980460 ) ;
#3760 = ADVANCED_FACE ( 'NONE', ( #3461 ), #3521, .F. ) ;
#3761 = ORIENTED_EDGE ( 'NONE', *, *, #1748, .F. ) ;
#3762 = DIRECTION ( 'NONE',  ( 1.000000000000000000, 0.000000000000000000, 0.000000000000000000 ) ) ;
#3763 = CARTESIAN_POINT ( 'NONE',  ( -50.15958197740008018, -9.261467612634426416, -4.191618052822483342 ) ) ;
#3764 = LINE ( 'NONE', #5160, #3037 ) ;
#3765 = ORIENTED_EDGE ( 'NONE', *, *, #4177, .F. ) ;
#3766 = EDGE_LOOP ( 'NONE', ( #3415, #3599, #2402, #631, #4278, #1467, #5522, #4132 ) ) ;
#3767 = CARTESIAN_POINT ( 'NONE',  ( -50.15958197740008018, -6.161626598705414182, 18.54054938265750607 ) ) ;
#3768 = CARTESIAN_POINT ( 'NONE',  ( 4.568105153405592278E-15, 2.999999999999987566, 18.00000000000000000 ) ) ;
#3769 = DIRECTION ( 'NONE',  ( 1.000000000000000000, 0.000000000000000000, 0.000000000000000000 ) ) ;
#3770 = ORIENTED_EDGE ( 'NONE', *, *, #1409, .T. ) ;
#3771 = ADVANCED_FACE ( 'NONE', ( #281 ), #5279, .F. ) ;
#3772 = EDGE_CURVE ( 'NONE', #774, #449, #3423, .T. ) ;
#3773 = VERTEX_POINT ( 'NONE', #2049 ) ;
#3774 = CARTESIAN_POINT ( 'NONE',  ( -53.29289321881382335, -53.29289321881326913, 18.00000000000000000 ) ) ;
#3775 = LINE ( 'NONE', #3206, #3888 ) ;
#3776 = CARTESIAN_POINT ( 'NONE',  ( -5.066043783916532173E-16, 2.774957504396720065, 20.34968836557646554 ) ) ;
#3777 = ADVANCED_FACE ( 'NONE', ( #780 ), #2620, .F. ) ;
#3778 = DIRECTION ( 'NONE',  ( 0.000000000000000000, -0.9908301680442994641, 0.1351132047333106490 ) ) ;
#3779 = ORIENTED_EDGE ( 'NONE', *, *, #607, .T. ) ;
#3780 =( BOUNDED_CURVE ( )  B_SPLINE_CURVE ( 3, ( #1597, #3912, #1145, #5224 ),
 .UNSPECIFIED., .F., .T. ) 
 B_SPLINE_CURVE_WITH_KNOTS ( ( 4, 4 ),
 ( 4.300794154186297291, 6.283185307179586232 ),
 .UNSPECIFIED. ) 
 CURVE ( )  GEOMETRIC_REPRESENTATION_ITEM ( )  RATIONAL_B_SPLINE_CURVE ( ( 1.000000000000000000, 0.6984599571064317169, 0.6984599571064317169, 1.000000000000000000 ) ) 
 REPRESENTATION_ITEM ( '' )  );
#3781 = ADVANCED_FACE ( 'NONE', ( #3430 ), #4826, .F. ) ;
#3782 = DIRECTION ( 'NONE',  ( 0.000000000000000000, -0.9908301680442993531, 0.1351132047333100938 ) ) ;
#3783 = VERTEX_POINT ( 'NONE', #5249 ) ;
#3784 = DIRECTION ( 'NONE',  ( 3.851859888774471278E-34, -0.9908301680442993531, 0.1351132047333101216 ) ) ;
#3785 = VERTEX_POINT ( 'NONE', #1143 ) ;
#3786 = AXIS2_PLACEMENT_3D ( 'NONE', #2181, #321, #2545 ) ;
#3787 = CARTESIAN_POINT ( 'NONE',  ( -1.000000000000000888, -17.95624233389443347, 18.00000000000000000 ) ) ;
#3788 = CIRCLE ( 'NONE', #1862, 7.324999999999998401 ) ;
#3789 = VECTOR ( 'NONE', #2475, 1000.000000000000000 ) ;
#3790 =( BOUNDED_CURVE ( )  B_SPLINE_CURVE ( 3, ( #2719, #2233, #850, #5019 ),
 .UNSPECIFIED., .F., .T. ) 
 B_SPLINE_CURVE_WITH_KNOTS ( ( 4, 4 ),
 ( 4.178733697722305962, 5.740347389601106798 ),
 .UNSPECIFIED. ) 
 CURVE ( )  GEOMETRIC_REPRESENTATION_ITEM ( )  RATIONAL_B_SPLINE_CURVE ( ( 1.000000000000000000, 0.8068972456851488673, 0.8068972456851488673, 1.000000000000000000 ) ) 
 REPRESENTATION_ITEM ( '' )  );
#3791 = ORIENTED_EDGE ( 'NONE', *, *, #1487, .T. ) ;
#3792 = PLANE ( 'NONE',  #4575 ) ;
#3793 = DIRECTION ( 'NONE',  ( 1.000000000000000000, 0.000000000000000000, 0.000000000000000000 ) ) ;
#3794 = CARTESIAN_POINT ( 'NONE',  ( -30.27570507873117478, 19.01345255600792328, 10.06131056356607978 ) ) ;
#3795 = EDGE_LOOP ( 'NONE', ( #2627, #3169, #1069, #3372 ) ) ;
#3796 = CIRCLE ( 'NONE', #1772, 1.625000000000001332 ) ;
#3797 = VERTEX_POINT ( 'NONE', #722 ) ;
#3798 = LINE ( 'NONE', #4771, #198 ) ;
#3799 = CARTESIAN_POINT ( 'NONE',  ( -68.25558511118330784, -7.525733215346147809, 7.999999999999998224 ) ) ;
#3800 = FACE_BOUND ( 'NONE', #3204, .T. ) ;
#3801 = ORIENTED_EDGE ( 'NONE', *, *, #349, .F. ) ;
#3802 = AXIS2_PLACEMENT_3D ( 'NONE', #1600, #1688, #342 ) ;
#3803 = EDGE_LOOP ( 'NONE', ( #4440, #2556, #2317, #567 ) ) ;
#3804 = EDGE_CURVE ( 'NONE', #864, #5066, #3428, .T. ) ;
#3805 = CARTESIAN_POINT ( 'NONE',  ( 0.000000000000000000, 0.000000000000000000, 0.000000000000000000 ) ) ;
#3806 = CARTESIAN_POINT ( 'NONE',  ( -68.00000000000001421, -40.00000000000002842, 18.00000000000000000 ) ) ;
#3807 = CARTESIAN_POINT ( 'NONE',  ( -70.00000000000000000, 4.999999999999982236, 0.000000000000000000 ) ) ;
#3808 = FACE_OUTER_BOUND ( 'NONE', #1281, .T. ) ;
#3809 = CARTESIAN_POINT ( 'NONE',  ( -35.00000000000000000, -25.60311589323426062, 17.49999999999999645 ) ) ;
#3810 = CIRCLE ( 'NONE', #2858, 3.224999999999998757 ) ;
#3811 = ORIENTED_EDGE ( 'NONE', *, *, #578, .F. ) ;
#3812 = ADVANCED_FACE ( 'NONE', ( #2981 ), #3229, .T. ) ;
#3813 = EDGE_CURVE ( 'NONE', #4046, #864, #5368, .T. ) ;
#3814 = DIRECTION ( 'NONE',  ( 1.000000000000000000, 0.000000000000000000, 0.000000000000000000 ) ) ;
#3815 =( GEOMETRIC_REPRESENTATION_CONTEXT ( 3 ) GLOBAL_UNCERTAINTY_ASSIGNED_CONTEXT ( ( #2902 ) ) GLOBAL_UNIT_ASSIGNED_CONTEXT ( ( #1371, #3158, #4137 ) ) REPRESENTATION_CONTEXT ( 'NONE', 'WORKASPACE' ) );
#3816 = CARTESIAN_POINT ( 'NONE',  ( -44.84428639541691552, -34.86497038495779321, 17.56751480752110695 ) ) ;
#3817 = VERTEX_POINT ( 'NONE', #1349 ) ;
#3818 =( BOUNDED_CURVE ( )  B_SPLINE_CURVE ( 3, ( #3787, #5544, #5609, #3729 ),
 .UNSPECIFIED., .F., .T. ) 
 B_SPLINE_CURVE_WITH_KNOTS ( ( 4, 4 ),
 ( 5.582386571156928490, 5.927628129315284156 ),
 .UNSPECIFIED. ) 
 CURVE ( )  GEOMETRIC_REPRESENTATION_ITEM ( )  RATIONAL_B_SPLINE_CURVE ( ( 1.000000000000000000, 0.9900919954146442103, 0.9900919954146442103, 1.000000000000000000 ) ) 
 REPRESENTATION_ITEM ( '' )  );
#3819 = DIRECTION ( 'NONE',  ( -0.000000000000000000, 0.000000000000000000, 1.000000000000000000 ) ) ;
#3820 = ORIENTED_EDGE ( 'NONE', *, *, #5820, .T. ) ;
#3821 = CYLINDRICAL_SURFACE ( 'NONE', #1699, 10.00000000000000533 ) ;
#3822 = DIRECTION ( 'NONE',  ( 1.000000000000000000, 0.000000000000000000, 0.000000000000000000 ) ) ;
#3823 = CARTESIAN_POINT ( 'NONE',  ( -1.999999999999989564, 4.999999999999989342, 0.000000000000000000 ) ) ;
#3824 = ORIENTED_EDGE ( 'NONE', *, *, #4168, .F. ) ;
#3825 = CARTESIAN_POINT ( 'NONE',  ( -6.469414888816734432, -7.525733215346136262, 7.999999999999998224 ) ) ;
#3826 = DIRECTION ( 'NONE',  ( -0.7559242402041866926, 0.09109519879021790723, 0.6482902188288002243 ) ) ;
#3827 = DIRECTION ( 'NONE',  ( -1.000000000000000000, 0.000000000000000000, 0.000000000000000000 ) ) ;
#3828 = ORIENTED_EDGE ( 'NONE', *, *, #790, .T. ) ;
#3829 = VECTOR ( 'NONE', #3984, 1000.000000000000114 ) ;
#3830 = EDGE_LOOP ( 'NONE', ( #122, #4174, #3482, #383 ) ) ;
#3831 = EDGE_CURVE ( 'NONE', #4692, #1363, #5870, .T. ) ;
#3832 = DIRECTION ( 'NONE',  ( 0.4965494795428077035, -0.8680084183726369806, 0.000000000000000000 ) ) ;
#3833 = CARTESIAN_POINT ( 'NONE',  ( -17.43038172497707095, -11.22331227040691282, 12.56969825362802595 ) ) ;
#3834 = DIRECTION ( 'NONE',  ( 1.000000000000000000, 9.912705577010323084E-17, 0.000000000000000000 ) ) ;
#3835 = CARTESIAN_POINT ( 'NONE',  ( -46.17610345266722760, -25.12660775081444342, 13.05264560842699595 ) ) ;
#3836 = VERTEX_POINT ( 'NONE', #3578 ) ;
#3837 = DIRECTION ( 'NONE',  ( -0.000000000000000000, 0.000000000000000000, 1.000000000000000000 ) ) ;
#3838 = CARTESIAN_POINT ( 'NONE',  ( -0.5232249886689918084, -8.959570709067941507, 16.42239040486036572 ) ) ;
#3839 = ORIENTED_EDGE ( 'NONE', *, *, #4564, .F. ) ;
#3840 = LINE ( 'NONE', #4183, #2599 ) ;
#3841 = CARTESIAN_POINT ( 'NONE',  ( -49.10398640870062792, 4.999999999999985789, 15.48714989673469411 ) ) ;
#3842 = EDGE_CURVE ( 'NONE', #1667, #495, #450, .T. ) ;
#3843 = AXIS2_PLACEMENT_3D ( 'NONE', #3142, #789, #4058 ) ;
#3844 = EDGE_CURVE ( 'NONE', #78, #4911, #3099, .T. ) ;
#3845 = AXIS2_PLACEMENT_3D ( 'NONE', #4871, #676, #2967 ) ;
#3846 = EDGE_CURVE ( 'NONE', #4967, #310, #4916, .T. ) ;
#3847 = ORIENTED_EDGE ( 'NONE', *, *, #3263, .F. ) ;
#3848 = CARTESIAN_POINT ( 'NONE',  ( -29.06326951343294596, 17.91453182417697576, 7.183399302746497739 ) ) ;
#3849 = FACE_OUTER_BOUND ( 'NONE', #3498, .T. ) ;
#3850 = DIRECTION ( 'NONE',  ( -0.4999999999999997224, -0.8660254037844387076, 0.000000000000000000 ) ) ;
#3851 = EDGE_CURVE ( 'NONE', #5899, #3611, #5482, .T. ) ;
#3852 = CIRCLE ( 'NONE', #971, 1.624999999999999778 ) ;
#3853 = ORIENTED_EDGE ( 'NONE', *, *, #105, .F. ) ;
#3854 = CARTESIAN_POINT ( 'NONE',  ( -43.72212647593573820, -7.242532236571890714, 10.61390803830307483 ) ) ;
#3855 = CARTESIAN_POINT ( 'NONE',  ( -13.61568719290210794, -7.236030462296996646, 10.82414884648703968 ) ) ;
#3856 = CARTESIAN_POINT ( 'NONE',  ( -30.07446750940919600, -19.50189885575664661, 1.071884106765680578 ) ) ;
#3857 = AXIS2_PLACEMENT_3D ( 'NONE', #2905, #1173, #194 ) ;
#3858 = EDGE_LOOP ( 'NONE', ( #2610, #1096, #1329, #5605 ) ) ;
#3859 = EDGE_LOOP ( 'NONE', ( #3087, #104 ) ) ;
#3860 =( LENGTH_UNIT ( ) NAMED_UNIT ( * ) SI_UNIT ( .MILLI., .METRE. ) );
#3861 = PLANE ( 'NONE',  #589 ) ;
#3862 = LINE ( 'NONE', #3444, #972 ) ;
#3863 = CARTESIAN_POINT ( 'NONE',  ( -26.00548100307164390, -26.00643736684014584, 5.000000000000000000 ) ) ;
#3864 = CARTESIAN_POINT ( 'NONE',  ( -46.17610345266722049, -25.12660775081443632, 13.05264560842699417 ) ) ;
#3865 = DIRECTION ( 'NONE',  ( 0.4999999999999996669, -0.8580840963623677098, 0.1170114676857744451 ) ) ;
#3866 = ORIENTED_EDGE ( 'NONE', *, *, #105, .T. ) ;
#3867 = CARTESIAN_POINT ( 'NONE',  ( -46.54752759091716285, -29.56101557123542278, 20.00000000000000711 ) ) ;
#3868 = DIRECTION ( 'NONE',  ( -1.000000000000000000, 0.000000000000000000, 0.000000000000000000 ) ) ;
#3869 = VERTEX_POINT ( 'NONE', #2680 ) ;
#3870 = DIRECTION ( 'NONE',  ( -0.000000000000000000, -0.000000000000000000, 1.000000000000000000 ) ) ;
#3871 = CARTESIAN_POINT ( 'NONE',  ( -50.15958197740008018, -16.76392090040391025, 0.000000000000000000 ) ) ;
#3872 = ORIENTED_EDGE ( 'NONE', *, *, #5711, .F. ) ;
#3873 = AXIS2_PLACEMENT_3D ( 'NONE', #275, #5808, #2162 ) ;
#3874 = EDGE_CURVE ( 'NONE', #1508, #920, #3610, .T. ) ;
#3875 = DIRECTION ( 'NONE',  ( 0.4999999999999991673, 0.8580840963623680429, -0.1170114676857744729 ) ) ;
#3876 = DIRECTION ( 'NONE',  ( -1.506754595348573503E-17, 0.1351132047333101771, 0.9908301680442994641 ) ) ;
#3877 = VECTOR ( 'NONE', #2690, 1000.000000000000114 ) ;
#3878 = AXIS2_PLACEMENT_3D ( 'NONE', #5375, #1656, #5314 ) ;
#3879 = ADVANCED_FACE ( 'NONE', ( #3217 ), #4021, .F. ) ;
#3880 = EDGE_CURVE ( 'NONE', #2733, #3797, #3991, .T. ) ;
#3881 = EDGE_CURVE ( 'NONE', #4875, #1738, #5455, .T. ) ;
#3882 = ORIENTED_EDGE ( 'NONE', *, *, #1487, .F. ) ;
#3883 = CARTESIAN_POINT ( 'NONE',  ( -70.00000000000000000, 2.999999999999987566, 14.15632163463098436 ) ) ;
#3884 = DIRECTION ( 'NONE',  ( 0.000000000000000000, -0.000000000000000000, -1.000000000000000000 ) ) ;
#3885 = VECTOR ( 'NONE', #5030, 1000.000000000000114 ) ;
#3886 = CARTESIAN_POINT ( 'NONE',  ( -25.15571360458309513, -35.32460449163507832, 23.00000000000000000 ) ) ;
#3887 = VERTEX_POINT ( 'NONE', #3163 ) ;
#3888 = VECTOR ( 'NONE', #1399, 1000.000000000000000 ) ;
#3889 = ORIENTED_EDGE ( 'NONE', *, *, #2869, .T. ) ;
#3890 = VERTEX_POINT ( 'NONE', #5393 ) ;
#3891 = DIRECTION ( 'NONE',  ( -0.3779644730092271976, 0.6546536707079771977, 0.6546536707079770867 ) ) ;
#3892 = CARTESIAN_POINT ( 'NONE',  ( -56.54752759091716285, -29.56101557123542278, 0.000000000000000000 ) ) ;
#3893 = PLANE ( 'NONE',  #5793 ) ;
#3894 = CARTESIAN_POINT ( 'NONE',  ( -37.84579510797775015, -7.627273089688079821, 18.00000000000000355 ) ) ;
#3895 = DIRECTION ( 'NONE',  ( -0.000000000000000000, -0.000000000000000000, -1.000000000000000000 ) ) ;
#3896 = VERTEX_POINT ( 'NONE', #841 ) ;
#3897 = VECTOR ( 'NONE', #1892, 1000.000000000000000 ) ;
#3898 = CARTESIAN_POINT ( 'NONE',  ( -0.9999999999999986677, -9.524701220256064360, 16.98064107548941237 ) ) ;
#3899 = CARTESIAN_POINT ( 'NONE',  ( -50.15958197740008018, -0.6158457650042979958, 0.000000000000000000 ) ) ;
#3900 = EDGE_LOOP ( 'NONE', ( #1727, #5132 ) ) ;
#3901 = DIRECTION ( 'NONE',  ( -0.000000000000000000, 0.1351132047333099273, 0.9908301680442995751 ) ) ;
#3902 = CARTESIAN_POINT ( 'NONE',  ( -48.06535224461668321, 4.999999999999984901, 15.33227305420651732 ) ) ;
#3903 = AXIS2_PLACEMENT_3D ( 'NONE', #4570, #3200, #3234 ) ;
#3904 = VECTOR ( 'NONE', #5339, 1000.000000000000000 ) ;
#3905 = VERTEX_POINT ( 'NONE', #4981 ) ;
#3906 = DIRECTION ( 'NONE',  ( -0.000000000000000000, -0.000000000000000000, 1.000000000000000000 ) ) ;
#3907 = EDGE_CURVE ( 'NONE', #2026, #41, #1303, .T. ) ;
#3908 = PLANE ( 'NONE',  #3140 ) ;
#3909 = FACE_OUTER_BOUND ( 'NONE', #2351, .T. ) ;
#3910 = CIRCLE ( 'NONE', #5529, 3.125000000000002665 ) ;
#3911 = EDGE_LOOP ( 'NONE', ( #1585, #5623, #5003, #4235 ) ) ;
#3912 = CARTESIAN_POINT ( 'NONE',  ( -7.480622346054846439, -9.584340510264251378, 18.00000000000000000 ) ) ;
#3913 = FACE_OUTER_BOUND ( 'NONE', #5551, .T. ) ;
#3914 = CIRCLE ( 'NONE', #4003, 6.600000000000001421 ) ;
#3915 = ADVANCED_FACE ( 'NONE', ( #3130 ), #1377, .F. ) ;
#3916 = CARTESIAN_POINT ( 'NONE',  ( -19.84041802259992693, -15.66458866494848223, 22.86417193412347260 ) ) ;
#3917 = VERTEX_POINT ( 'NONE', #1284 ) ;
#3918 = ADVANCED_FACE ( 'NONE', ( #927 ), #5038, .F. ) ;
#3919 = VERTEX_POINT ( 'NONE', #479 ) ;
#3920 = CARTESIAN_POINT ( 'NONE',  ( 0.7357024253437155492, -17.11779825367174723, 16.26429757465626480 ) ) ;
#3921 = ADVANCED_FACE ( 'NONE', ( #4142 ), #2308, .F. ) ;
#3922 = FACE_BOUND ( 'NONE', #3859, .T. ) ;
#3923 = DIRECTION ( 'NONE',  ( 1.000000000000000000, 0.000000000000000000, 0.000000000000000000 ) ) ;
#3924 = CARTESIAN_POINT ( 'NONE',  ( -22.28009379551981795, -11.20635682882230810, 12.56738614795740006 ) ) ;
#3925 = CARTESIAN_POINT ( 'NONE',  ( 1.277546923260824974, -3.930334293906137866, -1.000000000000105027 ) ) ;
#3926 = EDGE_LOOP ( 'NONE', ( #1761, #127, #520, #3839 ) ) ;
#3927 = VERTEX_POINT ( 'NONE', #2737 ) ;
#3928 = DIRECTION ( 'NONE',  ( 1.000000000000000000, 9.912705577010323084E-17, 0.000000000000000000 ) ) ;
#3929 = CARTESIAN_POINT ( 'NONE',  ( -60.03903254246480969, -34.66355160027672611, 11.99999999999999822 ) ) ;
#3930 = ORIENTED_EDGE ( 'NONE', *, *, #5674, .F. ) ;
#3931 = DIRECTION ( 'NONE',  ( -0.6123724356957966908, 0.3535533905932744525, 0.7071067811865453523 ) ) ;
#3932 = LINE ( 'NONE', #2554, #3529 ) ;
#3933 =( BOUNDED_CURVE ( )  B_SPLINE_CURVE ( 3, ( #1715, #5312, #756, #397 ),
 .UNSPECIFIED., .F., .T. ) 
 B_SPLINE_CURVE_WITH_KNOTS ( ( 4, 4 ),
 ( 1.633337088591382047, 2.328837092221116123 ),
 .UNSPECIFIED. ) 
 CURVE ( )  GEOMETRIC_REPRESENTATION_ITEM ( )  RATIONAL_B_SPLINE_CURVE ( ( 1.000000000000000000, 0.9600945692390207009, 0.9600945692390207009, 1.000000000000000000 ) ) 
 REPRESENTATION_ITEM ( '' )  );
#3934 = ORIENTED_EDGE ( 'NONE', *, *, #3255, .F. ) ;
#3935 = CARTESIAN_POINT ( 'NONE',  ( -44.70417808465350618, 26.88807747053167319, 12.01526216310938899 ) ) ;
#3936 = CARTESIAN_POINT ( 'NONE',  ( -63.53058511118329932, -7.525733215346147809, 23.00000000000000000 ) ) ;
#3937 = CARTESIAN_POINT ( 'NONE',  ( -0.9263657795281611262, 0.5348375321786410508, 0.000000000000000000 ) ) ;
#3938 = EDGE_CURVE ( 'NONE', #4520, #4622, #2081, .T. ) ;
#3939 = VERTEX_POINT ( 'NONE', #2376 ) ;
#3940 = DIRECTION ( 'NONE',  ( 0.000000000000000000, -0.000000000000000000, 1.000000000000000000 ) ) ;
#3941 = LINE ( 'NONE', #5762, #52 ) ;
#3942 = AXIS2_PLACEMENT_3D ( 'NONE', #291, #2120, #4777 ) ;
#3943 = LINE ( 'NONE', #3050, #5419 ) ;
#3944 = ORIENTED_EDGE ( 'NONE', *, *, #2674, .F. ) ;
#3945 = EDGE_LOOP ( 'NONE', ( #2021, #1938, #5866, #1613, #3429, #4814, #668, #3645 ) ) ;
#3946 = CARTESIAN_POINT ( 'NONE',  ( -18.30221467027569560, -29.56101557123542278, 15.00000000000000000 ) ) ;
#3947 = DIRECTION ( 'NONE',  ( 1.000000000000000000, 0.000000000000000000, 0.000000000000000000 ) ) ;
#3948 = VECTOR ( 'NONE', #4800, 1000.000000000000000 ) ;
#3949 = ADVANCED_FACE ( 'NONE', ( #1470 ), #3368, .F. ) ;
#3950 = CARTESIAN_POINT ( 'NONE',  ( -27.73939179118362119, -16.01534531779636339, 11.99999999999999822 ) ) ;
#3951 = FACE_OUTER_BOUND ( 'NONE', #5878, .T. ) ;
#3952 = EDGE_CURVE ( 'NONE', #154, #449, #2338, .T. ) ;
#3953 = CARTESIAN_POINT ( 'NONE',  ( -1.999999999999993117, -40.00000000000002132, 18.00000000000000000 ) ) ;
#3954 = ORIENTED_EDGE ( 'NONE', *, *, #1149, .F. ) ;
#3955 = ORIENTED_EDGE ( 'NONE', *, *, #3813, .T. ) ;
#3956 = CARTESIAN_POINT ( 'NONE',  ( -19.84041802259992693, -9.602509545913802569, 16.99125130171546516 ) ) ;
#3957 = EDGE_CURVE ( 'NONE', #5539, #1224, #4649, .T. ) ;
#3958 = PLANE ( 'NONE',  #1485 ) ;
#3959 = ORIENTED_EDGE ( 'NONE', *, *, #2183, .T. ) ;
#3960 = DIRECTION ( 'NONE',  ( 0.8660254037844385966, 0.5000000000000001110, 0.000000000000000000 ) ) ;
#3961 = EDGE_CURVE ( 'NONE', #811, #5790, #5153, .T. ) ;
#3962 = CARTESIAN_POINT ( 'NONE',  ( -48.84306459358116115, 4.999999999999984901, 15.45566453760616277 ) ) ;
#3963 = VECTOR ( 'NONE', #3312, 1000.000000000000114 ) ;
#3964 = ORIENTED_EDGE ( 'NONE', *, *, #5454, .T. ) ;
#3965 = LINE ( 'NONE', #3848, #561 ) ;
#3966 = DIRECTION ( 'NONE',  ( 0.000000000000000000, 0.9908301680442993531, -0.1351132047333107045 ) ) ;
#3967 = DIRECTION ( 'NONE',  ( -0.4999999999999997224, -0.8660254037844387076, 0.000000000000000000 ) ) ;
#3968 = ORIENTED_EDGE ( 'NONE', *, *, #4143, .F. ) ;
#3969 = DIRECTION ( 'NONE',  ( -0.3802720714474544517, -0.7357775023385826341, -0.5603789956176615794 ) ) ;
#3970 = PLANE ( 'NONE',  #3802 ) ;
#3971 = AXIS2_PLACEMENT_3D ( 'NONE', #1491, #5686, #2034 ) ;
#3972 = ORIENTED_EDGE ( 'NONE', *, *, #4489, .T. ) ;
#3973 = VECTOR ( 'NONE', #81, 1000.000000000000000 ) ;
#3974 = ORIENTED_EDGE ( 'NONE', *, *, #5602, .T. ) ;
#3975 = CARTESIAN_POINT ( 'NONE',  ( -3.369414888816734344, -7.525733215346136262, 7.999999999999998224 ) ) ;
#3976 = DIRECTION ( 'NONE',  ( 1.000000000000000000, 0.000000000000000000, 0.000000000000000000 ) ) ;
#3977 = DIRECTION ( 'NONE',  ( 0.000000000000000000, -0.9908301680442993531, 0.1351132047333102881 ) ) ;
#3978 = DIRECTION ( 'NONE',  ( 1.115179377413661316E-16, -1.000000000000000000, 0.000000000000000000 ) ) ;
#3979 = DIRECTION ( 'NONE',  ( 1.506754595348573811E-17, -0.1351132047333101494, -0.9908301680442994641 ) ) ;
#3980 = ORIENTED_EDGE ( 'NONE', *, *, #3405, .F. ) ;
#3981 = AXIS2_PLACEMENT_3D ( 'NONE', #1099, #2940, #1974 ) ;
#3982 = EDGE_CURVE ( 'NONE', #1075, #4804, #511, .T. ) ;
#3983 = VERTEX_POINT ( 'NONE', #2833 ) ;
#3984 = DIRECTION ( 'NONE',  ( 0.6785983445458393382, -0.2810846377148398245, -0.6785983445458466656 ) ) ;
#3985 = DIRECTION ( 'NONE',  ( 1.000000000000000000, 0.000000000000000000, 0.000000000000000000 ) ) ;
#3986 = VERTEX_POINT ( 'NONE', #544 ) ;
#3987 = AXIS2_PLACEMENT_3D ( 'NONE', #2090, #3999, #728 ) ;
#3988 = FACE_OUTER_BOUND ( 'NONE', #3317, .T. ) ;
#3989 = DIRECTION ( 'NONE',  ( -0.000000000000000000, -0.000000000000000000, 1.000000000000000000 ) ) ;
#3990 = EDGE_CURVE ( 'NONE', #41, #4324, #1386, .T. ) ;
#3991 = CIRCLE ( 'NONE', #1401, 9.000000000000007105 ) ;
#3992 = ORIENTED_EDGE ( 'NONE', *, *, #5518, .F. ) ;
#3993 = DIRECTION ( 'NONE',  ( 0.000000000000000000, 0.9908301680442993531, -0.1351132047333102604 ) ) ;
#3994 = ADVANCED_FACE ( 'NONE', ( #4208 ), #1319, .T. ) ;
#3995 = FACE_OUTER_BOUND ( 'NONE', #87, .T. ) ;
#3996 = ORIENTED_EDGE ( 'NONE', *, *, #3443, .F. ) ;
#3997 = FACE_OUTER_BOUND ( 'NONE', #4498, .T. ) ;
#3998 = DIRECTION ( 'NONE',  ( 0.000000000000000000, 0.000000000000000000, -1.000000000000000000 ) ) ;
#3999 = DIRECTION ( 'NONE',  ( -1.506754595348573503E-17, 0.1351132047333101771, 0.9908301680442994641 ) ) ;
#4000 = VERTEX_POINT ( 'NONE', #1081 ) ;
#4001 = AXIS2_PLACEMENT_3D ( 'NONE', #4211, #5070, #962 ) ;
#4002 = ORIENTED_EDGE ( 'NONE', *, *, #392, .F. ) ;
#4003 = AXIS2_PLACEMENT_3D ( 'NONE', #4884, #3608, #3160 ) ;
#4004 = CARTESIAN_POINT ( 'NONE',  ( -23.05379975276374438, -1.682614209289721385, 9.855737398219162060 ) ) ;
#4005 = PLANE ( 'NONE',  #2757 ) ;
#4006 = DIRECTION ( 'NONE',  ( -1.506754595348573811E-17, 0.1351132047333101771, 0.9908301680442994641 ) ) ;
#4007 = CARTESIAN_POINT ( 'NONE',  ( -56.54752759091716285, -29.56101557123542278, 23.00000000000000000 ) ) ;
#4008 = CARTESIAN_POINT ( 'NONE',  ( -69.00000000000000000, -17.00000000000057554, 18.00000000000000000 ) ) ;
#4009 = ORIENTED_EDGE ( 'NONE', *, *, #5325, .T. ) ;
#4010 = EDGE_CURVE ( 'NONE', #2099, #5180, #4202, .T. ) ;
#4011 = ORIENTED_EDGE ( 'NONE', *, *, #3549, .F. ) ;
#4012 = DIRECTION ( 'NONE',  ( -1.506754595348573503E-17, 0.1351132047333101494, 0.9908301680442993531 ) ) ;
#4013 = DIRECTION ( 'NONE',  ( -1.506754595348573503E-17, 0.1351132047333101494, 0.9908301680442993531 ) ) ;
#4014 = ORIENTED_EDGE ( 'NONE', *, *, #2164, .F. ) ;
#4015 = DIRECTION ( 'NONE',  ( 0.000000000000000000, 0.9908301680442994641, -0.1351132047333100938 ) ) ;
#4016 = CARTESIAN_POINT ( 'NONE',  ( -21.45247240908284425, -29.56101557123542278, 23.00000000000000000 ) ) ;
#4017 = ORIENTED_EDGE ( 'NONE', *, *, #3220, .F. ) ;
#4018 = LINE ( 'NONE', #5812, #1417 ) ;
#4019 = EDGE_CURVE ( 'NONE', #2335, #4423, #3053, .T. ) ;
#4020 = EDGE_CURVE ( 'NONE', #2725, #1766, #83, .T. ) ;
#4021 = CYLINDRICAL_SURFACE ( 'NONE', #4470, 1.625000000000001332 ) ;
#4022 = EDGE_CURVE ( 'NONE', #4524, #5668, #3818, .T. ) ;
#4023 = ORIENTED_EDGE ( 'NONE', *, *, #1527, .F. ) ;
#4024 = ADVANCED_FACE ( 'NONE', ( #1500 ), #155, .F. ) ;
#4025 = CARTESIAN_POINT ( 'NONE',  ( -19.84041802259992693, 0.4949506211558577506, 8.145840165174551117 ) ) ;
#4026 = VECTOR ( 'NONE', #284, 1000.000000000000000 ) ;
#4027 = DIRECTION ( 'NONE',  ( 1.000000000000000000, 1.115179377413661316E-16, 0.000000000000000000 ) ) ;
#4028 = ORIENTED_EDGE ( 'NONE', *, *, #3709, .T. ) ;
#4029 = AXIS2_PLACEMENT_3D ( 'NONE', #1691, #5436, #4538 ) ;
#4030 = ORIENTED_EDGE ( 'NONE', *, *, #1787, .F. ) ;
#4031 = DIRECTION ( 'NONE',  ( 0.000000000000000000, 0.000000000000000000, 1.000000000000000000 ) ) ;
#4032 =( BOUNDED_CURVE ( )  B_SPLINE_CURVE ( 3, ( #2648, #944, #1364, #5056 ),
 .UNSPECIFIED., .F., .T. ) 
 B_SPLINE_CURVE_WITH_KNOTS ( ( 4, 4 ),
 ( 2.053006484330191395, 3.141592653589793116 ),
 .UNSPECIFIED. ) 
 CURVE ( )  GEOMETRIC_REPRESENTATION_ITEM ( )  RATIONAL_B_SPLINE_CURVE ( ( 1.000000000000000000, 0.9036623698668565519, 0.9036623698668565519, 1.000000000000000000 ) ) 
 REPRESENTATION_ITEM ( '' )  );
#4033 = CARTESIAN_POINT ( 'NONE',  ( -13.45247240908284425, -29.56101557123542278, 21.99999999999998224 ) ) ;
#4034 = DIRECTION ( 'NONE',  ( 0.000000000000000000, -0.9908301680442993531, 0.1351132047333107045 ) ) ;
#4035 = CARTESIAN_POINT ( 'NONE',  ( -35.00000000000000000, -25.60311589323426062, 5.000000000000000000 ) ) ;
#4036 = CARTESIAN_POINT ( 'NONE',  ( -50.15958197740008018, -16.32788483778346844, 18.00000000000000000 ) ) ;
#4037 = EDGE_LOOP ( 'NONE', ( #739, #2201, #403, #1447, #1277 ) ) ;
#4038 = AXIS2_PLACEMENT_3D ( 'NONE', #4219, #110, #493 ) ;
#4039 = ORIENTED_EDGE ( 'NONE', *, *, #3293, .F. ) ;
#4040 = DIRECTION ( 'NONE',  ( -1.156482317317871232E-16, 1.000000000000000000, 0.000000000000000000 ) ) ;
#4041 = CARTESIAN_POINT ( 'NONE',  ( -3.369414888816734344, -7.525733215346136262, 0.000000000000000000 ) ) ;
#4042 = ORIENTED_EDGE ( 'NONE', *, *, #1939, .T. ) ;
#4043 = FACE_OUTER_BOUND ( 'NONE', #5562, .T. ) ;
#4044 = EDGE_CURVE ( 'NONE', #4837, #2213, #5630, .T. ) ;
#4045 = CARTESIAN_POINT ( 'NONE',  ( -16.67747240908284212, -29.56101557123542278, 0.000000000000000000 ) ) ;
#4046 = VERTEX_POINT ( 'NONE', #1528 ) ;
#4047 = DIRECTION ( 'NONE',  ( -0.000000000000000000, -0.000000000000000000, 1.000000000000000000 ) ) ;
#4048 = EDGE_LOOP ( 'NONE', ( #358, #5061, #724, #135 ) ) ;
#4049 = DIRECTION ( 'NONE',  ( 0.000000000000000000, 0.7071067811865475727, 0.7071067811865475727 ) ) ;
#4050 = EDGE_CURVE ( 'NONE', #4686, #5103, #2111, .T. ) ;
#4051 = ORIENTED_EDGE ( 'NONE', *, *, #4449, .F. ) ;
#4052 = CARTESIAN_POINT ( 'NONE',  ( -56.54752759091716285, -29.56101557123542278, 23.00000000000000000 ) ) ;
#4053 = FACE_BOUND ( 'NONE', #1805, .T. ) ;
#4054 = ORIENTED_EDGE ( 'NONE', *, *, #655, .F. ) ;
#4055 = EDGE_CURVE ( 'NONE', #5011, #5074, #2919, .T. ) ;
#4056 = EDGE_CURVE ( 'NONE', #1962, #76, #1893, .T. ) ;
#4057 = ORIENTED_EDGE ( 'NONE', *, *, #2405, .T. ) ;
#4058 = DIRECTION ( 'NONE',  ( 1.000000000000000000, 0.000000000000000000, 0.000000000000000000 ) ) ;
#4059 = DIRECTION ( 'NONE',  ( -0.000000000000000000, 0.000000000000000000, 1.000000000000000000 ) ) ;
#4060 = VECTOR ( 'NONE', #3687, 1000.000000000000000 ) ;
#4061 = CARTESIAN_POINT ( 'NONE',  ( -40.09428639541690842, -35.32460449163507832, 0.000000000000000000 ) ) ;
#4062 = LINE ( 'NONE', #5884, #5427 ) ;
#4063 = CARTESIAN_POINT ( 'NONE',  ( -23.45247240908284780, -29.56101557123542278, 23.00000000000000000 ) ) ;
#4064 = VERTEX_POINT ( 'NONE', #5332 ) ;
#4065 = VECTOR ( 'NONE', #5382, 1000.000000000000000 ) ;
#4066 = VECTOR ( 'NONE', #1788, 1000.000000000000000 ) ;
#4067 = VECTOR ( 'NONE', #5627, 999.9999999999998863 ) ;
#4068 = ORIENTED_EDGE ( 'NONE', *, *, #4055, .T. ) ;
#4069 = DIRECTION ( 'NONE',  ( -0.4999999999999991118, -0.8660254037844391517, 0.000000000000000000 ) ) ;
#4070 = DIRECTION ( 'NONE',  ( 0.000000000000000000, 0.1351132047333106490, 0.9908301680442994641 ) ) ;
#4071 = EDGE_LOOP ( 'NONE', ( #5795, #5764, #1448, #5432 ) ) ;
#4072 = CARTESIAN_POINT ( 'NONE',  ( -69.00000000000000000, -5.526765210436179743, 16.43546798324125646 ) ) ;
#4073 = AXIS2_PLACEMENT_3D ( 'NONE', #741, #681, #4847 ) ;
#4074 = CARTESIAN_POINT ( 'NONE',  ( -19.84041802259992693, 4.999999999999986677, 15.54030560076860112 ) ) ;
#4075 = ORIENTED_EDGE ( 'NONE', *, *, #2223, .F. ) ;
#4076 = DIRECTION ( 'NONE',  ( 0.000000000000000000, 0.1351132047333106212, 0.9908301680442994641 ) ) ;
#4077 = EDGE_LOOP ( 'NONE', ( #2411, #961, #2672, #5044 ) ) ;
#4078 = DIRECTION ( 'NONE',  ( 0.9510206761615280779, -0.3091272772067678587, -0.000000000000000000 ) ) ;
#4079 = EDGE_CURVE ( 'NONE', #1573, #1075, #3932, .T. ) ;
#4080 = ORIENTED_EDGE ( 'NONE', *, *, #649, .F. ) ;
#4081 = DIRECTION ( 'NONE',  ( -0.000000000000000000, 0.000000000000000000, 1.000000000000000000 ) ) ;
#4082 = DIRECTION ( 'NONE',  ( 1.000000000000000000, 0.000000000000000000, 0.000000000000000000 ) ) ;
#4083 = CONICAL_SURFACE ( 'NONE', #1501, 7.999999999999984901, 0.7853981633974407295 ) ;
#4084 = LINE ( 'NONE', #40, #5223 ) ;
#4085 = EDGE_LOOP ( 'NONE', ( #2202, #1336, #4666, #3385 ) ) ;
#4086 = ADVANCED_BREP_SHAPE_REPRESENTATION ( 'Top new', ( #1464, #3126 ), #3123 ) ;
#4087 = VECTOR ( 'NONE', #2236, 1000.000000000000000 ) ;
#4088 = AXIS2_PLACEMENT_3D ( 'NONE', #4170, #151, #1049 ) ;
#4089 = VERTEX_POINT ( 'NONE', #4410 ) ;
#4090 = DIRECTION ( 'NONE',  ( -2.775557561562891043E-17, 0.1351132047333101216, 0.9908301680442994641 ) ) ;
#4091 = EDGE_CURVE ( 'NONE', #4089, #1809, #587, .T. ) ;
#4092 = DIRECTION ( 'NONE',  ( 0.000000000000000000, -0.9908301680442993531, 0.1351132047333100938 ) ) ;
#4093 = LINE ( 'NONE', #3172, #4828 ) ;
#4094 = DIRECTION ( 'NONE',  ( 0.000000000000000000, 0.000000000000000000, 1.000000000000000000 ) ) ;
#4095 = EDGE_CURVE ( 'NONE', #1499, #223, #4378, .T. ) ;
#4096 = DIRECTION ( 'NONE',  ( 0.000000000000000000, 0.000000000000000000, 1.000000000000000000 ) ) ;
#4097 = EDGE_LOOP ( 'NONE', ( #1522, #3310 ) ) ;
#4098 = FACE_OUTER_BOUND ( 'NONE', #4241, .T. ) ;
#4099 = AXIS2_PLACEMENT_3D ( 'NONE', #1983, #3819, #5636 ) ;
#4100 = EDGE_CURVE ( 'NONE', #3254, #310, #1039, .T. ) ;
#4101 = ORIENTED_EDGE ( 'NONE', *, *, #5595, .T. ) ;
#4102 = DIRECTION ( 'NONE',  ( -0.4999999999999998335, -0.8580840963623675988, 0.1170114676857744035 ) ) ;
#4103 = DIRECTION ( 'NONE',  ( 0.000000000000000000, 0.9908301680442994641, -0.1351132047333101771 ) ) ;
#4104 = ORIENTED_EDGE ( 'NONE', *, *, #5443, .T. ) ;
#4105 = CARTESIAN_POINT ( 'NONE',  ( -22.84383444153285936, -40.00000000000003553, 15.96886537291119090 ) ) ;
#4106 = CIRCLE ( 'NONE', #5139, 8.999999999999952038 ) ;
#4107 = CARTESIAN_POINT ( 'NONE',  ( -46.45814236237381323, -40.00000000000004263, 15.48991139482708057 ) ) ;
#4108 = VERTEX_POINT ( 'NONE', #5211 ) ;
#4109 = FACE_OUTER_BOUND ( 'NONE', #5315, .T. ) ;
#4110 = EDGE_LOOP ( 'NONE', ( #5222, #1010 ) ) ;
#4111 = DIRECTION ( 'NONE',  ( -0.000000000000000000, -0.000000000000000000, 1.000000000000000000 ) ) ;
#4112 = CONICAL_SURFACE ( 'NONE', #3354, 8.999999999999980460, 0.7853981633974517207 ) ;
#4113 = ORIENTED_EDGE ( 'NONE', *, *, #2155, .T. ) ;
#4114 = DIRECTION ( 'NONE',  ( 0.6789463863166510516, 0.1851019952503127619, -0.7104710098673372443 ) ) ;
#4115 = DIRECTION ( 'NONE',  ( -0.4969411089961881522, 0.8598268311759714733, -0.1172491133421749293 ) ) ;
#4116 = DIRECTION ( 'NONE',  ( -1.000000000000000000, 0.000000000000000000, 0.000000000000000000 ) ) ;
#4117 = ORIENTED_EDGE ( 'NONE', *, *, #2448, .T. ) ;
#4118 = ORIENTED_EDGE ( 'NONE', *, *, #1237, .F. ) ;
#4119 = FACE_BOUND ( 'NONE', #197, .T. ) ;
#4120 = DIRECTION ( 'NONE',  ( 0.000000000000000000, -0.9908301680442993531, 0.1351132047333102881 ) ) ;
#4121 = DIRECTION ( 'NONE',  ( 0.000000000000000000, 0.000000000000000000, -1.000000000000000000 ) ) ;
#4122 = LINE ( 'NONE', #4965, #2861 ) ;
#4123 = FACE_OUTER_BOUND ( 'NONE', #4037, .T. ) ;
#4124 = AXIS2_PLACEMENT_3D ( 'NONE', #74, #39, #3456 ) ;
#4125 = ORIENTED_EDGE ( 'NONE', *, *, #6, .T. ) ;
#4126 = DIRECTION ( 'NONE',  ( 0.000000000000000000, -0.9908301680442994641, 0.1351132047333101771 ) ) ;
#4127 = VECTOR ( 'NONE', #2606, 999.9999999999998863 ) ;
#4128 = ORIENTED_EDGE ( 'NONE', *, *, #4974, .F. ) ;
#4129 = EDGE_CURVE ( 'NONE', #1363, #3243, #2611, .T. ) ;
#4130 = FACE_OUTER_BOUND ( 'NONE', #1374, .T. ) ;
#4131 = PLANE ( 'NONE',  #1388 ) ;
#4132 = ORIENTED_EDGE ( 'NONE', *, *, #1090, .F. ) ;
#4133 = DIRECTION ( 'NONE',  ( 0.000000000000000000, 0.000000000000000000, -1.000000000000000000 ) ) ;
#4134 = CIRCLE ( 'NONE', #2609, 3.224999999999998757 ) ;
#4135 = EDGE_CURVE ( 'NONE', #3394, #3495, #457, .T. ) ;
#4136 = ADVANCED_FACE ( 'NONE', ( #2134 ), #4791, .F. ) ;
#4137 =( NAMED_UNIT ( * ) SI_UNIT ( $, .STERADIAN. ) SOLID_ANGLE_UNIT ( ) );
#4138 = ORIENTED_EDGE ( 'NONE', *, *, #2603, .F. ) ;
#4139 = LINE ( 'NONE', #1436, #248 ) ;
#4140 = ORIENTED_EDGE ( 'NONE', *, *, #1646, .F. ) ;
#4141 = AXIS2_PLACEMENT_3D ( 'NONE', #4217, #4190, #108 ) ;
#4142 = FACE_OUTER_BOUND ( 'NONE', #1918, .T. ) ;
#4143 = EDGE_CURVE ( 'NONE', #1357, #5047, #954, .T. ) ;
#4144 = ORIENTED_EDGE ( 'NONE', *, *, #1149, .T. ) ;
#4145 = CARTESIAN_POINT ( 'NONE',  ( -19.84041802259992693, -5.756286984505490700, 21.51303988679037360 ) ) ;
#4146 = CARTESIAN_POINT ( 'NONE',  ( -1.999999999999993117, -40.00000000000002132, 16.99999999999998934 ) ) ;
#4147 = DIRECTION ( 'NONE',  ( 0.9510206761615280779, -0.3091272772067679142, 0.000000000000000000 ) ) ;
#4148 = PLANE ( 'NONE',  #5561 ) ;
#4149 = CARTESIAN_POINT ( 'NONE',  ( -64.07242186742796264, -39.33291890751485909, 17.66708109248516223 ) ) ;
#4150 = ORIENTED_EDGE ( 'NONE', *, *, #3188, .T. ) ;
#4151 = ORIENTED_EDGE ( 'NONE', *, *, #761, .T. ) ;
#4152 = DIRECTION ( 'NONE',  ( -0.000000000000000000, -0.000000000000000000, -1.000000000000000000 ) ) ;
#4153 = CARTESIAN_POINT ( 'NONE',  ( -11.02760127848640437, -33.76101557123541852, 13.40000000000001812 ) ) ;
#4154 = DIRECTION ( 'NONE',  ( 0.7038423569660811063, -0.7038423569660838819, 0.09597850322264540879 ) ) ;
#4155 = CARTESIAN_POINT ( 'NONE',  ( -3.452472409082838478, -29.56101557123542278, 21.99999999999998224 ) ) ;
#4156 = CARTESIAN_POINT ( 'NONE',  ( -70.00000000000000000, -38.00000000000002132, 18.00000000000000000 ) ) ;
#4157 = EDGE_LOOP ( 'NONE', ( #2108, #3452, #3331, #1122 ) ) ;
#4158 = AXIS2_PLACEMENT_3D ( 'NONE', #2299, #4133, #5506 ) ;
#4159 = ORIENTED_EDGE ( 'NONE', *, *, #1861, .F. ) ;
#4160 = EDGE_CURVE ( 'NONE', #5183, #1363, #5531, .T. ) ;
#4161 = CARTESIAN_POINT ( 'NONE',  ( -35.00000000000000000, -25.60311589323426062, 1.071884106765687905 ) ) ;
#4162 = CYLINDRICAL_SURFACE ( 'NONE', #3414, 3.200000000000003286 ) ;
#4163 = ORIENTED_EDGE ( 'NONE', *, *, #1591, .F. ) ;
#4164 = CARTESIAN_POINT ( 'NONE',  ( -38.59428639541690131, -41.57460449163507832, 14.21269775418247328 ) ) ;
#4165 = ORIENTED_EDGE ( 'NONE', *, *, #3183, .T. ) ;
#4166 = AXIS2_PLACEMENT_3D ( 'NONE', #3622, #4006, #2633 ) ;
#4167 = VECTOR ( 'NONE', #2505, 1000.000000000000227 ) ;
#4168 = EDGE_CURVE ( 'NONE', #1197, #4686, #5782, .T. ) ;
#4169 = VECTOR ( 'NONE', #5398, 1000.000000000000000 ) ;
#4170 = CARTESIAN_POINT ( 'NONE',  ( -26.52695622588538882, -15.31534531779635344, 0.000000000000000000 ) ) ;
#4171 = ORIENTED_EDGE ( 'NONE', *, *, #4348, .T. ) ;
#4172 = CARTESIAN_POINT ( 'NONE',  ( -8.602730147889973367, -29.56101557123541568, 15.00000000000000000 ) ) ;
#4173 = CIRCLE ( 'NONE', #5789, 1.625000000000001332 ) ;
#4174 = ORIENTED_EDGE ( 'NONE', *, *, #3469, .F. ) ;
#4175 = EDGE_CURVE ( 'NONE', #141, #4556, #3427, .T. ) ;
#4176 = CARTESIAN_POINT ( 'NONE',  ( -3.369414888816734344, -7.525733215346136262, 7.999999999999998224 ) ) ;
#4177 = EDGE_CURVE ( 'NONE', #3817, #2876, #1512, .T. ) ;
#4178 = VECTOR ( 'NONE', #2996, 1000.000000000000000 ) ;
#4179 = ADVANCED_FACE ( 'NONE', ( #2522 ), #2377, .T. ) ;
#4180 = ORIENTED_EDGE ( 'NONE', *, *, #146, .T. ) ;
#4181 = FACE_OUTER_BOUND ( 'NONE', #3858, .T. ) ;
#4182 = CARTESIAN_POINT ( 'NONE',  ( 4.583730756616614131E-15, 2.864886795266679442, 14.28189710468294749 ) ) ;
#4183 = CARTESIAN_POINT ( 'NONE',  ( -19.25234283409609759, -11.11534531779634705, 13.40000000000001812 ) ) ;
#4184 = CIRCLE ( 'NONE', #4466, 1.624999999999999778 ) ;
#4185 = FACE_OUTER_BOUND ( 'NONE', #442, .T. ) ;
#4186 = ORIENTED_EDGE ( 'NONE', *, *, #790, .F. ) ;
#4187 = AXIS2_PLACEMENT_3D ( 'NONE', #1228, #2498, #221 ) ;
#4188 = ORIENTED_EDGE ( 'NONE', *, *, #545, .T. ) ;
#4189 = LINE ( 'NONE', #79, #2210 ) ;
#4190 = DIRECTION ( 'NONE',  ( 0.000000000000000000, 0.000000000000000000, 1.000000000000000000 ) ) ;
#4191 = LINE ( 'NONE', #1844, #2441 ) ;
#4192 = CYLINDRICAL_SURFACE ( 'NONE', #270, 7.999999999999992895 ) ;
#4193 = DIRECTION ( 'NONE',  ( 0.4999999999999996669, -0.8660254037844388186, 0.000000000000000000 ) ) ;
#4194 = ORIENTED_EDGE ( 'NONE', *, *, #1298, .T. ) ;
#4195 = ORIENTED_EDGE ( 'NONE', *, *, #3588, .T. ) ;
#4196 = PLANE ( 'NONE',  #5179 ) ;
#4197 = CARTESIAN_POINT ( 'NONE',  ( -56.54752759091716285, -29.56101557123542278, 11.99999999999999822 ) ) ;
#4198 = DIRECTION ( 'NONE',  ( 0.000000000000000000, 1.000000000000000000, 0.000000000000000000 ) ) ;
#4199 = CARTESIAN_POINT ( 'NONE',  ( -8.685496432816080414, -40.00000000000000711, 18.54372119576766309 ) ) ;
#4200 = ORIENTED_EDGE ( 'NONE', *, *, #2013, .F. ) ;
#4201 = EDGE_CURVE ( 'NONE', #3773, #924, #4032, .T. ) ;
#4202 = CIRCLE ( 'NONE', #5908, 3.200000000000003286 ) ;
#4203 = DIRECTION ( 'NONE',  ( 0.000000000000000000, -0.9908301680442994641, 0.1351132047333093722 ) ) ;
#4204 = EDGE_LOOP ( 'NONE', ( #3724, #5285, #1136, #1404, #3653, #1589 ) ) ;
#4205 = DIRECTION ( 'NONE',  ( -1.506754595348573503E-17, 0.1351132047333101771, 0.9908301680442994641 ) ) ;
#4206 = VERTEX_POINT ( 'NONE', #3654 ) ;
#4207 = AXIS2_PLACEMENT_3D ( 'NONE', #839, #4915, #1255 ) ;
#4208 = FACE_OUTER_BOUND ( 'NONE', #3766, .T. ) ;
#4209 =( BOUNDED_CURVE ( )  B_SPLINE_CURVE ( 3, ( #4072, #2823, #2762, #474 ),
 .UNSPECIFIED., .F., .T. ) 
 B_SPLINE_CURVE_WITH_KNOTS ( ( 4, 4 ),
 ( 5.413187716407362515, 7.853981633974482790 ),
 .UNSPECIFIED. ) 
 CURVE ( )  GEOMETRIC_REPRESENTATION_ITEM ( )  RATIONAL_B_SPLINE_CURVE ( ( 1.000000000000000000, 0.5621819570083350648, 0.5621819570083350648, 1.000000000000000000 ) ) 
 REPRESENTATION_ITEM ( '' )  );
#4210 = ORIENTED_EDGE ( 'NONE', *, *, #2826, .F. ) ;
#4211 = CARTESIAN_POINT ( 'NONE',  ( -41.71928639541690842, -35.32460449163507832, 0.000000000000000000 ) ) ;
#4212 = EDGE_CURVE ( 'NONE', #5117, #3274, #5147, .T. ) ;
#4213 = VERTEX_POINT ( 'NONE', #2265 ) ;
#4214 = EDGE_CURVE ( 'NONE', #2866, #1652, #1395, .T. ) ;
#4215 = EDGE_CURVE ( 'NONE', #3887, #2824, #3237, .T. ) ;
#4216 = ORIENTED_EDGE ( 'NONE', *, *, #3156, .T. ) ;
#4217 = CARTESIAN_POINT ( 'NONE',  ( -66.63058511118330784, -7.525733215346147809, 7.999999999999998224 ) ) ;
#4218 = DIRECTION ( 'NONE',  ( 1.506754595348573195E-17, -0.1351132047333101216, -0.9908301680442994641 ) ) ;
#4219 = CARTESIAN_POINT ( 'NONE',  ( -41.71928639541690842, -35.32460449163507832, 7.999999999999998224 ) ) ;
#4220 = CARTESIAN_POINT ( 'NONE',  ( -50.15958197740008018, -0.7030531274794968866, 9.722160887063225232 ) ) ;
#4221 = EDGE_LOOP ( 'NONE', ( #5478, #1664, #5553, #181, #2392, #698 ) ) ;
#4222 = EDGE_LOOP ( 'NONE', ( #2659, #947, #3770, #621 ) ) ;
#4223 = DIRECTION ( 'NONE',  ( -0.000000000000000000, 0.000000000000000000, 1.000000000000000000 ) ) ;
#4224 = CARTESIAN_POINT ( 'NONE',  ( -50.15958197740008018, -6.090811074892664934, -4.623980307969076442 ) ) ;
#4225 = PLANE ( 'NONE',  #1961 ) ;
#4226 = DIRECTION ( 'NONE',  ( -0.4999999999999999445, 0.8660254037844385966, 0.000000000000000000 ) ) ;
#4227 = ORIENTED_EDGE ( 'NONE', *, *, #2191, .F. ) ;
#4228 = AXIS2_PLACEMENT_3D ( 'NONE', #2345, #3931, #743 ) ;
#4229 = CARTESIAN_POINT ( 'NONE',  ( -33.22600653080932176, 19.18304381465899766, 15.00000000000000000 ) ) ;
#4230 = ORIENTED_EDGE ( 'NONE', *, *, #2895, .T. ) ;
#4231 = FACE_OUTER_BOUND ( 'NONE', #5687, .T. ) ;
#4232 = AXIS2_PLACEMENT_3D ( 'NONE', #5741, #763, #1632 ) ;
#4233 = ORIENTED_EDGE ( 'NONE', *, *, #180, .T. ) ;
#4234 = CARTESIAN_POINT ( 'NONE',  ( -57.56655457456159297, 4.488933186044239854, 1.692773980113302823 ) ) ;
#4235 = ORIENTED_EDGE ( 'NONE', *, *, #3396, .T. ) ;
#4236 = CARTESIAN_POINT ( 'NONE',  ( -0.2694148888167345879, -7.525733215346136262, 15.97070807510334767 ) ) ;
#4237 = CYLINDRICAL_SURFACE ( 'NONE', #4952, 8.000000000000000000 ) ;
#4238 = CARTESIAN_POINT ( 'NONE',  ( -64.54752759091715575, -29.56101557123542278, 10.59999999999998899 ) ) ;
#4239 = ORIENTED_EDGE ( 'NONE', *, *, #2932, .T. ) ;
#4240 = EDGE_CURVE ( 'NONE', #3031, #5074, #2292, .T. ) ;
#4241 = EDGE_LOOP ( 'NONE', ( #4562, #2970, #2407, #4788 ) ) ;
#4242 = CARTESIAN_POINT ( 'NONE',  ( -0.2694148888167323674, -15.95727432898450004, 17.12046368150855002 ) ) ;
#4243 = DIRECTION ( 'NONE',  ( 0.000000000000000000, 0.000000000000000000, -1.000000000000000000 ) ) ;
#4244 = ADVANCED_FACE ( 'NONE', ( #4098 ), #4600, .F. ) ;
#4245 = CARTESIAN_POINT ( 'NONE',  ( -32.73564269446043795, -18.63688944035106587, 1.071884106765683464 ) ) ;
#4246 = ORIENTED_EDGE ( 'NONE', *, *, #1348, .T. ) ;
#4247 = EDGE_CURVE ( 'NONE', #4324, #979, #22, .T. ) ;
#4248 = VECTOR ( 'NONE', #5188, 1000.000000000000000 ) ;
#4249 = ORIENTED_EDGE ( 'NONE', *, *, #2675, .F. ) ;
#4250 = LINE ( 'NONE', #1398, #304 ) ;
#4251 = CARTESIAN_POINT ( 'NONE',  ( -31.40571360458310224, -34.86497038495777900, 17.56751480752110695 ) ) ;
#4252 = CARTESIAN_POINT ( 'NONE',  ( -41.33897392934084536, -29.27367913654407516, 1.071884106749846355 ) ) ;
#4253 = CARTESIAN_POINT ( 'NONE',  ( -0.000000000000000000, -25.36101557123541639, 15.00000000000000000 ) ) ;
#4254 = ORIENTED_EDGE ( 'NONE', *, *, #3585, .T. ) ;
#4255 = CARTESIAN_POINT ( 'NONE',  ( -3.369414888816734344, -7.525733215346136262, 0.000000000000000000 ) ) ;
#4256 = ORIENTED_EDGE ( 'NONE', *, *, #3630, .T. ) ;
#4257 = DIRECTION ( 'NONE',  ( 0.000000000000000000, 0.000000000000000000, -1.000000000000000000 ) ) ;
#4258 = ORIENTED_EDGE ( 'NONE', *, *, #1201, .T. ) ;
#4259 = CIRCLE ( 'NONE', #804, 1.625000000000000444 ) ;
#4260 = CARTESIAN_POINT ( 'NONE',  ( -50.15958197740008018, -14.67375849690414213, 22.72905872939015381 ) ) ;
#4261 = CLOSED_SHELL ( 'NONE', ( #5300, #2125, #1440, #1121, #4861, #3915, #1273, #3449, #5141, #2293, #5694, #980, #71, #5703, #3071, #4717, #5152, #1709, #4179, #5046, #2530, #3478, #4640, #1859, #3777, #4760, #5342, #1161, #4377, #2479, #2819, #429, #2382, #505, #5868, #953, #2564, #2964, #3621, #3879, #4830, #2939, #2563, #2222, #5814, #1305, #669, #5665, #936, #679, #2331, #1810, #4387, #4939, #222, #2266, #1516, #5559, #4650, #4964, #2446, #3411, #1973, #250, #4397, #2598, #4356, #4269, #828, #5835, #975, #2044, #830, #2595, #1130, #5334, #1564, #3745, #969, #3222, #1559, #2871, #1307, #5233, #3738, #4136, #3150, #1734, #5266, #1028, #3548, #2487, #3138, #2853, #2791, #5187, #4244, #717, #5377, #2050, #4563, #4601, #5012, #818, #279, #5112, #317, #1571, #3378, #2089, #2257, #3301, #4996, #2531, #4351, #2339, #1256, #216, #4421, #3008, #30, #3994, #3812, #1625, #254, #3949, #687, #3515, #3118, #946, #2197, #2786, #4907, #1698, #2366, #2707, #2711, #1749, #2523, #5476, #5708, #3760, #1931, #1783, #3210, #3781, #5229, #3921, #5301, #1864, #3371, #867, #5563, #4024, #1529, #2075, #614, #382, #5918, #2455, #2968, #3045, #468, #2785, #4941, #5185, #1225, #1342, #3771, #5881, #5191, #636, #4386, #2990, #2093, #5449, #2781, #4529, #4433, #5395, #170, #5631, #179, #5564, #4394, #706, #4885, #870, #2510, #3649, #3918, #2375 ) ) ;
#4262 = VECTOR ( 'NONE', #2752, 1000.000000000000000 ) ;
#4263 = EDGE_LOOP ( 'NONE', ( #2438, #2565 ) ) ;
#4264 = DIRECTION ( 'NONE',  ( 0.000000000000000000, 0.000000000000000000, -1.000000000000000000 ) ) ;
#4265 = DIRECTION ( 'NONE',  ( 0.000000000000000000, 0.9908301680442993531, -0.1351132047333096220 ) ) ;
#4266 = CARTESIAN_POINT ( 'NONE',  ( -13.45247240908284425, -29.56101557123542278, 20.00000000000000355 ) ) ;
#4267 = VERTEX_POINT ( 'NONE', #5809 ) ;
#4268 = AXIS2_PLACEMENT_3D ( 'NONE', #1043, #2855, #1459 ) ;
#4269 = ADVANCED_FACE ( 'NONE', ( #1706 ), #3542, .F. ) ;
#4270 = ORIENTED_EDGE ( 'NONE', *, *, #4920, .T. ) ;
#4271 = VECTOR ( 'NONE', #1033, 1000.000000000000227 ) ;
#4272 = DIRECTION ( 'NONE',  ( -0.000000000000000000, -0.000000000000000000, 1.000000000000000000 ) ) ;
#4273 = CARTESIAN_POINT ( 'NONE',  ( -50.15958197740008018, -5.756286984505488924, 21.51303988679037005 ) ) ;
#4274 = CARTESIAN_POINT ( 'NONE',  ( 0.000000000000000000, 0.000000000000000000, 15.00000000000000000 ) ) ;
#4275 = EDGE_LOOP ( 'NONE', ( #3889, #3572, #4195, #548 ) ) ;
#4276 = VECTOR ( 'NONE', #4474, 1000.000000000000000 ) ;
#4277 = EDGE_CURVE ( 'NONE', #855, #1197, #5499, .T. ) ;
#4278 = ORIENTED_EDGE ( 'NONE', *, *, #3405, .T. ) ;
#4279 = LINE ( 'NONE', #3717, #212 ) ;
#4280 = EDGE_CURVE ( 'NONE', #2733, #1570, #4913, .T. ) ;
#4281 = CARTESIAN_POINT ( 'NONE',  ( -11.02760127848640437, -25.36101557123541284, 0.000000000000000000 ) ) ;
#4282 = CARTESIAN_POINT ( 'NONE',  ( -58.82659697716655955, -33.96355160027670195, 0.000000000000000000 ) ) ;
#4283 = CARTESIAN_POINT ( 'NONE',  ( -66.63058511118330784, -7.525733215346147809, 23.00000000000000000 ) ) ;
#4284 = FACE_OUTER_BOUND ( 'NONE', #588, .T. ) ;
#4285 = VERTEX_POINT ( 'NONE', #5917 ) ;
#4286 = EDGE_CURVE ( 'NONE', #5424, #3458, #3203, .T. ) ;
#4287 = ORIENTED_EDGE ( 'NONE', *, *, #3577, .F. ) ;
#4288 = CARTESIAN_POINT ( 'NONE',  ( -66.54752759091716996, -29.56101557123542278, 22.00000000000000000 ) ) ;
#4289 = VECTOR ( 'NONE', #3574, 1000.000000000000000 ) ;
#4290 = FACE_OUTER_BOUND ( 'NONE', #3355, .T. ) ;
#4291 = VERTEX_POINT ( 'NONE', #4681 ) ;
#4292 = CARTESIAN_POINT ( 'NONE',  ( -22.28009379551981795, -10.99017570124901155, 14.15271441682828346 ) ) ;
#4293 = AXIS2_PLACEMENT_3D ( 'NONE', #101, #3311, #1926 ) ;
#4294 = CARTESIAN_POINT ( 'NONE',  ( -5.704724084826865216, -40.00000000000002132, 16.99999999999998934 ) ) ;
#4295 = CIRCLE ( 'NONE', #2767, 3.125000000000002665 ) ;
#4296 = ORIENTED_EDGE ( 'NONE', *, *, #2117, .T. ) ;
#4297 = CARTESIAN_POINT ( 'NONE',  ( -50.15958197740008018, 0.4949506211558455937, 8.145840165174590197 ) ) ;
#4298 = CARTESIAN_POINT ( 'NONE',  ( -69.00000000000000000, -13.95830632407453642, 17.58522358964645704 ) ) ;
#4299 = PLANE ( 'NONE',  #1780 ) ;
#4300 = EDGE_LOOP ( 'NONE', ( #884, #3216, #5675, #2279 ) ) ;
#4301 = DIRECTION ( 'NONE',  ( -0.7071067811865439090, 0.7071067811865512365, -0.000000000000000000 ) ) ;
#4302 = CARTESIAN_POINT ( 'NONE',  ( -16.68563391654475581, -35.16101557123543841, 11.99999999999999822 ) ) ;
#4303 = PLANE ( 'NONE',  #4546 ) ;
#4304 = EDGE_LOOP ( 'NONE', ( #3980, #2800, #97, #5429 ) ) ;
#4305 = VECTOR ( 'NONE', #1616, 1000.000000000000114 ) ;
#4306 = EDGE_CURVE ( 'NONE', #3406, #895, #3910, .T. ) ;
#4307 = ORIENTED_EDGE ( 'NONE', *, *, #5089, .F. ) ;
#4308 = DIRECTION ( 'NONE',  ( 0.000000000000000000, -0.000000000000000000, -1.000000000000000000 ) ) ;
#4309 = CARTESIAN_POINT ( 'NONE',  ( -19.84041802259992693, -14.67375849690416167, 22.72905872939016092 ) ) ;
#4310 = PLANE ( 'NONE',  #2352 ) ;
#4311 = CARTESIAN_POINT ( 'NONE',  ( -13.45247240908284425, -29.56101557123542278, 18.00000000000000000 ) ) ;
#4312 = CYLINDRICAL_SURFACE ( 'NONE', #5494, 10.00000000000000888 ) ;
#4313 = ORIENTED_EDGE ( 'NONE', *, *, #4280, .T. ) ;
#4314 = EDGE_CURVE ( 'NONE', #2852, #167, #1990, .T. ) ;
#4315 = CARTESIAN_POINT ( 'NONE',  ( -5.452472409082842475, -29.56101557123542278, 18.00000000000000000 ) ) ;
#4316 = CYLINDRICAL_SURFACE ( 'NONE', #1011, 8.000000000000001776 ) ;
#4317 = VECTOR ( 'NONE', #3524, 1000.000000000000000 ) ;
#4318 = ORIENTED_EDGE ( 'NONE', *, *, #1599, .T. ) ;
#4319 = CARTESIAN_POINT ( 'NONE',  ( -27.67500000000000426, -26.89960785784580466, 3.634482533950853966 ) ) ;
#4320 = CARTESIAN_POINT ( 'NONE',  ( -52.25354523182405586, 4.999999999999985789, 15.36605834270687510 ) ) ;
#4321 = CIRCLE ( 'NONE', #3753, 3.125000000000002665 ) ;
#4322 = EDGE_CURVE ( 'NONE', #1224, #3115, #5547, .T. ) ;
#4323 = EDGE_CURVE ( 'NONE', #5356, #1700, #1057, .T. ) ;
#4324 = VERTEX_POINT ( 'NONE', #2873 ) ;
#4325 = DIRECTION ( 'NONE',  ( 1.506754595348573503E-17, -0.1351132047333101494, -0.9908301680442994641 ) ) ;
#4326 = DIRECTION ( 'NONE',  ( 1.506754595348573503E-17, -0.1351132047333101494, -0.9908301680442994641 ) ) ;
#4327 = DIRECTION ( 'NONE',  ( -7.009341333409683757E-17, 0.7071067811865451302, -0.7071067811865500152 ) ) ;
#4328 = VECTOR ( 'NONE', #1479, 1000.000000000000114 ) ;
#4329 = ORIENTED_EDGE ( 'NONE', *, *, #4468, .F. ) ;
#4330 = DIRECTION ( 'NONE',  ( 1.000000000000000000, 0.000000000000000000, 0.000000000000000000 ) ) ;
#4331 = LINE ( 'NONE', #2534, #4545 ) ;
#4332 = CARTESIAN_POINT ( 'NONE',  ( -69.73058511118331637, -15.95727432898451070, 17.12046368150850739 ) ) ;
#4333 = ORIENTED_EDGE ( 'NONE', *, *, #1904, .T. ) ;
#4334 = ORIENTED_EDGE ( 'NONE', *, *, #1494, .F. ) ;
#4335 = PLANE ( 'NONE',  #5462 ) ;
#4336 = CARTESIAN_POINT ( 'NONE',  ( -6.288785227606261685, -17.00000000000056843, 18.00000000000000000 ) ) ;
#4337 = DIRECTION ( 'NONE',  ( -0.8660254037844388186, -0.4999999999999996114, 0.000000000000000000 ) ) ;
#4338 = CARTESIAN_POINT ( 'NONE',  ( -52.57001935126675818, -11.19008970153021565, 12.56516790332669409 ) ) ;
#4339 = DIRECTION ( 'NONE',  ( -0.000000000000000000, -0.000000000000000000, 1.000000000000000000 ) ) ;
#4340 = EDGE_LOOP ( 'NONE', ( #1372, #1345, #1552, #1061 ) ) ;
#4341 = EDGE_CURVE ( 'NONE', #2140, #560, #514, .T. ) ;
#4342 = VERTEX_POINT ( 'NONE', #4236 ) ;
#4343 = FACE_BOUND ( 'NONE', #388, .T. ) ;
#4344 = CARTESIAN_POINT ( 'NONE',  ( -69.73058511118331637, -15.95727432898451070, 17.12046368150850739 ) ) ;
#4345 = ORIENTED_EDGE ( 'NONE', *, *, #2321, .T. ) ;
#4346 = DIRECTION ( 'NONE',  ( 1.000000000000000000, 0.000000000000000000, 0.000000000000000000 ) ) ;
#4347 = DIRECTION ( 'NONE',  ( 0.000000000000000000, -0.9908301680442994641, 0.1351132047333100383 ) ) ;
#4348 = EDGE_CURVE ( 'NONE', #2305, #395, #70, .T. ) ;
#4349 = ORIENTED_EDGE ( 'NONE', *, *, #3341, .T. ) ;
#4350 = DIRECTION ( 'NONE',  ( -0.4999999999999998335, -0.8580840963623675988, 0.1170114676857744035 ) ) ;
#4351 = ADVANCED_FACE ( 'NONE', ( #130, #1955 ), #3792, .F. ) ;
#4352 = PLANE ( 'NONE',  #3634 ) ;
#4353 = CARTESIAN_POINT ( 'NONE',  ( 4.336808689942017736E-15, 4.999999999999989342, 13.83138929941186035 ) ) ;
#4354 = VECTOR ( 'NONE', #5409, 1000.000000000000114 ) ;
#4355 = CIRCLE ( 'NONE', #4829, 6.600000000000029843 ) ;
#4356 = ADVANCED_FACE ( 'NONE', ( #5517, #5612, #1503, #3344, #4652, #1896, #5158, #1866, #995, #3731 ), #2896, .T. ) ;
#4357 = ORIENTED_EDGE ( 'NONE', *, *, #4323, .T. ) ;
#4358 = VECTOR ( 'NONE', #285, 1000.000000000000227 ) ;
#4359 = FACE_OUTER_BOUND ( 'NONE', #914, .T. ) ;
#4360 = DIRECTION ( 'NONE',  ( -1.000000000000000000, -1.115179377413661316E-16, 0.000000000000000000 ) ) ;
#4361 = CIRCLE ( 'NONE', #3605, 6.824999999999997513 ) ;
#4362 = CARTESIAN_POINT ( 'NONE',  ( -69.47677501133102851, -14.52343683526266815, 17.18109942206869789 ) ) ;
#4363 = EDGE_LOOP ( 'NONE', ( #2654, #4959, #5228, #4416 ) ) ;
#4364 = ORIENTED_EDGE ( 'NONE', *, *, #3105, .F. ) ;
#4365 = DIRECTION ( 'NONE',  ( -0.4999999999999997780, -0.8660254037844388186, 0.000000000000000000 ) ) ;
#4366 = LINE ( 'NONE', #2095, #5092 ) ;
#4367 = FACE_OUTER_BOUND ( 'NONE', #2175, .T. ) ;
#4368 = PLANE ( 'NONE',  #4889 ) ;
#4369 = CARTESIAN_POINT ( 'NONE',  ( -4.727922061357865857, -33.41421356237317752, 23.58578643762679405 ) ) ;
#4370 = ORIENTED_EDGE ( 'NONE', *, *, #2826, .T. ) ;
#4371 = VECTOR ( 'NONE', #967, 999.9999999999998863 ) ;
#4372 = ORIENTED_EDGE ( 'NONE', *, *, #1714, .F. ) ;
#4373 = CARTESIAN_POINT ( 'NONE',  ( -69.00000000000000000, -37.58578643762692195, 18.00000000000000000 ) ) ;
#4374 = CARTESIAN_POINT ( 'NONE',  ( -51.72665284318377132, -29.56101557123542278, 15.00000000000000000 ) ) ;
#4375 = ORIENTED_EDGE ( 'NONE', *, *, #2019, .F. ) ;
#4376 = DIRECTION ( 'NONE',  ( 0.000000000000000000, 0.000000000000000000, 1.000000000000000000 ) ) ;
#4377 = ADVANCED_FACE ( 'NONE', ( #158 ), #3821, .T. ) ;
#4378 = LINE ( 'NONE', #5754, #1124 ) ;
#4379 = CIRCLE ( 'NONE', #5902, 7.324999999999998401 ) ;
#4380 = CIRCLE ( 'NONE', #1989, 1.625000000000001332 ) ;
#4381 = ORIENTED_EDGE ( 'NONE', *, *, #4900, .T. ) ;
#4382 = CARTESIAN_POINT ( 'NONE',  ( -13.45247240908284425, -29.56101557123542278, 10.59999999999998543 ) ) ;
#4383 = CARTESIAN_POINT ( 'NONE',  ( -61.36840233865054017, -29.56101557123543699, 0.000000000000000000 ) ) ;
#4384 =( BOUNDED_CURVE ( )  B_SPLINE_CURVE ( 3, ( #3134, #1323, #4833, #4919 ),
 .UNSPECIFIED., .F., .T. ) 
 B_SPLINE_CURVE_WITH_KNOTS ( ( 4, 4 ),
 ( 4.712388980384689674, 7.153182897951825936 ),
 .UNSPECIFIED. ) 
 CURVE ( )  GEOMETRIC_REPRESENTATION_ITEM ( )  RATIONAL_B_SPLINE_CURVE ( ( 1.000000000000000000, 0.5621819570083301798, 0.5621819570083301798, 1.000000000000000000 ) ) 
 REPRESENTATION_ITEM ( '' )  );
#4385 = VECTOR ( 'NONE', #3989, 1000.000000000000000 ) ;
#4386 = ADVANCED_FACE ( 'NONE', ( #3250 ), #482, .F. ) ;
#4387 = ADVANCED_FACE ( 'NONE', ( #2380 ), #2311, .F. ) ;
#4388 = VERTEX_POINT ( 'NONE', #2343 ) ;
#4389 = CARTESIAN_POINT ( 'NONE',  ( -35.00000000000000000, -25.60311589323426062, 0.000000000000000000 ) ) ;
#4390 = CARTESIAN_POINT ( 'NONE',  ( -0.04544773198428967570, -11.28409304016865455, 12.57798654041372366 ) ) ;
#4391 = LINE ( 'NONE', #3916, #2258 ) ;
#4392 = ORIENTED_EDGE ( 'NONE', *, *, #582, .T. ) ;
#4393 = CIRCLE ( 'NONE', #5915, 8.000000000000001776 ) ;
#4394 = ADVANCED_FACE ( 'NONE', ( #4181 ), #5098, .F. ) ;
#4395 = EDGE_LOOP ( 'NONE', ( #5783, #1394, #1092, #4566, #4057, #788 ) ) ;
#4396 =( BOUNDED_CURVE ( )  B_SPLINE_CURVE ( 3, ( #2038, #3453, #4435, #1641 ),
 .UNSPECIFIED., .F., .T. ) 
 B_SPLINE_CURVE_WITH_KNOTS ( ( 4, 4 ),
 ( 1.265585721889509907, 1.731086591650751405 ),
 .UNSPECIFIED. ) 
 CURVE ( )  GEOMETRIC_REPRESENTATION_ITEM ( )  RATIONAL_B_SPLINE_CURVE ( ( 1.000000000000000000, 0.9820237837499791178, 0.9820237837499791178, 1.000000000000000000 ) ) 
 REPRESENTATION_ITEM ( '' )  );
#4397 = ADVANCED_FACE ( 'NONE', ( #5579 ), #2558, .F. ) ;
#4398 = DIRECTION ( 'NONE',  ( -0.000000000000000000, 0.000000000000000000, 1.000000000000000000 ) ) ;
#4399 = LINE ( 'NONE', #4309, #1736 ) ;
#4400 = FACE_OUTER_BOUND ( 'NONE', #1168, .T. ) ;
#4401 = DIRECTION ( 'NONE',  ( 0.4999999999999996114, -0.8580840963623677098, 0.1170114676857744451 ) ) ;
#4402 = AXIS2_PLACEMENT_3D ( 'NONE', #2401, #1948, #1889 ) ;
#4403 = CARTESIAN_POINT ( 'NONE',  ( -14.99070595205717993, -6.854148063956567505, 13.58871064810660023 ) ) ;
#4404 = ORIENTED_EDGE ( 'NONE', *, *, #4501, .T. ) ;
#4405 = ORIENTED_EDGE ( 'NONE', *, *, #5523, .F. ) ;
#4406 = FACE_OUTER_BOUND ( 'NONE', #5574, .T. ) ;
#4407 = LINE ( 'NONE', #3393, #5696 ) ;
#4408 = ORIENTED_EDGE ( 'NONE', *, *, #4528, .F. ) ;
#4409 = DIRECTION ( 'NONE',  ( -1.145877568808327033E-16, 0.9908301680442993531, -0.1351132047333101216 ) ) ;
#4410 = CARTESIAN_POINT ( 'NONE',  ( -50.15958197740008018, -16.76392090040391025, 0.000000000000000000 ) ) ;
#4411 = EDGE_LOOP ( 'NONE', ( #3213, #2677, #4817, #857, #4680, #3959 ) ) ;
#4412 = DIRECTION ( 'NONE',  ( -1.000000000000000000, -1.115179377413661316E-16, 0.000000000000000000 ) ) ;
#4413 = DIRECTION ( 'NONE',  ( -0.000000000000000000, -0.1351132047333106490, -0.9908301680442994641 ) ) ;
#4414 = CONICAL_SURFACE ( 'NONE', #1728, 3.396884106765724276, 0.7853981633974430610 ) ;
#4415 = CARTESIAN_POINT ( 'NONE',  ( -33.22600653080932176, 19.18304381465899766, 0.000000000000000000 ) ) ;
#4416 = ORIENTED_EDGE ( 'NONE', *, *, #3874, .F. ) ;
#4417 = CARTESIAN_POINT ( 'NONE',  ( 3.370319896183510194E-15, -34.00000000000000000, 18.00000000000000000 ) ) ;
#4418 = CARTESIAN_POINT ( 'NONE',  ( -3.369414888816734344, -7.525733215346136262, 0.000000000000000000 ) ) ;
#4419 = CIRCLE ( 'NONE', #1639, 7.124999999999985789 ) ;
#4420 = DIRECTION ( 'NONE',  ( -1.000000000000000000, -1.115179377413661316E-16, 0.000000000000000000 ) ) ;
#4421 = ADVANCED_FACE ( 'NONE', ( #306 ), #748, .F. ) ;
#4422 = EDGE_LOOP ( 'NONE', ( #5681, #3748 ) ) ;
#4423 = VERTEX_POINT ( 'NONE', #5698 ) ;
#4424 = FACE_OUTER_BOUND ( 'NONE', #599, .T. ) ;
#4425 = EDGE_CURVE ( 'NONE', #4526, #223, #1590, .T. ) ;
#4426 = CARTESIAN_POINT ( 'NONE',  ( -24.69013009314267748, -6.820237180787363407, 13.58408643676534489 ) ) ;
#4427 = VECTOR ( 'NONE', #4301, 999.9999999999998863 ) ;
#4428 = LINE ( 'NONE', #3144, #3877 ) ;
#4429 = FACE_OUTER_BOUND ( 'NONE', #1595, .T. ) ;
#4430 = EDGE_CURVE ( 'NONE', #1707, #4465, #2979, .T. ) ;
#4431 = CYLINDRICAL_SURFACE ( 'NONE', #3786, 8.000000000000000000 ) ;
#4432 = ORIENTED_EDGE ( 'NONE', *, *, #3804, .F. ) ;
#4433 = ADVANCED_FACE ( 'NONE', ( #1112 ), #86, .F. ) ;
#4434 = ORIENTED_EDGE ( 'NONE', *, *, #98, .F. ) ;
#4435 = CARTESIAN_POINT ( 'NONE',  ( -45.11649757136010663, -36.01579285677892273, 16.99210357161054219 ) ) ;
#4436 = FACE_OUTER_BOUND ( 'NONE', #5291, .T. ) ;
#4437 = ORIENTED_EDGE ( 'NONE', *, *, #3228, .F. ) ;
#4438 = CARTESIAN_POINT ( 'NONE',  ( -15.87734353967926459, -25.36101557123541639, 0.000000000000000000 ) ) ;
#4439 = CARTESIAN_POINT ( 'NONE',  ( -42.32500000000000284, -25.60311589323426062, 0.000000000000000000 ) ) ;
#4440 = ORIENTED_EDGE ( 'NONE', *, *, #18, .F. ) ;
#4441 = LINE ( 'NONE', #1768, #5245 ) ;
#4442 = DIRECTION ( 'NONE',  ( 1.000000000000000000, 9.912705577010323084E-17, 0.000000000000000000 ) ) ;
#4443 = ORIENTED_EDGE ( 'NONE', *, *, #744, .T. ) ;
#4444 = PLANE ( 'NONE',  #3270 ) ;
#4445 = CARTESIAN_POINT ( 'NONE',  ( -59.76625534164933384, -23.98601557123541284, 11.99999999999999822 ) ) ;
#4446 = AXIS2_PLACEMENT_3D ( 'NONE', #1935, #2288, #4991 ) ;
#4447 = FACE_OUTER_BOUND ( 'NONE', #1397, .T. ) ;
#4448 = EDGE_LOOP ( 'NONE', ( #4458, #4030, #2618, #4434, #3566 ) ) ;
#4449 = EDGE_CURVE ( 'NONE', #707, #2427, #4737, .T. ) ;
#4450 = AXIS2_PLACEMENT_3D ( 'NONE', #727, #5283, #2684 ) ;
#4451 = ORIENTED_EDGE ( 'NONE', *, *, #4827, .F. ) ;
#4452 = VECTOR ( 'NONE', #541, 1000.000000000000000 ) ;
#4453 = DIRECTION ( 'NONE',  ( 0.000000000000000000, 0.000000000000000000, 1.000000000000000000 ) ) ;
#4454 = CARTESIAN_POINT ( 'NONE',  ( -35.00000000000000000, -25.60311589323426062, 5.000000000000000000 ) ) ;
#4455 = LINE ( 'NONE', #5352, #5788 ) ;
#4456 = DIRECTION ( 'NONE',  ( 1.000000000000000000, 0.000000000000000000, 0.000000000000000000 ) ) ;
#4457 = LINE ( 'NONE', #4008, #5591 ) ;
#4458 = ORIENTED_EDGE ( 'NONE', *, *, #5887, .F. ) ;
#4459 = CIRCLE ( 'NONE', #1873, 10.00000000000000888 ) ;
#4460 = EDGE_CURVE ( 'NONE', #5326, #930, #3965, .T. ) ;
#4461 = ORIENTED_EDGE ( 'NONE', *, *, #1936, .T. ) ;
#4462 = EDGE_CURVE ( 'NONE', #3939, #968, #3436, .T. ) ;
#4463 = DIRECTION ( 'NONE',  ( -0.000000000000000000, -0.000000000000000000, 1.000000000000000000 ) ) ;
#4464 = DIRECTION ( 'NONE',  ( -0.000000000000000000, -0.000000000000000000, 1.000000000000000000 ) ) ;
#4465 = VERTEX_POINT ( 'NONE', #5757 ) ;
#4466 = AXIS2_PLACEMENT_3D ( 'NONE', #5906, #5489, #5400 ) ;
#4467 = CYLINDRICAL_SURFACE ( 'NONE', #2055, 8.000000000000001776 ) ;
#4468 = EDGE_CURVE ( 'NONE', #3031, #1958, #2860, .T. ) ;
#4469 = DIRECTION ( 'NONE',  ( -0.7071067811865451302, 0.000000000000000000, -0.7071067811865500152 ) ) ;
#4470 = AXIS2_PLACEMENT_3D ( 'NONE', #368, #4111, #5841 ) ;
#4471 = EDGE_CURVE ( 'NONE', #1884, #595, #1226, .T. ) ;
#4472 = EDGE_LOOP ( 'NONE', ( #1306, #51, #4927, #148 ) ) ;
#4473 = CARTESIAN_POINT ( 'NONE',  ( -1.744414888816734788, -7.525733215346136262, 0.000000000000000000 ) ) ;
#4474 = DIRECTION ( 'NONE',  ( 1.000000000000000000, 0.000000000000000000, 0.000000000000000000 ) ) ;
#4475 = ORIENTED_EDGE ( 'NONE', *, *, #1333, .T. ) ;
#4476 = CARTESIAN_POINT ( 'NONE',  ( -70.30601299608942156, 2.948315497871591973, 13.96167541008985324 ) ) ;
#4477 = CARTESIAN_POINT ( 'NONE',  ( -2.414213562373105582, -39.00000000000000711, 18.00000000000000000 ) ) ;
#4478 = LINE ( 'NONE', #2714, #5893 ) ;
#4479 = VERTEX_POINT ( 'NONE', #2467 ) ;
#4480 = AXIS2_PLACEMENT_3D ( 'NONE', #4572, #3682, #467 ) ;
#4481 = ORIENTED_EDGE ( 'NONE', *, *, #1903, .F. ) ;
#4482 = VECTOR ( 'NONE', #3518, 1000.000000000000000 ) ;
#4483 = CYLINDRICAL_SURFACE ( 'NONE', #3843, 1.625000000000000444 ) ;
#4484 = FACE_OUTER_BOUND ( 'NONE', #5379, .T. ) ;
#4485 = CARTESIAN_POINT ( 'NONE',  ( -25.86904938106184559, 4.999999999999986677, 13.83138929941186035 ) ) ;
#4486 = LINE ( 'NONE', #407, #4087 ) ;
#4487 = CARTESIAN_POINT ( 'NONE',  ( -0.5232249886689921414, -6.091895721624331905, 16.03134381566352218 ) ) ;
#4488 = VERTEX_POINT ( 'NONE', #5336 ) ;
#4489 = EDGE_CURVE ( 'NONE', #5539, #502, #3459, .T. ) ;
#4490 = ORIENTED_EDGE ( 'NONE', *, *, #4980, .F. ) ;
#4491 = DIRECTION ( 'NONE',  ( -0.4999999999999960587, 0.4999999999999979461, -0.7071067811865517916 ) ) ;
#4492 = VECTOR ( 'NONE', #4102, 1000.000000000000114 ) ;
#4493 = CARTESIAN_POINT ( 'NONE',  ( 0.000000000000000000, -25.38601557123543273, 13.40000000000001812 ) ) ;
#4494 = ORIENTED_EDGE ( 'NONE', *, *, #3588, .F. ) ;
#4495 = CARTESIAN_POINT ( 'NONE',  ( -23.45247240908284780, -29.56101557123542278, 20.00000000000000355 ) ) ;
#4496 = EDGE_CURVE ( 'NONE', #3207, #1603, #251, .T. ) ;
#4497 = CARTESIAN_POINT ( 'NONE',  ( -49.28148583052417564, -40.00000000000002842, 17.29677782800525065 ) ) ;
#4498 = EDGE_LOOP ( 'NONE', ( #4138, #5157, #2985, #3175 ) ) ;
#4499 = FACE_OUTER_BOUND ( 'NONE', #2188, .T. ) ;
#4500 = EDGE_CURVE ( 'NONE', #1178, #1652, #4295, .T. ) ;
#4501 = EDGE_CURVE ( 'NONE', #2717, #3983, #1622, .T. ) ;
#4502 = CARTESIAN_POINT ( 'NONE',  ( -67.29289321881347519, -39.29289321881347519, 18.00000000000000000 ) ) ;
#4503 = EDGE_CURVE ( 'NONE', #21, #5183, #3488, .T. ) ;
#4504 = ORIENTED_EDGE ( 'NONE', *, *, #3396, .F. ) ;
#4505 = DIRECTION ( 'NONE',  ( 0.000000000000000000, 0.000000000000000000, -1.000000000000000000 ) ) ;
#4506 = DIRECTION ( 'NONE',  ( 0.000000000000000000, 0.000000000000000000, -1.000000000000000000 ) ) ;
#4507 = DIRECTION ( 'NONE',  ( -2.775557561562891351E-17, 0.1351132047333101216, 0.9908301680442994641 ) ) ;
#4508 = ORIENTED_EDGE ( 'NONE', *, *, #460, .T. ) ;
#4509 = AXIS2_PLACEMENT_3D ( 'NONE', #5048, #2318, #459 ) ;
#4510 = ORIENTED_EDGE ( 'NONE', *, *, #862, .T. ) ;
#4511 = FACE_OUTER_BOUND ( 'NONE', #2246, .T. ) ;
#4512 = FACE_OUTER_BOUND ( 'NONE', #5128, .T. ) ;
#4513 = DIRECTION ( 'NONE',  ( -0.4999999999999999445, 0.8660254037844387076, 0.000000000000000000 ) ) ;
#4514 = DIRECTION ( 'NONE',  ( 0.000000000000000000, 0.000000000000000000, -1.000000000000000000 ) ) ;
#4515 = EDGE_LOOP ( 'NONE', ( #4113, #3476, #5639, #5766 ) ) ;
#4516 = VECTOR ( 'NONE', #173, 1000.000000000000114 ) ;
#4517 = EDGE_LOOP ( 'NONE', ( #177, #4986 ) ) ;
#4518 = DIRECTION ( 'NONE',  ( 0.7038423569660812174, -0.7038423569660838819, 0.09597850322264540879 ) ) ;
#4519 = FACE_OUTER_BOUND ( 'NONE', #3926, .T. ) ;
#4520 = VERTEX_POINT ( 'NONE', #2079 ) ;
#4521 = CARTESIAN_POINT ( 'NONE',  ( -19.84041802259992693, -3.261196470430279604, 16.12652679142227896 ) ) ;
#4522 = EDGE_CURVE ( 'NONE', #4659, #530, #5216, .T. ) ;
#4523 = SURFACE_SIDE_STYLE ('',( #892 ) ) ;
#4524 = VERTEX_POINT ( 'NONE', #1198 ) ;
#4525 = CARTESIAN_POINT ( 'NONE',  ( -21.20032721907750073, -27.56834253151146896, 5.000000000000000000 ) ) ;
#4526 = VERTEX_POINT ( 'NONE', #3040 ) ;
#4527 = DIRECTION ( 'NONE',  ( -1.000000000000000000, 0.000000000000000000, 0.000000000000000000 ) ) ;
#4528 = EDGE_CURVE ( 'NONE', #1968, #2787, #4856, .T. ) ;
#4529 = ADVANCED_FACE ( 'NONE', ( #5423 ), #2219, .F. ) ;
#4530 = ORIENTED_EDGE ( 'NONE', *, *, #649, .T. ) ;
#4531 = DIRECTION ( 'NONE',  ( -1.000000000000000000, 0.000000000000000000, 0.000000000000000000 ) ) ;
#4532 = LINE ( 'NONE', #1353, #337 ) ;
#4533 = LINE ( 'NONE', #3615, #1019 ) ;
#4534 = ORIENTED_EDGE ( 'NONE', *, *, #5637, .F. ) ;
#4535 = EDGE_CURVE ( 'NONE', #4782, #1626, #1705, .T. ) ;
#4536 =( BOUNDED_CURVE ( )  B_SPLINE_CURVE ( 3, ( #2567, #783, #2225, #2172 ),
 .UNSPECIFIED., .F., .T. ) 
 B_SPLINE_CURVE_WITH_KNOTS ( ( 4, 4 ),
 ( 1.125500023495249541E-16, 1.982391152993290939 ),
 .UNSPECIFIED. ) 
 CURVE ( )  GEOMETRIC_REPRESENTATION_ITEM ( )  RATIONAL_B_SPLINE_CURVE ( ( 1.000000000000000000, 0.6984599571064313839, 0.6984599571064313839, 1.000000000000000000 ) ) 
 REPRESENTATION_ITEM ( '' )  );
#4537 = ORIENTED_EDGE ( 'NONE', *, *, #392, .T. ) ;
#4538 = DIRECTION ( 'NONE',  ( 0.000000000000000000, -0.9908301680442993531, 0.1351132047333103159 ) ) ;
#4539 = DIRECTION ( 'NONE',  ( 1.000000000000000000, 0.000000000000000000, -0.000000000000000000 ) ) ;
#4540 = CONICAL_SURFACE ( 'NONE', #1569, 7.124999999999985789, 0.7853981633974554954 ) ;
#4541 = DIRECTION ( 'NONE',  ( 0.000000000000000000, 0.000000000000000000, 1.000000000000000000 ) ) ;
#4542 = DIRECTION ( 'NONE',  ( -1.000000000000000000, 0.000000000000000000, 0.000000000000000000 ) ) ;
#4543 = DIRECTION ( 'NONE',  ( -0.5000000000000002220, 0.8580840963623674877, -0.1170114676857744035 ) ) ;
#4544 = ORIENTED_EDGE ( 'NONE', *, *, #897, .F. ) ;
#4545 = VECTOR ( 'NONE', #1146, 1000.000000000000114 ) ;
#4546 = AXIS2_PLACEMENT_3D ( 'NONE', #1995, #1540, #2960 ) ;
#4547 = EDGE_LOOP ( 'NONE', ( #364, #1340, #4370, #1802 ) ) ;
#4548 = B_SPLINE_CURVE_WITH_KNOTS ( 'NONE', 3,
 ( #2365, #2243, #1886, #4199, #4552, #5894, #5538, #444, #91, #2273, #1917, #1797, #3633, #5448, #1341, #4105, #1549, #566 ),
 .UNSPECIFIED., .F., .F.,
 ( 4, 2, 2, 2, 2, 2, 2, 2, 4 ),
 ( -0.002056507179173341915, 0.0004297058368782514376, 0.002915918852929844790, 0.005402131868981438143, 0.007888344885033031495, 0.01037455790108461617, 0.01286077091713620085, 0.01534698393318778553, 0.01783319694923937021 ),
 .UNSPECIFIED. ) ;
#4549 = DIRECTION ( 'NONE',  ( 0.5030526657966803983, 0.8563306780462930368, -0.1167723651881278635 ) ) ;
#4550 = DIRECTION ( 'NONE',  ( -0.5000000000000003331, 0.8580840963623673767, -0.1170114676857744035 ) ) ;
#4551 = VERTEX_POINT ( 'NONE', #4525 ) ;
#4552 = CARTESIAN_POINT ( 'NONE',  ( -9.459327599044012658, -40.00000000000002132, 18.84924571175084296 ) ) ;
#4553 = CARTESIAN_POINT ( 'NONE',  ( -50.39446267098472987, -40.00000000000002842, 17.88663434429900079 ) ) ;
#4554 = ORIENTED_EDGE ( 'NONE', *, *, #240, .T. ) ;
#4555 = CARTESIAN_POINT ( 'NONE',  ( -1.744414888816734788, -7.525733215346136262, 0.000000000000000000 ) ) ;
#4556 = VERTEX_POINT ( 'NONE', #448 ) ;
#4557 = DIRECTION ( 'NONE',  ( 0.000000000000000000, 0.6050832675335561239, -0.7961621941231038502 ) ) ;
#4558 = VECTOR ( 'NONE', #3850, 1000.000000000000114 ) ;
#4559 = ORIENTED_EDGE ( 'NONE', *, *, #3220, .T. ) ;
#4560 = CARTESIAN_POINT ( 'NONE',  ( -19.84041802259992693, -7.431690723198539850, 9.226745803041035643 ) ) ;
#4561 = DIRECTION ( 'NONE',  ( 0.000000000000000000, 0.000000000000000000, -1.000000000000000000 ) ) ;
#4562 = ORIENTED_EDGE ( 'NONE', *, *, #752, .F. ) ;
#4563 = ADVANCED_FACE ( 'NONE', ( #4499 ), #3, .F. ) ;
#4564 = EDGE_CURVE ( 'NONE', #1102, #613, #4960, .T. ) ;
#4565 = AXIS2_PLACEMENT_3D ( 'NONE', #5093, #2862, #125 ) ;
#4566 = ORIENTED_EDGE ( 'NONE', *, *, #4639, .F. ) ;
#4567 = LINE ( 'NONE', #2750, #3557 ) ;
#4568 = DIRECTION ( 'NONE',  ( -1.506754595348573195E-17, 0.1351132047333101494, 0.9908301680442993531 ) ) ;
#4569 = CARTESIAN_POINT ( 'NONE',  ( -66.63058511118330784, -15.95727432898451070, 7.999999999999998224 ) ) ;
#4570 = CARTESIAN_POINT ( 'NONE',  ( -37.73235576576892214, -22.31524605766103164, -2.411557355773447320 ) ) ;
#4571 = VERTEX_POINT ( 'NONE', #3186 ) ;
#4572 = CARTESIAN_POINT ( 'NONE',  ( -66.63058511118330784, -7.525733215346147809, 7.999999999999998224 ) ) ;
#4573 = EDGE_CURVE ( 'NONE', #4000, #4285, #1902, .T. ) ;
#4574 = EDGE_CURVE ( 'NONE', #4213, #2829, #2386, .T. ) ;
#4575 = AXIS2_PLACEMENT_3D ( 'NONE', #1083, #1442, #5640 ) ;
#4576 = VERTEX_POINT ( 'NONE', #2168 ) ;
#4577 = CARTESIAN_POINT ( 'NONE',  ( -67.58308572322960117, 4.009169831955663454, 15.13511320473330990 ) ) ;
#4578 = CARTESIAN_POINT ( 'NONE',  ( -13.45247240908284425, -29.56101557123542278, 15.00000000000000000 ) ) ;
#4579 = VERTEX_POINT ( 'NONE', #4473 ) ;
#4580 = FACE_OUTER_BOUND ( 'NONE', #1387, .T. ) ;
#4581 = CARTESIAN_POINT ( 'NONE',  ( -23.45247240908284780, -29.56101557123542278, 21.99999999999998224 ) ) ;
#4582 = ORIENTED_EDGE ( 'NONE', *, *, #292, .F. ) ;
#4583 = LINE ( 'NONE', #5124, #5310 ) ;
#4584 = ORIENTED_EDGE ( 'NONE', *, *, #1289, .T. ) ;
#4585 = DIRECTION ( 'NONE',  ( 0.000000000000000000, 0.000000000000000000, -1.000000000000000000 ) ) ;
#4586 = ORIENTED_EDGE ( 'NONE', *, *, #1229, .T. ) ;
#4587 = DIRECTION ( 'NONE',  ( 0.4999999999999997224, 0.8660254037844387076, 0.000000000000000000 ) ) ;
#4588 = CARTESIAN_POINT ( 'NONE',  ( -50.15958197740008018, -13.78201134566430675, 11.50565518954292621 ) ) ;
#4589 = ORIENTED_EDGE ( 'NONE', *, *, #460, .F. ) ;
#4590 = ORIENTED_EDGE ( 'NONE', *, *, #4201, .F. ) ;
#4591 = VECTOR ( 'NONE', #5761, 1000.000000000000114 ) ;
#4592 = CARTESIAN_POINT ( 'NONE',  ( -66.63058511118330784, -15.95727432898451070, 7.999999999999998224 ) ) ;
#4593 = CARTESIAN_POINT ( 'NONE',  ( -14.99070595205717993, -7.070329191529863166, 12.00338237923571860 ) ) ;
#4594 = EDGE_CURVE ( 'NONE', #1220, #2284, #3914, .T. ) ;
#4595 = DIRECTION ( 'NONE',  ( 1.000000000000000000, 0.000000000000000000, 0.000000000000000000 ) ) ;
#4596 = DIRECTION ( 'NONE',  ( 1.000000000000000000, 0.000000000000000000, 0.000000000000000000 ) ) ;
#4597 = CARTESIAN_POINT ( 'NONE',  ( -6.469414888816734432, -10.97850696570001539, 17.17888731350448950 ) ) ;
#4598 = AXIS2_PLACEMENT_3D ( 'NONE', #1556, #3395, #2041 ) ;
#4599 = ORIENTED_EDGE ( 'NONE', *, *, #4280, .F. ) ;
#4600 = CYLINDRICAL_SURFACE ( 'NONE', #276, 3.200000000000003286 ) ;
#4601 = ADVANCED_FACE ( 'NONE', ( #365 ), #4978, .F. ) ;
#4602 = VERTEX_POINT ( 'NONE', #4949 ) ;
#4603 = DIRECTION ( 'NONE',  ( -0.000000000000000000, -0.000000000000000000, 1.000000000000000000 ) ) ;
#4604 = EDGE_CURVE ( 'NONE', #5680, #4479, #4441, .T. ) ;
#4605 = CARTESIAN_POINT ( 'NONE',  ( -56.18821333586197397, 4.999999999999984013, 13.83138929941186035 ) ) ;
#4606 = ORIENTED_EDGE ( 'NONE', *, *, #4712, .F. ) ;
#4607 = CARTESIAN_POINT ( 'NONE',  ( -68.04426311586530574, 4.955736884134677389, 13.88963024133989776 ) ) ;
#4608 = AXIS2_PLACEMENT_3D ( 'NONE', #3774, #5594, #3356 ) ;
#4609 = ORIENTED_EDGE ( 'NONE', *, *, #3228, .T. ) ;
#4610 = EDGE_CURVE ( 'NONE', #1357, #2787, #1133, .T. ) ;
#4611 = FACE_OUTER_BOUND ( 'NONE', #2488, .T. ) ;
#4612 = ORIENTED_EDGE ( 'NONE', *, *, #1711, .T. ) ;
#4613 = CARTESIAN_POINT ( 'NONE',  ( -27.82638174296045719, -16.32788483778348620, 18.00000000000000000 ) ) ;
#4614 = ORIENTED_EDGE ( 'NONE', *, *, #1455, .F. ) ;
#4615 = CARTESIAN_POINT ( 'NONE',  ( -19.84041802259992693, -6.161626598705415958, 18.54054938265750252 ) ) ;
#4616 = ORIENTED_EDGE ( 'NONE', *, *, #586, .F. ) ;
#4617 = CARTESIAN_POINT ( 'NONE',  ( -29.06326951343294596, 17.91453182417697576, 7.183399302746497739 ) ) ;
#4618 = PLANE ( 'NONE',  #5010 ) ;
#4619 = PLANE ( 'NONE',  #4228 ) ;
#4620 = DIRECTION ( 'NONE',  ( -0.7071067811865500152, 0.000000000000000000, -0.7071067811865451302 ) ) ;
#4621 = ORIENTED_EDGE ( 'NONE', *, *, #3248, .T. ) ;
#4622 = VERTEX_POINT ( 'NONE', #865 ) ;
#4623 = DIRECTION ( 'NONE',  ( -4.433096702227263564E-17, 0.4472135954999570950, -0.8944271909999162995 ) ) ;
#4624 = CARTESIAN_POINT ( 'NONE',  ( -20.05247240908285278, -29.56101557123542278, 11.99999999999999822 ) ) ;
#4625 = FACE_OUTER_BOUND ( 'NONE', #5729, .T. ) ;
#4626 = EDGE_CURVE ( 'NONE', #4579, #4423, #2194, .T. ) ;
#4627 = DIRECTION ( 'NONE',  ( -0.3779644730092264204, 0.6546536707079773088, -0.6546536707079773088 ) ) ;
#4628 = LINE ( 'NONE', #3680, #2539 ) ;
#4629 = VERTEX_POINT ( 'NONE', #2275 ) ;
#4630 = VECTOR ( 'NONE', #328, 1000.000000000000000 ) ;
#4631 = EDGE_LOOP ( 'NONE', ( #5330, #2224, #4270, #3721 ) ) ;
#4632 = CARTESIAN_POINT ( 'NONE',  ( -56.54752759091716285, -29.56101557123542278, 0.000000000000000000 ) ) ;
#4633 = CARTESIAN_POINT ( 'NONE',  ( -69.73058511118331637, -7.525733215346147809, 7.999999999999998224 ) ) ;
#4634 = DIRECTION ( 'NONE',  ( -0.9999937747928691056, 0.003496153129678519766, -0.0004767481540470867017 ) ) ;
#4635 = CARTESIAN_POINT ( 'NONE',  ( -44.41868445139100885, 4.009169831955664343, 15.13511320473330990 ) ) ;
#4636 = VERTEX_POINT ( 'NONE', #417 ) ;
#4637 = CONICAL_SURFACE ( 'NONE', #4641, 8.999999999999957367, 0.7853981633974392862 ) ;
#4638 = AXIS2_PLACEMENT_3D ( 'NONE', #465, #5440, #2723 ) ;
#4639 = EDGE_CURVE ( 'NONE', #536, #2360, #5452, .T. ) ;
#4640 = ADVANCED_FACE ( 'NONE', ( #4109 ), #3666, .T. ) ;
#4641 = AXIS2_PLACEMENT_3D ( 'NONE', #4273, #259, #1966 ) ;
#4642 = PLANE ( 'NONE',  #4088 ) ;
#4643 = ORIENTED_EDGE ( 'NONE', *, *, #330, .T. ) ;
#4644 = CARTESIAN_POINT ( 'NONE',  ( -3.408613729033100488E-16, -1.718654049724918309, 9.860651921914870499 ) ) ;
#4645 = VECTOR ( 'NONE', #3784, 1000.000000000000114 ) ;
#4646 = ORIENTED_EDGE ( 'NONE', *, *, #361, .T. ) ;
#4647 = EDGE_CURVE ( 'NONE', #43, #2305, #4018, .T. ) ;
#4648 =( BOUNDED_CURVE ( )  B_SPLINE_CURVE ( 3, ( #64, #152, #2373, #4700 ),
 .UNSPECIFIED., .F., .T. ) 
 B_SPLINE_CURVE_WITH_KNOTS ( ( 4, 4 ),
 ( 4.712388980384689674, 7.853981633974482790 ),
 .UNSPECIFIED. ) 
 CURVE ( )  GEOMETRIC_REPRESENTATION_ITEM ( )  RATIONAL_B_SPLINE_CURVE ( ( 1.000000000000000000, 0.3333333333333333703, 0.3333333333333333703, 1.000000000000000000 ) ) 
 REPRESENTATION_ITEM ( '' )  );
#4649 = LINE ( 'NONE', #4234, #1114 ) ;
#4650 = ADVANCED_FACE ( 'NONE', ( #5839, #3546 ), #1739, .F. ) ;
#4651 = ORIENTED_EDGE ( 'NONE', *, *, #2889, .T. ) ;
#4652 = FACE_BOUND ( 'NONE', #4517, .T. ) ;
#4653 = CARTESIAN_POINT ( 'NONE',  ( -28.66102607065102603, -29.27367913653003129, 1.071884106765706113 ) ) ;
#4654 = CYLINDRICAL_SURFACE ( 'NONE', #3462, 3.224999999999998757 ) ;
#4655 = AXIS2_PLACEMENT_3D ( 'NONE', #4923, #816, #4802 ) ;
#4656 = CARTESIAN_POINT ( 'NONE',  ( -25.25550744648554513, -34.41630046047055203, 17.79184976976472754 ) ) ;
#4657 = ORIENTED_EDGE ( 'NONE', *, *, #1530, .F. ) ;
#4658 = AXIS2_PLACEMENT_3D ( 'NONE', #5009, #2708, #2221 ) ;
#4659 = VERTEX_POINT ( 'NONE', #4172 ) ;
#4660 = CARTESIAN_POINT ( 'NONE',  ( -21.20032721907750073, -27.56834253151146896, 5.000000000000000000 ) ) ;
#4661 = DIRECTION ( 'NONE',  ( -0.000000000000000000, -0.000000000000000000, -1.000000000000000000 ) ) ;
#4662 = DIRECTION ( 'NONE',  ( -1.000000000000000000, -3.750144770645340280E-18, -2.750106165139985384E-17 ) ) ;
#4663 = CARTESIAN_POINT ( 'NONE',  ( -29.00525746412211703, -2.197597792550265439, 18.00000000000000000 ) ) ;
#4664 = EDGE_LOOP ( 'NONE', ( #3964, #1996 ) ) ;
#4665 = VECTOR ( 'NONE', #1227, 1000.000000000000000 ) ;
#4666 = ORIENTED_EDGE ( 'NONE', *, *, #1456, .T. ) ;
#4667 = CARTESIAN_POINT ( 'NONE',  ( -50.15958197740008018, -5.756286984505489812, 21.51303988679037005 ) ) ;
#4668 = DIRECTION ( 'NONE',  ( -1.506754595348573811E-17, 0.1351132047333101771, 0.9908301680442994641 ) ) ;
#4669 = DIRECTION ( 'NONE',  ( -0.000000000000000000, -0.000000000000000000, 1.000000000000000000 ) ) ;
#4670 = FACE_OUTER_BOUND ( 'NONE', #1775, .T. ) ;
#4671 = EDGE_LOOP ( 'NONE', ( #5203, #1486 ) ) ;
#4672 = AXIS2_PLACEMENT_3D ( 'NONE', #67, #1025, #2868 ) ;
#4673 = DIRECTION ( 'NONE',  ( 0.000000000000000000, 0.9908301680442993531, -0.1351132047333102049 ) ) ;
#4674 = EDGE_LOOP ( 'NONE', ( #5659, #5396, #1601, #4994 ) ) ;
#4675 = DIRECTION ( 'NONE',  ( -0.000000000000000000, -0.000000000000000000, 1.000000000000000000 ) ) ;
#4676 = ORIENTED_EDGE ( 'NONE', *, *, #5702, .T. ) ;
#4677 = AXIS2_PLACEMENT_3D ( 'NONE', #2247, #1283, #2678 ) ;
#4678 = EDGE_CURVE ( 'NONE', #1573, #4736, #925, .T. ) ;
#4679 = EDGE_CURVE ( 'NONE', #595, #1150, #3756, .T. ) ;
#4680 = ORIENTED_EDGE ( 'NONE', *, *, #3030, .T. ) ;
#4681 = CARTESIAN_POINT ( 'NONE',  ( -69.73058511118331637, -7.525733215346147809, 15.97070807510330503 ) ) ;
#4682 = AXIS2_PLACEMENT_3D ( 'NONE', #2518, #680, #2550 ) ;
#4683 = EDGE_CURVE ( 'NONE', #887, #968, #5606, .T. ) ;
#4684 = CARTESIAN_POINT ( 'NONE',  ( -24.88350242863963047, -36.01579285677698294, 16.99210357161151208 ) ) ;
#4685 = LINE ( 'NONE', #635, #156 ) ;
#4686 = VERTEX_POINT ( 'NONE', #957 ) ;
#4687 = ORIENTED_EDGE ( 'NONE', *, *, #5068, .F. ) ;
#4688 = DIRECTION ( 'NONE',  ( 0.4999999999999991118, 0.8660254037844391517, 0.000000000000000000 ) ) ;
#4689 = DIRECTION ( 'NONE',  ( 1.000000000000000000, 0.000000000000000000, 0.000000000000000000 ) ) ;
#4690 = CARTESIAN_POINT ( 'NONE',  ( 0.000000000000000000, -33.73601557123543415, 15.00000000000000000 ) ) ;
#4691 = ORIENTED_EDGE ( 'NONE', *, *, #2493, .T. ) ;
#4692 = VERTEX_POINT ( 'NONE', #2334 ) ;
#4693 = CARTESIAN_POINT ( 'NONE',  ( -37.59570592094524955, -17.61750549236797880, 0.000000000000000000 ) ) ;
#4694 = DIRECTION ( 'NONE',  ( 0.000000000000000000, -0.9908301680442994641, 0.1351132047333101771 ) ) ;
#4695 = DIRECTION ( 'NONE',  ( -1.000000000000000000, 0.000000000000000000, 0.000000000000000000 ) ) ;
#4696 = LINE ( 'NONE', #620, #3306 ) ;
#4697 = ORIENTED_EDGE ( 'NONE', *, *, #4277, .T. ) ;
#4698 = CARTESIAN_POINT ( 'NONE',  ( -6.986149394159003378, -29.56101557123541212, 11.99999999999999822 ) ) ;
#4699 = ORIENTED_EDGE ( 'NONE', *, *, #2810, .T. ) ;
#4700 = CARTESIAN_POINT ( 'NONE',  ( -31.40571360458310224, -35.32460449163507832, 17.33769775418246439 ) ) ;
#4701 = AXIS2_PLACEMENT_3D ( 'NONE', #5232, #4308, #1125 ) ;
#4702 = ORIENTED_EDGE ( 'NONE', *, *, #255, .F. ) ;
#4703 = EDGE_CURVE ( 'NONE', #4108, #4520, #4583, .T. ) ;
#4704 = DIRECTION ( 'NONE',  ( 0.3779644730092253102, -0.5601982511186187619, 0.7371029619981862568 ) ) ;
#4705 = VERTEX_POINT ( 'NONE', #1498 ) ;
#4706 = AXIS2_PLACEMENT_3D ( 'NONE', #3767, #5078, #4120 ) ;
#4707 = DIRECTION ( 'NONE',  ( -0.000000000000000000, -0.000000000000000000, 1.000000000000000000 ) ) ;
#4708 = CARTESIAN_POINT ( 'NONE',  ( -50.15958197740008018, -5.756286984505488924, 21.51303988679037005 ) ) ;
#4709 = DIRECTION ( 'NONE',  ( -1.000000000000000000, 0.000000000000000000, 0.000000000000000000 ) ) ;
#4710 = EDGE_LOOP ( 'NONE', ( #3528, #4676 ) ) ;
#4711 = EDGE_CURVE ( 'NONE', #297, #43, #5150, .T. ) ;
#4712 = EDGE_CURVE ( 'NONE', #3495, #3394, #4361, .T. ) ;
#4713 = EDGE_CURVE ( 'NONE', #375, #3919, #4648, .T. ) ;
#4714 = ORIENTED_EDGE ( 'NONE', *, *, #3627, .F. ) ;
#4715 = LINE ( 'NONE', #2023, #5184 ) ;
#4716 = CARTESIAN_POINT ( 'NONE',  ( -16.22230870286426097, 4.999999999999986677, 14.90485419156979496 ) ) ;
#4717 = ADVANCED_FACE ( 'NONE', ( #4231 ), #2765, .F. ) ;
#4718 = DIRECTION ( 'NONE',  ( 1.000000000000000000, 9.912705577010323084E-17, 0.000000000000000000 ) ) ;
#4719 = ORIENTED_EDGE ( 'NONE', *, *, #4425, .F. ) ;
#4720 = ORIENTED_EDGE ( 'NONE', *, *, #686, .T. ) ;
#4721 =( NAMED_UNIT ( * ) PLANE_ANGLE_UNIT ( ) SI_UNIT ( $, .RADIAN. ) );
#4722 = DIRECTION ( 'NONE',  ( 0.9510206761615280779, 0.3091272772067680807, 0.000000000000000000 ) ) ;
#4723 = LINE ( 'NONE', #5683, #5848 ) ;
#4724 = DIRECTION ( 'NONE',  ( 0.5022976888959491681, -0.5886674175049946278, -0.6333780097996681846 ) ) ;
#4725 = DIRECTION ( 'NONE',  ( 0.000000000000000000, 0.000000000000000000, 1.000000000000000000 ) ) ;
#4726 = DIRECTION ( 'NONE',  ( -0.000000000000000000, -0.000000000000000000, -1.000000000000000000 ) ) ;
#4727 = ORIENTED_EDGE ( 'NONE', *, *, #4897, .F. ) ;
#4728 = DIRECTION ( 'NONE',  ( 1.000000000000000000, 0.000000000000000000, 0.000000000000000000 ) ) ;
#4729 = DIRECTION ( 'NONE',  ( 1.000000000000000000, 0.000000000000000000, 0.000000000000000000 ) ) ;
#4730 = ORIENTED_EDGE ( 'NONE', *, *, #5590, .F. ) ;
#4731 = AXIS2_PLACEMENT_3D ( 'NONE', #2969, #3895, #2002 ) ;
#4732 = DIRECTION ( 'NONE',  ( -0.7071067811865426878, 0.000000000000000000, -0.7071067811865523467 ) ) ;
#4733 = VECTOR ( 'NONE', #4669, 1000.000000000000000 ) ;
#4734 = VECTOR ( 'NONE', #195, 1000.000000000000114 ) ;
#4735 = CONICAL_SURFACE ( 'NONE', #5213, 10.00000000000000888, 0.7853981633974466137 ) ;
#4736 = VERTEX_POINT ( 'NONE', #1051 ) ;
#4737 = LINE ( 'NONE', #5730, #558 ) ;
#4738 = CARTESIAN_POINT ( 'NONE',  ( -24.22408343512562112, -40.00000000000002132, 14.99999999999999645 ) ) ;
#4739 = DIRECTION ( 'NONE',  ( -0.000000000000000000, -0.000000000000000000, -1.000000000000000000 ) ) ;
#4740 = AXIS2_PLACEMENT_3D ( 'NONE', #4779, #2912, #2514 ) ;
#4741 = ORIENTED_EDGE ( 'NONE', *, *, #5414, .T. ) ;
#4742 = AXIS2_PLACEMENT_3D ( 'NONE', #5874, #1745, #2200 ) ;
#4743 = DIRECTION ( 'NONE',  ( 0.000000000000000000, -0.7071067811865475727, 0.7071067811865475727 ) ) ;
#4744 = FACE_OUTER_BOUND ( 'NONE', #4674, .T. ) ;
#4745 = CARTESIAN_POINT ( 'NONE',  ( -64.29527591518932184, -40.00000000000002842, 16.99999999999998934 ) ) ;
#4746 = EDGE_CURVE ( 'NONE', #5215, #1652, #5679, .T. ) ;
#4747 = ORIENTED_EDGE ( 'NONE', *, *, #1380, .T. ) ;
#4748 = AXIS2_PLACEMENT_3D ( 'NONE', #3307, #5181, #1054 ) ;
#4749 = ORIENTED_EDGE ( 'NONE', *, *, #2716, .T. ) ;
#4750 = DIRECTION ( 'NONE',  ( -0.8660254037844388186, -0.4954150840221494545, 0.06755660236665501917 ) ) ;
#4751 = DIRECTION ( 'NONE',  ( -0.000000000000000000, 0.000000000000000000, 1.000000000000000000 ) ) ;
#4752 = CARTESIAN_POINT ( 'NONE',  ( -15.91597171638403907, 10.46788520709008097, 8.198851114167412746 ) ) ;
#4753 = DIRECTION ( 'NONE',  ( 0.000000000000000000, 0.000000000000000000, 1.000000000000000000 ) ) ;
#4754 = EDGE_CURVE ( 'NONE', #3262, #801, #1373, .T. ) ;
#4755 = EDGE_CURVE ( 'NONE', #1922, #36, #4139, .T. ) ;
#4756 = DIRECTION ( 'NONE',  ( 0.000000000000000000, 0.000000000000000000, -1.000000000000000000 ) ) ;
#4757 = ORIENTED_EDGE ( 'NONE', *, *, #3263, .T. ) ;
#4758 = PLANE ( 'NONE',  #1912 ) ;
#4759 = DIRECTION ( 'NONE',  ( -0.000000000000000000, -0.000000000000000000, -1.000000000000000000 ) ) ;
#4760 = ADVANCED_FACE ( 'NONE', ( #2306 ), #1405, .F. ) ;
#4761 = ORIENTED_EDGE ( 'NONE', *, *, #5810, .T. ) ;
#4762 = CARTESIAN_POINT ( 'NONE',  ( -6.469414888816736209, -4.072959464992262468, 16.23722174522618289 ) ) ;
#4763 = AXIS2_PLACEMENT_3D ( 'NONE', #1141, #4325, #2109 ) ;
#4764 = CARTESIAN_POINT ( 'NONE',  ( -35.00000000000000000, -25.60311589323426062, 17.79999999999998295 ) ) ;
#4765 = VECTOR ( 'NONE', #2705, 1000.000000000000000 ) ;
#4766 = VERTEX_POINT ( 'NONE', #3275 ) ;
#4767 = CARTESIAN_POINT ( 'NONE',  ( -43.34428639541690842, -35.32460449163507832, 0.000000000000000000 ) ) ;
#4768 = DIRECTION ( 'NONE',  ( 0.9999937747928692167, -0.003496153129678796455, 0.0004767481540471244861 ) ) ;
#4769 = CARTESIAN_POINT ( 'NONE',  ( -69.18280280813677052, -42.85553858101680902, 14.14446141898323006 ) ) ;
#4770 = ORIENTED_EDGE ( 'NONE', *, *, #2827, .T. ) ;
#4771 = CARTESIAN_POINT ( 'NONE',  ( -24.38770763382205331, -29.56101557123543699, 8.129808499017425305 ) ) ;
#4772 = LINE ( 'NONE', #1598, #4734 ) ;
#4773 = CARTESIAN_POINT ( 'NONE',  ( -17.43038172497707095, -13.43140613309607190, -3.622990072759544322 ) ) ;
#4774 = ORIENTED_EDGE ( 'NONE', *, *, #2381, .T. ) ;
#4775 = EDGE_CURVE ( 'NONE', #2592, #76, #1009, .T. ) ;
#4776 = ORIENTED_EDGE ( 'NONE', *, *, #4711, .T. ) ;
#4777 = DIRECTION ( 'NONE',  ( 1.000000000000000000, 0.000000000000000000, 0.000000000000000000 ) ) ;
#4778 = DIRECTION ( 'NONE',  ( 1.000000000000000000, 0.000000000000000000, 0.000000000000000000 ) ) ;
#4779 = CARTESIAN_POINT ( 'NONE',  ( 0.000000000000000000, 0.000000000000000000, 11.99999999999999822 ) ) ;
#4780 = PLANE ( 'NONE',  #3845 ) ;
#4781 = DIRECTION ( 'NONE',  ( 0.000000000000000000, 0.1351132047333106212, 0.9908301680442994641 ) ) ;
#4782 = VERTEX_POINT ( 'NONE', #509 ) ;
#4783 = EDGE_CURVE ( 'NONE', #2324, #5539, #991, .T. ) ;
#4784 = EDGE_CURVE ( 'NONE', #5207, #3611, #1921, .T. ) ;
#4785 = DIRECTION ( 'NONE',  ( -0.000000000000000000, 0.000000000000000000, 1.000000000000000000 ) ) ;
#4786 = CARTESIAN_POINT ( 'NONE',  ( -70.00000000000000000, 2.999999999999987566, 0.000000000000000000 ) ) ;
#4787 = AXIS2_PLACEMENT_3D ( 'NONE', #3350, #4272, #164 ) ;
#4788 = ORIENTED_EDGE ( 'NONE', *, *, #1087, .T. ) ;
#4789 = LINE ( 'NONE', #1108, #2500 ) ;
#4790 = EDGE_CURVE ( 'NONE', #1809, #4089, #2004, .T. ) ;
#4791 = PLANE ( 'NONE',  #4859 ) ;
#4792 = AXIS2_PLACEMENT_3D ( 'NONE', #1533, #2811, #5077 ) ;
#4793 = ORIENTED_EDGE ( 'NONE', *, *, #3881, .F. ) ;
#4794 = DIRECTION ( 'NONE',  ( -1.000000000000000000, 0.000000000000000000, 0.000000000000000000 ) ) ;
#4795 = LINE ( 'NONE', #2048, #4248 ) ;
#4796 = CARTESIAN_POINT ( 'NONE',  ( -21.18989122512655499, -31.91814331852533471, 0.8664755647611742662 ) ) ;
#4797 = CIRCLE ( 'NONE', #399, 8.000000000000001776 ) ;
#4798 =( BOUNDED_CURVE ( )  B_SPLINE_CURVE ( 3, ( #1450, #491, #46, #1422 ),
 .UNSPECIFIED., .F., .T. ) 
 B_SPLINE_CURVE_WITH_KNOTS ( ( 4, 4 ),
 ( 5.716686475945264689, 6.417485211967938419 ),
 .UNSPECIFIED. ) 
 CURVE ( )  GEOMETRIC_REPRESENTATION_ITEM ( )  RATIONAL_B_SPLINE_CURVE ( ( 1.000000000000000000, 0.9594904636820196231, 0.9594904636820196231, 1.000000000000000000 ) ) 
 REPRESENTATION_ITEM ( '' )  );
#4799 = ORIENTED_EDGE ( 'NONE', *, *, #4212, .F. ) ;
#4800 = DIRECTION ( 'NONE',  ( 8.659560562354867531E-17, -0.7961621941230963007, -0.6050832675335661159 ) ) ;
#4801 = CARTESIAN_POINT ( 'NONE',  ( -6.469414888816733544, -15.95727432898450004, 17.85781013577053855 ) ) ;
#4802 = DIRECTION ( 'NONE',  ( 0.000000000000000000, -0.1351132047333101494, -0.9908301680442993531 ) ) ;
#4803 = ORIENTED_EDGE ( 'NONE', *, *, #5552, .T. ) ;
#4804 = VERTEX_POINT ( 'NONE', #5270 ) ;
#4805 = EDGE_CURVE ( 'NONE', #4876, #5622, #3365, .T. ) ;
#4806 =( BOUNDED_CURVE ( )  B_SPLINE_CURVE ( 3, ( #3086, #5802, #4905, #4036 ),
 .UNSPECIFIED., .F., .T. ) 
 B_SPLINE_CURVE_WITH_KNOTS ( ( 4, 4 ),
 ( 4.300794154186295515, 6.283185307179586232 ),
 .UNSPECIFIED. ) 
 CURVE ( )  GEOMETRIC_REPRESENTATION_ITEM ( )  RATIONAL_B_SPLINE_CURVE ( ( 1.000000000000000000, 0.6984599571064313839, 0.6984599571064313839, 1.000000000000000000 ) ) 
 REPRESENTATION_ITEM ( '' )  );
#4807 = ORIENTED_EDGE ( 'NONE', *, *, #5089, .T. ) ;
#4808 = DIRECTION ( 'NONE',  ( -1.962615573354706324E-17, -0.6050832675335655608, 0.7961621941230967447 ) ) ;
#4809 = CARTESIAN_POINT ( 'NONE',  ( -52.04873557330643052, -2.805065537835934375, 18.93778626773447016 ) ) ;
#4810 = CARTESIAN_POINT ( 'NONE',  ( -52.72279675454549874, -22.53453465762669694, 0.000000000000000000 ) ) ;
#4811 = CARTESIAN_POINT ( 'NONE',  ( -21.45247240908284425, -29.56101557123542278, 0.000000000000000000 ) ) ;
#4812 = FACE_OUTER_BOUND ( 'NONE', #3119, .T. ) ;
#4813 = ORIENTED_EDGE ( 'NONE', *, *, #2903, .T. ) ;
#4814 = ORIENTED_EDGE ( 'NONE', *, *, #4168, .T. ) ;
#4815 = CARTESIAN_POINT ( 'NONE',  ( -70.00000000000000000, 2.864886795266699426, 14.28189710468294393 ) ) ;
#4816 = PLANE ( 'NONE',  #3215 ) ;
#4817 = ORIENTED_EDGE ( 'NONE', *, *, #5774, .T. ) ;
#4818 = FACE_OUTER_BOUND ( 'NONE', #4472, .T. ) ;
#4819 = CARTESIAN_POINT ( 'NONE',  ( -51.21988457062887790, 4.999999999999984901, 15.54030560076859047 ) ) ;
#4820 = EDGE_CURVE ( 'NONE', #4285, #4000, #3796, .T. ) ;
#4821 = EDGE_CURVE ( 'NONE', #597, #5748, #5900, .T. ) ;
#4822 = ORIENTED_EDGE ( 'NONE', *, *, #2675, .T. ) ;
#4823 = CIRCLE ( 'NONE', #3209, 12.00000000000001066 ) ;
#4824 = DIRECTION ( 'NONE',  ( -0.000000000000000000, 0.000000000000000000, -1.000000000000000000 ) ) ;
#4825 = CARTESIAN_POINT ( 'NONE',  ( -19.84041802259992693, -7.242532236571901372, 10.61390803830307661 ) ) ;
#4826 = PLANE ( 'NONE',  #4946 ) ;
#4827 = EDGE_CURVE ( 'NONE', #4867, #4526, #241, .T. ) ;
#4828 = VECTOR ( 'NONE', #4218, 999.9999999999998863 ) ;
#4829 = AXIS2_PLACEMENT_3D ( 'NONE', #5885, #50, #2815 ) ;
#4830 = ADVANCED_FACE ( 'NONE', ( #3425 ), #4316, .F. ) ;
#4831 = ORIENTED_EDGE ( 'NONE', *, *, #4214, .T. ) ;
#4832 = AXIS2_PLACEMENT_3D ( 'NONE', #2742, #1777, #874 ) ;
#4833 = CARTESIAN_POINT ( 'NONE',  ( -3.226446533919441695, -11.31925679768615822, 17.22535319968441669 ) ) ;
#4834 = CARTESIAN_POINT ( 'NONE',  ( -69.00000000000000000, -9.524701220256126533, 16.98064107548941948 ) ) ;
#4835 = AXIS2_PLACEMENT_3D ( 'NONE', #598, #1857, #1981 ) ;
#4836 = LINE ( 'NONE', #758, #2058 ) ;
#4837 = VERTEX_POINT ( 'NONE', #3003 ) ;
#4838 = VERTEX_POINT ( 'NONE', #2462 ) ;
#4839 = DIRECTION ( 'NONE',  ( -1.156482317317871232E-16, 1.000000000000000000, -0.000000000000000000 ) ) ;
#4840 = DIRECTION ( 'NONE',  ( -0.000000000000000000, -0.000000000000000000, 1.000000000000000000 ) ) ;
#4841 = LINE ( 'NONE', #5883, #4922 ) ;
#4842 = DIRECTION ( 'NONE',  ( -0.000000000000000000, -0.000000000000000000, 1.000000000000000000 ) ) ;
#4843 = ORIENTED_EDGE ( 'NONE', *, *, #4020, .F. ) ;
#4844 = AXIS2_PLACEMENT_3D ( 'NONE', #580, #2469, #2875 ) ;
#4845 = VERTEX_POINT ( 'NONE', #2008 ) ;
#4846 = DIRECTION ( 'NONE',  ( -0.3779644730092274196, 0.6546536707079770867, 0.6546536707079770867 ) ) ;
#4847 = DIRECTION ( 'NONE',  ( 1.000000000000000000, 0.000000000000000000, 0.000000000000000000 ) ) ;
#4848 = CIRCLE ( 'NONE', #5329, 3.100000000000005418 ) ;
#4849 = EDGE_LOOP ( 'NONE', ( #1703, #872 ) ) ;
#4850 = PLANE ( 'NONE',  #1476 ) ;
#4851 = CARTESIAN_POINT ( 'NONE',  ( -54.27104013182402298, 4.999999999999984013, 14.72162231054755388 ) ) ;
#4852 = AXIS2_PLACEMENT_3D ( 'NONE', #3650, #3145, #463 ) ;
#4853 = VECTOR ( 'NONE', #3069, 1000.000000000000000 ) ;
#4854 = ORIENTED_EDGE ( 'NONE', *, *, #2674, .T. ) ;
#4855 = EDGE_CURVE ( 'NONE', #1640, #4342, #2621, .T. ) ;
#4856 = LINE ( 'NONE', #2589, #5816 ) ;
#4857 = CARTESIAN_POINT ( 'NONE',  ( -16.54153916152668558, 4.009169831955668784, 15.13511320473330990 ) ) ;
#4858 = PLANE ( 'NONE',  #2459 ) ;
#4859 = AXIS2_PLACEMENT_3D ( 'NONE', #215, #3397, #3485 ) ;
#4860 = EDGE_CURVE ( 'NONE', #3797, #2733, #1103, .T. ) ;
#4861 = ADVANCED_FACE ( 'NONE', ( #625 ), #5125, .F. ) ;
#4862 = ORIENTED_EDGE ( 'NONE', *, *, #2419, .F. ) ;
#4863 = PLANE ( 'NONE',  #5554 ) ;
#4864 = DIRECTION ( 'NONE',  ( 0.3779644730092266980, 0.6546536707079773088, -0.6546536707079771977 ) ) ;
#4865 = DIRECTION ( 'NONE',  ( -0.000000000000000000, -0.000000000000000000, 1.000000000000000000 ) ) ;
#4866 = ORIENTED_EDGE ( 'NONE', *, *, #4020, .T. ) ;
#4867 = VERTEX_POINT ( 'NONE', #5634 ) ;
#4868 = CARTESIAN_POINT ( 'NONE',  ( -35.00000000000000000, -25.60311589323426062, 17.49999999999999645 ) ) ;
#4869 = FACE_OUTER_BOUND ( 'NONE', #60, .T. ) ;
#4870 = CARTESIAN_POINT ( 'NONE',  ( -29.90571360458309869, -35.32460449163507832, 0.000000000000000000 ) ) ;
#4871 = CARTESIAN_POINT ( 'NONE',  ( -5.066043783916532173E-16, 2.774957504396720065, 20.34968836557646554 ) ) ;
#4872 = AXIS2_PLACEMENT_3D ( 'NONE', #5660, #1553, #3392 ) ;
#4873 = LINE ( 'NONE', #4934, #1763 ) ;
#4874 = B_SPLINE_CURVE_WITH_KNOTS ( 'NONE', 3,
 ( #2088, #2053, #3351, #5254, #3319, #5164, #1089, #4716, #1993, #2930, #639, #2173 ),
 .UNSPECIFIED., .F., .F.,
 ( 4, 2, 2, 2, 2, 4 ),
 ( 0.003342644371009642797, 0.004126972350936470441, 0.004911300330863297217, 0.006479956290716950770, 0.008048612250570606058, 0.009617268210424257877 ),
 .UNSPECIFIED. ) ;
#4875 = VERTEX_POINT ( 'NONE', #3481 ) ;
#4876 = VERTEX_POINT ( 'NONE', #4786 ) ;
#4877 = DIRECTION ( 'NONE',  ( 0.000000000000000000, 0.000000000000000000, 1.000000000000000000 ) ) ;
#4878 = DIRECTION ( 'NONE',  ( -0.000000000000000000, 0.000000000000000000, 1.000000000000000000 ) ) ;
#4879 = ORIENTED_EDGE ( 'NONE', *, *, #217, .F. ) ;
#4880 = CARTESIAN_POINT ( 'NONE',  ( -35.00000000000000000, -25.60311589323426062, 0.000000000000000000 ) ) ;
#4881 = DIRECTION ( 'NONE',  ( -0.3779644730092230898, -0.7371029619981803727, -0.5601982511186280878 ) ) ;
#4882 = APPLICATION_CONTEXT ( 'automotive_design' ) ;
#4883 = ORIENTED_EDGE ( 'NONE', *, *, #4790, .F. ) ;
#4884 = CARTESIAN_POINT ( 'NONE',  ( -19.84041802259992693, -7.242532236571901372, 10.61390803830307661 ) ) ;
#4885 = ADVANCED_FACE ( 'NONE', ( #4290 ), #4816, .F. ) ;
#4886 = DIRECTION ( 'NONE',  ( -0.000000000000000000, -0.000000000000000000, 1.000000000000000000 ) ) ;
#4887 = AXIS2_PLACEMENT_3D ( 'NONE', #3231, #1842, #5493 ) ;
#4888 = CARTESIAN_POINT ( 'NONE',  ( -50.15958197740008018, -5.891400189238805041, 20.52220971874602284 ) ) ;
#4889 = AXIS2_PLACEMENT_3D ( 'NONE', #5236, #702, #2065 ) ;
#4890 = ORIENTED_EDGE ( 'NONE', *, *, #1791, .F. ) ;
#4891 = DIRECTION ( 'NONE',  ( -1.000000000000000000, 0.000000000000000000, 0.000000000000000000 ) ) ;
#4892 = LINE ( 'NONE', #5819, #5403 ) ;
#4893 = AXIS2_PLACEMENT_3D ( 'NONE', #2910, #5566, #1458 ) ;
#4894 = B_SPLINE_CURVE_WITH_KNOTS ( 'NONE', 3,
 ( #5643, #1506, #75, #997 ),
 .UNSPECIFIED., .F., .F.,
 ( 4, 4 ),
 ( 0.03557720765842348198, 0.03727355974866702892 ),
 .UNSPECIFIED. ) ;
#4895 = LINE ( 'NONE', #2596, #630 ) ;
#4896 = ORIENTED_EDGE ( 'NONE', *, *, #753, .F. ) ;
#4897 = EDGE_CURVE ( 'NONE', #3773, #958, #5607, .T. ) ;
#4898 = EDGE_LOOP ( 'NONE', ( #5265, #5241, #418, #272, #1368 ) ) ;
#4899 = LINE ( 'NONE', #2629, #1827 ) ;
#4900 = EDGE_CURVE ( 'NONE', #560, #4766, #4407, .T. ) ;
#4901 = DIRECTION ( 'NONE',  ( -1.000000000000000000, 0.000000000000000000, 0.000000000000000000 ) ) ;
#4902 = AXIS2_PLACEMENT_3D ( 'NONE', #910, #461, #4092 ) ;
#4903 = CYLINDRICAL_SURFACE ( 'NONE', #4166, 3.200000000000003286 ) ;
#4904 = CARTESIAN_POINT ( 'NONE',  ( -35.00000000000000000, -25.60311589323426062, 18.00000000000000000 ) ) ;
#4905 = CARTESIAN_POINT ( 'NONE',  ( -42.17361825703953571, -16.32788483778346844, 18.00000000000000000 ) ) ;
#4906 = ORIENTED_EDGE ( 'NONE', *, *, #367, .T. ) ;
#4907 = ADVANCED_FACE ( 'NONE', ( #2551, #2131 ), #5178, .T. ) ;
#4908 = ORIENTED_EDGE ( 'NONE', *, *, #2146, .F. ) ;
#4909 = FACE_OUTER_BOUND ( 'NONE', #3294, .T. ) ;
#4910 = CARTESIAN_POINT ( 'NONE',  ( -49.94752759091715433, -29.56101557123542278, 11.99999999999999822 ) ) ;
#4911 = VERTEX_POINT ( 'NONE', #4374 ) ;
#4912 = DIRECTION ( 'NONE',  ( -1.000000000000000000, 0.000000000000000000, 0.000000000000000000 ) ) ;
#4913 = LINE ( 'NONE', #803, #1222 ) ;
#4914 = ORIENTED_EDGE ( 'NONE', *, *, #2640, .F. ) ;
#4915 = DIRECTION ( 'NONE',  ( -0.6123724356957980230, 0.4458508287089365529, 0.6528529991809414179 ) ) ;
#4916 = LINE ( 'NONE', #809, #827 ) ;
#4917 = CIRCLE ( 'NONE', #3971, 8.999999999999952038 ) ;
#4918 = ORIENTED_EDGE ( 'NONE', *, *, #3804, .T. ) ;
#4919 = CARTESIAN_POINT ( 'NONE',  ( -1.000000000000000000, -13.95830632407456839, 17.58522358964646415 ) ) ;
#4920 = EDGE_CURVE ( 'NONE', #1742, #228, #53, .T. ) ;
#4921 = CARTESIAN_POINT ( 'NONE',  ( -21.45247240908284425, -29.56101557123542278, 10.59999999999998543 ) ) ;
#4922 = VECTOR ( 'NONE', #4513, 999.9999999999998863 ) ;
#4923 = CARTESIAN_POINT ( 'NONE',  ( -1.157138633317277848E-16, -13.39818356421937828, -3.627520423060911270 ) ) ;
#4924 = VECTOR ( 'NONE', #3554, 1000.000000000000114 ) ;
#4925 = ORIENTED_EDGE ( 'NONE', *, *, #3296, .F. ) ;
#4926 = CIRCLE ( 'NONE', #247, 8.396884106765673650 ) ;
#4927 = ORIENTED_EDGE ( 'NONE', *, *, #5154, .F. ) ;
#4928 = AXIS2_PLACEMENT_3D ( 'NONE', #2671, #773, #886 ) ;
#4929 = DIRECTION ( 'NONE',  ( 0.000000000000000000, -0.9908301680442993531, 0.1351132047333102881 ) ) ;
#4930 = CARTESIAN_POINT ( 'NONE',  ( -52.57001935126675818, -13.39818356421937828, -3.627520423060911270 ) ) ;
#4931 = EDGE_CURVE ( 'NONE', #2509, #2315, #5691, .T. ) ;
#4932 = CARTESIAN_POINT ( 'NONE',  ( -46.94085422666790919, -12.76641042341888621, 11.36716415469128094 ) ) ;
#4933 = PLANE ( 'NONE',  #3903 ) ;
#4934 = CARTESIAN_POINT ( 'NONE',  ( -19.84041802259992693, 3.161184527893184271, 20.29702104419058983 ) ) ;
#4935 = ORIENTED_EDGE ( 'NONE', *, *, #4348, .F. ) ;
#4936 = CIRCLE ( 'NONE', #2650, 6.600000000000008527 ) ;
#4937 = EDGE_CURVE ( 'NONE', #5871, #4579, #1871, .T. ) ;
#4938 = ORIENTED_EDGE ( 'NONE', *, *, #2955, .F. ) ;
#4939 = ADVANCED_FACE ( 'NONE', ( #2613 ), #326, .F. ) ;
#4940 = FACE_OUTER_BOUND ( 'NONE', #3517, .T. ) ;
#4941 = ADVANCED_FACE ( 'NONE', ( #4519 ), #2548, .F. ) ;
#4942 = CARTESIAN_POINT ( 'NONE',  ( -56.54752759091716285, -29.56101557123542278, 18.00000000000000000 ) ) ;
#4943 = ORIENTED_EDGE ( 'NONE', *, *, #3813, .F. ) ;
#4944 = AXIS2_PLACEMENT_3D ( 'NONE', #1415, #1354, #3193 ) ;
#4945 = LINE ( 'NONE', #4438, #4630 ) ;
#4946 = AXIS2_PLACEMENT_3D ( 'NONE', #4353, #3014, #5732 ) ;
#4947 = CARTESIAN_POINT ( 'NONE',  ( -23.95187617702388039, 4.999999999999986677, 14.72162231054755921 ) ) ;
#4948 = ORIENTED_EDGE ( 'NONE', *, *, #5411, .F. ) ;
#4949 = CARTESIAN_POINT ( 'NONE',  ( -58.95796496478385507, -25.38601557123543273, 13.40000000000001812 ) ) ;
#4950 = DIRECTION ( 'NONE',  ( -0.000000000000000000, -0.000000000000000000, 1.000000000000000000 ) ) ;
#4951 = VECTOR ( 'NONE', #2206, 1000.000000000000227 ) ;
#4952 = AXIS2_PLACEMENT_3D ( 'NONE', #2497, #1956, #3793 ) ;
#4953 = ORIENTED_EDGE ( 'NONE', *, *, #5411, .T. ) ;
#4954 = FACE_OUTER_BOUND ( 'NONE', #144, .T. ) ;
#4955 = CARTESIAN_POINT ( 'NONE',  ( -0.000000000000000000, -23.98601557123541284, 11.99999999999999822 ) ) ;
#4956 = CYLINDRICAL_SURFACE ( 'NONE', #1683, 8.000000000000001776 ) ;
#4957 = ORIENTED_EDGE ( 'NONE', *, *, #3341, .F. ) ;
#4958 = VECTOR ( 'NONE', #2165, 999.9999999999998863 ) ;
#4959 = ORIENTED_EDGE ( 'NONE', *, *, #3982, .F. ) ;
#4960 = CIRCLE ( 'NONE', #3727, 8.000000000000001776 ) ;
#4961 = LINE ( 'NONE', #1720, #1443 ) ;
#4962 = CARTESIAN_POINT ( 'NONE',  ( -50.15958197740008018, -6.431853008172041086, 16.55888904656887206 ) ) ;
#4963 = DIRECTION ( 'NONE',  ( 0.000000000000000000, -0.000000000000000000, -1.000000000000000000 ) ) ;
#4964 = ADVANCED_FACE ( 'NONE', ( #1219, #4436 ), #5806, .F. ) ;
#4965 = CARTESIAN_POINT ( 'NONE',  ( -1.982299343460751428, 4.901217410230757743, 13.96136639121347933 ) ) ;
#4966 = CYLINDRICAL_SURFACE ( 'NONE', #4638, 9.999999999999998224 ) ;
#4967 = VERTEX_POINT ( 'NONE', #1731 ) ;
#4968 = ORIENTED_EDGE ( 'NONE', *, *, #5485, .F. ) ;
#4969 = DIRECTION ( 'NONE',  ( -2.775557561562891351E-17, 0.1351132047333101216, 0.9908301680442994641 ) ) ;
#4970 = CIRCLE ( 'NONE', #949, 7.999999999999984013 ) ;
#4971 = DIRECTION ( 'NONE',  ( -1.000000000000000000, -1.115179377413661316E-16, 0.000000000000000000 ) ) ;
#4972 = ORIENTED_EDGE ( 'NONE', *, *, #1822, .T. ) ;
#4973 = DIRECTION ( 'NONE',  ( -0.7071067811865462405, 0.000000000000000000, -0.7071067811865489050 ) ) ;
#4974 = EDGE_CURVE ( 'NONE', #4488, #1603, #149, .T. ) ;
#4975 = EDGE_CURVE ( 'NONE', #4602, #1922, #3092, .T. ) ;
#4976 = CARTESIAN_POINT ( 'NONE',  ( -24.92386224243300674, 4.999999999999986677, 14.30780555145171995 ) ) ;
#4977 = EDGE_LOOP ( 'NONE', ( #513, #664, #31, #3161, #4334, #3992 ) ) ;
#4978 = PLANE ( 'NONE',  #5728 ) ;
#4979 = ORIENTED_EDGE ( 'NONE', *, *, #5217, .F. ) ;
#4980 = EDGE_CURVE ( 'NONE', #2774, #2315, #5891, .T. ) ;
#4981 = CARTESIAN_POINT ( 'NONE',  ( -55.65844262111586005, -17.00000000000057554, 18.00000000000000000 ) ) ;
#4982 = EDGE_LOOP ( 'NONE', ( #1502, #209 ) ) ;
#4983 = CARTESIAN_POINT ( 'NONE',  ( 6.348247612261127770, -3.665162467821358572, 0.000000000000000000 ) ) ;
#4984 = CARTESIAN_POINT ( 'NONE',  ( -6.852472409082835725, -29.56101557123542278, 11.99999999999999822 ) ) ;
#4985 = PLANE ( 'NONE',  #819 ) ;
#4986 = ORIENTED_EDGE ( 'NONE', *, *, #5876, .T. ) ;
#4987 = ORIENTED_EDGE ( 'NONE', *, *, #1229, .F. ) ;
#4988 = AXIS2_PLACEMENT_3D ( 'NONE', #5767, #3054, #1097 ) ;
#4989 = FACE_OUTER_BOUND ( 'NONE', #1293, .T. ) ;
#4990 = PLANE ( 'NONE',  #262 ) ;
#4991 = DIRECTION ( 'NONE',  ( -1.000000000000000000, -1.115179377413661316E-16, 0.000000000000000000 ) ) ;
#4992 = CARTESIAN_POINT ( 'NONE',  ( -7.526631153177593347, -7.627273089688088703, 18.00000000000000000 ) ) ;
#4993 = CARTESIAN_POINT ( 'NONE',  ( -52.57001935126676528, -2.700476670787024247, 13.02230091267440493 ) ) ;
#4994 = ORIENTED_EDGE ( 'NONE', *, *, #1750, .F. ) ;
#4995 =( BOUNDED_CURVE ( )  B_SPLINE_CURVE ( 3, ( #102, #5905, #73, #2312 ),
 .UNSPECIFIED., .F., .T. ) 
 B_SPLINE_CURVE_WITH_KNOTS ( ( 4, 4 ),
 ( 3.141592653589793116, 6.283185307179586232 ),
 .UNSPECIFIED. ) 
 CURVE ( )  GEOMETRIC_REPRESENTATION_ITEM ( )  RATIONAL_B_SPLINE_CURVE ( ( 1.000000000000000000, 0.3333333333333333703, 0.3333333333333333703, 1.000000000000000000 ) ) 
 REPRESENTATION_ITEM ( '' )  );
#4996 = ADVANCED_FACE ( 'NONE', ( #3631, #3062 ), #3958, .F. ) ;
#4997 = VERTEX_POINT ( 'NONE', #5417 ) ;
#4998 = DIRECTION ( 'NONE',  ( 0.000000000000000000, 0.000000000000000000, -1.000000000000000000 ) ) ;
#4999 = PLANE ( 'NONE',  #2738 ) ;
#5000 = ORIENTED_EDGE ( 'NONE', *, *, #4604, .T. ) ;
#5001 = CARTESIAN_POINT ( 'NONE',  ( -42.32500000000000284, -25.60311589323426062, 4.867473198773711651 ) ) ;
#5002 = CARTESIAN_POINT ( 'NONE',  ( -8.602730147889973367, -29.56101557123541568, 0.000000000000000000 ) ) ;
#5003 = ORIENTED_EDGE ( 'NONE', *, *, #1924, .T. ) ;
#5004 = DIRECTION ( 'NONE',  ( -0.003528508963932242264, -0.9908239999212719029, 0.1351123636256245653 ) ) ;
#5005 = ORIENTED_EDGE ( 'NONE', *, *, #1741, .F. ) ;
#5006 =( BOUNDED_CURVE ( )  B_SPLINE_CURVE ( 3, ( #2840, #4319, #1137, #244 ),
 .UNSPECIFIED., .F., .T. ) 
 B_SPLINE_CURVE_WITH_KNOTS ( ( 4, 4 ),
 ( 1.256521101019448139, 1.781391419652137431 ),
 .UNSPECIFIED. ) 
 CURVE ( )  GEOMETRIC_REPRESENTATION_ITEM ( )  RATIONAL_B_SPLINE_CURVE ( ( 1.000000000000000000, 0.9771740542046321032, 0.9771740542046321032, 1.000000000000000000 ) ) 
 REPRESENTATION_ITEM ( '' )  );
#5007 = EDGE_CURVE ( 'NONE', #2056, #2213, #3509, .T. ) ;
#5008 = EDGE_CURVE ( 'NONE', #3658, #5622, #2159, .T. ) ;
#5009 = CARTESIAN_POINT ( 'NONE',  ( -35.00000000000000000, -25.60311589323426062, 17.49999999999999645 ) ) ;
#5010 = AXIS2_PLACEMENT_3D ( 'NONE', #4983, #3672, #4587 ) ;
#5011 = VERTEX_POINT ( 'NONE', #4910 ) ;
#5012 = ADVANCED_FACE ( 'NONE', ( #2643 ), #4999, .F. ) ;
#5013 = LINE ( 'NONE', #2922, #889 ) ;
#5014 = DIRECTION ( 'NONE',  ( -0.2185859939626403348, -0.6724731691624353802, -0.7071067811865442421 ) ) ;
#5015 = DIRECTION ( 'NONE',  ( 0.000000000000000000, 0.000000000000000000, 1.000000000000000000 ) ) ;
#5016 = EDGE_LOOP ( 'NONE', ( #4494, #5435, #126, #4914 ) ) ;
#5017 = EDGE_CURVE ( 'NONE', #3986, #3028, #2735, .T. ) ;
#5018 = ORIENTED_EDGE ( 'NONE', *, *, #2935, .F. ) ;
#5019 = CARTESIAN_POINT ( 'NONE',  ( -55.65844262111586005, -17.00000000000057554, 18.00000000000000000 ) ) ;
#5020 = CARTESIAN_POINT ( 'NONE',  ( 4.987074249742026844, -15.34258240784444638, 0.000000000000000000 ) ) ;
#5021 = AXIS2_PLACEMENT_3D ( 'NONE', #2585, #5753, #4015 ) ;
#5022 = LINE ( 'NONE', #911, #4262 ) ;
#5023 = DIRECTION ( 'NONE',  ( -1.000000000000000000, 0.000000000000000000, 0.000000000000000000 ) ) ;
#5024 = CARTESIAN_POINT ( 'NONE',  ( -19.84041802259992693, 4.152014695937503497, 20.16190783945727105 ) ) ;
#5025 = ORIENTED_EDGE ( 'NONE', *, *, #1166, .T. ) ;
#5026 = DIRECTION ( 'NONE',  ( -0.000000000000000000, -0.000000000000000000, 1.000000000000000000 ) ) ;
#5027 = AXIS2_PLACEMENT_3D ( 'NONE', #5769, #2205, #4034 ) ;
#5028 = ORIENTED_EDGE ( 'NONE', *, *, #5407, .F. ) ;
#5029 = DIRECTION ( 'NONE',  ( 0.7071067811865489050, 0.7071067811865462405, 0.000000000000000000 ) ) ;
#5030 = DIRECTION ( 'NONE',  ( 0.3779644730092268090, 0.6546536707079771977, -0.6546536707079771977 ) ) ;
#5031 = ORIENTED_EDGE ( 'NONE', *, *, #3831, .T. ) ;
#5032 = CARTESIAN_POINT ( 'NONE',  ( -55.99871968665361521, 4.339195839952888711, 14.70086845736854819 ) ) ;
#5033 = VECTOR ( 'NONE', #5504, 1000.000000000000000 ) ;
#5034 = AXIS2_PLACEMENT_3D ( 'NONE', #3043, #1115, #1200 ) ;
#5035 = ORIENTED_EDGE ( 'NONE', *, *, #4056, .F. ) ;
#5036 = DIRECTION ( 'NONE',  ( -0.000000000000000000, -0.000000000000000000, 1.000000000000000000 ) ) ;
#5037 = ORIENTED_EDGE ( 'NONE', *, *, #3078, .T. ) ;
#5038 = PLANE ( 'NONE',  #3133 ) ;
#5039 = EDGE_CURVE ( 'NONE', #5424, #1707, #4173, .T. ) ;
#5040 = ORIENTED_EDGE ( 'NONE', *, *, #1087, .F. ) ;
#5041 = DIRECTION ( 'NONE',  ( 1.000000000000000000, 3.750144770645340280E-18, 2.750106165139985384E-17 ) ) ;
#5042 =( NAMED_UNIT ( * ) SI_UNIT ( $, .STERADIAN. ) SOLID_ANGLE_UNIT ( ) );
#5043 = DIRECTION ( 'NONE',  ( 0.000000000000000000, -0.000000000000000000, -1.000000000000000000 ) ) ;
#5044 = ORIENTED_EDGE ( 'NONE', *, *, #5068, .T. ) ;
#5045 = EDGE_CURVE ( 'NONE', #54, #657, #623, .T. ) ;
#5046 = ADVANCED_FACE ( 'NONE', ( #5861 ), #4735, .T. ) ;
#5047 = VERTEX_POINT ( 'NONE', #3601 ) ;
#5048 = CARTESIAN_POINT ( 'NONE',  ( -50.38284929026821857, -29.08855160027669839, 11.99999999999999822 ) ) ;
#5049 = CARTESIAN_POINT ( 'NONE',  ( -0.3347334515800156063, -16.69016841334221724, 17.28632685012332360 ) ) ;
#5050 = LINE ( 'NONE', #48, #1963 ) ;
#5051 = CARTESIAN_POINT ( 'NONE',  ( -54.13709021705045643, -33.73601557123543415, 13.40000000000001812 ) ) ;
#5052 = AXIS2_PLACEMENT_3D ( 'NONE', #632, #5277, #4824 ) ;
#5053 = EDGE_CURVE ( 'NONE', #1922, #3132, #1249, .T. ) ;
#5054 = LINE ( 'NONE', #1301, #1193 ) ;
#5055 = ORIENTED_EDGE ( 'NONE', *, *, #4937, .T. ) ;
#5056 = CARTESIAN_POINT ( 'NONE',  ( -37.26435730553957626, -18.63688944035106942, 1.071884106765687905 ) ) ;
#5057 = AXIS2_PLACEMENT_3D ( 'NONE', #2652, #334, #808 ) ;
#5058 = VERTEX_POINT ( 'NONE', #2789 ) ;
#5059 = CARTESIAN_POINT ( 'NONE',  ( -49.32239670527114583, -32.99576209540339278, 0.000000000000000000 ) ) ;
#5060 = DIRECTION ( 'NONE',  ( 0.000000000000000000, -0.000000000000000000, -1.000000000000000000 ) ) ;
#5061 = ORIENTED_EDGE ( 'NONE', *, *, #653, .T. ) ;
#5062 = CARTESIAN_POINT ( 'NONE',  ( -55.90047950340915150, 4.009169831955664343, 15.13511320473330990 ) ) ;
#5063 = LINE ( 'NONE', #863, #3348 ) ;
#5064 = ORIENTED_EDGE ( 'NONE', *, *, #139, .F. ) ;
#5065 = CARTESIAN_POINT ( 'NONE',  ( -19.84041802259992693, -16.32788483778348620, 18.00000000000000000 ) ) ;
#5066 = VERTEX_POINT ( 'NONE', #1367 ) ;
#5067 = CARTESIAN_POINT ( 'NONE',  ( -6.042642927000290598, -39.00000000000000711, 18.00000000000000000 ) ) ;
#5068 = EDGE_CURVE ( 'NONE', #3458, #4465, #2163, .T. ) ;
#5069 = ORIENTED_EDGE ( 'NONE', *, *, #6, .F. ) ;
#5070 = DIRECTION ( 'NONE',  ( -0.000000000000000000, -0.000000000000000000, 1.000000000000000000 ) ) ;
#5071 = CYLINDRICAL_SURFACE ( 'NONE', #1370, 3.200000000000003286 ) ;
#5072 = DIRECTION ( 'NONE',  ( 8.659560562354877391E-17, -0.7961621941230968558, -0.6050832675335653388 ) ) ;
#5073 = LINE ( 'NONE', #2658, #916 ) ;
#5074 = VERTEX_POINT ( 'NONE', #501 ) ;
#5075 = ORIENTED_EDGE ( 'NONE', *, *, #1750, .T. ) ;
#5076 = CIRCLE ( 'NONE', #960, 3.200000000000003730 ) ;
#5077 = DIRECTION ( 'NONE',  ( 0.000000000000000000, 0.9908301680442994641, -0.1351132047333100938 ) ) ;
#5078 = DIRECTION ( 'NONE',  ( -0.000000000000000000, 0.1351132047333103159, 0.9908301680442993531 ) ) ;
#5079 = DIRECTION ( 'NONE',  ( -0.000000000000000000, 0.000000000000000000, 1.000000000000000000 ) ) ;
#5080 = CARTESIAN_POINT ( 'NONE',  ( -20.84187179417856939, -16.76220039883136437, 4.801184827595968763 ) ) ;
#5081 = EDGE_CURVE ( 'NONE', #1499, #140, #3685, .T. ) ;
#5082 = CARTESIAN_POINT ( 'NONE',  ( -48.54752759091716285, -29.56101557123542278, 3.026981782345779415 ) ) ;
#5083 = ORIENTED_EDGE ( 'NONE', *, *, #4626, .T. ) ;
#5084 = EDGE_CURVE ( 'NONE', #2061, #4967, #1581, .T. ) ;
#5085 = ORIENTED_EDGE ( 'NONE', *, *, #4306, .T. ) ;
#5086 = DIRECTION ( 'NONE',  ( 0.000000000000000000, -0.9908301680442994641, 0.1351132047333100938 ) ) ;
#5087 = FACE_OUTER_BOUND ( 'NONE', #5276, .T. ) ;
#5088 = CARTESIAN_POINT ( 'NONE',  ( -63.53058511118329932, -15.95727432898451070, 17.85781013577053855 ) ) ;
#5089 = EDGE_CURVE ( 'NONE', #5103, #5850, #3775, .T. ) ;
#5090 = CARTESIAN_POINT ( 'NONE',  ( -42.32500000000000284, -25.55651710327461856, 4.911789611509437492 ) ) ;
#5091 = EDGE_LOOP ( 'NONE', ( #3256, #466 ) ) ;
#5092 = VECTOR ( 'NONE', #3387, 1000.000000000000227 ) ;
#5093 = CARTESIAN_POINT ( 'NONE',  ( -3.369414888816732567, -15.95727432898450004, 7.999999999999998224 ) ) ;
#5094 = ORIENTED_EDGE ( 'NONE', *, *, #3030, .F. ) ;
#5095 = ORIENTED_EDGE ( 'NONE', *, *, #1960, .T. ) ;
#5096 = DIRECTION ( 'NONE',  ( -0.000000000000000000, 0.1351132047333099273, 0.9908301680442995751 ) ) ;
#5097 = ORIENTED_EDGE ( 'NONE', *, *, #1904, .F. ) ;
#5098 = PLANE ( 'NONE',  #4293 ) ;
#5099 = CARTESIAN_POINT ( 'NONE',  ( -32.09516680184795945, -16.66648481620635991, -1.000000000000105027 ) ) ;
#5100 = CARTESIAN_POINT ( 'NONE',  ( -68.00000000000001421, -40.00000000000002842, 0.000000000000000000 ) ) ;
#5101 = LINE ( 'NONE', #4769, #2748 ) ;
#5102 = ORIENTED_EDGE ( 'NONE', *, *, #1527, .T. ) ;
#5103 = VERTEX_POINT ( 'NONE', #2297 ) ;
#5104 = EDGE_CURVE ( 'NONE', #2831, #1751, #2396, .T. ) ;
#5105 = FACE_OUTER_BOUND ( 'NONE', #3479, .T. ) ;
#5106 = DIRECTION ( 'NONE',  ( 0.000000000000000000, -0.9908301680442994641, 0.1351132047333100938 ) ) ;
#5107 = CARTESIAN_POINT ( 'NONE',  ( -63.53058511118329932, -7.525733215346147809, 16.70805452936533797 ) ) ;
#5108 = CARTESIAN_POINT ( 'NONE',  ( -56.54752759091716285, -29.56101557123542278, 0.000000000000000000 ) ) ;
#5109 = EDGE_LOOP ( 'NONE', ( #2422, #3522, #994, #4151, #3586 ) ) ;
#5110 = VECTOR ( 'NONE', #4339, 1000.000000000000000 ) ;
#5111 = ORIENTED_EDGE ( 'NONE', *, *, #4535, .F. ) ;
#5112 = ADVANCED_FACE ( 'NONE', ( #1942 ), #4131, .F. ) ;
#5113 = CARTESIAN_POINT ( 'NONE',  ( -70.00000000000000000, -38.00000000000002132, 0.000000000000000000 ) ) ;
#5114 = FACE_OUTER_BOUND ( 'NONE', #2809, .T. ) ;
#5115 = FACE_BOUND ( 'NONE', #2264, .T. ) ;
#5116 = CARTESIAN_POINT ( 'NONE',  ( -67.00277341180409962, -11.45199860383688772, -0.5340169673985258880 ) ) ;
#5117 = VERTEX_POINT ( 'NONE', #4633 ) ;
#5118 = CIRCLE ( 'NONE', #2538, 8.000000000000001776 ) ;
#5119 = EDGE_CURVE ( 'NONE', #5648, #5011, #4936, .T. ) ;
#5120 = EDGE_CURVE ( 'NONE', #5710, #2686, #908, .T. ) ;
#5121 = AXIS2_PLACEMENT_3D ( 'NONE', #3224, #5014, #4147 ) ;
#5122 = CARTESIAN_POINT ( 'NONE',  ( -50.15958197740008018, 0.4949506211558455937, 8.145840165174590197 ) ) ;
#5123 = ORIENTED_EDGE ( 'NONE', *, *, #2524, .F. ) ;
#5124 = CARTESIAN_POINT ( 'NONE',  ( -63.53058511118329932, -15.95727432898451070, 23.00000000000000000 ) ) ;
#5125 = CONICAL_SURFACE ( 'NONE', #1673, 7.124999999999985789, 0.7853981633974554954 ) ;
#5126 = ORIENTED_EDGE ( 'NONE', *, *, #5045, .F. ) ;
#5127 = DIRECTION ( 'NONE',  ( -2.775557561562891351E-17, 0.1351132047333101216, 0.9908301680442994641 ) ) ;
#5128 = EDGE_LOOP ( 'NONE', ( #2710, #2145, #2956, #3683, #1378, #5663, #4612 ) ) ;
#5129 = DIRECTION ( 'NONE',  ( 0.6123724356957985782, -0.2547719021193975419, 0.7483924624757115618 ) ) ;
#5130 = DIRECTION ( 'NONE',  ( -0.000000000000000000, 0.000000000000000000, 1.000000000000000000 ) ) ;
#5131 = CARTESIAN_POINT ( 'NONE',  ( -56.54752759091716285, -29.56101557123542278, 23.00000000000000000 ) ) ;
#5132 = ORIENTED_EDGE ( 'NONE', *, *, #2590, .T. ) ;
#5133 = ORIENTED_EDGE ( 'NONE', *, *, #186, .F. ) ;
#5134 = CARTESIAN_POINT ( 'NONE',  ( -21.45247240908284070, -28.88794506425168507, 3.667085751001809335 ) ) ;
#5135 = PLANE ( 'NONE',  #331 ) ;
#5136 = LINE ( 'NONE', #3886, #1572 ) ;
#5137 = VERTEX_POINT ( 'NONE', #533 ) ;
#5138 = VECTOR ( 'NONE', #3592, 999.9999999999998863 ) ;
#5139 = AXIS2_PLACEMENT_3D ( 'NONE', #5421, #5896, #3782 ) ;
#5140 = ORIENTED_EDGE ( 'NONE', *, *, #3438, .F. ) ;
#5141 = ADVANCED_FACE ( 'NONE', ( #5114 ), #3506, .T. ) ;
#5142 = CARTESIAN_POINT ( 'NONE',  ( -23.09331905315976741, -12.77984300840794774, 11.36899587082615426 ) ) ;
#5143 = DIRECTION ( 'NONE',  ( 1.000000000000000000, 0.000000000000000000, 0.000000000000000000 ) ) ;
#5144 = CARTESIAN_POINT ( 'NONE',  ( -3.369414888816732567, -15.95727432898450004, 7.999999999999998224 ) ) ;
#5145 = FACE_BOUND ( 'NONE', #3752, .T. ) ;
#5146 = ORIENTED_EDGE ( 'NONE', *, *, #4240, .F. ) ;
#5147 = CIRCLE ( 'NONE', #4480, 3.100000000000005418 ) ;
#5148 = DIRECTION ( 'NONE',  ( -0.000000000000000000, -0.000000000000000000, 1.000000000000000000 ) ) ;
#5149 = EDGE_LOOP ( 'NONE', ( #1236, #5140, #5756, #3101 ) ) ;
#5150 = LINE ( 'NONE', #477, #3410 ) ;
#5151 = ORIENTED_EDGE ( 'NONE', *, *, #3320, .F. ) ;
#5152 = ADVANCED_FACE ( 'NONE', ( #3267 ), #2166, .T. ) ;
#5153 = LINE ( 'NONE', #3247, #546 ) ;
#5154 = EDGE_CURVE ( 'NONE', #2639, #1696, #1584, .T. ) ;
#5155 = CIRCLE ( 'NONE', #3048, 8.000000000000001776 ) ;
#5156 = EDGE_CURVE ( 'NONE', #876, #4876, #5473, .T. ) ;
#5157 = ORIENTED_EDGE ( 'NONE', *, *, #3874, .T. ) ;
#5158 = FACE_BOUND ( 'NONE', #4110, .T. ) ;
#5159 = AXIS2_PLACEMENT_3D ( 'NONE', #831, #4491, #5029 ) ;
#5160 = CARTESIAN_POINT ( 'NONE',  ( -22.45247240908282294, -29.56101557123542278, 23.00000000000000000 ) ) ;
#5161 = EDGE_LOOP ( 'NONE', ( #1658, #263, #838, #3505 ) ) ;
#5162 = ORIENTED_EDGE ( 'NONE', *, *, #4277, .F. ) ;
#5163 = CARTESIAN_POINT ( 'NONE',  ( -1.000000000000002220, 2.592255555185246862, 15.32832878792927289 ) ) ;
#5164 = CARTESIAN_POINT ( 'NONE',  ( -17.74618828981652996, 4.999999999999986677, 15.33227305420652264 ) ) ;
#5165 = FACE_BOUND ( 'NONE', #3583, .T. ) ;
#5166 = EDGE_LOOP ( 'NONE', ( #1796, #3550, #2628, #5267 ) ) ;
#5167 = EDGE_LOOP ( 'NONE', ( #5025, #3706, #951, #5256 ) ) ;
#5168 = DIRECTION ( 'NONE',  ( -0.000000000000000000, 0.000000000000000000, 1.000000000000000000 ) ) ;
#5169 = CARTESIAN_POINT ( 'NONE',  ( -13.45247240908284425, -29.56101557123542278, 23.00000000000000000 ) ) ;
#5170 = FACE_OUTER_BOUND ( 'NONE', #3366, .T. ) ;
#5171 = CIRCLE ( 'NONE', #4029, 3.200000000000003286 ) ;
#5172 = CARTESIAN_POINT ( 'NONE',  ( -54.13709021705044933, -25.38601557123543273, 15.00000000000000000 ) ) ;
#5173 = CARTESIAN_POINT ( 'NONE',  ( -66.63058511118330784, -7.525733215346147809, 23.00000000000000000 ) ) ;
#5174 = VECTOR ( 'NONE', #4401, 1000.000000000000114 ) ;
#5175 = EDGE_LOOP ( 'NONE', ( #2160, #2259, #3607, #4392 ) ) ;
#5176 = ORIENTED_EDGE ( 'NONE', *, *, #5637, .T. ) ;
#5177 = CARTESIAN_POINT ( 'NONE',  ( -51.59528485556644739, -29.78855160027670834, 0.000000000000000000 ) ) ;
#5178 = PLANE ( 'NONE',  #3693 ) ;
#5179 = AXIS2_PLACEMENT_3D ( 'NONE', #1517, #2395, #118 ) ;
#5180 = VERTEX_POINT ( 'NONE', #2885 ) ;
#5181 = DIRECTION ( 'NONE',  ( 0.000000000000000000, 0.000000000000000000, -1.000000000000000000 ) ) ;
#5182 =( BOUNDED_CURVE ( )  B_SPLINE_CURVE ( 3, ( #3564, #1361, #4992, #941 ),
 .UNSPECIFIED., .F., .T. ) 
 B_SPLINE_CURVE_WITH_KNOTS ( ( 4, 4 ),
 ( 0.5428379175784805444, 2.104451609457278938 ),
 .UNSPECIFIED. ) 
 CURVE ( )  GEOMETRIC_REPRESENTATION_ITEM ( )  RATIONAL_B_SPLINE_CURVE ( ( 1.000000000000000000, 0.8068972456851493114, 0.8068972456851493114, 1.000000000000000000 ) ) 
 REPRESENTATION_ITEM ( '' )  );
#5183 = VERTEX_POINT ( 'NONE', #4605 ) ;
#5184 = VECTOR ( 'NONE', #1992, 1000.000000000000114 ) ;
#5185 = ADVANCED_FACE ( 'NONE', ( #1824 ), #1014, .F. ) ;
#5186 = DIRECTION ( 'NONE',  ( -0.000000000000000000, -0.000000000000000000, -1.000000000000000000 ) ) ;
#5187 = ADVANCED_FACE ( 'NONE', ( #2327 ), #4162, .F. ) ;
#5188 = DIRECTION ( 'NONE',  ( 0.000000000000000000, 0.000000000000000000, -1.000000000000000000 ) ) ;
#5189 = LINE ( 'NONE', #2017, #4558 ) ;
#5190 = EDGE_CURVE ( 'NONE', #930, #2324, #56, .T. ) ;
#5191 = ADVANCED_FACE ( 'NONE', ( #5087 ), #3893, .F. ) ;
#5192 = ORIENTED_EDGE ( 'NONE', *, *, #5007, .T. ) ;
#5193 = PLANE ( 'NONE',  #1258 ) ;
#5194 = CARTESIAN_POINT ( 'NONE',  ( -28.28071360458309869, -35.32460449163507832, 23.00000000000000000 ) ) ;
#5195 = CARTESIAN_POINT ( 'NONE',  ( -47.74914460353338796, -13.39818356421937828, -3.627520423060911270 ) ) ;
#5196 = ORIENTED_EDGE ( 'NONE', *, *, #2640, .T. ) ;
#5197 = EDGE_CURVE ( 'NONE', #4838, #1558, #3218, .T. ) ;
#5198 = ORIENTED_EDGE ( 'NONE', *, *, #5746, .T. ) ;
#5199 = DIRECTION ( 'NONE',  ( 1.000000000000000000, 0.000000000000000000, 0.000000000000000000 ) ) ;
#5200 = DIRECTION ( 'NONE',  ( -0.000000000000000000, -0.000000000000000000, 1.000000000000000000 ) ) ;
#5201 = CARTESIAN_POINT ( 'NONE',  ( -66.63058511118330784, -7.525733215346147809, 7.999999999999998224 ) ) ;
#5202 = DIRECTION ( 'NONE',  ( -1.000000000000000000, 0.000000000000000000, 0.000000000000000000 ) ) ;
#5203 = ORIENTED_EDGE ( 'NONE', *, *, #5667, .T. ) ;
#5204 = VECTOR ( 'NONE', #4514, 1000.000000000000000 ) ;
#5205 = DIRECTION ( 'NONE',  ( -1.000000000000000000, 0.000000000000000000, -0.000000000000000000 ) ) ;
#5206 = DIRECTION ( 'NONE',  ( 1.000000000000000000, 0.000000000000000000, -0.000000000000000000 ) ) ;
#5207 = VERTEX_POINT ( 'NONE', #1127 ) ;
#5208 = AXIS2_PLACEMENT_3D ( 'NONE', #5626, #1519, #3358 ) ;
#5209 = CARTESIAN_POINT ( 'NONE',  ( -19.84041802259992693, -6.161626598705415958, 18.54054938265750252 ) ) ;
#5210 = CIRCLE ( 'NONE', #420, 10.00000000000000533 ) ;
#5211 = CARTESIAN_POINT ( 'NONE',  ( -63.53058511118329932, -15.95727432898451070, 17.85781013577053855 ) ) ;
#5212 = MECHANICAL_DESIGN_GEOMETRIC_PRESENTATION_REPRESENTATION (  '', ( #3689 ), #1285 ) ;
#5213 = AXIS2_PLACEMENT_3D ( 'NONE', #385, #1702, #5359 ) ;
#5214 = PRODUCT_DEFINITION_SHAPE ( 'NONE', 'NONE',  #3739 ) ;
#5215 = VERTEX_POINT ( 'NONE', #3388 ) ;
#5216 = LINE ( 'NONE', #2046, #3155 ) ;
#5217 = EDGE_CURVE ( 'NONE', #1825, #2829, #2393, .T. ) ;
#5218 = CARTESIAN_POINT ( 'NONE',  ( -25.33927866631572456, -17.00000000000057199, 18.00000000000000000 ) ) ;
#5219 = CARTESIAN_POINT ( 'NONE',  ( 3.865955175034026225E-15, -39.00000000000000711, 18.00000000000000000 ) ) ;
#5220 = VECTOR ( 'NONE', #119, 1000.000000000000114 ) ;
#5221 = EDGE_CURVE ( 'NONE', #4551, #4571, #674, .T. ) ;
#5222 = ORIENTED_EDGE ( 'NONE', *, *, #4820, .T. ) ;
#5223 = VECTOR ( 'NONE', #1778, 1000.000000000000114 ) ;
#5224 = CARTESIAN_POINT ( 'NONE',  ( -19.84041802259992693, -16.32788483778348620, 18.00000000000000000 ) ) ;
#5225 = LINE ( 'NONE', #3855, #1094 ) ;
#5226 = EDGE_CURVE ( 'NONE', #3919, #1244, #5864, .T. ) ;
#5227 = LINE ( 'NONE', #559, #427 ) ;
#5228 = ORIENTED_EDGE ( 'NONE', *, *, #5851, .F. ) ;
#5229 = ADVANCED_FACE ( 'NONE', ( #143 ), #4310, .F. ) ;
#5230 = AXIS2_PLACEMENT_3D ( 'NONE', #4888, #1171, #1594 ) ;
#5231 = ORIENTED_EDGE ( 'NONE', *, *, #217, .T. ) ;
#5232 = CARTESIAN_POINT ( 'NONE',  ( -13.45247240908284425, -29.56101557123542278, 11.99999999999999822 ) ) ;
#5233 = ADVANCED_FACE ( 'NONE', ( #4367 ), #5744, .F. ) ;
#5234 = DIRECTION ( 'NONE',  ( 0.3779644730092258098, -0.7371029619981793735, -0.5601982511186274216 ) ) ;
#5235 = FACE_OUTER_BOUND ( 'NONE', #1036, .T. ) ;
#5236 = CARTESIAN_POINT ( 'NONE',  ( 7.560683177559358370, -4.365162467821368075, 11.99999999999999822 ) ) ;
#5237 = CARTESIAN_POINT ( 'NONE',  ( -19.84041802259992693, -14.67375849690415812, 22.72905872939016447 ) ) ;
#5238 = ORIENTED_EDGE ( 'NONE', *, *, #2287, .T. ) ;
#5239 = CARTESIAN_POINT ( 'NONE',  ( -50.15958197740008018, -6.161626598705414182, 18.54054938265750607 ) ) ;
#5240 = CARTESIAN_POINT ( 'NONE',  ( -0.9999999999999986677, -9.524701220256064360, 16.98064107548941237 ) ) ;
#5241 = ORIENTED_EDGE ( 'NONE', *, *, #2897, .T. ) ;
#5242 = CARTESIAN_POINT ( 'NONE',  ( -35.00000000000000000, -25.60311589323426062, 5.000000000000000000 ) ) ;
#5243 = AXIS2_PLACEMENT_3D ( 'NONE', #574, #629, #600 ) ;
#5244 = CARTESIAN_POINT ( 'NONE',  ( -45.75283690982781337, 2.104719014377920416, 22.66922252741707666 ) ) ;
#5245 = VECTOR ( 'NONE', #894, 1000.000000000000000 ) ;
#5246 = EDGE_LOOP ( 'NONE', ( #352, #3137, #847, #3853, #1254 ) ) ;
#5247 = CARTESIAN_POINT ( 'NONE',  ( -48.54752759091716285, -29.56101557123542278, 3.026981782345779415 ) ) ;
#5248 = LINE ( 'NONE', #5642, #2431 ) ;
#5249 = CARTESIAN_POINT ( 'NONE',  ( -50.15958197740008018, -10.00784916011373227, 14.01876079758256743 ) ) ;
#5250 = EDGE_CURVE ( 'NONE', #811, #5899, #626, .T. ) ;
#5251 = VECTOR ( 'NONE', #1218, 1000.000000000000000 ) ;
#5252 = EDGE_LOOP ( 'NONE', ( #301, #4714, #1040, #4 ) ) ;
#5253 = FACE_OUTER_BOUND ( 'NONE', #2440, .T. ) ;
#5254 = CARTESIAN_POINT ( 'NONE',  ( -18.78482245390046401, 4.999999999999988454, 15.48714989673471187 ) ) ;
#5255 = DIRECTION ( 'NONE',  ( 0.000000000000000000, -0.1351132047333097885, -0.9908301680442995751 ) ) ;
#5256 = ORIENTED_EDGE ( 'NONE', *, *, #5781, .F. ) ;
#5257 = ORIENTED_EDGE ( 'NONE', *, *, #3662, .T. ) ;
#5258 = ORIENTED_EDGE ( 'NONE', *, *, #3190, .T. ) ;
#5259 = FACE_OUTER_BOUND ( 'NONE', #796, .T. ) ;
#5260 = DIRECTION ( 'NONE',  ( 0.000000000000000000, 0.000000000000000000, 1.000000000000000000 ) ) ;
#5261 = DIRECTION ( 'NONE',  ( -1.000000000000000000, 0.000000000000000000, 0.000000000000000000 ) ) ;
#5262 = DIRECTION ( 'NONE',  ( 0.000000000000000000, -0.7071067811865475727, 0.7071067811865475727 ) ) ;
#5263 = EDGE_CURVE ( 'NONE', #199, #2770, #2966, .T. ) ;
#5264 = CARTESIAN_POINT ( 'NONE',  ( -50.15958197740008018, -6.431853008172041086, 16.55888904656887206 ) ) ;
#5265 = ORIENTED_EDGE ( 'NONE', *, *, #5515, .F. ) ;
#5266 = ADVANCED_FACE ( 'NONE', ( #5235, #1610 ), #3025, .F. ) ;
#5267 = ORIENTED_EDGE ( 'NONE', *, *, #66, .T. ) ;
#5268 = DIRECTION ( 'NONE',  ( 1.000000000000000000, 0.000000000000000000, 0.000000000000000000 ) ) ;
#5269 = EDGE_CURVE ( 'NONE', #228, #1742, #4459, .T. ) ;
#5270 = CARTESIAN_POINT ( 'NONE',  ( -16.68563391654475225, -23.96101557123539649, 11.99999999999999822 ) ) ;
#5271 = ORIENTED_EDGE ( 'NONE', *, *, #5843, .T. ) ;
#5272 = LINE ( 'NONE', #1165, #868 ) ;
#5273 = EDGE_CURVE ( 'NONE', #1809, #1603, #592, .T. ) ;
#5274 = DIRECTION ( 'NONE',  ( 1.000000000000000000, 0.000000000000000000, 0.000000000000000000 ) ) ;
#5275 = VECTOR ( 'NONE', #2574, 1000.000000000000000 ) ;
#5276 = EDGE_LOOP ( 'NONE', ( #4559, #3034, #637, #4957 ) ) ;
#5277 = DIRECTION ( 'NONE',  ( 1.000000000000000000, 0.000000000000000000, -0.000000000000000000 ) ) ;
#5278 = CARTESIAN_POINT ( 'NONE',  ( -24.22408343512562112, -40.00000000000002132, 14.99999999999999645 ) ) ;
#5279 = PLANE ( 'NONE',  #4187 ) ;
#5280 = CIRCLE ( 'NONE', #3470, 7.999999999999984013 ) ;
#5281 = ORIENTED_EDGE ( 'NONE', *, *, #1465, .T. ) ;
#5282 = DIRECTION ( 'NONE',  ( 0.000000000000000000, 0.000000000000000000, -1.000000000000000000 ) ) ;
#5283 = DIRECTION ( 'NONE',  ( 0.000000000000000000, 0.000000000000000000, -1.000000000000000000 ) ) ;
#5284 = DIRECTION ( 'NONE',  ( 1.000000000000000000, 0.000000000000000000, 0.000000000000000000 ) ) ;
#5285 = ORIENTED_EDGE ( 'NONE', *, *, #2248, .F. ) ;
#5286 = EDGE_LOOP ( 'NONE', ( #5570, #4357, #3063, #5146, #428 ) ) ;
#5287 = CARTESIAN_POINT ( 'NONE',  ( -51.22821886427043125, -20.34770259553917526, 26.78831297569627523 ) ) ;
#5288 = DIRECTION ( 'NONE',  ( 0.000000000000000000, 0.6050832675335560129, -0.7961621941231038502 ) ) ;
#5289 = FACE_OUTER_BOUND ( 'NONE', #2067, .T. ) ;
#5290 = DIRECTION ( 'NONE',  ( 0.9510206761615280779, 0.3091272772067680807, 0.000000000000000000 ) ) ;
#5291 = EDGE_LOOP ( 'NONE', ( #3715, #2943 ) ) ;
#5292 = AXIS2_PLACEMENT_3D ( 'NONE', #2712, #3642, #5457 ) ;
#5293 = EDGE_CURVE ( 'NONE', #4876, #1920, #2424, .T. ) ;
#5294 = VERTEX_POINT ( 'NONE', #2482 ) ;
#5295 = FACE_OUTER_BOUND ( 'NONE', #3019, .T. ) ;
#5296 = DIRECTION ( 'NONE',  ( -1.000000000000000000, -7.104669526184877384E-15, 0.000000000000000000 ) ) ;
#5297 = ORIENTED_EDGE ( 'NONE', *, *, #3286, .F. ) ;
#5298 = CARTESIAN_POINT ( 'NONE',  ( -1.744414888816732345, -15.95727432898450004, 0.000000000000000000 ) ) ;
#5299 = CARTESIAN_POINT ( 'NONE',  ( -14.09952049659084850, 4.009169831955667007, 15.13511320473330990 ) ) ;
#5300 = ADVANCED_FACE ( 'NONE', ( #204 ), #537, .F. ) ;
#5301 = ADVANCED_FACE ( 'NONE', ( #5170 ), #1072, .F. ) ;
#5302 = APPLICATION_CONTEXT ( 'automotive_design' ) ;
#5303 = ORIENTED_EDGE ( 'NONE', *, *, #688, .T. ) ;
#5304 = VECTOR ( 'NONE', #2607, 1000.000000000000000 ) ;
#5305 = DIRECTION ( 'NONE',  ( -0.5000000000000001110, 0.8660254037844385966, 0.000000000000000000 ) ) ;
#5306 = CARTESIAN_POINT ( 'NONE',  ( -14.70601365502311353, 9.959228033375676858, 9.681170030385024106 ) ) ;
#5307 = AXIS2_PLACEMENT_3D ( 'NONE', #5144, #4725, #2425 ) ;
#5308 = CARTESIAN_POINT ( 'NONE',  ( -0.2694148888167329225, -15.21789154171836600, 17.01963875597226306 ) ) ;
#5309 = B_SPLINE_CURVE_WITH_KNOTS ( 'NONE', 3,
 ( #3702, #2839, #1807, #4653 ),
 .UNSPECIFIED., .F., .F.,
 ( 4, 4 ),
 ( 0.03557720765842349586, 0.03727355974868728355 ),
 .UNSPECIFIED. ) ;
#5310 = VECTOR ( 'NONE', #4257, 1000.000000000000000 ) ;
#5311 = VERTEX_POINT ( 'NONE', #1547 ) ;
#5312 = CARTESIAN_POINT ( 'NONE',  ( -20.19462840894634326, -24.85708239410475429, 3.110646616007558318 ) ) ;
#5313 = LINE ( 'NONE', #1205, #715 ) ;
#5314 = DIRECTION ( 'NONE',  ( 0.000000000000000000, -0.9908301680442993531, 0.1351132047333103159 ) ) ;
#5315 = EDGE_LOOP ( 'NONE', ( #3285, #2877, #731, #5513, #2113 ) ) ;
#5316 = VECTOR ( 'NONE', #751, 1000.000000000000000 ) ;
#5317 = ORIENTED_EDGE ( 'NONE', *, *, #1530, .T. ) ;
#5318 = FACE_OUTER_BOUND ( 'NONE', #2745, .T. ) ;
#5319 = DIRECTION ( 'NONE',  ( 0.4999999999999996114, -0.8580840963623677098, 0.1170114676857744590 ) ) ;
#5320 = CARTESIAN_POINT ( 'NONE',  ( -68.00000000000001421, -40.00000000000002842, 16.99999999999998934 ) ) ;
#5321 = CARTESIAN_POINT ( 'NONE',  ( -40.99474253587791139, -2.197597792550255225, 18.00000000000000000 ) ) ;
#5322 = CYLINDRICAL_SURFACE ( 'NONE', #1095, 1.625000000000001332 ) ;
#5323 = ORIENTED_EDGE ( 'NONE', *, *, #4594, .F. ) ;
#5324 = AXIS2_PLACEMENT_3D ( 'NONE', #4266, #3314, #4709 ) ;
#5325 = EDGE_CURVE ( 'NONE', #3001, #3927, #1212, .T. ) ;
#5326 = VERTEX_POINT ( 'NONE', #4932 ) ;
#5327 = CARTESIAN_POINT ( 'NONE',  ( -64.54752759091715575, -29.56101557123542278, 10.59999999999998899 ) ) ;
#5328 = DIRECTION ( 'NONE',  ( 1.000000000000000000, 0.000000000000000000, 0.000000000000000000 ) ) ;
#5329 = AXIS2_PLACEMENT_3D ( 'NONE', #851, #4059, #3620 ) ;
#5330 = ORIENTED_EDGE ( 'NONE', *, *, #5765, .T. ) ;
#5331 = FACE_OUTER_BOUND ( 'NONE', #4395, .T. ) ;
#5332 = CARTESIAN_POINT ( 'NONE',  ( -19.84041802259992693, -14.35849435252643858, 17.63979468443535126 ) ) ;
#5333 = AXIS2_PLACEMENT_3D ( 'NONE', #3489, #4413, #3966 ) ;
#5334 = ADVANCED_FACE ( 'NONE', ( #1241 ), #3084, .F. ) ;
#5335 = ORIENTED_EDGE ( 'NONE', *, *, #1897, .F. ) ;
#5336 = CARTESIAN_POINT ( 'NONE',  ( -50.15958197740008018, -15.35833206755291336, 10.30765144090755747 ) ) ;
#5337 = VECTOR ( 'NONE', #602, 1000.000000000000000 ) ;
#5338 = EDGE_CURVE ( 'NONE', #4465, #3458, #2154, .T. ) ;
#5339 = DIRECTION ( 'NONE',  ( 0.5030526657966806203, 0.8563306780462928147, -0.1167723651881278774 ) ) ;
#5340 = CARTESIAN_POINT ( 'NONE',  ( -1.000000000000000000, -13.95830632407456839, 17.58522358964646415 ) ) ;
#5341 = PRODUCT_DEFINITION_FORMATION_WITH_SPECIFIED_SOURCE ( 'Symmetric', '', #2836, .NOT_KNOWN. ) ;
#5342 = ADVANCED_FACE ( 'NONE', ( #3534 ), #4903, .F. ) ;
#5343 = VERTEX_POINT ( 'NONE', #4485 ) ;
#5344 = APPLICATION_PROTOCOL_DEFINITION ( 'draft international standard', 'automotive_design', 1998, #4882 ) ;
#5345 = LINE ( 'NONE', #4417, #4026 ) ;
#5346 = DIRECTION ( 'NONE',  ( 0.5176900323185635866, 0.5176900323185615882, -0.6811710951559902805 ) ) ;
#5347 = CARTESIAN_POINT ( 'NONE',  ( -50.15958197740008018, -5.891400189238805041, 20.52220971874602284 ) ) ;
#5348 = VERTEX_POINT ( 'NONE', #823 ) ;
#5349 = ORIENTED_EDGE ( 'NONE', *, *, #5912, .T. ) ;
#5350 = CARTESIAN_POINT ( 'NONE',  ( -3.860640107637672631E-16, 1.694051866530238648, 12.42304702122206805 ) ) ;
#5351 = PLANE ( 'NONE',  #1790 ) ;
#5352 = CARTESIAN_POINT ( 'NONE',  ( -41.82500000000000284, -25.60311589323426062, 17.49999999999999645 ) ) ;
#5353 = CARTESIAN_POINT ( 'NONE',  ( -19.84041802259992693, -6.161626598705415958, 18.54054938265750607 ) ) ;
#5354 = CIRCLE ( 'NONE', #2882, 8.000000000000001776 ) ;
#5355 = DIRECTION ( 'NONE',  ( 0.000000000000000000, 0.9908301680442993531, -0.1351132047333102049 ) ) ;
#5356 = VERTEX_POINT ( 'NONE', #3563 ) ;
#5357 = ORIENTED_EDGE ( 'NONE', *, *, #3627, .T. ) ;
#5358 = LINE ( 'NONE', #654, #5445 ) ;
#5359 = DIRECTION ( 'NONE',  ( -1.000000000000000000, 0.000000000000000000, 0.000000000000000000 ) ) ;
#5360 = ORIENTED_EDGE ( 'NONE', *, *, #890, .F. ) ;
#5361 = FACE_OUTER_BOUND ( 'NONE', #4085, .T. ) ;
#5362 = CARTESIAN_POINT ( 'NONE',  ( -68.00000000000001421, -40.00000000000002842, 18.00000000000000000 ) ) ;
#5363 = EDGE_CURVE ( 'NONE', #3394, #4782, #4455, .T. ) ;
#5364 = AXIS2_PLACEMENT_3D ( 'NONE', #4052, #1204, #2141 ) ;
#5365 = ORIENTED_EDGE ( 'NONE', *, *, #753, .T. ) ;
#5366 = DIRECTION ( 'NONE',  ( 0.4995951062420218580, 0.8662590431383807577, 0.000000000000000000 ) ) ;
#5367 = VECTOR ( 'NONE', #3870, 1000.000000000000000 ) ;
#5368 = LINE ( 'NONE', #1257, #3516 ) ;
#5369 = AXIS2_PLACEMENT_3D ( 'NONE', #2151, #4842, #4456 ) ;
#5370 = EDGE_CURVE ( 'NONE', #1997, #1825, #2663, .T. ) ;
#5371 = ORIENTED_EDGE ( 'NONE', *, *, #499, .F. ) ;
#5372 = CYLINDRICAL_SURFACE ( 'NONE', #5364, 7.999999999999992895 ) ;
#5373 = CARTESIAN_POINT ( 'NONE',  ( -27.67500000000000426, -25.60311589323426062, 4.867473198773694776 ) ) ;
#5374 = CIRCLE ( 'NONE', #2802, 3.125000000000002665 ) ;
#5375 = CARTESIAN_POINT ( 'NONE',  ( -50.15958197740008018, -6.431853008172040198, 16.55888904656887561 ) ) ;
#5376 = EDGE_LOOP ( 'NONE', ( #2715, #458, #4009, #3779 ) ) ;
#5377 = ADVANCED_FACE ( 'NONE', ( #5438 ), #5826, .F. ) ;
#5378 = EDGE_CURVE ( 'NONE', #1509, #4838, #2179, .T. ) ;
#5379 = EDGE_LOOP ( 'NONE', ( #4822, #5578, #5404, #3439, #4125, #5151, #4813, #3866, #1148, #3726 ) ) ;
#5380 = CARTESIAN_POINT ( 'NONE',  ( -46.94085422666790208, -1.718654049724918753, 9.860651921914870499 ) ) ;
#5381 = DIRECTION ( 'NONE',  ( -0.4995951062420220801, -0.8662590431383805356, 0.000000000000000000 ) ) ;
#5382 = DIRECTION ( 'NONE',  ( -0.000000000000000000, -0.000000000000000000, -1.000000000000000000 ) ) ;
#5383 = LINE ( 'NONE', #1755, #5138 ) ;
#5384 = FACE_OUTER_BOUND ( 'NONE', #4157, .T. ) ;
#5385 = ORIENTED_EDGE ( 'NONE', *, *, #4713, .T. ) ;
#5386 = ORIENTED_EDGE ( 'NONE', *, *, #1018, .T. ) ;
#5387 = CARTESIAN_POINT ( 'NONE',  ( -50.15958197740008018, -6.431853008172041086, 16.55888904656887206 ) ) ;
#5388 = CARTESIAN_POINT ( 'NONE',  ( -37.73235576576892214, -19.89097106739857779, 15.36645923948501036 ) ) ;
#5389 = EDGE_LOOP ( 'NONE', ( #693, #3241, #4101, #5365 ) ) ;
#5390 = DIRECTION ( 'NONE',  ( 0.000000000000000000, -0.1351132047333095387, -0.9908301680442994641 ) ) ;
#5391 = EDGE_LOOP ( 'NONE', ( #1416, #3791, #3059, #1316 ) ) ;
#5392 = DIRECTION ( 'NONE',  ( 1.506754595348573811E-17, -0.1351132047333101494, -0.9908301680442994641 ) ) ;
#5393 = CARTESIAN_POINT ( 'NONE',  ( -48.54752759091716285, -29.56101557123542278, 23.00000000000000000 ) ) ;
#5394 = VECTOR ( 'NONE', #4409, 1000.000000000000114 ) ;
#5395 = ADVANCED_FACE ( 'NONE', ( #765 ), #1332, .F. ) ;
#5396 = ORIENTED_EDGE ( 'NONE', *, *, #2117, .F. ) ;
#5397 = DIRECTION ( 'NONE',  ( -0.000000000000000000, 0.000000000000000000, 1.000000000000000000 ) ) ;
#5398 = DIRECTION ( 'NONE',  ( -0.3779644730092293070, -0.5601982511186178737, 0.7371029619981848136 ) ) ;
#5399 = CIRCLE ( 'NONE', #425, 8.000000000000001776 ) ;
#5400 = DIRECTION ( 'NONE',  ( 1.000000000000000000, 0.000000000000000000, 0.000000000000000000 ) ) ;
#5401 = AXIS2_PLACEMENT_3D ( 'NONE', #2323, #4096, #3651 ) ;
#5402 = VERTEX_POINT ( 'NONE', #5320 ) ;
#5403 = VECTOR ( 'NONE', #1654, 1000.000000000000227 ) ;
#5404 = ORIENTED_EDGE ( 'NONE', *, *, #2935, .T. ) ;
#5405 = VECTOR ( 'NONE', #4550, 1000.000000000000114 ) ;
#5406 = DIRECTION ( 'NONE',  ( 0.000000000000000000, -0.9908301680442993531, 0.1351132047333100938 ) ) ;
#5407 = EDGE_CURVE ( 'NONE', #1123, #1742, #852, .T. ) ;
#5408 = CARTESIAN_POINT ( 'NONE',  ( -4.452472409082863791, -29.56101557123542278, 23.00000000000000000 ) ) ;
#5409 = DIRECTION ( 'NONE',  ( -0.9510206761615280779, -0.3091272772067680807, -0.000000000000000000 ) ) ;
#5410 = CARTESIAN_POINT ( 'NONE',  ( -25.15571360458309513, -35.32460449163507832, 17.33769775418246439 ) ) ;
#5411 = EDGE_CURVE ( 'NONE', #1603, #4488, #3497, .T. ) ;
#5412 = CARTESIAN_POINT ( 'NONE',  ( -50.15958197740008018, -15.66458866494846802, 22.86417193412347260 ) ) ;
#5413 = ORIENTED_EDGE ( 'NONE', *, *, #2083, .T. ) ;
#5414 = EDGE_CURVE ( 'NONE', #1870, #4576, #2235, .T. ) ;
#5415 = EDGE_LOOP ( 'NONE', ( #3471, #3694, #2385, #1318, #1800 ) ) ;
#5416 = CARTESIAN_POINT ( 'NONE',  ( -52.72279675454549874, -22.53453465762669694, 0.000000000000000000 ) ) ;
#5417 = CARTESIAN_POINT ( 'NONE',  ( -5.452472409082842475, -29.56101557123542278, 23.00000000000000000 ) ) ;
#5418 = ORIENTED_EDGE ( 'NONE', *, *, #4574, .T. ) ;
#5419 = VECTOR ( 'NONE', #5737, 1000.000000000000000 ) ;
#5420 = CARTESIAN_POINT ( 'NONE',  ( -56.54752759091716285, -29.56101557123542278, 11.99999999999999822 ) ) ;
#5421 = CARTESIAN_POINT ( 'NONE',  ( -50.15958197740008018, -5.756286984505488036, 21.51303988679037005 ) ) ;
#5422 = ORIENTED_EDGE ( 'NONE', *, *, #2155, .F. ) ;
#5423 = FACE_OUTER_BOUND ( 'NONE', #5456, .T. ) ;
#5424 = VERTEX_POINT ( 'NONE', #4061 ) ;
#5425 =( BOUNDED_CURVE ( )  B_SPLINE_CURVE ( 3, ( #20, #942, #4597, #3714 ),
 .UNSPECIFIED., .F., .T. ) 
 B_SPLINE_CURVE_WITH_KNOTS ( ( 4, 4 ),
 ( 2.271595062817552524, 4.712388980384689674 ),
 .UNSPECIFIED. ) 
 CURVE ( )  GEOMETRIC_REPRESENTATION_ITEM ( )  RATIONAL_B_SPLINE_CURVE ( ( 1.000000000000000000, 0.5621819570083298467, 0.5621819570083298467, 1.000000000000000000 ) ) 
 REPRESENTATION_ITEM ( '' )  );
#5426 = DIRECTION ( 'NONE',  ( -0.000000000000000000, 0.000000000000000000, 1.000000000000000000 ) ) ;
#5427 = VECTOR ( 'NONE', #1334, 1000.000000000000000 ) ;
#5428 = MECHANICAL_DESIGN_GEOMETRIC_PRESENTATION_REPRESENTATION (  '', ( #3525 ), #3815 ) ;
#5429 = ORIENTED_EDGE ( 'NONE', *, *, #320, .F. ) ;
#5430 = LINE ( 'NONE', #1324, #1580 ) ;
#5431 = DIRECTION ( 'NONE',  ( 1.506754595348573503E-17, -0.1351132047333101494, -0.9908301680442994641 ) ) ;
#5432 = ORIENTED_EDGE ( 'NONE', *, *, #1711, .F. ) ;
#5433 = EDGE_CURVE ( 'NONE', #141, #3001, #4428, .T. ) ;
#5434 = VECTOR ( 'NONE', #4881, 1000.000000000000000 ) ;
#5435 = ORIENTED_EDGE ( 'NONE', *, *, #4754, .T. ) ;
#5436 = DIRECTION ( 'NONE',  ( -2.775557561562891351E-17, 0.1351132047333101216, 0.9908301680442994641 ) ) ;
#5437 = CARTESIAN_POINT ( 'NONE',  ( -65.00558511118330784, -15.95727432898451070, 0.000000000000000000 ) ) ;
#5438 = FACE_OUTER_BOUND ( 'NONE', #2255, .T. ) ;
#5439 = DIRECTION ( 'NONE',  ( -0.4965494795428078145, -0.8680084183726368696, 0.000000000000000000 ) ) ;
#5440 = DIRECTION ( 'NONE',  ( 1.506754595348573503E-17, -0.1351132047333101494, -0.9908301680442994641 ) ) ;
#5441 = ORIENTED_EDGE ( 'NONE', *, *, #1058, .T. ) ;
#5442 = EDGE_LOOP ( 'NONE', ( #5040, #4843 ) ) ;
#5443 = EDGE_CURVE ( 'NONE', #4911, #36, #4841, .T. ) ;
#5444 = CARTESIAN_POINT ( 'NONE',  ( -45.33870722966670996, -7.053373749945253124, 12.00107027356512823 ) ) ;
#5445 = VECTOR ( 'NONE', #3928, 1000.000000000000000 ) ;
#5446 = DIRECTION ( 'NONE',  ( 0.000000000000000000, -0.9908301680442993531, 0.1351132047333100938 ) ) ;
#5447 = ORIENTED_EDGE ( 'NONE', *, *, #2042, .T. ) ;
#5448 = CARTESIAN_POINT ( 'NONE',  ( -20.70192969297680818, -40.00000000000002842, 17.30644496182809178 ) ) ;
#5449 = ADVANCED_FACE ( 'NONE', ( #4400 ), #318, .F. ) ;
#5450 = CARTESIAN_POINT ( 'NONE',  ( -25.40011345956104094, 4.999999999999987566, 14.07814130856479196 ) ) ;
#5451 = ORIENTED_EDGE ( 'NONE', *, *, #5888, .F. ) ;
#5452 = LINE ( 'NONE', #1346, #1321 ) ;
#5453 = ORIENTED_EDGE ( 'NONE', *, *, #1854, .T. ) ;
#5454 = EDGE_CURVE ( 'NONE', #3783, #2831, #2924, .T. ) ;
#5455 = LINE ( 'NONE', #1320, #1593 ) ;
#5456 = EDGE_LOOP ( 'NONE', ( #1913, #4287, #5447, #283 ) ) ;
#5457 = DIRECTION ( 'NONE',  ( -0.4969411089961882078, 0.8598268311759712512, -0.1172491133421749293 ) ) ;
#5458 = FILL_AREA_STYLE_COLOUR ( '', #1484 ) ;
#5459 = DIRECTION ( 'NONE',  ( 0.000000000000000000, 0.000000000000000000, -1.000000000000000000 ) ) ;
#5460 = ORIENTED_EDGE ( 'NONE', *, *, #5363, .T. ) ;
#5461 = ORIENTED_EDGE ( 'NONE', *, *, #856, .T. ) ;
#5462 = AXIS2_PLACEMENT_3D ( 'NONE', #231, #3386, #2062 ) ;
#5463 = CARTESIAN_POINT ( 'NONE',  ( -61.36840233865054017, -29.56101557123543699, 13.40000000000001634 ) ) ;
#5464 = CARTESIAN_POINT ( 'NONE',  ( -13.45247240908284425, -29.56101557123542278, 0.000000000000000000 ) ) ;
#5465 = FACE_OUTER_BOUND ( 'NONE', #4363, .T. ) ;
#5466 = CARTESIAN_POINT ( 'NONE',  ( -48.54752759091715575, -28.88794506425168862, 3.667085751001819549 ) ) ;
#5467 = DIRECTION ( 'NONE',  ( 0.9999937747928691056, -0.003496153129678796455, 0.0004767481540471244319 ) ) ;
#5468 = ORIENTED_EDGE ( 'NONE', *, *, #3431, .F. ) ;
#5469 = CARTESIAN_POINT ( 'NONE',  ( -19.84041802259992693, -9.261467612634428193, -4.191618052822483342 ) ) ;
#5470 = VECTOR ( 'NONE', #2354, 1000.000000000000227 ) ;
#5471 = ORIENTED_EDGE ( 'NONE', *, *, #5226, .T. ) ;
#5472 = DIRECTION ( 'NONE',  ( 0.000000000000000000, 0.9908301680442994641, -0.1351132047333100938 ) ) ;
#5473 = LINE ( 'NONE', #950, #5033 ) ;
#5474 = VERTEX_POINT ( 'NONE', #3712 ) ;
#5475 = CARTESIAN_POINT ( 'NONE',  ( -56.09452469200846991, 4.669489783777756919, 14.26627116286215369 ) ) ;
#5476 = ADVANCED_FACE ( 'NONE', ( #4625 ), #2731, .T. ) ;
#5477 = CARTESIAN_POINT ( 'NONE',  ( -55.53683364622567353, -40.00000000000003553, 19.52071300240995555 ) ) ;
#5478 = ORIENTED_EDGE ( 'NONE', *, *, #3881, .T. ) ;
#5479 = CARTESIAN_POINT ( 'NONE',  ( -50.15958197740008018, -5.756286984505488924, 21.51303988679037005 ) ) ;
#5480 = ORIENTED_EDGE ( 'NONE', *, *, #2419, .T. ) ;
#5481 = EDGE_CURVE ( 'NONE', #5311, #1477, #1423, .T. ) ;
#5482 = LINE ( 'NONE', #2653, #2460 ) ;
#5483 = EDGE_CURVE ( 'NONE', #3887, #2728, #2834, .T. ) ;
#5484 = CONICAL_SURFACE ( 'NONE', #2232, 8.999999999999957367, 0.7853981633974392862 ) ;
#5485 = EDGE_CURVE ( 'NONE', #1475, #4997, #5399, .T. ) ;
#5486 = EDGE_LOOP ( 'NONE', ( #3974, #1232 ) ) ;
#5487 = CARTESIAN_POINT ( 'NONE',  ( -69.00000000000000000, -17.95624233389448321, 18.00000000000000000 ) ) ;
#5488 = FACE_OUTER_BOUND ( 'NONE', #2892, .T. ) ;
#5489 = DIRECTION ( 'NONE',  ( 0.000000000000000000, 0.000000000000000000, 1.000000000000000000 ) ) ;
#5490 = EDGE_LOOP ( 'NONE', ( #1830, #4068, #2171, #2127 ) ) ;
#5491 = ORIENTED_EDGE ( 'NONE', *, *, #836, .T. ) ;
#5492 = VECTOR ( 'NONE', #1754, 1000.000000000000227 ) ;
#5493 = DIRECTION ( 'NONE',  ( 1.000000000000000000, 0.000000000000000000, -0.000000000000000000 ) ) ;
#5494 = AXIS2_PLACEMENT_3D ( 'NONE', #121, #4726, #235 ) ;
#5495 = LINE ( 'NONE', #1815, #3973 ) ;
#5496 = FACE_OUTER_BOUND ( 'NONE', #5779, .T. ) ;
#5497 = LINE ( 'NONE', #2237, #3309 ) ;
#5498 = ORIENTED_EDGE ( 'NONE', *, *, #2524, .T. ) ;
#5499 = LINE ( 'NONE', #2756, #1803 ) ;
#5500 = AXIS2_PLACEMENT_3D ( 'NONE', #1511, #3409, #1119 ) ;
#5501 = AXIS2_PLACEMENT_3D ( 'NONE', #1643, #1554, #5296 ) ;
#5502 = EDGE_LOOP ( 'NONE', ( #327, #3847 ) ) ;
#5503 = DIRECTION ( 'NONE',  ( -1.000000000000000000, 0.000000000000000000, 0.000000000000000000 ) ) ;
#5504 = DIRECTION ( 'NONE',  ( 0.000000000000000000, 0.000000000000000000, -1.000000000000000000 ) ) ;
#5505 = ORIENTED_EDGE ( 'NONE', *, *, #29, .F. ) ;
#5506 = DIRECTION ( 'NONE',  ( -1.000000000000000000, 0.000000000000000000, 0.000000000000000000 ) ) ;
#5507 = AXIS2_PLACEMENT_3D ( 'NONE', #26, #1915, #3750 ) ;
#5508 = EDGE_CURVE ( 'NONE', #1570, #228, #5527, .T. ) ;
#5509 = AXIS2_PLACEMENT_3D ( 'NONE', #696, #2988, #5284 ) ;
#5510 = CARTESIAN_POINT ( 'NONE',  ( -51.91820130338298611, -40.00000000000002132, 18.58627913144738741 ) ) ;
#5511 = ORIENTED_EDGE ( 'NONE', *, *, #2005, .T. ) ;
#5512 = CARTESIAN_POINT ( 'NONE',  ( -3.452472409082838478, -29.56101557123542278, 20.00000000000000355 ) ) ;
#5513 = ORIENTED_EDGE ( 'NONE', *, *, #2248, .T. ) ;
#5514 = CARTESIAN_POINT ( 'NONE',  ( -0.000000000000000000, -23.96101557123539649, 11.99999999999999822 ) ) ;
#5515 = EDGE_CURVE ( 'NONE', #4342, #3939, #4191, .T. ) ;
#5516 = EDGE_LOOP ( 'NONE', ( #4171, #907, #1050, #4544 ) ) ;
#5517 = FACE_BOUND ( 'NONE', #1238, .T. ) ;
#5518 = EDGE_CURVE ( 'NONE', #36, #63, #5495, .T. ) ;
#5519 = DIRECTION ( 'NONE',  ( 1.000000000000000000, 0.000000000000000000, 0.000000000000000000 ) ) ;
#5520 = DIRECTION ( 'NONE',  ( -0.000000000000000000, -0.000000000000000000, -1.000000000000000000 ) ) ;
#5521 = DIRECTION ( 'NONE',  ( -1.000000000000000000, 0.000000000000000000, 0.000000000000000000 ) ) ;
#5522 = ORIENTED_EDGE ( 'NONE', *, *, #1714, .T. ) ;
#5523 = EDGE_CURVE ( 'NONE', #2119, #2132, #3308, .T. ) ;
#5524 = EDGE_CURVE ( 'NONE', #1696, #2639, #5118, .T. ) ;
#5525 = ORIENTED_EDGE ( 'NONE', *, *, #1058, .F. ) ;
#5526 = FACE_OUTER_BOUND ( 'NONE', #5719, .T. ) ;
#5527 = LINE ( 'NONE', #17, #622 ) ;
#5528 = DIRECTION ( 'NONE',  ( -0.000000000000000000, 0.000000000000000000, 1.000000000000000000 ) ) ;
#5529 = AXIS2_PLACEMENT_3D ( 'NONE', #577, #2838, #3762 ) ;
#5530 = CYLINDRICAL_SURFACE ( 'NONE', #5401, 6.824999999999997513 ) ;
#5531 = B_SPLINE_CURVE_WITH_KNOTS ( 'NONE', 3,
 ( #2043, #3036, #3457, #4851, #2494, #4320, #4819, #1587 ),
 .UNSPECIFIED., .F., .F.,
 ( 4, 2, 2, 4 ),
 ( -0.002946088176971417907, -0.001373905039976150563, 0.0001982780970191167814, 0.003342644371009633256 ),
 .UNSPECIFIED. ) ;
#5532 = ORIENTED_EDGE ( 'NONE', *, *, #2746, .F. ) ;
#5533 = AXIS2_PLACEMENT_3D ( 'NONE', #3576, #5392, #3692 ) ;
#5534 = ORIENTED_EDGE ( 'NONE', *, *, #4805, .F. ) ;
#5535 = DIRECTION ( 'NONE',  ( 0.000000000000000000, -0.000000000000000000, -1.000000000000000000 ) ) ;
#5536 = DIRECTION ( 'NONE',  ( -0.5000000000000002220, 0.8580840963623673767, -0.1170114676857744035 ) ) ;
#5537 = DIRECTION ( 'NONE',  ( -1.506754595348573503E-17, 0.1351132047333101494, 0.9908301680442993531 ) ) ;
#5538 = CARTESIAN_POINT ( 'NONE',  ( -11.86692838220424839, -40.00000000000002132, 19.47511758855265640 ) ) ;
#5539 = VERTEX_POINT ( 'NONE', #556 ) ;
#5540 = LINE ( 'NONE', #5805, #5251 ) ;
#5541 = ORIENTED_EDGE ( 'NONE', *, *, #5545, .F. ) ;
#5542 = CARTESIAN_POINT ( 'NONE',  ( -44.54966586480616542, -34.00000000000000711, 18.00000000000000000 ) ) ;
#5543 = ORIENTED_EDGE ( 'NONE', *, *, #3880, .T. ) ;
#5544 = CARTESIAN_POINT ( 'NONE',  ( -0.7688078338399942924, -17.68220585140356249, 17.76880783383998974 ) ) ;
#5545 = EDGE_CURVE ( 'NONE', #4636, #2140, #5557, .T. ) ;
#5546 = ORIENTED_EDGE ( 'NONE', *, *, #611, .T. ) ;
#5547 = LINE ( 'NONE', #2435, #171 ) ;
#5548 = CARTESIAN_POINT ( 'NONE',  ( -35.00000000000000000, -25.60311589323426062, 17.49999999999999645 ) ) ;
#5549 = DIRECTION ( 'NONE',  ( 0.000000000000000000, 0.000000000000000000, -1.000000000000000000 ) ) ;
#5550 = CARTESIAN_POINT ( 'NONE',  ( 3.441437863708173062, -10.58747902703675869, 5.000000000000000000 ) ) ;
#5551 = EDGE_LOOP ( 'NONE', ( #5069, #5734, #3149, #1151, #2580, #5892, #1158 ) ) ;
#5552 = EDGE_CURVE ( 'NONE', #2728, #2803, #4093, .T. ) ;
#5553 = ORIENTED_EDGE ( 'NONE', *, *, #5156, .T. ) ;
#5554 = AXIS2_PLACEMENT_3D ( 'NONE', #812, #3073, #726 ) ;
#5555 = CARTESIAN_POINT ( 'NONE',  ( -64.54752759091715575, -29.56101557123542278, 23.00000000000000000 ) ) ;
#5556 = CARTESIAN_POINT ( 'NONE',  ( -24.78225884391104117, 14.30804381465898700, 11.99999999999999822 ) ) ;
#5557 = LINE ( 'NONE', #435, #805 ) ;
#5558 = DIRECTION ( 'NONE',  ( -1.000000000000000000, 0.000000000000000000, 0.000000000000000000 ) ) ;
#5559 = ADVANCED_FACE ( 'NONE', ( #1360 ), #109, .F. ) ;
#5560 = DIRECTION ( 'NONE',  ( 1.000000000000000000, 0.000000000000000000, -0.000000000000000000 ) ) ;
#5561 = AXIS2_PLACEMENT_3D ( 'NONE', #3703, #185, #5725 ) ;
#5562 = EDGE_LOOP ( 'NONE', ( #1144, #4246, #4345, #2992 ) ) ;
#5563 = ADVANCED_FACE ( 'NONE', ( #2721 ), #3233, .F. ) ;
#5564 = ADVANCED_FACE ( 'NONE', ( #5465 ), #2261, .F. ) ;
#5565 = ORIENTED_EDGE ( 'NONE', *, *, #4214, .F. ) ;
#5566 = DIRECTION ( 'NONE',  ( -0.000000000000000000, 0.000000000000000000, 1.000000000000000000 ) ) ;
#5567 = CARTESIAN_POINT ( 'NONE',  ( -13.45247240908284425, -29.56101557123542278, 18.00000000000000000 ) ) ;
#5568 = CARTESIAN_POINT ( 'NONE',  ( -22.45247240908282294, -29.56101557123542278, 23.00000000000000000 ) ) ;
#5569 = CARTESIAN_POINT ( 'NONE',  ( -44.84428639541690842, -35.32460449163507832, 17.33769775418246439 ) ) ;
#5570 = ORIENTED_EDGE ( 'NONE', *, *, #3219, .F. ) ;
#5571 = VECTOR ( 'NONE', #5234, 1000.000000000000114 ) ;
#5572 = FACE_OUTER_BOUND ( 'NONE', #5833, .T. ) ;
#5573 =( BOUNDED_CURVE ( )  B_SPLINE_CURVE ( 3, ( #5088, #3298, #985, #1073 ),
 .UNSPECIFIED., .F., .T. ) 
 B_SPLINE_CURVE_WITH_KNOTS ( ( 4, 4 ),
 ( 1.570796326794896780, 1.913848643163964747 ),
 .UNSPECIFIED. ) 
 CURVE ( )  GEOMETRIC_REPRESENTATION_ITEM ( )  RATIONAL_B_SPLINE_CURVE ( ( 1.000000000000000000, 0.9902169467943924275, 0.9902169467943924275, 1.000000000000000000 ) ) 
 REPRESENTATION_ITEM ( '' )  );
#5574 = EDGE_LOOP ( 'NONE', ( #2348, #5126, #2900, #2070 ) ) ;
#5575 = CARTESIAN_POINT ( 'NONE',  ( -69.00000000000000000, -17.00000000000057554, 18.00000000000000000 ) ) ;
#5576 = ORIENTED_EDGE ( 'NONE', *, *, #5746, .F. ) ;
#5577 = DIRECTION ( 'NONE',  ( 1.000000000000000000, 0.000000000000000000, 0.000000000000000000 ) ) ;
#5578 = ORIENTED_EDGE ( 'NONE', *, *, #430, .T. ) ;
#5579 = FACE_OUTER_BOUND ( 'NONE', #4221, .T. ) ;
#5580 = FACE_OUTER_BOUND ( 'NONE', #1492, .T. ) ;
#5581 = FACE_OUTER_BOUND ( 'NONE', #1618, .T. ) ;
#5582 = ORIENTED_EDGE ( 'NONE', *, *, #1456, .F. ) ;
#5583 = CIRCLE ( 'NONE', #3486, 7.124999999999985789 ) ;
#5584 = EDGE_CURVE ( 'NONE', #876, #2667, #1908, .T. ) ;
#5585 = ORIENTED_EDGE ( 'NONE', *, *, #286, .F. ) ;
#5586 = LINE ( 'NONE', #3318, #3383 ) ;
#5587 = DIRECTION ( 'NONE',  ( -0.000000000000000000, 0.000000000000000000, 1.000000000000000000 ) ) ;
#5588 = FACE_BOUND ( 'NONE', #4422, .T. ) ;
#5589 = EDGE_LOOP ( 'NONE', ( #1879, #2816, #682, #3463 ) ) ;
#5590 = EDGE_CURVE ( 'NONE', #1082, #3757, #5050, .T. ) ;
#5591 = VECTOR ( 'NONE', #5771, 1000.000000000000114 ) ;
#5592 = ORIENTED_EDGE ( 'NONE', *, *, #688, .F. ) ;
#5593 = SURFACE_STYLE_FILL_AREA ( #201 ) ;
#5594 = DIRECTION ( 'NONE',  ( 0.5000000000000029976, 0.4999999999999978906, -0.7071067811865470176 ) ) ;
#5595 = EDGE_CURVE ( 'NONE', #4285, #2686, #5022, .T. ) ;
#5596 = CARTESIAN_POINT ( 'NONE',  ( -19.84041802259992693, -5.756286984505489812, 21.51303988679037360 ) ) ;
#5597 = DIRECTION ( 'NONE',  ( 0.000000000000000000, -0.000000000000000000, -1.000000000000000000 ) ) ;
#5598 = CARTESIAN_POINT ( 'NONE',  ( -50.38284929026821857, -29.08855160027670195, 11.99999999999999822 ) ) ;
#5599 = ORIENTED_EDGE ( 'NONE', *, *, #3549, .T. ) ;
#5600 = VECTOR ( 'NONE', #1722, 1000.000000000000000 ) ;
#5601 = VECTOR ( 'NONE', #4718, 1000.000000000000000 ) ;
#5602 = EDGE_CURVE ( 'NONE', #4622, #4520, #3688, .T. ) ;
#5603 = VERTEX_POINT ( 'NONE', #1876 ) ;
#5604 = CARTESIAN_POINT ( 'NONE',  ( -46.86070311632683882, 4.009169831955666119, 15.13511320473330990 ) ) ;
#5605 = ORIENTED_EDGE ( 'NONE', *, *, #4079, .F. ) ;
#5606 = LINE ( 'NONE', #2430, #3125 ) ;
#5607 = CIRCLE ( 'NONE', #5501, 7.324999999999998401 ) ;
#5608 = ORIENTED_EDGE ( 'NONE', *, *, #1407, .F. ) ;
#5609 = CARTESIAN_POINT ( 'NONE',  ( -0.5881214592697434629, -17.37253143290183388, 17.58812145926973969 ) ) ;
#5610 =( BOUNDED_CURVE ( )  B_SPLINE_CURVE ( 3, ( #1987, #4684, #2016, #4738 ),
 .UNSPECIFIED., .F., .T. ) 
 B_SPLINE_CURVE_WITH_KNOTS ( ( 4, 4 ),
 ( 4.552098715528834383, 5.017599585289635122 ),
 .UNSPECIFIED. ) 
 CURVE ( )  GEOMETRIC_REPRESENTATION_ITEM ( )  RATIONAL_B_SPLINE_CURVE ( ( 1.000000000000000000, 0.9820237837500132017, 0.9820237837500132017, 1.000000000000000000 ) ) 
 REPRESENTATION_ITEM ( '' )  );
#5611 = VERTEX_POINT ( 'NONE', #4801 ) ;
#5612 = FACE_BOUND ( 'NONE', #218, .T. ) ;
#5613 = CARTESIAN_POINT ( 'NONE',  ( -26.30670078332358131, -7.219924981125751984, 10.61082523074223793 ) ) ;
#5614 = AXIS2_PLACEMENT_3D ( 'NONE', #875, #5015, #2227 ) ;
#5615 = CARTESIAN_POINT ( 'NONE',  ( -19.84041802259992693, -6.431853008172040198, 16.55888904656887206 ) ) ;
#5616 = ORIENTED_EDGE ( 'NONE', *, *, #3183, .F. ) ;
#5617 = ORIENTED_EDGE ( 'NONE', *, *, #362, .F. ) ;
#5618 = AXIS2_PLACEMENT_3D ( 'NONE', #4033, #2662, #764 ) ;
#5619 = DIRECTION ( 'NONE',  ( 0.000000000000000000, 0.000000000000000000, -1.000000000000000000 ) ) ;
#5620 = CARTESIAN_POINT ( 'NONE',  ( 0.000000000000000000, -35.13601557123545405, 11.99999999999999822 ) ) ;
#5621 = DIRECTION ( 'NONE',  ( -1.506754595348573503E-17, 0.1351132047333101494, 0.9908301680442993531 ) ) ;
#5622 = VERTEX_POINT ( 'NONE', #2987 ) ;
#5623 = ORIENTED_EDGE ( 'NONE', *, *, #2012, .F. ) ;
#5624 = CARTESIAN_POINT ( 'NONE',  ( -58.95796496478385507, -25.38601557123543273, 0.000000000000000000 ) ) ;
#5625 = DIRECTION ( 'NONE',  ( 0.4999999999999996114, -0.8660254037844388186, 0.000000000000000000 ) ) ;
#5626 = CARTESIAN_POINT ( 'NONE',  ( -56.54752759091716285, -29.56101557123542278, 10.59999999999998899 ) ) ;
#5627 = DIRECTION ( 'NONE',  ( -0.7038423569660811063, 0.7038423569660839929, -0.09597850322264540879 ) ) ;
#5628 = CARTESIAN_POINT ( 'NONE',  ( -53.32252759091716143, -29.56101557123542278, 0.000000000000000000 ) ) ;
#5629 = VERTEX_POINT ( 'NONE', #695 ) ;
#5630 = CIRCLE ( 'NONE', #4099, 3.224999999999998757 ) ;
#5631 = ADVANCED_FACE ( 'NONE', ( #4744 ), #5135, .F. ) ;
#5632 = ORIENTED_EDGE ( 'NONE', *, *, #2047, .F. ) ;
#5633 = LINE ( 'NONE', #1919, #2372 ) ;
#5634 = CARTESIAN_POINT ( 'NONE',  ( -13.37413526187627966, -7.265139492018036549, 10.61699084586391351 ) ) ;
#5635 = ORIENTED_EDGE ( 'NONE', *, *, #4746, .F. ) ;
#5636 = DIRECTION ( 'NONE',  ( 1.000000000000000000, 0.000000000000000000, 0.000000000000000000 ) ) ;
#5637 = EDGE_CURVE ( 'NONE', #4479, #1573, #4772, .T. ) ;
#5638 = EDGE_CURVE ( 'NONE', #4867, #755, #5225, .T. ) ;
#5639 = ORIENTED_EDGE ( 'NONE', *, *, #5820, .F. ) ;
#5640 = DIRECTION ( 'NONE',  ( 0.000000000000000000, -0.9908301680442993531, 0.1351132047333100938 ) ) ;
#5641 = AXIS2_PLACEMENT_3D ( 'NONE', #1850, #1793, #1308 ) ;
#5642 = CARTESIAN_POINT ( 'NONE',  ( -4.452472409082863791, -29.56101557123542278, 23.00000000000000000 ) ) ;
#5643 = CARTESIAN_POINT ( 'NONE',  ( -41.78749223404258828, -30.54655719209341669, 0.000000000000000000 ) ) ;
#5644 = VERTEX_POINT ( 'NONE', #5646 ) ;
#5645 = CARTESIAN_POINT ( 'NONE',  ( -31.40571360458310224, -35.32460449163507832, 7.999999999999998224 ) ) ;
#5646 = CARTESIAN_POINT ( 'NONE',  ( -70.00000000000000000, -38.00000000000002132, 16.99999999999997868 ) ) ;
#5647 = DIRECTION ( 'NONE',  ( 1.000000000000000000, 1.115179377413661316E-16, 0.000000000000000000 ) ) ;
#5648 = VERTEX_POINT ( 'NONE', #2024 ) ;
#5649 = AXIS2_PLACEMENT_3D ( 'NONE', #844, #4505, #4891 ) ;
#5650 = ORIENTED_EDGE ( 'NONE', *, *, #4471, .F. ) ;
#5651 = PLANE ( 'NONE',  #2901 ) ;
#5652 = LINE ( 'NONE', #1546, #1933 ) ;
#5653 = CARTESIAN_POINT ( 'NONE',  ( -31.30591976268065224, -34.41630046047055203, 17.79184976976472399 ) ) ;
#5654 = CIRCLE ( 'NONE', #2696, 3.100000000000000089 ) ;
#5655 = CARTESIAN_POINT ( 'NONE',  ( -58.95796496478386928, -33.73601557123543415, 13.40000000000001812 ) ) ;
#5656 = DIRECTION ( 'NONE',  ( -0.3779644730092234783, 0.6546536707079781969, -0.6546536707079783080 ) ) ;
#5657 = AXIS2_PLACEMENT_3D ( 'NONE', #5201, #4753, #2483 ) ;
#5658 = ORIENTED_EDGE ( 'NONE', *, *, #2525, .T. ) ;
#5659 = ORIENTED_EDGE ( 'NONE', *, *, #945, .T. ) ;
#5660 = CARTESIAN_POINT ( 'NONE',  ( -50.15958197740008018, -6.161626598705414182, 18.54054938265750607 ) ) ;
#5661 = CARTESIAN_POINT ( 'NONE',  ( -0.2694148888167345879, -7.525733215346136262, 15.97070807510334767 ) ) ;
#5662 = AXIS2_PLACEMENT_3D ( 'NONE', #4632, #1545, #5199 ) ;
#5663 = ORIENTED_EDGE ( 'NONE', *, *, #4784, .T. ) ;
#5664 = DIRECTION ( 'NONE',  ( 0.5000000000000001110, -0.8660254037844385966, 0.000000000000000000 ) ) ;
#5665 = ADVANCED_FACE ( 'NONE', ( #1481 ), #5707, .F. ) ;
#5666 = CARTESIAN_POINT ( 'NONE',  ( -46.54147265766441421, 4.999999999999983125, 14.90485419156978253 ) ) ;
#5667 = EDGE_CURVE ( 'NONE', #2360, #979, #3788, .T. ) ;
#5668 = VERTEX_POINT ( 'NONE', #585 ) ;
#5669 = VECTOR ( 'NONE', #4568, 1000.000000000000114 ) ;
#5670 = DIRECTION ( 'NONE',  ( 0.000000000000000000, 0.000000000000000000, -1.000000000000000000 ) ) ;
#5671 = EDGE_CURVE ( 'NONE', #223, #755, #2443, .T. ) ;
#5672 = FACE_OUTER_BOUND ( 'NONE', #3830, .T. ) ;
#5673 = DIRECTION ( 'NONE',  ( 1.506754595348573811E-17, -0.1351132047333101494, -0.9908301680442994641 ) ) ;
#5674 = EDGE_CURVE ( 'NONE', #3797, #1123, #4331, .T. ) ;
#5675 = ORIENTED_EDGE ( 'NONE', *, *, #4980, .T. ) ;
#5676 = FACE_OUTER_BOUND ( 'NONE', #782, .T. ) ;
#5677 = CYLINDRICAL_SURFACE ( 'NONE', #44, 3.125000000000002665 ) ;
#5678 = DIRECTION ( 'NONE',  ( 1.000000000000000000, 0.000000000000000000, 0.000000000000000000 ) ) ;
#5679 =( BOUNDED_CURVE ( )  B_SPLINE_CURVE ( 3, ( #2830, #3816, #572, #5542 ),
 .UNSPECIFIED., .F., .T. ) 
 B_SPLINE_CURVE_WITH_KNOTS ( ( 4, 4 ),
 ( 1.570796326794896780, 2.008514020746309470 ),
 .UNSPECIFIED. ) 
 CURVE ( )  GEOMETRIC_REPRESENTATION_ITEM ( )  RATIONAL_B_SPLINE_CURVE ( ( 1.000000000000000000, 0.9840972314996109249, 0.9840972314996109249, 1.000000000000000000 ) ) 
 REPRESENTATION_ITEM ( '' )  );
#5680 = VERTEX_POINT ( 'NONE', #4302 ) ;
#5681 = ORIENTED_EDGE ( 'NONE', *, *, #2013, .T. ) ;
#5682 = DIRECTION ( 'NONE',  ( 0.7062939453839497395, -0.04793459531421724595, -0.7062939453839572890 ) ) ;
#5683 = CARTESIAN_POINT ( 'NONE',  ( -42.12499999999998579, -25.60311589323426062, 17.49999999999999645 ) ) ;
#5684 = DIRECTION ( 'NONE',  ( -0.5030526657966806203, -0.8563306780462929257, 0.1167723651881278496 ) ) ;
#5685 = LINE ( 'NONE', #4811, #1537 ) ;
#5686 = DIRECTION ( 'NONE',  ( -2.775557561562891351E-17, 0.1351132047333101216, 0.9908301680442994641 ) ) ;
#5687 = EDGE_LOOP ( 'NONE', ( #3537, #355, #1982, #2084, #2231 ) ) ;
#5688 = AXIS2_PLACEMENT_3D ( 'NONE', #5173, #4756, #2398 ) ;
#5689 = ORIENTED_EDGE ( 'NONE', *, *, #1005, .F. ) ;
#5690 = DIRECTION ( 'NONE',  ( -1.000000000000000000, 0.000000000000000000, 0.000000000000000000 ) ) ;
#5691 = LINE ( 'NONE', #5388, #5405 ) ;
#5692 = EDGE_LOOP ( 'NONE', ( #1631, #2974, #4017, #498 ) ) ;
#5693 = CARTESIAN_POINT ( 'NONE',  ( -6.469414888816734432, -7.525733215346136262, 16.70805452936533797 ) ) ;
#5694 = ADVANCED_FACE ( 'NONE', ( #1038 ), #5677, .F. ) ;
#5695 = CARTESIAN_POINT ( 'NONE',  ( -49.89510102365836985, 4.999999999999984901, 15.54030560076859047 ) ) ;
#5696 = VECTOR ( 'NONE', #1525, 1000.000000000000000 ) ;
#5697 = ORIENTED_EDGE ( 'NONE', *, *, #150, .T. ) ;
#5698 = CARTESIAN_POINT ( 'NONE',  ( -1.744414888816734788, -7.525733215346136262, 7.999999999999998224 ) ) ;
#5699 = FACE_OUTER_BOUND ( 'NONE', #2242, .T. ) ;
#5700 = DIRECTION ( 'NONE',  ( 0.000000000000000000, -0.9908301680442994641, 0.1351132047333102049 ) ) ;
#5701 = AXIS2_PLACEMENT_3D ( 'NONE', #5596, #2760, #1489 ) ;
#5702 = EDGE_CURVE ( 'NONE', #199, #2526, #3403, .T. ) ;
#5703 = ADVANCED_FACE ( 'NONE', ( #3913 ), #2958, .F. ) ;
#5704 = ORIENTED_EDGE ( 'NONE', *, *, #3661, .T. ) ;
#5705 = VECTOR ( 'NONE', #1838, 999.9999999999998863 ) ;
#5706 = DIRECTION ( 'NONE',  ( 0.000000000000000000, -0.9908301680442994641, 0.1351132047333102049 ) ) ;
#5707 = PLANE ( 'NONE',  #1671 ) ;
#5708 = ADVANCED_FACE ( 'NONE', ( #1065 ), #4637, .T. ) ;
#5709 = LINE ( 'NONE', #3494, #2851 ) ;
#5710 = VERTEX_POINT ( 'NONE', #3799 ) ;
#5711 = EDGE_CURVE ( 'NONE', #2091, #1781, #666, .T. ) ;
#5712 = ORIENTED_EDGE ( 'NONE', *, *, #2195, .T. ) ;
#5713 = ORIENTED_EDGE ( 'NONE', *, *, #3286, .T. ) ;
#5714 = CARTESIAN_POINT ( 'NONE',  ( -59.76625534164938358, -35.13601557123545405, 11.99999999999999822 ) ) ;
#5715 = CARTESIAN_POINT ( 'NONE',  ( -58.82659697716655955, -33.96355160027670195, 15.00000000000000000 ) ) ;
#5716 = CARTESIAN_POINT ( 'NONE',  ( -49.10880005812923343, -26.61732185535009521, 5.000000000000000000 ) ) ;
#5717 = CARTESIAN_POINT ( 'NONE',  ( -25.77536073720834864, 4.669489783777759584, 14.26627116286215369 ) ) ;
#5718 = LINE ( 'NONE', #5628, #5110 ) ;
#5719 = EDGE_LOOP ( 'NONE', ( #990, #4230, #2532, #2274, #5565, #4372, #1684, #4118, #970, #2883, #5385, #5471 ) ) ;
#5720 = VECTOR ( 'NONE', #1877, 1000.000000000000000 ) ;
#5721 = VECTOR ( 'NONE', #1280, 1000.000000000000114 ) ;
#5722 = ORIENTED_EDGE ( 'NONE', *, *, #2381, .F. ) ;
#5723 = DIRECTION ( 'NONE',  ( 0.000000000000000000, 0.000000000000000000, 1.000000000000000000 ) ) ;
#5724 = EDGE_LOOP ( 'NONE', ( #4918, #5697, #697, #2040, #3755 ) ) ;
#5725 = DIRECTION ( 'NONE',  ( -1.000000000000000000, 0.000000000000000000, -0.000000000000000000 ) ) ;
#5726 = VECTOR ( 'NONE', #2408, 1000.000000000000000 ) ;
#5727 = CARTESIAN_POINT ( 'NONE',  ( -14.00128031334719125, 4.339195839952978417, 14.70086845736843628 ) ) ;
#5728 = AXIS2_PLACEMENT_3D ( 'NONE', #5898, #5004, #2734 ) ;
#5729 = EDGE_LOOP ( 'NONE', ( #3930, #5752, #4313, #5830 ) ) ;
#5730 = CARTESIAN_POINT ( 'NONE',  ( -22.29855349035513967, -10.95823601940865366, 14.14835900566823668 ) ) ;
#5731 = DIRECTION ( 'NONE',  ( 2.775557561562891351E-17, -0.1351132047333101216, -0.9908301680442994641 ) ) ;
#5732 = DIRECTION ( 'NONE',  ( 1.000000000000000000, 1.115179377413661316E-16, 0.000000000000000000 ) ) ;
#5733 = VECTOR ( 'NONE', #4603, 1000.000000000000000 ) ;
#5734 = ORIENTED_EDGE ( 'NONE', *, *, #4703, .T. ) ;
#5735 = CARTESIAN_POINT ( 'NONE',  ( -54.00000000000039080, -53.99999999999982236, -0.000000000000000000 ) ) ;
#5736 = DIRECTION ( 'NONE',  ( -0.7071067811865462405, 0.7071067811865489050, 0.000000000000000000 ) ) ;
#5737 = DIRECTION ( 'NONE',  ( -0.5030526657966806203, -0.8563306780462928147, 0.1167723651881278496 ) ) ;
#5738 = EDGE_CURVE ( 'NONE', #5629, #5047, #4874, .T. ) ;
#5739 = ORIENTED_EDGE ( 'NONE', *, *, #4500, .T. ) ;
#5740 = ORIENTED_EDGE ( 'NONE', *, *, #4679, .F. ) ;
#5741 = CARTESIAN_POINT ( 'NONE',  ( -13.45247240908284425, -29.56101557123542278, 10.59999999999998543 ) ) ;
#5742 = EDGE_CURVE ( 'NONE', #3132, #5772, #3135, .T. ) ;
#5743 = CYLINDRICAL_SURFACE ( 'NONE', #3568, 3.224999999999998757 ) ;
#5744 = PLANE ( 'NONE',  #3697 ) ;
#5745 = CARTESIAN_POINT ( 'NONE',  ( 4.336808689942017736E-15, 4.999999999999989342, 18.00000000000000000 ) ) ;
#5746 = EDGE_CURVE ( 'NONE', #4291, #5348, #2230, .T. ) ;
#5747 = CARTESIAN_POINT ( 'NONE',  ( -38.59428639541690842, -35.32460449163507832, 17.33769775418246439 ) ) ;
#5748 = VERTEX_POINT ( 'NONE', #3581 ) ;
#5749 = EDGE_LOOP ( 'NONE', ( #4896, #3097 ) ) ;
#5750 = CARTESIAN_POINT ( 'NONE',  ( -43.34428639541690842, -35.32460449163507832, 0.000000000000000000 ) ) ;
#5751 = CARTESIAN_POINT ( 'NONE',  ( -66.63058511118330784, -7.525733215346147809, 0.000000000000000000 ) ) ;
#5752 = ORIENTED_EDGE ( 'NONE', *, *, #3880, .F. ) ;
#5753 = DIRECTION ( 'NONE',  ( 1.506754595348573503E-17, -0.1351132047333101494, -0.9908301680442994641 ) ) ;
#5754 = CARTESIAN_POINT ( 'NONE',  ( -0.01580825668725756999, -2.961171440829964308, 11.44304268595847773 ) ) ;
#5755 = AXIS2_PLACEMENT_3D ( 'NONE', #2661, #5798, #3532 ) ;
#5756 = ORIENTED_EDGE ( 'NONE', *, *, #5053, .T. ) ;
#5757 = CARTESIAN_POINT ( 'NONE',  ( -43.34428639541690842, -35.32460449163507832, 7.999999999999998224 ) ) ;
#5758 = CARTESIAN_POINT ( 'NONE',  ( -51.72665284318377132, -29.56101557123542278, 0.000000000000000000 ) ) ;
#5759 = CARTESIAN_POINT ( 'NONE',  ( -13.45247240908284425, -29.56101557123542278, 5.000000000000000000 ) ) ;
#5760 = EDGE_LOOP ( 'NONE', ( #3081, #3625, #4254, #2429 ) ) ;
#5761 = DIRECTION ( 'NONE',  ( 0.000000000000000000, 0.6050832675335551247, -0.7961621941231045163 ) ) ;
#5762 = CARTESIAN_POINT ( 'NONE',  ( -0.5299999385453805223, 3.529999938545374416, 15.76559990658895494 ) ) ;
#5763 = DIRECTION ( 'NONE',  ( 0.000000000000000000, 0.000000000000000000, -1.000000000000000000 ) ) ;
#5764 = ORIENTED_EDGE ( 'NONE', *, *, #5250, .F. ) ;
#5765 = EDGE_CURVE ( 'NONE', #1570, #1123, #2068, .T. ) ;
#5766 = ORIENTED_EDGE ( 'NONE', *, *, #5190, .F. ) ;
#5767 = CARTESIAN_POINT ( 'NONE',  ( 3.441437863708172173, -10.58747902703675514, 5.000000000000000000 ) ) ;
#5768 = FACE_OUTER_BOUND ( 'NONE', #5760, .T. ) ;
#5769 = CARTESIAN_POINT ( 'NONE',  ( -50.15958197740008018, -7.431690723198534521, 9.226745803041074723 ) ) ;
#5770 = CYLINDRICAL_SURFACE ( 'NONE', #5369, 1.625000000000001332 ) ;
#5771 = DIRECTION ( 'NONE',  ( 3.851859888774471278E-34, -0.9908301680442993531, 0.1351132047333101216 ) ) ;
#5772 = VERTEX_POINT ( 'NONE', #4445 ) ;
#5773 = EDGE_CURVE ( 'NONE', #1302, #1925, #4892, .T. ) ;
#5774 = EDGE_CURVE ( 'NONE', #1164, #3869, #3526, .T. ) ;
#5775 = ORIENTED_EDGE ( 'NONE', *, *, #4201, .T. ) ;
#5776 = EDGE_CURVE ( 'NONE', #4571, #536, #3010, .T. ) ;
#5777 = CARTESIAN_POINT ( 'NONE',  ( -1.999999999999989564, 4.999999999999989342, 13.83138929941186035 ) ) ;
#5778 = DIRECTION ( 'NONE',  ( 1.000000000000000000, 0.000000000000000000, 0.000000000000000000 ) ) ;
#5779 = EDGE_LOOP ( 'NONE', ( #4490, #4643, #3141, #3004 ) ) ;
#5780 = DIRECTION ( 'NONE',  ( -1.000000000000000000, -9.912705577010323084E-17, 0.000000000000000000 ) ) ;
#5781 = EDGE_CURVE ( 'NONE', #2872, #1997, #4926, .T. ) ;
#5782 = LINE ( 'NONE', #2586, #840 ) ;
#5783 = ORIENTED_EDGE ( 'NONE', *, *, #3990, .T. ) ;
#5784 = CIRCLE ( 'NONE', #2337, 6.600000000000008527 ) ;
#5785 = DIRECTION ( 'NONE',  ( 1.000000000000000000, 0.000000000000000000, 0.000000000000000000 ) ) ;
#5786 = CARTESIAN_POINT ( 'NONE',  ( -45.77591656489093452, -40.00000000000002842, 14.99999999999999645 ) ) ;
#5787 = CARTESIAN_POINT ( 'NONE',  ( -51.72665284318377132, -29.56101557123542278, 13.40000000000002167 ) ) ;
#5788 = VECTOR ( 'NONE', #294, 1000.000000000000000 ) ;
#5789 = AXIS2_PLACEMENT_3D ( 'NONE', #3539, #4878, #3985 ) ;
#5790 = VERTEX_POINT ( 'NONE', #4921 ) ;
#5791 = FACE_OUTER_BOUND ( 'NONE', #5904, .T. ) ;
#5792 = DIRECTION ( 'NONE',  ( -1.000000000000000000, 0.000000000000000000, 0.000000000000000000 ) ) ;
#5793 = AXIS2_PLACEMENT_3D ( 'NONE', #4752, #3474, #5684 ) ;
#5794 = LINE ( 'NONE', #3018, #1282 ) ;
#5795 = ORIENTED_EDGE ( 'NONE', *, *, #3851, .F. ) ;
#5796 = CIRCLE ( 'NONE', #2743, 8.000000000000000000 ) ;
#5797 = ORIENTED_EDGE ( 'NONE', *, *, #3156, .F. ) ;
#5798 = DIRECTION ( 'NONE',  ( 1.506754595348573811E-17, -0.1351132047333101494, -0.9908301680442994641 ) ) ;
#5799 = CARTESIAN_POINT ( 'NONE',  ( -56.54752759091716285, -29.56101557123542278, 10.59999999999998899 ) ) ;
#5800 = DIRECTION ( 'NONE',  ( 0.003528508963931963408, 0.9908239999212719029, -0.1351123636256245653 ) ) ;
#5801 = CARTESIAN_POINT ( 'NONE',  ( -15.87734353967926815, -33.76101557123542563, 13.40000000000001812 ) ) ;
#5802 = CARTESIAN_POINT ( 'NONE',  ( -37.79978630085500413, -9.584340510264226509, 18.00000000000000000 ) ) ;
#5803 = ORIENTED_EDGE ( 'NONE', *, *, #786, .F. ) ;
#5804 = ORIENTED_EDGE ( 'NONE', *, *, #2603, .T. ) ;
#5805 = CARTESIAN_POINT ( 'NONE',  ( -61.83075291999836054, -34.61618706508637899, 25.16924708000177446 ) ) ;
#5806 = PLANE ( 'NONE',  #810 ) ;
#5807 = VERTEX_POINT ( 'NONE', #1687 ) ;
#5808 = DIRECTION ( 'NONE',  ( 1.506754595348573811E-17, -0.1351132047333101494, -0.9908301680442994641 ) ) ;
#5809 = CARTESIAN_POINT ( 'NONE',  ( -63.71121477239375963, -17.00000000000057554, 18.00000000000000000 ) ) ;
#5810 = EDGE_CURVE ( 'NONE', #2667, #21, #3465, .T. ) ;
#5811 = ORIENTED_EDGE ( 'NONE', *, *, #899, .T. ) ;
#5812 = CARTESIAN_POINT ( 'NONE',  ( -58.82659697716655955, -33.96355160027670195, 13.40000000000001812 ) ) ;
#5813 = VECTOR ( 'NONE', #37, 1000.000000000000114 ) ;
#5814 = ADVANCED_FACE ( 'NONE', ( #1744 ), #3074, .T. ) ;
#5815 = DIRECTION ( 'NONE',  ( -0.4999999999999993894, -0.8660254037844389297, 0.000000000000000000 ) ) ;
#5816 = VECTOR ( 'NONE', #4412, 1000.000000000000000 ) ;
#5817 = ORIENTED_EDGE ( 'NONE', *, *, #1821, .T. ) ;
#5818 = CARTESIAN_POINT ( 'NONE',  ( -19.78135327180702774, -6.371615601228255876, 16.24959636039159960 ) ) ;
#5819 = CARTESIAN_POINT ( 'NONE',  ( -23.51345146426556809, -12.05291357315731915, 11.26986912965561594 ) ) ;
#5820 = EDGE_CURVE ( 'NONE', #2324, #2774, #1174, .T. ) ;
#5821 = CYLINDRICAL_SURFACE ( 'NONE', #3987, 7.999999999999984013 ) ;
#5822 = ORIENTED_EDGE ( 'NONE', *, *, #2897, .F. ) ;
#5823 = EDGE_LOOP ( 'NONE', ( #5323, #4691, #4210, #5689 ) ) ;
#5824 = FACE_OUTER_BOUND ( 'NONE', #2808, .T. ) ;
#5825 = CARTESIAN_POINT ( 'NONE',  ( 1.895804941603288061E-15, -17.00000000000056843, 18.00000000000000000 ) ) ;
#5826 = PLANE ( 'NONE',  #243 ) ;
#5827 = CARTESIAN_POINT ( 'NONE',  ( -42.12499999999998579, -25.60311589323426062, 17.49999999999999645 ) ) ;
#5828 = LINE ( 'NONE', #4369, #1186 ) ;
#5829 = ORIENTED_EDGE ( 'NONE', *, *, #5776, .T. ) ;
#5830 = ORIENTED_EDGE ( 'NONE', *, *, #1024, .F. ) ;
#5831 = LINE ( 'NONE', #356, #1523 ) ;
#5832 = DIRECTION ( 'NONE',  ( 0.4934978985202181367, -0.8697469885869847372, 0.000000000000000000 ) ) ;
#5833 = EDGE_LOOP ( 'NONE', ( #431, #1384, #3015, #4104 ) ) ;
#5834 = FACE_OUTER_BOUND ( 'NONE', #2009, .T. ) ;
#5835 = ADVANCED_FACE ( 'NONE', ( #2569 ), #2142, .F. ) ;
#5836 = AXIS2_PLACEMENT_3D ( 'NONE', #3551, #1686, #3612 ) ;
#5837 = FILL_AREA_STYLE ('',( #1403 ) ) ;
#5838 = ORIENTED_EDGE ( 'NONE', *, *, #4594, .T. ) ;
#5839 = FACE_BOUND ( 'NONE', #5442, .T. ) ;
#5840 = VECTOR ( 'NONE', #3082, 1000.000000000000000 ) ;
#5841 = DIRECTION ( 'NONE',  ( 1.000000000000000000, 0.000000000000000000, 0.000000000000000000 ) ) ;
#5842 = EDGE_CURVE ( 'NONE', #581, #236, #1628, .T. ) ;
#5843 = EDGE_CURVE ( 'NONE', #1644, #1029, #3941, .T. ) ;
#5844 = ORIENTED_EDGE ( 'NONE', *, *, #1634, .F. ) ;
#5845 = CARTESIAN_POINT ( 'NONE',  ( -56.54752759091716285, -29.56101557123542278, 22.00000000000000000 ) ) ;
#5846 = DIRECTION ( 'NONE',  ( 1.145877568808327033E-16, -0.9908301680442993531, 0.1351132047333101216 ) ) ;
#5847 = VECTOR ( 'NONE', #948, 1000.000000000000000 ) ;
#5848 = VECTOR ( 'NONE', #1575, 1000.000000000000000 ) ;
#5849 = CARTESIAN_POINT ( 'NONE',  ( 9.309682654408865266E-15, -38.00000000000002842, 0.000000000000000000 ) ) ;
#5850 = VERTEX_POINT ( 'NONE', #4477 ) ;
#5851 = EDGE_CURVE ( 'NONE', #920, #1075, #5313, .T. ) ;
#5852 = ORIENTED_EDGE ( 'NONE', *, *, #2268, .T. ) ;
#5853 = DIRECTION ( 'NONE',  ( -0.000000000000000000, 0.1351132047333103159, 0.9908301680442993531 ) ) ;
#5854 = DIRECTION ( 'NONE',  ( -0.000000000000000000, -0.000000000000000000, 1.000000000000000000 ) ) ;
#5855 = CARTESIAN_POINT ( 'NONE',  ( -30.27570507873117478, 18.79727142843463383, 8.475982294695233676 ) ) ;
#5856 = DIRECTION ( 'NONE',  ( -0.000000000000000000, -0.000000000000000000, 1.000000000000000000 ) ) ;
#5857 = DIRECTION ( 'NONE',  ( -0.000000000000000000, -0.000000000000000000, 1.000000000000000000 ) ) ;
#5858 = ORIENTED_EDGE ( 'NONE', *, *, #3520, .F. ) ;
#5859 = ORIENTED_EDGE ( 'NONE', *, *, #3514, .F. ) ;
#5860 = CARTESIAN_POINT ( 'NONE',  ( -50.15958197740008018, -0.6158457650042979958, 0.000000000000000000 ) ) ;
#5861 = FACE_OUTER_BOUND ( 'NONE', #736, .T. ) ;
#5862 = ORIENTED_EDGE ( 'NONE', *, *, #3844, .T. ) ;
#5863 = CARTESIAN_POINT ( 'NONE',  ( -53.32252759091716143, -29.56101557123542278, 15.00000000000000000 ) ) ;
#5864 =( BOUNDED_CURVE ( )  B_SPLINE_CURVE ( 3, ( #266, #4251, #5653, #2000 ),
 .UNSPECIFIED., .F., .T. ) 
 B_SPLINE_CURVE_WITH_KNOTS ( ( 4, 4 ),
 ( 1.570796326794896780, 2.008514020746310802 ),
 .UNSPECIFIED. ) 
 CURVE ( )  GEOMETRIC_REPRESENTATION_ITEM ( )  RATIONAL_B_SPLINE_CURVE ( ( 1.000000000000000000, 0.9840972314996108139, 0.9840972314996108139, 1.000000000000000000 ) ) 
 REPRESENTATION_ITEM ( '' )  );
#5865 = CARTESIAN_POINT ( 'NONE',  ( -61.29239284336914295, -40.00000000000002842, 18.55327643202523191 ) ) ;
#5866 = ORIENTED_EDGE ( 'NONE', *, *, #1903, .T. ) ;
#5867 = DIRECTION ( 'NONE',  ( -1.000000000000000000, 1.257674520083186248E-14, 0.000000000000000000 ) ) ;
#5868 = ADVANCED_FACE ( 'NONE', ( #3049 ), #2594, .F. ) ;
#5869 = ORIENTED_EDGE ( 'NONE', *, *, #112, .F. ) ;
#5870 = LINE ( 'NONE', #2196, #160 ) ;
#5871 = VERTEX_POINT ( 'NONE', #1716 ) ;
#5872 = DIRECTION ( 'NONE',  ( 0.6789463863166472768, -0.1851019952503197563, 0.7104710098673390206 ) ) ;
#5873 = AXIS2_PLACEMENT_3D ( 'NONE', #3289, #2779, #5106 ) ;
#5874 = CARTESIAN_POINT ( 'NONE',  ( -56.54752759091716285, -29.56101557123542278, 23.00000000000000000 ) ) ;
#5875 = ORIENTED_EDGE ( 'NONE', *, *, #286, .T. ) ;
#5876 = EDGE_CURVE ( 'NONE', #1509, #2843, #2928, .T. ) ;
#5877 = AXIS2_PLACEMENT_3D ( 'NONE', #372, #3552, #4082 ) ;
#5878 = EDGE_LOOP ( 'NONE', ( #5349, #4582, #3761, #605 ) ) ;
#5879 = AXIS2_PLACEMENT_3D ( 'NONE', #2241, #3121, #441 ) ;
#5880 = CARTESIAN_POINT ( 'NONE',  ( -56.54752759091716285, -29.56101557123542278, 23.00000000000000000 ) ) ;
#5881 = ADVANCED_FACE ( 'NONE', ( #5488 ), #454, .F. ) ;
#5882 = CARTESIAN_POINT ( 'NONE',  ( -19.84041802259992693, 0.4949506211558577506, 8.145840165174551117 ) ) ;
#5883 = CARTESIAN_POINT ( 'NONE',  ( -51.59528485556644739, -29.78855160027670834, 15.00000000000000000 ) ) ;
#5884 = CARTESIAN_POINT ( 'NONE',  ( -5.693106549498738611E-16, -2.916657798360316356, 11.43697264380355527 ) ) ;
#5885 = CARTESIAN_POINT ( 'NONE',  ( -50.15958197740008018, -7.242532236571901372, 10.61390803830307661 ) ) ;
#5886 = ORIENTED_EDGE ( 'NONE', *, *, #5104, .T. ) ;
#5887 = EDGE_CURVE ( 'NONE', #1477, #1164, #5430, .T. ) ;
#5888 = EDGE_CURVE ( 'NONE', #236, #2572, #3613, .T. ) ;
#5889 = EDGE_LOOP ( 'NONE', ( #5543, #238 ) ) ;
#5890 = DIRECTION ( 'NONE',  ( -0.000000000000000000, -0.000000000000000000, 1.000000000000000000 ) ) ;
#5891 = LINE ( 'NONE', #2698, #716 ) ;
#5892 = ORIENTED_EDGE ( 'NONE', *, *, #1195, .T. ) ;
#5893 = VECTOR ( 'NONE', #1292, 1000.000000000000000 ) ;
#5894 = CARTESIAN_POINT ( 'NONE',  ( -11.04998322781844600, -40.00000000000002132, 19.31514763840607074 ) ) ;
#5895 = VECTOR ( 'NONE', #3647, 1000.000000000000227 ) ;
#5896 = DIRECTION ( 'NONE',  ( -2.775557561562891351E-17, 0.1351132047333101216, 0.9908301680442994641 ) ) ;
#5897 = ORIENTED_EDGE ( 'NONE', *, *, #4449, .T. ) ;
#5898 = CARTESIAN_POINT ( 'NONE',  ( -0.04544773198428922467, -13.49218690285781364, -3.614701785973853276 ) ) ;
#5899 = VERTEX_POINT ( 'NONE', #4984 ) ;
#5900 =( BOUNDED_CURVE ( )  B_SPLINE_CURVE ( 3, ( #4344, #1163, #2583, #300 ),
 .UNSPECIFIED., .F., .T. ) 
 B_SPLINE_CURVE_WITH_KNOTS ( ( 4, 4 ),
 ( 0.1342999047883529085, 0.4898570826526538191 ),
 .UNSPECIFIED. ) 
 CURVE ( )  GEOMETRIC_REPRESENTATION_ITEM ( )  RATIONAL_B_SPLINE_CURVE ( ( 1.000000000000000000, 0.9894926421782322956, 0.9894926421782322956, 1.000000000000000000 ) ) 
 REPRESENTATION_ITEM ( '' )  );
#5901 = CARTESIAN_POINT ( 'NONE',  ( -56.54752759091716285, -29.56101557123542278, 23.00000000000000000 ) ) ;
#5902 = AXIS2_PLACEMENT_3D ( 'NONE', #4035, #5856, #5023 ) ;
#5903 = AXIS2_PLACEMENT_3D ( 'NONE', #5177, #2890, #62 ) ;
#5904 = EDGE_LOOP ( 'NONE', ( #3315, #2766, #4774, #1713 ) ) ;
#5905 = CARTESIAN_POINT ( 'NONE',  ( -35.84041802259991982, -16.76392090040393157, 0.000000000000000000 ) ) ;
#5906 = CARTESIAN_POINT ( 'NONE',  ( -3.369414888816734344, -7.525733215346136262, 7.999999999999998224 ) ) ;
#5907 = ORIENTED_EDGE ( 'NONE', *, *, #5325, .F. ) ;
#5908 = AXIS2_PLACEMENT_3D ( 'NONE', #1923, #5127, #3758 ) ;
#5909 = EDGE_LOOP ( 'NONE', ( #2927, #2014, #4953, #401 ) ) ;
#5910 = CARTESIAN_POINT ( 'NONE',  ( -19.84041802259992693, -0.7030531274795246421, 9.722160887063228785 ) ) ;
#5911 = FACE_OUTER_BOUND ( 'NONE', #3292, .T. ) ;
#5912 = EDGE_CURVE ( 'NONE', #5680, #242, #4532, .T. ) ;
#5913 = DIRECTION ( 'NONE',  ( 0.000000000000000000, 0.7071067811865475727, 0.7071067811865475727 ) ) ;
#5914 = CARTESIAN_POINT ( 'NONE',  ( -1.000000000000001110, -5.526765210436202835, 16.43546798324126001 ) ) ;
#5915 = AXIS2_PLACEMENT_3D ( 'NONE', #1980, #3837, #3814 ) ;
#5916 = ORIENTED_EDGE ( 'NONE', *, *, #391, .T. ) ;
#5917 = CARTESIAN_POINT ( 'NONE',  ( -65.00558511118330784, -7.525733215346147809, 0.000000000000000000 ) ) ;
#5918 = ADVANCED_FACE ( 'NONE', ( #424 ), #9, .T. ) ;
#5919 = ORIENTED_EDGE ( 'NONE', *, *, #5774, .F. ) ;
#5920 = LINE ( 'NONE', #3806, #3732 ) ;
#5921 = VECTOR ( 'NONE', #4846, 1000.000000000000114 ) ;
#5922 = EDGE_CURVE ( 'NONE', #597, #4622, #2313, .T. ) ;
#5923 = DIRECTION ( 'NONE',  ( 1.000000000000000000, 0.000000000000000000, 0.000000000000000000 ) ) ;
#5924 = ORIENTED_EDGE ( 'NONE', *, *, #4500, .F. ) ;
#5925 = CARTESIAN_POINT ( 'NONE',  ( -42.32455534853531987, -25.50992043482313676, 4.955966552750456167 ) ) ;
ENDSEC;
END-ISO-10303-21;
