ISO-10303-21;
HEADER;
FILE_DESCRIPTION (( 'STEP AP214' ),
    '1' );
FILE_NAME ('Twist lock radio part V3.STEP',
    '2026-06-18T19:13:36',
    ( '' ),
    ( '' ),
    'SwSTEP 2.0',
    'SolidWorks 2025',
    '' );
FILE_SCHEMA (( 'AUTOMOTIVE_DESIGN' ));
ENDSEC;

DATA;
#1 = EDGE_CURVE ( 'NONE', #54, #885, #2390, .T. ) ;
#2 = ORIENTED_EDGE ( 'NONE', *, *, #1245, .T. ) ;
#3 = DIRECTION ( 'NONE',  ( 0.000000000000000000, 0.000000000000000000, -1.000000000000000000 ) ) ;
#4 = AXIS2_PLACEMENT_3D ( 'NONE', #825, #1014, #1661 ) ;
#5 = EDGE_CURVE ( 'NONE', #2132, #2275, #955, .T. ) ;
#6 = ADVANCED_FACE ( 'NONE', ( #708 ), #1899, .F. ) ;
#7 = DIRECTION ( 'NONE',  ( -0.000000000000000000, 1.000000000000000000, -0.000000000000000000 ) ) ;
#8 = CIRCLE ( 'NONE', #1059, 0.7499999999999997780 ) ;
#9 = DIRECTION ( 'NONE',  ( 1.000000000000000000, 0.000000000000000000, 1.261204315661643205E-16 ) ) ;
#10 =( NAMED_UNIT ( * ) SI_UNIT ( $, .STERADIAN. ) SOLID_ANGLE_UNIT ( ) );
#11 = EDGE_LOOP ( 'NONE', ( #2728, #1729 ) ) ;
#12 = CYLINDRICAL_SURFACE ( 'NONE', #1644, 1.000000000000000000 ) ;
#13 = CARTESIAN_POINT ( 'NONE',  ( -31.00000000000000711, 0.000000000000000000, 18.62499999999997158 ) ) ;
#14 = VERTEX_POINT ( 'NONE', #308 ) ;
#15 = CIRCLE ( 'NONE', #374, 1.000000000000000000 ) ;
#16 = ORIENTED_EDGE ( 'NONE', *, *, #548, .T. ) ;
#17 = EDGE_CURVE ( 'NONE', #649, #1884, #2478, .T. ) ;
#18 = ORIENTED_EDGE ( 'NONE', *, *, #71, .T. ) ;
#19 = FACE_OUTER_BOUND ( 'NONE', #1053, .T. ) ;
#20 = CIRCLE ( 'NONE', #2135, 0.7500000000000006661 ) ;
#21 = DIRECTION ( 'NONE',  ( 0.000000000000000000, -1.000000000000000000, 0.000000000000000000 ) ) ;
#22 = CARTESIAN_POINT ( 'NONE',  ( 31.00000000000000000, -0.4000000000000000222, -5.000000000000009770 ) ) ;
#23 = CIRCLE ( 'NONE', #2310, 2.100000000000000533 ) ;
#24 = ORIENTED_EDGE ( 'NONE', *, *, #810, .F. ) ;
#25 = CARTESIAN_POINT ( 'NONE',  ( -11.60799999999999699, 1.449999999999999956, -1.650000000000000577 ) ) ;
#26 = DIRECTION ( 'NONE',  ( -0.000000000000000000, 1.000000000000000000, -0.000000000000000000 ) ) ;
#27 = DIRECTION ( 'NONE',  ( 0.000000000000000000, 1.000000000000000000, 0.000000000000000000 ) ) ;
#28 = ORIENTED_EDGE ( 'NONE', *, *, #2653, .T. ) ;
#29 = ORIENTED_EDGE ( 'NONE', *, *, #782, .T. ) ;
#30 = EDGE_CURVE ( 'NONE', #1719, #2452, #2154, .T. ) ;
#31 = EDGE_LOOP ( 'NONE', ( #1646, #2550, #24, #1515 ) ) ;
#32 = CARTESIAN_POINT ( 'NONE',  ( 7.030742413843279739E-15, 3.103000000000000203, 4.687000000000000277 ) ) ;
#33 = DIRECTION ( 'NONE',  ( 0.000000000000000000, 0.000000000000000000, -1.000000000000000000 ) ) ;
#34 = EDGE_CURVE ( 'NONE', #2374, #206, #1544, .T. ) ;
#35 = CARTESIAN_POINT ( 'NONE',  ( -1.387778780781445676E-14, -3.600000000000000089, -1.040834085586084257E-14 ) ) ;
#36 = VERTEX_POINT ( 'NONE', #1765 ) ;
#37 = CARTESIAN_POINT ( 'NONE',  ( 31.00000000000000711, -0.4000000000000000222, 14.99999999999999112 ) ) ;
#38 = LINE ( 'NONE', #51, #2553 ) ;
#39 = CARTESIAN_POINT ( 'NONE',  ( 31.00000000000000711, 0.000000000000000000, 18.62499999999997868 ) ) ;
#40 = ORIENTED_EDGE ( 'NONE', *, *, #679, .T. ) ;
#41 = VERTEX_POINT ( 'NONE', #1989 ) ;
#42 = DIRECTION ( 'NONE',  ( 0.000000000000000000, 1.000000000000000000, 0.000000000000000000 ) ) ;
#43 = ORIENTED_EDGE ( 'NONE', *, *, #1995, .F. ) ;
#44 = CARTESIAN_POINT ( 'NONE',  ( -17.40908886177705028, 0.000000000000000000, -9.865999999999999659 ) ) ;
#45 = VECTOR ( 'NONE', #2398, 1000.000000000000000 ) ;
#46 = CYLINDRICAL_SURFACE ( 'NONE', #1985, 0.7499999999999997780 ) ;
#47 = CARTESIAN_POINT ( 'NONE',  ( 31.00000000000000711, -1.999999999999987121, 16.62499999999999289 ) ) ;
#48 = EDGE_CURVE ( 'NONE', #2484, #858, #724, .T. ) ;
#49 = EDGE_LOOP ( 'NONE', ( #1456, #430, #2012, #1523 ) ) ;
#50 = CARTESIAN_POINT ( 'NONE',  ( -31.00000000000000000, -3.600000000000000089, -5.000000000000002665 ) ) ;
#51 = CARTESIAN_POINT ( 'NONE',  ( -1.375532312789972161E-14, -0.9000000000000000222, -1.000000000000010436 ) ) ;
#52 = CIRCLE ( 'NONE', #1269, 3.624999999999987566 ) ;
#53 = FACE_OUTER_BOUND ( 'NONE', #2438, .T. ) ;
#54 = VERTEX_POINT ( 'NONE', #1942 ) ;
#55 = LINE ( 'NONE', #1339, #371 ) ;
#56 = LINE ( 'NONE', #464, #451 ) ;
#57 = AXIS2_PLACEMENT_3D ( 'NONE', #633, #431, #1260 ) ;
#58 = ORIENTED_EDGE ( 'NONE', *, *, #1008, .F. ) ;
#59 = CARTESIAN_POINT ( 'NONE',  ( 0.000000000000000000, -0.4000000000000000222, 0.000000000000000000 ) ) ;
#60 = CARTESIAN_POINT ( 'NONE',  ( 17.40908886177704318, 5.083999999999999631, 12.43199999999998262 ) ) ;
#61 = FACE_OUTER_BOUND ( 'NONE', #793, .T. ) ;
#62 = ORIENTED_EDGE ( 'NONE', *, *, #480, .F. ) ;
#63 = DIRECTION ( 'NONE',  ( 0.000000000000000000, 0.000000000000000000, -1.000000000000000000 ) ) ;
#64 = CARTESIAN_POINT ( 'NONE',  ( 0.9999999999999867883, -1.199999999999999956, 6.325441960843516398 ) ) ;
#65 = LINE ( 'NONE', #689, #1784 ) ;
#66 = ORIENTED_EDGE ( 'NONE', *, *, #1216, .F. ) ;
#67 = ORIENTED_EDGE ( 'NONE', *, *, #982, .T. ) ;
#68 = VECTOR ( 'NONE', #1822, 1000.000000000000000 ) ;
#69 = CARTESIAN_POINT ( 'NONE',  ( 11.60800000000000409, 1.949999999999999956, -2.843140008900496207E-15 ) ) ;
#70 = EDGE_CURVE ( 'NONE', #116, #1055, #281, .T. ) ;
#71 = EDGE_CURVE ( 'NONE', #1758, #2132, #1771, .T. ) ;
#72 = ORIENTED_EDGE ( 'NONE', *, *, #2474, .T. ) ;
#73 = CIRCLE ( 'NONE', #741, 6.403999999999999915 ) ;
#74 = CIRCLE ( 'NONE', #1619, 6.403999999999999915 ) ;
#75 = LINE ( 'NONE', #1754, #1271 ) ;
#76 = CARTESIAN_POINT ( 'NONE',  ( -11.60799999999999699, 1.049999999999984945, 0.000000000000000000 ) ) ;
#77 = ORIENTED_EDGE ( 'NONE', *, *, #2141, .T. ) ;
#78 = DIRECTION ( 'NONE',  ( 0.000000000000000000, 0.000000000000000000, -1.000000000000000000 ) ) ;
#79 = LINE ( 'NONE', #658, #2070 ) ;
#80 = CARTESIAN_POINT ( 'NONE',  ( -31.00000000000000000, 0.000000000000000000, -5.000000000000002665 ) ) ;
#81 = ORIENTED_EDGE ( 'NONE', *, *, #2031, .T. ) ;
#82 = ORIENTED_EDGE ( 'NONE', *, *, #822, .F. ) ;
#83 = CARTESIAN_POINT ( 'NONE',  ( -1.387778780781445676E-14, 1.949999999999999956, -1.040834085586084257E-14 ) ) ;
#84 = ADVANCED_FACE ( 'NONE', ( #267 ), #1355, .T. ) ;
#85 = ORIENTED_EDGE ( 'NONE', *, *, #1226, .T. ) ;
#86 = CARTESIAN_POINT ( 'NONE',  ( 31.00000000000000711, -3.600000000000000089, 14.99999999999999112 ) ) ;
#87 = AXIS2_PLACEMENT_3D ( 'NONE', #1717, #1292, #867 ) ;
#88 = DIRECTION ( 'NONE',  ( -0.000000000000000000, 1.000000000000000000, -0.000000000000000000 ) ) ;
#89 = AXIS2_PLACEMENT_3D ( 'NONE', #1727, #245, #1303 ) ;
#90 = ORIENTED_EDGE ( 'NONE', *, *, #1393, .T. ) ;
#91 = DIRECTION ( 'NONE',  ( -0.000000000000000000, 1.000000000000000000, -0.000000000000000000 ) ) ;
#92 = LINE ( 'NONE', #337, #1049 ) ;
#93 = CIRCLE ( 'NONE', #585, 1.000000000000000000 ) ;
#94 = CIRCLE ( 'NONE', #1897, 7.650000000000000355 ) ;
#95 = DIRECTION ( 'NONE',  ( 0.000000000000000000, 1.000000000000000000, 0.000000000000000000 ) ) ;
#96 = ORIENTED_EDGE ( 'NONE', *, *, #1451, .F. ) ;
#97 = DIRECTION ( 'NONE',  ( -0.000000000000000000, -1.000000000000000000, -0.000000000000000000 ) ) ;
#98 = AXIS2_PLACEMENT_3D ( 'NONE', #545, #2347, #886 ) ;
#99 = CARTESIAN_POINT ( 'NONE',  ( -1.387778780781445676E-14, -0.9000000000000000222, -1.040834085586084257E-14 ) ) ;
#100 = AXIS2_PLACEMENT_3D ( 'NONE', #2194, #2625, #1365 ) ;
#101 = EDGE_LOOP ( 'NONE', ( #711, #1601, #1259, #375 ) ) ;
#102 = EDGE_CURVE ( 'NONE', #137, #1924, #55, .T. ) ;
#103 = CARTESIAN_POINT ( 'NONE',  ( 6.938893903907228378E-15, -0.9000000000000000222, 3.936999999999999389 ) ) ;
#104 = FACE_OUTER_BOUND ( 'NONE', #1577, .T. ) ;
#105 = UNCERTAINTY_MEASURE_WITH_UNIT (LENGTH_MEASURE( 1.000000000000000082E-05 ), #1857, 'distance_accuracy_value', 'NONE');
#106 = ADVANCED_FACE ( 'NONE', ( #2181 ), #2581, .T. ) ;
#107 = ORIENTED_EDGE ( 'NONE', *, *, #203, .F. ) ;
#108 = CARTESIAN_POINT ( 'NONE',  ( 34.99999999999999289, -3.600000000000000089, 0.000000000000000000 ) ) ;
#109 = CARTESIAN_POINT ( 'NONE',  ( -9.099911138222951834, 5.083999999999999631, 12.43199999999999328 ) ) ;
#110 = CARTESIAN_POINT ( 'NONE',  ( -1.000000000000013323, -0.9000000000000000222, 3.936999999999999389 ) ) ;
#111 = ORIENTED_EDGE ( 'NONE', *, *, #2545, .F. ) ;
#112 = DIRECTION ( 'NONE',  ( -0.000000000000000000, -1.000000000000000000, -0.000000000000000000 ) ) ;
#113 = CARTESIAN_POINT ( 'NONE',  ( 9.099911138222951834, 5.083999999999999631, -11.43199999999999861 ) ) ;
#114 = AXIS2_PLACEMENT_3D ( 'NONE', #619, #417, #775 ) ;
#115 = DIRECTION ( 'NONE',  ( 0.000000000000000000, 0.000000000000000000, -1.000000000000000000 ) ) ;
#116 = VERTEX_POINT ( 'NONE', #1434 ) ;
#117 = VERTEX_POINT ( 'NONE', #129 ) ;
#118 = EDGE_CURVE ( 'NONE', #2058, #2712, #2689, .T. ) ;
#119 = CARTESIAN_POINT ( 'NONE',  ( -31.00000000000000711, -0.4000000000000000222, 13.37499999999998046 ) ) ;
#120 = CARTESIAN_POINT ( 'NONE',  ( 33.00000000000000000, -3.600000000000000089, -22.50000000000001066 ) ) ;
#121 = AXIS2_PLACEMENT_3D ( 'NONE', #875, #1304, #1108 ) ;
#122 = ADVANCED_FACE ( 'NONE', ( #1602 ), #1409, .F. ) ;
#123 = ORIENTED_EDGE ( 'NONE', *, *, #1551, .T. ) ;
#124 = ADVANCED_FACE ( 'NONE', ( #352 ), #143, .T. ) ;
#125 = CARTESIAN_POINT ( 'NONE',  ( -31.00000000000000711, -0.4000000000000000222, 16.62499999999998579 ) ) ;
#126 = DIRECTION ( 'NONE',  ( 0.000000000000000000, 0.000000000000000000, -1.000000000000000000 ) ) ;
#127 = PLANE ( 'NONE',  #1472 ) ;
#128 = VERTEX_POINT ( 'NONE', #571 ) ;
#129 = CARTESIAN_POINT ( 'NONE',  ( -9.099911138222951834, 5.083999999999999631, 12.43199999999999328 ) ) ;
#130 = CARTESIAN_POINT ( 'NONE',  ( 6.938893903907228378E-15, -0.3999999999999999667, 3.936999999999999389 ) ) ;
#131 = CONICAL_SURFACE ( 'NONE', #2151, 3.624999999999987566, 0.7853981633974477239 ) ;
#132 = EDGE_CURVE ( 'NONE', #1384, #858, #763, .T. ) ;
#133 = VERTEX_POINT ( 'NONE', #1201 ) ;
#134 = ORIENTED_EDGE ( 'NONE', *, *, #1479, .F. ) ;
#135 = DIRECTION ( 'NONE',  ( 0.000000000000000000, 0.000000000000000000, -1.000000000000000000 ) ) ;
#136 = DIRECTION ( 'NONE',  ( -0.000000000000000000, -1.000000000000000000, -0.000000000000000000 ) ) ;
#137 = VERTEX_POINT ( 'NONE', #2018 ) ;
#138 = DIRECTION ( 'NONE',  ( 0.000000000000000000, 0.000000000000000000, -1.000000000000000000 ) ) ;
#139 = CARTESIAN_POINT ( 'NONE',  ( 11.60800000000000409, 1.049999999999984945, 2.099999999999997868 ) ) ;
#140 = ADVANCED_FACE ( 'NONE', ( #1615, #2640 ), #366, .F. ) ;
#141 = CARTESIAN_POINT ( 'NONE',  ( -1.294093300646673193E-14, 1.949999999999999956, 7.649999999999989697 ) ) ;
#142 = VERTEX_POINT ( 'NONE', #750 ) ;
#143 = PLANE ( 'NONE',  #1874 ) ;
#144 = ORIENTED_EDGE ( 'NONE', *, *, #1393, .F. ) ;
#145 = ORIENTED_EDGE ( 'NONE', *, *, #2175, .F. ) ;
#146 = AXIS2_PLACEMENT_3D ( 'NONE', #1118, #2539, #1797 ) ;
#147 = AXIS2_PLACEMENT_3D ( 'NONE', #1372, #510, #2601 ) ;
#148 = CARTESIAN_POINT ( 'NONE',  ( 7.061358583821963526E-15, -0.9000000000000000222, 2.936999999999999389 ) ) ;
#149 = PLANE ( 'NONE',  #1279 ) ;
#150 = AXIS2_PLACEMENT_3D ( 'NONE', #1098, #1938, #893 ) ;
#151 = ORIENTED_EDGE ( 'NONE', *, *, #71, .F. ) ;
#152 = DIRECTION ( 'NONE',  ( -0.000000000000000000, 1.000000000000000000, -0.000000000000000000 ) ) ;
#153 = CARTESIAN_POINT ( 'NONE',  ( -31.00000000000000711, 0.000000000000000000, 14.99999999999998401 ) ) ;
#154 = DIRECTION ( 'NONE',  ( -0.000000000000000000, 0.000000000000000000, -1.000000000000000000 ) ) ;
#155 = ORIENTED_EDGE ( 'NONE', *, *, #1183, .T. ) ;
#156 = VECTOR ( 'NONE', #2093, 1000.000000000000000 ) ;
#157 = ORIENTED_EDGE ( 'NONE', *, *, #1736, .T. ) ;
#158 = CIRCLE ( 'NONE', #2628, 6.403999999999999915 ) ;
#159 = DIRECTION ( 'NONE',  ( 0.000000000000000000, 0.000000000000000000, 1.000000000000000000 ) ) ;
#160 = DIRECTION ( 'NONE',  ( -1.000000000000000000, 0.000000000000000000, 0.000000000000000000 ) ) ;
#161 =( GEOMETRIC_REPRESENTATION_CONTEXT ( 3 ) GLOBAL_UNCERTAINTY_ASSIGNED_CONTEXT ( ( #2519 ) ) GLOBAL_UNIT_ASSIGNED_CONTEXT ( ( #1381, #2652, #2247 ) ) REPRESENTATION_CONTEXT ( 'NONE', 'WORKASPACE' ) );
#162 = DIRECTION ( 'NONE',  ( 0.000000000000000000, 0.000000000000000000, 1.000000000000000000 ) ) ;
#163 = AXIS2_PLACEMENT_3D ( 'NONE', #1048, #1064, #1318 ) ;
#164 = CARTESIAN_POINT ( 'NONE',  ( -1.000000000000013323, -0.9000000000000000222, 0.000000000000000000 ) ) ;
#165 = CARTESIAN_POINT ( 'NONE',  ( -31.00000000000000711, 0.000000000000000000, 18.62499999999997158 ) ) ;
#166 = ORIENTED_EDGE ( 'NONE', *, *, #1790, .F. ) ;
#167 = CARTESIAN_POINT ( 'NONE',  ( 34.99999999999999289, 0.000000000000000000, -20.50000000000002132 ) ) ;
#168 = ORIENTED_EDGE ( 'NONE', *, *, #2540, .F. ) ;
#169 = EDGE_LOOP ( 'NONE', ( #1946, #2080, #829, #351, #1020 ) ) ;
#170 = EDGE_CURVE ( 'NONE', #2374, #1105, #2451, .T. ) ;
#171 = ADVANCED_FACE ( 'NONE', ( #1845 ), #995, .F. ) ;
#172 = FACE_BOUND ( 'NONE', #968, .T. ) ;
#173 = LINE ( 'NONE', #1851, #320 ) ;
#174 = MANIFOLD_SOLID_BREP ( 'Chamfer4', #940 ) ;
#175 = DIRECTION ( 'NONE',  ( -0.000000000000000000, -1.000000000000000000, -0.000000000000000000 ) ) ;
#176 = CARTESIAN_POINT ( 'NONE',  ( 0.000000000000000000, -0.4000000000000000222, 0.000000000000000000 ) ) ;
#177 = CARTESIAN_POINT ( 'NONE',  ( -17.40908886177704673, 0.000000000000000000, -12.43199999999998262 ) ) ;
#178 = ORIENTED_EDGE ( 'NONE', *, *, #1590, .T. ) ;
#179 = CYLINDRICAL_SURFACE ( 'NONE', #1380, 1.000000000000000888 ) ;
#180 = VECTOR ( 'NONE', #1952, 1000.000000000000000 ) ;
#181 = EDGE_LOOP ( 'NONE', ( #2610, #2343, #963, #1461 ) ) ;
#182 = EDGE_LOOP ( 'NONE', ( #1931, #1999, #1950, #339 ) ) ;
#183 = DIRECTION ( 'NONE',  ( 0.000000000000000000, 0.7071067811865477948, 0.7071067811865473507 ) ) ;
#184 = EDGE_CURVE ( 'NONE', #1528, #142, #584, .T. ) ;
#185 = DIRECTION ( 'NONE',  ( -0.000000000000000000, -1.000000000000000000, -0.000000000000000000 ) ) ;
#186 = VECTOR ( 'NONE', #2586, 1000.000000000000000 ) ;
#187 = DIRECTION ( 'NONE',  ( -0.000000000000000000, 1.000000000000000000, -0.000000000000000000 ) ) ;
#188 = ADVANCED_FACE ( 'NONE', ( #2263 ), #179, .T. ) ;
#189 = DIRECTION ( 'NONE',  ( -0.000000000000000000, 1.000000000000000000, -0.000000000000000000 ) ) ;
#190 = AXIS2_PLACEMENT_3D ( 'NONE', #441, #1910, #657 ) ;
#191 = EDGE_CURVE ( 'NONE', #779, #368, #2216, .T. ) ;
#192 = FILL_AREA_STYLE ('',( #2274 ) ) ;
#193 = VERTEX_POINT ( 'NONE', #2133 ) ;
#194 = DIRECTION ( 'NONE',  ( -0.000000000000000000, 1.000000000000000000, -0.000000000000000000 ) ) ;
#195 = ORIENTED_EDGE ( 'NONE', *, *, #846, .F. ) ;
#196 = ORIENTED_EDGE ( 'NONE', *, *, #2089, .F. ) ;
#197 = VERTEX_POINT ( 'NONE', #621 ) ;
#198 = LINE ( 'NONE', #836, #412 ) ;
#199 = STYLED_ITEM ( 'NONE', ( #1678 ), #1275 ) ;
#200 = CARTESIAN_POINT ( 'NONE',  ( 17.40908886177704318, 0.000000000000000000, 12.43199999999998262 ) ) ;
#201 = CARTESIAN_POINT ( 'NONE',  ( -31.00000000000000000, -1.999999999999986677, -5.000000000000002665 ) ) ;
#202 = CARTESIAN_POINT ( 'NONE',  ( 7.061358583821963526E-15, -0.9000000000000000222, -4.936999999999999389 ) ) ;
#203 = EDGE_CURVE ( 'NONE', #2498, #808, #219, .T. ) ;
#204 = EDGE_CURVE ( 'NONE', #1327, #1991, #1290, .T. ) ;
#205 = CARTESIAN_POINT ( 'NONE',  ( 34.99999999999999289, -0.4000000000000000222, 0.000000000000000000 ) ) ;
#206 = VERTEX_POINT ( 'NONE', #1457 ) ;
#207 = AXIS2_PLACEMENT_3D ( 'NONE', #2529, #653, #642 ) ;
#208 = DIRECTION ( 'NONE',  ( -0.000000000000000000, -1.000000000000000000, -0.000000000000000000 ) ) ;
#209 = ADVANCED_FACE ( 'NONE', ( #457 ), #2727, .F. ) ;
#210 = CIRCLE ( 'NONE', #1744, 1.625000000000003109 ) ;
#211 = APPLICATION_CONTEXT ( 'automotive_design' ) ;
#212 = ORIENTED_EDGE ( 'NONE', *, *, #2637, .T. ) ;
#213 = ORIENTED_EDGE ( 'NONE', *, *, #2260, .T. ) ;
#214 = EDGE_CURVE ( 'NONE', #1300, #1528, #1898, .T. ) ;
#215 = ORIENTED_EDGE ( 'NONE', *, *, #579, .F. ) ;
#216 = FACE_BOUND ( 'NONE', #1447, .T. ) ;
#217 = CARTESIAN_POINT ( 'NONE',  ( 34.99999999999999289, 0.000000000000000000, 20.49999999999997513 ) ) ;
#218 = DIRECTION ( 'NONE',  ( 1.352083769272656622E-15, 0.000000000000000000, -1.000000000000000000 ) ) ;
#219 = LINE ( 'NONE', #866, #2345 ) ;
#220 = ADVANCED_FACE ( 'NONE', ( #420 ), #1040, .T. ) ;
#221 = CARTESIAN_POINT ( 'NONE',  ( 0.000000000000000000, -1.199999999999999956, 0.000000000000000000 ) ) ;
#222 = VERTEX_POINT ( 'NONE', #25 ) ;
#223 = ORIENTED_EDGE ( 'NONE', *, *, #2008, .F. ) ;
#224 = AXIS2_PLACEMENT_3D ( 'NONE', #153, #1612, #1169 ) ;
#225 = AXIS2_PLACEMENT_3D ( 'NONE', #667, #2573, #2379 ) ;
#226 = ORIENTED_EDGE ( 'NONE', *, *, #1402, .T. ) ;
#227 = FACE_OUTER_BOUND ( 'NONE', #2624, .T. ) ;
#228 = AXIS2_PLACEMENT_3D ( 'NONE', #1219, #2239, #1011 ) ;
#229 = CIRCLE ( 'NONE', #663, 3.624999999999987566 ) ;
#230 = CARTESIAN_POINT ( 'NONE',  ( -11.60799999999999699, 1.049999999999984945, -2.100000000000000533 ) ) ;
#231 = VECTOR ( 'NONE', #1033, 1000.000000000000000 ) ;
#232 = VECTOR ( 'NONE', #531, 1000.000000000000000 ) ;
#233 = LINE ( 'NONE', #1934, #1439 ) ;
#234 =( GEOMETRIC_REPRESENTATION_CONTEXT ( 3 ) GLOBAL_UNCERTAINTY_ASSIGNED_CONTEXT ( ( #1756 ) ) GLOBAL_UNIT_ASSIGNED_CONTEXT ( ( #2725, #655, #10 ) ) REPRESENTATION_CONTEXT ( 'NONE', 'WORKASPACE' ) );
#235 = ORIENTED_EDGE ( 'NONE', *, *, #1183, .F. ) ;
#236 = DIRECTION ( 'NONE',  ( 0.000000000000000000, 0.000000000000000000, 1.000000000000000000 ) ) ;
#237 = DIRECTION ( 'NONE',  ( 0.000000000000000000, 1.000000000000000000, 0.000000000000000000 ) ) ;
#238 = CARTESIAN_POINT ( 'NONE',  ( -10.09991113822295361, 5.083999999999999631, 9.865999999999994330 ) ) ;
#239 = ORIENTED_EDGE ( 'NONE', *, *, #862, .F. ) ;
#240 = VERTEX_POINT ( 'NONE', #1859 ) ;
#241 = ADVANCED_FACE ( 'NONE', ( #2299 ), #2324, .F. ) ;
#242 = ORIENTED_EDGE ( 'NONE', *, *, #1714, .F. ) ;
#243 = DIRECTION ( 'NONE',  ( 0.000000000000000000, 0.000000000000000000, 1.000000000000000000 ) ) ;
#244 = VECTOR ( 'NONE', #817, 999.9999999999998863 ) ;
#245 = DIRECTION ( 'NONE',  ( -5.044817262646572822E-16, 0.000000000000000000, -1.000000000000000000 ) ) ;
#246 = DIRECTION ( 'NONE',  ( -0.000000000000000000, 1.000000000000000000, -0.000000000000000000 ) ) ;
#247 = CIRCLE ( 'NONE', #1076, 14.50000000000000000 ) ;
#248 = ORIENTED_EDGE ( 'NONE', *, *, #2280, .T. ) ;
#249 = CYLINDRICAL_SURFACE ( 'NONE', #1428, 1.625000000000003109 ) ;
#250 = CARTESIAN_POINT ( 'NONE',  ( -1.387778780781445676E-14, -0.9000000000000000222, -1.040834085586084257E-14 ) ) ;
#251 = DIRECTION ( 'NONE',  ( 0.000000000000000000, 0.000000000000000000, 1.000000000000000000 ) ) ;
#252 = ORIENTED_EDGE ( 'NONE', *, *, #1316, .F. ) ;
#253 = ORIENTED_EDGE ( 'NONE', *, *, #877, .T. ) ;
#254 = CARTESIAN_POINT ( 'NONE',  ( 31.00000000000000000, 0.000000000000000000, -1.374999999999992450 ) ) ;
#255 = VECTOR ( 'NONE', #1908, 1000.000000000000000 ) ;
#256 = VERTEX_POINT ( 'NONE', #2494 ) ;
#257 = LINE ( 'NONE', #284, #1639 ) ;
#258 = ADVANCED_FACE ( 'NONE', ( #2312, #1247, #1471, #1704 ), #2703, .T. ) ;
#259 = CARTESIAN_POINT ( 'NONE',  ( -11.60799999999999699, 1.449999999999999956, -1.650000000000000577 ) ) ;
#260 = DIRECTION ( 'NONE',  ( 0.000000000000000000, 1.000000000000000000, 0.000000000000000000 ) ) ;
#261 = VECTOR ( 'NONE', #2490, 1000.000000000000000 ) ;
#262 = EDGE_LOOP ( 'NONE', ( #2335, #2485, #549, #2459 ) ) ;
#263 = DIRECTION ( 'NONE',  ( 0.000000000000000000, -1.000000000000000000, 0.000000000000000000 ) ) ;
#264 = DIRECTION ( 'NONE',  ( 0.000000000000000000, 0.000000000000000000, -1.000000000000000000 ) ) ;
#265 = DIRECTION ( 'NONE',  ( 0.000000000000000000, 1.000000000000000000, -0.000000000000000000 ) ) ;
#266 = ORIENTED_EDGE ( 'NONE', *, *, #2106, .F. ) ;
#267 = FACE_OUTER_BOUND ( 'NONE', #1873, .T. ) ;
#268 = DIRECTION ( 'NONE',  ( 0.000000000000000000, 0.000000000000000000, -1.000000000000000000 ) ) ;
#269 = ORIENTED_EDGE ( 'NONE', *, *, #1, .F. ) ;
#270 = CYLINDRICAL_SURFACE ( 'NONE', #937, 1.000000000000000888 ) ;
#271 = LINE ( 'NONE', #2365, #2331 ) ;
#272 = PLANE ( 'NONE',  #1837 ) ;
#273 = CIRCLE ( 'NONE', #2658, 6.403999999999999915 ) ;
#274 = ORIENTED_EDGE ( 'NONE', *, *, #695, .F. ) ;
#275 = ADVANCED_FACE ( 'NONE', ( #1234 ), #819, .T. ) ;
#276 = DIRECTION ( 'NONE',  ( -0.000000000000000000, -1.000000000000000000, -0.000000000000000000 ) ) ;
#277 = LINE ( 'NONE', #1322, #180 ) ;
#278 = EDGE_CURVE ( 'NONE', #508, #1957, #2288, .T. ) ;
#279 = CARTESIAN_POINT ( 'NONE',  ( -1.387778780781445676E-14, -0.9000000000000000222, -1.040834085586084257E-14 ) ) ;
#280 = ORIENTED_EDGE ( 'NONE', *, *, #2353, .F. ) ;
#281 = LINE ( 'NONE', #506, #454 ) ;
#282 = DIRECTION ( 'NONE',  ( 0.000000000000000000, -1.000000000000000000, 0.000000000000000000 ) ) ;
#283 = EDGE_LOOP ( 'NONE', ( #422, #686 ) ) ;
#284 = CARTESIAN_POINT ( 'NONE',  ( 6.938893903907228378E-15, 3.103000000000000203, 3.186999999999998945 ) ) ;
#285 = LINE ( 'NONE', #1121, #2471 ) ;
#286 = CARTESIAN_POINT ( 'NONE',  ( 31.00000000000000711, 0.000000000000000000, 11.37500000000000355 ) ) ;
#287 = CIRCLE ( 'NONE', #2487, 1.699999999999993072 ) ;
#288 = EDGE_LOOP ( 'NONE', ( #1862, #2705, #382, #596 ) ) ;
#289 = DIRECTION ( 'NONE',  ( 0.000000000000000000, 0.000000000000000000, 1.000000000000000000 ) ) ;
#290 = DIRECTION ( 'NONE',  ( 0.000000000000000000, 0.000000000000000000, 1.000000000000000000 ) ) ;
#291 = EDGE_CURVE ( 'NONE', #206, #958, #2701, .T. ) ;
#292 = AXIS2_PLACEMENT_3D ( 'NONE', #69, #42, #1356 ) ;
#293 = EDGE_CURVE ( 'NONE', #41, #295, #2518, .T. ) ;
#294 = LINE ( 'NONE', #2425, #2007 ) ;
#295 = VERTEX_POINT ( 'NONE', #2506 ) ;
#296 = CARTESIAN_POINT ( 'NONE',  ( 16.40908886177703963, 5.083999999999999631, 11.43199999999998440 ) ) ;
#297 = DIRECTION ( 'NONE',  ( 0.000000000000000000, 0.000000000000000000, -1.000000000000000000 ) ) ;
#298 = ORIENTED_EDGE ( 'NONE', *, *, #1868, .F. ) ;
#299 = VECTOR ( 'NONE', #1122, 1000.000000000000114 ) ;
#300 = EDGE_CURVE ( 'NONE', #402, #1262, #550, .T. ) ;
#301 = CARTESIAN_POINT ( 'NONE',  ( 7.061358583821963526E-15, -0.9000000000000000222, -4.936999999999999389 ) ) ;
#302 = FACE_BOUND ( 'NONE', #899, .T. ) ;
#303 = EDGE_LOOP ( 'NONE', ( #1956, #2508, #2535, #111 ) ) ;
#304 = CARTESIAN_POINT ( 'NONE',  ( 6.938893903907228378E-15, -0.9000000000000000222, -3.936999999999999389 ) ) ;
#305 = DIRECTION ( 'NONE',  ( 0.000000000000000000, 1.000000000000000000, 0.000000000000000000 ) ) ;
#306 = DIRECTION ( 'NONE',  ( -0.000000000000000000, 1.000000000000000000, -0.000000000000000000 ) ) ;
#307 = ORIENTED_EDGE ( 'NONE', *, *, #904, .T. ) ;
#308 = CARTESIAN_POINT ( 'NONE',  ( 10.62600790513537774, 1.949999999999999956, 9.865999999999997883 ) ) ;
#309 = ADVANCED_FACE ( 'NONE', ( #853 ), #12, .F. ) ;
#310 = CARTESIAN_POINT ( 'NONE',  ( -1.294093300646673193E-14, 3.103000000000000203, 7.649999999999989697 ) ) ;
#311 = ORIENTED_EDGE ( 'NONE', *, *, #1387, .F. ) ;
#312 = ADVANCED_FACE ( 'NONE', ( #2149 ), #514, .F. ) ;
#313 = DIRECTION ( 'NONE',  ( 0.000000000000000000, -1.000000000000000000, 0.000000000000000000 ) ) ;
#314 = AXIS2_PLACEMENT_3D ( 'NONE', #1540, #879, #237 ) ;
#315 = CARTESIAN_POINT ( 'NONE',  ( 10.09991113822295361, 5.083999999999999631, -11.43199999999999861 ) ) ;
#316 = CIRCLE ( 'NONE', #2204, 1.625000000000003109 ) ;
#317 = VERTEX_POINT ( 'NONE', #485 ) ;
#318 = LINE ( 'NONE', #1207, #2021 ) ;
#319 = CARTESIAN_POINT ( 'NONE',  ( 10.62600790513537774, 1.949999999999999956, 9.865999999999997883 ) ) ;
#320 = VECTOR ( 'NONE', #1648, 1000.000000000000000 ) ;
#321 = EDGE_CURVE ( 'NONE', #2148, #2597, #1506, .T. ) ;
#322 = CARTESIAN_POINT ( 'NONE',  ( 0.000000000000000000, 0.000000000000000000, -10.00000000000000000 ) ) ;
#323 = VERTEX_POINT ( 'NONE', #1971 ) ;
#324 = DIRECTION ( 'NONE',  ( 0.000000000000000000, 0.000000000000000000, -1.000000000000000000 ) ) ;
#325 = CIRCLE ( 'NONE', #1681, 2.100000000000000533 ) ;
#326 = DIRECTION ( 'NONE',  ( 0.000000000000000000, -1.000000000000000000, 0.000000000000000000 ) ) ;
#327 = ORIENTED_EDGE ( 'NONE', *, *, #1790, .T. ) ;
#328 = VECTOR ( 'NONE', #1051, 1000.000000000000000 ) ;
#329 = EDGE_CURVE ( 'NONE', #1262, #402, #1778, .T. ) ;
#330 = ADVANCED_FACE ( 'NONE', ( #2383 ), #2163, .F. ) ;
#331 = DIRECTION ( 'NONE',  ( -0.000000000000000000, 1.000000000000000000, -0.000000000000000000 ) ) ;
#332 = DIRECTION ( 'NONE',  ( 0.000000000000000000, -1.000000000000000000, 0.000000000000000000 ) ) ;
#333 = EDGE_LOOP ( 'NONE', ( #2251, #1030, #2085, #637 ) ) ;
#334 = CARTESIAN_POINT ( 'NONE',  ( -17.40908886177705028, 0.000000000000000000, -9.865999999999999659 ) ) ;
#335 = PRODUCT_DEFINITION_SHAPE ( 'NONE', 'NONE',  #2158 ) ;
#336 = ADVANCED_FACE ( 'NONE', ( #719 ), #1083, .T. ) ;
#337 = CARTESIAN_POINT ( 'NONE',  ( 31.00000000000000711, -0.4000000000000000222, 16.62499999999999289 ) ) ;
#338 = FACE_BOUND ( 'NONE', #1460, .T. ) ;
#339 = ORIENTED_EDGE ( 'NONE', *, *, #1788, .F. ) ;
#340 = CARTESIAN_POINT ( 'NONE',  ( 0.000000000000000000, -1.199999999999999956, 0.000000000000000000 ) ) ;
#341 = VECTOR ( 'NONE', #542, 1000.000000000000114 ) ;
#342 = CARTESIAN_POINT ( 'NONE',  ( -33.00000000000000711, 0.000000000000000000, 22.49999999999998579 ) ) ;
#343 = EDGE_LOOP ( 'NONE', ( #2046, #2193, #1789, #648, #395, #1800, #1090, #1265 ) ) ;
#344 = CARTESIAN_POINT ( 'NONE',  ( -1.387778780781445676E-14, -1.199999999999999956, -1.040834085586084257E-14 ) ) ;
#345 = EDGE_CURVE ( 'NONE', #1384, #1060, #1111, .T. ) ;
#346 = DIRECTION ( 'NONE',  ( 0.7071067811865451302, -0.000000000000000000, -0.7071067811865500152 ) ) ;
#347 = ORIENTED_EDGE ( 'NONE', *, *, #1580, .T. ) ;
#348 = DIRECTION ( 'NONE',  ( 0.000000000000000000, 0.000000000000000000, 1.000000000000000000 ) ) ;
#349 = LINE ( 'NONE', #319, #662 ) ;
#350 = DIRECTION ( 'NONE',  ( 0.000000000000000000, -1.000000000000000000, 0.000000000000000000 ) ) ;
#351 = ORIENTED_EDGE ( 'NONE', *, *, #480, .T. ) ;
#352 = FACE_OUTER_BOUND ( 'NONE', #1617, .T. ) ;
#353 = CARTESIAN_POINT ( 'NONE',  ( 11.60800000000000409, 1.449999999999999956, -2.843140008900496207E-15 ) ) ;
#354 = AXIS2_PLACEMENT_3D ( 'NONE', #1623, #976, #1153 ) ;
#355 = EDGE_LOOP ( 'NONE', ( #1009, #950, #1831, #2246 ) ) ;
#356 = ORIENTED_EDGE ( 'NONE', *, *, #1144, .F. ) ;
#357 = CARTESIAN_POINT ( 'NONE',  ( 7.030742413843279739E-15, -0.4000000000000000222, 4.687000000000000277 ) ) ;
#358 = CARTESIAN_POINT ( 'NONE',  ( 31.00000000000000711, 0.000000000000000000, 18.62499999999997868 ) ) ;
#359 = VECTOR ( 'NONE', #2547, 1000.000000000000000 ) ;
#360 = ORIENTED_EDGE ( 'NONE', *, *, #2572, .F. ) ;
#361 = CARTESIAN_POINT ( 'NONE',  ( 0.9999999999999867883, -0.9000000000000000222, -3.936999999999999389 ) ) ;
#362 = DIRECTION ( 'NONE',  ( 8.659560562354852739E-17, -0.7071067811865540120, 0.7071067811865410224 ) ) ;
#363 = ADVANCED_FACE ( 'NONE', ( #1539 ), #249, .F. ) ;
#364 = DIRECTION ( 'NONE',  ( 0.000000000000000000, 0.7071067811865481278, 0.7071067811865470176 ) ) ;
#365 = ORIENTED_EDGE ( 'NONE', *, *, #2242, .F. ) ;
#366 = PLANE ( 'NONE',  #909 ) ;
#367 = VECTOR ( 'NONE', #2699, 1000.000000000000000 ) ;
#368 = VERTEX_POINT ( 'NONE', #910 ) ;
#369 = ORIENTED_EDGE ( 'NONE', *, *, #2474, .F. ) ;
#370 = AXIS2_PLACEMENT_3D ( 'NONE', #103, #2616, #535 ) ;
#371 = VECTOR ( 'NONE', #1734, 1000.000000000000000 ) ;
#372 = CYLINDRICAL_SURFACE ( 'NONE', #787, 1.625000000000003109 ) ;
#373 = DIRECTION ( 'NONE',  ( 0.000000000000000000, 1.000000000000000000, 0.000000000000000000 ) ) ;
#374 = AXIS2_PLACEMENT_3D ( 'NONE', #1308, #263, #63 ) ;
#375 = ORIENTED_EDGE ( 'NONE', *, *, #1226, .F. ) ;
#376 = DIRECTION ( 'NONE',  ( 0.000000000000000000, 0.000000000000000000, -1.000000000000000000 ) ) ;
#377 = DIRECTION ( 'NONE',  ( 0.000000000000000000, 0.000000000000000000, 1.000000000000000000 ) ) ;
#378 = FACE_OUTER_BOUND ( 'NONE', #1685, .T. ) ;
#379 = ORIENTED_EDGE ( 'NONE', *, *, #2240, .F. ) ;
#380 = EDGE_CURVE ( 'NONE', #757, #424, #15, .T. ) ;
#381 = EDGE_CURVE ( 'NONE', #137, #757, #1906, .T. ) ;
#382 = ORIENTED_EDGE ( 'NONE', *, *, #2307, .T. ) ;
#383 = AXIS2_PLACEMENT_3D ( 'NONE', #556, #306, #517 ) ;
#384 = ORIENTED_EDGE ( 'NONE', *, *, #2250, .F. ) ;
#385 = AXIS2_PLACEMENT_3D ( 'NONE', #353, #764, #2223 ) ;
#386 = PLANE ( 'NONE',  #2563 ) ;
#387 = CARTESIAN_POINT ( 'NONE',  ( -1.387778780781445676E-14, -0.8999999999999998002, -1.040834085586084257E-14 ) ) ;
#388 = CARTESIAN_POINT ( 'NONE',  ( -1.115179377413660774E-15, 0.000000000000000000, 22.49999999999998579 ) ) ;
#389 = AXIS2_PLACEMENT_3D ( 'NONE', #415, #189, #2491 ) ;
#390 = DIRECTION ( 'NONE',  ( 0.000000000000000000, 1.000000000000000000, 0.000000000000000000 ) ) ;
#391 = DIRECTION ( 'NONE',  ( -0.000000000000000000, -1.000000000000000000, -0.000000000000000000 ) ) ;
#392 = EDGE_LOOP ( 'NONE', ( #505, #212, #984, #166 ) ) ;
#393 = CARTESIAN_POINT ( 'NONE',  ( -31.00000000000000000, -3.600000000000000089, -5.000000000000002665 ) ) ;
#394 = ADVANCED_FACE ( 'NONE', ( #733 ), #2621, .F. ) ;
#395 = ORIENTED_EDGE ( 'NONE', *, *, #932, .F. ) ;
#396 = ADVANCED_FACE ( 'NONE', ( #923 ), #2604, .T. ) ;
#397 = CARTESIAN_POINT ( 'NONE',  ( 6.938893903907228378E-15, 3.103000000000000203, -4.686999999999999389 ) ) ;
#398 = CARTESIAN_POINT ( 'NONE',  ( -1.387778780781445676E-14, 1.949999999999999956, -1.040834085586084257E-14 ) ) ;
#399 = CARTESIAN_POINT ( 'NONE',  ( 34.99999999999999289, -0.4000000000000000222, 20.49999999999997513 ) ) ;
#400 = LINE ( 'NONE', #1855, #562 ) ;
#401 = CARTESIAN_POINT ( 'NONE',  ( -27.75000000000002487, -3.600000000000000089, 27.74999999999997513 ) ) ;
#402 = VERTEX_POINT ( 'NONE', #939 ) ;
#403 = DIRECTION ( 'NONE',  ( 0.000000000000000000, 1.000000000000000000, 0.000000000000000000 ) ) ;
#404 = AXIS2_PLACEMENT_3D ( 'NONE', #966, #390, #1244 ) ;
#405 = ADVANCED_FACE ( 'NONE', ( #2410 ), #1554, .F. ) ;
#406 = ORIENTED_EDGE ( 'NONE', *, *, #2729, .F. ) ;
#407 = EDGE_LOOP ( 'NONE', ( #1487, #248, #1846, #2473 ) ) ;
#408 = AXIS2_PLACEMENT_3D ( 'NONE', #2294, #591, #1674 ) ;
#409 = CARTESIAN_POINT ( 'NONE',  ( 0.000000000000000000, 1.949999999999999956, 0.000000000000000000 ) ) ;
#410 = ADVANCED_FACE ( 'NONE', ( #1776 ), #1361, .T. ) ;
#411 = CARTESIAN_POINT ( 'NONE',  ( 6.938893903907228378E-15, -0.9000000000000000222, -3.936999999999999389 ) ) ;
#412 = VECTOR ( 'NONE', #183, 1000.000000000000000 ) ;
#413 = EDGE_CURVE ( 'NONE', #643, #2056, #2521, .T. ) ;
#414 = CARTESIAN_POINT ( 'NONE',  ( -11.60799999999999699, 1.449999999999999956, -1.699999999999993072 ) ) ;
#415 = CARTESIAN_POINT ( 'NONE',  ( 6.938893903907228378E-15, -0.3999999999999999667, -3.936999999999999389 ) ) ;
#416 = AXIS2_PLACEMENT_3D ( 'NONE', #1018, #1483, #1067 ) ;
#417 = DIRECTION ( 'NONE',  ( 0.000000000000000000, -1.000000000000000000, 0.000000000000000000 ) ) ;
#418 = ORIENTED_EDGE ( 'NONE', *, *, #802, .T. ) ;
#419 = EDGE_CURVE ( 'NONE', #1105, #2374, #726, .T. ) ;
#420 = FACE_OUTER_BOUND ( 'NONE', #2316, .T. ) ;
#421 = ORIENTED_EDGE ( 'NONE', *, *, #2598, .F. ) ;
#422 = ORIENTED_EDGE ( 'NONE', *, *, #413, .T. ) ;
#423 = AXIS2_PLACEMENT_3D ( 'NONE', #1155, #953, #1378 ) ;
#424 = VERTEX_POINT ( 'NONE', #361 ) ;
#425 = LINE ( 'NONE', #397, #1282 ) ;
#426 = CIRCLE ( 'NONE', #1474, 6.403999999999999915 ) ;
#427 = EDGE_CURVE ( 'NONE', #2229, #2197, #851, .T. ) ;
#428 = CARTESIAN_POINT ( 'NONE',  ( 16.40908886177703963, 5.083999999999999631, 12.43199999999998262 ) ) ;
#429 = FACE_BOUND ( 'NONE', #946, .T. ) ;
#430 = ORIENTED_EDGE ( 'NONE', *, *, #698, .F. ) ;
#431 = DIRECTION ( 'NONE',  ( 0.000000000000000000, 1.000000000000000000, 0.000000000000000000 ) ) ;
#432 = CIRCLE ( 'NONE', #826, 1.000000000000000000 ) ;
#433 = CARTESIAN_POINT ( 'NONE',  ( -11.60799999999999699, 1.049999999999984945, 2.100000000000000533 ) ) ;
#434 = ORIENTED_EDGE ( 'NONE', *, *, #1590, .F. ) ;
#435 = ORIENTED_EDGE ( 'NONE', *, *, #1903, .T. ) ;
#436 = VERTEX_POINT ( 'NONE', #1598 ) ;
#437 = DIRECTION ( 'NONE',  ( -0.000000000000000000, -1.000000000000000000, -0.000000000000000000 ) ) ;
#438 = DIRECTION ( 'NONE',  ( 0.000000000000000000, 1.000000000000000000, -0.000000000000000000 ) ) ;
#439 = PLANE ( 'NONE',  #2277 ) ;
#440 = ORIENTED_EDGE ( 'NONE', *, *, #481, .F. ) ;
#441 = CARTESIAN_POINT ( 'NONE',  ( 0.000000000000000000, -0.9000000000000000222, 0.000000000000000000 ) ) ;
#442 = CARTESIAN_POINT ( 'NONE',  ( 16.40908886177703963, 5.083999999999999631, 11.43199999999998440 ) ) ;
#443 = ADVANCED_FACE ( 'NONE', ( #772 ), #964, .F. ) ;
#444 = DIRECTION ( 'NONE',  ( 0.000000000000000000, -1.000000000000000000, 0.000000000000000000 ) ) ;
#445 = ORIENTED_EDGE ( 'NONE', *, *, #1109, .T. ) ;
#446 = ORIENTED_EDGE ( 'NONE', *, *, #184, .F. ) ;
#447 = AXIS2_PLACEMENT_3D ( 'NONE', #2001, #1406, #2622 ) ;
#448 = CIRCLE ( 'NONE', #2691, 2.100000000000000533 ) ;
#449 = ORIENTED_EDGE ( 'NONE', *, *, #2525, .T. ) ;
#450 = DIRECTION ( 'NONE',  ( -0.000000000000000000, -1.000000000000000000, -0.000000000000000000 ) ) ;
#451 = VECTOR ( 'NONE', #2389, 1000.000000000000000 ) ;
#452 = DIRECTION ( 'NONE',  ( 0.000000000000000000, 0.000000000000000000, -1.000000000000000000 ) ) ;
#453 = CONICAL_SURFACE ( 'NONE', #2037, 2.100000000000000533, 0.7853981633974391752 ) ;
#454 = VECTOR ( 'NONE', #944, 1000.000000000000000 ) ;
#455 = PLANE ( 'NONE',  #912 ) ;
#456 = ORIENTED_EDGE ( 'NONE', *, *, #2196, .T. ) ;
#457 = FACE_OUTER_BOUND ( 'NONE', #2426, .T. ) ;
#458 = LINE ( 'NONE', #2561, #1630 ) ;
#459 = CARTESIAN_POINT ( 'NONE',  ( 6.938893903907228378E-15, 3.103000000000000203, -3.936999999999999389 ) ) ;
#460 = ORIENTED_EDGE ( 'NONE', *, *, #2250, .T. ) ;
#461 = EDGE_CURVE ( 'NONE', #2712, #723, #318, .T. ) ;
#462 = ORIENTED_EDGE ( 'NONE', *, *, #860, .F. ) ;
#463 = EDGE_CURVE ( 'NONE', #856, #137, #834, .T. ) ;
#464 = CARTESIAN_POINT ( 'NONE',  ( -35.00000000000000711, -3.600000000000000089, 0.000000000000000000 ) ) ;
#465 = EDGE_LOOP ( 'NONE', ( #1160, #40, #1914, #379 ) ) ;
#466 = DIRECTION ( 'NONE',  ( 0.000000000000000000, -1.000000000000000000, 0.000000000000000000 ) ) ;
#467 = CONICAL_SURFACE ( 'NONE', #1073, 2.100000000000000533, 0.7853981633974391752 ) ;
#468 = CARTESIAN_POINT ( 'NONE',  ( 10.09991113822295361, 0.000000000000000000, -10.00000000000000000 ) ) ;
#469 = DIRECTION ( 'NONE',  ( 0.000000000000000000, -1.000000000000000000, 0.000000000000000000 ) ) ;
#470 = ORIENTED_EDGE ( 'NONE', *, *, #1164, .F. ) ;
#471 = DIRECTION ( 'NONE',  ( -0.000000000000000000, 1.000000000000000000, -0.000000000000000000 ) ) ;
#472 = CARTESIAN_POINT ( 'NONE',  ( -11.60799999999999699, -3.600000000000000089, -2.100000000000000533 ) ) ;
#473 = AXIS2_PLACEMENT_3D ( 'NONE', #1186, #2427, #2030 ) ;
#474 = CARTESIAN_POINT ( 'NONE',  ( -1.387778780781445676E-14, 3.103000000000000203, -1.040834085586084257E-14 ) ) ;
#475 = ORIENTED_EDGE ( 'NONE', *, *, #1274, .T. ) ;
#476 = CARTESIAN_POINT ( 'NONE',  ( -9.099911138222951834, 0.000000000000000000, 11.43199999999999505 ) ) ;
#477 = DIRECTION ( 'NONE',  ( 0.000000000000000000, 0.000000000000000000, 1.000000000000000000 ) ) ;
#478 = ORIENTED_EDGE ( 'NONE', *, *, #810, .T. ) ;
#479 = LINE ( 'NONE', #44, #2121 ) ;
#480 = EDGE_CURVE ( 'NONE', #856, #2716, #1375, .T. ) ;
#481 = EDGE_CURVE ( 'NONE', #1629, #681, #2453, .T. ) ;
#482 = CARTESIAN_POINT ( 'NONE',  ( -31.00000000000000711, -1.999999999999986677, 16.62499999999998579 ) ) ;
#483 = DIRECTION ( 'NONE',  ( 0.000000000000000000, -0.7071067811865540120, -0.7071067811865410224 ) ) ;
#484 = ORIENTED_EDGE ( 'NONE', *, *, #565, .F. ) ;
#485 = CARTESIAN_POINT ( 'NONE',  ( -31.00000000000000711, -3.600000000000000089, 16.62499999999998579 ) ) ;
#486 = FACE_OUTER_BOUND ( 'NONE', #676, .T. ) ;
#487 = DIRECTION ( 'NONE',  ( 8.659560562354852739E-17, -0.7071067811865540120, 0.7071067811865410224 ) ) ;
#488 = EDGE_LOOP ( 'NONE', ( #534, #881, #1193, #1929 ) ) ;
#489 = CARTESIAN_POINT ( 'NONE',  ( -31.00000000000000000, -0.4000000000000000222, -6.625000000000007105 ) ) ;
#490 = CARTESIAN_POINT ( 'NONE',  ( -1.375532312789972161E-14, -0.9000000000000000222, -1.000000000000010436 ) ) ;
#491 = AXIS2_PLACEMENT_3D ( 'NONE', #176, #991, #618 ) ;
#492 = ORIENTED_EDGE ( 'NONE', *, *, #1490, .T. ) ;
#493 = FACE_OUTER_BOUND ( 'NONE', #2667, .T. ) ;
#494 = ADVANCED_FACE ( 'NONE', ( #1180 ), #1832, .T. ) ;
#495 = CARTESIAN_POINT ( 'NONE',  ( -16.40908886177704318, 5.083999999999999631, -12.43199999999998262 ) ) ;
#496 = EDGE_CURVE ( 'NONE', #1697, #572, #2422, .T. ) ;
#497 = CARTESIAN_POINT ( 'NONE',  ( 0.9999999999999867883, -1.199999999999999956, 0.000000000000000000 ) ) ;
#498 = CIRCLE ( 'NONE', #1548, 0.7500000000000006661 ) ;
#499 = EDGE_CURVE ( 'NONE', #1110, #1416, #2664, .T. ) ;
#500 = ORIENTED_EDGE ( 'NONE', *, *, #1274, .F. ) ;
#501 = DIRECTION ( 'NONE',  ( 1.000000000000000000, -0.000000000000000000, 0.000000000000000000 ) ) ;
#502 = LINE ( 'NONE', #1972, #359 ) ;
#503 = EDGE_CURVE ( 'NONE', #1924, #2279, #2501, .T. ) ;
#504 = CYLINDRICAL_SURFACE ( 'NONE', #383, 1.000000000000000000 ) ;
#505 = ORIENTED_EDGE ( 'NONE', *, *, #2562, .F. ) ;
#506 = CARTESIAN_POINT ( 'NONE',  ( -35.00000000000000711, -0.4000000000000000222, -20.50000000000002132 ) ) ;
#507 = DIRECTION ( 'NONE',  ( 0.000000000000000000, 0.7071067811865477948, 0.7071067811865473507 ) ) ;
#508 = VERTEX_POINT ( 'NONE', #951 ) ;
#509 = DIRECTION ( 'NONE',  ( -0.000000000000000000, 1.000000000000000000, -0.000000000000000000 ) ) ;
#510 = DIRECTION ( 'NONE',  ( -0.000000000000000000, -1.000000000000000000, -0.000000000000000000 ) ) ;
#511 = ADVANCED_FACE ( 'NONE', ( #554 ), #131, .F. ) ;
#512 = AXIS2_PLACEMENT_3D ( 'NONE', #2666, #2399, #792 ) ;
#513 = ORIENTED_EDGE ( 'NONE', *, *, #1216, .T. ) ;
#514 = CYLINDRICAL_SURFACE ( 'NONE', #1860, 1.625000000000003997 ) ;
#515 = FACE_OUTER_BOUND ( 'NONE', #2139, .T. ) ;
#516 = AXIS2_PLACEMENT_3D ( 'NONE', #1576, #2444, #115 ) ;
#517 = DIRECTION ( 'NONE',  ( 0.000000000000000000, 0.000000000000000000, 1.000000000000000000 ) ) ;
#518 = ORIENTED_EDGE ( 'NONE', *, *, #2562, .T. ) ;
#519 = ORIENTED_EDGE ( 'NONE', *, *, #2717, .F. ) ;
#520 = CARTESIAN_POINT ( 'NONE',  ( 34.99999999999999289, -0.4000000000000000222, -20.50000000000002132 ) ) ;
#521 = ORIENTED_EDGE ( 'NONE', *, *, #2292, .T. ) ;
#522 = AXIS2_PLACEMENT_3D ( 'NONE', #35, #469, #685 ) ;
#523 = LINE ( 'NONE', #2049, #1400 ) ;
#524 = LINE ( 'NONE', #315, #2296 ) ;
#525 = ADVANCED_FACE ( 'NONE', ( #2466 ), #580, .T. ) ;
#526 = ORIENTED_EDGE ( 'NONE', *, *, #2697, .T. ) ;
#527 = CARTESIAN_POINT ( 'NONE',  ( 2.230358754827324703E-15, -0.4000000000000000222, -22.50000000000001421 ) ) ;
#528 = FACE_OUTER_BOUND ( 'NONE', #2042, .T. ) ;
#529 = DIRECTION ( 'NONE',  ( 0.000000000000000000, 1.000000000000000000, -0.000000000000000000 ) ) ;
#530 = ORIENTED_EDGE ( 'NONE', *, *, #877, .F. ) ;
#531 = DIRECTION ( 'NONE',  ( 1.000000000000000000, -0.000000000000000000, 0.000000000000000000 ) ) ;
#532 = CARTESIAN_POINT ( 'NONE',  ( -35.00000000000000711, -0.4000000000000000222, 20.49999999999997868 ) ) ;
#533 = EDGE_CURVE ( 'NONE', #2241, #718, #2479, .T. ) ;
#534 = ORIENTED_EDGE ( 'NONE', *, *, #594, .F. ) ;
#535 = DIRECTION ( 'NONE',  ( 0.000000000000000000, 0.000000000000000000, -1.000000000000000000 ) ) ;
#536 = VECTOR ( 'NONE', #2592, 1000.000000000000000 ) ;
#537 = CARTESIAN_POINT ( 'NONE',  ( -1.000000000000013323, -1.199999999999999956, -6.325441960843537714 ) ) ;
#538 = EDGE_LOOP ( 'NONE', ( #1821, #553 ) ) ;
#539 = DIRECTION ( 'NONE',  ( 0.000000000000000000, -1.000000000000000000, 0.000000000000000000 ) ) ;
#540 = DIRECTION ( 'NONE',  ( 0.000000000000000000, 1.000000000000000000, 0.000000000000000000 ) ) ;
#541 = AXIS2_PLACEMENT_3D ( 'NONE', #2464, #575, #1415 ) ;
#542 = DIRECTION ( 'NONE',  ( -0.7071067811865451302, -0.000000000000000000, 0.7071067811865500152 ) ) ;
#543 = ORIENTED_EDGE ( 'NONE', *, *, #2322, .T. ) ;
#544 = DIRECTION ( 'NONE',  ( 0.000000000000000000, -0.000000000000000000, -1.000000000000000000 ) ) ;
#545 = CARTESIAN_POINT ( 'NONE',  ( 11.60800000000000409, 1.449999999999999956, -2.843140008900496207E-15 ) ) ;
#546 = DIRECTION ( 'NONE',  ( 0.000000000000000000, 1.000000000000000000, 0.000000000000000000 ) ) ;
#547 = ORIENTED_EDGE ( 'NONE', *, *, #1551, .F. ) ;
#548 = EDGE_CURVE ( 'NONE', #2058, #1123, #2201, .T. ) ;
#549 = ORIENTED_EDGE ( 'NONE', *, *, #2209, .F. ) ;
#550 = CIRCLE ( 'NONE', #57, 1.650000000000000577 ) ;
#551 = DIRECTION ( 'NONE',  ( 0.000000000000000000, -1.000000000000000000, 0.000000000000000000 ) ) ;
#552 = FACE_BOUND ( 'NONE', #2594, .T. ) ;
#553 = ORIENTED_EDGE ( 'NONE', *, *, #1465, .T. ) ;
#554 = FACE_OUTER_BOUND ( 'NONE', #488, .T. ) ;
#555 = LINE ( 'NONE', #2244, #45 ) ;
#556 = CARTESIAN_POINT ( 'NONE',  ( -1.387778780781445676E-14, -0.9000000000000000222, -1.040834085586084257E-14 ) ) ;
#557 = ORIENTED_EDGE ( 'NONE', *, *, #1714, .T. ) ;
#558 = DIRECTION ( 'NONE',  ( -0.000000000000000000, -1.000000000000000000, -0.000000000000000000 ) ) ;
#559 = PLANE ( 'NONE',  #1961 ) ;
#560 = ORIENTED_EDGE ( 'NONE', *, *, #345, .F. ) ;
#561 = VERTEX_POINT ( 'NONE', #2635 ) ;
#562 = VECTOR ( 'NONE', #1231, 1000.000000000000000 ) ;
#563 = DIRECTION ( 'NONE',  ( 0.000000000000000000, 0.000000000000000000, 1.000000000000000000 ) ) ;
#564 = FACE_BOUND ( 'NONE', #835, .T. ) ;
#565 = EDGE_CURVE ( 'NONE', #808, #128, #745, .T. ) ;
#566 = ORIENTED_EDGE ( 'NONE', *, *, #1467, .F. ) ;
#567 = DIRECTION ( 'NONE',  ( -0.000000000000000000, 1.000000000000000000, -0.000000000000000000 ) ) ;
#568 = LINE ( 'NONE', #746, #2291 ) ;
#569 = FACE_OUTER_BOUND ( 'NONE', #1391, .T. ) ;
#570 = ORIENTED_EDGE ( 'NONE', *, *, #380, .F. ) ;
#571 = CARTESIAN_POINT ( 'NONE',  ( 11.60800000000000409, -3.600000000000000089, 2.099999999999997868 ) ) ;
#572 = VERTEX_POINT ( 'NONE', #2258 ) ;
#573 = ORIENTED_EDGE ( 'NONE', *, *, #170, .T. ) ;
#574 = FACE_OUTER_BOUND ( 'NONE', #2124, .T. ) ;
#575 = DIRECTION ( 'NONE',  ( 0.000000000000000000, -1.000000000000000000, 0.000000000000000000 ) ) ;
#576 = EDGE_CURVE ( 'NONE', #2262, #1962, #965, .T. ) ;
#577 = AXIS2_PLACEMENT_3D ( 'NONE', #1939, #895, #1731 ) ;
#578 = VERTEX_POINT ( 'NONE', #334 ) ;
#579 = EDGE_CURVE ( 'NONE', #317, #779, #1168, .T. ) ;
#580 = PLANE ( 'NONE',  #1665 ) ;
#581 = CIRCLE ( 'NONE', #2602, 1.000000000000000000 ) ;
#582 = DIRECTION ( 'NONE',  ( -0.000000000000000000, 1.000000000000000000, -0.000000000000000000 ) ) ;
#583 = ORIENTED_EDGE ( 'NONE', *, *, #5, .T. ) ;
#584 = LINE ( 'NONE', #2443, #2083 ) ;
#585 = AXIS2_PLACEMENT_3D ( 'NONE', #411, #1241, #2050 ) ;
#586 = CIRCLE ( 'NONE', #936, 1.625000000000003997 ) ;
#587 = ORIENTED_EDGE ( 'NONE', *, *, #1751, .T. ) ;
#588 = EDGE_LOOP ( 'NONE', ( #1188, #753, #2162, #478, #1559, #818, #2590, #2657 ) ) ;
#589 = VECTOR ( 'NONE', #927, 1000.000000000000000 ) ;
#590 = CARTESIAN_POINT ( 'NONE',  ( 31.00000000000000000, -0.4000000000000000222, -5.000000000000009770 ) ) ;
#591 = DIRECTION ( 'NONE',  ( 0.000000000000000000, 1.000000000000000000, -0.000000000000000000 ) ) ;
#592 = CARTESIAN_POINT ( 'NONE',  ( 0.9999999999999867883, -0.9000000000000000222, 0.000000000000000000 ) ) ;
#593 = DIRECTION ( 'NONE',  ( 0.000000000000000000, 0.000000000000000000, -1.000000000000000000 ) ) ;
#594 = EDGE_CURVE ( 'NONE', #133, #1813, #1802, .T. ) ;
#595 = CYLINDRICAL_SURFACE ( 'NONE', #2182, 0.7500000000000006661 ) ;
#596 = ORIENTED_EDGE ( 'NONE', *, *, #300, .T. ) ;
#597 = FILL_AREA_STYLE ('',( #2469 ) ) ;
#598 = EDGE_CURVE ( 'NONE', #623, #2126, #1063, .T. ) ;
#599 = VECTOR ( 'NONE', #2638, 1000.000000000000000 ) ;
#600 = ORIENTED_EDGE ( 'NONE', *, *, #713, .T. ) ;
#601 = DIRECTION ( 'NONE',  ( -0.7071067811865487940, 0.000000000000000000, -0.7071067811865463515 ) ) ;
#602 = CARTESIAN_POINT ( 'NONE',  ( 11.60800000000000409, 1.449999999999999956, 1.699999999999990408 ) ) ;
#603 = CARTESIAN_POINT ( 'NONE',  ( -1.387778780781445676E-14, 3.103000000000000203, -1.040834085586084257E-14 ) ) ;
#604 = VECTOR ( 'NONE', #2503, 1000.000000000000000 ) ;
#605 = EDGE_CURVE ( 'NONE', #2386, #1167, #2514, .T. ) ;
#606 = CARTESIAN_POINT ( 'NONE',  ( -10.50000000000000355, 1.949999999999999956, 10.00000000000000000 ) ) ;
#607 = EDGE_LOOP ( 'NONE', ( #1225, #1486 ) ) ;
#608 = DIRECTION ( 'NONE',  ( 0.000000000000000000, 0.000000000000000000, -1.000000000000000000 ) ) ;
#609 = ORIENTED_EDGE ( 'NONE', *, *, #191, .F. ) ;
#610 = ADVANCED_FACE ( 'NONE', ( #2062 ), #1267, .T. ) ;
#611 = ORIENTED_EDGE ( 'NONE', *, *, #1299, .T. ) ;
#612 = EDGE_CURVE ( 'NONE', #1042, #436, #2118, .T. ) ;
#613 = AXIS2_PLACEMENT_3D ( 'NONE', #1611, #152, #348 ) ;
#614 = FACE_OUTER_BOUND ( 'NONE', #49, .T. ) ;
#615 = LINE ( 'NONE', #798, #1458 ) ;
#616 = EDGE_CURVE ( 'NONE', #1957, #2342, #1254, .T. ) ;
#617 = CARTESIAN_POINT ( 'NONE',  ( 31.00000000000000000, 0.000000000000000000, -8.625000000000026645 ) ) ;
#618 = DIRECTION ( 'NONE',  ( 0.000000000000000000, -0.000000000000000000, -1.000000000000000000 ) ) ;
#619 = CARTESIAN_POINT ( 'NONE',  ( 9.099911138222951834, 0.000000000000000000, -11.43199999999999861 ) ) ;
#620 = ORIENTED_EDGE ( 'NONE', *, *, #2509, .F. ) ;
#621 = CARTESIAN_POINT ( 'NONE',  ( -17.40908886177704673, 0.000000000000000000, -11.43199999999998617 ) ) ;
#622 = ORIENTED_EDGE ( 'NONE', *, *, #2141, .F. ) ;
#623 = VERTEX_POINT ( 'NONE', #1220 ) ;
#624 = EDGE_CURVE ( 'NONE', #958, #206, #1637, .T. ) ;
#625 = VECTOR ( 'NONE', #2226, 1000.000000000000000 ) ;
#626 = ORIENTED_EDGE ( 'NONE', *, *, #1850, .T. ) ;
#627 = CARTESIAN_POINT ( 'NONE',  ( -11.60799999999999699, 1.949999999999999956, 2.100000000000000533 ) ) ;
#628 = DIRECTION ( 'NONE',  ( 0.000000000000000000, 0.000000000000000000, -1.000000000000000000 ) ) ;
#629 = CARTESIAN_POINT ( 'NONE',  ( 31.00000000000000711, -1.999999999999987121, 14.99999999999999112 ) ) ;
#630 = LINE ( 'NONE', #2308, #604 ) ;
#631 = AXIS2_PLACEMENT_3D ( 'NONE', #1511, #1321, #2352 ) ;
#632 = ORIENTED_EDGE ( 'NONE', *, *, #1386, .T. ) ;
#633 = CARTESIAN_POINT ( 'NONE',  ( -11.60799999999999699, 1.949999999999999956, 0.000000000000000000 ) ) ;
#634 = VERTEX_POINT ( 'NONE', #2709 ) ;
#635 = EDGE_LOOP ( 'NONE', ( #2704, #1236, #1482, #547 ) ) ;
#636 = AXIS2_PLACEMENT_3D ( 'NONE', #205, #2245, #1038 ) ;
#637 = ORIENTED_EDGE ( 'NONE', *, *, #695, .T. ) ;
#638 = PLANE ( 'NONE',  #890 ) ;
#639 = AXIS2_PLACEMENT_3D ( 'NONE', #279, #1718, #1310 ) ;
#640 = DIRECTION ( 'NONE',  ( 0.000000000000000000, 0.000000000000000000, -1.000000000000000000 ) ) ;
#641 = COLOUR_RGB ( '',0.2509803921568627416, 0.2509803921568627416, 0.2509803921568627416 ) ;
#642 = DIRECTION ( 'NONE',  ( 0.000000000000000000, 0.000000000000000000, -1.000000000000000000 ) ) ;
#643 = VERTEX_POINT ( 'NONE', #2502 ) ;
#644 = AXIS2_PLACEMENT_3D ( 'NONE', #962, #2437, #1345 ) ;
#645 = CARTESIAN_POINT ( 'NONE',  ( 0.9999999999999867883, -1.199999999999999956, 0.000000000000000000 ) ) ;
#646 = CARTESIAN_POINT ( 'NONE',  ( 17.40908886177704673, 0.000000000000000000, 9.865999999999997883 ) ) ;
#647 = CARTESIAN_POINT ( 'NONE',  ( 11.60800000000000409, 1.449999999999999956, -1.650000000000003464 ) ) ;
#648 = ORIENTED_EDGE ( 'NONE', *, *, #1937, .F. ) ;
#649 = VERTEX_POINT ( 'NONE', #414 ) ;
#650 = ORIENTED_EDGE ( 'NONE', *, *, #1245, .F. ) ;
#651 = FACE_OUTER_BOUND ( 'NONE', #1743, .T. ) ;
#652 = DIRECTION ( 'NONE',  ( -0.000000000000000000, 1.000000000000000000, -0.000000000000000000 ) ) ;
#653 = DIRECTION ( 'NONE',  ( 0.000000000000000000, -1.000000000000000000, 0.000000000000000000 ) ) ;
#654 = EDGE_CURVE ( 'NONE', #2620, #1585, #94, .T. ) ;
#655 =( NAMED_UNIT ( * ) PLANE_ANGLE_UNIT ( ) SI_UNIT ( $, .RADIAN. ) );
#656 = ORIENTED_EDGE ( 'NONE', *, *, #102, .T. ) ;
#657 = DIRECTION ( 'NONE',  ( 0.000000000000000000, -0.000000000000000000, -1.000000000000000000 ) ) ;
#658 = CARTESIAN_POINT ( 'NONE',  ( -35.00000000000000711, 0.000000000000000000, 20.49999999999997868 ) ) ;
#659 = DIRECTION ( 'NONE',  ( -0.000000000000000000, -1.000000000000000000, -0.000000000000000000 ) ) ;
#660 = ORIENTED_EDGE ( 'NONE', *, *, #2044, .F. ) ;
#661 = ORIENTED_EDGE ( 'NONE', *, *, #2106, .T. ) ;
#662 = VECTOR ( 'NONE', #540, 1000.000000000000000 ) ;
#663 = AXIS2_PLACEMENT_3D ( 'NONE', #1893, #2528, #640 ) ;
#664 = ORIENTED_EDGE ( 'NONE', *, *, #970, .T. ) ;
#665 = CARTESIAN_POINT ( 'NONE',  ( 6.938893903907228378E-15, -0.4000000000000000222, -3.936999999999999389 ) ) ;
#666 = VECTOR ( 'NONE', #185, 1000.000000000000000 ) ;
#667 = CARTESIAN_POINT ( 'NONE',  ( 6.938893903907228378E-15, -0.3999999999999999667, -3.936999999999999389 ) ) ;
#668 = VECTOR ( 'NONE', #1285, 1000.000000000000000 ) ;
#669 = FACE_OUTER_BOUND ( 'NONE', #1928, .T. ) ;
#670 = VERTEX_POINT ( 'NONE', #230 ) ;
#671 = DIRECTION ( 'NONE',  ( 0.000000000000000000, 1.000000000000000000, 0.000000000000000000 ) ) ;
#672 = AXIS2_PLACEMENT_3D ( 'NONE', #2105, #1272, #1446 ) ;
#673 = DIRECTION ( 'NONE',  ( 0.000000000000000000, -1.000000000000000000, 0.000000000000000000 ) ) ;
#674 = ADVANCED_FACE ( 'NONE', ( #1047 ), #1242, .F. ) ;
#675 = DIRECTION ( 'NONE',  ( 0.000000000000000000, 0.000000000000000000, 1.000000000000000000 ) ) ;
#676 = EDGE_LOOP ( 'NONE', ( #406, #919, #530, #664, #1569, #43 ) ) ;
#677 = ORIENTED_EDGE ( 'NONE', *, *, #1463, .T. ) ;
#678 = CARTESIAN_POINT ( 'NONE',  ( 31.00000000000000711, -3.600000000000000089, 16.62499999999999289 ) ) ;
#679 = EDGE_CURVE ( 'NONE', #1416, #1764, #1881, .T. ) ;
#680 = EDGE_CURVE ( 'NONE', #2472, #2168, #716, .T. ) ;
#681 = VERTEX_POINT ( 'NONE', #863 ) ;
#682 = LINE ( 'NONE', #1932, #2340 ) ;
#683 = AXIS2_PLACEMENT_3D ( 'NONE', #459, #1293, #251 ) ;
#684 = DIRECTION ( 'NONE',  ( -0.000000000000000000, -1.000000000000000000, -0.000000000000000000 ) ) ;
#685 = DIRECTION ( 'NONE',  ( 0.000000000000000000, 0.000000000000000000, -1.000000000000000000 ) ) ;
#686 = ORIENTED_EDGE ( 'NONE', *, *, #873, .T. ) ;
#687 = CARTESIAN_POINT ( 'NONE',  ( -1.387778780781445676E-14, 3.103000000000000203, -1.040834085586084257E-14 ) ) ;
#688 = CARTESIAN_POINT ( 'NONE',  ( 31.00000000000000000, -3.600000000000000089, -3.375000000000005773 ) ) ;
#689 = CARTESIAN_POINT ( 'NONE',  ( -17.40908886177704673, 0.000000000000000000, -12.43199999999998262 ) ) ;
#690 = ORIENTED_EDGE ( 'NONE', *, *, #598, .T. ) ;
#691 = DIRECTION ( 'NONE',  ( 0.000000000000000000, 0.000000000000000000, 1.000000000000000000 ) ) ;
#692 = DIRECTION ( 'NONE',  ( 0.7071067811865463515, 0.000000000000000000, -0.7071067811865487940 ) ) ;
#693 = CIRCLE ( 'NONE', #2587, 1.000000000000000000 ) ;
#694 = PRODUCT_RELATED_PRODUCT_CATEGORY ( 'part', '', ( #1562 ) ) ;
#695 = EDGE_CURVE ( 'NONE', #723, #1123, #2285, .T. ) ;
#696 = ORIENTED_EDGE ( 'NONE', *, *, #1825, .F. ) ;
#697 = CARTESIAN_POINT ( 'NONE',  ( 31.00000000000000000, 0.000000000000000000, -1.374999999999992450 ) ) ;
#698 = EDGE_CURVE ( 'NONE', #1991, #1416, #586, .T. ) ;
#699 = CARTESIAN_POINT ( 'NONE',  ( -33.00000000000001421, 0.000000000000000000, -22.50000000000001776 ) ) ;
#700 = DIRECTION ( 'NONE',  ( 0.000000000000000000, 0.000000000000000000, -1.000000000000000000 ) ) ;
#701 = VECTOR ( 'NONE', #1791, 1000.000000000000000 ) ;
#702 = ADVANCED_FACE ( 'NONE', ( #1036 ), #2723, .F. ) ;
#703 = ORIENTED_EDGE ( 'NONE', *, *, #2165, .F. ) ;
#704 = CARTESIAN_POINT ( 'NONE',  ( 0.000000000000000000, 1.949999999999999956, -10.00000000000000000 ) ) ;
#705 = LINE ( 'NONE', #911, #2435 ) ;
#706 = LINE ( 'NONE', #2314, #730 ) ;
#707 = VERTEX_POINT ( 'NONE', #2541 ) ;
#708 = FACE_OUTER_BOUND ( 'NONE', #1708, .T. ) ;
#709 = DIRECTION ( 'NONE',  ( -0.000000000000000000, 1.000000000000000000, -0.000000000000000000 ) ) ;
#710 = VECTOR ( 'NONE', #362, 1000.000000000000114 ) ;
#711 = ORIENTED_EDGE ( 'NONE', *, *, #427, .T. ) ;
#712 = CIRCLE ( 'NONE', #225, 1.000000000000000000 ) ;
#713 = EDGE_CURVE ( 'NONE', #256, #771, #1058, .T. ) ;
#714 = FACE_OUTER_BOUND ( 'NONE', #1780, .T. ) ;
#715 = CYLINDRICAL_SURFACE ( 'NONE', #147, 2.100000000000000533 ) ;
#716 = CIRCLE ( 'NONE', #2253, 3.624999999999987566 ) ;
#717 = VECTOR ( 'NONE', #1520, 1000.000000000000000 ) ;
#718 = VERTEX_POINT ( 'NONE', #1466 ) ;
#719 = FACE_OUTER_BOUND ( 'NONE', #1546, .T. ) ;
#720 = AXIS2_PLACEMENT_3D ( 'NONE', #1158, #112, #1103 ) ;
#721 = LINE ( 'NONE', #2219, #1761 ) ;
#722 = CARTESIAN_POINT ( 'NONE',  ( 10.09991113822295361, 5.083999999999999631, -9.865999999999999659 ) ) ;
#723 = VERTEX_POINT ( 'NONE', #217 ) ;
#724 = LINE ( 'NONE', #738, #1284 ) ;
#725 = DIRECTION ( 'NONE',  ( 0.000000000000000000, 1.000000000000000000, -0.000000000000000000 ) ) ;
#726 = CIRCLE ( 'NONE', #1687, 1.625000000000003997 ) ;
#727 = ORIENTED_EDGE ( 'NONE', *, *, #1243, .T. ) ;
#728 = CARTESIAN_POINT ( 'NONE',  ( -31.00000000000000000, -1.999999999999986677, -3.374999999999998668 ) ) ;
#729 = CARTESIAN_POINT ( 'NONE',  ( 33.00000000000000000, 0.000000000000000000, 22.49999999999998579 ) ) ;
#730 = VECTOR ( 'NONE', #1900, 1000.000000000000000 ) ;
#731 = ORIENTED_EDGE ( 'NONE', *, *, #2698, .F. ) ;
#732 = EDGE_CURVE ( 'NONE', #2108, #1438, #229, .T. ) ;
#733 = FACE_OUTER_BOUND ( 'NONE', #2358, .T. ) ;
#734 = DIRECTION ( 'NONE',  ( 0.000000000000000000, -1.000000000000000000, 0.000000000000000000 ) ) ;
#735 = VECTOR ( 'NONE', #1977, 1000.000000000000000 ) ;
#736 = DIRECTION ( 'NONE',  ( 0.000000000000000000, 0.000000000000000000, 1.000000000000000000 ) ) ;
#737 = ORIENTED_EDGE ( 'NONE', *, *, #970, .F. ) ;
#738 = CARTESIAN_POINT ( 'NONE',  ( 10.09991113822295361, 0.000000000000000000, -12.43199999999999683 ) ) ;
#739 = CARTESIAN_POINT ( 'NONE',  ( -17.40908886177704673, 5.083999999999999631, -12.43199999999998262 ) ) ;
#740 = ORIENTED_EDGE ( 'NONE', *, *, #17, .T. ) ;
#741 = AXIS2_PLACEMENT_3D ( 'NONE', #803, #1638, #593 ) ;
#742 = DIRECTION ( 'NONE',  ( 0.000000000000000000, 0.000000000000000000, -1.000000000000000000 ) ) ;
#743 = CARTESIAN_POINT ( 'NONE',  ( 0.9999999999999867883, -0.9000000000000000222, -1.040834085586084257E-14 ) ) ;
#744 = DIRECTION ( 'NONE',  ( -0.000000000000000000, 1.000000000000000000, -0.000000000000000000 ) ) ;
#745 = CIRCLE ( 'NONE', #2283, 2.100000000000000533 ) ;
#746 = CARTESIAN_POINT ( 'NONE',  ( -31.00000000000000711, 0.000000000000000000, 11.37499999999999645 ) ) ;
#747 = ADVANCED_FACE ( 'NONE', ( #2146 ), #2599, .T. ) ;
#748 = LINE ( 'NONE', #722, #1869 ) ;
#749 = ORIENTED_EDGE ( 'NONE', *, *, #1095, .T. ) ;
#750 = CARTESIAN_POINT ( 'NONE',  ( 0.9999999999999867883, -0.9000000000000000222, -6.325441960843536826 ) ) ;
#751 = DIRECTION ( 'NONE',  ( -0.000000000000000000, 1.000000000000000000, -0.000000000000000000 ) ) ;
#752 = DIRECTION ( 'NONE',  ( 0.000000000000000000, 0.000000000000000000, -1.000000000000000000 ) ) ;
#753 = ORIENTED_EDGE ( 'NONE', *, *, #1387, .T. ) ;
#754 = LINE ( 'NONE', #119, #1877 ) ;
#755 = AXIS2_PLACEMENT_3D ( 'NONE', #1833, #582, #2091 ) ;
#756 = DIRECTION ( 'NONE',  ( -0.000000000000000000, 1.000000000000000000, -0.000000000000000000 ) ) ;
#757 = VERTEX_POINT ( 'NONE', #301 ) ;
#758 = CARTESIAN_POINT ( 'NONE',  ( 7.030742413843279739E-15, 3.103000000000000203, -3.186999999999999389 ) ) ;
#759 = CARTESIAN_POINT ( 'NONE',  ( -17.40908886177705028, 5.083999999999999631, -9.865999999999999659 ) ) ;
#760 = CIRCLE ( 'NONE', #408, 1.000000000000000888 ) ;
#761 = FACE_OUTER_BOUND ( 'NONE', #1039, .T. ) ;
#762 = ORIENTED_EDGE ( 'NONE', *, *, #496, .T. ) ;
#763 = LINE ( 'NONE', #981, #68 ) ;
#764 = DIRECTION ( 'NONE',  ( 0.000000000000000000, 1.000000000000000000, 0.000000000000000000 ) ) ;
#765 = ORIENTED_EDGE ( 'NONE', *, *, #2434, .T. ) ;
#766 = ORIENTED_EDGE ( 'NONE', *, *, #579, .T. ) ;
#767 = EDGE_CURVE ( 'NONE', #2498, #2421, #1146, .T. ) ;
#768 = ADVANCED_FACE ( 'NONE', ( #1107 ), #2392, .T. ) ;
#769 = CARTESIAN_POINT ( 'NONE',  ( -1.387778780781445676E-14, -0.3999999999999999667, -1.040834085586084257E-14 ) ) ;
#770 = LINE ( 'NONE', #286, #299 ) ;
#771 = VERTEX_POINT ( 'NONE', #906 ) ;
#772 = FACE_OUTER_BOUND ( 'NONE', #343, .T. ) ;
#773 = DIRECTION ( 'NONE',  ( -0.000000000000000000, 1.000000000000000000, -0.000000000000000000 ) ) ;
#774 = VECTOR ( 'NONE', #95, 1000.000000000000000 ) ;
#775 = DIRECTION ( 'NONE',  ( 0.000000000000000000, 0.000000000000000000, -1.000000000000000000 ) ) ;
#776 = EDGE_LOOP ( 'NONE', ( #347, #360, #2006, #852, #2128, #1720 ) ) ;
#777 = PRESENTATION_STYLE_ASSIGNMENT (( #969 ) ) ;
#778 = CIRCLE ( 'NONE', #639, 1.000000000000000000 ) ;
#779 = VERTEX_POINT ( 'NONE', #482 ) ;
#780 = EDGE_LOOP ( 'NONE', ( #650, #1278, #2465, #2278 ) ) ;
#781 = AXIS2_PLACEMENT_3D ( 'NONE', #393, #1586, #2066 ) ;
#782 = EDGE_CURVE ( 'NONE', #222, #1262, #1134, .T. ) ;
#783 = EDGE_CURVE ( 'NONE', #128, #808, #448, .T. ) ;
#784 = CIRCLE ( 'NONE', #644, 14.50000000000000000 ) ;
#785 = DIRECTION ( 'NONE',  ( -0.000000000000000000, -1.000000000000000000, -0.000000000000000000 ) ) ;
#786 = DIRECTION ( 'NONE',  ( -1.000000000000000000, 0.000000000000000000, -0.000000000000000000 ) ) ;
#787 = AXIS2_PLACEMENT_3D ( 'NONE', #2436, #1358, #947 ) ;
#788 = ORIENTED_EDGE ( 'NONE', *, *, #1920, .F. ) ;
#789 = DIRECTION ( 'NONE',  ( -0.000000000000000000, 1.000000000000000000, -0.000000000000000000 ) ) ;
#790 = EDGE_CURVE ( 'NONE', #2382, #1494, #581, .T. ) ;
#791 = LINE ( 'NONE', #1867, #1217 ) ;
#792 = DIRECTION ( 'NONE',  ( 0.000000000000000000, 0.000000000000000000, 1.000000000000000000 ) ) ;
#793 = EDGE_LOOP ( 'NONE', ( #1901, #274, #2100, #954 ) ) ;
#794 = DIRECTION ( 'NONE',  ( 0.000000000000000000, -0.000000000000000000, 1.000000000000000000 ) ) ;
#795 = EDGE_LOOP ( 'NONE', ( #2603, #2629, #196, #2681, #1215, #938 ) ) ;
#796 = LINE ( 'NONE', #2319, #2388 ) ;
#797 = ADVANCED_FACE ( 'NONE', ( #714 ), #46, .F. ) ;
#798 = CARTESIAN_POINT ( 'NONE',  ( 9.099911138222951834, 5.083999999999999631, -12.43199999999999683 ) ) ;
#799 = CIRCLE ( 'NONE', #87, 6.403999999999999915 ) ;
#800 = CARTESIAN_POINT ( 'NONE',  ( 6.938893903907228378E-15, -0.9000000000000000222, -3.936999999999999389 ) ) ;
#801 = VECTOR ( 'NONE', #1521, 1000.000000000000000 ) ;
#802 = EDGE_CURVE ( 'NONE', #1962, #2262, #316, .T. ) ;
#803 = CARTESIAN_POINT ( 'NONE',  ( -1.387778780781445676E-14, -0.8999999999999998002, -1.040834085586084257E-14 ) ) ;
#804 = ORIENTED_EDGE ( 'NONE', *, *, #2554, .T. ) ;
#805 = DIRECTION ( 'NONE',  ( 0.000000000000000000, 1.000000000000000000, 0.000000000000000000 ) ) ;
#806 = CIRCLE ( 'NONE', #1149, 1.000000000000000888 ) ;
#807 = AXIS2_PLACEMENT_3D ( 'NONE', #201, #813, #2114 ) ;
#808 = VERTEX_POINT ( 'NONE', #1287 ) ;
#809 = CONICAL_SURFACE ( 'NONE', #2696, 2.100000000000000533, 0.7853981633974391752 ) ;
#810 = EDGE_CURVE ( 'NONE', #1087, #2342, #271, .T. ) ;
#811 = CARTESIAN_POINT ( 'NONE',  ( -31.00000000000000000, -3.600000000000000089, -3.374999999999998668 ) ) ;
#812 = DIRECTION ( 'NONE',  ( 0.000000000000000000, 0.000000000000000000, -1.000000000000000000 ) ) ;
#813 = DIRECTION ( 'NONE',  ( -0.000000000000000000, 1.000000000000000000, -0.000000000000000000 ) ) ;
#814 = CARTESIAN_POINT ( 'NONE',  ( 10.49999999999999467, 0.000000000000000000, -10.00000000000000000 ) ) ;
#815 = EDGE_CURVE ( 'NONE', #2716, #2373, #712, .T. ) ;
#816 = EDGE_CURVE ( 'NONE', #670, #1306, #2555, .T. ) ;
#817 = DIRECTION ( 'NONE',  ( -0.7071067811865469066, 0.000000000000000000, -0.7071067811865482389 ) ) ;
#818 = ORIENTED_EDGE ( 'NONE', *, *, #1954, .T. ) ;
#819 = PLANE ( 'NONE',  #190 ) ;
#820 = ORIENTED_EDGE ( 'NONE', *, *, #1351, .F. ) ;
#821 = VERTEX_POINT ( 'NONE', #1344 ) ;
#822 = EDGE_CURVE ( 'NONE', #1438, #2108, #1762, .T. ) ;
#823 = CARTESIAN_POINT ( 'NONE',  ( -10.09991113822295361, 5.083999999999999631, 11.43199999999999505 ) ) ;
#824 = DIRECTION ( 'NONE',  ( 0.000000000000000000, 0.000000000000000000, -1.000000000000000000 ) ) ;
#825 = CARTESIAN_POINT ( 'NONE',  ( -31.00000000000000000, 0.000000000000000000, -5.000000000000002665 ) ) ;
#826 = AXIS2_PLACEMENT_3D ( 'NONE', #1191, #551, #135 ) ;
#827 = DIRECTION ( 'NONE',  ( 0.000000000000000000, 0.000000000000000000, 1.000000000000000000 ) ) ;
#828 = LINE ( 'NONE', #177, #1652 ) ;
#829 = ORIENTED_EDGE ( 'NONE', *, *, #2089, .T. ) ;
#830 = DIRECTION ( 'NONE',  ( -0.000000000000000000, -1.000000000000000000, -0.000000000000000000 ) ) ;
#831 = ADVANCED_FACE ( 'NONE', ( #2159 ), #1078, .F. ) ;
#832 = ORIENTED_EDGE ( 'NONE', *, *, #329, .T. ) ;
#833 = ORIENTED_EDGE ( 'NONE', *, *, #1937, .T. ) ;
#834 = CIRCLE ( 'NONE', #1532, 1.000000000000000000 ) ;
#835 = EDGE_LOOP ( 'NONE', ( #1847, #1519 ) ) ;
#836 = CARTESIAN_POINT ( 'NONE',  ( -31.00000000000000000, 0.000000000000000000, -1.375000000000013323 ) ) ;
#837 = CARTESIAN_POINT ( 'NONE',  ( -11.60799999999999699, 1.949999999999999956, 0.000000000000000000 ) ) ;
#838 = DIRECTION ( 'NONE',  ( 0.000000000000000000, 0.000000000000000000, -1.000000000000000000 ) ) ;
#839 = CARTESIAN_POINT ( 'NONE',  ( -33.00000000000001421, -3.600000000000000089, -22.50000000000001776 ) ) ;
#840 = VECTOR ( 'NONE', #1484, 1000.000000000000000 ) ;
#841 = VERTEX_POINT ( 'NONE', #699 ) ;
#842 = DIRECTION ( 'NONE',  ( 0.000000000000000000, 0.000000000000000000, -1.000000000000000000 ) ) ;
#843 = ORIENTED_EDGE ( 'NONE', *, *, #767, .T. ) ;
#844 = ORIENTED_EDGE ( 'NONE', *, *, #2463, .F. ) ;
#845 = AXIS2_PLACEMENT_3D ( 'NONE', #590, #1429, #1647 ) ;
#846 = EDGE_CURVE ( 'NONE', #2639, #1531, #2172, .T. ) ;
#847 = ORIENTED_EDGE ( 'NONE', *, *, #503, .T. ) ;
#848 = CARTESIAN_POINT ( 'NONE',  ( 31.00000000000000000, -3.600000000000000089, -6.625000000000013323 ) ) ;
#849 = DIRECTION ( 'NONE',  ( 0.000000000000000000, 0.000000000000000000, 1.000000000000000000 ) ) ;
#850 = CARTESIAN_POINT ( 'NONE',  ( 31.00000000000000711, -1.999999999999987121, 14.99999999999999112 ) ) ;
#851 = CIRCLE ( 'NONE', #1445, 0.7500000000000006661 ) ;
#852 = ORIENTED_EDGE ( 'NONE', *, *, #533, .F. ) ;
#853 = FACE_OUTER_BOUND ( 'NONE', #1081, .T. ) ;
#854 = DIRECTION ( 'NONE',  ( 0.000000000000000000, -0.000000000000000000, -1.000000000000000000 ) ) ;
#855 = VERTEX_POINT ( 'NONE', #495 ) ;
#856 = VERTEX_POINT ( 'NONE', #1330 ) ;
#857 = VECTOR ( 'NONE', #364, 1000.000000000000000 ) ;
#858 = VERTEX_POINT ( 'NONE', #468 ) ;
#859 = PLANE ( 'NONE',  #1856 ) ;
#860 = EDGE_CURVE ( 'NONE', #1501, #2400, #285, .T. ) ;
#861 = VECTOR ( 'NONE', #1340, 1000.000000000000000 ) ;
#862 = EDGE_CURVE ( 'NONE', #2597, #1585, #75, .T. ) ;
#863 = CARTESIAN_POINT ( 'NONE',  ( -1.000000000000013323, -0.9000000000000000222, 6.325441960843517286 ) ) ;
#864 = DIRECTION ( 'NONE',  ( -0.000000000000000000, 1.000000000000000000, -0.000000000000000000 ) ) ;
#865 = ORIENTED_EDGE ( 'NONE', *, *, #2242, .T. ) ;
#866 = CARTESIAN_POINT ( 'NONE',  ( 11.60800000000000409, 1.949999999999999956, -2.100000000000003642 ) ) ;
#867 = DIRECTION ( 'NONE',  ( 0.000000000000000000, 0.000000000000000000, -1.000000000000000000 ) ) ;
#868 = CARTESIAN_POINT ( 'NONE',  ( 11.60800000000000409, 1.049999999999984945, -2.843140008900496207E-15 ) ) ;
#869 = ORIENTED_EDGE ( 'NONE', *, *, #2564, .F. ) ;
#870 = EDGE_LOOP ( 'NONE', ( #1878, #1748 ) ) ;
#871 = ORIENTED_EDGE ( 'NONE', *, *, #986, .T. ) ;
#872 = DIRECTION ( 'NONE',  ( -0.000000000000000000, -1.000000000000000000, -0.000000000000000000 ) ) ;
#873 = EDGE_CURVE ( 'NONE', #2056, #643, #2457, .T. ) ;
#874 = DIRECTION ( 'NONE',  ( 0.000000000000000000, -1.000000000000000000, 0.000000000000000000 ) ) ;
#875 = CARTESIAN_POINT ( 'NONE',  ( 33.00000000000000000, -0.4000000000000000222, 22.49999999999998579 ) ) ;
#876 = ORIENTED_EDGE ( 'NONE', *, *, #30, .T. ) ;
#877 = EDGE_CURVE ( 'NONE', #1909, #41, #432, .T. ) ;
#878 = CARTESIAN_POINT ( 'NONE',  ( -31.00000000000000000, -0.4000000000000000222, -5.000000000000002665 ) ) ;
#879 = DIRECTION ( 'NONE',  ( 0.7071067811865475727, -0.000000000000000000, 0.7071067811865475727 ) ) ;
#880 = PLANE ( 'NONE',  #2305 ) ;
#881 = ORIENTED_EDGE ( 'NONE', *, *, #1887, .T. ) ;
#882 = VERTEX_POINT ( 'NONE', #148 ) ;
#883 = VECTOR ( 'NONE', #2040, 1000.000000000000000 ) ;
#884 = CARTESIAN_POINT ( 'NONE',  ( -1.387778780781445676E-14, -1.199999999999999956, -1.040834085586084257E-14 ) ) ;
#885 = VERTEX_POINT ( 'NONE', #2009 ) ;
#886 = DIRECTION ( 'NONE',  ( 0.000000000000000000, -0.000000000000000000, 1.000000000000000000 ) ) ;
#887 = CIRCLE ( 'NONE', #2270, 0.7500000000000006661 ) ;
#888 = EDGE_CURVE ( 'NONE', #2430, #368, #754, .T. ) ;
#889 = DIRECTION ( 'NONE',  ( 0.7071067811865469066, 0.000000000000000000, 0.7071067811865482389 ) ) ;
#890 = AXIS2_PLACEMENT_3D ( 'NONE', #2683, #1450, #1632 ) ;
#891 = CARTESIAN_POINT ( 'NONE',  ( -17.40908886177704673, 5.083999999999999631, -12.43199999999998262 ) ) ;
#892 = EDGE_LOOP ( 'NONE', ( #740, #1448 ) ) ;
#893 = DIRECTION ( 'NONE',  ( 0.000000000000000000, 0.000000000000000000, 1.000000000000000000 ) ) ;
#894 = VECTOR ( 'NONE', #2713, 1000.000000000000000 ) ;
#895 = DIRECTION ( 'NONE',  ( 0.000000000000000000, -1.000000000000000000, 0.000000000000000000 ) ) ;
#896 = ADVANCED_FACE ( 'NONE', ( #1606 ), #372, .F. ) ;
#897 = EDGE_CURVE ( 'NONE', #36, #295, #693, .T. ) ;
#898 = DIRECTION ( 'NONE',  ( -1.000000000000000000, 0.000000000000000000, -0.000000000000000000 ) ) ;
#899 = EDGE_LOOP ( 'NONE', ( #280, #696 ) ) ;
#900 = ORIENTED_EDGE ( 'NONE', *, *, #1072, .T. ) ;
#901 = LINE ( 'NONE', #945, #1992 ) ;
#902 = ORIENTED_EDGE ( 'NONE', *, *, #2228, .T. ) ;
#903 = CARTESIAN_POINT ( 'NONE',  ( 11.60800000000000409, 1.949999999999999956, 1.649999999999997913 ) ) ;
#904 = EDGE_CURVE ( 'NONE', #2342, #1202, #1620, .T. ) ;
#905 = CIRCLE ( 'NONE', #1298, 7.650000000000000355 ) ;
#906 = CARTESIAN_POINT ( 'NONE',  ( -1.378593929787840539E-14, -0.4000000000000000222, 0.7499999999999902300 ) ) ;
#907 = FACE_OUTER_BOUND ( 'NONE', #2211, .T. ) ;
#908 = ORIENTED_EDGE ( 'NONE', *, *, #2637, .F. ) ;
#909 = AXIS2_PLACEMENT_3D ( 'NONE', #1627, #2668, #794 ) ;
#910 = CARTESIAN_POINT ( 'NONE',  ( -31.00000000000000711, -1.999999999999986677, 13.37499999999998046 ) ) ;
#911 = CARTESIAN_POINT ( 'NONE',  ( -35.00000000000000711, 0.000000000000000000, 0.000000000000000000 ) ) ;
#912 = AXIS2_PLACEMENT_3D ( 'NONE', #497, #1689, #1712 ) ;
#913 = CARTESIAN_POINT ( 'NONE',  ( -10.09991113822295361, 5.083999999999999631, 12.43199999999999328 ) ) ;
#914 = ORIENTED_EDGE ( 'NONE', *, *, #2540, .T. ) ;
#915 = ORIENTED_EDGE ( 'NONE', *, *, #2339, .T. ) ;
#916 = ADVANCED_FACE ( 'NONE', ( #2198 ), #1414, .F. ) ;
#917 = DIRECTION ( 'NONE',  ( 0.000000000000000000, 1.000000000000000000, 0.000000000000000000 ) ) ;
#918 = CIRCLE ( 'NONE', #370, 1.000000000000000000 ) ;
#919 = ORIENTED_EDGE ( 'NONE', *, *, #2367, .F. ) ;
#920 = DIRECTION ( 'NONE',  ( 3.783612946984929863E-16, 0.000000000000000000, 1.000000000000000000 ) ) ;
#921 = CARTESIAN_POINT ( 'NONE',  ( 31.00000000000000711, -3.600000000000000089, 13.37499999999998757 ) ) ;
#922 = VERTEX_POINT ( 'NONE', #1786 ) ;
#923 = FACE_OUTER_BOUND ( 'NONE', #1917, .T. ) ;
#924 = LINE ( 'NONE', #646, #840 ) ;
#925 = CARTESIAN_POINT ( 'NONE',  ( -1.000000000000013101, -0.8999999999999998002, -6.325441960843536826 ) ) ;
#926 = ORIENTED_EDGE ( 'NONE', *, *, #2144, .T. ) ;
#927 = DIRECTION ( 'NONE',  ( 0.000000000000000000, 0.000000000000000000, -1.000000000000000000 ) ) ;
#928 = LINE ( 'NONE', #1116, #2334 ) ;
#929 = VECTOR ( 'NONE', #1571, 1000.000000000000000 ) ;
#930 = ORIENTED_EDGE ( 'NONE', *, *, #70, .F. ) ;
#931 = AXIS2_PLACEMENT_3D ( 'NONE', #1948, #652, #1507 ) ;
#932 = EDGE_CURVE ( 'NONE', #1629, #2117, #74, .T. ) ;
#933 = DIRECTION ( 'NONE',  ( 0.000000000000000000, 0.000000000000000000, -1.000000000000000000 ) ) ;
#934 = CARTESIAN_POINT ( 'NONE',  ( 0.000000000000000000, -3.600000000000000089, 0.000000000000000000 ) ) ;
#935 = CIRCLE ( 'NONE', #2212, 1.000000000000000000 ) ;
#936 = AXIS2_PLACEMENT_3D ( 'NONE', #2075, #1688, #1700 ) ;
#937 = AXIS2_PLACEMENT_3D ( 'NONE', #113, #466, #1106 ) ;
#938 = ORIENTED_EDGE ( 'NONE', *, *, #503, .F. ) ;
#939 = CARTESIAN_POINT ( 'NONE',  ( -11.60799999999999699, 1.949999999999999956, 1.650000000000000577 ) ) ;
#940 = CLOSED_SHELL ( 'NONE', ( #948, #511, #1876, #2361, #1257, #1043, #1770, #1557, #985, #1291, #309, #363, #896, #405, #1041, #84, #702, #330, #916, #443, #1964, #171, #2081, #1100, #394, #220, #494, #1421, #275, #1604, #1305, #1953, #2059, #1089, #2655, #209, #797, #610, #258, #2526, #525, #1826, #2447, #768, #1056, #122, #2125, #1799, #2714, #747, #2660, #2072, #396, #2670, #241, #1870, #312, #1737, #831, #1258, #2615, #1976, #410, #1197, #106, #188, #674, #2531, #1671, #1863, #124, #336, #2433, #1187, #2309, #140, #2265, #2027, #2495, #1350, #2227, #2360, #1854, #2633, #1516, #6, #1054 ) ) ;
#941 = LINE ( 'NONE', #1777, #929 ) ;
#942 = LINE ( 'NONE', #1337, #341 ) ;
#943 = ORIENTED_EDGE ( 'NONE', *, *, #576, .F. ) ;
#944 = DIRECTION ( 'NONE',  ( 0.000000000000000000, -1.000000000000000000, 0.000000000000000000 ) ) ;
#945 = CARTESIAN_POINT ( 'NONE',  ( -17.40908886177705028, 5.083999999999999631, -9.865999999999999659 ) ) ;
#946 = EDGE_LOOP ( 'NONE', ( #2109, #1136 ) ) ;
#947 = DIRECTION ( 'NONE',  ( 0.000000000000000000, 0.000000000000000000, 1.000000000000000000 ) ) ;
#948 = ADVANCED_FACE ( 'NONE', ( #2225 ), #1175, .F. ) ;
#949 = CARTESIAN_POINT ( 'NONE',  ( -1.115179377413660774E-15, -3.600000000000000089, 22.49999999999998579 ) ) ;
#950 = ORIENTED_EDGE ( 'NONE', *, *, #70, .T. ) ;
#951 = CARTESIAN_POINT ( 'NONE',  ( 33.00000000000000000, -3.600000000000000089, 22.49999999999998579 ) ) ;
#952 = DIRECTION ( 'NONE',  ( 0.000000000000000000, 0.000000000000000000, 1.000000000000000000 ) ) ;
#953 = DIRECTION ( 'NONE',  ( 0.000000000000000000, 0.000000000000000000, -1.000000000000000000 ) ) ;
#954 = ORIENTED_EDGE ( 'NONE', *, *, #278, .F. ) ;
#955 = LINE ( 'NONE', #2401, #589 ) ;
#956 = LINE ( 'NONE', #1328, #668 ) ;
#957 = DIRECTION ( 'NONE',  ( 0.000000000000000000, 1.000000000000000000, -0.000000000000000000 ) ) ;
#958 = VERTEX_POINT ( 'NONE', #728 ) ;
#959 = ORIENTED_EDGE ( 'NONE', *, *, #565, .T. ) ;
#960 = VECTOR ( 'NONE', #2115, 1000.000000000000114 ) ;
#961 = DIRECTION ( 'NONE',  ( 0.000000000000000000, 0.000000000000000000, 1.000000000000000000 ) ) ;
#962 = CARTESIAN_POINT ( 'NONE',  ( -1.387778780781445676E-14, 0.000000000000000000, -1.040834085586084257E-14 ) ) ;
#963 = ORIENTED_EDGE ( 'NONE', *, *, #816, .T. ) ;
#964 = CYLINDRICAL_SURFACE ( 'NONE', #613, 6.403999999999999915 ) ;
#965 = CIRCLE ( 'NONE', #1091, 1.625000000000003109 ) ;
#966 = CARTESIAN_POINT ( 'NONE',  ( 11.60800000000000409, 1.049999999999984945, -2.843140008900496207E-15 ) ) ;
#967 = CARTESIAN_POINT ( 'NONE',  ( 0.000000000000000000, 0.000000000000000000, 0.000000000000000000 ) ) ;
#968 = EDGE_LOOP ( 'NONE', ( #1645, #365 ) ) ;
#969 = SURFACE_STYLE_USAGE ( .BOTH. , #1172 ) ;
#970 = EDGE_CURVE ( 'NONE', #1909, #718, #523, .T. ) ;
#971 = DIRECTION ( 'NONE',  ( -0.000000000000000000, 1.000000000000000000, -0.000000000000000000 ) ) ;
#972 = ORIENTED_EDGE ( 'NONE', *, *, #1825, .T. ) ;
#973 = CARTESIAN_POINT ( 'NONE',  ( -1.387778780781445676E-14, 3.103000000000000203, -1.040834085586084257E-14 ) ) ;
#974 = DIRECTION ( 'NONE',  ( 0.000000000000000000, 0.000000000000000000, 1.000000000000000000 ) ) ;
#975 = ORIENTED_EDGE ( 'NONE', *, *, #321, .F. ) ;
#976 = DIRECTION ( 'NONE',  ( 0.000000000000000000, -1.000000000000000000, 0.000000000000000000 ) ) ;
#977 = CARTESIAN_POINT ( 'NONE',  ( -10.09991113822295361, 5.083999999999999631, 11.43199999999999505 ) ) ;
#978 = CIRCLE ( 'NONE', #541, 1.625000000000003109 ) ;
#979 = DIRECTION ( 'NONE',  ( -0.000000000000000000, 1.000000000000000000, -0.000000000000000000 ) ) ;
#980 = ORIENTED_EDGE ( 'NONE', *, *, #2509, .T. ) ;
#981 = CARTESIAN_POINT ( 'NONE',  ( 10.09991113822295361, 1.949999999999999956, -10.00000000000000000 ) ) ;
#982 = EDGE_CURVE ( 'NONE', #670, #707, #2015, .T. ) ;
#983 = ORIENTED_EDGE ( 'NONE', *, *, #2481, .T. ) ;
#984 = ORIENTED_EDGE ( 'NONE', *, *, #2010, .F. ) ;
#985 = ADVANCED_FACE ( 'NONE', ( #574 ), #1578, .F. ) ;
#986 = EDGE_CURVE ( 'NONE', #2430, #317, #210, .T. ) ;
#987 = LINE ( 'NONE', #2674, #2611 ) ;
#988 = FACE_OUTER_BOUND ( 'NONE', #392, .T. ) ;
#989 = ORIENTED_EDGE ( 'NONE', *, *, #1025, .F. ) ;
#990 = CARTESIAN_POINT ( 'NONE',  ( -1.000000000000013323, -1.199999999999999956, 6.325441960843517286 ) ) ;
#991 = DIRECTION ( 'NONE',  ( 0.000000000000000000, -1.000000000000000000, 0.000000000000000000 ) ) ;
#992 = VECTOR ( 'NONE', #27, 1000.000000000000000 ) ;
#993 =( NAMED_UNIT ( * ) SI_UNIT ( $, .STERADIAN. ) SOLID_ANGLE_UNIT ( ) );
#994 = ORIENTED_EDGE ( 'NONE', *, *, #2378, .F. ) ;
#995 = CYLINDRICAL_SURFACE ( 'NONE', #1965, 2.100000000000000533 ) ;
#996 = VECTOR ( 'NONE', #2152, 1000.000000000000000 ) ;
#997 = EDGE_CURVE ( 'NONE', #718, #1341, #918, .T. ) ;
#998 = ORIENTED_EDGE ( 'NONE', *, *, #48, .T. ) ;
#999 = STYLED_ITEM ( 'NONE', ( #777 ), #174 ) ;
#1000 = VECTOR ( 'NONE', #1755, 1000.000000000000000 ) ;
#1001 = DIRECTION ( 'NONE',  ( -0.000000000000000000, -1.000000000000000000, -0.000000000000000000 ) ) ;
#1002 = DIRECTION ( 'NONE',  ( 0.000000000000000000, 0.000000000000000000, -1.000000000000000000 ) ) ;
#1003 = DIRECTION ( 'NONE',  ( 0.000000000000000000, 0.000000000000000000, -1.000000000000000000 ) ) ;
#1004 = DIRECTION ( 'NONE',  ( 0.000000000000000000, 0.000000000000000000, 1.000000000000000000 ) ) ;
#1005 = CARTESIAN_POINT ( 'NONE',  ( 6.938893903907228378E-15, -0.3999999999999999667, -2.936999999999999389 ) ) ;
#1006 = ORIENTED_EDGE ( 'NONE', *, *, #1656, .T. ) ;
#1007 = DIRECTION ( 'NONE',  ( 0.000000000000000000, -1.000000000000000000, 0.000000000000000000 ) ) ;
#1008 = EDGE_CURVE ( 'NONE', #1306, #1888, #325, .T. ) ;
#1009 = ORIENTED_EDGE ( 'NONE', *, *, #1297, .F. ) ;
#1010 = LINE ( 'NONE', #627, #231 ) ;
#1011 = DIRECTION ( 'NONE',  ( 0.000000000000000000, 0.000000000000000000, -1.000000000000000000 ) ) ;
#1012 = EDGE_CURVE ( 'NONE', #2197, #2229, #498, .T. ) ;
#1013 = VECTOR ( 'NONE', #1911, 1000.000000000000000 ) ;
#1014 = DIRECTION ( 'NONE',  ( 0.000000000000000000, -1.000000000000000000, 0.000000000000000000 ) ) ;
#1015 = CYLINDRICAL_SURFACE ( 'NONE', #2145, 1.000000000000000000 ) ;
#1016 = LINE ( 'NONE', #1663, #2707 ) ;
#1017 = VERTEX_POINT ( 'NONE', #357 ) ;
#1018 = CARTESIAN_POINT ( 'NONE',  ( 0.000000000000000000, -0.9000000000000000222, 0.000000000000000000 ) ) ;
#1019 = CIRCLE ( 'NONE', #1943, 1.625000000000003997 ) ;
#1020 = ORIENTED_EDGE ( 'NONE', *, *, #815, .T. ) ;
#1021 = VERTEX_POINT ( 'NONE', #2035 ) ;
#1022 = AXIS2_PLACEMENT_3D ( 'NONE', #2082, #194, #842 ) ;
#1023 = DIRECTION ( 'NONE',  ( -0.000000000000000000, -1.000000000000000000, -0.000000000000000000 ) ) ;
#1024 = CARTESIAN_POINT ( 'NONE',  ( -11.60799999999999699, 1.449999999999999956, 1.650000000000000577 ) ) ;
#1025 = EDGE_CURVE ( 'NONE', #2712, #2517, #987, .T. ) ;
#1026 = CARTESIAN_POINT ( 'NONE',  ( 6.938893903907228378E-15, 3.103000000000000203, -3.936999999999999389 ) ) ;
#1027 = DIRECTION ( 'NONE',  ( 0.000000000000000000, 1.000000000000000000, -0.000000000000000000 ) ) ;
#1028 = ORIENTED_EDGE ( 'NONE', *, *, #1701, .F. ) ;
#1029 = CARTESIAN_POINT ( 'NONE',  ( 33.00000000000000000, -0.4000000000000000222, 22.49999999999998579 ) ) ;
#1030 = ORIENTED_EDGE ( 'NONE', *, *, #118, .T. ) ;
#1031 = EDGE_LOOP ( 'NONE', ( #2206, #77 ) ) ;
#1032 = EDGE_LOOP ( 'NONE', ( #1320, #930, #311, #168 ) ) ;
#1033 = DIRECTION ( 'NONE',  ( -0.000000000000000000, -1.000000000000000000, -0.000000000000000000 ) ) ;
#1034 = CARTESIAN_POINT ( 'NONE',  ( 31.00000000000000000, -3.600000000000000089, -5.000000000000009770 ) ) ;
#1035 = CIRCLE ( 'NONE', #1699, 1.000000000000000888 ) ;
#1036 = FACE_OUTER_BOUND ( 'NONE', #1246, .T. ) ;
#1037 = DIRECTION ( 'NONE',  ( -0.000000000000000000, -1.000000000000000000, -0.000000000000000000 ) ) ;
#1038 = DIRECTION ( 'NONE',  ( 0.000000000000000000, 0.000000000000000000, 1.000000000000000000 ) ) ;
#1039 = EDGE_LOOP ( 'NONE', ( #252, #926, #253, #1114, #1618 ) ) ;
#1040 = PLANE ( 'NONE',  #416 ) ;
#1041 = ADVANCED_FACE ( 'NONE', ( #2475 ), #1686, .F. ) ;
#1042 = VERTEX_POINT ( 'NONE', #2267 ) ;
#1043 = ADVANCED_FACE ( 'NONE', ( #2524 ), #453, .F. ) ;
#1044 = EDGE_LOOP ( 'NONE', ( #1591, #1767, #2290, #492, #1902, #81 ) ) ;
#1045 = ORIENTED_EDGE ( 'NONE', *, *, #2175, .T. ) ;
#1046 = DIRECTION ( 'NONE',  ( 0.000000000000000000, 0.000000000000000000, 1.000000000000000000 ) ) ;
#1047 = FACE_OUTER_BOUND ( 'NONE', #2415, .T. ) ;
#1048 = CARTESIAN_POINT ( 'NONE',  ( 31.00000000000000000, -2.000000000000014211, -5.000000000000009770 ) ) ;
#1049 = VECTOR ( 'NONE', #2423, 1000.000000000000000 ) ;
#1050 = ORIENTED_EDGE ( 'NONE', *, *, #816, .F. ) ;
#1051 = DIRECTION ( 'NONE',  ( -0.000000000000000000, 1.000000000000000000, -0.000000000000000000 ) ) ;
#1052 = DIRECTION ( 'NONE',  ( -0.000000000000000000, 1.000000000000000000, -0.000000000000000000 ) ) ;
#1053 = EDGE_LOOP ( 'NONE', ( #1410, #2520 ) ) ;
#1054 = ADVANCED_FACE ( 'NONE', ( #614 ), #2078, .F. ) ;
#1055 = VERTEX_POINT ( 'NONE', #2101 ) ;
#1056 = ADVANCED_FACE ( 'NONE', ( #2281 ), #638, .F. ) ;
#1057 = CONICAL_SURFACE ( 'NONE', #228, 2.100000000000000533, 0.7853981633974391752 ) ;
#1058 = CIRCLE ( 'NONE', #1419, 0.7500000000000006661 ) ;
#1059 = AXIS2_PLACEMENT_3D ( 'NONE', #665, #751, #2641 ) ;
#1060 = VERTEX_POINT ( 'NONE', #1477 ) ;
#1061 = VECTOR ( 'NONE', #2043, 1000.000000000000000 ) ;
#1062 = CARTESIAN_POINT ( 'NONE',  ( 11.60800000000000409, 1.049999999999984945, -2.843140008900496207E-15 ) ) ;
#1063 = LINE ( 'NONE', #1866, #1280 ) ;
#1064 = DIRECTION ( 'NONE',  ( -0.000000000000000000, 1.000000000000000000, -0.000000000000000000 ) ) ;
#1065 = AXIS2_PLACEMENT_3D ( 'NONE', #304, #2177, #2591 ) ;
#1066 = VERTEX_POINT ( 'NONE', #1227 ) ;
#1067 = DIRECTION ( 'NONE',  ( 0.000000000000000000, -0.000000000000000000, -1.000000000000000000 ) ) ;
#1068 = LINE ( 'NONE', #1926, #1013 ) ;
#1069 = DIRECTION ( 'NONE',  ( 0.000000000000000000, 0.7071067811865479058, 0.7071067811865470176 ) ) ;
#1070 = ORIENTED_EDGE ( 'NONE', *, *, #1132, .F. ) ;
#1071 = ORIENTED_EDGE ( 'NONE', *, *, #1919, .F. ) ;
#1072 = EDGE_CURVE ( 'NONE', #323, #1251, #2071, .T. ) ;
#1073 = AXIS2_PLACEMENT_3D ( 'NONE', #868, #659, #1499 ) ;
#1074 = ORIENTED_EDGE ( 'NONE', *, *, #624, .F. ) ;
#1075 = CARTESIAN_POINT ( 'NONE',  ( -1.387778780781445676E-14, 3.103000000000000203, -0.7500000000000111022 ) ) ;
#1076 = AXIS2_PLACEMENT_3D ( 'NONE', #83, #957, #1383 ) ;
#1077 = EDGE_CURVE ( 'NONE', #424, #1909, #796, .T. ) ;
#1078 = CYLINDRICAL_SURFACE ( 'NONE', #931, 1.625000000000003109 ) ;
#1079 = CARTESIAN_POINT ( 'NONE',  ( 11.60800000000000409, 1.049999999999984945, -2.100000000000003642 ) ) ;
#1080 = CARTESIAN_POINT ( 'NONE',  ( 0.000000000000000000, 0.000000000000000000, 0.000000000000000000 ) ) ;
#1081 = EDGE_LOOP ( 'NONE', ( #1129, #2549, #1817, #96, #2497 ) ) ;
#1082 = AXIS2_PLACEMENT_3D ( 'NONE', #2574, #2589, #1096 ) ;
#1083 = PLANE ( 'NONE',  #1556 ) ;
#1084 = FACE_BOUND ( 'NONE', #1936, .T. ) ;
#1085 = CARTESIAN_POINT ( 'NONE',  ( 7.061358583821963526E-15, -0.3999999999999999667, -4.936999999999999389 ) ) ;
#1086 = VERTEX_POINT ( 'NONE', #1266 ) ;
#1087 = VERTEX_POINT ( 'NONE', #2293 ) ;
#1088 = DIRECTION ( 'NONE',  ( 0.000000000000000000, 0.000000000000000000, -1.000000000000000000 ) ) ;
#1089 = ADVANCED_FACE ( 'NONE', ( #2706, #2111, #172, #216 ), #386, .T. ) ;
#1090 = ORIENTED_EDGE ( 'NONE', *, *, #2057, .F. ) ;
#1091 = AXIS2_PLACEMENT_3D ( 'NONE', #1582, #539, #2218 ) ;
#1092 = DIRECTION ( 'NONE',  ( 0.000000000000000000, 0.000000000000000000, -1.000000000000000000 ) ) ;
#1093 = EDGE_CURVE ( 'NONE', #707, #1888, #1010, .T. ) ;
#1094 = DIRECTION ( 'NONE',  ( 0.000000000000000000, 0.000000000000000000, -1.000000000000000000 ) ) ;
#1095 = EDGE_CURVE ( 'NONE', #958, #436, #198, .T. ) ;
#1096 = DIRECTION ( 'NONE',  ( 0.000000000000000000, 0.000000000000000000, 1.000000000000000000 ) ) ;
#1097 = ORIENTED_EDGE ( 'NONE', *, *, #2582, .T. ) ;
#1098 = CARTESIAN_POINT ( 'NONE',  ( 11.60800000000000409, 1.449999999999999956, -2.843140008900496207E-15 ) ) ;
#1099 = PLANE ( 'NONE',  #577 ) ;
#1100 = ADVANCED_FACE ( 'NONE', ( #227 ), #1891, .F. ) ;
#1101 = DIRECTION ( 'NONE',  ( 0.000000000000000000, 0.000000000000000000, 1.000000000000000000 ) ) ;
#1102 = ORIENTED_EDGE ( 'NONE', *, *, #1757, .F. ) ;
#1103 = DIRECTION ( 'NONE',  ( 0.000000000000000000, 0.000000000000000000, -1.000000000000000000 ) ) ;
#1104 = FACE_OUTER_BOUND ( 'NONE', #2068, .T. ) ;
#1105 = VERTEX_POINT ( 'NONE', #811 ) ;
#1106 = DIRECTION ( 'NONE',  ( 0.000000000000000000, 0.000000000000000000, -1.000000000000000000 ) ) ;
#1107 = FACE_OUTER_BOUND ( 'NONE', #780, .T. ) ;
#1108 = DIRECTION ( 'NONE',  ( 0.000000000000000000, 1.000000000000000000, 0.000000000000000000 ) ) ;
#1109 = EDGE_CURVE ( 'NONE', #2132, #1501, #2486, .T. ) ;
#1110 = VERTEX_POINT ( 'NONE', #848 ) ;
#1111 = LINE ( 'NONE', #704, #1203 ) ;
#1112 = DIRECTION ( 'NONE',  ( 0.000000000000000000, 0.000000000000000000, 1.000000000000000000 ) ) ;
#1113 = CARTESIAN_POINT ( 'NONE',  ( -31.00000000000000711, -3.600000000000000089, 13.37499999999998046 ) ) ;
#1114 = ORIENTED_EDGE ( 'NONE', *, *, #293, .T. ) ;
#1115 = ORIENTED_EDGE ( 'NONE', *, *, #2717, .T. ) ;
#1116 = CARTESIAN_POINT ( 'NONE',  ( 10.09991113822295361, 1.949999999999999956, 0.000000000000000000 ) ) ;
#1117 = ORIENTED_EDGE ( 'NONE', *, *, #1165, .T. ) ;
#1118 = CARTESIAN_POINT ( 'NONE',  ( -1.387778780781445676E-14, 3.103000000000000203, -1.040834085586084257E-14 ) ) ;
#1119 = AXIS2_PLACEMENT_3D ( 'NONE', #2205, #1184, #2414 ) ;
#1120 = CONICAL_SURFACE ( 'NONE', #1830, 3.624999999999989342, 0.7853981633974479459 ) ;
#1121 = CARTESIAN_POINT ( 'NONE',  ( -10.09991113822295361, 5.083999999999999631, 12.43199999999999328 ) ) ;
#1122 = DIRECTION ( 'NONE',  ( 8.659560562354927928E-17, 0.7071067811865479058, -0.7071067811865470176 ) ) ;
#1123 = VERTEX_POINT ( 'NONE', #1673 ) ;
#1124 = MECHANICAL_DESIGN_GEOMETRIC_PRESENTATION_REPRESENTATION (  '', ( #999 ), #161 ) ;
#1125 = CARTESIAN_POINT ( 'NONE',  ( -1.000000000000013323, -1.199999999999999956, 0.000000000000000000 ) ) ;
#1126 = CARTESIAN_POINT ( 'NONE',  ( 6.938893903907228378E-15, -0.9000000000000000222, 4.936999999999999389 ) ) ;
#1127 = AXIS2_PLACEMENT_3D ( 'NONE', #1288, #246, #1773 ) ;
#1128 = FACE_BOUND ( 'NONE', #538, .T. ) ;
#1129 = ORIENTED_EDGE ( 'NONE', *, *, #1995, .T. ) ;
#1130 = ORIENTED_EDGE ( 'NONE', *, *, #204, .T. ) ;
#1131 = LINE ( 'NONE', #1326, #735 ) ;
#1132 = EDGE_CURVE ( 'NONE', #1060, #1696, #2511, .T. ) ;
#1133 = ORIENTED_EDGE ( 'NONE', *, *, #2412, .T. ) ;
#1134 = LINE ( 'NONE', #259, #801 ) ;
#1135 = PLANE ( 'NONE',  #1595 ) ;
#1136 = ORIENTED_EDGE ( 'NONE', *, *, #1668, .T. ) ;
#1137 = CARTESIAN_POINT ( 'NONE',  ( -1.387778780781445676E-14, -3.600000000000000089, -1.040834085586084257E-14 ) ) ;
#1138 = LINE ( 'NONE', #2231, #2424 ) ;
#1139 = LINE ( 'NONE', #322, #2446 ) ;
#1140 = EDGE_LOOP ( 'NONE', ( #908, #66, #519, #1597, #2185, #1311, #998, #1824, #1156, #2559, #266, #456, #2, #18, #583, #1152 ) ) ;
#1141 = DIRECTION ( 'NONE',  ( 0.000000000000000000, 0.000000000000000000, 1.000000000000000000 ) ) ;
#1142 = DIRECTION ( 'NONE',  ( 0.000000000000000000, 0.000000000000000000, -1.000000000000000000 ) ) ;
#1143 = AXIS2_PLACEMENT_3D ( 'NONE', #2605, #734, #2456 ) ;
#1144 = EDGE_CURVE ( 'NONE', #2445, #14, #1659, .T. ) ;
#1145 = ORIENTED_EDGE ( 'NONE', *, *, #1668, .F. ) ;
#1146 = CIRCLE ( 'NONE', #1631, 2.100000000000000533 ) ;
#1147 = DIRECTION ( 'NONE',  ( -0.000000000000000000, 0.000000000000000000, 1.000000000000000000 ) ) ;
#1148 = DIRECTION ( 'NONE',  ( -0.000000000000000000, 1.000000000000000000, -0.000000000000000000 ) ) ;
#1149 = AXIS2_PLACEMENT_3D ( 'NONE', #1782, #1313, #628 ) ;
#1150 = AXIS2_PLACEMENT_3D ( 'NONE', #629, #2295, #1676 ) ;
#1151 = VECTOR ( 'NONE', #2303, 1000.000000000000000 ) ;
#1152 = ORIENTED_EDGE ( 'NONE', *, *, #1333, .F. ) ;
#1153 = DIRECTION ( 'NONE',  ( 0.000000000000000000, 0.000000000000000000, -1.000000000000000000 ) ) ;
#1154 = DIRECTION ( 'NONE',  ( 0.000000000000000000, -1.000000000000000000, 0.000000000000000000 ) ) ;
#1155 = CARTESIAN_POINT ( 'NONE',  ( 0.000000000000000000, 1.949999999999999956, 10.00000000000000000 ) ) ;
#1156 = ORIENTED_EDGE ( 'NONE', *, *, #1903, .F. ) ;
#1157 = AXIS2_PLACEMENT_3D ( 'NONE', #1666, #1680, #2546 ) ;
#1158 = CARTESIAN_POINT ( 'NONE',  ( -1.387778780781445676E-14, 3.103000000000000203, -1.040834085586084257E-14 ) ) ;
#1159 = CARTESIAN_POINT ( 'NONE',  ( -11.60799999999999699, 1.449999999999999956, 1.650000000000000577 ) ) ;
#1160 = ORIENTED_EDGE ( 'NONE', *, *, #1808, .F. ) ;
#1161 = EDGE_CURVE ( 'NONE', #2217, #1682, #425, .T. ) ;
#1162 = DIRECTION ( 'NONE',  ( -0.000000000000000000, 1.000000000000000000, -0.000000000000000000 ) ) ;
#1163 = DIRECTION ( 'NONE',  ( 0.000000000000000000, 0.000000000000000000, -1.000000000000000000 ) ) ;
#1164 = EDGE_CURVE ( 'NONE', #2400, #2445, #682, .T. ) ;
#1165 = EDGE_CURVE ( 'NONE', #2301, #240, #1198, .T. ) ;
#1166 = AXIS2_PLACEMENT_3D ( 'NONE', #1222, #1199, #154 ) ;
#1167 = VERTEX_POINT ( 'NONE', #2363 ) ;
#1168 = LINE ( 'NONE', #125, #261 ) ;
#1169 = DIRECTION ( 'NONE',  ( 0.000000000000000000, 0.000000000000000000, 1.000000000000000000 ) ) ;
#1170 = FACE_BOUND ( 'NONE', #1140, .T. ) ;
#1171 = EDGE_LOOP ( 'NONE', ( #959, #2289 ) ) ;
#1172 = SURFACE_SIDE_STYLE ('',( #1796 ) ) ;
#1173 = DIRECTION ( 'NONE',  ( 0.000000000000000000, 0.000000000000000000, -1.000000000000000000 ) ) ;
#1174 = ORIENTED_EDGE ( 'NONE', *, *, #1165, .F. ) ;
#1175 = CONICAL_SURFACE ( 'NONE', #1524, 3.625000000000016875, 0.7853981633974479459 ) ;
#1176 = CARTESIAN_POINT ( 'NONE',  ( 31.00000000000000000, 0.000000000000000000, -5.000000000000009770 ) ) ;
#1177 = CARTESIAN_POINT ( 'NONE',  ( 33.00000000000000000, 0.000000000000000000, 22.49999999999998579 ) ) ;
#1178 = EDGE_LOOP ( 'NONE', ( #2097, #1006, #915, #1610 ) ) ;
#1179 = EDGE_CURVE ( 'NONE', #1300, #2241, #1963, .T. ) ;
#1180 = FACE_OUTER_BOUND ( 'NONE', #795, .T. ) ;
#1181 = VECTOR ( 'NONE', #1392, 1000.000000000000000 ) ;
#1182 = CARTESIAN_POINT ( 'NONE',  ( 0.9999999999999867883, -1.199999999999999956, -6.325441960843536826 ) ) ;
#1183 = EDGE_CURVE ( 'NONE', #1682, #572, #8, .T. ) ;
#1184 = DIRECTION ( 'NONE',  ( 0.000000000000000000, -1.000000000000000000, 0.000000000000000000 ) ) ;
#1185 = ORIENTED_EDGE ( 'NONE', *, *, #1316, .T. ) ;
#1186 = CARTESIAN_POINT ( 'NONE',  ( 0.000000000000000000, 5.083999999999999631, 0.000000000000000000 ) ) ;
#1187 = ADVANCED_FACE ( 'NONE', ( #1587, #2129 ), #1315, .F. ) ;
#1188 = ORIENTED_EDGE ( 'NONE', *, *, #2598, .T. ) ;
#1189 = EDGE_LOOP ( 'NONE', ( #1605, #307, #1071, #1783 ) ) ;
#1190 = AXIS2_PLACEMENT_3D ( 'NONE', #2053, #1221, #1468 ) ;
#1191 = CARTESIAN_POINT ( 'NONE',  ( -1.387778780781445676E-14, -0.9000000000000000222, -1.040834085586084257E-14 ) ) ;
#1192 = CARTESIAN_POINT ( 'NONE',  ( -1.000000000000013323, -1.199999999999999734, -6.325441960843537714 ) ) ;
#1193 = ORIENTED_EDGE ( 'NONE', *, *, #732, .F. ) ;
#1194 = DIRECTION ( 'NONE',  ( 0.000000000000000000, 1.000000000000000000, -0.000000000000000000 ) ) ;
#1195 = AXIS2_PLACEMENT_3D ( 'NONE', #603, #175, #2306 ) ;
#1196 = DIRECTION ( 'NONE',  ( 0.000000000000000000, -1.000000000000000000, 0.000000000000000000 ) ) ;
#1197 = ADVANCED_FACE ( 'NONE', ( #651 ), #270, .T. ) ;
#1198 = CIRCLE ( 'NONE', #146, 0.7500000000000006661 ) ;
#1199 = DIRECTION ( 'NONE',  ( 1.000000000000000000, 0.000000000000000000, -0.000000000000000000 ) ) ;
#1200 = ORIENTED_EDGE ( 'NONE', *, *, #1534, .T. ) ;
#1201 = CARTESIAN_POINT ( 'NONE',  ( 31.00000000000000711, -1.999999999999987121, 13.37499999999998757 ) ) ;
#1202 = VERTEX_POINT ( 'NONE', #1725 ) ;
#1203 = VECTOR ( 'NONE', #501, 1000.000000000000000 ) ;
#1204 = DIRECTION ( 'NONE',  ( 0.000000000000000000, -1.000000000000000000, 0.000000000000000000 ) ) ;
#1205 = DIRECTION ( 'NONE',  ( -0.000000000000000000, -1.000000000000000000, -0.000000000000000000 ) ) ;
#1206 = ORIENTED_EDGE ( 'NONE', *, *, #1012, .T. ) ;
#1207 = CARTESIAN_POINT ( 'NONE',  ( 34.99999999999999289, 0.000000000000000000, -0.000000000000000000 ) ) ;
#1208 = FACE_OUTER_BOUND ( 'NONE', #2551, .T. ) ;
#1209 = AXIS2_PLACEMENT_3D ( 'NONE', #474, #265, #1101 ) ;
#1210 = CARTESIAN_POINT ( 'NONE',  ( 0.9999999999999867883, -0.9000000000000000222, 0.000000000000000000 ) ) ;
#1211 = VERTEX_POINT ( 'NONE', #2428 ) ;
#1212 = DIRECTION ( 'NONE',  ( 0.000000000000000000, 0.000000000000000000, 1.000000000000000000 ) ) ;
#1213 = VECTOR ( 'NONE', #546, 1000.000000000000000 ) ;
#1214 = ORIENTED_EDGE ( 'NONE', *, *, #214, .F. ) ;
#1215 = ORIENTED_EDGE ( 'NONE', *, *, #2144, .F. ) ;
#1216 = EDGE_CURVE ( 'NONE', #578, #1560, #479, .T. ) ;
#1217 = VECTOR ( 'NONE', #1037, 1000.000000000000000 ) ;
#1218 = DIRECTION ( 'NONE',  ( 0.000000000000000000, 0.000000000000000000, 1.000000000000000000 ) ) ;
#1219 = CARTESIAN_POINT ( 'NONE',  ( -11.60799999999999699, 1.049999999999984945, 0.000000000000000000 ) ) ;
#1220 = CARTESIAN_POINT ( 'NONE',  ( 10.09991113822295361, 1.949999999999999956, -9.865999999999999659 ) ) ;
#1221 = DIRECTION ( 'NONE',  ( 0.000000000000000000, -1.000000000000000000, 0.000000000000000000 ) ) ;
#1222 = CARTESIAN_POINT ( 'NONE',  ( 10.09991113822295361, 5.083999999999999631, -12.43199999999999683 ) ) ;
#1223 = ORIENTED_EDGE ( 'NONE', *, *, #381, .T. ) ;
#1224 = VERTEX_POINT ( 'NONE', #903 ) ;
#1225 = ORIENTED_EDGE ( 'NONE', *, *, #732, .T. ) ;
#1226 = EDGE_CURVE ( 'NONE', #2229, #1211, #257, .T. ) ;
#1227 = CARTESIAN_POINT ( 'NONE',  ( 10.09991113822295361, 5.083999999999999631, -9.865999999999999659 ) ) ;
#1228 = CARTESIAN_POINT ( 'NONE',  ( -35.00000000000000711, -0.4000000000000000222, 0.000000000000000000 ) ) ;
#1229 = AXIS2_PLACEMENT_3D ( 'NONE', #2636, #1362, #126 ) ;
#1230 = DIRECTION ( 'NONE',  ( 0.000000000000000000, -1.000000000000000000, 0.000000000000000000 ) ) ;
#1231 = DIRECTION ( 'NONE',  ( 0.000000000000000000, -1.000000000000000000, 0.000000000000000000 ) ) ;
#1232 = DIRECTION ( 'NONE',  ( 0.000000000000000000, 1.000000000000000000, -0.000000000000000000 ) ) ;
#1233 = ORIENTED_EDGE ( 'NONE', *, *, #132, .T. ) ;
#1234 = FACE_OUTER_BOUND ( 'NONE', #776, .T. ) ;
#1235 = VECTOR ( 'NONE', #346, 1000.000000000000114 ) ;
#1236 = ORIENTED_EDGE ( 'NONE', *, *, #1656, .F. ) ;
#1237 = ORIENTED_EDGE ( 'NONE', *, *, #1568, .T. ) ;
#1238 = AXIS2_PLACEMENT_3D ( 'NONE', #250, #2134, #1112 ) ;
#1239 = VECTOR ( 'NONE', #2337, 1000.000000000000000 ) ;
#1240 = CARTESIAN_POINT ( 'NONE',  ( 11.60800000000000409, 1.949999999999999956, -2.843140008900496207E-15 ) ) ;
#1241 = DIRECTION ( 'NONE',  ( 0.000000000000000000, -1.000000000000000000, 0.000000000000000000 ) ) ;
#1242 = CYLINDRICAL_SURFACE ( 'NONE', #1993, 1.000000000000000000 ) ;
#1243 = EDGE_CURVE ( 'NONE', #1055, #1739, #2171, .T. ) ;
#1244 = DIRECTION ( 'NONE',  ( 0.000000000000000000, 0.000000000000000000, 1.000000000000000000 ) ) ;
#1245 = EDGE_CURVE ( 'NONE', #2386, #1758, #956, .T. ) ;
#1246 = EDGE_LOOP ( 'NONE', ( #902, #762, #235, #2609 ) ) ;
#1247 = FACE_BOUND ( 'NONE', #11, .T. ) ;
#1248 = EDGE_LOOP ( 'NONE', ( #869, #2461 ) ) ;
#1249 = PRESENTATION_LAYER_ASSIGNMENT (  '', '', ( #199 ) ) ;
#1250 = ORIENTED_EDGE ( 'NONE', *, *, #1377, .T. ) ;
#1251 = VERTEX_POINT ( 'NONE', #2157 ) ;
#1252 = DIRECTION ( 'NONE',  ( -0.000000000000000000, 0.000000000000000000, 1.000000000000000000 ) ) ;
#1253 = AXIS2_PLACEMENT_3D ( 'NONE', #1624, #2259, #377 ) ;
#1254 = LINE ( 'NONE', #388, #367 ) ;
#1255 = AXIS2_PLACEMENT_3D ( 'NONE', #1593, #1001, #1566 ) ;
#1256 = DIRECTION ( 'NONE',  ( -0.000000000000000000, 1.000000000000000000, -0.000000000000000000 ) ) ;
#1257 = ADVANCED_FACE ( 'NONE', ( #1905 ), #809, .F. ) ;
#1258 = ADVANCED_FACE ( 'NONE', ( #19, #2222 ), #859, .T. ) ;
#1259 = ORIENTED_EDGE ( 'NONE', *, *, #2210, .F. ) ;
#1260 = DIRECTION ( 'NONE',  ( 0.000000000000000000, 0.000000000000000000, 1.000000000000000000 ) ) ;
#1261 = CARTESIAN_POINT ( 'NONE',  ( 6.938893903907228378E-15, -0.3999999999999999667, 4.936999999999999389 ) ) ;
#1262 = VERTEX_POINT ( 'NONE', #1489 ) ;
#1263 = ORIENTED_EDGE ( 'NONE', *, *, #1451, .T. ) ;
#1264 = EDGE_CURVE ( 'NONE', #2445, #2452, #2330, .T. ) ;
#1265 = ORIENTED_EDGE ( 'NONE', *, *, #1072, .F. ) ;
#1266 = CARTESIAN_POINT ( 'NONE',  ( -16.40908886177704318, 0.000000000000000000, -12.43199999999998262 ) ) ;
#1267 = CYLINDRICAL_SURFACE ( 'NONE', #1195, 7.650000000000000355 ) ;
#1268 = CYLINDRICAL_SURFACE ( 'NONE', #1968, 1.625000000000003997 ) ;
#1269 = AXIS2_PLACEMENT_3D ( 'NONE', #2120, #673, #1335 ) ;
#1270 = ORIENTED_EDGE ( 'NONE', *, *, #2048, .F. ) ;
#1271 = VECTOR ( 'NONE', #2214, 1000.000000000000000 ) ;
#1272 = DIRECTION ( 'NONE',  ( 4.956352788505163391E-17, 0.000000000000000000, -1.000000000000000000 ) ) ;
#1273 = DIRECTION ( 'NONE',  ( -0.7071067811865474617, -0.000000000000000000, 0.7071067811865474617 ) ) ;
#1274 = EDGE_CURVE ( 'NONE', #2301, #256, #2377, .T. ) ;
#1275 = ADVANCED_BREP_SHAPE_REPRESENTATION ( 'Twist lock radio part V3', ( #174, #2659 ), #2578 ) ;
#1276 = DIRECTION ( 'NONE',  ( 0.000000000000000000, 0.000000000000000000, -1.000000000000000000 ) ) ;
#1277 = ORIENTED_EDGE ( 'NONE', *, *, #1498, .T. ) ;
#1278 = ORIENTED_EDGE ( 'NONE', *, *, #605, .T. ) ;
#1279 = AXIS2_PLACEMENT_3D ( 'NONE', #1829, #2675, #786 ) ;
#1280 = VECTOR ( 'NONE', #2271, 1000.000000000000000 ) ;
#1281 = EDGE_CURVE ( 'NONE', #2197, #1017, #1918, .T. ) ;
#1282 = VECTOR ( 'NONE', #1505, 1000.000000000000000 ) ;
#1283 = EDGE_LOOP ( 'NONE', ( #1250, #1504, #356, #470, #2176, #213 ) ) ;
#1284 = VECTOR ( 'NONE', #2387, 1000.000000000000000 ) ;
#1285 = DIRECTION ( 'NONE',  ( -1.000000000000000000, 0.000000000000000000, 3.783612946984930356E-16 ) ) ;
#1286 = PRODUCT_DEFINITION_FORMATION_WITH_SPECIFIED_SOURCE ( 'Symmetric', '', #1562, .NOT_KNOWN. ) ;
#1287 = CARTESIAN_POINT ( 'NONE',  ( 11.60800000000000409, -3.600000000000000089, -2.100000000000003642 ) ) ;
#1288 = CARTESIAN_POINT ( 'NONE',  ( -31.00000000000000711, 0.000000000000000000, 14.99999999999998401 ) ) ;
#1289 = VERTEX_POINT ( 'NONE', #697 ) ;
#1290 = LINE ( 'NONE', #1655, #328 ) ;
#1291 = ADVANCED_FACE ( 'NONE', ( #493 ), #1710, .F. ) ;
#1292 = DIRECTION ( 'NONE',  ( 0.000000000000000000, -1.000000000000000000, 0.000000000000000000 ) ) ;
#1293 = DIRECTION ( 'NONE',  ( 0.000000000000000000, 1.000000000000000000, -0.000000000000000000 ) ) ;
#1294 = ORIENTED_EDGE ( 'NONE', *, *, #2455, .T. ) ;
#1295 = ORIENTED_EDGE ( 'NONE', *, *, #1850, .F. ) ;
#1296 = CARTESIAN_POINT ( 'NONE',  ( 6.938893903907228378E-15, 3.103000000000000203, 3.186999999999998945 ) ) ;
#1297 = EDGE_CURVE ( 'NONE', #116, #1087, #705, .T. ) ;
#1298 = AXIS2_PLACEMENT_3D ( 'NONE', #1363, #2623, #736 ) ;
#1299 = EDGE_CURVE ( 'NONE', #2168, #2472, #52, .T. ) ;
#1300 = VERTEX_POINT ( 'NONE', #64 ) ;
#1301 = CARTESIAN_POINT ( 'NONE',  ( 0.9999999999999867883, -1.199999999999999956, 6.325441960843516398 ) ) ;
#1302 = AXIS2_PLACEMENT_3D ( 'NONE', #130, #1397, #752 ) ;
#1303 = DIRECTION ( 'NONE',  ( -1.000000000000000000, 0.000000000000000000, 5.044817262646572822E-16 ) ) ;
#1304 = DIRECTION ( 'NONE',  ( -0.7071067811865500152, 0.000000000000000000, -0.7071067811865451302 ) ) ;
#1305 = ADVANCED_FACE ( 'NONE', ( #1705, #1084 ), #2178, .T. ) ;
#1306 = VERTEX_POINT ( 'NONE', #472 ) ;
#1307 = AXIS2_PLACEMENT_3D ( 'NONE', #850, #1728, #2161 ) ;
#1308 = CARTESIAN_POINT ( 'NONE',  ( 6.938893903907228378E-15, -0.9000000000000000222, -3.936999999999999389 ) ) ;
#1309 = DIRECTION ( 'NONE',  ( -0.000000000000000000, 1.000000000000000000, -0.000000000000000000 ) ) ;
#1310 = DIRECTION ( 'NONE',  ( 0.000000000000000000, 0.000000000000000000, -1.000000000000000000 ) ) ;
#1311 = ORIENTED_EDGE ( 'NONE', *, *, #2698, .T. ) ;
#1312 = ORIENTED_EDGE ( 'NONE', *, *, #1701, .T. ) ;
#1313 = DIRECTION ( 'NONE',  ( 0.000000000000000000, -1.000000000000000000, 0.000000000000000000 ) ) ;
#1314 = EDGE_LOOP ( 'NONE', ( #994, #2298 ) ) ;
#1315 = PLANE ( 'NONE',  #98 ) ;
#1316 = EDGE_CURVE ( 'NONE', #2279, #36, #38, .T. ) ;
#1317 = CARTESIAN_POINT ( 'NONE',  ( 31.00000000000000711, 0.000000000000000000, 14.99999999999999112 ) ) ;
#1318 = DIRECTION ( 'NONE',  ( 0.000000000000000000, 0.000000000000000000, -1.000000000000000000 ) ) ;
#1319 = PRODUCT_CONTEXT ( 'NONE', #1894, 'mechanical' ) ;
#1320 = ORIENTED_EDGE ( 'NONE', *, *, #1243, .F. ) ;
#1321 = DIRECTION ( 'NONE',  ( 0.000000000000000000, 1.000000000000000000, 0.000000000000000000 ) ) ;
#1322 = CARTESIAN_POINT ( 'NONE',  ( 10.09991113822295361, 5.083999999999999631, -12.43199999999999683 ) ) ;
#1323 = DIRECTION ( 'NONE',  ( 0.000000000000000000, -1.000000000000000000, 0.000000000000000000 ) ) ;
#1324 = EDGE_LOOP ( 'NONE', ( #1117, #1385, #2442, #500 ) ) ;
#1325 = ORIENTED_EDGE ( 'NONE', *, *, #1592, .T. ) ;
#1326 = CARTESIAN_POINT ( 'NONE',  ( -10.09991113822295361, 1.949999999999999956, 10.00000000000000000 ) ) ;
#1327 = VERTEX_POINT ( 'NONE', #688 ) ;
#1328 = CARTESIAN_POINT ( 'NONE',  ( 17.40908886177704318, 0.000000000000000000, 12.43199999999998262 ) ) ;
#1329 = AXIS2_PLACEMENT_3D ( 'NONE', #76, #1567, #974 ) ;
#1330 = CARTESIAN_POINT ( 'NONE',  ( 6.938893903907228378E-15, -0.9000000000000000222, -2.936999999999999389 ) ) ;
#1331 = CARTESIAN_POINT ( 'NONE',  ( -1.387778780781445676E-14, 1.949999999999999956, -1.040834085586084257E-14 ) ) ;
#1332 = ORIENTED_EDGE ( 'NONE', *, *, #1179, .T. ) ;
#1333 = EDGE_CURVE ( 'NONE', #1473, #2275, #2354, .T. ) ;
#1334 = CARTESIAN_POINT ( 'NONE',  ( -31.00000000000000000, -0.4000000000000000222, -5.000000000000002665 ) ) ;
#1335 = DIRECTION ( 'NONE',  ( 0.000000000000000000, 0.000000000000000000, -1.000000000000000000 ) ) ;
#1336 = AXIS2_PLACEMENT_3D ( 'NONE', #878, #471, #1982 ) ;
#1337 = CARTESIAN_POINT ( 'NONE',  ( 27.75000000000010658, -3.600000000000000089, 27.74999999999991829 ) ) ;
#1338 = ORIENTED_EDGE ( 'NONE', *, *, #1402, .F. ) ;
#1339 = CARTESIAN_POINT ( 'NONE',  ( -1.000000000000013323, -0.9000000000000000222, 0.000000000000000000 ) ) ;
#1340 = DIRECTION ( 'NONE',  ( 0.000000000000000000, -1.000000000000000000, 0.000000000000000000 ) ) ;
#1341 = VERTEX_POINT ( 'NONE', #1126 ) ;
#1342 = AXIS2_PLACEMENT_3D ( 'NONE', #2711, #1232, #1834 ) ;
#1343 = VECTOR ( 'NONE', #507, 1000.000000000000000 ) ;
#1344 = CARTESIAN_POINT ( 'NONE',  ( 10.62600790513537774, 0.000000000000000000, 9.865999999999997883 ) ) ;
#1345 = DIRECTION ( 'NONE',  ( 0.000000000000000000, 0.000000000000000000, 1.000000000000000000 ) ) ;
#1346 = PRODUCT_DEFINITION_CONTEXT ( 'detailed design', #211, 'design' ) ;
#1347 = ORIENTED_EDGE ( 'NONE', *, *, #1077, .F. ) ;
#1348 = DIRECTION ( 'NONE',  ( 0.000000000000000000, 1.000000000000000000, -0.000000000000000000 ) ) ;
#1349 = CYLINDRICAL_SURFACE ( 'NONE', #2690, 1.650000000000000577 ) ;
#1350 = ADVANCED_FACE ( 'NONE', ( #2370 ), #2533, .F. ) ;
#1351 = EDGE_CURVE ( 'NONE', #2096, #142, #799, .T. ) ;
#1352 = CIRCLE ( 'NONE', #1253, 1.650000000000000577 ) ;
#1353 = FACE_OUTER_BOUND ( 'NONE', #407, .T. ) ;
#1354 = ORIENTED_EDGE ( 'NONE', *, *, #802, .F. ) ;
#1355 = CYLINDRICAL_SURFACE ( 'NONE', #720, 7.650000000000000355 ) ;
#1356 = DIRECTION ( 'NONE',  ( 0.000000000000000000, 0.000000000000000000, 1.000000000000000000 ) ) ;
#1357 = ORIENTED_EDGE ( 'NONE', *, *, #533, .T. ) ;
#1358 = DIRECTION ( 'NONE',  ( -0.000000000000000000, 1.000000000000000000, -0.000000000000000000 ) ) ;
#1359 = FACE_BOUND ( 'NONE', #2017, .T. ) ;
#1360 = ORIENTED_EDGE ( 'NONE', *, *, #1920, .T. ) ;
#1361 = CYLINDRICAL_SURFACE ( 'NONE', #2617, 1.000000000000000888 ) ;
#1362 = DIRECTION ( 'NONE',  ( -0.000000000000000000, 1.000000000000000000, -0.000000000000000000 ) ) ;
#1363 = CARTESIAN_POINT ( 'NONE',  ( -1.387778780781445676E-14, 1.949999999999999956, -1.040834085586084257E-14 ) ) ;
#1364 = EDGE_LOOP ( 'NONE', ( #369, #242, #2257, #1488 ) ) ;
#1365 = DIRECTION ( 'NONE',  ( 0.000000000000000000, 0.000000000000000000, 1.000000000000000000 ) ) ;
#1366 = EDGE_CURVE ( 'NONE', #1475, #2400, #502, .T. ) ;
#1367 = DIRECTION ( 'NONE',  ( 1.000000000000000000, 0.000000000000000000, -5.044817262646572822E-16 ) ) ;
#1368 = CIRCLE ( 'NONE', #1143, 3.625000000000016875 ) ;
#1369 = ORIENTED_EDGE ( 'NONE', *, *, #1534, .F. ) ;
#1370 = EDGE_CURVE ( 'NONE', #1801, #1087, #79, .T. ) ;
#1371 = CARTESIAN_POINT ( 'NONE',  ( -11.60799999999999699, -3.600000000000000089, 0.000000000000000000 ) ) ;
#1372 = CARTESIAN_POINT ( 'NONE',  ( 11.60800000000000409, 1.949999999999999956, -2.843140008900496207E-15 ) ) ;
#1373 = AXIS2_PLACEMENT_3D ( 'NONE', #398, #1205, #1002 ) ;
#1374 = ORIENTED_EDGE ( 'NONE', *, *, #576, .T. ) ;
#1375 = LINE ( 'NONE', #2000, #1181 ) ;
#1376 = CARTESIAN_POINT ( 'NONE',  ( -17.40908886177705028, 5.083999999999999631, -9.865999999999999659 ) ) ;
#1377 = EDGE_CURVE ( 'NONE', #634, #821, #924, .T. ) ;
#1378 = DIRECTION ( 'NONE',  ( -1.000000000000000000, 0.000000000000000000, -0.000000000000000000 ) ) ;
#1379 = ORIENTED_EDGE ( 'NONE', *, *, #1449, .F. ) ;
#1380 = AXIS2_PLACEMENT_3D ( 'NONE', #2055, #1007, #2234 ) ;
#1381 =( LENGTH_UNIT ( ) NAMED_UNIT ( * ) SI_UNIT ( .MILLI., .METRE. ) );
#1382 = DIRECTION ( 'NONE',  ( -0.000000000000000000, -1.000000000000000000, -0.000000000000000000 ) ) ;
#1383 = DIRECTION ( 'NONE',  ( 0.000000000000000000, 0.000000000000000000, 1.000000000000000000 ) ) ;
#1384 = VERTEX_POINT ( 'NONE', #2325 ) ;
#1385 = ORIENTED_EDGE ( 'NONE', *, *, #2074, .T. ) ;
#1386 = EDGE_CURVE ( 'NONE', #1167, #2692, #2600, .T. ) ;
#1387 = EDGE_CURVE ( 'NONE', #841, #116, #2164, .T. ) ;
#1388 = CARTESIAN_POINT ( 'NONE',  ( -33.00000000000000711, -3.600000000000000089, 22.49999999999998579 ) ) ;
#1389 = CARTESIAN_POINT ( 'NONE',  ( -10.50000000000000355, 1.949999999999999956, 10.00000000000000000 ) ) ;
#1390 = VECTOR ( 'NONE', #487, 1000.000000000000114 ) ;
#1391 = EDGE_LOOP ( 'NONE', ( #1500, #449, #475, #1753 ) ) ;
#1392 = DIRECTION ( 'NONE',  ( -0.000000000000000000, 1.000000000000000000, -0.000000000000000000 ) ) ;
#1393 = EDGE_CURVE ( 'NONE', #2003, #1739, #1068, .T. ) ;
#1394 = CARTESIAN_POINT ( 'NONE',  ( 7.061358583821963526E-15, -0.9000000000000000222, 2.936999999999999389 ) ) ;
#1395 = DIRECTION ( 'NONE',  ( 0.000000000000000000, -0.000000000000000000, -1.000000000000000000 ) ) ;
#1396 = ORIENTED_EDGE ( 'NONE', *, *, #2196, .F. ) ;
#1397 = DIRECTION ( 'NONE',  ( -0.000000000000000000, 1.000000000000000000, -0.000000000000000000 ) ) ;
#1398 = CIRCLE ( 'NONE', #207, 1.625000000000003997 ) ;
#1399 = EDGE_LOOP ( 'NONE', ( #1875, #2236, #1396, #2362 ) ) ;
#1400 = VECTOR ( 'NONE', #1147, 1000.000000000000000 ) ;
#1401 = CARTESIAN_POINT ( 'NONE',  ( 6.938893903907228378E-15, 3.103000000000000203, 3.936999999999999389 ) ) ;
#1402 = EDGE_CURVE ( 'NONE', #1962, #133, #458, .T. ) ;
#1403 = DIRECTION ( 'NONE',  ( 1.352083769272655636E-15, 0.000000000000000000, -1.000000000000000000 ) ) ;
#1404 = EDGE_LOOP ( 'NONE', ( #2395, #871, #766, #1657 ) ) ;
#1405 = CARTESIAN_POINT ( 'NONE',  ( 31.00000000000000711, 0.000000000000000000, 14.99999999999999112 ) ) ;
#1406 = DIRECTION ( 'NONE',  ( 0.000000000000000000, 1.000000000000000000, 0.000000000000000000 ) ) ;
#1407 = FACE_OUTER_BOUND ( 'NONE', #1044, .T. ) ;
#1408 = ORIENTED_EDGE ( 'NONE', *, *, #1592, .F. ) ;
#1409 = PLANE ( 'NONE',  #473 ) ;
#1410 = ORIENTED_EDGE ( 'NONE', *, *, #815, .F. ) ;
#1411 = ORIENTED_EDGE ( 'NONE', *, *, #1490, .F. ) ;
#1412 = CONICAL_SURFACE ( 'NONE', #224, 3.624999999999987566, 0.7853981633974473908 ) ;
#1413 = VECTOR ( 'NONE', #2348, 1000.000000000000000 ) ;
#1414 = CYLINDRICAL_SURFACE ( 'NONE', #2364, 0.7500000000000006661 ) ;
#1415 = DIRECTION ( 'NONE',  ( 0.000000000000000000, 0.000000000000000000, -1.000000000000000000 ) ) ;
#1416 = VERTEX_POINT ( 'NONE', #2150 ) ;
#1417 = CARTESIAN_POINT ( 'NONE',  ( 31.00000000000000000, -0.4000000000000000222, -6.625000000000013323 ) ) ;
#1418 = CIRCLE ( 'NONE', #1853, 1.000000000000000000 ) ;
#1419 = AXIS2_PLACEMENT_3D ( 'NONE', #1431, #187, #838 ) ;
#1420 = CARTESIAN_POINT ( 'NONE',  ( 6.938893903907228378E-15, -0.4000000000000000222, -4.686999999999999389 ) ) ;
#1421 = ADVANCED_FACE ( 'NONE', ( #486 ), #1099, .T. ) ;
#1422 = VECTOR ( 'NONE', #1975, 1000.000000000000000 ) ;
#1423 = SURFACE_STYLE_FILL_AREA ( #192 ) ;
#1424 = ORIENTED_EDGE ( 'NONE', *, *, #300, .F. ) ;
#1425 = DIRECTION ( 'NONE',  ( -0.000000000000000000, 1.000000000000000000, -0.000000000000000000 ) ) ;
#1426 = ORIENTED_EDGE ( 'NONE', *, *, #862, .T. ) ;
#1427 = ORIENTED_EDGE ( 'NONE', *, *, #873, .F. ) ;
#1428 = AXIS2_PLACEMENT_3D ( 'NONE', #37, #1951, #1745 ) ;
#1429 = DIRECTION ( 'NONE',  ( -0.000000000000000000, 1.000000000000000000, -0.000000000000000000 ) ) ;
#1430 = DIRECTION ( 'NONE',  ( 0.000000000000000000, 0.000000000000000000, -1.000000000000000000 ) ) ;
#1431 = CARTESIAN_POINT ( 'NONE',  ( -1.387778780781445676E-14, -0.4000000000000000222, -1.040834085586084257E-14 ) ) ;
#1432 = CARTESIAN_POINT ( 'NONE',  ( 6.938893903907228378E-15, -0.9000000000000000222, -3.936999999999999389 ) ) ;
#1433 = ORIENTED_EDGE ( 'NONE', *, *, #654, .T. ) ;
#1434 = CARTESIAN_POINT ( 'NONE',  ( -35.00000000000000711, 0.000000000000000000, -20.50000000000002132 ) ) ;
#1435 = EDGE_CURVE ( 'NONE', #1021, #1066, #277, .T. ) ;
#1436 = AXIS2_PLACEMENT_3D ( 'NONE', #2304, #725, #2375 ) ;
#1437 = ORIENTED_EDGE ( 'NONE', *, *, #496, .F. ) ;
#1438 = VERTEX_POINT ( 'NONE', #1760 ) ;
#1439 = VECTOR ( 'NONE', #483, 1000.000000000000114 ) ;
#1440 = DIRECTION ( 'NONE',  ( -0.000000000000000000, 1.000000000000000000, -0.000000000000000000 ) ) ;
#1441 = FACE_OUTER_BOUND ( 'NONE', #355, .T. ) ;
#1442 = DIRECTION ( 'NONE',  ( 0.000000000000000000, 0.000000000000000000, -1.000000000000000000 ) ) ;
#1443 = DIRECTION ( 'NONE',  ( 0.000000000000000000, 0.000000000000000000, 1.000000000000000000 ) ) ;
#1444 = ORIENTED_EDGE ( 'NONE', *, *, #2396, .F. ) ;
#1445 = AXIS2_PLACEMENT_3D ( 'NONE', #2013, #1194, #2039 ) ;
#1446 = DIRECTION ( 'NONE',  ( -1.000000000000000000, 0.000000000000000000, -4.956352788505163391E-17 ) ) ;
#1447 = EDGE_LOOP ( 'NONE', ( #1424, #1916 ) ) ;
#1448 = ORIENTED_EDGE ( 'NONE', *, *, #2618, .T. ) ;
#1449 = EDGE_CURVE ( 'NONE', #117, #1758, #1819, .T. ) ;
#1450 = DIRECTION ( 'NONE',  ( -1.000000000000000000, 0.000000000000000000, -1.352083769272655636E-15 ) ) ;
#1451 = EDGE_CURVE ( 'NONE', #1341, #2382, #721, .T. ) ;
#1452 = DIRECTION ( 'NONE',  ( 0.000000000000000000, 0.000000000000000000, 1.000000000000000000 ) ) ;
#1453 = CARTESIAN_POINT ( 'NONE',  ( -31.00000000000000711, 0.000000000000000000, 14.99999999999998401 ) ) ;
#1454 = DIRECTION ( 'NONE',  ( 0.000000000000000000, 0.000000000000000000, -1.000000000000000000 ) ) ;
#1455 = PLANE ( 'NONE',  #1166 ) ;
#1456 = ORIENTED_EDGE ( 'NONE', *, *, #679, .F. ) ;
#1457 = CARTESIAN_POINT ( 'NONE',  ( -31.00000000000000000, -1.999999999999986677, -6.625000000000007105 ) ) ;
#1458 = VECTOR ( 'NONE', #2476, 1000.000000000000000 ) ;
#1459 = ORIENTED_EDGE ( 'NONE', *, *, #413, .F. ) ;
#1460 = EDGE_LOOP ( 'NONE', ( #2409, #611 ) ) ;
#1461 = ORIENTED_EDGE ( 'NONE', *, *, #2292, .F. ) ;
#1462 = CARTESIAN_POINT ( 'NONE',  ( 10.49999999999999467, 1.949999999999999956, -10.00000000000000000 ) ) ;
#1463 = EDGE_CURVE ( 'NONE', #2056, #2421, #2026, .T. ) ;
#1464 = DIRECTION ( 'NONE',  ( 0.000000000000000000, -1.000000000000000000, 0.000000000000000000 ) ) ;
#1465 = EDGE_CURVE ( 'NONE', #1764, #1289, #2248, .T. ) ;
#1466 = CARTESIAN_POINT ( 'NONE',  ( 0.9999999999999867883, -0.9000000000000000222, 3.936999999999999389 ) ) ;
#1467 = EDGE_CURVE ( 'NONE', #821, #14, #349, .T. ) ;
#1468 = DIRECTION ( 'NONE',  ( 0.000000000000000000, 0.000000000000000000, -1.000000000000000000 ) ) ;
#1469 = APPLICATION_PROTOCOL_DEFINITION ( 'draft international standard', 'automotive_design', 1998, #211 ) ;
#1470 = EDGE_CURVE ( 'NONE', #1289, #1764, #1368, .T. ) ;
#1471 = FACE_BOUND ( 'NONE', #2530, .T. ) ;
#1472 = AXIS2_PLACEMENT_3D ( 'NONE', #967, #350, #1395 ) ;
#1473 = VERTEX_POINT ( 'NONE', #1807 ) ;
#1474 = AXIS2_PLACEMENT_3D ( 'NONE', #2417, #1811, #2654 ) ;
#1475 = VERTEX_POINT ( 'NONE', #1792 ) ;
#1476 = EDGE_LOOP ( 'NONE', ( #2167, #2663, #1703, #223 ) ) ;
#1477 = CARTESIAN_POINT ( 'NONE',  ( 10.49999999999999467, 1.949999999999999956, -10.00000000000000000 ) ) ;
#1478 = AXIS2_PLACEMENT_3D ( 'NONE', #2710, #2724, #827 ) ;
#1479 = EDGE_CURVE ( 'NONE', #882, #1494, #2649, .T. ) ;
#1480 = DIRECTION ( 'NONE',  ( 8.659560562354931626E-17, 0.7071067811865477948, -0.7071067811865473507 ) ) ;
#1481 = FACE_OUTER_BOUND ( 'NONE', #2054, .T. ) ;
#1482 = ORIENTED_EDGE ( 'NONE', *, *, #1634, .F. ) ;
#1483 = DIRECTION ( 'NONE',  ( 0.000000000000000000, -1.000000000000000000, 0.000000000000000000 ) ) ;
#1484 = DIRECTION ( 'NONE',  ( -1.000000000000000000, 0.000000000000000000, -1.261204315661643205E-16 ) ) ;
#1485 = CARTESIAN_POINT ( 'NONE',  ( -1.387778780781445676E-14, -0.8999999999999998002, -1.040834085586084257E-14 ) ) ;
#1486 = ORIENTED_EDGE ( 'NONE', *, *, #822, .T. ) ;
#1487 = ORIENTED_EDGE ( 'NONE', *, *, #1333, .T. ) ;
#1488 = ORIENTED_EDGE ( 'NONE', *, *, #1535, .T. ) ;
#1489 = CARTESIAN_POINT ( 'NONE',  ( -11.60799999999999699, 1.949999999999999956, -1.650000000000000577 ) ) ;
#1490 = EDGE_CURVE ( 'NONE', #1531, #1066, #1555, .T. ) ;
#1491 = CARTESIAN_POINT ( 'NONE',  ( -17.40908886177704673, 5.083999999999999631, -12.43199999999998262 ) ) ;
#1492 = FACE_OUTER_BOUND ( 'NONE', #2346, .T. ) ;
#1493 = AXIS2_PLACEMENT_3D ( 'NONE', #1746, #2384, #1497 ) ;
#1494 = VERTEX_POINT ( 'NONE', #1599 ) ;
#1495 = AXIS2_PLACEMENT_3D ( 'NONE', #60, #920, #1741 ) ;
#1496 = CARTESIAN_POINT ( 'NONE',  ( 6.938893903907228378E-15, 3.103000000000000203, 3.936999999999999389 ) ) ;
#1497 = DIRECTION ( 'NONE',  ( 0.000000000000000000, -0.000000000000000000, -1.000000000000000000 ) ) ;
#1498 = EDGE_CURVE ( 'NONE', #2262, #1813, #92, .T. ) ;
#1499 = DIRECTION ( 'NONE',  ( 0.000000000000000000, 0.000000000000000000, -1.000000000000000000 ) ) ;
#1500 = ORIENTED_EDGE ( 'NONE', *, *, #2074, .F. ) ;
#1501 = VERTEX_POINT ( 'NONE', #977 ) ;
#1502 = CIRCLE ( 'NONE', #2076, 3.624999999999989342 ) ;
#1503 = VECTOR ( 'NONE', #2694, 1000.000000000000000 ) ;
#1504 = ORIENTED_EDGE ( 'NONE', *, *, #1467, .T. ) ;
#1505 = DIRECTION ( 'NONE',  ( -0.000000000000000000, -1.000000000000000000, -0.000000000000000000 ) ) ;
#1506 = CIRCLE ( 'NONE', #1823, 7.650000000000000355 ) ;
#1507 = DIRECTION ( 'NONE',  ( 0.000000000000000000, 0.000000000000000000, 1.000000000000000000 ) ) ;
#1508 = LINE ( 'NONE', #1079, #960 ) ;
#1509 = APPLICATION_PROTOCOL_DEFINITION ( 'draft international standard', 'automotive_design', 1998, #1894 ) ;
#1510 = ORIENTED_EDGE ( 'NONE', *, *, #2284, .F. ) ;
#1511 = CARTESIAN_POINT ( 'NONE',  ( -11.60799999999999699, 1.949999999999999956, 0.000000000000000000 ) ) ;
#1512 = DIRECTION ( 'NONE',  ( 0.000000000000000000, 1.000000000000000000, 0.000000000000000000 ) ) ;
#1513 = CARTESIAN_POINT ( 'NONE',  ( -31.00000000000000000, -3.600000000000000089, -6.625000000000007105 ) ) ;
#1514 = ORIENTED_EDGE ( 'NONE', *, *, #1675, .T. ) ;
#1515 = ORIENTED_EDGE ( 'NONE', *, *, #1370, .F. ) ;
#1516 = ADVANCED_FACE ( 'NONE', ( #528 ), #1412, .F. ) ;
#1517 = CARTESIAN_POINT ( 'NONE',  ( -11.60799999999999699, 1.449999999999999956, 0.000000000000000000 ) ) ;
#1518 = CIRCLE ( 'NONE', #2268, 0.7500000000000006661 ) ;
#1519 = ORIENTED_EDGE ( 'NONE', *, *, #986, .F. ) ;
#1520 = DIRECTION ( 'NONE',  ( -0.000000000000000000, 1.000000000000000000, -0.000000000000000000 ) ) ;
#1521 = DIRECTION ( 'NONE',  ( 0.000000000000000000, 1.000000000000000000, 0.000000000000000000 ) ) ;
#1522 = FACE_OUTER_BOUND ( 'NONE', #1283, .T. ) ;
#1523 = ORIENTED_EDGE ( 'NONE', *, *, #1465, .F. ) ;
#1524 = AXIS2_PLACEMENT_3D ( 'NONE', #1176, #2419, #961 ) ;
#1525 = DIRECTION ( 'NONE',  ( -0.000000000000000000, 1.000000000000000000, -0.000000000000000000 ) ) ;
#1526 = CARTESIAN_POINT ( 'NONE',  ( 0.000000000000000000, 0.000000000000000000, 10.00000000000000000 ) ) ;
#1527 = DIRECTION ( 'NONE',  ( 1.000000000000000000, 0.000000000000000000, -5.044817262646572822E-16 ) ) ;
#1528 = VERTEX_POINT ( 'NONE', #1182 ) ;
#1529 = EDGE_LOOP ( 'NONE', ( #1835, #1672 ) ) ;
#1530 = CARTESIAN_POINT ( 'NONE',  ( -10.09991113822295361, 0.000000000000000000, 10.00000000000000000 ) ) ;
#1531 = VERTEX_POINT ( 'NONE', #1376 ) ;
#1532 = AXIS2_PLACEMENT_3D ( 'NONE', #800, #2052, #138 ) ;
#1533 = DIRECTION ( 'NONE',  ( 0.000000000000000000, -0.000000000000000000, -1.000000000000000000 ) ) ;
#1534 = EDGE_CURVE ( 'NONE', #368, #2168, #568, .T. ) ;
#1535 = EDGE_CURVE ( 'NONE', #1224, #561, #2380, .T. ) ;
#1536 = CARTESIAN_POINT ( 'NONE',  ( 6.938893903907228378E-15, 3.103000000000000203, -3.936999999999999389 ) ) ;
#1537 = LINE ( 'NONE', #1949, #255 ) ;
#1538 = ORIENTED_EDGE ( 'NONE', *, *, #2044, .T. ) ;
#1539 = FACE_OUTER_BOUND ( 'NONE', #2233, .T. ) ;
#1540 = CARTESIAN_POINT ( 'NONE',  ( -33.00000000000001421, -0.4000000000000000222, -22.50000000000001776 ) ) ;
#1541 = AXIS2_PLACEMENT_3D ( 'NONE', #1677, #1027, #1443 ) ;
#1542 = DIRECTION ( 'NONE',  ( 0.000000000000000000, 0.000000000000000000, 1.000000000000000000 ) ) ;
#1543 = EDGE_LOOP ( 'NONE', ( #67, #2110, #58, #1050 ) ) ;
#1544 = LINE ( 'NONE', #489, #1422 ) ;
#1545 = PLANE ( 'NONE',  #1915 ) ;
#1546 = EDGE_LOOP ( 'NONE', ( #1694, #440, #1988, #833, #587, #656, #2505 ) ) ;
#1547 = VECTOR ( 'NONE', #1480, 1000.000000000000000 ) ;
#1548 = AXIS2_PLACEMENT_3D ( 'NONE', #1401, #2645, #563 ) ;
#1549 = AXIS2_PLACEMENT_3D ( 'NONE', #476, #1781, #324 ) ;
#1550 = DIRECTION ( 'NONE',  ( -0.000000000000000000, -1.000000000000000000, -0.000000000000000000 ) ) ;
#1551 = EDGE_CURVE ( 'NONE', #2639, #197, #555, .T. ) ;
#1552 = LINE ( 'NONE', #949, #2188 ) ;
#1553 = ORIENTED_EDGE ( 'NONE', *, *, #860, .T. ) ;
#1554 = CYLINDRICAL_SURFACE ( 'NONE', #1336, 1.625000000000003997 ) ;
#1555 = LINE ( 'NONE', #759, #1713 ) ;
#1556 = AXIS2_PLACEMENT_3D ( 'NONE', #1125, #2397, #78 ) ;
#1557 = ADVANCED_FACE ( 'NONE', ( #515 ), #1349, .F. ) ;
#1558 = CARTESIAN_POINT ( 'NONE',  ( -11.60799999999999699, 1.449999999999999956, 0.000000000000000000 ) ) ;
#1559 = ORIENTED_EDGE ( 'NONE', *, *, #616, .F. ) ;
#1560 = VERTEX_POINT ( 'NONE', #1983 ) ;
#1561 = CARTESIAN_POINT ( 'NONE',  ( -31.00000000000000711, 0.000000000000000000, 11.37499999999999645 ) ) ;
#1562 = PRODUCT ( 'Twist lock radio part V3', 'Twist lock radio part V3', '', ( #1319 ) ) ;
#1563 = ORIENTED_EDGE ( 'NONE', *, *, #203, .T. ) ;
#1564 = CIRCLE ( 'NONE', #512, 14.50000000000000000 ) ;
#1565 = CIRCLE ( 'NONE', #292, 1.650000000000000577 ) ;
#1566 = DIRECTION ( 'NONE',  ( 0.000000000000000000, 0.000000000000000000, 1.000000000000000000 ) ) ;
#1567 = DIRECTION ( 'NONE',  ( 0.000000000000000000, 1.000000000000000000, 0.000000000000000000 ) ) ;
#1568 = EDGE_CURVE ( 'NONE', #2421, #128, #1138, .T. ) ;
#1569 = ORIENTED_EDGE ( 'NONE', *, *, #2272, .F. ) ;
#1570 = DIRECTION ( 'NONE',  ( 0.000000000000000000, 0.000000000000000000, -1.000000000000000000 ) ) ;
#1571 = DIRECTION ( 'NONE',  ( 0.000000000000000000, 0.000000000000000000, -1.000000000000000000 ) ) ;
#1572 = CIRCLE ( 'NONE', #2585, 1.650000000000000577 ) ;
#1573 = CARTESIAN_POINT ( 'NONE',  ( -10.62600790513542393, 1.949999999999999956, -9.865999999999996106 ) ) ;
#1574 = ORIENTED_EDGE ( 'NONE', *, *, #897, .T. ) ;
#1575 = ORIENTED_EDGE ( 'NONE', *, *, #204, .F. ) ;
#1576 = CARTESIAN_POINT ( 'NONE',  ( -31.00000000000000711, -1.999999999999986677, 14.99999999999998401 ) ) ;
#1577 = EDGE_LOOP ( 'NONE', ( #843, #1237, #484, #107 ) ) ;
#1578 = CYLINDRICAL_SURFACE ( 'NONE', #2099, 1.000000000000000000 ) ;
#1579 = DIRECTION ( 'NONE',  ( 0.000000000000000000, -0.000000000000000000, -1.000000000000000000 ) ) ;
#1580 = EDGE_CURVE ( 'NONE', #681, #2575, #941, .T. ) ;
#1581 = EDGE_LOOP ( 'NONE', ( #566, #435, #1070, #1510 ) ) ;
#1582 = CARTESIAN_POINT ( 'NONE',  ( 31.00000000000000711, -3.600000000000000089, 14.99999999999999112 ) ) ;
#1583 = CARTESIAN_POINT ( 'NONE',  ( 31.00000000000000000, 0.000000000000000000, -5.000000000000009770 ) ) ;
#1584 = DIRECTION ( 'NONE',  ( 0.000000000000000000, -1.000000000000000000, 0.000000000000000000 ) ) ;
#1585 = VERTEX_POINT ( 'NONE', #2411 ) ;
#1586 = DIRECTION ( 'NONE',  ( 0.000000000000000000, -1.000000000000000000, 0.000000000000000000 ) ) ;
#1587 = FACE_OUTER_BOUND ( 'NONE', #283, .T. ) ;
#1588 = EDGE_CURVE ( 'NONE', #295, #36, #2032, .T. ) ;
#1589 = CARTESIAN_POINT ( 'NONE',  ( -31.00000000000000000, 0.000000000000000000, -5.000000000000002665 ) ) ;
#1590 = EDGE_CURVE ( 'NONE', #2421, #2498, #1984, .T. ) ;
#1591 = ORIENTED_EDGE ( 'NONE', *, *, #2339, .F. ) ;
#1592 = EDGE_CURVE ( 'NONE', #572, #1682, #1935, .T. ) ;
#1593 = CARTESIAN_POINT ( 'NONE',  ( 11.60800000000000409, 1.449999999999999956, -2.843140008900496207E-15 ) ) ;
#1594 = LINE ( 'NONE', #1389, #625 ) ;
#1595 = AXIS2_PLACEMENT_3D ( 'NONE', #934, #2662, #1579 ) ;
#1596 = VECTOR ( 'NONE', #1440, 1000.000000000000000 ) ;
#1597 = ORIENTED_EDGE ( 'NONE', *, *, #1634, .T. ) ;
#1598 = CARTESIAN_POINT ( 'NONE',  ( -31.00000000000000000, 0.000000000000000000, -1.375000000000013323 ) ) ;
#1599 = CARTESIAN_POINT ( 'NONE',  ( 7.061358583821963526E-15, -0.3999999999999999667, 2.936999999999999389 ) ) ;
#1600 = CARTESIAN_POINT ( 'NONE',  ( -1.387778780781445676E-14, 3.103000000000000203, -7.650000000000011013 ) ) ;
#1601 = ORIENTED_EDGE ( 'NONE', *, *, #1281, .T. ) ;
#1602 = FACE_OUTER_BOUND ( 'NONE', #2567, .T. ) ;
#1603 = FACE_OUTER_BOUND ( 'NONE', #31, .T. ) ;
#1604 = ADVANCED_FACE ( 'NONE', ( #1208, #429 ), #1662, .T. ) ;
#1605 = ORIENTED_EDGE ( 'NONE', *, *, #616, .T. ) ;
#1606 = FACE_OUTER_BOUND ( 'NONE', #2266, .T. ) ;
#1607 = CIRCLE ( 'NONE', #2626, 6.403999999999999915 ) ;
#1608 = CARTESIAN_POINT ( 'NONE',  ( 17.40908886177704318, 5.083999999999999631, 12.43199999999998262 ) ) ;
#1609 = MECHANICAL_DESIGN_GEOMETRIC_PRESENTATION_REPRESENTATION (  '', ( #199 ), #234 ) ;
#1610 = ORIENTED_EDGE ( 'NONE', *, *, #2048, .T. ) ;
#1611 = CARTESIAN_POINT ( 'NONE',  ( -1.387778780781445676E-14, -3.600000000000000089, -1.040834085586084257E-14 ) ) ;
#1612 = DIRECTION ( 'NONE',  ( -0.000000000000000000, 1.000000000000000000, -0.000000000000000000 ) ) ;
#1613 = LINE ( 'NONE', #401, #244 ) ;
#1614 = ORIENTED_EDGE ( 'NONE', *, *, #783, .F. ) ;
#1615 = FACE_OUTER_BOUND ( 'NONE', #892, .T. ) ;
#1616 = AXIS2_PLACEMENT_3D ( 'NONE', #2700, #1256, #1454 ) ;
#1617 = EDGE_LOOP ( 'NONE', ( #460, #2329 ) ) ;
#1618 = ORIENTED_EDGE ( 'NONE', *, *, #1588, .T. ) ;
#1619 = AXIS2_PLACEMENT_3D ( 'NONE', #344, #313, #742 ) ;
#1620 = LINE ( 'NONE', #1388, #1970 ) ;
#1621 = CARTESIAN_POINT ( 'NONE',  ( -10.62600790513542215, 1.949999999999999956, -9.865999999999999659 ) ) ;
#1622 = ORIENTED_EDGE ( 'NONE', *, *, #2272, .T. ) ;
#1623 = CARTESIAN_POINT ( 'NONE',  ( -1.387778780781445676E-14, -0.9000000000000000222, -1.040834085586084257E-14 ) ) ;
#1624 = CARTESIAN_POINT ( 'NONE',  ( 11.60800000000000409, 1.449999999999999956, -2.843140008900496207E-15 ) ) ;
#1625 = LINE ( 'NONE', #1210, #156 ) ;
#1626 = VERTEX_POINT ( 'NONE', #2467 ) ;
#1627 = CARTESIAN_POINT ( 'NONE',  ( -11.60799999999999699, 1.449999999999999956, 0.000000000000000000 ) ) ;
#1628 = ORIENTED_EDGE ( 'NONE', *, *, #1774, .F. ) ;
#1629 = VERTEX_POINT ( 'NONE', #2286 ) ;
#1630 = VECTOR ( 'NONE', #1309, 1000.000000000000000 ) ;
#1631 = AXIS2_PLACEMENT_3D ( 'NONE', #2186, #1922, #1933 ) ;
#1632 = DIRECTION ( 'NONE',  ( -1.352083769272655636E-15, 0.000000000000000000, 1.000000000000000000 ) ) ;
#1633 = DIRECTION ( 'NONE',  ( 0.000000000000000000, -1.000000000000000000, 0.000000000000000000 ) ) ;
#1634 = EDGE_CURVE ( 'NONE', #197, #1086, #2470, .T. ) ;
#1635 = DIRECTION ( 'NONE',  ( 0.000000000000000000, -1.000000000000000000, 0.000000000000000000 ) ) ;
#1636 = VECTOR ( 'NONE', #88, 1000.000000000000000 ) ;
#1637 = CIRCLE ( 'NONE', #807, 1.625000000000003997 ) ;
#1638 = DIRECTION ( 'NONE',  ( 0.000000000000000000, -1.000000000000000000, 0.000000000000000000 ) ) ;
#1639 = VECTOR ( 'NONE', #450, 1000.000000000000000 ) ;
#1640 = AXIS2_PLACEMENT_3D ( 'NONE', #2595, #97, #1141 ) ;
#1641 = SURFACE_SIDE_STYLE ('',( #1423 ) ) ;
#1642 = ORIENTED_EDGE ( 'NONE', *, *, #1986, .F. ) ;
#1643 = CARTESIAN_POINT ( 'NONE',  ( -11.60799999999999699, 1.949999999999999956, 0.000000000000000000 ) ) ;
#1644 = AXIS2_PLACEMENT_3D ( 'NONE', #1691, #2532, #236 ) ;
#1645 = ORIENTED_EDGE ( 'NONE', *, *, #1535, .F. ) ;
#1646 = ORIENTED_EDGE ( 'NONE', *, *, #2653, .F. ) ;
#1647 = DIRECTION ( 'NONE',  ( 0.000000000000000000, 0.000000000000000000, 1.000000000000000000 ) ) ;
#1648 = DIRECTION ( 'NONE',  ( 0.000000000000000000, 1.000000000000000000, 0.000000000000000000 ) ) ;
#1649 = CARTESIAN_POINT ( 'NONE',  ( -1.387778780781445676E-14, 1.949999999999999956, -1.040834085586084257E-14 ) ) ;
#1650 = CYLINDRICAL_SURFACE ( 'NONE', #1478, 1.625000000000003109 ) ;
#1651 = EDGE_CURVE ( 'NONE', #855, #2639, #2731, .T. ) ;
#1652 = VECTOR ( 'NONE', #2680, 1000.000000000000000 ) ;
#1653 = DIRECTION ( 'NONE',  ( 0.000000000000000000, 0.000000000000000000, -1.000000000000000000 ) ) ;
#1654 = EDGE_LOOP ( 'NONE', ( #557, #2510 ) ) ;
#1655 = CARTESIAN_POINT ( 'NONE',  ( 31.00000000000000000, -0.4000000000000000222, -3.375000000000005773 ) ) ;
#1656 = EDGE_CURVE ( 'NONE', #1086, #855, #630, .T. ) ;
#1657 = ORIENTED_EDGE ( 'NONE', *, *, #191, .T. ) ;
#1658 = ORIENTED_EDGE ( 'NONE', *, *, #1498, .F. ) ;
#1659 = LINE ( 'NONE', #2499, #1151 ) ;
#1660 = CYLINDRICAL_SURFACE ( 'NONE', #1768, 2.100000000000000533 ) ;
#1661 = DIRECTION ( 'NONE',  ( 0.000000000000000000, 0.000000000000000000, -1.000000000000000000 ) ) ;
#1662 = PLANE ( 'NONE',  #491 ) ;
#1663 = CARTESIAN_POINT ( 'NONE',  ( -1.000000000000013323, -0.9000000000000000222, 0.000000000000000000 ) ) ;
#1664 = ORIENTED_EDGE ( 'NONE', *, *, #598, .F. ) ;
#1665 = AXIS2_PLACEMENT_3D ( 'NONE', #1806, #2685, #2648 ) ;
#1666 = CARTESIAN_POINT ( 'NONE',  ( 0.000000000000000000, 3.103000000000000203, 0.000000000000000000 ) ) ;
#1667 = ORIENTED_EDGE ( 'NONE', *, *, #1986, .T. ) ;
#1668 = EDGE_CURVE ( 'NONE', #1017, #1211, #2408, .T. ) ;
#1669 = ORIENTED_EDGE ( 'NONE', *, *, #2260, .F. ) ;
#1670 = EDGE_CURVE ( 'NONE', #2033, #222, #1572, .T. ) ;
#1671 = ADVANCED_FACE ( 'NONE', ( #2063 ), #1015, .F. ) ;
#1672 = ORIENTED_EDGE ( 'NONE', *, *, #897, .F. ) ;
#1673 = CARTESIAN_POINT ( 'NONE',  ( 34.99999999999999289, -3.600000000000000089, 20.49999999999997513 ) ) ;
#1674 = DIRECTION ( 'NONE',  ( 0.000000000000000000, 0.000000000000000000, 1.000000000000000000 ) ) ;
#1675 = EDGE_CURVE ( 'NONE', #2373, #2716, #2454, .T. ) ;
#1676 = DIRECTION ( 'NONE',  ( 0.000000000000000000, 0.000000000000000000, -1.000000000000000000 ) ) ;
#1677 = CARTESIAN_POINT ( 'NONE',  ( -16.40908886177704318, 5.083999999999999631, -11.43199999999998440 ) ) ;
#1678 = PRESENTATION_STYLE_ASSIGNMENT (( #2482 ) ) ;
#1679 = ORIENTED_EDGE ( 'NONE', *, *, #1164, .T. ) ;
#1680 = DIRECTION ( 'NONE',  ( 0.000000000000000000, 1.000000000000000000, -0.000000000000000000 ) ) ;
#1681 = AXIS2_PLACEMENT_3D ( 'NONE', #1371, #1162, #1803 ) ;
#1682 = VERTEX_POINT ( 'NONE', #1420 ) ;
#1683 = ORIENTED_EDGE ( 'NONE', *, *, #2367, .T. ) ;
#1684 = EDGE_CURVE ( 'NONE', #2692, #2180, #400, .T. ) ;
#1685 = EDGE_LOOP ( 'NONE', ( #2634, #1667, #2676, #1097, #1045, #1233 ) ) ;
#1686 = CYLINDRICAL_SURFACE ( 'NONE', #845, 1.625000000000003997 ) ;
#1687 = AXIS2_PLACEMENT_3D ( 'NONE', #50, #1730, #1003 ) ;
#1688 = DIRECTION ( 'NONE',  ( -0.000000000000000000, 1.000000000000000000, -0.000000000000000000 ) ) ;
#1689 = DIRECTION ( 'NONE',  ( 1.000000000000000000, 0.000000000000000000, 0.000000000000000000 ) ) ;
#1690 = ORIENTED_EDGE ( 'NONE', *, *, #321, .T. ) ;
#1691 = CARTESIAN_POINT ( 'NONE',  ( 6.938893903907228378E-15, -0.9000000000000000222, 3.936999999999999389 ) ) ;
#1692 = VECTOR ( 'NONE', #1069, 1000.000000000000114 ) ;
#1693 = PLANE ( 'NONE',  #1912 ) ;
#1694 = ORIENTED_EDGE ( 'NONE', *, *, #1580, .F. ) ;
#1695 = AXIS2_PLACEMENT_3D ( 'NONE', #1517, #917, #1750 ) ;
#1696 = VERTEX_POINT ( 'NONE', #814 ) ;
#1697 = VERTEX_POINT ( 'NONE', #2679 ) ;
#1698 = DIRECTION ( 'NONE',  ( 0.000000000000000000, -1.000000000000000000, 0.000000000000000000 ) ) ;
#1699 = AXIS2_PLACEMENT_3D ( 'NONE', #2556, #260, #700 ) ;
#1700 = DIRECTION ( 'NONE',  ( 0.000000000000000000, 0.000000000000000000, -1.000000000000000000 ) ) ;
#1701 = EDGE_CURVE ( 'NONE', #2148, #2620, #791, .T. ) ;
#1702 = DIRECTION ( 'NONE',  ( 0.000000000000000000, 0.000000000000000000, 1.000000000000000000 ) ) ;
#1703 = ORIENTED_EDGE ( 'NONE', *, *, #291, .T. ) ;
#1704 = FACE_OUTER_BOUND ( 'NONE', #2418, .T. ) ;
#1705 = FACE_OUTER_BOUND ( 'NONE', #1529, .T. ) ;
#1706 = LINE ( 'NONE', #2107, #996 ) ;
#1707 = ORIENTED_EDGE ( 'NONE', *, *, #680, .F. ) ;
#1708 = EDGE_LOOP ( 'NONE', ( #1844, #1295, #765, #82 ) ) ;
#1709 = ORIENTED_EDGE ( 'NONE', *, *, #1684, .T. ) ;
#1710 = CYLINDRICAL_SURFACE ( 'NONE', #1238, 1.000000000000000000 ) ;
#1711 = DIRECTION ( 'NONE',  ( 0.000000000000000000, -1.000000000000000000, 0.000000000000000000 ) ) ;
#1712 = DIRECTION ( 'NONE',  ( 0.000000000000000000, 0.000000000000000000, -1.000000000000000000 ) ) ;
#1713 = VECTOR ( 'NONE', #2665, 1000.000000000000000 ) ;
#1714 = EDGE_CURVE ( 'NONE', #885, #54, #1352, .T. ) ;
#1715 = ORIENTED_EDGE ( 'NONE', *, *, #2045, .T. ) ;
#1716 = DIRECTION ( 'NONE',  ( -1.000000000000000000, 0.000000000000000000, -9.912705577010326782E-17 ) ) ;
#1717 = CARTESIAN_POINT ( 'NONE',  ( -1.387778780781445676E-14, -0.8999999999999998002, -1.040834085586084257E-14 ) ) ;
#1718 = DIRECTION ( 'NONE',  ( 0.000000000000000000, -1.000000000000000000, 0.000000000000000000 ) ) ;
#1719 = VERTEX_POINT ( 'NONE', #606 ) ;
#1720 = ORIENTED_EDGE ( 'NONE', *, *, #2057, .T. ) ;
#1721 = AXIS2_PLACEMENT_3D ( 'NONE', #2215, #136, #2199 ) ;
#1722 = DIRECTION ( 'NONE',  ( 0.000000000000000000, -1.000000000000000000, 0.000000000000000000 ) ) ;
#1723 = VECTOR ( 'NONE', #872, 1000.000000000000000 ) ;
#1724 = ORIENTED_EDGE ( 'NONE', *, *, #1161, .T. ) ;
#1725 = CARTESIAN_POINT ( 'NONE',  ( -33.00000000000000711, -3.600000000000000089, 22.49999999999998579 ) ) ;
#1726 = AXIS2_PLACEMENT_3D ( 'NONE', #1496, #208, #1886 ) ;
#1727 = CARTESIAN_POINT ( 'NONE',  ( -17.40908886177704673, 5.083999999999999631, -12.43199999999998262 ) ) ;
#1728 = DIRECTION ( 'NONE',  ( -0.000000000000000000, 1.000000000000000000, -0.000000000000000000 ) ) ;
#1729 = ORIENTED_EDGE ( 'NONE', *, *, #1012, .F. ) ;
#1730 = DIRECTION ( 'NONE',  ( 0.000000000000000000, -1.000000000000000000, 0.000000000000000000 ) ) ;
#1731 = DIRECTION ( 'NONE',  ( 0.000000000000000000, -0.000000000000000000, -1.000000000000000000 ) ) ;
#1732 = LINE ( 'NONE', #2356, #2184 ) ;
#1733 = ORIENTED_EDGE ( 'NONE', *, *, #1774, .T. ) ;
#1734 = DIRECTION ( 'NONE',  ( -0.000000000000000000, 0.000000000000000000, 1.000000000000000000 ) ) ;
#1735 = DIRECTION ( 'NONE',  ( 0.000000000000000000, -1.000000000000000000, 0.000000000000000000 ) ) ;
#1736 = EDGE_CURVE ( 'NONE', #757, #2373, #2686, .T. ) ;
#1737 = ADVANCED_FACE ( 'NONE', ( #2480 ), #1650, .F. ) ;
#1738 = CIRCLE ( 'NONE', #1209, 7.650000000000000355 ) ;
#1739 = VERTEX_POINT ( 'NONE', #839 ) ;
#1740 = CARTESIAN_POINT ( 'NONE',  ( -10.09991113822295361, 1.949999999999999956, 0.000000000000000000 ) ) ;
#1741 = DIRECTION ( 'NONE',  ( 1.000000000000000000, 0.000000000000000000, -3.783612946984929863E-16 ) ) ;
#1742 = CARTESIAN_POINT ( 'NONE',  ( -9.099911138222951834, 0.000000000000000000, 12.43199999999999328 ) ) ;
#1743 = EDGE_LOOP ( 'NONE', ( #2142, #1642, #731, #1270 ) ) ;
#1744 = AXIS2_PLACEMENT_3D ( 'NONE', #2661, #1204, #2448 ) ;
#1745 = DIRECTION ( 'NONE',  ( 0.000000000000000000, 0.000000000000000000, 1.000000000000000000 ) ) ;
#1746 = CARTESIAN_POINT ( 'NONE',  ( 0.000000000000000000, -0.4000000000000000222, 0.000000000000000000 ) ) ;
#1747 = DIRECTION ( 'NONE',  ( 0.000000000000000000, 0.000000000000000000, -1.000000000000000000 ) ) ;
#1748 = ORIENTED_EDGE ( 'NONE', *, *, #170, .F. ) ;
#1749 = CARTESIAN_POINT ( 'NONE',  ( 31.00000000000000711, 0.000000000000000000, 14.99999999999999112 ) ) ;
#1750 = DIRECTION ( 'NONE',  ( 0.000000000000000000, 0.000000000000000000, 1.000000000000000000 ) ) ;
#1751 = EDGE_CURVE ( 'NONE', #2523, #137, #2273, .T. ) ;
#1752 = EDGE_CURVE ( 'NONE', #2241, #1251, #73, .T. ) ;
#1753 = ORIENTED_EDGE ( 'NONE', *, *, #2455, .F. ) ;
#1754 = CARTESIAN_POINT ( 'NONE',  ( -1.387778780781445676E-14, 3.103000000000000203, -7.650000000000011013 ) ) ;
#1755 = DIRECTION ( 'NONE',  ( 1.352083769272655636E-15, 0.000000000000000000, -1.000000000000000000 ) ) ;
#1756 = UNCERTAINTY_MEASURE_WITH_UNIT (LENGTH_MEASURE( 1.000000000000000082E-05 ), #2725, 'distance_accuracy_value', 'NONE');
#1757 = EDGE_CURVE ( 'NONE', #643, #2498, #1508, .T. ) ;
#1758 = VERTEX_POINT ( 'NONE', #1742 ) ;
#1759 = DIRECTION ( 'NONE',  ( 9.912705577010326782E-17, 0.000000000000000000, -1.000000000000000000 ) ) ;
#1760 = CARTESIAN_POINT ( 'NONE',  ( 31.00000000000000711, 0.000000000000000000, 11.37500000000000355 ) ) ;
#1761 = VECTOR ( 'NONE', #773, 1000.000000000000000 ) ;
#1762 = CIRCLE ( 'NONE', #2113, 3.624999999999987566 ) ;
#1763 = FACE_BOUND ( 'NONE', #2315, .T. ) ;
#1764 = VERTEX_POINT ( 'NONE', #2321 ) ;
#1765 = CARTESIAN_POINT ( 'NONE',  ( -1.375532312789972161E-14, -0.3999999999999999667, -1.000000000000010436 ) ) ;
#1766 = CYLINDRICAL_SURFACE ( 'NONE', #1695, 1.650000000000000577 ) ;
#1767 = ORIENTED_EDGE ( 'NONE', *, *, #1651, .T. ) ;
#1768 = AXIS2_PLACEMENT_3D ( 'NONE', #837, #2708, #824 ) ;
#1769 = VECTOR ( 'NONE', #1852, 1000.000000000000000 ) ;
#1770 = ADVANCED_FACE ( 'NONE', ( #2333 ), #2542, .F. ) ;
#1771 = CIRCLE ( 'NONE', #1549, 1.000000000000000888 ) ;
#1772 = DIRECTION ( 'NONE',  ( 0.000000000000000000, 0.000000000000000000, -1.000000000000000000 ) ) ;
#1773 = DIRECTION ( 'NONE',  ( 0.000000000000000000, 0.000000000000000000, 1.000000000000000000 ) ) ;
#1774 = EDGE_CURVE ( 'NONE', #1501, #117, #1035, .T. ) ;
#1775 = ORIENTED_EDGE ( 'NONE', *, *, #2564, .T. ) ;
#1776 = FACE_OUTER_BOUND ( 'NONE', #635, .T. ) ;
#1777 = CARTESIAN_POINT ( 'NONE',  ( -1.000000000000013323, -0.9000000000000000222, 0.000000000000000000 ) ) ;
#1778 = CIRCLE ( 'NONE', #631, 1.650000000000000577 ) ;
#1779 = DIRECTION ( 'NONE',  ( 0.7071067811865487940, 0.000000000000000000, 0.7071067811865463515 ) ) ;
#1780 = EDGE_LOOP ( 'NONE', ( #1437, #980, #1724, #1408 ) ) ;
#1781 = DIRECTION ( 'NONE',  ( 0.000000000000000000, -1.000000000000000000, 0.000000000000000000 ) ) ;
#1782 = CARTESIAN_POINT ( 'NONE',  ( 16.40908886177703963, 0.000000000000000000, 11.43199999999998440 ) ) ;
#1783 = ORIENTED_EDGE ( 'NONE', *, *, #278, .T. ) ;
#1784 = VECTOR ( 'NONE', #1527, 1000.000000000000000 ) ;
#1785 = AXIS2_PLACEMENT_3D ( 'NONE', #2359, #1944, #297 ) ;
#1786 = CARTESIAN_POINT ( 'NONE',  ( 9.099911138222951834, 0.000000000000000000, -12.43199999999999683 ) ) ;
#1787 = FACE_OUTER_BOUND ( 'NONE', #1581, .T. ) ;
#1788 = EDGE_CURVE ( 'NONE', #649, #670, #233, .T. ) ;
#1789 = ORIENTED_EDGE ( 'NONE', *, *, #2481, .F. ) ;
#1790 = EDGE_CURVE ( 'NONE', #2126, #1719, #2537, .T. ) ;
#1791 = DIRECTION ( 'NONE',  ( 0.000000000000000000, 0.000000000000000000, 1.000000000000000000 ) ) ;
#1792 = CARTESIAN_POINT ( 'NONE',  ( 17.40908886177704673, 5.083999999999999631, 9.865999999999997883 ) ) ;
#1793 = CIRCLE ( 'NONE', #1307, 1.625000000000003109 ) ;
#1794 = DIRECTION ( 'NONE',  ( 1.000000000000000000, -0.000000000000000000, 0.000000000000000000 ) ) ;
#1795 = ORIENTED_EDGE ( 'NONE', *, *, #1366, .T. ) ;
#1796 = SURFACE_STYLE_FILL_AREA ( #597 ) ;
#1797 = DIRECTION ( 'NONE',  ( 0.000000000000000000, 0.000000000000000000, 1.000000000000000000 ) ) ;
#1798 = CARTESIAN_POINT ( 'NONE',  ( -1.387778780781445676E-14, 3.103000000000000203, -0.7500000000000111022 ) ) ;
#1799 = ADVANCED_FACE ( 'NONE', ( #669 ), #439, .F. ) ;
#1800 = ORIENTED_EDGE ( 'NONE', *, *, #481, .T. ) ;
#1801 = VERTEX_POINT ( 'NONE', #2366 ) ;
#1802 = CIRCLE ( 'NONE', #1150, 1.625000000000003109 ) ;
#1803 = DIRECTION ( 'NONE',  ( 0.000000000000000000, 0.000000000000000000, -1.000000000000000000 ) ) ;
#1804 = FACE_OUTER_BOUND ( 'NONE', #2376, .T. ) ;
#1805 = ORIENTED_EDGE ( 'NONE', *, *, #612, .T. ) ;
#1806 = CARTESIAN_POINT ( 'NONE',  ( 0.000000000000000000, 1.949999999999999956, -10.00000000000000000 ) ) ;
#1807 = CARTESIAN_POINT ( 'NONE',  ( -10.50000000000000355, 0.000000000000000000, 10.00000000000000000 ) ) ;
#1808 = EDGE_CURVE ( 'NONE', #1416, #1991, #2496, .T. ) ;
#1809 = CARTESIAN_POINT ( 'NONE',  ( 33.00000000000000000, 0.000000000000000000, -22.50000000000001066 ) ) ;
#1810 = ORIENTED_EDGE ( 'NONE', *, *, #997, .T. ) ;
#1811 = DIRECTION ( 'NONE',  ( 0.000000000000000000, -1.000000000000000000, 0.000000000000000000 ) ) ;
#1812 = EDGE_LOOP ( 'NONE', ( #2038, #2651, #1981, #2086 ) ) ;
#1813 = VERTEX_POINT ( 'NONE', #47 ) ;
#1814 = DIRECTION ( 'NONE',  ( 0.000000000000000000, 0.000000000000000000, 1.000000000000000000 ) ) ;
#1815 = FACE_BOUND ( 'NONE', #2029, .T. ) ;
#1816 = AXIS2_PLACEMENT_3D ( 'NONE', #1228, #160, #1452 ) ;
#1817 = ORIENTED_EDGE ( 'NONE', *, *, #2344, .T. ) ;
#1818 = CARTESIAN_POINT ( 'NONE',  ( 11.60800000000000409, -3.600000000000000089, -2.843140008900496207E-15 ) ) ;
#1819 = LINE ( 'NONE', #109, #1892 ) ;
#1820 = DIRECTION ( 'NONE',  ( 0.000000000000000000, 0.000000000000000000, 1.000000000000000000 ) ) ;
#1821 = ORIENTED_EDGE ( 'NONE', *, *, #1470, .T. ) ;
#1822 = DIRECTION ( 'NONE',  ( 0.000000000000000000, -1.000000000000000000, 0.000000000000000000 ) ) ;
#1823 = AXIS2_PLACEMENT_3D ( 'NONE', #687, #1348, #2369 ) ;
#1824 = ORIENTED_EDGE ( 'NONE', *, *, #2545, .T. ) ;
#1825 = EDGE_CURVE ( 'NONE', #1626, #323, #2632, .T. ) ;
#1826 = ADVANCED_FACE ( 'NONE', ( #1522 ), #272, .F. ) ;
#1827 = DIRECTION ( 'NONE',  ( -0.000000000000000000, 1.000000000000000000, -0.000000000000000000 ) ) ;
#1828 = CONICAL_SURFACE ( 'NONE', #2355, 3.624999999999989342, 0.7853981633974479459 ) ;
#1829 = CARTESIAN_POINT ( 'NONE',  ( -17.40908886177705028, 5.083999999999999631, -9.865999999999999659 ) ) ;
#1830 = AXIS2_PLACEMENT_3D ( 'NONE', #1589, #2565, #675 ) ;
#1831 = ORIENTED_EDGE ( 'NONE', *, *, #2160, .T. ) ;
#1832 = PLANE ( 'NONE',  #2371 ) ;
#1833 = CARTESIAN_POINT ( 'NONE',  ( 6.938893903907228378E-15, -0.4000000000000000222, -3.936999999999999389 ) ) ;
#1834 = DIRECTION ( 'NONE',  ( 0.000000000000000000, 0.000000000000000000, 1.000000000000000000 ) ) ;
#1835 = ORIENTED_EDGE ( 'NONE', *, *, #1588, .F. ) ;
#1836 = DIRECTION ( 'NONE',  ( 0.000000000000000000, 0.000000000000000000, -1.000000000000000000 ) ) ;
#1837 = AXIS2_PLACEMENT_3D ( 'NONE', #2349, #2381, #9 ) ;
#1838 = ORIENTED_EDGE ( 'NONE', *, *, #2732, .F. ) ;
#1839 = EDGE_CURVE ( 'NONE', #206, #1042, #1537, .T. ) ;
#1840 = DIRECTION ( 'NONE',  ( -0.000000000000000000, 1.000000000000000000, -0.000000000000000000 ) ) ;
#1841 = LINE ( 'NONE', #200, #2606 ) ;
#1842 = DIRECTION ( 'NONE',  ( 0.000000000000000000, -0.000000000000000000, -1.000000000000000000 ) ) ;
#1843 = DIRECTION ( 'NONE',  ( -0.000000000000000000, 0.000000000000000000, 1.000000000000000000 ) ) ;
#1844 = ORIENTED_EDGE ( 'NONE', *, *, #1887, .F. ) ;
#1845 = FACE_OUTER_BOUND ( 'NONE', #1543, .T. ) ;
#1846 = ORIENTED_EDGE ( 'NONE', *, *, #30, .F. ) ;
#1847 = ORIENTED_EDGE ( 'NONE', *, *, #2127, .F. ) ;
#1848 = AXIS2_PLACEMENT_3D ( 'NONE', #442, #2577, #264 ) ;
#1849 = DIRECTION ( 'NONE',  ( 0.000000000000000000, 0.000000000000000000, -1.000000000000000000 ) ) ;
#1850 = EDGE_CURVE ( 'NONE', #1813, #133, #1793, .T. ) ;
#1851 = CARTESIAN_POINT ( 'NONE',  ( 11.60800000000000409, 1.449999999999999956, 1.649999999999997913 ) ) ;
#1852 = DIRECTION ( 'NONE',  ( -0.000000000000000000, 1.000000000000000000, -0.000000000000000000 ) ) ;
#1853 = AXIS2_PLACEMENT_3D ( 'NONE', #2449, #332, #1163 ) ;
#1854 = ADVANCED_FACE ( 'NONE', ( #61 ), #2147, .F. ) ;
#1855 = CARTESIAN_POINT ( 'NONE',  ( 17.40908886177704318, 0.000000000000000000, 11.43199999999998617 ) ) ;
#1856 = AXIS2_PLACEMENT_3D ( 'NONE', #59, #1698, #1533 ) ;
#1857 =( LENGTH_UNIT ( ) NAMED_UNIT ( * ) SI_UNIT ( .MILLI., .METRE. ) );
#1858 = ORIENTED_EDGE ( 'NONE', *, *, #2732, .T. ) ;
#1859 = CARTESIAN_POINT ( 'NONE',  ( -1.378593929787840539E-14, 3.103000000000000203, 0.7499999999999902300 ) ) ;
#1860 = AXIS2_PLACEMENT_3D ( 'NONE', #1334, #1525, #289 ) ;
#1861 = EDGE_LOOP ( 'NONE', ( #622, #29, #832, #2460 ) ) ;
#1862 = ORIENTED_EDGE ( 'NONE', *, *, #782, .F. ) ;
#1863 = ADVANCED_FACE ( 'NONE', ( #907 ), #455, .F. ) ;
#1864 = CARTESIAN_POINT ( 'NONE',  ( -11.60799999999999699, 1.049999999999984945, 0.000000000000000000 ) ) ;
#1865 = FACE_OUTER_BOUND ( 'NONE', #181, .T. ) ;
#1866 = CARTESIAN_POINT ( 'NONE',  ( 0.000000000000000000, 1.949999999999999956, -9.865999999999999659 ) ) ;
#1867 = CARTESIAN_POINT ( 'NONE',  ( -1.294093300646673193E-14, 3.103000000000000203, 7.649999999999989697 ) ) ;
#1868 = EDGE_CURVE ( 'NONE', #1327, #1110, #1398, .T. ) ;
#1869 = VECTOR ( 'NONE', #1584, 1000.000000000000000 ) ;
#1870 = ADVANCED_FACE ( 'NONE', ( #1481 ), #1268, .F. ) ;
#1871 = ORIENTED_EDGE ( 'NONE', *, *, #1008, .T. ) ;
#1872 = CARTESIAN_POINT ( 'NONE',  ( -31.00000000000000000, -1.999999999999986677, -5.000000000000002665 ) ) ;
#1873 = EDGE_LOOP ( 'NONE', ( #975, #1312, #1433, #239 ) ) ;
#1874 = AXIS2_PLACEMENT_3D ( 'NONE', #340, #2276, #544 ) ;
#1875 = ORIENTED_EDGE ( 'NONE', *, *, #1386, .F. ) ;
#1876 = ADVANCED_FACE ( 'NONE', ( #1492 ), #2317, .F. ) ;
#1877 = VECTOR ( 'NONE', #2238, 1000.000000000000000 ) ;
#1878 = ORIENTED_EDGE ( 'NONE', *, *, #419, .F. ) ;
#1879 = CARTESIAN_POINT ( 'NONE',  ( 31.00000000000000000, 0.000000000000000000, -5.000000000000009770 ) ) ;
#1880 = FACE_OUTER_BOUND ( 'NONE', #1812, .T. ) ;
#1881 = LINE ( 'NONE', #617, #1547 ) ;
#1882 = DIRECTION ( 'NONE',  ( 0.000000000000000000, 1.000000000000000000, 0.000000000000000000 ) ) ;
#1883 = FACE_OUTER_BOUND ( 'NONE', #333, .T. ) ;
#1884 = VERTEX_POINT ( 'NONE', #2619 ) ;
#1885 = VECTOR ( 'NONE', #376, 1000.000000000000000 ) ;
#1886 = DIRECTION ( 'NONE',  ( 0.000000000000000000, 0.000000000000000000, -1.000000000000000000 ) ) ;
#1887 = EDGE_CURVE ( 'NONE', #133, #1438, #770, .T. ) ;
#1888 = VERTEX_POINT ( 'NONE', #1967 ) ;
#1889 = ORIENTED_EDGE ( 'NONE', *, *, #2512, .T. ) ;
#1890 = ORIENTED_EDGE ( 'NONE', *, *, #2008, .T. ) ;
#1891 = CYLINDRICAL_SURFACE ( 'NONE', #1994, 2.100000000000000533 ) ;
#1892 = VECTOR ( 'NONE', #1196, 1000.000000000000000 ) ;
#1893 = CARTESIAN_POINT ( 'NONE',  ( 31.00000000000000711, 0.000000000000000000, 14.99999999999999112 ) ) ;
#1894 = APPLICATION_CONTEXT ( 'automotive_design' ) ;
#1895 = DIRECTION ( 'NONE',  ( 0.000000000000000000, 1.000000000000000000, -0.000000000000000000 ) ) ;
#1896 = ORIENTED_EDGE ( 'NONE', *, *, #2209, .T. ) ;
#1897 = AXIS2_PLACEMENT_3D ( 'NONE', #1649, #438, #849 ) ;
#1898 = LINE ( 'NONE', #645, #1239 ) ;
#1899 = CONICAL_SURFACE ( 'NONE', #2122, 3.624999999999987566, 0.7853981633974477239 ) ;
#1900 = DIRECTION ( 'NONE',  ( -0.000000000000000000, 1.000000000000000000, -0.000000000000000000 ) ) ;
#1901 = ORIENTED_EDGE ( 'NONE', *, *, #2512, .F. ) ;
#1902 = ORIENTED_EDGE ( 'NONE', *, *, #1435, .F. ) ;
#1903 = EDGE_CURVE ( 'NONE', #821, #1696, #784, .T. ) ;
#1904 = ORIENTED_EDGE ( 'NONE', *, *, #2067, .F. ) ;
#1905 = FACE_OUTER_BOUND ( 'NONE', #2718, .T. ) ;
#1906 = CIRCLE ( 'NONE', #1065, 1.000000000000000000 ) ;
#1907 = CARTESIAN_POINT ( 'NONE',  ( 6.938893903907228378E-15, -0.9000000000000000222, 3.936999999999999389 ) ) ;
#1908 = DIRECTION ( 'NONE',  ( 8.659560562354930393E-17, 0.7071067811865477948, -0.7071067811865473507 ) ) ;
#1909 = VERTEX_POINT ( 'NONE', #743 ) ;
#1910 = DIRECTION ( 'NONE',  ( 0.000000000000000000, -1.000000000000000000, 0.000000000000000000 ) ) ;
#1911 = DIRECTION ( 'NONE',  ( -1.000000000000000000, 0.000000000000000000, -9.912705577010325549E-17 ) ) ;
#1912 = AXIS2_PLACEMENT_3D ( 'NONE', #221, #1323, #854 ) ;
#1913 = FACE_OUTER_BOUND ( 'NONE', #2156, .T. ) ;
#1914 = ORIENTED_EDGE ( 'NONE', *, *, #1470, .F. ) ;
#1915 = AXIS2_PLACEMENT_3D ( 'NONE', #520, #692, #282 ) ;
#1916 = ORIENTED_EDGE ( 'NONE', *, *, #329, .F. ) ;
#1917 = EDGE_LOOP ( 'NONE', ( #90, #914, #421, #1715 ) ) ;
#1918 = LINE ( 'NONE', #32, #1723 ) ;
#1919 = EDGE_CURVE ( 'NONE', #508, #1202, #1552, .T. ) ;
#1920 = EDGE_CURVE ( 'NONE', #2692, #1475, #2023, .T. ) ;
#1921 = VECTOR ( 'NONE', #2077, 1000.000000000000000 ) ;
#1922 = DIRECTION ( 'NONE',  ( 0.000000000000000000, 1.000000000000000000, 0.000000000000000000 ) ) ;
#1923 = DIRECTION ( 'NONE',  ( 0.000000000000000000, 0.000000000000000000, 1.000000000000000000 ) ) ;
#1924 = VERTEX_POINT ( 'NONE', #2394 ) ;
#1925 = DIRECTION ( 'NONE',  ( 0.000000000000000000, 0.000000000000000000, 1.000000000000000000 ) ) ;
#1926 = CARTESIAN_POINT ( 'NONE',  ( 2.230358754827324703E-15, -3.600000000000000089, -22.50000000000001421 ) ) ;
#1927 = CARTESIAN_POINT ( 'NONE',  ( 11.60800000000000409, 1.049999999999984945, 2.099999999999997868 ) ) ;
#1928 = EDGE_LOOP ( 'NONE', ( #195, #123, #1115, #703 ) ) ;
#1929 = ORIENTED_EDGE ( 'NONE', *, *, #2434, .F. ) ;
#1930 = DIRECTION ( 'NONE',  ( 0.000000000000000000, -1.000000000000000000, 0.000000000000000000 ) ) ;
#1931 = ORIENTED_EDGE ( 'NONE', *, *, #2618, .F. ) ;
#1932 = CARTESIAN_POINT ( 'NONE',  ( -10.09991113822295361, 5.083999999999999631, 9.865999999999994330 ) ) ;
#1933 = DIRECTION ( 'NONE',  ( 0.000000000000000000, 0.000000000000000000, 1.000000000000000000 ) ) ;
#1934 = CARTESIAN_POINT ( 'NONE',  ( -11.60799999999999699, 1.049999999999984945, -2.100000000000000533 ) ) ;
#1935 = CIRCLE ( 'NONE', #755, 0.7499999999999997780 ) ;
#1936 = EDGE_LOOP ( 'NONE', ( #600, #1294 ) ) ;
#1937 = EDGE_CURVE ( 'NONE', #2117, #2523, #1980, .T. ) ;
#1938 = DIRECTION ( 'NONE',  ( -0.000000000000000000, -1.000000000000000000, -0.000000000000000000 ) ) ;
#1939 = CARTESIAN_POINT ( 'NONE',  ( 0.000000000000000000, -0.9000000000000000222, 0.000000000000000000 ) ) ;
#1940 = LINE ( 'NONE', #433, #1390 ) ;
#1941 = EDGE_LOOP ( 'NONE', ( #2224, #1074, #749, #2682 ) ) ;
#1942 = CARTESIAN_POINT ( 'NONE',  ( 11.60800000000000409, 1.449999999999999956, -1.650000000000003464 ) ) ;
#1943 = AXIS2_PLACEMENT_3D ( 'NONE', #1034, #2500, #1430 ) ;
#1944 = DIRECTION ( 'NONE',  ( 0.000000000000000000, -1.000000000000000000, 0.000000000000000000 ) ) ;
#1945 = VECTOR ( 'NONE', #1023, 1000.000000000000000 ) ;
#1946 = ORIENTED_EDGE ( 'NONE', *, *, #1736, .F. ) ;
#1947 = DIRECTION ( 'NONE',  ( 0.7071067811865474617, -0.000000000000000000, -0.7071067811865474617 ) ) ;
#1948 = CARTESIAN_POINT ( 'NONE',  ( 31.00000000000000711, -0.4000000000000000222, 14.99999999999999112 ) ) ;
#1949 = CARTESIAN_POINT ( 'NONE',  ( -31.00000000000000000, 0.000000000000000000, -8.624999999999992895 ) ) ;
#1950 = ORIENTED_EDGE ( 'NONE', *, *, #982, .F. ) ;
#1951 = DIRECTION ( 'NONE',  ( -0.000000000000000000, 1.000000000000000000, -0.000000000000000000 ) ) ;
#1952 = DIRECTION ( 'NONE',  ( 0.000000000000000000, 0.000000000000000000, 1.000000000000000000 ) ) ;
#1953 = ADVANCED_FACE ( 'NONE', ( #1787 ), #2631, .T. ) ;
#1954 = EDGE_CURVE ( 'NONE', #1957, #723, #2011, .T. ) ;
#1955 = LINE ( 'NONE', #39, #1692 ) ;
#1956 = ORIENTED_EDGE ( 'NONE', *, *, #132, .F. ) ;
#1957 = VERTEX_POINT ( 'NONE', #1177 ) ;
#1958 = VECTOR ( 'NONE', #1779, 1000.000000000000000 ) ;
#1959 = EDGE_CURVE ( 'NONE', #707, #670, #2693, .T. ) ;
#1960 = CARTESIAN_POINT ( 'NONE',  ( 0.9999999999999867883, -0.8999999999999998002, 6.325441960843516398 ) ) ;
#1961 = AXIS2_PLACEMENT_3D ( 'NONE', #532, #2208, #326 ) ;
#1962 = VERTEX_POINT ( 'NONE', #921 ) ;
#1963 = LINE ( 'NONE', #1301, #717 ) ;
#1964 = ADVANCED_FACE ( 'NONE', ( #104 ), #715, .F. ) ;
#1965 = AXIS2_PLACEMENT_3D ( 'NONE', #1643, #558, #1836 ) ;
#1966 = DIRECTION ( 'NONE',  ( 0.000000000000000000, 0.000000000000000000, -1.000000000000000000 ) ) ;
#1967 = CARTESIAN_POINT ( 'NONE',  ( -11.60799999999999699, -3.600000000000000089, 2.100000000000000533 ) ) ;
#1968 = AXIS2_PLACEMENT_3D ( 'NONE', #22, #864, #1702 ) ;
#1969 = ORIENTED_EDGE ( 'NONE', *, *, #2322, .F. ) ;
#1970 = VECTOR ( 'NONE', #2630, 1000.000000000000000 ) ;
#1971 = CARTESIAN_POINT ( 'NONE',  ( -1.387778780781445676E-14, -3.600000000000000089, 6.403999999999989257 ) ) ;
#1972 = CARTESIAN_POINT ( 'NONE',  ( 17.40908886177704673, 5.083999999999999631, 9.865999999999997883 ) ) ;
#1973 = PLANE ( 'NONE',  #423 ) ;
#1974 = ORIENTED_EDGE ( 'NONE', *, *, #34, .F. ) ;
#1975 = DIRECTION ( 'NONE',  ( -0.000000000000000000, 1.000000000000000000, -0.000000000000000000 ) ) ;
#1976 = ADVANCED_FACE ( 'NONE', ( #552, #564, #2187, #1359, #1804, #302, #1815, #2407 ), #1135, .T. ) ;
#1977 = DIRECTION ( 'NONE',  ( 0.000000000000000000, 1.000000000000000000, 0.000000000000000000 ) ) ;
#1978 = ORIENTED_EDGE ( 'NONE', *, *, #2412, .F. ) ;
#1979 = CARTESIAN_POINT ( 'NONE',  ( 6.938893903907228378E-15, -0.3999999999999999667, 3.936999999999999389 ) ) ;
#1980 = LINE ( 'NONE', #537, #1636 ) ;
#1981 = ORIENTED_EDGE ( 'NONE', *, *, #1788, .T. ) ;
#1982 = DIRECTION ( 'NONE',  ( 0.000000000000000000, 0.000000000000000000, 1.000000000000000000 ) ) ;
#1983 = CARTESIAN_POINT ( 'NONE',  ( -10.62600790513542570, 0.000000000000000000, -9.865999999999997883 ) ) ;
#1984 = CIRCLE ( 'NONE', #404, 2.100000000000000533 ) ;
#1985 = AXIS2_PLACEMENT_3D ( 'NONE', #1536, #1550, #452 ) ;
#1986 = EDGE_CURVE ( 'NONE', #2484, #1021, #524, .T. ) ;
#1987 = CARTESIAN_POINT ( 'NONE',  ( -33.00000000000001421, -0.4000000000000000222, -22.50000000000001776 ) ) ;
#1988 = ORIENTED_EDGE ( 'NONE', *, *, #2378, .T. ) ;
#1989 = CARTESIAN_POINT ( 'NONE',  ( -1.387778780781445676E-14, -0.9000000000000000222, 0.9999999999999895639 ) ) ;
#1990 = FACE_OUTER_BOUND ( 'NONE', #288, .T. ) ;
#1991 = VERTEX_POINT ( 'NONE', #2420 ) ;
#1992 = VECTOR ( 'NONE', #1735, 1000.000000000000000 ) ;
#1993 = AXIS2_PLACEMENT_3D ( 'NONE', #1907, #7, #2090 ) ;
#1994 = AXIS2_PLACEMENT_3D ( 'NONE', #1240, #2060, #1849 ) ;
#1995 = EDGE_CURVE ( 'NONE', #2575, #882, #1418, .T. ) ;
#1996 = CARTESIAN_POINT ( 'NONE',  ( 6.938893903907228378E-15, -0.9000000000000000222, -3.936999999999999389 ) ) ;
#1997 = DIRECTION ( 'NONE',  ( -1.000000000000000000, 0.000000000000000000, -4.956352788505162775E-17 ) ) ;
#1998 = AXIS2_PLACEMENT_3D ( 'NONE', #1872, #2095, #608 ) ;
#1999 = ORIENTED_EDGE ( 'NONE', *, *, #2413, .T. ) ;
#2000 = CARTESIAN_POINT ( 'NONE',  ( 6.938893903907228378E-15, -0.9000000000000000222, -2.936999999999999389 ) ) ;
#2001 = CARTESIAN_POINT ( 'NONE',  ( 11.60800000000000409, 1.949999999999999956, -2.843140008900496207E-15 ) ) ;
#2002 = CARTESIAN_POINT ( 'NONE',  ( 27.74999999999995381, -3.600000000000000089, -27.75000000000004974 ) ) ;
#2003 = VERTEX_POINT ( 'NONE', #120 ) ;
#2004 = CARTESIAN_POINT ( 'NONE',  ( 0.000000000000000000, 1.949999999999999956, 10.00000000000000000 ) ) ;
#2005 = FACE_OUTER_BOUND ( 'NONE', #262, .T. ) ;
#2006 = ORIENTED_EDGE ( 'NONE', *, *, #997, .F. ) ;
#2007 = VECTOR ( 'NONE', #2220, 1000.000000000000000 ) ;
#2008 = EDGE_CURVE ( 'NONE', #1105, #958, #2174, .T. ) ;
#2009 = CARTESIAN_POINT ( 'NONE',  ( 11.60800000000000409, 1.449999999999999956, 1.649999999999997913 ) ) ;
#2010 = EDGE_CURVE ( 'NONE', #1719, #1473, #1594, .T. ) ;
#2011 = LINE ( 'NONE', #729, #1235 ) ;
#2012 = ORIENTED_EDGE ( 'NONE', *, *, #2240, .T. ) ;
#2013 = CARTESIAN_POINT ( 'NONE',  ( 6.938893903907228378E-15, 3.103000000000000203, 3.936999999999999389 ) ) ;
#2014 = DIRECTION ( 'NONE',  ( -0.000000000000000000, -1.000000000000000000, -0.000000000000000000 ) ) ;
#2015 = CIRCLE ( 'NONE', #2715, 2.100000000000000533 ) ;
#2016 = FACE_OUTER_BOUND ( 'NONE', #588, .T. ) ;
#2017 = EDGE_LOOP ( 'NONE', ( #298, #660 ) ) ;
#2018 = CARTESIAN_POINT ( 'NONE',  ( -1.000000000000013323, -0.9000000000000000222, -3.936999999999999389 ) ) ;
#2019 = LINE ( 'NONE', #739, #2404 ) ;
#2020 = ORIENTED_EDGE ( 'NONE', *, *, #499, .T. ) ;
#2021 = VECTOR ( 'NONE', #162, 1000.000000000000000 ) ;
#2022 = DIRECTION ( 'NONE',  ( 0.000000000000000000, 1.000000000000000000, 0.000000000000000000 ) ) ;
#2023 = LINE ( 'NONE', #1608, #1000 ) ;
#2024 = ORIENTED_EDGE ( 'NONE', *, *, #2697, .F. ) ;
#2025 = DIRECTION ( 'NONE',  ( -0.000000000000000000, 1.000000000000000000, -0.000000000000000000 ) ) ;
#2026 = LINE ( 'NONE', #139, #710 ) ;
#2027 = ADVANCED_FACE ( 'NONE', ( #1880 ), #1057, .F. ) ;
#2028 = DIRECTION ( 'NONE',  ( 0.000000000000000000, 0.000000000000000000, 1.000000000000000000 ) ) ;
#2029 = EDGE_LOOP ( 'NONE', ( #1871, #521 ) ) ;
#2030 = DIRECTION ( 'NONE',  ( 0.000000000000000000, 0.000000000000000000, -1.000000000000000000 ) ) ;
#2031 = EDGE_CURVE ( 'NONE', #1021, #193, #760, .T. ) ;
#2032 = CIRCLE ( 'NONE', #1229, 1.000000000000000000 ) ;
#2033 = VERTEX_POINT ( 'NONE', #1024 ) ;
#2034 = ORIENTED_EDGE ( 'NONE', *, *, #790, .T. ) ;
#2035 = CARTESIAN_POINT ( 'NONE',  ( 10.09991113822295361, 5.083999999999999631, -11.43199999999999861 ) ) ;
#2036 = FACE_OUTER_BOUND ( 'NONE', #2544, .T. ) ;
#2037 = AXIS2_PLACEMENT_3D ( 'NONE', #1864, #437, #3 ) ;
#2038 = ORIENTED_EDGE ( 'NONE', *, *, #2413, .F. ) ;
#2039 = DIRECTION ( 'NONE',  ( 0.000000000000000000, 0.000000000000000000, 1.000000000000000000 ) ) ;
#2040 = DIRECTION ( 'NONE',  ( -0.000000000000000000, 1.000000000000000000, -0.000000000000000000 ) ) ;
#2041 = LINE ( 'NONE', #165, #857 ) ;
#2042 = EDGE_LOOP ( 'NONE', ( #1369, #609, #526, #2200 ) ) ;
#2043 = DIRECTION ( 'NONE',  ( 0.000000000000000000, 1.000000000000000000, 0.000000000000000000 ) ) ;
#2044 = EDGE_CURVE ( 'NONE', #1110, #1327, #1019, .T. ) ;
#2045 = EDGE_CURVE ( 'NONE', #2517, #2003, #2488, .T. ) ;
#2046 = ORIENTED_EDGE ( 'NONE', *, *, #2353, .T. ) ;
#2047 = ORIENTED_EDGE ( 'NONE', *, *, #5, .F. ) ;
#2048 = EDGE_CURVE ( 'NONE', #193, #922, #615, .T. ) ;
#2049 = CARTESIAN_POINT ( 'NONE',  ( 0.9999999999999867883, -0.9000000000000000222, 0.000000000000000000 ) ) ;
#2050 = DIRECTION ( 'NONE',  ( 0.000000000000000000, 0.000000000000000000, -1.000000000000000000 ) ) ;
#2051 = CIRCLE ( 'NONE', #1436, 0.7500000000000002220 ) ;
#2052 = DIRECTION ( 'NONE',  ( 0.000000000000000000, -1.000000000000000000, 0.000000000000000000 ) ) ;
#2053 = CARTESIAN_POINT ( 'NONE',  ( -16.40908886177704318, 0.000000000000000000, -11.43199999999998440 ) ) ;
#2054 = EDGE_LOOP ( 'NONE', ( #2483, #1538, #1130, #2688 ) ) ;
#2055 = CARTESIAN_POINT ( 'NONE',  ( -9.099911138222951834, 5.083999999999999631, 11.43199999999999505 ) ) ;
#2056 = VERTEX_POINT ( 'NONE', #602 ) ;
#2057 = EDGE_CURVE ( 'NONE', #1251, #681, #273, .T. ) ;
#2058 = VERTEX_POINT ( 'NONE', #2269 ) ;
#2059 = ADVANCED_FACE ( 'NONE', ( #988 ), #2695, .T. ) ;
#2060 = DIRECTION ( 'NONE',  ( -0.000000000000000000, -1.000000000000000000, -0.000000000000000000 ) ) ;
#2061 = CARTESIAN_POINT ( 'NONE',  ( 33.00000000000000000, -3.600000000000000089, -22.50000000000001066 ) ) ;
#2062 = FACE_OUTER_BOUND ( 'NONE', #2507, .T. ) ;
#2063 = FACE_OUTER_BOUND ( 'NONE', #169, .T. ) ;
#2064 = CARTESIAN_POINT ( 'NONE',  ( -17.40908886177704673, 5.083999999999999631, -11.43199999999998617 ) ) ;
#2065 = ORIENTED_EDGE ( 'NONE', *, *, #2160, .F. ) ;
#2066 = DIRECTION ( 'NONE',  ( 0.000000000000000000, 0.000000000000000000, -1.000000000000000000 ) ) ;
#2067 = EDGE_CURVE ( 'NONE', #885, #1224, #173, .T. ) ;
#2068 = EDGE_LOOP ( 'NONE', ( #2311, #2318, #989, #2536 ) ) ;
#2069 = ORIENTED_EDGE ( 'NONE', *, *, #1463, .F. ) ;
#2070 = VECTOR ( 'NONE', #1512, 1000.000000000000000 ) ;
#2071 = LINE ( 'NONE', #2720, #1503 ) ;
#2072 = ADVANCED_FACE ( 'NONE', ( #1441 ), #2282, .T. ) ;
#2073 = LINE ( 'NONE', #2513, #666 ) ;
#2074 = EDGE_CURVE ( 'NONE', #240, #771, #2073, .T. ) ;
#2075 = CARTESIAN_POINT ( 'NONE',  ( 31.00000000000000000, -2.000000000000014211, -5.000000000000009770 ) ) ;
#2076 = AXIS2_PLACEMENT_3D ( 'NONE', #2596, #1930, #1142 ) ;
#2077 = DIRECTION ( 'NONE',  ( -0.000000000000000000, 1.000000000000000000, -0.000000000000000000 ) ) ;
#2078 = CONICAL_SURFACE ( 'NONE', #2256, 3.625000000000016875, 0.7853981633974479459 ) ;
#2079 = CARTESIAN_POINT ( 'NONE',  ( 17.40908886177704318, 5.083999999999999631, 11.43199999999998617 ) ) ;
#2080 = ORIENTED_EDGE ( 'NONE', *, *, #380, .T. ) ;
#2081 = ADVANCED_FACE ( 'NONE', ( #1865 ), #1660, .F. ) ;
#2082 = CARTESIAN_POINT ( 'NONE',  ( -31.00000000000000711, -1.999999999999986677, 14.99999999999998401 ) ) ;
#2083 = VECTOR ( 'NONE', #1425, 1000.000000000000000 ) ;
#2084 = ORIENTED_EDGE ( 'NONE', *, *, #2280, .F. ) ;
#2085 = ORIENTED_EDGE ( 'NONE', *, *, #461, .T. ) ;
#2086 = ORIENTED_EDGE ( 'NONE', *, *, #1959, .F. ) ;
#2087 = DIRECTION ( 'NONE',  ( 0.000000000000000000, 1.000000000000000000, -0.000000000000000000 ) ) ;
#2088 = CARTESIAN_POINT ( 'NONE',  ( -1.309352399764049246E-14, -0.8999999999999998002, -6.404000000000010573 ) ) ;
#2089 = EDGE_CURVE ( 'NONE', #424, #856, #93, .T. ) ;
#2090 = DIRECTION ( 'NONE',  ( 0.000000000000000000, 0.000000000000000000, 1.000000000000000000 ) ) ;
#2091 = DIRECTION ( 'NONE',  ( 0.000000000000000000, 0.000000000000000000, -1.000000000000000000 ) ) ;
#2092 = CIRCLE ( 'NONE', #683, 0.7500000000000002220 ) ;
#2093 = DIRECTION ( 'NONE',  ( -0.000000000000000000, 0.000000000000000000, 1.000000000000000000 ) ) ;
#2094 = ORIENTED_EDGE ( 'NONE', *, *, #1144, .T. ) ;
#2095 = DIRECTION ( 'NONE',  ( -0.000000000000000000, 1.000000000000000000, -0.000000000000000000 ) ) ;
#2096 = VERTEX_POINT ( 'NONE', #2088 ) ;
#2097 = ORIENTED_EDGE ( 'NONE', *, *, #2450, .F. ) ;
#2098 = AXIS2_PLACEMENT_3D ( 'NONE', #1331, #1895, #1923 ) ;
#2099 = AXIS2_PLACEMENT_3D ( 'NONE', #1996, #331, #159 ) ;
#2100 = ORIENTED_EDGE ( 'NONE', *, *, #1954, .F. ) ;
#2101 = CARTESIAN_POINT ( 'NONE',  ( -35.00000000000000711, -3.600000000000000089, -20.50000000000002132 ) ) ;
#2102 = DIRECTION ( 'NONE',  ( 0.000000000000000000, 0.000000000000000000, -1.000000000000000000 ) ) ;
#2103 = DIRECTION ( 'NONE',  ( 0.000000000000000000, 0.000000000000000000, 1.000000000000000000 ) ) ;
#2104 = ORIENTED_EDGE ( 'NONE', *, *, #624, .T. ) ;
#2105 = CARTESIAN_POINT ( 'NONE',  ( -1.115179377413660774E-15, -0.4000000000000000222, 22.49999999999998579 ) ) ;
#2106 = EDGE_CURVE ( 'NONE', #2180, #634, #1841, .T. ) ;
#2107 = CARTESIAN_POINT ( 'NONE',  ( 17.40908886177704318, 5.083999999999999631, 12.43199999999998262 ) ) ;
#2108 = VERTEX_POINT ( 'NONE', #358 ) ;
#2109 = ORIENTED_EDGE ( 'NONE', *, *, #2210, .T. ) ;
#2110 = ORIENTED_EDGE ( 'NONE', *, *, #1093, .T. ) ;
#2111 = FACE_OUTER_BOUND ( 'NONE', #2405, .T. ) ;
#2112 = AXIS2_PLACEMENT_3D ( 'NONE', #1583, #1154, #2202 ) ;
#2113 = AXIS2_PLACEMENT_3D ( 'NONE', #1317, #874, #1772 ) ;
#2114 = DIRECTION ( 'NONE',  ( 0.000000000000000000, 0.000000000000000000, -1.000000000000000000 ) ) ;
#2115 = DIRECTION ( 'NONE',  ( 0.000000000000000000, -0.7071067811865540120, -0.7071067811865410224 ) ) ;
#2116 = AXIS2_PLACEMENT_3D ( 'NONE', #2255, #373, #477 ) ;
#2117 = VERTEX_POINT ( 'NONE', #1192 ) ;
#2118 = CIRCLE ( 'NONE', #4, 3.624999999999989342 ) ;
#2119 = CARTESIAN_POINT ( 'NONE',  ( -1.387778780781445676E-14, -0.9000000000000000222, 0.9999999999999895639 ) ) ;
#2120 = CARTESIAN_POINT ( 'NONE',  ( -31.00000000000000711, 0.000000000000000000, 14.99999999999998401 ) ) ;
#2121 = VECTOR ( 'NONE', #2143, 1000.000000000000000 ) ;
#2122 = AXIS2_PLACEMENT_3D ( 'NONE', #1749, #2416, #691 ) ;
#2123 = CARTESIAN_POINT ( 'NONE',  ( 10.09991113822295361, 0.000000000000000000, -11.43199999999999861 ) ) ;
#2124 = EDGE_LOOP ( 'NONE', ( #1223, #157, #1514, #62, #2170 ) ) ;
#2125 = ADVANCED_FACE ( 'NONE', ( #2036 ), #149, .F. ) ;
#2126 = VERTEX_POINT ( 'NONE', #1621 ) ;
#2127 = EDGE_CURVE ( 'NONE', #317, #2430, #978, .T. ) ;
#2128 = ORIENTED_EDGE ( 'NONE', *, *, #1752, .T. ) ;
#2129 = FACE_BOUND ( 'NONE', #1654, .T. ) ;
#2130 = CARTESIAN_POINT ( 'NONE',  ( -11.60799999999999699, 1.949999999999999956, -2.100000000000000533 ) ) ;
#2131 = DIRECTION ( 'NONE',  ( 1.000000000000000000, 0.000000000000000000, 1.352083769272656622E-15 ) ) ;
#2132 = VERTEX_POINT ( 'NONE', #2684 ) ;
#2133 = CARTESIAN_POINT ( 'NONE',  ( 9.099911138222951834, 5.083999999999999631, -12.43199999999999683 ) ) ;
#2134 = DIRECTION ( 'NONE',  ( -0.000000000000000000, 1.000000000000000000, -0.000000000000000000 ) ) ;
#2135 = AXIS2_PLACEMENT_3D ( 'NONE', #2441, #529, #1542 ) ;
#2136 = DIRECTION ( 'NONE',  ( 0.000000000000000000, 0.000000000000000000, -1.000000000000000000 ) ) ;
#2137 = ORIENTED_EDGE ( 'NONE', *, *, #381, .F. ) ;
#2138 = CIRCLE ( 'NONE', #1785, 1.000000000000000000 ) ;
#2139 = EDGE_LOOP ( 'NONE', ( #269, #72, #865, #1904 ) ) ;
#2140 = LINE ( 'NONE', #254, #1343 ) ;
#2141 = EDGE_CURVE ( 'NONE', #222, #2033, #2515, .T. ) ;
#2142 = ORIENTED_EDGE ( 'NONE', *, *, #2031, .F. ) ;
#2143 = DIRECTION ( 'NONE',  ( 1.000000000000000000, 0.000000000000000000, 0.000000000000000000 ) ) ;
#2144 = EDGE_CURVE ( 'NONE', #2279, #1909, #935, .T. ) ;
#2145 = AXIS2_PLACEMENT_3D ( 'NONE', #1432, #2297, #2103 ) ;
#2146 = FACE_OUTER_BOUND ( 'NONE', #1178, .T. ) ;
#2147 = PLANE ( 'NONE',  #121 ) ;
#2148 = VERTEX_POINT ( 'NONE', #310 ) ;
#2149 = FACE_OUTER_BOUND ( 'NONE', #2719, .T. ) ;
#2150 = CARTESIAN_POINT ( 'NONE',  ( 31.00000000000000000, -2.000000000000014211, -6.625000000000013323 ) ) ;
#2151 = AXIS2_PLACEMENT_3D ( 'NONE', #1405, #2025, #2230 ) ;
#2152 = DIRECTION ( 'NONE',  ( -1.000000000000000000, 0.000000000000000000, 3.783612946984930356E-16 ) ) ;
#2153 = ORIENTED_EDGE ( 'NONE', *, *, #1752, .F. ) ;
#2154 = LINE ( 'NONE', #2004, #232 ) ;
#2155 = CARTESIAN_POINT ( 'NONE',  ( 7.030742413843279739E-15, 3.103000000000000203, 4.687000000000000277 ) ) ;
#2156 = EDGE_LOOP ( 'NONE', ( #2069, #1459, #2328, #434 ) ) ;
#2157 = CARTESIAN_POINT ( 'NONE',  ( -1.387778780781445676E-14, -0.8999999999999998002, 6.403999999999989257 ) ) ;
#2158 = PRODUCT_DEFINITION ( 'General', '', #1286, #1346 ) ;
#2159 = FACE_OUTER_BOUND ( 'NONE', #2647, .T. ) ;
#2160 = EDGE_CURVE ( 'NONE', #1055, #1801, #56, .T. ) ;
#2161 = DIRECTION ( 'NONE',  ( 0.000000000000000000, 0.000000000000000000, -1.000000000000000000 ) ) ;
#2162 = ORIENTED_EDGE ( 'NONE', *, *, #1297, .T. ) ;
#2163 = CYLINDRICAL_SURFACE ( 'NONE', #2393, 0.7500000000000006661 ) ;
#2164 = LINE ( 'NONE', #2338, #2203 ) ;
#2165 = EDGE_CURVE ( 'NONE', #1531, #578, #901, .T. ) ;
#2166 = CARTESIAN_POINT ( 'NONE',  ( -1.387778780781445676E-14, -0.4000000000000000222, -1.040834085586084257E-14 ) ) ;
#2167 = ORIENTED_EDGE ( 'NONE', *, *, #419, .T. ) ;
#2168 = VERTEX_POINT ( 'NONE', #1561 ) ;
#2169 = CARTESIAN_POINT ( 'NONE',  ( 6.938893903907228378E-15, 3.103000000000000203, -4.686999999999999389 ) ) ;
#2170 = ORIENTED_EDGE ( 'NONE', *, *, #463, .T. ) ;
#2171 = LINE ( 'NONE', #2571, #2477 ) ;
#2172 = LINE ( 'NONE', #1491, #1413 ) ;
#2173 = AXIS2_PLACEMENT_3D ( 'NONE', #527, #1759, #1716 ) ;
#2174 = LINE ( 'NONE', #2646, #2432 ) ;
#2175 = EDGE_CURVE ( 'NONE', #623, #1384, #928, .T. ) ;
#2176 = ORIENTED_EDGE ( 'NONE', *, *, #1366, .F. ) ;
#2177 = DIRECTION ( 'NONE',  ( 0.000000000000000000, -1.000000000000000000, 0.000000000000000000 ) ) ;
#2178 = PLANE ( 'NONE',  #1493 ) ;
#2179 = LINE ( 'NONE', #1987, #599 ) ;
#2180 = VERTEX_POINT ( 'NONE', #2612 ) ;
#2181 = FACE_OUTER_BOUND ( 'NONE', #1399, .T. ) ;
#2182 = AXIS2_PLACEMENT_3D ( 'NONE', #2458, #391, #1653 ) ;
#2183 = CARTESIAN_POINT ( 'NONE',  ( 6.938893903907228378E-15, -0.4000000000000000222, 3.936999999999999389 ) ) ;
#2184 = VECTOR ( 'NONE', #2136, 1000.000000000000000 ) ;
#2185 = ORIENTED_EDGE ( 'NONE', *, *, #2450, .T. ) ;
#2186 = CARTESIAN_POINT ( 'NONE',  ( 11.60800000000000409, 1.049999999999984945, -2.843140008900496207E-15 ) ) ;
#2187 = FACE_BOUND ( 'NONE', #870, .T. ) ;
#2188 = VECTOR ( 'NONE', #1997, 1000.000000000000000 ) ;
#2189 = ORIENTED_EDGE ( 'NONE', *, *, #1264, .F. ) ;
#2190 = CARTESIAN_POINT ( 'NONE',  ( 6.938893903907228378E-15, 3.103000000000000203, 3.936999999999999389 ) ) ;
#2191 = CARTESIAN_POINT ( 'NONE',  ( 11.60800000000000409, 1.449999999999999956, -2.843140008900496207E-15 ) ) ;
#2192 = LINE ( 'NONE', #1573, #774 ) ;
#2193 = ORIENTED_EDGE ( 'NONE', *, *, #2463, .T. ) ;
#2194 = CARTESIAN_POINT ( 'NONE',  ( 11.60800000000000409, 1.449999999999999956, -2.843140008900496207E-15 ) ) ;
#2195 = DIRECTION ( 'NONE',  ( 0.000000000000000000, 0.000000000000000000, -1.000000000000000000 ) ) ;
#2196 = EDGE_CURVE ( 'NONE', #2180, #2386, #806, .T. ) ;
#2197 = VERTEX_POINT ( 'NONE', #2155 ) ;
#2198 = FACE_OUTER_BOUND ( 'NONE', #1324, .T. ) ;
#2199 = DIRECTION ( 'NONE',  ( 0.000000000000000000, 0.000000000000000000, -1.000000000000000000 ) ) ;
#2200 = ORIENTED_EDGE ( 'NONE', *, *, #1299, .F. ) ;
#2201 = LINE ( 'NONE', #108, #701 ) ;
#2202 = DIRECTION ( 'NONE',  ( 0.000000000000000000, 0.000000000000000000, -1.000000000000000000 ) ) ;
#2203 = VECTOR ( 'NONE', #1273, 1000.000000000000114 ) ;
#2204 = AXIS2_PLACEMENT_3D ( 'NONE', #86, #1711, #33 ) ;
#2205 = CARTESIAN_POINT ( 'NONE',  ( 6.938893903907228378E-15, -0.9000000000000000222, 3.936999999999999389 ) ) ;
#2206 = ORIENTED_EDGE ( 'NONE', *, *, #1670, .T. ) ;
#2207 = ORIENTED_EDGE ( 'NONE', *, *, #1568, .F. ) ;
#2208 = DIRECTION ( 'NONE',  ( -0.7071067811865481278, 0.000000000000000000, 0.7071067811865469066 ) ) ;
#2209 = EDGE_CURVE ( 'NONE', #436, #1042, #1502, .T. ) ;
#2210 = EDGE_CURVE ( 'NONE', #1211, #1017, #887, .T. ) ;
#2211 = EDGE_LOOP ( 'NONE', ( #1357, #737, #1347, #1838, #446, #1214, #1332 ) ) ;
#2212 = AXIS2_PLACEMENT_3D ( 'NONE', #99, #1464, #1088 ) ;
#2213 = VECTOR ( 'NONE', #243, 1000.000000000000000 ) ;
#2214 = DIRECTION ( 'NONE',  ( -0.000000000000000000, -1.000000000000000000, -0.000000000000000000 ) ) ;
#2215 = CARTESIAN_POINT ( 'NONE',  ( -1.387778780781445676E-14, 1.949999999999999956, -1.040834085586084257E-14 ) ) ;
#2216 = CIRCLE ( 'NONE', #1022, 1.625000000000003109 ) ;
#2217 = VERTEX_POINT ( 'NONE', #2169 ) ;
#2218 = DIRECTION ( 'NONE',  ( 0.000000000000000000, 0.000000000000000000, -1.000000000000000000 ) ) ;
#2219 = CARTESIAN_POINT ( 'NONE',  ( 6.938893903907228378E-15, -0.9000000000000000222, 4.936999999999999389 ) ) ;
#2220 = DIRECTION ( 'NONE',  ( -1.000000000000000000, 0.000000000000000000, -9.912705577010325549E-17 ) ) ;
#2221 = EDGE_LOOP ( 'NONE', ( #155, #1325 ) ) ;
#2222 = FACE_BOUND ( 'NONE', #2221, .T. ) ;
#2223 = DIRECTION ( 'NONE',  ( 0.000000000000000000, 0.000000000000000000, 1.000000000000000000 ) ) ;
#2224 = ORIENTED_EDGE ( 'NONE', *, *, #1839, .F. ) ;
#2225 = FACE_OUTER_BOUND ( 'NONE', #465, .T. ) ;
#2226 = DIRECTION ( 'NONE',  ( -0.000000000000000000, -1.000000000000000000, -0.000000000000000000 ) ) ;
#2227 = ADVANCED_FACE ( 'NONE', ( #1104 ), #1545, .T. ) ;
#2228 = EDGE_CURVE ( 'NONE', #2217, #1697, #2051, .T. ) ;
#2229 = VERTEX_POINT ( 'NONE', #1296 ) ;
#2230 = DIRECTION ( 'NONE',  ( 0.000000000000000000, 0.000000000000000000, 1.000000000000000000 ) ) ;
#2231 = CARTESIAN_POINT ( 'NONE',  ( 11.60800000000000409, 1.949999999999999956, 2.099999999999997868 ) ) ;
#2232 = DIRECTION ( 'NONE',  ( -0.000000000000000000, -1.000000000000000000, -0.000000000000000000 ) ) ;
#2233 = EDGE_LOOP ( 'NONE', ( #1374, #226, #2287, #1658 ) ) ;
#2234 = DIRECTION ( 'NONE',  ( 0.000000000000000000, 0.000000000000000000, -1.000000000000000000 ) ) ;
#2235 = LINE ( 'NONE', #1159, #1213 ) ;
#2236 = ORIENTED_EDGE ( 'NONE', *, *, #605, .F. ) ;
#2237 = VECTOR ( 'NONE', #789, 1000.000000000000000 ) ;
#2238 = DIRECTION ( 'NONE',  ( -0.000000000000000000, 1.000000000000000000, -0.000000000000000000 ) ) ;
#2239 = DIRECTION ( 'NONE',  ( -0.000000000000000000, -1.000000000000000000, -0.000000000000000000 ) ) ;
#2240 = EDGE_CURVE ( 'NONE', #1991, #1289, #2140, .T. ) ;
#2241 = VERTEX_POINT ( 'NONE', #1960 ) ;
#2242 = EDGE_CURVE ( 'NONE', #561, #1224, #1565, .T. ) ;
#2243 = DIRECTION ( 'NONE',  ( 0.000000000000000000, 0.000000000000000000, -1.000000000000000000 ) ) ;
#2244 = CARTESIAN_POINT ( 'NONE',  ( -17.40908886177704673, 0.000000000000000000, -11.43199999999998617 ) ) ;
#2245 = DIRECTION ( 'NONE',  ( -1.000000000000000000, 0.000000000000000000, 0.000000000000000000 ) ) ;
#2246 = ORIENTED_EDGE ( 'NONE', *, *, #1370, .T. ) ;
#2247 =( NAMED_UNIT ( * ) SI_UNIT ( $, .STERADIAN. ) SOLID_ANGLE_UNIT ( ) );
#2248 = CIRCLE ( 'NONE', #2112, 3.625000000000016875 ) ;
#2249 = VECTOR ( 'NONE', #684, 1000.000000000000000 ) ;
#2250 = EDGE_CURVE ( 'NONE', #1528, #1300, #158, .T. ) ;
#2251 = ORIENTED_EDGE ( 'NONE', *, *, #548, .F. ) ;
#2252 = EDGE_LOOP ( 'NONE', ( #1628, #2730, #151, #1379 ) ) ;
#2253 = AXIS2_PLACEMENT_3D ( 'NONE', #1453, #21, #1442 ) ;
#2254 = DIRECTION ( 'NONE',  ( 0.000000000000000000, 0.000000000000000000, -1.000000000000000000 ) ) ;
#2255 = CARTESIAN_POINT ( 'NONE',  ( -11.60799999999999699, 1.449999999999999956, 0.000000000000000000 ) ) ;
#2256 = AXIS2_PLACEMENT_3D ( 'NONE', #1879, #1840, #1046 ) ;
#2257 = ORIENTED_EDGE ( 'NONE', *, *, #2067, .T. ) ;
#2258 = CARTESIAN_POINT ( 'NONE',  ( 7.030742413843279739E-15, -0.4000000000000000222, -3.186999999999999389 ) ) ;
#2259 = DIRECTION ( 'NONE',  ( 0.000000000000000000, 1.000000000000000000, 0.000000000000000000 ) ) ;
#2260 = EDGE_CURVE ( 'NONE', #1475, #634, #2403, .T. ) ;
#2261 = PLANE ( 'NONE',  #1342 ) ;
#2262 = VERTEX_POINT ( 'NONE', #678 ) ;
#2263 = FACE_OUTER_BOUND ( 'NONE', #2252, .T. ) ;
#2264 = AXIS2_PLACEMENT_3D ( 'NONE', #1137, #91, #1925 ) ;
#2265 = ADVANCED_FACE ( 'NONE', ( #1990 ), #1766, .F. ) ;
#2266 = EDGE_LOOP ( 'NONE', ( #2672, #2644, #543, #215 ) ) ;
#2267 = CARTESIAN_POINT ( 'NONE',  ( -31.00000000000000000, 0.000000000000000000, -8.624999999999992895 ) ) ;
#2268 = AXIS2_PLACEMENT_3D ( 'NONE', #2166, #1052, #1747 ) ;
#2269 = CARTESIAN_POINT ( 'NONE',  ( 34.99999999999999289, -3.600000000000000089, -20.50000000000002132 ) ) ;
#2270 = AXIS2_PLACEMENT_3D ( 'NONE', #2183, #709, #268 ) ;
#2271 = DIRECTION ( 'NONE',  ( -1.000000000000000000, 0.000000000000000000, 0.000000000000000000 ) ) ;
#2272 = EDGE_CURVE ( 'NONE', #882, #718, #2138, .T. ) ;
#2273 = LINE ( 'NONE', #164, #2678 ) ;
#2274 = FILL_AREA_STYLE_COLOUR ( '', #2402 ) ;
#2275 = VERTEX_POINT ( 'NONE', #1530 ) ;
#2276 = DIRECTION ( 'NONE',  ( 0.000000000000000000, -1.000000000000000000, 0.000000000000000000 ) ) ;
#2277 = AXIS2_PLACEMENT_3D ( 'NONE', #891, #2131, #218 ) ;
#2278 = ORIENTED_EDGE ( 'NONE', *, *, #1449, .T. ) ;
#2279 = VERTEX_POINT ( 'NONE', #490 ) ;
#2280 = EDGE_CURVE ( 'NONE', #2275, #2452, #1131, .T. ) ;
#2281 = FACE_OUTER_BOUND ( 'NONE', #2323, .T. ) ;
#2282 = PLANE ( 'NONE',  #1816 ) ;
#2283 = AXIS2_PLACEMENT_3D ( 'NONE', #1818, #744, #2243 ) ;
#2284 = EDGE_CURVE ( 'NONE', #14, #1060, #247, .T. ) ;
#2285 = LINE ( 'NONE', #399, #2336 ) ;
#2286 = CARTESIAN_POINT ( 'NONE',  ( -1.000000000000013323, -1.199999999999999734, 6.325441960843517286 ) ) ;
#2287 = ORIENTED_EDGE ( 'NONE', *, *, #594, .T. ) ;
#2288 = LINE ( 'NONE', #1029, #2569 ) ;
#2289 = ORIENTED_EDGE ( 'NONE', *, *, #783, .T. ) ;
#2290 = ORIENTED_EDGE ( 'NONE', *, *, #846, .T. ) ;
#2291 = VECTOR ( 'NONE', #2440, 1000.000000000000000 ) ;
#2292 = EDGE_CURVE ( 'NONE', #1888, #1306, #23, .T. ) ;
#2293 = CARTESIAN_POINT ( 'NONE',  ( -35.00000000000000711, 0.000000000000000000, 20.49999999999997868 ) ) ;
#2294 = CARTESIAN_POINT ( 'NONE',  ( 9.099911138222951834, 5.083999999999999631, -11.43199999999999861 ) ) ;
#2295 = DIRECTION ( 'NONE',  ( -0.000000000000000000, 1.000000000000000000, -0.000000000000000000 ) ) ;
#2296 = VECTOR ( 'NONE', #1148, 1000.000000000000000 ) ;
#2297 = DIRECTION ( 'NONE',  ( -0.000000000000000000, 1.000000000000000000, -0.000000000000000000 ) ) ;
#2298 = ORIENTED_EDGE ( 'NONE', *, *, #932, .T. ) ;
#2299 = FACE_OUTER_BOUND ( 'NONE', #1189, .T. ) ;
#2300 = ORIENTED_EDGE ( 'NONE', *, *, #1868, .T. ) ;
#2301 = VERTEX_POINT ( 'NONE', #1798 ) ;
#2302 = ORIENTED_EDGE ( 'NONE', *, *, #2344, .F. ) ;
#2303 = DIRECTION ( 'NONE',  ( 1.000000000000000000, 0.000000000000000000, 1.261204315661643205E-16 ) ) ;
#2304 = CARTESIAN_POINT ( 'NONE',  ( 6.938893903907228378E-15, 3.103000000000000203, -3.936999999999999389 ) ) ;
#2305 = AXIS2_PLACEMENT_3D ( 'NONE', #913, #898, #2372 ) ;
#2306 = DIRECTION ( 'NONE',  ( 0.000000000000000000, 0.000000000000000000, -1.000000000000000000 ) ) ;
#2307 = EDGE_CURVE ( 'NONE', #2033, #402, #2235, .T. ) ;
#2308 = CARTESIAN_POINT ( 'NONE',  ( -16.40908886177704318, 5.083999999999999631, -12.43199999999998262 ) ) ;
#2309 = ADVANCED_FACE ( 'NONE', ( #2429 ), #2642, .F. ) ;
#2310 = AXIS2_PLACEMENT_3D ( 'NONE', #2627, #971, #1173 ) ;
#2311 = ORIENTED_EDGE ( 'NONE', *, *, #2554, .F. ) ;
#2312 = FACE_BOUND ( 'NONE', #2566, .T. ) ;
#2313 = PRESENTATION_LAYER_ASSIGNMENT (  '', '', ( #999 ) ) ;
#2314 = CARTESIAN_POINT ( 'NONE',  ( -1.309352399764049246E-14, -3.600000000000000089, -6.404000000000010573 ) ) ;
#2315 = EDGE_LOOP ( 'NONE', ( #1896, #1805 ) ) ;
#2316 = EDGE_LOOP ( 'NONE', ( #2431, #983, #2538, #1858, #570, #2137 ) ) ;
#2317 = CONICAL_SURFACE ( 'NONE', #1127, 3.624999999999987566, 0.7853981633974473908 ) ;
#2318 = ORIENTED_EDGE ( 'NONE', *, *, #2045, .F. ) ;
#2319 = CARTESIAN_POINT ( 'NONE',  ( 0.9999999999999867883, -0.9000000000000000222, 0.000000000000000000 ) ) ;
#2320 = DIRECTION ( 'NONE',  ( -0.000000000000000000, -1.000000000000000000, -0.000000000000000000 ) ) ;
#2321 = CARTESIAN_POINT ( 'NONE',  ( 31.00000000000000000, 0.000000000000000000, -8.625000000000026645 ) ) ;
#2322 = EDGE_CURVE ( 'NONE', #368, #779, #2673, .T. ) ;
#2323 = EDGE_LOOP ( 'NONE', ( #788, #1709, #661, #1669 ) ) ;
#2324 = PLANE ( 'NONE',  #672 ) ;
#2325 = CARTESIAN_POINT ( 'NONE',  ( 10.09991113822295361, 1.949999999999999956, -10.00000000000000000 ) ) ;
#2326 = CARTESIAN_POINT ( 'NONE',  ( 16.40908886177703963, 0.000000000000000000, 12.43199999999998262 ) ) ;
#2327 = ORIENTED_EDGE ( 'NONE', *, *, #293, .F. ) ;
#2328 = ORIENTED_EDGE ( 'NONE', *, *, #1757, .T. ) ;
#2329 = ORIENTED_EDGE ( 'NONE', *, *, #214, .T. ) ;
#2330 = LINE ( 'NONE', #1740, #2213 ) ;
#2331 = VECTOR ( 'NONE', #889, 999.9999999999998863 ) ;
#2332 = DIRECTION ( 'NONE',  ( -0.000000000000000000, 1.000000000000000000, -0.000000000000000000 ) ) ;
#2333 = FACE_OUTER_BOUND ( 'NONE', #1861, .T. ) ;
#2334 = VECTOR ( 'NONE', #2583, 1000.000000000000000 ) ;
#2335 = ORIENTED_EDGE ( 'NONE', *, *, #291, .F. ) ;
#2336 = VECTOR ( 'NONE', #1230, 1000.000000000000000 ) ;
#2337 = DIRECTION ( 'NONE',  ( 0.000000000000000000, 0.000000000000000000, -1.000000000000000000 ) ) ;
#2338 = CARTESIAN_POINT ( 'NONE',  ( -33.00000000000001421, 0.000000000000000000, -22.50000000000001776 ) ) ;
#2339 = EDGE_CURVE ( 'NONE', #855, #193, #2019, .T. ) ;
#2340 = VECTOR ( 'NONE', #2552, 1000.000000000000000 ) ;
#2341 = CARTESIAN_POINT ( 'NONE',  ( 11.60800000000000409, 1.049999999999984945, -2.100000000000003642 ) ) ;
#2342 = VERTEX_POINT ( 'NONE', #342 ) ;
#2343 = ORIENTED_EDGE ( 'NONE', *, *, #1959, .T. ) ;
#2344 = EDGE_CURVE ( 'NONE', #1494, #2382, #2489, .T. ) ;
#2345 = VECTOR ( 'NONE', #830, 1000.000000000000000 ) ;
#2346 = EDGE_LOOP ( 'NONE', ( #1969, #1200, #1707, #2024 ) ) ;
#2347 = DIRECTION ( 'NONE',  ( 0.000000000000000000, 1.000000000000000000, 0.000000000000000000 ) ) ;
#2348 = DIRECTION ( 'NONE',  ( -1.352083769272656622E-15, 0.000000000000000000, 1.000000000000000000 ) ) ;
#2349 = CARTESIAN_POINT ( 'NONE',  ( 17.40908886177704673, 5.083999999999999631, 9.865999999999997883 ) ) ;
#2350 = SHAPE_DEFINITION_REPRESENTATION ( #335, #1275 ) ;
#2351 = ORIENTED_EDGE ( 'NONE', *, *, #2582, .F. ) ;
#2352 = DIRECTION ( 'NONE',  ( 0.000000000000000000, 0.000000000000000000, 1.000000000000000000 ) ) ;
#2353 = EDGE_CURVE ( 'NONE', #323, #1626, #426, .T. ) ;
#2354 = LINE ( 'NONE', #1526, #536 ) ;
#2355 = AXIS2_PLACEMENT_3D ( 'NONE', #80, #979, #1820 ) ;
#2356 = CARTESIAN_POINT ( 'NONE',  ( -1.000000000000013323, -1.199999999999999956, 0.000000000000000000 ) ) ;
#2357 = ORIENTED_EDGE ( 'NONE', *, *, #790, .F. ) ;
#2358 = EDGE_LOOP ( 'NONE', ( #844, #972, #900, #2153, #2493, #384, #2669, #820 ) ) ;
#2359 = CARTESIAN_POINT ( 'NONE',  ( 6.938893903907228378E-15, -0.9000000000000000222, 3.936999999999999389 ) ) ;
#2360 = ADVANCED_FACE ( 'NONE', ( #1603 ), #559, .T. ) ;
#2361 = ADVANCED_FACE ( 'NONE', ( #2005 ), #1120, .F. ) ;
#2362 = ORIENTED_EDGE ( 'NONE', *, *, #1684, .F. ) ;
#2363 = CARTESIAN_POINT ( 'NONE',  ( 16.40908886177703963, 5.083999999999999631, 12.43199999999998262 ) ) ;
#2364 = AXIS2_PLACEMENT_3D ( 'NONE', #973, #785, #2254 ) ;
#2365 = CARTESIAN_POINT ( 'NONE',  ( -35.00000000000000711, 0.000000000000000000, 20.49999999999997868 ) ) ;
#2366 = CARTESIAN_POINT ( 'NONE',  ( -35.00000000000000711, -3.600000000000000089, 20.49999999999997868 ) ) ;
#2367 = EDGE_CURVE ( 'NONE', #41, #1924, #778, .T. ) ;
#2368 = ORIENTED_EDGE ( 'NONE', *, *, #1808, .T. ) ;
#2369 = DIRECTION ( 'NONE',  ( 0.000000000000000000, 0.000000000000000000, 1.000000000000000000 ) ) ;
#2370 = FACE_OUTER_BOUND ( 'NONE', #1032, .T. ) ;
#2371 = AXIS2_PLACEMENT_3D ( 'NONE', #2677, #1635, #1842 ) ;
#2372 = DIRECTION ( 'NONE',  ( -0.000000000000000000, 0.000000000000000000, 1.000000000000000000 ) ) ;
#2373 = VERTEX_POINT ( 'NONE', #1085 ) ;
#2374 = VERTEX_POINT ( 'NONE', #1513 ) ;
#2375 = DIRECTION ( 'NONE',  ( 0.000000000000000000, 0.000000000000000000, 1.000000000000000000 ) ) ;
#2376 = EDGE_LOOP ( 'NONE', ( #2065, #727, #144, #804, #16, #1889, #2522, #28 ) ) ;
#2377 = LINE ( 'NONE', #1075, #186 ) ;
#2378 = EDGE_CURVE ( 'NONE', #1629, #2117, #1732, .T. ) ;
#2379 = DIRECTION ( 'NONE',  ( 0.000000000000000000, 0.000000000000000000, -1.000000000000000000 ) ) ;
#2380 = CIRCLE ( 'NONE', #447, 1.650000000000000577 ) ;
#2381 = DIRECTION ( 'NONE',  ( -1.261204315661643205E-16, 0.000000000000000000, 1.000000000000000000 ) ) ;
#2382 = VERTEX_POINT ( 'NONE', #1261 ) ;
#2383 = FACE_OUTER_BOUND ( 'NONE', #101, .T. ) ;
#2384 = DIRECTION ( 'NONE',  ( 0.000000000000000000, -1.000000000000000000, 0.000000000000000000 ) ) ;
#2385 = FACE_OUTER_BOUND ( 'NONE', #1941, .T. ) ;
#2386 = VERTEX_POINT ( 'NONE', #2326 ) ;
#2387 = DIRECTION ( 'NONE',  ( 0.000000000000000000, 0.000000000000000000, 1.000000000000000000 ) ) ;
#2388 = VECTOR ( 'NONE', #1252, 1000.000000000000000 ) ;
#2389 = DIRECTION ( 'NONE',  ( 0.000000000000000000, 0.000000000000000000, 1.000000000000000000 ) ) ;
#2390 = CIRCLE ( 'NONE', #100, 1.650000000000000577 ) ;
#2391 = ORIENTED_EDGE ( 'NONE', *, *, #2284, .T. ) ;
#2392 = PLANE ( 'NONE',  #1495 ) ;
#2393 = AXIS2_PLACEMENT_3D ( 'NONE', #2190, #276, #1570 ) ;
#2394 = CARTESIAN_POINT ( 'NONE',  ( -1.000000000000013323, -0.9000000000000000222, -1.040834085586084257E-14 ) ) ;
#2395 = ORIENTED_EDGE ( 'NONE', *, *, #888, .F. ) ;
#2396 = EDGE_CURVE ( 'NONE', #1167, #117, #1706, .T. ) ;
#2397 = DIRECTION ( 'NONE',  ( 1.000000000000000000, 0.000000000000000000, 0.000000000000000000 ) ) ;
#2398 = DIRECTION ( 'NONE',  ( 0.000000000000000000, -1.000000000000000000, 0.000000000000000000 ) ) ;
#2399 = DIRECTION ( 'NONE',  ( 0.000000000000000000, 1.000000000000000000, -0.000000000000000000 ) ) ;
#2400 = VERTEX_POINT ( 'NONE', #238 ) ;
#2401 = CARTESIAN_POINT ( 'NONE',  ( -10.09991113822295361, 0.000000000000000000, 12.43199999999999328 ) ) ;
#2402 = COLOUR_RGB ( '',0.2509803921568627416, 0.2509803921568627416, 0.2509803921568627416 ) ;
#2403 = LINE ( 'NONE', #2568, #861 ) ;
#2404 = VECTOR ( 'NONE', #1367, 1000.000000000000000 ) ;
#2405 = EDGE_LOOP ( 'NONE', ( #145, #690, #327, #876, #2189, #2094, #2391, #560 ) ) ;
#2406 = DIRECTION ( 'NONE',  ( 0.000000000000000000, 0.000000000000000000, -1.000000000000000000 ) ) ;
#2407 = FACE_BOUND ( 'NONE', #1171, .T. ) ;
#2408 = CIRCLE ( 'NONE', #1616, 0.7500000000000006661 ) ;
#2409 = ORIENTED_EDGE ( 'NONE', *, *, #680, .T. ) ;
#2410 = FACE_OUTER_BOUND ( 'NONE', #1476, .T. ) ;
#2411 = CARTESIAN_POINT ( 'NONE',  ( -1.387778780781445676E-14, 1.949999999999999956, -7.650000000000011013 ) ) ;
#2412 = EDGE_CURVE ( 'NONE', #2597, #2148, #1738, .T. ) ;
#2413 = EDGE_CURVE ( 'NONE', #1884, #707, #1940, .T. ) ;
#2414 = DIRECTION ( 'NONE',  ( 0.000000000000000000, 0.000000000000000000, -1.000000000000000000 ) ) ;
#2415 = EDGE_LOOP ( 'NONE', ( #134, #1622, #1810, #1263, #2034 ) ) ;
#2416 = DIRECTION ( 'NONE',  ( -0.000000000000000000, 1.000000000000000000, -0.000000000000000000 ) ) ;
#2417 = CARTESIAN_POINT ( 'NONE',  ( -1.387778780781445676E-14, -3.600000000000000089, -1.040834085586084257E-14 ) ) ;
#2418 = EDGE_LOOP ( 'NONE', ( #1133, #1690 ) ) ;
#2419 = DIRECTION ( 'NONE',  ( -0.000000000000000000, 1.000000000000000000, -0.000000000000000000 ) ) ;
#2420 = CARTESIAN_POINT ( 'NONE',  ( 31.00000000000000000, -2.000000000000014211, -3.375000000000005773 ) ) ;
#2421 = VERTEX_POINT ( 'NONE', #1927 ) ;
#2422 = LINE ( 'NONE', #758, #2643 ) ;
#2423 = DIRECTION ( 'NONE',  ( -0.000000000000000000, 1.000000000000000000, -0.000000000000000000 ) ) ;
#2424 = VECTOR ( 'NONE', #2014, 1000.000000000000000 ) ;
#2425 = CARTESIAN_POINT ( 'NONE',  ( 2.230358754827324703E-15, 0.000000000000000000, -22.50000000000001421 ) ) ;
#2426 = EDGE_LOOP ( 'NONE', ( #2726, #1206, #85, #1145 ) ) ;
#2427 = DIRECTION ( 'NONE',  ( 0.000000000000000000, -1.000000000000000000, -0.000000000000000000 ) ) ;
#2428 = CARTESIAN_POINT ( 'NONE',  ( 6.938893903907228378E-15, -0.4000000000000000222, 3.186999999999998945 ) ) ;
#2429 = FACE_OUTER_BOUND ( 'NONE', #1364, .T. ) ;
#2430 = VERTEX_POINT ( 'NONE', #1113 ) ;
#2431 = ORIENTED_EDGE ( 'NONE', *, *, #1751, .F. ) ;
#2432 = VECTOR ( 'NONE', #756, 1000.000000000000000 ) ;
#2433 = ADVANCED_FACE ( 'NONE', ( #2579 ), #1693, .T. ) ;
#2434 = EDGE_CURVE ( 'NONE', #1813, #2108, #1955, .T. ) ;
#2435 = VECTOR ( 'NONE', #290, 1000.000000000000000 ) ;
#2436 = CARTESIAN_POINT ( 'NONE',  ( -31.00000000000000711, -0.4000000000000000222, 14.99999999999998401 ) ) ;
#2437 = DIRECTION ( 'NONE',  ( 0.000000000000000000, 1.000000000000000000, -0.000000000000000000 ) ) ;
#2438 = EDGE_LOOP ( 'NONE', ( #2047, #445, #1553, #1679, #2656, #2084 ) ) ;
#2439 = DIRECTION ( 'NONE',  ( -0.000000000000000000, -1.000000000000000000, -0.000000000000000000 ) ) ;
#2440 = DIRECTION ( 'NONE',  ( 8.659560562354927928E-17, 0.7071067811865481278, -0.7071067811865470176 ) ) ;
#2441 = CARTESIAN_POINT ( 'NONE',  ( -1.387778780781445676E-14, 3.103000000000000203, -1.040834085586084257E-14 ) ) ;
#2442 = ORIENTED_EDGE ( 'NONE', *, *, #713, .F. ) ;
#2443 = CARTESIAN_POINT ( 'NONE',  ( 0.9999999999999867883, -1.199999999999999956, -6.325441960843536826 ) ) ;
#2444 = DIRECTION ( 'NONE',  ( -0.000000000000000000, 1.000000000000000000, -0.000000000000000000 ) ) ;
#2445 = VERTEX_POINT ( 'NONE', #2548 ) ;
#2446 = VECTOR ( 'NONE', #1794, 1000.000000000000000 ) ;
#2447 = ADVANCED_FACE ( 'NONE', ( #53 ), #880, .T. ) ;
#2448 = DIRECTION ( 'NONE',  ( 0.000000000000000000, 0.000000000000000000, -1.000000000000000000 ) ) ;
#2449 = CARTESIAN_POINT ( 'NONE',  ( 6.938893903907228378E-15, -0.9000000000000000222, 3.936999999999999389 ) ) ;
#2450 = EDGE_CURVE ( 'NONE', #1086, #922, #65, .T. ) ;
#2451 = CIRCLE ( 'NONE', #781, 1.625000000000003997 ) ;
#2452 = VERTEX_POINT ( 'NONE', #2593 ) ;
#2453 = LINE ( 'NONE', #990, #2722 ) ;
#2454 = CIRCLE ( 'NONE', #389, 1.000000000000000000 ) ;
#2455 = EDGE_CURVE ( 'NONE', #771, #256, #1518, .T. ) ;
#2456 = DIRECTION ( 'NONE',  ( 0.000000000000000000, 0.000000000000000000, -1.000000000000000000 ) ) ;
#2457 = CIRCLE ( 'NONE', #1255, 1.699999999999993072 ) ;
#2458 = CARTESIAN_POINT ( 'NONE',  ( -1.387778780781445676E-14, 3.103000000000000203, -1.040834085586084257E-14 ) ) ;
#2459 = ORIENTED_EDGE ( 'NONE', *, *, #1095, .F. ) ;
#2460 = ORIENTED_EDGE ( 'NONE', *, *, #2307, .F. ) ;
#2461 = ORIENTED_EDGE ( 'NONE', *, *, #654, .F. ) ;
#2462 = CARTESIAN_POINT ( 'NONE',  ( -11.60799999999999699, 1.049999999999984945, 0.000000000000000000 ) ) ;
#2463 = EDGE_CURVE ( 'NONE', #1626, #2096, #706, .T. ) ;
#2464 = CARTESIAN_POINT ( 'NONE',  ( -31.00000000000000711, -3.600000000000000089, 14.99999999999998401 ) ) ;
#2465 = ORIENTED_EDGE ( 'NONE', *, *, #2396, .T. ) ;
#2466 = FACE_OUTER_BOUND ( 'NONE', #303, .T. ) ;
#2467 = CARTESIAN_POINT ( 'NONE',  ( -1.309352399764049246E-14, -3.600000000000000089, -6.404000000000010573 ) ) ;
#2468 = ORIENTED_EDGE ( 'NONE', *, *, #2228, .F. ) ;
#2469 = FILL_AREA_STYLE_COLOUR ( '', #641 ) ;
#2470 = CIRCLE ( 'NONE', #1190, 1.000000000000000888 ) ;
#2471 = VECTOR ( 'NONE', #1966, 1000.000000000000000 ) ;
#2472 = VERTEX_POINT ( 'NONE', #13 ) ;
#2473 = ORIENTED_EDGE ( 'NONE', *, *, #2010, .T. ) ;
#2474 = EDGE_CURVE ( 'NONE', #54, #561, #2534, .T. ) ;
#2475 = FACE_OUTER_BOUND ( 'NONE', #2584, .T. ) ;
#2476 = DIRECTION ( 'NONE',  ( 0.000000000000000000, -1.000000000000000000, 0.000000000000000000 ) ) ;
#2477 = VECTOR ( 'NONE', #1947, 1000.000000000000114 ) ;
#2478 = CIRCLE ( 'NONE', #1640, 1.699999999999993072 ) ;
#2479 = LINE ( 'NONE', #592, #1885 ) ;
#2480 = FACE_OUTER_BOUND ( 'NONE', #1404, .T. ) ;
#2481 = EDGE_CURVE ( 'NONE', #2523, #2096, #1607, .T. ) ;
#2482 = SURFACE_STYLE_USAGE ( .BOTH. , #1641 ) ;
#2483 = ORIENTED_EDGE ( 'NONE', *, *, #499, .F. ) ;
#2484 = VERTEX_POINT ( 'NONE', #2123 ) ;
#2485 = ORIENTED_EDGE ( 'NONE', *, *, #1839, .T. ) ;
#2486 = LINE ( 'NONE', #823, #1596 ) ;
#2487 = AXIS2_PLACEMENT_3D ( 'NONE', #1558, #2232, #2028 ) ;
#2488 = LINE ( 'NONE', #2061, #2558 ) ;
#2489 = CIRCLE ( 'NONE', #1302, 1.000000000000000000 ) ;
#2490 = DIRECTION ( 'NONE',  ( -0.000000000000000000, 1.000000000000000000, -0.000000000000000000 ) ) ;
#2491 = DIRECTION ( 'NONE',  ( 0.000000000000000000, 0.000000000000000000, -1.000000000000000000 ) ) ;
#2492 = DIRECTION ( 'NONE',  ( -0.000000000000000000, 0.000000000000000000, 1.000000000000000000 ) ) ;
#2493 = ORIENTED_EDGE ( 'NONE', *, *, #1179, .F. ) ;
#2494 = CARTESIAN_POINT ( 'NONE',  ( -1.387778780781445676E-14, -0.4000000000000000222, -0.7500000000000111022 ) ) ;
#2495 = ADVANCED_FACE ( 'NONE', ( #1913 ), #467, .F. ) ;
#2496 = CIRCLE ( 'NONE', #163, 1.625000000000003997 ) ;
#2497 = ORIENTED_EDGE ( 'NONE', *, *, #2572, .T. ) ;
#2498 = VERTEX_POINT ( 'NONE', #2341 ) ;
#2499 = CARTESIAN_POINT ( 'NONE',  ( -1.244304177831776715E-15, 1.949999999999999956, 9.865999999999996106 ) ) ;
#2500 = DIRECTION ( 'NONE',  ( 0.000000000000000000, -1.000000000000000000, 0.000000000000000000 ) ) ;
#2501 = CIRCLE ( 'NONE', #354, 1.000000000000000000 ) ;
#2502 = CARTESIAN_POINT ( 'NONE',  ( 11.60800000000000409, 1.449999999999999956, -1.699999999999995959 ) ) ;
#2503 = DIRECTION ( 'NONE',  ( -0.000000000000000000, 1.000000000000000000, -0.000000000000000000 ) ) ;
#2504 = CARTESIAN_POINT ( 'NONE',  ( 34.99999999999999289, 0.000000000000000000, -20.50000000000002132 ) ) ;
#2505 = ORIENTED_EDGE ( 'NONE', *, *, #2729, .T. ) ;
#2506 = CARTESIAN_POINT ( 'NONE',  ( -1.387778780781445676E-14, -0.3999999999999999667, 0.9999999999999895639 ) ) ;
#2507 = EDGE_LOOP ( 'NONE', ( #1028, #1978, #1426, #1775 ) ) ;
#2508 = ORIENTED_EDGE ( 'NONE', *, *, #345, .T. ) ;
#2509 = EDGE_CURVE ( 'NONE', #1697, #2217, #2092, .T. ) ;
#2510 = ORIENTED_EDGE ( 'NONE', *, *, #1, .T. ) ;
#2511 = LINE ( 'NONE', #1462, #1945 ) ;
#2512 = EDGE_CURVE ( 'NONE', #1123, #508, #942, .T. ) ;
#2513 = CARTESIAN_POINT ( 'NONE',  ( -1.378593929787840539E-14, 3.103000000000000203, 0.7499999999999902300 ) ) ;
#2514 = LINE ( 'NONE', #428, #1769 ) ;
#2515 = CIRCLE ( 'NONE', #2116, 1.650000000000000577 ) ;
#2516 = CARTESIAN_POINT ( 'NONE',  ( -11.60799999999999699, 1.449999999999999956, 0.000000000000000000 ) ) ;
#2517 = VERTEX_POINT ( 'NONE', #1809 ) ;
#2518 = LINE ( 'NONE', #2119, #894 ) ;
#2519 = UNCERTAINTY_MEASURE_WITH_UNIT (LENGTH_MEASURE( 1.000000000000000082E-05 ), #1381, 'distance_accuracy_value', 'NONE');
#2520 = ORIENTED_EDGE ( 'NONE', *, *, #1675, .F. ) ;
#2521 = CIRCLE ( 'NONE', #150, 1.699999999999993072 ) ;
#2522 = ORIENTED_EDGE ( 'NONE', *, *, #1919, .T. ) ;
#2523 = VERTEX_POINT ( 'NONE', #925 ) ;
#2524 = FACE_OUTER_BOUND ( 'NONE', #182, .T. ) ;
#2525 = EDGE_CURVE ( 'NONE', #240, #2301, #20, .T. ) ;
#2526 = ADVANCED_FACE ( 'NONE', ( #1353 ), #1973, .F. ) ;
#2527 = CIRCLE ( 'NONE', #114, 1.000000000000000888 ) ;
#2528 = DIRECTION ( 'NONE',  ( 0.000000000000000000, -1.000000000000000000, 0.000000000000000000 ) ) ;
#2529 = CARTESIAN_POINT ( 'NONE',  ( 31.00000000000000000, -3.600000000000000089, -5.000000000000009770 ) ) ;
#2530 = EDGE_LOOP ( 'NONE', ( #1174, #2580 ) ) ;
#2531 = ADVANCED_FACE ( 'NONE', ( #761 ), #504, .F. ) ;
#2532 = DIRECTION ( 'NONE',  ( -0.000000000000000000, 1.000000000000000000, -0.000000000000000000 ) ) ;
#2533 = PLANE ( 'NONE',  #314 ) ;
#2534 = LINE ( 'NONE', #647, #992 ) ;
#2535 = ORIENTED_EDGE ( 'NONE', *, *, #1132, .T. ) ;
#2536 = ORIENTED_EDGE ( 'NONE', *, *, #118, .F. ) ;
#2537 = CIRCLE ( 'NONE', #2098, 14.50000000000000000 ) ;
#2538 = ORIENTED_EDGE ( 'NONE', *, *, #1351, .T. ) ;
#2539 = DIRECTION ( 'NONE',  ( 0.000000000000000000, 1.000000000000000000, -0.000000000000000000 ) ) ;
#2540 = EDGE_CURVE ( 'NONE', #1739, #841, #2179, .T. ) ;
#2541 = CARTESIAN_POINT ( 'NONE',  ( -11.60799999999999699, 1.049999999999984945, 2.100000000000000533 ) ) ;
#2542 = CYLINDRICAL_SURFACE ( 'NONE', #1082, 1.650000000000000577 ) ;
#2543 = DIRECTION ( 'NONE',  ( 1.000000000000000000, 0.000000000000000000, 0.000000000000000000 ) ) ;
#2544 = EDGE_LOOP ( 'NONE', ( #513, #518, #1664, #2351, #1411, #2614 ) ) ;
#2545 = EDGE_CURVE ( 'NONE', #858, #1696, #1139, .T. ) ;
#2546 = DIRECTION ( 'NONE',  ( 0.000000000000000000, 0.000000000000000000, 1.000000000000000000 ) ) ;
#2547 = DIRECTION ( 'NONE',  ( -1.000000000000000000, 0.000000000000000000, -1.261204315661643205E-16 ) ) ;
#2548 = CARTESIAN_POINT ( 'NONE',  ( -10.09991113822295361, 1.949999999999999956, 9.865999999999994330 ) ) ;
#2549 = ORIENTED_EDGE ( 'NONE', *, *, #1479, .T. ) ;
#2550 = ORIENTED_EDGE ( 'NONE', *, *, #904, .F. ) ;
#2551 = EDGE_LOOP ( 'NONE', ( #2357, #2302 ) ) ;
#2552 = DIRECTION ( 'NONE',  ( 0.000000000000000000, -1.000000000000000000, 0.000000000000000000 ) ) ;
#2553 = VECTOR ( 'NONE', #26, 1000.000000000000000 ) ;
#2554 = EDGE_CURVE ( 'NONE', #2003, #2058, #2650, .T. ) ;
#2555 = LINE ( 'NONE', #2130, #2249 ) ;
#2556 = CARTESIAN_POINT ( 'NONE',  ( -9.099911138222951834, 5.083999999999999631, 11.43199999999999505 ) ) ;
#2557 = DIRECTION ( 'NONE',  ( 0.000000000000000000, 0.000000000000000000, 1.000000000000000000 ) ) ;
#2558 = VECTOR ( 'NONE', #2721, 1000.000000000000000 ) ;
#2559 = ORIENTED_EDGE ( 'NONE', *, *, #1377, .F. ) ;
#2560 = CARTESIAN_POINT ( 'NONE',  ( -16.40908886177704318, 5.083999999999999631, -11.43199999999998440 ) ) ;
#2561 = CARTESIAN_POINT ( 'NONE',  ( 31.00000000000000711, -0.4000000000000000222, 13.37499999999998757 ) ) ;
#2562 = EDGE_CURVE ( 'NONE', #1560, #2126, #2192, .T. ) ;
#2563 = AXIS2_PLACEMENT_3D ( 'NONE', #409, #2087, #1218 ) ;
#2564 = EDGE_CURVE ( 'NONE', #1585, #2620, #905, .T. ) ;
#2565 = DIRECTION ( 'NONE',  ( -0.000000000000000000, 1.000000000000000000, -0.000000000000000000 ) ) ;
#2566 = EDGE_LOOP ( 'NONE', ( #2468, #620 ) ) ;
#2567 = EDGE_LOOP ( 'NONE', ( #1444, #632, #1360, #1795, #462, #1733 ) ) ;
#2568 = CARTESIAN_POINT ( 'NONE',  ( 17.40908886177704673, 5.083999999999999631, 9.865999999999997883 ) ) ;
#2569 = VECTOR ( 'NONE', #403, 1000.000000000000000 ) ;
#2570 = ORIENTED_EDGE ( 'NONE', *, *, #767, .F. ) ;
#2571 = CARTESIAN_POINT ( 'NONE',  ( -27.75000000000001776, -3.600000000000000089, -27.75000000000001776 ) ) ;
#2572 = EDGE_CURVE ( 'NONE', #1341, #2575, #2671, .T. ) ;
#2573 = DIRECTION ( 'NONE',  ( -0.000000000000000000, 1.000000000000000000, -0.000000000000000000 ) ) ;
#2574 = CARTESIAN_POINT ( 'NONE',  ( -11.60799999999999699, 1.449999999999999956, 0.000000000000000000 ) ) ;
#2575 = VERTEX_POINT ( 'NONE', #110 ) ;
#2576 = DIRECTION ( 'NONE',  ( 0.000000000000000000, 0.000000000000000000, 1.000000000000000000 ) ) ;
#2577 = DIRECTION ( 'NONE',  ( 0.000000000000000000, 1.000000000000000000, 0.000000000000000000 ) ) ;
#2578 =( GEOMETRIC_REPRESENTATION_CONTEXT ( 3 ) GLOBAL_UNCERTAINTY_ASSIGNED_CONTEXT ( ( #105 ) ) GLOBAL_UNIT_ASSIGNED_CONTEXT ( ( #1857, #2702, #993 ) ) REPRESENTATION_CONTEXT ( 'NONE', 'WORKASPACE' ) );
#2579 = FACE_OUTER_BOUND ( 'NONE', #1314, .T. ) ;
#2580 = ORIENTED_EDGE ( 'NONE', *, *, #2525, .F. ) ;
#2581 = CYLINDRICAL_SURFACE ( 'NONE', #2613, 1.000000000000000888 ) ;
#2582 = EDGE_CURVE ( 'NONE', #1066, #623, #748, .T. ) ;
#2583 = DIRECTION ( 'NONE',  ( 0.000000000000000000, 0.000000000000000000, -1.000000000000000000 ) ) ;
#2584 = EDGE_LOOP ( 'NONE', ( #2300, #2020, #2368, #1575 ) ) ;
#2585 = AXIS2_PLACEMENT_3D ( 'NONE', #2516, #1882, #1004 ) ;
#2586 = DIRECTION ( 'NONE',  ( -0.000000000000000000, -1.000000000000000000, -0.000000000000000000 ) ) ;
#2587 = AXIS2_PLACEMENT_3D ( 'NONE', #769, #1827, #2406 ) ;
#2588 = CARTESIAN_POINT ( 'NONE',  ( 11.60800000000000409, -3.600000000000000089, -2.843140008900496207E-15 ) ) ;
#2589 = DIRECTION ( 'NONE',  ( 0.000000000000000000, 1.000000000000000000, 0.000000000000000000 ) ) ;
#2590 = ORIENTED_EDGE ( 'NONE', *, *, #461, .F. ) ;
#2591 = DIRECTION ( 'NONE',  ( 0.000000000000000000, 0.000000000000000000, -1.000000000000000000 ) ) ;
#2592 = DIRECTION ( 'NONE',  ( 1.000000000000000000, -0.000000000000000000, 0.000000000000000000 ) ) ;
#2593 = CARTESIAN_POINT ( 'NONE',  ( -10.09991113822295361, 1.949999999999999956, 10.00000000000000000 ) ) ;
#2594 = EDGE_LOOP ( 'NONE', ( #943, #1354 ) ) ;
#2595 = CARTESIAN_POINT ( 'NONE',  ( -11.60799999999999699, 1.449999999999999956, 0.000000000000000000 ) ) ;
#2596 = CARTESIAN_POINT ( 'NONE',  ( -31.00000000000000000, 0.000000000000000000, -5.000000000000002665 ) ) ;
#2597 = VERTEX_POINT ( 'NONE', #1600 ) ;
#2598 = EDGE_CURVE ( 'NONE', #2517, #841, #294, .T. ) ;
#2599 = PLANE ( 'NONE',  #89 ) ;
#2600 = CIRCLE ( 'NONE', #1848, 1.000000000000000888 ) ;
#2601 = DIRECTION ( 'NONE',  ( 0.000000000000000000, 0.000000000000000000, -1.000000000000000000 ) ) ;
#2602 = AXIS2_PLACEMENT_3D ( 'NONE', #1979, #2332, #933 ) ;
#2603 = ORIENTED_EDGE ( 'NONE', *, *, #102, .F. ) ;
#2604 = PLANE ( 'NONE',  #2173 ) ;
#2605 = CARTESIAN_POINT ( 'NONE',  ( 31.00000000000000000, 0.000000000000000000, -5.000000000000009770 ) ) ;
#2606 = VECTOR ( 'NONE', #1403, 1000.000000000000000 ) ;
#2607 = AXIS2_PLACEMENT_3D ( 'NONE', #1026, #2320, #2102 ) ;
#2608 = FACE_BOUND ( 'NONE', #607, .T. ) ;
#2609 = ORIENTED_EDGE ( 'NONE', *, *, #1161, .F. ) ;
#2610 = ORIENTED_EDGE ( 'NONE', *, *, #1093, .F. ) ;
#2611 = VECTOR ( 'NONE', #601, 1000.000000000000000 ) ;
#2612 = CARTESIAN_POINT ( 'NONE',  ( 17.40908886177704318, 0.000000000000000000, 11.43199999999998617 ) ) ;
#2613 = AXIS2_PLACEMENT_3D ( 'NONE', #296, #805, #1212 ) ;
#2614 = ORIENTED_EDGE ( 'NONE', *, *, #2165, .T. ) ;
#2615 = ADVANCED_FACE ( 'NONE', ( #1763, #338, #2608, #1128, #1170, #2016 ), #127, .F. ) ;
#2616 = DIRECTION ( 'NONE',  ( 0.000000000000000000, -1.000000000000000000, 0.000000000000000000 ) ) ;
#2617 = AXIS2_PLACEMENT_3D ( 'NONE', #2560, #671, #2576 ) ;
#2618 = EDGE_CURVE ( 'NONE', #1884, #649, #287, .T. ) ;
#2619 = CARTESIAN_POINT ( 'NONE',  ( -11.60799999999999699, 1.449999999999999956, 1.699999999999993072 ) ) ;
#2620 = VERTEX_POINT ( 'NONE', #141 ) ;
#2621 = CYLINDRICAL_SURFACE ( 'NONE', #2264, 6.403999999999999915 ) ;
#2622 = DIRECTION ( 'NONE',  ( 0.000000000000000000, 0.000000000000000000, 1.000000000000000000 ) ) ;
#2623 = DIRECTION ( 'NONE',  ( 0.000000000000000000, 1.000000000000000000, -0.000000000000000000 ) ) ;
#2624 = EDGE_LOOP ( 'NONE', ( #2207, #178, #1563, #1614 ) ) ;
#2625 = DIRECTION ( 'NONE',  ( 0.000000000000000000, 1.000000000000000000, 0.000000000000000000 ) ) ;
#2626 = AXIS2_PLACEMENT_3D ( 'NONE', #1485, #444, #1276 ) ;
#2627 = CARTESIAN_POINT ( 'NONE',  ( -11.60799999999999699, -3.600000000000000089, 0.000000000000000000 ) ) ;
#2628 = AXIS2_PLACEMENT_3D ( 'NONE', #884, #1722, #2195 ) ;
#2629 = ORIENTED_EDGE ( 'NONE', *, *, #463, .F. ) ;
#2630 = DIRECTION ( 'NONE',  ( 0.000000000000000000, -1.000000000000000000, 0.000000000000000000 ) ) ;
#2631 = CYLINDRICAL_SURFACE ( 'NONE', #1721, 14.50000000000000000 ) ;
#2632 = CIRCLE ( 'NONE', #522, 6.403999999999999915 ) ;
#2633 = ADVANCED_FACE ( 'NONE', ( #2385 ), #1828, .F. ) ;
#2634 = ORIENTED_EDGE ( 'NONE', *, *, #48, .F. ) ;
#2635 = CARTESIAN_POINT ( 'NONE',  ( 11.60800000000000409, 1.949999999999999956, -1.650000000000003464 ) ) ;
#2636 = CARTESIAN_POINT ( 'NONE',  ( -1.387778780781445676E-14, -0.3999999999999999667, -1.040834085586084257E-14 ) ) ;
#2637 = EDGE_CURVE ( 'NONE', #1560, #1473, #1564, .T. ) ;
#2638 = DIRECTION ( 'NONE',  ( 0.000000000000000000, 1.000000000000000000, 0.000000000000000000 ) ) ;
#2639 = VERTEX_POINT ( 'NONE', #2064 ) ;
#2640 = FACE_BOUND ( 'NONE', #1031, .T. ) ;
#2641 = DIRECTION ( 'NONE',  ( 0.000000000000000000, 0.000000000000000000, -1.000000000000000000 ) ) ;
#2642 = CYLINDRICAL_SURFACE ( 'NONE', #385, 1.650000000000000577 ) ;
#2643 = VECTOR ( 'NONE', #2439, 1000.000000000000000 ) ;
#2644 = ORIENTED_EDGE ( 'NONE', *, *, #888, .T. ) ;
#2645 = DIRECTION ( 'NONE',  ( 0.000000000000000000, 1.000000000000000000, -0.000000000000000000 ) ) ;
#2646 = CARTESIAN_POINT ( 'NONE',  ( -31.00000000000000000, -0.4000000000000000222, -3.374999999999998668 ) ) ;
#2647 = EDGE_LOOP ( 'NONE', ( #1338, #418, #1277, #626 ) ) ;
#2648 = DIRECTION ( 'NONE',  ( -1.000000000000000000, 0.000000000000000000, -0.000000000000000000 ) ) ;
#2649 = LINE ( 'NONE', #1394, #883 ) ;
#2650 = LINE ( 'NONE', #2002, #1958 ) ;
#2651 = ORIENTED_EDGE ( 'NONE', *, *, #17, .F. ) ;
#2652 =( NAMED_UNIT ( * ) PLANE_ANGLE_UNIT ( ) SI_UNIT ( $, .RADIAN. ) );
#2653 = EDGE_CURVE ( 'NONE', #1202, #1801, #1613, .T. ) ;
#2654 = DIRECTION ( 'NONE',  ( 0.000000000000000000, 0.000000000000000000, -1.000000000000000000 ) ) ;
#2655 = ADVANCED_FACE ( 'NONE', ( #569 ), #595, .F. ) ;
#2656 = ORIENTED_EDGE ( 'NONE', *, *, #1264, .T. ) ;
#2657 = ORIENTED_EDGE ( 'NONE', *, *, #1025, .T. ) ;
#2658 = AXIS2_PLACEMENT_3D ( 'NONE', #387, #1633, #812 ) ;
#2659 = AXIS2_PLACEMENT_3D ( 'NONE', #1080, #2557, #2543 ) ;
#2660 = ADVANCED_FACE ( 'NONE', ( #1407 ), #2261, .T. ) ;
#2661 = CARTESIAN_POINT ( 'NONE',  ( -31.00000000000000711, -3.600000000000000089, 14.99999999999998401 ) ) ;
#2662 = DIRECTION ( 'NONE',  ( 0.000000000000000000, -1.000000000000000000, 0.000000000000000000 ) ) ;
#2663 = ORIENTED_EDGE ( 'NONE', *, *, #34, .T. ) ;
#2664 = LINE ( 'NONE', #1417, #2237 ) ;
#2665 = DIRECTION ( 'NONE',  ( 1.000000000000000000, 0.000000000000000000, 0.000000000000000000 ) ) ;
#2666 = CARTESIAN_POINT ( 'NONE',  ( -1.387778780781445676E-14, 0.000000000000000000, -1.040834085586084257E-14 ) ) ;
#2667 = EDGE_LOOP ( 'NONE', ( #847, #1185, #1574, #2327, #1683 ) ) ;
#2668 = DIRECTION ( 'NONE',  ( 0.000000000000000000, 1.000000000000000000, 0.000000000000000000 ) ) ;
#2669 = ORIENTED_EDGE ( 'NONE', *, *, #184, .T. ) ;
#2670 = ADVANCED_FACE ( 'NONE', ( #1883 ), #2687, .F. ) ;
#2671 = CIRCLE ( 'NONE', #1119, 1.000000000000000000 ) ;
#2672 = ORIENTED_EDGE ( 'NONE', *, *, #2127, .T. ) ;
#2673 = CIRCLE ( 'NONE', #516, 1.625000000000003109 ) ;
#2674 = CARTESIAN_POINT ( 'NONE',  ( 34.99999999999999289, 0.000000000000000000, -20.50000000000002132 ) ) ;
#2675 = DIRECTION ( 'NONE',  ( 0.000000000000000000, 0.000000000000000000, -1.000000000000000000 ) ) ;
#2676 = ORIENTED_EDGE ( 'NONE', *, *, #1435, .T. ) ;
#2677 = CARTESIAN_POINT ( 'NONE',  ( 0.000000000000000000, -0.9000000000000000222, 0.000000000000000000 ) ) ;
#2678 = VECTOR ( 'NONE', #1843, 1000.000000000000000 ) ;
#2679 = CARTESIAN_POINT ( 'NONE',  ( 7.030742413843279739E-15, 3.103000000000000203, -3.186999999999999389 ) ) ;
#2680 = DIRECTION ( 'NONE',  ( -1.352083769272656622E-15, 0.000000000000000000, 1.000000000000000000 ) ) ;
#2681 = ORIENTED_EDGE ( 'NONE', *, *, #1077, .T. ) ;
#2682 = ORIENTED_EDGE ( 'NONE', *, *, #612, .F. ) ;
#2683 = CARTESIAN_POINT ( 'NONE',  ( 17.40908886177704318, 5.083999999999999631, 12.43199999999998262 ) ) ;
#2684 = CARTESIAN_POINT ( 'NONE',  ( -10.09991113822295361, 0.000000000000000000, 11.43199999999999505 ) ) ;
#2685 = DIRECTION ( 'NONE',  ( 0.000000000000000000, 0.000000000000000000, -1.000000000000000000 ) ) ;
#2686 = LINE ( 'NONE', #202, #1921 ) ;
#2687 = PLANE ( 'NONE',  #636 ) ;
#2688 = ORIENTED_EDGE ( 'NONE', *, *, #698, .T. ) ;
#2689 = LINE ( 'NONE', #167, #1061 ) ;
#2690 = AXIS2_PLACEMENT_3D ( 'NONE', #2191, #305, #952 ) ;
#2691 = AXIS2_PLACEMENT_3D ( 'NONE', #2588, #509, #1094 ) ;
#2692 = VERTEX_POINT ( 'NONE', #2079 ) ;
#2693 = CIRCLE ( 'NONE', #1329, 2.100000000000000533 ) ;
#2694 = DIRECTION ( 'NONE',  ( -0.000000000000000000, 1.000000000000000000, -0.000000000000000000 ) ) ;
#2695 = CYLINDRICAL_SURFACE ( 'NONE', #1373, 14.50000000000000000 ) ;
#2696 = AXIS2_PLACEMENT_3D ( 'NONE', #1062, #1382, #1092 ) ;
#2697 = EDGE_CURVE ( 'NONE', #779, #2472, #2041, .T. ) ;
#2698 = EDGE_CURVE ( 'NONE', #922, #2484, #2527, .T. ) ;
#2699 = DIRECTION ( 'NONE',  ( -1.000000000000000000, 0.000000000000000000, -4.956352788505162775E-17 ) ) ;
#2700 = CARTESIAN_POINT ( 'NONE',  ( 6.938893903907228378E-15, -0.4000000000000000222, 3.936999999999999389 ) ) ;
#2701 = CIRCLE ( 'NONE', #1998, 1.625000000000003997 ) ;
#2702 =( NAMED_UNIT ( * ) PLANE_ANGLE_UNIT ( ) SI_UNIT ( $, .RADIAN. ) );
#2703 = PLANE ( 'NONE',  #1157 ) ;
#2704 = ORIENTED_EDGE ( 'NONE', *, *, #1651, .F. ) ;
#2705 = ORIENTED_EDGE ( 'NONE', *, *, #1670, .F. ) ;
#2706 = FACE_BOUND ( 'NONE', #1248, .T. ) ;
#2707 = VECTOR ( 'NONE', #2492, 1000.000000000000000 ) ;
#2708 = DIRECTION ( 'NONE',  ( -0.000000000000000000, -1.000000000000000000, -0.000000000000000000 ) ) ;
#2709 = CARTESIAN_POINT ( 'NONE',  ( 17.40908886177704673, 0.000000000000000000, 9.865999999999997883 ) ) ;
#2710 = CARTESIAN_POINT ( 'NONE',  ( -31.00000000000000711, -0.4000000000000000222, 14.99999999999998401 ) ) ;
#2711 = CARTESIAN_POINT ( 'NONE',  ( 0.000000000000000000, 5.083999999999999631, 0.000000000000000000 ) ) ;
#2712 = VERTEX_POINT ( 'NONE', #2504 ) ;
#2713 = DIRECTION ( 'NONE',  ( -0.000000000000000000, 1.000000000000000000, -0.000000000000000000 ) ) ;
#2714 = ADVANCED_FACE ( 'NONE', ( #378 ), #1455, .T. ) ;
#2715 = AXIS2_PLACEMENT_3D ( 'NONE', #2462, #2022, #1814 ) ;
#2716 = VERTEX_POINT ( 'NONE', #1005 ) ;
#2717 = EDGE_CURVE ( 'NONE', #197, #578, #828, .T. ) ;
#2718 = EDGE_LOOP ( 'NONE', ( #1427, #677, #2570, #1102 ) ) ;
#2719 = EDGE_LOOP ( 'NONE', ( #1974, #573, #1890, #2104 ) ) ;
#2720 = CARTESIAN_POINT ( 'NONE',  ( -1.387778780781445676E-14, -3.600000000000000089, 6.403999999999989257 ) ) ;
#2721 = DIRECTION ( 'NONE',  ( 0.000000000000000000, -1.000000000000000000, 0.000000000000000000 ) ) ;
#2722 = VECTOR ( 'NONE', #567, 1000.000000000000000 ) ;
#2723 = CYLINDRICAL_SURFACE ( 'NONE', #2607, 0.7499999999999997780 ) ;
#2724 = DIRECTION ( 'NONE',  ( -0.000000000000000000, 1.000000000000000000, -0.000000000000000000 ) ) ;
#2725 =( LENGTH_UNIT ( ) NAMED_UNIT ( * ) SI_UNIT ( .MILLI., .METRE. ) );
#2726 = ORIENTED_EDGE ( 'NONE', *, *, #1281, .F. ) ;
#2727 = CYLINDRICAL_SURFACE ( 'NONE', #1726, 0.7500000000000006661 ) ;
#2728 = ORIENTED_EDGE ( 'NONE', *, *, #427, .F. ) ;
#2729 = EDGE_CURVE ( 'NONE', #1924, #2575, #1016, .T. ) ;
#2730 = ORIENTED_EDGE ( 'NONE', *, *, #1109, .F. ) ;
#2731 = CIRCLE ( 'NONE', #1541, 1.000000000000000888 ) ;
#2732 = EDGE_CURVE ( 'NONE', #142, #424, #1625, .T. ) ;
ENDSEC;
END-ISO-10303-21;
