ISO-10303-21;
HEADER;
FILE_DESCRIPTION (( 'STEP AP214' ),
    '1' );
FILE_NAME ('cooling.STEP',
    '2026-06-18T19:13:36',
    ( '' ),
    ( '' ),
    'SwSTEP 2.0',
    'SolidWorks 2025',
    '' );
FILE_SCHEMA (( 'AUTOMOTIVE_DESIGN' ));
ENDSEC;

DATA;
#1 = ORIENTED_EDGE ( 'NONE', *, *, #1710, .T. ) ;
#2 = PLANE ( 'NONE',  #1472 ) ;
#3 = AXIS2_PLACEMENT_3D ( 'NONE', #229, #1617, #2200 ) ;
#4 = EDGE_CURVE ( 'NONE', #2474, #1674, #88, .T. ) ;
#5 = CARTESIAN_POINT ( 'NONE',  ( 59.45948681732578933, 0.000000000000000000, 2.000000000000000000 ) ) ;
#6 = DIRECTION ( 'NONE',  ( 1.000000000000000000, 0.000000000000000000, 0.000000000000000000 ) ) ;
#7 = LINE ( 'NONE', #1048, #1220 ) ;
#8 = ORIENTED_EDGE ( 'NONE', *, *, #113, .T. ) ;
#9 = DIRECTION ( 'NONE',  ( 0.000000000000000000, 0.000000000000000000, -1.000000000000000000 ) ) ;
#10 = VERTEX_POINT ( 'NONE', #102 ) ;
#11 = AXIS2_PLACEMENT_3D ( 'NONE', #952, #578, #1574 ) ;
#12 = ORIENTED_EDGE ( 'NONE', *, *, #2056, .T. ) ;
#13 = ADVANCED_FACE ( 'NONE', ( #1671 ), #440, .F. ) ;
#14 = VECTOR ( 'NONE', #1438, 1000.000000000000000 ) ;
#15 = EDGE_CURVE ( 'NONE', #1357, #724, #896, .T. ) ;
#16 = ORIENTED_EDGE ( 'NONE', *, *, #1996, .F. ) ;
#17 = PLANE ( 'NONE',  #1134 ) ;
#18 = LINE ( 'NONE', #808, #325 ) ;
#19 = CARTESIAN_POINT ( 'NONE',  ( 4.500000000000000888, 65.50000000000001421, 4.000000000000000000 ) ) ;
#20 = LINE ( 'NONE', #629, #1890 ) ;
#21 = ORIENTED_EDGE ( 'NONE', *, *, #1996, .T. ) ;
#22 = CARTESIAN_POINT ( 'NONE',  ( 9.933846864755519590, 69.00000000000000000, 4.000000000000000000 ) ) ;
#23 = ORIENTED_EDGE ( 'NONE', *, *, #716, .F. ) ;
#24 = ORIENTED_EDGE ( 'NONE', *, *, #1310, .F. ) ;
#25 = VECTOR ( 'NONE', #474, 1000.000000000000000 ) ;
#26 = ADVANCED_FACE ( 'NONE', ( #1489 ), #1078, .T. ) ;
#27 = ORIENTED_EDGE ( 'NONE', *, *, #1480, .F. ) ;
#28 = DIRECTION ( 'NONE',  ( -1.000000000000000000, 0.000000000000000000, 0.000000000000000000 ) ) ;
#29 = DIRECTION ( 'NONE',  ( 0.000000000000000000, 0.000000000000000000, -1.000000000000000000 ) ) ;
#30 = EDGE_CURVE ( 'NONE', #1470, #221, #636, .T. ) ;
#31 = DIRECTION ( 'NONE',  ( -1.000000000000000000, 0.000000000000000000, 0.000000000000000000 ) ) ;
#32 = LINE ( 'NONE', #1021, #2385 ) ;
#33 = ORIENTED_EDGE ( 'NONE', *, *, #30, .F. ) ;
#34 = LINE ( 'NONE', #1682, #1782 ) ;
#35 = DIRECTION ( 'NONE',  ( -0.000000000000000000, -0.000000000000000000, 1.000000000000000000 ) ) ;
#36 = ORIENTED_EDGE ( 'NONE', *, *, #2281, .F. ) ;
#37 = VERTEX_POINT ( 'NONE', #1475 ) ;
#38 = VERTEX_POINT ( 'NONE', #1877 ) ;
#39 = CARTESIAN_POINT ( 'NONE',  ( 51.53384686475551035, 70.00000000000000000, 3.000000000000012879 ) ) ;
#40 = AXIS2_PLACEMENT_3D ( 'NONE', #497, #916, #2479 ) ;
#41 = PLANE ( 'NONE',  #1244 ) ;
#42 = ADVANCED_FACE ( 'NONE', ( #1432 ), #1240, .F. ) ;
#43 = DIRECTION ( 'NONE',  ( -0.000000000000000000, -0.000000000000000000, 1.000000000000000000 ) ) ;
#44 = EDGE_CURVE ( 'NONE', #2202, #377, #2450, .T. ) ;
#45 = CARTESIAN_POINT ( 'NONE',  ( 20.33384686475551817, 0.000000000000000000, 2.000000000000000000 ) ) ;
#46 = ORIENTED_EDGE ( 'NONE', *, *, #2107, .T. ) ;
#47 = LINE ( 'NONE', #1641, #980 ) ;
#48 = DIRECTION ( 'NONE',  ( -0.000000000000000000, -0.000000000000000000, -1.000000000000000000 ) ) ;
#49 = ORIENTED_EDGE ( 'NONE', *, *, #220, .T. ) ;
#50 = CARTESIAN_POINT ( 'NONE',  ( 0.000000000000000000, 0.000000000000000000, 2.000000000000000000 ) ) ;
#51 = VECTOR ( 'NONE', #1071, 1000.000000000000000 ) ;
#52 = VERTEX_POINT ( 'NONE', #281 ) ;
#53 = DIRECTION ( 'NONE',  ( 1.982541115402065110E-16, -1.000000000000000000, 0.000000000000000000 ) ) ;
#54 = VECTOR ( 'NONE', #907, 1000.000000000000114 ) ;
#55 = LINE ( 'NONE', #2414, #1367 ) ;
#56 = PLANE ( 'NONE',  #1922 ) ;
#57 = DIRECTION ( 'NONE',  ( -1.000000000000000000, -9.912705577010325549E-17, 0.000000000000000000 ) ) ;
#58 = ORIENTED_EDGE ( 'NONE', *, *, #1732, .F. ) ;
#59 = CARTESIAN_POINT ( 'NONE',  ( 4.500000000000000888, 65.50000000000001421, 4.000000000000000000 ) ) ;
#60 = FACE_OUTER_BOUND ( 'NONE', #1491, .T. ) ;
#61 = ORIENTED_EDGE ( 'NONE', *, *, #313, .T. ) ;
#62 = CARTESIAN_POINT ( 'NONE',  ( 17.85948681732579502, 70.00000000000000000, 2.000000000000000000 ) ) ;
#63 = EDGE_CURVE ( 'NONE', #2294, #285, #2284, .T. ) ;
#64 = EDGE_CURVE ( 'NONE', #2534, #1040, #246, .T. ) ;
#65 = ORIENTED_EDGE ( 'NONE', *, *, #1952, .F. ) ;
#66 = AXIS2_PLACEMENT_3D ( 'NONE', #682, #1495, #514 ) ;
#67 = VECTOR ( 'NONE', #1315, 1000.000000000000000 ) ;
#68 = DIRECTION ( 'NONE',  ( -0.000000000000000000, -0.000000000000000000, -1.000000000000000000 ) ) ;
#69 = DIRECTION ( 'NONE',  ( 9.912705577010325549E-17, -1.000000000000000000, 0.000000000000000000 ) ) ;
#70 = CARTESIAN_POINT ( 'NONE',  ( 46.33384686475551462, 69.00000000000000000, 3.999999999999997335 ) ) ;
#71 = ORIENTED_EDGE ( 'NONE', *, *, #1180, .F. ) ;
#72 = CARTESIAN_POINT ( 'NONE',  ( 54.25948681732578649, 70.00000000000000000, 3.000000000000012879 ) ) ;
#73 = VECTOR ( 'NONE', #1171, 1000.000000000000000 ) ;
#74 = CARTESIAN_POINT ( 'NONE',  ( 9.933846864755519590, 0.000000000000000000, 2.000000000000000000 ) ) ;
#75 = ORIENTED_EDGE ( 'NONE', *, *, #2181, .T. ) ;
#76 = CARTESIAN_POINT ( 'NONE',  ( 65.50000000000000000, 4.500000000000003553, 4.000000000000000000 ) ) ;
#77 = CARTESIAN_POINT ( 'NONE',  ( 23.05948681732578720, 70.00000000000000000, 2.000000000000000000 ) ) ;
#78 = ADVANCED_FACE ( 'NONE', ( #1094 ), #2048, .F. ) ;
#79 = VERTEX_POINT ( 'NONE', #62 ) ;
#80 = LINE ( 'NONE', #1466, #780 ) ;
#81 = VECTOR ( 'NONE', #972, 1000.000000000000000 ) ;
#82 = CARTESIAN_POINT ( 'NONE',  ( 46.33384686475551462, 70.00000000000000000, 2.000000000000000000 ) ) ;
#83 = VERTEX_POINT ( 'NONE', #1041 ) ;
#84 = CARTESIAN_POINT ( 'NONE',  ( 28.25948681732578294, 69.00000000000000000, 4.000000000000000000 ) ) ;
#85 = VECTOR ( 'NONE', #2204, 1000.000000000000000 ) ;
#86 = DIRECTION ( 'NONE',  ( -0.000000000000000000, -0.000000000000000000, 1.000000000000000000 ) ) ;
#87 = ORIENTED_EDGE ( 'NONE', *, *, #2026, .T. ) ;
#88 = LINE ( 'NONE', #2229, #2259 ) ;
#89 = AXIS2_PLACEMENT_3D ( 'NONE', #76, #2462, #688 ) ;
#90 = DIRECTION ( 'NONE',  ( 9.912705577010325549E-17, -1.000000000000000000, 0.000000000000000000 ) ) ;
#91 = ORIENTED_EDGE ( 'NONE', *, *, #1119, .T. ) ;
#92 = EDGE_CURVE ( 'NONE', #1864, #1418, #1279, .T. ) ;
#93 = CARTESIAN_POINT ( 'NONE',  ( 1.000000000000000888, 0.000000000000000000, 4.000000000000000000 ) ) ;
#94 = VECTOR ( 'NONE', #736, 1000.000000000000000 ) ;
#95 = CARTESIAN_POINT ( 'NONE',  ( 15.13384686475552066, 0.000000000000000000, 2.999999999999999112 ) ) ;
#96 = EDGE_CURVE ( 'NONE', #106, #2324, #663, .T. ) ;
#97 = LINE ( 'NONE', #2057, #2480 ) ;
#98 = VERTEX_POINT ( 'NONE', #1462 ) ;
#99 = PLANE ( 'NONE',  #526 ) ;
#100 = DIRECTION ( 'NONE',  ( -9.912705577010325549E-17, 1.000000000000000000, -0.000000000000000000 ) ) ;
#101 = EDGE_LOOP ( 'NONE', ( #1285, #2154 ) ) ;
#102 = CARTESIAN_POINT ( 'NONE',  ( 43.85948681732579502, 1.000000000000000888, 4.000000000000000000 ) ) ;
#103 = CYLINDRICAL_SURFACE ( 'NONE', #1683, 1.625000000000001332 ) ;
#104 = DIRECTION ( 'NONE',  ( -1.982541115402065110E-16, 1.000000000000000000, -0.000000000000000000 ) ) ;
#105 = ORIENTED_EDGE ( 'NONE', *, *, #1396, .T. ) ;
#106 = VERTEX_POINT ( 'NONE', #2073 ) ;
#107 = EDGE_CURVE ( 'NONE', #1956, #2417, #1090, .T. ) ;
#108 = DIRECTION ( 'NONE',  ( 7.009341333409758945E-17, -0.7071067811865524577, 0.7071067811865426878 ) ) ;
#109 = CARTESIAN_POINT ( 'NONE',  ( 65.50000000000000000, 4.500000000000003553, 0.000000000000000000 ) ) ;
#110 = VECTOR ( 'NONE', #898, 1000.000000000000000 ) ;
#111 = DIRECTION ( 'NONE',  ( -1.000000000000000000, -0.000000000000000000, -0.000000000000000000 ) ) ;
#112 = ORIENTED_EDGE ( 'NONE', *, *, #2554, .F. ) ;
#113 = EDGE_CURVE ( 'NONE', #918, #2202, #1945, .T. ) ;
#114 = CARTESIAN_POINT ( 'NONE',  ( 28.25948681732579360, 0.000000000000000000, 2.000000000000000000 ) ) ;
#115 = LINE ( 'NONE', #2060, #54 ) ;
#116 = VECTOR ( 'NONE', #1223, 1000.000000000000000 ) ;
#117 = VERTEX_POINT ( 'NONE', #2310 ) ;
#118 = CARTESIAN_POINT ( 'NONE',  ( 65.50000000000000000, 65.50000000000000000, 0.000000000000000000 ) ) ;
#119 = EDGE_CURVE ( 'NONE', #1742, #1607, #131, .T. ) ;
#120 = LINE ( 'NONE', #1517, #110 ) ;
#121 = EDGE_LOOP ( 'NONE', ( #1829, #974, #376, #336 ) ) ;
#122 = DIRECTION ( 'NONE',  ( 1.000000000000000000, 0.000000000000000000, 0.000000000000000000 ) ) ;
#123 = DIRECTION ( 'NONE',  ( -0.000000000000000000, 1.000000000000000000, -0.000000000000000000 ) ) ;
#124 = FACE_OUTER_BOUND ( 'NONE', #2160, .T. ) ;
#125 = EDGE_LOOP ( 'NONE', ( #1775, #708, #58, #2353 ) ) ;
#126 = ADVANCED_FACE ( 'NONE', ( #1530 ), #1500, .F. ) ;
#127 = DIRECTION ( 'NONE',  ( 0.000000000000000000, 0.7071067811865475727, -0.7071067811865475727 ) ) ;
#128 = EDGE_CURVE ( 'NONE', #1484, #2309, #153, .T. ) ;
#129 = PLANE ( 'NONE',  #718 ) ;
#130 = VERTEX_POINT ( 'NONE', #948 ) ;
#131 = LINE ( 'NONE', #1749, #1345 ) ;
#132 = CARTESIAN_POINT ( 'NONE',  ( 33.45948681732579644, 1.000000000000000888, 4.000000000000000000 ) ) ;
#133 = ORIENTED_EDGE ( 'NONE', *, *, #2056, .F. ) ;
#134 = DIRECTION ( 'NONE',  ( -0.000000000000000000, -0.000000000000000000, 1.000000000000000000 ) ) ;
#135 = VECTOR ( 'NONE', #2549, 1000.000000000000000 ) ;
#136 = CARTESIAN_POINT ( 'NONE',  ( 9.933846864755519590, 0.000000000000000000, 2.999999999999999112 ) ) ;
#137 = VERTEX_POINT ( 'NONE', #519 ) ;
#138 = PLANE ( 'NONE',  #1988 ) ;
#139 = VECTOR ( 'NONE', #1122, 1000.000000000000000 ) ;
#140 = LINE ( 'NONE', #2524, #94 ) ;
#141 = ORIENTED_EDGE ( 'NONE', *, *, #633, .T. ) ;
#142 = DIRECTION ( 'NONE',  ( -1.486905836551548832E-16, 1.000000000000000000, 0.000000000000000000 ) ) ;
#143 = DIRECTION ( 'NONE',  ( -1.000000000000000000, 0.000000000000000000, 0.000000000000000000 ) ) ;
#144 = ORIENTED_EDGE ( 'NONE', *, *, #1693, .T. ) ;
#145 = DIRECTION ( 'NONE',  ( 0.000000000000000000, -1.000000000000000000, 0.000000000000000000 ) ) ;
#146 = AXIS2_PLACEMENT_3D ( 'NONE', #701, #909, #142 ) ;
#147 = ADVANCED_FACE ( 'NONE', ( #2295 ), #2350, .F. ) ;
#148 = CARTESIAN_POINT ( 'NONE',  ( 20.33384686475551462, 69.00000000000000000, 4.000000000000000000 ) ) ;
#149 = DIRECTION ( 'NONE',  ( 0.000000000000000000, 0.000000000000000000, -1.000000000000000000 ) ) ;
#150 = VECTOR ( 'NONE', #1297, 1000.000000000000114 ) ;
#151 = DIRECTION ( 'NONE',  ( 9.912705577010325549E-17, -1.000000000000000000, 0.000000000000000000 ) ) ;
#152 = ORIENTED_EDGE ( 'NONE', *, *, #2272, .F. ) ;
#153 = LINE ( 'NONE', #163, #419 ) ;
#154 = LINE ( 'NONE', #1543, #2127 ) ;
#155 = ORIENTED_EDGE ( 'NONE', *, *, #2077, .T. ) ;
#156 = ORIENTED_EDGE ( 'NONE', *, *, #2452, .T. ) ;
#157 = EDGE_CURVE ( 'NONE', #2497, #870, #1698, .T. ) ;
#158 = CARTESIAN_POINT ( 'NONE',  ( 0.000000000000000000, 1.000000000000000888, 4.000000000000000000 ) ) ;
#159 = SURFACE_STYLE_USAGE ( .BOTH. , #1977 ) ;
#160 = LINE ( 'NONE', #955, #1911 ) ;
#161 = LINE ( 'NONE', #969, #1096 ) ;
#162 = ORIENTED_EDGE ( 'NONE', *, *, #1135, .F. ) ;
#163 = CARTESIAN_POINT ( 'NONE',  ( 69.00000000000000000, 0.000000000000000000, 4.000000000000000000 ) ) ;
#164 = CIRCLE ( 'NONE', #871, 1.625000000000001332 ) ;
#165 = CARTESIAN_POINT ( 'NONE',  ( 30.73384686475551320, 70.00000000000000000, 2.000000000000000000 ) ) ;
#166 = ORIENTED_EDGE ( 'NONE', *, *, #729, .F. ) ;
#167 = VERTEX_POINT ( 'NONE', #1738 ) ;
#168 = DIRECTION ( 'NONE',  ( 7.009341333409709641E-17, -0.7071067811865474617, -0.7071067811865474617 ) ) ;
#169 = ADVANCED_FACE ( 'NONE', ( #503 ), #362, .F. ) ;
#170 = LINE ( 'NONE', #968, #771 ) ;
#171 = ADVANCED_FACE ( 'NONE', ( #1160 ), #751, .F. ) ;
#172 = VECTOR ( 'NONE', #1689, 1000.000000000000000 ) ;
#173 = ADVANCED_FACE ( 'NONE', ( #1139 ), #2099, .F. ) ;
#174 = CARTESIAN_POINT ( 'NONE',  ( 49.05948681732579786, 0.000000000000000000, 2.000000000000000000 ) ) ;
#175 = EDGE_LOOP ( 'NONE', ( #630, #1895, #2163, #2283 ) ) ;
#176 = PLANE ( 'NONE',  #195 ) ;
#177 = VECTOR ( 'NONE', #1863, 1000.000000000000000 ) ;
#178 = ADVANCED_FACE ( 'NONE', ( #310 ), #352, .F. ) ;
#179 = CARTESIAN_POINT ( 'NONE',  ( 51.53384686475551035, 69.00000000000000000, 3.999999999999997335 ) ) ;
#180 = ORIENTED_EDGE ( 'NONE', *, *, #1950, .F. ) ;
#181 = VERTEX_POINT ( 'NONE', #2337 ) ;
#182 = VERTEX_POINT ( 'NONE', #1906 ) ;
#183 = LINE ( 'NONE', #1953, #2092 ) ;
#184 = DIRECTION ( 'NONE',  ( -0.000000000000000000, -0.000000000000000000, 1.000000000000000000 ) ) ;
#185 = EDGE_CURVE ( 'NONE', #1847, #1470, #2526, .T. ) ;
#186 = CARTESIAN_POINT ( 'NONE',  ( 56.73384686475550609, 70.00000000000000000, 3.000000000000012879 ) ) ;
#187 = EDGE_LOOP ( 'NONE', ( #1350, #1049, #356, #892 ) ) ;
#188 = AXIS2_PLACEMENT_3D ( 'NONE', #541, #1130, #2318 ) ;
#189 = LINE ( 'NONE', #800, #116 ) ;
#190 = AXIS2_PLACEMENT_3D ( 'NONE', #1551, #127, #696 ) ;
#191 = CARTESIAN_POINT ( 'NONE',  ( 70.00000000000000000, 0.000000000000000000, 3.000000000000012879 ) ) ;
#192 = ORIENTED_EDGE ( 'NONE', *, *, #1730, .F. ) ;
#193 = ORIENTED_EDGE ( 'NONE', *, *, #2235, .T. ) ;
#194 = ORIENTED_EDGE ( 'NONE', *, *, #1898, .F. ) ;
#195 = AXIS2_PLACEMENT_3D ( 'NONE', #971, #1184, #1771 ) ;
#196 = LINE ( 'NONE', #793, #1008 ) ;
#197 = STYLED_ITEM ( 'NONE', ( #977 ), #345 ) ;
#198 = DIRECTION ( 'NONE',  ( 7.009341333409758945E-17, -0.7071067811865524577, 0.7071067811865426878 ) ) ;
#199 = DIRECTION ( 'NONE',  ( -1.000000000000000000, 0.000000000000000000, -0.000000000000000000 ) ) ;
#200 = EDGE_CURVE ( 'NONE', #204, #167, #2140, .T. ) ;
#201 = DIRECTION ( 'NONE',  ( 0.000000000000000000, 0.000000000000000000, -1.000000000000000000 ) ) ;
#202 = ADVANCED_FACE ( 'NONE', ( #1334 ), #712, .F. ) ;
#203 = FACE_OUTER_BOUND ( 'NONE', #827, .T. ) ;
#204 = VERTEX_POINT ( 'NONE', #1542 ) ;
#205 = EDGE_LOOP ( 'NONE', ( #2571, #1999, #2098, #1593 ) ) ;
#206 = AXIS2_PLACEMENT_3D ( 'NONE', #2173, #1789, #1151 ) ;
#207 = ORIENTED_EDGE ( 'NONE', *, *, #64, .T. ) ;
#208 = CARTESIAN_POINT ( 'NONE',  ( 65.50000000000000000, 65.50000000000000000, 4.000000000000000000 ) ) ;
#209 = VECTOR ( 'NONE', #2411, 1000.000000000000000 ) ;
#210 = CARTESIAN_POINT ( 'NONE',  ( 9.933846864755519590, 69.00000000000000000, 4.000000000000000000 ) ) ;
#211 = AXIS2_PLACEMENT_3D ( 'NONE', #50, #2422, #466 ) ;
#212 = DIRECTION ( 'NONE',  ( 0.000000000000000000, 0.000000000000000000, -1.000000000000000000 ) ) ;
#213 = DIRECTION ( 'NONE',  ( -9.912705577010325549E-17, 1.000000000000000000, -0.000000000000000000 ) ) ;
#214 = ORIENTED_EDGE ( 'NONE', *, *, #2148, .F. ) ;
#215 = LINE ( 'NONE', #572, #1061 ) ;
#216 = FACE_OUTER_BOUND ( 'NONE', #2018, .T. ) ;
#217 = VERTEX_POINT ( 'NONE', #1150 ) ;
#218 = AXIS2_PLACEMENT_3D ( 'NONE', #1031, #235, #2219 ) ;
#219 = VERTEX_POINT ( 'NONE', #384 ) ;
#220 = EDGE_CURVE ( 'NONE', #2286, #427, #1011, .T. ) ;
#221 = VERTEX_POINT ( 'NONE', #2008 ) ;
#222 = LINE ( 'NONE', #1818, #1880 ) ;
#223 = LINE ( 'NONE', #2065, #1702 ) ;
#224 = EDGE_CURVE ( 'NONE', #1790, #870, #620, .T. ) ;
#225 = DIRECTION ( 'NONE',  ( -9.912705577010325549E-17, 1.000000000000000000, 0.000000000000000000 ) ) ;
#226 = LINE ( 'NONE', #605, #929 ) ;
#227 = EDGE_LOOP ( 'NONE', ( #1572, #456, #1901, #2164 ) ) ;
#228 = CARTESIAN_POINT ( 'NONE',  ( 4.499999999999988454, 4.500000000000007105, 4.000000000000000000 ) ) ;
#229 = CARTESIAN_POINT ( 'NONE',  ( 41.13384686475551177, 70.00000000000000000, 2.000000000000000000 ) ) ;
#230 = VERTEX_POINT ( 'NONE', #2211 ) ;
#231 = ORIENTED_EDGE ( 'NONE', *, *, #379, .F. ) ;
#232 = VECTOR ( 'NONE', #678, 1000.000000000000000 ) ;
#233 = EDGE_CURVE ( 'NONE', #1632, #792, #1379, .T. ) ;
#234 = ORIENTED_EDGE ( 'NONE', *, *, #253, .T. ) ;
#235 = DIRECTION ( 'NONE',  ( 0.000000000000000000, 0.000000000000000000, -1.000000000000000000 ) ) ;
#236 = ADVANCED_FACE ( 'NONE', ( #1415 ), #595, .F. ) ;
#237 = DIRECTION ( 'NONE',  ( -1.000000000000000000, 0.000000000000000000, 0.000000000000000000 ) ) ;
#238 = DIRECTION ( 'NONE',  ( -0.000000000000000000, -0.000000000000000000, 1.000000000000000000 ) ) ;
#239 = VECTOR ( 'NONE', #1257, 1000.000000000000114 ) ;
#240 = COLOUR_RGB ( '',0.7764705882352941346, 0.7568627450980391913, 0.7372549019607843590 ) ;
#241 = DIRECTION ( 'NONE',  ( 1.000000000000000000, 0.000000000000000000, 0.000000000000000000 ) ) ;
#242 = ORIENTED_EDGE ( 'NONE', *, *, #1964, .F. ) ;
#243 = CARTESIAN_POINT ( 'NONE',  ( 59.45948681732578933, 0.000000000000000000, 3.000000000000012879 ) ) ;
#244 = FACE_BOUND ( 'NONE', #295, .T. ) ;
#245 = VERTEX_POINT ( 'NONE', #2569 ) ;
#246 = LINE ( 'NONE', #296, #1801 ) ;
#247 = ORIENTED_EDGE ( 'NONE', *, *, #224, .F. ) ;
#248 = CARTESIAN_POINT ( 'NONE',  ( 0.000000000000000000, 0.000000000000000000, 2.000000000000000000 ) ) ;
#249 = CARTESIAN_POINT ( 'NONE',  ( 65.50000000000000000, 65.50000000000000000, 4.000000000000000000 ) ) ;
#250 = LINE ( 'NONE', #628, #496 ) ;
#251 = CARTESIAN_POINT ( 'NONE',  ( 0.000000000000000000, 0.000000000000000000, 4.000000000000000000 ) ) ;
#252 = ORIENTED_EDGE ( 'NONE', *, *, #415, .T. ) ;
#253 = EDGE_CURVE ( 'NONE', #982, #1847, #215, .T. ) ;
#254 = DIRECTION ( 'NONE',  ( -1.000000000000000000, 0.000000000000000000, 0.000000000000000000 ) ) ;
#255 = EDGE_CURVE ( 'NONE', #1226, #860, #1403, .T. ) ;
#256 = DIRECTION ( 'NONE',  ( -9.912705577010325549E-17, 1.000000000000000000, 0.000000000000000000 ) ) ;
#257 = ORIENTED_EDGE ( 'NONE', *, *, #2195, .F. ) ;
#258 = DIRECTION ( 'NONE',  ( -1.051401200011463842E-16, 0.7071067811865524577, -0.7071067811865426878 ) ) ;
#259 = ORIENTED_EDGE ( 'NONE', *, *, #576, .T. ) ;
#260 = FACE_OUTER_BOUND ( 'NONE', #2063, .T. ) ;
#261 = AXIS2_PLACEMENT_3D ( 'NONE', #1967, #981, #1784 ) ;
#262 = CARTESIAN_POINT ( 'NONE',  ( 0.000000000000000000, 0.000000000000000000, 2.999999999999999112 ) ) ;
#263 = CARTESIAN_POINT ( 'NONE',  ( 38.65948681732579928, 0.000000000000000000, 2.000000000000000000 ) ) ;
#264 = CARTESIAN_POINT ( 'NONE',  ( 0.000000000000000000, 1.000000000000000888, 4.000000000000000000 ) ) ;
#265 = ORIENTED_EDGE ( 'NONE', *, *, #2377, .F. ) ;
#266 = FACE_OUTER_BOUND ( 'NONE', #2375, .T. ) ;
#267 = EDGE_CURVE ( 'NONE', #2224, #2218, #397, .T. ) ;
#268 = CARTESIAN_POINT ( 'NONE',  ( 38.65948681732579928, 1.000000000000000888, 4.000000000000000000 ) ) ;
#269 = ORIENTED_EDGE ( 'NONE', *, *, #531, .F. ) ;
#270 = DIRECTION ( 'NONE',  ( -1.000000000000000000, 0.000000000000000000, 0.000000000000000000 ) ) ;
#271 = EDGE_LOOP ( 'NONE', ( #1293, #1281, #2253, #1763 ) ) ;
#272 = VECTOR ( 'NONE', #726, 1000.000000000000000 ) ;
#273 = DIRECTION ( 'NONE',  ( -0.000000000000000000, -0.000000000000000000, -1.000000000000000000 ) ) ;
#274 = CARTESIAN_POINT ( 'NONE',  ( 6.125000000000001776, 65.50000000000001421, 4.000000000000000000 ) ) ;
#275 = CARTESIAN_POINT ( 'NONE',  ( 15.13384686475551355, 70.00000000000000000, 2.000000000000000000 ) ) ;
#276 = EDGE_LOOP ( 'NONE', ( #1908, #1994, #1201, #1737 ) ) ;
#277 = CARTESIAN_POINT ( 'NONE',  ( 70.00000000000000000, 70.00000000000000000, 3.000000000000012879 ) ) ;
#278 = EDGE_CURVE ( 'NONE', #2022, #2224, #189, .T. ) ;
#279 = CARTESIAN_POINT ( 'NONE',  ( 9.933846864755519590, 70.00000000000000000, 2.000000000000000000 ) ) ;
#280 = ORIENTED_EDGE ( 'NONE', *, *, #2155, .T. ) ;
#281 = CARTESIAN_POINT ( 'NONE',  ( 38.65948681732579928, 0.000000000000000000, 2.000000000000000000 ) ) ;
#282 = EDGE_CURVE ( 'NONE', #130, #1141, #1759, .T. ) ;
#283 = MANIFOLD_SOLID_BREP ( 'Chamfer1', #2345 ) ;
#284 = LINE ( 'NONE', #1335, #1987 ) ;
#285 = VERTEX_POINT ( 'NONE', #608 ) ;
#286 = EDGE_CURVE ( 'NONE', #550, #841, #408, .T. ) ;
#287 = DIRECTION ( 'NONE',  ( 1.000000000000000000, 0.000000000000000000, 0.000000000000000000 ) ) ;
#288 = CIRCLE ( 'NONE', #2002, 1.625000000000001332 ) ;
#289 = CARTESIAN_POINT ( 'NONE',  ( 20.33384686475551462, 70.00000000000000000, 3.000000000000012879 ) ) ;
#290 = CARTESIAN_POINT ( 'NONE',  ( 38.65948681732578507, 69.00000000000000000, 3.999999999999996447 ) ) ;
#291 = ORIENTED_EDGE ( 'NONE', *, *, #1819, .T. ) ;
#292 = FACE_OUTER_BOUND ( 'NONE', #125, .T. ) ;
#293 = EDGE_CURVE ( 'NONE', #2129, #106, #2161, .T. ) ;
#294 = LINE ( 'NONE', #1669, #1638 ) ;
#295 = EDGE_LOOP ( 'NONE', ( #2076, #1762 ) ) ;
#296 = CARTESIAN_POINT ( 'NONE',  ( 6.125000000000001776, 65.50000000000001421, 4.000000000000000000 ) ) ;
#297 = CARTESIAN_POINT ( 'NONE',  ( 59.45948681732578223, 70.00000000000000000, 2.000000000000000000 ) ) ;
#298 = ORIENTED_EDGE ( 'NONE', *, *, #1458, .T. ) ;
#299 = AXIS2_PLACEMENT_3D ( 'NONE', #1083, #1883, #1492 ) ;
#300 = ADVANCED_FACE ( 'NONE', ( #1969 ), #176, .F. ) ;
#301 = DIRECTION ( 'NONE',  ( 0.000000000000000000, 0.000000000000000000, 1.000000000000000000 ) ) ;
#302 = VECTOR ( 'NONE', #2379, 1000.000000000000000 ) ;
#303 = DIRECTION ( 'NONE',  ( 7.009341333409758945E-17, -0.7071067811865524577, 0.7071067811865426878 ) ) ;
#304 = LINE ( 'NONE', #1653, #607 ) ;
#305 = ORIENTED_EDGE ( 'NONE', *, *, #1224, .F. ) ;
#306 = LINE ( 'NONE', #556, #1192 ) ;
#307 = PRODUCT_RELATED_PRODUCT_CATEGORY ( 'part', '', ( #1087 ) ) ;
#308 = LINE ( 'NONE', #686, #843 ) ;
#309 = ORIENTED_EDGE ( 'NONE', *, *, #609, .T. ) ;
#310 = FACE_OUTER_BOUND ( 'NONE', #490, .T. ) ;
#311 = CARTESIAN_POINT ( 'NONE',  ( 0.000000000000000000, 69.00000000000000000, 4.000000000000000000 ) ) ;
#312 = ORIENTED_EDGE ( 'NONE', *, *, #617, .F. ) ;
#313 = EDGE_CURVE ( 'NONE', #245, #786, #775, .T. ) ;
#314 = CARTESIAN_POINT ( 'NONE',  ( 25.53384686475552101, 0.000000000000000000, 2.999999999999999112 ) ) ;
#315 = ADVANCED_FACE ( 'NONE', ( #1286 ), #1062, .F. ) ;
#316 = CARTESIAN_POINT ( 'NONE',  ( 2.874999999999987121, 4.500000000000007105, 4.000000000000000000 ) ) ;
#317 = AXIS2_PLACEMENT_3D ( 'NONE', #783, #1954, #602 ) ;
#318 = LINE ( 'NONE', #70, #2027 ) ;
#319 = ORIENTED_EDGE ( 'NONE', *, *, #1246, .F. ) ;
#320 = LINE ( 'NONE', #1299, #859 ) ;
#321 = CARTESIAN_POINT ( 'NONE',  ( 20.33384686475551817, 0.000000000000000000, 2.000000000000000000 ) ) ;
#322 = VECTOR ( 'NONE', #2432, 1000.000000000000114 ) ;
#323 = ORIENTED_EDGE ( 'NONE', *, *, #1866, .F. ) ;
#324 = DIRECTION ( 'NONE',  ( 0.000000000000000000, 0.7071067811865475727, -0.7071067811865475727 ) ) ;
#325 = VECTOR ( 'NONE', #1611, 1000.000000000000000 ) ;
#326 =( GEOMETRIC_REPRESENTATION_CONTEXT ( 3 ) GLOBAL_UNCERTAINTY_ASSIGNED_CONTEXT ( ( #2199 ) ) GLOBAL_UNIT_ASSIGNED_CONTEXT ( ( #566, #1375, #943 ) ) REPRESENTATION_CONTEXT ( 'NONE', 'WORKASPACE' ) );
#327 = LINE ( 'NONE', #297, #1531 ) ;
#328 = EDGE_LOOP ( 'NONE', ( #2103, #790, #1871, #231, #411, #727 ) ) ;
#329 = DIRECTION ( 'NONE',  ( -1.000000000000000000, 0.000000000000000000, 0.000000000000000000 ) ) ;
#330 =( NAMED_UNIT ( * ) SI_UNIT ( $, .STERADIAN. ) SOLID_ANGLE_UNIT ( ) );
#331 = DIRECTION ( 'NONE',  ( 7.009341333409709641E-17, -0.7071067811865474617, -0.7071067811865474617 ) ) ;
#332 = VERTEX_POINT ( 'NONE', #72 ) ;
#333 = FACE_OUTER_BOUND ( 'NONE', #276, .T. ) ;
#334 = EDGE_CURVE ( 'NONE', #855, #38, #2225, .T. ) ;
#335 = DIRECTION ( 'NONE',  ( -1.000000000000000000, 0.000000000000000000, 0.000000000000000000 ) ) ;
#336 = ORIENTED_EDGE ( 'NONE', *, *, #278, .F. ) ;
#337 = CARTESIAN_POINT ( 'NONE',  ( 0.000000000000000000, 1.000000000000000888, 4.000000000000000000 ) ) ;
#338 = VECTOR ( 'NONE', #399, 1000.000000000000000 ) ;
#339 = DIRECTION ( 'NONE',  ( 9.912705577010325549E-17, -1.000000000000000000, 0.000000000000000000 ) ) ;
#340 = ORIENTED_EDGE ( 'NONE', *, *, #113, .F. ) ;
#341 = AXIS2_PLACEMENT_3D ( 'NONE', #1444, #1053, #1066 ) ;
#342 = EDGE_CURVE ( 'NONE', #934, #1608, #2457, .T. ) ;
#343 = PLANE ( 'NONE',  #838 ) ;
#344 = SHAPE_DEFINITION_REPRESENTATION ( #858, #345 ) ;
#345 = ADVANCED_BREP_SHAPE_REPRESENTATION ( 'cooling', ( #283, #1703 ), #326 ) ;
#346 = AXIS2_PLACEMENT_3D ( 'NONE', #2562, #1166, #2365 ) ;
#347 = CARTESIAN_POINT ( 'NONE',  ( 20.33384686475551462, 70.00000000000000000, 2.000000000000000000 ) ) ;
#348 = ORIENTED_EDGE ( 'NONE', *, *, #1612, .T. ) ;
#349 = DIRECTION ( 'NONE',  ( -1.000000000000000000, 0.000000000000000000, 0.000000000000000000 ) ) ;
#350 = CARTESIAN_POINT ( 'NONE',  ( 65.50000000000000000, 4.500000000000003553, 4.000000000000000000 ) ) ;
#351 = ORIENTED_EDGE ( 'NONE', *, *, #4, .F. ) ;
#352 = CYLINDRICAL_SURFACE ( 'NONE', #2317, 1.625000000000001332 ) ;
#353 = EDGE_CURVE ( 'NONE', #2525, #1986, #1825, .T. ) ;
#354 = CARTESIAN_POINT ( 'NONE',  ( 28.25948681732579360, 1.000000000000000888, 4.000000000000000000 ) ) ;
#355 = VERTEX_POINT ( 'NONE', #1471 ) ;
#356 = ORIENTED_EDGE ( 'NONE', *, *, #255, .F. ) ;
#357 = CARTESIAN_POINT ( 'NONE',  ( 38.65948681732578507, 69.00000000000000000, 4.000000000000000000 ) ) ;
#358 = DIRECTION ( 'NONE',  ( 1.000000000000000000, 0.000000000000000000, 0.000000000000000000 ) ) ;
#359 = AXIS2_PLACEMENT_3D ( 'NONE', #1509, #1680, #2482 ) ;
#360 = DIRECTION ( 'NONE',  ( -1.000000000000000000, -9.912705577010325549E-17, 0.000000000000000000 ) ) ;
#361 = ORIENTED_EDGE ( 'NONE', *, *, #569, .F. ) ;
#362 = PLANE ( 'NONE',  #850 ) ;
#363 = DIRECTION ( 'NONE',  ( 0.000000000000000000, 0.000000000000000000, -1.000000000000000000 ) ) ;
#364 = ORIENTED_EDGE ( 'NONE', *, *, #2468, .T. ) ;
#365 = ADVANCED_FACE ( 'NONE', ( #2045 ), #851, .F. ) ;
#366 = ORIENTED_EDGE ( 'NONE', *, *, #576, .F. ) ;
#367 = ADVANCED_FACE ( 'NONE', ( #1872 ), #880, .F. ) ;
#368 = CARTESIAN_POINT ( 'NONE',  ( 9.933846864755519590, 70.00000000000000000, 2.000000000000000000 ) ) ;
#369 = LINE ( 'NONE', #380, #2118 ) ;
#370 = FACE_BOUND ( 'NONE', #828, .T. ) ;
#371 = ORIENTED_EDGE ( 'NONE', *, *, #1458, .F. ) ;
#372 = CARTESIAN_POINT ( 'NONE',  ( 33.45948681732578933, 70.00000000000000000, 2.000000000000000000 ) ) ;
#373 = VECTOR ( 'NONE', #681, 1000.000000000000000 ) ;
#374 = ADVANCED_FACE ( 'NONE', ( #266 ), #1075, .F. ) ;
#375 = LINE ( 'NONE', #179, #81 ) ;
#376 = ORIENTED_EDGE ( 'NONE', *, *, #267, .F. ) ;
#377 = VERTEX_POINT ( 'NONE', #84 ) ;
#378 = DIRECTION ( 'NONE',  ( -0.000000000000000000, -0.000000000000000000, 1.000000000000000000 ) ) ;
#379 = EDGE_CURVE ( 'NONE', #1728, #1111, #2268, .T. ) ;
#380 = CARTESIAN_POINT ( 'NONE',  ( 49.05948681732579075, 69.00000000000000000, 3.999999999999997335 ) ) ;
#381 = CIRCLE ( 'NONE', #757, 1.625000000000001332 ) ;
#382 = DIRECTION ( 'NONE',  ( 0.000000000000000000, 0.000000000000000000, -1.000000000000000000 ) ) ;
#383 = ORIENTED_EDGE ( 'NONE', *, *, #2155, .F. ) ;
#384 = CARTESIAN_POINT ( 'NONE',  ( 63.87500000000000000, 65.50000000000000000, 4.000000000000000000 ) ) ;
#385 = AXIS2_PLACEMENT_3D ( 'NONE', #1498, #699, #1169 ) ;
#386 = CARTESIAN_POINT ( 'NONE',  ( 70.00000000000000000, 0.000000000000000000, 0.000000000000000000 ) ) ;
#387 = EDGE_LOOP ( 'NONE', ( #1427, #144, #1949, #112 ) ) ;
#388 = ORIENTED_EDGE ( 'NONE', *, *, #1098, .F. ) ;
#389 = ORIENTED_EDGE ( 'NONE', *, *, #988, .T. ) ;
#390 = CARTESIAN_POINT ( 'NONE',  ( 23.05948681732578720, 69.00000000000000000, 4.000000000000000000 ) ) ;
#391 = EDGE_CURVE ( 'NONE', #1824, #217, #2070, .T. ) ;
#392 = EDGE_CURVE ( 'NONE', #2129, #2451, #34, .T. ) ;
#393 = LINE ( 'NONE', #2003, #1121 ) ;
#394 = AXIS2_PLACEMENT_3D ( 'NONE', #2126, #547, #738 ) ;
#395 = CARTESIAN_POINT ( 'NONE',  ( 35.93384686475550893, 69.00000000000000000, 3.999999999999996447 ) ) ;
#396 = VERTEX_POINT ( 'NONE', #277 ) ;
#397 = LINE ( 'NONE', #1604, #437 ) ;
#398 = AXIS2_PLACEMENT_3D ( 'NONE', #2510, #1120, #2082 ) ;
#399 = DIRECTION ( 'NONE',  ( 1.000000000000000000, 0.000000000000000000, 0.000000000000000000 ) ) ;
#400 = VERTEX_POINT ( 'NONE', #631 ) ;
#401 = VERTEX_POINT ( 'NONE', #2472 ) ;
#402 = EDGE_LOOP ( 'NONE', ( #1589, #1318, #155, #1149, #2279, #269 ) ) ;
#403 = DIRECTION ( 'NONE',  ( -0.000000000000000000, -0.000000000000000000, -1.000000000000000000 ) ) ;
#404 = DIRECTION ( 'NONE',  ( -0.000000000000000000, -0.000000000000000000, 1.000000000000000000 ) ) ;
#405 = CARTESIAN_POINT ( 'NONE',  ( 49.05948681732579075, 70.00000000000000000, 2.000000000000000000 ) ) ;
#406 = LINE ( 'NONE', #1627, #2351 ) ;
#407 = ORIENTED_EDGE ( 'NONE', *, *, #2235, .F. ) ;
#408 = LINE ( 'NONE', #813, #1197 ) ;
#409 = EDGE_CURVE ( 'NONE', #2408, #450, #685, .T. ) ;
#410 = DIRECTION ( 'NONE',  ( -1.000000000000000000, 0.000000000000000000, 0.000000000000000000 ) ) ;
#411 = ORIENTED_EDGE ( 'NONE', *, *, #1952, .T. ) ;
#412 = ORIENTED_EDGE ( 'NONE', *, *, #2041, .F. ) ;
#413 = VECTOR ( 'NONE', #6, 1000.000000000000000 ) ;
#414 = ORIENTED_EDGE ( 'NONE', *, *, #1102, .F. ) ;
#415 = EDGE_CURVE ( 'NONE', #137, #571, #1428, .T. ) ;
#416 = LINE ( 'NONE', #2014, #877 ) ;
#417 = AXIS2_PLACEMENT_3D ( 'NONE', #614, #1256, #2296 ) ;
#418 = DIRECTION ( 'NONE',  ( -1.000000000000000000, 0.000000000000000000, 0.000000000000000000 ) ) ;
#419 = VECTOR ( 'NONE', #935, 1000.000000000000000 ) ;
#420 = DIRECTION ( 'NONE',  ( 1.000000000000000000, 9.912705577010325549E-17, 0.000000000000000000 ) ) ;
#421 = DIRECTION ( 'NONE',  ( -0.000000000000000000, -0.000000000000000000, -1.000000000000000000 ) ) ;
#422 = VERTEX_POINT ( 'NONE', #243 ) ;
#423 = DIRECTION ( 'NONE',  ( -1.000000000000000000, 0.000000000000000000, 0.000000000000000000 ) ) ;
#424 = VECTOR ( 'NONE', #1295, 1000.000000000000000 ) ;
#425 = FACE_OUTER_BOUND ( 'NONE', #2475, .T. ) ;
#426 = ORIENTED_EDGE ( 'NONE', *, *, #2347, .F. ) ;
#427 = VERTEX_POINT ( 'NONE', #1037 ) ;
#428 = VECTOR ( 'NONE', #1602, 1000.000000000000000 ) ;
#429 = EDGE_CURVE ( 'NONE', #1484, #2228, #47, .T. ) ;
#430 = ORIENTED_EDGE ( 'NONE', *, *, #914, .T. ) ;
#431 = DIRECTION ( 'NONE',  ( 0.000000000000000000, -1.000000000000000000, 0.000000000000000000 ) ) ;
#432 = FACE_OUTER_BOUND ( 'NONE', #175, .T. ) ;
#433 = PLANE ( 'NONE',  #1337 ) ;
#434 = LINE ( 'NONE', #1234, #482 ) ;
#435 = ORIENTED_EDGE ( 'NONE', *, *, #2347, .T. ) ;
#436 = DIRECTION ( 'NONE',  ( -0.000000000000000000, -0.000000000000000000, 1.000000000000000000 ) ) ;
#437 = VECTOR ( 'NONE', #787, 999.9999999999998863 ) ;
#438 = LINE ( 'NONE', #1802, #1085 ) ;
#439 = ORIENTED_EDGE ( 'NONE', *, *, #1344, .F. ) ;
#440 = CYLINDRICAL_SURFACE ( 'NONE', #89, 1.625000000000001332 ) ;
#441 = VERTEX_POINT ( 'NONE', #1848 ) ;
#442 = CARTESIAN_POINT ( 'NONE',  ( 56.73384686475550609, 69.00000000000000000, 3.999999999999997335 ) ) ;
#443 = EDGE_CURVE ( 'NONE', #866, #2534, #1903, .T. ) ;
#444 = VECTOR ( 'NONE', #1667, 1000.000000000000000 ) ;
#445 = ADVANCED_FACE ( 'NONE', ( #660 ), #1457, .F. ) ;
#446 = PLANE ( 'NONE',  #1760 ) ;
#447 = DIRECTION ( 'NONE',  ( -1.000000000000000000, 0.000000000000000000, 0.000000000000000000 ) ) ;
#448 = VECTOR ( 'NONE', #404, 1000.000000000000000 ) ;
#449 = FACE_OUTER_BOUND ( 'NONE', #1153, .T. ) ;
#450 = VERTEX_POINT ( 'NONE', #2498 ) ;
#451 = DIRECTION ( 'NONE',  ( 1.000000000000000000, -0.000000000000000000, 0.000000000000000000 ) ) ;
#452 = DIRECTION ( 'NONE',  ( 0.000000000000000000, 0.000000000000000000, -1.000000000000000000 ) ) ;
#453 = EDGE_LOOP ( 'NONE', ( #2144, #1394, #1123, #1187 ) ) ;
#454 = EDGE_LOOP ( 'NONE', ( #1014, #2125, #291, #2364 ) ) ;
#455 = VECTOR ( 'NONE', #303, 1000.000000000000000 ) ;
#456 = ORIENTED_EDGE ( 'NONE', *, *, #857, .T. ) ;
#457 = FACE_OUTER_BOUND ( 'NONE', #958, .T. ) ;
#458 = DIRECTION ( 'NONE',  ( 1.982541115402065110E-16, -1.000000000000000000, 0.000000000000000000 ) ) ;
#459 = EDGE_CURVE ( 'NONE', #1909, #1226, #516, .T. ) ;
#460 = DIRECTION ( 'NONE',  ( 0.000000000000000000, 0.000000000000000000, -1.000000000000000000 ) ) ;
#461 = PLANE ( 'NONE',  #2277 ) ;
#462 = ORIENTED_EDGE ( 'NONE', *, *, #1926, .F. ) ;
#463 = DIRECTION ( 'NONE',  ( -0.000000000000000000, -0.000000000000000000, -1.000000000000000000 ) ) ;
#464 = DIRECTION ( 'NONE',  ( 1.000000000000000000, -0.000000000000000000, 0.000000000000000000 ) ) ;
#465 = ORIENTED_EDGE ( 'NONE', *, *, #1316, .T. ) ;
#466 = DIRECTION ( 'NONE',  ( 1.000000000000000000, 0.000000000000000000, 0.000000000000000000 ) ) ;
#467 = VECTOR ( 'NONE', #1753, 1000.000000000000000 ) ;
#468 = ORIENTED_EDGE ( 'NONE', *, *, #923, .F. ) ;
#469 = AXIS2_PLACEMENT_3D ( 'NONE', #946, #382, #1377 ) ;
#470 = CARTESIAN_POINT ( 'NONE',  ( 33.45948681732578933, 69.00000000000000000, 4.000000000000000000 ) ) ;
#471 = ADVANCED_FACE ( 'NONE', ( #292 ), #1931, .F. ) ;
#472 = CARTESIAN_POINT ( 'NONE',  ( 0.000000000000000000, 69.00000000000000000, 4.000000000000000000 ) ) ;
#473 = EDGE_CURVE ( 'NONE', #866, #1544, #1694, .T. ) ;
#474 = DIRECTION ( 'NONE',  ( -0.000000000000000000, -0.000000000000000000, 1.000000000000000000 ) ) ;
#475 = ORIENTED_EDGE ( 'NONE', *, *, #665, .T. ) ;
#476 = DIRECTION ( 'NONE',  ( 9.912705577010325549E-17, -1.000000000000000000, 0.000000000000000000 ) ) ;
#477 = DIRECTION ( 'NONE',  ( -0.000000000000000000, -0.000000000000000000, 1.000000000000000000 ) ) ;
#478 = ORIENTED_EDGE ( 'NONE', *, *, #2357, .F. ) ;
#479 = DIRECTION ( 'NONE',  ( -0.000000000000000000, -0.000000000000000000, -1.000000000000000000 ) ) ;
#480 = LINE ( 'NONE', #1687, #1652 ) ;
#481 = EDGE_LOOP ( 'NONE', ( #2085, #2069, #1298, #676, #1518, #1302 ) ) ;
#482 = VECTOR ( 'NONE', #241, 1000.000000000000000 ) ;
#483 = DIRECTION ( 'NONE',  ( 1.000000000000000000, 0.000000000000000000, 0.000000000000000000 ) ) ;
#484 = CARTESIAN_POINT ( 'NONE',  ( 46.33384686475551462, 70.00000000000000000, 2.000000000000000000 ) ) ;
#485 = EDGE_CURVE ( 'NONE', #1307, #2525, #2123, .T. ) ;
#486 = CARTESIAN_POINT ( 'NONE',  ( 0.000000000000000000, 69.00000000000000000, 4.000000000000000000 ) ) ;
#487 = ORIENTED_EDGE ( 'NONE', *, *, #1732, .T. ) ;
#488 = CARTESIAN_POINT ( 'NONE',  ( 0.000000000000000000, 1.000000000000000888, 4.000000000000000000 ) ) ;
#489 = DIRECTION ( 'NONE',  ( 1.000000000000000000, 0.000000000000000000, 0.000000000000000000 ) ) ;
#490 = EDGE_LOOP ( 'NONE', ( #1402, #1681, #704, #1414 ) ) ;
#491 = DIRECTION ( 'NONE',  ( 1.000000000000000000, 0.000000000000000000, 0.000000000000000000 ) ) ;
#492 = ADVANCED_FACE ( 'NONE', ( #1888 ), #99, .F. ) ;
#493 = CARTESIAN_POINT ( 'NONE',  ( 41.13384686475551888, 1.000000000000000888, 4.000000000000000000 ) ) ;
#494 = EDGE_LOOP ( 'NONE', ( #1785, #734 ) ) ;
#495 = CARTESIAN_POINT ( 'NONE',  ( 30.73384686475552030, 0.000000000000000000, 2.000000000000000000 ) ) ;
#496 = VECTOR ( 'NONE', #447, 1000.000000000000000 ) ;
#497 = CARTESIAN_POINT ( 'NONE',  ( 0.000000000000000000, 69.00000000000000000, 4.000000000000000000 ) ) ;
#498 = DIRECTION ( 'NONE',  ( -0.000000000000000000, -0.000000000000000000, 1.000000000000000000 ) ) ;
#499 = ORIENTED_EDGE ( 'NONE', *, *, #807, .F. ) ;
#500 = CARTESIAN_POINT ( 'NONE',  ( 0.000000000000000000, 0.000000000000000000, 4.000000000000000000 ) ) ;
#501 = DIRECTION ( 'NONE',  ( 1.000000000000000000, 0.000000000000000000, 0.000000000000000000 ) ) ;
#502 = ORIENTED_EDGE ( 'NONE', *, *, #1708, .F. ) ;
#503 = FACE_OUTER_BOUND ( 'NONE', #2438, .T. ) ;
#504 = DIRECTION ( 'NONE',  ( 7.009341333409758945E-17, -0.7071067811865524577, 0.7071067811865426878 ) ) ;
#505 = ADVANCED_FACE ( 'NONE', ( #333 ), #138, .F. ) ;
#506 = DIRECTION ( 'NONE',  ( -0.000000000000000000, -0.000000000000000000, 1.000000000000000000 ) ) ;
#507 = ORIENTED_EDGE ( 'NONE', *, *, #1898, .T. ) ;
#508 = EDGE_CURVE ( 'NONE', #571, #217, #893, .T. ) ;
#509 = ORIENTED_EDGE ( 'NONE', *, *, #1482, .T. ) ;
#510 = AXIS2_PLACEMENT_3D ( 'NONE', #249, #2442, #2519 ) ;
#511 = CARTESIAN_POINT ( 'NONE',  ( 30.73384686475551320, 70.00000000000000000, 2.000000000000000000 ) ) ;
#512 = VECTOR ( 'NONE', #868, 1000.000000000000000 ) ;
#513 = CARTESIAN_POINT ( 'NONE',  ( 0.000000000000000000, 69.00000000000000000, 4.000000000000000000 ) ) ;
#514 = DIRECTION ( 'NONE',  ( -1.000000000000000000, 0.000000000000000000, -0.000000000000000000 ) ) ;
#515 = VERTEX_POINT ( 'NONE', #2110 ) ;
#516 = LINE ( 'NONE', #2136, #732 ) ;
#517 = CARTESIAN_POINT ( 'NONE',  ( 41.13384686475551177, 70.00000000000000000, 2.000000000000000000 ) ) ;
#518 = ORIENTED_EDGE ( 'NONE', *, *, #1729, .F. ) ;
#519 = CARTESIAN_POINT ( 'NONE',  ( 51.53384686475551035, 70.00000000000000000, 2.000000000000000000 ) ) ;
#520 = LINE ( 'NONE', #1532, #232 ) ;
#521 = ORIENTED_EDGE ( 'NONE', *, *, #889, .T. ) ;
#522 = EDGE_LOOP ( 'NONE', ( #1692, #1146, #1985, #623 ) ) ;
#523 = VECTOR ( 'NONE', #2101, 1000.000000000000114 ) ;
#524 = DIRECTION ( 'NONE',  ( 0.000000000000000000, -1.000000000000000000, 0.000000000000000000 ) ) ;
#525 = FACE_OUTER_BOUND ( 'NONE', #563, .T. ) ;
#526 = AXIS2_PLACEMENT_3D ( 'NONE', #2346, #2320, #945 ) ;
#527 = EDGE_CURVE ( 'NONE', #786, #2000, #320, .T. ) ;
#528 = PLANE ( 'NONE',  #188 ) ;
#529 = ORIENTED_EDGE ( 'NONE', *, *, #852, .F. ) ;
#530 = DIRECTION ( 'NONE',  ( -0.000000000000000000, -0.000000000000000000, 1.000000000000000000 ) ) ;
#531 = EDGE_CURVE ( 'NONE', #52, #245, #306, .T. ) ;
#532 = LINE ( 'NONE', #933, #2055 ) ;
#533 = STYLED_ITEM ( 'NONE', ( #2019 ), #283 ) ;
#534 = ORIENTED_EDGE ( 'NONE', *, *, #2481, .F. ) ;
#535 = CARTESIAN_POINT ( 'NONE',  ( 46.33384686475552172, 1.000000000000003331, 4.000000000000002665 ) ) ;
#536 = PRESENTATION_LAYER_ASSIGNMENT (  '', '', ( #197 ) ) ;
#537 = CARTESIAN_POINT ( 'NONE',  ( 33.45948681732579644, 0.000000000000000000, 2.000000000000000000 ) ) ;
#538 = ORIENTED_EDGE ( 'NONE', *, *, #1228, .F. ) ;
#539 = CARTESIAN_POINT ( 'NONE',  ( 28.25948681732579360, 0.000000000000000000, 2.999999999999999112 ) ) ;
#540 = VECTOR ( 'NONE', #2381, 1000.000000000000000 ) ;
#541 = CARTESIAN_POINT ( 'NONE',  ( 12.65948681732579573, 70.00000000000000000, 2.000000000000000000 ) ) ;
#542 = ORIENTED_EDGE ( 'NONE', *, *, #1480, .T. ) ;
#543 = EDGE_CURVE ( 'NONE', #2471, #1533, #1497, .T. ) ;
#544 = DIRECTION ( 'NONE',  ( -1.000000000000000000, -9.912705577010325549E-17, 0.000000000000000000 ) ) ;
#545 = FACE_OUTER_BOUND ( 'NONE', #328, .T. ) ;
#546 = ORIENTED_EDGE ( 'NONE', *, *, #2400, .T. ) ;
#547 = DIRECTION ( 'NONE',  ( -0.7071067811865425767, 0.000000000000000000, -0.7071067811865524577 ) ) ;
#548 = AXIS2_PLACEMENT_3D ( 'NONE', #248, #831, #2232 ) ;
#549 = FACE_BOUND ( 'NONE', #494, .T. ) ;
#550 = VERTEX_POINT ( 'NONE', #2484 ) ;
#551 = ORIENTED_EDGE ( 'NONE', *, *, #1467, .F. ) ;
#552 = AXIS2_PLACEMENT_3D ( 'NONE', #337, #324, #1515 ) ;
#553 = LINE ( 'NONE', #1793, #555 ) ;
#554 = APPLICATION_PROTOCOL_DEFINITION ( 'draft international standard', 'automotive_design', 1998, #759 ) ;
#555 = VECTOR ( 'NONE', #976, 1000.000000000000114 ) ;
#556 = CARTESIAN_POINT ( 'NONE',  ( 38.65948681732578507, 70.00000000000000000, 2.000000000000000000 ) ) ;
#557 = ADVANCED_FACE ( 'NONE', ( #1133 ), #2291, .F. ) ;
#558 = PLANE ( 'NONE',  #261 ) ;
#559 = EDGE_LOOP ( 'NONE', ( #1208, #1159, #65, #887, #2421, #1, #1253, #507, #2175, #2493, #2313, #1239, #2446, #1892, #1659, #1773, #740, #823, #133, #16, #816, #2274, #659, #1288, #961, #586, #2380, #152, #1496, #2013, #1506, #2102, #1513, #975, #27, #214, #2572, #156, #534, #1118, #546, #46, #635, #1734 ) ) ;
#560 = CARTESIAN_POINT ( 'NONE',  ( 65.50000000000000000, 4.500000000000003553, 4.000000000000000000 ) ) ;
#561 = ADVANCED_FACE ( 'NONE', ( #932 ), #1105, .F. ) ;
#562 = LINE ( 'NONE', #1984, #1205 ) ;
#563 = EDGE_LOOP ( 'NONE', ( #348, #252, #1360, #1606 ) ) ;
#564 = EDGE_LOOP ( 'NONE', ( #1924, #1065, #1461, #815 ) ) ;
#565 = DIRECTION ( 'NONE',  ( -7.009341333409758945E-17, 0.7071067811865524577, -0.7071067811865426878 ) ) ;
#566 =( LENGTH_UNIT ( ) NAMED_UNIT ( * ) SI_UNIT ( .MILLI., .METRE. ) );
#567 = DIRECTION ( 'NONE',  ( 1.000000000000000000, 0.000000000000000000, 0.000000000000000000 ) ) ;
#568 = AXIS2_PLACEMENT_3D ( 'NONE', #82, #57, #1706 ) ;
#569 = EDGE_CURVE ( 'NONE', #1307, #918, #1902, .T. ) ;
#570 = DIRECTION ( 'NONE',  ( 9.912705577010325549E-17, -1.000000000000000000, 0.000000000000000000 ) ) ;
#571 = VERTEX_POINT ( 'NONE', #1331 ) ;
#572 = CARTESIAN_POINT ( 'NONE',  ( 46.33384686475551462, 70.00000000000000000, 4.000000000000000000 ) ) ;
#573 = CARTESIAN_POINT ( 'NONE',  ( 43.85948681732578791, 69.00000000000000000, 3.999999999999997335 ) ) ;
#574 = ORIENTED_EDGE ( 'NONE', *, *, #1595, .T. ) ;
#575 = VERTEX_POINT ( 'NONE', #919 ) ;
#576 = EDGE_CURVE ( 'NONE', #1961, #879, #1746, .T. ) ;
#577 = AXIS2_PLACEMENT_3D ( 'NONE', #979, #1587, #2550 ) ;
#578 = DIRECTION ( 'NONE',  ( 0.000000000000000000, 0.000000000000000000, 1.000000000000000000 ) ) ;
#579 = ADVANCED_FACE ( 'NONE', ( #722 ), #2334, .F. ) ;
#580 = DIRECTION ( 'NONE',  ( -0.000000000000000000, -0.000000000000000000, -1.000000000000000000 ) ) ;
#581 = PLANE ( 'NONE',  #1938 ) ;
#582 = ORIENTED_EDGE ( 'NONE', *, *, #473, .T. ) ;
#583 = CARTESIAN_POINT ( 'NONE',  ( 12.65948681732579573, 0.000000000000000000, 2.000000000000000000 ) ) ;
#584 = DIRECTION ( 'NONE',  ( 0.000000000000000000, 0.000000000000000000, 1.000000000000000000 ) ) ;
#585 = VERTEX_POINT ( 'NONE', #1980 ) ;
#586 = ORIENTED_EDGE ( 'NONE', *, *, #1290, .T. ) ;
#587 = EDGE_CURVE ( 'NONE', #1803, #1716, #170, .T. ) ;
#588 = ADVANCED_FACE ( 'NONE', ( #2401 ), #2389, .F. ) ;
#589 = EDGE_LOOP ( 'NONE', ( #2298, #1260, #2049, #1439 ) ) ;
#590 = CARTESIAN_POINT ( 'NONE',  ( 28.25948681732578294, 70.00000000000000000, 2.000000000000000000 ) ) ;
#591 = LINE ( 'NONE', #2169, #2157 ) ;
#592 = CIRCLE ( 'NONE', #346, 1.625000000000001332 ) ;
#593 = CARTESIAN_POINT ( 'NONE',  ( 0.000000000000000000, 0.000000000000000000, 4.000000000000000000 ) ) ;
#594 = VERTEX_POINT ( 'NONE', #1600 ) ;
#595 = PLANE ( 'NONE',  #2185 ) ;
#596 = VECTOR ( 'NONE', #1943, 1000.000000000000000 ) ;
#597 = DIRECTION ( 'NONE',  ( 1.000000000000000000, 0.000000000000000000, 0.000000000000000000 ) ) ;
#598 = ORIENTED_EDGE ( 'NONE', *, *, #1805, .T. ) ;
#599 = ORIENTED_EDGE ( 'NONE', *, *, #220, .F. ) ;
#600 = ORIENTED_EDGE ( 'NONE', *, *, #1661, .F. ) ;
#601 = DIRECTION ( 'NONE',  ( -0.000000000000000000, -0.000000000000000000, 1.000000000000000000 ) ) ;
#602 = DIRECTION ( 'NONE',  ( 1.000000000000000000, -0.000000000000000000, 0.000000000000000000 ) ) ;
#603 = VECTOR ( 'NONE', #423, 1000.000000000000000 ) ;
#604 = CARTESIAN_POINT ( 'NONE',  ( 0.000000000000000000, 0.000000000000000000, 2.999999999999999112 ) ) ;
#605 = CARTESIAN_POINT ( 'NONE',  ( 23.05948681732578720, 70.00000000000000000, 2.000000000000000000 ) ) ;
#606 = VERTEX_POINT ( 'NONE', #770 ) ;
#607 = VECTOR ( 'NONE', #2445, 1000.000000000000000 ) ;
#608 = CARTESIAN_POINT ( 'NONE',  ( 46.33384686475552172, 0.000000000000000000, 2.000000000000000000 ) ) ;
#609 = EDGE_CURVE ( 'NONE', #1533, #130, #1399, .T. ) ;
#610 = DIRECTION ( 'NONE',  ( -0.000000000000000000, -0.7071067811865474617, 0.7071067811865474617 ) ) ;
#611 = ORIENTED_EDGE ( 'NONE', *, *, #2074, .T. ) ;
#612 = ORIENTED_EDGE ( 'NONE', *, *, #2300, .T. ) ;
#613 = VERTEX_POINT ( 'NONE', #1191 ) ;
#614 = CARTESIAN_POINT ( 'NONE',  ( 0.000000000000000000, 69.00000000000000000, 4.000000000000000000 ) ) ;
#615 = CARTESIAN_POINT ( 'NONE',  ( 49.05948681732579075, 69.00000000000000000, 4.000000000000000000 ) ) ;
#616 = LINE ( 'NONE', #1411, #829 ) ;
#617 = EDGE_CURVE ( 'NONE', #683, #422, #1203, .T. ) ;
#618 = DIRECTION ( 'NONE',  ( 1.000000000000000000, 0.000000000000000000, 0.000000000000000000 ) ) ;
#619 = EDGE_LOOP ( 'NONE', ( #2011, #1170, #2373, #1841, #192, #1341 ) ) ;
#620 = LINE ( 'NONE', #583, #728 ) ;
#621 = FACE_OUTER_BOUND ( 'NONE', #1382, .T. ) ;
#622 = EDGE_LOOP ( 'NONE', ( #2528, #49, #465, #1322 ) ) ;
#623 = ORIENTED_EDGE ( 'NONE', *, *, #286, .F. ) ;
#624 = AXIS2_PLACEMENT_3D ( 'NONE', #1508, #1678, #2288 ) ;
#625 = ORIENTED_EDGE ( 'NONE', *, *, #1482, .F. ) ;
#626 = PLANE ( 'NONE',  #2210 ) ;
#627 = LINE ( 'NONE', #2261, #2564 ) ;
#628 = CARTESIAN_POINT ( 'NONE',  ( 0.000000000000000000, 69.00000000000000000, 4.000000000000000000 ) ) ;
#629 = CARTESIAN_POINT ( 'NONE',  ( 33.45948681732578933, 70.00000000000000000, 4.000000000000000000 ) ) ;
#630 = ORIENTED_EDGE ( 'NONE', *, *, #2165, .T. ) ;
#631 = CARTESIAN_POINT ( 'NONE',  ( 23.05948681732579431, 0.000000000000000000, 2.999999999999999112 ) ) ;
#632 = AXIS2_PLACEMENT_3D ( 'NONE', #93, #942, #524 ) ;
#633 = EDGE_CURVE ( 'NONE', #931, #1643, #1575, .T. ) ;
#634 = LINE ( 'NONE', #22, #2459 ) ;
#635 = ORIENTED_EDGE ( 'NONE', *, *, #2541, .F. ) ;
#636 = LINE ( 'NONE', #2062, #1136 ) ;
#637 = VECTOR ( 'NONE', #501, 1000.000000000000000 ) ;
#638 = ADVANCED_FACE ( 'NONE', ( #1355 ), #992, .F. ) ;
#639 = ADVANCED_FACE ( 'NONE', ( #1564 ), #1364, .F. ) ;
#640 = ORIENTED_EDGE ( 'NONE', *, *, #392, .T. ) ;
#641 = DIRECTION ( 'NONE',  ( 9.912705577010325549E-17, -1.000000000000000000, 0.000000000000000000 ) ) ;
#642 = EDGE_CURVE ( 'NONE', #1852, #1307, #1376, .T. ) ;
#643 = DIRECTION ( 'NONE',  ( 1.000000000000000000, 0.000000000000000000, 0.000000000000000000 ) ) ;
#644 = LINE ( 'NONE', #2251, #2412 ) ;
#645 = CARTESIAN_POINT ( 'NONE',  ( 4.500000000000000888, 65.50000000000001421, 0.000000000000000000 ) ) ;
#646 = ORIENTED_EDGE ( 'NONE', *, *, #531, .T. ) ;
#647 = DIRECTION ( 'NONE',  ( 0.000000000000000000, 0.000000000000000000, -1.000000000000000000 ) ) ;
#648 = DIRECTION ( 'NONE',  ( -0.000000000000000000, -0.000000000000000000, 1.000000000000000000 ) ) ;
#649 = VERTEX_POINT ( 'NONE', #2378 ) ;
#650 = CARTESIAN_POINT ( 'NONE',  ( 17.85948681732578436, 69.00000000000000000, 3.999999999999998224 ) ) ;
#651 = AXIS2_PLACEMENT_3D ( 'NONE', #2531, #735, #1942 ) ;
#652 = EDGE_CURVE ( 'NONE', #1815, #2203, #2542, .T. ) ;
#653 = EDGE_LOOP ( 'NONE', ( #36, #529 ) ) ;
#654 = DIRECTION ( 'NONE',  ( -1.051401200011456446E-16, 0.7071067811865474617, 0.7071067811865474617 ) ) ;
#655 = LINE ( 'NONE', #1831, #2366 ) ;
#656 = CARTESIAN_POINT ( 'NONE',  ( 0.000000000000000000, 0.000000000000000000, 4.000000000000000000 ) ) ;
#657 = VECTOR ( 'NONE', #358, 1000.000000000000000 ) ;
#658 = LINE ( 'NONE', #290, #1361 ) ;
#659 = ORIENTED_EDGE ( 'NONE', *, *, #684, .F. ) ;
#660 = FACE_OUTER_BOUND ( 'NONE', #2394, .T. ) ;
#661 = CARTESIAN_POINT ( 'NONE',  ( 0.000000000000000000, 0.000000000000000000, 0.000000000000000000 ) ) ;
#662 = ORIENTED_EDGE ( 'NONE', *, *, #1676, .T. ) ;
#663 = LINE ( 'NONE', #1254, #881 ) ;
#664 = VECTOR ( 'NONE', #339, 1000.000000000000000 ) ;
#665 = EDGE_CURVE ( 'NONE', #2201, #1082, #591, .T. ) ;
#666 = ORIENTED_EDGE ( 'NONE', *, *, #938, .F. ) ;
#667 = EDGE_CURVE ( 'NONE', #130, #1919, #160, .T. ) ;
#668 = DIRECTION ( 'NONE',  ( -7.009341333409758945E-17, 0.7071067811865524577, -0.7071067811865426878 ) ) ;
#669 = DIRECTION ( 'NONE',  ( -1.000000000000000000, 0.000000000000000000, 0.000000000000000000 ) ) ;
#670 = VECTOR ( 'NONE', #48, 1000.000000000000000 ) ;
#671 = DIRECTION ( 'NONE',  ( -1.000000000000000000, 0.000000000000000000, -0.000000000000000000 ) ) ;
#672 = VERTEX_POINT ( 'NONE', #1387 ) ;
#673 = DIRECTION ( 'NONE',  ( -1.000000000000000000, -0.000000000000000000, -0.000000000000000000 ) ) ;
#674 = VECTOR ( 'NONE', #258, 1000.000000000000000 ) ;
#675 = DIRECTION ( 'NONE',  ( -9.912705577010325549E-17, 1.000000000000000000, -0.000000000000000000 ) ) ;
#676 = ORIENTED_EDGE ( 'NONE', *, *, #92, .T. ) ;
#677 = ORIENTED_EDGE ( 'NONE', *, *, #1300, .T. ) ;
#678 = DIRECTION ( 'NONE',  ( -1.000000000000000000, -0.000000000000000000, -0.000000000000000000 ) ) ;
#679 = VERTEX_POINT ( 'NONE', #2179 ) ;
#680 = LINE ( 'NONE', #705, #1175 ) ;
#681 = DIRECTION ( 'NONE',  ( 1.000000000000000000, 0.000000000000000000, 0.000000000000000000 ) ) ;
#682 = CARTESIAN_POINT ( 'NONE',  ( 0.000000000000000000, 0.000000000000000000, 4.000000000000000000 ) ) ;
#683 = VERTEX_POINT ( 'NONE', #1991 ) ;
#684 = EDGE_CURVE ( 'NONE', #2424, #724, #393, .T. ) ;
#685 = LINE ( 'NONE', #1262, #2555 ) ;
#686 = CARTESIAN_POINT ( 'NONE',  ( 0.000000000000000000, 0.000000000000000000, 3.000000000000012879 ) ) ;
#687 = VERTEX_POINT ( 'NONE', #210 ) ;
#688 = DIRECTION ( 'NONE',  ( -1.000000000000000000, 0.000000000000000000, 0.000000000000000000 ) ) ;
#689 = FACE_OUTER_BOUND ( 'NONE', #522, .T. ) ;
#690 = ORIENTED_EDGE ( 'NONE', *, *, #667, .T. ) ;
#691 = VECTOR ( 'NONE', #1941, 1000.000000000000114 ) ;
#692 = FACE_OUTER_BOUND ( 'NONE', #2327, .T. ) ;
#693 = CARTESIAN_POINT ( 'NONE',  ( 28.25948681732579360, 70.00000000000000000, 2.000000000000000000 ) ) ;
#694 = PLANE ( 'NONE',  #66 ) ;
#695 = EDGE_CURVE ( 'NONE', #841, #355, #369, .T. ) ;
#696 = DIRECTION ( 'NONE',  ( 1.000000000000000000, -0.000000000000000000, 0.000000000000000000 ) ) ;
#697 = AXIS2_PLACEMENT_3D ( 'NONE', #1767, #580, #2193 ) ;
#698 = EDGE_CURVE ( 'NONE', #792, #2324, #1006, .T. ) ;
#699 = DIRECTION ( 'NONE',  ( -1.000000000000000000, 0.000000000000000000, 0.000000000000000000 ) ) ;
#700 = EDGE_LOOP ( 'NONE', ( #803, #1905, #1944, #1152 ) ) ;
#701 = CARTESIAN_POINT ( 'NONE',  ( 17.85948681732578436, 70.00000000000000000, 2.000000000000000000 ) ) ;
#702 = CARTESIAN_POINT ( 'NONE',  ( 56.73384686475551320, 0.000000000000000000, 2.000000000000000000 ) ) ;
#703 = LINE ( 'NONE', #1907, #2396 ) ;
#704 = ORIENTED_EDGE ( 'NONE', *, *, #2458, .F. ) ;
#705 = CARTESIAN_POINT ( 'NONE',  ( 49.05948681732579786, 1.000000000000003331, 4.000000000000002665 ) ) ;
#706 = PLANE ( 'NONE',  #994 ) ;
#707 = DIRECTION ( 'NONE',  ( 9.912705577010325549E-17, -1.000000000000000000, 0.000000000000000000 ) ) ;
#708 = ORIENTED_EDGE ( 'NONE', *, *, #1132, .T. ) ;
#709 = DIRECTION ( 'NONE',  ( -0.000000000000000000, -0.000000000000000000, -1.000000000000000000 ) ) ;
#710 = DIRECTION ( 'NONE',  ( 0.000000000000000000, 0.7071067811865475727, -0.7071067811865475727 ) ) ;
#711 = ORIENTED_EDGE ( 'NONE', *, *, #1623, .F. ) ;
#712 = PLANE ( 'NONE',  #394 ) ;
#713 = DIRECTION ( 'NONE',  ( -1.486905836551548832E-16, 1.000000000000000000, -0.000000000000000000 ) ) ;
#714 = ORIENTED_EDGE ( 'NONE', *, *, #1874, .F. ) ;
#715 = EDGE_CURVE ( 'NONE', #934, #1618, #1030, .T. ) ;
#716 = EDGE_CURVE ( 'NONE', #1658, #2081, #18, .T. ) ;
#717 = CARTESIAN_POINT ( 'NONE',  ( 63.87500000000000000, 4.500000000000003553, 4.000000000000000000 ) ) ;
#718 = AXIS2_PLACEMENT_3D ( 'NONE', #2269, #1875, #1722 ) ;
#719 = DIRECTION ( 'NONE',  ( 1.000000000000000000, -0.000000000000000000, 0.000000000000000000 ) ) ;
#720 = LINE ( 'NONE', #1117, #978 ) ;
#721 = ORIENTED_EDGE ( 'NONE', *, *, #1246, .T. ) ;
#722 = FACE_OUTER_BOUND ( 'NONE', #1592, .T. ) ;
#723 = PLANE ( 'NONE',  #1764 ) ;
#724 = VERTEX_POINT ( 'NONE', #1755 ) ;
#725 = DIRECTION ( 'NONE',  ( -0.000000000000000000, -0.000000000000000000, -1.000000000000000000 ) ) ;
#726 = DIRECTION ( 'NONE',  ( 1.000000000000000000, 0.000000000000000000, 0.000000000000000000 ) ) ;
#727 = ORIENTED_EDGE ( 'NONE', *, *, #1206, .T. ) ;
#728 = VECTOR ( 'NONE', #1580, 1000.000000000000000 ) ;
#729 = EDGE_CURVE ( 'NONE', #2203, #117, #1218, .T. ) ;
#730 = VECTOR ( 'NONE', #506, 1000.000000000000000 ) ;
#731 = LINE ( 'NONE', #2078, #1514 ) ;
#732 = VECTOR ( 'NONE', #2095, 1000.000000000000000 ) ;
#733 = CARTESIAN_POINT ( 'NONE',  ( 25.53384686475551391, 70.00000000000000000, 2.000000000000000000 ) ) ;
#734 = ORIENTED_EDGE ( 'NONE', *, *, #1693, .F. ) ;
#735 = DIRECTION ( 'NONE',  ( -0.000000000000000000, -0.7071067811865425767, -0.7071067811865524577 ) ) ;
#736 = DIRECTION ( 'NONE',  ( -0.000000000000000000, -0.000000000000000000, 1.000000000000000000 ) ) ;
#737 = ORIENTED_EDGE ( 'NONE', *, *, #255, .T. ) ;
#738 = DIRECTION ( 'NONE',  ( 0.000000000000000000, 1.000000000000000000, 0.000000000000000000 ) ) ;
#739 = LINE ( 'NONE', #165, #1668 ) ;
#740 = ORIENTED_EDGE ( 'NONE', *, *, #1001, .T. ) ;
#741 = ORIENTED_EDGE ( 'NONE', *, *, #2300, .F. ) ;
#742 = EDGE_CURVE ( 'NONE', #1909, #1082, #655, .T. ) ;
#743 = CARTESIAN_POINT ( 'NONE',  ( 30.73384686475552030, 1.000000000000000888, 4.000000000000000000 ) ) ;
#744 = EDGE_CURVE ( 'NONE', #1371, #774, #55, .T. ) ;
#745 = AXIS2_PLACEMENT_3D ( 'NONE', #1437, #993, #2429 ) ;
#746 = DIRECTION ( 'NONE',  ( -0.000000000000000000, -0.000000000000000000, -1.000000000000000000 ) ) ;
#747 = CARTESIAN_POINT ( 'NONE',  ( 0.000000000000000000, 69.00000000000000000, 4.000000000000000000 ) ) ;
#748 = EDGE_CURVE ( 'NONE', #870, #895, #1044, .T. ) ;
#749 = CARTESIAN_POINT ( 'NONE',  ( 67.12500000000000000, 4.500000000000003553, 4.000000000000000000 ) ) ;
#750 = VERTEX_POINT ( 'NONE', #2015 ) ;
#751 = PLANE ( 'NONE',  #940 ) ;
#752 = VECTOR ( 'NONE', #504, 1000.000000000000000 ) ;
#753 = LINE ( 'NONE', #1581, #664 ) ;
#754 = ORIENTED_EDGE ( 'NONE', *, *, #1502, .T. ) ;
#755 = AXIS2_PLACEMENT_3D ( 'NONE', #1686, #2271, #842 ) ;
#756 = EDGE_CURVE ( 'NONE', #1674, #332, #80, .T. ) ;
#757 = AXIS2_PLACEMENT_3D ( 'NONE', #862, #1677, #846 ) ;
#758 = DIRECTION ( 'NONE',  ( 1.000000000000000000, 0.000000000000000000, 0.000000000000000000 ) ) ;
#759 = APPLICATION_CONTEXT ( 'automotive_design' ) ;
#760 = PRODUCT_CONTEXT ( 'NONE', #759, 'mechanical' ) ;
#761 = CIRCLE ( 'NONE', #2545, 1.625000000000001332 ) ;
#762 = CARTESIAN_POINT ( 'NONE',  ( 33.45948681732578933, 69.00000000000000000, 3.999999999999998224 ) ) ;
#763 = EDGE_CURVE ( 'NONE', #2224, #1371, #627, .T. ) ;
#764 = CARTESIAN_POINT ( 'NONE',  ( 0.000000000000000000, 0.000000000000000000, 2.000000000000000000 ) ) ;
#765 = ORIENTED_EDGE ( 'NONE', *, *, #1206, .F. ) ;
#766 = CARTESIAN_POINT ( 'NONE',  ( 41.13384686475551177, 70.00000000000000000, 2.000000000000000000 ) ) ;
#767 = VERTEX_POINT ( 'NONE', #2249 ) ;
#768 = ORIENTED_EDGE ( 'NONE', *, *, #2452, .F. ) ;
#769 = DIRECTION ( 'NONE',  ( -7.009341333409758945E-17, 0.7071067811865524577, -0.7071067811865426878 ) ) ;
#770 = CARTESIAN_POINT ( 'NONE',  ( 43.85948681732578791, 70.00000000000000000, 3.000000000000012879 ) ) ;
#771 = VECTOR ( 'NONE', #1781, 1000.000000000000000 ) ;
#772 = ADVANCED_FACE ( 'NONE', ( #432 ), #41, .F. ) ;
#773 = DIRECTION ( 'NONE',  ( -1.000000000000000000, 0.000000000000000000, -0.000000000000000000 ) ) ;
#774 = VERTEX_POINT ( 'NONE', #1231 ) ;
#775 = LINE ( 'NONE', #1485, #1328 ) ;
#776 = EDGE_CURVE ( 'NONE', #1632, #767, #223, .T. ) ;
#777 = CARTESIAN_POINT ( 'NONE',  ( 65.50000000000000000, 65.50000000000000000, 0.000000000000000000 ) ) ;
#778 = ORIENTED_EDGE ( 'NONE', *, *, #965, .F. ) ;
#779 = VERTEX_POINT ( 'NONE', #2051 ) ;
#780 = VECTOR ( 'NONE', #668, 1000.000000000000000 ) ;
#781 = ORIENTED_EDGE ( 'NONE', *, *, #2106, .F. ) ;
#782 = FACE_OUTER_BOUND ( 'NONE', #1131, .T. ) ;
#783 = CARTESIAN_POINT ( 'NONE',  ( 0.000000000000000000, 1.000000000000000888, 4.000000000000000000 ) ) ;
#784 = AXIS2_PLACEMENT_3D ( 'NONE', #1761, #363, #1948 ) ;
#785 = DIRECTION ( 'NONE',  ( 1.000000000000000000, 0.000000000000000000, 0.000000000000000000 ) ) ;
#786 = VERTEX_POINT ( 'NONE', #1650 ) ;
#787 = DIRECTION ( 'NONE',  ( 0.5773502691896257311, 0.5773502691896257311, 0.5773502691896257311 ) ) ;
#788 = PLANE ( 'NONE',  #784 ) ;
#789 = VERTEX_POINT ( 'NONE', #1057 ) ;
#790 = ORIENTED_EDGE ( 'NONE', *, *, #1979, .T. ) ;
#791 = EDGE_CURVE ( 'NONE', #221, #10, #1032, .T. ) ;
#792 = VERTEX_POINT ( 'NONE', #470 ) ;
#793 = CARTESIAN_POINT ( 'NONE',  ( 49.05948681732579786, 0.000000000000000000, 2.000000000000000000 ) ) ;
#794 = DIRECTION ( 'NONE',  ( -7.009341333409758945E-17, 0.7071067811865524577, -0.7071067811865426878 ) ) ;
#795 = EDGE_CURVE ( 'NONE', #860, #400, #1843, .T. ) ;
#796 = PLANE ( 'NONE',  #2205 ) ;
#797 = VECTOR ( 'NONE', #601, 1000.000000000000000 ) ;
#798 = CARTESIAN_POINT ( 'NONE',  ( 46.33384686475552172, 1.000000000000000888, 4.000000000000000000 ) ) ;
#799 = ORIENTED_EDGE ( 'NONE', *, *, #852, .T. ) ;
#800 = CARTESIAN_POINT ( 'NONE',  ( 0.000000000000000000, 0.000000000000000000, 2.999999999999999112 ) ) ;
#801 = VECTOR ( 'NONE', #920, 1000.000000000000000 ) ;
#802 = DIRECTION ( 'NONE',  ( -1.000000000000000000, 0.000000000000000000, -0.000000000000000000 ) ) ;
#803 = ORIENTED_EDGE ( 'NONE', *, *, #609, .F. ) ;
#804 = ORIENTED_EDGE ( 'NONE', *, *, #642, .T. ) ;
#805 = ORIENTED_EDGE ( 'NONE', *, *, #1520, .T. ) ;
#806 = DIRECTION ( 'NONE',  ( -1.000000000000000000, 0.000000000000000000, 0.000000000000000000 ) ) ;
#807 = EDGE_CURVE ( 'NONE', #571, #2359, #1410, .T. ) ;
#808 = CARTESIAN_POINT ( 'NONE',  ( 49.05948681732579075, 70.00000000000000000, 2.000000000000000000 ) ) ;
#809 = DIRECTION ( 'NONE',  ( -0.000000000000000000, -0.000000000000000000, -1.000000000000000000 ) ) ;
#810 = CARTESIAN_POINT ( 'NONE',  ( 56.73384686475551320, 0.000000000000000000, 2.999999999999999112 ) ) ;
#811 = ORIENTED_EDGE ( 'NONE', *, *, #652, .F. ) ;
#812 = VECTOR ( 'NONE', #111, 1000.000000000000000 ) ;
#813 = CARTESIAN_POINT ( 'NONE',  ( 0.000000000000000000, 69.00000000000000000, 4.000000000000000000 ) ) ;
#814 = DIRECTION ( 'NONE',  ( 1.000000000000000000, 0.000000000000000000, 0.000000000000000000 ) ) ;
#815 = ORIENTED_EDGE ( 'NONE', *, *, #1325, .T. ) ;
#816 = ORIENTED_EDGE ( 'NONE', *, *, #2106, .T. ) ;
#817 = ORIENTED_EDGE ( 'NONE', *, *, #1261, .T. ) ;
#818 = DIRECTION ( 'NONE',  ( 1.000000000000000000, 0.000000000000000000, 0.000000000000000000 ) ) ;
#819 = ADVANCED_FACE ( 'NONE', ( #1622 ), #446, .F. ) ;
#820 = LINE ( 'NONE', #1270, #2423 ) ;
#821 = CARTESIAN_POINT ( 'NONE',  ( 25.53384686475551391, 70.00000000000000000, 2.000000000000000000 ) ) ;
#822 = LINE ( 'NONE', #2182, #1144 ) ;
#823 = ORIENTED_EDGE ( 'NONE', *, *, #923, .T. ) ;
#824 = EDGE_CURVE ( 'NONE', #789, #2417, #820, .T. ) ;
#825 = CARTESIAN_POINT ( 'NONE',  ( 28.25948681732578294, 70.00000000000000000, 2.000000000000000000 ) ) ;
#826 = CARTESIAN_POINT ( 'NONE',  ( 67.12500000000000000, 4.500000000000003553, 4.000000000000000000 ) ) ;
#827 = EDGE_LOOP ( 'NONE', ( #640, #435, #598, #1666, #1269, #856 ) ) ;
#828 = EDGE_LOOP ( 'NONE', ( #2382, #478 ) ) ;
#829 = VECTOR ( 'NONE', #1204, 1000.000000000000114 ) ;
#830 = ORIENTED_EDGE ( 'NONE', *, *, #44, .T. ) ;
#831 = DIRECTION ( 'NONE',  ( 0.000000000000000000, 0.000000000000000000, -1.000000000000000000 ) ) ;
#832 = EDGE_CURVE ( 'NONE', #873, #1674, #1636, .T. ) ;
#833 = CARTESIAN_POINT ( 'NONE',  ( 0.000000000000000000, 0.000000000000000000, 4.000000000000000000 ) ) ;
#834 = CARTESIAN_POINT ( 'NONE',  ( 30.73384686475551320, 70.00000000000000000, 3.000000000000012879 ) ) ;
#835 = LINE ( 'NONE', #1588, #14 ) ;
#836 = ORIENTED_EDGE ( 'NONE', *, *, #2413, .T. ) ;
#837 = DIRECTION ( 'NONE',  ( -0.000000000000000000, -0.000000000000000000, -1.000000000000000000 ) ) ;
#838 = AXIS2_PLACEMENT_3D ( 'NONE', #1522, #2301, #329 ) ;
#839 = EDGE_CURVE ( 'NONE', #98, #2145, #1856, .T. ) ;
#840 = DIRECTION ( 'NONE',  ( -1.000000000000000000, -9.912705577010325549E-17, 0.000000000000000000 ) ) ;
#841 = VERTEX_POINT ( 'NONE', #615 ) ;
#842 = DIRECTION ( 'NONE',  ( -1.000000000000000000, 0.000000000000000000, -0.000000000000000000 ) ) ;
#843 = VECTOR ( 'NONE', #1107, 1000.000000000000000 ) ;
#844 = ORIENTED_EDGE ( 'NONE', *, *, #988, .F. ) ;
#845 = CARTESIAN_POINT ( 'NONE',  ( 12.65948681732579573, 70.00000000000000000, 3.000000000000012879 ) ) ;
#846 = DIRECTION ( 'NONE',  ( 1.000000000000000000, 0.000000000000000000, 0.000000000000000000 ) ) ;
#847 = FACE_OUTER_BOUND ( 'NONE', #1127, .T. ) ;
#848 = LINE ( 'NONE', #1086, #812 ) ;
#849 = VERTEX_POINT ( 'NONE', #1247 ) ;
#850 = AXIS2_PLACEMENT_3D ( 'NONE', #1348, #2535, #2151 ) ;
#851 = CYLINDRICAL_SURFACE ( 'NONE', #2561, 1.625000000000001332 ) ;
#852 = EDGE_CURVE ( 'NONE', #98, #575, #381, .T. ) ;
#853 = VECTOR ( 'NONE', #2273, 1000.000000000000000 ) ;
#854 = PLANE ( 'NONE',  #2176 ) ;
#855 = VERTEX_POINT ( 'NONE', #2040 ) ;
#856 = ORIENTED_EDGE ( 'NONE', *, *, #293, .F. ) ;
#857 = EDGE_CURVE ( 'NONE', #789, #219, #1303, .T. ) ;
#858 = PRODUCT_DEFINITION_SHAPE ( 'NONE', 'NONE',  #2425 ) ;
#859 = VECTOR ( 'NONE', #1147, 1000.000000000000000 ) ;
#860 = VERTEX_POINT ( 'NONE', #314 ) ;
#861 = PRESENTATION_LAYER_ASSIGNMENT (  '', '', ( #533 ) ) ;
#862 = CARTESIAN_POINT ( 'NONE',  ( 4.499999999999988454, 4.500000000000007105, 4.000000000000000000 ) ) ;
#863 = CARTESIAN_POINT ( 'NONE',  ( 59.45948681732578933, 70.00000000000000000, 2.000000000000000000 ) ) ;
#864 =( GEOMETRIC_REPRESENTATION_CONTEXT ( 3 ) GLOBAL_UNCERTAINTY_ASSIGNED_CONTEXT ( ( #2537 ) ) GLOBAL_UNIT_ASSIGNED_CONTEXT ( ( #1780, #1928, #330 ) ) REPRESENTATION_CONTEXT ( 'NONE', 'WORKASPACE' ) );
#865 = CARTESIAN_POINT ( 'NONE',  ( 0.000000000000000000, 0.000000000000000000, 2.000000000000000000 ) ) ;
#866 = VERTEX_POINT ( 'NONE', #1704 ) ;
#867 = CARTESIAN_POINT ( 'NONE',  ( 63.87500000000000000, 4.500000000000003553, 4.000000000000000000 ) ) ;
#868 = DIRECTION ( 'NONE',  ( 1.000000000000000000, 0.000000000000000000, 0.000000000000000000 ) ) ;
#869 = VERTEX_POINT ( 'NONE', #2466 ) ;
#870 = VERTEX_POINT ( 'NONE', #2275 ) ;
#871 = AXIS2_PLACEMENT_3D ( 'NONE', #777, #584, #2153 ) ;
#872 = DIRECTION ( 'NONE',  ( 0.000000000000000000, -1.000000000000000000, 0.000000000000000000 ) ) ;
#873 = VERTEX_POINT ( 'NONE', #1479 ) ;
#874 = EDGE_CURVE ( 'NONE', #779, #1824, #731, .T. ) ;
#875 = CARTESIAN_POINT ( 'NONE',  ( 70.00000000000000000, 0.000000000000000000, 0.000000000000000000 ) ) ;
#876 = DIRECTION ( 'NONE',  ( 0.000000000000000000, 0.000000000000000000, 1.000000000000000000 ) ) ;
#877 = VECTOR ( 'NONE', #818, 1000.000000000000000 ) ;
#878 = LINE ( 'NONE', #1900, #941 ) ;
#879 = VERTEX_POINT ( 'NONE', #1535 ) ;
#880 = PLANE ( 'NONE',  #2117 ) ;
#881 = VECTOR ( 'NONE', #2244, 1000.000000000000000 ) ;
#882 = EDGE_CURVE ( 'NONE', #672, #585, #1099, .T. ) ;
#883 = CARTESIAN_POINT ( 'NONE',  ( 9.933846864755519590, 1.000000000000000888, 4.000000000000000000 ) ) ;
#884 = ORIENTED_EDGE ( 'NONE', *, *, #824, .T. ) ;
#885 = CARTESIAN_POINT ( 'NONE',  ( 28.25948681732578294, 70.00000000000000000, 4.000000000000000000 ) ) ;
#886 = LINE ( 'NONE', #77, #1236 ) ;
#887 = ORIENTED_EDGE ( 'NONE', *, *, #2165, .F. ) ;
#888 = PLANE ( 'NONE',  #299 ) ;
#889 = EDGE_CURVE ( 'NONE', #2552, #779, #680, .T. ) ;
#890 = CARTESIAN_POINT ( 'NONE',  ( 33.45948681732579644, 0.000000000000000000, 2.999999999999999112 ) ) ;
#891 = PLANE ( 'NONE',  #2439 ) ;
#892 = ORIENTED_EDGE ( 'NONE', *, *, #2354, .F. ) ;
#893 = LINE ( 'NONE', #2306, #67 ) ;
#894 = FACE_OUTER_BOUND ( 'NONE', #1853, .T. ) ;
#895 = VERTEX_POINT ( 'NONE', #1731 ) ;
#896 = LINE ( 'NONE', #1840, #1004 ) ;
#897 = DIRECTION ( 'NONE',  ( 0.000000000000000000, -1.000000000000000000, 0.000000000000000000 ) ) ;
#898 = DIRECTION ( 'NONE',  ( -1.000000000000000000, -0.000000000000000000, -0.000000000000000000 ) ) ;
#899 = ORIENTED_EDGE ( 'NONE', *, *, #2088, .F. ) ;
#900 = VECTOR ( 'NONE', #944, 1000.000000000000000 ) ;
#901 = DIRECTION ( 'NONE',  ( -0.000000000000000000, -0.000000000000000000, -1.000000000000000000 ) ) ;
#902 = CARTESIAN_POINT ( 'NONE',  ( 65.50000000000000000, 4.500000000000003553, 0.000000000000000000 ) ) ;
#903 = CARTESIAN_POINT ( 'NONE',  ( 15.13384686475552066, 1.000000000000001554, 4.000000000000000888 ) ) ;
#904 = ORIENTED_EDGE ( 'NONE', *, *, #763, .F. ) ;
#905 = DIRECTION ( 'NONE',  ( 9.912705577010325549E-17, -1.000000000000000000, 0.000000000000000000 ) ) ;
#906 = VECTOR ( 'NONE', #237, 1000.000000000000000 ) ;
#907 = DIRECTION ( 'NONE',  ( 0.5773502691896285066, 0.5773502691896285066, -0.5773502691896204020 ) ) ;
#908 = EDGE_LOOP ( 'NONE', ( #2395, #1555, #1366, #904 ) ) ;
#909 = DIRECTION ( 'NONE',  ( 1.000000000000000000, 1.486905836551548832E-16, 0.000000000000000000 ) ) ;
#910 = EDGE_CURVE ( 'NONE', #1371, #1027, #928, .T. ) ;
#911 = CARTESIAN_POINT ( 'NONE',  ( 43.85948681732579502, 0.000000000000000000, 2.000000000000000000 ) ) ;
#912 = ORIENTED_EDGE ( 'NONE', *, *, #1028, .F. ) ;
#913 = ORIENTED_EDGE ( 'NONE', *, *, #485, .F. ) ;
#914 = EDGE_CURVE ( 'NONE', #1852, #860, #2330, .T. ) ;
#915 = CARTESIAN_POINT ( 'NONE',  ( 43.85948681732579502, 0.000000000000000000, 2.000000000000000000 ) ) ;
#916 = DIRECTION ( 'NONE',  ( -0.000000000000000000, -0.7071067811865425767, -0.7071067811865524577 ) ) ;
#917 = CYLINDRICAL_SURFACE ( 'NONE', #1190, 1.625000000000001332 ) ;
#918 = VERTEX_POINT ( 'NONE', #539 ) ;
#919 = CARTESIAN_POINT ( 'NONE',  ( 2.874999999999987121, 4.500000000000007105, 4.000000000000000000 ) ) ;
#920 = DIRECTION ( 'NONE',  ( 9.912705577010325549E-17, -1.000000000000000000, 0.000000000000000000 ) ) ;
#921 = ORIENTED_EDGE ( 'NONE', *, *, #2299, .F. ) ;
#922 = CARTESIAN_POINT ( 'NONE',  ( 0.000000000000000000, 1.000000000000000888, 4.000000000000000000 ) ) ;
#923 = EDGE_CURVE ( 'NONE', #1418, #2539, #1338, .T. ) ;
#924 = DIRECTION ( 'NONE',  ( 1.000000000000000000, 0.000000000000000000, 0.000000000000000000 ) ) ;
#925 = VERTEX_POINT ( 'NONE', #915 ) ;
#926 = ORIENTED_EDGE ( 'NONE', *, *, #1676, .F. ) ;
#927 = VECTOR ( 'NONE', #403, 1000.000000000000000 ) ;
#928 = LINE ( 'NONE', #2506, #1093 ) ;
#929 = VECTOR ( 'NONE', #213, 1000.000000000000000 ) ;
#930 = CARTESIAN_POINT ( 'NONE',  ( 0.000000000000000000, 70.00000000000000000, 3.000000000000012879 ) ) ;
#931 = VERTEX_POINT ( 'NONE', #495 ) ;
#932 = FACE_OUTER_BOUND ( 'NONE', #121, .T. ) ;
#933 = CARTESIAN_POINT ( 'NONE',  ( 12.65948681732579573, 69.00000000000000000, 4.000000000000000000 ) ) ;
#934 = VERTEX_POINT ( 'NONE', #717 ) ;
#935 = DIRECTION ( 'NONE',  ( 0.000000000000000000, 1.000000000000000000, 0.000000000000000000 ) ) ;
#936 = EDGE_CURVE ( 'NONE', #401, #2408, #2131, .T. ) ;
#937 = CARTESIAN_POINT ( 'NONE',  ( 46.33384686475551462, 70.00000000000000000, 2.000000000000000000 ) ) ;
#938 = EDGE_CURVE ( 'NONE', #687, #1560, #1912, .T. ) ;
#939 = ORIENTED_EDGE ( 'NONE', *, *, #965, .T. ) ;
#940 = AXIS2_PLACEMENT_3D ( 'NONE', #922, #1957, #1556 ) ;
#941 = VECTOR ( 'NONE', #498, 1000.000000000000000 ) ;
#942 = DIRECTION ( 'NONE',  ( 0.7071067811865475727, 0.000000000000000000, -0.7071067811865475727 ) ) ;
#943 =( NAMED_UNIT ( * ) SI_UNIT ( $, .STERADIAN. ) SOLID_ANGLE_UNIT ( ) );
#944 = DIRECTION ( 'NONE',  ( -0.000000000000000000, -0.000000000000000000, 1.000000000000000000 ) ) ;
#945 = DIRECTION ( 'NONE',  ( -9.912705577010325549E-17, 1.000000000000000000, 0.000000000000000000 ) ) ;
#946 = CARTESIAN_POINT ( 'NONE',  ( 0.000000000000000000, 0.000000000000000000, 4.000000000000000000 ) ) ;
#947 = EDGE_LOOP ( 'NONE', ( #538, #1052, #242, #1879 ) ) ;
#948 = CARTESIAN_POINT ( 'NONE',  ( 15.13384686475551355, 69.00000000000000000, 4.000000000000000000 ) ) ;
#949 = EDGE_CURVE ( 'NONE', #2224, #1815, #2478, .T. ) ;
#950 = CARTESIAN_POINT ( 'NONE',  ( 69.00000000000000000, 69.00000000000000000, 4.000000000000000000 ) ) ;
#951 = ORIENTED_EDGE ( 'NONE', *, *, #459, .T. ) ;
#952 = CARTESIAN_POINT ( 'NONE',  ( 4.499999999999988454, 4.500000000000007105, 0.000000000000000000 ) ) ;
#953 = EDGE_CURVE ( 'NONE', #83, #2145, #2217, .T. ) ;
#954 = AXIS2_PLACEMENT_3D ( 'NONE', #109, #876, #1115 ) ;
#955 = CARTESIAN_POINT ( 'NONE',  ( 0.000000000000000000, 69.00000000000000000, 4.000000000000000000 ) ) ;
#956 = ADVANCED_FACE ( 'NONE', ( #692 ), #343, .F. ) ;
#957 = DIRECTION ( 'NONE',  ( -9.912705577010325549E-17, 1.000000000000000000, -0.000000000000000000 ) ) ;
#958 = EDGE_LOOP ( 'NONE', ( #754, #1097, #2372, #1816 ) ) ;
#959 =( NAMED_UNIT ( * ) SI_UNIT ( $, .STERADIAN. ) SOLID_ANGLE_UNIT ( ) );
#960 = FACE_OUTER_BOUND ( 'NONE', #2177, .T. ) ;
#961 = ORIENTED_EDGE ( 'NONE', *, *, #353, .T. ) ;
#962 = ORIENTED_EDGE ( 'NONE', *, *, #391, .T. ) ;
#963 = VECTOR ( 'NONE', #1927, 1000.000000000000000 ) ;
#964 = DIRECTION ( 'NONE',  ( -1.000000000000000000, 0.000000000000000000, 0.000000000000000000 ) ) ;
#965 = EDGE_CURVE ( 'NONE', #767, #1229, #1143, .T. ) ;
#966 = VECTOR ( 'NONE', #957, 1000.000000000000000 ) ;
#967 = ADVANCED_FACE ( 'NONE', ( #2104 ), #888, .F. ) ;
#968 = CARTESIAN_POINT ( 'NONE',  ( 20.33384686475551817, 0.000000000000000000, 2.000000000000000000 ) ) ;
#969 = CARTESIAN_POINT ( 'NONE',  ( 0.000000000000000000, 1.000000000000000888, 4.000000000000000000 ) ) ;
#970 = ORIENTED_EDGE ( 'NONE', *, *, #729, .T. ) ;
#971 = CARTESIAN_POINT ( 'NONE',  ( 0.000000000000000000, 1.000000000000000888, 4.000000000000000000 ) ) ;
#972 = DIRECTION ( 'NONE',  ( 7.009341333409758945E-17, -0.7071067811865524577, 0.7071067811865426878 ) ) ;
#973 = ORIENTED_EDGE ( 'NONE', *, *, #744, .T. ) ;
#974 = ORIENTED_EDGE ( 'NONE', *, *, #1416, .F. ) ;
#975 = ORIENTED_EDGE ( 'NONE', *, *, #1429, .T. ) ;
#976 = DIRECTION ( 'NONE',  ( -1.401868266681941928E-16, 0.7071067811865474617, 0.7071067811865474617 ) ) ;
#977 = PRESENTATION_STYLE_ASSIGNMENT (( #159 ) ) ;
#978 = VECTOR ( 'NONE', #1914, 1000.000000000000000 ) ;
#979 = CARTESIAN_POINT ( 'NONE',  ( 43.85948681732578791, 70.00000000000000000, 2.000000000000000000 ) ) ;
#980 = VECTOR ( 'NONE', #2239, 1000.000000000000114 ) ;
#981 = DIRECTION ( 'NONE',  ( 0.000000000000000000, 0.000000000000000000, -1.000000000000000000 ) ) ;
#982 = VERTEX_POINT ( 'NONE', #2315 ) ;
#983 = FILL_AREA_STYLE ('',( #1983 ) ) ;
#984 = ADVANCED_FACE ( 'NONE', ( #2287 ), #1940, .F. ) ;
#985 = COLOUR_RGB ( '',0.7764705882352941346, 0.7568627450980391913, 0.7372549019607843590 ) ;
#986 = LINE ( 'NONE', #1750, #2536 ) ;
#987 = EDGE_LOOP ( 'NONE', ( #765, #414, #1174, #351 ) ) ;
#988 = EDGE_CURVE ( 'NONE', #2424, #1852, #1326, .T. ) ;
#989 = ORIENTED_EDGE ( 'NONE', *, *, #1966, .F. ) ;
#990 = ORIENTED_EDGE ( 'NONE', *, *, #1396, .F. ) ;
#991 = DIRECTION ( 'NONE',  ( 0.000000000000000000, 0.000000000000000000, 1.000000000000000000 ) ) ;
#992 = CYLINDRICAL_SURFACE ( 'NONE', #697, 1.625000000000001332 ) ;
#993 = DIRECTION ( 'NONE',  ( 0.000000000000000000, 0.000000000000000000, 1.000000000000000000 ) ) ;
#994 = AXIS2_PLACEMENT_3D ( 'NONE', #513, #2454, #669 ) ;
#995 = DIRECTION ( 'NONE',  ( -1.000000000000000000, 0.000000000000000000, -0.000000000000000000 ) ) ;
#996 = ORIENTED_EDGE ( 'NONE', *, *, #415, .F. ) ;
#997 =( NAMED_UNIT ( * ) PLANE_ANGLE_UNIT ( ) SI_UNIT ( $, .RADIAN. ) );
#998 = CARTESIAN_POINT ( 'NONE',  ( 33.45948681732578933, 70.00000000000000000, 2.000000000000000000 ) ) ;
#999 = ORIENTED_EDGE ( 'NONE', *, *, #2167, .T. ) ;
#1000 = ORIENTED_EDGE ( 'NONE', *, *, #2405, .F. ) ;
#1001 = EDGE_CURVE ( 'NONE', #79, #1418, #183, .T. ) ;
#1002 = VECTOR ( 'NONE', #410, 1000.000000000000000 ) ;
#1003 = ORIENTED_EDGE ( 'NONE', *, *, #253, .F. ) ;
#1004 = VECTOR ( 'NONE', #491, 1000.000000000000000 ) ;
#1005 = CARTESIAN_POINT ( 'NONE',  ( 17.85948681732579502, 1.000000000000002220, 4.000000000000001776 ) ) ;
#1006 = LINE ( 'NONE', #762, #2034 ) ;
#1007 = DIRECTION ( 'NONE',  ( -7.009341333409758945E-17, 0.7071067811865524577, 0.7071067811865426878 ) ) ;
#1008 = VECTOR ( 'NONE', #378, 1000.000000000000000 ) ;
#1009 = DIRECTION ( 'NONE',  ( -0.000000000000000000, -1.000000000000000000, -0.000000000000000000 ) ) ;
#1010 = ORIENTED_EDGE ( 'NONE', *, *, #1261, .F. ) ;
#1011 = LINE ( 'NONE', #1800, #1855 ) ;
#1012 = DIRECTION ( 'NONE',  ( -0.000000000000000000, 1.000000000000000000, -0.000000000000000000 ) ) ;
#1013 = ORIENTED_EDGE ( 'NONE', *, *, #1805, .F. ) ;
#1014 = ORIENTED_EDGE ( 'NONE', *, *, #2272, .T. ) ;
#1015 = EDGE_CURVE ( 'NONE', #2145, #83, #2052, .T. ) ;
#1016 = EDGE_LOOP ( 'NONE', ( #1975, #1250, #2392, #180 ) ) ;
#1017 = DIRECTION ( 'NONE',  ( 0.000000000000000000, -0.000000000000000000, -1.000000000000000000 ) ) ;
#1018 = EDGE_CURVE ( 'NONE', #219, #789, #1935, .T. ) ;
#1019 = DIRECTION ( 'NONE',  ( -7.009341333409709641E-17, 0.7071067811865474617, 0.7071067811865474617 ) ) ;
#1020 = CARTESIAN_POINT ( 'NONE',  ( 0.000000000000000000, 0.000000000000000000, 2.000000000000000000 ) ) ;
#1021 = CARTESIAN_POINT ( 'NONE',  ( 0.000000000000000000, 70.00000000000000000, 3.000000000000012879 ) ) ;
#1022 = ORIENTED_EDGE ( 'NONE', *, *, #128, .F. ) ;
#1023 = AXIS2_PLACEMENT_3D ( 'NONE', #311, #1504, #2285 ) ;
#1024 = DIRECTION ( 'NONE',  ( 1.000000000000000000, 9.912705577010325549E-17, 0.000000000000000000 ) ) ;
#1025 = CARTESIAN_POINT ( 'NONE',  ( 12.65948681732579573, 70.00000000000000000, 2.000000000000000000 ) ) ;
#1026 = ORIENTED_EDGE ( 'NONE', *, *, #1416, .T. ) ;
#1027 = VERTEX_POINT ( 'NONE', #1976 ) ;
#1028 = EDGE_CURVE ( 'NONE', #2333, #1505, #553, .T. ) ;
#1029 = ORIENTED_EDGE ( 'NONE', *, *, #2515, .F. ) ;
#1030 = CIRCLE ( 'NONE', #2490, 1.625000000000001332 ) ;
#1031 = CARTESIAN_POINT ( 'NONE',  ( 0.000000000000000000, 0.000000000000000000, 2.000000000000000000 ) ) ;
#1032 = LINE ( 'NONE', #1436, #2241 ) ;
#1033 = ADVANCED_FACE ( 'NONE', ( #1743 ), #2, .F. ) ;
#1034 = CARTESIAN_POINT ( 'NONE',  ( 59.45948681732578223, 70.00000000000000000, 2.000000000000000000 ) ) ;
#1035 = FACE_OUTER_BOUND ( 'NONE', #2061, .T. ) ;
#1036 = ORIENTED_EDGE ( 'NONE', *, *, #756, .T. ) ;
#1037 = CARTESIAN_POINT ( 'NONE',  ( 41.13384686475551888, 0.000000000000000000, 2.000000000000000000 ) ) ;
#1038 = EDGE_CURVE ( 'NONE', #1544, #1040, #592, .T. ) ;
#1039 = FACE_BOUND ( 'NONE', #2410, .T. ) ;
#1040 = VERTEX_POINT ( 'NONE', #1766 ) ;
#1041 = CARTESIAN_POINT ( 'NONE',  ( 2.874999999999987121, 4.500000000000007105, 0.000000000000000000 ) ) ;
#1042 = ORIENTED_EDGE ( 'NONE', *, *, #832, .T. ) ;
#1043 = FACE_OUTER_BOUND ( 'NONE', #454, .T. ) ;
#1044 = LINE ( 'NONE', #1452, #239 ) ;
#1045 = EDGE_CURVE ( 'NONE', #1082, #1357, #1373, .T. ) ;
#1046 = FACE_OUTER_BOUND ( 'NONE', #1865, .T. ) ;
#1047 = EDGE_CURVE ( 'NONE', #1658, #2552, #196, .T. ) ;
#1048 = CARTESIAN_POINT ( 'NONE',  ( 41.13384686475551888, 0.000000000000000000, 2.000000000000000000 ) ) ;
#1049 = ORIENTED_EDGE ( 'NONE', *, *, #795, .F. ) ;
#1050 = CARTESIAN_POINT ( 'NONE',  ( 49.05948681732579075, 70.00000000000000000, 2.000000000000000000 ) ) ;
#1051 = LINE ( 'NONE', #1630, #2130 ) ;
#1052 = ORIENTED_EDGE ( 'NONE', *, *, #2216, .F. ) ;
#1053 = DIRECTION ( 'NONE',  ( 0.000000000000000000, 1.000000000000000000, 0.000000000000000000 ) ) ;
#1054 = VECTOR ( 'NONE', #1317, 1000.000000000000000 ) ;
#1055 = ORIENTED_EDGE ( 'NONE', *, *, #2377, .T. ) ;
#1056 = CARTESIAN_POINT ( 'NONE',  ( 4.499999999999988454, 4.500000000000007105, 4.000000000000000000 ) ) ;
#1057 = CARTESIAN_POINT ( 'NONE',  ( 67.12500000000000000, 65.50000000000000000, 4.000000000000000000 ) ) ;
#1058 = FACE_OUTER_BOUND ( 'NONE', #1186, .T. ) ;
#1059 = DIRECTION ( 'NONE',  ( 1.000000000000000000, 0.000000000000000000, 0.000000000000000000 ) ) ;
#1060 = ORIENTED_EDGE ( 'NONE', *, *, #889, .F. ) ;
#1061 = VECTOR ( 'NONE', #2172, 1000.000000000000000 ) ;
#1062 = PLANE ( 'NONE',  #1241 ) ;
#1063 = AXIS2_PLACEMENT_3D ( 'NONE', #1185, #2570, #1380 ) ;
#1064 = LINE ( 'NONE', #1711, #177 ) ;
#1065 = ORIENTED_EDGE ( 'NONE', *, *, #2343, .T. ) ;
#1066 = DIRECTION ( 'NONE',  ( 0.000000000000000000, -0.000000000000000000, 1.000000000000000000 ) ) ;
#1067 = EDGE_CURVE ( 'NONE', #38, #2369, #1176, .T. ) ;
#1068 = PLANE ( 'NONE',  #1023 ) ;
#1069 = EDGE_LOOP ( 'NONE', ( #1013, #280, #1443, #1525 ) ) ;
#1070 = ADVANCED_FACE ( 'NONE', ( #782 ), #2376, .F. ) ;
#1071 = DIRECTION ( 'NONE',  ( -9.912705577010325549E-17, 1.000000000000000000, -0.000000000000000000 ) ) ;
#1072 = CARTESIAN_POINT ( 'NONE',  ( 49.05948681732579786, 0.000000000000000000, 2.999999999999999112 ) ) ;
#1073 = FACE_OUTER_BOUND ( 'NONE', #402, .T. ) ;
#1074 = ORIENTED_EDGE ( 'NONE', *, *, #2354, .T. ) ;
#1075 = PLANE ( 'NONE',  #1116 ) ;
#1076 = LINE ( 'NONE', #321, #1425 ) ;
#1077 = EDGE_LOOP ( 'NONE', ( #1391, #2492, #475, #1347, #781, #502 ) ) ;
#1078 = PLANE ( 'NONE',  #211 ) ;
#1079 = VECTOR ( 'NONE', #1007, 1000.000000000000000 ) ;
#1080 = DIRECTION ( 'NONE',  ( 1.000000000000000000, 0.000000000000000000, 0.000000000000000000 ) ) ;
#1081 = EDGE_CURVE ( 'NONE', #396, #117, #1202, .T. ) ;
#1082 = VERTEX_POINT ( 'NONE', #390 ) ;
#1083 = CARTESIAN_POINT ( 'NONE',  ( 0.000000000000000000, 69.00000000000000000, 4.000000000000000000 ) ) ;
#1084 = CARTESIAN_POINT ( 'NONE',  ( 15.13384686475551355, 70.00000000000000000, 2.000000000000000000 ) ) ;
#1085 = VECTOR ( 'NONE', #1814, 1000.000000000000000 ) ;
#1086 = CARTESIAN_POINT ( 'NONE',  ( 0.000000000000000000, 70.00000000000000000, 0.000000000000000000 ) ) ;
#1087 = PRODUCT ( 'cooling', 'cooling', '', ( #760 ) ) ;
#1088 = ORIENTED_EDGE ( 'NONE', *, *, #1516, .T. ) ;
#1089 = DIRECTION ( 'NONE',  ( -1.486905836551548832E-16, 1.000000000000000000, -0.000000000000000000 ) ) ;
#1090 = CIRCLE ( 'NONE', #1553, 1.625000000000001332 ) ;
#1091 = CARTESIAN_POINT ( 'NONE',  ( 43.85948681732578791, 70.00000000000000000, 4.000000000000000000 ) ) ;
#1092 = VERTEX_POINT ( 'NONE', #743 ) ;
#1093 = VECTOR ( 'NONE', #483, 1000.000000000000000 ) ;
#1094 = FACE_OUTER_BOUND ( 'NONE', #2171, .T. ) ;
#1095 = CARTESIAN_POINT ( 'NONE',  ( 0.000000000000000000, 70.00000000000000000, 3.000000000000012879 ) ) ;
#1096 = VECTOR ( 'NONE', #1137, 1000.000000000000000 ) ;
#1097 = ORIENTED_EDGE ( 'NONE', *, *, #1710, .F. ) ;
#1098 = EDGE_CURVE ( 'NONE', #1092, #1643, #2540, .T. ) ;
#1099 = LINE ( 'NONE', #1717, #1557 ) ;
#1100 = LINE ( 'NONE', #1523, #2166 ) ;
#1101 = EDGE_CURVE ( 'NONE', #613, #2022, #1562, .T. ) ;
#1102 = EDGE_CURVE ( 'NONE', #332, #1640, #1189, .T. ) ;
#1103 = CARTESIAN_POINT ( 'NONE',  ( 63.87500000000000000, 65.50000000000000000, 0.000000000000000000 ) ) ;
#1104 = ORIENTED_EDGE ( 'NONE', *, *, #795, .T. ) ;
#1105 = PLANE ( 'NONE',  #398 ) ;
#1106 = EDGE_CURVE ( 'NONE', #219, #1956, #2192, .T. ) ;
#1107 = DIRECTION ( 'NONE',  ( -1.000000000000000000, 0.000000000000000000, 0.000000000000000000 ) ) ;
#1108 = ORIENTED_EDGE ( 'NONE', *, *, #684, .T. ) ;
#1109 = DIRECTION ( 'NONE',  ( -1.000000000000000000, 0.000000000000000000, 0.000000000000000000 ) ) ;
#1110 = LINE ( 'NONE', #911, #730 ) ;
#1111 = VERTEX_POINT ( 'NONE', #2529 ) ;
#1112 = ORIENTED_EDGE ( 'NONE', *, *, #1135, .T. ) ;
#1113 = VECTOR ( 'NONE', #1441, 1000.000000000000000 ) ;
#1114 = CARTESIAN_POINT ( 'NONE',  ( 25.53384686475552101, 0.000000000000000000, 2.000000000000000000 ) ) ;
#1115 = DIRECTION ( 'NONE',  ( 1.000000000000000000, 0.000000000000000000, 0.000000000000000000 ) ) ;
#1116 = AXIS2_PLACEMENT_3D ( 'NONE', #1050, #1024, #1274 ) ;
#1117 = CARTESIAN_POINT ( 'NONE',  ( 15.13384686475551355, 70.00000000000000000, 2.000000000000000000 ) ) ;
#1118 = ORIENTED_EDGE ( 'NONE', *, *, #1595, .F. ) ;
#1119 = EDGE_CURVE ( 'NONE', #1607, #613, #2344, .T. ) ;
#1120 = DIRECTION ( 'NONE',  ( 0.000000000000000000, 0.7071067811865475727, -0.7071067811865475727 ) ) ;
#1121 = VECTOR ( 'NONE', #1795, 1000.000000000000000 ) ;
#1122 = DIRECTION ( 'NONE',  ( -0.000000000000000000, -0.000000000000000000, 1.000000000000000000 ) ) ;
#1123 = ORIENTED_EDGE ( 'NONE', *, *, #1862, .F. ) ;
#1124 = DIRECTION ( 'NONE',  ( 7.009341333409709641E-17, -0.7071067811865474617, -0.7071067811865474617 ) ) ;
#1125 = LINE ( 'NONE', #1095, #2067 ) ;
#1126 = VERTEX_POINT ( 'NONE', #357 ) ;
#1127 = EDGE_LOOP ( 'NONE', ( #61, #1088, #721, #646 ) ) ;
#1128 = VECTOR ( 'NONE', #238, 1000.000000000000000 ) ;
#1129 = CARTESIAN_POINT ( 'NONE',  ( 25.53384686475551391, 70.00000000000000000, 2.000000000000000000 ) ) ;
#1130 = DIRECTION ( 'NONE',  ( 1.000000000000000000, 0.000000000000000000, 0.000000000000000000 ) ) ;
#1131 = EDGE_LOOP ( 'NONE', ( #1478, #8, #830, #1314, #1463, #913 ) ) ;
#1132 = EDGE_CURVE ( 'NONE', #1505, #2044, #1156, .T. ) ;
#1133 = FACE_OUTER_BOUND ( 'NONE', #1887, .T. ) ;
#1134 = AXIS2_PLACEMENT_3D ( 'NONE', #1634, #431, #1017 ) ;
#1135 = EDGE_CURVE ( 'NONE', #982, #181, #2156, .T. ) ;
#1136 = VECTOR ( 'NONE', #270, 1000.000000000000000 ) ;
#1137 = DIRECTION ( 'NONE',  ( 1.000000000000000000, 0.000000000000000000, 0.000000000000000000 ) ) ;
#1138 = EDGE_LOOP ( 'NONE', ( #2340, #1352, #899, #2086 ) ) ;
#1139 = FACE_OUTER_BOUND ( 'NONE', #481, .T. ) ;
#1140 = DIRECTION ( 'NONE',  ( -0.000000000000000000, -0.000000000000000000, 1.000000000000000000 ) ) ;
#1141 = VERTEX_POINT ( 'NONE', #2426 ) ;
#1142 = VECTOR ( 'NONE', #964, 1000.000000000000000 ) ;
#1143 = LINE ( 'NONE', #1897, #1422 ) ;
#1144 = VECTOR ( 'NONE', #1401, 1000.000000000000000 ) ;
#1145 = FACE_OUTER_BOUND ( 'NONE', #1770, .T. ) ;
#1146 = ORIENTED_EDGE ( 'NONE', *, *, #2107, .F. ) ;
#1147 = DIRECTION ( 'NONE',  ( -0.000000000000000000, -0.000000000000000000, 1.000000000000000000 ) ) ;
#1148 = FACE_BOUND ( 'NONE', #653, .T. ) ;
#1149 = ORIENTED_EDGE ( 'NONE', *, *, #1874, .T. ) ;
#1150 = CARTESIAN_POINT ( 'NONE',  ( 51.53384686475551746, 0.000000000000000000, 2.999999999999999112 ) ) ;
#1151 = DIRECTION ( 'NONE',  ( 1.000000000000000000, -0.000000000000000000, 0.000000000000000000 ) ) ;
#1152 = ORIENTED_EDGE ( 'NONE', *, *, #667, .F. ) ;
#1153 = EDGE_LOOP ( 'NONE', ( #1828, #2183, #1333, #690 ) ) ;
#1154 = EDGE_CURVE ( 'NONE', #550, #1824, #1699, .T. ) ;
#1155 = VECTOR ( 'NONE', #1059, 1000.000000000000000 ) ;
#1156 = LINE ( 'NONE', #158, #2262 ) ;
#1157 = CARTESIAN_POINT ( 'NONE',  ( 0.000000000000000000, 0.000000000000000000, 0.000000000000000000 ) ) ;
#1158 = PLANE ( 'NONE',  #469 ) ;
#1159 = ORIENTED_EDGE ( 'NONE', *, *, #1102, .T. ) ;
#1160 = FACE_OUTER_BOUND ( 'NONE', #947, .T. ) ;
#1161 = CARTESIAN_POINT ( 'NONE',  ( 30.73384686475551320, 70.00000000000000000, 2.000000000000000000 ) ) ;
#1162 = ORIENTED_EDGE ( 'NONE', *, *, #1708, .T. ) ;
#1163 = ORIENTED_EDGE ( 'NONE', *, *, #443, .T. ) ;
#1164 = ADVANCED_FACE ( 'NONE', ( #2050 ), #1230, .F. ) ;
#1165 = ADVANCED_FACE ( 'NONE', ( #2025 ), #103, .F. ) ;
#1166 = DIRECTION ( 'NONE',  ( 0.000000000000000000, 0.000000000000000000, 1.000000000000000000 ) ) ;
#1167 = VECTOR ( 'NONE', #1705, 1000.000000000000000 ) ;
#1168 = CARTESIAN_POINT ( 'NONE',  ( 65.50000000000000000, 4.500000000000003553, 4.000000000000000000 ) ) ;
#1169 = DIRECTION ( 'NONE',  ( 0.000000000000000000, 0.000000000000000000, 1.000000000000000000 ) ) ;
#1170 = ORIENTED_EDGE ( 'NONE', *, *, #791, .T. ) ;
#1171 = DIRECTION ( 'NONE',  ( -9.912705577010325549E-17, 1.000000000000000000, -0.000000000000000000 ) ) ;
#1172 = LINE ( 'NONE', #573, #2190 ) ;
#1173 = ORIENTED_EDGE ( 'NONE', *, *, #527, .T. ) ;
#1174 = ORIENTED_EDGE ( 'NONE', *, *, #756, .F. ) ;
#1175 = VECTOR ( 'NONE', #2494, 1000.000000000000114 ) ;
#1176 = LINE ( 'NONE', #1597, #1598 ) ;
#1177 = SURFACE_STYLE_FILL_AREA ( #1363 ) ;
#1178 = AXIS2_PLACEMENT_3D ( 'NONE', #764, #2368, #773 ) ;
#1179 = DIRECTION ( 'NONE',  ( -7.009341333409758945E-17, 0.7071067811865524577, -0.7071067811865426878 ) ) ;
#1180 = EDGE_CURVE ( 'NONE', #1111, #683, #1305, .T. ) ;
#1181 = ADVANCED_FACE ( 'NONE', ( #1435 ), #17, .F. ) ;
#1182 = DIRECTION ( 'NONE',  ( -1.000000000000000000, -9.912705577010325549E-17, 0.000000000000000000 ) ) ;
#1183 = VERTEX_POINT ( 'NONE', #39 ) ;
#1184 = DIRECTION ( 'NONE',  ( 0.000000000000000000, 0.7071067811865475727, -0.7071067811865475727 ) ) ;
#1185 = CARTESIAN_POINT ( 'NONE',  ( 65.50000000000000000, 65.50000000000000000, 4.000000000000000000 ) ) ;
#1186 = EDGE_LOOP ( 'NONE', ( #1278, #2363, #1615, #2047 ) ) ;
#1187 = ORIENTED_EDGE ( 'NONE', *, *, #1673, .F. ) ;
#1188 = ORIENTED_EDGE ( 'NONE', *, *, #1862, .T. ) ;
#1189 = LINE ( 'NONE', #1395, #1263 ) ;
#1190 = AXIS2_PLACEMENT_3D ( 'NONE', #2530, #746, #1340 ) ;
#1191 = CARTESIAN_POINT ( 'NONE',  ( 9.933846864755519590, 0.000000000000000000, 2.000000000000000000 ) ) ;
#1192 = VECTOR ( 'NONE', #1721, 1000.000000000000000 ) ;
#1193 = ADVANCED_FACE ( 'NONE', ( #1043 ), #1609, .F. ) ;
#1194 = CARTESIAN_POINT ( 'NONE',  ( 12.65948681732579573, 0.000000000000000000, 2.000000000000000000 ) ) ;
#1195 = ORIENTED_EDGE ( 'NONE', *, *, #392, .F. ) ;
#1196 = DIRECTION ( 'NONE',  ( 9.912705577010325549E-17, -1.000000000000000000, 0.000000000000000000 ) ) ;
#1197 = VECTOR ( 'NONE', #1368, 1000.000000000000000 ) ;
#1198 = PLANE ( 'NONE',  #2007 ) ;
#1199 = ORIENTED_EDGE ( 'NONE', *, *, #2226, .T. ) ;
#1200 = ORIENTED_EDGE ( 'NONE', *, *, #695, .T. ) ;
#1201 = ORIENTED_EDGE ( 'NONE', *, *, #1045, .F. ) ;
#1202 = LINE ( 'NONE', #1384, #467 ) ;
#1203 = LINE ( 'NONE', #5, #2111 ) ;
#1204 = DIRECTION ( 'NONE',  ( 7.009341333409709641E-17, -0.7071067811865474617, -0.7071067811865474617 ) ) ;
#1205 = VECTOR ( 'NONE', #143, 1000.000000000000000 ) ;
#1206 = EDGE_CURVE ( 'NONE', #1640, #2474, #1854, .T. ) ;
#1207 = CARTESIAN_POINT ( 'NONE',  ( 56.73384686475550609, 70.00000000000000000, 2.000000000000000000 ) ) ;
#1208 = ORIENTED_EDGE ( 'NONE', *, *, #1896, .T. ) ;
#1209 = DIRECTION ( 'NONE',  ( 0.000000000000000000, 0.000000000000000000, -1.000000000000000000 ) ) ;
#1210 = EDGE_CURVE ( 'NONE', #396, #2228, #1245, .T. ) ;
#1211 = DIRECTION ( 'NONE',  ( 1.000000000000000000, 9.912705577010325549E-17, 0.000000000000000000 ) ) ;
#1212 = ORIENTED_EDGE ( 'NONE', *, *, #1224, .T. ) ;
#1213 = ORIENTED_EDGE ( 'NONE', *, *, #910, .F. ) ;
#1214 = VECTOR ( 'NONE', #897, 1000.000000000000000 ) ;
#1215 = ADVANCED_FACE ( 'NONE', ( #260 ), #626, .F. ) ;
#1216 = VERTEX_POINT ( 'NONE', #845 ) ;
#1217 = CARTESIAN_POINT ( 'NONE',  ( 0.000000000000000000, 69.00000000000000000, 4.000000000000000000 ) ) ;
#1218 = LINE ( 'NONE', #875, #1579 ) ;
#1219 = CARTESIAN_POINT ( 'NONE',  ( 59.45948681732578933, 1.000000000000003997, 4.000000000000002665 ) ) ;
#1220 = VECTOR ( 'NONE', #2196, 1000.000000000000000 ) ;
#1221 = DIRECTION ( 'NONE',  ( -9.912705577010325549E-17, 1.000000000000000000, -0.000000000000000000 ) ) ;
#1222 = VERTEX_POINT ( 'NONE', #2100 ) ;
#1223 = DIRECTION ( 'NONE',  ( -1.000000000000000000, 0.000000000000000000, 0.000000000000000000 ) ) ;
#1224 = EDGE_CURVE ( 'NONE', #217, #2552, #1648, .T. ) ;
#1225 = FACE_BOUND ( 'NONE', #2209, .T. ) ;
#1226 = VERTEX_POINT ( 'NONE', #2489 ) ;
#1227 = EDGE_LOOP ( 'NONE', ( #91, #805, #2557, #2559 ) ) ;
#1228 = EDGE_CURVE ( 'NONE', #1851, #1273, #1448, .T. ) ;
#1229 = VERTEX_POINT ( 'NONE', #2247 ) ;
#1230 = PLANE ( 'NONE',  #218 ) ;
#1231 = CARTESIAN_POINT ( 'NONE',  ( 1.000000000000000888, 69.00000000000000000, 4.000000000000000000 ) ) ;
#1232 = ADVANCED_FACE ( 'NONE', ( #457 ), #1501, .F. ) ;
#1233 = CARTESIAN_POINT ( 'NONE',  ( 0.000000000000000000, 69.00000000000000000, 4.000000000000000000 ) ) ;
#1234 = CARTESIAN_POINT ( 'NONE',  ( 30.73384686475552030, 0.000000000000000000, 2.000000000000000000 ) ) ;
#1235 = ORIENTED_EDGE ( 'NONE', *, *, #1067, .T. ) ;
#1236 = VECTOR ( 'NONE', #2297, 1000.000000000000000 ) ;
#1237 = CARTESIAN_POINT ( 'NONE',  ( 51.53384686475551035, 70.00000000000000000, 2.000000000000000000 ) ) ;
#1238 = CARTESIAN_POINT ( 'NONE',  ( 12.65948681732579573, 70.00000000000000000, 2.000000000000000000 ) ) ;
#1239 = ORIENTED_EDGE ( 'NONE', *, *, #119, .F. ) ;
#1240 = PLANE ( 'NONE',  #755 ) ;
#1241 = AXIS2_PLACEMENT_3D ( 'NONE', #488, #1251, #451 ) ;
#1242 = EDGE_CURVE ( 'NONE', #1961, #1864, #1408, .T. ) ;
#1243 = ORIENTED_EDGE ( 'NONE', *, *, #2541, .T. ) ;
#1244 = AXIS2_PLACEMENT_3D ( 'NONE', #1423, #2028, #2453 ) ;
#1245 = LINE ( 'NONE', #2398, #1214 ) ;
#1246 = EDGE_CURVE ( 'NONE', #849, #52, #416, .T. ) ;
#1247 = CARTESIAN_POINT ( 'NONE',  ( 35.93384686475552314, 0.000000000000000000, 2.000000000000000000 ) ) ;
#1248 = DIRECTION ( 'NONE',  ( -7.009341333409709641E-17, 0.7071067811865474617, 0.7071067811865474617 ) ) ;
#1249 = DIRECTION ( 'NONE',  ( 7.009341333409758945E-17, -0.7071067811865524577, 0.7071067811865426878 ) ) ;
#1250 = ORIENTED_EDGE ( 'NONE', *, *, #1300, .F. ) ;
#1251 = DIRECTION ( 'NONE',  ( 0.000000000000000000, 0.7071067811865475727, -0.7071067811865475727 ) ) ;
#1252 = FACE_OUTER_BOUND ( 'NONE', #2483, .T. ) ;
#1253 = ORIENTED_EDGE ( 'NONE', *, *, #1081, .T. ) ;
#1254 = CARTESIAN_POINT ( 'NONE',  ( 33.45948681732578933, 70.00000000000000000, 2.000000000000000000 ) ) ;
#1255 = ORIENTED_EDGE ( 'NONE', *, *, #716, .T. ) ;
#1256 = DIRECTION ( 'NONE',  ( -0.000000000000000000, -0.7071067811865425767, -0.7071067811865524577 ) ) ;
#1257 = DIRECTION ( 'NONE',  ( -0.000000000000000000, 0.7071067811865474617, 0.7071067811865474617 ) ) ;
#1258 = DIRECTION ( 'NONE',  ( 1.000000000000000000, 9.912705577010325549E-17, 0.000000000000000000 ) ) ;
#1259 = DIRECTION ( 'NONE',  ( -1.000000000000000000, 0.000000000000000000, 0.000000000000000000 ) ) ;
#1260 = ORIENTED_EDGE ( 'NONE', *, *, #1950, .T. ) ;
#1261 = EDGE_CURVE ( 'NONE', #1643, #918, #222, .T. ) ;
#1262 = CARTESIAN_POINT ( 'NONE',  ( 30.73384686475551320, 69.00000000000000000, 3.999999999999998224 ) ) ;
#1263 = VECTOR ( 'NONE', #2001, 1000.000000000000000 ) ;
#1264 = LINE ( 'NONE', #1473, #1308 ) ;
#1265 = ORIENTED_EDGE ( 'NONE', *, *, #1015, .T. ) ;
#1266 = DIRECTION ( 'NONE',  ( -1.000000000000000000, 0.000000000000000000, 0.000000000000000000 ) ) ;
#1267 = AXIS2_PLACEMENT_3D ( 'NONE', #645, #1413, #2030 ) ;
#1268 = EDGE_CURVE ( 'NONE', #1790, #1742, #1421, .T. ) ;
#1269 = ORIENTED_EDGE ( 'NONE', *, *, #96, .F. ) ;
#1270 = CARTESIAN_POINT ( 'NONE',  ( 67.12500000000000000, 65.50000000000000000, 4.000000000000000000 ) ) ;
#1271 = DIRECTION ( 'NONE',  ( -1.000000000000000000, 0.000000000000000000, 0.000000000000000000 ) ) ;
#1272 = CARTESIAN_POINT ( 'NONE',  ( 23.05948681732579431, 0.000000000000000000, 2.000000000000000000 ) ) ;
#1273 = VERTEX_POINT ( 'NONE', #2187 ) ;
#1274 = DIRECTION ( 'NONE',  ( -9.912705577010325549E-17, 1.000000000000000000, 0.000000000000000000 ) ) ;
#1275 = ADVANCED_FACE ( 'NONE', ( #1252 ), #2242, .F. ) ;
#1276 = AXIS2_PLACEMENT_3D ( 'NONE', #865, #1858, #671 ) ;
#1277 = CARTESIAN_POINT ( 'NONE',  ( 2.874999999999999112, 65.50000000000001421, 0.000000000000000000 ) ) ;
#1278 = ORIENTED_EDGE ( 'NONE', *, *, #1754, .F. ) ;
#1279 = LINE ( 'NONE', #650, #674 ) ;
#1280 = FACE_OUTER_BOUND ( 'NONE', #227, .T. ) ;
#1281 = ORIENTED_EDGE ( 'NONE', *, *, #1290, .F. ) ;
#1282 = CARTESIAN_POINT ( 'NONE',  ( 0.000000000000000000, 0.000000000000000000, 4.000000000000000000 ) ) ;
#1283 = FACE_OUTER_BOUND ( 'NONE', #987, .T. ) ;
#1284 = LINE ( 'NONE', #264, #1155 ) ;
#1285 = ORIENTED_EDGE ( 'NONE', *, *, #1018, .F. ) ;
#1286 = FACE_OUTER_BOUND ( 'NONE', #1016, .T. ) ;
#1287 = CARTESIAN_POINT ( 'NONE',  ( 69.00000000000000000, 1.000000000000000888, 4.000000000000000000 ) ) ;
#1288 = ORIENTED_EDGE ( 'NONE', *, *, #2026, .F. ) ;
#1289 = DIRECTION ( 'NONE',  ( 9.912705577010325549E-17, -1.000000000000000000, 0.000000000000000000 ) ) ;
#1290 = EDGE_CURVE ( 'NONE', #1986, #2408, #1417, .T. ) ;
#1291 = AXIS2_PLACEMENT_3D ( 'NONE', #1899, #1884, #69 ) ;
#1292 = DIRECTION ( 'NONE',  ( -0.000000000000000000, -0.000000000000000000, 1.000000000000000000 ) ) ;
#1293 = ORIENTED_EDGE ( 'NONE', *, *, #409, .F. ) ;
#1294 = EDGE_CURVE ( 'NONE', #377, #1986, #438, .T. ) ;
#1295 = DIRECTION ( 'NONE',  ( -0.000000000000000000, -0.000000000000000000, 1.000000000000000000 ) ) ;
#1296 = LINE ( 'NONE', #2276, #373 ) ;
#1297 = DIRECTION ( 'NONE',  ( 7.009341333409709641E-17, -0.7071067811865474617, -0.7071067811865474617 ) ) ;
#1298 = ORIENTED_EDGE ( 'NONE', *, *, #2122, .T. ) ;
#1299 = CARTESIAN_POINT ( 'NONE',  ( 35.93384686475550893, 70.00000000000000000, 2.000000000000000000 ) ) ;
#1300 = EDGE_CURVE ( 'NONE', #1751, #230, #1657, .T. ) ;
#1301 = CARTESIAN_POINT ( 'NONE',  ( 43.85948681732578791, 70.00000000000000000, 2.000000000000000000 ) ) ;
#1302 = ORIENTED_EDGE ( 'NONE', *, *, #2212, .F. ) ;
#1303 = CIRCLE ( 'NONE', #510, 1.625000000000001332 ) ;
#1304 = DIRECTION ( 'NONE',  ( -1.000000000000000000, 0.000000000000000000, -0.000000000000000000 ) ) ;
#1305 = LINE ( 'NONE', #702, #2467 ) ;
#1306 = CARTESIAN_POINT ( 'NONE',  ( 17.85948681732578436, 70.00000000000000000, 4.000000000000000000 ) ) ;
#1307 = VERTEX_POINT ( 'NONE', #1430 ) ;
#1308 = VECTOR ( 'NONE', #675, 1000.000000000000000 ) ;
#1309 = ORIENTED_EDGE ( 'NONE', *, *, #30, .T. ) ;
#1310 = EDGE_CURVE ( 'NONE', #1027, #687, #634, .T. ) ;
#1311 = DIRECTION ( 'NONE',  ( 1.401868266681941928E-16, -0.7071067811865474617, -0.7071067811865474617 ) ) ;
#1312 = DIRECTION ( 'NONE',  ( -0.000000000000000000, -0.000000000000000000, 1.000000000000000000 ) ) ;
#1313 = PLANE ( 'NONE',  #1276 ) ;
#1314 = ORIENTED_EDGE ( 'NONE', *, *, #1294, .T. ) ;
#1315 = DIRECTION ( 'NONE',  ( -0.000000000000000000, -0.000000000000000000, 1.000000000000000000 ) ) ;
#1316 = EDGE_CURVE ( 'NONE', #427, #925, #2227, .T. ) ;
#1317 = DIRECTION ( 'NONE',  ( -1.000000000000000000, 0.000000000000000000, 0.000000000000000000 ) ) ;
#1318 = ORIENTED_EDGE ( 'NONE', *, *, #1028, .T. ) ;
#1319 = CARTESIAN_POINT ( 'NONE',  ( 0.000000000000000000, 0.000000000000000000, 4.000000000000000000 ) ) ;
#1320 = VECTOR ( 'NONE', #331, 1000.000000000000114 ) ;
#1321 = CARTESIAN_POINT ( 'NONE',  ( 9.933846864755519590, 1.000000000000000888, 4.000000000000000000 ) ) ;
#1322 = ORIENTED_EDGE ( 'NONE', *, *, #1450, .T. ) ;
#1323 = ORIENTED_EDGE ( 'NONE', *, *, #1325, .F. ) ;
#1324 = AXIS2_PLACEMENT_3D ( 'NONE', #2059, #544, #1526 ) ;
#1325 = EDGE_CURVE ( 'NONE', #855, #1484, #1442, .T. ) ;
#1326 = LINE ( 'NONE', #1129, #963 ) ;
#1327 = ADVANCED_FACE ( 'NONE', ( #425 ), #1198, .F. ) ;
#1328 = VECTOR ( 'NONE', #673, 1000.000000000000000 ) ;
#1329 = LINE ( 'NONE', #2120, #1320 ) ;
#1330 = ORIENTED_EDGE ( 'NONE', *, *, #1964, .T. ) ;
#1331 = CARTESIAN_POINT ( 'NONE',  ( 51.53384686475551746, 0.000000000000000000, 2.000000000000000000 ) ) ;
#1332 = DIRECTION ( 'NONE',  ( -0.000000000000000000, 0.7071067811865524577, -0.7071067811865426878 ) ) ;
#1333 = ORIENTED_EDGE ( 'NONE', *, *, #282, .F. ) ;
#1334 = FACE_OUTER_BOUND ( 'NONE', #1407, .T. ) ;
#1335 = CARTESIAN_POINT ( 'NONE',  ( 38.65948681732578507, 70.00000000000000000, 2.000000000000000000 ) ) ;
#1336 = ORIENTED_EDGE ( 'NONE', *, *, #791, .F. ) ;
#1337 = AXIS2_PLACEMENT_3D ( 'NONE', #1034, #420, #225 ) ;
#1338 = LINE ( 'NONE', #2090, #172 ) ;
#1339 = DIRECTION ( 'NONE',  ( 0.000000000000000000, 0.000000000000000000, 1.000000000000000000 ) ) ;
#1340 = DIRECTION ( 'NONE',  ( -1.000000000000000000, 0.000000000000000000, 0.000000000000000000 ) ) ;
#1341 = ORIENTED_EDGE ( 'NONE', *, *, #1450, .F. ) ;
#1342 = DIRECTION ( 'NONE',  ( -1.000000000000000000, 0.000000000000000000, -0.000000000000000000 ) ) ;
#1343 = VECTOR ( 'NONE', #814, 1000.000000000000000 ) ;
#1344 = EDGE_CURVE ( 'NONE', #1742, #1216, #2448, .T. ) ;
#1345 = VECTOR ( 'NONE', #1713, 1000.000000000000000 ) ;
#1346 = CARTESIAN_POINT ( 'NONE',  ( 9.933846864755519590, 70.00000000000000000, 2.000000000000000000 ) ) ;
#1347 = ORIENTED_EDGE ( 'NONE', *, *, #1045, .T. ) ;
#1348 = CARTESIAN_POINT ( 'NONE',  ( 0.000000000000000000, 1.000000000000000888, 4.000000000000000000 ) ) ;
#1349 = FACE_BOUND ( 'NONE', #101, .T. ) ;
#1350 = ORIENTED_EDGE ( 'NONE', *, *, #2135, .F. ) ;
#1351 = APPLICATION_CONTEXT ( 'automotive_design' ) ;
#1352 = ORIENTED_EDGE ( 'NONE', *, *, #1623, .T. ) ;
#1353 = AXIS2_PLACEMENT_3D ( 'NONE', #590, #1362, #2387 ) ;
#1354 = CARTESIAN_POINT ( 'NONE',  ( 30.73384686475552030, 1.000000000000002442, 4.000000000000001776 ) ) ;
#1355 = FACE_OUTER_BOUND ( 'NONE', #2191, .T. ) ;
#1356 = CARTESIAN_POINT ( 'NONE',  ( 46.33384686475551462, 70.00000000000000000, 2.000000000000000000 ) ) ;
#1357 = VERTEX_POINT ( 'NONE', #1997 ) ;
#1358 = DIRECTION ( 'NONE',  ( 0.000000000000000000, 0.000000000000000000, 1.000000000000000000 ) ) ;
#1359 = PLANE ( 'NONE',  #206 ) ;
#1360 = ORIENTED_EDGE ( 'NONE', *, *, #807, .T. ) ;
#1361 = VECTOR ( 'NONE', #2470, 1000.000000000000000 ) ;
#1362 = DIRECTION ( 'NONE',  ( 1.000000000000000000, 1.486905836551548832E-16, 0.000000000000000000 ) ) ;
#1363 = FILL_AREA_STYLE ('',( #1744 ) ) ;
#1364 = PLANE ( 'NONE',  #577 ) ;
#1365 = CARTESIAN_POINT ( 'NONE',  ( 30.73384686475552030, 0.000000000000000000, 2.999999999999999112 ) ) ;
#1366 = ORIENTED_EDGE ( 'NONE', *, *, #744, .F. ) ;
#1367 = VECTOR ( 'NONE', #1663, 999.9999999999998863 ) ;
#1368 = DIRECTION ( 'NONE',  ( -1.000000000000000000, 0.000000000000000000, 0.000000000000000000 ) ) ;
#1369 = CYLINDRICAL_SURFACE ( 'NONE', #1063, 1.625000000000001332 ) ;
#1370 = ORIENTED_EDGE ( 'NONE', *, *, #839, .T. ) ;
#1371 = VERTEX_POINT ( 'NONE', #2046 ) ;
#1372 = ADVANCED_FACE ( 'NONE', ( #203 ), #2407, .F. ) ;
#1373 = LINE ( 'NONE', #2355, #1808 ) ;
#1374 = ADVANCED_FACE ( 'NONE', ( #244, #1039, #621, #1225, #2434 ), #2020, .T. ) ;
#1375 =( NAMED_UNIT ( * ) PLANE_ANGLE_UNIT ( ) SI_UNIT ( $, .RADIAN. ) );
#1376 = LINE ( 'NONE', #2356, #657 ) ;
#1377 = DIRECTION ( 'NONE',  ( -1.000000000000000000, 0.000000000000000000, -0.000000000000000000 ) ) ;
#1378 = ORIENTED_EDGE ( 'NONE', *, *, #1810, .F. ) ;
#1379 = LINE ( 'NONE', #2406, #603 ) ;
#1380 = DIRECTION ( 'NONE',  ( -1.000000000000000000, 0.000000000000000000, 0.000000000000000000 ) ) ;
#1381 = ORIENTED_EDGE ( 'NONE', *, *, #2502, .T. ) ;
#1382 = EDGE_LOOP ( 'NONE', ( #1968, #194, #166, #811 ) ) ;
#1383 = ORIENTED_EDGE ( 'NONE', *, *, #1550, .T. ) ;
#1384 = CARTESIAN_POINT ( 'NONE',  ( 70.00000000000000000, 70.00000000000000000, 4.000000000000000000 ) ) ;
#1385 = EDGE_CURVE ( 'NONE', #1618, #1222, #1838, .T. ) ;
#1386 = VECTOR ( 'NONE', #1736, 1000.000000000000000 ) ;
#1387 = CARTESIAN_POINT ( 'NONE',  ( 41.13384686475551177, 70.00000000000000000, 3.000000000000012879 ) ) ;
#1388 = DIRECTION ( 'NONE',  ( -1.000000000000000000, 0.000000000000000000, -0.000000000000000000 ) ) ;
#1389 = SURFACE_STYLE_FILL_AREA ( #983 ) ;
#1390 = LINE ( 'NONE', #2546, #1397 ) ;
#1391 = ORIENTED_EDGE ( 'NONE', *, *, #1958, .T. ) ;
#1392 = ORIENTED_EDGE ( 'NONE', *, *, #1101, .T. ) ;
#1393 = VECTOR ( 'NONE', #1124, 1000.000000000000114 ) ;
#1394 = ORIENTED_EDGE ( 'NONE', *, *, #157, .F. ) ;
#1395 = CARTESIAN_POINT ( 'NONE',  ( 0.000000000000000000, 70.00000000000000000, 3.000000000000012879 ) ) ;
#1396 = EDGE_CURVE ( 'NONE', #849, #1229, #1051, .T. ) ;
#1397 = VECTOR ( 'NONE', #1740, 1000.000000000000000 ) ;
#1398 = ADVANCED_FACE ( 'NONE', ( #216 ), #2420, .F. ) ;
#1399 = LINE ( 'NONE', #2367, #2441 ) ;
#1400 = DIRECTION ( 'NONE',  ( -1.000000000000000000, 0.000000000000000000, 0.000000000000000000 ) ) ;
#1401 = DIRECTION ( 'NONE',  ( -0.000000000000000000, -0.000000000000000000, 1.000000000000000000 ) ) ;
#1402 = ORIENTED_EDGE ( 'NONE', *, *, #715, .T. ) ;
#1403 = LINE ( 'NONE', #1590, #1774 ) ;
#1404 = DIRECTION ( 'NONE',  ( 1.000000000000000000, 0.000000000000000000, 0.000000000000000000 ) ) ;
#1405 = ORIENTED_EDGE ( 'NONE', *, *, #1768, .F. ) ;
#1406 = ORIENTED_EDGE ( 'NONE', *, *, #763, .T. ) ;
#1407 = EDGE_LOOP ( 'NONE', ( #1798, #1930, #1806, #1022 ) ) ;
#1408 = LINE ( 'NONE', #1217, #85 ) ;
#1409 = ADVANCED_FACE ( 'NONE', ( #60 ), #854, .F. ) ;
#1410 = LINE ( 'NONE', #2234, #1447 ) ;
#1411 = CARTESIAN_POINT ( 'NONE',  ( 41.13384686475551888, 1.000000000000002887, 4.000000000000001776 ) ) ;
#1412 = AXIS2_PLACEMENT_3D ( 'NONE', #1020, #460, #1453 ) ;
#1413 = DIRECTION ( 'NONE',  ( 0.000000000000000000, 0.000000000000000000, 1.000000000000000000 ) ) ;
#1414 = ORIENTED_EDGE ( 'NONE', *, *, #342, .F. ) ;
#1415 = FACE_OUTER_BOUND ( 'NONE', #1138, .T. ) ;
#1416 = EDGE_CURVE ( 'NONE', #2218, #1560, #2084, .T. ) ;
#1417 = LINE ( 'NONE', #1605, #338 ) ;
#1418 = VERTEX_POINT ( 'NONE', #1684 ) ;
#1419 = EDGE_LOOP ( 'NONE', ( #1567, #962, #1839, #996, #1243, #1804 ) ) ;
#1420 = ORIENTED_EDGE ( 'NONE', *, *, #2574, .F. ) ;
#1421 = LINE ( 'NONE', #1238, #1675 ) ;
#1422 = VECTOR ( 'NONE', #1311, 1000.000000000000114 ) ;
#1423 = CARTESIAN_POINT ( 'NONE',  ( 0.000000000000000000, 0.000000000000000000, 2.000000000000000000 ) ) ;
#1424 = DIRECTION ( 'NONE',  ( -1.000000000000000000, 0.000000000000000000, 0.000000000000000000 ) ) ;
#1425 = VECTOR ( 'NONE', #489, 1000.000000000000000 ) ;
#1426 = CARTESIAN_POINT ( 'NONE',  ( 20.33384686475551462, 69.00000000000000000, 3.999999999999999112 ) ) ;
#1427 = ORIENTED_EDGE ( 'NONE', *, *, #1385, .F. ) ;
#1428 = LINE ( 'NONE', #1237, #1113 ) ;
#1429 = EDGE_CURVE ( 'NONE', #515, #672, #2499, .T. ) ;
#1430 = CARTESIAN_POINT ( 'NONE',  ( 28.25948681732579360, 0.000000000000000000, 2.000000000000000000 ) ) ;
#1431 = ORIENTED_EDGE ( 'NONE', *, *, #2248, .F. ) ;
#1432 = FACE_OUTER_BOUND ( 'NONE', #2397, .T. ) ;
#1433 = EDGE_CURVE ( 'NONE', #2474, #679, #2308, .T. ) ;
#1434 = ORIENTED_EDGE ( 'NONE', *, *, #949, .F. ) ;
#1435 = FACE_OUTER_BOUND ( 'NONE', #559, .T. ) ;
#1436 = CARTESIAN_POINT ( 'NONE',  ( 43.85948681732579502, 1.000000000000003109, 4.000000000000002665 ) ) ;
#1437 = CARTESIAN_POINT ( 'NONE',  ( 4.500000000000000888, 65.50000000000001421, 4.000000000000000000 ) ) ;
#1438 = DIRECTION ( 'NONE',  ( 9.912705577010325549E-17, -1.000000000000000000, 0.000000000000000000 ) ) ;
#1439 = ORIENTED_EDGE ( 'NONE', *, *, #4, .T. ) ;
#1440 = AXIS2_PLACEMENT_3D ( 'NONE', #500, #149, #1342 ) ;
#1441 = DIRECTION ( 'NONE',  ( 9.912705577010325549E-17, -1.000000000000000000, 0.000000000000000000 ) ) ;
#1442 = LINE ( 'NONE', #2213, #1464 ) ;
#1443 = ORIENTED_EDGE ( 'NONE', *, *, #776, .F. ) ;
#1444 = CARTESIAN_POINT ( 'NONE',  ( 0.000000000000000000, 0.000000000000000000, 4.000000000000000000 ) ) ;
#1445 = VECTOR ( 'NONE', #476, 1000.000000000000000 ) ;
#1446 = ORIENTED_EDGE ( 'NONE', *, *, #391, .F. ) ;
#1447 = VECTOR ( 'NONE', #643, 1000.000000000000000 ) ;
#1448 = LINE ( 'NONE', #1005, #1552 ) ;
#1449 = PRODUCT_DEFINITION_FORMATION_WITH_SPECIFIED_SOURCE ( 'Symmetric', '', #1087, .NOT_KNOWN. ) ;
#1450 = EDGE_CURVE ( 'NONE', #925, #182, #1460, .T. ) ;
#1451 = EDGE_CURVE ( 'NONE', #2359, #594, #1264, .T. ) ;
#1452 = CARTESIAN_POINT ( 'NONE',  ( 12.65948681732579573, 1.000000000000000888, 4.000000000000000000 ) ) ;
#1453 = DIRECTION ( 'NONE',  ( -1.000000000000000000, 0.000000000000000000, -0.000000000000000000 ) ) ;
#1454 = PRODUCT_DEFINITION_CONTEXT ( 'detailed design', #1351, 'design' ) ;
#1455 = DIRECTION ( 'NONE',  ( 7.009341333409758945E-17, -0.7071067811865524577, 0.7071067811865426878 ) ) ;
#1456 = ORIENTED_EDGE ( 'NONE', *, *, #200, .T. ) ;
#1457 = PLANE ( 'NONE',  #1324 ) ;
#1458 = EDGE_CURVE ( 'NONE', #1803, #37, #1076, .T. ) ;
#1459 = VECTOR ( 'NONE', #1271, 1000.000000000000000 ) ;
#1460 = LINE ( 'NONE', #1301, #1519 ) ;
#1461 = ORIENTED_EDGE ( 'NONE', *, *, #334, .F. ) ;
#1462 = CARTESIAN_POINT ( 'NONE',  ( 6.124999999999990230, 4.500000000000007105, 4.000000000000000000 ) ) ;
#1463 = ORIENTED_EDGE ( 'NONE', *, *, #353, .F. ) ;
#1464 = VECTOR ( 'NONE', #1404, 1000.000000000000000 ) ;
#1465 = VECTOR ( 'NONE', #1289, 1000.000000000000000 ) ;
#1466 = CARTESIAN_POINT ( 'NONE',  ( 54.25948681732578649, 69.00000000000000000, 3.999999999999997335 ) ) ;
#1467 = EDGE_CURVE ( 'NONE', #2228, #422, #308, .T. ) ;
#1468 = LINE ( 'NONE', #472, #1459 ) ;
#1469 = LINE ( 'NONE', #1272, #900 ) ;
#1470 = VERTEX_POINT ( 'NONE', #1904 ) ;
#1471 = CARTESIAN_POINT ( 'NONE',  ( 49.05948681732579075, 70.00000000000000000, 3.000000000000012879 ) ) ;
#1472 = AXIS2_PLACEMENT_3D ( 'NONE', #1779, #1990, #2178 ) ;
#1473 = CARTESIAN_POINT ( 'NONE',  ( 54.25948681732578649, 70.00000000000000000, 2.000000000000000000 ) ) ;
#1474 = ORIENTED_EDGE ( 'NONE', *, *, #587, .T. ) ;
#1475 = CARTESIAN_POINT ( 'NONE',  ( 23.05948681732579431, 0.000000000000000000, 2.000000000000000000 ) ) ;
#1476 = VECTOR ( 'NONE', #1009, 1000.000000000000000 ) ;
#1477 = CARTESIAN_POINT ( 'NONE',  ( 0.000000000000000000, 1.000000000000000888, 4.000000000000000000 ) ) ;
#1478 = ORIENTED_EDGE ( 'NONE', *, *, #569, .T. ) ;
#1479 = CARTESIAN_POINT ( 'NONE',  ( 54.25948681732579360, 1.000000000000000888, 4.000000000000000000 ) ) ;
#1480 = EDGE_CURVE ( 'NONE', #2286, #672, #1891, .T. ) ;
#1481 = LINE ( 'NONE', #484, #1625 ) ;
#1482 = EDGE_CURVE ( 'NONE', #1229, #2451, #1918, .T. ) ;
#1483 = FACE_OUTER_BOUND ( 'NONE', #2215, .T. ) ;
#1484 = VERTEX_POINT ( 'NONE', #1287 ) ;
#1485 = CARTESIAN_POINT ( 'NONE',  ( 35.93384686475550893, 70.00000000000000000, 2.000000000000000000 ) ) ;
#1486 = VECTOR ( 'NONE', #1549, 1000.000000000000000 ) ;
#1487 = LINE ( 'NONE', #1091, #2307 ) ;
#1488 = ORIENTED_EDGE ( 'NONE', *, *, #1768, .T. ) ;
#1489 = FACE_OUTER_BOUND ( 'NONE', #1227, .T. ) ;
#1490 = LINE ( 'NONE', #2311, #1610 ) ;
#1491 = EDGE_LOOP ( 'NONE', ( #1060, #305, #1446, #2461 ) ) ;
#1492 = DIRECTION ( 'NONE',  ( -1.000000000000000000, 0.000000000000000000, 0.000000000000000000 ) ) ;
#1493 = DIRECTION ( 'NONE',  ( -0.000000000000000000, -0.000000000000000000, 1.000000000000000000 ) ) ;
#1494 = ADVANCED_FACE ( 'NONE', ( #2112 ), #129, .F. ) ;
#1495 = DIRECTION ( 'NONE',  ( 0.000000000000000000, 0.000000000000000000, -1.000000000000000000 ) ) ;
#1496 = ORIENTED_EDGE ( 'NONE', *, *, #96, .T. ) ;
#1497 = LINE ( 'NONE', #2522, #1534 ) ;
#1498 = CARTESIAN_POINT ( 'NONE',  ( 70.00000000000000000, 0.000000000000000000, 4.000000000000000000 ) ) ;
#1499 = ORIENTED_EDGE ( 'NONE', *, *, #473, .F. ) ;
#1500 = PLANE ( 'NONE',  #552 ) ;
#1501 = PLANE ( 'NONE',  #417 ) ;
#1502 = EDGE_CURVE ( 'NONE', #2309, #396, #115, .T. ) ;
#1503 = AXIS2_PLACEMENT_3D ( 'NONE', #2066, #2079, #719 ) ;
#1504 = DIRECTION ( 'NONE',  ( -0.000000000000000000, -0.7071067811865425767, -0.7071067811865524577 ) ) ;
#1505 = VERTEX_POINT ( 'NONE', #268 ) ;
#1506 = ORIENTED_EDGE ( 'NONE', *, *, #527, .F. ) ;
#1507 = CARTESIAN_POINT ( 'NONE',  ( 4.499999999999988454, 4.500000000000007105, 0.000000000000000000 ) ) ;
#1508 = CARTESIAN_POINT ( 'NONE',  ( 0.000000000000000000, 0.000000000000000000, 2.000000000000000000 ) ) ;
#1509 = CARTESIAN_POINT ( 'NONE',  ( 38.65948681732578507, 70.00000000000000000, 2.000000000000000000 ) ) ;
#1510 = ORIENTED_EDGE ( 'NONE', *, *, #936, .T. ) ;
#1511 = CARTESIAN_POINT ( 'NONE',  ( 28.25948681732578294, 70.00000000000000000, 2.000000000000000000 ) ) ;
#1512 = CARTESIAN_POINT ( 'NONE',  ( 0.000000000000000000, 1.000000000000000888, 4.000000000000000000 ) ) ;
#1513 = ORIENTED_EDGE ( 'NONE', *, *, #2142, .T. ) ;
#1514 = VECTOR ( 'NONE', #122, 1000.000000000000000 ) ;
#1515 = DIRECTION ( 'NONE',  ( 1.000000000000000000, -0.000000000000000000, 0.000000000000000000 ) ) ;
#1516 = EDGE_CURVE ( 'NONE', #786, #849, #1064, .T. ) ;
#1517 = CARTESIAN_POINT ( 'NONE',  ( 41.13384686475551177, 70.00000000000000000, 2.000000000000000000 ) ) ;
#1518 = ORIENTED_EDGE ( 'NONE', *, *, #1001, .F. ) ;
#1519 = VECTOR ( 'NONE', #2097, 1000.000000000000000 ) ;
#1520 = EDGE_CURVE ( 'NONE', #613, #1790, #2282, .T. ) ;
#1521 = ORIENTED_EDGE ( 'NONE', *, *, #1926, .T. ) ;
#1522 = CARTESIAN_POINT ( 'NONE',  ( 0.000000000000000000, 69.00000000000000000, 4.000000000000000000 ) ) ;
#1523 = CARTESIAN_POINT ( 'NONE',  ( 51.53384686475551035, 70.00000000000000000, 2.000000000000000000 ) ) ;
#1524 = LINE ( 'NONE', #347, #1486 ) ;
#1525 = ORIENTED_EDGE ( 'NONE', *, *, #233, .T. ) ;
#1526 = DIRECTION ( 'NONE',  ( 9.912705577010325549E-17, -1.000000000000000000, 0.000000000000000000 ) ) ;
#1527 = VECTOR ( 'NONE', #2325, 1000.000000000000000 ) ;
#1528 = CARTESIAN_POINT ( 'NONE',  ( 51.53384686475551035, 70.00000000000000000, 2.000000000000000000 ) ) ;
#1529 = ORIENTED_EDGE ( 'NONE', *, *, #1520, .F. ) ;
#1530 = FACE_OUTER_BOUND ( 'NONE', #2094, .T. ) ;
#1531 = VECTOR ( 'NONE', #2075, 1000.000000000000000 ) ;
#1532 = CARTESIAN_POINT ( 'NONE',  ( 56.73384686475550609, 70.00000000000000000, 2.000000000000000000 ) ) ;
#1533 = VERTEX_POINT ( 'NONE', #2460 ) ;
#1534 = VECTOR ( 'NONE', #1916, 1000.000000000000000 ) ;
#1535 = CARTESIAN_POINT ( 'NONE',  ( 20.33384686475551817, 1.000000000000000888, 4.000000000000000000 ) ) ;
#1536 = DIRECTION ( 'NONE',  ( -1.000000000000000000, -0.000000000000000000, -0.000000000000000000 ) ) ;
#1537 = ORIENTED_EDGE ( 'NONE', *, *, #107, .T. ) ;
#1538 = CARTESIAN_POINT ( 'NONE',  ( 20.33384686475551462, 70.00000000000000000, 4.000000000000000000 ) ) ;
#1539 = EDGE_CURVE ( 'NONE', #1111, #1751, #294, .T. ) ;
#1540 = LINE ( 'NONE', #2335, #596 ) ;
#1541 = EDGE_LOOP ( 'NONE', ( #951, #737, #2036, #844, #1108, #364 ) ) ;
#1542 = CARTESIAN_POINT ( 'NONE',  ( 15.13384686475552066, 0.000000000000000000, 2.000000000000000000 ) ) ;
#1543 = CARTESIAN_POINT ( 'NONE',  ( 54.25948681732579360, 0.000000000000000000, 2.000000000000000000 ) ) ;
#1544 = VERTEX_POINT ( 'NONE', #1277 ) ;
#1545 = EDGE_LOOP ( 'NONE', ( #1893, #1188, #926, #989, #1620, #309 ) ) ;
#1546 = AXIS2_PLACEMENT_3D ( 'NONE', #656, #212, #199 ) ;
#1547 = CARTESIAN_POINT ( 'NONE',  ( 9.933846864755519590, 0.000000000000000000, 2.000000000000000000 ) ) ;
#1548 = DIRECTION ( 'NONE',  ( 1.000000000000000000, 0.000000000000000000, 0.000000000000000000 ) ) ;
#1549 = DIRECTION ( 'NONE',  ( -1.000000000000000000, -0.000000000000000000, -0.000000000000000000 ) ) ;
#1550 = EDGE_CURVE ( 'NONE', #1607, #1027, #2071, .T. ) ;
#1551 = CARTESIAN_POINT ( 'NONE',  ( 0.000000000000000000, 1.000000000000000888, 4.000000000000000000 ) ) ;
#1552 = VECTOR ( 'NONE', #654, 1000.000000000000114 ) ;
#1553 = AXIS2_PLACEMENT_3D ( 'NONE', #118, #1358, #2514 ) ;
#1554 = LINE ( 'NONE', #2138, #1727 ) ;
#1555 = ORIENTED_EDGE ( 'NONE', *, *, #2180, .F. ) ;
#1556 = DIRECTION ( 'NONE',  ( 1.000000000000000000, -0.000000000000000000, 0.000000000000000000 ) ) ;
#1557 = VECTOR ( 'NONE', #108, 1000.000000000000000 ) ;
#1558 = DIRECTION ( 'NONE',  ( -7.009341333409758945E-17, 0.7071067811865524577, -0.7071067811865426878 ) ) ;
#1559 = EDGE_LOOP ( 'NONE', ( #87, #389, #804, #1688 ) ) ;
#1560 = VERTEX_POINT ( 'NONE', #883 ) ;
#1561 = VECTOR ( 'NONE', #2237, 1000.000000000000000 ) ;
#1562 = LINE ( 'NONE', #1547, #797 ) ;
#1563 = APPLICATION_PROTOCOL_DEFINITION ( 'draft international standard', 'automotive_design', 1998, #1351 ) ;
#1564 = FACE_OUTER_BOUND ( 'NONE', #619, .T. ) ;
#1565 = EDGE_CURVE ( 'NONE', #10, #181, #1487, .T. ) ;
#1566 = FACE_OUTER_BOUND ( 'NONE', #1559, .T. ) ;
#1567 = ORIENTED_EDGE ( 'NONE', *, *, #1154, .T. ) ;
#1568 = CARTESIAN_POINT ( 'NONE',  ( 0.000000000000000000, 0.000000000000000000, 4.000000000000000000 ) ) ;
#1569 = ADVANCED_FACE ( 'NONE', ( #894 ), #1696, .F. ) ;
#1570 = DIRECTION ( 'NONE',  ( -0.000000000000000000, -0.000000000000000000, 1.000000000000000000 ) ) ;
#1571 = ORIENTED_EDGE ( 'NONE', *, *, #2230, .T. ) ;
#1572 = ORIENTED_EDGE ( 'NONE', *, *, #824, .F. ) ;
#1573 = ADVANCED_FACE ( 'NONE', ( #1566 ), #2348, .F. ) ;
#1574 = DIRECTION ( 'NONE',  ( 1.000000000000000000, 0.000000000000000000, 0.000000000000000000 ) ) ;
#1575 = LINE ( 'NONE', #2147, #448 ) ;
#1576 =( GEOMETRIC_REPRESENTATION_CONTEXT ( 3 ) GLOBAL_UNCERTAINTY_ASSIGNED_CONTEXT ( ( #2444 ) ) GLOBAL_UNIT_ASSIGNED_CONTEXT ( ( #2184, #997, #959 ) ) REPRESENTATION_CONTEXT ( 'NONE', 'WORKASPACE' ) );
#1577 = LINE ( 'NONE', #1356, #2511 ) ;
#1578 = EDGE_LOOP ( 'NONE', ( #1383, #2290, #2328, #999, #1876, #1647 ) ) ;
#1579 = VECTOR ( 'NONE', #2206, 1000.000000000000000 ) ;
#1580 = DIRECTION ( 'NONE',  ( -0.000000000000000000, -0.000000000000000000, 1.000000000000000000 ) ) ;
#1581 = CARTESIAN_POINT ( 'NONE',  ( 20.33384686475551462, 70.00000000000000000, 2.000000000000000000 ) ) ;
#1582 = ORIENTED_EDGE ( 'NONE', *, *, #633, .F. ) ;
#1583 = ORIENTED_EDGE ( 'NONE', *, *, #776, .T. ) ;
#1584 = ADVANCED_FACE ( 'NONE', ( #2124 ), #1158, .F. ) ;
#1585 = ORIENTED_EDGE ( 'NONE', *, *, #2399, .F. ) ;
#1586 = DIRECTION ( 'NONE',  ( 1.000000000000000000, 0.000000000000000000, 0.000000000000000000 ) ) ;
#1587 = DIRECTION ( 'NONE',  ( 1.000000000000000000, 9.912705577010325549E-17, 0.000000000000000000 ) ) ;
#1588 = CARTESIAN_POINT ( 'NONE',  ( 41.13384686475551177, 70.00000000000000000, 4.000000000000000000 ) ) ;
#1589 = ORIENTED_EDGE ( 'NONE', *, *, #2515, .T. ) ;
#1590 = CARTESIAN_POINT ( 'NONE',  ( 25.53384686475552101, 1.000000000000002220, 4.000000000000000888 ) ) ;
#1591 = LINE ( 'NONE', #1161, #540 ) ;
#1592 = EDGE_LOOP ( 'NONE', ( #2121, #1939, #714, #600 ) ) ;
#1593 = ORIENTED_EDGE ( 'NONE', *, *, #286, .T. ) ;
#1594 = ADVANCED_FACE ( 'NONE', ( #545 ), #581, .F. ) ;
#1595 = EDGE_CURVE ( 'NONE', #2081, #2294, #1577, .T. ) ;
#1596 = ORIENTED_EDGE ( 'NONE', *, *, #748, .T. ) ;
#1597 = CARTESIAN_POINT ( 'NONE',  ( 59.45948681732578223, 69.00000000000000000, 3.999999999999997335 ) ) ;
#1598 = VECTOR ( 'NONE', #565, 1000.000000000000000 ) ;
#1599 = VECTOR ( 'NONE', #86, 1000.000000000000000 ) ;
#1600 = CARTESIAN_POINT ( 'NONE',  ( 54.25948681732579360, 70.00000000000000000, 2.000000000000000000 ) ) ;
#1601 = CARTESIAN_POINT ( 'NONE',  ( 54.25948681732578649, 70.00000000000000000, 2.000000000000000000 ) ) ;
#1602 = DIRECTION ( 'NONE',  ( -1.000000000000000000, -0.000000000000000000, -0.000000000000000000 ) ) ;
#1603 = ORIENTED_EDGE ( 'NONE', *, *, #409, .T. ) ;
#1604 = CARTESIAN_POINT ( 'NONE',  ( 0.6666666666666671848, 0.6666666666666672958, 3.666666666666666519 ) ) ;
#1605 = CARTESIAN_POINT ( 'NONE',  ( 0.000000000000000000, 70.00000000000000000, 3.000000000000012879 ) ) ;
#1606 = ORIENTED_EDGE ( 'NONE', *, *, #1451, .T. ) ;
#1607 = VERTEX_POINT ( 'NONE', #1346 ) ;
#1608 = VERTEX_POINT ( 'NONE', #2533 ) ;
#1609 = PLANE ( 'NONE',  #548 ) ;
#1610 = VECTOR ( 'NONE', #1080, 1000.000000000000000 ) ;
#1611 = DIRECTION ( 'NONE',  ( -9.912705577010325549E-17, 1.000000000000000000, -0.000000000000000000 ) ) ;
#1612 = EDGE_CURVE ( 'NONE', #594, #137, #1757, .T. ) ;
#1613 = LINE ( 'NONE', #604, #1962 ) ;
#1614 = DIRECTION ( 'NONE',  ( 0.000000000000000000, 0.000000000000000000, -1.000000000000000000 ) ) ;
#1615 = ORIENTED_EDGE ( 'NONE', *, *, #698, .F. ) ;
#1616 = DIRECTION ( 'NONE',  ( 9.912705577010325549E-17, -1.000000000000000000, 0.000000000000000000 ) ) ;
#1617 = DIRECTION ( 'NONE',  ( -1.000000000000000000, -9.912705577010325549E-17, 0.000000000000000000 ) ) ;
#1618 = VERTEX_POINT ( 'NONE', #749 ) ;
#1619 = ORIENTED_EDGE ( 'NONE', *, *, #1098, .T. ) ;
#1620 = ORIENTED_EDGE ( 'NONE', *, *, #543, .T. ) ;
#1621 = DIRECTION ( 'NONE',  ( -0.000000000000000000, -0.000000000000000000, -1.000000000000000000 ) ) ;
#1622 = FACE_OUTER_BOUND ( 'NONE', #2031, .T. ) ;
#1623 = EDGE_CURVE ( 'NONE', #2202, #1092, #2551, .T. ) ;
#1624 = FACE_OUTER_BOUND ( 'NONE', #1541, .T. ) ;
#1625 = VECTOR ( 'NONE', #1312, 1000.000000000000000 ) ;
#1626 = ADVANCED_FACE ( 'NONE', ( #2358 ), #723, .F. ) ;
#1627 = CARTESIAN_POINT ( 'NONE',  ( 0.000000000000000000, 70.00000000000000000, 4.000000000000000000 ) ) ;
#1628 = ORIENTED_EDGE ( 'NONE', *, *, #742, .T. ) ;
#1629 = DIRECTION ( 'NONE',  ( 7.009341333409758945E-17, -0.7071067811865524577, 0.7071067811865426878 ) ) ;
#1630 = CARTESIAN_POINT ( 'NONE',  ( 35.93384686475552314, 0.000000000000000000, 2.000000000000000000 ) ) ;
#1631 = EDGE_LOOP ( 'NONE', ( #1868, #1370, #1697, #2509 ) ) ;
#1632 = VERTEX_POINT ( 'NONE', #1747 ) ;
#1633 = ORIENTED_EDGE ( 'NONE', *, *, #1038, .T. ) ;
#1634 = CARTESIAN_POINT ( 'NONE',  ( 0.000000000000000000, 70.00000000000000000, 4.000000000000000000 ) ) ;
#1635 = VECTOR ( 'NONE', #68, 1000.000000000000000 ) ;
#1636 = LINE ( 'NONE', #2428, #51 ) ;
#1637 = LINE ( 'NONE', #1219, #1079 ) ;
#1638 = VECTOR ( 'NONE', #477, 1000.000000000000000 ) ;
#1639 = CARTESIAN_POINT ( 'NONE',  ( 12.65948681732579573, 70.00000000000000000, 2.000000000000000000 ) ) ;
#1640 = VERTEX_POINT ( 'NONE', #186 ) ;
#1641 = CARTESIAN_POINT ( 'NONE',  ( 69.33333333333334281, 0.6666666666666642982, 3.666666666666667851 ) ) ;
#1642 = DIRECTION ( 'NONE',  ( 9.912705577010325549E-17, -1.000000000000000000, 0.000000000000000000 ) ) ;
#1643 = VERTEX_POINT ( 'NONE', #1365 ) ;
#1644 = CARTESIAN_POINT ( 'NONE',  ( 46.33384686475551462, 70.00000000000000000, 2.000000000000000000 ) ) ;
#1645 = ADVANCED_FACE ( 'NONE', ( #2159, #1148, #370 ), #558, .F. ) ;
#1646 = EDGE_CURVE ( 'NONE', #779, #841, #2149, .T. ) ;
#1647 = ORIENTED_EDGE ( 'NONE', *, *, #1119, .F. ) ;
#1648 = LINE ( 'NONE', #2440, #209 ) ;
#1649 = EDGE_CURVE ( 'NONE', #1919, #1216, #532, .T. ) ;
#1650 = CARTESIAN_POINT ( 'NONE',  ( 35.93384686475550893, 70.00000000000000000, 2.000000000000000000 ) ) ;
#1651 = CARTESIAN_POINT ( 'NONE',  ( 59.45948681732578223, 70.00000000000000000, 3.000000000000012879 ) ) ;
#1652 = VECTOR ( 'NONE', #104, 1000.000000000000000 ) ;
#1653 = CARTESIAN_POINT ( 'NONE',  ( 0.000000000000000000, 1.000000000000000888, 4.000000000000000000 ) ) ;
#1654 = ORIENTED_EDGE ( 'NONE', *, *, #157, .T. ) ;
#1655 = AXIS2_PLACEMENT_3D ( 'NONE', #59, #1656, #2447 ) ;
#1656 = DIRECTION ( 'NONE',  ( 0.000000000000000000, 0.000000000000000000, 1.000000000000000000 ) ) ;
#1657 = LINE ( 'NONE', #1826, #1002 ) ;
#1658 = VERTEX_POINT ( 'NONE', #174 ) ;
#1659 = ORIENTED_EDGE ( 'NONE', *, *, #543, .F. ) ;
#1660 = VECTOR ( 'NONE', #463, 1000.000000000000000 ) ;
#1661 = EDGE_CURVE ( 'NONE', #585, #1126, #1554, .T. ) ;
#1662 = ORIENTED_EDGE ( 'NONE', *, *, #882, .T. ) ;
#1663 = DIRECTION ( 'NONE',  ( 0.5773502691896257311, -0.5773502691896257311, 0.5773502691896257311 ) ) ;
#1664 = LINE ( 'NONE', #263, #1167 ) ;
#1665 = FACE_OUTER_BOUND ( 'NONE', #1545, .T. ) ;
#1666 = ORIENTED_EDGE ( 'NONE', *, *, #698, .T. ) ;
#1667 = DIRECTION ( 'NONE',  ( -9.912705577010325549E-17, 1.000000000000000000, -0.000000000000000000 ) ) ;
#1668 = VECTOR ( 'NONE', #2352, 1000.000000000000000 ) ;
#1669 = CARTESIAN_POINT ( 'NONE',  ( 56.73384686475551320, 0.000000000000000000, 2.000000000000000000 ) ) ;
#1670 = EDGE_LOOP ( 'NONE', ( #1835, #611, #1042, #1036, #2260, #2504 ) ) ;
#1671 = FACE_OUTER_BOUND ( 'NONE', #387, .T. ) ;
#1672 = LINE ( 'NONE', #1477, #853 ) ;
#1673 = EDGE_CURVE ( 'NONE', #895, #1141, #161, .T. ) ;
#1674 = VERTEX_POINT ( 'NONE', #1932 ) ;
#1675 = VECTOR ( 'NONE', #1012, 1000.000000000000000 ) ;
#1676 = EDGE_CURVE ( 'NONE', #204, #2497, #140, .T. ) ;
#1677 = DIRECTION ( 'NONE',  ( 0.000000000000000000, 0.000000000000000000, 1.000000000000000000 ) ) ;
#1678 = DIRECTION ( 'NONE',  ( 0.000000000000000000, 0.000000000000000000, -1.000000000000000000 ) ) ;
#1679 = EDGE_CURVE ( 'NONE', #683, #2456, #1540, .T. ) ;
#1680 = DIRECTION ( 'NONE',  ( 1.000000000000000000, 1.982541115402065110E-16, 0.000000000000000000 ) ) ;
#1681 = ORIENTED_EDGE ( 'NONE', *, *, #1385, .T. ) ;
#1682 = CARTESIAN_POINT ( 'NONE',  ( 33.45948681732579644, 0.000000000000000000, 2.000000000000000000 ) ) ;
#1683 = AXIS2_PLACEMENT_3D ( 'NONE', #1056, #1621, #806 ) ;
#1684 = CARTESIAN_POINT ( 'NONE',  ( 17.85948681732578436, 70.00000000000000000, 3.000000000000012879 ) ) ;
#1685 = ORIENTED_EDGE ( 'NONE', *, *, #1966, .T. ) ;
#1686 = CARTESIAN_POINT ( 'NONE',  ( 0.000000000000000000, 0.000000000000000000, 4.000000000000000000 ) ) ;
#1687 = CARTESIAN_POINT ( 'NONE',  ( 38.65948681732578507, 70.00000000000000000, 4.000000000000000000 ) ) ;
#1688 = ORIENTED_EDGE ( 'NONE', *, *, #485, .T. ) ;
#1689 = DIRECTION ( 'NONE',  ( 1.000000000000000000, 0.000000000000000000, 0.000000000000000000 ) ) ;
#1690 = LINE ( 'NONE', #2469, #1833 ) ;
#1691 = LINE ( 'NONE', #903, #150 ) ;
#1692 = ORIENTED_EDGE ( 'NONE', *, *, #2314, .F. ) ;
#1693 = EDGE_CURVE ( 'NONE', #1618, #934, #761, .T. ) ;
#1694 = LINE ( 'NONE', #1709, #2322 ) ;
#1695 = VECTOR ( 'NONE', #872, 1000.000000000000000 ) ;
#1696 = PLANE ( 'NONE',  #385 ) ;
#1697 = ORIENTED_EDGE ( 'NONE', *, *, #953, .F. ) ;
#1698 = LINE ( 'NONE', #2114, #2064 ) ;
#1699 = LINE ( 'NONE', #1830, #1725 ) ;
#1700 = LINE ( 'NONE', #1321, #2321 ) ;
#1701 = ORIENTED_EDGE ( 'NONE', *, *, #1210, .T. ) ;
#1702 = VECTOR ( 'NONE', #458, 1000.000000000000000 ) ;
#1703 = AXIS2_PLACEMENT_3D ( 'NONE', #2563, #1339, #1548 ) ;
#1704 = CARTESIAN_POINT ( 'NONE',  ( 2.874999999999999112, 65.50000000000001421, 4.000000000000000000 ) ) ;
#1705 = DIRECTION ( 'NONE',  ( -0.000000000000000000, -0.000000000000000000, 1.000000000000000000 ) ) ;
#1706 = DIRECTION ( 'NONE',  ( 9.912705577010325549E-17, -1.000000000000000000, 0.000000000000000000 ) ) ;
#1707 = ORIENTED_EDGE ( 'NONE', *, *, #1539, .T. ) ;
#1708 = EDGE_CURVE ( 'NONE', #37, #869, #226, .T. ) ;
#1709 = CARTESIAN_POINT ( 'NONE',  ( 2.874999999999999112, 65.50000000000001421, 4.000000000000000000 ) ) ;
#1710 = EDGE_CURVE ( 'NONE', #2369, #396, #32, .T. ) ;
#1711 = CARTESIAN_POINT ( 'NONE',  ( 35.93384686475550893, 70.00000000000000000, 2.000000000000000000 ) ) ;
#1712 = ORIENTED_EDGE ( 'NONE', *, *, #278, .T. ) ;
#1713 = DIRECTION ( 'NONE',  ( -1.000000000000000000, -0.000000000000000000, -0.000000000000000000 ) ) ;
#1714 = CARTESIAN_POINT ( 'NONE',  ( 30.73384686475551320, 70.00000000000000000, 4.000000000000000000 ) ) ;
#1715 = ORIENTED_EDGE ( 'NONE', *, *, #839, .F. ) ;
#1716 = VERTEX_POINT ( 'NONE', #1797 ) ;
#1717 = CARTESIAN_POINT ( 'NONE',  ( 41.13384686475551177, 69.00000000000000000, 3.999999999999998224 ) ) ;
#1718 = FACE_OUTER_BOUND ( 'NONE', #187, .T. ) ;
#1719 = CARTESIAN_POINT ( 'NONE',  ( 35.93384686475550893, 70.00000000000000000, 3.000000000000012879 ) ) ;
#1720 = EDGE_LOOP ( 'NONE', ( #21, #193, #298, #1162 ) ) ;
#1721 = DIRECTION ( 'NONE',  ( -1.982541115402065110E-16, 1.000000000000000000, -0.000000000000000000 ) ) ;
#1722 = DIRECTION ( 'NONE',  ( -0.000000000000000000, 0.000000000000000000, 1.000000000000000000 ) ) ;
#1723 = ORIENTED_EDGE ( 'NONE', *, *, #2481, .T. ) ;
#1724 = DIRECTION ( 'NONE',  ( 0.000000000000000000, 0.000000000000000000, -1.000000000000000000 ) ) ;
#1725 = VECTOR ( 'NONE', #641, 1000.000000000000000 ) ;
#1726 = CARTESIAN_POINT ( 'NONE',  ( 23.05948681732579431, 1.000000000000001998, 4.000000000000000888 ) ) ;
#1727 = VECTOR ( 'NONE', #335, 1000.000000000000000 ) ;
#1728 = VERTEX_POINT ( 'NONE', #1207 ) ;
#1729 = EDGE_CURVE ( 'NONE', #1040, #1544, #2264, .T. ) ;
#1730 = EDGE_CURVE ( 'NONE', #182, #606, #822, .T. ) ;
#1731 = CARTESIAN_POINT ( 'NONE',  ( 12.65948681732579573, 1.000000000000000888, 4.000000000000000000 ) ) ;
#1732 = EDGE_CURVE ( 'NONE', #585, #2044, #835, .T. ) ;
#1733 = DIRECTION ( 'NONE',  ( 1.000000000000000000, 0.000000000000000000, 0.000000000000000000 ) ) ;
#1734 = ORIENTED_EDGE ( 'NONE', *, *, #1612, .F. ) ;
#1735 = DIRECTION ( 'NONE',  ( -0.000000000000000000, -0.7071067811865425767, -0.7071067811865524577 ) ) ;
#1736 = DIRECTION ( 'NONE',  ( 1.000000000000000000, 0.000000000000000000, 0.000000000000000000 ) ) ;
#1737 = ORIENTED_EDGE ( 'NONE', *, *, #742, .F. ) ;
#1738 = CARTESIAN_POINT ( 'NONE',  ( 17.85948681732579502, 0.000000000000000000, 2.000000000000000000 ) ) ;
#1739 = VECTOR ( 'NONE', #90, 1000.000000000000000 ) ;
#1740 = DIRECTION ( 'NONE',  ( -1.486905836551548832E-16, 1.000000000000000000, -0.000000000000000000 ) ) ;
#1741 = ORIENTED_EDGE ( 'NONE', *, *, #1958, .F. ) ;
#1742 = VERTEX_POINT ( 'NONE', #1639 ) ;
#1743 = FACE_OUTER_BOUND ( 'NONE', #700, .T. ) ;
#1744 = FILL_AREA_STYLE_COLOUR ( '', #240 ) ;
#1745 = LINE ( 'NONE', #2508, #691 ) ;
#1746 = LINE ( 'NONE', #1538, #1860 ) ;
#1747 = CARTESIAN_POINT ( 'NONE',  ( 35.93384686475550893, 69.00000000000000000, 4.000000000000000000 ) ) ;
#1748 = ORIENTED_EDGE ( 'NONE', *, *, #1756, .T. ) ;
#1749 = CARTESIAN_POINT ( 'NONE',  ( 9.933846864755519590, 70.00000000000000000, 2.000000000000000000 ) ) ;
#1750 = CARTESIAN_POINT ( 'NONE',  ( 70.00000000000000000, 0.000000000000000000, 4.000000000000000000 ) ) ;
#1751 = VERTEX_POINT ( 'NONE', #810 ) ;
#1752 = AXIS2_PLACEMENT_3D ( 'NONE', #19, #809, #31 ) ;
#1753 = DIRECTION ( 'NONE',  ( -0.000000000000000000, -0.000000000000000000, -1.000000000000000000 ) ) ;
#1754 = EDGE_CURVE ( 'NONE', #2000, #1632, #2416, .T. ) ;
#1755 = CARTESIAN_POINT ( 'NONE',  ( 25.53384686475551391, 70.00000000000000000, 3.000000000000012879 ) ) ;
#1756 = EDGE_CURVE ( 'NONE', #2305, #1815, #2208, .T. ) ;
#1757 = LINE ( 'NONE', #2544, #1845 ) ;
#1758 = ORIENTED_EDGE ( 'NONE', *, *, #1242, .F. ) ;
#1759 = LINE ( 'NONE', #1787, #1992 ) ;
#1760 = AXIS2_PLACEMENT_3D ( 'NONE', #833, #1821, #29 ) ;
#1761 = CARTESIAN_POINT ( 'NONE',  ( 0.000000000000000000, 0.000000000000000000, 2.000000000000000000 ) ) ;
#1762 = ORIENTED_EDGE ( 'NONE', *, *, #2554, .T. ) ;
#1763 = ORIENTED_EDGE ( 'NONE', *, *, #1776, .F. ) ;
#1764 = AXIS2_PLACEMENT_3D ( 'NONE', #1528, #1182, #570 ) ;
#1765 = EDGE_CURVE ( 'NONE', #1371, #2305, #406, .T. ) ;
#1766 = CARTESIAN_POINT ( 'NONE',  ( 6.125000000000001776, 65.50000000000001421, 0.000000000000000000 ) ) ;
#1767 = CARTESIAN_POINT ( 'NONE',  ( 65.50000000000000000, 65.50000000000000000, 4.000000000000000000 ) ) ;
#1768 = EDGE_CURVE ( 'NONE', #427, #750, #7, .T. ) ;
#1769 = DIRECTION ( 'NONE',  ( -1.000000000000000000, -0.000000000000000000, -0.000000000000000000 ) ) ;
#1770 = EDGE_LOOP ( 'NONE', ( #2038, #1596, #1381, #2150, #439, #2058 ) ) ;
#1771 = DIRECTION ( 'NONE',  ( 1.000000000000000000, -0.000000000000000000, 0.000000000000000000 ) ) ;
#1772 = DIRECTION ( 'NONE',  ( -0.000000000000000000, -0.000000000000000000, -1.000000000000000000 ) ) ;
#1773 = ORIENTED_EDGE ( 'NONE', *, *, #1783, .F. ) ;
#1774 = VECTOR ( 'NONE', #2370, 1000.000000000000114 ) ;
#1775 = ORIENTED_EDGE ( 'NONE', *, *, #2077, .F. ) ;
#1776 = EDGE_CURVE ( 'NONE', #450, #377, #1812, .T. ) ;
#1777 = VECTOR ( 'NONE', #1089, 1000.000000000000000 ) ;
#1778 = ORIENTED_EDGE ( 'NONE', *, *, #2122, .F. ) ;
#1779 = CARTESIAN_POINT ( 'NONE',  ( 0.000000000000000000, 69.00000000000000000, 4.000000000000000000 ) ) ;
#1780 =( LENGTH_UNIT ( ) NAMED_UNIT ( * ) SI_UNIT ( .MILLI., .METRE. ) );
#1781 = DIRECTION ( 'NONE',  ( -0.000000000000000000, -0.000000000000000000, 1.000000000000000000 ) ) ;
#1782 = VECTOR ( 'NONE', #436, 1000.000000000000000 ) ;
#1783 = EDGE_CURVE ( 'NONE', #79, #2471, #2430, .T. ) ;
#1784 = DIRECTION ( 'NONE',  ( -1.000000000000000000, 0.000000000000000000, -0.000000000000000000 ) ) ;
#1785 = ORIENTED_EDGE ( 'NONE', *, *, #715, .F. ) ;
#1786 = VECTOR ( 'NONE', #567, 1000.000000000000000 ) ;
#1787 = CARTESIAN_POINT ( 'NONE',  ( 15.13384686475551355, 70.00000000000000000, 4.000000000000000000 ) ) ;
#1788 = ADVANCED_FACE ( 'NONE', ( #449 ), #1834, .F. ) ;
#1789 = DIRECTION ( 'NONE',  ( 0.000000000000000000, 0.7071067811865475727, -0.7071067811865475727 ) ) ;
#1790 = VERTEX_POINT ( 'NONE', #1194 ) ;
#1791 = ORIENTED_EDGE ( 'NONE', *, *, #92, .F. ) ;
#1792 = ORIENTED_EDGE ( 'NONE', *, *, #508, .T. ) ;
#1793 = CARTESIAN_POINT ( 'NONE',  ( 38.65948681732579928, 1.000000000000004885, 4.000000000000003553 ) ) ;
#1794 = CIRCLE ( 'NONE', #2573, 1.625000000000001332 ) ;
#1795 = DIRECTION ( 'NONE',  ( -0.000000000000000000, -0.000000000000000000, 1.000000000000000000 ) ) ;
#1796 = FACE_OUTER_BOUND ( 'NONE', #2021, .T. ) ;
#1797 = CARTESIAN_POINT ( 'NONE',  ( 20.33384686475551817, 0.000000000000000000, 2.999999999999999112 ) ) ;
#1798 = ORIENTED_EDGE ( 'NONE', *, *, #429, .T. ) ;
#1799 = AXIS2_PLACEMENT_3D ( 'NONE', #998, #1211, #256 ) ;
#1800 = CARTESIAN_POINT ( 'NONE',  ( 41.13384686475551177, 70.00000000000000000, 2.000000000000000000 ) ) ;
#1801 = VECTOR ( 'NONE', #479, 1000.000000000000000 ) ;
#1802 = CARTESIAN_POINT ( 'NONE',  ( 28.25948681732578294, 69.00000000000000000, 3.999999999999998224 ) ) ;
#1803 = VERTEX_POINT ( 'NONE', #45 ) ;
#1804 = ORIENTED_EDGE ( 'NONE', *, *, #2314, .T. ) ;
#1805 = EDGE_CURVE ( 'NONE', #2089, #792, #20, .T. ) ;
#1806 = ORIENTED_EDGE ( 'NONE', *, *, #1502, .F. ) ;
#1807 = DIRECTION ( 'NONE',  ( 1.000000000000000000, 0.000000000000000000, 0.000000000000000000 ) ) ;
#1808 = VECTOR ( 'NONE', #769, 1000.000000000000000 ) ;
#1809 = DIRECTION ( 'NONE',  ( 1.000000000000000000, 0.000000000000000000, 0.000000000000000000 ) ) ;
#1810 = EDGE_CURVE ( 'NONE', #2539, #1961, #2017, .T. ) ;
#1811 = CARTESIAN_POINT ( 'NONE',  ( 67.12500000000000000, 65.50000000000000000, 0.000000000000000000 ) ) ;
#1812 = LINE ( 'NONE', #2005, #1561 ) ;
#1813 = ORIENTED_EDGE ( 'NONE', *, *, #2485, .T. ) ;
#1814 = DIRECTION ( 'NONE',  ( -1.051401200011463842E-16, 0.7071067811865524577, -0.7071067811865426878 ) ) ;
#1815 = VERTEX_POINT ( 'NONE', #2223 ) ;
#1816 = ORIENTED_EDGE ( 'NONE', *, *, #2343, .F. ) ;
#1817 = ORIENTED_EDGE ( 'NONE', *, *, #1646, .T. ) ;
#1818 = CARTESIAN_POINT ( 'NONE',  ( 0.000000000000000000, 0.000000000000000000, 2.999999999999999112 ) ) ;
#1819 = EDGE_CURVE ( 'NONE', #931, #2129, #434, .T. ) ;
#1820 = VECTOR ( 'NONE', #1733, 1000.000000000000000 ) ;
#1821 = DIRECTION ( 'NONE',  ( 1.000000000000000000, 0.000000000000000000, 0.000000000000000000 ) ) ;
#1822 = CYLINDRICAL_SURFACE ( 'NONE', #1752, 1.625000000000001332 ) ;
#1823 = CARTESIAN_POINT ( 'NONE',  ( 0.000000000000000000, 0.000000000000000000, 0.000000000000000000 ) ) ;
#1824 = VERTEX_POINT ( 'NONE', #1993 ) ;
#1825 = LINE ( 'NONE', #825, #2240 ) ;
#1826 = CARTESIAN_POINT ( 'NONE',  ( 0.000000000000000000, 0.000000000000000000, 2.999999999999999112 ) ) ;
#1827 = ORIENTED_EDGE ( 'NONE', *, *, #334, .T. ) ;
#1828 = ORIENTED_EDGE ( 'NONE', *, *, #2502, .F. ) ;
#1829 = ORIENTED_EDGE ( 'NONE', *, *, #2167, .F. ) ;
#1830 = CARTESIAN_POINT ( 'NONE',  ( 51.53384686475551035, 70.00000000000000000, 4.000000000000000000 ) ) ;
#1831 = CARTESIAN_POINT ( 'NONE',  ( 0.000000000000000000, 69.00000000000000000, 4.000000000000000000 ) ) ;
#1832 = PLANE ( 'NONE',  #1412 ) ;
#1833 = VECTOR ( 'NONE', #123, 1000.000000000000000 ) ;
#1834 = PLANE ( 'NONE',  #2096 ) ;
#1835 = ORIENTED_EDGE ( 'NONE', *, *, #2299, .T. ) ;
#1836 = ADVANCED_FACE ( 'NONE', ( #1035 ), #2043, .F. ) ;
#1837 = DIRECTION ( 'NONE',  ( -1.000000000000000000, 0.000000000000000000, -0.000000000000000000 ) ) ;
#1838 = LINE ( 'NONE', #826, #670 ) ;
#1839 = ORIENTED_EDGE ( 'NONE', *, *, #508, .F. ) ;
#1840 = CARTESIAN_POINT ( 'NONE',  ( 0.000000000000000000, 70.00000000000000000, 3.000000000000012879 ) ) ;
#1841 = ORIENTED_EDGE ( 'NONE', *, *, #2195, .T. ) ;
#1842 = CARTESIAN_POINT ( 'NONE',  ( 35.93384686475550893, 70.00000000000000000, 2.000000000000000000 ) ) ;
#1843 = LINE ( 'NONE', #262, #906 ) ;
#1844 = LINE ( 'NONE', #2443, #413 ) ;
#1845 = VECTOR ( 'NONE', #1981, 1000.000000000000000 ) ;
#1846 = CARTESIAN_POINT ( 'NONE',  ( 17.85948681732579502, 0.000000000000000000, 2.999999999999999112 ) ) ;
#1847 = VERTEX_POINT ( 'NONE', #798 ) ;
#1848 = CARTESIAN_POINT ( 'NONE',  ( 20.33384686475551462, 70.00000000000000000, 2.000000000000000000 ) ) ;
#1849 = ADVANCED_FACE ( 'NONE', ( #2391 ), #1313, .F. ) ;
#1850 = CARTESIAN_POINT ( 'NONE',  ( 30.73384686475551320, 70.00000000000000000, 2.000000000000000000 ) ) ;
#1851 = VERTEX_POINT ( 'NONE', #1846 ) ;
#1852 = VERTEX_POINT ( 'NONE', #2068 ) ;
#1853 = EDGE_LOOP ( 'NONE', ( #2500, #1701, #1199, #970 ) ) ;
#1854 = LINE ( 'NONE', #442, #752 ) ;
#1855 = VECTOR ( 'NONE', #1616, 1000.000000000000000 ) ;
#1856 = LINE ( 'NONE', #1869, #1635 ) ;
#1857 = LINE ( 'NONE', #2054, #455 ) ;
#1858 = DIRECTION ( 'NONE',  ( 0.000000000000000000, 0.000000000000000000, -1.000000000000000000 ) ) ;
#1859 = ORIENTED_EDGE ( 'NONE', *, *, #2405, .T. ) ;
#1860 = VECTOR ( 'NONE', #905, 1000.000000000000000 ) ;
#1861 = DIRECTION ( 'NONE',  ( -0.000000000000000000, -0.000000000000000000, 1.000000000000000000 ) ) ;
#1862 = EDGE_CURVE ( 'NONE', #1141, #2497, #1691, .T. ) ;
#1863 = DIRECTION ( 'NONE',  ( 1.982541115402065110E-16, -1.000000000000000000, 0.000000000000000000 ) ) ;
#1864 = VERTEX_POINT ( 'NONE', #2496 ) ;
#1865 = EDGE_LOOP ( 'NONE', ( #1827, #1235, #412, #1925, #1998, #836 ) ) ;
#1866 = EDGE_CURVE ( 'NONE', #649, #982, #318, .T. ) ;
#1867 = CARTESIAN_POINT ( 'NONE',  ( 54.25948681732579360, 1.000000000000003553, 4.000000000000002665 ) ) ;
#1868 = ORIENTED_EDGE ( 'NONE', *, *, #2281, .T. ) ;
#1869 = CARTESIAN_POINT ( 'NONE',  ( 6.124999999999990230, 4.500000000000007105, 4.000000000000000000 ) ) ;
#1870 = DIRECTION ( 'NONE',  ( -0.000000000000000000, -0.7071067811865425767, -0.7071067811865524577 ) ) ;
#1871 = ORIENTED_EDGE ( 'NONE', *, *, #1539, .F. ) ;
#1872 = FACE_OUTER_BOUND ( 'NONE', #1933, .T. ) ;
#1873 = VECTOR ( 'NONE', #1248, 1000.000000000000114 ) ;
#1874 = EDGE_CURVE ( 'NONE', #1126, #515, #658, .T. ) ;
#1875 = DIRECTION ( 'NONE',  ( -1.000000000000000000, 0.000000000000000000, -0.000000000000000000 ) ) ;
#1876 = ORIENTED_EDGE ( 'NONE', *, *, #1101, .F. ) ;
#1877 = CARTESIAN_POINT ( 'NONE',  ( 59.45948681732578223, 69.00000000000000000, 4.000000000000000000 ) ) ;
#1878 = CARTESIAN_POINT ( 'NONE',  ( 49.05948681732579786, 70.00000000000000000, 2.000000000000000000 ) ) ;
#1879 = ORIENTED_EDGE ( 'NONE', *, *, #2181, .F. ) ;
#1880 = VECTOR ( 'NONE', #28, 1000.000000000000000 ) ;
#1881 = ADVANCED_FACE ( 'NONE', ( #1665 ), #891, .F. ) ;
#1882 = AXIS2_PLACEMENT_3D ( 'NONE', #1319, #1724, #1304 ) ;
#1883 = DIRECTION ( 'NONE',  ( -0.000000000000000000, -0.7071067811865425767, -0.7071067811865524577 ) ) ;
#1884 = DIRECTION ( 'NONE',  ( -1.000000000000000000, -9.912705577010325549E-17, 0.000000000000000000 ) ) ;
#1885 = VECTOR ( 'NONE', #901, 1000.000000000000000 ) ;
#1886 = CARTESIAN_POINT ( 'NONE',  ( 25.53384686475551391, 69.00000000000000000, 4.000000000000000000 ) ) ;
#1887 = EDGE_LOOP ( 'NONE', ( #912, #265, #1000, #2548 ) ) ;
#1888 = FACE_OUTER_BOUND ( 'NONE', #1077, .T. ) ;
#1889 = ADVANCED_FACE ( 'NONE', ( #2304 ), #2108, .F. ) ;
#1890 = VECTOR ( 'NONE', #1221, 1000.000000000000000 ) ;
#1891 = LINE ( 'NONE', #517, #139 ) ;
#1892 = ORIENTED_EDGE ( 'NONE', *, *, #1921, .T. ) ;
#1893 = ORIENTED_EDGE ( 'NONE', *, *, #282, .T. ) ;
#1894 = DIRECTION ( 'NONE',  ( -0.000000000000000000, -0.000000000000000000, 1.000000000000000000 ) ) ;
#1895 = ORIENTED_EDGE ( 'NONE', *, *, #379, .T. ) ;
#1896 = EDGE_CURVE ( 'NONE', #594, #332, #878, .T. ) ;
#1897 = CARTESIAN_POINT ( 'NONE',  ( 35.93384686475552314, 1.000000000000004441, 4.000000000000003553 ) ) ;
#1898 = EDGE_CURVE ( 'NONE', #117, #2305, #848, .T. ) ;
#1899 = CARTESIAN_POINT ( 'NONE',  ( 25.53384686475551391, 70.00000000000000000, 2.000000000000000000 ) ) ;
#1900 = CARTESIAN_POINT ( 'NONE',  ( 54.25948681732578649, 70.00000000000000000, 2.000000000000000000 ) ) ;
#1901 = ORIENTED_EDGE ( 'NONE', *, *, #1106, .T. ) ;
#1902 = LINE ( 'NONE', #114, #2233 ) ;
#1903 = CIRCLE ( 'NONE', #1655, 1.625000000000001332 ) ;
#1904 = CARTESIAN_POINT ( 'NONE',  ( 46.33384686475552172, 0.000000000000000000, 2.999999999999999112 ) ) ;
#1905 = ORIENTED_EDGE ( 'NONE', *, *, #1921, .F. ) ;
#1906 = CARTESIAN_POINT ( 'NONE',  ( 43.85948681732579502, 70.00000000000000000, 2.000000000000000000 ) ) ;
#1907 = CARTESIAN_POINT ( 'NONE',  ( 20.33384686475551462, 70.00000000000000000, 2.000000000000000000 ) ) ;
#1908 = ORIENTED_EDGE ( 'NONE', *, *, #2468, .F. ) ;
#1909 = VERTEX_POINT ( 'NONE', #1886 ) ;
#1910 = MECHANICAL_DESIGN_GEOMETRIC_PRESENTATION_REPRESENTATION (  '', ( #533 ), #1576 ) ;
#1911 = VECTOR ( 'NONE', #2158, 1000.000000000000000 ) ;
#1912 = LINE ( 'NONE', #2119, #2543 ) ;
#1913 = DIRECTION ( 'NONE',  ( -0.000000000000000000, -0.000000000000000000, -1.000000000000000000 ) ) ;
#1914 = DIRECTION ( 'NONE',  ( 9.912705577010325549E-17, -1.000000000000000000, 0.000000000000000000 ) ) ;
#1915 = ORIENTED_EDGE ( 'NONE', *, *, #2137, .F. ) ;
#1916 = DIRECTION ( 'NONE',  ( -0.000000000000000000, -0.000000000000000000, 1.000000000000000000 ) ) ;
#1917 = ADVANCED_FACE ( 'NONE', ( #1073 ), #2455, .F. ) ;
#1918 = LINE ( 'NONE', #2486, #1054 ) ;
#1919 = VERTEX_POINT ( 'NONE', #2265 ) ;
#1920 = CARTESIAN_POINT ( 'NONE',  ( 28.25948681732579360, 1.000000000000003109, 4.000000000000001776 ) ) ;
#1921 = EDGE_CURVE ( 'NONE', #1216, #1533, #97, .T. ) ;
#1922 = AXIS2_PLACEMENT_3D ( 'NONE', #1233, #2029, #1424 ) ;
#1923 = LINE ( 'NONE', #1867, #2361 ) ;
#1924 = ORIENTED_EDGE ( 'NONE', *, *, #128, .T. ) ;
#1925 = ORIENTED_EDGE ( 'NONE', *, *, #1679, .F. ) ;
#1926 = EDGE_CURVE ( 'NONE', #10, #1847, #304, .T. ) ;
#1927 = DIRECTION ( 'NONE',  ( 9.912705577010325549E-17, -1.000000000000000000, 0.000000000000000000 ) ) ;
#1928 =( NAMED_UNIT ( * ) PLANE_ANGLE_UNIT ( ) SI_UNIT ( $, .RADIAN. ) );
#1929 = LINE ( 'NONE', #930, #1820 ) ;
#1930 = ORIENTED_EDGE ( 'NONE', *, *, #1210, .F. ) ;
#1931 = PLANE ( 'NONE',  #1440 ) ;
#1932 = CARTESIAN_POINT ( 'NONE',  ( 54.25948681732578649, 69.00000000000000000, 4.000000000000000000 ) ) ;
#1933 = EDGE_LOOP ( 'NONE', ( #2214, #1074, #2477, #1628 ) ) ;
#1934 = DIRECTION ( 'NONE',  ( -1.051401200011456446E-16, 0.7071067811865474617, 0.7071067811865474617 ) ) ;
#1935 = CIRCLE ( 'NONE', #2141, 1.625000000000001332 ) ;
#1936 = ADVANCED_FACE ( 'NONE', ( #2252 ), #694, .F. ) ;
#1937 = CARTESIAN_POINT ( 'NONE',  ( 23.05948681732579431, 1.000000000000000888, 4.000000000000000000 ) ) ;
#1938 = AXIS2_PLACEMENT_3D ( 'NONE', #2170, #360, #151 ) ;
#1939 = ORIENTED_EDGE ( 'NONE', *, *, #1429, .F. ) ;
#1940 = PLANE ( 'NONE',  #632 ) ;
#1941 = DIRECTION ( 'NONE',  ( 7.009341333409709641E-17, -0.7071067811865474617, -0.7071067811865474617 ) ) ;
#1942 = DIRECTION ( 'NONE',  ( -1.000000000000000000, 0.000000000000000000, 0.000000000000000000 ) ) ;
#1943 = DIRECTION ( 'NONE',  ( -9.912705577010325549E-17, 1.000000000000000000, -0.000000000000000000 ) ) ;
#1944 = ORIENTED_EDGE ( 'NONE', *, *, #1649, .F. ) ;
#1945 = LINE ( 'NONE', #1920, #2132 ) ;
#1946 = ADVANCED_FACE ( 'NONE', ( #1483 ), #461, .F. ) ;
#1947 = AXIS2_PLACEMENT_3D ( 'NONE', #251, #201, #995 ) ;
#1948 = DIRECTION ( 'NONE',  ( -1.000000000000000000, 0.000000000000000000, -0.000000000000000000 ) ) ;
#1949 = ORIENTED_EDGE ( 'NONE', *, *, #342, .T. ) ;
#1950 = EDGE_CURVE ( 'NONE', #873, #679, #1284, .T. ) ;
#1951 = ORIENTED_EDGE ( 'NONE', *, *, #2400, .F. ) ;
#1952 = EDGE_CURVE ( 'NONE', #1728, #1640, #2289, .T. ) ;
#1953 = CARTESIAN_POINT ( 'NONE',  ( 17.85948681732578436, 70.00000000000000000, 2.000000000000000000 ) ) ;
#1954 = DIRECTION ( 'NONE',  ( 0.000000000000000000, 0.7071067811865475727, -0.7071067811865475727 ) ) ;
#1955 = CARTESIAN_POINT ( 'NONE',  ( 0.000000000000000000, 1.000000000000000888, 4.000000000000000000 ) ) ;
#1956 = VERTEX_POINT ( 'NONE', #1103 ) ;
#1957 = DIRECTION ( 'NONE',  ( 0.000000000000000000, 0.7071067811865475727, -0.7071067811865475727 ) ) ;
#1958 = EDGE_CURVE ( 'NONE', #37, #400, #1469, .T. ) ;
#1959 = DIRECTION ( 'NONE',  ( 0.000000000000000000, 0.000000000000000000, 1.000000000000000000 ) ) ;
#1960 = ORIENTED_EDGE ( 'NONE', *, *, #652, .T. ) ;
#1961 = VERTEX_POINT ( 'NONE', #148 ) ;
#1962 = VECTOR ( 'NONE', #1400, 1000.000000000000000 ) ;
#1963 = CARTESIAN_POINT ( 'NONE',  ( 0.000000000000000000, 69.00000000000000000, 4.000000000000000000 ) ) ;
#1964 = EDGE_CURVE ( 'NONE', #879, #1716, #1745, .T. ) ;
#1965 = DIRECTION ( 'NONE',  ( 0.000000000000000000, 0.000000000000000000, 1.000000000000000000 ) ) ;
#1966 = EDGE_CURVE ( 'NONE', #2471, #204, #720, .T. ) ;
#1967 = CARTESIAN_POINT ( 'NONE',  ( 0.000000000000000000, 0.000000000000000000, 4.000000000000000000 ) ) ;
#1968 = ORIENTED_EDGE ( 'NONE', *, *, #1756, .F. ) ;
#1969 = FACE_OUTER_BOUND ( 'NONE', #2505, .T. ) ;
#1970 = AXIS2_PLACEMENT_3D ( 'NONE', #1507, #301, #287 ) ;
#1971 = LINE ( 'NONE', #2339, #2338 ) ;
#1972 = ORIENTED_EDGE ( 'NONE', *, *, #2574, .T. ) ;
#1973 = ORIENTED_EDGE ( 'NONE', *, *, #1516, .F. ) ;
#1974 = VECTOR ( 'NONE', #2256, 1000.000000000000000 ) ;
#1975 = ORIENTED_EDGE ( 'NONE', *, *, #2074, .F. ) ;
#1976 = CARTESIAN_POINT ( 'NONE',  ( 9.933846864755519590, 70.00000000000000000, 2.999999999999999112 ) ) ;
#1977 = SURFACE_SIDE_STYLE ('',( #1177 ) ) ;
#1978 = ADVANCED_FACE ( 'NONE', ( #124 ), #917, .F. ) ;
#1979 = EDGE_CURVE ( 'NONE', #679, #1751, #1329, .T. ) ;
#1980 = CARTESIAN_POINT ( 'NONE',  ( 41.13384686475551177, 69.00000000000000000, 4.000000000000000000 ) ) ;
#1981 = DIRECTION ( 'NONE',  ( -1.000000000000000000, -0.000000000000000000, -0.000000000000000000 ) ) ;
#1982 = ORIENTED_EDGE ( 'NONE', *, *, #1866, .T. ) ;
#1983 = FILL_AREA_STYLE_COLOUR ( '', #985 ) ;
#1984 = CARTESIAN_POINT ( 'NONE',  ( 0.000000000000000000, 0.000000000000000000, 2.999999999999999112 ) ) ;
#1985 = ORIENTED_EDGE ( 'NONE', *, *, #695, .F. ) ;
#1986 = VERTEX_POINT ( 'NONE', #2133 ) ;
#1987 = VECTOR ( 'NONE', #1894, 1000.000000000000000 ) ;
#1988 = AXIS2_PLACEMENT_3D ( 'NONE', #747, #1735, #349 ) ;
#1989 = ORIENTED_EDGE ( 'NONE', *, *, #64, .F. ) ;
#1990 = DIRECTION ( 'NONE',  ( -0.000000000000000000, -0.7071067811865425767, -0.7071067811865524577 ) ) ;
#1991 = CARTESIAN_POINT ( 'NONE',  ( 59.45948681732578933, 0.000000000000000000, 2.000000000000000000 ) ) ;
#1992 = VECTOR ( 'NONE', #1196, 1000.000000000000000 ) ;
#1993 = CARTESIAN_POINT ( 'NONE',  ( 51.53384686475551746, 1.000000000000000888, 4.000000000000000000 ) ) ;
#1994 = ORIENTED_EDGE ( 'NONE', *, *, #15, .F. ) ;
#1995 = DIRECTION ( 'NONE',  ( -1.000000000000000000, 0.000000000000000000, -0.000000000000000000 ) ) ;
#1996 = EDGE_CURVE ( 'NONE', #869, #441, #1524, .T. ) ;
#1997 = CARTESIAN_POINT ( 'NONE',  ( 23.05948681732578720, 70.00000000000000000, 3.000000000000012879 ) ) ;
#1998 = ORIENTED_EDGE ( 'NONE', *, *, #617, .T. ) ;
#1999 = ORIENTED_EDGE ( 'NONE', *, *, #874, .T. ) ;
#2000 = VERTEX_POINT ( 'NONE', #1719 ) ;
#2001 = DIRECTION ( 'NONE',  ( 1.000000000000000000, 0.000000000000000000, 0.000000000000000000 ) ) ;
#2002 = AXIS2_PLACEMENT_3D ( 'NONE', #2371, #1959, #597 ) ;
#2003 = CARTESIAN_POINT ( 'NONE',  ( 25.53384686475551391, 70.00000000000000000, 2.000000000000000000 ) ) ;
#2004 = CARTESIAN_POINT ( 'NONE',  ( 38.65948681732579928, 0.000000000000000000, 2.999999999999999112 ) ) ;
#2005 = CARTESIAN_POINT ( 'NONE',  ( 0.000000000000000000, 69.00000000000000000, 4.000000000000000000 ) ) ;
#2006 = ORIENTED_EDGE ( 'NONE', *, *, #185, .F. ) ;
#2007 = AXIS2_PLACEMENT_3D ( 'NONE', #2393, #452, #2035 ) ;
#2008 = CARTESIAN_POINT ( 'NONE',  ( 43.85948681732579502, 0.000000000000000000, 2.999999999999999112 ) ) ;
#2009 = CARTESIAN_POINT ( 'NONE',  ( 41.13384686475551888, 0.000000000000000000, 2.000000000000000000 ) ) ;
#2010 = ORIENTED_EDGE ( 'NONE', *, *, #1754, .T. ) ;
#2011 = ORIENTED_EDGE ( 'NONE', *, *, #2137, .T. ) ;
#2012 = ADVANCED_FACE ( 'NONE', ( #1145 ), #528, .F. ) ;
#2013 = ORIENTED_EDGE ( 'NONE', *, *, #2023, .T. ) ;
#2014 = CARTESIAN_POINT ( 'NONE',  ( 35.93384686475552314, 0.000000000000000000, 2.000000000000000000 ) ) ;
#2015 = CARTESIAN_POINT ( 'NONE',  ( 41.13384686475551888, 0.000000000000000000, 2.999999999999999112 ) ) ;
#2016 = LINE ( 'NONE', #2207, #1873 ) ;
#2017 = LINE ( 'NONE', #1426, #2220 ) ;
#2018 = EDGE_LOOP ( 'NONE', ( #2238, #1619, #1582, #1431, #1510, #1603 ) ) ;
#2019 = PRESENTATION_STYLE_ASSIGNMENT (( #2198 ) ) ;
#2020 = PLANE ( 'NONE',  #2342 ) ;
#2021 = EDGE_LOOP ( 'NONE', ( #24, #1213, #973, #1420 ) ) ;
#2022 = VERTEX_POINT ( 'NONE', #136 ) ;
#2023 = EDGE_CURVE ( 'NONE', #2324, #2000, #1929, .T. ) ;
#2024 = EDGE_LOOP ( 'NONE', ( #1336, #33, #2006, #462 ) ) ;
#2025 = FACE_OUTER_BOUND ( 'NONE', #1631, .T. ) ;
#2026 = EDGE_CURVE ( 'NONE', #2525, #2424, #2520, .T. ) ;
#2027 = VECTOR ( 'NONE', #1455, 1000.000000000000000 ) ;
#2028 = DIRECTION ( 'NONE',  ( 0.000000000000000000, 0.000000000000000000, -1.000000000000000000 ) ) ;
#2029 = DIRECTION ( 'NONE',  ( -0.000000000000000000, -0.7071067811865475727, -0.7071067811865475727 ) ) ;
#2030 = DIRECTION ( 'NONE',  ( 1.000000000000000000, 0.000000000000000000, 0.000000000000000000 ) ) ;
#2031 = EDGE_LOOP ( 'NONE', ( #1434, #1406, #2436, #1748 ) ) ;
#2032 = CARTESIAN_POINT ( 'NONE',  ( 59.45948681732578223, 70.00000000000000000, 4.000000000000000000 ) ) ;
#2033 = EDGE_CURVE ( 'NONE', #285, #1658, #2332, .T. ) ;
#2034 = VECTOR ( 'NONE', #794, 1000.000000000000000 ) ;
#2035 = DIRECTION ( 'NONE',  ( -1.000000000000000000, 0.000000000000000000, -0.000000000000000000 ) ) ;
#2036 = ORIENTED_EDGE ( 'NONE', *, *, #914, .F. ) ;
#2037 = DIRECTION ( 'NONE',  ( -1.486905836551548832E-16, 1.000000000000000000, -0.000000000000000000 ) ) ;
#2038 = ORIENTED_EDGE ( 'NONE', *, *, #224, .T. ) ;
#2039 = DIRECTION ( 'NONE',  ( -1.000000000000000000, -1.982541115402065110E-16, 0.000000000000000000 ) ) ;
#2040 = CARTESIAN_POINT ( 'NONE',  ( 59.45948681732578933, 1.000000000000000888, 4.000000000000000000 ) ) ;
#2041 = EDGE_CURVE ( 'NONE', #2456, #2369, #327, .T. ) ;
#2042 = FACE_OUTER_BOUND ( 'NONE', #1670, .T. ) ;
#2043 = PLANE ( 'NONE',  #1947 ) ;
#2044 = VERTEX_POINT ( 'NONE', #493 ) ;
#2045 = FACE_OUTER_BOUND ( 'NONE', #2231, .T. ) ;
#2046 = CARTESIAN_POINT ( 'NONE',  ( 0.000000000000000000, 70.00000000000000000, 2.999999999999999112 ) ) ;
#2047 = ORIENTED_EDGE ( 'NONE', *, *, #233, .F. ) ;
#2048 = PLANE ( 'NONE',  #341 ) ;
#2049 = ORIENTED_EDGE ( 'NONE', *, *, #1433, .F. ) ;
#2050 = FACE_OUTER_BOUND ( 'NONE', #622, .T. ) ;
#2051 = CARTESIAN_POINT ( 'NONE',  ( 49.05948681732579786, 1.000000000000000888, 4.000000000000000000 ) ) ;
#2052 = CIRCLE ( 'NONE', #11, 1.625000000000001332 ) ;
#2053 = ADVANCED_FACE ( 'NONE', ( #689 ), #1068, .F. ) ;
#2054 = CARTESIAN_POINT ( 'NONE',  ( 25.53384686475551391, 69.00000000000000000, 3.999999999999999112 ) ) ;
#2055 = VECTOR ( 'NONE', #1332, 1000.000000000000000 ) ;
#2056 = EDGE_CURVE ( 'NONE', #441, #2539, #703, .T. ) ;
#2057 = CARTESIAN_POINT ( 'NONE',  ( 0.000000000000000000, 70.00000000000000000, 3.000000000000012879 ) ) ;
#2058 = ORIENTED_EDGE ( 'NONE', *, *, #1268, .F. ) ;
#2059 = CARTESIAN_POINT ( 'NONE',  ( 20.33384686475551462, 70.00000000000000000, 2.000000000000000000 ) ) ;
#2060 = CARTESIAN_POINT ( 'NONE',  ( 45.99999999999979394, 45.99999999999980105, 26.99999999999990052 ) ) ;
#2061 = EDGE_LOOP ( 'NONE', ( #1778, #75, #366, #2431 ) ) ;
#2062 = CARTESIAN_POINT ( 'NONE',  ( 0.000000000000000000, 0.000000000000000000, 2.999999999999999112 ) ) ;
#2063 = EDGE_LOOP ( 'NONE', ( #1583, #939, #990, #1973, #1173, #2010 ) ) ;
#2064 = VECTOR ( 'NONE', #2488, 1000.000000000000000 ) ;
#2065 = CARTESIAN_POINT ( 'NONE',  ( 35.93384686475550893, 70.00000000000000000, 4.000000000000000000 ) ) ;
#2066 = CARTESIAN_POINT ( 'NONE',  ( 0.000000000000000000, 1.000000000000000888, 4.000000000000000000 ) ) ;
#2067 = VECTOR ( 'NONE', #924, 1000.000000000000000 ) ;
#2068 = CARTESIAN_POINT ( 'NONE',  ( 25.53384686475552101, 0.000000000000000000, 2.000000000000000000 ) ) ;
#2069 = ORIENTED_EDGE ( 'NONE', *, *, #1228, .T. ) ;
#2070 = LINE ( 'NONE', #2418, #322 ) ;
#2071 = LINE ( 'NONE', #279, #1599 ) ;
#2072 = ORIENTED_EDGE ( 'NONE', *, *, #2413, .F. ) ;
#2073 = CARTESIAN_POINT ( 'NONE',  ( 33.45948681732579644, 70.00000000000000000, 2.000000000000000000 ) ) ;
#2074 = EDGE_CURVE ( 'NONE', #230, #873, #1923, .T. ) ;
#2075 = DIRECTION ( 'NONE',  ( -0.000000000000000000, -0.000000000000000000, 1.000000000000000000 ) ) ;
#2076 = ORIENTED_EDGE ( 'NONE', *, *, #2458, .T. ) ;
#2077 = EDGE_CURVE ( 'NONE', #1505, #1126, #480, .T. ) ;
#2078 = CARTESIAN_POINT ( 'NONE',  ( 0.000000000000000000, 1.000000000000000888, 4.000000000000000000 ) ) ;
#2079 = DIRECTION ( 'NONE',  ( 0.000000000000000000, 0.7071067811865475727, -0.7071067811865475727 ) ) ;
#2080 = CARTESIAN_POINT ( 'NONE',  ( 56.73384686475550609, 70.00000000000000000, 2.000000000000000000 ) ) ;
#2081 = VERTEX_POINT ( 'NONE', #1878 ) ;
#2082 = DIRECTION ( 'NONE',  ( 1.000000000000000000, -0.000000000000000000, 0.000000000000000000 ) ) ;
#2083 = CIRCLE ( 'NONE', #954, 1.625000000000001332 ) ;
#2084 = LINE ( 'NONE', #2293, #637 ) ;
#2085 = ORIENTED_EDGE ( 'NONE', *, *, #2399, .T. ) ;
#2086 = ORIENTED_EDGE ( 'NONE', *, *, #1776, .T. ) ;
#2087 = LINE ( 'NONE', #1306, #2523 ) ;
#2088 = EDGE_CURVE ( 'NONE', #450, #1092, #2503, .T. ) ;
#2089 = VERTEX_POINT ( 'NONE', #132 ) ;
#2090 = CARTESIAN_POINT ( 'NONE',  ( 0.000000000000000000, 70.00000000000000000, 3.000000000000012879 ) ) ;
#2091 = PLANE ( 'NONE',  #40 ) ;
#2092 = VECTOR ( 'NONE', #2168, 1000.000000000000000 ) ;
#2093 = DIRECTION ( 'NONE',  ( -1.000000000000000000, -9.912705577010325549E-17, 0.000000000000000000 ) ) ;
#2094 = EDGE_LOOP ( 'NONE', ( #426, #625, #778, #383 ) ) ;
#2095 = DIRECTION ( 'NONE',  ( 9.912705577010325549E-17, -1.000000000000000000, 0.000000000000000000 ) ) ;
#2096 = AXIS2_PLACEMENT_3D ( 'NONE', #593, #1614, #1388 ) ;
#2097 = DIRECTION ( 'NONE',  ( -9.912705577010325549E-17, 1.000000000000000000, -0.000000000000000000 ) ) ;
#2098 = ORIENTED_EDGE ( 'NONE', *, *, #1154, .F. ) ;
#2099 = PLANE ( 'NONE',  #146 ) ;
#2100 = CARTESIAN_POINT ( 'NONE',  ( 67.12500000000000000, 4.500000000000003553, 0.000000000000000000 ) ) ;
#2101 = DIRECTION ( 'NONE',  ( -7.009341333409709641E-17, 0.7071067811865474617, 0.7071067811865474617 ) ) ;
#2102 = ORIENTED_EDGE ( 'NONE', *, *, #313, .F. ) ;
#2103 = ORIENTED_EDGE ( 'NONE', *, *, #1433, .T. ) ;
#2104 = FACE_OUTER_BOUND ( 'NONE', #271, .T. ) ;
#2105 = CARTESIAN_POINT ( 'NONE',  ( 56.73384686475550609, 69.00000000000000000, 4.000000000000000000 ) ) ;
#2106 = EDGE_CURVE ( 'NONE', #869, #1357, #886, .T. ) ;
#2107 = EDGE_CURVE ( 'NONE', #355, #1183, #1125, .T. ) ;
#2108 = PLANE ( 'NONE',  #568 ) ;
#2109 = ORIENTED_EDGE ( 'NONE', *, *, #2216, .T. ) ;
#2110 = CARTESIAN_POINT ( 'NONE',  ( 38.65948681732578507, 70.00000000000000000, 3.000000000000012879 ) ) ;
#2111 = VECTOR ( 'NONE', #184, 1000.000000000000000 ) ;
#2112 = FACE_OUTER_BOUND ( 'NONE', #1578, .T. ) ;
#2113 = ORIENTED_EDGE ( 'NONE', *, *, #2033, .T. ) ;
#2114 = CARTESIAN_POINT ( 'NONE',  ( 0.000000000000000000, 0.000000000000000000, 2.999999999999999112 ) ) ;
#2115 = LINE ( 'NONE', #2326, #1695 ) ;
#2116 = ORIENTED_EDGE ( 'NONE', *, *, #1783, .T. ) ;
#2117 = AXIS2_PLACEMENT_3D ( 'NONE', #2254, #647, #1837 ) ;
#2118 = VECTOR ( 'NONE', #1179, 1000.000000000000000 ) ;
#2119 = CARTESIAN_POINT ( 'NONE',  ( 9.933846864755519590, 70.00000000000000000, 4.000000000000000000 ) ) ;
#2120 = CARTESIAN_POINT ( 'NONE',  ( 56.73384686475551320, 1.000000000000003775, 4.000000000000002665 ) ) ;
#2121 = ORIENTED_EDGE ( 'NONE', *, *, #882, .F. ) ;
#2122 = EDGE_CURVE ( 'NONE', #1273, #1864, #2087, .T. ) ;
#2123 = LINE ( 'NONE', #1511, #1777 ) ;
#2124 = FACE_OUTER_BOUND ( 'NONE', #1069, .T. ) ;
#2125 = ORIENTED_EDGE ( 'NONE', *, *, #2248, .T. ) ;
#2126 = CARTESIAN_POINT ( 'NONE',  ( 69.00000000000000000, 0.000000000000000000, 4.000000000000000000 ) ) ;
#2127 = VECTOR ( 'NONE', #1570, 1000.000000000000000 ) ;
#2128 = CARTESIAN_POINT ( 'NONE',  ( 46.33384686475552172, 0.000000000000000000, 2.000000000000000000 ) ) ;
#2129 = VERTEX_POINT ( 'NONE', #537 ) ;
#2130 = VECTOR ( 'NONE', #648, 1000.000000000000000 ) ;
#2131 = LINE ( 'NONE', #511, #424 ) ;
#2132 = VECTOR ( 'NONE', #1934, 1000.000000000000114 ) ;
#2133 = CARTESIAN_POINT ( 'NONE',  ( 28.25948681732578294, 70.00000000000000000, 3.000000000000012879 ) ) ;
#2134 = ORIENTED_EDGE ( 'NONE', *, *, #2033, .F. ) ;
#2135 = EDGE_CURVE ( 'NONE', #400, #2201, #2464, .T. ) ;
#2136 = CARTESIAN_POINT ( 'NONE',  ( 25.53384686475551391, 70.00000000000000000, 4.000000000000000000 ) ) ;
#2137 = EDGE_CURVE ( 'NONE', #925, #221, #1110, .T. ) ;
#2138 = CARTESIAN_POINT ( 'NONE',  ( 0.000000000000000000, 69.00000000000000000, 4.000000000000000000 ) ) ;
#2139 = ORIENTED_EDGE ( 'NONE', *, *, #107, .F. ) ;
#2140 = LINE ( 'NONE', #2501, #1527 ) ;
#2141 = AXIS2_PLACEMENT_3D ( 'NONE', #208, #991, #1586 ) ;
#2142 = EDGE_CURVE ( 'NONE', #245, #515, #284, .T. ) ;
#2143 = FACE_OUTER_BOUND ( 'NONE', #564, .T. ) ;
#2144 = ORIENTED_EDGE ( 'NONE', *, *, #748, .F. ) ;
#2145 = VERTEX_POINT ( 'NONE', #2476 ) ;
#2146 = CARTESIAN_POINT ( 'NONE',  ( 63.87500000000000000, 65.50000000000000000, 4.000000000000000000 ) ) ;
#2147 = CARTESIAN_POINT ( 'NONE',  ( 30.73384686475552030, 0.000000000000000000, 2.000000000000000000 ) ) ;
#2148 = EDGE_CURVE ( 'NONE', #182, #2286, #120, .T. ) ;
#2149 = LINE ( 'NONE', #2323, #966 ) ;
#2150 = ORIENTED_EDGE ( 'NONE', *, *, #1649, .T. ) ;
#2151 = DIRECTION ( 'NONE',  ( 1.000000000000000000, -0.000000000000000000, 0.000000000000000000 ) ) ;
#2152 = VECTOR ( 'NONE', #1536, 1000.000000000000000 ) ;
#2153 = DIRECTION ( 'NONE',  ( 1.000000000000000000, 0.000000000000000000, 0.000000000000000000 ) ) ;
#2154 = ORIENTED_EDGE ( 'NONE', *, *, #857, .F. ) ;
#2155 = EDGE_CURVE ( 'NONE', #2089, #767, #1490, .T. ) ;
#2156 = LINE ( 'NONE', #1963, #1142 ) ;
#2157 = VECTOR ( 'NONE', #2566, 1000.000000000000000 ) ;
#2158 = DIRECTION ( 'NONE',  ( -1.000000000000000000, 0.000000000000000000, 0.000000000000000000 ) ) ;
#2159 = FACE_OUTER_BOUND ( 'NONE', #2257, .T. ) ;
#2160 = EDGE_LOOP ( 'NONE', ( #1989, #2449, #582, #518 ) ) ;
#2161 = LINE ( 'NONE', #372, #73 ) ;
#2162 = FACE_OUTER_BOUND ( 'NONE', #453, .T. ) ;
#2163 = ORIENTED_EDGE ( 'NONE', *, *, #1180, .T. ) ;
#2164 = ORIENTED_EDGE ( 'NONE', *, *, #2230, .F. ) ;
#2165 = EDGE_CURVE ( 'NONE', #2456, #1728, #520, .T. ) ;
#2166 = VECTOR ( 'NONE', #1493, 1000.000000000000000 ) ;
#2167 = EDGE_CURVE ( 'NONE', #1560, #2022, #1700, .T. ) ;
#2168 = DIRECTION ( 'NONE',  ( -0.000000000000000000, -0.000000000000000000, 1.000000000000000000 ) ) ;
#2169 = CARTESIAN_POINT ( 'NONE',  ( 23.05948681732578720, 70.00000000000000000, 4.000000000000000000 ) ) ;
#2170 = CARTESIAN_POINT ( 'NONE',  ( 56.73384686475550609, 70.00000000000000000, 2.000000000000000000 ) ) ;
#2171 = EDGE_LOOP ( 'NONE', ( #1707, #677, #921, #499, #1792, #1212, #2266, #2134, #612, #1309, #1915, #2513, #1488, #1055, #1029, #319, #105, #509, #1195, #2319, #141, #817, #361, #2518, #430, #1104, #1741, #371, #1474, #2109, #1585, #2386, #662, #1654, #247, #1529, #1392, #1712, #2188, #1960, #2409, #2341, #312, #71 ) ) ;
#2172 = DIRECTION ( 'NONE',  ( 9.912705577010325549E-17, -1.000000000000000000, 0.000000000000000000 ) ) ;
#2173 = CARTESIAN_POINT ( 'NONE',  ( 0.000000000000000000, 1.000000000000000888, 4.000000000000000000 ) ) ;
#2174 = EDGE_LOOP ( 'NONE', ( #234, #2560, #741, #2404, #1723, #1982 ) ) ;
#2175 = ORIENTED_EDGE ( 'NONE', *, *, #1765, .F. ) ;
#2176 = AXIS2_PLACEMENT_3D ( 'NONE', #1512, #710, #464 ) ;
#2177 = EDGE_LOOP ( 'NONE', ( #2116, #1685, #1456, #2435 ) ) ;
#2178 = DIRECTION ( 'NONE',  ( -1.000000000000000000, 0.000000000000000000, 0.000000000000000000 ) ) ;
#2179 = CARTESIAN_POINT ( 'NONE',  ( 56.73384686475551320, 1.000000000000000888, 4.000000000000000000 ) ) ;
#2180 = EDGE_CURVE ( 'NONE', #774, #2218, #2115, .T. ) ;
#2181 = EDGE_CURVE ( 'NONE', #1273, #879, #1672, .T. ) ;
#2182 = CARTESIAN_POINT ( 'NONE',  ( 43.85948681732578791, 70.00000000000000000, 2.000000000000000000 ) ) ;
#2183 = ORIENTED_EDGE ( 'NONE', *, *, #1673, .T. ) ;
#2184 =( LENGTH_UNIT ( ) NAMED_UNIT ( * ) SI_UNIT ( .MILLI., .METRE. ) );
#2185 = AXIS2_PLACEMENT_3D ( 'NONE', #1568, #1209, #1995 ) ;
#2186 = ADVANCED_FACE ( 'NONE', ( #1280 ), #1369, .F. ) ;
#2187 = CARTESIAN_POINT ( 'NONE',  ( 17.85948681732579502, 1.000000000000000888, 4.000000000000000000 ) ) ;
#2188 = ORIENTED_EDGE ( 'NONE', *, *, #949, .T. ) ;
#2189 = ORIENTED_EDGE ( 'NONE', *, *, #1565, .F. ) ;
#2190 = VECTOR ( 'NONE', #1558, 1000.000000000000000 ) ;
#2191 = EDGE_LOOP ( 'NONE', ( #2465, #884, #2139, #2349 ) ) ;
#2192 = LINE ( 'NONE', #2146, #927 ) ;
#2193 = DIRECTION ( 'NONE',  ( -1.000000000000000000, 0.000000000000000000, 0.000000000000000000 ) ) ;
#2194 = LINE ( 'NONE', #405, #1128 ) ;
#2195 = EDGE_CURVE ( 'NONE', #181, #606, #1172, .T. ) ;
#2196 = DIRECTION ( 'NONE',  ( -0.000000000000000000, -0.000000000000000000, 1.000000000000000000 ) ) ;
#2197 = ORIENTED_EDGE ( 'NONE', *, *, #1810, .T. ) ;
#2198 = SURFACE_STYLE_USAGE ( .BOTH. , #2553 ) ;
#2199 = UNCERTAINTY_MEASURE_WITH_UNIT (LENGTH_MEASURE( 1.000000000000000082E-05 ), #566, 'distance_accuracy_value', 'NONE');
#2200 = DIRECTION ( 'NONE',  ( 9.912705577010325549E-17, -1.000000000000000000, 0.000000000000000000 ) ) ;
#2201 = VERTEX_POINT ( 'NONE', #1937 ) ;
#2202 = VERTEX_POINT ( 'NONE', #354 ) ;
#2203 = VERTEX_POINT ( 'NONE', #386 ) ;
#2204 = DIRECTION ( 'NONE',  ( -1.000000000000000000, 0.000000000000000000, 0.000000000000000000 ) ) ;
#2205 = AXIS2_PLACEMENT_3D ( 'NONE', #1601, #1258, #2402 ) ;
#2206 = DIRECTION ( 'NONE',  ( 0.000000000000000000, 1.000000000000000000, 0.000000000000000000 ) ) ;
#2207 = CARTESIAN_POINT ( 'NONE',  ( 33.45948681732579644, 1.000000000000002665, 4.000000000000001776 ) ) ;
#2208 = LINE ( 'NONE', #1823, #1476 ) ;
#2209 = EDGE_LOOP ( 'NONE', ( #1633, #2568 ) ) ;
#2210 = AXIS2_PLACEMENT_3D ( 'NONE', #1842, #2039, #53 ) ;
#2211 = CARTESIAN_POINT ( 'NONE',  ( 54.25948681732579360, 0.000000000000000000, 2.999999999999999112 ) ) ;
#2212 = EDGE_CURVE ( 'NONE', #167, #79, #1390, .T. ) ;
#2213 = CARTESIAN_POINT ( 'NONE',  ( 0.000000000000000000, 1.000000000000000888, 4.000000000000000000 ) ) ;
#2214 = ORIENTED_EDGE ( 'NONE', *, *, #665, .F. ) ;
#2215 = EDGE_LOOP ( 'NONE', ( #323, #768, #257, #162 ) ) ;
#2216 = EDGE_CURVE ( 'NONE', #1716, #1851, #562, .T. ) ;
#2217 = CIRCLE ( 'NONE', #1970, 1.625000000000001332 ) ;
#2218 = VERTEX_POINT ( 'NONE', #2538 ) ;
#2219 = DIRECTION ( 'NONE',  ( -1.000000000000000000, 0.000000000000000000, -0.000000000000000000 ) ) ;
#2220 = VECTOR ( 'NONE', #1249, 1000.000000000000000 ) ;
#2221 = DIRECTION ( 'NONE',  ( 0.000000000000000000, 1.000000000000000000, 0.000000000000000000 ) ) ;
#2222 = PLANE ( 'NONE',  #1546 ) ;
#2223 = CARTESIAN_POINT ( 'NONE',  ( 0.000000000000000000, 0.000000000000000000, 0.000000000000000000 ) ) ;
#2224 = VERTEX_POINT ( 'NONE', #2527 ) ;
#2225 = LINE ( 'NONE', #2032, #444 ) ;
#2226 = EDGE_CURVE ( 'NONE', #2228, #2203, #986, .T. ) ;
#2227 = LINE ( 'NONE', #2009, #1343 ) ;
#2228 = VERTEX_POINT ( 'NONE', #191 ) ;
#2229 = CARTESIAN_POINT ( 'NONE',  ( 0.000000000000000000, 69.00000000000000000, 4.000000000000000000 ) ) ;
#2230 = EDGE_CURVE ( 'NONE', #2417, #1956, #164, .T. ) ;
#2231 = EDGE_LOOP ( 'NONE', ( #1715, #799, #1813, #2487 ) ) ;
#2232 = DIRECTION ( 'NONE',  ( -1.000000000000000000, 0.000000000000000000, -0.000000000000000000 ) ) ;
#2233 = VECTOR ( 'NONE', #530, 1000.000000000000000 ) ;
#2234 = CARTESIAN_POINT ( 'NONE',  ( 51.53384686475551746, 0.000000000000000000, 2.000000000000000000 ) ) ;
#2235 = EDGE_CURVE ( 'NONE', #441, #1803, #753, .T. ) ;
#2236 = FACE_OUTER_BOUND ( 'NONE', #2521, .T. ) ;
#2237 = DIRECTION ( 'NONE',  ( -1.000000000000000000, 0.000000000000000000, 0.000000000000000000 ) ) ;
#2238 = ORIENTED_EDGE ( 'NONE', *, *, #2088, .T. ) ;
#2239 = DIRECTION ( 'NONE',  ( 0.5773502691896285066, -0.5773502691896285066, -0.5773502691896204020 ) ) ;
#2240 = VECTOR ( 'NONE', #1861, 1000.000000000000000 ) ;
#2241 = VECTOR ( 'NONE', #1019, 1000.000000000000114 ) ;
#2242 = PLANE ( 'NONE',  #3 ) ;
#2243 = EDGE_LOOP ( 'NONE', ( #2270, #1265 ) ) ;
#2244 = DIRECTION ( 'NONE',  ( -0.000000000000000000, -0.000000000000000000, 1.000000000000000000 ) ) ;
#2245 = ADVANCED_FACE ( 'NONE', ( #2162 ), #1359, .F. ) ;
#2246 = ORIENTED_EDGE ( 'NONE', *, *, #1047, .T. ) ;
#2247 = CARTESIAN_POINT ( 'NONE',  ( 35.93384686475552314, 0.000000000000000000, 2.999999999999999112 ) ) ;
#2248 = EDGE_CURVE ( 'NONE', #401, #931, #739, .T. ) ;
#2249 = CARTESIAN_POINT ( 'NONE',  ( 35.93384686475552314, 1.000000000000000888, 4.000000000000000000 ) ) ;
#2250 = CIRCLE ( 'NONE', #745, 1.625000000000001332 ) ;
#2251 = CARTESIAN_POINT ( 'NONE',  ( 17.85948681732579502, 0.000000000000000000, 2.000000000000000000 ) ) ;
#2252 = FACE_OUTER_BOUND ( 'NONE', #589, .T. ) ;
#2253 = ORIENTED_EDGE ( 'NONE', *, *, #1294, .F. ) ;
#2254 = CARTESIAN_POINT ( 'NONE',  ( 0.000000000000000000, 0.000000000000000000, 4.000000000000000000 ) ) ;
#2255 = VECTOR ( 'NONE', #35, 1000.000000000000000 ) ;
#2256 = DIRECTION ( 'NONE',  ( 1.000000000000000000, 0.000000000000000000, 0.000000000000000000 ) ) ;
#2257 = EDGE_LOOP ( 'NONE', ( #666, #1972, #2384, #1026 ) ) ;
#2258 = ORIENTED_EDGE ( 'NONE', *, *, #63, .T. ) ;
#2259 = VECTOR ( 'NONE', #1266, 1000.000000000000000 ) ;
#2260 = ORIENTED_EDGE ( 'NONE', *, *, #1896, .F. ) ;
#2261 = CARTESIAN_POINT ( 'NONE',  ( 0.000000000000000000, 0.000000000000000000, 2.999999999999999112 ) ) ;
#2262 = VECTOR ( 'NONE', #758, 1000.000000000000000 ) ;
#2263 = PLANE ( 'NONE',  #624 ) ;
#2264 = CIRCLE ( 'NONE', #1267, 1.625000000000001332 ) ;
#2265 = CARTESIAN_POINT ( 'NONE',  ( 12.65948681732579573, 69.00000000000000000, 4.000000000000000000 ) ) ;
#2266 = ORIENTED_EDGE ( 'NONE', *, *, #1047, .F. ) ;
#2267 = ADVANCED_FACE ( 'NONE', ( #960 ), #788, .F. ) ;
#2268 = LINE ( 'NONE', #2280, #1445 ) ;
#2269 = CARTESIAN_POINT ( 'NONE',  ( 9.933846864755519590, 70.00000000000000000, 2.000000000000000000 ) ) ;
#2270 = ORIENTED_EDGE ( 'NONE', *, *, #953, .T. ) ;
#2271 = DIRECTION ( 'NONE',  ( 0.000000000000000000, 0.000000000000000000, -1.000000000000000000 ) ) ;
#2272 = EDGE_CURVE ( 'NONE', #106, #401, #1591, .T. ) ;
#2273 = DIRECTION ( 'NONE',  ( 1.000000000000000000, 0.000000000000000000, 0.000000000000000000 ) ) ;
#2274 = ORIENTED_EDGE ( 'NONE', *, *, #15, .T. ) ;
#2275 = CARTESIAN_POINT ( 'NONE',  ( 12.65948681732579573, 0.000000000000000000, 2.999999999999999112 ) ) ;
#2276 = CARTESIAN_POINT ( 'NONE',  ( 0.000000000000000000, 70.00000000000000000, 3.000000000000012879 ) ) ;
#2277 = AXIS2_PLACEMENT_3D ( 'NONE', #486, #1870, #1259 ) ;
#2278 = DIRECTION ( 'NONE',  ( 1.000000000000000000, 0.000000000000000000, 0.000000000000000000 ) ) ;
#2279 = ORIENTED_EDGE ( 'NONE', *, *, #2142, .F. ) ;
#2280 = CARTESIAN_POINT ( 'NONE',  ( 56.73384686475550609, 70.00000000000000000, 2.000000000000000000 ) ) ;
#2281 = EDGE_CURVE ( 'NONE', #575, #98, #288, .T. ) ;
#2282 = LINE ( 'NONE', #74, #512 ) ;
#2283 = ORIENTED_EDGE ( 'NONE', *, *, #1679, .T. ) ;
#2284 = LINE ( 'NONE', #1644, #1465 ) ;
#2285 = DIRECTION ( 'NONE',  ( -1.000000000000000000, 0.000000000000000000, 0.000000000000000000 ) ) ;
#2286 = VERTEX_POINT ( 'NONE', #766 ) ;
#2287 = FACE_OUTER_BOUND ( 'NONE', #908, .T. ) ;
#2288 = DIRECTION ( 'NONE',  ( -1.000000000000000000, 0.000000000000000000, -0.000000000000000000 ) ) ;
#2289 = LINE ( 'NONE', #2080, #25 ) ;
#2290 = ORIENTED_EDGE ( 'NONE', *, *, #1310, .T. ) ;
#2291 = PLANE ( 'NONE',  #190 ) ;
#2292 = VECTOR ( 'NONE', #1913, 1000.000000000000000 ) ;
#2293 = CARTESIAN_POINT ( 'NONE',  ( 0.000000000000000000, 1.000000000000000888, 4.000000000000000000 ) ) ;
#2294 = VERTEX_POINT ( 'NONE', #937 ) ;
#2295 = FACE_OUTER_BOUND ( 'NONE', #205, .T. ) ;
#2296 = DIRECTION ( 'NONE',  ( -1.000000000000000000, 0.000000000000000000, 0.000000000000000000 ) ) ;
#2297 = DIRECTION ( 'NONE',  ( -0.000000000000000000, -0.000000000000000000, 1.000000000000000000 ) ) ;
#2298 = ORIENTED_EDGE ( 'NONE', *, *, #832, .F. ) ;
#2299 = EDGE_CURVE ( 'NONE', #2359, #230, #154, .T. ) ;
#2300 = EDGE_CURVE ( 'NONE', #285, #1470, #1971, .T. ) ;
#2301 = DIRECTION ( 'NONE',  ( -0.000000000000000000, -0.7071067811865425767, -0.7071067811865524577 ) ) ;
#2302 = LINE ( 'NONE', #316, #2292 ) ;
#2303 = VECTOR ( 'NONE', #134, 1000.000000000000000 ) ;
#2304 = FACE_OUTER_BOUND ( 'NONE', #2174, .T. ) ;
#2305 = VERTEX_POINT ( 'NONE', #2362 ) ;
#2306 = CARTESIAN_POINT ( 'NONE',  ( 51.53384686475551746, 0.000000000000000000, 2.000000000000000000 ) ) ;
#2307 = VECTOR ( 'NONE', #100, 1000.000000000000000 ) ;
#2308 = LINE ( 'NONE', #2473, #801 ) ;
#2309 = VERTEX_POINT ( 'NONE', #950 ) ;
#2310 = CARTESIAN_POINT ( 'NONE',  ( 70.00000000000000000, 70.00000000000000000, 0.000000000000000000 ) ) ;
#2311 = CARTESIAN_POINT ( 'NONE',  ( 0.000000000000000000, 1.000000000000000888, 4.000000000000000000 ) ) ;
#2312 = ORIENTED_EDGE ( 'NONE', *, *, #429, .F. ) ;
#2313 = ORIENTED_EDGE ( 'NONE', *, *, #1550, .F. ) ;
#2314 = EDGE_CURVE ( 'NONE', #1183, #550, #375, .T. ) ;
#2315 = CARTESIAN_POINT ( 'NONE',  ( 46.33384686475551462, 69.00000000000000000, 4.000000000000000000 ) ) ;
#2316 = DIRECTION ( 'NONE',  ( 1.000000000000000000, 0.000000000000000000, 0.000000000000000000 ) ) ;
#2317 = AXIS2_PLACEMENT_3D ( 'NONE', #560, #725, #1109 ) ;
#2318 = DIRECTION ( 'NONE',  ( 0.000000000000000000, 0.000000000000000000, -1.000000000000000000 ) ) ;
#2319 = ORIENTED_EDGE ( 'NONE', *, *, #1819, .F. ) ;
#2320 = DIRECTION ( 'NONE',  ( 1.000000000000000000, 9.912705577010325549E-17, 0.000000000000000000 ) ) ;
#2321 = VECTOR ( 'NONE', #2491, 1000.000000000000114 ) ;
#2322 = VECTOR ( 'NONE', #709, 1000.000000000000000 ) ;
#2323 = CARTESIAN_POINT ( 'NONE',  ( 49.05948681732579075, 70.00000000000000000, 4.000000000000000000 ) ) ;
#2324 = VERTEX_POINT ( 'NONE', #2556 ) ;
#2325 = DIRECTION ( 'NONE',  ( 1.000000000000000000, 0.000000000000000000, 0.000000000000000000 ) ) ;
#2326 = CARTESIAN_POINT ( 'NONE',  ( 1.000000000000000888, 0.000000000000000000, 4.000000000000000000 ) ) ;
#2327 = EDGE_LOOP ( 'NONE', ( #1378, #468, #1791, #1758 ) ) ;
#2328 = ORIENTED_EDGE ( 'NONE', *, *, #938, .T. ) ;
#2329 = ADVANCED_FACE ( 'NONE', ( #549, #1349, #2143 ), #2222, .F. ) ;
#2330 = LINE ( 'NONE', #1114, #2303 ) ;
#2331 = ADVANCED_FACE ( 'NONE', ( #1046 ), #433, .F. ) ;
#2332 = LINE ( 'NONE', #2128, #272 ) ;
#2333 = VERTEX_POINT ( 'NONE', #2004 ) ;
#2334 = PLANE ( 'NONE',  #651 ) ;
#2335 = CARTESIAN_POINT ( 'NONE',  ( 59.45948681732578223, 70.00000000000000000, 2.000000000000000000 ) ) ;
#2336 = ORIENTED_EDGE ( 'NONE', *, *, #1038, .F. ) ;
#2337 = CARTESIAN_POINT ( 'NONE',  ( 43.85948681732578791, 69.00000000000000000, 4.000000000000000000 ) ) ;
#2338 = VECTOR ( 'NONE', #1140, 1000.000000000000000 ) ;
#2339 = CARTESIAN_POINT ( 'NONE',  ( 46.33384686475552172, 0.000000000000000000, 2.000000000000000000 ) ) ;
#2340 = ORIENTED_EDGE ( 'NONE', *, *, #44, .F. ) ;
#2341 = ORIENTED_EDGE ( 'NONE', *, *, #1467, .T. ) ;
#2342 = AXIS2_PLACEMENT_3D ( 'NONE', #661, #9, #802 ) ;
#2343 = EDGE_CURVE ( 'NONE', #2309, #38, #250, .T. ) ;
#2344 = LINE ( 'NONE', #368, #135 ) ;
#2345 = CLOSED_SHELL ( 'NONE', ( #1165, #178, #2419, #638, #1645, #1836, #367, #236, #1584, #471, #42, #147, #1936, #2329, #1788, #1374, #819, #78, #1569, #1181, #2186, #1978, #13, #365, #2331, #1594, #772, #2374, #1626, #2437, #374, #1889, #1327, #639, #1275, #1164, #1917, #1215, #2388, #1372, #1398, #1193, #1070, #2433, #1573, #492, #445, #1849, #173, #1881, #2267, #1494, #2012, #26, #315, #1409, #588, #557, #126, #300, #2532, #171, #2245, #2517, #2053, #1946, #579, #2558, #967, #505, #956, #1033, #169, #202, #1232, #561, #984, #2360 ) ) ;
#2346 = CARTESIAN_POINT ( 'NONE',  ( 23.05948681732578720, 70.00000000000000000, 2.000000000000000000 ) ) ;
#2347 = EDGE_CURVE ( 'NONE', #2451, #2089, #2016, .T. ) ;
#2348 = PLANE ( 'NONE',  #1178 ) ;
#2349 = ORIENTED_EDGE ( 'NONE', *, *, #1106, .F. ) ;
#2350 = PLANE ( 'NONE',  #1882 ) ;
#2351 = VECTOR ( 'NONE', #421, 1000.000000000000000 ) ;
#2352 = DIRECTION ( 'NONE',  ( 9.912705577010325549E-17, -1.000000000000000000, 0.000000000000000000 ) ) ;
#2353 = ORIENTED_EDGE ( 'NONE', *, *, #1661, .T. ) ;
#2354 = EDGE_CURVE ( 'NONE', #2201, #1226, #1844, .T. ) ;
#2355 = CARTESIAN_POINT ( 'NONE',  ( 23.05948681732578720, 69.00000000000000000, 3.999999999999999112 ) ) ;
#2356 = CARTESIAN_POINT ( 'NONE',  ( 25.53384686475552101, 0.000000000000000000, 2.000000000000000000 ) ) ;
#2357 = EDGE_CURVE ( 'NONE', #2534, #866, #2250, .T. ) ;
#2358 = FACE_OUTER_BOUND ( 'NONE', #1419, .T. ) ;
#2359 = VERTEX_POINT ( 'NONE', #2390 ) ;
#2360 = ADVANCED_FACE ( 'NONE', ( #1796 ), #56, .F. ) ;
#2361 = VECTOR ( 'NONE', #2516, 1000.000000000000114 ) ;
#2362 = CARTESIAN_POINT ( 'NONE',  ( 0.000000000000000000, 70.00000000000000000, 0.000000000000000000 ) ) ;
#2363 = ORIENTED_EDGE ( 'NONE', *, *, #2023, .F. ) ;
#2364 = ORIENTED_EDGE ( 'NONE', *, *, #293, .T. ) ;
#2365 = DIRECTION ( 'NONE',  ( 1.000000000000000000, 0.000000000000000000, 0.000000000000000000 ) ) ;
#2366 = VECTOR ( 'NONE', #418, 1000.000000000000000 ) ;
#2367 = CARTESIAN_POINT ( 'NONE',  ( 15.13384686475551355, 69.00000000000000000, 3.999999999999999112 ) ) ;
#2368 = DIRECTION ( 'NONE',  ( 0.000000000000000000, 0.000000000000000000, -1.000000000000000000 ) ) ;
#2369 = VERTEX_POINT ( 'NONE', #1651 ) ;
#2370 = DIRECTION ( 'NONE',  ( 7.009341333409709641E-17, -0.7071067811865474617, -0.7071067811865474617 ) ) ;
#2371 = CARTESIAN_POINT ( 'NONE',  ( 4.499999999999988454, 4.500000000000007105, 4.000000000000000000 ) ) ;
#2372 = ORIENTED_EDGE ( 'NONE', *, *, #1067, .F. ) ;
#2373 = ORIENTED_EDGE ( 'NONE', *, *, #1565, .T. ) ;
#2374 = ADVANCED_FACE ( 'NONE', ( #2042 ), #796, .F. ) ;
#2375 = EDGE_LOOP ( 'NONE', ( #2246, #521, #1817, #1200, #1951, #23 ) ) ;
#2376 = PLANE ( 'NONE',  #1353 ) ;
#2377 = EDGE_CURVE ( 'NONE', #750, #2333, #1613, .T. ) ;
#2378 = CARTESIAN_POINT ( 'NONE',  ( 46.33384686475551462, 70.00000000000000000, 3.000000000000012879 ) ) ;
#2379 = DIRECTION ( 'NONE',  ( 1.401868266681951789E-16, -0.7071067811865524577, 0.7071067811865426878 ) ) ;
#2380 = ORIENTED_EDGE ( 'NONE', *, *, #936, .F. ) ;
#2381 = DIRECTION ( 'NONE',  ( -1.000000000000000000, -0.000000000000000000, -0.000000000000000000 ) ) ;
#2382 = ORIENTED_EDGE ( 'NONE', *, *, #443, .F. ) ;
#2383 = VECTOR ( 'NONE', #168, 1000.000000000000114 ) ;
#2384 = ORIENTED_EDGE ( 'NONE', *, *, #2180, .T. ) ;
#2385 = VECTOR ( 'NONE', #618, 1000.000000000000000 ) ;
#2386 = ORIENTED_EDGE ( 'NONE', *, *, #200, .F. ) ;
#2387 = DIRECTION ( 'NONE',  ( -1.486905836551548832E-16, 1.000000000000000000, 0.000000000000000000 ) ) ;
#2388 = ADVANCED_FACE ( 'NONE', ( #847 ), #1832, .F. ) ;
#2389 = PLANE ( 'NONE',  #317 ) ;
#2390 = CARTESIAN_POINT ( 'NONE',  ( 54.25948681732579360, 0.000000000000000000, 2.000000000000000000 ) ) ;
#2391 = FACE_OUTER_BOUND ( 'NONE', #1720, .T. ) ;
#2392 = ORIENTED_EDGE ( 'NONE', *, *, #1979, .F. ) ;
#2393 = CARTESIAN_POINT ( 'NONE',  ( 0.000000000000000000, 0.000000000000000000, 2.000000000000000000 ) ) ;
#2394 = EDGE_LOOP ( 'NONE', ( #259, #1330, #2547, #407, #12, #2197 ) ) ;
#2395 = ORIENTED_EDGE ( 'NONE', *, *, #267, .T. ) ;
#2396 = VECTOR ( 'NONE', #1292, 1000.000000000000000 ) ;
#2397 = EDGE_LOOP ( 'NONE', ( #2189, #1521, #1003, #1112 ) ) ;
#2398 = CARTESIAN_POINT ( 'NONE',  ( 70.00000000000000000, 0.000000000000000000, 3.000000000000012879 ) ) ;
#2399 = EDGE_CURVE ( 'NONE', #167, #1851, #644, .T. ) ;
#2400 = EDGE_CURVE ( 'NONE', #2081, #355, #2194, .T. ) ;
#2401 = FACE_OUTER_BOUND ( 'NONE', #2024, .T. ) ;
#2402 = DIRECTION ( 'NONE',  ( -9.912705577010325549E-17, 1.000000000000000000, 0.000000000000000000 ) ) ;
#2403 = CARTESIAN_POINT ( 'NONE',  ( 15.13384686475551355, 70.00000000000000000, 2.000000000000000000 ) ) ;
#2404 = ORIENTED_EDGE ( 'NONE', *, *, #63, .F. ) ;
#2405 = EDGE_CURVE ( 'NONE', #2044, #750, #616, .T. ) ;
#2406 = CARTESIAN_POINT ( 'NONE',  ( 0.000000000000000000, 69.00000000000000000, 4.000000000000000000 ) ) ;
#2407 = PLANE ( 'NONE',  #1799 ) ;
#2408 = VERTEX_POINT ( 'NONE', #834 ) ;
#2409 = ORIENTED_EDGE ( 'NONE', *, *, #2226, .F. ) ;
#2410 = EDGE_LOOP ( 'NONE', ( #1537, #1571 ) ) ;
#2411 = DIRECTION ( 'NONE',  ( -1.000000000000000000, 0.000000000000000000, 0.000000000000000000 ) ) ;
#2412 = VECTOR ( 'NONE', #43, 1000.000000000000000 ) ;
#2413 = EDGE_CURVE ( 'NONE', #422, #855, #1637, .T. ) ;
#2414 = CARTESIAN_POINT ( 'NONE',  ( 24.00000000000000355, 46.00000000000000711, 27.00000000000000355 ) ) ;
#2415 = PLANE ( 'NONE',  #1291 ) ;
#2416 = LINE ( 'NONE', #395, #302 ) ;
#2417 = VERTEX_POINT ( 'NONE', #1811 ) ;
#2418 = CARTESIAN_POINT ( 'NONE',  ( 51.53384686475551746, 1.000000000000003553, 4.000000000000002665 ) ) ;
#2419 = ADVANCED_FACE ( 'NONE', ( #2236 ), #1822, .F. ) ;
#2420 = PLANE ( 'NONE',  #2427 ) ;
#2421 = ORIENTED_EDGE ( 'NONE', *, *, #2041, .T. ) ;
#2422 = DIRECTION ( 'NONE',  ( -0.000000000000000000, 0.000000000000000000, 1.000000000000000000 ) ) ;
#2423 = VECTOR ( 'NONE', #273, 1000.000000000000000 ) ;
#2424 = VERTEX_POINT ( 'NONE', #821 ) ;
#2425 = PRODUCT_DEFINITION ( 'General', '', #1449, #1454 ) ;
#2426 = CARTESIAN_POINT ( 'NONE',  ( 15.13384686475552066, 1.000000000000000888, 4.000000000000000000 ) ) ;
#2427 = AXIS2_PLACEMENT_3D ( 'NONE', #1850, #840, #1642 ) ;
#2428 = CARTESIAN_POINT ( 'NONE',  ( 54.25948681732578649, 70.00000000000000000, 4.000000000000000000 ) ) ;
#2429 = DIRECTION ( 'NONE',  ( 1.000000000000000000, 0.000000000000000000, 0.000000000000000000 ) ) ;
#2430 = LINE ( 'NONE', #2403, #428 ) ;
#2431 = ORIENTED_EDGE ( 'NONE', *, *, #1242, .T. ) ;
#2432 = DIRECTION ( 'NONE',  ( 7.009341333409709641E-17, -0.7071067811865474617, -0.7071067811865474617 ) ) ;
#2433 = ADVANCED_FACE ( 'NONE', ( #1624 ), #2415, .F. ) ;
#2434 = FACE_BOUND ( 'NONE', #2243, .T. ) ;
#2435 = ORIENTED_EDGE ( 'NONE', *, *, #2212, .T. ) ;
#2436 = ORIENTED_EDGE ( 'NONE', *, *, #1765, .T. ) ;
#2437 = ADVANCED_FACE ( 'NONE', ( #525 ), #2263, .F. ) ;
#2438 = EDGE_LOOP ( 'NONE', ( #2072, #551, #2312, #1323 ) ) ;
#2439 = AXIS2_PLACEMENT_3D ( 'NONE', #275, #2093, #707 ) ;
#2440 = CARTESIAN_POINT ( 'NONE',  ( 0.000000000000000000, 0.000000000000000000, 2.999999999999999112 ) ) ;
#2441 = VECTOR ( 'NONE', #198, 1000.000000000000000 ) ;
#2442 = DIRECTION ( 'NONE',  ( 0.000000000000000000, 0.000000000000000000, 1.000000000000000000 ) ) ;
#2443 = CARTESIAN_POINT ( 'NONE',  ( 0.000000000000000000, 1.000000000000000888, 4.000000000000000000 ) ) ;
#2444 = UNCERTAINTY_MEASURE_WITH_UNIT (LENGTH_MEASURE( 1.000000000000000082E-05 ), #2184, 'distance_accuracy_value', 'NONE');
#2445 = DIRECTION ( 'NONE',  ( 1.000000000000000000, 0.000000000000000000, 0.000000000000000000 ) ) ;
#2446 = ORIENTED_EDGE ( 'NONE', *, *, #1344, .T. ) ;
#2447 = DIRECTION ( 'NONE',  ( 1.000000000000000000, 0.000000000000000000, 0.000000000000000000 ) ) ;
#2448 = LINE ( 'NONE', #1025, #2255 ) ;
#2449 = ORIENTED_EDGE ( 'NONE', *, *, #2357, .T. ) ;
#2450 = LINE ( 'NONE', #885, #2463 ) ;
#2451 = VERTEX_POINT ( 'NONE', #890 ) ;
#2452 = EDGE_CURVE ( 'NONE', #606, #649, #1296, .T. ) ;
#2453 = DIRECTION ( 'NONE',  ( -1.000000000000000000, 0.000000000000000000, -0.000000000000000000 ) ) ;
#2454 = DIRECTION ( 'NONE',  ( -0.000000000000000000, -0.7071067811865425767, -0.7071067811865524577 ) ) ;
#2455 = PLANE ( 'NONE',  #359 ) ;
#2456 = VERTEX_POINT ( 'NONE', #863 ) ;
#2457 = LINE ( 'NONE', #867, #1660 ) ;
#2458 = EDGE_CURVE ( 'NONE', #1608, #1222, #2083, .T. ) ;
#2459 = VECTOR ( 'NONE', #610, 1000.000000000000114 ) ;
#2460 = CARTESIAN_POINT ( 'NONE',  ( 15.13384686475551355, 70.00000000000000000, 3.000000000000012879 ) ) ;
#2461 = ORIENTED_EDGE ( 'NONE', *, *, #874, .F. ) ;
#2462 = DIRECTION ( 'NONE',  ( -0.000000000000000000, -0.000000000000000000, -1.000000000000000000 ) ) ;
#2463 = VECTOR ( 'NONE', #2037, 1000.000000000000000 ) ;
#2464 = LINE ( 'NONE', #1726, #523 ) ;
#2465 = ORIENTED_EDGE ( 'NONE', *, *, #1018, .T. ) ;
#2466 = CARTESIAN_POINT ( 'NONE',  ( 23.05948681732579431, 70.00000000000000000, 2.000000000000000000 ) ) ;
#2467 = VECTOR ( 'NONE', #1807, 1000.000000000000000 ) ;
#2468 = EDGE_CURVE ( 'NONE', #724, #1909, #1857, .T. ) ;
#2469 = CARTESIAN_POINT ( 'NONE',  ( 12.65948681732579573, 70.00000000000000000, 4.000000000000000000 ) ) ;
#2470 = DIRECTION ( 'NONE',  ( -1.401868266681951789E-16, 0.7071067811865524577, -0.7071067811865426878 ) ) ;
#2471 = VERTEX_POINT ( 'NONE', #1084 ) ;
#2472 = CARTESIAN_POINT ( 'NONE',  ( 30.73384686475551320, 70.00000000000000000, 2.000000000000000000 ) ) ;
#2473 = CARTESIAN_POINT ( 'NONE',  ( 56.73384686475550609, 70.00000000000000000, 4.000000000000000000 ) ) ;
#2474 = VERTEX_POINT ( 'NONE', #2105 ) ;
#2475 = EDGE_LOOP ( 'NONE', ( #574, #2258, #2113, #1255 ) ) ;
#2476 = CARTESIAN_POINT ( 'NONE',  ( 6.124999999999990230, 4.500000000000007105, 0.000000000000000000 ) ) ;
#2477 = ORIENTED_EDGE ( 'NONE', *, *, #459, .F. ) ;
#2478 = LINE ( 'NONE', #1282, #1885 ) ;
#2479 = DIRECTION ( 'NONE',  ( -1.000000000000000000, 0.000000000000000000, 0.000000000000000000 ) ) ;
#2480 = VECTOR ( 'NONE', #2278, 1000.000000000000000 ) ;
#2481 = EDGE_CURVE ( 'NONE', #2294, #649, #1481, .T. ) ;
#2482 = DIRECTION ( 'NONE',  ( -1.982541115402065110E-16, 1.000000000000000000, 0.000000000000000000 ) ) ;
#2483 = EDGE_LOOP ( 'NONE', ( #487, #1859, #1405, #599, #542, #1662 ) ) ;
#2484 = CARTESIAN_POINT ( 'NONE',  ( 51.53384686475551035, 69.00000000000000000, 4.000000000000000000 ) ) ;
#2485 = EDGE_CURVE ( 'NONE', #575, #83, #2302, .T. ) ;
#2486 = CARTESIAN_POINT ( 'NONE',  ( 0.000000000000000000, 0.000000000000000000, 2.999999999999999112 ) ) ;
#2487 = ORIENTED_EDGE ( 'NONE', *, *, #1015, .F. ) ;
#2488 = DIRECTION ( 'NONE',  ( -1.000000000000000000, 0.000000000000000000, 0.000000000000000000 ) ) ;
#2489 = CARTESIAN_POINT ( 'NONE',  ( 25.53384686475552101, 1.000000000000000888, 4.000000000000000000 ) ) ;
#2490 = AXIS2_PLACEMENT_3D ( 'NONE', #1168, #1965, #1809 ) ;
#2491 = DIRECTION ( 'NONE',  ( -0.000000000000000000, -0.7071067811865474617, -0.7071067811865474617 ) ) ;
#2492 = ORIENTED_EDGE ( 'NONE', *, *, #2135, .T. ) ;
#2493 = ORIENTED_EDGE ( 'NONE', *, *, #910, .T. ) ;
#2494 = DIRECTION ( 'NONE',  ( -7.009341333409709641E-17, 0.7071067811865474617, 0.7071067811865474617 ) ) ;
#2495 = DIRECTION ( 'NONE',  ( 0.000000000000000000, 0.000000000000000000, 1.000000000000000000 ) ) ;
#2496 = CARTESIAN_POINT ( 'NONE',  ( 17.85948681732578436, 69.00000000000000000, 4.000000000000000000 ) ) ;
#2497 = VERTEX_POINT ( 'NONE', #95 ) ;
#2498 = CARTESIAN_POINT ( 'NONE',  ( 30.73384686475551320, 69.00000000000000000, 4.000000000000000000 ) ) ;
#2499 = LINE ( 'NONE', #2512, #1974 ) ;
#2500 = ORIENTED_EDGE ( 'NONE', *, *, #1081, .F. ) ;
#2501 = CARTESIAN_POINT ( 'NONE',  ( 15.13384686475552066, 0.000000000000000000, 2.000000000000000000 ) ) ;
#2502 = EDGE_CURVE ( 'NONE', #895, #1919, #1690, .T. ) ;
#2503 = LINE ( 'NONE', #1714, #1739 ) ;
#2504 = ORIENTED_EDGE ( 'NONE', *, *, #1451, .F. ) ;
#2505 = EDGE_LOOP ( 'NONE', ( #340, #1010, #388, #711 ) ) ;
#2506 = CARTESIAN_POINT ( 'NONE',  ( 0.000000000000000000, 70.00000000000000000, 2.999999999999999112 ) ) ;
#2507 = PLANE ( 'NONE',  #1503 ) ;
#2508 = CARTESIAN_POINT ( 'NONE',  ( 20.33384686475551817, 1.000000000000001998, 4.000000000000000888 ) ) ;
#2509 = ORIENTED_EDGE ( 'NONE', *, *, #2485, .F. ) ;
#2510 = CARTESIAN_POINT ( 'NONE',  ( 0.000000000000000000, 1.000000000000000888, 4.000000000000000000 ) ) ;
#2511 = VECTOR ( 'NONE', #1769, 1000.000000000000000 ) ;
#2512 = CARTESIAN_POINT ( 'NONE',  ( 0.000000000000000000, 70.00000000000000000, 3.000000000000012879 ) ) ;
#2513 = ORIENTED_EDGE ( 'NONE', *, *, #1316, .F. ) ;
#2514 = DIRECTION ( 'NONE',  ( 1.000000000000000000, 0.000000000000000000, 0.000000000000000000 ) ) ;
#2515 = EDGE_CURVE ( 'NONE', #52, #2333, #1664, .T. ) ;
#2516 = DIRECTION ( 'NONE',  ( -7.009341333409709641E-17, 0.7071067811865474617, 0.7071067811865474617 ) ) ;
#2517 = ADVANCED_FACE ( 'NONE', ( #1283 ), #2091, .F. ) ;
#2518 = ORIENTED_EDGE ( 'NONE', *, *, #642, .F. ) ;
#2519 = DIRECTION ( 'NONE',  ( 1.000000000000000000, 0.000000000000000000, 0.000000000000000000 ) ) ;
#2520 = LINE ( 'NONE', #733, #2152 ) ;
#2521 = EDGE_LOOP ( 'NONE', ( #1163, #207, #2336, #1499 ) ) ;
#2522 = CARTESIAN_POINT ( 'NONE',  ( 15.13384686475551355, 70.00000000000000000, 2.000000000000000000 ) ) ;
#2523 = VECTOR ( 'NONE', #713, 1000.000000000000000 ) ;
#2524 = CARTESIAN_POINT ( 'NONE',  ( 15.13384686475552066, 0.000000000000000000, 2.000000000000000000 ) ) ;
#2525 = VERTEX_POINT ( 'NONE', #693 ) ;
#2526 = LINE ( 'NONE', #535, #1393 ) ;
#2527 = CARTESIAN_POINT ( 'NONE',  ( 0.000000000000000000, 0.000000000000000000, 2.999999999999999112 ) ) ;
#2528 = ORIENTED_EDGE ( 'NONE', *, *, #2148, .T. ) ;
#2529 = CARTESIAN_POINT ( 'NONE',  ( 56.73384686475551320, 0.000000000000000000, 2.000000000000000000 ) ) ;
#2530 = CARTESIAN_POINT ( 'NONE',  ( 4.500000000000000888, 65.50000000000001421, 4.000000000000000000 ) ) ;
#2531 = CARTESIAN_POINT ( 'NONE',  ( 0.000000000000000000, 69.00000000000000000, 4.000000000000000000 ) ) ;
#2532 = ADVANCED_FACE ( 'NONE', ( #1718 ), #2507, .F. ) ;
#2533 = CARTESIAN_POINT ( 'NONE',  ( 63.87500000000000000, 4.500000000000003553, 0.000000000000000000 ) ) ;
#2534 = VERTEX_POINT ( 'NONE', #274 ) ;
#2535 = DIRECTION ( 'NONE',  ( 0.000000000000000000, 0.7071067811865425767, -0.7071067811865524577 ) ) ;
#2536 = VECTOR ( 'NONE', #1772, 1000.000000000000000 ) ;
#2537 = UNCERTAINTY_MEASURE_WITH_UNIT (LENGTH_MEASURE( 1.000000000000000082E-05 ), #1780, 'distance_accuracy_value', 'NONE');
#2538 = CARTESIAN_POINT ( 'NONE',  ( 1.000000000000000888, 1.000000000000000888, 4.000000000000000000 ) ) ;
#2539 = VERTEX_POINT ( 'NONE', #289 ) ;
#2540 = LINE ( 'NONE', #1354, #2383 ) ;
#2541 = EDGE_CURVE ( 'NONE', #137, #1183, #1100, .T. ) ;
#2542 = LINE ( 'NONE', #1157, #1786 ) ;
#2543 = VECTOR ( 'NONE', #145, 1000.000000000000000 ) ;
#2544 = CARTESIAN_POINT ( 'NONE',  ( 51.53384686475551035, 70.00000000000000000, 2.000000000000000000 ) ) ;
#2545 = AXIS2_PLACEMENT_3D ( 'NONE', #350, #2567, #785 ) ;
#2546 = CARTESIAN_POINT ( 'NONE',  ( 17.85948681732578436, 70.00000000000000000, 2.000000000000000000 ) ) ;
#2547 = ORIENTED_EDGE ( 'NONE', *, *, #587, .F. ) ;
#2548 = ORIENTED_EDGE ( 'NONE', *, *, #1132, .F. ) ;
#2549 = DIRECTION ( 'NONE',  ( 0.000000000000000000, -1.000000000000000000, 0.000000000000000000 ) ) ;
#2550 = DIRECTION ( 'NONE',  ( -9.912705577010325549E-17, 1.000000000000000000, 0.000000000000000000 ) ) ;
#2551 = LINE ( 'NONE', #1955, #1386 ) ;
#2552 = VERTEX_POINT ( 'NONE', #1072 ) ;
#2553 = SURFACE_SIDE_STYLE ('',( #1389 ) ) ;
#2554 = EDGE_CURVE ( 'NONE', #1222, #1608, #1794, .T. ) ;
#2555 = VECTOR ( 'NONE', #1629, 1000.000000000000000 ) ;
#2556 = CARTESIAN_POINT ( 'NONE',  ( 33.45948681732578933, 70.00000000000000000, 3.000000000000012879 ) ) ;
#2557 = ORIENTED_EDGE ( 'NONE', *, *, #1268, .T. ) ;
#2558 = ADVANCED_FACE ( 'NONE', ( #1058 ), #706, .F. ) ;
#2559 = ORIENTED_EDGE ( 'NONE', *, *, #119, .T. ) ;
#2560 = ORIENTED_EDGE ( 'NONE', *, *, #185, .T. ) ;
#2561 = AXIS2_PLACEMENT_3D ( 'NONE', #228, #837, #254 ) ;
#2562 = CARTESIAN_POINT ( 'NONE',  ( 4.500000000000000888, 65.50000000000001421, 0.000000000000000000 ) ) ;
#2563 = CARTESIAN_POINT ( 'NONE',  ( 0.000000000000000000, 0.000000000000000000, 0.000000000000000000 ) ) ;
#2564 = VECTOR ( 'NONE', #2221, 1000.000000000000000 ) ;
#2565 = MECHANICAL_DESIGN_GEOMETRIC_PRESENTATION_REPRESENTATION (  '', ( #197 ), #864 ) ;
#2566 = DIRECTION ( 'NONE',  ( -9.912705577010325549E-17, 1.000000000000000000, -0.000000000000000000 ) ) ;
#2567 = DIRECTION ( 'NONE',  ( 0.000000000000000000, 0.000000000000000000, 1.000000000000000000 ) ) ;
#2568 = ORIENTED_EDGE ( 'NONE', *, *, #1729, .T. ) ;
#2569 = CARTESIAN_POINT ( 'NONE',  ( 38.65948681732579928, 70.00000000000000000, 2.000000000000000000 ) ) ;
#2570 = DIRECTION ( 'NONE',  ( -0.000000000000000000, -0.000000000000000000, -1.000000000000000000 ) ) ;
#2571 = ORIENTED_EDGE ( 'NONE', *, *, #1646, .F. ) ;
#2572 = ORIENTED_EDGE ( 'NONE', *, *, #1730, .T. ) ;
#2573 = AXIS2_PLACEMENT_3D ( 'NONE', #902, #2495, #2316 ) ;
#2574 = EDGE_CURVE ( 'NONE', #687, #774, #1468, .T. ) ;
ENDSEC;
END-ISO-10303-21;
