ISO-10303-21;
HEADER;
FILE_DESCRIPTION (( 'STEP AP214' ),
    '1' );
FILE_NAME ('Twist lock battery part V3.STEP',
    '2026-05-30T17:36:28',
    ( '' ),
    ( '' ),
    'SwSTEP 2.0',
    'SolidWorks 2025',
    '' );
FILE_SCHEMA (( 'AUTOMOTIVE_DESIGN' ));
ENDSEC;

DATA;
#1 = ORIENTED_EDGE ( 'NONE', *, *, #19, .F. ) ;
#2 = DIRECTION ( 'NONE',  ( -0.000000000000000000, -1.000000000000000000, -0.000000000000000000 ) ) ;
#3 = ORIENTED_EDGE ( 'NONE', *, *, #1178, .T. ) ;
#4 = LINE ( 'NONE', #1890, #2858 ) ;
#5 = ORIENTED_EDGE ( 'NONE', *, *, #1493, .T. ) ;
#6 = CARTESIAN_POINT ( 'NONE',  ( -26.17157287525377640, 4.000000000000000000, 22.00000000000000711 ) ) ;
#7 = EDGE_LOOP ( 'NONE', ( #747, #2642, #1693, #2155, #1818, #160 ) ) ;
#8 = AXIS2_PLACEMENT_3D ( 'NONE', #2352, #2987, #289 ) ;
#9 = AXIS2_PLACEMENT_3D ( 'NONE', #2680, #2913, #1540 ) ;
#10 = VECTOR ( 'NONE', #796, 1000.000000000000000 ) ;
#11 = CARTESIAN_POINT ( 'NONE',  ( -19.80090594518341973, 7.000000000000000000, -9.678000000000000824 ) ) ;
#12 = VECTOR ( 'NONE', #113, 1000.000000000000000 ) ;
#13 = AXIS2_PLACEMENT_3D ( 'NONE', #1566, #910, #2738 ) ;
#14 = DIRECTION ( 'NONE',  ( -0.7071067811865464625, 0.000000000000000000, 0.7071067811865486830 ) ) ;
#15 = AXIS2_PLACEMENT_3D ( 'NONE', #1444, #1388, #2533 ) ;
#16 = EDGE_CURVE ( 'NONE', #2826, #651, #58, .T. ) ;
#17 = CARTESIAN_POINT ( 'NONE',  ( 31.88049999999999784, 9.080000000000001847, -9.678000000000002601 ) ) ;
#18 = VECTOR ( 'NONE', #188, 1000.000000000000000 ) ;
#19 = EDGE_CURVE ( 'NONE', #1435, #383, #279, .T. ) ;
#20 = EDGE_LOOP ( 'NONE', ( #1529, #197, #2189, #1194 ) ) ;
#21 = AXIS2_PLACEMENT_3D ( 'NONE', #721, #2107, #732 ) ;
#22 = CARTESIAN_POINT ( 'NONE',  ( -27.72963113701302618, 9.080000000000001847, 17.82963113701315194 ) ) ;
#23 = ORIENTED_EDGE ( 'NONE', *, *, #1895, .F. ) ;
#24 = VECTOR ( 'NONE', #1975, 1000.000000000000000 ) ;
#25 = ADVANCED_FACE ( 'NONE', ( #994 ), #1913, .T. ) ;
#26 = CARTESIAN_POINT ( 'NONE',  ( -7.500000000000043521, 2.399999999999975930, -17.37499999999955591 ) ) ;
#27 = EDGE_LOOP ( 'NONE', ( #1768, #985, #299, #1536 ) ) ;
#28 = ORIENTED_EDGE ( 'NONE', *, *, #2346, .T. ) ;
#29 = CARTESIAN_POINT ( 'NONE',  ( -34.41421356237307805, 9.080000000000001847, 14.58578643762690952 ) ) ;
#30 = ORIENTED_EDGE ( 'NONE', *, *, #916, .T. ) ;
#31 = LINE ( 'NONE', #951, #1703 ) ;
#32 = FACE_OUTER_BOUND ( 'NONE', #1652, .T. ) ;
#33 = DIRECTION ( 'NONE',  ( 0.000000000000000000, 0.000000000000000000, -1.000000000000000000 ) ) ;
#34 = FACE_OUTER_BOUND ( 'NONE', #2217, .T. ) ;
#35 = ORIENTED_EDGE ( 'NONE', *, *, #386, .T. ) ;
#36 = CARTESIAN_POINT ( 'NONE',  ( 27.72963113701214510, 9.080000000000001847, -14.72963113701126403 ) ) ;
#37 = ORIENTED_EDGE ( 'NONE', *, *, #2839, .T. ) ;
#38 = ORIENTED_EDGE ( 'NONE', *, *, #942, .T. ) ;
#39 = DIRECTION ( 'NONE',  ( 0.000000000000000000, 0.000000000000000000, -1.000000000000000000 ) ) ;
#40 = ORIENTED_EDGE ( 'NONE', *, *, #678, .F. ) ;
#41 = LINE ( 'NONE', #710, #1127 ) ;
#42 = FACE_OUTER_BOUND ( 'NONE', #2265, .T. ) ;
#43 = DIRECTION ( 'NONE',  ( -0.000000000000000000, -1.000000000000000000, -0.000000000000000000 ) ) ;
#44 = VERTEX_POINT ( 'NONE', #764 ) ;
#45 = CARTESIAN_POINT ( 'NONE',  ( 1.628301409664674354E-15, 7.000000000000000000, 7.436000000000005272 ) ) ;
#46 = ADVANCED_FACE ( 'NONE', ( #2310 ), #2757, .F. ) ;
#47 = EDGE_LOOP ( 'NONE', ( #1668, #2028 ) ) ;
#48 = CARTESIAN_POINT ( 'NONE',  ( -15.36655977276631724, 4.000000000000000000, 15.79899999999999771 ) ) ;
#49 = ORIENTED_EDGE ( 'NONE', *, *, #1059, .T. ) ;
#50 = EDGE_CURVE ( 'NONE', #1820, #1710, #1164, .T. ) ;
#51 = ADVANCED_FACE ( 'NONE', ( #484 ), #1405, .F. ) ;
#52 = DIRECTION ( 'NONE',  ( -0.7071067811865512365, 0.000000000000000000, -0.7071067811865439090 ) ) ;
#53 = EDGE_LOOP ( 'NONE', ( #2508, #28, #749, #1387, #2143 ) ) ;
#54 = CARTESIAN_POINT ( 'NONE',  ( -31.66749780952874005, 9.880000000000000782, -15.01511103375941758 ) ) ;
#55 = CARTESIAN_POINT ( 'NONE',  ( 33.00000000000001421, 9.080000000000001847, 13.17157287525375864 ) ) ;
#56 = CIRCLE ( 'NONE', #2948, 21.51210508585769432 ) ;
#57 = VECTOR ( 'NONE', #2019, 1000.000000000000000 ) ;
#58 = LINE ( 'NONE', #2362, #687 ) ;
#59 = CIRCLE ( 'NONE', #256, 1.125000000003836487 ) ;
#60 = FACE_OUTER_BOUND ( 'NONE', #614, .T. ) ;
#61 = VERTEX_POINT ( 'NONE', #954 ) ;
#62 = AXIS2_PLACEMENT_3D ( 'NONE', #1320, #2240, #1297 ) ;
#63 = CIRCLE ( 'NONE', #537, 22.03950000000000031 ) ;
#64 = AXIS2_PLACEMENT_3D ( 'NONE', #2339, #495, #2585 ) ;
#65 = VECTOR ( 'NONE', #1295, 1000.000000000000000 ) ;
#66 = DIRECTION ( 'NONE',  ( 0.000000000000000000, 1.000000000000000000, -0.000000000000000000 ) ) ;
#67 = ORIENTED_EDGE ( 'NONE', *, *, #2010, .F. ) ;
#68 = PRODUCT_CONTEXT ( 'NONE', #672, 'mechanical' ) ;
#69 = CARTESIAN_POINT ( 'NONE',  ( -7.500000000000043521, 9.080000000000001847, -17.37499999999955591 ) ) ;
#70 = ORIENTED_EDGE ( 'NONE', *, *, #1982, .T. ) ;
#71 = ADVANCED_FACE ( 'NONE', ( #1873 ), #2792, .F. ) ;
#72 = DIRECTION ( 'NONE',  ( 0.000000000000000000, 1.000000000000000000, -0.000000000000000000 ) ) ;
#73 = EDGE_CURVE ( 'NONE', #2001, #2977, #1990, .T. ) ;
#74 = CARTESIAN_POINT ( 'NONE',  ( 0.000000000000000000, 9.080000000000001847, 0.000000000000000000 ) ) ;
#75 = DIRECTION ( 'NONE',  ( 0.000000000000000000, 0.000000000000000000, -1.000000000000000000 ) ) ;
#76 = EDGE_CURVE ( 'NONE', #1719, #187, #2467, .T. ) ;
#77 = LINE ( 'NONE', #1484, #2035 ) ;
#78 = VERTEX_POINT ( 'NONE', #2911 ) ;
#79 = ORIENTED_EDGE ( 'NONE', *, *, #1476, .T. ) ;
#80 = DIRECTION ( 'NONE',  ( 0.000000000000000000, 0.000000000000000000, -1.000000000000000000 ) ) ;
#81 = DIRECTION ( 'NONE',  ( -0.000000000000000000, -1.000000000000000000, -0.000000000000000000 ) ) ;
#82 = ORIENTED_EDGE ( 'NONE', *, *, #1691, .T. ) ;
#83 = ORIENTED_EDGE ( 'NONE', *, *, #1234, .T. ) ;
#84 = EDGE_CURVE ( 'NONE', #883, #2962, #2852, .T. ) ;
#85 = LINE ( 'NONE', #1464, #591 ) ;
#86 = ADVANCED_FACE ( 'NONE', ( #131, #2411 ), #582, .T. ) ;
#87 = DIRECTION ( 'NONE',  ( -0.000000000000000000, -1.000000000000000000, -0.000000000000000000 ) ) ;
#88 = CARTESIAN_POINT ( 'NONE',  ( 0.000000000000000000, 4.000000000000000000, -15.79900000000000482 ) ) ;
#89 = CARTESIAN_POINT ( 'NONE',  ( 33.13832245846033686, 9.080000000000001847, 15.86167754153964715 ) ) ;
#90 = EDGE_LOOP ( 'NONE', ( #2632, #1211, #1725, #2404, #2741, #2541 ) ) ;
#91 = FACE_OUTER_BOUND ( 'NONE', #2305, .T. ) ;
#92 = VERTEX_POINT ( 'NONE', #100 ) ;
#93 = CARTESIAN_POINT ( 'NONE',  ( -1.307125293377846369E-14, 9.080000000000005400, -15.79899999999998350 ) ) ;
#94 = PLANE ( 'NONE',  #2760 ) ;
#95 = VERTEX_POINT ( 'NONE', #1972 ) ;
#96 = DIRECTION ( 'NONE',  ( 1.000000000000000000, 0.000000000000000000, -5.302618942301485877E-16 ) ) ;
#97 = ORIENTED_EDGE ( 'NONE', *, *, #2010, .T. ) ;
#98 = CARTESIAN_POINT ( 'NONE',  ( -7.500000000000043521, 2.399999999999975930, -17.37499999999955591 ) ) ;
#99 = PLANE ( 'NONE',  #688 ) ;
#100 = CARTESIAN_POINT ( 'NONE',  ( -34.41421356237307805, 0.000000000000000000, 14.58578643762691129 ) ) ;
#101 = CYLINDRICAL_SURFACE ( 'NONE', #307, 3.600000000000033840 ) ;
#102 = ORIENTED_EDGE ( 'NONE', *, *, #1020, .T. ) ;
#103 = EDGE_CURVE ( 'NONE', #2393, #2106, #1363, .T. ) ;
#104 = VECTOR ( 'NONE', #2276, 1000.000000000000227 ) ;
#105 = VECTOR ( 'NONE', #1924, 1000.000000000000000 ) ;
#106 = FACE_OUTER_BOUND ( 'NONE', #2576, .T. ) ;
#107 = ORIENTED_EDGE ( 'NONE', *, *, #1840, .T. ) ;
#108 = CIRCLE ( 'NONE', #496, 2.225499999999998479 ) ;
#109 = AXIS2_PLACEMENT_3D ( 'NONE', #190, #2016, #2300 ) ;
#110 = EDGE_CURVE ( 'NONE', #1999, #1026, #1514, .T. ) ;
#111 = AXIS2_PLACEMENT_3D ( 'NONE', #1372, #610, #1569 ) ;
#112 = CARTESIAN_POINT ( 'NONE',  ( -27.72963113701302618, 6.980000000000004867, 13.22963113701316296 ) ) ;
#114 = AXIS2_PLACEMENT_3D ( 'NONE', #1984, #2243, #434 ) ;
#113 = DIRECTION ( 'NONE',  ( -0.000000000000000000, -1.000000000000000000, -0.000000000000000000 ) ) ;
#115 = DIRECTION ( 'NONE',  ( -0.000000000000000000, -1.000000000000000000, -0.000000000000000000 ) ) ;
#116 = ORIENTED_EDGE ( 'NONE', *, *, #2531, .F. ) ;
#117 = AXIS2_PLACEMENT_3D ( 'NONE', #1075, #1091, #1998 ) ;
#118 = MANIFOLD_SOLID_BREP ( 'Boss-Extrude6', #1654 ) ;
#119 = CARTESIAN_POINT ( 'NONE',  ( 7.500000000000007105, 2.399999999999976819, 17.37500000000062172 ) ) ;
#120 = DIRECTION ( 'NONE',  ( 0.000000000000000000, 1.000000000000000000, -0.000000000000000000 ) ) ;
#121 = LINE ( 'NONE', #1689, #1608 ) ;
#122 = ORIENTED_EDGE ( 'NONE', *, *, #1910, .T. ) ;
#123 = CARTESIAN_POINT ( 'NONE',  ( 1.377727649045471042E-16, 4.000000000000000000, 5.062000000003367362 ) ) ;
#124 = VERTEX_POINT ( 'NONE', #1527 ) ;
#125 = PLANE ( 'NONE',  #1305 ) ;
#126 = LINE ( 'NONE', #2403, #12 ) ;
#127 = FACE_OUTER_BOUND ( 'NONE', #1251, .T. ) ;
#128 = VERTEX_POINT ( 'NONE', #1734 ) ;
#129 = DIRECTION ( 'NONE',  ( -0.000000000000000000, -1.000000000000000000, -0.000000000000000000 ) ) ;
#130 = DIRECTION ( 'NONE',  ( -0.000000000000000000, -1.000000000000000000, -0.000000000000000000 ) ) ;
#131 = FACE_BOUND ( 'NONE', #1700, .T. ) ;
#132 = DIRECTION ( 'NONE',  ( -1.000000000000000000, 0.000000000000000000, 5.302618942301481932E-16 ) ) ;
#133 = ORIENTED_EDGE ( 'NONE', *, *, #2409, .T. ) ;
#134 = CARTESIAN_POINT ( 'NONE',  ( 24.50000000000005684, 0.000000000000000000, 24.49999999999996092 ) ) ;
#135 = ORIENTED_EDGE ( 'NONE', *, *, #1966, .F. ) ;
#136 = DIRECTION ( 'NONE',  ( 1.000000000000000000, -0.000000000000000000, -1.224646799147353207E-16 ) ) ;
#137 = ADVANCED_FACE ( 'NONE', ( #1005 ), #555, .T. ) ;
#138 = CARTESIAN_POINT ( 'NONE',  ( 24.50000000000006395, 9.080000000000001847, 24.49999999999996092 ) ) ;
#139 = EDGE_CURVE ( 'NONE', #515, #1639, #1281, .T. ) ;
#140 = ORIENTED_EDGE ( 'NONE', *, *, #804, .F. ) ;
#141 = EDGE_CURVE ( 'NONE', #681, #2291, #1121, .T. ) ;
#142 = CARTESIAN_POINT ( 'NONE',  ( -27.72963113701302618, 6.980000000000004867, 14.72963113701316118 ) ) ;
#143 = DIRECTION ( 'NONE',  ( -0.000000000000000000, -1.000000000000000000, 0.000000000000000000 ) ) ;
#144 = CARTESIAN_POINT ( 'NONE',  ( 0.000000000000000000, 7.000000000000000000, 0.000000000000000000 ) ) ;
#145 = DIRECTION ( 'NONE',  ( -0.000000000000000000, -1.000000000000000000, 0.000000000000000000 ) ) ;
#146 = ORIENTED_EDGE ( 'NONE', *, *, #2187, .F. ) ;
#147 = CYLINDRICAL_SURFACE ( 'NONE', #2464, 3.600000000000033840 ) ;
#148 = CARTESIAN_POINT ( 'NONE',  ( 27.00000000000000000, 7.000000000000000000, -2.125000000000005773 ) ) ;
#149 = EDGE_LOOP ( 'NONE', ( #609, #1909, #833, #1145, #2169, #331 ) ) ;
#150 = EDGE_CURVE ( 'NONE', #2754, #175, #445, .T. ) ;
#151 = AXIS2_PLACEMENT_3D ( 'NONE', #1434, #2586, #712 ) ;
#152 = CIRCLE ( 'NONE', #302, 1.999999999999998224 ) ;
#153 = VECTOR ( 'NONE', #2454, 1000.000000000000000 ) ;
#154 = AXIS2_PLACEMENT_3D ( 'NONE', #1619, #1686, #580 ) ;
#155 = AXIS2_PLACEMENT_3D ( 'NONE', #1718, #1277, #840 ) ;
#156 = CARTESIAN_POINT ( 'NONE',  ( -7.500000000000043521, 2.399999999999975930, -17.37499999999955591 ) ) ;
#157 = VERTEX_POINT ( 'NONE', #1249 ) ;
#158 = DIRECTION ( 'NONE',  ( -1.000000000000000000, 0.000000000000000000, 8.273468532045368005E-16 ) ) ;
#159 = CIRCLE ( 'NONE', #215, 1.500000000000001332 ) ;
#160 = ORIENTED_EDGE ( 'NONE', *, *, #530, .T. ) ;
#161 = CIRCLE ( 'NONE', #1028, 9.000000000000000000 ) ;
#162 = AXIS2_PLACEMENT_3D ( 'NONE', #2048, #2969, #1824 ) ;
#163 = CARTESIAN_POINT ( 'NONE',  ( -2.643762093426195483E-15, 7.000000000000000000, -9.678000000000006153 ) ) ;
#164 = CIRCLE ( 'NONE', #937, 1.999999999999998224 ) ;
#165 = EDGE_CURVE ( 'NONE', #918, #1808, #2210, .T. ) ;
#166 = CARTESIAN_POINT ( 'NONE',  ( 1.377727649045471288E-16, 6.020000000000000462, 5.062000000003367362 ) ) ;
#167 = DIRECTION ( 'NONE',  ( 0.000000000000000000, 0.000000000000000000, 1.000000000000000000 ) ) ;
#168 = DIRECTION ( 'NONE',  ( 0.000000000000000000, 0.000000000000000000, 1.000000000000000000 ) ) ;
#169 = DIRECTION ( 'NONE',  ( 0.000000000000000000, 0.000000000000000000, -1.000000000000000000 ) ) ;
#170 = VERTEX_POINT ( 'NONE', #2693 ) ;
#171 = EDGE_CURVE ( 'NONE', #770, #1666, #2127, .T. ) ;
#172 = FACE_OUTER_BOUND ( 'NONE', #2423, .T. ) ;
#173 = EDGE_LOOP ( 'NONE', ( #2212, #1346, #867, #102 ) ) ;
#174 = DIRECTION ( 'NONE',  ( -1.000000000000000000, 0.000000000000000000, 0.000000000000000000 ) ) ;
#175 = VERTEX_POINT ( 'NONE', #2260 ) ;
#176 = EDGE_LOOP ( 'NONE', ( #1370, #2869 ) ) ;
#177 = DIRECTION ( 'NONE',  ( 0.000000000000000000, 0.000000000000000000, 1.000000000000000000 ) ) ;
#178 = EDGE_CURVE ( 'NONE', #2219, #2391, #2807, .T. ) ;
#179 = CARTESIAN_POINT ( 'NONE',  ( 7.500000000000007105, 9.080000000000001847, 15.87500000000062172 ) ) ;
#180 = CARTESIAN_POINT ( 'NONE',  ( 1.387778780781445676E-14, 6.020000000000000462, -1.040834085586084257E-14 ) ) ;
#181 = CYLINDRICAL_SURFACE ( 'NONE', #9, 3.600000000000033840 ) ;
#182 = EDGE_CURVE ( 'NONE', #2842, #220, #626, .T. ) ;
#183 = EDGE_CURVE ( 'NONE', #124, #400, #1085, .T. ) ;
#184 = DIRECTION ( 'NONE',  ( -1.000000000000000000, 0.000000000000000000, 4.136734266022694849E-16 ) ) ;
#185 = ORIENTED_EDGE ( 'NONE', *, *, #894, .T. ) ;
#186 = CYLINDRICAL_SURFACE ( 'NONE', #2092, 2.124999999999999112 ) ;
#187 = VERTEX_POINT ( 'NONE', #1572 ) ;
#188 = DIRECTION ( 'NONE',  ( -0.000000000000000000, 1.000000000000000000, -0.000000000000000000 ) ) ;
#189 = VERTEX_POINT ( 'NONE', #914 ) ;
#190 = CARTESIAN_POINT ( 'NONE',  ( 27.91949999999998866, 9.080000000000001847, -4.320482791037863271E-14 ) ) ;
#191 = EDGE_LOOP ( 'NONE', ( #898, #339, #467, #2287, #2091, #1152, #1978 ) ) ;
#192 = CARTESIAN_POINT ( 'NONE',  ( 0.000000000000000000, 0.000000000000000000, -3.937000000000467903 ) ) ;
#193 = CARTESIAN_POINT ( 'NONE',  ( 27.91949999999999932, 7.000000000000000000, 7.435999999999999055 ) ) ;
#194 = DIRECTION ( 'NONE',  ( -0.000000000000000000, -1.000000000000000000, -0.000000000000000000 ) ) ;
#195 = LINE ( 'NONE', #1112, #447 ) ;
#196 = CARTESIAN_POINT ( 'NONE',  ( 7.500000000000007105, 55.47031231841406651, 17.37500000000062172 ) ) ;
#197 = ORIENTED_EDGE ( 'NONE', *, *, #332, .F. ) ;
#198 = DIRECTION ( 'NONE',  ( 0.000000000000000000, 0.000000000000000000, 1.000000000000000000 ) ) ;
#199 = ORIENTED_EDGE ( 'NONE', *, *, #2531, .T. ) ;
#200 = EDGE_CURVE ( 'NONE', #1393, #1938, #2713, .T. ) ;
#201 = EDGE_CURVE ( 'NONE', #733, #752, #2958, .T. ) ;
#202 = CARTESIAN_POINT ( 'NONE',  ( 0.000000000000000000, 4.000000000000000000, 0.000000000000000000 ) ) ;
#203 = VERTEX_POINT ( 'NONE', #1539 ) ;
#204 = EDGE_CURVE ( 'NONE', #2747, #1081, #1111, .T. ) ;
#205 = AXIS2_PLACEMENT_3D ( 'NONE', #2309, #2821, #2098 ) ;
#206 = FILL_AREA_STYLE ('',( #1368 ) ) ;
#207 = ORIENTED_EDGE ( 'NONE', *, *, #601, .T. ) ;
#208 = CIRCLE ( 'NONE', #2324, 1.125000000003836487 ) ;
#209 = VECTOR ( 'NONE', #797, 1000.000000000000000 ) ;
#210 = FACE_OUTER_BOUND ( 'NONE', #621, .T. ) ;
#211 = MECHANICAL_DESIGN_GEOMETRIC_PRESENTATION_REPRESENTATION (  '', ( #304 ), #879 ) ;
#212 = VERTEX_POINT ( 'NONE', #2292 ) ;
#213 = CIRCLE ( 'NONE', #2424, 1.125000000000000000 ) ;
#214 = VECTOR ( 'NONE', #2340, 999.9999999999998863 ) ;
#215 = AXIS2_PLACEMENT_3D ( 'NONE', #98, #2395, #2865 ) ;
#216 = AXIS2_PLACEMENT_3D ( 'NONE', #1669, #235, #2813 ) ;
#217 = CARTESIAN_POINT ( 'NONE',  ( -24.49999999999981881, 0.000000000000000000, 24.50000000000007105 ) ) ;
#218 = PLANE ( 'NONE',  #2227 ) ;
#219 = DIRECTION ( 'NONE',  ( 0.000000000000000000, 1.000000000000000000, -0.000000000000000000 ) ) ;
#220 = VERTEX_POINT ( 'NONE', #2007 ) ;
#221 = DIRECTION ( 'NONE',  ( 0.000000000000000000, 0.000000000000000000, -1.000000000000000000 ) ) ;
#222 = ORIENTED_EDGE ( 'NONE', *, *, #1677, .F. ) ;
#223 = CARTESIAN_POINT ( 'NONE',  ( 0.000000000000000000, 4.000000000000000000, 0.000000000000000000 ) ) ;
#224 = ORIENTED_EDGE ( 'NONE', *, *, #1564, .T. ) ;
#225 = CARTESIAN_POINT ( 'NONE',  ( 31.20950000000000202, 9.080000000000001847, 12.52600000000000158 ) ) ;
#226 = ORIENTED_EDGE ( 'NONE', *, *, #1880, .F. ) ;
#227 = PLANE ( 'NONE',  #2233 ) ;
#228 = ORIENTED_EDGE ( 'NONE', *, *, #1662, .F. ) ;
#229 = CARTESIAN_POINT ( 'NONE',  ( -27.00000000000000000, 0.000000000000000000, -2.124999999999999556 ) ) ;
#230 = FACE_OUTER_BOUND ( 'NONE', #2544, .T. ) ;
#231 = FACE_OUTER_BOUND ( 'NONE', #2103, .T. ) ;
#232 = VERTEX_POINT ( 'NONE', #2272 ) ;
#233 = DIRECTION ( 'NONE',  ( -0.000000000000000000, -1.000000000000000000, -0.000000000000000000 ) ) ;
#234 = VERTEX_POINT ( 'NONE', #660 ) ;
#235 = DIRECTION ( 'NONE',  ( 0.000000000000000000, 1.000000000000000000, -0.000000000000000000 ) ) ;
#236 = ORIENTED_EDGE ( 'NONE', *, *, #2560, .F. ) ;
#237 = CARTESIAN_POINT ( 'NONE',  ( 0.000000000000000000, 0.000000000000000000, 0.000000000000000000 ) ) ;
#238 = EDGE_LOOP ( 'NONE', ( #2214, #444, #801, #40 ) ) ;
#239 = CARTESIAN_POINT ( 'NONE',  ( 26.17157287525380482, 9.080000000000001847, -22.00000000000001421 ) ) ;
#240 = EDGE_CURVE ( 'NONE', #1117, #2769, #1584, .T. ) ;
#241 = VERTEX_POINT ( 'NONE', #229 ) ;
#242 = EDGE_CURVE ( 'NONE', #432, #2381, #423, .T. ) ;
#243 = LINE ( 'NONE', #468, #262 ) ;
#244 = DIRECTION ( 'NONE',  ( -1.000000000000000000, 0.000000000000000000, 2.731723593124812239E-16 ) ) ;
#245 = DIRECTION ( 'NONE',  ( -0.000000000000000000, -1.000000000000000000, 0.000000000000000000 ) ) ;
#246 = DIRECTION ( 'NONE',  ( -0.000000000000000000, 1.000000000000000000, -0.000000000000000000 ) ) ;
#247 = PLANE ( 'NONE',  #1261 ) ;
#248 = ORIENTED_EDGE ( 'NONE', *, *, #1670, .T. ) ;
#249 = CARTESIAN_POINT ( 'NONE',  ( 31.20950000000000202, 9.880000000000000782, 14.75150000000000006 ) ) ;
#250 = ORIENTED_EDGE ( 'NONE', *, *, #2528, .F. ) ;
#251 = APPLICATION_PROTOCOL_DEFINITION ( 'draft international standard', 'automotive_design', 1998, #672 ) ;
#252 = ORIENTED_EDGE ( 'NONE', *, *, #1432, .F. ) ;
#253 = FACE_OUTER_BOUND ( 'NONE', #191, .T. ) ;
#254 = ORIENTED_EDGE ( 'NONE', *, *, #1788, .F. ) ;
#255 = AXIS2_PLACEMENT_3D ( 'NONE', #1633, #2547, #1149 ) ;
#256 = AXIS2_PLACEMENT_3D ( 'NONE', #414, #871, #168 ) ;
#257 = CARTESIAN_POINT ( 'NONE',  ( 10.73669955355730465, 4.000000000000000000, 15.79899999999999416 ) ) ;
#258 = AXIS2_PLACEMENT_3D ( 'NONE', #2617, #1286, #2145 ) ;
#259 = AXIS2_PLACEMENT_3D ( 'NONE', #237, #925, #1225 ) ;
#260 = CYLINDRICAL_SURFACE ( 'NONE', #694, 2.124999999999999112 ) ;
#261 = EDGE_CURVE ( 'NONE', #569, #819, #1311, .T. ) ;
#262 = VECTOR ( 'NONE', #2137, 1000.000000000000000 ) ;
#263 = CARTESIAN_POINT ( 'NONE',  ( 0.000000000000000000, 4.000000000000000000, 2.811999999995694832 ) ) ;
#264 = AXIS2_PLACEMENT_3D ( 'NONE', #26, #507, #1381 ) ;
#265 = EDGE_CURVE ( 'NONE', #564, #1175, #1306, .T. ) ;
#266 = DIRECTION ( 'NONE',  ( -0.000000000000000000, -1.000000000000000000, -0.000000000000000000 ) ) ;
#267 = AXIS2_PLACEMENT_3D ( 'NONE', #1158, #1629, #1894 ) ;
#268 = FACE_BOUND ( 'NONE', #438, .T. ) ;
#269 = EDGE_LOOP ( 'NONE', ( #476, #2702, #1518, #1492 ) ) ;
#270 = AXIS2_PLACEMENT_3D ( 'NONE', #439, #2479, #2253 ) ;
#271 = FACE_OUTER_BOUND ( 'NONE', #2256, .T. ) ;
#272 = ORIENTED_EDGE ( 'NONE', *, *, #1570, .F. ) ;
#273 = CARTESIAN_POINT ( 'NONE',  ( 27.72963113701214510, 0.000000000000000000, -14.72963113701126403 ) ) ;
#274 = VERTEX_POINT ( 'NONE', #856 ) ;
#275 = EDGE_CURVE ( 'NONE', #92, #1869, #1147, .T. ) ;
#276 = CARTESIAN_POINT ( 'NONE',  ( -34.99999999999999289, 4.000000000000000000, -13.17157287525376397 ) ) ;
#277 = CARTESIAN_POINT ( 'NONE',  ( 31.20950000000000202, 9.880000000000000782, 15.27994372515228605 ) ) ;
#278 = FACE_OUTER_BOUND ( 'NONE', #1521, .T. ) ;
#279 = LINE ( 'NONE', #941, #1749 ) ;
#280 = EDGE_CURVE ( 'NONE', #2774, #2023, #2972, .T. ) ;
#281 = LINE ( 'NONE', #45, #2222 ) ;
#282 = EDGE_CURVE ( 'NONE', #2984, #519, #453, .T. ) ;
#283 = EDGE_LOOP ( 'NONE', ( #2030, #2047, #574, #1138 ) ) ;
#284 = CARTESIAN_POINT ( 'NONE',  ( -27.58578643762683313, 9.080000000000001847, 21.41421356237311002 ) ) ;
#285 = ORIENTED_EDGE ( 'NONE', *, *, #1895, .T. ) ;
#286 = CARTESIAN_POINT ( 'NONE',  ( -24.49999999999981881, 4.000000000000000000, 24.50000000000007105 ) ) ;
#287 = ORIENTED_EDGE ( 'NONE', *, *, #901, .F. ) ;
#288 = FACE_OUTER_BOUND ( 'NONE', #2723, .T. ) ;
#289 = DIRECTION ( 'NONE',  ( 0.000000000000000000, 0.000000000000000000, 1.000000000000000000 ) ) ;
#290 = ORIENTED_EDGE ( 'NONE', *, *, #720, .T. ) ;
#291 = CARTESIAN_POINT ( 'NONE',  ( -27.91950000000000287, 7.000000000000000000, -7.435999999999999055 ) ) ;
#292 = ORIENTED_EDGE ( 'NONE', *, *, #1784, .T. ) ;
#293 = EDGE_CURVE ( 'NONE', #187, #1787, #2180, .T. ) ;
#294 = CARTESIAN_POINT ( 'NONE',  ( 27.72963113701214510, 9.080000000000001847, -13.22963113701126581 ) ) ;
#295 = EDGE_LOOP ( 'NONE', ( #1980, #1201 ) ) ;
#296 = EDGE_CURVE ( 'NONE', #1380, #170, #1801, .T. ) ;
#297 = EDGE_CURVE ( 'NONE', #1541, #1820, #2134, .T. ) ;
#298 = CARTESIAN_POINT ( 'NONE',  ( -27.58578643762692195, 9.080000000000001847, -21.41421356237308160 ) ) ;
#299 = ORIENTED_EDGE ( 'NONE', *, *, #990, .F. ) ;
#300 = DIRECTION ( 'NONE',  ( 0.000000000000000000, 0.000000000000000000, 1.000000000000000000 ) ) ;
#301 = AXIS2_PLACEMENT_3D ( 'NONE', #2488, #2974, #2011 ) ;
#302 = AXIS2_PLACEMENT_3D ( 'NONE', #323, #2868, #2398 ) ;
#303 = FACE_OUTER_BOUND ( 'NONE', #7, .T. ) ;
#304 = STYLED_ITEM ( 'NONE', ( #536 ), #118 ) ;
#305 = VECTOR ( 'NONE', #2174, 1000.000000000000000 ) ;
#306 = EDGE_LOOP ( 'NONE', ( #1142, #920 ) ) ;
#307 = AXIS2_PLACEMENT_3D ( 'NONE', #1041, #338, #568 ) ;
#308 = CARTESIAN_POINT ( 'NONE',  ( -26.17157287525383325, 9.080000000000001847, -19.99999999999998934 ) ) ;
#309 = CIRCLE ( 'NONE', #1896, 1.125000000000000000 ) ;
#310 = ORIENTED_EDGE ( 'NONE', *, *, #2283, .T. ) ;
#311 = VECTOR ( 'NONE', #1726, 1000.000000000000000 ) ;
#312 =( GEOMETRIC_REPRESENTATION_CONTEXT ( 3 ) GLOBAL_UNCERTAINTY_ASSIGNED_CONTEXT ( ( #809 ) ) GLOBAL_UNIT_ASSIGNED_CONTEXT ( ( #1383, #2046, #1594 ) ) REPRESENTATION_CONTEXT ( 'NONE', 'WORKASPACE' ) );
#313 = ADVANCED_FACE ( 'NONE', ( #1794 ), #2936, .F. ) ;
#314 = CIRCLE ( 'NONE', #2525, 3.599999999999999201 ) ;
#315 = DIRECTION ( 'NONE',  ( 0.000000000000000000, 0.000000000000000000, 1.000000000000000000 ) ) ;
#316 = ORIENTED_EDGE ( 'NONE', *, *, #2686, .T. ) ;
#317 = PLANE ( 'NONE',  #1932 ) ;
#318 = CARTESIAN_POINT ( 'NONE',  ( 1.387778780781445676E-14, 4.000000000000000000, -1.040834085586084257E-14 ) ) ;
#319 = ORIENTED_EDGE ( 'NONE', *, *, #2912, .F. ) ;
#320 = DIRECTION ( 'NONE',  ( 0.000000000000000000, 0.000000000000000000, -1.000000000000000000 ) ) ;
#321 = CARTESIAN_POINT ( 'NONE',  ( 35.00000000000001421, 4.000000000000000000, -13.17157287525383325 ) ) ;
#322 =( NAMED_UNIT ( * ) SI_UNIT ( $, .STERADIAN. ) SOLID_ANGLE_UNIT ( ) );
#323 = CARTESIAN_POINT ( 'NONE',  ( -32.99999999999998579, 9.080000000000001847, 13.17157287525381371 ) ) ;
#324 = EDGE_LOOP ( 'NONE', ( #222, #853, #1108, #1044 ) ) ;
#325 = LINE ( 'NONE', #1962, #2665 ) ;
#326 = ORIENTED_EDGE ( 'NONE', *, *, #461, .T. ) ;
#327 = DIRECTION ( 'NONE',  ( -0.000000000000000000, -1.000000000000000000, -0.000000000000000000 ) ) ;
#328 = FACE_BOUND ( 'NONE', #47, .T. ) ;
#329 = ORIENTED_EDGE ( 'NONE', *, *, #165, .F. ) ;
#330 = CYLINDRICAL_SURFACE ( 'NONE', #1461, 1.125000000003836487 ) ;
#331 = ORIENTED_EDGE ( 'NONE', *, *, #1931, .F. ) ;
#332 = EDGE_CURVE ( 'NONE', #2842, #2681, #1433, .T. ) ;
#333 = DIRECTION ( 'NONE',  ( 0.000000000000000000, 1.000000000000000000, -0.000000000000000000 ) ) ;
#334 = ADVANCED_FACE ( 'NONE', ( #288 ), #2121, .F. ) ;
#335 = DIRECTION ( 'NONE',  ( -0.000000000000000000, -1.000000000000000000, -0.000000000000000000 ) ) ;
#336 = DIRECTION ( 'NONE',  ( 0.000000000000000000, 0.000000000000000000, 1.000000000000000000 ) ) ;
#337 = EDGE_CURVE ( 'NONE', #1323, #1477, #2711, .T. ) ;
#338 = DIRECTION ( 'NONE',  ( -0.000000000000000000, -1.000000000000000000, -0.000000000000000000 ) ) ;
#339 = ORIENTED_EDGE ( 'NONE', *, *, #616, .T. ) ;
#340 = CARTESIAN_POINT ( 'NONE',  ( 35.00000000000001421, 0.000000000000000000, -13.17157287525383325 ) ) ;
#341 = VERTEX_POINT ( 'NONE', #2759 ) ;
#342 = DIRECTION ( 'NONE',  ( 0.000000000000000000, 0.000000000000000000, 1.000000000000000000 ) ) ;
#343 = CARTESIAN_POINT ( 'NONE',  ( 27.91950000000000287, 9.080000000000001847, 9.677999999999999048 ) ) ;
#344 = DIRECTION ( 'NONE',  ( -0.000000000000000000, -1.000000000000000000, 0.000000000000000000 ) ) ;
#345 = VERTEX_POINT ( 'NONE', #964 ) ;
#346 = DIRECTION ( 'NONE',  ( 0.000000000000000000, 0.000000000000000000, 1.000000000000000000 ) ) ;
#347 = FACE_OUTER_BOUND ( 'NONE', #2234, .T. ) ;
#348 = FILL_AREA_STYLE_COLOUR ( '', #1458 ) ;
#349 = PLANE ( 'NONE',  #1017 ) ;
#350 = ORIENTED_EDGE ( 'NONE', *, *, #293, .F. ) ;
#351 = CIRCLE ( 'NONE', #2753, 21.51210508585769432 ) ;
#352 = AXIS2_PLACEMENT_3D ( 'NONE', #2653, #1007, #995 ) ;
#353 = VECTOR ( 'NONE', #572, 999.9999999999998863 ) ;
#354 = AXIS2_PLACEMENT_3D ( 'NONE', #2430, #778, #845 ) ;
#355 = CARTESIAN_POINT ( 'NONE',  ( 1.497996992704707624E-14, 4.000000000000000000, -9.000000000000008882 ) ) ;
#356 = EDGE_LOOP ( 'NONE', ( #1480, #2894, #2610, #1575, #2979 ) ) ;
#357 = AXIS2_PLACEMENT_3D ( 'NONE', #2601, #2383, #1733 ) ;
#358 = AXIS2_PLACEMENT_3D ( 'NONE', #2887, #1535, #818 ) ;
#359 = VECTOR ( 'NONE', #2360, 1000.000000000000000 ) ;
#360 = CIRCLE ( 'NONE', #2473, 2.225499999999998479 ) ;
#361 = DIRECTION ( 'NONE',  ( 0.000000000000000000, 1.000000000000000000, -0.000000000000000000 ) ) ;
#362 = CARTESIAN_POINT ( 'NONE',  ( -26.17157287525383325, 0.000000000000000000, -21.99999999999998579 ) ) ;
#363 = ORIENTED_EDGE ( 'NONE', *, *, #2851, .T. ) ;
#364 = DIRECTION ( 'NONE',  ( 0.000000000000000000, 0.000000000000000000, -1.000000000000000000 ) ) ;
#365 = ORIENTED_EDGE ( 'NONE', *, *, #382, .T. ) ;
#366 = DIRECTION ( 'NONE',  ( 0.000000000000000000, 0.7954317200324991788, 0.6060432152628556501 ) ) ;
#367 = CARTESIAN_POINT ( 'NONE',  ( 26.17157287525383325, 9.080000000000001847, 21.99999999999997513 ) ) ;
#368 = DIRECTION ( 'NONE',  ( -0.000000000000000000, -1.000000000000000000, -0.000000000000000000 ) ) ;
#369 = DIRECTION ( 'NONE',  ( 0.000000000000000000, 0.000000000000000000, 1.000000000000000000 ) ) ;
#370 = ORIENTED_EDGE ( 'NONE', *, *, #894, .F. ) ;
#371 = EDGE_CURVE ( 'NONE', #44, #1627, #1617, .T. ) ;
#372 = EDGE_CURVE ( 'NONE', #1013, #2698, #243, .T. ) ;
#373 = CARTESIAN_POINT ( 'NONE',  ( 0.000000000000000000, 55.47031231841406651, 0.000000000000000000 ) ) ;
#374 = VERTEX_POINT ( 'NONE', #54 ) ;
#375 = EDGE_CURVE ( 'NONE', #232, #2281, #980, .T. ) ;
#376 = FACE_BOUND ( 'NONE', #306, .T. ) ;
#377 = CARTESIAN_POINT ( 'NONE',  ( 31.88049999999999784, 9.080000000000001847, 7.435999999999998167 ) ) ;
#378 = ORIENTED_EDGE ( 'NONE', *, *, #394, .T. ) ;
#379 = LINE ( 'NONE', #991, #1463 ) ;
#380 = DIRECTION ( 'NONE',  ( 0.000000000000000000, 1.000000000000000000, -0.000000000000000000 ) ) ;
#381 = DIRECTION ( 'NONE',  ( 1.000000000000000000, -0.000000000000000000, 0.000000000000000000 ) ) ;
#382 = EDGE_CURVE ( 'NONE', #569, #345, #1215, .T. ) ;
#383 = VERTEX_POINT ( 'NONE', #2109 ) ;
#384 = FACE_OUTER_BOUND ( 'NONE', #2263, .T. ) ;
#385 = ORIENTED_EDGE ( 'NONE', *, *, #789, .F. ) ;
#386 = EDGE_CURVE ( 'NONE', #2552, #631, #1850, .T. ) ;
#387 = CARTESIAN_POINT ( 'NONE',  ( 27.72963113701214510, 6.979999999999991545, -13.22963113701126581 ) ) ;
#388 = EDGE_CURVE ( 'NONE', #2804, #2194, #831, .T. ) ;
#389 = VERTEX_POINT ( 'NONE', #739 ) ;
#390 = DIRECTION ( 'NONE',  ( -1.000000000000000000, 0.000000000000000000, 0.000000000000000000 ) ) ;
#391 = VERTEX_POINT ( 'NONE', #978 ) ;
#392 = CARTESIAN_POINT ( 'NONE',  ( 7.500000000000007105, 9.080000000000001847, 17.37500000000062172 ) ) ;
#393 = DIRECTION ( 'NONE',  ( 0.000000000000000000, 0.000000000000000000, 1.000000000000000000 ) ) ;
#394 = EDGE_CURVE ( 'NONE', #2105, #274, #1369, .T. ) ;
#395 = DIRECTION ( 'NONE',  ( 0.000000000000000000, 1.000000000000000000, -0.000000000000000000 ) ) ;
#396 = CARTESIAN_POINT ( 'NONE',  ( 33.00000000000001421, 4.000000000000000000, 13.17157287525375864 ) ) ;
#397 = ORIENTED_EDGE ( 'NONE', *, *, #1643, .T. ) ;
#398 = DIRECTION ( 'NONE',  ( 0.000000000000000000, 0.000000000000000000, 1.000000000000000000 ) ) ;
#399 = FACE_OUTER_BOUND ( 'NONE', #667, .T. ) ;
#400 = VERTEX_POINT ( 'NONE', #1161 ) ;
#401 = CIRCLE ( 'NONE', #154, 1.500000000000001332 ) ;
#402 = AXIS2_PLACEMENT_3D ( 'NONE', #889, #826, #1767 ) ;
#403 = VECTOR ( 'NONE', #648, 1000.000000000000000 ) ;
#404 = EDGE_CURVE ( 'NONE', #1742, #2747, #1900, .T. ) ;
#405 = FACE_OUTER_BOUND ( 'NONE', #20, .T. ) ;
#406 = ORIENTED_EDGE ( 'NONE', *, *, #865, .T. ) ;
#407 = ORIENTED_EDGE ( 'NONE', *, *, #1105, .T. ) ;
#408 = VECTOR ( 'NONE', #864, 1000.000000000000000 ) ;
#409 = EDGE_CURVE ( 'NONE', #815, #92, #2306, .T. ) ;
#410 = DIRECTION ( 'NONE',  ( 0.000000000000000000, 0.000000000000000000, 1.000000000000000000 ) ) ;
#411 = VECTOR ( 'NONE', #652, 1000.000000000000000 ) ;
#412 = CARTESIAN_POINT ( 'NONE',  ( 1.479541565441557093E-14, 6.020000000000000462, 7.492999999999990557 ) ) ;
#413 = DIRECTION ( 'NONE',  ( 0.000000000000000000, 0.000000000000000000, 1.000000000000000000 ) ) ;
#414 = CARTESIAN_POINT ( 'NONE',  ( 0.000000000000000000, 0.000000000000000000, -3.937000000000467903 ) ) ;
#415 = PLANE ( 'NONE',  #2803 ) ;
#416 = ORIENTED_EDGE ( 'NONE', *, *, #2785, .F. ) ;
#417 = DIRECTION ( 'NONE',  ( 0.000000000000000000, 1.000000000000000000, -0.000000000000000000 ) ) ;
#418 = ORIENTED_EDGE ( 'NONE', *, *, #2613, .F. ) ;
#419 = CARTESIAN_POINT ( 'NONE',  ( -10.90522022592027440, 9.080000000000005400, -18.54310753485412633 ) ) ;
#420 = ORIENTED_EDGE ( 'NONE', *, *, #461, .F. ) ;
#421 = ORIENTED_EDGE ( 'NONE', *, *, #242, .T. ) ;
#422 = DIRECTION ( 'NONE',  ( 0.000000000000000000, 0.000000000000000000, 1.000000000000000000 ) ) ;
#423 = LINE ( 'NONE', #1352, #1413 ) ;
#424 = EDGE_CURVE ( 'NONE', #1712, #440, #41, .T. ) ;
#425 = DIRECTION ( 'NONE',  ( -0.000000000000000000, -1.000000000000000000, -0.000000000000000000 ) ) ;
#426 = CARTESIAN_POINT ( 'NONE',  ( 27.00000000000000000, 7.000000000000000000, -6.613092715395707467E-15 ) ) ;
#427 = EDGE_CURVE ( 'NONE', #2784, #203, #2666, .T. ) ;
#428 = ORIENTED_EDGE ( 'NONE', *, *, #1146, .T. ) ;
#429 = CARTESIAN_POINT ( 'NONE',  ( -7.500000000000043521, 4.000000000000000000, -17.37499999999955591 ) ) ;
#430 = EDGE_LOOP ( 'NONE', ( #250, #595, #1727, #793 ) ) ;
#431 = CARTESIAN_POINT ( 'NONE',  ( 1.387778780781445676E-14, 3.272000000000000242, 8.999999999999989342 ) ) ;
#432 = VERTEX_POINT ( 'NONE', #257 ) ;
#433 = ORIENTED_EDGE ( 'NONE', *, *, #2005, .T. ) ;
#434 = DIRECTION ( 'NONE',  ( 0.000000000000000000, 0.000000000000000000, 1.000000000000000000 ) ) ;
#435 = DIRECTION ( 'NONE',  ( 0.000000000000000000, 0.000000000000000000, 1.000000000000000000 ) ) ;
#436 = DIRECTION ( 'NONE',  ( 0.8666917359965764511, 0.000000000000000000, -0.4988440986473038352 ) ) ;
#437 = DIRECTION ( 'NONE',  ( 0.000000000000000000, 0.000000000000000000, -1.000000000000000000 ) ) ;
#438 = EDGE_LOOP ( 'NONE', ( #2766, #228 ) ) ;
#439 = CARTESIAN_POINT ( 'NONE',  ( 0.000000000000000000, 4.000000000000000000, -3.937000000000467903 ) ) ;
#440 = VERTEX_POINT ( 'NONE', #753 ) ;
#441 = VECTOR ( 'NONE', #2337, 1000.000000000000000 ) ;
#442 = DIRECTION ( 'NONE',  ( 0.000000000000000000, 0.000000000000000000, 1.000000000000000000 ) ) ;
#443 = EDGE_LOOP ( 'NONE', ( #1717, #2751, #640, #1063 ) ) ;
#444 = ORIENTED_EDGE ( 'NONE', *, *, #1436, .F. ) ;
#445 = CIRCLE ( 'NONE', #586, 1.999999999999998224 ) ;
#446 = AXIS2_PLACEMENT_3D ( 'NONE', #1039, #2429, #1722 ) ;
#447 = VECTOR ( 'NONE', #2891, 1000.000000000000000 ) ;
#448 = CARTESIAN_POINT ( 'NONE',  ( -7.500000000000043521, 2.399999999999975930, -18.87499999999955946 ) ) ;
#449 = PRODUCT ( 'Twist lock battery part V3', 'Twist lock battery part V3', '', ( #68 ) ) ;
#450 = ORIENTED_EDGE ( 'NONE', *, *, #2939, .T. ) ;
#451 = CIRCLE ( 'NONE', #2087, 7.493000000000000327 ) ;
#452 = VECTOR ( 'NONE', #1955, 1000.000000000000000 ) ;
#453 = CIRCLE ( 'NONE', #499, 2.225500000000005141 ) ;
#454 = CIRCLE ( 'NONE', #1855, 9.000000000000000000 ) ;
#455 = CARTESIAN_POINT ( 'NONE',  ( 27.00000000000000000, 0.000000000000000000, -6.613092715395707467E-15 ) ) ;
#456 = FACE_BOUND ( 'NONE', #2114, .T. ) ;
#457 = CARTESIAN_POINT ( 'NONE',  ( 15.36655977276631191, 9.080000000000001847, -15.79900000000000482 ) ) ;
#458 = ORIENTED_EDGE ( 'NONE', *, *, #1230, .F. ) ;
#459 = CARTESIAN_POINT ( 'NONE',  ( -10.13294086911105829, 9.080000000000001847, -14.91987833707429090 ) ) ;
#460 = ORIENTED_EDGE ( 'NONE', *, *, #1135, .T. ) ;
#461 = EDGE_CURVE ( 'NONE', #1627, #1808, #2518, .T. ) ;
#462 = DIRECTION ( 'NONE',  ( 0.000000000000000000, 0.000000000000000000, 1.000000000000000000 ) ) ;
#463 = EDGE_CURVE ( 'NONE', #545, #2348, #31, .T. ) ;
#464 = CARTESIAN_POINT ( 'NONE',  ( 7.500000000000007105, 4.000000000000000000, 17.37500000000062172 ) ) ;
#465 = ORIENTED_EDGE ( 'NONE', *, *, #84, .F. ) ;
#466 = LINE ( 'NONE', #1385, #2170 ) ;
#467 = ORIENTED_EDGE ( 'NONE', *, *, #76, .F. ) ;
#468 = CARTESIAN_POINT ( 'NONE',  ( 7.500000000000007105, 9.080000000000001847, 18.87500000000062528 ) ) ;
#469 = CARTESIAN_POINT ( 'NONE',  ( -27.00000000000000000, 7.000000000000000000, 0.000000000000000000 ) ) ;
#470 = DIRECTION ( 'NONE',  ( 0.000000000000000000, 0.000000000000000000, 1.000000000000000000 ) ) ;
#471 = EDGE_CURVE ( 'NONE', #1869, #2672, #2374, .T. ) ;
#472 = VERTEX_POINT ( 'NONE', #1743 ) ;
#473 = CARTESIAN_POINT ( 'NONE',  ( 7.500000000000007105, 2.399999999999976819, 15.87500000000062172 ) ) ;
#474 = ORIENTED_EDGE ( 'NONE', *, *, #1207, .T. ) ;
#475 = LINE ( 'NONE', #1153, #501 ) ;
#476 = ORIENTED_EDGE ( 'NONE', *, *, #297, .F. ) ;
#477 = ORIENTED_EDGE ( 'NONE', *, *, #2600, .T. ) ;
#478 = EDGE_CURVE ( 'NONE', #2774, #1544, #531, .T. ) ;
#479 = DIRECTION ( 'NONE',  ( 0.000000000000000000, 1.000000000000000000, 0.000000000000000000 ) ) ;
#480 = EDGE_LOOP ( 'NONE', ( #1473, #1183, #486, #1949 ) ) ;
#481 = DIRECTION ( 'NONE',  ( -0.000000000000000000, -1.000000000000000000, -0.000000000000000000 ) ) ;
#482 = CARTESIAN_POINT ( 'NONE',  ( 14.60007754174561612, 4.000000000000000000, -15.79899999999999416 ) ) ;
#483 = DIRECTION ( 'NONE',  ( -0.000000000000000000, 1.000000000000000000, -0.000000000000000000 ) ) ;
#484 = FACE_OUTER_BOUND ( 'NONE', #1166, .T. ) ;
#485 = DIRECTION ( 'NONE',  ( 0.000000000000000000, 1.000000000000000000, -0.000000000000000000 ) ) ;
#486 = ORIENTED_EDGE ( 'NONE', *, *, #2186, .T. ) ;
#487 = DIRECTION ( 'NONE',  ( -0.000000000000000000, -1.000000000000000000, -0.000000000000000000 ) ) ;
#488 = EDGE_LOOP ( 'NONE', ( #116, #906 ) ) ;
#489 = ADVANCED_FACE ( 'NONE', ( #1279 ), #2440, .F. ) ;
#490 = CARTESIAN_POINT ( 'NONE',  ( 1.387778780781445676E-14, 6.020000000000000462, -1.040834085586084257E-14 ) ) ;
#491 = ORIENTED_EDGE ( 'NONE', *, *, #2966, .F. ) ;
#492 = CIRCLE ( 'NONE', #2898, 2.000000000000001776 ) ;
#493 = EDGE_CURVE ( 'NONE', #2001, #1188, #159, .T. ) ;
#494 = ADVANCED_FACE ( 'NONE', ( #794 ), #2599, .F. ) ;
#495 = DIRECTION ( 'NONE',  ( -0.000000000000000000, 1.000000000000000000, -0.000000000000000000 ) ) ;
#496 = AXIS2_PLACEMENT_3D ( 'NONE', #1729, #2644, #1716 ) ;
#497 = PRODUCT_DEFINITION_FORMATION_WITH_SPECIFIED_SOURCE ( 'Symmetric', '', #449, .NOT_KNOWN. ) ;
#498 = CARTESIAN_POINT ( 'NONE',  ( 24.49999999999996447, 9.080000000000001847, -24.50000000000003908 ) ) ;
#499 = AXIS2_PLACEMENT_3D ( 'NONE', #903, #1826, #167 ) ;
#500 = CARTESIAN_POINT ( 'NONE',  ( 0.000000000000000000, 6.020000000000000462, 3.936999999999531319 ) ) ;
#501 = VECTOR ( 'NONE', #1394, 1000.000000000000000 ) ;
#502 = ORIENTED_EDGE ( 'NONE', *, *, #2746, .T. ) ;
#503 = AXIS2_PLACEMENT_3D ( 'NONE', #392, #2509, #2452 ) ;
#504 = CARTESIAN_POINT ( 'NONE',  ( 0.000000000000000000, 4.000000000000000000, 0.000000000000000000 ) ) ;
#505 = ORIENTED_EDGE ( 'NONE', *, *, #1269, .T. ) ;
#506 = AXIS2_PLACEMENT_3D ( 'NONE', #2013, #2930, #861 ) ;
#507 = DIRECTION ( 'NONE',  ( 0.000000000000000000, 1.000000000000000000, 0.000000000000000000 ) ) ;
#508 = CARTESIAN_POINT ( 'NONE',  ( 10.90522022592068474, 9.080000000000005400, 18.54310753485388830 ) ) ;
#509 = ORIENTED_EDGE ( 'NONE', *, *, #2500, .T. ) ;
#510 = DIRECTION ( 'NONE',  ( 0.000000000000000000, 0.000000000000000000, -1.000000000000000000 ) ) ;
#511 = LINE ( 'NONE', #263, #1168 ) ;
#512 = ORIENTED_EDGE ( 'NONE', *, *, #1776, .T. ) ;
#513 = EDGE_CURVE ( 'NONE', #2194, #2219, #1685, .T. ) ;
#514 = LINE ( 'NONE', #2549, #886 ) ;
#515 = VERTEX_POINT ( 'NONE', #1721 ) ;
#516 = ADVANCED_FACE ( 'NONE', ( #2667 ), #578, .T. ) ;
#517 = DIRECTION ( 'NONE',  ( 1.000000000000000000, 0.000000000000000000, 8.759017803467855897E-16 ) ) ;
#518 = LINE ( 'NONE', #949, #2090 ) ;
#519 = VERTEX_POINT ( 'NONE', #1052 ) ;
#520 = DIRECTION ( 'NONE',  ( 0.000000000000000000, 1.000000000000000000, -0.000000000000000000 ) ) ;
#521 = CARTESIAN_POINT ( 'NONE',  ( 31.88049999999999784, 7.000000000000000000, 0.000000000000000000 ) ) ;
#522 = EDGE_CURVE ( 'NONE', #1938, #78, #309, .T. ) ;
#523 = ORIENTED_EDGE ( 'NONE', *, *, #2187, .T. ) ;
#524 = DIRECTION ( 'NONE',  ( 0.000000000000000000, 0.000000000000000000, 1.000000000000000000 ) ) ;
#525 = ORIENTED_EDGE ( 'NONE', *, *, #2912, .T. ) ;
#526 = CARTESIAN_POINT ( 'NONE',  ( 1.377727649045471288E-16, 0.000000000000000000, 5.062000000003367362 ) ) ;
#527 = ORIENTED_EDGE ( 'NONE', *, *, #921, .T. ) ;
#528 = DIRECTION ( 'NONE',  ( -0.000000000000000000, -1.000000000000000000, -0.000000000000000000 ) ) ;
#529 = ORIENTED_EDGE ( 'NONE', *, *, #2511, .F. ) ;
#530 = EDGE_CURVE ( 'NONE', #1008, #1356, #85, .T. ) ;
#531 = LINE ( 'NONE', #1732, #2811 ) ;
#532 = AXIS2_PLACEMENT_3D ( 'NONE', #500, #1885, #1841 ) ;
#533 = AXIS2_PLACEMENT_3D ( 'NONE', #2455, #2926, #2714 ) ;
#534 = DIRECTION ( 'NONE',  ( 0.000000000000000000, 0.000000000000000000, 1.000000000000000000 ) ) ;
#535 = AXIS2_PLACEMENT_3D ( 'NONE', #1793, #2710, #1765 ) ;
#536 = PRESENTATION_STYLE_ASSIGNMENT (( #1066 ) ) ;
#537 = AXIS2_PLACEMENT_3D ( 'NONE', #550, #344, #1256 ) ;
#538 = DIRECTION ( 'NONE',  ( 0.000000000000000000, 0.000000000000000000, 1.000000000000000000 ) ) ;
#539 = VECTOR ( 'NONE', #129, 1000.000000000000000 ) ;
#540 = ORIENTED_EDGE ( 'NONE', *, *, #1789, .T. ) ;
#541 = CIRCLE ( 'NONE', #1751, 21.51210508585769432 ) ;
#542 = CIRCLE ( 'NONE', #2334, 1.499999999999997780 ) ;
#543 = VECTOR ( 'NONE', #1437, 1000.000000000000000 ) ;
#544 = DIRECTION ( 'NONE',  ( -0.000000000000000000, -1.000000000000000000, -0.000000000000000000 ) ) ;
#545 = VERTEX_POINT ( 'NONE', #2408 ) ;
#546 = EDGE_CURVE ( 'NONE', #1224, #1803, #1525, .T. ) ;
#547 = EDGE_CURVE ( 'NONE', #1013, #2478, #2279, .T. ) ;
#548 = LINE ( 'NONE', #2133, #2220 ) ;
#549 = DIRECTION ( 'NONE',  ( 0.000000000000000000, 0.000000000000000000, -1.000000000000000000 ) ) ;
#550 = CARTESIAN_POINT ( 'NONE',  ( 0.000000000000000000, 7.000000000000000000, 0.000000000000000000 ) ) ;
#551 = ORIENTED_EDGE ( 'NONE', *, *, #2589, .F. ) ;
#552 = EDGE_CURVE ( 'NONE', #2106, #1787, #379, .T. ) ;
#553 = CARTESIAN_POINT ( 'NONE',  ( 14.60007754174561612, 55.47031231841406651, -15.79899999999999416 ) ) ;
#554 = DIRECTION ( 'NONE',  ( 0.000000000000000000, 0.000000000000000000, 1.000000000000000000 ) ) ;
#555 = CYLINDRICAL_SURFACE ( 'NONE', #1744, 7.493000000000000327 ) ;
#556 = FACE_OUTER_BOUND ( 'NONE', #2967, .T. ) ;
#557 = ORIENTED_EDGE ( 'NONE', *, *, #2872, .T. ) ;
#558 = CARTESIAN_POINT ( 'NONE',  ( 1.387778780781445676E-14, 3.272000000000000242, -1.040834085586084257E-14 ) ) ;
#559 = ORIENTED_EDGE ( 'NONE', *, *, #471, .T. ) ;
#560 = CARTESIAN_POINT ( 'NONE',  ( -7.500000000000043521, 2.399999999999975930, -15.87499999999955591 ) ) ;
#561 = CARTESIAN_POINT ( 'NONE',  ( 27.91950000000000287, 9.080000000000001847, 9.677999999999999048 ) ) ;
#562 = ORIENTED_EDGE ( 'NONE', *, *, #2851, .F. ) ;
#563 = FACE_BOUND ( 'NONE', #488, .T. ) ;
#564 = VERTEX_POINT ( 'NONE', #808 ) ;
#565 = CARTESIAN_POINT ( 'NONE',  ( -27.72963113701302618, 9.080000000000001847, 17.82963113701315194 ) ) ;
#566 = CARTESIAN_POINT ( 'NONE',  ( -27.58578643762692195, 0.000000000000000000, -21.41421356237308160 ) ) ;
#567 = CARTESIAN_POINT ( 'NONE',  ( 7.500000000000007105, 9.080000000000001847, 17.37500000000062172 ) ) ;
#568 = DIRECTION ( 'NONE',  ( 0.000000000000000000, 0.000000000000000000, -1.000000000000000000 ) ) ;
#569 = VERTEX_POINT ( 'NONE', #2648 ) ;
#570 = FACE_OUTER_BOUND ( 'NONE', #2241, .T. ) ;
#571 = ORIENTED_EDGE ( 'NONE', *, *, #404, .T. ) ;
#572 = DIRECTION ( 'NONE',  ( 0.7071067811865512365, 0.000000000000000000, 0.7071067811865439090 ) ) ;
#573 = CARTESIAN_POINT ( 'NONE',  ( -31.20950000000000202, 7.680000000000001492, -14.22305627484770874 ) ) ;
#574 = ORIENTED_EDGE ( 'NONE', *, *, #1713, .F. ) ;
#575 = PLANE ( 'NONE',  #358 ) ;
#576 = ORIENTED_EDGE ( 'NONE', *, *, #337, .F. ) ;
#577 = ADVANCED_FACE ( 'NONE', ( #1942 ), #820, .F. ) ;
#578 = CYLINDRICAL_SURFACE ( 'NONE', #1755, 1.999999999999980904 ) ;
#579 = EDGE_CURVE ( 'NONE', #44, #2364, #2843, .T. ) ;
#580 = DIRECTION ( 'NONE',  ( 0.000000000000000000, 0.000000000000000000, -1.000000000000000000 ) ) ;
#581 = EDGE_CURVE ( 'NONE', #1002, #2737, #1290, .T. ) ;
#582 = PLANE ( 'NONE',  #2225 ) ;
#583 = CIRCLE ( 'NONE', #877, 2.000000000000001776 ) ;
#584 = DIRECTION ( 'NONE',  ( 0.000000000000000000, 0.000000000000000000, 1.000000000000000000 ) ) ;
#585 = VERTEX_POINT ( 'NONE', #1911 ) ;
#586 = AXIS2_PLACEMENT_3D ( 'NONE', #598, #1292, #336 ) ;
#587 = DIRECTION ( 'NONE',  ( -0.000000000000000000, -1.000000000000000000, -0.000000000000000000 ) ) ;
#588 = ORIENTED_EDGE ( 'NONE', *, *, #183, .F. ) ;
#589 = AXIS2_PLACEMENT_3D ( 'NONE', #1232, #120, #2637 ) ;
#590 = CIRCLE ( 'NONE', #2905, 22.03950000000000031 ) ;
#591 = VECTOR ( 'NONE', #1922, 1000.000000000000000 ) ;
#592 = VECTOR ( 'NONE', #1255, 1000.000000000000000 ) ;
#593 = CARTESIAN_POINT ( 'NONE',  ( -26.17157287525383325, 4.000000000000000000, -21.99999999999998579 ) ) ;
#594 = CARTESIAN_POINT ( 'NONE',  ( 1.166576167306326538E-14, 0.000000000000000000, 21.99999999999999289 ) ) ;
#595 = ORIENTED_EDGE ( 'NONE', *, *, #1899, .F. ) ;
#596 = DIRECTION ( 'NONE',  ( -0.000000000000000000, -1.000000000000000000, -0.000000000000000000 ) ) ;
#597 = DIRECTION ( 'NONE',  ( 0.000000000000000000, 1.000000000000000000, -0.000000000000000000 ) ) ;
#598 = CARTESIAN_POINT ( 'NONE',  ( 26.17157287525383325, 0.000000000000000000, 19.99999999999997513 ) ) ;
#599 = LINE ( 'NONE', #846, #1169 ) ;
#600 = ORIENTED_EDGE ( 'NONE', *, *, #2215, .F. ) ;
#601 = EDGE_CURVE ( 'NONE', #1393, #2350, #2857, .T. ) ;
#602 = FACE_OUTER_BOUND ( 'NONE', #443, .T. ) ;
#603 = ORIENTED_EDGE ( 'NONE', *, *, #1750, .T. ) ;
#604 = EDGE_CURVE ( 'NONE', #2984, #519, #1245, .T. ) ;
#605 = DIRECTION ( 'NONE',  ( 0.000000000000000000, 0.000000000000000000, -1.000000000000000000 ) ) ;
#606 = EDGE_LOOP ( 'NONE', ( #1243, #2524, #2166, #2931 ) ) ;
#607 = FACE_OUTER_BOUND ( 'NONE', #2921, .T. ) ;
#608 = EDGE_CURVE ( 'NONE', #2420, #1435, #2740, .T. ) ;
#609 = ORIENTED_EDGE ( 'NONE', *, *, #1105, .F. ) ;
#610 = DIRECTION ( 'NONE',  ( 2.428207336593342296E-16, 0.000000000000000000, -1.000000000000000000 ) ) ;
#611 = CARTESIAN_POINT ( 'NONE',  ( 1.387778780781445676E-14, 3.272000000000000242, -1.040834085586084257E-14 ) ) ;
#612 = DIRECTION ( 'NONE',  ( -0.000000000000000000, -1.000000000000000000, -0.000000000000000000 ) ) ;
#613 = DIRECTION ( 'NONE',  ( 0.000000000000000000, 0.000000000000000000, -1.000000000000000000 ) ) ;
#614 = EDGE_LOOP ( 'NONE', ( #2371, #2359, #2435, #319 ) ) ;
#615 = DIRECTION ( 'NONE',  ( 0.000000000000000000, 0.000000000000000000, 1.000000000000000000 ) ) ;
#616 = EDGE_CURVE ( 'NONE', #2001, #187, #885, .T. ) ;
#617 = CARTESIAN_POINT ( 'NONE',  ( 6.014487435524266346, 4.000000000000000000, 20.65421521416162065 ) ) ;
#618 = ORIENTED_EDGE ( 'NONE', *, *, #204, .T. ) ;
#619 = ADVANCED_FACE ( 'NONE', ( #2224 ), #2727, .F. ) ;
#620 = DIRECTION ( 'NONE',  ( 0.000000000000000000, 0.000000000000000000, 1.000000000000000000 ) ) ;
#621 = EDGE_LOOP ( 'NONE', ( #512, #1759, #1616, #272 ) ) ;
#622 = CARTESIAN_POINT ( 'NONE',  ( -7.500000000000043521, 0.000000000000000000, -18.87499999999955946 ) ) ;
#623 = ORIENTED_EDGE ( 'NONE', *, *, #371, .T. ) ;
#624 = CARTESIAN_POINT ( 'NONE',  ( -31.20950000000000202, 7.680000000000001492, -15.27994372515229315 ) ) ;
#625 = CARTESIAN_POINT ( 'NONE',  ( 1.628301409664674354E-15, 9.080000000000001847, 7.436000000000005272 ) ) ;
#626 = LINE ( 'NONE', #2985, #2950 ) ;
#627 = FACE_OUTER_BOUND ( 'NONE', #2940, .T. ) ;
#628 = LINE ( 'NONE', #2457, #1118 ) ;
#629 = EDGE_LOOP ( 'NONE', ( #1927, #1253 ) ) ;
#630 = PLANE ( 'NONE',  #2961 ) ;
#631 = VERTEX_POINT ( 'NONE', #2018 ) ;
#632 = AXIS2_PLACEMENT_3D ( 'NONE', #1474, #1312, #169 ) ;
#633 = AXIS2_PLACEMENT_3D ( 'NONE', #1162, #436, #2076 ) ;
#634 = VECTOR ( 'NONE', #1815, 1000.000000000000000 ) ;
#635 = CIRCLE ( 'NONE', #357, 21.51210508585769432 ) ;
#636 = CIRCLE ( 'NONE', #2179, 3.600000000000033840 ) ;
#637 = DIRECTION ( 'NONE',  ( 0.000000000000000000, 0.000000000000000000, -1.000000000000000000 ) ) ;
#638 = FACE_OUTER_BOUND ( 'NONE', #283, .T. ) ;
#639 = VECTOR ( 'NONE', #774, 1000.000000000000000 ) ;
#640 = ORIENTED_EDGE ( 'NONE', *, *, #513, .T. ) ;
#641 = AXIS2_PLACEMENT_3D ( 'NONE', #1624, #1204, #1428 ) ;
#642 = EDGE_CURVE ( 'NONE', #1787, #1589, #1659, .T. ) ;
#643 = VECTOR ( 'NONE', #1082, 1000.000000000000000 ) ;
#644 = DIRECTION ( 'NONE',  ( -0.000000000000000000, -1.000000000000000000, -0.000000000000000000 ) ) ;
#645 = AXIS2_PLACEMENT_3D ( 'NONE', #1543, #417, #2238 ) ;
#646 = DIRECTION ( 'NONE',  ( 0.000000000000000000, 0.000000000000000000, -1.000000000000000000 ) ) ;
#647 = EDGE_CURVE ( 'NONE', #681, #1323, #1805, .T. ) ;
#648 = DIRECTION ( 'NONE',  ( 1.000000000000000000, -0.000000000000000000, 0.000000000000000000 ) ) ;
#649 = CARTESIAN_POINT ( 'NONE',  ( 0.000000000000000000, 4.000000000000000000, 0.000000000000000000 ) ) ;
#650 = CARTESIAN_POINT ( 'NONE',  ( 0.000000000000000000, 4.000000000000000000, 0.000000000000000000 ) ) ;
#651 = VERTEX_POINT ( 'NONE', #842 ) ;
#652 = DIRECTION ( 'NONE',  ( -0.000000000000000000, -1.000000000000000000, -0.000000000000000000 ) ) ;
#653 = EDGE_LOOP ( 'NONE', ( #2335, #1810, #787 ) ) ;
#654 = CARTESIAN_POINT ( 'NONE',  ( -10.90522022592027440, 4.000000000000000000, -18.54310753485412633 ) ) ;
#655 = ORIENTED_EDGE ( 'NONE', *, *, #1901, .F. ) ;
#656 = DIRECTION ( 'NONE',  ( -0.000000000000000000, 1.000000000000000000, -0.000000000000000000 ) ) ;
#657 = ORIENTED_EDGE ( 'NONE', *, *, #1471, .T. ) ;
#658 = DIRECTION ( 'NONE',  ( 0.000000000000000000, 0.000000000000000000, 1.000000000000000000 ) ) ;
#659 = DIRECTION ( 'NONE',  ( 1.000000000000000000, 0.000000000000000000, 8.759017803467855897E-16 ) ) ;
#660 = CARTESIAN_POINT ( 'NONE',  ( 27.72963113701214510, 0.000000000000000000, -13.22963113701126581 ) ) ;
#661 = DIRECTION ( 'NONE',  ( 0.000000000000000000, 0.000000000000000000, -1.000000000000000000 ) ) ;
#662 = FACE_OUTER_BOUND ( 'NONE', #2399, .T. ) ;
#663 = ORIENTED_EDGE ( 'NONE', *, *, #1146, .F. ) ;
#664 = DIRECTION ( 'NONE',  ( 0.000000000000000000, 0.000000000000000000, 1.000000000000000000 ) ) ;
#665 = ORIENTED_EDGE ( 'NONE', *, *, #2167, .F. ) ;
#666 = CARTESIAN_POINT ( 'NONE',  ( 35.00000000000001421, 4.000000000000000000, 0.000000000000000000 ) ) ;
#667 = EDGE_LOOP ( 'NONE', ( #2588, #2888, #2480, #1459 ) ) ;
#668 = CARTESIAN_POINT ( 'NONE',  ( -32.31967754153958339, 9.080000000000001847, -16.68032245846038464 ) ) ;
#669 = ORIENTED_EDGE ( 'NONE', *, *, #1143, .T. ) ;
#670 = CARTESIAN_POINT ( 'NONE',  ( 14.60007754174561612, 9.080000000000001847, 15.79899999999999771 ) ) ;
#671 = VERTEX_POINT ( 'NONE', #670 ) ;
#672 = APPLICATION_CONTEXT ( 'automotive_design' ) ;
#673 = DIRECTION ( 'NONE',  ( -0.000000000000000000, -1.000000000000000000, 0.000000000000000000 ) ) ;
#674 = DIRECTION ( 'NONE',  ( 0.000000000000000000, 0.000000000000000000, 1.000000000000000000 ) ) ;
#675 = ADVANCED_FACE ( 'NONE', ( #210 ), #1812, .F. ) ;
#676 = EDGE_CURVE ( 'NONE', #515, #1999, #900, .T. ) ;
#677 = PLANE ( 'NONE',  #2171 ) ;
#678 = EDGE_CURVE ( 'NONE', #2141, #1682, #1993, .T. ) ;
#679 = ORIENTED_EDGE ( 'NONE', *, *, #2785, .T. ) ;
#680 = CARTESIAN_POINT ( 'NONE',  ( -31.20950000000000202, 9.880000000000000782, -14.75150000000000006 ) ) ;
#681 = VERTEX_POINT ( 'NONE', #1109 ) ;
#682 = DIRECTION ( 'NONE',  ( -0.000000000000000000, -1.000000000000000000, -0.000000000000000000 ) ) ;
#683 = CIRCLE ( 'NONE', #205, 21.51210508585769432 ) ;
#684 = PRESENTATION_STYLE_ASSIGNMENT (( #866 ) ) ;
#685 = AXIS2_PLACEMENT_3D ( 'NONE', #2731, #2232, #2249 ) ;
#686 = ORIENTED_EDGE ( 'NONE', *, *, #1337, .T. ) ;
#687 = VECTOR ( 'NONE', #75, 1000.000000000000000 ) ;
#688 = AXIS2_PLACEMENT_3D ( 'NONE', #1971, #2361, #1018 ) ;
#689 = VECTOR ( 'NONE', #96, 1000.000000000000000 ) ;
#690 = CARTESIAN_POINT ( 'NONE',  ( -15.21892165200937974, 9.080000000000001847, -9.678000000000002601 ) ) ;
#691 = AXIS2_PLACEMENT_3D ( 'NONE', #119, #1003, #2878 ) ;
#692 = ORIENTED_EDGE ( 'NONE', *, *, #1020, .F. ) ;
#693 = AXIS2_PLACEMENT_3D ( 'NONE', #2492, #2027, #637 ) ;
#694 = AXIS2_PLACEMENT_3D ( 'NONE', #469, #742, #1599 ) ;
#695 = CIRCLE ( 'NONE', #114, 7.493000000000000327 ) ;
#696 = CIRCLE ( 'NONE', #1946, 1.499999999999997780 ) ;
#697 = DIRECTION ( 'NONE',  ( -0.000000000000000000, -1.000000000000000000, 0.000000000000000000 ) ) ;
#698 = FACE_BOUND ( 'NONE', #718, .T. ) ;
#699 = DIRECTION ( 'NONE',  ( 0.000000000000000000, 0.000000000000000000, -1.000000000000000000 ) ) ;
#700 = ORIENTED_EDGE ( 'NONE', *, *, #1564, .F. ) ;
#701 = DIRECTION ( 'NONE',  ( 0.000000000000000000, 0.000000000000000000, 1.000000000000000000 ) ) ;
#702 = EDGE_LOOP ( 'NONE', ( #913, #1577 ) ) ;
#703 = EDGE_CURVE ( 'NONE', #44, #918, #1466, .T. ) ;
#704 = CARTESIAN_POINT ( 'NONE',  ( 0.000000000000000000, 4.000000000000000000, 0.000000000000000000 ) ) ;
#705 = ORIENTED_EDGE ( 'NONE', *, *, #463, .T. ) ;
#706 = ORIENTED_EDGE ( 'NONE', *, *, #1691, .F. ) ;
#707 = CARTESIAN_POINT ( 'NONE',  ( 31.20950000000000202, 9.880000000000000782, 14.22305627484771584 ) ) ;
#708 = EDGE_CURVE ( 'NONE', #383, #1742, #1596, .T. ) ;
#709 = VERTEX_POINT ( 'NONE', #2466 ) ;
#710 = CARTESIAN_POINT ( 'NONE',  ( 27.91949999999998866, 9.080000000000001847, -4.320482791037863271E-14 ) ) ;
#711 = FACE_BOUND ( 'NONE', #629, .T. ) ;
#712 = DIRECTION ( 'NONE',  ( 0.000000000000000000, 0.000000000000000000, 1.000000000000000000 ) ) ;
#713 = EDGE_LOOP ( 'NONE', ( #428, #1229, #1037, #847 ) ) ;
#714 = FACE_OUTER_BOUND ( 'NONE', #2884, .T. ) ;
#715 = ADVANCED_FACE ( 'NONE', ( #2004 ), #2522, .T. ) ;
#716 = EDGE_LOOP ( 'NONE', ( #2900, #2903, #2816, #82 ) ) ;
#717 = DIRECTION ( 'NONE',  ( 0.000000000000000000, 0.000000000000000000, 1.000000000000000000 ) ) ;
#718 = EDGE_LOOP ( 'NONE', ( #30, #185 ) ) ;
#719 = EDGE_CURVE ( 'NONE', #1710, #157, #695, .T. ) ;
#720 = EDGE_CURVE ( 'NONE', #1380, #2754, #854, .T. ) ;
#721 = CARTESIAN_POINT ( 'NONE',  ( 0.000000000000000000, 9.080000000000001847, 0.000000000000000000 ) ) ;
#722 = VERTEX_POINT ( 'NONE', #2269 ) ;
#723 = CARTESIAN_POINT ( 'NONE',  ( -31.20950000000000202, 9.080000000000001847, -14.75150000000000006 ) ) ;
#724 = PLANE ( 'NONE',  #1515 ) ;
#725 = DIRECTION ( 'NONE',  ( 0.000000000000000000, 0.000000000000000000, -1.000000000000000000 ) ) ;
#726 = CARTESIAN_POINT ( 'NONE',  ( -31.88049999999999784, 9.080000000000001847, 0.000000000000000000 ) ) ;
#727 = CARTESIAN_POINT ( 'NONE',  ( 14.60007754174561612, 4.000000000000000000, 15.79899999999999771 ) ) ;
#728 = EDGE_LOOP ( 'NONE', ( #1159, #2550, #416, #1561, #285, #1626, #557, #1015, #491, #2444, #1490, #2521, #1772, #226, #2312, #2863, #2160, #1050, #2720, #2125, #2482, #1236, #1930, #465, #686, #1331, #2581, #1917 ) ) ;
#729 = DIRECTION ( 'NONE',  ( 0.000000000000000000, 0.000000000000000000, -1.000000000000000000 ) ) ;
#730 = ORIENTED_EDGE ( 'NONE', *, *, #2061, .F. ) ;
#731 = VERTEX_POINT ( 'NONE', #1778 ) ;
#732 = DIRECTION ( 'NONE',  ( 0.000000000000000000, 0.000000000000000000, 1.000000000000000000 ) ) ;
#733 = VERTEX_POINT ( 'NONE', #2691 ) ;
#734 = EDGE_CURVE ( 'NONE', #2023, #1283, #784, .T. ) ;
#735 = CIRCLE ( 'NONE', #632, 1.500000000000001332 ) ;
#736 = CIRCLE ( 'NONE', #2418, 21.51210508585769432 ) ;
#737 = EDGE_CURVE ( 'NONE', #1731, #2774, #542, .T. ) ;
#738 = AXIS2_PLACEMENT_3D ( 'NONE', #726, #1647, #1040 ) ;
#739 = CARTESIAN_POINT ( 'NONE',  ( 31.88049999999999784, 7.000000000000000000, 7.435999999999998167 ) ) ;
#740 = AXIS2_PLACEMENT_3D ( 'NONE', #1262, #130, #1004 ) ;
#741 = VECTOR ( 'NONE', #1036, 1000.000000000000227 ) ;
#742 = DIRECTION ( 'NONE',  ( -0.000000000000000000, -1.000000000000000000, -0.000000000000000000 ) ) ;
#743 = ADVANCED_FACE ( 'NONE', ( #1792 ), #2707, .F. ) ;
#744 = VECTOR ( 'NONE', #938, 1000.000000000000000 ) ;
#745 = CYLINDRICAL_SURFACE ( 'NONE', #2606, 2.000000000000001776 ) ;
#746 = AXIS2_PLACEMENT_3D ( 'NONE', #758, #800, #1711 ) ;
#747 = ORIENTED_EDGE ( 'NONE', *, *, #1086, .T. ) ;
#748 = CARTESIAN_POINT ( 'NONE',  ( 10.90522022592068474, 55.47031231841406651, 18.54310753485388830 ) ) ;
#749 = ORIENTED_EDGE ( 'NONE', *, *, #2781, .F. ) ;
#750 = CARTESIAN_POINT ( 'NONE',  ( 27.91949999999998866, 7.000000000000000000, -4.320482791037863271E-14 ) ) ;
#751 = DIRECTION ( 'NONE',  ( -0.000000000000000000, -1.000000000000000000, -0.000000000000000000 ) ) ;
#752 = VERTEX_POINT ( 'NONE', #1658 ) ;
#753 = CARTESIAN_POINT ( 'NONE',  ( 27.91949999999999932, 9.080000000000001847, 7.435999999999999055 ) ) ;
#754 = CARTESIAN_POINT ( 'NONE',  ( -34.41421356237309936, 0.000000000000000000, -14.58578643762685445 ) ) ;
#755 = ORIENTED_EDGE ( 'NONE', *, *, #1479, .F. ) ;
#756 = CARTESIAN_POINT ( 'NONE',  ( 0.000000000000000000, 7.000000000000000000, 9.677999999999999048 ) ) ;
#757 = ORIENTED_EDGE ( 'NONE', *, *, #901, .T. ) ;
#758 = CARTESIAN_POINT ( 'NONE',  ( 31.88049999999999784, 9.080000000000001847, 0.000000000000000000 ) ) ;
#759 = ORIENTED_EDGE ( 'NONE', *, *, #2634, .F. ) ;
#760 = CARTESIAN_POINT ( 'NONE',  ( 0.000000000000000000, 55.47031231841406651, 0.000000000000000000 ) ) ;
#761 = EDGE_LOOP ( 'NONE', ( #2357, #759, #23, #133 ) ) ;
#762 = DIRECTION ( 'NONE',  ( 0.000000000000000000, 0.000000000000000000, 1.000000000000000000 ) ) ;
#763 = DIRECTION ( 'NONE',  ( 0.000000000000000000, 1.000000000000000000, 0.000000000000000000 ) ) ;
#764 = CARTESIAN_POINT ( 'NONE',  ( -27.72963113701302618, 6.980000000000004867, 16.22963113701315763 ) ) ;
#765 = CARTESIAN_POINT ( 'NONE',  ( -27.72963113701302618, 9.080000000000001847, 14.72963113701316118 ) ) ;
#766 = EDGE_CURVE ( 'NONE', #472, #2364, #2380, .T. ) ;
#767 = ORIENTED_EDGE ( 'NONE', *, *, #2204, .F. ) ;
#768 = ADVANCED_FACE ( 'NONE', ( #1615 ), #227, .F. ) ;
#769 = DIRECTION ( 'NONE',  ( 0.000000000000000000, 0.000000000000000000, 1.000000000000000000 ) ) ;
#770 = VERTEX_POINT ( 'NONE', #508 ) ;
#771 = CARTESIAN_POINT ( 'NONE',  ( 31.88049999999999784, 9.080000000000001847, -9.678000000000002601 ) ) ;
#772 = FACE_OUTER_BOUND ( 'NONE', #702, .T. ) ;
#773 = ORIENTED_EDGE ( 'NONE', *, *, #182, .F. ) ;
#774 = DIRECTION ( 'NONE',  ( 0.000000000000000000, 0.000000000000000000, 1.000000000000000000 ) ) ;
#775 = CONICAL_SURFACE ( 'NONE', #2563, 1.500000000000001332, 0.9197196053504173019 ) ;
#776 = FACE_OUTER_BOUND ( 'NONE', #53, .T. ) ;
#777 = CIRCLE ( 'NONE', #2468, 9.000000000000000000 ) ;
#778 = DIRECTION ( 'NONE',  ( -0.000000000000000000, -1.000000000000000000, 0.000000000000000000 ) ) ;
#779 = AXIS2_PLACEMENT_3D ( 'NONE', #2307, #1177, #244 ) ;
#780 = DIRECTION ( 'NONE',  ( 0.000000000000000000, 1.000000000000000000, -0.000000000000000000 ) ) ;
#781 = VECTOR ( 'NONE', #481, 1000.000000000000000 ) ;
#782 = ORIENTED_EDGE ( 'NONE', *, *, #642, .F. ) ;
#783 = CIRCLE ( 'NONE', #2571, 3.100000000000005418 ) ;
#784 = CIRCLE ( 'NONE', #1853, 3.100000000000005418 ) ;
#785 = VECTOR ( 'NONE', #2641, 1000.000000000000000 ) ;
#786 = CARTESIAN_POINT ( 'NONE',  ( 1.377727649045471288E-16, 0.000000000000000000, -2.811999999996631416 ) ) ;
#787 = ORIENTED_EDGE ( 'NONE', *, *, #1403, .T. ) ;
#788 = ADVANCED_FACE ( 'NONE', ( #253 ), #2861, .F. ) ;
#789 = EDGE_CURVE ( 'NONE', #2619, #1081, #2555, .T. ) ;
#790 = DIRECTION ( 'NONE',  ( -0.000000000000000000, -1.000000000000000000, -0.000000000000000000 ) ) ;
#791 = FACE_BOUND ( 'NONE', #295, .T. ) ;
#792 = DIRECTION ( 'NONE',  ( -0.000000000000000000, -1.000000000000000000, -0.000000000000000000 ) ) ;
#793 = ORIENTED_EDGE ( 'NONE', *, *, #719, .T. ) ;
#794 = FACE_OUTER_BOUND ( 'NONE', #1205, .T. ) ;
#795 = DIRECTION ( 'NONE',  ( -0.000000000000000000, -1.000000000000000000, 0.000000000000000000 ) ) ;
#796 = DIRECTION ( 'NONE',  ( -0.000000000000000000, -1.000000000000000000, -0.000000000000000000 ) ) ;
#797 = DIRECTION ( 'NONE',  ( -0.000000000000000000, -1.000000000000000000, -0.000000000000000000 ) ) ;
#798 = ORIENTED_EDGE ( 'NONE', *, *, #2407, .F. ) ;
#799 = ADVANCED_FACE ( 'NONE', ( #2583 ), #1144, .F. ) ;
#800 = DIRECTION ( 'NONE',  ( 1.000000000000000000, 0.000000000000000000, 0.000000000000000000 ) ) ;
#801 = ORIENTED_EDGE ( 'NONE', *, *, #2319, .T. ) ;
#802 = LINE ( 'NONE', #2885, #353 ) ;
#803 = CARTESIAN_POINT ( 'NONE',  ( -34.41421356237309936, 4.000000000000000000, -14.58578643762685445 ) ) ;
#804 = EDGE_CURVE ( 'NONE', #95, #2153, #1173, .T. ) ;
#805 = CARTESIAN_POINT ( 'NONE',  ( 10.13294086911043124, 6.540000000000000924, 14.91987833707472255 ) ) ;
#806 = ADVANCED_FACE ( 'NONE', ( #2073 ), #2798, .T. ) ;
#807 = ORIENTED_EDGE ( 'NONE', *, *, #2818, .F. ) ;
#808 = CARTESIAN_POINT ( 'NONE',  ( -31.88049999999999784, 7.000000000000000000, 9.677999999999999048 ) ) ;
#809 = UNCERTAINTY_MEASURE_WITH_UNIT (LENGTH_MEASURE( 1.000000000000000082E-05 ), #1383, 'distance_accuracy_value', 'NONE');
#810 = DIRECTION ( 'NONE',  ( 0.000000000000000000, 0.000000000000000000, 1.000000000000000000 ) ) ;
#811 =( NAMED_UNIT ( * ) PLANE_ANGLE_UNIT ( ) SI_UNIT ( $, .RADIAN. ) );
#812 = FACE_OUTER_BOUND ( 'NONE', #1915, .T. ) ;
#813 = EDGE_LOOP ( 'NONE', ( #2871, #254, #67, #1115, #2237, #841 ) ) ;
#814 = LINE ( 'NONE', #2883, #834 ) ;
#815 = VERTEX_POINT ( 'NONE', #29 ) ;
#816 = LINE ( 'NONE', #560, #1650 ) ;
#817 = DIRECTION ( 'NONE',  ( 0.000000000000000000, 0.000000000000000000, 1.000000000000000000 ) ) ;
#818 = DIRECTION ( 'NONE',  ( 0.000000000000000000, 0.000000000000000000, 1.000000000000000000 ) ) ;
#819 = VERTEX_POINT ( 'NONE', #239 ) ;
#820 = CYLINDRICAL_SURFACE ( 'NONE', #2472, 1.500000000000001332 ) ;
#821 = EDGE_CURVE ( 'NONE', #124, #1154, #1217, .T. ) ;
#822 = CARTESIAN_POINT ( 'NONE',  ( 34.41421356237312068, 0.000000000000000000, 14.58578643762685267 ) ) ;
#823 = AXIS2_PLACEMENT_3D ( 'NONE', #962, #2575, #342 ) ;
#824 = EDGE_CURVE ( 'NONE', #2685, #1634, #518, .T. ) ;
#825 = CIRCLE ( 'NONE', #1602, 21.51210508585769432 ) ;
#826 = DIRECTION ( 'NONE',  ( -0.000000000000000000, -1.000000000000000000, -0.000000000000000000 ) ) ;
#827 = ORIENTED_EDGE ( 'NONE', *, *, #2445, .F. ) ;
#828 = AXIS2_PLACEMENT_3D ( 'NONE', #2064, #2925, #2033 ) ;
#829 = VECTOR ( 'NONE', #335, 1000.000000000000000 ) ;
#830 = TOROIDAL_SURFACE ( 'NONE', #2850, 0.5284437251522920986, 2.200000000000000178 ) ;
#831 = CIRCLE ( 'NONE', #2229, 2.124999999999999112 ) ;
#832 = DIRECTION ( 'NONE',  ( 0.000000000000000000, 0.000000000000000000, 1.000000000000000000 ) ) ;
#833 = ORIENTED_EDGE ( 'NONE', *, *, #2845, .F. ) ;
#834 = VECTOR ( 'NONE', #544, 1000.000000000000000 ) ;
#835 = MECHANICAL_DESIGN_GEOMETRIC_PRESENTATION_REPRESENTATION (  '', ( #2132 ), #2085 ) ;
#836 = AXIS2_PLACEMENT_3D ( 'NONE', #180, #1098, #2020 ) ;
#837 = CIRCLE ( 'NONE', #1371, 2.000000000000001776 ) ;
#838 = LINE ( 'NONE', #803, #305 ) ;
#839 = ORIENTED_EDGE ( 'NONE', *, *, #1398, .F. ) ;
#840 = DIRECTION ( 'NONE',  ( 0.000000000000000000, 0.000000000000000000, 1.000000000000000000 ) ) ;
#841 = ORIENTED_EDGE ( 'NONE', *, *, #2500, .F. ) ;
#842 = CARTESIAN_POINT ( 'NONE',  ( 35.00000000000001421, 9.080000000000001847, -13.17157287525383325 ) ) ;
#843 = EDGE_CURVE ( 'NONE', #1399, #2672, #2290, .T. ) ;
#844 = FACE_OUTER_BOUND ( 'NONE', #149, .T. ) ;
#845 = DIRECTION ( 'NONE',  ( 0.000000000000000000, 0.000000000000000000, 1.000000000000000000 ) ) ;
#846 = CARTESIAN_POINT ( 'NONE',  ( -27.91950000000000287, 9.080000000000001847, -7.435999999999999055 ) ) ;
#847 = ORIENTED_EDGE ( 'NONE', *, *, #1931, .T. ) ;
#848 = FACE_OUTER_BOUND ( 'NONE', #2129, .T. ) ;
#849 = DIRECTION ( 'NONE',  ( 0.000000000000000000, 0.000000000000000000, -1.000000000000000000 ) ) ;
#850 = ORIENTED_EDGE ( 'NONE', *, *, #1680, .T. ) ;
#851 = DIRECTION ( 'NONE',  ( 0.000000000000000000, 0.000000000000000000, -1.000000000000000000 ) ) ;
#852 = DIRECTION ( 'NONE',  ( -0.000000000000000000, -1.000000000000000000, -0.000000000000000000 ) ) ;
#853 = ORIENTED_EDGE ( 'NONE', *, *, #2433, .F. ) ;
#854 = LINE ( 'NONE', #1764, #1612 ) ;
#855 = CARTESIAN_POINT ( 'NONE',  ( 0.000000000000000000, 4.000000000000000000, -3.937000000000467903 ) ) ;
#856 = CARTESIAN_POINT ( 'NONE',  ( 0.000000000000000000, 0.000000000000000000, 2.811999999995694832 ) ) ;
#857 = CARTESIAN_POINT ( 'NONE',  ( 32.59054691429192729, 9.168053535863965209, 16.40945308570804784 ) ) ;
#858 = CARTESIAN_POINT ( 'NONE',  ( 33.00000000000001421, 0.000000000000000000, 13.17157287525375864 ) ) ;
#859 = EDGE_LOOP ( 'NONE', ( #2584, #1905, #79, #2975 ) ) ;
#860 = EDGE_CURVE ( 'NONE', #722, #232, #2703, .T. ) ;
#861 = DIRECTION ( 'NONE',  ( 0.000000000000000000, 0.000000000000000000, 1.000000000000000000 ) ) ;
#862 = ORIENTED_EDGE ( 'NONE', *, *, #552, .F. ) ;
#863 = EDGE_CURVE ( 'NONE', #1188, #2914, #466, .T. ) ;
#864 = DIRECTION ( 'NONE',  ( 1.000000000000000000, -0.000000000000000000, 0.000000000000000000 ) ) ;
#865 = EDGE_CURVE ( 'NONE', #128, #400, #1416, .T. ) ;
#866 = SURFACE_STYLE_USAGE ( .BOTH. , #1094 ) ;
#867 = ORIENTED_EDGE ( 'NONE', *, *, #2526, .F. ) ;
#868 = DIRECTION ( 'NONE',  ( -0.000000000000000000, -1.000000000000000000, 0.000000000000000000 ) ) ;
#869 = FACE_OUTER_BOUND ( 'NONE', #1092, .T. ) ;
#870 = DIRECTION ( 'NONE',  ( 0.000000000000000000, 0.000000000000000000, 1.000000000000000000 ) ) ;
#871 = DIRECTION ( 'NONE',  ( 0.000000000000000000, 1.000000000000000000, -0.000000000000000000 ) ) ;
#872 = DIRECTION ( 'NONE',  ( 0.000000000000000000, 0.000000000000000000, -1.000000000000000000 ) ) ;
#873 = ORIENTED_EDGE ( 'NONE', *, *, #1101, .T. ) ;
#874 = LINE ( 'NONE', #2490, #411 ) ;
#875 = VECTOR ( 'NONE', #2983, 1000.000000000000000 ) ;
#876 = VERTEX_POINT ( 'NONE', #2773 ) ;
#877 = AXIS2_PLACEMENT_3D ( 'NONE', #858, #2476, #2519 ) ;
#878 = AXIS2_PLACEMENT_3D ( 'NONE', #1182, #1392, #2311 ) ;
#879 =( GEOMETRIC_REPRESENTATION_CONTEXT ( 3 ) GLOBAL_UNCERTAINTY_ASSIGNED_CONTEXT ( ( #1779 ) ) GLOBAL_UNIT_ASSIGNED_CONTEXT ( ( #2880, #811, #322 ) ) REPRESENTATION_CONTEXT ( 'NONE', 'WORKASPACE' ) );
#880 = AXIS2_PLACEMENT_3D ( 'NONE', #2032, #887, #2209 ) ;
#881 = CARTESIAN_POINT ( 'NONE',  ( 1.387778780781445676E-14, 6.020000000000000462, -7.493000000000010985 ) ) ;
#882 = ORIENTED_EDGE ( 'NONE', *, *, #103, .F. ) ;
#883 = VERTEX_POINT ( 'NONE', #2349 ) ;
#884 = AXIS2_PLACEMENT_3D ( 'NONE', #249, #2771, #2572 ) ;
#885 = LINE ( 'NONE', #448, #1417 ) ;
#886 = VECTOR ( 'NONE', #233, 1000.000000000000000 ) ;
#887 = DIRECTION ( 'NONE',  ( -0.000000000000000000, -1.000000000000000000, -0.000000000000000000 ) ) ;
#888 = CARTESIAN_POINT ( 'NONE',  ( -2.643762093426195483E-15, 4.000000000000000000, -9.678000000000006153 ) ) ;
#889 = CARTESIAN_POINT ( 'NONE',  ( 27.00000000000000000, 7.000000000000000000, -6.613092715395707467E-15 ) ) ;
#890 = DIRECTION ( 'NONE',  ( -0.7071067811865450192, 0.000000000000000000, 0.7071067811865500152 ) ) ;
#891 = ORIENTED_EDGE ( 'NONE', *, *, #178, .T. ) ;
#892 = CARTESIAN_POINT ( 'NONE',  ( 0.000000000000000000, 9.080000000000005400, 0.000000000000000000 ) ) ;
#893 = VERTEX_POINT ( 'NONE', #707 ) ;
#894 = EDGE_CURVE ( 'NONE', #2289, #241, #1259, .T. ) ;
#895 = DIRECTION ( 'NONE',  ( -0.000000000000000000, 1.000000000000000000, -0.000000000000000000 ) ) ;
#896 = ORIENTED_EDGE ( 'NONE', *, *, #2164, .T. ) ;
#897 = CARTESIAN_POINT ( 'NONE',  ( 0.000000000000000000, 55.47031231841406651, 0.000000000000000000 ) ) ;
#898 = ORIENTED_EDGE ( 'NONE', *, *, #493, .F. ) ;
#899 = EDGE_CURVE ( 'NONE', #2826, #95, #1187, .T. ) ;
#900 = LINE ( 'NONE', #1130, #2906 ) ;
#901 = EDGE_CURVE ( 'NONE', #1544, #234, #973, .T. ) ;
#902 = ORIENTED_EDGE ( 'NONE', *, *, #2631, .T. ) ;
#903 = CARTESIAN_POINT ( 'NONE',  ( -31.20950000000000202, 9.080000000000001847, -14.75150000000000006 ) ) ;
#904 = DIRECTION ( 'NONE',  ( -5.302618942301485877E-16, 0.000000000000000000, -1.000000000000000000 ) ) ;
#905 = CARTESIAN_POINT ( 'NONE',  ( 1.387778780781445676E-14, 4.000000000000000000, 8.999999999999989342 ) ) ;
#906 = ORIENTED_EDGE ( 'NONE', *, *, #386, .F. ) ;
#907 = DIRECTION ( 'NONE',  ( -0.000000000000000000, -1.000000000000000000, -0.000000000000000000 ) ) ;
#908 = ORIENTED_EDGE ( 'NONE', *, *, #2248, .F. ) ;
#909 = CARTESIAN_POINT ( 'NONE',  ( 0.000000000000000000, 9.880000000000000782, 0.000000000000000000 ) ) ;
#910 = DIRECTION ( 'NONE',  ( 0.000000000000000000, 1.000000000000000000, 0.000000000000000000 ) ) ;
#911 = ORIENTED_EDGE ( 'NONE', *, *, #1006, .T. ) ;
#912 = DIRECTION ( 'NONE',  ( -0.000000000000000000, -1.000000000000000000, -0.000000000000000000 ) ) ;
#913 = ORIENTED_EDGE ( 'NONE', *, *, #1899, .T. ) ;
#914 = CARTESIAN_POINT ( 'NONE',  ( -34.99999999999999289, 0.000000000000000000, 13.17157287525381371 ) ) ;
#915 = DIRECTION ( 'NONE',  ( -0.000000000000000000, -1.000000000000000000, 0.000000000000000000 ) ) ;
#916 = EDGE_CURVE ( 'NONE', #241, #2289, #1601, .T. ) ;
#917 = DIRECTION ( 'NONE',  ( 0.000000000000000000, -1.000000000000000000, 0.000000000000000000 ) ) ;
#918 = VERTEX_POINT ( 'NONE', #112 ) ;
#919 = DIRECTION ( 'NONE',  ( 9.741229098780735688E-17, 0.6060432152628557612, -0.7954317200324990678 ) ) ;
#920 = ORIENTED_EDGE ( 'NONE', *, *, #766, .T. ) ;
#921 = EDGE_CURVE ( 'NONE', #1224, #128, #2389, .T. ) ;
#922 = DIRECTION ( 'NONE',  ( 0.000000000000000000, 0.000000000000000000, 1.000000000000000000 ) ) ;
#923 = ORIENTED_EDGE ( 'NONE', *, *, #1655, .T. ) ;
#924 = AXIS2_PLACEMENT_3D ( 'NONE', #2859, #1918, #2840 ) ;
#925 = DIRECTION ( 'NONE',  ( 0.000000000000000000, 0.000000000000000000, 1.000000000000000000 ) ) ;
#926 = VECTOR ( 'NONE', #425, 1000.000000000000000 ) ;
#927 = ORIENTED_EDGE ( 'NONE', *, *, #843, .F. ) ;
#928 = VECTOR ( 'NONE', #381, 1000.000000000000000 ) ;
#929 = CIRCLE ( 'NONE', #2856, 7.493000000000000327 ) ;
#930 = CIRCLE ( 'NONE', #13, 3.599999999999999201 ) ;
#931 = CARTESIAN_POINT ( 'NONE',  ( 0.000000000000000000, 7.000000000000000000, -9.678000000000002601 ) ) ;
#932 = AXIS2_PLACEMENT_3D ( 'NONE', #2789, #2558, #346 ) ;
#933 = ORIENTED_EDGE ( 'NONE', *, *, #1677, .T. ) ;
#934 = CIRCLE ( 'NONE', #1804, 18.03549999999999898 ) ;
#935 = AXIS2_PLACEMENT_3D ( 'NONE', #624, #2907, #2923 ) ;
#936 = EDGE_CURVE ( 'NONE', #1844, #515, #56, .T. ) ;
#937 = AXIS2_PLACEMENT_3D ( 'NONE', #2434, #1043, #1472 ) ;
#938 = DIRECTION ( 'NONE',  ( -0.000000000000000000, -1.000000000000000000, -0.000000000000000000 ) ) ;
#939 = FACE_BOUND ( 'NONE', #998, .T. ) ;
#940 = DIRECTION ( 'NONE',  ( -0.000000000000000000, -1.000000000000000000, -0.000000000000000000 ) ) ;
#941 = CARTESIAN_POINT ( 'NONE',  ( -27.91950000000000287, 9.080000000000001847, -9.677999999999999048 ) ) ;
#942 = EDGE_CURVE ( 'NONE', #1188, #1589, #816, .T. ) ;
#943 = DIRECTION ( 'NONE',  ( -1.000000000000000000, 0.000000000000000000, 2.189754450866962495E-16 ) ) ;
#944 = PRODUCT_RELATED_PRODUCT_CATEGORY ( 'part', '', ( #449 ) ) ;
#945 = EDGE_LOOP ( 'NONE', ( #2780, #1443, #1876, #418, #1500, #2120 ) ) ;
#946 = CARTESIAN_POINT ( 'NONE',  ( 0.000000000000000000, 55.47031231841406651, -21.51210508585769432 ) ) ;
#947 = ORIENTED_EDGE ( 'NONE', *, *, #1546, .T. ) ;
#948 = ORIENTED_EDGE ( 'NONE', *, *, #1006, .F. ) ;
#949 = CARTESIAN_POINT ( 'NONE',  ( -1.166576167306326222E-14, 0.000000000000000000, -22.00000000000000000 ) ) ;
#950 = EDGE_LOOP ( 'NONE', ( #2602, #49 ) ) ;
#951 = CARTESIAN_POINT ( 'NONE',  ( -10.13294086911105829, 6.540000000000000924, -14.91987833707429090 ) ) ;
#952 = FACE_OUTER_BOUND ( 'NONE', #27, .T. ) ;
#953 = FACE_OUTER_BOUND ( 'NONE', #653, .T. ) ;
#954 = CARTESIAN_POINT ( 'NONE',  ( -26.17157287525383325, 9.080000000000001847, -21.99999999999998579 ) ) ;
#955 = CARTESIAN_POINT ( 'NONE',  ( -7.500000000000043521, 9.080000000000005400, -20.97499999999959286 ) ) ;
#956 = ORIENTED_EDGE ( 'NONE', *, *, #2966, .T. ) ;
#957 = CARTESIAN_POINT ( 'NONE',  ( 31.20950000000000202, 9.080000000000001847, 14.75150000000000006 ) ) ;
#958 = EDGE_CURVE ( 'NONE', #1002, #585, #351, .T. ) ;
#959 = ORIENTED_EDGE ( 'NONE', *, *, #2538, .F. ) ;
#960 = ORIENTED_EDGE ( 'NONE', *, *, #1928, .T. ) ;
#961 = ADVANCED_FACE ( 'NONE', ( #2172 ), #2190, .F. ) ;
#962 = CARTESIAN_POINT ( 'NONE',  ( -27.00000000000000000, 0.000000000000000000, 0.000000000000000000 ) ) ;
#963 = ORIENTED_EDGE ( 'NONE', *, *, #737, .T. ) ;
#964 = CARTESIAN_POINT ( 'NONE',  ( 27.58578643762689353, 0.000000000000000000, -21.41421356237312423 ) ) ;
#965 = CARTESIAN_POINT ( 'NONE',  ( -31.88049999999999784, 7.000000000000000000, -7.436000000000002608 ) ) ;
#966 = DIRECTION ( 'NONE',  ( 0.000000000000000000, 0.000000000000000000, 1.000000000000000000 ) ) ;
#967 = EDGE_LOOP ( 'NONE', ( #2014, #963, #1835, #757 ) ) ;
#968 = DIRECTION ( 'NONE',  ( -0.4988440986472996164, 0.000000000000000000, 0.8666917359965786716 ) ) ;
#969 = ORIENTED_EDGE ( 'NONE', *, *, #1471, .F. ) ;
#970 = DIRECTION ( 'NONE',  ( 0.000000000000000000, 0.000000000000000000, 1.000000000000000000 ) ) ;
#971 = CIRCLE ( 'NONE', #1410, 2.225500000000005141 ) ;
#972 = DIRECTION ( 'NONE',  ( -0.000000000000000000, -1.000000000000000000, -0.000000000000000000 ) ) ;
#973 = CIRCLE ( 'NONE', #1981, 1.499999999999997780 ) ;
#974 = ORIENTED_EDGE ( 'NONE', *, *, #1583, .T. ) ;
#975 = VECTOR ( 'NONE', #1958, 1000.000000000000000 ) ;
#976 = CIRCLE ( 'NONE', #1361, 2.225500000000005141 ) ;
#977 = VECTOR ( 'NONE', #2486, 1000.000000000000000 ) ;
#978 = CARTESIAN_POINT ( 'NONE',  ( 0.000000000000000000, 6.020000000000000462, -5.062000000004304390 ) ) ;
#979 = VECTOR ( 'NONE', #2188, 1000.000000000000000 ) ;
#980 = CIRCLE ( 'NONE', #15, 3.600000000000033840 ) ;
#981 = CARTESIAN_POINT ( 'NONE',  ( 0.000000000000000000, 9.080000000000001847, 0.000000000000000000 ) ) ;
#982 = AXIS2_PLACEMENT_3D ( 'NONE', #666, #174, #2448 ) ;
#983 = VERTEX_POINT ( 'NONE', #2660 ) ;
#984 = DIRECTION ( 'NONE',  ( 1.000000000000000000, 0.000000000000000000, -8.273468532045368005E-16 ) ) ;
#985 = ORIENTED_EDGE ( 'NONE', *, *, #720, .F. ) ;
#986 = DIRECTION ( 'NONE',  ( -0.000000000000000000, -1.000000000000000000, 0.000000000000000000 ) ) ;
#987 = ORIENTED_EDGE ( 'NONE', *, *, #2542, .T. ) ;
#988 = CARTESIAN_POINT ( 'NONE',  ( 6.513205638658676117E-15, 9.080000000000001847, -7.435999999999975074 ) ) ;
#989 = ORIENTED_EDGE ( 'NONE', *, *, #647, .T. ) ;
#990 = EDGE_CURVE ( 'NONE', #1399, #1380, #1442, .T. ) ;
#991 = CARTESIAN_POINT ( 'NONE',  ( -6.014487435525716741, 55.47031231841406651, -20.65421521416119433 ) ) ;
#992 = ADVANCED_FACE ( 'NONE', ( #1034 ), #125, .F. ) ;
#993 = DIRECTION ( 'NONE',  ( 0.000000000000000000, 1.000000000000000000, -0.000000000000000000 ) ) ;
#994 = FACE_OUTER_BOUND ( 'NONE', #173, .T. ) ;
#995 = DIRECTION ( 'NONE',  ( 0.000000000000000000, 0.000000000000000000, 1.000000000000000000 ) ) ;
#996 = ORIENTED_EDGE ( 'NONE', *, *, #2445, .T. ) ;
#997 = CARTESIAN_POINT ( 'NONE',  ( 31.20950000000000202, 7.680000000000001492, 14.75150000000000006 ) ) ;
#998 = EDGE_LOOP ( 'NONE', ( #706, #908 ) ) ;
#999 = DIRECTION ( 'NONE',  ( 0.000000000000000000, 0.000000000000000000, -1.000000000000000000 ) ) ;
#1000 = DIRECTION ( 'NONE',  ( 7.421888837166264655E-17, 0.7954317200324991788, -0.6060432152628556501 ) ) ;
#1001 = ORIENTED_EDGE ( 'NONE', *, *, #2342, .F. ) ;
#1002 = VERTEX_POINT ( 'NONE', #1728 ) ;
#1003 = DIRECTION ( 'NONE',  ( 0.000000000000000000, 1.000000000000000000, 0.000000000000000000 ) ) ;
#1004 = DIRECTION ( 'NONE',  ( 0.000000000000000000, 0.000000000000000000, -1.000000000000000000 ) ) ;
#1005 = FACE_OUTER_BOUND ( 'NONE', #430, .T. ) ;
#1006 = EDGE_CURVE ( 'NONE', #815, #1888, #802, .T. ) ;
#1007 = DIRECTION ( 'NONE',  ( 0.000000000000000000, 1.000000000000000000, -0.000000000000000000 ) ) ;
#1008 = VERTEX_POINT ( 'NONE', #298 ) ;
#1009 = CARTESIAN_POINT ( 'NONE',  ( 34.41421356237312068, 4.000000000000000000, -14.58578643762692373 ) ) ;
#1010 = VERTEX_POINT ( 'NONE', #1210 ) ;
#1011 = DIRECTION ( 'NONE',  ( 0.000000000000000000, 0.6060432152628557612, 0.7954317200324989567 ) ) ;
#1012 = DIRECTION ( 'NONE',  ( 0.000000000000000000, 1.000000000000000000, -0.000000000000000000 ) ) ;
#1013 = VERTEX_POINT ( 'NONE', #1503 ) ;
#1014 = CARTESIAN_POINT ( 'NONE',  ( -15.36655977276631724, 9.080000000000001847, 15.79899999999999771 ) ) ;
#1015 = ORIENTED_EDGE ( 'NONE', *, *, #1120, .F. ) ;
#1016 = DIRECTION ( 'NONE',  ( -0.7071067811865450192, 0.000000000000000000, 0.7071067811865500152 ) ) ;
#1017 = AXIS2_PLACEMENT_3D ( 'NONE', #1469, #2384, #1904 ) ;
#1018 = DIRECTION ( 'NONE',  ( -1.000000000000000000, 0.000000000000000000, -0.000000000000000000 ) ) ;
#1019 = VECTOR ( 'NONE', #1550, 1000.000000000000114 ) ;
#1020 = EDGE_CURVE ( 'NONE', #220, #189, #548, .T. ) ;
#1021 = AXIS2_PLACEMENT_3D ( 'NONE', #1953, #1697, #1276 ) ;
#1022 = SURFACE_SIDE_STYLE ('',( #1263 ) ) ;
#1023 = VECTOR ( 'NONE', #158, 1000.000000000000000 ) ;
#1024 = CARTESIAN_POINT ( 'NONE',  ( -31.20950000000000202, 9.080000000000001847, -14.75150000000000006 ) ) ;
#1025 = VECTOR ( 'NONE', #1303, 1000.000000000000000 ) ;
#1026 = VERTEX_POINT ( 'NONE', #1456 ) ;
#1027 = EDGE_CURVE ( 'NONE', #1154, #1002, #1933, .T. ) ;
#1028 = AXIS2_PLACEMENT_3D ( 'NONE', #1611, #1167, #970 ) ;
#1029 = VECTOR ( 'NONE', #2304, 1000.000000000000000 ) ;
#1030 = EDGE_CURVE ( 'NONE', #2962, #1228, #1260, .T. ) ;
#1031 = CIRCLE ( 'NONE', #2717, 2.124999999999999112 ) ;
#1032 = CARTESIAN_POINT ( 'NONE',  ( 0.000000000000000000, 9.080000000000001847, 9.677999999999999048 ) ) ;
#1033 = ORIENTED_EDGE ( 'NONE', *, *, #1570, .T. ) ;
#1034 = FACE_OUTER_BOUND ( 'NONE', #761, .T. ) ;
#1035 = CARTESIAN_POINT ( 'NONE',  ( -27.72963113701302618, 9.080000000000001847, 11.62963113701317042 ) ) ;
#1036 = DIRECTION ( 'NONE',  ( 0.7071067811865460184, 0.000000000000000000, -0.7071067811865490160 ) ) ;
#1037 = ORIENTED_EDGE ( 'NONE', *, *, #1207, .F. ) ;
#1038 = DIRECTION ( 'NONE',  ( 0.000000000000000000, 0.000000000000000000, 1.000000000000000000 ) ) ;
#1039 = CARTESIAN_POINT ( 'NONE',  ( 7.500000000000007105, 9.080000000000001847, 17.37500000000062172 ) ) ;
#1040 = DIRECTION ( 'NONE',  ( 0.000000000000000000, 0.000000000000000000, 1.000000000000000000 ) ) ;
#1041 = CARTESIAN_POINT ( 'NONE',  ( -7.500000000000043521, 55.47031231841406651, -17.37499999999955591 ) ) ;
#1042 = ORIENTED_EDGE ( 'NONE', *, *, #1362, .T. ) ;
#1043 = DIRECTION ( 'NONE',  ( 0.000000000000000000, 1.000000000000000000, -0.000000000000000000 ) ) ;
#1044 = ORIENTED_EDGE ( 'NONE', *, *, #1135, .F. ) ;
#1045 = ADVANCED_FACE ( 'NONE', ( #1046 ), #775, .F. ) ;
#1046 = FACE_OUTER_BOUND ( 'NONE', #2553, .T. ) ;
#1047 = LINE ( 'NONE', #1035, #1701 ) ;
#1048 = ADVANCED_FACE ( 'NONE', ( #2156 ), #2828, .F. ) ;
#1049 = DIRECTION ( 'NONE',  ( -0.000000000000000000, 1.000000000000000000, -0.000000000000000000 ) ) ;
#1050 = ORIENTED_EDGE ( 'NONE', *, *, #2839, .F. ) ;
#1051 = ADVANCED_FACE ( 'NONE', ( #2629 ), #317, .F. ) ;
#1052 = CARTESIAN_POINT ( 'NONE',  ( -33.13832245846039370, 9.080000000000001847, -15.86167754153957077 ) ) ;
#1053 = CARTESIAN_POINT ( 'NONE',  ( 7.500000000000007105, 4.000000000000000000, 17.37500000000062172 ) ) ;
#1054 = DIRECTION ( 'NONE',  ( 0.000000000000000000, 0.000000000000000000, -1.000000000000000000 ) ) ;
#1055 = CYLINDRICAL_SURFACE ( 'NONE', #402, 2.124999999999999112 ) ;
#1056 = ORIENTED_EDGE ( 'NONE', *, *, #280, .F. ) ;
#1057 = DIRECTION ( 'NONE',  ( 0.7071067811865461294, 0.000000000000000000, -0.7071067811865489050 ) ) ;
#1058 = ORIENTED_EDGE ( 'NONE', *, *, #1910, .F. ) ;
#1059 = EDGE_CURVE ( 'NONE', #1976, #2314, #2221, .T. ) ;
#1060 = CARTESIAN_POINT ( 'NONE',  ( -10.73669955355786421, 9.080000000000001847, -15.79900000000000482 ) ) ;
#1061 = EDGE_LOOP ( 'NONE', ( #2510, #1907, #1688, #37 ) ) ;
#1062 = CYLINDRICAL_SURFACE ( 'NONE', #2373, 1.125000000003836487 ) ;
#1063 = ORIENTED_EDGE ( 'NONE', *, *, #2117, .F. ) ;
#1064 = CARTESIAN_POINT ( 'NONE',  ( -7.500000000000043521, 4.000000000000000000, -17.37499999999955591 ) ) ;
#1065 = CARTESIAN_POINT ( 'NONE',  ( -14.60007754174561789, 4.000000000000000000, 15.79899999999999416 ) ) ;
#1066 = SURFACE_STYLE_USAGE ( .BOTH. , #1022 ) ;
#1067 = VECTOR ( 'NONE', #917, 1000.000000000000000 ) ;
#1068 = AXIS2_PLACEMENT_3D ( 'NONE', #1426, #2344, #1202 ) ;
#1069 = DIRECTION ( 'NONE',  ( -0.000000000000000000, -1.000000000000000000, 0.000000000000000000 ) ) ;
#1070 = ORIENTED_EDGE ( 'NONE', *, *, #2186, .F. ) ;
#1071 = AXIS2_PLACEMENT_3D ( 'NONE', #455, #2730, #870 ) ;
#1072 = DIRECTION ( 'NONE',  ( -1.000000000000000000, 0.000000000000000000, -0.000000000000000000 ) ) ;
#1073 = CIRCLE ( 'NONE', #1021, 1.499999999999997780 ) ;
#1074 = AXIS2_PLACEMENT_3D ( 'NONE', #1884, #904, #1827 ) ;
#1075 = CARTESIAN_POINT ( 'NONE',  ( 0.000000000000000000, 3.272000000000000242, 0.000000000000000000 ) ) ;
#1076 = ORIENTED_EDGE ( 'NONE', *, *, #1968, .T. ) ;
#1077 = AXIS2_PLACEMENT_3D ( 'NONE', #1581, #644, #1336 ) ;
#1078 = CIRCLE ( 'NONE', #645, 2.000000000000007105 ) ;
#1079 = LINE ( 'NONE', #2044, #1465 ) ;
#1080 = LINE ( 'NONE', #594, #689 ) ;
#1081 = VERTEX_POINT ( 'NONE', #2616 ) ;
#1082 = DIRECTION ( 'NONE',  ( 1.000000000000000000, 0.000000000000000000, -2.731723593124812732E-16 ) ) ;
#1083 = CARTESIAN_POINT ( 'NONE',  ( 7.500000000000007105, 4.000000000000000000, 13.77500000000058833 ) ) ;
#1084 = EDGE_CURVE ( 'NONE', #2698, #2325, #735, .T. ) ;
#1085 = LINE ( 'NONE', #1374, #153 ) ;
#1086 = EDGE_CURVE ( 'NONE', #1356, #1267, #1113, .T. ) ;
#1087 = LINE ( 'NONE', #2198, #1696 ) ;
#1088 = CARTESIAN_POINT ( 'NONE',  ( 24.50000000000006395, 9.080000000000001847, 24.49999999999996092 ) ) ;
#1089 = EDGE_CURVE ( 'NONE', #2298, #383, #2501, .T. ) ;
#1090 = ORIENTED_EDGE ( 'NONE', *, *, #1246, .F. ) ;
#1091 = DIRECTION ( 'NONE',  ( 0.000000000000000000, 1.000000000000000000, -0.000000000000000000 ) ) ;
#1092 = EDGE_LOOP ( 'NONE', ( #2532, #623, #326, #329 ) ) ;
#1093 = CARTESIAN_POINT ( 'NONE',  ( 0.000000000000000000, 9.080000000000001847, -9.678000000000002601 ) ) ;
#1094 = SURFACE_SIDE_STYLE ('',( #2507 ) ) ;
#1095 = ORIENTED_EDGE ( 'NONE', *, *, #608, .F. ) ;
#1096 = DIRECTION ( 'NONE',  ( 9.741229098780735688E-17, 0.6060432152628557612, -0.7954317200324989567 ) ) ;
#1097 = DIRECTION ( 'NONE',  ( 0.000000000000000000, 0.000000000000000000, -1.000000000000000000 ) ) ;
#1098 = DIRECTION ( 'NONE',  ( 0.000000000000000000, 1.000000000000000000, -0.000000000000000000 ) ) ;
#1099 = CARTESIAN_POINT ( 'NONE',  ( -19.80090594518341973, 9.080000000000001847, 9.677999999999999048 ) ) ;
#1100 = DIRECTION ( 'NONE',  ( -0.000000000000000000, -1.000000000000000000, -0.000000000000000000 ) ) ;
#1101 = EDGE_CURVE ( 'NONE', #983, #1787, #825, .T. ) ;
#1102 = ORIENTED_EDGE ( 'NONE', *, *, #1588, .F. ) ;
#1103 = CARTESIAN_POINT ( 'NONE',  ( 27.72963113701214510, 6.979999999999991545, -14.72963113701126403 ) ) ;
#1104 = EDGE_LOOP ( 'NONE', ( #2947, #2318, #2536, #1366 ) ) ;
#1105 = EDGE_CURVE ( 'NONE', #2415, #341, #1828, .T. ) ;
#1106 = CARTESIAN_POINT ( 'NONE',  ( 34.41421356237312068, 0.000000000000000000, -14.58578643762692373 ) ) ;
#1107 = DIRECTION ( 'NONE',  ( 0.000000000000000000, 1.000000000000000000, -0.000000000000000000 ) ) ;
#1108 = ORIENTED_EDGE ( 'NONE', *, *, #2316, .T. ) ;
#1109 = CARTESIAN_POINT ( 'NONE',  ( -31.20950000000000202, 9.880000000000000782, -15.27994372515229315 ) ) ;
#1110 = PLANE ( 'NONE',  #2659 ) ;
#1111 = LINE ( 'NONE', #888, #634 ) ;
#1112 = CARTESIAN_POINT ( 'NONE',  ( 14.60007754174561612, 55.47031231841406651, 15.79899999999999771 ) ) ;
#1113 = LINE ( 'NONE', #2235, #2657 ) ;
#1114 = EDGE_CURVE ( 'NONE', #2804, #2391, #1134, .T. ) ;
#1115 = ORIENTED_EDGE ( 'NONE', *, *, #2026, .T. ) ;
#1116 = DIRECTION ( 'NONE',  ( 0.000000000000000000, -1.000000000000000000, 0.000000000000000000 ) ) ;
#1117 = VERTEX_POINT ( 'NONE', #2052 ) ;
#1118 = VECTOR ( 'NONE', #2716, 1000.000000000000000 ) ;
#1119 = AXIS2_PLACEMENT_3D ( 'NONE', #2431, #2603, #984 ) ;
#1120 = EDGE_CURVE ( 'NONE', #2348, #2619, #2512, .T. ) ;
#1121 = CIRCLE ( 'NONE', #1937, 0.5284437251522923207 ) ;
#1122 = AXIS2_PLACEMENT_3D ( 'NONE', #1923, #2623, #554 ) ;
#1123 = AXIS2_PLACEMENT_3D ( 'NONE', #1423, #915, #1839 ) ;
#1124 = LINE ( 'NONE', #2481, #1268 ) ;
#1125 = ORIENTED_EDGE ( 'NONE', *, *, #2077, .F. ) ;
#1126 = FACE_OUTER_BOUND ( 'NONE', #1837, .T. ) ;
#1127 = VECTOR ( 'NONE', #1631, 1000.000000000000000 ) ;
#1128 = ORIENTED_EDGE ( 'NONE', *, *, #2971, .T. ) ;
#1129 = VECTOR ( 'NONE', #81, 1000.000000000000000 ) ;
#1130 = CARTESIAN_POINT ( 'NONE',  ( -14.60007754174561789, 55.47031231841406651, -15.79900000000000482 ) ) ;
#1131 = ORIENTED_EDGE ( 'NONE', *, *, #2149, .F. ) ;
#1132 = DIRECTION ( 'NONE',  ( 0.7071067811865512365, 0.000000000000000000, 0.7071067811865439090 ) ) ;
#1133 = CARTESIAN_POINT ( 'NONE',  ( 24.49999999999996447, 4.000000000000000000, -24.50000000000004263 ) ) ;
#1134 = LINE ( 'NONE', #1995, #1795 ) ;
#1135 = EDGE_CURVE ( 'NONE', #1477, #519, #971, .T. ) ;
#1136 = VERTEX_POINT ( 'NONE', #905 ) ;
#1137 = CARTESIAN_POINT ( 'NONE',  ( -7.500000000000043521, 55.47031231841406651, -20.97499999999959286 ) ) ;
#1138 = ORIENTED_EDGE ( 'NONE', *, *, #424, .T. ) ;
#1139 = FACE_OUTER_BOUND ( 'NONE', #1891, .T. ) ;
#1140 = CARTESIAN_POINT ( 'NONE',  ( 31.20950000000000202, 9.080000000000001847, 14.75150000000000006 ) ) ;
#1141 = ADVANCED_FACE ( 'NONE', ( #2927 ), #677, .T. ) ;
#1142 = ORIENTED_EDGE ( 'NONE', *, *, #2407, .T. ) ;
#1143 = EDGE_CURVE ( 'NONE', #2194, #2804, #2416, .T. ) ;
#1144 = CYLINDRICAL_SURFACE ( 'NONE', #1944, 22.03950000000000031 ) ;
#1145 = ORIENTED_EDGE ( 'NONE', *, *, #2834, .T. ) ;
#1146 = EDGE_CURVE ( 'NONE', #1350, #95, #583, .T. ) ;
#1147 = LINE ( 'NONE', #217, #2326 ) ;
#1148 = FACE_OUTER_BOUND ( 'NONE', #2838, .T. ) ;
#1149 = DIRECTION ( 'NONE',  ( 0.000000000000000000, 0.000000000000000000, 1.000000000000000000 ) ) ;
#1150 = ORIENTED_EDGE ( 'NONE', *, *, #1670, .F. ) ;
#1151 = CARTESIAN_POINT ( 'NONE',  ( 0.000000000000000000, 9.080000000000001847, 0.000000000000000000 ) ) ;
#1152 = ORIENTED_EDGE ( 'NONE', *, *, #1546, .F. ) ;
#1153 = CARTESIAN_POINT ( 'NONE',  ( 34.41421356237312068, 4.000000000000000000, 14.58578643762685267 ) ) ;
#1154 = VERTEX_POINT ( 'NONE', #457 ) ;
#1155 =( NAMED_UNIT ( * ) SI_UNIT ( $, .STERADIAN. ) SOLID_ANGLE_UNIT ( ) );
#1156 = ORIENTED_EDGE ( 'NONE', *, *, #2295, .T. ) ;
#1157 = ADVANCED_FACE ( 'NONE', ( #1376 ), #147, .F. ) ;
#1158 = CARTESIAN_POINT ( 'NONE',  ( -27.72963113701302618, 9.080000000000001847, 14.72963113701316118 ) ) ;
#1159 = ORIENTED_EDGE ( 'NONE', *, *, #1750, .F. ) ;
#1160 = ADVANCED_FACE ( 'NONE', ( #848 ), #1769, .F. ) ;
#1161 = CARTESIAN_POINT ( 'NONE',  ( 19.80090594518341618, 7.000000000000000000, -9.678000000000002601 ) ) ;
#1162 = CARTESIAN_POINT ( 'NONE',  ( -31.47311103375942309, 7.680000000000001492, -15.20949780952873809 ) ) ;
#1163 = CARTESIAN_POINT ( 'NONE',  ( -24.50000000000009948, 9.080000000000001847, -24.49999999999992539 ) ) ;
#1164 = LINE ( 'NONE', #1861, #1171 ) ;
#1165 = DIRECTION ( 'NONE',  ( 0.000000000000000000, 0.000000000000000000, 1.000000000000000000 ) ) ;
#1166 = EDGE_LOOP ( 'NONE', ( #767, #2502, #956, #2158 ) ) ;
#1167 = DIRECTION ( 'NONE',  ( 0.000000000000000000, 1.000000000000000000, -0.000000000000000000 ) ) ;
#1168 = VECTOR ( 'NONE', #1390, 1000.000000000000000 ) ;
#1169 = VECTOR ( 'NONE', #2261, 1000.000000000000000 ) ;
#1170 = ORIENTED_EDGE ( 'NONE', *, *, #2095, .F. ) ;
#1171 = VECTOR ( 'NONE', #266, 1000.000000000000000 ) ;
#1172 = CIRCLE ( 'NONE', #2130, 22.03950000000000031 ) ;
#1173 = LINE ( 'NONE', #2093, #1029 ) ;
#1174 = VECTOR ( 'NONE', #1481, 1000.000000000000000 ) ;
#1175 = VERTEX_POINT ( 'NONE', #2022 ) ;
#1176 = DIRECTION ( 'NONE',  ( 0.000000000000000000, -1.000000000000000000, 0.000000000000000000 ) ) ;
#1177 = DIRECTION ( 'NONE',  ( -2.731723593124812239E-16, 0.000000000000000000, -1.000000000000000000 ) ) ;
#1178 = EDGE_CURVE ( 'NONE', #2350, #78, #628, .T. ) ;
#1179 = LINE ( 'NONE', #1646, #2755 ) ;
#1180 = ADVANCED_FACE ( 'NONE', ( #1555 ), #415, .T. ) ;
#1181 = CARTESIAN_POINT ( 'NONE',  ( -7.500000000000043521, 9.080000000000001847, -17.37499999999955591 ) ) ;
#1182 = CARTESIAN_POINT ( 'NONE',  ( -31.20950000000000202, 7.680000000000001492, -14.75150000000000006 ) ) ;
#1183 = ORIENTED_EDGE ( 'NONE', *, *, #1879, .T. ) ;
#1184 = ADVANCED_FACE ( 'NONE', ( #2938 ), #2960, .F. ) ;
#1185 = DIRECTION ( 'NONE',  ( 0.000000000000000000, 0.000000000000000000, 1.000000000000000000 ) ) ;
#1186 = EDGE_LOOP ( 'NONE', ( #5, #2135, #2192, #502 ) ) ;
#1187 = LINE ( 'NONE', #2317, #441 ) ;
#1188 = VERTEX_POINT ( 'NONE', #2732 ) ;
#1189 = DIRECTION ( 'NONE',  ( 0.000000000000000000, 0.000000000000000000, 1.000000000000000000 ) ) ;
#1190 = LINE ( 'NONE', #2862, #1610 ) ;
#1191 = CARTESIAN_POINT ( 'NONE',  ( -27.72963113701302618, 6.980000000000004867, 14.72963113701316118 ) ) ;
#1192 = DIRECTION ( 'NONE',  ( 0.000000000000000000, 0.000000000000000000, -1.000000000000000000 ) ) ;
#1193 = CARTESIAN_POINT ( 'NONE',  ( 34.41421356237311358, 9.080000000000001847, -14.58578643762692018 ) ) ;
#1194 = ORIENTED_EDGE ( 'NONE', *, *, #1625, .T. ) ;
#1195 = CARTESIAN_POINT ( 'NONE',  ( 0.000000000000000000, 9.080000000000005400, 0.000000000000000000 ) ) ;
#1196 = ORIENTED_EDGE ( 'NONE', *, *, #1325, .F. ) ;
#1197 = CARTESIAN_POINT ( 'NONE',  ( 0.000000000000000000, 7.000000000000000000, 0.000000000000000000 ) ) ;
#1198 = ORIENTED_EDGE ( 'NONE', *, *, #522, .T. ) ;
#1199 = DIRECTION ( 'NONE',  ( 0.000000000000000000, 0.000000000000000000, 1.000000000000000000 ) ) ;
#1200 = CARTESIAN_POINT ( 'NONE',  ( 26.17157287525383325, 4.000000000000000000, 19.99999999999997513 ) ) ;
#1201 = ORIENTED_EDGE ( 'NONE', *, *, #734, .T. ) ;
#1202 = DIRECTION ( 'NONE',  ( 0.000000000000000000, 0.000000000000000000, -1.000000000000000000 ) ) ;
#1203 = ORIENTED_EDGE ( 'NONE', *, *, #19, .T. ) ;
#1204 = DIRECTION ( 'NONE',  ( -0.000000000000000000, -1.000000000000000000, -0.000000000000000000 ) ) ;
#1205 = EDGE_LOOP ( 'NONE', ( #807, #1321, #1042, #562 ) ) ;
#1206 = ADVANCED_FACE ( 'NONE', ( #662 ), #1798, .T. ) ;
#1207 = EDGE_CURVE ( 'NONE', #341, #2826, #2849, .T. ) ;
#1208 = EDGE_CURVE ( 'NONE', #2625, #1595, #208, .T. ) ;
#1209 = CIRCLE ( 'NONE', #2895, 1.499999999999997780 ) ;
#1210 = CARTESIAN_POINT ( 'NONE',  ( 15.21892165200938152, 4.000000000000000000, 9.677999999999999048 ) ) ;
#1211 = ORIENTED_EDGE ( 'NONE', *, *, #265, .T. ) ;
#1212 = AXIS2_PLACEMENT_3D ( 'NONE', #2453, #597, #1304 ) ;
#1213 = VECTOR ( 'NONE', #584, 1000.000000000000000 ) ;
#1214 = AXIS2_PLACEMENT_3D ( 'NONE', #1509, #1957, #2636 ) ;
#1215 = LINE ( 'NONE', #2800, #1266 ) ;
#1216 = CIRCLE ( 'NONE', #2282, 18.03549999999999898 ) ;
#1217 = CIRCLE ( 'NONE', #21, 22.03950000000000031 ) ;
#1218 = DIRECTION ( 'NONE',  ( 0.7071067811865450192, 0.000000000000000000, -0.7071067811865500152 ) ) ;
#1219 = AXIS2_PLACEMENT_3D ( 'NONE', #1802, #2719, #2734 ) ;
#1220 = EDGE_LOOP ( 'NONE', ( #199, #1487, #1298, #1301 ) ) ;
#1221 = DIRECTION ( 'NONE',  ( -0.000000000000000000, -1.000000000000000000, 0.000000000000000000 ) ) ;
#1222 = ORIENTED_EDGE ( 'NONE', *, *, #1814, .F. ) ;
#1223 = DIRECTION ( 'NONE',  ( 0.000000000000000000, 0.000000000000000000, -1.000000000000000000 ) ) ;
#1224 = VERTEX_POINT ( 'NONE', #17 ) ;
#1225 = DIRECTION ( 'NONE',  ( 1.000000000000000000, 0.000000000000000000, 0.000000000000000000 ) ) ;
#1226 = CARTESIAN_POINT ( 'NONE',  ( -34.99999999999999289, 4.000000000000000000, 0.000000000000000000 ) ) ;
#1227 = DIRECTION ( 'NONE',  ( 0.000000000000000000, 0.000000000000000000, 1.000000000000000000 ) ) ;
#1228 = VERTEX_POINT ( 'NONE', #2791 ) ;
#1229 = ORIENTED_EDGE ( 'NONE', *, *, #899, .F. ) ;
#1230 = EDGE_CURVE ( 'NONE', #1888, #1869, #2111, .T. ) ;
#1231 = DIRECTION ( 'NONE',  ( 0.000000000000000000, 0.000000000000000000, 1.000000000000000000 ) ) ;
#1232 = CARTESIAN_POINT ( 'NONE',  ( -31.20950000000000202, 9.880000000000000782, -14.75150000000000006 ) ) ;
#1233 = DIRECTION ( 'NONE',  ( -0.000000000000000000, -1.000000000000000000, 0.000000000000000000 ) ) ;
#1234 = EDGE_CURVE ( 'NONE', #2625, #274, #511, .T. ) ;
#1235 = CARTESIAN_POINT ( 'NONE',  ( -27.00000000000000000, 7.000000000000000000, 0.000000000000000000 ) ) ;
#1236 = ORIENTED_EDGE ( 'NONE', *, *, #2026, .F. ) ;
#1237 = DIRECTION ( 'NONE',  ( 0.000000000000000000, 1.000000000000000000, -0.000000000000000000 ) ) ;
#1238 = ORIENTED_EDGE ( 'NONE', *, *, #275, .F. ) ;
#1239 = DIRECTION ( 'NONE',  ( 0.000000000000000000, 0.000000000000000000, 1.000000000000000000 ) ) ;
#1240 = CARTESIAN_POINT ( 'NONE',  ( 0.000000000000000000, 6.020000000000000462, 0.000000000000000000 ) ) ;
#1241 = ORIENTED_EDGE ( 'NONE', *, *, #1114, .T. ) ;
#1242 = DIRECTION ( 'NONE',  ( -0.000000000000000000, -1.000000000000000000, -0.000000000000000000 ) ) ;
#1243 = ORIENTED_EDGE ( 'NONE', *, *, #1655, .F. ) ;
#1244 = ADVANCED_FACE ( 'NONE', ( #32 ), #745, .T. ) ;
#1245 = LINE ( 'NONE', #2161, #2330 ) ;
#1246 = EDGE_CURVE ( 'NONE', #2737, #983, #683, .T. ) ;
#1247 = CARTESIAN_POINT ( 'NONE',  ( 1.401556057271853537E-14, 6.020000000000000462, 1.124999999999989564 ) ) ;
#1248 = EDGE_CURVE ( 'NONE', #128, #389, #2764, .T. ) ;
#1249 = CARTESIAN_POINT ( 'NONE',  ( 1.479541565441557093E-14, 3.272000000000000242, 7.492999999999990557 ) ) ;
#1250 = DIRECTION ( 'NONE',  ( -0.000000000000000000, -1.000000000000000000, -0.000000000000000000 ) ) ;
#1251 = EDGE_LOOP ( 'NONE', ( #2876, #2676, #2548, #2053 ) ) ;
#1252 = LINE ( 'NONE', #2941, #65 ) ;
#1253 = ORIENTED_EDGE ( 'NONE', *, *, #678, .T. ) ;
#1254 = DIRECTION ( 'NONE',  ( 0.000000000000000000, 1.000000000000000000, -0.000000000000000000 ) ) ;
#1255 = DIRECTION ( 'NONE',  ( -0.000000000000000000, -1.000000000000000000, -0.000000000000000000 ) ) ;
#1256 = DIRECTION ( 'NONE',  ( 0.000000000000000000, 0.000000000000000000, 1.000000000000000000 ) ) ;
#1257 = ORIENTED_EDGE ( 'NONE', *, *, #265, .F. ) ;
#1258 = CARTESIAN_POINT ( 'NONE',  ( -26.17157287525377640, 4.000000000000000000, 20.00000000000000355 ) ) ;
#1259 = CIRCLE ( 'NONE', #2271, 2.124999999999999556 ) ;
#1260 = CIRCLE ( 'NONE', #1455, 18.03549999999999898 ) ;
#1261 = AXIS2_PLACEMENT_3D ( 'NONE', #504, #2779, #1165 ) ;
#1262 = CARTESIAN_POINT ( 'NONE',  ( -27.72963113701302618, 9.080000000000001847, 14.72963113701316118 ) ) ;
#1263 = SURFACE_STYLE_FILL_AREA ( #1766 ) ;
#1264 = VECTOR ( 'NONE', #656, 1000.000000000000000 ) ;
#1265 = DIRECTION ( 'NONE',  ( 1.000000000000000000, -0.000000000000000000, 0.000000000000000000 ) ) ;
#1266 = VECTOR ( 'NONE', #1422, 1000.000000000000000 ) ;
#1267 = VERTEX_POINT ( 'NONE', #754 ) ;
#1268 = VECTOR ( 'NONE', #895, 1000.000000000000000 ) ;
#1269 = EDGE_CURVE ( 'NONE', #519, #2315, #2578, .T. ) ;
#1270 = ADVANCED_FACE ( 'NONE', ( #953 ), #1675, .T. ) ;
#1271 = CIRCLE ( 'NONE', #1757, 1.499999999999997780 ) ;
#1272 = DIRECTION ( 'NONE',  ( -0.000000000000000000, -1.000000000000000000, 0.000000000000000000 ) ) ;
#1273 = ORIENTED_EDGE ( 'NONE', *, *, #16, .F. ) ;
#1274 = EDGE_CURVE ( 'NONE', #722, #2381, #1889, .T. ) ;
#1275 = DIRECTION ( 'NONE',  ( 0.000000000000000000, 0.000000000000000000, 1.000000000000000000 ) ) ;
#1276 = DIRECTION ( 'NONE',  ( 0.000000000000000000, 0.000000000000000000, -1.000000000000000000 ) ) ;
#1277 = DIRECTION ( 'NONE',  ( 0.000000000000000000, 1.000000000000000000, -0.000000000000000000 ) ) ;
#1278 = EDGE_LOOP ( 'NONE', ( #1310, #2439, #38, #782, #350 ) ) ;
#1279 = FACE_OUTER_BOUND ( 'NONE', #1638, .T. ) ;
#1280 = DIRECTION ( 'NONE',  ( -3.614007241618314455E-15, 0.000000000000000000, 1.000000000000000000 ) ) ;
#1281 = LINE ( 'NONE', #2670, #928 ) ;
#1282 = CARTESIAN_POINT ( 'NONE',  ( -15.21892165200937974, 9.080000000000001847, -9.678000000000002601 ) ) ;
#1283 = VERTEX_POINT ( 'NONE', #2122 ) ;
#1284 = DIRECTION ( 'NONE',  ( -0.7071067811865450192, 0.000000000000000000, 0.7071067811865500152 ) ) ;
#1285 = ORIENTED_EDGE ( 'NONE', *, *, #2746, .F. ) ;
#1286 = DIRECTION ( 'NONE',  ( -0.000000000000000000, -1.000000000000000000, 0.000000000000000000 ) ) ;
#1287 = ORIENTED_EDGE ( 'NONE', *, *, #178, .F. ) ;
#1288 = CARTESIAN_POINT ( 'NONE',  ( 27.58578643762694327, 4.000000000000000000, 21.41421356237306028 ) ) ;
#1289 = EDGE_LOOP ( 'NONE', ( #891, #2604 ) ) ;
#1290 = LINE ( 'NONE', #553, #1174 ) ;
#1291 = CARTESIAN_POINT ( 'NONE',  ( 27.72963113701214510, 0.000000000000000000, -16.22963113701126048 ) ) ;
#1292 = DIRECTION ( 'NONE',  ( 0.000000000000000000, 1.000000000000000000, -0.000000000000000000 ) ) ;
#1293 = CARTESIAN_POINT ( 'NONE',  ( 26.17157287525380482, 0.000000000000000000, -22.00000000000001421 ) ) ;
#1294 = ORIENTED_EDGE ( 'NONE', *, *, #1864, .T. ) ;
#1295 = DIRECTION ( 'NONE',  ( -0.000000000000000000, -1.000000000000000000, -0.000000000000000000 ) ) ;
#1296 = ORIENTED_EDGE ( 'NONE', *, *, #552, .T. ) ;
#1297 = DIRECTION ( 'NONE',  ( 0.000000000000000000, 0.000000000000000000, 1.000000000000000000 ) ) ;
#1298 = ORIENTED_EDGE ( 'NONE', *, *, #916, .F. ) ;
#1299 = FACE_OUTER_BOUND ( 'NONE', #90, .T. ) ;
#1300 = ADVANCED_FACE ( 'NONE', ( #231 ), #1872, .F. ) ;
#1301 = ORIENTED_EDGE ( 'NONE', *, *, #1789, .F. ) ;
#1302 = ADVANCED_FACE ( 'NONE', ( #278 ), #2367, .F. ) ;
#1303 = DIRECTION ( 'NONE',  ( 0.000000000000000000, 0.000000000000000000, -1.000000000000000000 ) ) ;
#1304 = DIRECTION ( 'NONE',  ( 0.000000000000000000, 0.000000000000000000, 1.000000000000000000 ) ) ;
#1305 = AXIS2_PLACEMENT_3D ( 'NONE', #988, #2873, #2402 ) ;
#1306 = LINE ( 'NONE', #2231, #403 ) ;
#1307 = VECTOR ( 'NONE', #966, 1000.000000000000000 ) ;
#1308 = CIRCLE ( 'NONE', #352, 0.5284437251522923207 ) ;
#1309 = CARTESIAN_POINT ( 'NONE',  ( -1.166576167306326222E-14, 4.000000000000000000, -22.00000000000000000 ) ) ;
#1310 = ORIENTED_EDGE ( 'NONE', *, *, #616, .F. ) ;
#1311 = CIRCLE ( 'NONE', #1699, 2.000000000000001776 ) ;
#1312 = DIRECTION ( 'NONE',  ( 0.000000000000000000, -1.000000000000000000, 0.000000000000000000 ) ) ;
#1313 = CIRCLE ( 'NONE', #2708, 3.600000000000033840 ) ;
#1314 = AXIS2_PLACEMENT_3D ( 'NONE', #1140, #1107, #1349 ) ;
#1315 = AXIS2_PLACEMENT_3D ( 'NONE', #2742, #673, #1781 ) ;
#1316 = DIRECTION ( 'NONE',  ( 2.189754450866962495E-16, -0.000000000000000000, 1.000000000000000000 ) ) ;
#1317 = ORIENTED_EDGE ( 'NONE', *, *, #275, .T. ) ;
#1318 = AXIS2_PLACEMENT_3D ( 'NONE', #1430, #1641, #2786 ) ;
#1319 = AXIS2_PLACEMENT_3D ( 'NONE', #373, #587, #1223 ) ;
#1320 = CARTESIAN_POINT ( 'NONE',  ( 7.500000000000007105, 2.399999999999976819, 17.37500000000062172 ) ) ;
#1321 = ORIENTED_EDGE ( 'NONE', *, *, #2223, .T. ) ;
#1322 = DIRECTION ( 'NONE',  ( 0.000000000000000000, 0.000000000000000000, 1.000000000000000000 ) ) ;
#1323 = VERTEX_POINT ( 'NONE', #2802 ) ;
#1324 = DIRECTION ( 'NONE',  ( -0.000000000000000000, 1.000000000000000000, -0.000000000000000000 ) ) ;
#1325 = EDGE_CURVE ( 'NONE', #918, #44, #1209, .T. ) ;
#1326 = CARTESIAN_POINT ( 'NONE',  ( 24.50000000000005684, 4.000000000000000000, 24.49999999999996092 ) ) ;
#1327 = CARTESIAN_POINT ( 'NONE',  ( -31.88049999999999784, 9.080000000000001847, 0.000000000000000000 ) ) ;
#1328 = EDGE_CURVE ( 'NONE', #1639, #1026, #2066, .T. ) ;
#1329 = FACE_OUTER_BOUND ( 'NONE', #713, .T. ) ;
#1330 = CARTESIAN_POINT ( 'NONE',  ( 6.535626466889249990E-15, 55.47031231841406651, 15.79899999999998705 ) ) ;
#1331 = ORIENTED_EDGE ( 'NONE', *, *, #1445, .F. ) ;
#1332 = FACE_OUTER_BOUND ( 'NONE', #950, .T. ) ;
#1333 = ORIENTED_EDGE ( 'NONE', *, *, #601, .F. ) ;
#1334 = CARTESIAN_POINT ( 'NONE',  ( 15.36655977276631191, 4.000000000000000000, -15.79900000000000482 ) ) ;
#1335 = ORIENTED_EDGE ( 'NONE', *, *, #282, .T. ) ;
#1336 = DIRECTION ( 'NONE',  ( 0.000000000000000000, 0.000000000000000000, -1.000000000000000000 ) ) ;
#1337 = EDGE_CURVE ( 'NONE', #883, #671, #1179, .T. ) ;
#1338 = CYLINDRICAL_SURFACE ( 'NONE', #2953, 1.499999999999997780 ) ;
#1339 = DIRECTION ( 'NONE',  ( 0.000000000000000000, 1.000000000000000000, -0.000000000000000000 ) ) ;
#1340 = DIRECTION ( 'NONE',  ( -0.000000000000000000, -1.000000000000000000, -0.000000000000000000 ) ) ;
#1341 = EDGE_CURVE ( 'NONE', #1595, #2625, #1843, .T. ) ;
#1342 = EDGE_CURVE ( 'NONE', #2325, #2698, #401, .T. ) ;
#1343 = DIRECTION ( 'NONE',  ( 0.000000000000000000, 1.000000000000000000, -0.000000000000000000 ) ) ;
#1344 = EDGE_LOOP ( 'NONE', ( #421, #2201, #1960, #2338 ) ) ;
#1345 = DIRECTION ( 'NONE',  ( 0.000000000000000000, 1.000000000000000000, 0.000000000000000000 ) ) ;
#1346 = ORIENTED_EDGE ( 'NONE', *, *, #409, .F. ) ;
#1347 = DIRECTION ( 'NONE',  ( 0.000000000000000000, 1.000000000000000000, -0.000000000000000000 ) ) ;
#1348 = ORIENTED_EDGE ( 'NONE', *, *, #282, .F. ) ;
#1349 = DIRECTION ( 'NONE',  ( 0.000000000000000000, 0.000000000000000000, 1.000000000000000000 ) ) ;
#1350 = VERTEX_POINT ( 'NONE', #822 ) ;
#1351 = DIRECTION ( 'NONE',  ( 0.000000000000000000, 1.000000000000000000, -0.000000000000000000 ) ) ;
#1352 = CARTESIAN_POINT ( 'NONE',  ( -3.836324771083819858E-15, 4.000000000000000000, 15.79899999999999416 ) ) ;
#1353 = PLANE ( 'NONE',  #779 ) ;
#1354 = CARTESIAN_POINT ( 'NONE',  ( -27.91950000000000287, 7.000000000000000000, 0.000000000000000000 ) ) ;
#1355 = AXIS2_PLACEMENT_3D ( 'NONE', #426, #1343, #615 ) ;
#1356 = VERTEX_POINT ( 'NONE', #566 ) ;
#1357 = CARTESIAN_POINT ( 'NONE',  ( 27.00000000000000000, 7.000000000000000000, -6.613092715395707467E-15 ) ) ;
#1358 = AXIS2_PLACEMENT_3D ( 'NONE', #2752, #1671, #2530 ) ;
#1359 = ORIENTED_EDGE ( 'NONE', *, *, #2375, .T. ) ;
#1360 = AXIS2_PLACEMENT_3D ( 'NONE', #2879, #2150, #810 ) ;
#1361 = AXIS2_PLACEMENT_3D ( 'NONE', #1024, #2847, #1678 ) ;
#1362 = EDGE_CURVE ( 'NONE', #1666, #2281, #2650, .T. ) ;
#1363 = CIRCLE ( 'NONE', #354, 3.600000000000033840 ) ;
#1364 = AXIS2_PLACEMENT_3D ( 'NONE', #156, #1592, #442 ) ;
#1365 = PLANE ( 'NONE',  #1419 ) ;
#1366 = ORIENTED_EDGE ( 'NONE', *, *, #110, .F. ) ;
#1367 = EDGE_CURVE ( 'NONE', #876, #681, #1745, .T. ) ;
#1368 = FILL_AREA_STYLE_COLOUR ( '', #1557 ) ;
#1369 = CIRCLE ( 'NONE', #2570, 1.125000000003836487 ) ;
#1370 = ORIENTED_EDGE ( 'NONE', *, *, #1926, .T. ) ;
#1371 = AXIS2_PLACEMENT_3D ( 'NONE', #2387, #1237, #2400 ) ;
#1372 = CARTESIAN_POINT ( 'NONE',  ( -3.836324771083819858E-15, 9.080000000000001847, 15.79899999999999416 ) ) ;
#1373 = ORIENTED_EDGE ( 'NONE', *, *, #182, .T. ) ;
#1374 = CARTESIAN_POINT ( 'NONE',  ( 19.80090594518341618, 9.080000000000001847, -9.678000000000002601 ) ) ;
#1375 = CARTESIAN_POINT ( 'NONE',  ( 26.17157287525383325, 0.000000000000000000, 21.99999999999997868 ) ) ;
#1376 = FACE_OUTER_BOUND ( 'NONE', #356, .T. ) ;
#1377 = ORIENTED_EDGE ( 'NONE', *, *, #1120, .T. ) ;
#1378 = LINE ( 'NONE', #1887, #543 ) ;
#1379 = ADVANCED_FACE ( 'NONE', ( #1496 ), #2138, .F. ) ;
#1380 = VERTEX_POINT ( 'NONE', #367 ) ;
#1381 = DIRECTION ( 'NONE',  ( 0.000000000000000000, 0.000000000000000000, 1.000000000000000000 ) ) ;
#1382 = ORIENTED_EDGE ( 'NONE', *, *, #1586, .T. ) ;
#1383 =( LENGTH_UNIT ( ) NAMED_UNIT ( * ) SI_UNIT ( .MILLI., .METRE. ) );
#1384 = ORIENTED_EDGE ( 'NONE', *, *, #2968, .F. ) ;
#1385 = CARTESIAN_POINT ( 'NONE',  ( -7.500000000000043521, 9.080000000000001847, -15.87499999999955591 ) ) ;
#1386 = PRODUCT_DEFINITION_CONTEXT ( 'detailed design', #1447, 'design' ) ;
#1387 = ORIENTED_EDGE ( 'NONE', *, *, #375, .F. ) ;
#1388 = DIRECTION ( 'NONE',  ( -0.000000000000000000, -1.000000000000000000, 0.000000000000000000 ) ) ;
#1389 = FACE_OUTER_BOUND ( 'NONE', #2139, .T. ) ;
#1390 = DIRECTION ( 'NONE',  ( -0.000000000000000000, -1.000000000000000000, -0.000000000000000000 ) ) ;
#1391 = ORIENTED_EDGE ( 'NONE', *, *, #1084, .F. ) ;
#1392 = DIRECTION ( 'NONE',  ( -0.000000000000000000, -1.000000000000000000, 0.000000000000000000 ) ) ;
#1393 = VERTEX_POINT ( 'NONE', #1247 ) ;
#1394 = DIRECTION ( 'NONE',  ( -0.000000000000000000, -1.000000000000000000, -0.000000000000000000 ) ) ;
#1395 = ORIENTED_EDGE ( 'NONE', *, *, #642, .T. ) ;
#1396 = ORIENTED_EDGE ( 'NONE', *, *, #1398, .T. ) ;
#1397 = DIRECTION ( 'NONE',  ( 0.000000000000000000, 0.000000000000000000, 1.000000000000000000 ) ) ;
#1398 = EDGE_CURVE ( 'NONE', #1761, #345, #2196, .T. ) ;
#1399 = VERTEX_POINT ( 'NONE', #2396 ) ;
#1400 = ADVANCED_FACE ( 'NONE', ( #347 ), #2844, .F. ) ;
#1401 = DIRECTION ( 'NONE',  ( 0.000000000000000000, 0.000000000000000000, -1.000000000000000000 ) ) ;
#1402 = CARTESIAN_POINT ( 'NONE',  ( -31.88049999999999784, 9.080000000000001847, 9.677999999999999048 ) ) ;
#1403 = EDGE_CURVE ( 'NONE', #432, #722, #1313, .T. ) ;
#1404 = DIRECTION ( 'NONE',  ( 0.000000000000000000, 0.000000000000000000, 1.000000000000000000 ) ) ;
#1405 = CYLINDRICAL_SURFACE ( 'NONE', #2369, 3.599999999999999201 ) ;
#1406 = LINE ( 'NONE', #748, #1746 ) ;
#1407 = ORIENTED_EDGE ( 'NONE', *, *, #1143, .F. ) ;
#1408 = DIRECTION ( 'NONE',  ( 0.000000000000000000, 0.000000000000000000, 1.000000000000000000 ) ) ;
#1409 = EDGE_LOOP ( 'NONE', ( #730, #2385, #83, #2778 ) ) ;
#1410 = AXIS2_PLACEMENT_3D ( 'NONE', #1817, #2745, #1783 ) ;
#1411 = CIRCLE ( 'NONE', #2274, 1.999999999999994893 ) ;
#1412 = EDGE_LOOP ( 'NONE', ( #1196, #923, #798, #2449 ) ) ;
#1413 = VECTOR ( 'NONE', #2247, 1000.000000000000000 ) ;
#1414 = VECTOR ( 'NONE', #2899, 1000.000000000000114 ) ;
#1415 = VECTOR ( 'NONE', #792, 1000.000000000000000 ) ;
#1416 = LINE ( 'NONE', #931, #2562 ) ;
#1417 = VECTOR ( 'NONE', #1096, 999.9999999999998863 ) ;
#1418 = ORIENTED_EDGE ( 'NONE', *, *, #2147, .F. ) ;
#1419 = AXIS2_PLACEMENT_3D ( 'NONE', #909, #1347, #620 ) ;
#1420 = AXIS2_PLACEMENT_3D ( 'NONE', #142, #2934, #658 ) ;
#1421 = AXIS2_PLACEMENT_3D ( 'NONE', #1560, #2916, #849 ) ;
#1422 = DIRECTION ( 'NONE',  ( -0.000000000000000000, -1.000000000000000000, -0.000000000000000000 ) ) ;
#1423 = CARTESIAN_POINT ( 'NONE',  ( -31.20950000000000202, 7.680000000000001492, -14.75150000000000006 ) ) ;
#1424 = DIRECTION ( 'NONE',  ( -0.000000000000000000, -1.000000000000000000, -0.000000000000000000 ) ) ;
#1425 = ORIENTED_EDGE ( 'NONE', *, *, #958, .T. ) ;
#1426 = CARTESIAN_POINT ( 'NONE',  ( 0.000000000000000000, 7.000000000000000000, 0.000000000000000000 ) ) ;
#1427 = ORIENTED_EDGE ( 'NONE', *, *, #2320, .F. ) ;
#1428 = DIRECTION ( 'NONE',  ( 0.000000000000000000, 0.000000000000000000, -1.000000000000000000 ) ) ;
#1429 = APPLICATION_PROTOCOL_DEFINITION ( 'draft international standard', 'automotive_design', 1998, #1447 ) ;
#1430 = CARTESIAN_POINT ( 'NONE',  ( -7.500000000000043521, 2.399999999999975930, -17.37499999999955591 ) ) ;
#1431 = ORIENTED_EDGE ( 'NONE', *, *, #2005, .F. ) ;
#1432 = EDGE_CURVE ( 'NONE', #1267, #2681, #1985, .T. ) ;
#1433 = LINE ( 'NONE', #276, #359 ) ;
#1434 = CARTESIAN_POINT ( 'NONE',  ( 0.000000000000000000, 4.000000000000000000, 0.000000000000000000 ) ) ;
#1435 = VERTEX_POINT ( 'NONE', #2182 ) ;
#1436 = EDGE_CURVE ( 'NONE', #391, #2199, #1799, .T. ) ;
#1437 = DIRECTION ( 'NONE',  ( 0.000000000000000000, 0.6060432152628557612, 0.7954317200324990678 ) ) ;
#1438 = ADVANCED_FACE ( 'NONE', ( #1446 ), #99, .T. ) ;
#1439 = ORIENTED_EDGE ( 'NONE', *, *, #200, .T. ) ;
#1440 = DIRECTION ( 'NONE',  ( -1.547478569114011497E-15, 0.000000000000000000, -1.000000000000000000 ) ) ;
#1441 = ORIENTED_EDGE ( 'NONE', *, *, #676, .T. ) ;
#1442 = LINE ( 'NONE', #2358, #2605 ) ;
#1443 = ORIENTED_EDGE ( 'NONE', *, *, #404, .F. ) ;
#1444 = CARTESIAN_POINT ( 'NONE',  ( 7.500000000000007105, 4.000000000000000000, 17.37500000000062172 ) ) ;
#1445 = EDGE_CURVE ( 'NONE', #770, #671, #635, .T. ) ;
#1446 = FACE_OUTER_BOUND ( 'NONE', #813, .T. ) ;
#1447 = APPLICATION_CONTEXT ( 'automotive_design' ) ;
#1448 = ORIENTED_EDGE ( 'NONE', *, *, #2649, .T. ) ;
#1449 = DIRECTION ( 'NONE',  ( 0.000000000000000000, 0.000000000000000000, 1.000000000000000000 ) ) ;
#1450 = ORIENTED_EDGE ( 'NONE', *, *, #1367, .T. ) ;
#1451 = CARTESIAN_POINT ( 'NONE',  ( 27.00000000000000000, 0.000000000000000000, -6.613092715395707467E-15 ) ) ;
#1452 = ORIENTED_EDGE ( 'NONE', *, *, #200, .F. ) ;
#1453 = ADVANCED_FACE ( 'NONE', ( #303 ), #1707, .F. ) ;
#1454 = EDGE_CURVE ( 'NONE', #709, #2848, #1172, .T. ) ;
#1455 = AXIS2_PLACEMENT_3D ( 'NONE', #2417, #361, #1275 ) ;
#1456 = CARTESIAN_POINT ( 'NONE',  ( -10.73669955355786421, 4.000000000000000000, -15.79900000000000482 ) ) ;
#1457 = CIRCLE ( 'NONE', #1845, 22.03950000000000031 ) ;
#1458 = COLOUR_RGB ( '',0.1098039215686274495, 0.1098039215686274495, 0.1098039215686274495 ) ;
#1459 = ORIENTED_EDGE ( 'NONE', *, *, #2853, .T. ) ;
#1460 = AXIS2_PLACEMENT_3D ( 'NONE', #2832, #763, #534 ) ;
#1461 = AXIS2_PLACEMENT_3D ( 'NONE', #2205, #2663, #364 ) ;
#1462 = ADVANCED_FACE ( 'NONE', ( #776 ), #2038, .F. ) ;
#1463 = VECTOR ( 'NONE', #1704, 1000.000000000000000 ) ;
#1464 = CARTESIAN_POINT ( 'NONE',  ( -27.58578643762692195, 4.000000000000000000, -21.41421356237308160 ) ) ;
#1465 = VECTOR ( 'NONE', #2978, 1000.000000000000000 ) ;
#1466 = CIRCLE ( 'NONE', #1420, 1.499999999999997780 ) ;
#1467 = LINE ( 'NONE', #321, #2226 ) ;
#1468 = AXIS2_PLACEMENT_3D ( 'NONE', #1151, #2054, #2068 ) ;
#1469 = CARTESIAN_POINT ( 'NONE',  ( 0.000000000000000000, 9.080000000000001847, 0.000000000000000000 ) ) ;
#1470 = ORIENTED_EDGE ( 'NONE', *, *, #824, .T. ) ;
#1471 = EDGE_CURVE ( 'NONE', #651, #2153, #1467, .T. ) ;
#1472 = DIRECTION ( 'NONE',  ( 0.000000000000000000, 0.000000000000000000, 1.000000000000000000 ) ) ;
#1473 = ORIENTED_EDGE ( 'NONE', *, *, #2215, .T. ) ;
#1474 = CARTESIAN_POINT ( 'NONE',  ( 7.500000000000007105, 0.000000000000000000, 17.37500000000062172 ) ) ;
#1475 = FACE_BOUND ( 'NONE', #2772, .T. ) ;
#1476 = EDGE_CURVE ( 'NONE', #893, #2964, #1892, .T. ) ;
#1477 = VERTEX_POINT ( 'NONE', #1482 ) ;
#1478 = CARTESIAN_POINT ( 'NONE',  ( -34.99999999999999289, 9.080000000000001847, -13.17157287525376397 ) ) ;
#1479 = EDGE_CURVE ( 'NONE', #2350, #1393, #213, .T. ) ;
#1480 = ORIENTED_EDGE ( 'NONE', *, *, #171, .F. ) ;
#1481 = DIRECTION ( 'NONE',  ( -0.000000000000000000, -1.000000000000000000, -0.000000000000000000 ) ) ;
#1482 = CARTESIAN_POINT ( 'NONE',  ( -31.20950000000000202, 9.080000000000001847, -12.52599999999999625 ) ) ;
#1483 = DIRECTION ( 'NONE',  ( 0.000000000000000000, 1.000000000000000000, -0.000000000000000000 ) ) ;
#1484 = CARTESIAN_POINT ( 'NONE',  ( 10.73669955355730465, 9.080000000000001847, 15.79899999999999416 ) ) ;
#1485 = EDGE_LOOP ( 'NONE', ( #1076, #1198 ) ) ;
#1486 = CARTESIAN_POINT ( 'NONE',  ( -14.60007754174560546, 4.000000000000003553, -15.79900000000000482 ) ) ;
#1487 = ORIENTED_EDGE ( 'NONE', *, *, #2167, .T. ) ;
#1488 = DIRECTION ( 'NONE',  ( 0.000000000000000000, 0.000000000000000000, -1.000000000000000000 ) ) ;
#1489 = LINE ( 'NONE', #343, #592 ) ;
#1490 = ORIENTED_EDGE ( 'NONE', *, *, #936, .F. ) ;
#1491 = CARTESIAN_POINT ( 'NONE',  ( -27.91950000000000287, 9.080000000000001847, 0.000000000000000000 ) ) ;
#1492 = ORIENTED_EDGE ( 'NONE', *, *, #50, .F. ) ;
#1493 = EDGE_CURVE ( 'NONE', #564, #2690, #2441, .T. ) ;
#1494 = DIRECTION ( 'NONE',  ( -0.000000000000000000, -1.000000000000000000, -0.000000000000000000 ) ) ;
#1495 = EDGE_CURVE ( 'NONE', #1803, #440, #1780, .T. ) ;
#1496 = FACE_OUTER_BOUND ( 'NONE', #2836, .T. ) ;
#1497 = DIRECTION ( 'NONE',  ( 0.000000000000000000, 0.000000000000000000, 1.000000000000000000 ) ) ;
#1498 = EDGE_CURVE ( 'NONE', #2690, #2298, #2485, .T. ) ;
#1499 = LINE ( 'NONE', #2624, #1986 ) ;
#1500 = ORIENTED_EDGE ( 'NONE', *, *, #1454, .T. ) ;
#1501 = LINE ( 'NONE', #134, #2864 ) ;
#1502 = ORIENTED_EDGE ( 'NONE', *, *, #2433, .T. ) ;
#1503 = CARTESIAN_POINT ( 'NONE',  ( 7.500000000000007105, 2.399999999999976819, 18.87500000000062528 ) ) ;
#1504 = LINE ( 'NONE', #593, #1129 ) ;
#1505 = VERTEX_POINT ( 'NONE', #1065 ) ;
#1506 = LINE ( 'NONE', #377, #1657 ) ;
#1507 = EDGE_LOOP ( 'NONE', ( #2254, #1593, #1382 ) ) ;
#1508 = VECTOR ( 'NONE', #43, 1000.000000000000000 ) ;
#1509 = CARTESIAN_POINT ( 'NONE',  ( 0.000000000000000000, 55.47031231841406651, 0.000000000000000000 ) ) ;
#1510 = AXIS2_PLACEMENT_3D ( 'NONE', #1200, #1424, #1665 ) ;
#1511 = CIRCLE ( 'NONE', #533, 1.125000000003836487 ) ;
#1512 = CARTESIAN_POINT ( 'NONE',  ( 6.014487435524266346, 55.47031231841406651, 20.65421521416162065 ) ) ;
#1513 = AXIS2_PLACEMENT_3D ( 'NONE', #2112, #246, #2080 ) ;
#1514 = LINE ( 'NONE', #88, #2422 ) ;
#1515 = AXIS2_PLACEMENT_3D ( 'NONE', #2801, #2986, #2973 ) ;
#1516 = CARTESIAN_POINT ( 'NONE',  ( -27.91950000000000287, 9.080000000000001847, -7.435999999999999055 ) ) ;
#1517 = VECTOR ( 'NONE', #2819, 1000.000000000000000 ) ;
#1518 = ORIENTED_EDGE ( 'NONE', *, *, #1588, .T. ) ;
#1519 = CIRCLE ( 'NONE', #1851, 22.03950000000000031 ) ;
#1520 = DIRECTION ( 'NONE',  ( 0.000000000000000000, 0.000000000000000000, 1.000000000000000000 ) ) ;
#1521 = EDGE_LOOP ( 'NONE', ( #600, #1777, #1679, #1150 ) ) ;
#1522 = DIRECTION ( 'NONE',  ( -0.000000000000000000, -1.000000000000000000, -0.000000000000000000 ) ) ;
#1523 = CARTESIAN_POINT ( 'NONE',  ( 0.000000000000000000, 9.080000000000001847, -9.678000000000002601 ) ) ;
#1524 = EDGE_LOOP ( 'NONE', ( #2401, #969, #1273, #1886 ) ) ;
#1525 = LINE ( 'NONE', #2181, #639 ) ;
#1526 = DIRECTION ( 'NONE',  ( -0.000000000000000000, -1.000000000000000000, 0.000000000000000000 ) ) ;
#1527 = CARTESIAN_POINT ( 'NONE',  ( 19.80090594518341618, 9.080000000000001847, -9.678000000000002601 ) ) ;
#1528 = CARTESIAN_POINT ( 'NONE',  ( -34.99999999999999289, 0.000000000000000000, -13.17157287525376397 ) ) ;
#1529 = ORIENTED_EDGE ( 'NONE', *, *, #1432, .T. ) ;
#1530 = ADVANCED_FACE ( 'NONE', ( #869 ), #2729, .F. ) ;
#1531 = PLANE ( 'NONE',  #117 ) ;
#1532 = ORIENTED_EDGE ( 'NONE', *, *, #427, .T. ) ;
#1533 = ADVANCED_FACE ( 'NONE', ( #1988 ), #1338, .F. ) ;
#1534 = FACE_OUTER_BOUND ( 'NONE', #2355, .T. ) ;
#1535 = DIRECTION ( 'NONE',  ( 0.000000000000000000, 1.000000000000000000, -0.000000000000000000 ) ) ;
#1536 = ORIENTED_EDGE ( 'NONE', *, *, #843, .T. ) ;
#1537 = DIRECTION ( 'NONE',  ( -0.000000000000000000, -1.000000000000000000, -0.000000000000000000 ) ) ;
#1538 = DIRECTION ( 'NONE',  ( 0.000000000000000000, 0.000000000000000000, 1.000000000000000000 ) ) ;
#1539 = CARTESIAN_POINT ( 'NONE',  ( 31.20950000000000202, 9.080000000000001847, 16.97700000000000031 ) ) ;
#1540 = DIRECTION ( 'NONE',  ( 0.000000000000000000, 0.000000000000000000, -1.000000000000000000 ) ) ;
#1541 = VERTEX_POINT ( 'NONE', #412 ) ;
#1542 = DIRECTION ( 'NONE',  ( 0.000000000000000000, 0.000000000000000000, -1.000000000000000000 ) ) ;
#1543 = CARTESIAN_POINT ( 'NONE',  ( -32.99999999999998579, 9.080000000000001847, -13.17157287525376397 ) ) ;
#1544 = VERTEX_POINT ( 'NONE', #1291 ) ;
#1545 = CARTESIAN_POINT ( 'NONE',  ( -32.99999999999998579, 4.000000000000000000, -13.17157287525376397 ) ) ;
#1546 = EDGE_CURVE ( 'NONE', #1589, #545, #2273, .T. ) ;
#1547 = ORIENTED_EDGE ( 'NONE', *, *, #372, .F. ) ;
#1548 = CARTESIAN_POINT ( 'NONE',  ( 27.72963113701214510, 9.080000000000001847, -14.72963113701126403 ) ) ;
#1549 = CARTESIAN_POINT ( 'NONE',  ( 6.513205638658676117E-15, 7.000000000000000000, -7.435999999999975074 ) ) ;
#1550 = DIRECTION ( 'NONE',  ( 7.421888837166273284E-17, 0.7954317200324985127, -0.6060432152628563163 ) ) ;
#1551 = VECTOR ( 'NONE', #2294, 1000.000000000000000 ) ;
#1552 = CIRCLE ( 'NONE', #2756, 2.124999999999999112 ) ;
#1553 = CARTESIAN_POINT ( 'NONE',  ( 0.000000000000000000, 6.020000000000000462, 2.811999999995694832 ) ) ;
#1554 = PRESENTATION_LAYER_ASSIGNMENT (  '', '', ( #304 ) ) ;
#1555 = FACE_OUTER_BOUND ( 'NONE', #1774, .T. ) ;
#1556 = TOROIDAL_SURFACE ( 'NONE', #258, 0.5284437251522920986, 2.200000000000000178 ) ;
#1557 = COLOUR_RGB ( '',0.1098039215686274495, 0.1098039215686274495, 0.1098039215686274495 ) ;
#1558 = EDGE_LOOP ( 'NONE', ( #1317, #458, #948, #1831 ) ) ;
#1559 = AXIS2_PLACEMENT_3D ( 'NONE', #2889, #2831, #762 ) ;
#1560 = CARTESIAN_POINT ( 'NONE',  ( -7.500000000000043521, 0.000000000000000000, -17.37499999999955591 ) ) ;
#1561 = ORIENTED_EDGE ( 'NONE', *, *, #240, .T. ) ;
#1562 = VECTOR ( 'NONE', #1440, 1000.000000000000000 ) ;
#1563 = VECTOR ( 'NONE', #912, 1000.000000000000000 ) ;
#1564 = EDGE_CURVE ( 'NONE', #651, #2327, #1656, .T. ) ;
#1565 = LINE ( 'NONE', #431, #18 ) ;
#1566 = CARTESIAN_POINT ( 'NONE',  ( -7.500000000000043521, 9.080000000000001847, -17.37499999999955591 ) ) ;
#1567 = VERTEX_POINT ( 'NONE', #193 ) ;
#1568 = ADVANCED_FACE ( 'NONE', ( #844 ), #1110, .F. ) ;
#1569 = DIRECTION ( 'NONE',  ( -1.000000000000000000, 0.000000000000000000, -2.428207336593342296E-16 ) ) ;
#1570 = EDGE_CURVE ( 'NONE', #2478, #2325, #2245, .T. ) ;
#1571 = CARTESIAN_POINT ( 'NONE',  ( -31.88049999999999784, 7.000000000000000000, 0.000000000000000000 ) ) ;
#1572 = CARTESIAN_POINT ( 'NONE',  ( -7.500000000000043521, 4.000000000000000000, -20.97499999999959286 ) ) ;
#1573 = CARTESIAN_POINT ( 'NONE',  ( 33.00467313101562894, 9.139594057654839787, 15.99532686898434974 ) ) ;
#1574 = DIRECTION ( 'NONE',  ( -0.000000000000000000, -1.000000000000000000, -0.000000000000000000 ) ) ;
#1575 = ORIENTED_EDGE ( 'NONE', *, *, #375, .T. ) ;
#1576 = DIRECTION ( 'NONE',  ( 0.000000000000000000, 0.000000000000000000, -1.000000000000000000 ) ) ;
#1577 = ORIENTED_EDGE ( 'NONE', *, *, #297, .T. ) ;
#1578 = CARTESIAN_POINT ( 'NONE',  ( -6.014487435525716741, 4.000000000000000000, -20.65421521416119433 ) ) ;
#1579 = ORIENTED_EDGE ( 'NONE', *, *, #2319, .F. ) ;
#1580 = ORIENTED_EDGE ( 'NONE', *, *, #2248, .T. ) ;
#1581 = CARTESIAN_POINT ( 'NONE',  ( 7.500000000000007105, 9.080000000000001847, 17.37500000000062172 ) ) ;
#1582 = DIRECTION ( 'NONE',  ( -0.7071067811865461294, 0.000000000000000000, 0.7071067811865489050 ) ) ;
#1583 = EDGE_CURVE ( 'NONE', #1634, #1356, #2611, .T. ) ;
#1584 = LINE ( 'NONE', #1327, #977 ) ;
#1585 = DIRECTION ( 'NONE',  ( 1.000000000000000000, 0.000000000000000000, -5.302618942301481932E-16 ) ) ;
#1586 = EDGE_CURVE ( 'NONE', #1026, #1719, #2897, .T. ) ;
#1587 = CARTESIAN_POINT ( 'NONE',  ( 27.72963113701214510, 9.080000000000001847, -14.72963113701126403 ) ) ;
#1588 = EDGE_CURVE ( 'NONE', #157, #1710, #929, .T. ) ;
#1589 = VERTEX_POINT ( 'NONE', #2228 ) ;
#1590 = CARTESIAN_POINT ( 'NONE',  ( 0.000000000000000000, 9.880000000000000782, 0.000000000000000000 ) ) ;
#1591 = ORIENTED_EDGE ( 'NONE', *, *, #2783, .T. ) ;
#1592 = DIRECTION ( 'NONE',  ( 0.000000000000000000, 1.000000000000000000, 0.000000000000000000 ) ) ;
#1593 = ORIENTED_EDGE ( 'NONE', *, *, #110, .T. ) ;
#1594 =( NAMED_UNIT ( * ) SI_UNIT ( $, .STERADIAN. ) SOLID_ANGLE_UNIT ( ) );
#1595 = VERTEX_POINT ( 'NONE', #166 ) ;
#1596 = LINE ( 'NONE', #163, #643 ) ;
#1597 = ORIENTED_EDGE ( 'NONE', *, *, #493, .T. ) ;
#1598 = CARTESIAN_POINT ( 'NONE',  ( 26.17157287525380482, 9.080000000000001847, -20.00000000000001776 ) ) ;
#1599 = DIRECTION ( 'NONE',  ( 0.000000000000000000, 0.000000000000000000, -1.000000000000000000 ) ) ;
#1600 = DIRECTION ( 'NONE',  ( 0.000000000000000000, 0.000000000000000000, -1.000000000000000000 ) ) ;
#1601 = CIRCLE ( 'NONE', #823, 2.124999999999999556 ) ;
#1602 = AXIS2_PLACEMENT_3D ( 'NONE', #650, #219, #398 ) ;
#1603 = ORIENTED_EDGE ( 'NONE', *, *, #1880, .T. ) ;
#1604 = CARTESIAN_POINT ( 'NONE',  ( 7.500000000000007105, 0.000000000000000000, 15.87500000000062172 ) ) ;
#1605 = AXIS2_PLACEMENT_3D ( 'NONE', #567, #2151, #1497 ) ;
#1606 = VERTEX_POINT ( 'NONE', #1083 ) ;
#1607 = AXIS2_PLACEMENT_3D ( 'NONE', #2955, #1526, #2678 ) ;
#1608 = VECTOR ( 'NONE', #2124, 1000.000000000000000 ) ;
#1609 = VECTOR ( 'NONE', #487, 1000.000000000000000 ) ;
#1610 = VECTOR ( 'NONE', #1741, 1000.000000000000000 ) ;
#1611 = CARTESIAN_POINT ( 'NONE',  ( 1.387778780781445676E-14, 4.000000000000000000, -1.040834085586084257E-14 ) ) ;
#1612 = VECTOR ( 'NONE', #2677, 1000.000000000000000 ) ;
#1613 = ORIENTED_EDGE ( 'NONE', *, *, #1583, .F. ) ;
#1614 = AXIS2_PLACEMENT_3D ( 'NONE', #1590, #1758, #2024 ) ;
#1615 = FACE_OUTER_BOUND ( 'NONE', #1558, .T. ) ;
#1616 = ORIENTED_EDGE ( 'NONE', *, *, #1084, .T. ) ;
#1617 = LINE ( 'NONE', #1883, #781 ) ;
#1618 = CARTESIAN_POINT ( 'NONE',  ( -31.88049999999999784, 9.080000000000001847, -7.436000000000002608 ) ) ;
#1619 = CARTESIAN_POINT ( 'NONE',  ( 7.500000000000007105, 0.000000000000000000, 17.37500000000062172 ) ) ;
#1620 = ORIENTED_EDGE ( 'NONE', *, *, #382, .F. ) ;
#1621 = CARTESIAN_POINT ( 'NONE',  ( 1.387778780781445676E-14, 3.272000000000000242, 8.999999999999989342 ) ) ;
#1622 = ORIENTED_EDGE ( 'NONE', *, *, #2303, .T. ) ;
#1623 = ADVANCED_FACE ( 'NONE', ( #2006 ), #2924, .F. ) ;
#1624 = CARTESIAN_POINT ( 'NONE',  ( -26.17157287525383325, 4.000000000000000000, -19.99999999999998934 ) ) ;
#1625 = EDGE_CURVE ( 'NONE', #2315, #1267, #838, .T. ) ;
#1626 = ORIENTED_EDGE ( 'NONE', *, *, #608, .T. ) ;
#1627 = VERTEX_POINT ( 'NONE', #2437 ) ;
#1628 = EDGE_CURVE ( 'NONE', #1808, #1627, #1073, .T. ) ;
#1629 = DIRECTION ( 'NONE',  ( -0.000000000000000000, -1.000000000000000000, 0.000000000000000000 ) ) ;
#1630 = ORIENTED_EDGE ( 'NONE', *, *, #647, .F. ) ;
#1631 = DIRECTION ( 'NONE',  ( -1.547478569114011497E-15, 0.000000000000000000, -1.000000000000000000 ) ) ;
#1632 = DIRECTION ( 'NONE',  ( -0.000000000000000000, -1.000000000000000000, 0.000000000000000000 ) ) ;
#1633 = CARTESIAN_POINT ( 'NONE',  ( 27.72963113701214510, 9.080000000000001847, -14.72963113701126403 ) ) ;
#1634 = VERTEX_POINT ( 'NONE', #362 ) ;
#1635 = LINE ( 'NONE', #1830, #2770 ) ;
#1636 = ORIENTED_EDGE ( 'NONE', *, *, #1342, .T. ) ;
#1637 = DIRECTION ( 'NONE',  ( 0.000000000000000000, 1.000000000000000000, -0.000000000000000000 ) ) ;
#1638 = EDGE_LOOP ( 'NONE', ( #2567, #107, #1684, #1222 ) ) ;
#1639 = VERTEX_POINT ( 'NONE', #1060 ) ;
#1640 = ADVANCED_FACE ( 'NONE', ( #2191, #1534, #791, #376 ), #94, .T. ) ;
#1641 = DIRECTION ( 'NONE',  ( 0.000000000000000000, 1.000000000000000000, 0.000000000000000000 ) ) ;
#1642 = ORIENTED_EDGE ( 'NONE', *, *, #522, .F. ) ;
#1643 = EDGE_CURVE ( 'NONE', #1154, #1791, #126, .T. ) ;
#1644 = CARTESIAN_POINT ( 'NONE',  ( 27.00000000000000000, 7.000000000000000000, -6.613092715395707467E-15 ) ) ;
#1645 = CARTESIAN_POINT ( 'NONE',  ( 7.500000000000007105, 4.000000000000000000, 17.37500000000062172 ) ) ;
#1646 = CARTESIAN_POINT ( 'NONE',  ( -3.836324771083819858E-15, 9.080000000000001847, 15.79899999999999416 ) ) ;
#1647 = DIRECTION ( 'NONE',  ( -1.000000000000000000, 0.000000000000000000, 0.000000000000000000 ) ) ;
#1648 = CYLINDRICAL_SURFACE ( 'NONE', #1068, 22.03950000000000031 ) ;
#1649 = ORIENTED_EDGE ( 'NONE', *, *, #1968, .F. ) ;
#1650 = VECTOR ( 'NONE', #1011, 999.9999999999998863 ) ;
#1651 = DIRECTION ( 'NONE',  ( -1.000000000000000000, 0.000000000000000000, -0.000000000000000000 ) ) ;
#1652 = EDGE_LOOP ( 'NONE', ( #1359, #1825, #2242, #365 ) ) ;
#1653 = AXIS2_PLACEMENT_3D ( 'NONE', #765, #1221, #1735 ) ;
#1654 = CLOSED_SHELL ( 'NONE', ( #2436, #2059, #715, #1663, #2758, #1302, #1462, #788, #46, #675, #961, #1530, #1533, #489, #806, #2700, #2652, #2554, #2207, #2817, #1270, #2386, #1300, #1991, #2301, #619, #1714, #2744, #1206, #1568, #2626, #1720, #1811, #2721, #1244, #2591, #1866, #1453, #1753, #1051, #25, #768, #2827, #1623, #334, #516, #2726, #2394, #2183, #86, #799, #2202, #2910, #2704, #1141, #71, #992, #2922, #1438, #1747, #1997, #2251, #2943, #1640, #137, #1687, #313, #2246, #1184, #1400, #577, #743, #1379, #51, #2877, #1961, #1045, #2063, #2244, #2499, #1770, #2683, #2378, #2118, #1180, #1160, #1157, #494, #2461, #2944, #1048, #2621 ) ) ;
#1655 = EDGE_CURVE ( 'NONE', #918, #472, #1047, .T. ) ;
#1656 = CIRCLE ( 'NONE', #1212, 2.000000000000001776 ) ;
#1657 = VECTOR ( 'NONE', #2421, 1000.000000000000000 ) ;
#1658 = CARTESIAN_POINT ( 'NONE',  ( 19.80090594518341973, 4.000000000000000000, 9.677999999999999048 ) ) ;
#1659 = CIRCLE ( 'NONE', #1706, 3.600000000000033840 ) ;
#1660 = ORIENTED_EDGE ( 'NONE', *, *, #2463, .T. ) ;
#1661 = CIRCLE ( 'NONE', #1364, 1.500000000000001332 ) ;
#1662 = EDGE_CURVE ( 'NONE', #2146, #1136, #777, .T. ) ;
#1663 = ADVANCED_FACE ( 'NONE', ( #1965 ), #1556, .T. ) ;
#1664 = CARTESIAN_POINT ( 'NONE',  ( 0.000000000000000000, 0.000000000000000000, 3.936999999999531319 ) ) ;
#1665 = DIRECTION ( 'NONE',  ( 0.000000000000000000, 0.000000000000000000, -1.000000000000000000 ) ) ;
#1666 = VERTEX_POINT ( 'NONE', #1977 ) ;
#1667 = CARTESIAN_POINT ( 'NONE',  ( -34.41421356237309936, 9.080000000000001847, -14.58578643762685445 ) ) ;
#1668 = ORIENTED_EDGE ( 'NONE', *, *, #1436, .T. ) ;
#1669 = CARTESIAN_POINT ( 'NONE',  ( -26.17157287525377640, 9.080000000000001847, 20.00000000000000355 ) ) ;
#1670 = EDGE_CURVE ( 'NONE', #1731, #1283, #2203, .T. ) ;
#1671 = DIRECTION ( 'NONE',  ( -0.000000000000000000, -1.000000000000000000, 0.000000000000000000 ) ) ;
#1672 = ORIENTED_EDGE ( 'NONE', *, *, #2939, .F. ) ;
#1673 = CARTESIAN_POINT ( 'NONE',  ( -27.72963113701302618, 0.000000000000000000, 14.72963113701316118 ) ) ;
#1674 = EDGE_CURVE ( 'NONE', #203, #212, #108, .T. ) ;
#1675 = PLANE ( 'NONE',  #151 ) ;
#1676 = ORIENTED_EDGE ( 'NONE', *, *, #1680, .F. ) ;
#1677 = EDGE_CURVE ( 'NONE', #876, #1477, #2178, .T. ) ;
#1678 = DIRECTION ( 'NONE',  ( 0.000000000000000000, 0.000000000000000000, 1.000000000000000000 ) ) ;
#1679 = ORIENTED_EDGE ( 'NONE', *, *, #1875, .F. ) ;
#1680 = EDGE_CURVE ( 'NONE', #61, #1634, #1504, .T. ) ;
#1681 = CARTESIAN_POINT ( 'NONE',  ( 27.72963113701214510, 9.080000000000001847, -17.82963113701126900 ) ) ;
#1682 = VERTEX_POINT ( 'NONE', #1919 ) ;
#1683 = DIRECTION ( 'NONE',  ( 0.000000000000000000, 0.000000000000000000, 1.000000000000000000 ) ) ;
#1684 = ORIENTED_EDGE ( 'NONE', *, *, #1662, .T. ) ;
#1685 = LINE ( 'NONE', #2382, #539 ) ;
#1686 = DIRECTION ( 'NONE',  ( 0.000000000000000000, -1.000000000000000000, 0.000000000000000000 ) ) ;
#1687 = ADVANCED_FACE ( 'NONE', ( #328, #2841, #1475, #772 ), #2390, .T. ) ;
#1688 = ORIENTED_EDGE ( 'NONE', *, *, #921, .F. ) ;
#1689 = CARTESIAN_POINT ( 'NONE',  ( -31.88049999999999784, 9.080000000000001847, -7.436000000000002608 ) ) ;
#1690 = ORIENTED_EDGE ( 'NONE', *, *, #1248, .T. ) ;
#1691 = EDGE_CURVE ( 'NONE', #2977, #2914, #2957, .T. ) ;
#1692 = PLANE ( 'NONE',  #746 ) ;
#1693 = ORIENTED_EDGE ( 'NONE', *, *, #1269, .F. ) ;
#1694 = VECTOR ( 'NONE', #437, 1000.000000000000000 ) ;
#1695 = DIRECTION ( 'NONE',  ( 0.000000000000000000, 1.000000000000000000, -0.000000000000000000 ) ) ;
#1696 = VECTOR ( 'NONE', #132, 1000.000000000000000 ) ;
#1697 = DIRECTION ( 'NONE',  ( 0.000000000000000000, -1.000000000000000000, 0.000000000000000000 ) ) ;
#1698 = CARTESIAN_POINT ( 'NONE',  ( -2.643762093426195483E-15, 9.080000000000001847, -9.678000000000006153 ) ) ;
#1699 = AXIS2_PLACEMENT_3D ( 'NONE', #1598, #395, #435 ) ;
#1700 = EDGE_LOOP ( 'NONE', ( #1407, #1920 ) ) ;
#1701 = VECTOR ( 'NONE', #1000, 1000.000000000000000 ) ;
#1702 = CONICAL_SURFACE ( 'NONE', #2954, 3.099999999999991651, 0.6510767214444791451 ) ;
#1703 = VECTOR ( 'NONE', #1870, 1000.000000000000000 ) ;
#1704 = DIRECTION ( 'NONE',  ( -0.000000000000000000, -1.000000000000000000, -0.000000000000000000 ) ) ;
#1705 = AXIS2_PLACEMENT_3D ( 'NONE', #202, #2750, #2699 ) ;
#1706 = AXIS2_PLACEMENT_3D ( 'NONE', #1064, #2258, #2949 ) ;
#1707 = PLANE ( 'NONE',  #1939 ) ;
#1708 = TOROIDAL_SURFACE ( 'NONE', #2668, 0.5284437251522852153, 2.200000000000000178 ) ;
#1709 = CARTESIAN_POINT ( 'NONE',  ( 0.000000000000000000, 4.000000000000000000, 0.000000000000000000 ) ) ;
#1710 = VERTEX_POINT ( 'NONE', #2630 ) ;
#1711 = DIRECTION ( 'NONE',  ( 0.000000000000000000, 0.000000000000000000, -1.000000000000000000 ) ) ;
#1712 = VERTEX_POINT ( 'NONE', #561 ) ;
#1713 = EDGE_CURVE ( 'NONE', #1712, #2413, #1489, .T. ) ;
#1714 = ADVANCED_FACE ( 'NONE', ( #1807 ), #2736, .T. ) ;
#1715 = DIRECTION ( 'NONE',  ( 1.000000000000000000, 0.000000000000000000, 0.000000000000000000 ) ) ;
#1716 = DIRECTION ( 'NONE',  ( 0.000000000000000000, 0.000000000000000000, 1.000000000000000000 ) ) ;
#1717 = ORIENTED_EDGE ( 'NONE', *, *, #1114, .F. ) ;
#1718 = CARTESIAN_POINT ( 'NONE',  ( 0.000000000000000000, 4.000000000000000000, 0.000000000000000000 ) ) ;
#1719 = VERTEX_POINT ( 'NONE', #654 ) ;
#1720 = ADVANCED_FACE ( 'NONE', ( #1773 ), #1832, .F. ) ;
#1721 = CARTESIAN_POINT ( 'NONE',  ( -14.60007754174560546, 9.080000000000005400, -15.79900000000000482 ) ) ;
#1722 = DIRECTION ( 'NONE',  ( 0.000000000000000000, 0.000000000000000000, -1.000000000000000000 ) ) ;
#1723 = CARTESIAN_POINT ( 'NONE',  ( -7.500000000000043521, 4.000000000000000000, -17.37499999999955591 ) ) ;
#1724 = CARTESIAN_POINT ( 'NONE',  ( 27.91950000000000287, 7.000000000000000000, 9.677999999999999048 ) ) ;
#1725 = ORIENTED_EDGE ( 'NONE', *, *, #2928, .T. ) ;
#1726 = DIRECTION ( 'NONE',  ( 1.000000000000000000, -0.000000000000000000, 0.000000000000000000 ) ) ;
#1727 = ORIENTED_EDGE ( 'NONE', *, *, #50, .T. ) ;
#1728 = CARTESIAN_POINT ( 'NONE',  ( 14.60007754174561612, 9.080000000000005400, -15.79899999999999416 ) ) ;
#1729 = CARTESIAN_POINT ( 'NONE',  ( 31.20950000000000202, 9.080000000000001847, 14.75150000000000006 ) ) ;
#1730 = LINE ( 'NONE', #1698, #452 ) ;
#1731 = VERTEX_POINT ( 'NONE', #387 ) ;
#1732 = CARTESIAN_POINT ( 'NONE',  ( 27.72963113701214510, 9.080000000000001847, -16.22963113701126048 ) ) ;
#1733 = DIRECTION ( 'NONE',  ( 0.000000000000000000, 0.000000000000000000, 1.000000000000000000 ) ) ;
#1734 = CARTESIAN_POINT ( 'NONE',  ( 31.88049999999999784, 7.000000000000000000, -9.678000000000002601 ) ) ;
#1735 = DIRECTION ( 'NONE',  ( 0.000000000000000000, 0.000000000000000000, 1.000000000000000000 ) ) ;
#1736 = ORIENTED_EDGE ( 'NONE', *, *, #165, .T. ) ;
#1737 = LINE ( 'NONE', #1009, #979 ) ;
#1738 = ORIENTED_EDGE ( 'NONE', *, *, #84, .T. ) ;
#1739 = CARTESIAN_POINT ( 'NONE',  ( 0.000000000000000000, 9.080000000000005400, 0.000000000000000000 ) ) ;
#1740 = CARTESIAN_POINT ( 'NONE',  ( 27.72963113701214510, 9.080000000000001847, -11.62963113701125728 ) ) ;
#1741 = DIRECTION ( 'NONE',  ( 1.000000000000000000, -0.000000000000000000, 0.000000000000000000 ) ) ;
#1742 = VERTEX_POINT ( 'NONE', #2945 ) ;
#1743 = CARTESIAN_POINT ( 'NONE',  ( -27.72963113701302618, 9.080000000000001847, 11.62963113701317042 ) ) ;
#1744 = AXIS2_PLACEMENT_3D ( 'NONE', #2651, #368, #1054 ) ;
#1745 = CIRCLE ( 'NONE', #589, 0.5284437251522923207 ) ;
#1746 = VECTOR ( 'NONE', #2101, 1000.000000000000000 ) ;
#1747 = ADVANCED_FACE ( 'NONE', ( #2000 ), #1821, .T. ) ;
#1748 = CARTESIAN_POINT ( 'NONE',  ( 0.000000000000000000, 6.020000000000000462, -3.937000000000467903 ) ) ;
#1749 = VECTOR ( 'NONE', #2564, 1000.000000000000000 ) ;
#1750 = EDGE_CURVE ( 'NONE', #2848, #731, #2932, .T. ) ;
#1751 = AXIS2_PLACEMENT_3D ( 'NONE', #1195, #2313, #2115 ) ;
#1752 = TOROIDAL_SURFACE ( 'NONE', #1123, 0.5284437251522920986, 2.200000000000000178 ) ;
#1753 = ADVANCED_FACE ( 'NONE', ( #405 ), #2687, .T. ) ;
#1754 = CARTESIAN_POINT ( 'NONE',  ( -26.17157287525377640, 0.000000000000000000, 22.00000000000000711 ) ) ;
#1755 = AXIS2_PLACEMENT_3D ( 'NONE', #1258, #1494, #320 ) ;
#1756 = ORIENTED_EDGE ( 'NONE', *, *, #2820, .F. ) ;
#1757 = AXIS2_PLACEMENT_3D ( 'NONE', #2280, #1116, #221 ) ;
#1758 = DIRECTION ( 'NONE',  ( 0.000000000000000000, 1.000000000000000000, -0.000000000000000000 ) ) ;
#1759 = ORIENTED_EDGE ( 'NONE', *, *, #372, .T. ) ;
#1760 = DIRECTION ( 'NONE',  ( 0.000000000000000000, 1.000000000000000000, -0.000000000000000000 ) ) ;
#1761 = VERTEX_POINT ( 'NONE', #1106 ) ;
#1762 = CARTESIAN_POINT ( 'NONE',  ( -1.307125293377846369E-14, 4.000000000000000000, -15.79899999999998350 ) ) ;
#1763 = EDGE_LOOP ( 'NONE', ( #996, #692, #773, #2177 ) ) ;
#1764 = CARTESIAN_POINT ( 'NONE',  ( 26.17157287525383325, 4.000000000000000000, 21.99999999999997868 ) ) ;
#1765 = DIRECTION ( 'NONE',  ( 0.000000000000000000, 0.000000000000000000, 1.000000000000000000 ) ) ;
#1766 = FILL_AREA_STYLE ('',( #348 ) ) ;
#1767 = DIRECTION ( 'NONE',  ( 0.000000000000000000, 0.000000000000000000, -1.000000000000000000 ) ) ;
#1768 = ORIENTED_EDGE ( 'NONE', *, *, #2820, .T. ) ;
#1769 = CYLINDRICAL_SURFACE ( 'NONE', #2270, 21.51210508585769432 ) ;
#1770 = ADVANCED_FACE ( 'NONE', ( #2255 ), #1365, .T. ) ;
#1771 = CARTESIAN_POINT ( 'NONE',  ( 1.628301409664674354E-15, 9.080000000000001847, 7.436000000000005272 ) ) ;
#1772 = ORIENTED_EDGE ( 'NONE', *, *, #103, .T. ) ;
#1773 = FACE_OUTER_BOUND ( 'NONE', #1524, .T. ) ;
#1774 = EDGE_LOOP ( 'NONE', ( #1878, #603, #2045, #551 ) ) ;
#1775 = DIRECTION ( 'NONE',  ( 0.000000000000000000, 0.000000000000000000, -1.000000000000000000 ) ) ;
#1776 = EDGE_CURVE ( 'NONE', #2478, #1013, #2904, .T. ) ;
#1777 = ORIENTED_EDGE ( 'NONE', *, *, #280, .T. ) ;
#1778 = CARTESIAN_POINT ( 'NONE',  ( -14.60007754174561789, 9.080000000000005400, 15.79899999999999416 ) ) ;
#1779 = UNCERTAINTY_MEASURE_WITH_UNIT (LENGTH_MEASURE( 1.000000000000000082E-05 ), #2880, 'distance_accuracy_value', 'NONE');
#1780 = LINE ( 'NONE', #625, #2568 ) ;
#1781 = DIRECTION ( 'NONE',  ( 0.000000000000000000, 0.000000000000000000, 1.000000000000000000 ) ) ;
#1782 = FACE_OUTER_BOUND ( 'NONE', #2654, .T. ) ;
#1783 = DIRECTION ( 'NONE',  ( 0.000000000000000000, 0.000000000000000000, 1.000000000000000000 ) ) ;
#1784 = EDGE_CURVE ( 'NONE', #1791, #752, #1519, .T. ) ;
#1785 = ORIENTED_EDGE ( 'NONE', *, *, #581, .F. ) ;
#1786 = DIRECTION ( 'NONE',  ( -0.000000000000000000, -1.000000000000000000, -0.000000000000000000 ) ) ;
#1787 = VERTEX_POINT ( 'NONE', #1578 ) ;
#1788 = EDGE_CURVE ( 'NONE', #1010, #752, #2505, .T. ) ;
#1789 = EDGE_CURVE ( 'NONE', #631, #241, #1079, .T. ) ;
#1790 = CARTESIAN_POINT ( 'NONE',  ( -27.72963113701302618, 0.000000000000000000, 13.22963113701316296 ) ) ;
#1791 = VERTEX_POINT ( 'NONE', #1334 ) ;
#1792 = FACE_OUTER_BOUND ( 'NONE', #2239, .T. ) ;
#1793 = CARTESIAN_POINT ( 'NONE',  ( -26.17157287525383325, 0.000000000000000000, -19.99999999999998934 ) ) ;
#1794 = FACE_OUTER_BOUND ( 'NONE', #1954, .T. ) ;
#1795 = VECTOR ( 'NONE', #1574, 1000.000000000000000 ) ;
#1796 = VECTOR ( 'NONE', #907, 1000.000000000000000 ) ;
#1797 = LINE ( 'NONE', #1099, #926 ) ;
#1798 = CYLINDRICAL_SURFACE ( 'NONE', #1510, 1.999999999999998224 ) ;
#1799 = CIRCLE ( 'NONE', #2328, 1.125000000003836487 ) ;
#1800 = ORIENTED_EDGE ( 'NONE', *, *, #2284, .F. ) ;
#1801 = CIRCLE ( 'NONE', #2614, 1.999999999999998224 ) ;
#1802 = CARTESIAN_POINT ( 'NONE',  ( -27.00000000000000000, 7.000000000000000000, 0.000000000000000000 ) ) ;
#1803 = VERTEX_POINT ( 'NONE', #2918 ) ;
#1804 = AXIS2_PLACEMENT_3D ( 'NONE', #2070, #2782, #717 ) ;
#1805 = CIRCLE ( 'NONE', #935, 2.200000000000000622 ) ;
#1806 = CIRCLE ( 'NONE', #1421, 1.500000000000001332 ) ;
#1807 = FACE_OUTER_BOUND ( 'NONE', #1507, .T. ) ;
#1808 = VERTEX_POINT ( 'NONE', #1790 ) ;
#1809 = CARTESIAN_POINT ( 'NONE',  ( 0.000000000000000000, 7.000000000000000000, 0.000000000000000000 ) ) ;
#1810 = ORIENTED_EDGE ( 'NONE', *, *, #242, .F. ) ;
#1811 = ADVANCED_FACE ( 'NONE', ( #1139 ), #2965, .T. ) ;
#1812 = CYLINDRICAL_SURFACE ( 'NONE', #503, 1.500000000000001332 ) ;
#1813 = DIRECTION ( 'NONE',  ( -0.7071067811865489050, 0.000000000000000000, -0.7071067811865461294 ) ) ;
#1814 = EDGE_CURVE ( 'NONE', #2314, #1136, #1565, .T. ) ;
#1815 = DIRECTION ( 'NONE',  ( 1.000000000000000000, 0.000000000000000000, -2.731723593124812732E-16 ) ) ;
#1816 = DIRECTION ( 'NONE',  ( 5.302618942301481932E-16, -0.000000000000000000, 1.000000000000000000 ) ) ;
#1817 = CARTESIAN_POINT ( 'NONE',  ( -31.20950000000000202, 9.080000000000001847, -14.75150000000000006 ) ) ;
#1818 = ORIENTED_EDGE ( 'NONE', *, *, #2009, .F. ) ;
#1819 = PLANE ( 'NONE',  #1614 ) ;
#1820 = VERTEX_POINT ( 'NONE', #881 ) ;
#1821 = PLANE ( 'NONE',  #2520 ) ;
#1822 = ORIENTED_EDGE ( 'NONE', *, *, #1901, .T. ) ;
#1823 = ORIENTED_EDGE ( 'NONE', *, *, #530, .F. ) ;
#1824 = DIRECTION ( 'NONE',  ( 0.000000000000000000, 0.000000000000000000, -1.000000000000000000 ) ) ;
#1825 = ORIENTED_EDGE ( 'NONE', *, *, #2164, .F. ) ;
#1826 = DIRECTION ( 'NONE',  ( 0.000000000000000000, 1.000000000000000000, -0.000000000000000000 ) ) ;
#1827 = DIRECTION ( 'NONE',  ( -1.000000000000000000, 0.000000000000000000, 5.302618942301485877E-16 ) ) ;
#1828 = LINE ( 'NONE', #1088, #104 ) ;
#1829 = ORIENTED_EDGE ( 'NONE', *, *, #513, .F. ) ;
#1830 = CARTESIAN_POINT ( 'NONE',  ( -10.90522022592027440, 55.47031231841406651, -18.54310753485412633 ) ) ;
#1831 = ORIENTED_EDGE ( 'NONE', *, *, #409, .T. ) ;
#1832 = PLANE ( 'NONE',  #982 ) ;
#1833 = ORIENTED_EDGE ( 'NONE', *, *, #789, .T. ) ;
#1834 = DIRECTION ( 'NONE',  ( -0.000000000000000000, -1.000000000000000000, 0.000000000000000000 ) ) ;
#1835 = ORIENTED_EDGE ( 'NONE', *, *, #478, .T. ) ;
#1836 = DIRECTION ( 'NONE',  ( 0.000000000000000000, 0.000000000000000000, -1.000000000000000000 ) ) ;
#1837 = EDGE_LOOP ( 'NONE', ( #135, #1603, #1296, #2072 ) ) ;
#1838 = DIRECTION ( 'NONE',  ( -0.000000000000000000, -1.000000000000000000, -0.000000000000000000 ) ) ;
#1839 = DIRECTION ( 'NONE',  ( 0.000000000000000000, 0.000000000000000000, -1.000000000000000000 ) ) ;
#1840 = EDGE_CURVE ( 'NONE', #1976, #2146, #1124, .T. ) ;
#1841 = DIRECTION ( 'NONE',  ( 0.000000000000000000, 0.000000000000000000, 1.000000000000000000 ) ) ;
#1842 = EDGE_CURVE ( 'NONE', #1188, #2001, #1661, .T. ) ;
#1843 = CIRCLE ( 'NONE', #532, 1.125000000003836487 ) ;
#1844 = VERTEX_POINT ( 'NONE', #419 ) ;
#1845 = AXIS2_PLACEMENT_3D ( 'NONE', #649, #1069, #369 ) ;
#1846 = CARTESIAN_POINT ( 'NONE',  ( 1.387778780781445676E-14, 6.020000000000000462, -1.125000000000010214 ) ) ;
#1847 = VERTEX_POINT ( 'NONE', #48 ) ;
#1848 = VECTOR ( 'NONE', #1097, 1000.000000000000000 ) ;
#1849 = AXIS2_PLACEMENT_3D ( 'NONE', #1491, #390, #2405 ) ;
#1850 = CIRCLE ( 'NONE', #2040, 2.124999999999999112 ) ;
#1851 = AXIS2_PLACEMENT_3D ( 'NONE', #223, #2285, #2216 ) ;
#1852 = CYLINDRICAL_SURFACE ( 'NONE', #641, 1.999999999999994893 ) ;
#1853 = AXIS2_PLACEMENT_3D ( 'NONE', #1548, #868, #410 ) ;
#1854 = ORIENTED_EDGE ( 'NONE', *, *, #1628, .T. ) ;
#1855 = AXIS2_PLACEMENT_3D ( 'NONE', #558, #2837, #769 ) ;
#1856 = DIRECTION ( 'NONE',  ( -1.000000000000000000, 0.000000000000000000, 0.000000000000000000 ) ) ;
#1857 = EDGE_LOOP ( 'NONE', ( #292, #2084, #2206, #588, #2874, #397 ) ) ;
#1858 = DIRECTION ( 'NONE',  ( 0.000000000000000000, 1.000000000000000000, -0.000000000000000000 ) ) ;
#1859 = DIRECTION ( 'NONE',  ( 0.7071067811865486830, 0.000000000000000000, 0.7071067811865464625 ) ) ;
#1860 = DIRECTION ( 'NONE',  ( 0.000000000000000000, 1.000000000000000000, -0.000000000000000000 ) ) ;
#1861 = CARTESIAN_POINT ( 'NONE',  ( 1.387778780781445676E-14, 6.020000000000000462, -7.493000000000010985 ) ) ;
#1862 = DIRECTION ( 'NONE',  ( 0.000000000000000000, 0.000000000000000000, 1.000000000000000000 ) ) ;
#1863 = ORIENTED_EDGE ( 'NONE', *, *, #734, .F. ) ;
#1864 = EDGE_CURVE ( 'NONE', #1136, #2146, #161, .T. ) ;
#1865 = DIRECTION ( 'NONE',  ( -0.000000000000000000, -1.000000000000000000, -0.000000000000000000 ) ) ;
#1866 = ADVANCED_FACE ( 'NONE', ( #271 ), #1852, .T. ) ;
#1867 = ORIENTED_EDGE ( 'NONE', *, *, #16, .T. ) ;
#1868 = DIRECTION ( 'NONE',  ( -0.000000000000000000, -1.000000000000000000, -0.000000000000000000 ) ) ;
#1869 = VERTEX_POINT ( 'NONE', #2299 ) ;
#1870 = DIRECTION ( 'NONE',  ( -0.000000000000000000, 1.000000000000000000, -0.000000000000000000 ) ) ;
#1871 = CARTESIAN_POINT ( 'NONE',  ( 27.72963113701214510, 6.979999999999991545, -16.22963113701126048 ) ) ;
#1872 = CYLINDRICAL_SURFACE ( 'NONE', #2126, 18.03549999999999898 ) ;
#1873 = FACE_OUTER_BOUND ( 'NONE', #1186, .T. ) ;
#1874 = FACE_OUTER_BOUND ( 'NONE', #1857, .T. ) ;
#1875 = EDGE_CURVE ( 'NONE', #1283, #2023, #783, .T. ) ;
#1876 = ORIENTED_EDGE ( 'NONE', *, *, #2928, .F. ) ;
#1877 = PLANE ( 'NONE',  #2043 ) ;
#1878 = ORIENTED_EDGE ( 'NONE', *, *, #2471, .F. ) ;
#1879 = EDGE_CURVE ( 'NONE', #1731, #234, #2347, .T. ) ;
#1880 = EDGE_CURVE ( 'NONE', #585, #2106, #541, .T. ) ;
#1881 = DIRECTION ( 'NONE',  ( 0.000000000000000000, -1.000000000000000000, 0.000000000000000000 ) ) ;
#1882 = ORIENTED_EDGE ( 'NONE', *, *, #2872, .F. ) ;
#1883 = CARTESIAN_POINT ( 'NONE',  ( -27.72963113701302618, 9.080000000000001847, 16.22963113701315763 ) ) ;
#1884 = CARTESIAN_POINT ( 'NONE',  ( 1.166576167306326538E-14, 4.000000000000000000, 21.99999999999999289 ) ) ;
#1885 = DIRECTION ( 'NONE',  ( -0.000000000000000000, -1.000000000000000000, 0.000000000000000000 ) ) ;
#1886 = ORIENTED_EDGE ( 'NONE', *, *, #899, .T. ) ;
#1887 = CARTESIAN_POINT ( 'NONE',  ( 7.500000000000007105, 2.399999999999976819, 18.87500000000062528 ) ) ;
#1888 = VERTEX_POINT ( 'NONE', #284 ) ;
#1889 = CIRCLE ( 'NONE', #8, 21.51210508585769432 ) ;
#1890 = CARTESIAN_POINT ( 'NONE',  ( 6.513205638658676117E-15, 9.080000000000001847, -7.435999999999975074 ) ) ;
#1891 = EDGE_LOOP ( 'NONE', ( #2491, #1431, #700, #657 ) ) ;
#1892 = CIRCLE ( 'NONE', #1122, 2.200000000000000622 ) ;
#1893 = CIRCLE ( 'NONE', #155, 21.51210508585769432 ) ;
#1894 = DIRECTION ( 'NONE',  ( 0.000000000000000000, 0.000000000000000000, 1.000000000000000000 ) ) ;
#1895 = EDGE_CURVE ( 'NONE', #2769, #2420, #4, .T. ) ;
#1896 = AXIS2_PLACEMENT_3D ( 'NONE', #1970, #333, #1231 ) ;
#1897 = ORIENTED_EDGE ( 'NONE', *, *, #2728, .F. ) ;
#1898 = VECTOR ( 'NONE', #1865, 1000.000000000000000 ) ;
#1899 = EDGE_CURVE ( 'NONE', #1820, #1541, #451, .T. ) ;
#1900 = LINE ( 'NONE', #11, #744 ) ;
#1901 = EDGE_CURVE ( 'NONE', #1888, #1399, #2131, .T. ) ;
#1902 = DIRECTION ( 'NONE',  ( -0.000000000000000000, -1.000000000000000000, -0.000000000000000000 ) ) ;
#1903 = ORIENTED_EDGE ( 'NONE', *, *, #2593, .F. ) ;
#1904 = DIRECTION ( 'NONE',  ( 0.000000000000000000, 0.000000000000000000, 1.000000000000000000 ) ) ;
#1905 = ORIENTED_EDGE ( 'NONE', *, *, #1926, .F. ) ;
#1906 = DIRECTION ( 'NONE',  ( 0.000000000000000000, 1.000000000000000000, -0.000000000000000000 ) ) ;
#1907 = ORIENTED_EDGE ( 'NONE', *, *, #865, .F. ) ;
#1908 = DIRECTION ( 'NONE',  ( -1.000000000000000000, 0.000000000000000000, 8.273468532045368005E-16 ) ) ;
#1909 = ORIENTED_EDGE ( 'NONE', *, *, #2557, .T. ) ;
#1910 = EDGE_CURVE ( 'NONE', #545, #1081, #1216, .T. ) ;
#1911 = CARTESIAN_POINT ( 'NONE',  ( 0.000000000000000000, 9.080000000000005400, -21.51210508585769432 ) ) ;
#1912 = DIRECTION ( 'NONE',  ( 0.000000000000000000, 0.000000000000000000, 1.000000000000000000 ) ) ;
#1913 = CYLINDRICAL_SURFACE ( 'NONE', #2083, 1.999999999999998224 ) ;
#1914 = LINE ( 'NONE', #2363, #1213 ) ;
#1915 = EDGE_LOOP ( 'NONE', ( #1333, #1439, #1649, #2069 ) ) ;
#1916 = DIRECTION ( 'NONE',  ( 0.000000000000000000, 0.000000000000000000, -1.000000000000000000 ) ) ;
#1917 = ORIENTED_EDGE ( 'NONE', *, *, #2223, .F. ) ;
#1918 = DIRECTION ( 'NONE',  ( 0.000000000000000000, 1.000000000000000000, -0.000000000000000000 ) ) ;
#1919 = CARTESIAN_POINT ( 'NONE',  ( 0.000000000000000000, 0.000000000000000000, -5.062000000004304390 ) ) ;
#1920 = ORIENTED_EDGE ( 'NONE', *, *, #388, .F. ) ;
#1921 = ORIENTED_EDGE ( 'NONE', *, *, #1674, .T. ) ;
#1922 = DIRECTION ( 'NONE',  ( -0.000000000000000000, -1.000000000000000000, -0.000000000000000000 ) ) ;
#1923 = CARTESIAN_POINT ( 'NONE',  ( 31.20950000000000202, 7.680000000000001492, 14.22305627484771584 ) ) ;
#1924 = DIRECTION ( 'NONE',  ( -0.000000000000000000, -1.000000000000000000, -0.000000000000000000 ) ) ;
#1925 = DIRECTION ( 'NONE',  ( -0.000000000000000000, 1.000000000000000000, -0.000000000000000000 ) ) ;
#1926 = EDGE_CURVE ( 'NONE', #893, #2784, #2277, .T. ) ;
#1927 = ORIENTED_EDGE ( 'NONE', *, *, #2560, .T. ) ;
#1928 = EDGE_CURVE ( 'NONE', #2413, #1567, #2540, .T. ) ;
#1929 = CYLINDRICAL_SURFACE ( 'NONE', #1319, 21.51210508585769432 ) ;
#1930 = ORIENTED_EDGE ( 'NONE', *, *, #1030, .F. ) ;
#1931 = EDGE_CURVE ( 'NONE', #341, #1350, #475, .T. ) ;
#1932 = AXIS2_PLACEMENT_3D ( 'NONE', #1226, #1715, #999 ) ;
#1933 = LINE ( 'NONE', #93, #2365 ) ;
#1934 = CIRCLE ( 'NONE', #633, 2.199999999999998401 ) ;
#1935 = DIRECTION ( 'NONE',  ( 0.000000000000000000, -1.000000000000000000, 0.000000000000000000 ) ) ;
#1936 = CARTESIAN_POINT ( 'NONE',  ( 0.000000000000000000, 4.000000000000000000, 3.936999999999531319 ) ) ;
#1937 = AXIS2_PLACEMENT_3D ( 'NONE', #2867, #1483, #2197 ) ;
#1938 = VERTEX_POINT ( 'NONE', #2582 ) ;
#1939 = AXIS2_PLACEMENT_3D ( 'NONE', #2866, #2162, #1218 ) ;
#1940 = VECTOR ( 'NONE', #2159, 1000.000000000000000 ) ;
#1941 = AXIS2_PLACEMENT_3D ( 'NONE', #723, #697, #1189 ) ;
#1942 = FACE_OUTER_BOUND ( 'NONE', #716, .T. ) ;
#1943 = AXIS2_PLACEMENT_3D ( 'NONE', #2356, #2128, #2825 ) ;
#1944 = AXIS2_PLACEMENT_3D ( 'NONE', #1197, #972, #2815 ) ;
#1945 = CARTESIAN_POINT ( 'NONE',  ( 1.387778780781445676E-14, 6.020000000000000462, -1.040834085586084257E-14 ) ) ;
#1946 = AXIS2_PLACEMENT_3D ( 'NONE', #1103, #2264, #198 ) ;
#1947 = CARTESIAN_POINT ( 'NONE',  ( -27.72963113701302618, 9.080000000000001847, 13.22963113701316296 ) ) ;
#1948 = CARTESIAN_POINT ( 'NONE',  ( 1.479541565441557093E-14, 6.020000000000000462, 7.492999999999990557 ) ) ;
#1949 = ORIENTED_EDGE ( 'NONE', *, *, #478, .F. ) ;
#1950 = CARTESIAN_POINT ( 'NONE',  ( -7.500000000000043521, 9.080000000000005400, -17.37499999999955591 ) ) ;
#1951 = EDGE_LOOP ( 'NONE', ( #2645, #1502, #1450, #2493 ) ) ;
#1952 = DIRECTION ( 'NONE',  ( -0.000000000000000000, -1.000000000000000000, -0.000000000000000000 ) ) ;
#1953 = CARTESIAN_POINT ( 'NONE',  ( -27.72963113701302618, 0.000000000000000000, 14.72963113701316118 ) ) ;
#1954 = EDGE_LOOP ( 'NONE', ( #2406, #1418, #2388, #1294 ) ) ;
#1955 = DIRECTION ( 'NONE',  ( 1.000000000000000000, 0.000000000000000000, -2.731723593124812732E-16 ) ) ;
#1956 = ORIENTED_EDGE ( 'NONE', *, *, #1342, .F. ) ;
#1957 = DIRECTION ( 'NONE',  ( -0.000000000000000000, -1.000000000000000000, -0.000000000000000000 ) ) ;
#1958 = DIRECTION ( 'NONE',  ( -0.7071067811865486830, 0.000000000000000000, -0.7071067811865464625 ) ) ;
#1959 = LINE ( 'NONE', #1948, #209 ) ;
#1960 = ORIENTED_EDGE ( 'NONE', *, *, #1337, .F. ) ;
#1961 = ADVANCED_FACE ( 'NONE', ( #2088 ), #2230, .F. ) ;
#1962 = CARTESIAN_POINT ( 'NONE',  ( -24.50000000000009948, 9.080000000000001847, -24.49999999999992539 ) ) ;
#1963 = ORIENTED_EDGE ( 'NONE', *, *, #1030, .T. ) ;
#1964 = CARTESIAN_POINT ( 'NONE',  ( 7.500000000000007105, 2.399999999999976819, 17.37500000000062172 ) ) ;
#1965 = FACE_OUTER_BOUND ( 'NONE', #2725, .T. ) ;
#1966 = EDGE_CURVE ( 'NONE', #585, #983, #2551, .T. ) ;
#1967 = DIRECTION ( 'NONE',  ( 0.000000000000000000, 0.000000000000000000, -1.000000000000000000 ) ) ;
#1968 = EDGE_CURVE ( 'NONE', #78, #1938, #2712, .T. ) ;
#1969 = ORIENTED_EDGE ( 'NONE', *, *, #2557, .F. ) ;
#1970 = CARTESIAN_POINT ( 'NONE',  ( 1.387778780781445676E-14, 0.000000000000000000, -1.040834085586084257E-14 ) ) ;
#1971 = CARTESIAN_POINT ( 'NONE',  ( 0.000000000000000000, 9.080000000000001847, 9.677999999999999048 ) ) ;
#1972 = CARTESIAN_POINT ( 'NONE',  ( 35.00000000000001421, 0.000000000000000000, 13.17157287525375864 ) ) ;
#1973 = LINE ( 'NONE', #2937, #2465 ) ;
#1974 = EDGE_LOOP ( 'NONE', ( #1956, #1391 ) ) ;
#1975 = DIRECTION ( 'NONE',  ( -0.000000000000000000, -1.000000000000000000, -0.000000000000000000 ) ) ;
#1976 = VERTEX_POINT ( 'NONE', #2104 ) ;
#1977 = CARTESIAN_POINT ( 'NONE',  ( 6.014487435524266346, 9.080000000000005400, 20.65421521416162065 ) ) ;
#1978 = ORIENTED_EDGE ( 'NONE', *, *, #942, .F. ) ;
#1979 = FACE_OUTER_BOUND ( 'NONE', #606, .T. ) ;
#1980 = ORIENTED_EDGE ( 'NONE', *, *, #1875, .T. ) ;
#1981 = AXIS2_PLACEMENT_3D ( 'NONE', #273, #1881, #39 ) ;
#1982 = EDGE_CURVE ( 'NONE', #2302, #1010, #934, .T. ) ;
#1983 = AXIS2_PLACEMENT_3D ( 'NONE', #2590, #2639, #524 ) ;
#1984 = CARTESIAN_POINT ( 'NONE',  ( 1.387778780781445676E-14, 3.272000000000000242, -1.040834085586084257E-14 ) ) ;
#1985 = CIRCLE ( 'NONE', #1360, 2.000000000000007105 ) ;
#1986 = VECTOR ( 'NONE', #1250, 1000.000000000000000 ) ;
#1987 = EDGE_CURVE ( 'NONE', #2415, #2964, #360, .T. ) ;
#1988 = FACE_OUTER_BOUND ( 'NONE', #480, .T. ) ;
#1989 = CIRCLE ( 'NONE', #2615, 3.600000000000033840 ) ;
#1990 = LINE ( 'NONE', #2442, #105 ) ;
#1991 = ADVANCED_FACE ( 'NONE', ( #2332 ), #1877, .T. ) ;
#1992 = CYLINDRICAL_SURFACE ( 'NONE', #685, 1.125000000000000000 ) ;
#1993 = CIRCLE ( 'NONE', #2767, 1.125000000003836487 ) ;
#1994 = ORIENTED_EDGE ( 'NONE', *, *, #2375, .F. ) ;
#1995 = CARTESIAN_POINT ( 'NONE',  ( 27.00000000000000000, 7.000000000000000000, 2.124999999999992895 ) ) ;
#1996 = CONICAL_SURFACE ( 'NONE', #2477, 3.100000000000005418, 0.6510767214444801443 ) ;
#1997 = ADVANCED_FACE ( 'NONE', ( #106 ), #1692, .F. ) ;
#1998 = DIRECTION ( 'NONE',  ( 0.000000000000000000, 0.000000000000000000, 1.000000000000000000 ) ) ;
#1999 = VERTEX_POINT ( 'NONE', #1486 ) ;
#2000 = FACE_OUTER_BOUND ( 'NONE', #1061, .T. ) ;
#2001 = VERTEX_POINT ( 'NONE', #2655 ) ;
#2002 = LINE ( 'NONE', #1288, #2810 ) ;
#2003 = ORIENTED_EDGE ( 'NONE', *, *, #2589, .T. ) ;
#2004 = FACE_OUTER_BOUND ( 'NONE', #2017, .T. ) ;
#2005 = EDGE_CURVE ( 'NONE', #2327, #1761, #1737, .T. ) ;
#2006 = FACE_OUTER_BOUND ( 'NONE', #238, .T. ) ;
#2007 = CARTESIAN_POINT ( 'NONE',  ( -34.99999999999998579, 9.080000000000001847, 13.17157287525381371 ) ) ;
#2008 = CARTESIAN_POINT ( 'NONE',  ( 32.45173777746704502, 9.138885483857182024, 16.54826222253294077 ) ) ;
#2009 = EDGE_CURVE ( 'NONE', #1008, #2984, #325, .T. ) ;
#2010 = EDGE_CURVE ( 'NONE', #1228, #1010, #814, .T. ) ;
#2011 = DIRECTION ( 'NONE',  ( 0.000000000000000000, 0.000000000000000000, 1.000000000000000000 ) ) ;
#2012 = ORIENTED_EDGE ( 'NONE', *, *, #2511, .T. ) ;
#2013 = CARTESIAN_POINT ( 'NONE',  ( 31.20950000000000202, 9.880000000000000782, 14.75150000000000006 ) ) ;
#2014 = ORIENTED_EDGE ( 'NONE', *, *, #1879, .F. ) ;
#2015 = DIRECTION ( 'NONE',  ( 0.000000000000000000, -0.000000000000000000, 1.000000000000000000 ) ) ;
#2016 = DIRECTION ( 'NONE',  ( -1.000000000000000000, 0.000000000000000000, 1.547478569114011300E-15 ) ) ;
#2017 = EDGE_LOOP ( 'NONE', ( #1800, #1532, #1921, #1969, #2108, #2917 ) ) ;
#2018 = CARTESIAN_POINT ( 'NONE',  ( -27.00000000000000000, 7.000000000000000000, -2.124999999999999112 ) ) ;
#2019 = DIRECTION ( 'NONE',  ( -0.000000000000000000, -1.000000000000000000, -0.000000000000000000 ) ) ;
#2020 = DIRECTION ( 'NONE',  ( 0.000000000000000000, 0.000000000000000000, 1.000000000000000000 ) ) ;
#2021 = CYLINDRICAL_SURFACE ( 'NONE', #2607, 2.000000000000001776 ) ;
#2022 = CARTESIAN_POINT ( 'NONE',  ( -19.80090594518341973, 7.000000000000000000, 9.677999999999999048 ) ) ;
#2023 = VERTEX_POINT ( 'NONE', #1681 ) ;
#2024 = DIRECTION ( 'NONE',  ( 0.000000000000000000, 0.000000000000000000, 1.000000000000000000 ) ) ;
#2025 = ORIENTED_EDGE ( 'NONE', *, *, #1479, .T. ) ;
#2026 = EDGE_CURVE ( 'NONE', #1228, #1712, #2594, .T. ) ;
#2027 = DIRECTION ( 'NONE',  ( -0.000000000000000000, -1.000000000000000000, -0.000000000000000000 ) ) ;
#2028 = ORIENTED_EDGE ( 'NONE', *, *, #2728, .T. ) ;
#2029 = EDGE_CURVE ( 'NONE', #1844, #2393, #1989, .T. ) ;
#2030 = ORIENTED_EDGE ( 'NONE', *, *, #2100, .T. ) ;
#2031 = CARTESIAN_POINT ( 'NONE',  ( -27.91950000000000287, 9.080000000000001847, 0.000000000000000000 ) ) ;
#2032 = CARTESIAN_POINT ( 'NONE',  ( -27.72963113701302618, 9.080000000000001847, 14.72963113701316118 ) ) ;
#2033 = DIRECTION ( 'NONE',  ( 0.000000000000000000, 0.000000000000000000, 1.000000000000000000 ) ) ;
#2034 = AXIS2_PLACEMENT_3D ( 'NONE', #55, #1860, #2777 ) ;
#2035 = VECTOR ( 'NONE', #1925, 1000.000000000000000 ) ;
#2036 = FACE_OUTER_BOUND ( 'NONE', #2062, .T. ) ;
#2037 = DIRECTION ( 'NONE',  ( -0.000000000000000000, -1.000000000000000000, -0.000000000000000000 ) ) ;
#2038 = CONICAL_SURFACE ( 'NONE', #1460, 1.500000000000001332, 0.9197196053504173019 ) ;
#2039 = ORIENTED_EDGE ( 'NONE', *, *, #371, .F. ) ;
#2040 = AXIS2_PLACEMENT_3D ( 'NONE', #2075, #1858, #300 ) ;
#2041 = CYLINDRICAL_SURFACE ( 'NONE', #270, 1.125000000003836487 ) ;
#2042 = ORIENTED_EDGE ( 'NONE', *, *, #1674, .F. ) ;
#2043 = AXIS2_PLACEMENT_3D ( 'NONE', #2795, #729, #1651 ) ;
#2044 = CARTESIAN_POINT ( 'NONE',  ( -27.00000000000000000, 7.000000000000000000, -2.124999999999999112 ) ) ;
#2045 = ORIENTED_EDGE ( 'NONE', *, *, #2818, .T. ) ;
#2046 =( NAMED_UNIT ( * ) PLANE_ANGLE_UNIT ( ) SI_UNIT ( $, .RADIAN. ) );
#2047 = ORIENTED_EDGE ( 'NONE', *, *, #1928, .F. ) ;
#2048 = CARTESIAN_POINT ( 'NONE',  ( 31.20950000000000202, 7.680000000000001492, 14.75150000000000006 ) ) ;
#2049 = ORIENTED_EDGE ( 'NONE', *, *, #1445, .T. ) ;
#2050 = CARTESIAN_POINT ( 'NONE',  ( 1.401556057271853537E-14, 4.000000000000000000, 1.124999999999989564 ) ) ;
#2051 = FACE_BOUND ( 'NONE', #1485, .T. ) ;
#2052 = CARTESIAN_POINT ( 'NONE',  ( -31.88049999999999784, 9.080000000000001847, 9.677999999999999048 ) ) ;
#2053 = ORIENTED_EDGE ( 'NONE', *, *, #1234, .F. ) ;
#2054 = DIRECTION ( 'NONE',  ( -0.000000000000000000, -1.000000000000000000, -0.000000000000000000 ) ) ;
#2055 = ORIENTED_EDGE ( 'NONE', *, *, #1248, .F. ) ;
#2056 = CARTESIAN_POINT ( 'NONE',  ( 6.535626466889249990E-15, 9.080000000000005400, 15.79899999999998705 ) ) ;
#2057 = PLANE ( 'NONE',  #109 ) ;
#2058 = EDGE_LOOP ( 'NONE', ( #287, #1070 ) ) ;
#2059 = ADVANCED_FACE ( 'NONE', ( #91 ), #1929, .F. ) ;
#2060 = DIRECTION ( 'NONE',  ( -1.000000000000000000, 0.000000000000000000, 5.302618942301481932E-16 ) ) ;
#2061 = EDGE_CURVE ( 'NONE', #1595, #2105, #2168, .T. ) ;
#2062 = EDGE_LOOP ( 'NONE', ( #669, #1241, #1287, #1829 ) ) ;
#2063 = ADVANCED_FACE ( 'NONE', ( #570 ), #1996, .F. ) ;
#2064 = CARTESIAN_POINT ( 'NONE',  ( 7.500000000000007105, 9.080000000000005400, 17.37500000000062172 ) ) ;
#2065 = PLANE ( 'NONE',  #1074 ) ;
#2066 = LINE ( 'NONE', #2323, #1067 ) ;
#2067 = ORIENTED_EDGE ( 'NONE', *, *, #471, .F. ) ;
#2068 = DIRECTION ( 'NONE',  ( 0.000000000000000000, 0.000000000000000000, -1.000000000000000000 ) ) ;
#2069 = ORIENTED_EDGE ( 'NONE', *, *, #1178, .F. ) ;
#2070 = CARTESIAN_POINT ( 'NONE',  ( 0.000000000000000000, 4.000000000000000000, 0.000000000000000000 ) ) ;
#2071 = CYLINDRICAL_SURFACE ( 'NONE', #2709, 21.51210508585769432 ) ;
#2072 = ORIENTED_EDGE ( 'NONE', *, *, #1101, .F. ) ;
#2073 = FACE_OUTER_BOUND ( 'NONE', #269, .T. ) ;
#2074 = ORIENTED_EDGE ( 'NONE', *, *, #2834, .F. ) ;
#2075 = CARTESIAN_POINT ( 'NONE',  ( -27.00000000000000000, 7.000000000000000000, 0.000000000000000000 ) ) ;
#2076 = DIRECTION ( 'NONE',  ( -0.4988440986473030025, 0.000000000000000000, -0.8666917359965767842 ) ) ;
#2077 = EDGE_CURVE ( 'NONE', #175, #1350, #1501, .T. ) ;
#2078 = CARTESIAN_POINT ( 'NONE',  ( -27.58578643762681892, 4.000000000000000000, 21.41421356237309936 ) ) ;
#2079 = AXIS2_PLACEMENT_3D ( 'NONE', #1587, #2262, #872 ) ;
#2080 = DIRECTION ( 'NONE',  ( 0.000000000000000000, 0.000000000000000000, 1.000000000000000000 ) ) ;
#2081 = CIRCLE ( 'NONE', #1653, 3.099999999999991651 ) ;
#2082 = CARTESIAN_POINT ( 'NONE',  ( 27.00000000000000000, 0.000000000000000000, 2.124999999999992895 ) ) ;
#2083 = AXIS2_PLACEMENT_3D ( 'NONE', #2343, #2833, #1192 ) ;
#2084 = ORIENTED_EDGE ( 'NONE', *, *, #201, .F. ) ;
#2085 =( GEOMETRIC_REPRESENTATION_CONTEXT ( 3 ) GLOBAL_UNCERTAINTY_ASSIGNED_CONTEXT ( ( #2952 ) ) GLOBAL_UNIT_ASSIGNED_CONTEXT ( ( #2288, #2494, #1155 ) ) REPRESENTATION_CONTEXT ( 'NONE', 'WORKASPACE' ) );
#2086 = VECTOR ( 'NONE', #366, 1000.000000000000000 ) ;
#2087 = AXIS2_PLACEMENT_3D ( 'NONE', #2527, #66, #462 ) ;
#2088 = FACE_OUTER_BOUND ( 'NONE', #1278, .T. ) ;
#2089 = ORIENTED_EDGE ( 'NONE', *, *, #1086, .F. ) ;
#2090 = VECTOR ( 'NONE', #2060, 1000.000000000000000 ) ;
#2091 = ORIENTED_EDGE ( 'NONE', *, *, #2204, .T. ) ;
#2092 = AXIS2_PLACEMENT_3D ( 'NONE', #1357, #2446, #1576 ) ;
#2093 = CARTESIAN_POINT ( 'NONE',  ( 35.00000000000001421, 0.000000000000000000, 0.000000000000000000 ) ) ;
#2094 = ORIENTED_EDGE ( 'NONE', *, *, #2009, .T. ) ;
#2095 = EDGE_CURVE ( 'NONE', #189, #92, #164, .T. ) ;
#2096 = DIRECTION ( 'NONE',  ( 0.000000000000000000, 0.000000000000000000, -1.000000000000000000 ) ) ;
#2097 = FACE_BOUND ( 'NONE', #2058, .T. ) ;
#2098 = DIRECTION ( 'NONE',  ( 0.000000000000000000, 0.000000000000000000, 1.000000000000000000 ) ) ;
#2099 = DIRECTION ( 'NONE',  ( 0.000000000000000000, -1.000000000000000000, 0.000000000000000000 ) ) ;
#2100 = EDGE_CURVE ( 'NONE', #440, #1567, #2609, .T. ) ;
#2101 = DIRECTION ( 'NONE',  ( -0.000000000000000000, -1.000000000000000000, -0.000000000000000000 ) ) ;
#2102 = PRODUCT_DEFINITION ( 'General', '', #497, #1386 ) ;
#2103 = EDGE_LOOP ( 'NONE', ( #1058, #705, #1377, #1833 ) ) ;
#2104 = CARTESIAN_POINT ( 'NONE',  ( 1.497996992704707624E-14, 3.272000000000000242, -9.000000000000008882 ) ) ;
#2105 = VERTEX_POINT ( 'NONE', #526 ) ;
#2106 = VERTEX_POINT ( 'NONE', #2627 ) ;
#2107 = DIRECTION ( 'NONE',  ( 0.000000000000000000, 1.000000000000000000, -0.000000000000000000 ) ) ;
#2108 = ORIENTED_EDGE ( 'NONE', *, *, #1987, .T. ) ;
#2109 = CARTESIAN_POINT ( 'NONE',  ( -27.91950000000000287, 7.000000000000000000, -9.677999999999999048 ) ) ;
#2110 = CARTESIAN_POINT ( 'NONE',  ( 0.000000000000000000, 6.020000000000000462, -3.937000000000467903 ) ) ;
#2111 = LINE ( 'NONE', #2078, #1508 ) ;
#2112 = CARTESIAN_POINT ( 'NONE',  ( -27.72963113701302618, 9.080000000000001847, 14.72963113701316118 ) ) ;
#2113 = CARTESIAN_POINT ( 'NONE',  ( -31.66749780952874005, 7.680000000000001492, -15.01511103375941758 ) ) ;
#2114 = EDGE_LOOP ( 'NONE', ( #2656, #420 ) ) ;
#2115 = DIRECTION ( 'NONE',  ( 0.000000000000000000, 0.000000000000000000, 1.000000000000000000 ) ) ;
#2116 = ORIENTED_EDGE ( 'NONE', *, *, #2463, .F. ) ;
#2117 = EDGE_CURVE ( 'NONE', #2391, #2219, #1031, .T. ) ;
#2118 = ADVANCED_FACE ( 'NONE', ( #2142 ), #1708, .T. ) ;
#2119 = DIRECTION ( 'NONE',  ( 0.7071067811865439090, 0.000000000000000000, -0.7071067811865512365 ) ) ;
#2120 = ORIENTED_EDGE ( 'NONE', *, *, #2471, .T. ) ;
#2121 = CYLINDRICAL_SURFACE ( 'NONE', #2763, 1.125000000000000000 ) ;
#2122 = CARTESIAN_POINT ( 'NONE',  ( 27.72963113701214510, 9.080000000000001847, -11.62963113701125728 ) ) ;
#2123 = EDGE_LOOP ( 'NONE', ( #2459, #1102 ) ) ;
#2124 = DIRECTION ( 'NONE',  ( -0.000000000000000000, -1.000000000000000000, -0.000000000000000000 ) ) ;
#2125 = ORIENTED_EDGE ( 'NONE', *, *, #1495, .T. ) ;
#2126 = AXIS2_PLACEMENT_3D ( 'NONE', #981, #940, #699 ) ;
#2127 = CIRCLE ( 'NONE', #828, 3.600000000000033840 ) ;
#2128 = DIRECTION ( 'NONE',  ( 0.000000000000000000, 1.000000000000000000, -0.000000000000000000 ) ) ;
#2129 = EDGE_LOOP ( 'NONE', ( #1001, #2049, #1448, #2882 ) ) ;
#2130 = AXIS2_PLACEMENT_3D ( 'NONE', #74, #993, #1912 ) ;
#2131 = CIRCLE ( 'NONE', #216, 1.999999999999980904 ) ;
#2132 = STYLED_ITEM ( 'NONE', ( #684 ), #2788 ) ;
#2133 = CARTESIAN_POINT ( 'NONE',  ( -34.99999999999999289, 4.000000000000000000, 13.17157287525381371 ) ) ;
#2134 = CIRCLE ( 'NONE', #836, 7.493000000000000327 ) ;
#2135 = ORIENTED_EDGE ( 'NONE', *, *, #2409, .F. ) ;
#2136 = AXIS2_PLACEMENT_3D ( 'NONE', #892, #2893, #832 ) ;
#2137 = DIRECTION ( 'NONE',  ( -0.000000000000000000, -1.000000000000000000, -0.000000000000000000 ) ) ;
#2138 = CYLINDRICAL_SURFACE ( 'NONE', #446, 3.599999999999999201 ) ;
#2139 = EDGE_LOOP ( 'NONE', ( #1396, #1620, #2749, #433 ) ) ;
#2140 = DIRECTION ( 'NONE',  ( 0.000000000000000000, 1.000000000000000000, -0.000000000000000000 ) ) ;
#2141 = VERTEX_POINT ( 'NONE', #786 ) ;
#2142 = FACE_OUTER_BOUND ( 'NONE', #859, .T. ) ;
#2143 = ORIENTED_EDGE ( 'NONE', *, *, #2286, .F. ) ;
#2144 = DIRECTION ( 'NONE',  ( 1.000000000000000000, 0.000000000000000000, -5.302618942301485877E-16 ) ) ;
#2145 = DIRECTION ( 'NONE',  ( 0.000000000000000000, 0.000000000000000000, -1.000000000000000000 ) ) ;
#2146 = VERTEX_POINT ( 'NONE', #355 ) ;
#2147 = EDGE_CURVE ( 'NONE', #2314, #1976, #454, .T. ) ;
#2148 = DIRECTION ( 'NONE',  ( -0.000000000000000000, 1.000000000000000000, -0.000000000000000000 ) ) ;
#2149 = EDGE_CURVE ( 'NONE', #2153, #1761, #837, .T. ) ;
#2150 = DIRECTION ( 'NONE',  ( 0.000000000000000000, 1.000000000000000000, -0.000000000000000000 ) ) ;
#2151 = DIRECTION ( 'NONE',  ( 0.000000000000000000, 1.000000000000000000, 0.000000000000000000 ) ) ;
#2152 = CARTESIAN_POINT ( 'NONE',  ( 7.500000000000007105, 2.399999999999976819, 15.87500000000062172 ) ) ;
#2153 = VERTEX_POINT ( 'NONE', #340 ) ;
#2154 = DIRECTION ( 'NONE',  ( -0.000000000000000000, -1.000000000000000000, 0.000000000000000000 ) ) ;
#2155 = ORIENTED_EDGE ( 'NONE', *, *, #604, .F. ) ;
#2156 = FACE_OUTER_BOUND ( 'NONE', #2942, .T. ) ;
#2157 = DIRECTION ( 'NONE',  ( 0.000000000000000000, 1.000000000000000000, -0.000000000000000000 ) ) ;
#2158 = ORIENTED_EDGE ( 'NONE', *, *, #463, .F. ) ;
#2159 = DIRECTION ( 'NONE',  ( -1.000000000000000000, 0.000000000000000000, 0.000000000000000000 ) ) ;
#2160 = ORIENTED_EDGE ( 'NONE', *, *, #821, .F. ) ;
#2161 = CARTESIAN_POINT ( 'NONE',  ( -24.50000000000009948, 9.080000000000001847, -24.49999999999992539 ) ) ;
#2162 = DIRECTION ( 'NONE',  ( 0.7071067811865500152, -0.000000000000000000, 0.7071067811865450192 ) ) ;
#2163 = DIRECTION ( 'NONE',  ( 0.000000000000000000, 1.000000000000000000, -0.000000000000000000 ) ) ;
#2164 = EDGE_CURVE ( 'NONE', #819, #2685, #1252, .T. ) ;
#2165 = DIRECTION ( 'NONE',  ( 0.000000000000000000, 1.000000000000000000, -0.000000000000000000 ) ) ;
#2166 = ORIENTED_EDGE ( 'NONE', *, *, #579, .T. ) ;
#2167 = EDGE_CURVE ( 'NONE', #2552, #2289, #874, .T. ) ;
#2168 = LINE ( 'NONE', #123, #785 ) ;
#2169 = ORIENTED_EDGE ( 'NONE', *, *, #2077, .T. ) ;
#2170 = VECTOR ( 'NONE', #1868, 1000.000000000000000 ) ;
#2171 = AXIS2_PLACEMENT_3D ( 'NONE', #2915, #1600, #1072 ) ;
#2172 = FACE_OUTER_BOUND ( 'NONE', #2504, .T. ) ;
#2173 = TOROIDAL_SURFACE ( 'NONE', #878, 0.5284437251522920986, 2.200000000000000178 ) ;
#2174 = DIRECTION ( 'NONE',  ( -0.000000000000000000, -1.000000000000000000, -0.000000000000000000 ) ) ;
#2175 = ORIENTED_EDGE ( 'NONE', *, *, #1788, .T. ) ;
#2176 = FACE_OUTER_BOUND ( 'NONE', #1409, .T. ) ;
#2177 = ORIENTED_EDGE ( 'NONE', *, *, #332, .T. ) ;
#2178 = CIRCLE ( 'NONE', #2376, 2.200000000000000622 ) ;
#2179 = AXIS2_PLACEMENT_3D ( 'NONE', #464, #1834, #1322 ) ;
#2180 = CIRCLE ( 'NONE', #1315, 3.600000000000033840 ) ;
#2181 = CARTESIAN_POINT ( 'NONE',  ( 31.88049999999999784, 9.080000000000001847, 0.000000000000000000 ) ) ;
#2182 = CARTESIAN_POINT ( 'NONE',  ( -27.91950000000000287, 9.080000000000001847, -9.677999999999999048 ) ) ;
#2183 = ADVANCED_FACE ( 'NONE', ( #602 ), #186, .F. ) ;
#2184 = CARTESIAN_POINT ( 'NONE',  ( -27.00000000000000000, 7.000000000000000000, 2.124999999999999112 ) ) ;
#2185 = ORIENTED_EDGE ( 'NONE', *, *, #546, .F. ) ;
#2186 = EDGE_CURVE ( 'NONE', #234, #1544, #1271, .T. ) ;
#2187 = EDGE_CURVE ( 'NONE', #2393, #187, #2673, .T. ) ;
#2188 = DIRECTION ( 'NONE',  ( -0.000000000000000000, -1.000000000000000000, -0.000000000000000000 ) ) ;
#2189 = ORIENTED_EDGE ( 'NONE', *, *, #2283, .F. ) ;
#2190 = CYLINDRICAL_SURFACE ( 'NONE', #2658, 1.500000000000001332 ) ;
#2191 = FACE_BOUND ( 'NONE', #728, .T. ) ;
#2192 = ORIENTED_EDGE ( 'NONE', *, *, #240, .F. ) ;
#2193 = CARTESIAN_POINT ( 'NONE',  ( 27.00000000000000000, 7.000000000000000000, 2.124999999999992895 ) ) ;
#2194 = VERTEX_POINT ( 'NONE', #148 ) ;
#2195 = DIRECTION ( 'NONE',  ( -0.000000000000000000, -1.000000000000000000, -0.000000000000000000 ) ) ;
#2196 = LINE ( 'NONE', #2410, #975 ) ;
#2197 = DIRECTION ( 'NONE',  ( 0.000000000000000000, 0.000000000000000000, 1.000000000000000000 ) ) ;
#2198 = CARTESIAN_POINT ( 'NONE',  ( -1.166576167306326222E-14, 9.080000000000001847, -22.00000000000000000 ) ) ;
#2199 = VERTEX_POINT ( 'NONE', #2503 ) ;
#2200 = DIRECTION ( 'NONE',  ( -0.000000000000000000, 1.000000000000000000, -0.000000000000000000 ) ) ;
#2201 = ORIENTED_EDGE ( 'NONE', *, *, #2649, .F. ) ;
#2202 = ADVANCED_FACE ( 'NONE', ( #384 ), #2213, .F. ) ;
#2203 = LINE ( 'NONE', #1740, #1414 ) ;
#2204 = EDGE_CURVE ( 'NONE', #1026, #545, #314, .T. ) ;
#2205 = CARTESIAN_POINT ( 'NONE',  ( 0.000000000000000000, 4.000000000000000000, 3.936999999999531319 ) ) ;
#2206 = ORIENTED_EDGE ( 'NONE', *, *, #2971, .F. ) ;
#2207 = ADVANCED_FACE ( 'NONE', ( #172 ), #2041, .F. ) ;
#2208 = CARTESIAN_POINT ( 'NONE',  ( 1.387778780781445676E-14, 3.272000000000000242, -1.040834085586084257E-14 ) ) ;
#2209 = DIRECTION ( 'NONE',  ( 0.000000000000000000, 0.000000000000000000, -1.000000000000000000 ) ) ;
#2210 = LINE ( 'NONE', #1947, #10 ) ;
#2211 = CARTESIAN_POINT ( 'NONE',  ( -31.20950000000000202, 7.680000000000001492, -14.75150000000000006 ) ) ;
#2212 = ORIENTED_EDGE ( 'NONE', *, *, #2095, .T. ) ;
#2213 = CYLINDRICAL_SURFACE ( 'NONE', #1219, 2.124999999999999112 ) ;
#2214 = ORIENTED_EDGE ( 'NONE', *, *, #2295, .F. ) ;
#2215 = EDGE_CURVE ( 'NONE', #2774, #1731, #696, .T. ) ;
#2216 = DIRECTION ( 'NONE',  ( 0.000000000000000000, 0.000000000000000000, 1.000000000000000000 ) ) ;
#2217 = EDGE_LOOP ( 'NONE', ( #363, #2495, #2701, #70, #2175, #2539, #525, #2824, #873, #1395, #947, #122, #2733, #1903, #2003 ) ) ;
#2218 = CARTESIAN_POINT ( 'NONE',  ( -27.72963113701302618, 9.080000000000001847, 14.72963113701316118 ) ) ;
#2219 = VERTEX_POINT ( 'NONE', #2963 ) ;
#2220 = VECTOR ( 'NONE', #327, 1000.000000000000000 ) ;
#2221 = CIRCLE ( 'NONE', #924, 9.000000000000000000 ) ;
#2222 = VECTOR ( 'NONE', #943, 1000.000000000000000 ) ;
#2223 = EDGE_CURVE ( 'NONE', #731, #1666, #2908, .T. ) ;
#2224 = FACE_OUTER_BOUND ( 'NONE', #1344, .T. ) ;
#2225 = AXIS2_PLACEMENT_3D ( 'NONE', #144, #2163, #2846 ) ;
#2226 = VECTOR ( 'NONE', #87, 1000.000000000000000 ) ;
#2227 = AXIS2_PLACEMENT_3D ( 'NONE', #1133, #14, #1859 ) ;
#2228 = CARTESIAN_POINT ( 'NONE',  ( -7.500000000000043521, 4.000000000000000000, -13.77499999999952252 ) ) ;
#2229 = AXIS2_PLACEMENT_3D ( 'NONE', #1644, #72, #2321 ) ;
#2230 = CONICAL_SURFACE ( 'NONE', #264, 1.500000000000001332, 0.9197196053504173019 ) ;
#2231 = CARTESIAN_POINT ( 'NONE',  ( 0.000000000000000000, 7.000000000000000000, 9.677999999999999048 ) ) ;
#2232 = DIRECTION ( 'NONE',  ( -0.000000000000000000, -1.000000000000000000, -0.000000000000000000 ) ) ;
#2233 = AXIS2_PLACEMENT_3D ( 'NONE', #286, #2119, #52 ) ;
#2234 = EDGE_LOOP ( 'NONE', ( #2039, #2628, #1736, #1854 ) ) ;
#2235 = CARTESIAN_POINT ( 'NONE',  ( -24.50000000000009948, 0.000000000000000000, -24.49999999999992539 ) ) ;
#2236 = CIRCLE ( 'NONE', #2620, 0.5284437251522923207 ) ;
#2237 = ORIENTED_EDGE ( 'NONE', *, *, #1713, .T. ) ;
#2238 = DIRECTION ( 'NONE',  ( 0.000000000000000000, 0.000000000000000000, 1.000000000000000000 ) ) ;
#2239 = EDGE_LOOP ( 'NONE', ( #1547, #2919, #1033, #1636 ) ) ;
#2240 = DIRECTION ( 'NONE',  ( 0.000000000000000000, 1.000000000000000000, 0.000000000000000000 ) ) ;
#2241 = EDGE_LOOP ( 'NONE', ( #1056, #2797, #248, #1863 ) ) ;
#2242 = ORIENTED_EDGE ( 'NONE', *, *, #261, .F. ) ;
#2243 = DIRECTION ( 'NONE',  ( 0.000000000000000000, 1.000000000000000000, -0.000000000000000000 ) ) ;
#2244 = ADVANCED_FACE ( 'NONE', ( #2697 ), #1819, .T. ) ;
#2245 = LINE ( 'NONE', #179, #57 ) ;
#2246 = ADVANCED_FACE ( 'NONE', ( #2458, #1332 ), #1531, .T. ) ;
#2247 = DIRECTION ( 'NONE',  ( 1.000000000000000000, 0.000000000000000000, 2.428207336593342296E-16 ) ) ;
#2248 = EDGE_CURVE ( 'NONE', #2914, #2977, #1806, .T. ) ;
#2249 = DIRECTION ( 'NONE',  ( 0.000000000000000000, 0.000000000000000000, -1.000000000000000000 ) ) ;
#2250 = DIRECTION ( 'NONE',  ( -4.136734266022694849E-16, 0.000000000000000000, -1.000000000000000000 ) ) ;
#2251 = ADVANCED_FACE ( 'NONE', ( #399 ), #630, .F. ) ;
#2252 = ORIENTED_EDGE ( 'NONE', *, *, #2845, .T. ) ;
#2253 = DIRECTION ( 'NONE',  ( 0.000000000000000000, 0.000000000000000000, -1.000000000000000000 ) ) ;
#2254 = ORIENTED_EDGE ( 'NONE', *, *, #2538, .T. ) ;
#2255 = FACE_OUTER_BOUND ( 'NONE', #1951, .T. ) ;
#2256 = EDGE_LOOP ( 'NONE', ( #974, #1823, #2116, #850 ) ) ;
#2257 = ORIENTED_EDGE ( 'NONE', *, *, #1982, .F. ) ;
#2258 = DIRECTION ( 'NONE',  ( -0.000000000000000000, -1.000000000000000000, 0.000000000000000000 ) ) ;
#2259 = CARTESIAN_POINT ( 'NONE',  ( -7.500000000000043521, 4.000000000000000000, -17.37499999999955591 ) ) ;
#2260 = CARTESIAN_POINT ( 'NONE',  ( 27.58578643762694327, 0.000000000000000000, 21.41421356237306028 ) ) ;
#2261 = DIRECTION ( 'NONE',  ( -0.000000000000000000, -1.000000000000000000, -0.000000000000000000 ) ) ;
#2262 = DIRECTION ( 'NONE',  ( -0.000000000000000000, -1.000000000000000000, -0.000000000000000000 ) ) ;
#2263 = EDGE_LOOP ( 'NONE', ( #665, #35, #540, #370 ) ) ;
#2264 = DIRECTION ( 'NONE',  ( -0.000000000000000000, 1.000000000000000000, -0.000000000000000000 ) ) ;
#2265 = EDGE_LOOP ( 'NONE', ( #2278, #571, #618, #385, #1882, #1203 ) ) ;
#2266 = CARTESIAN_POINT ( 'NONE',  ( 0.000000000000000000, 4.000000000000000000, 9.677999999999999048 ) ) ;
#2267 = ORIENTED_EDGE ( 'NONE', *, *, #1230, .T. ) ;
#2268 = ORIENTED_EDGE ( 'NONE', *, *, #2982, .F. ) ;
#2269 = CARTESIAN_POINT ( 'NONE',  ( 10.90522022592068474, 4.000000000000000000, 18.54310753485388474 ) ) ;
#2270 = AXIS2_PLACEMENT_3D ( 'NONE', #2682, #2037, #1542 ) ;
#2271 = AXIS2_PLACEMENT_3D ( 'NONE', #2543, #479, #1397 ) ;
#2272 = CARTESIAN_POINT ( 'NONE',  ( 7.500000000000007105, 4.000000000000000000, 20.97500000000065512 ) ) ;
#2273 = CIRCLE ( 'NONE', #2515, 3.600000000000033840 ) ;
#2274 = AXIS2_PLACEMENT_3D ( 'NONE', #308, #2140, #538 ) ;
#2275 = CARTESIAN_POINT ( 'NONE',  ( 7.500000000000007105, 0.000000000000000000, 18.87500000000062528 ) ) ;
#2276 = DIRECTION ( 'NONE',  ( 0.7071067811865460184, 0.000000000000000000, -0.7071067811865490160 ) ) ;
#2277 = CIRCLE ( 'NONE', #884, 0.5284437251522854373 ) ;
#2278 = ORIENTED_EDGE ( 'NONE', *, *, #708, .T. ) ;
#2279 = CIRCLE ( 'NONE', #691, 1.500000000000001332 ) ;
#2280 = CARTESIAN_POINT ( 'NONE',  ( 27.72963113701214510, 0.000000000000000000, -14.72963113701126403 ) ) ;
#2281 = VERTEX_POINT ( 'NONE', #617 ) ;
#2282 = AXIS2_PLACEMENT_3D ( 'NONE', #704, #1906, #922 ) ;
#2283 = EDGE_CURVE ( 'NONE', #2315, #2842, #1078, .T. ) ;
#2284 = EDGE_CURVE ( 'NONE', #2784, #893, #2574, .T. ) ;
#2285 = DIRECTION ( 'NONE',  ( -0.000000000000000000, -1.000000000000000000, 0.000000000000000000 ) ) ;
#2286 = EDGE_CURVE ( 'NONE', #1013, #232, #1378, .T. ) ;
#2287 = ORIENTED_EDGE ( 'NONE', *, *, #1586, .F. ) ;
#2288 =( LENGTH_UNIT ( ) NAMED_UNIT ( * ) SI_UNIT ( .MILLI., .METRE. ) );
#2289 = VERTEX_POINT ( 'NONE', #2354 ) ;
#2290 = LINE ( 'NONE', #6, #875 ) ;
#2291 = VERTEX_POINT ( 'NONE', #2297 ) ;
#2292 = CARTESIAN_POINT ( 'NONE',  ( 32.31967754153967576, 9.080000000000001847, 16.68032245846032424 ) ) ;
#2293 = FACE_OUTER_BOUND ( 'NONE', #1220, .T. ) ;
#2294 = DIRECTION ( 'NONE',  ( -0.7071067811865450192, 0.000000000000000000, 0.7071067811865500152 ) ) ;
#2295 = EDGE_CURVE ( 'NONE', #2199, #2141, #514, .T. ) ;
#2296 = ORIENTED_EDGE ( 'NONE', *, *, #2303, .F. ) ;
#2297 = CARTESIAN_POINT ( 'NONE',  ( -31.47311103375942309, 9.880000000000000782, -15.20949780952873809 ) ) ;
#2298 = VERTEX_POINT ( 'NONE', #291 ) ;
#2299 = CARTESIAN_POINT ( 'NONE',  ( -27.58578643762681892, 0.000000000000000000, 21.41421356237309936 ) ) ;
#2300 = DIRECTION ( 'NONE',  ( 1.547478569114011300E-15, 0.000000000000000000, 1.000000000000000000 ) ) ;
#2301 = ADVANCED_FACE ( 'NONE', ( #714 ), #2793, .F. ) ;
#2302 = VERTEX_POINT ( 'NONE', #2976 ) ;
#2303 = EDGE_CURVE ( 'NONE', #1844, #1719, #1635, .T. ) ;
#2304 = DIRECTION ( 'NONE',  ( 0.000000000000000000, 0.000000000000000000, -1.000000000000000000 ) ) ;
#2305 = EDGE_LOOP ( 'NONE', ( #1425, #2333, #1090, #1785 ) ) ;
#2306 = LINE ( 'NONE', #2775, #1517 ) ;
#2307 = CARTESIAN_POINT ( 'NONE',  ( -2.643762093426195483E-15, 9.080000000000001847, -9.678000000000006153 ) ) ;
#2308 = EDGE_CURVE ( 'NONE', #2291, #374, #2236, .T. ) ;
#2309 = CARTESIAN_POINT ( 'NONE',  ( 0.000000000000000000, 4.000000000000000000, 0.000000000000000000 ) ) ;
#2310 = FACE_OUTER_BOUND ( 'NONE', #1412, .T. ) ;
#2311 = DIRECTION ( 'NONE',  ( 0.000000000000000000, 0.000000000000000000, -1.000000000000000000 ) ) ;
#2312 = ORIENTED_EDGE ( 'NONE', *, *, #958, .F. ) ;
#2313 = DIRECTION ( 'NONE',  ( 0.000000000000000000, 1.000000000000000000, -0.000000000000000000 ) ) ;
#2314 = VERTEX_POINT ( 'NONE', #1621 ) ;
#2315 = VERTEX_POINT ( 'NONE', #1667 ) ;
#2316 = EDGE_CURVE ( 'NONE', #374, #519, #2706, .T. ) ;
#2317 = CARTESIAN_POINT ( 'NONE',  ( 35.00000000000001421, 4.000000000000000000, 13.17157287525375864 ) ) ;
#2318 = ORIENTED_EDGE ( 'NONE', *, *, #139, .T. ) ;
#2319 = EDGE_CURVE ( 'NONE', #391, #1682, #2537, .T. ) ;
#2320 = EDGE_CURVE ( 'NONE', #389, #1567, #281, .T. ) ;
#2321 = DIRECTION ( 'NONE',  ( 0.000000000000000000, 0.000000000000000000, 1.000000000000000000 ) ) ;
#2322 = DIRECTION ( 'NONE',  ( -0.000000000000000000, -1.000000000000000000, -0.000000000000000000 ) ) ;
#2323 = CARTESIAN_POINT ( 'NONE',  ( -10.73669955355786421, 9.080000000000001847, -15.79900000000000482 ) ) ;
#2324 = AXIS2_PLACEMENT_3D ( 'NONE', #2535, #245, #470 ) ;
#2325 = VERTEX_POINT ( 'NONE', #1604 ) ;
#2326 = VECTOR ( 'NONE', #1132, 1000.000000000000000 ) ;
#2327 = VERTEX_POINT ( 'NONE', #1193 ) ;
#2328 = AXIS2_PLACEMENT_3D ( 'NONE', #1748, #795, #2669 ) ;
#2329 = PRESENTATION_LAYER_ASSIGNMENT (  '', '', ( #2132 ) ) ;
#2330 = VECTOR ( 'NONE', #1016, 1000.000000000000000 ) ;
#2331 = AXIS2_PLACEMENT_3D ( 'NONE', #1240, #2157, #2419 ) ;
#2332 = FACE_OUTER_BOUND ( 'NONE', #1104, .T. ) ;
#2333 = ORIENTED_EDGE ( 'NONE', *, *, #1966, .T. ) ;
#2334 = AXIS2_PLACEMENT_3D ( 'NONE', #2496, #1324, #177 ) ;
#2335 = ORIENTED_EDGE ( 'NONE', *, *, #1274, .T. ) ;
#2336 = VECTOR ( 'NONE', #1786, 1000.000000000000000 ) ;
#2337 = DIRECTION ( 'NONE',  ( -0.000000000000000000, -1.000000000000000000, -0.000000000000000000 ) ) ;
#2338 = ORIENTED_EDGE ( 'NONE', *, *, #2497, .F. ) ;
#2339 = CARTESIAN_POINT ( 'NONE',  ( 1.387778780781445676E-14, 3.272000000000000242, -1.040834085586084257E-14 ) ) ;
#2340 = DIRECTION ( 'NONE',  ( -0.7071067811865486830, 0.000000000000000000, -0.7071067811865464625 ) ) ;
#2341 = CARTESIAN_POINT ( 'NONE',  ( 26.17157287525380482, 4.000000000000000000, -20.00000000000001776 ) ) ;
#2342 = EDGE_CURVE ( 'NONE', #770, #722, #1406, .T. ) ;
#2343 = CARTESIAN_POINT ( 'NONE',  ( -32.99999999999998579, 4.000000000000000000, 13.17157287525381371 ) ) ;
#2344 = DIRECTION ( 'NONE',  ( -0.000000000000000000, -1.000000000000000000, -0.000000000000000000 ) ) ;
#2345 = ORIENTED_EDGE ( 'NONE', *, *, #150, .T. ) ;
#2346 = EDGE_CURVE ( 'NONE', #2478, #1606, #2523, .T. ) ;
#2347 = LINE ( 'NONE', #294, #1898 ) ;
#2348 = VERTEX_POINT ( 'NONE', #459 ) ;
#2349 = CARTESIAN_POINT ( 'NONE',  ( 10.73669955355730465, 9.080000000000001847, 15.79899999999999416 ) ) ;
#2350 = VERTEX_POINT ( 'NONE', #1846 ) ;
#2351 = DIRECTION ( 'NONE',  ( 1.000000000000000000, -0.000000000000000000, -1.224646799147353207E-16 ) ) ;
#2352 = CARTESIAN_POINT ( 'NONE',  ( 0.000000000000000000, 4.000000000000000000, 0.000000000000000000 ) ) ;
#2353 = ORIENTED_EDGE ( 'NONE', *, *, #2526, .T. ) ;
#2354 = CARTESIAN_POINT ( 'NONE',  ( -27.00000000000000000, 0.000000000000000000, 2.124999999999999556 ) ) ;
#2355 = EDGE_LOOP ( 'NONE', ( #1822, #2579, #2796, #2252, #2042, #2268, #2946, #407, #474, #1867, #224, #1591, #2855, #902, #1660, #2094, #2012, #2647, #460, #505, #310, #1373, #2353, #911 ) ) ;
#2356 = CARTESIAN_POINT ( 'NONE',  ( 1.387778780781445676E-14, 0.000000000000000000, -1.040834085586084257E-14 ) ) ;
#2357 = ORIENTED_EDGE ( 'NONE', *, *, #1498, .T. ) ;
#2358 = CARTESIAN_POINT ( 'NONE',  ( 1.166576167306326538E-14, 9.080000000000001847, 21.99999999999999289 ) ) ;
#2359 = ORIENTED_EDGE ( 'NONE', *, *, #1027, .T. ) ;
#2360 = DIRECTION ( 'NONE',  ( -0.000000000000000000, -1.000000000000000000, -0.000000000000000000 ) ) ;
#2361 = DIRECTION ( 'NONE',  ( 0.000000000000000000, 0.000000000000000000, -1.000000000000000000 ) ) ;
#2362 = CARTESIAN_POINT ( 'NONE',  ( 35.00000000000001421, 9.080000000000001847, 0.000000000000000000 ) ) ;
#2363 = CARTESIAN_POINT ( 'NONE',  ( -34.99999999999999289, 0.000000000000000000, 0.000000000000000000 ) ) ;
#2364 = VERTEX_POINT ( 'NONE', #22 ) ;
#2365 = VECTOR ( 'NONE', #1908, 1000.000000000000000 ) ;
#2366 = VECTOR ( 'NONE', #790, 1000.000000000000000 ) ;
#2367 = CONICAL_SURFACE ( 'NONE', #255, 3.100000000000005418, 0.6510767214444801443 ) ;
#2368 = AXIS2_PLACEMENT_3D ( 'NONE', #1309, #1816, #1585 ) ;
#2369 = AXIS2_PLACEMENT_3D ( 'NONE', #1181, #2099, #33 ) ;
#2370 = DIRECTION ( 'NONE',  ( 0.000000000000000000, 1.000000000000000000, 0.000000000000000000 ) ) ;
#2371 = ORIENTED_EDGE ( 'NONE', *, *, #1643, .F. ) ;
#2372 = AXIS2_PLACEMENT_3D ( 'NONE', #855, #1522, #605 ) ;
#2373 = AXIS2_PLACEMENT_3D ( 'NONE', #1936, #1242, #1967 ) ;
#2374 = CIRCLE ( 'NONE', #932, 1.999999999999980904 ) ;
#2375 = EDGE_CURVE ( 'NONE', #345, #2685, #492, .T. ) ;
#2376 = AXIS2_PLACEMENT_3D ( 'NONE', #573, #136, #549 ) ;
#2377 = AXIS2_PLACEMENT_3D ( 'NONE', #2110, #1632, #674 ) ;
#2378 = ADVANCED_FACE ( 'NONE', ( #2566 ), #2173, .T. ) ;
#2379 = DIRECTION ( 'NONE',  ( 0.000000000000000000, 0.000000000000000000, 1.000000000000000000 ) ) ;
#2380 = CIRCLE ( 'NONE', #267, 3.099999999999991651 ) ;
#2381 = VERTEX_POINT ( 'NONE', #727 ) ;
#2382 = CARTESIAN_POINT ( 'NONE',  ( 27.00000000000000000, 7.000000000000000000, -2.125000000000005773 ) ) ;
#2383 = DIRECTION ( 'NONE',  ( 0.000000000000000000, 1.000000000000000000, -0.000000000000000000 ) ) ;
#2384 = DIRECTION ( 'NONE',  ( 0.000000000000000000, 1.000000000000000000, -0.000000000000000000 ) ) ;
#2385 = ORIENTED_EDGE ( 'NONE', *, *, #1208, .F. ) ;
#2386 = ADVANCED_FACE ( 'NONE', ( #34, #268 ), #247, .T. ) ;
#2387 = CARTESIAN_POINT ( 'NONE',  ( 33.00000000000001421, 0.000000000000000000, -13.17157287525383325 ) ) ;
#2388 = ORIENTED_EDGE ( 'NONE', *, *, #1814, .T. ) ;
#2389 = LINE ( 'NONE', #771, #2366 ) ;
#2390 = PLANE ( 'NONE',  #2331 ) ;
#2391 = VERTEX_POINT ( 'NONE', #2082 ) ;
#2392 = LINE ( 'NONE', #138, #741 ) ;
#2393 = VERTEX_POINT ( 'NONE', #955 ) ;
#2394 = ADVANCED_FACE ( 'NONE', ( #1874 ), #1648, .F. ) ;
#2395 = DIRECTION ( 'NONE',  ( 0.000000000000000000, 1.000000000000000000, 0.000000000000000000 ) ) ;
#2396 = CARTESIAN_POINT ( 'NONE',  ( -26.17157287525377640, 9.080000000000001847, 21.99999999999998579 ) ) ;
#2397 = DIRECTION ( 'NONE',  ( 1.000000000000000000, -0.000000000000000000, 0.000000000000000000 ) ) ;
#2398 = DIRECTION ( 'NONE',  ( 0.000000000000000000, 0.000000000000000000, 1.000000000000000000 ) ) ;
#2399 = EDGE_LOOP ( 'NONE', ( #2345, #2074, #2808, #290 ) ) ;
#2400 = DIRECTION ( 'NONE',  ( 0.000000000000000000, 0.000000000000000000, 1.000000000000000000 ) ) ;
#2401 = ORIENTED_EDGE ( 'NONE', *, *, #804, .T. ) ;
#2402 = DIRECTION ( 'NONE',  ( -1.000000000000000000, 0.000000000000000000, -8.759017803467855897E-16 ) ) ;
#2403 = CARTESIAN_POINT ( 'NONE',  ( 15.36655977276631191, 9.080000000000001847, -15.79900000000000482 ) ) ;
#2404 = ORIENTED_EDGE ( 'NONE', *, *, #708, .F. ) ;
#2405 = DIRECTION ( 'NONE',  ( 0.000000000000000000, 0.000000000000000000, 1.000000000000000000 ) ) ;
#2406 = ORIENTED_EDGE ( 'NONE', *, *, #1840, .F. ) ;
#2407 = EDGE_CURVE ( 'NONE', #2364, #472, #2081, .T. ) ;
#2408 = CARTESIAN_POINT ( 'NONE',  ( -10.13294086911106007, 4.000000000000000000, -14.91987833707429267 ) ) ;
#2409 = EDGE_CURVE ( 'NONE', #2769, #2690, #121, .T. ) ;
#2410 = CARTESIAN_POINT ( 'NONE',  ( 24.49999999999996447, 0.000000000000000000, -24.50000000000004263 ) ) ;
#2411 = FACE_OUTER_BOUND ( 'NONE', #2933, .T. ) ;
#2412 = PLANE ( 'NONE',  #1119 ) ;
#2413 = VERTEX_POINT ( 'NONE', #1724 ) ;
#2414 = CARTESIAN_POINT ( 'NONE',  ( 27.91949999999999932, 9.080000000000001847, 7.435999999999999055 ) ) ;
#2415 = VERTEX_POINT ( 'NONE', #89 ) ;
#2416 = CIRCLE ( 'NONE', #1355, 2.124999999999999112 ) ;
#2417 = CARTESIAN_POINT ( 'NONE',  ( 0.000000000000000000, 9.080000000000001847, 0.000000000000000000 ) ) ;
#2418 = AXIS2_PLACEMENT_3D ( 'NONE', #1709, #2165, #1449 ) ;
#2419 = DIRECTION ( 'NONE',  ( 0.000000000000000000, 0.000000000000000000, 1.000000000000000000 ) ) ;
#2420 = VERTEX_POINT ( 'NONE', #1516 ) ;
#2421 = DIRECTION ( 'NONE',  ( -0.000000000000000000, -1.000000000000000000, -0.000000000000000000 ) ) ;
#2422 = VECTOR ( 'NONE', #2397, 1000.000000000000000 ) ;
#2423 = EDGE_LOOP ( 'NONE', ( #1897, #1156, #236, #1579 ) ) ;
#2424 = AXIS2_PLACEMENT_3D ( 'NONE', #1945, #143, #422 ) ;
#2425 = VECTOR ( 'NONE', #2322, 1000.000000000000000 ) ;
#2426 = AXIS2_PLACEMENT_3D ( 'NONE', #2577, #2351, #510 ) ;
#2427 = CARTESIAN_POINT ( 'NONE',  ( -7.500000000000043521, 9.080000000000001847, -17.37499999999955591 ) ) ;
#2428 = AXIS2_PLACEMENT_3D ( 'NONE', #1545, #682, #851 ) ;
#2429 = DIRECTION ( 'NONE',  ( 0.000000000000000000, -1.000000000000000000, 0.000000000000000000 ) ) ;
#2430 = CARTESIAN_POINT ( 'NONE',  ( -7.500000000000043521, 9.080000000000005400, -17.37499999999955591 ) ) ;
#2431 = CARTESIAN_POINT ( 'NONE',  ( -1.307125293377846369E-14, 55.47031231841406651, -15.79899999999998350 ) ) ;
#2432 = EDGE_LOOP ( 'NONE', ( #1348, #2787 ) ) ;
#2433 = EDGE_CURVE ( 'NONE', #374, #876, #1308, .T. ) ;
#2434 = CARTESIAN_POINT ( 'NONE',  ( -32.99999999999998579, 0.000000000000000000, 13.17157287525381371 ) ) ;
#2435 = ORIENTED_EDGE ( 'NONE', *, *, #581, .T. ) ;
#2436 = ADVANCED_FACE ( 'NONE', ( #556 ), #101, .F. ) ;
#2437 = CARTESIAN_POINT ( 'NONE',  ( -27.72963113701302618, 0.000000000000000000, 16.22963113701315763 ) ) ;
#2438 = LINE ( 'NONE', #1762, #1023 ) ;
#2439 = ORIENTED_EDGE ( 'NONE', *, *, #1842, .F. ) ;
#2440 = CYLINDRICAL_SURFACE ( 'NONE', #2902, 9.000000000000000000 ) ;
#2441 = LINE ( 'NONE', #1571, #1848 ) ;
#2442 = CARTESIAN_POINT ( 'NONE',  ( -7.500000000000043521, 9.080000000000001847, -18.87499999999955946 ) ) ;
#2443 = FACE_OUTER_BOUND ( 'NONE', #2929, .T. ) ;
#2444 = ORIENTED_EDGE ( 'NONE', *, *, #139, .F. ) ;
#2445 = EDGE_CURVE ( 'NONE', #2681, #189, #1914, .T. ) ;
#2446 = DIRECTION ( 'NONE',  ( -0.000000000000000000, -1.000000000000000000, -0.000000000000000000 ) ) ;
#2447 = ORIENTED_EDGE ( 'NONE', *, *, #2346, .F. ) ;
#2448 = DIRECTION ( 'NONE',  ( 0.000000000000000000, 0.000000000000000000, 1.000000000000000000 ) ) ;
#2449 = ORIENTED_EDGE ( 'NONE', *, *, #579, .F. ) ;
#2450 = PLANE ( 'NONE',  #1849 ) ;
#2451 = ORIENTED_EDGE ( 'NONE', *, *, #1089, .T. ) ;
#2452 = DIRECTION ( 'NONE',  ( 0.000000000000000000, 0.000000000000000000, -1.000000000000000000 ) ) ;
#2453 = CARTESIAN_POINT ( 'NONE',  ( 33.00000000000001421, 9.080000000000001847, -13.17157287525383325 ) ) ;
#2454 = DIRECTION ( 'NONE',  ( -0.000000000000000000, -1.000000000000000000, -0.000000000000000000 ) ) ;
#2455 = CARTESIAN_POINT ( 'NONE',  ( 0.000000000000000000, 0.000000000000000000, 3.936999999999531319 ) ) ;
#2456 = ORIENTED_EDGE ( 'NONE', *, *, #2686, .F. ) ;
#2457 = CARTESIAN_POINT ( 'NONE',  ( 1.387778780781445676E-14, 4.000000000000000000, -1.125000000000010214 ) ) ;
#2458 = FACE_BOUND ( 'NONE', #2123, .T. ) ;
#2459 = ORIENTED_EDGE ( 'NONE', *, *, #719, .F. ) ;
#2460 = DIRECTION ( 'NONE',  ( 1.000000000000000000, 0.000000000000000000, -0.000000000000000000 ) ) ;
#2461 = ADVANCED_FACE ( 'NONE', ( #60 ), #2412, .T. ) ;
#2462 = ORIENTED_EDGE ( 'NONE', *, *, #76, .T. ) ;
#2463 = EDGE_CURVE ( 'NONE', #61, #1008, #1411, .T. ) ;
#2464 = AXIS2_PLACEMENT_3D ( 'NONE', #196, #1100, #2695 ) ;
#2465 = VECTOR ( 'NONE', #2959, 1000.000000000000000 ) ;
#2466 = CARTESIAN_POINT ( 'NONE',  ( -19.80090594518341973, 9.080000000000001847, 9.677999999999999048 ) ) ;
#2467 = CIRCLE ( 'NONE', #2896, 3.600000000000033840 ) ;
#2468 = AXIS2_PLACEMENT_3D ( 'NONE', #318, #1760, #1227 ) ;
#2469 = CIRCLE ( 'NONE', #2569, 3.600000000000033840 ) ;
#2470 = DIRECTION ( 'NONE',  ( -0.000000000000000000, -1.000000000000000000, -0.000000000000000000 ) ) ;
#2471 = EDGE_CURVE ( 'NONE', #2848, #1847, #1499, .T. ) ;
#2472 = AXIS2_PLACEMENT_3D ( 'NONE', #2427, #596, #2622 ) ;
#2473 = AXIS2_PLACEMENT_3D ( 'NONE', #957, #1637, #1408 ) ;
#2474 = CARTESIAN_POINT ( 'NONE',  ( 26.17157287525383325, 9.080000000000001847, 19.99999999999997513 ) ) ;
#2475 = CARTESIAN_POINT ( 'NONE',  ( 33.13832245846033686, 9.080000000000001847, 15.86167754153964715 ) ) ;
#2476 = DIRECTION ( 'NONE',  ( 0.000000000000000000, 1.000000000000000000, -0.000000000000000000 ) ) ;
#2477 = AXIS2_PLACEMENT_3D ( 'NONE', #2854, #2200, #1520 ) ;
#2478 = VERTEX_POINT ( 'NONE', #2152 ) ;
#2479 = DIRECTION ( 'NONE',  ( -0.000000000000000000, -1.000000000000000000, -0.000000000000000000 ) ) ;
#2480 = ORIENTED_EDGE ( 'NONE', *, *, #1495, .F. ) ;
#2481 = CARTESIAN_POINT ( 'NONE',  ( 1.497996992704707624E-14, 3.272000000000000242, -9.000000000000008882 ) ) ;
#2482 = ORIENTED_EDGE ( 'NONE', *, *, #424, .F. ) ;
#2483 = ORIENTED_EDGE ( 'NONE', *, *, #2853, .F. ) ;
#2484 = DIRECTION ( 'NONE',  ( 0.000000000000000000, 0.000000000000000000, 1.000000000000000000 ) ) ;
#2485 = LINE ( 'NONE', #1549, #2809 ) ;
#2486 = DIRECTION ( 'NONE',  ( 0.000000000000000000, 0.000000000000000000, -1.000000000000000000 ) ) ;
#2487 = CARTESIAN_POINT ( 'NONE',  ( 32.31967754153967576, 9.080000000000001847, 16.68032245846032424 ) ) ;
#2488 = CARTESIAN_POINT ( 'NONE',  ( 0.000000000000000000, 9.080000000000001847, 0.000000000000000000 ) ) ;
#2489 = ORIENTED_EDGE ( 'NONE', *, *, #73, .F. ) ;
#2490 = CARTESIAN_POINT ( 'NONE',  ( -27.00000000000000000, 7.000000000000000000, 2.124999999999999112 ) ) ;
#2491 = ORIENTED_EDGE ( 'NONE', *, *, #2149, .T. ) ;
#2492 = CARTESIAN_POINT ( 'NONE',  ( 33.00000000000001421, 4.000000000000000000, -13.17157287525383325 ) ) ;
#2493 = ORIENTED_EDGE ( 'NONE', *, *, #141, .T. ) ;
#2494 =( NAMED_UNIT ( * ) PLANE_ANGLE_UNIT ( ) SI_UNIT ( $, .RADIAN. ) );
#2495 = ORIENTED_EDGE ( 'NONE', *, *, #2781, .T. ) ;
#2496 = CARTESIAN_POINT ( 'NONE',  ( 27.72963113701214510, 6.979999999999991545, -14.72963113701126403 ) ) ;
#2497 = EDGE_CURVE ( 'NONE', #432, #883, #77, .T. ) ;
#2498 = DIRECTION ( 'NONE',  ( 0.000000000000000000, 0.000000000000000000, 1.000000000000000000 ) ) ;
#2499 = ADVANCED_FACE ( 'NONE', ( #2835 ), #349, .F. ) ;
#2500 = EDGE_CURVE ( 'NONE', #733, #2413, #2823, .T. ) ;
#2501 = LINE ( 'NONE', #1354, #1694 ) ;
#2502 = ORIENTED_EDGE ( 'NONE', *, *, #1328, .F. ) ;
#2503 = CARTESIAN_POINT ( 'NONE',  ( 1.377727649045471288E-16, 6.020000000000000462, -2.811999999996631416 ) ) ;
#2504 = EDGE_LOOP ( 'NONE', ( #1597, #2696, #1580, #2489 ) ) ;
#2505 = LINE ( 'NONE', #2266, #408 ) ;
#2506 = ORIENTED_EDGE ( 'NONE', *, *, #150, .F. ) ;
#2507 = SURFACE_STYLE_FILL_AREA ( #206 ) ;
#2508 = ORIENTED_EDGE ( 'NONE', *, *, #1776, .F. ) ;
#2509 = DIRECTION ( 'NONE',  ( -0.000000000000000000, -1.000000000000000000, -0.000000000000000000 ) ) ;
#2510 = ORIENTED_EDGE ( 'NONE', *, *, #183, .T. ) ;
#2511 = EDGE_CURVE ( 'NONE', #2984, #1323, #976, .T. ) ;
#2512 = CIRCLE ( 'NONE', #301, 18.03549999999999898 ) ;
#2513 = VECTOR ( 'NONE', #194, 1000.000000000000000 ) ;
#2514 = CARTESIAN_POINT ( 'NONE',  ( 27.72963113701214510, 9.080000000000001847, -17.82963113701126900 ) ) ;
#2515 = AXIS2_PLACEMENT_3D ( 'NONE', #2259, #2909, #1538 ) ;
#2516 = VECTOR ( 'NONE', #919, 1000.000000000000000 ) ;
#2517 = CARTESIAN_POINT ( 'NONE',  ( -19.80090594518341973, 4.000000000000000000, -9.678000000000000824 ) ) ;
#2518 = CIRCLE ( 'NONE', #2956, 1.499999999999997780 ) ;
#2519 = DIRECTION ( 'NONE',  ( 0.000000000000000000, 0.000000000000000000, 1.000000000000000000 ) ) ;
#2520 = AXIS2_PLACEMENT_3D ( 'NONE', #1093, #2015, #2460 ) ;
#2521 = ORIENTED_EDGE ( 'NONE', *, *, #2029, .T. ) ;
#2522 = TOROIDAL_SURFACE ( 'NONE', #162, 0.5284437251522852153, 2.200000000000000178 ) ;
#2523 = LINE ( 'NONE', #473, #2516 ) ;
#2524 = ORIENTED_EDGE ( 'NONE', *, *, #703, .F. ) ;
#2525 = AXIS2_PLACEMENT_3D ( 'NONE', #429, #1345, #664 ) ;
#2526 = EDGE_CURVE ( 'NONE', #220, #815, #152, .T. ) ;
#2527 = CARTESIAN_POINT ( 'NONE',  ( 1.387778780781445676E-14, 6.020000000000000462, -1.040834085586084257E-14 ) ) ;
#2528 = EDGE_CURVE ( 'NONE', #1541, #157, #1959, .T. ) ;
#2529 = EDGE_LOOP ( 'NONE', ( #2799, #2822 ) ) ;
#2530 = DIRECTION ( 'NONE',  ( 0.000000000000000000, 0.000000000000000000, 1.000000000000000000 ) ) ;
#2531 = EDGE_CURVE ( 'NONE', #631, #2552, #1552, .T. ) ;
#2532 = ORIENTED_EDGE ( 'NONE', *, *, #1325, .T. ) ;
#2533 = DIRECTION ( 'NONE',  ( 0.000000000000000000, 0.000000000000000000, 1.000000000000000000 ) ) ;
#2534 = LINE ( 'NONE', #498, #214 ) ;
#2535 = CARTESIAN_POINT ( 'NONE',  ( 0.000000000000000000, 6.020000000000000462, 3.936999999999531319 ) ) ;
#2536 = ORIENTED_EDGE ( 'NONE', *, *, #1328, .T. ) ;
#2537 = LINE ( 'NONE', #2806, #1796 ) ;
#2538 = EDGE_CURVE ( 'NONE', #1719, #1999, #736, .T. ) ;
#2539 = ORIENTED_EDGE ( 'NONE', *, *, #1784, .F. ) ;
#2540 = LINE ( 'NONE', #750, #1562 ) ;
#2541 = ORIENTED_EDGE ( 'NONE', *, *, #1498, .F. ) ;
#2542 = EDGE_CURVE ( 'NONE', #432, #2302, #2805, .T. ) ;
#2543 = CARTESIAN_POINT ( 'NONE',  ( -27.00000000000000000, 0.000000000000000000, 0.000000000000000000 ) ) ;
#2544 = EDGE_LOOP ( 'NONE', ( #2814, #989, #529, #316 ) ) ;
#2545 = CARTESIAN_POINT ( 'NONE',  ( 1.387778780781445676E-14, 4.000000000000000000, -1.040834085586084257E-14 ) ) ;
#2546 = FACE_BOUND ( 'NONE', #1289, .T. ) ;
#2547 = DIRECTION ( 'NONE',  ( -0.000000000000000000, 1.000000000000000000, -0.000000000000000000 ) ) ;
#2548 = ORIENTED_EDGE ( 'NONE', *, *, #2600, .F. ) ;
#2549 = CARTESIAN_POINT ( 'NONE',  ( 1.377727649045471042E-16, 4.000000000000000000, -2.811999999996631416 ) ) ;
#2550 = ORIENTED_EDGE ( 'NONE', *, *, #1454, .F. ) ;
#2551 = LINE ( 'NONE', #946, #1609 ) ;
#2552 = VERTEX_POINT ( 'NONE', #2184 ) ;
#2553 = EDGE_LOOP ( 'NONE', ( #2447, #2688, #2556, #2892, #2674, #987, #1384 ) ) ;
#2554 = ADVANCED_FACE ( 'NONE', ( #812 ), #1992, .F. ) ;
#2555 = LINE ( 'NONE', #690, #1563 ) ;
#2556 = ORIENTED_EDGE ( 'NONE', *, *, #2286, .T. ) ;
#2557 = EDGE_CURVE ( 'NONE', #2415, #212, #2587, .T. ) ;
#2558 = DIRECTION ( 'NONE',  ( 0.000000000000000000, 1.000000000000000000, -0.000000000000000000 ) ) ;
#2559 = DIRECTION ( 'NONE',  ( 0.000000000000000000, 0.000000000000000000, 1.000000000000000000 ) ) ;
#2560 = EDGE_CURVE ( 'NONE', #1682, #2141, #59, .T. ) ;
#2561 = DIRECTION ( 'NONE',  ( 1.000000000000000000, 0.000000000000000000, 2.428207336593342296E-16 ) ) ;
#2562 = VECTOR ( 'NONE', #1856, 1000.000000000000000 ) ;
#2563 = AXIS2_PLACEMENT_3D ( 'NONE', #1964, #2597, #2379 ) ;
#2564 = DIRECTION ( 'NONE',  ( -0.000000000000000000, -1.000000000000000000, -0.000000000000000000 ) ) ;
#2565 = AXIS2_PLACEMENT_3D ( 'NONE', #2113, #968, #2580 ) ;
#2566 = FACE_OUTER_BOUND ( 'NONE', #324, .T. ) ;
#2567 = ORIENTED_EDGE ( 'NONE', *, *, #1059, .F. ) ;
#2568 = VECTOR ( 'NONE', #2692, 1000.000000000000000 ) ;
#2569 = AXIS2_PLACEMENT_3D ( 'NONE', #1645, #2790, #2559 ) ;
#2570 = AXIS2_PLACEMENT_3D ( 'NONE', #1664, #520, #1199 ) ;
#2571 = AXIS2_PLACEMENT_3D ( 'NONE', #36, #986, #1185 ) ;
#2572 = DIRECTION ( 'NONE',  ( 0.000000000000000000, 0.000000000000000000, 1.000000000000000000 ) ) ;
#2573 = ORIENTED_EDGE ( 'NONE', *, *, #2613, .T. ) ;
#2574 = CIRCLE ( 'NONE', #506, 0.5284437251522854373 ) ;
#2575 = DIRECTION ( 'NONE',  ( 0.000000000000000000, 1.000000000000000000, 0.000000000000000000 ) ) ;
#2576 = EDGE_LOOP ( 'NONE', ( #1690, #2483, #2185, #527 ) ) ;
#2577 = CARTESIAN_POINT ( 'NONE',  ( 31.20950000000000202, 7.680000000000001492, 15.27994372515228605 ) ) ;
#2578 = LINE ( 'NONE', #1163, #1551 ) ;
#2579 = ORIENTED_EDGE ( 'NONE', *, *, #990, .T. ) ;
#2580 = DIRECTION ( 'NONE',  ( 0.8666917359965788936, 0.000000000000000000, 0.4988440986472992833 ) ) ;
#2581 = ORIENTED_EDGE ( 'NONE', *, *, #171, .T. ) ;
#2582 = CARTESIAN_POINT ( 'NONE',  ( 1.401556057271853537E-14, 0.000000000000000000, 1.124999999999989564 ) ) ;
#2583 = FACE_OUTER_BOUND ( 'NONE', #945, .T. ) ;
#2584 = ORIENTED_EDGE ( 'NONE', *, *, #427, .F. ) ;
#2585 = DIRECTION ( 'NONE',  ( 0.000000000000000000, 0.000000000000000000, 1.000000000000000000 ) ) ;
#2586 = DIRECTION ( 'NONE',  ( 0.000000000000000000, 1.000000000000000000, -0.000000000000000000 ) ) ;
#2587 = B_SPLINE_CURVE_WITH_KNOTS ( 'NONE', 3,
 ( #2475, #1573, #2694, #857, #2008, #2487 ),
 .UNSPECIFIED., .F., .F.,
 ( 4, 2, 4 ),
 ( 0.000000000000000000, 0.0005847146683592941915, 0.001169429336718588383 ),
 .UNSPECIFIED. ) ;
#2588 = ORIENTED_EDGE ( 'NONE', *, *, #2320, .T. ) ;
#2589 = EDGE_CURVE ( 'NONE', #1847, #1505, #1973, .T. ) ;
#2590 = CARTESIAN_POINT ( 'NONE',  ( 7.500000000000007105, 4.000000000000000000, 17.37500000000062172 ) ) ;
#2591 = ADVANCED_FACE ( 'NONE', ( #1782 ), #2671, .F. ) ;
#2592 = ORIENTED_EDGE ( 'NONE', *, *, #2631, .F. ) ;
#2593 = EDGE_CURVE ( 'NONE', #1847, #2747, #1457, .T. ) ;
#2594 = LINE ( 'NONE', #1032, #311 ) ;
#2595 = ORIENTED_EDGE ( 'NONE', *, *, #824, .F. ) ;
#2596 = SHAPE_DEFINITION_REPRESENTATION ( #2951, #2788 ) ;
#2597 = DIRECTION ( 'NONE',  ( 0.000000000000000000, 1.000000000000000000, 0.000000000000000000 ) ) ;
#2598 = ORIENTED_EDGE ( 'NONE', *, *, #2634, .T. ) ;
#2599 = CYLINDRICAL_SURFACE ( 'NONE', #1214, 21.51210508585769432 ) ;
#2600 = EDGE_CURVE ( 'NONE', #274, #2105, #1511, .T. ) ;
#2601 = CARTESIAN_POINT ( 'NONE',  ( 0.000000000000000000, 9.080000000000005400, 0.000000000000000000 ) ) ;
#2602 = ORIENTED_EDGE ( 'NONE', *, *, #2147, .T. ) ;
#2603 = DIRECTION ( 'NONE',  ( 8.273468532045368005E-16, -0.000000000000000000, 1.000000000000000000 ) ) ;
#2604 = ORIENTED_EDGE ( 'NONE', *, *, #2117, .T. ) ;
#2605 = VECTOR ( 'NONE', #2144, 1000.000000000000000 ) ;
#2606 = AXIS2_PLACEMENT_3D ( 'NONE', #2341, #1902, #725 ) ;
#2607 = AXIS2_PLACEMENT_3D ( 'NONE', #396, #1340, #661 ) ;
#2608 = VECTOR ( 'NONE', #612, 1000.000000000000000 ) ;
#2609 = LINE ( 'NONE', #2414, #24 ) ;
#2610 = ORIENTED_EDGE ( 'NONE', *, *, #860, .T. ) ;
#2611 = CIRCLE ( 'NONE', #535, 1.999999999999994893 ) ;
#2612 = CIRCLE ( 'NONE', #1314, 2.225499999999998479 ) ;
#2613 = EDGE_CURVE ( 'NONE', #709, #1175, #1797, .T. ) ;
#2614 = AXIS2_PLACEMENT_3D ( 'NONE', #2474, #1339, #413 ) ;
#2615 = AXIS2_PLACEMENT_3D ( 'NONE', #1950, #2154, #2870 ) ;
#2616 = CARTESIAN_POINT ( 'NONE',  ( -15.21892165200937974, 4.000000000000000000, -9.678000000000002601 ) ) ;
#2617 = CARTESIAN_POINT ( 'NONE',  ( -31.20950000000000202, 7.680000000000001492, -14.75150000000000006 ) ) ;
#2618 = CARTESIAN_POINT ( 'NONE',  ( 35.00000000000001421, 9.080000000000001847, 13.17157287525375864 ) ) ;
#2619 = VERTEX_POINT ( 'NONE', #1282 ) ;
#2620 = AXIS2_PLACEMENT_3D ( 'NONE', #680, #2748, #1862 ) ;
#2621 = ADVANCED_FACE ( 'NONE', ( #627 ), #181, .F. ) ;
#2622 = DIRECTION ( 'NONE',  ( 0.000000000000000000, 0.000000000000000000, -1.000000000000000000 ) ) ;
#2623 = DIRECTION ( 'NONE',  ( -1.000000000000000000, 0.000000000000000000, 0.000000000000000000 ) ) ;
#2624 = CARTESIAN_POINT ( 'NONE',  ( -15.36655977276631724, 9.080000000000001847, 15.79899999999999771 ) ) ;
#2625 = VERTEX_POINT ( 'NONE', #1553 ) ;
#2626 = ADVANCED_FACE ( 'NONE', ( #1329 ), #2021, .T. ) ;
#2627 = CARTESIAN_POINT ( 'NONE',  ( -6.014487435525716741, 9.080000000000005400, -20.65421521416119433 ) ) ;
#2628 = ORIENTED_EDGE ( 'NONE', *, *, #703, .T. ) ;
#2629 = FACE_OUTER_BOUND ( 'NONE', #1763, .T. ) ;
#2630 = CARTESIAN_POINT ( 'NONE',  ( 1.387778780781445676E-14, 3.272000000000000242, -7.493000000000010985 ) ) ;
#2631 = EDGE_CURVE ( 'NONE', #819, #61, #1087, .T. ) ;
#2632 = ORIENTED_EDGE ( 'NONE', *, *, #1493, .F. ) ;
#2633 = DIRECTION ( 'NONE',  ( 0.000000000000000000, 0.000000000000000000, 1.000000000000000000 ) ) ;
#2634 = EDGE_CURVE ( 'NONE', #2420, #2298, #599, .T. ) ;
#2635 = ORIENTED_EDGE ( 'NONE', *, *, #2308, .F. ) ;
#2636 = DIRECTION ( 'NONE',  ( 0.000000000000000000, 0.000000000000000000, -1.000000000000000000 ) ) ;
#2637 = DIRECTION ( 'NONE',  ( 0.000000000000000000, 0.000000000000000000, 1.000000000000000000 ) ) ;
#2638 = DIRECTION ( 'NONE',  ( 1.686536712755213255E-15, 0.000000000000000000, 1.000000000000000000 ) ) ;
#2639 = DIRECTION ( 'NONE',  ( 0.000000000000000000, 1.000000000000000000, 0.000000000000000000 ) ) ;
#2640 = ORIENTED_EDGE ( 'NONE', *, *, #2316, .F. ) ;
#2641 = DIRECTION ( 'NONE',  ( -0.000000000000000000, -1.000000000000000000, -0.000000000000000000 ) ) ;
#2642 = ORIENTED_EDGE ( 'NONE', *, *, #1625, .F. ) ;
#2643 = CARTESIAN_POINT ( 'NONE',  ( 0.000000000000000000, 9.080000000000005400, 0.000000000000000000 ) ) ;
#2644 = DIRECTION ( 'NONE',  ( 0.000000000000000000, 1.000000000000000000, -0.000000000000000000 ) ) ;
#2645 = ORIENTED_EDGE ( 'NONE', *, *, #2308, .T. ) ;
#2646 = CARTESIAN_POINT ( 'NONE',  ( -14.60007754174561789, 55.47031231841406651, 15.79899999999999416 ) ) ;
#2647 = ORIENTED_EDGE ( 'NONE', *, *, #337, .T. ) ;
#2648 = CARTESIAN_POINT ( 'NONE',  ( 27.58578643762688998, 9.080000000000001847, -21.41421356237312068 ) ) ;
#2649 = EDGE_CURVE ( 'NONE', #671, #2381, #195, .T. ) ;
#2650 = LINE ( 'NONE', #1512, #829 ) ;
#2651 = CARTESIAN_POINT ( 'NONE',  ( 1.387778780781445676E-14, 6.020000000000000462, -1.040834085586084257E-14 ) ) ;
#2652 = ADVANCED_FACE ( 'NONE', ( #2036 ), #1055, .F. ) ;
#2653 = CARTESIAN_POINT ( 'NONE',  ( -31.20950000000000202, 9.880000000000000782, -14.75150000000000006 ) ) ;
#2654 = EDGE_LOOP ( 'NONE', ( #1470, #1676, #2592, #896 ) ) ;
#2655 = CARTESIAN_POINT ( 'NONE',  ( -7.500000000000043521, 2.399999999999975930, -18.87499999999955946 ) ) ;
#2656 = ORIENTED_EDGE ( 'NONE', *, *, #1628, .F. ) ;
#2657 = VECTOR ( 'NONE', #890, 1000.000000000000000 ) ;
#2658 = AXIS2_PLACEMENT_3D ( 'NONE', #69, #1952, #1488 ) ;
#2659 = AXIS2_PLACEMENT_3D ( 'NONE', #1326, #1813, #1582 ) ;
#2660 = CARTESIAN_POINT ( 'NONE',  ( 0.000000000000000000, 4.000000000000000000, -21.51210508585769432 ) ) ;
#2661 = VECTOR ( 'NONE', #1265, 1000.000000000000000 ) ;
#2662 = CARTESIAN_POINT ( 'NONE',  ( -7.500000000000043521, 0.000000000000000000, -17.37499999999955591 ) ) ;
#2663 = DIRECTION ( 'NONE',  ( -0.000000000000000000, -1.000000000000000000, -0.000000000000000000 ) ) ;
#2664 = ORIENTED_EDGE ( 'NONE', *, *, #293, .T. ) ;
#2665 = VECTOR ( 'NONE', #1284, 1000.000000000000000 ) ;
#2666 = CIRCLE ( 'NONE', #2426, 2.200000000000000622 ) ;
#2667 = FACE_OUTER_BOUND ( 'NONE', #2970, .T. ) ;
#2668 = AXIS2_PLACEMENT_3D ( 'NONE', #997, #1272, #1916 ) ;
#2669 = DIRECTION ( 'NONE',  ( 0.000000000000000000, 0.000000000000000000, 1.000000000000000000 ) ) ;
#2670 = CARTESIAN_POINT ( 'NONE',  ( 0.000000000000000000, 9.080000000000001847, -15.79900000000000482 ) ) ;
#2671 = PLANE ( 'NONE',  #2368 ) ;
#2672 = VERTEX_POINT ( 'NONE', #1754 ) ;
#2673 = LINE ( 'NONE', #1137, #2336 ) ;
#2674 = ORIENTED_EDGE ( 'NONE', *, *, #1403, .F. ) ;
#2675 = CARTESIAN_POINT ( 'NONE',  ( -7.500000000000043521, 0.000000000000000000, -15.87499999999955591 ) ) ;
#2676 = ORIENTED_EDGE ( 'NONE', *, *, #2061, .T. ) ;
#2677 = DIRECTION ( 'NONE',  ( -0.000000000000000000, -1.000000000000000000, -0.000000000000000000 ) ) ;
#2678 = DIRECTION ( 'NONE',  ( -9.637352644315504031E-16, 0.000000000000000000, 1.000000000000000000 ) ) ;
#2679 = CARTESIAN_POINT ( 'NONE',  ( 19.80090594518341973, 7.000000000000000000, 9.677999999999999048 ) ) ;
#2680 = CARTESIAN_POINT ( 'NONE',  ( -7.500000000000043521, 55.47031231841406651, -17.37499999999955591 ) ) ;
#2681 = VERTEX_POINT ( 'NONE', #1528 ) ;
#2682 = CARTESIAN_POINT ( 'NONE',  ( 0.000000000000000000, 55.47031231841406651, 0.000000000000000000 ) ) ;
#2683 = ADVANCED_FACE ( 'NONE', ( #2443 ), #830, .T. ) ;
#2684 = DIRECTION ( 'NONE',  ( 1.000000000000000000, 0.000000000000000000, -2.189754450866962495E-16 ) ) ;
#2685 = VERTEX_POINT ( 'NONE', #1293 ) ;
#2686 = EDGE_CURVE ( 'NONE', #2984, #2291, #1934, .T. ) ;
#2687 = CYLINDRICAL_SURFACE ( 'NONE', #2428, 2.000000000000007105 ) ;
#2688 = ORIENTED_EDGE ( 'NONE', *, *, #547, .F. ) ;
#2689 = DIRECTION ( 'NONE',  ( -0.000000000000000000, -1.000000000000000000, 0.000000000000000000 ) ) ;
#2690 = VERTEX_POINT ( 'NONE', #965 ) ;
#2691 = CARTESIAN_POINT ( 'NONE',  ( 19.80090594518341618, 7.000000000000000000, 9.677999999999999048 ) ) ;
#2692 = DIRECTION ( 'NONE',  ( -1.000000000000000000, 0.000000000000000000, 2.189754450866962495E-16 ) ) ;
#2693 = CARTESIAN_POINT ( 'NONE',  ( 27.58578643762695037, 9.080000000000001847, 21.41421356237306028 ) ) ;
#2694 = CARTESIAN_POINT ( 'NONE',  ( 32.86828409621739411, 9.167936569765055665, 16.13171590378258813 ) ) ;
#2695 = DIRECTION ( 'NONE',  ( 0.000000000000000000, 0.000000000000000000, -1.000000000000000000 ) ) ;
#2696 = ORIENTED_EDGE ( 'NONE', *, *, #863, .T. ) ;
#2697 = FACE_OUTER_BOUND ( 'NONE', #176, .T. ) ;
#2698 = VERTEX_POINT ( 'NONE', #2275 ) ;
#2699 = DIRECTION ( 'NONE',  ( 0.000000000000000000, 0.000000000000000000, 1.000000000000000000 ) ) ;
#2700 = ADVANCED_FACE ( 'NONE', ( #2293 ), #260, .F. ) ;
#2701 = ORIENTED_EDGE ( 'NONE', *, *, #2968, .T. ) ;
#2702 = ORIENTED_EDGE ( 'NONE', *, *, #2528, .T. ) ;
#2703 = CIRCLE ( 'NONE', #1358, 3.600000000000033840 ) ;
#2704 = ADVANCED_FACE ( 'NONE', ( #42 ), #1353, .F. ) ;
#2705 = AXIS2_PLACEMENT_3D ( 'NONE', #760, #528, #80 ) ;
#2706 = CIRCLE ( 'NONE', #2565, 2.200000000000001066 ) ;
#2707 = CYLINDRICAL_SURFACE ( 'NONE', #1077, 1.500000000000001332 ) ;
#2708 = AXIS2_PLACEMENT_3D ( 'NONE', #1053, #2890, #1280 ) ;
#2709 = AXIS2_PLACEMENT_3D ( 'NONE', #897, #852, #1775 ) ;
#2710 = DIRECTION ( 'NONE',  ( 0.000000000000000000, 1.000000000000000000, -0.000000000000000000 ) ) ;
#2711 = CIRCLE ( 'NONE', #1941, 2.225500000000005141 ) ;
#2712 = CIRCLE ( 'NONE', #1943, 1.125000000000000000 ) ;
#2713 = LINE ( 'NONE', #2050, #2513 ) ;
#2714 = DIRECTION ( 'NONE',  ( 0.000000000000000000, 0.000000000000000000, 1.000000000000000000 ) ) ;
#2715 = AXIS2_PLACEMENT_3D ( 'NONE', #490, #751, #1836 ) ;
#2716 = DIRECTION ( 'NONE',  ( -0.000000000000000000, -1.000000000000000000, -0.000000000000000000 ) ) ;
#2717 = AXIS2_PLACEMENT_3D ( 'NONE', #1451, #2370, #315 ) ;
#2718 = ORIENTED_EDGE ( 'NONE', *, *, #2542, .F. ) ;
#2719 = DIRECTION ( 'NONE',  ( -0.000000000000000000, -1.000000000000000000, -0.000000000000000000 ) ) ;
#2720 = ORIENTED_EDGE ( 'NONE', *, *, #546, .T. ) ;
#2721 = ADVANCED_FACE ( 'NONE', ( #1389 ), #218, .F. ) ;
#2722 = DIRECTION ( 'NONE',  ( 1.000000000000000000, -0.000000000000000000, -4.136734266022694849E-16 ) ) ;
#2723 = EDGE_LOOP ( 'NONE', ( #1452, #755, #3, #1642 ) ) ;
#2724 = DIRECTION ( 'NONE',  ( -1.776356839400250465E-15, 0.000000000000000000, 1.000000000000000000 ) ) ;
#2725 = EDGE_LOOP ( 'NONE', ( #2794, #933, #576, #1630 ) ) ;
#2726 = ADVANCED_FACE ( 'NONE', ( #456, #2776, #2097, #939, #698, #2546, #2051, #711, #2762, #1148 ), #724, .F. ) ;
#2727 = PLANE ( 'NONE',  #111 ) ;
#2728 = EDGE_CURVE ( 'NONE', #2199, #391, #2761, .T. ) ;
#2729 = CYLINDRICAL_SURFACE ( 'NONE', #880, 1.499999999999997780 ) ;
#2730 = DIRECTION ( 'NONE',  ( 0.000000000000000000, 1.000000000000000000, 0.000000000000000000 ) ) ;
#2731 = CARTESIAN_POINT ( 'NONE',  ( 1.387778780781445676E-14, 4.000000000000000000, -1.040834085586084257E-14 ) ) ;
#2732 = CARTESIAN_POINT ( 'NONE',  ( -7.500000000000043521, 2.399999999999975930, -15.87499999999955591 ) ) ;
#2733 = ORIENTED_EDGE ( 'NONE', *, *, #204, .F. ) ;
#2734 = DIRECTION ( 'NONE',  ( 0.000000000000000000, 0.000000000000000000, -1.000000000000000000 ) ) ;
#2735 = ORIENTED_EDGE ( 'NONE', *, *, #2029, .F. ) ;
#2736 = PLANE ( 'NONE',  #1705 ) ;
#2737 = VERTEX_POINT ( 'NONE', #482 ) ;
#2738 = DIRECTION ( 'NONE',  ( 0.000000000000000000, 0.000000000000000000, 1.000000000000000000 ) ) ;
#2739 = ORIENTED_EDGE ( 'NONE', *, *, #936, .T. ) ;
#2740 = LINE ( 'NONE', #2031, #1025 ) ;
#2741 = ORIENTED_EDGE ( 'NONE', *, *, #1089, .F. ) ;
#2742 = CARTESIAN_POINT ( 'NONE',  ( -7.500000000000043521, 4.000000000000000000, -17.37499999999955591 ) ) ;
#2743 = LINE ( 'NONE', #1402, #2425 ) ;
#2744 = ADVANCED_FACE ( 'NONE', ( #952 ), #2065, .F. ) ;
#2745 = DIRECTION ( 'NONE',  ( -0.000000000000000000, -1.000000000000000000, 0.000000000000000000 ) ) ;
#2746 = EDGE_CURVE ( 'NONE', #1117, #564, #2743, .T. ) ;
#2747 = VERTEX_POINT ( 'NONE', #2517 ) ;
#2748 = DIRECTION ( 'NONE',  ( 0.000000000000000000, 1.000000000000000000, -0.000000000000000000 ) ) ;
#2749 = ORIENTED_EDGE ( 'NONE', *, *, #2783, .F. ) ;
#2750 = DIRECTION ( 'NONE',  ( 0.000000000000000000, 1.000000000000000000, -0.000000000000000000 ) ) ;
#2751 = ORIENTED_EDGE ( 'NONE', *, *, #388, .T. ) ;
#2752 = CARTESIAN_POINT ( 'NONE',  ( 7.500000000000007105, 4.000000000000000000, 17.37500000000062172 ) ) ;
#2753 = AXIS2_PLACEMENT_3D ( 'NONE', #1739, #1254, #1239 ) ;
#2754 = VERTEX_POINT ( 'NONE', #1375 ) ;
#2755 = VECTOR ( 'NONE', #2561, 1000.000000000000000 ) ;
#2756 = AXIS2_PLACEMENT_3D ( 'NONE', #1235, #780, #2881 ) ;
#2757 = CONICAL_SURFACE ( 'NONE', #1513, 3.099999999999991651, 0.6510767214444791451 ) ;
#2758 = ADVANCED_FACE ( 'NONE', ( #230 ), #1752, .T. ) ;
#2759 = CARTESIAN_POINT ( 'NONE',  ( 34.41421356237312068, 9.080000000000001847, 14.58578643762684734 ) ) ;
#2760 = AXIS2_PLACEMENT_3D ( 'NONE', #2886, #1012, #817 ) ;
#2761 = CIRCLE ( 'NONE', #2377, 1.125000000003836487 ) ;
#2762 = FACE_BOUND ( 'NONE', #2981, .T. ) ;
#2763 = AXIS2_PLACEMENT_3D ( 'NONE', #2545, #1838, #1401 ) ;
#2764 = LINE ( 'NONE', #521, #1307 ) ;
#2765 = VECTOR ( 'NONE', #2722, 1000.000000000000000 ) ;
#2766 = ORIENTED_EDGE ( 'NONE', *, *, #1864, .F. ) ;
#2767 = AXIS2_PLACEMENT_3D ( 'NONE', #192, #1351, #2484 ) ;
#2768 = CARTESIAN_POINT ( 'NONE',  ( 26.17157287525380482, 0.000000000000000000, -20.00000000000001776 ) ) ;
#2769 = VERTEX_POINT ( 'NONE', #1618 ) ;
#2770 = VECTOR ( 'NONE', #2, 1000.000000000000000 ) ;
#2771 = DIRECTION ( 'NONE',  ( 0.000000000000000000, 1.000000000000000000, -0.000000000000000000 ) ) ;
#2772 = EDGE_LOOP ( 'NONE', ( #2025, #207 ) ) ;
#2773 = CARTESIAN_POINT ( 'NONE',  ( -31.20950000000000202, 9.880000000000000782, -14.22305627484770874 ) ) ;
#2774 = VERTEX_POINT ( 'NONE', #1871 ) ;
#2775 = CARTESIAN_POINT ( 'NONE',  ( -34.41421356237307805, 4.000000000000000000, 14.58578643762691129 ) ) ;
#2776 = FACE_BOUND ( 'NONE', #1974, .T. ) ;
#2777 = DIRECTION ( 'NONE',  ( 0.000000000000000000, 0.000000000000000000, 1.000000000000000000 ) ) ;
#2778 = ORIENTED_EDGE ( 'NONE', *, *, #394, .F. ) ;
#2779 = DIRECTION ( 'NONE',  ( 0.000000000000000000, 1.000000000000000000, -0.000000000000000000 ) ) ;
#2780 = ORIENTED_EDGE ( 'NONE', *, *, #2593, .T. ) ;
#2781 = EDGE_CURVE ( 'NONE', #2281, #1606, #2469, .T. ) ;
#2782 = DIRECTION ( 'NONE',  ( 0.000000000000000000, 1.000000000000000000, -0.000000000000000000 ) ) ;
#2783 = EDGE_CURVE ( 'NONE', #2327, #569, #2534, .T. ) ;
#2784 = VERTEX_POINT ( 'NONE', #277 ) ;
#2785 = EDGE_CURVE ( 'NONE', #1117, #709, #1190, .T. ) ;
#2786 = DIRECTION ( 'NONE',  ( 0.000000000000000000, 0.000000000000000000, 1.000000000000000000 ) ) ;
#2787 = ORIENTED_EDGE ( 'NONE', *, *, #604, .T. ) ;
#2788 = ADVANCED_BREP_SHAPE_REPRESENTATION ( 'Twist lock battery part V3', ( #118, #259 ), #312 ) ;
#2789 = CARTESIAN_POINT ( 'NONE',  ( -26.17157287525377640, 0.000000000000000000, 20.00000000000000355 ) ) ;
#2790 = DIRECTION ( 'NONE',  ( -0.000000000000000000, -1.000000000000000000, 0.000000000000000000 ) ) ;
#2791 = CARTESIAN_POINT ( 'NONE',  ( 15.21892165200938152, 9.080000000000001847, 9.677999999999999048 ) ) ;
#2792 = PLANE ( 'NONE',  #738 ) ;
#2793 = CYLINDRICAL_SURFACE ( 'NONE', #1468, 18.03549999999999898 ) ;
#2794 = ORIENTED_EDGE ( 'NONE', *, *, #1367, .F. ) ;
#2795 = CARTESIAN_POINT ( 'NONE',  ( 0.000000000000000000, 9.080000000000001847, -15.79900000000000482 ) ) ;
#2796 = ORIENTED_EDGE ( 'NONE', *, *, #296, .T. ) ;
#2797 = ORIENTED_EDGE ( 'NONE', *, *, #737, .F. ) ;
#2798 = CYLINDRICAL_SURFACE ( 'NONE', #2715, 7.493000000000000327 ) ;
#2799 = ORIENTED_EDGE ( 'NONE', *, *, #1208, .T. ) ;
#2800 = CARTESIAN_POINT ( 'NONE',  ( 27.58578643762689353, 4.000000000000000000, -21.41421356237312423 ) ) ;
#2801 = CARTESIAN_POINT ( 'NONE',  ( 0.000000000000000000, 0.000000000000000000, 0.000000000000000000 ) ) ;
#2802 = CARTESIAN_POINT ( 'NONE',  ( -31.20950000000000202, 9.080000000000001847, -16.97700000000000742 ) ) ;
#2803 = AXIS2_PLACEMENT_3D ( 'NONE', #1330, #2250, #184 ) ;
#2804 = VERTEX_POINT ( 'NONE', #2193 ) ;
#2805 = CIRCLE ( 'NONE', #1983, 3.599999999999999201 ) ;
#2806 = CARTESIAN_POINT ( 'NONE',  ( 0.000000000000000000, 4.000000000000000000, -5.062000000004304390 ) ) ;
#2807 = CIRCLE ( 'NONE', #1071, 2.124999999999999112 ) ;
#2808 = ORIENTED_EDGE ( 'NONE', *, *, #296, .F. ) ;
#2809 = VECTOR ( 'NONE', #659, 1000.000000000000000 ) ;
#2810 = VECTOR ( 'NONE', #115, 1000.000000000000000 ) ;
#2811 = VECTOR ( 'NONE', #2195, 1000.000000000000000 ) ;
#2812 = AXIS2_PLACEMENT_3D ( 'NONE', #2662, #1935, #2860 ) ;
#2813 = DIRECTION ( 'NONE',  ( 0.000000000000000000, 0.000000000000000000, 1.000000000000000000 ) ) ;
#2814 = ORIENTED_EDGE ( 'NONE', *, *, #141, .F. ) ;
#2815 = DIRECTION ( 'NONE',  ( 0.000000000000000000, 0.000000000000000000, -1.000000000000000000 ) ) ;
#2816 = ORIENTED_EDGE ( 'NONE', *, *, #73, .T. ) ;
#2817 = ADVANCED_FACE ( 'NONE', ( #127 ), #330, .F. ) ;
#2818 = EDGE_CURVE ( 'NONE', #731, #1505, #2901, .T. ) ;
#2819 = DIRECTION ( 'NONE',  ( -0.000000000000000000, -1.000000000000000000, -0.000000000000000000 ) ) ;
#2820 = EDGE_CURVE ( 'NONE', #2672, #2754, #1080, .T. ) ;
#2821 = DIRECTION ( 'NONE',  ( 0.000000000000000000, 1.000000000000000000, -0.000000000000000000 ) ) ;
#2822 = ORIENTED_EDGE ( 'NONE', *, *, #1341, .T. ) ;
#2823 = LINE ( 'NONE', #756, #2661 ) ;
#2824 = ORIENTED_EDGE ( 'NONE', *, *, #1246, .T. ) ;
#2825 = DIRECTION ( 'NONE',  ( 0.000000000000000000, 0.000000000000000000, 1.000000000000000000 ) ) ;
#2826 = VERTEX_POINT ( 'NONE', #2618 ) ;
#2827 = ADVANCED_FACE ( 'NONE', ( #2176 ), #1062, .F. ) ;
#2828 = CYLINDRICAL_SURFACE ( 'NONE', #2705, 21.51210508585769432 ) ;
#2829 = ORIENTED_EDGE ( 'NONE', *, *, #2497, .T. ) ;
#2830 = EDGE_LOOP ( 'NONE', ( #2573, #1257, #1285, #679 ) ) ;
#2831 = DIRECTION ( 'NONE',  ( -0.000000000000000000, -1.000000000000000000, 0.000000000000000000 ) ) ;
#2832 = CARTESIAN_POINT ( 'NONE',  ( 7.500000000000007105, 2.399999999999976819, 17.37500000000062172 ) ) ;
#2833 = DIRECTION ( 'NONE',  ( -0.000000000000000000, -1.000000000000000000, -0.000000000000000000 ) ) ;
#2834 = EDGE_CURVE ( 'NONE', #170, #175, #2002, .T. ) ;
#2835 = FACE_OUTER_BOUND ( 'NONE', #2432, .T. ) ;
#2836 = EDGE_LOOP ( 'NONE', ( #2718, #2829, #1738, #1672 ) ) ;
#2837 = DIRECTION ( 'NONE',  ( 0.000000000000000000, 1.000000000000000000, -0.000000000000000000 ) ) ;
#2838 = EDGE_LOOP ( 'NONE', ( #1756, #2067, #1238, #1170, #827, #252, #2089, #1613, #2595, #1994, #839, #1131, #140, #663, #1125, #2506 ) ) ;
#2839 = EDGE_CURVE ( 'NONE', #1224, #124, #2920, .T. ) ;
#2840 = DIRECTION ( 'NONE',  ( 0.000000000000000000, 0.000000000000000000, 1.000000000000000000 ) ) ;
#2841 = FACE_BOUND ( 'NONE', #2529, .T. ) ;
#2842 = VERTEX_POINT ( 'NONE', #1478 ) ;
#2843 = LINE ( 'NONE', #565, #2086 ) ;
#2844 = CYLINDRICAL_SURFACE ( 'NONE', #740, 1.499999999999997780 ) ;
#2845 = EDGE_CURVE ( 'NONE', #170, #212, #2392, .T. ) ;
#2846 = DIRECTION ( 'NONE',  ( 0.000000000000000000, 0.000000000000000000, 1.000000000000000000 ) ) ;
#2847 = DIRECTION ( 'NONE',  ( -0.000000000000000000, -1.000000000000000000, 0.000000000000000000 ) ) ;
#2848 = VERTEX_POINT ( 'NONE', #1014 ) ;
#2849 = CIRCLE ( 'NONE', #2034, 2.000000000000001776 ) ;
#2850 = AXIS2_PLACEMENT_3D ( 'NONE', #2211, #145, #613 ) ;
#2851 = EDGE_CURVE ( 'NONE', #1505, #2281, #1893, .T. ) ;
#2852 = CIRCLE ( 'NONE', #1605, 3.599999999999999201 ) ;
#2853 = EDGE_CURVE ( 'NONE', #1803, #389, #1506, .T. ) ;
#2854 = CARTESIAN_POINT ( 'NONE',  ( 27.72963113701214510, 9.080000000000001847, -14.72963113701126403 ) ) ;
#2855 = ORIENTED_EDGE ( 'NONE', *, *, #261, .T. ) ;
#2856 = AXIS2_PLACEMENT_3D ( 'NONE', #611, #380, #393 ) ;
#2857 = CIRCLE ( 'NONE', #1559, 1.125000000000000000 ) ;
#2858 = VECTOR ( 'NONE', #517, 1000.000000000000000 ) ;
#2859 = CARTESIAN_POINT ( 'NONE',  ( 1.387778780781445676E-14, 3.272000000000000242, -1.040834085586084257E-14 ) ) ;
#2861 = CONICAL_SURFACE ( 'NONE', #1318, 1.500000000000001332, 0.9197196053504173019 ) ;
#2860 = DIRECTION ( 'NONE',  ( 0.000000000000000000, 0.000000000000000000, -1.000000000000000000 ) ) ;
#2862 = CARTESIAN_POINT ( 'NONE',  ( 0.000000000000000000, 9.080000000000001847, 9.677999999999999048 ) ) ;
#2863 = ORIENTED_EDGE ( 'NONE', *, *, #1027, .F. ) ;
#2864 = VECTOR ( 'NONE', #1057, 1000.000000000000114 ) ;
#2865 = DIRECTION ( 'NONE',  ( 0.000000000000000000, 0.000000000000000000, 1.000000000000000000 ) ) ;
#2866 = CARTESIAN_POINT ( 'NONE',  ( -24.50000000000009948, 4.000000000000000000, -24.49999999999992539 ) ) ;
#2867 = CARTESIAN_POINT ( 'NONE',  ( -31.20950000000000202, 9.880000000000000782, -14.75150000000000006 ) ) ;
#2868 = DIRECTION ( 'NONE',  ( 0.000000000000000000, 1.000000000000000000, -0.000000000000000000 ) ) ;
#2869 = ORIENTED_EDGE ( 'NONE', *, *, #2284, .T. ) ;
#2870 = DIRECTION ( 'NONE',  ( 1.686536712755213255E-15, 0.000000000000000000, 1.000000000000000000 ) ) ;
#2871 = ORIENTED_EDGE ( 'NONE', *, *, #201, .T. ) ;
#2872 = EDGE_CURVE ( 'NONE', #1435, #2619, #1730, .T. ) ;
#2873 = DIRECTION ( 'NONE',  ( 8.759017803467855897E-16, 0.000000000000000000, -1.000000000000000000 ) ) ;
#2874 = ORIENTED_EDGE ( 'NONE', *, *, #821, .T. ) ;
#2875 = LINE ( 'NONE', #805, #1264 ) ;
#2876 = ORIENTED_EDGE ( 'NONE', *, *, #1341, .F. ) ;
#2877 = ADVANCED_FACE ( 'NONE', ( #1979 ), #1702, .F. ) ;
#2878 = DIRECTION ( 'NONE',  ( 0.000000000000000000, 0.000000000000000000, 1.000000000000000000 ) ) ;
#2879 = CARTESIAN_POINT ( 'NONE',  ( -32.99999999999998579, 0.000000000000000000, -13.17157287525376397 ) ) ;
#2880 =( LENGTH_UNIT ( ) NAMED_UNIT ( * ) SI_UNIT ( .MILLI., .METRE. ) );
#2881 = DIRECTION ( 'NONE',  ( 0.000000000000000000, 0.000000000000000000, 1.000000000000000000 ) ) ;
#2882 = ORIENTED_EDGE ( 'NONE', *, *, #1274, .F. ) ;
#2883 = CARTESIAN_POINT ( 'NONE',  ( 15.21892165200938152, 9.080000000000001847, 9.677999999999999048 ) ) ;
#2884 = EDGE_LOOP ( 'NONE', ( #2257, #450, #1963, #97 ) ) ;
#2885 = CARTESIAN_POINT ( 'NONE',  ( -24.49999999999981526, 9.080000000000001847, 24.50000000000007105 ) ) ;
#2886 = CARTESIAN_POINT ( 'NONE',  ( 0.000000000000000000, 9.080000000000001847, 0.000000000000000000 ) ) ;
#2887 = CARTESIAN_POINT ( 'NONE',  ( 0.000000000000000000, 7.000000000000000000, 0.000000000000000000 ) ) ;
#2888 = ORIENTED_EDGE ( 'NONE', *, *, #2100, .F. ) ;
#2889 = CARTESIAN_POINT ( 'NONE',  ( 1.387778780781445676E-14, 6.020000000000000462, -1.040834085586084257E-14 ) ) ;
#2890 = DIRECTION ( 'NONE',  ( -0.000000000000000000, -1.000000000000000000, 0.000000000000000000 ) ) ;
#2891 = DIRECTION ( 'NONE',  ( -0.000000000000000000, -1.000000000000000000, -0.000000000000000000 ) ) ;
#2892 = ORIENTED_EDGE ( 'NONE', *, *, #860, .F. ) ;
#2893 = DIRECTION ( 'NONE',  ( 0.000000000000000000, 1.000000000000000000, -0.000000000000000000 ) ) ;
#2894 = ORIENTED_EDGE ( 'NONE', *, *, #2342, .T. ) ;
#2895 = AXIS2_PLACEMENT_3D ( 'NONE', #1191, #483, #1404 ) ;
#2896 = AXIS2_PLACEMENT_3D ( 'NONE', #1723, #1233, #2638 ) ;
#2897 = CIRCLE ( 'NONE', #1607, 3.600000000000033840 ) ;
#2898 = AXIS2_PLACEMENT_3D ( 'NONE', #2768, #485, #701 ) ;
#2899 = DIRECTION ( 'NONE',  ( 0.000000000000000000, 0.7954317200324985127, 0.6060432152628563163 ) ) ;
#2900 = ORIENTED_EDGE ( 'NONE', *, *, #863, .F. ) ;
#2901 = LINE ( 'NONE', #2646, #1415 ) ;
#2902 = AXIS2_PLACEMENT_3D ( 'NONE', #2208, #2148, #1038 ) ;
#2903 = ORIENTED_EDGE ( 'NONE', *, *, #1842, .T. ) ;
#2904 = CIRCLE ( 'NONE', #62, 1.500000000000001332 ) ;
#2905 = AXIS2_PLACEMENT_3D ( 'NONE', #1809, #2689, #2724 ) ;
#2906 = VECTOR ( 'NONE', #1537, 1000.000000000000000 ) ;
#2907 = DIRECTION ( 'NONE',  ( -1.000000000000000000, 0.000000000000000000, 0.000000000000000000 ) ) ;
#2908 = CIRCLE ( 'NONE', #2136, 21.51210508585769432 ) ;
#2909 = DIRECTION ( 'NONE',  ( -0.000000000000000000, -1.000000000000000000, 0.000000000000000000 ) ) ;
#2910 = ADVANCED_FACE ( 'NONE', ( #563, #1299 ), #575, .T. ) ;
#2911 = CARTESIAN_POINT ( 'NONE',  ( 1.387778780781445676E-14, 0.000000000000000000, -1.125000000000010214 ) ) ;
#2912 = EDGE_CURVE ( 'NONE', #1791, #2737, #2438, .T. ) ;
#2913 = DIRECTION ( 'NONE',  ( -0.000000000000000000, -1.000000000000000000, -0.000000000000000000 ) ) ;
#2914 = VERTEX_POINT ( 'NONE', #2675 ) ;
#2915 = CARTESIAN_POINT ( 'NONE',  ( 0.000000000000000000, 9.080000000000001847, 9.677999999999999048 ) ) ;
#2916 = DIRECTION ( 'NONE',  ( 0.000000000000000000, -1.000000000000000000, 0.000000000000000000 ) ) ;
#2917 = ORIENTED_EDGE ( 'NONE', *, *, #1476, .F. ) ;
#2918 = CARTESIAN_POINT ( 'NONE',  ( 31.88049999999999784, 9.080000000000001847, 7.435999999999998167 ) ) ;
#2919 = ORIENTED_EDGE ( 'NONE', *, *, #547, .T. ) ;
#2920 = LINE ( 'NONE', #1523, #1940 ) ;
#2921 = EDGE_LOOP ( 'NONE', ( #2451, #1, #1095, #2598 ) ) ;
#2922 = ADVANCED_FACE ( 'NONE', ( #607 ), #2450, .F. ) ;
#2923 = DIRECTION ( 'NONE',  ( 0.000000000000000000, 0.000000000000000000, 1.000000000000000000 ) ) ;
#2924 = CYLINDRICAL_SURFACE ( 'NONE', #2372, 1.125000000003836487 ) ;
#2925 = DIRECTION ( 'NONE',  ( -0.000000000000000000, -1.000000000000000000, 0.000000000000000000 ) ) ;
#2926 = DIRECTION ( 'NONE',  ( 0.000000000000000000, 1.000000000000000000, -0.000000000000000000 ) ) ;
#2927 = FACE_OUTER_BOUND ( 'NONE', #2830, .T. ) ;
#2928 = EDGE_CURVE ( 'NONE', #1175, #1742, #63, .T. ) ;
#2929 = EDGE_LOOP ( 'NONE', ( #2456, #1335, #2640, #2635 ) ) ;
#2930 = DIRECTION ( 'NONE',  ( 0.000000000000000000, 1.000000000000000000, -0.000000000000000000 ) ) ;
#2931 = ORIENTED_EDGE ( 'NONE', *, *, #766, .F. ) ;
#2932 = LINE ( 'NONE', #2056, #2765 ) ;
#2933 = EDGE_LOOP ( 'NONE', ( #406, #1128, #509, #960, #1427, #2055 ) ) ;
#2934 = DIRECTION ( 'NONE',  ( -0.000000000000000000, 1.000000000000000000, -0.000000000000000000 ) ) ;
#2935 = CARTESIAN_POINT ( 'NONE',  ( 27.72963113701214510, 9.080000000000001847, -14.72963113701126403 ) ) ;
#2936 = CYLINDRICAL_SURFACE ( 'NONE', #64, 9.000000000000000000 ) ;
#2937 = CARTESIAN_POINT ( 'NONE',  ( 6.535626466889249990E-15, 4.000000000000000000, 15.79899999999998705 ) ) ;
#2938 = FACE_OUTER_BOUND ( 'NONE', #967, .T. ) ;
#2939 = EDGE_CURVE ( 'NONE', #2302, #2962, #2875, .T. ) ;
#2940 = EDGE_LOOP ( 'NONE', ( #146, #2735, #1622, #2462 ) ) ;
#2941 = CARTESIAN_POINT ( 'NONE',  ( 26.17157287525380482, 4.000000000000000000, -22.00000000000001421 ) ) ;
#2942 = EDGE_LOOP ( 'NONE', ( #2296, #2739, #1441, #959 ) ) ;
#2943 = ADVANCED_FACE ( 'NONE', ( #638 ), #2057, .T. ) ;
#2944 = ADVANCED_FACE ( 'NONE', ( #1126 ), #2071, .F. ) ;
#2945 = CARTESIAN_POINT ( 'NONE',  ( -19.80090594518341973, 7.000000000000000000, -9.678000000000000824 ) ) ;
#2946 = ORIENTED_EDGE ( 'NONE', *, *, #1987, .F. ) ;
#2947 = ORIENTED_EDGE ( 'NONE', *, *, #676, .F. ) ;
#2948 = AXIS2_PLACEMENT_3D ( 'NONE', #2643, #1695, #1683 ) ;
#2949 = DIRECTION ( 'NONE',  ( 0.000000000000000000, 0.000000000000000000, 1.000000000000000000 ) ) ;
#2950 = VECTOR ( 'NONE', #2498, 1000.000000000000000 ) ;
#2951 = PRODUCT_DEFINITION_SHAPE ( 'NONE', 'NONE',  #2102 ) ;
#2952 = UNCERTAINTY_MEASURE_WITH_UNIT (LENGTH_MEASURE( 1.000000000000000082E-05 ), #2288, 'distance_accuracy_value', 'NONE');
#2953 = AXIS2_PLACEMENT_3D ( 'NONE', #2935, #2470, #646 ) ;
#2954 = AXIS2_PLACEMENT_3D ( 'NONE', #2218, #1049, #2633 ) ;
#2955 = CARTESIAN_POINT ( 'NONE',  ( -7.500000000000043521, 4.000000000000000000, -17.37499999999955591 ) ) ;
#2956 = AXIS2_PLACEMENT_3D ( 'NONE', #1673, #1176, #2096 ) ;
#2957 = CIRCLE ( 'NONE', #2812, 1.500000000000001332 ) ;
#2958 = LINE ( 'NONE', #2679, #2608 ) ;
#2959 = DIRECTION ( 'NONE',  ( 1.000000000000000000, 0.000000000000000000, -4.136734266022694849E-16 ) ) ;
#2960 = CYLINDRICAL_SURFACE ( 'NONE', #2079, 1.499999999999997780 ) ;
#2961 = AXIS2_PLACEMENT_3D ( 'NONE', #1771, #1316, #2684 ) ;
#2962 = VERTEX_POINT ( 'NONE', #2980 ) ;
#2963 = CARTESIAN_POINT ( 'NONE',  ( 27.00000000000000000, 0.000000000000000000, -2.125000000000005773 ) ) ;
#2964 = VERTEX_POINT ( 'NONE', #225 ) ;
#2965 = CYLINDRICAL_SURFACE ( 'NONE', #693, 2.000000000000001776 ) ;
#2966 = EDGE_CURVE ( 'NONE', #1639, #2348, #930, .T. ) ;
#2967 = EDGE_LOOP ( 'NONE', ( #882, #523, #2664, #862 ) ) ;
#2968 = EDGE_CURVE ( 'NONE', #1606, #2302, #636, .T. ) ;
#2969 = DIRECTION ( 'NONE',  ( -0.000000000000000000, -1.000000000000000000, 0.000000000000000000 ) ) ;
#2970 = EDGE_LOOP ( 'NONE', ( #559, #927, #655, #2267 ) ) ;
#2971 = EDGE_CURVE ( 'NONE', #400, #733, #590, .T. ) ;
#2972 = LINE ( 'NONE', #2514, #1019 ) ;
#2973 = DIRECTION ( 'NONE',  ( 0.000000000000000000, 0.000000000000000000, 1.000000000000000000 ) ) ;
#2974 = DIRECTION ( 'NONE',  ( 0.000000000000000000, 1.000000000000000000, -0.000000000000000000 ) ) ;
#2975 = ORIENTED_EDGE ( 'NONE', *, *, #2982, .T. ) ;
#2976 = CARTESIAN_POINT ( 'NONE',  ( 10.13294086911042946, 4.000000000000000000, 14.91987833707472078 ) ) ;
#2977 = VERTEX_POINT ( 'NONE', #622 ) ;
#2978 = DIRECTION ( 'NONE',  ( -0.000000000000000000, -1.000000000000000000, -0.000000000000000000 ) ) ;
#2979 = ORIENTED_EDGE ( 'NONE', *, *, #1362, .F. ) ;
#2980 = CARTESIAN_POINT ( 'NONE',  ( 10.13294086911043124, 9.080000000000001847, 14.91987833707472255 ) ) ;
#2981 = EDGE_LOOP ( 'NONE', ( #477, #378 ) ) ;
#2982 = EDGE_CURVE ( 'NONE', #2964, #203, #2612, .T. ) ;
#2983 = DIRECTION ( 'NONE',  ( -0.000000000000000000, -1.000000000000000000, -0.000000000000000000 ) ) ;
#2984 = VERTEX_POINT ( 'NONE', #668 ) ;
#2985 = CARTESIAN_POINT ( 'NONE',  ( -34.99999999999999289, 9.080000000000001847, 0.000000000000000000 ) ) ;
#2986 = DIRECTION ( 'NONE',  ( 0.000000000000000000, 1.000000000000000000, -0.000000000000000000 ) ) ;
#2987 = DIRECTION ( 'NONE',  ( 0.000000000000000000, 1.000000000000000000, -0.000000000000000000 ) ) ;
ENDSEC;
END-ISO-10303-21;
