ISO-10303-21;
HEADER;
FILE_DESCRIPTION (( 'STEP AP214' ),
    '1' );
FILE_NAME ('enclosure_top_cover.STEP',
    '2026-08-21T18:09:48',
    ( '' ),
    ( '' ),
    'SwSTEP 2.0',
    'SolidWorks 2025',
    '' );
FILE_SCHEMA (( 'AUTOMOTIVE_DESIGN' ));
ENDSEC;

DATA;
#1 = DIRECTION ( 'NONE',  ( -1.000000000000000000, -0.000000000000000000, -0.000000000000000000 ) ) ;
#2 = VERTEX_POINT ( 'NONE', #4084 ) ;
#3 = DIRECTION ( 'NONE',  ( 0.000000000000000000, 0.000000000000000000, -1.000000000000000000 ) ) ;
#4 = ORIENTED_EDGE ( 'NONE', *, *, #731, .T. ) ;
#5 = DIRECTION ( 'NONE',  ( 0.000000000000000000, 0.000000000000000000, 1.000000000000000000 ) ) ;
#6 = EDGE_CURVE ( 'NONE', #4512, #4795, #4409, .T. ) ;
#7 = EDGE_LOOP ( 'NONE', ( #3241, #2398, #4410, #3811 ) ) ;
#8 = PLANE ( 'NONE',  #4778 ) ;
#9 = ADVANCED_FACE ( 'NONE', ( #2042 ), #2472, .F. ) ;
#10 = EDGE_CURVE ( 'NONE', #1490, #1469, #570, .T. ) ;
#11 = ORIENTED_EDGE ( 'NONE', *, *, #229, .T. ) ;
#12 = CIRCLE ( 'NONE', #4635, 3.000000000000002665 ) ;
#13 = DIRECTION ( 'NONE',  ( -1.000000000000000000, 0.000000000000000000, 0.000000000000000000 ) ) ;
#14 = ORIENTED_EDGE ( 'NONE', *, *, #363, .F. ) ;
#15 = CARTESIAN_POINT ( 'NONE',  ( -131.0696080030131441, 63.12734273248969430, -39.88909863547395673 ) ) ;
#16 = AXIS2_PLACEMENT_3D ( 'NONE', #3760, #2918, #3304 ) ;
#17 = ORIENTED_EDGE ( 'NONE', *, *, #5160, .F. ) ;
#18 = DIRECTION ( 'NONE',  ( -1.000000000000000000, -0.000000000000000000, -0.000000000000000000 ) ) ;
#19 = CARTESIAN_POINT ( 'NONE',  ( -130.8196080030131441, -8.465984072932203119, -26.88490586776090652 ) ) ;
#20 = CARTESIAN_POINT ( 'NONE',  ( -122.3196080030131583, 66.73092729468208972, -14.86971232810076948 ) ) ;
#21 = VECTOR ( 'NONE', #3487, 1000.000000000000000 ) ;
#22 = FACE_OUTER_BOUND ( 'NONE', #4362, .T. ) ;
#23 = ORIENTED_EDGE ( 'NONE', *, *, #1307, .T. ) ;
#24 = VECTOR ( 'NONE', #865, 1000.000000000000000 ) ;
#25 = LINE ( 'NONE', #82, #2282 ) ;
#26 = CIRCLE ( 'NONE', #1389, 9.899999999999979039 ) ;
#27 = CARTESIAN_POINT ( 'NONE',  ( -135.8965247537591949, 48.71791144170279608, -51.00000000000000711 ) ) ;
#28 = ORIENTED_EDGE ( 'NONE', *, *, #5255, .T. ) ;
#29 = DIRECTION ( 'NONE',  ( 0.000000000000000000, 0.000000000000000000, 1.000000000000000000 ) ) ;
#30 = ORIENTED_EDGE ( 'NONE', *, *, #2497, .T. ) ;
#31 = AXIS2_PLACEMENT_3D ( 'NONE', #5243, #1998, #2775 ) ;
#32 = EDGE_CURVE ( 'NONE', #2948, #3328, #3472, .T. ) ;
#33 = CARTESIAN_POINT ( 'NONE',  ( -138.3196080030131441, 59.58313851194014887, -51.00000000000000000 ) ) ;
#34 = DIRECTION ( 'NONE',  ( 1.000000000000000000, -0.000000000000000000, 0.000000000000000000 ) ) ;
#35 = EDGE_LOOP ( 'NONE', ( #4514, #859, #3897, #253 ) ) ;
#36 = SURFACE_STYLE_USAGE ( .BOTH. , #1298 ) ;
#37 = DIRECTION ( 'NONE',  ( 0.000000000000000000, 0.5082561830145977400, -0.8612059291641179781 ) ) ;
#38 = AXIS2_PLACEMENT_3D ( 'NONE', #1208, #2846, #2440 ) ;
#39 = ORIENTED_EDGE ( 'NONE', *, *, #389, .F. ) ;
#40 = EDGE_LOOP ( 'NONE', ( #3847, #4379, #44, #3352, #710, #1708, #2112, #4969 ) ) ;
#41 = DIRECTION ( 'NONE',  ( 1.000000000000000000, -0.000000000000000000, -0.000000000000000000 ) ) ;
#42 = EDGE_CURVE ( 'NONE', #3458, #2811, #2206, .T. ) ;
#43 = ADVANCED_FACE ( 'NONE', ( #5068, #2522 ), #3392, .T. ) ;
#44 = ORIENTED_EDGE ( 'NONE', *, *, #1979, .T. ) ;
#45 = CARTESIAN_POINT ( 'NONE',  ( -138.3196080030131441, 57.34269152771611289, -38.29604796487006979 ) ) ;
#46 = VECTOR ( 'NONE', #2604, 1000.000000000000114 ) ;
#47 = ORIENTED_EDGE ( 'NONE', *, *, #2519, .F. ) ;
#48 = VECTOR ( 'NONE', #639, 1000.000000000000114 ) ;
#49 = DIRECTION ( 'NONE',  ( 0.000000000000000000, 0.000000000000000000, 1.000000000000000000 ) ) ;
#50 = AXIS2_PLACEMENT_3D ( 'NONE', #978, #1010, #3457 ) ;
#51 = DIRECTION ( 'NONE',  ( -0.000000000000000000, -0.000000000000000000, 1.000000000000000000 ) ) ;
#52 = AXIS2_PLACEMENT_3D ( 'NONE', #2010, #4878, #1207 ) ;
#53 = CARTESIAN_POINT ( 'NONE',  ( -131.3196080030131441, 0.000000000000000000, 0.000000000000000000 ) ) ;
#54 = ORIENTED_EDGE ( 'NONE', *, *, #2780, .T. ) ;
#55 = AXIS2_PLACEMENT_3D ( 'NONE', #716, #1498, #5272 ) ;
#56 = DIRECTION ( 'NONE',  ( 0.000000000000000000, 0.000000000000000000, -1.000000000000000000 ) ) ;
#57 = CARTESIAN_POINT ( 'NONE',  ( -120.3196080030131583, -0.2904678626755403115, -0.5479720933948463157 ) ) ;
#58 = ORIENTED_EDGE ( 'NONE', *, *, #1061, .F. ) ;
#59 =( LENGTH_UNIT ( ) NAMED_UNIT ( * ) SI_UNIT ( .MILLI., .METRE. ) );
#60 = AXIS2_PLACEMENT_3D ( 'NONE', #827, #2943, #2460 ) ;
#61 = ORIENTED_EDGE ( 'NONE', *, *, #1147, .T. ) ;
#62 = VECTOR ( 'NONE', #624, 1000.000000000000114 ) ;
#63 = ADVANCED_FACE ( 'NONE', ( #5097 ), #966, .F. ) ;
#64 = CARTESIAN_POINT ( 'NONE',  ( -138.3196080030131441, 57.34269152771611289, -38.29604796487006979 ) ) ;
#65 = CARTESIAN_POINT ( 'NONE',  ( -126.3196080030131441, 42.12507758871971220, -47.89999999999999858 ) ) ;
#66 = ORIENTED_EDGE ( 'NONE', *, *, #1287, .T. ) ;
#67 = CARTESIAN_POINT ( 'NONE',  ( -131.0696080030130872, 0.000000000000000000, 0.000000000000000000 ) ) ;
#68 = ORIENTED_EDGE ( 'NONE', *, *, #3596, .T. ) ;
#69 = ORIENTED_EDGE ( 'NONE', *, *, #2037, .T. ) ;
#70 = DIRECTION ( 'NONE',  ( 0.000000000000000000, -0.8556327021171840075, -0.5175834996091416285 ) ) ;
#71 = DIRECTION ( 'NONE',  ( -0.5773502691896258421, -0.5773502691896258421, 0.5773502691896258421 ) ) ;
#72 = AXIS2_PLACEMENT_3D ( 'NONE', #4000, #1960, #1120 ) ;
#73 = ORIENTED_EDGE ( 'NONE', *, *, #2727, .F. ) ;
#74 = AXIS2_PLACEMENT_3D ( 'NONE', #1569, #3217, #3189 ) ;
#75 = CYLINDRICAL_SURFACE ( 'NONE', #1004, 11.40000000000000036 ) ;
#76 = CARTESIAN_POINT ( 'NONE',  ( -138.3196080030131441, 41.35696301393296892, -44.99999999999996447 ) ) ;
#77 = DIRECTION ( 'NONE',  ( 0.000000000000000000, -1.000000000000000000, 0.000000000000000000 ) ) ;
#78 = DIRECTION ( 'NONE',  ( -1.000000000000000000, -0.000000000000000000, -0.000000000000000000 ) ) ;
#79 = ORIENTED_EDGE ( 'NONE', *, *, #4079, .T. ) ;
#80 = ADVANCED_FACE ( 'NONE', ( #3069 ), #2150, .F. ) ;
#81 = EDGE_CURVE ( 'NONE', #5242, #5155, #3421, .T. ) ;
#82 = CARTESIAN_POINT ( 'NONE',  ( -131.0696080030131441, 54.55884390258362515, -25.80800361527913722 ) ) ;
#83 = CARTESIAN_POINT ( 'NONE',  ( -134.8196080030131441, 0.000000000000000000, 0.000000000000000000 ) ) ;
#84 = DIRECTION ( 'NONE',  ( 0.000000000000000000, -0.9011589228679853791, 0.4334888646037085569 ) ) ;
#85 = CARTESIAN_POINT ( 'NONE',  ( -137.1433600680017264, 44.85355728625073368, -46.17624793501136082 ) ) ;
#86 = ORIENTED_EDGE ( 'NONE', *, *, #4950, .F. ) ;
#87 = DIRECTION ( 'NONE',  ( 0.000000000000000000, 0.000000000000000000, 1.000000000000000000 ) ) ;
#88 = DIRECTION ( 'NONE',  ( -1.000000000000000000, 0.000000000000000000, -0.000000000000000000 ) ) ;
#89 = VERTEX_POINT ( 'NONE', #5043 ) ;
#90 = EDGE_CURVE ( 'NONE', #2915, #266, #2953, .T. ) ;
#91 = LINE ( 'NONE', #4092, #4347 ) ;
#92 = ORIENTED_EDGE ( 'NONE', *, *, #267, .T. ) ;
#93 = VERTEX_POINT ( 'NONE', #1369 ) ;
#94 = CARTESIAN_POINT ( 'NONE',  ( -120.3196080030131583, 63.80068792527740840, -35.11780948267900015 ) ) ;
#95 = ORIENTED_EDGE ( 'NONE', *, *, #3726, .F. ) ;
#96 = FACE_OUTER_BOUND ( 'NONE', #227, .T. ) ;
#97 = EDGE_CURVE ( 'NONE', #313, #3909, #491, .T. ) ;
#98 = VECTOR ( 'NONE', #3687, 1000.000000000000000 ) ;
#99 = DIRECTION ( 'NONE',  ( 0.000000000000000000, -1.000000000000000000, -0.000000000000000000 ) ) ;
#100 = VERTEX_POINT ( 'NONE', #518 ) ;
#101 = CARTESIAN_POINT ( 'NONE',  ( -135.5727138273081778, 24.47582825443158328, -48.07255216129048137 ) ) ;
#102 = DIRECTION ( 'NONE',  ( 0.000000000000000000, 0.9538267149103734077, -0.3003574502543346902 ) ) ;
#103 = PLANE ( 'NONE',  #2429 ) ;
#104 = EDGE_CURVE ( 'NONE', #4795, #2180, #4946, .T. ) ;
#105 = LINE ( 'NONE', #3002, #3490 ) ;
#106 = VERTEX_POINT ( 'NONE', #2632 ) ;
#107 = AXIS2_PLACEMENT_3D ( 'NONE', #1499, #215, #3087 ) ;
#108 = DIRECTION ( 'NONE',  ( -1.000000000000000000, 0.000000000000000000, 0.000000000000000000 ) ) ;
#109 = AXIS2_PLACEMENT_3D ( 'NONE', #2271, #2617, #234 ) ;
#110 = PLANE ( 'NONE',  #996 ) ;
#111 = ADVANCED_FACE ( 'NONE', ( #2980 ), #911, .F. ) ;
#112 = EDGE_CURVE ( 'NONE', #1351, #3394, #4638, .T. ) ;
#113 = DIRECTION ( 'NONE',  ( -1.000000000000000000, -0.000000000000000000, -0.000000000000000000 ) ) ;
#114 = DIRECTION ( 'NONE',  ( 0.000000000000000000, 0.000000000000000000, 1.000000000000000000 ) ) ;
#115 = VECTOR ( 'NONE', #2068, 1000.000000000000000 ) ;
#116 = ORIENTED_EDGE ( 'NONE', *, *, #1290, .T. ) ;
#117 = VECTOR ( 'NONE', #1850, 1000.000000000000000 ) ;
#118 = CARTESIAN_POINT ( 'NONE',  ( -137.5428345409894177, 45.88478672752264487, -45.77677346202368369 ) ) ;
#119 = CARTESIAN_POINT ( 'NONE',  ( -131.0696080030131441, 10.57843249128782404, -32.88194108536649907 ) ) ;
#120 = ORIENTED_EDGE ( 'NONE', *, *, #4531, .F. ) ;
#121 = DIRECTION ( 'NONE',  ( 0.000000000000000000, -0.9567439517003997196, -0.2909312820662346422 ) ) ;
#122 = VERTEX_POINT ( 'NONE', #4242 ) ;
#123 = VERTEX_POINT ( 'NONE', #4214 ) ;
#124 = CARTESIAN_POINT ( 'NONE',  ( -142.8196080030131441, 12.25844098113098646, -38.29604796487006979 ) ) ;
#125 = ORIENTED_EDGE ( 'NONE', *, *, #1586, .T. ) ;
#126 = CARTESIAN_POINT ( 'NONE',  ( -144.3196080030131725, 57.34269152771611289, -48.19604796487005416 ) ) ;
#127 = FACE_OUTER_BOUND ( 'NONE', #1925, .T. ) ;
#128 = EDGE_LOOP ( 'NONE', ( #3295, #4749, #1846, #603, #4477, #3767, #397, #2909 ) ) ;
#129 = EDGE_CURVE ( 'NONE', #3727, #2545, #168, .T. ) ;
#130 = DIRECTION ( 'NONE',  ( -0.7071067811865474617, 0.7071067811865474617, 0.000000000000000000 ) ) ;
#131 = ADVANCED_FACE ( 'NONE', ( #1342 ), #4269, .F. ) ;
#132 = LINE ( 'NONE', #4714, #4184 ) ;
#133 = DIRECTION ( 'NONE',  ( 0.000000000000000000, 0.000000000000000000, 1.000000000000000000 ) ) ;
#134 = CYLINDRICAL_SURFACE ( 'NONE', #3980, 11.40000000000000036 ) ;
#135 = VERTEX_POINT ( 'NONE', #194 ) ;
#136 = AXIS2_PLACEMENT_3D ( 'NONE', #4274, #2310, #2638 ) ;
#137 = AXIS2_PLACEMENT_3D ( 'NONE', #2108, #41, #416 ) ;
#138 = DIRECTION ( 'NONE',  ( -1.000000000000000000, 0.000000000000000000, 0.000000000000000000 ) ) ;
#139 = CARTESIAN_POINT ( 'NONE',  ( -132.5431688448323371, 43.11421254397279057, -50.77643915818084963 ) ) ;
#140 = AXIS2_PLACEMENT_3D ( 'NONE', #3633, #2442, #5260 ) ;
#141 = CARTESIAN_POINT ( 'NONE',  ( -126.3196080030131441, 42.12507758871971220, -47.89999999999999858 ) ) ;
#142 = CYLINDRICAL_SURFACE ( 'NONE', #325, 3.000000000000002665 ) ;
#143 = AXIS2_PLACEMENT_3D ( 'NONE', #3065, #3005, #1856 ) ;
#144 = VERTEX_POINT ( 'NONE', #3365 ) ;
#145 = EDGE_CURVE ( 'NONE', #2393, #1945, #4986, .T. ) ;
#146 = CARTESIAN_POINT ( 'NONE',  ( -122.3196080030131583, 40.63185401174214206, -13.26250413604848255 ) ) ;
#147 = CARTESIAN_POINT ( 'NONE',  ( -131.3196080030131441, 55.71879511832089804, -17.31978629160429506 ) ) ;
#148 = VECTOR ( 'NONE', #2733, 1000.000000000000000 ) ;
#149 = ORIENTED_EDGE ( 'NONE', *, *, #2728, .T. ) ;
#150 = CARTESIAN_POINT ( 'NONE',  ( -138.3196080030131441, 67.80056625442354346, -2.000000000000001776 ) ) ;
#151 = ORIENTED_EDGE ( 'NONE', *, *, #4918, .T. ) ;
#152 = ORIENTED_EDGE ( 'NONE', *, *, #2636, .T. ) ;
#153 = CARTESIAN_POINT ( 'NONE',  ( -120.3196080030131583, 48.90350467446872074, -12.63547284888469413 ) ) ;
#154 = VERTEX_POINT ( 'NONE', #1962 ) ;
#155 = DIRECTION ( 'NONE',  ( 0.000000000000000000, -0.3003574502543350233, -0.9538267149103734077 ) ) ;
#156 = DIRECTION ( 'NONE',  ( 0.000000000000000000, 7.604267291953127011E-15, -1.000000000000000000 ) ) ;
#157 = ADVANCED_FACE ( 'NONE', ( #3604 ), #330, .F. ) ;
#158 = ORIENTED_EDGE ( 'NONE', *, *, #4918, .F. ) ;
#159 = VECTOR ( 'NONE', #414, 1000.000000000000000 ) ;
#160 = DIRECTION ( 'NONE',  ( 0.000000000000000000, -0.9567439517003997196, 0.2909312820662345866 ) ) ;
#161 = VECTOR ( 'NONE', #4448, 999.9999999999998863 ) ;
#162 = CARTESIAN_POINT ( 'NONE',  ( -131.3196080030131441, -6.036674098891743334, -19.17029532596835395 ) ) ;
#163 = CARTESIAN_POINT ( 'NONE',  ( 0.000000000000000000, 69.80056625442354346, -48.99999999999999289 ) ) ;
#164 = DIRECTION ( 'NONE',  ( 0.000000000000000000, 0.000000000000000000, 1.000000000000000000 ) ) ;
#165 = EDGE_LOOP ( 'NONE', ( #4905, #1275 ) ) ;
#166 = DIRECTION ( 'NONE',  ( 0.000000000000000000, 0.000000000000000000, -1.000000000000000000 ) ) ;
#167 = FACE_OUTER_BOUND ( 'NONE', #4698, .T. ) ;
#168 = LINE ( 'NONE', #1801, #2352 ) ;
#169 = LINE ( 'NONE', #939, #3067 ) ;
#170 = ORIENTED_EDGE ( 'NONE', *, *, #296, .F. ) ;
#171 = CARTESIAN_POINT ( 'NONE',  ( -120.3196080030131583, 48.69320226928962825, -9.384714531282769556 ) ) ;
#172 = LINE ( 'NONE', #3450, #1652 ) ;
#173 = VERTEX_POINT ( 'NONE', #1478 ) ;
#174 = DIRECTION ( 'NONE',  ( 0.000000000000000000, 0.000000000000000000, -1.000000000000000000 ) ) ;
#175 = ORIENTED_EDGE ( 'NONE', *, *, #1190, .F. ) ;
#176 = VERTEX_POINT ( 'NONE', #3150 ) ;
#177 = ADVANCED_FACE ( 'NONE', ( #1071 ), #2736, .F. ) ;
#178 = EDGE_CURVE ( 'NONE', #1443, #3533, #1905, .T. ) ;
#179 = DIRECTION ( 'NONE',  ( 0.000000000000000000, 0.000000000000000000, 1.000000000000000000 ) ) ;
#180 = ORIENTED_EDGE ( 'NONE', *, *, #2702, .T. ) ;
#181 = DIRECTION ( 'NONE',  ( 0.7071067811865491270, 8.659560562354913137E-17, 0.7071067811865459074 ) ) ;
#182 = EDGE_CURVE ( 'NONE', #4716, #390, #5207, .T. ) ;
#183 = EDGE_CURVE ( 'NONE', #5284, #1375, #5065, .T. ) ;
#184 = CARTESIAN_POINT ( 'NONE',  ( -131.0696080030131441, 23.57074262461225089, -28.49359069678928336 ) ) ;
#185 = ORIENTED_EDGE ( 'NONE', *, *, #3266, .T. ) ;
#186 = DIRECTION ( 'NONE',  ( 0.000000000000000000, 0.000000000000000000, -1.000000000000000000 ) ) ;
#187 = DIRECTION ( 'NONE',  ( 0.000000000000000000, -0.9567439517003997196, -0.2909312820662346977 ) ) ;
#188 = AXIS2_PLACEMENT_3D ( 'NONE', #3585, #5238, #1104 ) ;
#189 = EDGE_LOOP ( 'NONE', ( #790, #280, #3301, #1139, #3330, #4272, #3184, #2022 ) ) ;
#190 = VECTOR ( 'NONE', #4694, 1000.000000000000000 ) ;
#191 = LINE ( 'NONE', #1394, #2200 ) ;
#192 = CARTESIAN_POINT ( 'NONE',  ( -136.3196080030131441, 69.80056625442354346, -51.00000000000000000 ) ) ;
#193 =( BOUNDED_CURVE ( )  B_SPLINE_CURVE ( 3, ( #811, #1697, #85, #2523 ),
 .UNSPECIFIED., .F., .T. ) 
 B_SPLINE_CURVE_WITH_KNOTS ( ( 4, 4 ),
 ( 0.2589215420061786177, 1.384956676087102601 ),
 .UNSPECIFIED. ) 
 CURVE ( )  GEOMETRIC_REPRESENTATION_ITEM ( )  RATIONAL_B_SPLINE_CURVE ( ( 1.000000000000000000, 0.8970989107037981025, 0.8970989107037981025, 1.000000000000000000 ) ) 
 REPRESENTATION_ITEM ( '' )  );
#194 = CARTESIAN_POINT ( 'NONE',  ( -138.3196080030131441, 1.800566254423555002, -33.75811272949110275 ) ) ;
#195 = VECTOR ( 'NONE', #748, 1000.000000000000000 ) ;
#196 = CARTESIAN_POINT ( 'NONE',  ( -126.3196080030131441, 27.47605492012738893, -47.89999999999999858 ) ) ;
#197 = ORIENTED_EDGE ( 'NONE', *, *, #5044, .F. ) ;
#198 = CARTESIAN_POINT ( 'NONE',  ( -126.3196080030131441, 3.761449444998968605, -15.94779258935107080 ) ) ;
#199 = ADVANCED_FACE ( 'NONE', ( #3120 ), #1454, .F. ) ;
#200 = ORIENTED_EDGE ( 'NONE', *, *, #1198, .T. ) ;
#201 = DIRECTION ( 'NONE',  ( -1.000000000000000000, 0.000000000000000000, 0.000000000000000000 ) ) ;
#202 = ORIENTED_EDGE ( 'NONE', *, *, #1178, .F. ) ;
#203 = VERTEX_POINT ( 'NONE', #4367 ) ;
#204 = VECTOR ( 'NONE', #434, 1000.000000000000114 ) ;
#205 = ADVANCED_FACE ( 'NONE', ( #4721 ), #3972, .T. ) ;
#206 = CARTESIAN_POINT ( 'NONE',  ( -131.3196080030131441, 0.000000000000000000, -15.88149908682619937 ) ) ;
#207 = ORIENTED_EDGE ( 'NONE', *, *, #4328, .T. ) ;
#208 = CARTESIAN_POINT ( 'NONE',  ( -138.3196080030131441, 0.000000000000000000, -51.00000000000000000 ) ) ;
#209 = CARTESIAN_POINT ( 'NONE',  ( -138.3196080030131441, 57.34269152771611289, -38.29604796487006979 ) ) ;
#210 = ORIENTED_EDGE ( 'NONE', *, *, #2422, .F. ) ;
#211 = VECTOR ( 'NONE', #3300, 1000.000000000000114 ) ;
#212 = EDGE_CURVE ( 'NONE', #313, #1301, #2711, .T. ) ;
#213 = LINE ( 'NONE', #1848, #4671 ) ;
#214 = DIRECTION ( 'NONE',  ( -1.000000000000000000, -0.000000000000000000, -0.000000000000000000 ) ) ;
#215 = DIRECTION ( 'NONE',  ( 1.000000000000000000, -0.000000000000000000, -0.000000000000000000 ) ) ;
#216 = AXIS2_PLACEMENT_3D ( 'NONE', #725, #1963, #3605 ) ;
#217 = EDGE_LOOP ( 'NONE', ( #1053, #2942, #2226, #5052 ) ) ;
#218 = DIRECTION ( 'NONE',  ( 0.000000000000000000, 0.9997914061467753077, 0.02042410818257904548 ) ) ;
#219 = PLANE ( 'NONE',  #2857 ) ;
#220 = DIRECTION ( 'NONE',  ( 0.000000000000000000, -0.9538267149103734077, 0.3003574502543350233 ) ) ;
#221 = AXIS2_PLACEMENT_3D ( 'NONE', #458, #2091, #409 ) ;
#222 = ORIENTED_EDGE ( 'NONE', *, *, #3561, .F. ) ;
#223 = VECTOR ( 'NONE', #130, 1000.000000000000114 ) ;
#224 = LINE ( 'NONE', #652, #820 ) ;
#225 = ORIENTED_EDGE ( 'NONE', *, *, #4699, .T. ) ;
#226 = CIRCLE ( 'NONE', #5091, 1.499999999999999556 ) ;
#227 = EDGE_LOOP ( 'NONE', ( #69, #2295, #4961, #4545 ) ) ;
#228 = ORIENTED_EDGE ( 'NONE', *, *, #4308, .T. ) ;
#229 = EDGE_CURVE ( 'NONE', #4751, #1399, #12, .T. ) ;
#230 = AXIS2_PLACEMENT_3D ( 'NONE', #3465, #4689, #5121 ) ;
#231 = DIRECTION ( 'NONE',  ( 0.7071067811865459074, 0.000000000000000000, -0.7071067811865491270 ) ) ;
#232 = EDGE_LOOP ( 'NONE', ( #4400, #2044, #1306, #2094, #4590, #338, #4494, #2444, #3123, #1184, #5135, #4037 ) ) ;
#233 = CARTESIAN_POINT ( 'NONE',  ( -139.8196080030131441, 57.34269152771611289, -38.29604796487006979 ) ) ;
#234 = DIRECTION ( 'NONE',  ( 0.000000000000000000, 0.000000000000000000, -1.000000000000000000 ) ) ;
#235 = ORIENTED_EDGE ( 'NONE', *, *, #4309, .F. ) ;
#236 = VECTOR ( 'NONE', #1568, 1000.000000000000114 ) ;
#237 = CARTESIAN_POINT ( 'NONE',  ( -136.3196080030131441, -0.1994337455764462197, -48.99999999999999289 ) ) ;
#238 = CARTESIAN_POINT ( 'NONE',  ( -131.0696080030131441, 0.000000000000000000, 0.000000000000000000 ) ) ;
#239 = FACE_OUTER_BOUND ( 'NONE', #3719, .T. ) ;
#240 = EDGE_CURVE ( 'NONE', #1446, #4196, #1504, .T. ) ;
#241 = ORIENTED_EDGE ( 'NONE', *, *, #801, .F. ) ;
#242 = AXIS2_PLACEMENT_3D ( 'NONE', #4141, #5294, #3747 ) ;
#243 = DIRECTION ( 'NONE',  ( -1.000000000000000000, -0.000000000000000000, -0.000000000000000000 ) ) ;
#244 = EDGE_CURVE ( 'NONE', #4042, #5222, #1817, .T. ) ;
#245 = CARTESIAN_POINT ( 'NONE',  ( -130.8196080030131441, 11.10092638853714142, -24.56687932326734725 ) ) ;
#246 = DIRECTION ( 'NONE',  ( 0.000000000000000000, 0.000000000000000000, 1.000000000000000000 ) ) ;
#247 = EDGE_CURVE ( 'NONE', #89, #3697, #3010, .T. ) ;
#248 = EDGE_CURVE ( 'NONE', #2235, #1093, #1884, .T. ) ;
#249 = DIRECTION ( 'NONE',  ( 1.000000000000000000, 0.000000000000000000, 0.000000000000000000 ) ) ;
#250 = AXIS2_PLACEMENT_3D ( 'NONE', #829, #2167, #4605 ) ;
#251 = VERTEX_POINT ( 'NONE', #1858 ) ;
#252 = FACE_OUTER_BOUND ( 'NONE', #1466, .T. ) ;
#253 = ORIENTED_EDGE ( 'NONE', *, *, #1475, .T. ) ;
#254 = LINE ( 'NONE', #1889, #3102 ) ;
#255 = ORIENTED_EDGE ( 'NONE', *, *, #404, .T. ) ;
#256 = ORIENTED_EDGE ( 'NONE', *, *, #4527, .F. ) ;
#257 = FACE_BOUND ( 'NONE', #1757, .T. ) ;
#258 = ORIENTED_EDGE ( 'NONE', *, *, #212, .T. ) ;
#259 = CARTESIAN_POINT ( 'NONE',  ( -132.6284487034197355, 26.11474728912249788, -50.69115929959345834 ) ) ;
#260 = CARTESIAN_POINT ( 'NONE',  ( -126.3196080030131441, 3.761449444998968161, -14.44779258935107258 ) ) ;
#261 = VERTEX_POINT ( 'NONE', #4344 ) ;
#262 = EDGE_CURVE ( 'NONE', #3394, #4729, #1933, .T. ) ;
#263 = LINE ( 'NONE', #2474, #1852 ) ;
#264 = CARTESIAN_POINT ( 'NONE',  ( -138.3196080030131441, 1.800566254423555446, -51.00000000000000000 ) ) ;
#265 = DIRECTION ( 'NONE',  ( 0.000000000000000000, -0.2909312820662347532, 0.9567439517003998306 ) ) ;
#266 = VERTEX_POINT ( 'NONE', #4800 ) ;
#267 = EDGE_CURVE ( 'NONE', #3772, #1593, #1122, .T. ) ;
#268 = DIRECTION ( 'NONE',  ( 0.000000000000000000, 2.079713857324681502E-16, -1.000000000000000000 ) ) ;
#269 = CARTESIAN_POINT ( 'NONE',  ( -139.8196080030131441, 12.25844098113098646, -38.29604796487006979 ) ) ;
#270 = CYLINDRICAL_SURFACE ( 'NONE', #1739, 1.500000000000001332 ) ;
#271 = DIRECTION ( 'NONE',  ( 0.000000000000000000, 0.000000000000000000, -1.000000000000000000 ) ) ;
#272 = EDGE_CURVE ( 'NONE', #2991, #4034, #738, .T. ) ;
#273 = FACE_OUTER_BOUND ( 'NONE', #2283, .T. ) ;
#274 = AXIS2_PLACEMENT_3D ( 'NONE', #300, #4003, #246 ) ;
#275 = ORIENTED_EDGE ( 'NONE', *, *, #3172, .T. ) ;
#276 = EDGE_CURVE ( 'NONE', #503, #822, #2361, .T. ) ;
#277 = CARTESIAN_POINT ( 'NONE',  ( -134.3196080030131441, 0.7216701969300158837, -35.32686247609609609 ) ) ;
#278 = ORIENTED_EDGE ( 'NONE', *, *, #4369, .F. ) ;
#279 = CARTESIAN_POINT ( 'NONE',  ( -144.3196080030131725, 12.25844098113098646, -38.29604796487006979 ) ) ;
#280 = ORIENTED_EDGE ( 'NONE', *, *, #4530, .T. ) ;
#281 = APPLICATION_CONTEXT ( 'automotive_design' ) ;
#282 = VERTEX_POINT ( 'NONE', #354 ) ;
#283 = CARTESIAN_POINT ( 'NONE',  ( -131.3196080030131441, 48.90350467446872074, -19.93547284888469306 ) ) ;
#284 = AXIS2_PLACEMENT_3D ( 'NONE', #1762, #3107, #156 ) ;
#285 = EDGE_LOOP ( 'NONE', ( #2965, #645, #3479, #2222, #520, #4300, #200, #1513 ) ) ;
#286 = CARTESIAN_POINT ( 'NONE',  ( -134.8196080030131441, 0.000000000000000000, -41.44604796487007548 ) ) ;
#287 = DIRECTION ( 'NONE',  ( 0.000000000000000000, -0.9995595627334283861, -0.02967626236838656617 ) ) ;
#288 = EDGE_LOOP ( 'NONE', ( #436, #2450, #1199, #4266, #3236, #3381 ) ) ;
#289 = VECTOR ( 'NONE', #3946, 1000.000000000000000 ) ;
#290 = VECTOR ( 'NONE', #51, 1000.000000000000000 ) ;
#291 = CARTESIAN_POINT ( 'NONE',  ( -138.3196080030131441, 12.25844098113098646, -38.29604796487006979 ) ) ;
#292 = DIRECTION ( 'NONE',  ( 1.000000000000000000, -0.000000000000000000, -0.000000000000000000 ) ) ;
#293 = LINE ( 'NONE', #1092, #3110 ) ;
#294 = ORIENTED_EDGE ( 'NONE', *, *, #1035, .T. ) ;
#295 = VECTOR ( 'NONE', #3106, 1000.000000000000114 ) ;
#296 = EDGE_CURVE ( 'NONE', #4786, #122, #378, .T. ) ;
#297 = CARTESIAN_POINT ( 'NONE',  ( -122.3196080030131583, 4.070205214165001806, -44.94907805431299153 ) ) ;
#298 = CARTESIAN_POINT ( 'NONE',  ( -138.3196080030131441, 39.45352726980763691, -8.795402358937423060 ) ) ;
#299 = DIRECTION ( 'NONE',  ( -1.000000000000000000, -0.000000000000000000, -0.000000000000000000 ) ) ;
#300 = CARTESIAN_POINT ( 'NONE',  ( -126.3196080030131441, 39.45352726980763691, -11.79540235893742306 ) ) ;
#301 = FACE_OUTER_BOUND ( 'NONE', #4460, .T. ) ;
#302 = ORIENTED_EDGE ( 'NONE', *, *, #81, .T. ) ;
#303 = CARTESIAN_POINT ( 'NONE',  ( -120.3196080030131583, 17.89385181029055261, -6.867602785786671937 ) ) ;
#304 = VECTOR ( 'NONE', #3815, 1000.000000000000000 ) ;
#305 = ORIENTED_EDGE ( 'NONE', *, *, #509, .T. ) ;
#306 = PLANE ( 'NONE',  #3447 ) ;
#307 = VERTEX_POINT ( 'NONE', #5254 ) ;
#308 = VERTEX_POINT ( 'NONE', #2789 ) ;
#309 = VECTOR ( 'NONE', #1002, 1000.000000000000000 ) ;
#310 = AXIS2_PLACEMENT_3D ( 'NONE', #206, #1380, #2586 ) ;
#311 = AXIS2_PLACEMENT_3D ( 'NONE', #4200, #4900, #3703 ) ;
#312 = CARTESIAN_POINT ( 'NONE',  ( -134.3196080030131441, 15.21693007629545491, -41.44604796487007548 ) ) ;
#313 = VERTEX_POINT ( 'NONE', #778 ) ;
#314 = CARTESIAN_POINT ( 'NONE',  ( -120.3196080030131583, 3.761449444998968161, -12.94779258935107080 ) ) ;
#315 = VECTOR ( 'NONE', #2548, 1000.000000000000000 ) ;
#316 = DIRECTION ( 'NONE',  ( 0.000000000000000000, 0.000000000000000000, 1.000000000000000000 ) ) ;
#317 = EDGE_CURVE ( 'NONE', #2316, #3250, #1938, .T. ) ;
#318 = ORIENTED_EDGE ( 'NONE', *, *, #1247, .F. ) ;
#319 = AXIS2_PLACEMENT_3D ( 'NONE', #2006, #2386, #2436 ) ;
#320 = FACE_OUTER_BOUND ( 'NONE', #1851, .T. ) ;
#321 = LINE ( 'NONE', #3598, #659 ) ;
#322 = DIRECTION ( 'NONE',  ( 0.7071067811865527908, 8.659560562354868763E-17, 0.7071067811865422437 ) ) ;
#323 = AXIS2_PLACEMENT_3D ( 'NONE', #1281, #1255, #49 ) ;
#324 = ORIENTED_EDGE ( 'NONE', *, *, #4952, .T. ) ;
#325 = AXIS2_PLACEMENT_3D ( 'NONE', #196, #1431, #1317 ) ;
#326 = CARTESIAN_POINT ( 'NONE',  ( -122.3196080030131583, 34.80056625442355767, -14.63615997070125552 ) ) ;
#327 = CARTESIAN_POINT ( 'NONE',  ( -126.3196080030131441, 30.14760523903947842, -11.79540235893742306 ) ) ;
#328 = DIRECTION ( 'NONE',  ( -1.000000000000000000, -0.000000000000000000, -0.000000000000000000 ) ) ;
#329 = ADVANCED_FACE ( 'NONE', ( #4424 ), #402, .F. ) ;
#330 = CYLINDRICAL_SURFACE ( 'NONE', #4809, 3.149999999999999911 ) ;
#331 = DIRECTION ( 'NONE',  ( 0.7071067811865509034, -0.000000000000000000, 0.7071067811865442421 ) ) ;
#332 = ORIENTED_EDGE ( 'NONE', *, *, #1429, .T. ) ;
#333 = CARTESIAN_POINT ( 'NONE',  ( -138.5156559678832195, 56.69201709421528790, -51.00000000000000000 ) ) ;
#334 = VECTOR ( 'NONE', #3494, 999.9999999999998863 ) ;
#335 = ORIENTED_EDGE ( 'NONE', *, *, #4241, .T. ) ;
#336 = CARTESIAN_POINT ( 'NONE',  ( -138.3196080030131441, 1.800566254423555446, -10.67734393040306706 ) ) ;
#337 = ORIENTED_EDGE ( 'NONE', *, *, #2982, .F. ) ;
#338 = ORIENTED_EDGE ( 'NONE', *, *, #1078, .T. ) ;
#339 = CARTESIAN_POINT ( 'NONE',  ( -139.8196080030131441, 57.34269152771611289, -49.69604796487007548 ) ) ;
#340 = ORIENTED_EDGE ( 'NONE', *, *, #4207, .T. ) ;
#341 = CARTESIAN_POINT ( 'NONE',  ( -136.3196080030131441, 69.80056625442354346, -48.99999999999999289 ) ) ;
#342 = FACE_OUTER_BOUND ( 'NONE', #439, .T. ) ;
#343 = ADVANCED_FACE ( 'NONE', ( #530 ), #2390, .F. ) ;
#344 = EDGE_LOOP ( 'NONE', ( #2418, #952, #4829, #761 ) ) ;
#345 = ADVANCED_FACE ( 'NONE', ( #127, #4451 ), #4475, .T. ) ;
#346 = LINE ( 'NONE', #3540, #5270 ) ;
#347 = ADVANCED_FACE ( 'NONE', ( #3256 ), #805, .T. ) ;
#348 = DIRECTION ( 'NONE',  ( -1.000000000000000000, -0.000000000000000000, -0.000000000000000000 ) ) ;
#349 = LINE ( 'NONE', #3194, #2247 ) ;
#350 = ORIENTED_EDGE ( 'NONE', *, *, #574, .F. ) ;
#351 = LINE ( 'NONE', #2842, #5201 ) ;
#352 = CARTESIAN_POINT ( 'NONE',  ( -134.8196080030131441, -11.22337441595445284, -6.623676461137820048 ) ) ;
#353 = CARTESIAN_POINT ( 'NONE',  ( -126.3196080030131441, 27.47605492012738893, -44.89999999999999858 ) ) ;
#354 = CARTESIAN_POINT ( 'NONE',  ( -131.3196080030131441, 55.71879511832089804, -17.31978629160429506 ) ) ;
#355 = LINE ( 'NONE', #3631, #5004 ) ;
#356 = ORIENTED_EDGE ( 'NONE', *, *, #5195, .T. ) ;
#357 = CARTESIAN_POINT ( 'NONE',  ( -131.3196080030131441, 50.82776590899497648, -35.49575890555243518 ) ) ;
#358 = ORIENTED_EDGE ( 'NONE', *, *, #782, .F. ) ;
#359 = CARTESIAN_POINT ( 'NONE',  ( -134.3196080030131441, 60.31743593215122701, -41.44604796487007548 ) ) ;
#360 = ORIENTED_EDGE ( 'NONE', *, *, #2824, .T. ) ;
#361 = EDGE_LOOP ( 'NONE', ( #3954, #1321, #3989, #5138 ) ) ;
#362 = EDGE_CURVE ( 'NONE', #1014, #2313, #3315, .T. ) ;
#363 = EDGE_CURVE ( 'NONE', #4567, #5020, #3572, .T. ) ;
#364 = CARTESIAN_POINT ( 'NONE',  ( -120.3196080030131583, 48.79174080797342583, -10.66893267680490887 ) ) ;
#365 = VERTEX_POINT ( 'NONE', #2969 ) ;
#366 = LINE ( 'NONE', #2807, #552 ) ;
#367 = CARTESIAN_POINT ( 'NONE',  ( -131.3196080030131441, 28.63646680170275616, -15.88149908682619582 ) ) ;
#368 = CIRCLE ( 'NONE', #2757, 11.40000000000000036 ) ;
#369 = VERTEX_POINT ( 'NONE', #3380 ) ;
#370 = EDGE_CURVE ( 'NONE', #123, #1187, #2439, .T. ) ;
#371 = DIRECTION ( 'NONE',  ( 0.000000000000000000, -1.000000000000000000, 0.000000000000000000 ) ) ;
#372 = CARTESIAN_POINT ( 'NONE',  ( -120.3196080030131583, 57.34269152771611289, -38.29604796487006979 ) ) ;
#373 = ORIENTED_EDGE ( 'NONE', *, *, #4211, .T. ) ;
#374 = VECTOR ( 'NONE', #3920, 1000.000000000000227 ) ;
#375 = LINE ( 'NONE', #1983, #1515 ) ;
#376 = PLANE ( 'NONE',  #72 ) ;
#377 = CARTESIAN_POINT ( 'NONE',  ( -144.3196080030131725, 0.000000000000000000, 0.000000000000000000 ) ) ;
#378 = LINE ( 'NONE', #1231, #3056 ) ;
#379 = FACE_OUTER_BOUND ( 'NONE', #361, .T. ) ;
#380 = ORIENTED_EDGE ( 'NONE', *, *, #3364, .F. ) ;
#381 = DIRECTION ( 'NONE',  ( 0.000000000000000000, 0.000000000000000000, -1.000000000000000000 ) ) ;
#382 = ORIENTED_EDGE ( 'NONE', *, *, #3199, .F. ) ;
#383 = PLANE ( 'NONE',  #2808 ) ;
#384 = ORIENTED_EDGE ( 'NONE', *, *, #1810, .F. ) ;
#385 = DIRECTION ( 'NONE',  ( 0.000000000000000000, -0.9538267149103735187, 0.3003574502543346902 ) ) ;
#386 = EDGE_LOOP ( 'NONE', ( #4675, #4997, #3108, #3818 ) ) ;
#387 = CARTESIAN_POINT ( 'NONE',  ( -126.3196080030131441, 65.83968306384814184, -12.94779258935107080 ) ) ;
#388 = VECTOR ( 'NONE', #5087, 1000.000000000000227 ) ;
#389 = EDGE_CURVE ( 'NONE', #2016, #4571, #3414, .T. ) ;
#390 = VERTEX_POINT ( 'NONE', #5305 ) ;
#391 = CIRCLE ( 'NONE', #4674, 11.40000000000000036 ) ;
#392 = AXIS2_PLACEMENT_3D ( 'NONE', #2925, #490, #937 ) ;
#393 = DIRECTION ( 'NONE',  ( 1.000000000000000000, -0.000000000000000000, -0.000000000000000000 ) ) ;
#394 = ORIENTED_EDGE ( 'NONE', *, *, #2660, .T. ) ;
#395 = DIRECTION ( 'NONE',  ( 0.000000000000000000, 0.000000000000000000, 1.000000000000000000 ) ) ;
#396 = CIRCLE ( 'NONE', #3999, 11.40000000000000036 ) ;
#397 = ORIENTED_EDGE ( 'NONE', *, *, #1966, .F. ) ;
#398 = DIRECTION ( 'NONE',  ( -0.000000000000000000, -0.3583132270247109674, -0.9336014306646802652 ) ) ;
#399 = AXIS2_PLACEMENT_3D ( 'NONE', #2758, #2410, #1554 ) ;
#400 = CARTESIAN_POINT ( 'NONE',  ( -134.3196080030131441, 14.60046783209980958, -34.14846912543359281 ) ) ;
#401 = LINE ( 'NONE', #353, #2512 ) ;
#402 = PLANE ( 'NONE',  #3995 ) ;
#403 = FACE_OUTER_BOUND ( 'NONE', #1544, .T. ) ;
#404 = EDGE_CURVE ( 'NONE', #3600, #4048, #2106, .T. ) ;
#405 = ORIENTED_EDGE ( 'NONE', *, *, #4033, .T. ) ;
#406 = DIRECTION ( 'NONE',  ( -1.000000000000000000, -0.000000000000000000, -0.000000000000000000 ) ) ;
#407 = EDGE_CURVE ( 'NONE', #1404, #1271, #4002, .T. ) ;
#408 = EDGE_CURVE ( 'NONE', #2750, #2991, #4078, .T. ) ;
#409 = DIRECTION ( 'NONE',  ( 0.000000000000000000, 0.000000000000000000, 1.000000000000000000 ) ) ;
#410 = VERTEX_POINT ( 'NONE', #424 ) ;
#411 = AXIS2_PLACEMENT_3D ( 'NONE', #2961, #3771, #868 ) ;
#412 = LINE ( 'NONE', #147, #289 ) ;
#413 = VERTEX_POINT ( 'NONE', #2057 ) ;
#414 = DIRECTION ( 'NONE',  ( 0.000000000000000000, 1.000000000000000000, -0.000000000000000000 ) ) ;
#415 = VERTEX_POINT ( 'NONE', #635 ) ;
#416 = DIRECTION ( 'NONE',  ( 0.000000000000000000, 0.000000000000000000, 1.000000000000000000 ) ) ;
#417 = ORIENTED_EDGE ( 'NONE', *, *, #2196, .T. ) ;
#418 = DIRECTION ( 'NONE',  ( -1.000000000000000000, 0.000000000000000000, 0.000000000000000000 ) ) ;
#419 = ORIENTED_EDGE ( 'NONE', *, *, #4466, .F. ) ;
#420 = EDGE_CURVE ( 'NONE', #2, #4935, #4710, .T. ) ;
#421 = DIRECTION ( 'NONE',  ( 0.000000000000000000, 0.6180204845714755146, 0.7861619938982287170 ) ) ;
#422 = FACE_OUTER_BOUND ( 'NONE', #344, .T. ) ;
#423 = CARTESIAN_POINT ( 'NONE',  ( -126.3196080030131441, 65.83968306384814184, -12.94779258935107080 ) ) ;
#424 = CARTESIAN_POINT ( 'NONE',  ( -120.3196080030131583, -0.1994337455764462197, -2.000000000000001776 ) ) ;
#425 = DIRECTION ( 'NONE',  ( 1.000000000000000000, -0.000000000000000000, -0.000000000000000000 ) ) ;
#426 = ADVANCED_FACE ( 'NONE', ( #3935 ), #791, .T. ) ;
#427 = FACE_OUTER_BOUND ( 'NONE', #4820, .T. ) ;
#428 = DIRECTION ( 'NONE',  ( 0.000000000000000000, -0.4916981210386108803, -0.8707657307032123928 ) ) ;
#429 = DIRECTION ( 'NONE',  ( 0.000000000000000000, -0.9999543040532067328, -0.009559801539093316577 ) ) ;
#430 = CARTESIAN_POINT ( 'NONE',  ( -120.3196080030131583, 57.34269152771611289, -38.29604796487006979 ) ) ;
#431 = EDGE_LOOP ( 'NONE', ( #2373, #4376, #258, #4019 ) ) ;
#432 = EDGE_CURVE ( 'NONE', #3770, #4230, #2591, .T. ) ;
#433 = LINE ( 'NONE', #1668, #2874 ) ;
#434 = DIRECTION ( 'NONE',  ( 0.000000000000000000, -0.9538267149103736298, -0.3003574502543338021 ) ) ;
#435 = CIRCLE ( 'NONE', #3191, 3.000000000000002665 ) ;
#436 = ORIENTED_EDGE ( 'NONE', *, *, #3456, .F. ) ;
#437 = APPLICATION_PROTOCOL_DEFINITION ( 'draft international standard', 'automotive_design', 1998, #281 ) ;
#438 = LINE ( 'NONE', #2071, #2725 ) ;
#439 = EDGE_LOOP ( 'NONE', ( #180, #3429, #2053, #3870 ) ) ;
#440 = ORIENTED_EDGE ( 'NONE', *, *, #2176, .T. ) ;
#441 = VECTOR ( 'NONE', #648, 1000.000000000000000 ) ;
#442 = DIRECTION ( 'NONE',  ( -1.000000000000000000, -0.000000000000000000, -0.000000000000000000 ) ) ;
#443 = EDGE_LOOP ( 'NONE', ( #4551, #95, #4811, #949 ) ) ;
#444 = CARTESIAN_POINT ( 'NONE',  ( -131.3196080030131441, 56.76769476762041933, -20.05274209494164950 ) ) ;
#445 = CIRCLE ( 'NONE', #2417, 1.499999999999999556 ) ;
#446 = VERTEX_POINT ( 'NONE', #611 ) ;
#447 = EDGE_CURVE ( 'NONE', #1861, #1009, #1908, .T. ) ;
#448 = DIRECTION ( 'NONE',  ( 0.000000000000000000, -1.000000000000000000, 0.000000000000000000 ) ) ;
#449 = DIRECTION ( 'NONE',  ( 0.000000000000000000, -0.4334888646037084459, 0.9011589228679854902 ) ) ;
#450 = CARTESIAN_POINT ( 'NONE',  ( -131.0696080030131441, -8.465984072932203119, -26.88490586776090652 ) ) ;
#451 = DIRECTION ( 'NONE',  ( 0.000000000000000000, 0.2909312820662349197, 0.9567439517003998306 ) ) ;
#452 = ORIENTED_EDGE ( 'NONE', *, *, #3528, .T. ) ;
#453 = EDGE_CURVE ( 'NONE', #3943, #4888, #3834, .T. ) ;
#454 = AXIS2_PLACEMENT_3D ( 'NONE', #269, #602, #2128 ) ;
#455 = DIRECTION ( 'NONE',  ( 0.000000000000000000, 0.000000000000000000, 1.000000000000000000 ) ) ;
#456 = VECTOR ( 'NONE', #777, 1000.000000000000000 ) ;
#457 = DIRECTION ( 'NONE',  ( -1.000000000000000000, -0.000000000000000000, -0.000000000000000000 ) ) ;
#458 = CARTESIAN_POINT ( 'NONE',  ( -138.3196080030131441, 57.34269152771611289, -38.29604796487006979 ) ) ;
#459 = DIRECTION ( 'NONE',  ( 0.000000000000000000, -0.9538267149103734077, -0.3003574502543348568 ) ) ;
#460 = ORIENTED_EDGE ( 'NONE', *, *, #2919, .T. ) ;
#461 = VECTOR ( 'NONE', #2647, 1000.000000000000114 ) ;
#462 = EDGE_CURVE ( 'NONE', #3909, #5003, #2221, .T. ) ;
#463 = B_SPLINE_CURVE_WITH_KNOTS ( 'NONE', 3,
 ( #3449, #888, #118, #5072 ),
 .UNSPECIFIED., .F., .F.,
 ( 4, 4 ),
 ( 0.005447440896463096906, 0.008990820364238380838 ),
 .UNSPECIFIED. ) ;
#464 = CARTESIAN_POINT ( 'NONE',  ( -130.8196080030131441, 12.31571228318268929, -39.11025139846663734 ) ) ;
#465 = CARTESIAN_POINT ( 'NONE',  ( -122.3196080030131583, 20.80939170087368595, -10.66893267680490531 ) ) ;
#466 = EDGE_LOOP ( 'NONE', ( #3938, #197, #525, #335, #4096, #867 ) ) ;
#467 =( LENGTH_UNIT ( ) NAMED_UNIT ( * ) SI_UNIT ( .MILLI., .METRE. ) );
#468 = CARTESIAN_POINT ( 'NONE',  ( -130.3196080030131441, 40.96466570714435562, -15.88149908682619937 ) ) ;
#469 = CIRCLE ( 'NONE', #644, 7.300000000000000711 ) ;
#470 = ORIENTED_EDGE ( 'NONE', *, *, #2389, .T. ) ;
#471 = EDGE_CURVE ( 'NONE', #3534, #3093, #3908, .T. ) ;
#472 = DIRECTION ( 'NONE',  ( 0.000000000000000000, -0.8612059291641183112, -0.5082561830145972959 ) ) ;
#473 = EDGE_LOOP ( 'NONE', ( #4118, #2560, #1839, #4683 ) ) ;
#474 = CARTESIAN_POINT ( 'NONE',  ( -132.3196080030131725, 0.000000000000000000, -51.00000000000000000 ) ) ;
#475 = ADVANCED_FACE ( 'NONE', ( #3881 ), #5115, .T. ) ;
#476 = EDGE_CURVE ( 'NONE', #3705, #2654, #4474, .T. ) ;
#477 = EDGE_LOOP ( 'NONE', ( #394, #2185 ) ) ;
#478 = VECTOR ( 'NONE', #3926, 1000.000000000000000 ) ;
#479 = PLANE ( 'NONE',  #1084 ) ;
#480 = VECTOR ( 'NONE', #4755, 1000.000000000000000 ) ;
#481 = AXIS2_PLACEMENT_3D ( 'NONE', #1714, #4265, #593 ) ;
#482 = DIRECTION ( 'NONE',  ( 0.000000000000000000, -0.9011589228679854902, -0.4334888646037084459 ) ) ;
#483 = LINE ( 'NONE', #2114, #546 ) ;
#484 = VECTOR ( 'NONE', #2191, 1000.000000000000000 ) ;
#485 = CARTESIAN_POINT ( 'NONE',  ( -122.3196080030131583, 48.79174080797342583, -10.66893267680490887 ) ) ;
#486 = ORIENTED_EDGE ( 'NONE', *, *, #1523, .F. ) ;
#487 = VECTOR ( 'NONE', #243, 1000.000000000000000 ) ;
#488 = FACE_OUTER_BOUND ( 'NONE', #1734, .T. ) ;
#489 = EDGE_CURVE ( 'NONE', #3710, #123, #4654, .T. ) ;
#490 = DIRECTION ( 'NONE',  ( 1.000000000000000000, -0.000000000000000000, -0.000000000000000000 ) ) ;
#491 = LINE ( 'NONE', #884, #1158 ) ;
#492 = LINE ( 'NONE', #2043, #4722 ) ;
#493 = ORIENTED_EDGE ( 'NONE', *, *, #2074, .F. ) ;
#494 = VECTOR ( 'NONE', #3366, 1000.000000000000000 ) ;
#495 = AXIS2_PLACEMENT_3D ( 'NONE', #3986, #1951, #3590 ) ;
#496 = CARTESIAN_POINT ( 'NONE',  ( -131.3196080030131441, 0.000000000000000000, 0.000000000000000000 ) ) ;
#497 = CARTESIAN_POINT ( 'NONE',  ( -120.3196080030131583, 30.14760523903947842, -11.79540235893742306 ) ) ;
#498 = EDGE_LOOP ( 'NONE', ( #1188, #3030, #1891, #1011, #175, #744, #2077, #4298, #1079, #1167 ) ) ;
#499 = DIRECTION ( 'NONE',  ( 1.000000000000000000, -0.000000000000000000, -0.000000000000000000 ) ) ;
#500 = DIRECTION ( 'NONE',  ( -1.000000000000000000, -0.000000000000000000, -0.000000000000000000 ) ) ;
#501 = ORIENTED_EDGE ( 'NONE', *, *, #4828, .F. ) ;
#502 = FACE_OUTER_BOUND ( 'NONE', #4371, .T. ) ;
#503 = VERTEX_POINT ( 'NONE', #4229 ) ;
#504 = CARTESIAN_POINT ( 'NONE',  ( -130.8196080030131441, 58.50020612030998279, -24.56687932326735790 ) ) ;
#505 = EDGE_CURVE ( 'NONE', #4655, #1510, #3965, .T. ) ;
#506 = VECTOR ( 'NONE', #1794, 1000.000000000000000 ) ;
#507 = ORIENTED_EDGE ( 'NONE', *, *, #4143, .T. ) ;
#508 = EDGE_CURVE ( 'NONE', #2524, #3534, #3081, .T. ) ;
#509 = EDGE_CURVE ( 'NONE', #4302, #4886, #5163, .T. ) ;
#510 = AXIS2_PLACEMENT_3D ( 'NONE', #2835, #4462, #3641 ) ;
#511 = DIRECTION ( 'NONE',  ( 0.000000000000000000, 0.000000000000000000, 1.000000000000000000 ) ) ;
#512 = DIRECTION ( 'NONE',  ( -1.000000000000000000, -0.000000000000000000, -0.000000000000000000 ) ) ;
#513 = CARTESIAN_POINT ( 'NONE',  ( -138.3196080030131441, 67.80056625442354346, -33.75811272949110275 ) ) ;
#514 = CYLINDRICAL_SURFACE ( 'NONE', #2793, 6.000000000000005329 ) ;
#515 = VERTEX_POINT ( 'NONE', #3436 ) ;
#516 = CARTESIAN_POINT ( 'NONE',  ( -134.3196080030131441, 0.000000000000000000, 0.000000000000000000 ) ) ;
#517 = FACE_BOUND ( 'NONE', #3049, .T. ) ;
#518 = CARTESIAN_POINT ( 'NONE',  ( -120.3196080030131583, 40.96466570714435562, -15.88149908682619937 ) ) ;
#519 = CARTESIAN_POINT ( 'NONE',  ( -131.0696080030131441, 10.57843249128782404, -32.88194108536648486 ) ) ;
#520 = ORIENTED_EDGE ( 'NONE', *, *, #2405, .T. ) ;
#521 = CARTESIAN_POINT ( 'NONE',  ( -131.0696080030131441, 42.77130483879715683, 16.41548926283887511 ) ) ;
#522 = CARTESIAN_POINT ( 'NONE',  ( -131.0696080030131441, 28.63646680170275616, -22.04966218791255983 ) ) ;
#523 = ORIENTED_EDGE ( 'NONE', *, *, #2655, .T. ) ;
#524 = DIRECTION ( 'NONE',  ( -0.000000000000000000, 1.000000000000000000, 0.000000000000000000 ) ) ;
#525 = ORIENTED_EDGE ( 'NONE', *, *, #476, .T. ) ;
#526 = ADVANCED_FACE ( 'NONE', ( #663 ), #1063, .F. ) ;
#527 = DIRECTION ( 'NONE',  ( 1.000000000000000000, 0.000000000000000000, 0.000000000000000000 ) ) ;
#528 = ORIENTED_EDGE ( 'NONE', *, *, #3882, .F. ) ;
#529 = DIRECTION ( 'NONE',  ( 0.000000000000000000, 0.4334888646037086124, 0.9011589228679853791 ) ) ;
#530 = FACE_OUTER_BOUND ( 'NONE', #498, .T. ) ;
#531 = EDGE_CURVE ( 'NONE', #1261, #2, #1468, .T. ) ;
#532 = EDGE_LOOP ( 'NONE', ( #4789, #680, #4534, #3531 ) ) ;
#533 = ADVANCED_FACE ( 'NONE', ( #3408 ), #982, .F. ) ;
#534 = CARTESIAN_POINT ( 'NONE',  ( -120.3196080030131583, 27.47605492012738893, -47.89999999999999858 ) ) ;
#535 = PLANE ( 'NONE',  #2385 ) ;
#536 = DIRECTION ( 'NONE',  ( -1.000000000000000000, -0.000000000000000000, -0.000000000000000000 ) ) ;
#537 = LINE ( 'NONE', #485, #723 ) ;
#538 = EDGE_LOOP ( 'NONE', ( #158, #2832 ) ) ;
#539 = CARTESIAN_POINT ( 'NONE',  ( -134.3196080030131441, 4.141010969993490907E-14, -35.14604796487009253 ) ) ;
#540 = AXIS2_PLACEMENT_3D ( 'NONE', #1360, #1845, #4285 ) ;
#541 = LINE ( 'NONE', #3813, #4252 ) ;
#542 = DIRECTION ( 'NONE',  ( -1.000000000000000000, -0.000000000000000000, -0.000000000000000000 ) ) ;
#543 = DIRECTION ( 'NONE',  ( 0.000000000000000000, 0.000000000000000000, 1.000000000000000000 ) ) ;
#544 = AXIS2_PLACEMENT_3D ( 'NONE', #2182, #4588, #88 ) ;
#545 = ORIENTED_EDGE ( 'NONE', *, *, #2932, .F. ) ;
#546 = VECTOR ( 'NONE', #3809, 1000.000000000000000 ) ;
#547 = DIRECTION ( 'NONE',  ( 0.000000000000000000, 0.000000000000000000, -1.000000000000000000 ) ) ;
#548 = EDGE_CURVE ( 'NONE', #446, #3263, #2293, .T. ) ;
#549 = CARTESIAN_POINT ( 'NONE',  ( -120.3196080030131583, 65.53092729468210109, -15.75906465691169167 ) ) ;
#550 = ORIENTED_EDGE ( 'NONE', *, *, #3388, .T. ) ;
#551 = CARTESIAN_POINT ( 'NONE',  ( -138.3196080030131441, 57.34269152771611289, -41.44604796487007548 ) ) ;
#552 = VECTOR ( 'NONE', #2833, 1000.000000000000000 ) ;
#553 = VERTEX_POINT ( 'NONE', #5083 ) ;
#554 = VERTEX_POINT ( 'NONE', #1414 ) ;
#555 = CARTESIAN_POINT ( 'NONE',  ( -137.0840142808040696, 18.53758846852627329, -51.00000000000000711 ) ) ;
#556 = ORIENTED_EDGE ( 'NONE', *, *, #3875, .F. ) ;
#557 = DIRECTION ( 'NONE',  ( 1.000000000000000000, -0.000000000000000000, 0.000000000000000000 ) ) ;
#558 = DIRECTION ( 'NONE',  ( -1.000000000000000000, 0.000000000000000000, 0.000000000000000000 ) ) ;
#559 = ORIENTED_EDGE ( 'NONE', *, *, #5044, .T. ) ;
#560 = DIRECTION ( 'NONE',  ( 0.000000000000000000, 0.2909312820662346422, 0.9567439517003998306 ) ) ;
#561 = DIRECTION ( 'NONE',  ( 0.7071067811865491270, 0.000000000000000000, -0.7071067811865459074 ) ) ;
#562 = LINE ( 'NONE', #4234, #4305 ) ;
#563 = DIRECTION ( 'NONE',  ( 0.7071067811865475727, 0.7071067811865475727, -0.000000000000000000 ) ) ;
#564 = ORIENTED_EDGE ( 'NONE', *, *, #4581, .T. ) ;
#565 = CIRCLE ( 'NONE', #3654, 7.300000000000000711 ) ;
#566 = AXIS2_PLACEMENT_3D ( 'NONE', #2413, #755, #2821 ) ;
#567 = LINE ( 'NONE', #2601, #1171 ) ;
#568 = DIRECTION ( 'NONE',  ( 1.000000000000000000, 0.000000000000000000, 0.000000000000000000 ) ) ;
#569 = VECTOR ( 'NONE', #4322, 1000.000000000000114 ) ;
#570 = LINE ( 'NONE', #2178, #5098 ) ;
#571 = CARTESIAN_POINT ( 'NONE',  ( -120.3196080030131583, 20.90793023955747998, -9.384714531282766004 ) ) ;
#572 = AXIS2_PLACEMENT_3D ( 'NONE', #2629, #1827, #619 ) ;
#573 = ORIENTED_EDGE ( 'NONE', *, *, #272, .T. ) ;
#574 = EDGE_CURVE ( 'NONE', #5292, #2400, #1974, .T. ) ;
#575 = ADVANCED_FACE ( 'NONE', ( #1543 ), #3565, .F. ) ;
#576 = ADVANCED_FACE ( 'NONE', ( #342 ), #2318, .T. ) ;
#577 = DIRECTION ( 'NONE',  ( -1.000000000000000000, 0.000000000000000000, 0.000000000000000000 ) ) ;
#578 = DIRECTION ( 'NONE',  ( -1.000000000000000000, 0.000000000000000000, 0.000000000000000000 ) ) ;
#579 = VECTOR ( 'NONE', #1095, 1000.000000000000000 ) ;
#580 = VERTEX_POINT ( 'NONE', #1110 ) ;
#581 = CARTESIAN_POINT ( 'NONE',  ( -138.3196080030131441, 0.000000000000000000, -51.00000000000000000 ) ) ;
#582 = EDGE_LOOP ( 'NONE', ( #1577, #2123, #919, #1989 ) ) ;
#583 = MECHANICAL_DESIGN_GEOMETRIC_PRESENTATION_REPRESENTATION (  '', ( #1440 ), #3668 ) ;
#584 = ORIENTED_EDGE ( 'NONE', *, *, #4724, .F. ) ;
#585 = LINE ( 'NONE', #5029, #3824 ) ;
#586 = EDGE_LOOP ( 'NONE', ( #2001, #1759, #3801, #170, #2959 ) ) ;
#587 = LINE ( 'NONE', #4257, #4568 ) ;
#588 = CARTESIAN_POINT ( 'NONE',  ( -144.3196080030131725, 12.25844098113098646, -38.29604796487006979 ) ) ;
#589 = EDGE_LOOP ( 'NONE', ( #3643, #1415, #3863, #4156 ) ) ;
#590 = VECTOR ( 'NONE', #1180, 1000.000000000000114 ) ;
#591 = DIRECTION ( 'NONE',  ( 0.000000000000000000, 0.000000000000000000, 1.000000000000000000 ) ) ;
#592 = FACE_OUTER_BOUND ( 'NONE', #2186, .T. ) ;
#593 = DIRECTION ( 'NONE',  ( 0.000000000000000000, 0.000000000000000000, -1.000000000000000000 ) ) ;
#594 = EDGE_LOOP ( 'NONE', ( #890, #2051, #1715, #2995 ) ) ;
#595 = DIRECTION ( 'NONE',  ( 0.000000000000000000, -1.000000000000000000, 0.000000000000000000 ) ) ;
#596 = DIRECTION ( 'NONE',  ( 0.000000000000000000, 0.000000000000000000, 1.000000000000000000 ) ) ;
#597 = DIRECTION ( 'NONE',  ( 0.000000000000000000, 0.000000000000000000, 1.000000000000000000 ) ) ;
#598 = CARTESIAN_POINT ( 'NONE',  ( -134.3196080030131441, 54.42717419176280913, -41.44604796487007548 ) ) ;
#599 = EDGE_CURVE ( 'NONE', #1814, #135, #3342, .T. ) ;
#600 = VERTEX_POINT ( 'NONE', #1088 ) ;
#601 = DIRECTION ( 'NONE',  ( -1.000000000000000000, -0.000000000000000000, -0.000000000000000000 ) ) ;
#602 = DIRECTION ( 'NONE',  ( 1.000000000000000000, 0.000000000000000000, 0.000000000000000000 ) ) ;
#603 = ORIENTED_EDGE ( 'NONE', *, *, #5226, .F. ) ;
#604 = LINE ( 'NONE', #3427, #5061 ) ;
#605 = ORIENTED_EDGE ( 'NONE', *, *, #3337, .F. ) ;
#606 = EDGE_CURVE ( 'NONE', #2511, #5054, #5244, .T. ) ;
#607 = VERTEX_POINT ( 'NONE', #2748 ) ;
#608 = CARTESIAN_POINT ( 'NONE',  ( -122.3196080030131583, 65.53092729468210109, -44.94907805431299153 ) ) ;
#609 = ORIENTED_EDGE ( 'NONE', *, *, #1197, .F. ) ;
#610 = DIRECTION ( 'NONE',  ( -1.000000000000000000, 0.000000000000000000, 0.000000000000000000 ) ) ;
#611 = CARTESIAN_POINT ( 'NONE',  ( -131.0696080030131441, 23.57074262461224734, -28.49359069678927980 ) ) ;
#612 = ORIENTED_EDGE ( 'NONE', *, *, #5086, .F. ) ;
#613 = CARTESIAN_POINT ( 'NONE',  ( -138.3196080030131441, 3.761449444998968605, -15.94779258935107080 ) ) ;
#614 = VECTOR ( 'NONE', #730, 1000.000000000000000 ) ;
#615 = PLANE ( 'NONE',  #1268 ) ;
#616 = DIRECTION ( 'NONE',  ( 1.000000000000000000, -0.000000000000000000, 0.000000000000000000 ) ) ;
#617 = VECTOR ( 'NONE', #2641, 1000.000000000000000 ) ;
#618 = VERTEX_POINT ( 'NONE', #1999 ) ;
#619 = DIRECTION ( 'NONE',  ( 0.000000000000000000, 0.000000000000000000, 1.000000000000000000 ) ) ;
#620 = DIRECTION ( 'NONE',  ( 0.000000000000000000, 0.000000000000000000, -1.000000000000000000 ) ) ;
#621 = CARTESIAN_POINT ( 'NONE',  ( -126.3196080030131441, 27.47605492012738893, -47.89999999999999858 ) ) ;
#622 = EDGE_CURVE ( 'NONE', #1187, #740, #2777, .T. ) ;
#623 = AXIS2_PLACEMENT_3D ( 'NONE', #4314, #616, #5146 ) ;
#624 = DIRECTION ( 'NONE',  ( 0.000000000000000000, -0.9567439517003997196, -0.2909312820662346977 ) ) ;
#625 = EDGE_LOOP ( 'NONE', ( #4780, #3647, #3063, #2743 ) ) ;
#626 = LINE ( 'NONE', #1052, #3997 ) ;
#627 = ORIENTED_EDGE ( 'NONE', *, *, #657, .T. ) ;
#628 = CARTESIAN_POINT ( 'NONE',  ( -120.3196080030131583, 20.80939170087368595, -10.66893267680490531 ) ) ;
#629 = VERTEX_POINT ( 'NONE', #5221 ) ;
#630 = EDGE_LOOP ( 'NONE', ( #4537, #1436, #4178, #79 ) ) ;
#631 = AXIS2_PLACEMENT_3D ( 'NONE', #4511, #3240, #5 ) ;
#632 = FACE_BOUND ( 'NONE', #3426, .T. ) ;
#633 = EDGE_LOOP ( 'NONE', ( #4139, #3158, #2152, #4064 ) ) ;
#634 = FACE_OUTER_BOUND ( 'NONE', #4335, .T. ) ;
#635 = CARTESIAN_POINT ( 'NONE',  ( -132.7826965941072501, 43.55570619935977561, -50.53691140890592237 ) ) ;
#636 = ADVANCED_FACE ( 'NONE', ( #5268 ), #4018, .T. ) ;
#637 = ORIENTED_EDGE ( 'NONE', *, *, #447, .T. ) ;
#638 = AXIS2_PLACEMENT_3D ( 'NONE', #1109, #4438, #1137 ) ;
#639 = DIRECTION ( 'NONE',  ( 0.000000000000000000, 0.9538267149103734077, -0.3003574502543346902 ) ) ;
#640 = EDGE_CURVE ( 'NONE', #365, #2750, #3082, .T. ) ;
#641 = EDGE_CURVE ( 'NONE', #689, #390, #3185, .T. ) ;
#642 = DIRECTION ( 'NONE',  ( 0.000000000000000000, -0.9538267149103734077, 0.3003574502543350233 ) ) ;
#643 = DIRECTION ( 'NONE',  ( -1.000000000000000000, 0.000000000000000000, 0.000000000000000000 ) ) ;
#644 = AXIS2_PLACEMENT_3D ( 'NONE', #3655, #4056, #779 ) ;
#645 = ORIENTED_EDGE ( 'NONE', *, *, #1823, .T. ) ;
#646 = PLANE ( 'NONE',  #908 ) ;
#647 = LINE ( 'NONE', #5126, #2171 ) ;
#648 = DIRECTION ( 'NONE',  ( 0.000000000000000000, 0.4916981210386084933, 0.8707657307032138361 ) ) ;
#649 = CARTESIAN_POINT ( 'NONE',  ( -133.9526393800544497, 44.46551741173255579, -49.79939173921983553 ) ) ;
#650 = ORIENTED_EDGE ( 'NONE', *, *, #3430, .F. ) ;
#651 = VECTOR ( 'NONE', #2729, 1000.000000000000000 ) ;
#652 = CARTESIAN_POINT ( 'NONE',  ( -138.3196080030131441, 1.800566254423555446, -51.00000000000000000 ) ) ;
#653 = ORIENTED_EDGE ( 'NONE', *, *, #3308, .F. ) ;
#654 = CARTESIAN_POINT ( 'NONE',  ( -130.3196080030131441, 28.63646680170275260, -15.88149908682619937 ) ) ;
#655 = ORIENTED_EDGE ( 'NONE', *, *, #5160, .T. ) ;
#656 = ORIENTED_EDGE ( 'NONE', *, *, #2239, .T. ) ;
#657 = EDGE_CURVE ( 'NONE', #2350, #5030, #1598, .T. ) ;
#658 = B_SPLINE_CURVE_WITH_KNOTS ( 'NONE', 3,
 ( #1990, #1588, #3283, #4831, #27, #2796, #4059, #2469, #834, #2873, #4903, #1157, #333, #3684 ),
 .UNSPECIFIED., .F., .F.,
 ( 4, 2, 2, 2, 2, 2, 4 ),
 ( -0.01336623317508155856, -0.009463485344523705350, -0.005560737513965851274, -0.003609363598686906455, -0.001657989683407959033, 0.0002933842318709849184, 0.002244758147149932340 ),
 .UNSPECIFIED. ) ;
#659 = VECTOR ( 'NONE', #3247, 1000.000000000000000 ) ;
#660 = CARTESIAN_POINT ( 'NONE',  ( -120.3196080030131583, 65.83968306384814184, -12.94779258935107080 ) ) ;
#661 = ORIENTED_EDGE ( 'NONE', *, *, #824, .T. ) ;
#662 = CARTESIAN_POINT ( 'NONE',  ( -137.5428345409893893, 23.71634578132443139, -45.77677346202374054 ) ) ;
#663 = FACE_OUTER_BOUND ( 'NONE', #4133, .T. ) ;
#664 = ORIENTED_EDGE ( 'NONE', *, *, #5282, .T. ) ;
#665 = EDGE_CURVE ( 'NONE', #4935, #4562, #770, .T. ) ;
#666 = CARTESIAN_POINT ( 'NONE',  ( -126.3196080030131441, 30.14760523903947842, -14.79540235893742484 ) ) ;
#667 = LINE ( 'NONE', #3808, #506 ) ;
#668 = DIRECTION ( 'NONE',  ( 0.000000000000000000, -0.8707657307032132810, 0.4916981210386096035 ) ) ;
#669 = ORIENTED_EDGE ( 'NONE', *, *, #1748, .T. ) ;
#670 = EDGE_CURVE ( 'NONE', #5054, #1045, #4868, .T. ) ;
#671 = EDGE_CURVE ( 'NONE', #4291, #2937, #789, .T. ) ;
#672 = VECTOR ( 'NONE', #4788, 1000.000000000000000 ) ;
#673 = DIRECTION ( 'NONE',  ( -1.000000000000000000, -0.000000000000000000, -0.000000000000000000 ) ) ;
#674 = DIRECTION ( 'NONE',  ( 0.000000000000000000, 0.000000000000000000, -1.000000000000000000 ) ) ;
#675 = CARTESIAN_POINT ( 'NONE',  ( -131.0696080030131441, 50.82776590899497648, -35.49575890555243518 ) ) ;
#676 = CARTESIAN_POINT ( 'NONE',  ( -134.3196080030131441, 28.55064896183295176, 17.27066388324388058 ) ) ;
#677 = VECTOR ( 'NONE', #3969, 1000.000000000000000 ) ;
#678 = ORIENTED_EDGE ( 'NONE', *, *, #4718, .T. ) ;
#679 = CARTESIAN_POINT ( 'NONE',  ( -131.3196080030131441, 6.524151378568212145, -40.06181203573022032 ) ) ;
#680 = ORIENTED_EDGE ( 'NONE', *, *, #1749, .F. ) ;
#681 = CARTESIAN_POINT ( 'NONE',  ( -132.3196080030131725, 0.000000000000000000, -51.00000000000000000 ) ) ;
#682 = VERTEX_POINT ( 'NONE', #260 ) ;
#683 = ORIENTED_EDGE ( 'NONE', *, *, #3555, .F. ) ;
#684 = LINE ( 'NONE', #1566, #5078 ) ;
#685 = VERTEX_POINT ( 'NONE', #1895 ) ;
#686 = CARTESIAN_POINT ( 'NONE',  ( -131.0696080030131441, 40.96466570714434852, -38.60162245699346073 ) ) ;
#687 = DIRECTION ( 'NONE',  ( 0.000000000000000000, -0.02967626236838656964, 0.9995595627334284972 ) ) ;
#688 = EDGE_CURVE ( 'NONE', #2654, #3664, #3538, .T. ) ;
#689 = VERTEX_POINT ( 'NONE', #4760 ) ;
#690 = DIRECTION ( 'NONE',  ( -1.000000000000000000, -0.000000000000000000, -0.000000000000000000 ) ) ;
#691 = DIRECTION ( 'NONE',  ( -0.000000000000000000, 1.000000000000000000, 0.000000000000000000 ) ) ;
#692 = CARTESIAN_POINT ( 'NONE',  ( -138.3196080030131441, 67.80056625442354346, -42.83398320024904393 ) ) ;
#693 = ORIENTED_EDGE ( 'NONE', *, *, #3529, .T. ) ;
#694 = EDGE_CURVE ( 'NONE', #2, #3498, #2724, .T. ) ;
#695 = CARTESIAN_POINT ( 'NONE',  ( -138.3196080030131441, 0.000000000000000000, -44.99999999999996447 ) ) ;
#696 = FACE_OUTER_BOUND ( 'NONE', #4725, .T. ) ;
#697 = DIRECTION ( 'NONE',  ( -1.000000000000000000, 0.000000000000000000, -0.000000000000000000 ) ) ;
#698 = CARTESIAN_POINT ( 'NONE',  ( -130.8196080030131441, -6.036674098891743334, -19.17029532596835395 ) ) ;
#699 = CARTESIAN_POINT ( 'NONE',  ( -135.8906912592814820, 45.10880291411805132, -47.53387220650399314 ) ) ;
#700 = AXIS2_PLACEMENT_3D ( 'NONE', #3895, #2356, #2658 ) ;
#701 = ADVANCED_FACE ( 'NONE', ( #3987 ), #2344, .F. ) ;
#702 = ORIENTED_EDGE ( 'NONE', *, *, #1475, .F. ) ;
#703 = LINE ( 'NONE', #5210, #478 ) ;
#704 = AXIS2_PLACEMENT_3D ( 'NONE', #1070, #3035, #2304 ) ;
#705 = VERTEX_POINT ( 'NONE', #1704 ) ;
#706 = LINE ( 'NONE', #2336, #4463 ) ;
#707 = ORIENTED_EDGE ( 'NONE', *, *, #3757, .F. ) ;
#708 = ORIENTED_EDGE ( 'NONE', *, *, #4764, .T. ) ;
#709 = FACE_OUTER_BOUND ( 'NONE', #3432, .T. ) ;
#710 = ORIENTED_EDGE ( 'NONE', *, *, #4419, .T. ) ;
#711 = DIRECTION ( 'NONE',  ( 0.000000000000000000, 1.734723475976805517E-15, -1.000000000000000000 ) ) ;
#712 = DIRECTION ( 'NONE',  ( -1.000000000000000000, 0.000000000000000000, 0.000000000000000000 ) ) ;
#713 = VERTEX_POINT ( 'NONE', #1218 ) ;
#714 = AXIS2_PLACEMENT_3D ( 'NONE', #5096, #2630, #674 ) ;
#715 = LINE ( 'NONE', #1926, #2277 ) ;
#716 = CARTESIAN_POINT ( 'NONE',  ( -126.3196080030131441, 42.12507758871971220, -47.89999999999999858 ) ) ;
#717 = CARTESIAN_POINT ( 'NONE',  ( -122.3196080030131583, 34.80056625442355767, -13.43563121309681385 ) ) ;
#718 = ORIENTED_EDGE ( 'NONE', *, *, #2766, .T. ) ;
#719 = CIRCLE ( 'NONE', #2516, 7.300000000000000711 ) ;
#720 = DIRECTION ( 'NONE',  ( 0.000000000000000000, -1.000000000000000000, 0.000000000000000000 ) ) ;
#721 = LINE ( 'NONE', #4823, #161 ) ;
#722 = CARTESIAN_POINT ( 'NONE',  ( -120.3196080030131583, 1.800566254423555446, 0.000000000000000000 ) ) ;
#723 = VECTOR ( 'NONE', #2597, 1000.000000000000227 ) ;
#724 = CARTESIAN_POINT ( 'NONE',  ( -138.3196080030131441, 0.000000000000000000, -51.00000000000000000 ) ) ;
#725 = CARTESIAN_POINT ( 'NONE',  ( 0.000000000000000000, 67.80056625442354346, 0.000000000000000000 ) ) ;
#726 = EDGE_LOOP ( 'NONE', ( #275, #1297, #564 ) ) ;
#727 = EDGE_CURVE ( 'NONE', #4196, #251, #921, .T. ) ;
#728 = CARTESIAN_POINT ( 'NONE',  ( -131.0696080030131441, 40.96466570714435562, -44.29604796487007690 ) ) ;
#729 = VERTEX_POINT ( 'NONE', #2503 ) ;
#730 = DIRECTION ( 'NONE',  ( 1.000000000000000000, -0.000000000000000000, -0.000000000000000000 ) ) ;
#731 = EDGE_CURVE ( 'NONE', #1870, #1946, #3373, .T. ) ;
#732 = ORIENTED_EDGE ( 'NONE', *, *, #5211, .F. ) ;
#733 = EDGE_LOOP ( 'NONE', ( #486, #2836, #2551, #2906 ) ) ;
#734 = VECTOR ( 'NONE', #3221, 1000.000000000000000 ) ;
#735 = EDGE_CURVE ( 'NONE', #3853, #3367, #91, .T. ) ;
#736 = ADVANCED_FACE ( 'NONE', ( #4115 ), #3348, .F. ) ;
#737 = AXIS2_PLACEMENT_3D ( 'NONE', #948, #2562, #1813 ) ;
#738 = CIRCLE ( 'NONE', #1676, 1.500000000000001332 ) ;
#739 = CARTESIAN_POINT ( 'NONE',  ( -138.3196080030131441, 0.000000000000000000, -44.99999999999996447 ) ) ;
#740 = VERTEX_POINT ( 'NONE', #4564 ) ;
#741 = CARTESIAN_POINT ( 'NONE',  ( -131.3196080030131441, 63.80068792527740840, -35.11780948267900015 ) ) ;
#742 = VECTOR ( 'NONE', #3125, 1000.000000000000000 ) ;
#743 = CARTESIAN_POINT ( 'NONE',  ( -120.3196080030131583, 4.070205214165001806, -44.94907805431299153 ) ) ;
#744 = ORIENTED_EDGE ( 'NONE', *, *, #1383, .T. ) ;
#745 = AXIS2_PLACEMENT_3D ( 'NONE', #3111, #2703, #4468 ) ;
#746 = DIRECTION ( 'NONE',  ( -1.000000000000000000, -0.000000000000000000, -0.000000000000000000 ) ) ;
#747 = CARTESIAN_POINT ( 'NONE',  ( -131.0696080030131441, 56.15117675762549965, -44.29604796487007690 ) ) ;
#748 = DIRECTION ( 'NONE',  ( 1.000000000000000000, -0.000000000000000000, -0.000000000000000000 ) ) ;
#749 = CIRCLE ( 'NONE', #816, 11.40000000000000036 ) ;
#750 = ORIENTED_EDGE ( 'NONE', *, *, #4435, .T. ) ;
#751 = ADVANCED_FACE ( 'NONE', ( #1725 ), #8, .F. ) ;
#752 = LINE ( 'NONE', #2786, #1688 ) ;
#753 = CARTESIAN_POINT ( 'NONE',  ( -134.8196080030131441, 62.10483768686278694, -38.19876508392353287 ) ) ;
#754 = DIRECTION ( 'NONE',  ( -1.000000000000000000, -0.000000000000000000, -0.000000000000000000 ) ) ;
#755 = DIRECTION ( 'NONE',  ( 0.000000000000000000, -0.9336014306646802652, 0.3583132270247113560 ) ) ;
#756 = CARTESIAN_POINT ( 'NONE',  ( -139.3205483905317976, 2.801506641942193010, -31.07220620324158133 ) ) ;
#757 = EDGE_CURVE ( 'NONE', #2156, #2935, #1625, .T. ) ;
#758 = ORIENTED_EDGE ( 'NONE', *, *, #4615, .F. ) ;
#759 = CARTESIAN_POINT ( 'NONE',  ( -120.3196080030131583, 48.90350467446872074, -19.93547284888469306 ) ) ;
#760 = VECTOR ( 'NONE', #1066, 1000.000000000000000 ) ;
#761 = ORIENTED_EDGE ( 'NONE', *, *, #3777, .T. ) ;
#762 = EDGE_CURVE ( 'NONE', #4558, #2480, #4513, .T. ) ;
#763 = DIRECTION ( 'NONE',  ( 0.000000000000000000, 0.000000000000000000, 1.000000000000000000 ) ) ;
#764 = ORIENTED_EDGE ( 'NONE', *, *, #4238, .F. ) ;
#765 = EDGE_LOOP ( 'NONE', ( #1953, #3557, #3608, #3088, #225, #848, #1492, #3559, #3955, #3724 ) ) ;
#766 = EDGE_CURVE ( 'NONE', #2235, #3133, #4942, .T. ) ;
#767 = DIRECTION ( 'NONE',  ( 0.000000000000000000, 0.000000000000000000, 1.000000000000000000 ) ) ;
#768 = ORIENTED_EDGE ( 'NONE', *, *, #5211, .T. ) ;
#769 = DIRECTION ( 'NONE',  ( 0.000000000000000000, -0.7071067811865474617, -0.7071067811865474617 ) ) ;
#770 = LINE ( 'NONE', #3165, #3543 ) ;
#771 = VERTEX_POINT ( 'NONE', #3669 ) ;
#772 = CARTESIAN_POINT ( 'NONE',  ( -131.3196080030131441, 18.62250317291174539, -35.41499716550077181 ) ) ;
#773 = PLANE ( 'NONE',  #4050 ) ;
#774 = ORIENTED_EDGE ( 'NONE', *, *, #1422, .F. ) ;
#775 = CARTESIAN_POINT ( 'NONE',  ( -120.3196080030131583, 67.80056625442354346, -51.00000000000000000 ) ) ;
#776 = DIRECTION ( 'NONE',  ( 0.000000000000000000, 0.000000000000000000, 1.000000000000000000 ) ) ;
#777 = DIRECTION ( 'NONE',  ( 0.7071067811865459074, 8.659560562354952580E-17, 0.7071067811865491270 ) ) ;
#778 = CARTESIAN_POINT ( 'NONE',  ( -131.0696080030131441, 6.524151378568212145, -40.06181203573022032 ) ) ;
#779 = DIRECTION ( 'NONE',  ( 0.000000000000000000, 0.000000000000000000, 1.000000000000000000 ) ) ;
#780 = ORIENTED_EDGE ( 'NONE', *, *, #2863, .T. ) ;
#781 = DIRECTION ( 'NONE',  ( -1.000000000000000000, -0.000000000000000000, -0.000000000000000000 ) ) ;
#782 = EDGE_CURVE ( 'NONE', #106, #1679, #4603, .T. ) ;
#783 = ORIENTED_EDGE ( 'NONE', *, *, #1607, .F. ) ;
#784 = CARTESIAN_POINT ( 'NONE',  ( -131.3196080030131441, 42.77130483879715683, 16.41548926283887511 ) ) ;
#785 = ORIENTED_EDGE ( 'NONE', *, *, #3659, .F. ) ;
#786 = CARTESIAN_POINT ( 'NONE',  ( -137.3196080030131441, 67.80056625442354346, -1.000000000000000888 ) ) ;
#787 = VERTEX_POINT ( 'NONE', #3692 ) ;
#788 = LINE ( 'NONE', #2401, #3296 ) ;
#789 = LINE ( 'NONE', #2428, #4098 ) ;
#790 = ORIENTED_EDGE ( 'NONE', *, *, #1751, .F. ) ;
#791 = CONICAL_SURFACE ( 'NONE', #540, 11.40000000000000036, 0.7853981633974506105 ) ;
#792 = DIRECTION ( 'NONE',  ( 0.000000000000000000, 0.000000000000000000, 1.000000000000000000 ) ) ;
#793 = EDGE_LOOP ( 'NONE', ( #1439, #2285, #2447, #3858, #2772 ) ) ;
#794 = DIRECTION ( 'NONE',  ( -0.000000000000000000, -0.9011589228679854902, -0.4334888646037084459 ) ) ;
#795 = ADVANCED_FACE ( 'NONE', ( #4890 ), #4911, .T. ) ;
#796 = VECTOR ( 'NONE', #5073, 1000.000000000000114 ) ;
#797 = ORIENTED_EDGE ( 'NONE', *, *, #3706, .F. ) ;
#798 = EDGE_CURVE ( 'NONE', #4571, #689, #1353, .T. ) ;
#799 = VECTOR ( 'NONE', #4529, 1000.000000000000227 ) ;
#800 = EDGE_CURVE ( 'NONE', #976, #2421, #2883, .T. ) ;
#801 = EDGE_CURVE ( 'NONE', #905, #3097, #438, .T. ) ;
#802 = LINE ( 'NONE', #5230, #5197 ) ;
#803 = DIRECTION ( 'NONE',  ( -1.000000000000000000, -0.000000000000000000, -0.000000000000000000 ) ) ;
#804 = DIRECTION ( 'NONE',  ( -1.000000000000000000, 0.000000000000000000, 0.000000000000000000 ) ) ;
#805 = PLANE ( 'NONE',  #5106 ) ;
#806 = VECTOR ( 'NONE', #3906, 999.9999999999998863 ) ;
#807 = CARTESIAN_POINT ( 'NONE',  ( -126.3196080030131441, 27.47605492012738893, -47.89999999999999858 ) ) ;
#808 = VERTEX_POINT ( 'NONE', #1671 ) ;
#809 = DIRECTION ( 'NONE',  ( -1.000000000000000000, 0.000000000000000000, 0.000000000000000000 ) ) ;
#810 = VERTEX_POINT ( 'NONE', #3717 ) ;
#811 = CARTESIAN_POINT ( 'NONE',  ( -138.3196080030131441, 42.89319216350644837, -44.99999999999996447 ) ) ;
#812 = ORIENTED_EDGE ( 'NONE', *, *, #1772, .T. ) ;
#813 = DIRECTION ( 'NONE',  ( 0.000000000000000000, 0.3583132270247115225, -0.9336014306646801542 ) ) ;
#814 = ORIENTED_EDGE ( 'NONE', *, *, #3597, .F. ) ;
#815 = CARTESIAN_POINT ( 'NONE',  ( -134.8196080030131441, -4.118425500350480384, -2.430562951267397409 ) ) ;
#816 = AXIS2_PLACEMENT_3D ( 'NONE', #4123, #3781, #1687 ) ;
#817 = ADVANCED_FACE ( 'NONE', ( #4538 ), #2131, .F. ) ;
#818 = VERTEX_POINT ( 'NONE', #468 ) ;
#819 = AXIS2_PLACEMENT_3D ( 'NONE', #1516, #5190, #2340 ) ;
#820 = VECTOR ( 'NONE', #4348, 1000.000000000000000 ) ;
#821 = LINE ( 'NONE', #896, #2619 ) ;
#822 = VERTEX_POINT ( 'NONE', #2101 ) ;
#823 = LINE ( 'NONE', #3696, #3554 ) ;
#824 = EDGE_CURVE ( 'NONE', #3416, #2587, #2465, .T. ) ;
#825 = CONICAL_SURFACE ( 'NONE', #3830, 11.40000000000000036, 0.7853981633974408405 ) ;
#826 = ORIENTED_EDGE ( 'NONE', *, *, #2466, .T. ) ;
#827 = CARTESIAN_POINT ( 'NONE',  ( -138.3196080030131441, 39.45352726980763691, -11.79540235893742306 ) ) ;
#828 = AXIS2_PLACEMENT_3D ( 'NONE', #4074, #4026, #4797 ) ;
#829 = CARTESIAN_POINT ( 'NONE',  ( -120.3196080030131583, 48.90350467446872074, -19.93547284888469306 ) ) ;
#830 = CARTESIAN_POINT ( 'NONE',  ( -139.8196080030131441, 57.34269152771611289, -26.89604796487007121 ) ) ;
#831 = DIRECTION ( 'NONE',  ( 0.000000000000000000, 0.000000000000000000, 1.000000000000000000 ) ) ;
#832 = CARTESIAN_POINT ( 'NONE',  ( -120.3196080030131583, 20.69762783437838394, -12.63547284888469413 ) ) ;
#833 = FACE_OUTER_BOUND ( 'NONE', #2383, .T. ) ;
#834 = CARTESIAN_POINT ( 'NONE',  ( -137.7561488032655461, 52.84405570798868013, -51.00000000000000000 ) ) ;
#835 = ORIENTED_EDGE ( 'NONE', *, *, #1615, .T. ) ;
#836 =( NAMED_UNIT ( * ) PLANE_ANGLE_UNIT ( ) SI_UNIT ( $, .RADIAN. ) );
#837 = PRODUCT_DEFINITION_SHAPE ( 'NONE', 'NONE',  #2803 ) ;
#838 = ORIENTED_EDGE ( 'NONE', *, *, #10, .F. ) ;
#839 = AXIS2_PLACEMENT_3D ( 'NONE', #4994, #3397, #2556 ) ;
#840 = CARTESIAN_POINT ( 'NONE',  ( -120.3196080030131583, 69.80056625442354346, -2.000000000000001776 ) ) ;
#841 = CYLINDRICAL_SURFACE ( 'NONE', #1226, 11.40000000000000036 ) ;
#842 = ORIENTED_EDGE ( 'NONE', *, *, #3251, .F. ) ;
#843 = LINE ( 'NONE', #4563, #3921 ) ;
#844 = CARTESIAN_POINT ( 'NONE',  ( -120.3196080030131583, 14.60046783209981136, -34.14846912543361412 ) ) ;
#845 = ORIENTED_EDGE ( 'NONE', *, *, #5250, .F. ) ;
#846 = ORIENTED_EDGE ( 'NONE', *, *, #182, .T. ) ;
#847 = DIRECTION ( 'NONE',  ( 0.000000000000000000, 0.5175834996091416285, -0.8556327021171840075 ) ) ;
#848 = ORIENTED_EDGE ( 'NONE', *, *, #3053, .T. ) ;
#849 = FACE_OUTER_BOUND ( 'NONE', #1970, .T. ) ;
#850 = EDGE_CURVE ( 'NONE', #2404, #1056, #945, .T. ) ;
#851 = ORIENTED_EDGE ( 'NONE', *, *, #453, .F. ) ;
#852 = DIRECTION ( 'NONE',  ( 0.000000000000000000, 0.7861619938982287170, -0.6180204845714755146 ) ) ;
#853 = CARTESIAN_POINT ( 'NONE',  ( -134.3196080030131441, 54.36794712328103429, -35.14604796487007121 ) ) ;
#854 = DIRECTION ( 'NONE',  ( -1.000000000000000000, 0.000000000000000000, 0.000000000000000000 ) ) ;
#855 = LINE ( 'NONE', #1692, #4416 ) ;
#856 = VERTEX_POINT ( 'NONE', #974 ) ;
#857 = CARTESIAN_POINT ( 'NONE',  ( -130.8196080030131441, 40.96466570714435562, -44.29604796487007690 ) ) ;
#858 = LINE ( 'NONE', #2491, #5080 ) ;
#859 = ORIENTED_EDGE ( 'NONE', *, *, #1372, .T. ) ;
#860 = ADVANCED_FACE ( 'NONE', ( #1783 ), #4728, .F. ) ;
#861 = VERTEX_POINT ( 'NONE', #3043 ) ;
#862 = EDGE_CURVE ( 'NONE', #4481, #3437, #2668, .T. ) ;
#863 = EDGE_CURVE ( 'NONE', #413, #2912, #604, .T. ) ;
#864 = PLANE ( 'NONE',  #4753 ) ;
#865 = DIRECTION ( 'NONE',  ( -1.000000000000000000, -0.000000000000000000, -0.000000000000000000 ) ) ;
#866 = AXIS2_PLACEMENT_3D ( 'NONE', #2157, #201, #4194 ) ;
#867 = ORIENTED_EDGE ( 'NONE', *, *, #3685, .T. ) ;
#868 = DIRECTION ( 'NONE',  ( 0.000000000000000000, -0.5082561830145977400, 0.8612059291641179781 ) ) ;
#869 = ORIENTED_EDGE ( 'NONE', *, *, #183, .T. ) ;
#870 = DIRECTION ( 'NONE',  ( 0.000000000000000000, 0.000000000000000000, -1.000000000000000000 ) ) ;
#871 = ORIENTED_EDGE ( 'NONE', *, *, #798, .F. ) ;
#872 = LINE ( 'NONE', #2458, #3216 ) ;
#873 = CIRCLE ( 'NONE', #107, 1.500000000000001332 ) ;
#874 = VERTEX_POINT ( 'NONE', #2582 ) ;
#875 = ADVANCED_FACE ( 'NONE', ( #4619 ), #2558, .T. ) ;
#876 = PLANE ( 'NONE',  #4426 ) ;
#877 = CARTESIAN_POINT ( 'NONE',  ( -138.3196080030131441, 67.80056625442354346, -51.00000000000000000 ) ) ;
#878 = CARTESIAN_POINT ( 'NONE',  ( -122.3196080030131583, 34.80056625442355767, -14.63615997070125552 ) ) ;
#879 = CARTESIAN_POINT ( 'NONE',  ( -131.0696080030131441, 40.96466570714435562, 0.000000000000000000 ) ) ;
#880 = ORIENTED_EDGE ( 'NONE', *, *, #4066, .F. ) ;
#881 = DIRECTION ( 'NONE',  ( 0.000000000000000000, 0.000000000000000000, 1.000000000000000000 ) ) ;
#882 = VECTOR ( 'NONE', #4054, 1000.000000000000114 ) ;
#883 = DIRECTION ( 'NONE',  ( 0.000000000000000000, 0.000000000000000000, 1.000000000000000000 ) ) ;
#884 = CARTESIAN_POINT ( 'NONE',  ( -131.0696080030131441, 6.524151378568212145, -40.06181203573022032 ) ) ;
#885 = ORIENTED_EDGE ( 'NONE', *, *, #1818, .F. ) ;
#886 = AXIS2_PLACEMENT_3D ( 'NONE', #4572, #3274, #4493 ) ;
#887 = ADVANCED_FACE ( 'NONE', ( #4221 ), #4677, .F. ) ;
#888 = CARTESIAN_POINT ( 'NONE',  ( -136.7604766236716500, 45.47063562182190566, -46.55913137934146562 ) ) ;
#889 = CARTESIAN_POINT ( 'NONE',  ( -131.0696080030131441, 47.20567209103620598, -28.12349751167933931 ) ) ;
#890 = ORIENTED_EDGE ( 'NONE', *, *, #1765, .F. ) ;
#891 = CARTESIAN_POINT ( 'NONE',  ( -130.8196080030131441, 11.10092638853714320, -24.56687932326734369 ) ) ;
#892 = AXIS2_PLACEMENT_3D ( 'NONE', #2464, #2822, #4080 ) ;
#893 = VERTEX_POINT ( 'NONE', #1376 ) ;
#894 = EDGE_CURVE ( 'NONE', #2459, #2691, #1755, .T. ) ;
#895 = VERTEX_POINT ( 'NONE', #551 ) ;
#896 = CARTESIAN_POINT ( 'NONE',  ( -138.3196080030131441, 1.800566254423555446, -2.000000000000001776 ) ) ;
#897 = ORIENTED_EDGE ( 'NONE', *, *, #4220, .F. ) ;
#898 = DIRECTION ( 'NONE',  ( 0.7071067811865509034, -0.000000000000000000, 0.7071067811865442421 ) ) ;
#899 = EDGE_LOOP ( 'NONE', ( #3322, #4131, #2583, #2062, #2339, #930, #4982, #1278, #3410, #2714 ) ) ;
#900 = CIRCLE ( 'NONE', #1505, 3.149999999999999911 ) ;
#901 = LINE ( 'NONE', #4101, #4086 ) ;
#902 = PLANE ( 'NONE',  #3168 ) ;
#903 = LINE ( 'NONE', #450, #5169 ) ;
#904 = DIRECTION ( 'NONE',  ( 0.000000000000000000, 0.8835444418056632720, 0.4683473276899517423 ) ) ;
#905 = VERTEX_POINT ( 'NONE', #150 ) ;
#906 = EDGE_CURVE ( 'NONE', #3133, #5242, #3826, .T. ) ;
#907 = B_SPLINE_CURVE_WITH_KNOTS ( 'NONE', 3,
 ( #1497, #1976, #2067, #1142, #5246, #33 ),
 .UNSPECIFIED., .F., .F.,
 ( 4, 2, 4 ),
 ( 0.002244758147149932773, 0.003363518047189584942, 0.004482277947229236677 ),
 .UNSPECIFIED. ) ;
#908 = AXIS2_PLACEMENT_3D ( 'NONE', #1882, #5066, #268 ) ;
#909 = PLANE ( 'NONE',  #3576 ) ;
#910 = FACE_BOUND ( 'NONE', #2878, .T. ) ;
#911 = PLANE ( 'NONE',  #4668 ) ;
#912 = ADVANCED_FACE ( 'NONE', ( #4301, #4645 ), #1864, .F. ) ;
#913 = CARTESIAN_POINT ( 'NONE',  ( -120.3196080030131583, 28.96927849710496616, -13.26250413604848255 ) ) ;
#914 = ORIENTED_EDGE ( 'NONE', *, *, #2865, .T. ) ;
#915 = CIRCLE ( 'NONE', #1177, 1.500000000000001332 ) ;
#916 = EDGE_CURVE ( 'NONE', #1280, #2545, #2489, .T. ) ;
#917 = DIRECTION ( 'NONE',  ( -1.000000000000000000, 0.000000000000000000, 0.000000000000000000 ) ) ;
#918 = DIRECTION ( 'NONE',  ( 0.000000000000000000, 0.000000000000000000, -1.000000000000000000 ) ) ;
#919 = ORIENTED_EDGE ( 'NONE', *, *, #272, .F. ) ;
#920 = CARTESIAN_POINT ( 'NONE',  ( -134.8196080030131441, 57.34269152771611289, -38.29604796487006979 ) ) ;
#921 = LINE ( 'NONE', #891, #3925 ) ;
#922 = ADVANCED_FACE ( 'NONE', ( #3508, #5075 ), #3400, .T. ) ;
#923 = VERTEX_POINT ( 'NONE', #1006 ) ;
#924 = VECTOR ( 'NONE', #1437, 1000.000000000000000 ) ;
#925 = DIRECTION ( 'NONE',  ( 1.000000000000000000, 0.000000000000000000, 0.000000000000000000 ) ) ;
#926 = ORIENTED_EDGE ( 'NONE', *, *, #2795, .F. ) ;
#927 = DIRECTION ( 'NONE',  ( 0.000000000000000000, 0.9999543040532067328, 0.009559801539094803235 ) ) ;
#928 = DIRECTION ( 'NONE',  ( 1.000000000000000000, -0.000000000000000000, -0.000000000000000000 ) ) ;
#929 = AXIS2_PLACEMENT_3D ( 'NONE', #3759, #1689, #3730 ) ;
#930 = ORIENTED_EDGE ( 'NONE', *, *, #766, .F. ) ;
#931 = CARTESIAN_POINT ( 'NONE',  ( -136.3196080030131441, 69.80056625442354346, -2.000000000000001776 ) ) ;
#932 = CARTESIAN_POINT ( 'NONE',  ( -120.3196080030131583, 52.58054536856949568, -38.39333084581672040 ) ) ;
#933 = DIRECTION ( 'NONE',  ( 1.000000000000000000, -0.000000000000000000, -0.000000000000000000 ) ) ;
#934 = CARTESIAN_POINT ( 'NONE',  ( -138.3196080030131441, 12.25844098113098646, -38.29604796487006979 ) ) ;
#935 = ORIENTED_EDGE ( 'NONE', *, *, #4717, .T. ) ;
#936 = CARTESIAN_POINT ( 'NONE',  ( -134.8196080030131441, 12.25844098113098646, -41.44604796487007548 ) ) ;
#937 = DIRECTION ( 'NONE',  ( 0.000000000000000000, 0.000000000000000000, 1.000000000000000000 ) ) ;
#938 = CARTESIAN_POINT ( 'NONE',  ( -138.3196080030131441, 67.80056625442354346, -51.00000000000000000 ) ) ;
#939 = CARTESIAN_POINT ( 'NONE',  ( -131.3196080030131441, 0.7216701969300161057, -35.32686247609610319 ) ) ;
#940 = EDGE_LOOP ( 'NONE', ( #5136, #4427, #1727, #2430 ) ) ;
#941 = EDGE_CURVE ( 'NONE', #1861, #3416, #1405, .T. ) ;
#942 = CARTESIAN_POINT ( 'NONE',  ( -144.3196080030131725, 57.34269152771611289, -28.89604796487007476 ) ) ;
#943 = CARTESIAN_POINT ( 'NONE',  ( -120.3196080030131583, 6.656832397142902202, -36.14616860272180077 ) ) ;
#944 = ORIENTED_EDGE ( 'NONE', *, *, #4049, .F. ) ;
#945 = LINE ( 'NONE', #1808, #924 ) ;
#946 = VERTEX_POINT ( 'NONE', #4277 ) ;
#947 = ORIENTED_EDGE ( 'NONE', *, *, #5229, .T. ) ;
#948 = CARTESIAN_POINT ( 'NONE',  ( -138.3196080030131441, 57.34269152771611289, -38.29604796487006979 ) ) ;
#949 = ORIENTED_EDGE ( 'NONE', *, *, #3545, .T. ) ;
#950 = CYLINDRICAL_SURFACE ( 'NONE', #3806, 3.149999999999999911 ) ;
#951 = DIRECTION ( 'NONE',  ( 0.000000000000000000, 0.000000000000000000, -1.000000000000000000 ) ) ;
#952 = ORIENTED_EDGE ( 'NONE', *, *, #4435, .F. ) ;
#953 = B_SPLINE_CURVE_WITH_KNOTS ( 'NONE', 3,
 ( #4425, #5180, #756, #1506 ),
 .UNSPECIFIED., .F., .F.,
 ( 4, 4 ),
 ( 6.505213034913026604E-19, 0.002179835659224631239 ),
 .UNSPECIFIED. ) ;
#954 = EDGE_CURVE ( 'NONE', #618, #808, #5107, .T. ) ;
#955 = LINE ( 'NONE', #2999, #4583 ) ;
#956 = FACE_OUTER_BOUND ( 'NONE', #589, .T. ) ;
#957 = DIRECTION ( 'NONE',  ( 0.000000000000000000, 0.000000000000000000, -1.000000000000000000 ) ) ;
#958 = EDGE_CURVE ( 'NONE', #5155, #3093, #2664, .T. ) ;
#959 = DIRECTION ( 'NONE',  ( -1.000000000000000000, 0.000000000000000000, 0.000000000000000000 ) ) ;
#960 = ORIENTED_EDGE ( 'NONE', *, *, #3061, .F. ) ;
#961 = EDGE_CURVE ( 'NONE', #3219, #5284, #3859, .T. ) ;
#962 = ADVANCED_FACE ( 'NONE', ( #1462 ), #2798, .T. ) ;
#963 = CARTESIAN_POINT ( 'NONE',  ( -126.3196080030131441, 39.45352726980763691, -8.795402358937423060 ) ) ;
#964 = AXIS2_PLACEMENT_3D ( 'NONE', #209, #4685, #2997 ) ;
#965 = DIRECTION ( 'NONE',  ( 0.000000000000000000, -0.7071067811865475727, 0.7071067811865475727 ) ) ;
#966 = PLANE ( 'NONE',  #3307 ) ;
#967 = CARTESIAN_POINT ( 'NONE',  ( -126.3196080030131441, 30.14760523903947842, -11.79540235893742306 ) ) ;
#968 = AXIS2_PLACEMENT_3D ( 'NONE', #497, #2526, #972 ) ;
#969 = ORIENTED_EDGE ( 'NONE', *, *, #1035, .F. ) ;
#970 = AXIS2_PLACEMENT_3D ( 'NONE', #2485, #4125, #1690 ) ;
#971 = LINE ( 'NONE', #3344, #5101 ) ;
#972 = DIRECTION ( 'NONE',  ( 0.000000000000000000, 0.000000000000000000, 1.000000000000000000 ) ) ;
#973 = ORIENTED_EDGE ( 'NONE', *, *, #3685, .F. ) ;
#974 = CARTESIAN_POINT ( 'NONE',  ( -126.3196080030131441, 30.14760523903947842, -10.29540235893742306 ) ) ;
#975 = VECTOR ( 'NONE', #1709, 1000.000000000000227 ) ;
#976 = VERTEX_POINT ( 'NONE', #2396 ) ;
#977 = ORIENTED_EDGE ( 'NONE', *, *, #3032, .T. ) ;
#978 = CARTESIAN_POINT ( 'NONE',  ( -134.8196080030131441, 0.000000000000000000, 0.000000000000000000 ) ) ;
#979 = VECTOR ( 'NONE', #2976, 1000.000000000000114 ) ;
#980 = EDGE_LOOP ( 'NONE', ( #5033, #1995, #3560 ) ) ;
#981 = CARTESIAN_POINT ( 'NONE',  ( -131.3196080030131441, 0.4066403667554051582, -42.53454250864558617 ) ) ;
#982 = CYLINDRICAL_SURFACE ( 'NONE', #1451, 1.500000000000001332 ) ;
#983 = ORIENTED_EDGE ( 'NONE', *, *, #3936, .F. ) ;
#984 = DIRECTION ( 'NONE',  ( -1.000000000000000000, -0.000000000000000000, -0.000000000000000000 ) ) ;
#985 = DIRECTION ( 'NONE',  ( 0.000000000000000000, 0.000000000000000000, 1.000000000000000000 ) ) ;
#986 = PLANE ( 'NONE',  #3119 ) ;
#987 = EDGE_CURVE ( 'NONE', #685, #515, #435, .T. ) ;
#988 = DIRECTION ( 'NONE',  ( 1.000000000000000000, -0.000000000000000000, -0.000000000000000000 ) ) ;
#989 = EDGE_LOOP ( 'NONE', ( #1534, #1992, #655, #419, #4680 ) ) ;
#990 = EDGE_CURVE ( 'NONE', #2742, #874, #3182, .T. ) ;
#991 = VECTOR ( 'NONE', #2223, 1000.000000000000000 ) ;
#992 = VECTOR ( 'NONE', #792, 1000.000000000000000 ) ;
#993 = AXIS2_PLACEMENT_3D ( 'NONE', #3630, #3230, #1584 ) ;
#994 = PLANE ( 'NONE',  #572 ) ;
#995 = DIRECTION ( 'NONE',  ( 0.000000000000000000, -0.9997914061467753077, -0.02042410818257904548 ) ) ;
#996 = AXIS2_PLACEMENT_3D ( 'NONE', #1743, #2979, #3390 ) ;
#997 = ADVANCED_FACE ( 'NONE', ( #1592 ), #306, .F. ) ;
#998 = CARTESIAN_POINT ( 'NONE',  ( -139.2128702026372196, 66.90730405479948217, -44.57621430856639222 ) ) ;
#999 = CARTESIAN_POINT ( 'NONE',  ( -138.3196080030131441, 1.800566254423555002, -33.75811272949110275 ) ) ;
#1000 = CIRCLE ( 'NONE', #1339, 3.149999999999999911 ) ;
#1001 = ORIENTED_EDGE ( 'NONE', *, *, #407, .T. ) ;
#1002 = DIRECTION ( 'NONE',  ( 1.000000000000000000, -0.000000000000000000, -0.000000000000000000 ) ) ;
#1003 = LINE ( 'NONE', #2211, #796 ) ;
#1004 = AXIS2_PLACEMENT_3D ( 'NONE', #1712, #4497, #1308 ) ;
#1005 = ORIENTED_EDGE ( 'NONE', *, *, #508, .F. ) ;
#1006 = CARTESIAN_POINT ( 'NONE',  ( -134.8196080030131441, 54.42717419176280913, -41.44604796487007548 ) ) ;
#1008 = ORIENTED_EDGE ( 'NONE', *, *, #1061, .T. ) ;
#1007 = VECTOR ( 'NONE', #3844, 1000.000000000000000 ) ;
#1009 = VERTEX_POINT ( 'NONE', #4325 ) ;
#1010 = DIRECTION ( 'NONE',  ( -1.000000000000000000, 0.000000000000000000, 0.000000000000000000 ) ) ;
#1011 = ORIENTED_EDGE ( 'NONE', *, *, #3820, .T. ) ;
#1012 = CARTESIAN_POINT ( 'NONE',  ( -132.4196080030131668, 42.12507758871971220, -50.89999999999999858 ) ) ;
#1013 = CARTESIAN_POINT ( 'NONE',  ( 0.000000000000000000, 67.80056625442354346, 0.000000000000000000 ) ) ;
#1014 = VERTEX_POINT ( 'NONE', #5214 ) ;
#1015 = EDGE_CURVE ( 'NONE', #2031, #93, #1993, .T. ) ;
#1016 = CARTESIAN_POINT ( 'NONE',  ( -134.2421436538066075, 24.96014132287872656, -49.56160846240104689 ) ) ;
#1017 = AXIS2_PLACEMENT_3D ( 'NONE', #1581, #4365, #1530 ) ;
#1018 = CARTESIAN_POINT ( 'NONE',  ( -138.3196080030131441, 30.14760523903947842, -8.795402358937423060 ) ) ;
#1019 = LINE ( 'NONE', #1825, #4128 ) ;
#1020 = ORIENTED_EDGE ( 'NONE', *, *, #4134, .T. ) ;
#1021 = VECTOR ( 'NONE', #4408, 1000.000000000000000 ) ;
#1022 = CARTESIAN_POINT ( 'NONE',  ( -131.0696080030131441, 0.000000000000000000, 0.000000000000000000 ) ) ;
#1023 = LINE ( 'NONE', #3500, #4393 ) ;
#1024 = EDGE_CURVE ( 'NONE', #4786, #3610, #1913, .T. ) ;
#1025 = DIRECTION ( 'NONE',  ( -1.000000000000000000, 0.000000000000000000, 0.000000000000000000 ) ) ;
#1026 = DIRECTION ( 'NONE',  ( -1.000000000000000000, -0.000000000000000000, -0.000000000000000000 ) ) ;
#1027 = ORIENTED_EDGE ( 'NONE', *, *, #476, .F. ) ;
#1028 = EDGE_CURVE ( 'NONE', #1030, #144, #5185, .T. ) ;
#1029 = DIRECTION ( 'NONE',  ( -1.000000000000000000, -0.000000000000000000, -0.000000000000000000 ) ) ;
#1030 = VERTEX_POINT ( 'NONE', #4835 ) ;
#1031 = CARTESIAN_POINT ( 'NONE',  ( -122.3196080030131583, 20.80939170087368595, -10.66893267680490531 ) ) ;
#1032 = ORIENTED_EDGE ( 'NONE', *, *, #3336, .F. ) ;
#1033 = ORIENTED_EDGE ( 'NONE', *, *, #2423, .T. ) ;
#1034 = EDGE_CURVE ( 'NONE', #4751, #1404, #2366, .T. ) ;
#1035 = EDGE_CURVE ( 'NONE', #2350, #705, #2667, .T. ) ;
#1036 = DIRECTION ( 'NONE',  ( -1.000000000000000000, -0.000000000000000000, -0.000000000000000000 ) ) ;
#1037 = EDGE_LOOP ( 'NONE', ( #5240, #501, #556, #1693 ) ) ;
#1038 = CARTESIAN_POINT ( 'NONE',  ( -137.1088507356830348, 36.78577508115321848, -46.21075726733008082 ) ) ;
#1039 = DIRECTION ( 'NONE',  ( 0.000000000000000000, 0.000000000000000000, 1.000000000000000000 ) ) ;
#1040 = ORIENTED_EDGE ( 'NONE', *, *, #2561, .F. ) ;
#1041 = CARTESIAN_POINT ( 'NONE',  ( -136.8301219877218387, 69.29005226971486309, -11.96374522314804878 ) ) ;
#1042 = VECTOR ( 'NONE', #4374, 1000.000000000000227 ) ;
#1043 = CARTESIAN_POINT ( 'NONE',  ( 0.000000000000000000, -0.1994337455764462197, -51.00000000000000000 ) ) ;
#1044 = CARTESIAN_POINT ( 'NONE',  ( -120.3196080030131583, 20.90793023955747998, -9.384714531282766004 ) ) ;
#1045 = VERTEX_POINT ( 'NONE', #654 ) ;
#1046 = CARTESIAN_POINT ( 'NONE',  ( -126.3196080030131441, 27.47605492012738893, -46.39999999999999858 ) ) ;
#1047 = CARTESIAN_POINT ( 'NONE',  ( -120.3196080030131583, 42.12507758871971220, -49.39999999999999858 ) ) ;
#1048 = DIRECTION ( 'NONE',  ( 1.000000000000000000, -0.000000000000000000, -0.000000000000000000 ) ) ;
#1049 = VECTOR ( 'NONE', #2755, 1000.000000000000000 ) ;
#1050 = DIRECTION ( 'NONE',  ( 0.000000000000000000, 0.02967626236838653148, 0.9995595627334284972 ) ) ;
#1051 = ORIENTED_EDGE ( 'NONE', *, *, #3821, .T. ) ;
#1052 = CARTESIAN_POINT ( 'NONE',  ( -120.3196080030131583, 20.69762783437838394, -27.23547284888469378 ) ) ;
#1053 = ORIENTED_EDGE ( 'NONE', *, *, #42, .F. ) ;
#1054 = ADVANCED_FACE ( 'NONE', ( #3237 ), #1131, .F. ) ;
#1055 = DIRECTION ( 'NONE',  ( 1.000000000000000000, 0.000000000000000000, 0.000000000000000000 ) ) ;
#1056 = VERTEX_POINT ( 'NONE', #2286 ) ;
#1057 = CIRCLE ( 'NONE', #3029, 2.999999999999999112 ) ;
#1058 = VERTEX_POINT ( 'NONE', #3558 ) ;
#1059 = CARTESIAN_POINT ( 'NONE',  ( -138.3196080030131441, 0.000000000000000000, 0.000000000000000000 ) ) ;
#1060 = ORIENTED_EDGE ( 'NONE', *, *, #1215, .F. ) ;
#1061 = EDGE_CURVE ( 'NONE', #4886, #4302, #3361, .T. ) ;
#1062 = EDGE_CURVE ( 'NONE', #1500, #3533, #2769, .T. ) ;
#1063 = CYLINDRICAL_SURFACE ( 'NONE', #1276, 3.000000000000000888 ) ;
#1064 = VERTEX_POINT ( 'NONE', #1511 ) ;
#1065 = LINE ( 'NONE', #2674, #1163 ) ;
#1066 = DIRECTION ( 'NONE',  ( 0.000000000000000000, 0.000000000000000000, -1.000000000000000000 ) ) ;
#1067 = DIRECTION ( 'NONE',  ( -1.000000000000000000, 0.000000000000000000, 0.000000000000000000 ) ) ;
#1068 = ORIENTED_EDGE ( 'NONE', *, *, #4369, .T. ) ;
#1069 = DIRECTION ( 'NONE',  ( 0.000000000000000000, 0.000000000000000000, 1.000000000000000000 ) ) ;
#1070 = CARTESIAN_POINT ( 'NONE',  ( -131.0696080030131441, 0.000000000000000000, 0.000000000000000000 ) ) ;
#1071 = FACE_OUTER_BOUND ( 'NONE', #3346, .T. ) ;
#1072 = DIRECTION ( 'NONE',  ( 0.000000000000000000, 0.000000000000000000, -1.000000000000000000 ) ) ;
#1073 = EDGE_LOOP ( 'NONE', ( #61, #4592, #3488, #2264, #851, #340, #797, #2577, #3181, #3003 ) ) ;
#1074 = AXIS2_PLACEMENT_3D ( 'NONE', #1355, #3376, #4595 ) ;
#1075 = AXIS2_PLACEMENT_3D ( 'NONE', #2015, #809, #2041 ) ;
#1076 = CARTESIAN_POINT ( 'NONE',  ( -126.3196080030131441, 3.761449444998968161, -12.94779258935107080 ) ) ;
#1077 = EDGE_CURVE ( 'NONE', #2768, #2939, #1080, .T. ) ;
#1078 = EDGE_CURVE ( 'NONE', #3661, #4193, #254, .T. ) ;
#1079 = ORIENTED_EDGE ( 'NONE', *, *, #727, .T. ) ;
#1080 = LINE ( 'NONE', #3157, #1042 ) ;
#1081 = VECTOR ( 'NONE', #1340, 1000.000000000000114 ) ;
#1082 = ORIENTED_EDGE ( 'NONE', *, *, #2065, .T. ) ;
#1083 = ORIENTED_EDGE ( 'NONE', *, *, #2466, .F. ) ;
#1084 = AXIS2_PLACEMENT_3D ( 'NONE', #4521, #852, #421 ) ;
#1085 = LINE ( 'NONE', #339, #3798 ) ;
#1086 = EDGE_LOOP ( 'NONE', ( #612, #373, #4834, #1318 ) ) ;
#1087 = DIRECTION ( 'NONE',  ( 1.000000000000000000, -0.000000000000000000, -0.000000000000000000 ) ) ;
#1088 = CARTESIAN_POINT ( 'NONE',  ( -144.3196080030131725, 57.34269152771611289, -47.69604796487006837 ) ) ;
#1089 = ORIENTED_EDGE ( 'NONE', *, *, #2766, .F. ) ;
#1090 = CARTESIAN_POINT ( 'NONE',  ( -138.8204891303103068, 67.29968512712638073, -30.90533368122265756 ) ) ;
#1091 = LINE ( 'NONE', #264, #4339 ) ;
#1092 = CARTESIAN_POINT ( 'NONE',  ( -120.3196080030131583, 65.83968306384814184, -14.44779258935107258 ) ) ;
#1093 = VERTEX_POINT ( 'NONE', #1487 ) ;
#1094 = VECTOR ( 'NONE', #2528, 1000.000000000000114 ) ;
#1095 = DIRECTION ( 'NONE',  ( 0.000000000000000000, 1.000000000000000000, 0.000000000000000000 ) ) ;
#1096 = FACE_BOUND ( 'NONE', #2072, .T. ) ;
#1097 = FACE_OUTER_BOUND ( 'NONE', #2993, .T. ) ;
#1098 = DIRECTION ( 'NONE',  ( 0.000000000000000000, 0.000000000000000000, 1.000000000000000000 ) ) ;
#1099 = LINE ( 'NONE', #4776, #5263 ) ;
#1100 = EDGE_CURVE ( 'NONE', #3093, #3553, #706, .T. ) ;
#1101 = ORIENTED_EDGE ( 'NONE', *, *, #4724, .T. ) ;
#1102 = LINE ( 'NONE', #1460, #4245 ) ;
#1103 = ORIENTED_EDGE ( 'NONE', *, *, #5090, .T. ) ;
#1104 = DIRECTION ( 'NONE',  ( 0.000000000000000000, 0.000000000000000000, -1.000000000000000000 ) ) ;
#1105 = ORIENTED_EDGE ( 'NONE', *, *, #906, .F. ) ;
#1106 = ORIENTED_EDGE ( 'NONE', *, *, #3779, .F. ) ;
#1107 = CYLINDRICAL_SURFACE ( 'NONE', #3489, 3.000000000000002665 ) ;
#1108 = ORIENTED_EDGE ( 'NONE', *, *, #2138, .F. ) ;
#1109 = CARTESIAN_POINT ( 'NONE',  ( -134.8196080030131441, 12.25844098113098646, -38.29604796487006979 ) ) ;
#1110 = CARTESIAN_POINT ( 'NONE',  ( -130.8196080030131441, 40.96466570714435562, -38.60162245699346073 ) ) ;
#1111 = ORIENTED_EDGE ( 'NONE', *, *, #5057, .F. ) ;
#1112 = CARTESIAN_POINT ( 'NONE',  ( -120.3196080030131583, 42.12507758871971220, -49.39999999999999858 ) ) ;
#1113 = DIRECTION ( 'NONE',  ( 0.000000000000000000, 0.000000000000000000, 1.000000000000000000 ) ) ;
#1114 = DIRECTION ( 'NONE',  ( 0.000000000000000000, 0.4822079065376339568, 0.8760568102997615680 ) ) ;
#1115 = ORIENTED_EDGE ( 'NONE', *, *, #3430, .T. ) ;
#1116 = ADVANCED_FACE ( 'NONE', ( #1943 ), #2445, .F. ) ;
#1117 = DIRECTION ( 'NONE',  ( 0.000000000000000000, 0.4683473276899516868, -0.8835444418056632720 ) ) ;
#1118 = VECTOR ( 'NONE', #4035, 1000.000000000000000 ) ;
#1119 = ADVANCED_FACE ( 'NONE', ( #4162 ), #3261, .F. ) ;
#1120 = DIRECTION ( 'NONE',  ( 0.000000000000000000, -0.9995595627334283861, -0.02967626236838652801 ) ) ;
#1121 = CARTESIAN_POINT ( 'NONE',  ( -139.8196080030131441, 66.30056625442354346, -31.24505651822823893 ) ) ;
#1122 = LINE ( 'NONE', #2761, #1385 ) ;
#1123 = EDGE_CURVE ( 'NONE', #1866, #740, #2494, .T. ) ;
#1124 = EDGE_CURVE ( 'NONE', #515, #629, #193, .T. ) ;
#1125 = CARTESIAN_POINT ( 'NONE',  ( -134.2404910370269420, 44.64017812525117535, -49.56318910297979130 ) ) ;
#1126 = VECTOR ( 'NONE', #1557, 1000.000000000000000 ) ;
#1127 = ORIENTED_EDGE ( 'NONE', *, *, #1338, .T. ) ;
#1128 = DIRECTION ( 'NONE',  ( 0.000000000000000000, 0.000000000000000000, 1.000000000000000000 ) ) ;
#1129 = AXIS2_PLACEMENT_3D ( 'NONE', #3673, #4070, #4769 ) ;
#1130 = ORIENTED_EDGE ( 'NONE', *, *, #1979, .F. ) ;
#1131 = CYLINDRICAL_SURFACE ( 'NONE', #4975, 9.399999999999998579 ) ;
#1132 = ORIENTED_EDGE ( 'NONE', *, *, #2519, .T. ) ;
#1133 = ORIENTED_EDGE ( 'NONE', *, *, #941, .T. ) ;
#1134 = MANIFOLD_SOLID_BREP ( 'Boss-Extrude6', #4157 ) ;
#1135 = CARTESIAN_POINT ( 'NONE',  ( -120.3196080030131583, 1.363516409674022847E-14, -44.29604796487009111 ) ) ;
#1136 = ORIENTED_EDGE ( 'NONE', *, *, #129, .F. ) ;
#1137 = DIRECTION ( 'NONE',  ( 0.000000000000000000, 0.000000000000000000, 1.000000000000000000 ) ) ;
#1138 = DIRECTION ( 'NONE',  ( -1.000000000000000000, 0.000000000000000000, 0.000000000000000000 ) ) ;
#1139 = ORIENTED_EDGE ( 'NONE', *, *, #906, .T. ) ;
#1140 = CIRCLE ( 'NONE', #631, 3.000000000000002665 ) ;
#1141 = AXIS2_PLACEMENT_3D ( 'NONE', #4743, #4693, #3090 ) ;
#1142 = CARTESIAN_POINT ( 'NONE',  ( -138.4334982778900951, 58.83698752981773339, -50.99999999999999289 ) ) ;
#1143 = CARTESIAN_POINT ( 'NONE',  ( -134.8196080030131441, 0.000000000000000000, 0.000000000000000000 ) ) ;
#1144 = DIRECTION ( 'NONE',  ( 0.000000000000000000, -1.826024711554533618E-15, -1.000000000000000000 ) ) ;
#1145 = EDGE_CURVE ( 'NONE', #3461, #1280, #492, .T. ) ;
#1146 = VERTEX_POINT ( 'NONE', #1719 ) ;
#1147 = EDGE_CURVE ( 'NONE', #282, #4935, #4861, .T. ) ;
#1148 = LINE ( 'NONE', #695, #148 ) ;
#1149 = CARTESIAN_POINT ( 'NONE',  ( -120.3196080030131583, 0.000000000000000000, 0.000000000000000000 ) ) ;
#1150 = LINE ( 'NONE', #722, #2771 ) ;
#1151 = VECTOR ( 'NONE', #4827, 1000.000000000000114 ) ;
#1152 = CARTESIAN_POINT ( 'NONE',  ( -132.7826965941075912, 26.04542630948686366, -50.53691140890556710 ) ) ;
#1153 = ADVANCED_FACE ( 'NONE', ( #4132 ), #1213, .T. ) ;
#1154 = CARTESIAN_POINT ( 'NONE',  ( -135.9739233781348844, 45.07342194867897689, -47.34568462487825258 ) ) ;
#1155 = ORIENTED_EDGE ( 'NONE', *, *, #4920, .F. ) ;
#1156 = ADVANCED_FACE ( 'NONE', ( #2419 ), #383, .F. ) ;
#1157 = CARTESIAN_POINT ( 'NONE',  ( -138.4653891076075638, 56.04263958266071199, -51.00000000000000711 ) ) ;
#1158 = VECTOR ( 'NONE', #3007, 1000.000000000000000 ) ;
#1159 = EDGE_LOOP ( 'NONE', ( #4081, #637, #664, #4807 ) ) ;
#1160 = CARTESIAN_POINT ( 'NONE',  ( -126.3196080030131441, 27.47605492012738893, -50.89999999999999858 ) ) ;
#1161 = ORIENTED_EDGE ( 'NONE', *, *, #727, .F. ) ;
#1162 = EDGE_LOOP ( 'NONE', ( #4643, #5218, #1161, #4895, #3183, #1867, #2109, #1624, #470 ) ) ;
#1163 = VECTOR ( 'NONE', #3493, 1000.000000000000000 ) ;
#1164 = AXIS2_PLACEMENT_3D ( 'NONE', #3327, #2432, #870 ) ;
#1165 = VECTOR ( 'NONE', #249, 1000.000000000000000 ) ;
#1166 = DIRECTION ( 'NONE',  ( 0.000000000000000000, -9.505334114941408764E-16, -1.000000000000000000 ) ) ;
#1167 = ORIENTED_EDGE ( 'NONE', *, *, #3172, .F. ) ;
#1168 = FACE_OUTER_BOUND ( 'NONE', #4173, .T. ) ;
#1169 = CARTESIAN_POINT ( 'NONE',  ( -138.3196080030131441, 10.01799399690713344, -51.00000000000000000 ) ) ;
#1170 = EDGE_LOOP ( 'NONE', ( #4802, #4883, #1464, #3805 ) ) ;
#1171 = VECTOR ( 'NONE', #218, 1000.000000000000000 ) ;
#1172 = DIRECTION ( 'NONE',  ( 1.000000000000000000, -0.000000000000000000, -0.000000000000000000 ) ) ;
#1173 = CARTESIAN_POINT ( 'NONE',  ( -130.8196080030131441, 58.50020612030997569, -24.56687932326734369 ) ) ;
#1174 = CARTESIAN_POINT ( 'NONE',  ( -120.3196080030131583, 40.92229637155631394, -14.45440985207132201 ) ) ;
#1175 = VERTEX_POINT ( 'NONE', #3662 ) ;
#1176 = CIRCLE ( 'NONE', #1691, 1.499999999999999556 ) ;
#1177 = AXIS2_PLACEMENT_3D ( 'NONE', #314, #2342, #3537 ) ;
#1178 = EDGE_CURVE ( 'NONE', #3943, #580, #4533, .T. ) ;
#1179 = FACE_OUTER_BOUND ( 'NONE', #1217, .T. ) ;
#1180 = DIRECTION ( 'NONE',  ( 0.000000000000000000, -0.5082561830145971848, 0.8612059291641182002 ) ) ;
#1181 = LINE ( 'NONE', #4449, #3707 ) ;
#1182 = DIRECTION ( 'NONE',  ( 0.000000000000000000, -1.000000000000000000, 0.000000000000000000 ) ) ;
#1183 = PLANE ( 'NONE',  #4151 ) ;
#1184 = ORIENTED_EDGE ( 'NONE', *, *, #4485, .T. ) ;
#1185 = DIRECTION ( 'NONE',  ( 0.000000000000000000, 0.000000000000000000, 1.000000000000000000 ) ) ;
#1186 = AXIS2_PLACEMENT_3D ( 'NONE', #4263, #3837, #1418 ) ;
#1187 = VERTEX_POINT ( 'NONE', #5288 ) ;
#1188 = ORIENTED_EDGE ( 'NONE', *, *, #3726, .T. ) ;
#1189 = EDGE_CURVE ( 'NONE', #2441, #580, #1619, .T. ) ;
#1190 = EDGE_CURVE ( 'NONE', #2764, #2172, #1236, .T. ) ;
#1191 = CARTESIAN_POINT ( 'NONE',  ( -138.3196080030131441, 0.000000000000000000, -51.00000000000000000 ) ) ;
#1192 = EDGE_CURVE ( 'NONE', #3610, #3600, #2876, .T. ) ;
#1193 = EDGE_CURVE ( 'NONE', #1203, #4602, #3868, .T. ) ;
#1194 = ORIENTED_EDGE ( 'NONE', *, *, #4323, .F. ) ;
#1195 = CARTESIAN_POINT ( 'NONE',  ( -139.8196080030131441, 57.34269152771611289, -38.29604796487006979 ) ) ;
#1196 = DIRECTION ( 'NONE',  ( 1.000000000000000000, -0.000000000000000000, -0.000000000000000000 ) ) ;
#1197 = EDGE_CURVE ( 'NONE', #4602, #4647, #3446, .T. ) ;
#1198 = EDGE_CURVE ( 'NONE', #135, #4752, #2384, .T. ) ;
#1199 = ORIENTED_EDGE ( 'NONE', *, *, #606, .F. ) ;
#1200 = DIRECTION ( 'NONE',  ( -1.000000000000000000, -0.000000000000000000, -0.000000000000000000 ) ) ;
#1201 = CARTESIAN_POINT ( 'NONE',  ( -131.0696080030131441, 6.656832397142902202, -36.14616860272180077 ) ) ;
#1202 = CARTESIAN_POINT ( 'NONE',  ( -139.8196080030131441, 57.34269152771611289, -38.29604796487006979 ) ) ;
#1203 = VERTEX_POINT ( 'NONE', #4639 ) ;
#1204 = DIRECTION ( 'NONE',  ( 0.000000000000000000, 0.3276177830726028084, -0.9448103451034990385 ) ) ;
#1205 = CARTESIAN_POINT ( 'NONE',  ( -139.2128702026372196, 2.693828454047619836, -44.57621430856639932 ) ) ;
#1206 = CARTESIAN_POINT ( 'NONE',  ( -131.3196080030131441, -8.465984072932203119, -26.88490586776090652 ) ) ;
#1207 = DIRECTION ( 'NONE',  ( 0.000000000000000000, 0.000000000000000000, 1.000000000000000000 ) ) ;
#1208 = CARTESIAN_POINT ( 'NONE',  ( -131.3196080030131441, 1.363516409674022847E-14, -44.29604796487009111 ) ) ;
#1209 = ORIENTED_EDGE ( 'NONE', *, *, #3199, .T. ) ;
#1210 = DIRECTION ( 'NONE',  ( 0.000000000000000000, 0.000000000000000000, 1.000000000000000000 ) ) ;
#1211 = EDGE_CURVE ( 'NONE', #261, #818, #4613, .T. ) ;
#1212 = ORIENTED_EDGE ( 'NONE', *, *, #2270, .T. ) ;
#1213 = PLANE ( 'NONE',  #3326 ) ;
#1214 = EDGE_LOOP ( 'NONE', ( #1559, #4580, #3752, #3401 ) ) ;
#1215 = EDGE_CURVE ( 'NONE', #1469, #2640, #169, .T. ) ;
#1216 = CARTESIAN_POINT ( 'NONE',  ( -130.8196080030131441, -8.465984072932203119, -26.88490586776090652 ) ) ;
#1217 = EDGE_LOOP ( 'NONE', ( #2910, #2473, #1527, #405, #5153 ) ) ;
#1218 = CARTESIAN_POINT ( 'NONE',  ( -122.3196080030131583, 28.67883613729080139, -14.45440985207132201 ) ) ;
#1219 = ORIENTED_EDGE ( 'NONE', *, *, #2030, .F. ) ;
#1220 = AXIS2_PLACEMENT_3D ( 'NONE', #588, #2589, #1384 ) ;
#1221 = CARTESIAN_POINT ( 'NONE',  ( -120.3196080030131583, 3.761449444998968161, -12.94779258935107080 ) ) ;
#1222 = ADVANCED_FACE ( 'NONE', ( #3473, #3008 ), #2605, .T. ) ;
#1223 = ADVANCED_FACE ( 'NONE', ( #2207 ), #2631, .T. ) ;
#1224 = ORIENTED_EDGE ( 'NONE', *, *, #2727, .T. ) ;
#1225 = CARTESIAN_POINT ( 'NONE',  ( -134.8196080030131441, 9.299951885966502019, -35.14604796487009253 ) ) ;
#1226 = AXIS2_PLACEMENT_3D ( 'NONE', #2399, #2500, #1996 ) ;
#1227 = VERTEX_POINT ( 'NONE', #3817 ) ;
#1228 = DIRECTION ( 'NONE',  ( 0.000000000000000000, -0.3583132270247113560, -0.9336014306646801542 ) ) ;
#1229 = CYLINDRICAL_SURFACE ( 'NONE', #2125, 3.000000000000000888 ) ;
#1230 = CARTESIAN_POINT ( 'NONE',  ( -120.3196080030131583, 34.80056625442355767, -13.43563121309681385 ) ) ;
#1231 = CARTESIAN_POINT ( 'NONE',  ( -134.3196080030131441, 0.000000000000000000, -41.44604796487007548 ) ) ;
#1232 = VECTOR ( 'NONE', #1087, 1000.000000000000000 ) ;
#1233 = CARTESIAN_POINT ( 'NONE',  ( -138.3196080030131441, 65.83968306384814184, -12.94779258935107080 ) ) ;
#1234 = LINE ( 'NONE', #3235, #2363 ) ;
#1235 = ORIENTED_EDGE ( 'NONE', *, *, #447, .F. ) ;
#1236 = LINE ( 'NONE', #2851, #5118 ) ;
#1237 = ORIENTED_EDGE ( 'NONE', *, *, #90, .F. ) ;
#1238 = ADVANCED_FACE ( 'NONE', ( #2659 ), #1746, .F. ) ;
#1239 = PLANE ( 'NONE',  #2334 ) ;
#1240 = ORIENTED_EDGE ( 'NONE', *, *, #2143, .T. ) ;
#1241 = DIRECTION ( 'NONE',  ( 1.000000000000000000, -0.000000000000000000, 0.000000000000000000 ) ) ;
#1242 = ORIENTED_EDGE ( 'NONE', *, *, #5226, .T. ) ;
#1243 = AXIS2_PLACEMENT_3D ( 'NONE', #5047, #917, #3040 ) ;
#1244 = ORIENTED_EDGE ( 'NONE', *, *, #1601, .T. ) ;
#1245 = VECTOR ( 'NONE', #5079, 1000.000000000000000 ) ;
#1246 = AXIS2_PLACEMENT_3D ( 'NONE', #5002, #2036, #1329 ) ;
#1247 = EDGE_CURVE ( 'NONE', #1009, #1861, #2115, .T. ) ;
#1248 = VECTOR ( 'NONE', #2574, 1000.000000000000000 ) ;
#1249 = LINE ( 'NONE', #3671, #4498 ) ;
#1250 = ORIENTED_EDGE ( 'NONE', *, *, #1290, .F. ) ;
#1251 = PLANE ( 'NONE',  #4231 ) ;
#1252 = VECTOR ( 'NONE', #348, 1000.000000000000000 ) ;
#1253 = EDGE_LOOP ( 'NONE', ( #4670, #2888, #2719, #4951 ) ) ;
#1254 = ADVANCED_FACE ( 'NONE', ( #4988 ), #142, .F. ) ;
#1255 = DIRECTION ( 'NONE',  ( -1.000000000000000000, 0.000000000000000000, 0.000000000000000000 ) ) ;
#1256 = VECTOR ( 'NONE', #4390, 999.9999999999998863 ) ;
#1257 = CARTESIAN_POINT ( 'NONE',  ( -134.8196080030131441, 17.02136304576615089, -38.25051329443610371 ) ) ;
#1258 = CARTESIAN_POINT ( 'NONE',  ( -122.3196080030131583, 65.53092729468210109, -15.75906465691169167 ) ) ;
#1259 = AXIS2_PLACEMENT_3D ( 'NONE', #920, #1272, #1643 ) ;
#1260 = FACE_BOUND ( 'NONE', #1412, .T. ) ;
#1261 = VERTEX_POINT ( 'NONE', #2954 ) ;
#1262 = EDGE_CURVE ( 'NONE', #1711, #856, #1176, .T. ) ;
#1263 = CARTESIAN_POINT ( 'NONE',  ( -139.8196080030131441, 12.25844098113098646, -38.29604796487006979 ) ) ;
#1264 = CARTESIAN_POINT ( 'NONE',  ( -131.3196080030131441, 12.31571228318268929, -39.11025139846663734 ) ) ;
#1265 = ORIENTED_EDGE ( 'NONE', *, *, #3594, .F. ) ;
#1266 = FILL_AREA_STYLE_COLOUR ( '', #2409 ) ;
#1267 = EDGE_LOOP ( 'NONE', ( #4114, #5215, #2040, #28, #5063 ) ) ;
#1268 = AXIS2_PLACEMENT_3D ( 'NONE', #238, #3888, #186 ) ;
#1269 = CARTESIAN_POINT ( 'NONE',  ( -120.3196080030131583, 34.80056625442356477, -13.43563121309680497 ) ) ;
#1270 = CARTESIAN_POINT ( 'NONE',  ( -138.3196080030131441, 12.25844098113098646, -38.29604796487006979 ) ) ;
#1271 = VERTEX_POINT ( 'NONE', #3070 ) ;
#1272 = DIRECTION ( 'NONE',  ( -1.000000000000000000, 0.000000000000000000, 0.000000000000000000 ) ) ;
#1273 = DIRECTION ( 'NONE',  ( 0.000000000000000000, 0.000000000000000000, -1.000000000000000000 ) ) ;
#1274 = ORIENTED_EDGE ( 'NONE', *, *, #4005, .F. ) ;
#1275 = ORIENTED_EDGE ( 'NONE', *, *, #5086, .T. ) ;
#1276 = AXIS2_PLACEMENT_3D ( 'NONE', #2648, #3052, #5140 ) ;
#1277 = FACE_OUTER_BOUND ( 'NONE', #1571, .T. ) ;
#1278 = ORIENTED_EDGE ( 'NONE', *, *, #3264, .T. ) ;
#1279 = DIRECTION ( 'NONE',  ( 1.000000000000000000, -0.000000000000000000, -0.000000000000000000 ) ) ;
#1280 = VERTEX_POINT ( 'NONE', #3393 ) ;
#1281 = CARTESIAN_POINT ( 'NONE',  ( -144.3196080030131725, 57.34269152771611289, -38.29604796487006979 ) ) ;
#1282 = DIRECTION ( 'NONE',  ( -1.000000000000000000, 0.000000000000000000, 0.000000000000000000 ) ) ;
#1283 = DIRECTION ( 'NONE',  ( 0.000000000000000000, 0.000000000000000000, -1.000000000000000000 ) ) ;
#1284 = LINE ( 'NONE', #2920, #2521 ) ;
#1285 = ORIENTED_EDGE ( 'NONE', *, *, #1909, .F. ) ;
#1286 = EDGE_CURVE ( 'NONE', #122, #923, #4270, .T. ) ;
#1287 = EDGE_CURVE ( 'NONE', #3054, #2505, #3422, .T. ) ;
#1288 = DIRECTION ( 'NONE',  ( 0.000000000000000000, 0.000000000000000000, -1.000000000000000000 ) ) ;
#1289 = CARTESIAN_POINT ( 'NONE',  ( -134.8196080030131441, 57.34269152771611289, -35.14604796487007121 ) ) ;
#1290 = EDGE_CURVE ( 'NONE', #2441, #3328, #1343, .T. ) ;
#1291 = ORIENTED_EDGE ( 'NONE', *, *, #1601, .F. ) ;
#1292 = ADVANCED_BREP_SHAPE_REPRESENTATION ( 'enclosure_top_cover', ( #1134, #3582 ), #4343 ) ;
#1293 = ORIENTED_EDGE ( 'NONE', *, *, #1579, .T. ) ;
#1294 = LINE ( 'NONE', #2154, #2529 ) ;
#1295 = LINE ( 'NONE', #1595, #1831 ) ;
#1296 = VECTOR ( 'NONE', #4704, 1000.000000000000000 ) ;
#1297 = ORIENTED_EDGE ( 'NONE', *, *, #2289, .T. ) ;
#1298 = SURFACE_SIDE_STYLE ('',( #3667 ) ) ;
#1299 = DIRECTION ( 'NONE',  ( -1.000000000000000000, 0.000000000000000000, 0.000000000000000000 ) ) ;
#1300 = VERTEX_POINT ( 'NONE', #4188 ) ;
#1301 = VERTEX_POINT ( 'NONE', #519 ) ;
#1302 = DIRECTION ( 'NONE',  ( -0.7071067811865474617, 0.000000000000000000, -0.7071067811865474617 ) ) ;
#1303 = ORIENTED_EDGE ( 'NONE', *, *, #4304, .T. ) ;
#1304 = DIRECTION ( 'NONE',  ( 0.000000000000000000, -0.9011589228679853791, 0.4334888646037086124 ) ) ;
#1305 = CIRCLE ( 'NONE', #1732, 3.000000000000000888 ) ;
#1306 = ORIENTED_EDGE ( 'NONE', *, *, #1994, .F. ) ;
#1307 = EDGE_CURVE ( 'NONE', #5292, #2272, #3790, .T. ) ;
#1308 = DIRECTION ( 'NONE',  ( 0.000000000000000000, 0.000000000000000000, -1.000000000000000000 ) ) ;
#1309 = CARTESIAN_POINT ( 'NONE',  ( -122.3196080030131583, 40.92229637155631394, -14.45440985207132201 ) ) ;
#1310 = CARTESIAN_POINT ( 'NONE',  ( -138.3196080030131441, 12.25844098113098646, -35.14604796487007121 ) ) ;
#1311 = DIRECTION ( 'NONE',  ( 0.000000000000000000, -0.000000000000000000, 1.000000000000000000 ) ) ;
#1312 = ORIENTED_EDGE ( 'NONE', *, *, #1524, .T. ) ;
#1313 = EDGE_CURVE ( 'NONE', #415, #629, #4908, .T. ) ;
#1314 = CARTESIAN_POINT ( 'NONE',  ( -137.1433600680016411, 24.74757522259629994, -46.17624793501144609 ) ) ;
#1315 = LINE ( 'NONE', #5014, #3742 ) ;
#1316 = DIRECTION ( 'NONE',  ( 0.000000000000000000, 0.000000000000000000, 1.000000000000000000 ) ) ;
#1317 = DIRECTION ( 'NONE',  ( 0.000000000000000000, 0.000000000000000000, 1.000000000000000000 ) ) ;
#1318 = ORIENTED_EDGE ( 'NONE', *, *, #2637, .F. ) ;
#1319 = PLANE ( 'NONE',  #3139 ) ;
#1320 = DIRECTION ( 'NONE',  ( -1.000000000000000000, -0.000000000000000000, -0.000000000000000000 ) ) ;
#1321 = ORIENTED_EDGE ( 'NONE', *, *, #3280, .F. ) ;
#1322 = DIRECTION ( 'NONE',  ( 1.000000000000000000, 0.000000000000000000, 0.000000000000000000 ) ) ;
#1323 = DIRECTION ( 'NONE',  ( 0.000000000000000000, 0.000000000000000000, -1.000000000000000000 ) ) ;
#1324 = AXIS2_PLACEMENT_3D ( 'NONE', #807, #3305, #3681 ) ;
#1325 = VERTEX_POINT ( 'NONE', #2308 ) ;
#1326 = DIRECTION ( 'NONE',  ( -1.000000000000000000, -0.000000000000000000, -0.000000000000000000 ) ) ;
#1327 = ORIENTED_EDGE ( 'NONE', *, *, #2567, .T. ) ;
#1328 = CARTESIAN_POINT ( 'NONE',  ( -138.3196080030131441, 0.000000000000000000, -2.000000000000001776 ) ) ;
#1329 = DIRECTION ( 'NONE',  ( 0.000000000000000000, 0.000000000000000000, 1.000000000000000000 ) ) ;
#1330 = EDGE_LOOP ( 'NONE', ( #1089, #2183, #2245 ) ) ;
#1331 = VECTOR ( 'NONE', #393, 1000.000000000000000 ) ;
#1332 = CIRCLE ( 'NONE', #2019, 2.999999999999999112 ) ;
#1333 = CARTESIAN_POINT ( 'NONE',  ( -135.4546173572491625, 24.49096599800521901, -48.24149695922425707 ) ) ;
#1334 = DIRECTION ( 'NONE',  ( 0.000000000000000000, -0.4683473276899508542, -0.8835444418056637161 ) ) ;
#1335 = DIRECTION ( 'NONE',  ( 0.000000000000000000, 0.000000000000000000, 1.000000000000000000 ) ) ;
#1336 = CARTESIAN_POINT ( 'NONE',  ( -120.3196080030131583, 15.55742194466765582, -29.34931593574985698 ) ) ;
#1337 = ORIENTED_EDGE ( 'NONE', *, *, #4441, .F. ) ;
#1338 = EDGE_CURVE ( 'NONE', #713, #2145, #2331, .T. ) ;
#1339 = AXIS2_PLACEMENT_3D ( 'NONE', #4316, #3443, #1069 ) ;
#1340 = DIRECTION ( 'NONE',  ( 0.000000000000000000, -0.9995595627334283861, 0.02967626236838654882 ) ) ;
#1341 = FACE_BOUND ( 'NONE', #2263, .T. ) ;
#1342 = FACE_OUTER_BOUND ( 'NONE', #1267, .T. ) ;
#1343 = LINE ( 'NONE', #2550, #4687 ) ;
#1344 = ORIENTED_EDGE ( 'NONE', *, *, #212, .F. ) ;
#1345 = PRODUCT_DEFINITION_FORMATION_WITH_SPECIFIED_SOURCE ( 'Symmetric', '', #1647, .NOT_KNOWN. ) ;
#1346 = DIRECTION ( 'NONE',  ( 0.000000000000000000, 0.000000000000000000, 1.000000000000000000 ) ) ;
#1347 = CARTESIAN_POINT ( 'NONE',  ( -120.3196080030131583, 29.28326388359304033, -16.53547598596063040 ) ) ;
#1348 = ORIENTED_EDGE ( 'NONE', *, *, #4921, .F. ) ;
#1349 = EDGE_CURVE ( 'NONE', #2454, #3133, #4030, .T. ) ;
#1350 = CARTESIAN_POINT ( 'NONE',  ( -136.3196080030131441, 69.80056625442354346, 0.000000000000000000 ) ) ;
#1351 = VERTEX_POINT ( 'NONE', #2281 ) ;
#1352 = ORIENTED_EDGE ( 'NONE', *, *, #3846, .F. ) ;
#1353 = CIRCLE ( 'NONE', #2039, 12.89999999999998082 ) ;
#1354 = ADVANCED_FACE ( 'NONE', ( #1906 ), #5233, .F. ) ;
#1355 = CARTESIAN_POINT ( 'NONE',  ( -126.3196080030131441, 3.761449444998968161, -12.94779258935107080 ) ) ;
#1356 = ORIENTED_EDGE ( 'NONE', *, *, #4796, .T. ) ;
#1357 = CARTESIAN_POINT ( 'NONE',  ( -120.3196080030131583, -0.1994337455764462197, -48.99999999999999289 ) ) ;
#1358 = ADVANCED_FACE ( 'NONE', ( #3178 ), #4345, .F. ) ;
#1359 = ADVANCED_FACE ( 'NONE', ( #301 ), #5208, .F. ) ;
#1360 = CARTESIAN_POINT ( 'NONE',  ( -139.8196080030131441, 57.34269152771611289, -38.29604796487006979 ) ) ;
#1361 = VERTEX_POINT ( 'NONE', #3204 ) ;
#1362 = CARTESIAN_POINT ( 'NONE',  ( -132.7826965941075912, 26.04542630948686366, -50.53691140890556710 ) ) ;
#1363 = CARTESIAN_POINT ( 'NONE',  ( -120.3196080030131583, 20.69762783437838394, -19.93547284888469306 ) ) ;
#1364 = LINE ( 'NONE', #3702, #4382 ) ;
#1365 = DIRECTION ( 'NONE',  ( 0.000000000000000000, 0.000000000000000000, 1.000000000000000000 ) ) ;
#1366 = ORIENTED_EDGE ( 'NONE', *, *, #1586, .F. ) ;
#1367 = DIRECTION ( 'NONE',  ( 0.000000000000000000, 1.178229476649152686E-15, -1.000000000000000000 ) ) ;
#1368 = PLANE ( 'NONE',  #4142 ) ;
#1369 = CARTESIAN_POINT ( 'NONE',  ( -120.3196080030131583, 34.80056625442355767, -14.63615997070125552 ) ) ;
#1370 = DIRECTION ( 'NONE',  ( 1.000000000000000000, -0.000000000000000000, -0.000000000000000000 ) ) ;
#1371 = ORIENTED_EDGE ( 'NONE', *, *, #3084, .F. ) ;
#1372 = EDGE_CURVE ( 'NONE', #3054, #3210, #3504, .T. ) ;
#1373 = CARTESIAN_POINT ( 'NONE',  ( -126.3196080030131441, 39.45352726980763691, -10.29540235893742306 ) ) ;
#1374 = DIRECTION ( 'NONE',  ( 1.000000000000000000, -0.000000000000000000, -0.000000000000000000 ) ) ;
#1375 = VERTEX_POINT ( 'NONE', #3151 ) ;
#1376 = CARTESIAN_POINT ( 'NONE',  ( -131.0696080030131441, 14.80297241802944264, -25.73264359549888525 ) ) ;
#1377 = ORIENTED_EDGE ( 'NONE', *, *, #1190, .T. ) ;
#1378 = ORIENTED_EDGE ( 'NONE', *, *, #735, .T. ) ;
#1379 = EDGE_CURVE ( 'NONE', #3156, #4752, #953, .T. ) ;
#1380 = DIRECTION ( 'NONE',  ( 0.000000000000000000, 0.000000000000000000, -1.000000000000000000 ) ) ;
#1381 = ORIENTED_EDGE ( 'NONE', *, *, #2004, .F. ) ;
#1382 = LINE ( 'NONE', #2996, #461 ) ;
#1383 = EDGE_CURVE ( 'NONE', #2764, #3832, #5129, .T. ) ;
#1384 = DIRECTION ( 'NONE',  ( 0.000000000000000000, 0.000000000000000000, 1.000000000000000000 ) ) ;
#1385 = VECTOR ( 'NONE', #3501, 1000.000000000000000 ) ;
#1386 = EDGE_LOOP ( 'NONE', ( #3748, #4464, #3516, #1538, #2665, #2359 ) ) ;
#1387 = EDGE_CURVE ( 'NONE', #3212, #2948, #1099, .T. ) ;
#1388 = CARTESIAN_POINT ( 'NONE',  ( -133.9481819181902154, 25.13846478295030096, -49.80289183990690560 ) ) ;
#1389 = AXIS2_PLACEMENT_3D ( 'NONE', #2084, #854, #2895 ) ;
#1390 = DIRECTION ( 'NONE',  ( 0.000000000000000000, 1.000000000000000000, -0.000000000000000000 ) ) ;
#1391 = DIRECTION ( 'NONE',  ( 1.000000000000000000, 0.000000000000000000, 0.000000000000000000 ) ) ;
#1392 = CARTESIAN_POINT ( 'NONE',  ( -138.3196080030131441, 48.90350467446872074, -12.63547284888469413 ) ) ;
#1393 = EDGE_LOOP ( 'NONE', ( #2426, #3324, #2581, #5109, #605, #1660 ) ) ;
#1394 = CARTESIAN_POINT ( 'NONE',  ( -130.3196080030131441, 40.96466570714435562, -15.88149908682619937 ) ) ;
#1395 = CARTESIAN_POINT ( 'NONE',  ( -131.0696080030131441, 28.63646680170275971, -22.04966218791255983 ) ) ;
#1396 = CARTESIAN_POINT ( 'NONE',  ( -131.3196080030131441, 12.83343774122669423, -20.05274209494164595 ) ) ;
#1397 = DIRECTION ( 'NONE',  ( 0.000000000000000000, 0.000000000000000000, -1.000000000000000000 ) ) ;
#1398 = AXIS2_PLACEMENT_3D ( 'NONE', #3932, #3104, #5137 ) ;
#1399 = VERTEX_POINT ( 'NONE', #1480 ) ;
#1400 = ADVANCED_FACE ( 'NONE', ( #1456 ), #2737, .T. ) ;
#1401 = VECTOR ( 'NONE', #5280, 1000.000000000000114 ) ;
#1402 = DIRECTION ( 'NONE',  ( -1.000000000000000000, 0.000000000000000000, -0.000000000000000000 ) ) ;
#1403 = DIRECTION ( 'NONE',  ( -1.000000000000000000, 0.000000000000000000, -0.000000000000000000 ) ) ;
#1404 = VERTEX_POINT ( 'NONE', #3923 ) ;
#1405 = LINE ( 'NONE', #3478, #617 ) ;
#1406 = AXIS2_PLACEMENT_3D ( 'NONE', #474, #898, #4894 ) ;
#1407 = ORIENTED_EDGE ( 'NONE', *, *, #4005, .T. ) ;
#1408 = ORIENTED_EDGE ( 'NONE', *, *, #4010, .F. ) ;
#1409 = ADVANCED_FACE ( 'NONE', ( #273 ), #4319, .T. ) ;
#1410 = CARTESIAN_POINT ( 'NONE',  ( -135.2477327941425358, 21.97422034728739959, -51.00000000000000711 ) ) ;
#1411 = VECTOR ( 'NONE', #78, 1000.000000000000000 ) ;
#1412 = EDGE_LOOP ( 'NONE', ( #780, #1407, #4539, #3423, #3195, #2901, #2291, #3130, #3797, #507, #3879, #4283 ) ) ;
#1413 = LINE ( 'NONE', #981, #2602 ) ;
#1414 = CARTESIAN_POINT ( 'NONE',  ( -126.3196080030131441, 42.12507758871971220, -49.39999999999999858 ) ) ;
#1415 = ORIENTED_EDGE ( 'NONE', *, *, #3846, .T. ) ;
#1416 = EDGE_CURVE ( 'NONE', #818, #100, #855, .T. ) ;
#1417 = CARTESIAN_POINT ( 'NONE',  ( -134.3196080030131441, 55.04586789439594696, -42.46882895569886074 ) ) ;
#1418 = DIRECTION ( 'NONE',  ( 0.000000000000000000, 0.000000000000000000, 1.000000000000000000 ) ) ;
#1419 = PLANE ( 'NONE',  #623 ) ;
#1420 = EDGE_LOOP ( 'NONE', ( #2563, #4862 ) ) ;
#1421 = AXIS2_PLACEMENT_3D ( 'NONE', #2622, #3085, #4657 ) ;
#1422 = EDGE_CURVE ( 'NONE', #3672, #1521, #469, .T. ) ;
#1423 = AXIS2_PLACEMENT_3D ( 'NONE', #2076, #13, #1678 ) ;
#1424 = VECTOR ( 'NONE', #1370, 1000.000000000000000 ) ;
#1425 = CARTESIAN_POINT ( 'NONE',  ( -138.3196080030131441, 26.70794034534065631, -44.99999999999996447 ) ) ;
#1426 = DIRECTION ( 'NONE',  ( -0.7071067811865475727, 0.7071067811865475727, 0.000000000000000000 ) ) ;
#1427 = VECTOR ( 'NONE', #3765, 1000.000000000000000 ) ;
#1428 = DIRECTION ( 'NONE',  ( -1.000000000000000000, 0.000000000000000000, 0.000000000000000000 ) ) ;
#1429 = EDGE_CURVE ( 'NONE', #5030, #3097, #1583, .T. ) ;
#1430 = ADVANCED_FACE ( 'NONE', ( #4855 ), #1842, .T. ) ;
#1431 = DIRECTION ( 'NONE',  ( -1.000000000000000000, -0.000000000000000000, -0.000000000000000000 ) ) ;
#1432 = CIRCLE ( 'NONE', #5019, 6.000000000000005329 ) ;
#1433 = VERTEX_POINT ( 'NONE', #3233 ) ;
#1434 = LINE ( 'NONE', #5102, #2616 ) ;
#1435 = AXIS2_PLACEMENT_3D ( 'NONE', #1655, #4152, #3277 ) ;
#1436 = ORIENTED_EDGE ( 'NONE', *, *, #4546, .T. ) ;
#1437 = DIRECTION ( 'NONE',  ( -1.000000000000000000, -0.000000000000000000, -0.000000000000000000 ) ) ;
#1439 = ORIENTED_EDGE ( 'NONE', *, *, #4466, .T. ) ;
#1438 = AXIS2_PLACEMENT_3D ( 'NONE', #1777, #5045, #5017 ) ;
#1440 = STYLED_ITEM ( 'NONE', ( #2100 ), #1292 ) ;
#1441 = ORIENTED_EDGE ( 'NONE', *, *, #641, .F. ) ;
#1442 = DIRECTION ( 'NONE',  ( 0.000000000000000000, -0.5175834996091416285, 0.8556327021171840075 ) ) ;
#1443 = VERTEX_POINT ( 'NONE', #2872 ) ;
#1444 = CARTESIAN_POINT ( 'NONE',  ( -131.3196080030131441, 28.63646680170275616, -15.88149908682619582 ) ) ;
#1445 = CARTESIAN_POINT ( 'NONE',  ( -120.3196080030131583, 3.761449444998968161, -12.94779258935107080 ) ) ;
#1446 = VERTEX_POINT ( 'NONE', #4927 ) ;
#1447 = CARTESIAN_POINT ( 'NONE',  ( -138.3196080030131441, 65.83968306384814184, -15.94779258935107080 ) ) ;
#1448 = PLANE ( 'NONE',  #4271 ) ;
#1449 = CARTESIAN_POINT ( 'NONE',  ( -120.3196080030131583, 22.09944660529153282, -12.47896648739213887 ) ) ;
#1450 = ORIENTED_EDGE ( 'NONE', *, *, #432, .T. ) ;
#1451 = AXIS2_PLACEMENT_3D ( 'NONE', #3020, #4735, #4334 ) ;
#1452 = CARTESIAN_POINT ( 'NONE',  ( -122.3196080030131583, 20.80939170087368595, -10.66893267680490531 ) ) ;
#1453 = DIRECTION ( 'NONE',  ( 0.000000000000000000, 0.000000000000000000, 1.000000000000000000 ) ) ;
#1454 = PLANE ( 'NONE',  #700 ) ;
#1455 = EDGE_CURVE ( 'NONE', #1399, #4751, #4574, .T. ) ;
#1456 = FACE_OUTER_BOUND ( 'NONE', #3785, .T. ) ;
#1457 = VERTEX_POINT ( 'NONE', #4524 ) ;
#1458 = ADVANCED_FACE ( 'NONE', ( #1659, #1260 ), #2086, .T. ) ;
#1459 = ADVANCED_FACE ( 'NONE', ( #3257 ), #2517, .F. ) ;
#1460 = CARTESIAN_POINT ( 'NONE',  ( -120.3196080030131583, 9.837545767464639823, -34.19400379586757310 ) ) ;
#1461 = ORIENTED_EDGE ( 'NONE', *, *, #4202, .T. ) ;
#1462 = FACE_OUTER_BOUND ( 'NONE', #4326, .T. ) ;
#1463 = ORIENTED_EDGE ( 'NONE', *, *, #4553, .F. ) ;
#1464 = ORIENTED_EDGE ( 'NONE', *, *, #1981, .T. ) ;
#1465 = FACE_OUTER_BOUND ( 'NONE', #1420, .T. ) ;
#1466 = EDGE_LOOP ( 'NONE', ( #1967, #302, #4492, #2527 ) ) ;
#1467 = LINE ( 'NONE', #2671, #806 ) ;
#1468 = LINE ( 'NONE', #4310, #2649 ) ;
#1469 = VERTEX_POINT ( 'NONE', #3732 ) ;
#1470 = CARTESIAN_POINT ( 'NONE',  ( -131.0696080030131441, 50.82776590899497648, -35.49575890555243518 ) ) ;
#1471 = AXIS2_PLACEMENT_3D ( 'NONE', #4806, #4432, #763 ) ;
#1472 = CARTESIAN_POINT ( 'NONE',  ( -138.3196080030131441, 1.800566254423555446, -51.00000000000000000 ) ) ;
#1473 = CARTESIAN_POINT ( 'NONE',  ( -120.3196080030131583, 65.83968306384814184, -14.44779258935107258 ) ) ;
#1474 = ORIENTED_EDGE ( 'NONE', *, *, #2825, .T. ) ;
#1475 = EDGE_CURVE ( 'NONE', #2956, #2505, #3704, .T. ) ;
#1476 = PLANE ( 'NONE',  #143 ) ;
#1477 = DIRECTION ( 'NONE',  ( 0.7071067811865491270, 8.659560562354913137E-17, 0.7071067811865459074 ) ) ;
#1478 = CARTESIAN_POINT ( 'NONE',  ( -131.3196080030131441, 47.20567209103620598, -28.12349751167933931 ) ) ;
#1479 = VECTOR ( 'NONE', #3026, 1000.000000000000000 ) ;
#1480 = CARTESIAN_POINT ( 'NONE',  ( -126.3196080030131441, 27.47605492012738893, -44.89999999999999858 ) ) ;
#1481 = ADVANCED_FACE ( 'NONE', ( #379 ), #1183, .F. ) ;
#1482 = ORIENTED_EDGE ( 'NONE', *, *, #145, .F. ) ;
#1483 = ADVANCED_FACE ( 'NONE', ( #22 ), #1635, .F. ) ;
#1484 = LINE ( 'NONE', #3899, #742 ) ;
#1485 = AXIS2_PLACEMENT_3D ( 'NONE', #1347, #1806, #4642 ) ;
#1486 = ORIENTED_EDGE ( 'NONE', *, *, #2239, .F. ) ;
#1487 = CARTESIAN_POINT ( 'NONE',  ( -138.3196080030131441, 1.800566254423555446, -51.00000000000000000 ) ) ;
#1488 = EDGE_LOOP ( 'NONE', ( #2219, #2584, #1674, #185 ) ) ;
#1489 = CIRCLE ( 'NONE', #4225, 1.500000000000001332 ) ;
#1490 = VERTEX_POINT ( 'NONE', #4957 ) ;
#1491 = FACE_OUTER_BOUND ( 'NONE', #4442, .T. ) ;
#1492 = ORIENTED_EDGE ( 'NONE', *, *, #1078, .F. ) ;
#1493 = LINE ( 'NONE', #286, #2975 ) ;
#1494 = CIRCLE ( 'NONE', #4906, 9.899999999999979039 ) ;
#1495 = CARTESIAN_POINT ( 'NONE',  ( -131.3196080030131441, 1.363516409674022847E-14, -44.29604796487009111 ) ) ;
#1496 = ORIENTED_EDGE ( 'NONE', *, *, #4363, .T. ) ;
#1497 = CARTESIAN_POINT ( 'NONE',  ( -138.5156559678832195, 57.34269152771611289, -51.00000000000000000 ) ) ;
#1498 = DIRECTION ( 'NONE',  ( -1.000000000000000000, 0.000000000000000000, 0.000000000000000000 ) ) ;
#1499 = CARTESIAN_POINT ( 'NONE',  ( -126.3196080030131441, 42.12507758871971220, -47.89999999999999858 ) ) ;
#1500 = VERTEX_POINT ( 'NONE', #5306 ) ;
#1501 = DIRECTION ( 'NONE',  ( 0.000000000000000000, 0.000000000000000000, 1.000000000000000000 ) ) ;
#1502 = DIRECTION ( 'NONE',  ( -1.000000000000000000, 0.000000000000000000, -0.000000000000000000 ) ) ;
#1503 = DIRECTION ( 'NONE',  ( 0.000000000000000000, 0.000000000000000000, -1.000000000000000000 ) ) ;
#1504 = LINE ( 'NONE', #698, #4122 ) ;
#1505 = AXIS2_PLACEMENT_3D ( 'NONE', #291, #3714, #3939 ) ;
#1506 = CARTESIAN_POINT ( 'NONE',  ( -139.8196080030131441, 3.300566254423556778, -31.24505651822823893 ) ) ;
#1507 = ORIENTED_EDGE ( 'NONE', *, *, #1100, .F. ) ;
#1508 = AXIS2_PLACEMENT_3D ( 'NONE', #3607, #3259, #1185 ) ;
#1509 = LINE ( 'NONE', #1910, #3907 ) ;
#1510 = VERTEX_POINT ( 'NONE', #4503 ) ;
#1511 = CARTESIAN_POINT ( 'NONE',  ( -134.8196080030131441, 15.21693007629546557, -41.44604796487007548 ) ) ;
#1512 = VECTOR ( 'NONE', #3940, 1000.000000000000000 ) ;
#1513 = ORIENTED_EDGE ( 'NONE', *, *, #3095, .T. ) ;
#1514 = EDGE_LOOP ( 'NONE', ( #3827, #4303, #1756, #4470, #30 ) ) ;
#1515 = VECTOR ( 'NONE', #4447, 999.9999999999998863 ) ;
#1516 = CARTESIAN_POINT ( 'NONE',  ( -120.3196080030131583, 39.45352726980763691, -11.79540235893742306 ) ) ;
#1517 = ORIENTED_EDGE ( 'NONE', *, *, #4992, .F. ) ;
#1518 = DIRECTION ( 'NONE',  ( 0.000000000000000000, -0.4822079065376527751, -0.8760568102997512430 ) ) ;
#1519 = DIRECTION ( 'NONE',  ( -1.000000000000000000, -0.000000000000000000, -0.000000000000000000 ) ) ;
#1520 = EDGE_CURVE ( 'NONE', #5009, #2811, #1284, .T. ) ;
#1521 = VERTEX_POINT ( 'NONE', #832 ) ;
#1522 = CARTESIAN_POINT ( 'NONE',  ( -138.3196080030131441, -0.1994337455764462197, -2.000000000000001776 ) ) ;
#1523 = EDGE_CURVE ( 'NONE', #3974, #5261, #4550, .T. ) ;
#1524 = EDGE_CURVE ( 'NONE', #2828, #4036, #355, .T. ) ;
#1525 = LINE ( 'NONE', #2838, #2021 ) ;
#1526 = LINE ( 'NONE', #4819, #3640 ) ;
#1527 = ORIENTED_EDGE ( 'NONE', *, *, #1211, .F. ) ;
#1528 = VECTOR ( 'NONE', #1903, 1000.000000000000000 ) ;
#1529 = FACE_OUTER_BOUND ( 'NONE', #3900, .T. ) ;
#1530 = DIRECTION ( 'NONE',  ( 0.000000000000000000, 0.000000000000000000, 1.000000000000000000 ) ) ;
#1531 = CARTESIAN_POINT ( 'NONE',  ( -134.3196080030131441, -4.118425500350334723, -2.430562951267285943 ) ) ;
#1532 = DIRECTION ( 'NONE',  ( 0.000000000000000000, 0.000000000000000000, -1.000000000000000000 ) ) ;
#1533 = CARTESIAN_POINT ( 'NONE',  ( -135.7927553587742295, 45.12461233313190689, -47.71548169865368294 ) ) ;
#1534 = ORIENTED_EDGE ( 'NONE', *, *, #762, .F. ) ;
#1535 = DIRECTION ( 'NONE',  ( 0.000000000000000000, 0.9538267149103736298, 0.3003574502543338576 ) ) ;
#1536 = ORIENTED_EDGE ( 'NONE', *, *, #4010, .T. ) ;
#1537 = CARTESIAN_POINT ( 'NONE',  ( -136.8301219877218671, 0.3110802391322630700, -13.93183995555407861 ) ) ;
#1538 = ORIENTED_EDGE ( 'NONE', *, *, #1897, .F. ) ;
#1539 = ORIENTED_EDGE ( 'NONE', *, *, #4864, .T. ) ;
#1540 = CARTESIAN_POINT ( 'NONE',  ( -122.3196080030131583, 28.96927849710496616, -13.26250413604848255 ) ) ;
#1541 = ORIENTED_EDGE ( 'NONE', *, *, #1706, .T. ) ;
#1542 = LINE ( 'NONE', #4356, #2809 ) ;
#1543 = FACE_OUTER_BOUND ( 'NONE', #1980, .T. ) ;
#1544 = EDGE_LOOP ( 'NONE', ( #4703, #3075, #2325, #1356 ) ) ;
#1545 = ADVANCED_FACE ( 'NONE', ( #5283 ), #1612, .T. ) ;
#1546 = ADVANCED_FACE ( 'NONE', ( #403 ), #2170, .T. ) ;
#1547 = CARTESIAN_POINT ( 'NONE',  ( -136.3196080030131441, 67.80056625442354346, 0.000000000000000000 ) ) ;
#1548 =( BOUNDED_CURVE ( )  B_SPLINE_CURVE ( 3, ( #1012, #2220, #1038, #3856 ),
 .UNSPECIFIED., .F., .T. ) 
 B_SPLINE_CURVE_WITH_KNOTS ( ( 4, 4 ),
 ( 3.141592653589793116, 6.024263765173407670 ),
 .UNSPECIFIED. ) 
 CURVE ( )  GEOMETRIC_REPRESENTATION_ITEM ( )  RATIONAL_B_SPLINE_CURVE ( ( 1.000000000000000000, 0.4193996299157063401, 0.4193996299157063401, 1.000000000000000000 ) ) 
 REPRESENTATION_ITEM ( '' )  );
#1549 = LINE ( 'NONE', #1173, #1252 ) ;
#1550 = CARTESIAN_POINT ( 'NONE',  ( -134.3196080030131441, 60.31743593215122701, -41.44604796487007548 ) ) ;
#1551 = ORIENTED_EDGE ( 'NONE', *, *, #5188, .T. ) ;
#1552 = ADVANCED_FACE ( 'NONE', ( #2947 ), #514, .F. ) ;
#1553 = EDGE_CURVE ( 'NONE', #2345, #4912, #226, .T. ) ;
#1554 = DIRECTION ( 'NONE',  ( 0.000000000000000000, 0.000000000000000000, 1.000000000000000000 ) ) ;
#1555 = FACE_OUTER_BOUND ( 'NONE', #3292, .T. ) ;
#1556 = CARTESIAN_POINT ( 'NONE',  ( -132.4740843102541987, 43.41753458538355659, -50.84552369275897377 ) ) ;
#1557 = DIRECTION ( 'NONE',  ( 0.7071067811865491270, 0.000000000000000000, -0.7071067811865459074 ) ) ;
#1558 = DIRECTION ( 'NONE',  ( 0.000000000000000000, 0.000000000000000000, 1.000000000000000000 ) ) ;
#1559 = ORIENTED_EDGE ( 'NONE', *, *, #404, .F. ) ;
#1560 = CARTESIAN_POINT ( 'NONE',  ( -131.0696080030131441, 38.44813082852710551, -39.39407247731880091 ) ) ;
#1561 = VECTOR ( 'NONE', #794, 1000.000000000000114 ) ;
#1562 = ORIENTED_EDGE ( 'NONE', *, *, #1947, .F. ) ;
#1563 = DIRECTION ( 'NONE',  ( 0.000000000000000000, 0.000000000000000000, 1.000000000000000000 ) ) ;
#1564 = ORIENTED_EDGE ( 'NONE', *, *, #862, .F. ) ;
#1565 = EDGE_LOOP ( 'NONE', ( #4741, #4730, #1567, #3341 ) ) ;
#1566 = CARTESIAN_POINT ( 'NONE',  ( -131.0696080030131441, 56.15117675762549965, -44.29604796487007690 ) ) ;
#1567 = ORIENTED_EDGE ( 'NONE', *, *, #1706, .F. ) ;
#1568 = DIRECTION ( 'NONE',  ( -0.7071067811865474617, -0.7071067811865474617, 0.000000000000000000 ) ) ;
#1569 = CARTESIAN_POINT ( 'NONE',  ( 0.000000000000000000, 0.000000000000000000, 0.000000000000000000 ) ) ;
#1570 = EDGE_CURVE ( 'NONE', #1593, #4716, #4837, .T. ) ;
#1571 = EDGE_LOOP ( 'NONE', ( #960, #5058, #5227, #3795 ) ) ;
#1572 = CIRCLE ( 'NONE', #3464, 1.500000000000001332 ) ;
#1573 = AXIS2_PLACEMENT_3D ( 'NONE', #3471, #3865, #596 ) ;
#1574 = CARTESIAN_POINT ( 'NONE',  ( -120.3196080030131583, 48.69320226928962825, -9.384714531282769556 ) ) ;
#1575 = DIRECTION ( 'NONE',  ( 0.000000000000000000, 0.4822079065376527751, 0.8760568102997512430 ) ) ;
#1576 = DIRECTION ( 'NONE',  ( 0.000000000000000000, 0.000000000000000000, -1.000000000000000000 ) ) ;
#1577 = ORIENTED_EDGE ( 'NONE', *, *, #640, .F. ) ;
#1578 = AXIS2_PLACEMENT_3D ( 'NONE', #5055, #155, #2189 ) ;
#1579 = EDGE_CURVE ( 'NONE', #1325, #3507, #1662, .T. ) ;
#1580 = CARTESIAN_POINT ( 'NONE',  ( -136.9862746696798297, 69.13389958775688626, -49.66666666666666430 ) ) ;
#1581 = CARTESIAN_POINT ( 'NONE',  ( -131.3196080030131441, 0.000000000000000000, 0.000000000000000000 ) ) ;
#1582 = PLANE ( 'NONE',  #3890 ) ;
#1583 = CIRCLE ( 'NONE', #2951, 2.999999999999999112 ) ;
#1584 = DIRECTION ( 'NONE',  ( 0.000000000000000000, 0.000000000000000000, 1.000000000000000000 ) ) ;
#1585 = DIRECTION ( 'NONE',  ( 1.000000000000000000, 0.000000000000000000, 0.000000000000000000 ) ) ;
#1586 = EDGE_CURVE ( 'NONE', #2935, #2722, #105, .T. ) ;
#1587 = EDGE_LOOP ( 'NONE', ( #3306, #2673, #973, #2609, #3239, #1474, #3013, #785, #1893, #116 ) ) ;
#1588 = CARTESIAN_POINT ( 'NONE',  ( -133.0911087347557213, 44.39114139830810046, -51.00000000000000711 ) ) ;
#1589 = EDGE_CURVE ( 'NONE', #100, #808, #4155, .T. ) ;
#1590 = ADVANCED_FACE ( 'NONE', ( #2626 ), #134, .T. ) ;
#1591 = EDGE_LOOP ( 'NONE', ( #2080, #5239 ) ) ;
#1592 = FACE_OUTER_BOUND ( 'NONE', #5287, .T. ) ;
#1593 = VERTEX_POINT ( 'NONE', #2571 ) ;
#1594 = VECTOR ( 'NONE', #3154, 1000.000000000000000 ) ;
#1595 = CARTESIAN_POINT ( 'NONE',  ( -126.3196080030131441, 65.83968306384814184, -15.94779258935107080 ) ) ;
#1596 = ORIENTED_EDGE ( 'NONE', *, *, #2177, .F. ) ;
#1597 = CARTESIAN_POINT ( 'NONE',  ( -131.0696080030131441, 28.63646680170275260, -30.08877352584814346 ) ) ;
#1598 = LINE ( 'NONE', #3244, #3046 ) ;
#1599 = EDGE_LOOP ( 'NONE', ( #1130, #1747, #1371, #2482, #1724 ) ) ;
#1600 = VECTOR ( 'NONE', #371, 1000.000000000000000 ) ;
#1601 = EDGE_CURVE ( 'NONE', #2202, #307, #1770, .T. ) ;
#1602 = LINE ( 'NONE', #2456, #3314 ) ;
#1603 = DIRECTION ( 'NONE',  ( -1.000000000000000000, -0.000000000000000000, -0.000000000000000000 ) ) ;
#1604 = DIRECTION ( 'NONE',  ( 1.000000000000000000, -0.000000000000000000, -0.000000000000000000 ) ) ;
#1605 = EDGE_LOOP ( 'NONE', ( #5289, #3536, #842 ) ) ;
#1606 = COLOUR_RGB ( '',0.1137254901960784298, 0.1137254901960784298, 0.1137254901960784298 ) ;
#1607 = EDGE_CURVE ( 'NONE', #3733, #1175, #3415, .T. ) ;
#1608 = FACE_OUTER_BOUND ( 'NONE', #2967, .T. ) ;
#1609 = DIRECTION ( 'NONE',  ( 0.000000000000000000, 1.000000000000000000, 0.000000000000000000 ) ) ;
#1610 = DIRECTION ( 'NONE',  ( 0.000000000000000000, 0.000000000000000000, 1.000000000000000000 ) ) ;
#1611 = CARTESIAN_POINT ( 'NONE',  ( -138.8204891303103068, 2.301447381720716834, -45.68676224851744649 ) ) ;
#1612 = PLANE ( 'NONE',  #38 ) ;
#1613 = VECTOR ( 'NONE', #37, 1000.000000000000000 ) ;
#1614 = EDGE_LOOP ( 'NONE', ( #2694, #4349 ) ) ;
#1615 = EDGE_CURVE ( 'NONE', #771, #2156, #537, .T. ) ;
#1616 = LINE ( 'NONE', #4882, #2107 ) ;
#1617 = VECTOR ( 'NONE', #2514, 1000.000000000000000 ) ;
#1618 = EDGE_LOOP ( 'NONE', ( #5258, #1293 ) ) ;
#1619 = LINE ( 'NONE', #2093, #2543 ) ;
#1620 = ORIENTED_EDGE ( 'NONE', *, *, #1189, .T. ) ;
#1621 = ADVANCED_FACE ( 'NONE', ( #4236 ), #4607, .F. ) ;
#1622 = EDGE_CURVE ( 'NONE', #3208, #2335, #2117, .T. ) ;
#1623 = FACE_OUTER_BOUND ( 'NONE', #1073, .T. ) ;
#1624 = ORIENTED_EDGE ( 'NONE', *, *, #2600, .T. ) ;
#1625 = LINE ( 'NONE', #3268, #5290 ) ;
#1626 = ORIENTED_EDGE ( 'NONE', *, *, #3803, .F. ) ;
#1627 = DIRECTION ( 'NONE',  ( 0.000000000000000000, 0.000000000000000000, 1.000000000000000000 ) ) ;
#1628 = ORIENTED_EDGE ( 'NONE', *, *, #2403, .F. ) ;
#1629 = DIRECTION ( 'NONE',  ( 0.000000000000000000, 0.000000000000000000, 1.000000000000000000 ) ) ;
#1630 = ORIENTED_EDGE ( 'NONE', *, *, #2300, .T. ) ;
#1631 = CYLINDRICAL_SURFACE ( 'NONE', #1435, 1.500000000000001332 ) ;
#1632 = CARTESIAN_POINT ( 'NONE',  ( -122.3196080030131583, 2.870205214165002072, -46.14907805431299437 ) ) ;
#1633 = CARTESIAN_POINT ( 'NONE',  ( -138.7100973212598660, 67.41007693617687835, -32.85821262944040200 ) ) ;
#1634 = CARTESIAN_POINT ( 'NONE',  ( -120.3196080030131583, 27.47605492012738893, -46.39999999999999858 ) ) ;
#1635 = PLANE ( 'NONE',  #2346 ) ;
#1636 = EDGE_CURVE ( 'NONE', #3021, #1870, #4981, .T. ) ;
#1637 = CARTESIAN_POINT ( 'NONE',  ( -138.3196080030131441, 65.83968306384814184, -12.94779258935107080 ) ) ;
#1638 = EDGE_LOOP ( 'NONE', ( #5183, #1381, #3288, #4640 ) ) ;
#1639 = CARTESIAN_POINT ( 'NONE',  ( -120.3196080030131583, 30.14760523903947842, -11.79540235893742306 ) ) ;
#1640 = ORIENTED_EDGE ( 'NONE', *, *, #863, .T. ) ;
#1641 = LINE ( 'NONE', #4038, #204 ) ;
#1642 = VERTEX_POINT ( 'NONE', #1392 ) ;
#1643 = DIRECTION ( 'NONE',  ( 0.000000000000000000, 0.000000000000000000, 1.000000000000000000 ) ) ;
#1644 = CARTESIAN_POINT ( 'NONE',  ( -120.3196080030131583, 28.55064896183295176, 17.27066388324388058 ) ) ;
#1645 = ORIENTED_EDGE ( 'NONE', *, *, #2351, .F. ) ;
#1646 = EDGE_CURVE ( 'NONE', #2572, #3156, #2446, .T. ) ;
#1647 = PRODUCT ( 'enclosure_top_cover', 'enclosure_top_cover', '', ( #4910 ) ) ;
#1648 = VECTOR ( 'NONE', #3857, 1000.000000000000000 ) ;
#1649 = CYLINDRICAL_SURFACE ( 'NONE', #1164, 9.399999999999998579 ) ;
#1650 = ORIENTED_EDGE ( 'NONE', *, *, #3756, .F. ) ;
#1651 = DIRECTION ( 'NONE',  ( -0.000000000000000000, -0.5175834996091418505, 0.8556327021171838965 ) ) ;
#1652 = VECTOR ( 'NONE', #4673, 1000.000000000000000 ) ;
#1653 = EDGE_LOOP ( 'NONE', ( #318, #1235 ) ) ;
#1654 = VECTOR ( 'NONE', #2788, 1000.000000000000000 ) ;
#1655 = CARTESIAN_POINT ( 'NONE',  ( -120.3196080030131583, 42.12507758871971220, -47.89999999999999858 ) ) ;
#1656 = PLANE ( 'NONE',  #1699 ) ;
#1657 = DIRECTION ( 'NONE',  ( 0.000000000000000000, 0.7071067811865474617, -0.7071067811865474617 ) ) ;
#1658 = VECTOR ( 'NONE', #3615, 1000.000000000000000 ) ;
#1659 = FACE_OUTER_BOUND ( 'NONE', #2457, .T. ) ;
#1660 = ORIENTED_EDGE ( 'NONE', *, *, #800, .T. ) ;
#1661 = CARTESIAN_POINT ( 'NONE',  ( -126.3196080030131441, 3.761449444998968161, -11.44779258935106903 ) ) ;
#1662 = CIRCLE ( 'NONE', #4661, 9.399999999999998579 ) ;
#1663 = LINE ( 'NONE', #57, #799 ) ;
#1664 = ORIENTED_EDGE ( 'NONE', *, *, #2370, .T. ) ;
#1665 = DIRECTION ( 'NONE',  ( -1.000000000000000000, -0.000000000000000000, -0.000000000000000000 ) ) ;
#1666 = ORIENTED_EDGE ( 'NONE', *, *, #2720, .T. ) ;
#1667 = VECTOR ( 'NONE', #3843, 1000.000000000000000 ) ;
#1668 = CARTESIAN_POINT ( 'NONE',  ( -122.3196080030131583, 20.90793023955747998, -9.384714531282766004 ) ) ;
#1669 = LINE ( 'NONE', #1701, #4135 ) ;
#1670 = EDGE_LOOP ( 'NONE', ( #380, #5028, #3624, #151 ) ) ;
#1671 = CARTESIAN_POINT ( 'NONE',  ( -120.3196080030131583, 45.48456918233206636, -13.48559842370335460 ) ) ;
#1672 = ORIENTED_EDGE ( 'NONE', *, *, #2307, .F. ) ;
#1673 = VECTOR ( 'NONE', #3568, 1000.000000000000000 ) ;
#1674 = ORIENTED_EDGE ( 'NONE', *, *, #240, .T. ) ;
#1675 = VECTOR ( 'NONE', #442, 1000.000000000000000 ) ;
#1676 = AXIS2_PLACEMENT_3D ( 'NONE', #4394, #5128, #4029 ) ;
#1677 = CONICAL_SURFACE ( 'NONE', #140, 11.40000000000000036, 0.7853981633974408405 ) ;
#1678 = DIRECTION ( 'NONE',  ( 0.000000000000000000, 0.000000000000000000, 1.000000000000000000 ) ) ;
#1679 = VERTEX_POINT ( 'NONE', #2887 ) ;
#1680 = LINE ( 'NONE', #2940, #2776 ) ;
#1681 = EDGE_CURVE ( 'NONE', #2545, #1280, #3571, .T. ) ;
#1682 = AXIS2_PLACEMENT_3D ( 'NONE', #2148, #108, #2060 ) ;
#1683 = ORIENTED_EDGE ( 'NONE', *, *, #2932, .T. ) ;
#1684 = ADVANCED_FACE ( 'NONE', ( #4147 ), #4569, .F. ) ;
#1685 = ADVANCED_FACE ( 'NONE', ( #502 ), #3723, .F. ) ;
#1686 = ADVANCED_FACE ( 'NONE', ( #4871 ), #2837, .F. ) ;
#1687 = DIRECTION ( 'NONE',  ( 0.000000000000000000, 0.000000000000000000, 1.000000000000000000 ) ) ;
#1688 = VECTOR ( 'NONE', #3227, 1000.000000000000000 ) ;
#1689 = DIRECTION ( 'NONE',  ( -1.000000000000000000, 0.000000000000000000, 0.000000000000000000 ) ) ;
#1690 = DIRECTION ( 'NONE',  ( 0.000000000000000000, 0.000000000000000000, -1.000000000000000000 ) ) ;
#1691 = AXIS2_PLACEMENT_3D ( 'NONE', #967, #5099, #4669 ) ;
#1692 = CARTESIAN_POINT ( 'NONE',  ( -131.3196080030131441, 40.96466570714435562, -15.88149908682619937 ) ) ;
#1693 = ORIENTED_EDGE ( 'NONE', *, *, #3280, .T. ) ;
#1694 = CARTESIAN_POINT ( 'NONE',  ( -131.3196080030131441, -11.22337441595445284, -6.623676461137820048 ) ) ;
#1695 = FACE_BOUND ( 'NONE', #4457, .T. ) ;
#1696 = ORIENTED_EDGE ( 'NONE', *, *, #4165, .F. ) ;
#1697 = CARTESIAN_POINT ( 'NONE',  ( -138.0149416356864265, 44.04345345817448276, -45.30466636732671049 ) ) ;
#1698 = ORIENTED_EDGE ( 'NONE', *, *, #4353, .F. ) ;
#1699 = AXIS2_PLACEMENT_3D ( 'NONE', #4924, #1334, #4499 ) ;
#1700 = FACE_OUTER_BOUND ( 'NONE', #3099, .T. ) ;
#1701 = CARTESIAN_POINT ( 'NONE',  ( -131.0696080030131441, 58.92697209478436093, -32.94534080442344504 ) ) ;
#1702 = ORIENTED_EDGE ( 'NONE', *, *, #6, .T. ) ;
#1703 = SHAPE_DEFINITION_REPRESENTATION ( #837, #1292 ) ;
#1704 = CARTESIAN_POINT ( 'NONE',  ( -126.3196080030131441, 65.83968306384814184, -15.94779258935107080 ) ) ;
#1705 = VERTEX_POINT ( 'NONE', #2507 ) ;
#1706 = EDGE_CURVE ( 'NONE', #2840, #682, #4923, .T. ) ;
#1707 = DIRECTION ( 'NONE',  ( 0.000000000000000000, 0.5082561830145971848, -0.8612059291641182002 ) ) ;
#1708 = ORIENTED_EDGE ( 'NONE', *, *, #1313, .T. ) ;
#1709 = DIRECTION ( 'NONE',  ( -0.000000000000000000, -0.9567439517003997196, 0.2909312820662345866 ) ) ;
#1710 = EDGE_CURVE ( 'NONE', #1679, #106, #2194, .T. ) ;
#1711 = VERTEX_POINT ( 'NONE', #2860 ) ;
#1712 = CARTESIAN_POINT ( 'NONE',  ( -144.3196080030131725, 57.34269152771611289, -38.29604796487006979 ) ) ;
#1713 = FACE_OUTER_BOUND ( 'NONE', #3453, .T. ) ;
#1714 = CARTESIAN_POINT ( 'NONE',  ( -139.8196080030131441, 12.25844098113098646, -38.29604796487006979 ) ) ;
#1715 = ORIENTED_EDGE ( 'NONE', *, *, #4261, .T. ) ;
#1716 = CARTESIAN_POINT ( 'NONE',  ( -138.0149416356863981, 25.55767905067256152, -45.30466636732671759 ) ) ;
#1717 = CYLINDRICAL_SURFACE ( 'NONE', #1939, 1.500000000000001332 ) ;
#1718 = CARTESIAN_POINT ( 'NONE',  ( -126.3196080030131441, 42.12507758871971220, -47.89999999999999858 ) ) ;
#1719 = CARTESIAN_POINT ( 'NONE',  ( -131.3196080030131441, 14.67933619479733309, -42.39809213387257358 ) ) ;
#1720 = ORIENTED_EDGE ( 'NONE', *, *, #4615, .T. ) ;
#1721 =( GEOMETRIC_REPRESENTATION_CONTEXT ( 3 ) GLOBAL_UNCERTAINTY_ASSIGNED_CONTEXT ( ( #1798 ) ) GLOBAL_UNIT_ASSIGNED_CONTEXT ( ( #59, #836, #4557 ) ) REPRESENTATION_CONTEXT ( 'NONE', 'WORKASPACE' ) );
#1722 = CARTESIAN_POINT ( 'NONE',  ( -138.3196080030131441, 48.90350467446872074, -27.23547284888469378 ) ) ;
#1723 = LINE ( 'NONE', #3370, #1528 ) ;
#1724 = ORIENTED_EDGE ( 'NONE', *, *, #3592, .F. ) ;
#1725 = FACE_OUTER_BOUND ( 'NONE', #2188, .T. ) ;
#1726 = ORIENTED_EDGE ( 'NONE', *, *, #247, .T. ) ;
#1727 = ORIENTED_EDGE ( 'NONE', *, *, #694, .F. ) ;
#1728 = CYLINDRICAL_SURFACE ( 'NONE', #4754, 6.000000000000005329 ) ;
#1729 = VERTEX_POINT ( 'NONE', #2911 ) ;
#1730 = LINE ( 'NONE', #2968, #211 ) ;
#1731 = EDGE_CURVE ( 'NONE', #4402, #3909, #4415, .T. ) ;
#1732 = AXIS2_PLACEMENT_3D ( 'NONE', #4289, #1067, #1878 ) ;
#1733 = CARTESIAN_POINT ( 'NONE',  ( -138.3196080030131441, 39.45352726980763691, -11.79540235893742306 ) ) ;
#1734 = EDGE_LOOP ( 'NONE', ( #3835, #1312, #207, #2891 ) ) ;
#1735 = CARTESIAN_POINT ( 'NONE',  ( -135.2041608188636417, 24.54662540609761123, -48.56769661408989691 ) ) ;
#1736 = DIRECTION ( 'NONE',  ( -1.000000000000000000, -0.000000000000000000, -0.000000000000000000 ) ) ;
#1737 = DIRECTION ( 'NONE',  ( 0.000000000000000000, -4.436722895625987665E-16, 1.000000000000000000 ) ) ;
#1738 = CARTESIAN_POINT ( 'NONE',  ( -131.0696080030131441, 13.60761129450515305, -44.29604796487008400 ) ) ;
#1739 = AXIS2_PLACEMENT_3D ( 'NONE', #4665, #1904, #1453 ) ;
#1740 = ORIENTED_EDGE ( 'NONE', *, *, #4273, .F. ) ;
#1741 = EDGE_CURVE ( 'NONE', #1093, #4571, #5271, .T. ) ;
#1742 = DIRECTION ( 'NONE',  ( -1.000000000000000000, -0.000000000000000000, -0.000000000000000000 ) ) ;
#1743 = CARTESIAN_POINT ( 'NONE',  ( -120.3196080030131583, 0.000000000000000000, -51.00000000000000000 ) ) ;
#1744 = DIRECTION ( 'NONE',  ( -1.000000000000000000, 0.000000000000000000, 0.000000000000000000 ) ) ;
#1745 = ADVANCED_FACE ( 'NONE', ( #2479 ), #1649, .F. ) ;
#1746 = CYLINDRICAL_SURFACE ( 'NONE', #4428, 9.399999999999998579 ) ;
#1747 = ORIENTED_EDGE ( 'NONE', *, *, #4717, .F. ) ;
#1748 = EDGE_CURVE ( 'NONE', #1175, #1912, #821, .T. ) ;
#1749 = EDGE_CURVE ( 'NONE', #2421, #2998, #3751, .T. ) ;
#1750 = EDGE_CURVE ( 'NONE', #2937, #787, #1602, .T. ) ;
#1751 = EDGE_CURVE ( 'NONE', #5092, #410, #3694, .T. ) ;
#1752 = CARTESIAN_POINT ( 'NONE',  ( -131.0696080030131441, 0.000000000000000000, 0.000000000000000000 ) ) ;
#1753 = CARTESIAN_POINT ( 'NONE',  ( -120.3196080030131583, 28.67883613729080139, -14.45440985207132201 ) ) ;
#1754 = EDGE_LOOP ( 'NONE', ( #4891, #1496, #2337, #2882 ) ) ;
#1755 = LINE ( 'NONE', #628, #4976 ) ;
#1756 = ORIENTED_EDGE ( 'NONE', *, *, #4290, .T. ) ;
#1757 = EDGE_LOOP ( 'NONE', ( #2025, #5117 ) ) ;
#1758 = DIRECTION ( 'NONE',  ( 0.000000000000000000, 0.4822079065376527751, 0.8760568102997512430 ) ) ;
#1759 = ORIENTED_EDGE ( 'NONE', *, *, #4858, .T. ) ;
#1760 = DIRECTION ( 'NONE',  ( 0.000000000000000000, 0.000000000000000000, -1.000000000000000000 ) ) ;
#1761 = AXIS2_PLACEMENT_3D ( 'NONE', #5021, #2127, #87 ) ;
#1762 = CARTESIAN_POINT ( 'NONE',  ( -131.3196080030131441, 48.90350467446872074, -19.93547284888469306 ) ) ;
#1763 = ORIENTED_EDGE ( 'NONE', *, *, #1198, .F. ) ;
#1764 = CIRCLE ( 'NONE', #737, 12.90000000000000924 ) ;
#1765 = EDGE_CURVE ( 'NONE', #3634, #1325, #2533, .T. ) ;
#1766 = AXIS2_PLACEMENT_3D ( 'NONE', #2765, #406, #1128 ) ;
#1767 = FACE_OUTER_BOUND ( 'NONE', #4311, .T. ) ;
#1768 = CARTESIAN_POINT ( 'NONE',  ( -138.3196080030131441, 12.25844098113098823, -25.39604796487009253 ) ) ;
#1769 = DIRECTION ( 'NONE',  ( 0.000000000000000000, 0.9538267149103734077, -0.3003574502543346347 ) ) ;
#1770 = LINE ( 'NONE', #1738, #3039 ) ;
#1771 = ORIENTED_EDGE ( 'NONE', *, *, #104, .T. ) ;
#1772 = EDGE_CURVE ( 'NONE', #1946, #1203, #4945, .T. ) ;
#1773 = AXIS2_PLACEMENT_3D ( 'NONE', #4420, #2165, #2513 ) ;
#1774 = LINE ( 'NONE', #1694, #1944 ) ;
#1775 = CARTESIAN_POINT ( 'NONE',  ( -132.4196080030131668, 42.62736255805452856, -50.89999999999999858 ) ) ;
#1776 = DIRECTION ( 'NONE',  ( 0.000000000000000000, 0.000000000000000000, 1.000000000000000000 ) ) ;
#1777 = CARTESIAN_POINT ( 'NONE',  ( -144.3196080030131725, 12.25844098113098646, -38.29604796487006979 ) ) ;
#1778 = EDGE_CURVE ( 'NONE', #5216, #3688, #1249, .T. ) ;
#1779 = ORIENTED_EDGE ( 'NONE', *, *, #4921, .T. ) ;
#1780 = DIRECTION ( 'NONE',  ( 0.000000000000000000, -0.9011589228679854902, -0.4334888646037082238 ) ) ;
#1781 = LINE ( 'NONE', #889, #2853 ) ;
#1782 = ORIENTED_EDGE ( 'NONE', *, *, #4290, .F. ) ;
#1783 = FACE_OUTER_BOUND ( 'NONE', #765, .T. ) ;
#1784 = ORIENTED_EDGE ( 'NONE', *, *, #671, .T. ) ;
#1785 = EDGE_CURVE ( 'NONE', #1361, #3477, #5297, .T. ) ;
#1786 = ORIENTED_EDGE ( 'NONE', *, *, #798, .T. ) ;
#1787 = VECTOR ( 'NONE', #500, 1000.000000000000000 ) ;
#1788 = LINE ( 'NONE', #2218, #1245 ) ;
#1789 = ORIENTED_EDGE ( 'NONE', *, *, #3435, .F. ) ;
#1790 = CARTESIAN_POINT ( 'NONE',  ( -134.3196080030131441, 29.28326388359305810, -16.53547598596074764 ) ) ;
#1791 = DIRECTION ( 'NONE',  ( 0.000000000000000000, 0.000000000000000000, 1.000000000000000000 ) ) ;
#1792 = ORIENTED_EDGE ( 'NONE', *, *, #606, .T. ) ;
#1793 = LINE ( 'NONE', #4535, #2962 ) ;
#1794 = DIRECTION ( 'NONE',  ( 0.000000000000000000, -1.000000000000000000, -1.178229476649152686E-15 ) ) ;
#1795 = DIRECTION ( 'NONE',  ( -1.000000000000000000, 0.000000000000000000, -0.000000000000000000 ) ) ;
#1796 = CARTESIAN_POINT ( 'NONE',  ( -120.3196080030131583, 62.10483768686278694, -38.19876508392353287 ) ) ;
#1797 = ORIENTED_EDGE ( 'NONE', *, *, #32, .T. ) ;
#1798 = UNCERTAINTY_MEASURE_WITH_UNIT (LENGTH_MEASURE( 1.000000000000000082E-05 ), #59, 'distance_accuracy_value', 'NONE');
#1799 = CARTESIAN_POINT ( 'NONE',  ( -138.3196080030131441, 20.69762783437838394, -19.93547284888469306 ) ) ;
#1800 = CARTESIAN_POINT ( 'NONE',  ( -131.3196080030131441, 48.90350467446872074, -19.93547284888469306 ) ) ;
#1801 = CARTESIAN_POINT ( 'NONE',  ( -126.3196080030131441, 30.14760523903947842, -8.795402358937423060 ) ) ;
#1802 = ADVANCED_FACE ( 'NONE', ( #1277 ), #4224, .T. ) ;
#1803 = DIRECTION ( 'NONE',  ( 0.000000000000000000, 0.9997914061467753077, 0.02042410818257910446 ) ) ;
#1804 = ORIENTED_EDGE ( 'NONE', *, *, #3754, .F. ) ;
#1805 = DIRECTION ( 'NONE',  ( 1.000000000000000000, 0.000000000000000000, 0.000000000000000000 ) ) ;
#1806 = DIRECTION ( 'NONE',  ( 0.000000000000000000, 0.8707657307032137251, -0.4916981210386088263 ) ) ;
#1807 = ORIENTED_EDGE ( 'NONE', *, *, #5276, .T. ) ;
#1808 = CARTESIAN_POINT ( 'NONE',  ( -120.3196080030131583, 42.12507758871971220, -46.39999999999999858 ) ) ;
#1809 = ORIENTED_EDGE ( 'NONE', *, *, #5040, .T. ) ;
#1810 = EDGE_CURVE ( 'NONE', #390, #2742, #2779, .T. ) ;
#1811 = VERTEX_POINT ( 'NONE', #3017 ) ;
#1812 = VECTOR ( 'NONE', #3209, 1000.000000000000227 ) ;
#1813 = DIRECTION ( 'NONE',  ( 0.000000000000000000, 0.000000000000000000, -1.000000000000000000 ) ) ;
#1814 = VERTEX_POINT ( 'NONE', #4623 ) ;
#1815 = DIRECTION ( 'NONE',  ( 0.000000000000000000, 0.000000000000000000, 1.000000000000000000 ) ) ;
#1816 = CARTESIAN_POINT ( 'NONE',  ( -130.8196080030131441, 42.77130483879715683, 16.41548926283887511 ) ) ;
#1817 = CIRCLE ( 'NONE', #2492, 3.000000000000002665 ) ;
#1818 = EDGE_CURVE ( 'NONE', #1705, #1227, #3774, .T. ) ;
#1819 = ORIENTED_EDGE ( 'NONE', *, *, #362, .T. ) ;
#1820 = CARTESIAN_POINT ( 'NONE',  ( -138.3196080030131441, 12.25844098113098646, -41.44604796487007548 ) ) ;
#1821 = ADVANCED_FACE ( 'NONE', ( #3483 ), #5012, .T. ) ;
#1822 = AXIS2_PLACEMENT_3D ( 'NONE', #372, #2731, #395 ) ;
#1823 = EDGE_CURVE ( 'NONE', #3772, #1945, #391, .T. ) ;
#1824 = DIRECTION ( 'NONE',  ( 0.000000000000000000, 0.000000000000000000, 1.000000000000000000 ) ) ;
#1825 = CARTESIAN_POINT ( 'NONE',  ( -131.3196080030131441, 47.20567209103620598, -28.12349751167933931 ) ) ;
#1826 = ORIENTED_EDGE ( 'NONE', *, *, #3336, .T. ) ;
#1827 = DIRECTION ( 'NONE',  ( -1.000000000000000000, 0.000000000000000000, 0.000000000000000000 ) ) ;
#1828 = FACE_OUTER_BOUND ( 'NONE', #1488, .T. ) ;
#1829 = CARTESIAN_POINT ( 'NONE',  ( -139.8196080030131441, 66.30056625442354346, -45.34703941151190776 ) ) ;
#1830 = DIRECTION ( 'NONE',  ( -1.000000000000000000, -0.000000000000000000, -0.000000000000000000 ) ) ;
#1831 = VECTOR ( 'NONE', #4436, 1000.000000000000000 ) ;
#1832 = EDGE_LOOP ( 'NONE', ( #2501, #1596, #2643, #2231 ) ) ;
#1833 = ADVANCED_FACE ( 'NONE', ( #2187 ), #5112, .F. ) ;
#1834 = AXIS2_PLACEMENT_3D ( 'NONE', #192, #1426, #1503 ) ;
#1835 = CARTESIAN_POINT ( 'NONE',  ( -126.3196080030131441, 3.761449444998968161, -9.947792589351072579 ) ) ;
#1836 = ORIENTED_EDGE ( 'NONE', *, *, #5161, .F. ) ;
#1837 = DIRECTION ( 'NONE',  ( 0.000000000000000000, 0.000000000000000000, 1.000000000000000000 ) ) ;
#1838 = CONICAL_SURFACE ( 'NONE', #886, 11.40000000000000036, 0.7853981633974506105 ) ;
#1839 = ORIENTED_EDGE ( 'NONE', *, *, #1379, .F. ) ;
#1840 = VERTEX_POINT ( 'NONE', #3048 ) ;
#1841 = CARTESIAN_POINT ( 'NONE',  ( -120.3196080030131583, 59.80801405354255706, -42.37154607475221013 ) ) ;
#1842 = CONICAL_SURFACE ( 'NONE', #2009, 9.899999999999979039, 0.7853981633974460586 ) ;
#1843 = ORIENTED_EDGE ( 'NONE', *, *, #1193, .F. ) ;
#1844 = LINE ( 'NONE', #3407, #2946 ) ;
#1845 = DIRECTION ( 'NONE',  ( 1.000000000000000000, 0.000000000000000000, 0.000000000000000000 ) ) ;
#1846 = ORIENTED_EDGE ( 'NONE', *, *, #990, .F. ) ;
#1847 = EDGE_CURVE ( 'NONE', #923, #308, #585, .T. ) ;
#1848 = CARTESIAN_POINT ( 'NONE',  ( -131.0696080030131441, 54.55884390258362515, -25.80800361527913722 ) ) ;
#1849 = CARTESIAN_POINT ( 'NONE',  ( -131.3196080030131441, 48.90350467446872074, -27.23547284888469378 ) ) ;
#1850 = DIRECTION ( 'NONE',  ( -0.000000000000000000, -0.3276177830726028084, 0.9448103451034990385 ) ) ;
#1851 = EDGE_LOOP ( 'NONE', ( #1888, #4849, #1244, #452 ) ) ;
#1852 = VECTOR ( 'NONE', #746, 1000.000000000000000 ) ;
#1853 = PRODUCT_RELATED_PRODUCT_CATEGORY ( 'part', '', ( #1647 ) ) ;
#1854 = ADVANCED_FACE ( 'NONE', ( #4707 ), #2159, .F. ) ;
#1855 = AXIS2_PLACEMENT_3D ( 'NONE', #1221, #1200, #1627 ) ;
#1856 = DIRECTION ( 'NONE',  ( 0.000000000000000000, 0.000000000000000000, 1.000000000000000000 ) ) ;
#1857 = DIRECTION ( 'NONE',  ( 0.000000000000000000, 0.3003574502543348013, -0.9538267149103734077 ) ) ;
#1858 = CARTESIAN_POINT ( 'NONE',  ( -131.0696080030131441, 11.10092638853714320, -24.56687932326734369 ) ) ;
#1859 = CARTESIAN_POINT ( 'NONE',  ( -132.3196080030131725, 0.000000000000000000, -51.00000000000000000 ) ) ;
#1860 = AXIS2_PLACEMENT_3D ( 'NONE', #3569, #3170, #2754 ) ;
#1861 = VERTEX_POINT ( 'NONE', #4682 ) ;
#1862 = DIRECTION ( 'NONE',  ( 0.000000000000000000, 0.000000000000000000, 1.000000000000000000 ) ) ;
#1863 = ORIENTED_EDGE ( 'NONE', *, *, #1313, .F. ) ;
#1864 = PLANE ( 'NONE',  #2923 ) ;
#1866 = VERTEX_POINT ( 'NONE', #608 ) ;
#1865 = VECTOR ( 'NONE', #4696, 1000.000000000000000 ) ;
#1867 = ORIENTED_EDGE ( 'NONE', *, *, #548, .F. ) ;
#1868 = ADVANCED_FACE ( 'NONE', ( #3799 ), #1728, .F. ) ;
#1869 = DIRECTION ( 'NONE',  ( -0.000000000000000000, 1.000000000000000000, -0.000000000000000000 ) ) ;
#1870 = VERTEX_POINT ( 'NONE', #4255 ) ;
#1871 = LINE ( 'NONE', #1790, #295 ) ;
#1872 = DIRECTION ( 'NONE',  ( 0.000000000000000000, -0.3583132270247111895, 0.9336014306646802652 ) ) ;
#1873 = EDGE_CURVE ( 'NONE', #3791, #3853, #3739, .T. ) ;
#1874 = ORIENTED_EDGE ( 'NONE', *, *, #894, .T. ) ;
#1875 = CARTESIAN_POINT ( 'NONE',  ( -131.3196080030131441, 28.63646680170275971, -22.04966218791255983 ) ) ;
#1876 = CIRCLE ( 'NONE', #4681, 1.499999999999999556 ) ;
#1877 = FACE_OUTER_BOUND ( 'NONE', #793, .T. ) ;
#1878 = DIRECTION ( 'NONE',  ( 0.000000000000000000, 0.000000000000000000, 1.000000000000000000 ) ) ;
#1879 = EDGE_CURVE ( 'NONE', #176, #1433, #1764, .T. ) ;
#1880 = B_SPLINE_CURVE_WITH_KNOTS ( 'NONE', 3,
 ( #4332, #662, #5139, #3934 ),
 .UNSPECIFIED., .F., .F.,
 ( 4, 4 ),
 ( 0.000000000000000000, 0.003543379467775460007 ),
 .UNSPECIFIED. ) ;
#1881 = ORIENTED_EDGE ( 'NONE', *, *, #183, .F. ) ;
#1882 = CARTESIAN_POINT ( 'NONE',  ( -122.3196080030131583, 2.870205214164995411, -14.86971232810076948 ) ) ;
#1883 = LINE ( 'NONE', #1395, #374 ) ;
#1884 = LINE ( 'NONE', #5150, #3276 ) ;
#1885 = CARTESIAN_POINT ( 'NONE',  ( -134.8051083604834730, 44.91345736626613672, -49.01781652415689194 ) ) ;
#1886 = ORIENTED_EDGE ( 'NONE', *, *, #1193, .T. ) ;
#1887 = CARTESIAN_POINT ( 'NONE',  ( 0.000000000000000000, 69.80056625442354346, -51.00000000000000000 ) ) ;
#1888 = ORIENTED_EDGE ( 'NONE', *, *, #3053, .F. ) ;
#1889 = CARTESIAN_POINT ( 'NONE',  ( -130.8196080030131441, 28.63646680170275616, -44.29604796487008400 ) ) ;
#1890 = ORIENTED_EDGE ( 'NONE', *, *, #622, .T. ) ;
#1891 = ORIENTED_EDGE ( 'NONE', *, *, #3417, .T. ) ;
#1892 = DIRECTION ( 'NONE',  ( 0.000000000000000000, 0.000000000000000000, -1.000000000000000000 ) ) ;
#1893 = ORIENTED_EDGE ( 'NONE', *, *, #1189, .F. ) ;
#1894 = DIRECTION ( 'NONE',  ( 0.000000000000000000, 1.826024711554533618E-15, -1.000000000000000000 ) ) ;
#1895 = CARTESIAN_POINT ( 'NONE',  ( -138.3196080030131441, 42.12507758871971220, -44.89999999999999858 ) ) ;
#1896 = ORIENTED_EDGE ( 'NONE', *, *, #4833, .T. ) ;
#1897 = EDGE_CURVE ( 'NONE', #607, #1642, #4999, .T. ) ;
#1898 = PLANE ( 'NONE',  #5010 ) ;
#1899 = DIRECTION ( 'NONE',  ( 0.000000000000000000, -0.5816873381328749870, -0.8134124664989408338 ) ) ;
#1900 = LINE ( 'NONE', #3542, #1479 ) ;
#1901 = ORIENTED_EDGE ( 'NONE', *, *, #3936, .T. ) ;
#1902 = LINE ( 'NONE', #2203, #3147 ) ;
#1903 = DIRECTION ( 'NONE',  ( -0.000000000000000000, 0.9538267149103734077, -0.3003574502543348568 ) ) ;
#1904 = DIRECTION ( 'NONE',  ( -1.000000000000000000, -0.000000000000000000, -0.000000000000000000 ) ) ;
#1905 = LINE ( 'NONE', #2305, #2753 ) ;
#1906 = FACE_OUTER_BOUND ( 'NONE', #1605, .T. ) ;
#1907 = ORIENTED_EDGE ( 'NONE', *, *, #362, .F. ) ;
#1908 = CIRCLE ( 'NONE', #1220, 9.399999999999998579 ) ;
#1909 = EDGE_CURVE ( 'NONE', #446, #1300, #1788, .T. ) ;
#1910 = CARTESIAN_POINT ( 'NONE',  ( -122.3196080030131583, 48.69320226928962825, -9.384714531282769556 ) ) ;
#1911 = AXIS2_PLACEMENT_3D ( 'NONE', #3548, #2608, #4167 ) ;
#1912 = VERTEX_POINT ( 'NONE', #2966 ) ;
#1913 = LINE ( 'NONE', #359, #1118 ) ;
#1914 = EDGE_CURVE ( 'NONE', #2272, #369, #3854, .T. ) ;
#1915 = EDGE_LOOP ( 'NONE', ( #417, #1115, #228, #1645, #4943, #2884, #210, #3950, #3448 ) ) ;
#1916 = VECTOR ( 'NONE', #2974, 1000.000000000000000 ) ;
#1917 = ORIENTED_EDGE ( 'NONE', *, *, #3983, .F. ) ;
#1918 = ADVANCED_FACE ( 'NONE', ( #709 ), #2773, .F. ) ;
#1919 = ADVANCED_FACE ( 'NONE', ( #3160, #257, #632, #3984, #1491 ), #4785, .F. ) ;
#1920 = DIRECTION ( 'NONE',  ( 0.000000000000000000, 0.000000000000000000, 1.000000000000000000 ) ) ;
#1921 = ORIENTED_EDGE ( 'NONE', *, *, #6, .F. ) ;
#1922 = CARTESIAN_POINT ( 'NONE',  ( -134.3196080030131441, 21.49167916936619704, 13.00060001146845323 ) ) ;
#1923 = VECTOR ( 'NONE', #1973, 1000.000000000000000 ) ;
#1924 = DIRECTION ( 'NONE',  ( 0.000000000000000000, 0.8835444418056636051, -0.4683473276899507987 ) ) ;
#1925 = EDGE_LOOP ( 'NONE', ( #4057, #5141 ) ) ;
#1926 = CARTESIAN_POINT ( 'NONE',  ( -131.0696080030131441, 30.07369701593561118, -44.29604796487008400 ) ) ;
#1927 = LINE ( 'NONE', #2782, #4168 ) ;
#1928 = CARTESIAN_POINT ( 'NONE',  ( -122.3196080030131583, 40.63185401174214206, -13.26250413604848255 ) ) ;
#1929 = ORIENTED_EDGE ( 'NONE', *, *, #3659, .T. ) ;
#1930 = FACE_OUTER_BOUND ( 'NONE', #443, .T. ) ;
#1931 = PLANE ( 'NONE',  #5212 ) ;
#1932 = LINE ( 'NONE', #830, #456 ) ;
#1933 = LINE ( 'NONE', #675, #3699 ) ;
#1934 = VECTOR ( 'NONE', #547, 1000.000000000000000 ) ;
#1935 = CARTESIAN_POINT ( 'NONE',  ( -133.3694695379855943, 44.05509108540407937, -50.21525278247908375 ) ) ;
#1936 = ORIENTED_EDGE ( 'NONE', *, *, #3803, .T. ) ;
#1937 = VECTOR ( 'NONE', #3644, 1000.000000000000000 ) ;
#1938 = CIRCLE ( 'NONE', #993, 3.000000000000002665 ) ;
#1939 = AXIS2_PLACEMENT_3D ( 'NONE', #3842, #4186, #883 ) ;
#1940 = DIRECTION ( 'NONE',  ( 0.000000000000000000, -0.3583132270247113005, -0.9336014306646801542 ) ) ;
#1941 = VERTEX_POINT ( 'NONE', #2372 ) ;
#1942 = ADVANCED_FACE ( 'NONE', ( #4378 ), #1107, .F. ) ;
#1943 = FACE_OUTER_BOUND ( 'NONE', #4431, .T. ) ;
#1944 = VECTOR ( 'NONE', #3419, 1000.000000000000114 ) ;
#1945 = VERTEX_POINT ( 'NONE', #3535 ) ;
#1946 = VERTEX_POINT ( 'NONE', #1540 ) ;
#1947 = EDGE_CURVE ( 'NONE', #2828, #1064, #5162, .T. ) ;
#1948 = AXIS2_PLACEMENT_3D ( 'NONE', #2353, #4875, #1204 ) ;
#1949 = DIRECTION ( 'NONE',  ( 1.000000000000000000, -0.000000000000000000, 0.000000000000000000 ) ) ;
#1950 = ORIENTED_EDGE ( 'NONE', *, *, #1681, .T. ) ;
#1951 = DIRECTION ( 'NONE',  ( -1.000000000000000000, 0.000000000000000000, 0.000000000000000000 ) ) ;
#1952 = CARTESIAN_POINT ( 'NONE',  ( -131.0696080030130872, 0.000000000000000000, 0.000000000000000000 ) ) ;
#1953 = ORIENTED_EDGE ( 'NONE', *, *, #2849, .F. ) ;
#1954 = CARTESIAN_POINT ( 'NONE',  ( -138.3196080030131441, 67.80056625442354346, -30.74337584167457749 ) ) ;
#1955 = DIRECTION ( 'NONE',  ( 0.000000000000000000, 0.000000000000000000, 1.000000000000000000 ) ) ;
#1956 = LINE ( 'NONE', #4445, #1049 ) ;
#1957 = ORIENTED_EDGE ( 'NONE', *, *, #2403, .T. ) ;
#1958 = VECTOR ( 'NONE', #214, 1000.000000000000000 ) ;
#1959 = PLANE ( 'NONE',  #3325 ) ;
#1960 = DIRECTION ( 'NONE',  ( 0.000000000000000000, -0.02967626236838653148, 0.9995595627334284972 ) ) ;
#1961 = CARTESIAN_POINT ( 'NONE',  ( -122.3196080030131583, 20.90793023955747998, -9.384714531282766004 ) ) ;
#1962 = CARTESIAN_POINT ( 'NONE',  ( -144.3196080030131725, 12.25844098113098823, -28.39604796487009253 ) ) ;
#1963 = DIRECTION ( 'NONE',  ( -0.000000000000000000, -0.7071067811865475727, -0.7071067811865475727 ) ) ;
#1964 = VERTEX_POINT ( 'NONE', #4405 ) ;
#1965 = CYLINDRICAL_SURFACE ( 'NONE', #1766, 1.500000000000001332 ) ;
#1966 = EDGE_CURVE ( 'NONE', #2504, #5222, #3186, .T. ) ;
#1967 = ORIENTED_EDGE ( 'NONE', *, *, #5301, .F. ) ;
#1968 = DIRECTION ( 'NONE',  ( 0.000000000000000000, 1.000000000000000000, 0.000000000000000000 ) ) ;
#1969 = ORIENTED_EDGE ( 'NONE', *, *, #5255, .F. ) ;
#1970 = EDGE_LOOP ( 'NONE', ( #4346, #669, #4145 ) ) ;
#1971 = FACE_BOUND ( 'NONE', #3505, .T. ) ;
#1972 = ORIENTED_EDGE ( 'NONE', *, *, #3917, .F. ) ;
#1973 = DIRECTION ( 'NONE',  ( -1.000000000000000000, -0.000000000000000000, -0.000000000000000000 ) ) ;
#1974 = LINE ( 'NONE', #1495, #1021 ) ;
#1975 = ORIENTED_EDGE ( 'NONE', *, *, #90, .T. ) ;
#1976 = CARTESIAN_POINT ( 'NONE',  ( -138.5156559678832195, 57.71573559604254910, -51.00000000000000711 ) ) ;
#1977 = CARTESIAN_POINT ( 'NONE',  ( -136.3196080030131441, -0.1994337455764462197, 0.000000000000000000 ) ) ;
#1978 = LINE ( 'NONE', #4794, #4146 ) ;
#1979 = EDGE_CURVE ( 'NONE', #1058, #5209, #1085, .T. ) ;
#1980 = EDGE_LOOP ( 'NONE', ( #3403, #4016, #4614, #3855 ) ) ;
#1981 = EDGE_CURVE ( 'NONE', #282, #3705, #3887, .T. ) ;
#1982 = ADVANCED_FACE ( 'NONE', ( #2721, #1971 ), #2805, .T. ) ;
#1983 = CARTESIAN_POINT ( 'NONE',  ( -130.8196080030131441, 12.31571228318268929, -39.11025139846663734 ) ) ;
#1984 = VECTOR ( 'NONE', #3901, 1000.000000000000000 ) ;
#1985 = LINE ( 'NONE', #1149, #677 ) ;
#1986 = LINE ( 'NONE', #2008, #3294 ) ;
#1987 = CARTESIAN_POINT ( 'NONE',  ( -122.3196080030131583, 4.070205214165001806, -15.75906465691169167 ) ) ;
#1988 = DIRECTION ( 'NONE',  ( 0.000000000000000000, 0.000000000000000000, 1.000000000000000000 ) ) ;
#1989 = ORIENTED_EDGE ( 'NONE', *, *, #408, .F. ) ;
#1990 = CARTESIAN_POINT ( 'NONE',  ( -132.3196080030131725, 43.34913577197199430, -51.00000000000000000 ) ) ;
#1991 = VECTOR ( 'NONE', #3941, 1000.000000000000000 ) ;
#1992 = ORIENTED_EDGE ( 'NONE', *, *, #3434, .T. ) ;
#1993 = LINE ( 'NONE', #3609, #1812 ) ;
#1994 = EDGE_CURVE ( 'NONE', #3974, #1351, #684, .T. ) ;
#1995 = ORIENTED_EDGE ( 'NONE', *, *, #694, .T. ) ;
#1996 = DIRECTION ( 'NONE',  ( 0.000000000000000000, 0.000000000000000000, -1.000000000000000000 ) ) ;
#1997 = ORIENTED_EDGE ( 'NONE', *, *, #4496, .F. ) ;
#1998 = DIRECTION ( 'NONE',  ( -1.000000000000000000, 0.000000000000000000, 0.000000000000000000 ) ) ;
#1999 = CARTESIAN_POINT ( 'NONE',  ( -131.3196080030131441, 45.48456918233206636, -13.48559842370335460 ) ) ;
#2000 = CIRCLE ( 'NONE', #970, 7.300000000000000711 ) ;
#2001 = ORIENTED_EDGE ( 'NONE', *, *, #1192, .T. ) ;
#2002 = DIRECTION ( 'NONE',  ( -1.000000000000000000, 0.000000000000000000, 0.000000000000000000 ) ) ;
#2003 = DIRECTION ( 'NONE',  ( -1.000000000000000000, -0.000000000000000000, -0.000000000000000000 ) ) ;
#2004 = EDGE_CURVE ( 'NONE', #787, #413, #3213, .T. ) ;
#2005 = ORIENTED_EDGE ( 'NONE', *, *, #2004, .T. ) ;
#2006 = CARTESIAN_POINT ( 'NONE',  ( -139.8196080030131441, 12.25844098113098646, -38.29604796487006979 ) ) ;
#2007 = CARTESIAN_POINT ( 'NONE',  ( -130.3196080030131441, 40.96466570714435562, -44.29604796487008400 ) ) ;
#2008 = CARTESIAN_POINT ( 'NONE',  ( -134.8196080030131441, 28.55064896183295176, 17.27066388324388058 ) ) ;
#2009 = AXIS2_PLACEMENT_3D ( 'NONE', #3282, #1585, #2486 ) ;
#2010 = CARTESIAN_POINT ( 'NONE',  ( -134.8196080030131441, 57.34269152771611289, -38.29604796487006979 ) ) ;
#2011 = ADVANCED_FACE ( 'NONE', ( #2290 ), #3512, .T. ) ;
#2012 = ADVANCED_FACE ( 'NONE', ( #1465 ), #4732, .F. ) ;
#2013 = DIRECTION ( 'NONE',  ( 0.000000000000000000, 0.000000000000000000, 1.000000000000000000 ) ) ;
#2014 = ORIENTED_EDGE ( 'NONE', *, *, #3942, .T. ) ;
#2015 = CARTESIAN_POINT ( 'NONE',  ( -138.3196080030131441, 12.25844098113098646, -38.29604796487006979 ) ) ;
#2016 = VERTEX_POINT ( 'NONE', #4330 ) ;
#2017 = DIRECTION ( 'NONE',  ( 0.000000000000000000, -0.8760568102997615680, 0.4822079065376339568 ) ) ;
#2018 = EDGE_LOOP ( 'NONE', ( #1797, #3829, #4860 ) ) ;
#2019 = AXIS2_PLACEMENT_3D ( 'NONE', #1076, #3583, #1862 ) ;
#2020 = PLANE ( 'NONE',  #2941 ) ;
#2021 = VECTOR ( 'NONE', #4768, 1000.000000000000227 ) ;
#2022 = ORIENTED_EDGE ( 'NONE', *, *, #5157, .T. ) ;
#2023 = FILL_AREA_STYLE_COLOUR ( '', #1606 ) ;
#2024 = DIRECTION ( 'NONE',  ( 1.000000000000000000, -0.000000000000000000, -0.000000000000000000 ) ) ;
#2025 = ORIENTED_EDGE ( 'NONE', *, *, #3660, .F. ) ;
#2026 = AXIS2_PLACEMENT_3D ( 'NONE', #4444, #292, #3645 ) ;
#2027 = DIRECTION ( 'NONE',  ( 1.000000000000000000, -0.000000000000000000, -0.000000000000000000 ) ) ;
#2028 = ORIENTED_EDGE ( 'NONE', *, *, #3131, .T. ) ;
#2029 = CARTESIAN_POINT ( 'NONE',  ( -126.3196080030131441, 39.45352726980763691, -11.79540235893742306 ) ) ;
#2030 = EDGE_CURVE ( 'NONE', #5020, #4567, #1572, .T. ) ;
#2031 = VERTEX_POINT ( 'NONE', #3562 ) ;
#2032 = ADVANCED_FACE ( 'NONE', ( #3715 ), #2098, .F. ) ;
#2033 = DIRECTION ( 'NONE',  ( -1.000000000000000000, 0.000000000000000000, 0.000000000000000000 ) ) ;
#2034 = LINE ( 'NONE', #3678, #4443 ) ;
#2035 = CARTESIAN_POINT ( 'NONE',  ( -134.3196080030131441, -11.22337441595442620, -6.623676461137792515 ) ) ;
#2036 = DIRECTION ( 'NONE',  ( -1.000000000000000000, 0.000000000000000000, 0.000000000000000000 ) ) ;
#2037 = EDGE_CURVE ( 'NONE', #3534, #905, #4907, .T. ) ;
#2038 = DIRECTION ( 'NONE',  ( 1.000000000000000000, -0.000000000000000000, 0.000000000000000000 ) ) ;
#2039 = AXIS2_PLACEMENT_3D ( 'NONE', #2856, #1241, #4996 ) ;
#2040 = ORIENTED_EDGE ( 'NONE', *, *, #5027, .T. ) ;
#2041 = DIRECTION ( 'NONE',  ( 0.000000000000000000, 0.000000000000000000, 1.000000000000000000 ) ) ;
#2042 = FACE_OUTER_BOUND ( 'NONE', #532, .T. ) ;
#2043 = CARTESIAN_POINT ( 'NONE',  ( -126.3196080030131441, 30.14760523903947842, -14.79540235893742484 ) ) ;
#2044 = ORIENTED_EDGE ( 'NONE', *, *, #2780, .F. ) ;
#2045 = FACE_OUTER_BOUND ( 'NONE', #4483, .T. ) ;
#2046 = ORIENTED_EDGE ( 'NONE', *, *, #2488, .T. ) ;
#2047 = DIRECTION ( 'NONE',  ( 0.000000000000000000, 0.000000000000000000, 1.000000000000000000 ) ) ;
#2048 = ORIENTED_EDGE ( 'NONE', *, *, #2660, .F. ) ;
#2049 = ADVANCED_FACE ( 'NONE', ( #2045 ), #1239, .F. ) ;
#2050 = DIRECTION ( 'NONE',  ( 0.000000000000000000, -0.9999543040532066218, -0.009559801539097675938 ) ) ;
#2051 = ORIENTED_EDGE ( 'NONE', *, *, #3619, .T. ) ;
#2052 = DIRECTION ( 'NONE',  ( -1.000000000000000000, 0.000000000000000000, 0.000000000000000000 ) ) ;
#2053 = ORIENTED_EDGE ( 'NONE', *, *, #5274, .T. ) ;
#2054 = DIRECTION ( 'NONE',  ( -0.000000000000000000, -0.7071067811865474617, 0.7071067811865474617 ) ) ;
#2055 = CARTESIAN_POINT ( 'NONE',  ( -138.3196080030131441, 28.24416949491412510, -44.99999999999996447 ) ) ;
#2056 = DIRECTION ( 'NONE',  ( 0.000000000000000000, 1.000000000000000000, 4.436722895625987665E-16 ) ) ;
#2057 = CARTESIAN_POINT ( 'NONE',  ( -120.3196080030131583, 2.870205214165002072, -46.14907805431299437 ) ) ;
#2058 = DIRECTION ( 'NONE',  ( 0.000000000000000000, 0.000000000000000000, -1.000000000000000000 ) ) ;
#2059 = ORIENTED_EDGE ( 'NONE', *, *, #1570, .F. ) ;
#2060 = DIRECTION ( 'NONE',  ( 0.000000000000000000, 0.000000000000000000, 1.000000000000000000 ) ) ;
#2061 = DIRECTION ( 'NONE',  ( 1.000000000000000000, -0.000000000000000000, 0.000000000000000000 ) ) ;
#2062 = ORIENTED_EDGE ( 'NONE', *, *, #2073, .T. ) ;
#2063 = CARTESIAN_POINT ( 'NONE',  ( -122.3196080030131583, 65.53092729468210109, -44.94907805431299153 ) ) ;
#2064 = EDGE_LOOP ( 'NONE', ( #1106, #3876, #653, #1482 ) ) ;
#2065 = EDGE_CURVE ( 'NONE', #705, #3428, #1295, .T. ) ;
#2066 = VECTOR ( 'NONE', #4500, 1000.000000000000000 ) ;
#2067 = CARTESIAN_POINT ( 'NONE',  ( -138.4991928026947221, 58.08920442613291613, -51.00000000000000711 ) ) ;
#2068 = DIRECTION ( 'NONE',  ( -1.000000000000000000, -0.000000000000000000, -0.000000000000000000 ) ) ;
#2069 = EDGE_CURVE ( 'NONE', #3042, #4042, #1140, .T. ) ;
#2070 = ORIENTED_EDGE ( 'NONE', *, *, #4553, .T. ) ;
#2071 = CARTESIAN_POINT ( 'NONE',  ( -138.3196080030131441, 67.80056625442354346, -51.00000000000000000 ) ) ;
#2072 = EDGE_LOOP ( 'NONE', ( #2797, #4866 ) ) ;
#2073 = EDGE_CURVE ( 'NONE', #176, #2454, #4887, .T. ) ;
#2074 = EDGE_CURVE ( 'NONE', #5049, #2572, #3967, .T. ) ;
#2075 = VERTEX_POINT ( 'NONE', #364 ) ;
#2076 = CARTESIAN_POINT ( 'NONE',  ( -131.3196080030131441, 12.25844098113098646, -38.29604796487006979 ) ) ;
#2077 = ORIENTED_EDGE ( 'NONE', *, *, #4043, .F. ) ;
#2078 = LINE ( 'NONE', #2509, #4397 ) ;
#2079 = CONICAL_SURFACE ( 'NONE', #454, 11.40000000000000036, 0.7853981633974408405 ) ;
#2080 = ORIENTED_EDGE ( 'NONE', *, *, #1681, .F. ) ;
#2081 = AXIS2_PLACEMENT_3D ( 'NONE', #4423, #299, #3578 ) ;
#2082 = DIRECTION ( 'NONE',  ( 1.000000000000000000, -0.000000000000000000, -0.000000000000000000 ) ) ;
#2083 = CARTESIAN_POINT ( 'NONE',  ( -131.3196080030131441, 0.000000000000000000, 0.000000000000000000 ) ) ;
#2084 = CARTESIAN_POINT ( 'NONE',  ( -144.3196080030131725, 57.34269152771611289, -38.29604796487006979 ) ) ;
#2085 = CIRCLE ( 'NONE', #3722, 3.149999999999999911 ) ;
#2086 = PLANE ( 'NONE',  #4321 ) ;
#2087 = ORIENTED_EDGE ( 'NONE', *, *, #317, .T. ) ;
#2088 = CARTESIAN_POINT ( 'NONE',  ( -122.3196080030131583, 2.870205214164995411, -14.86971232810076948 ) ) ;
#2089 = AXIS2_PLACEMENT_3D ( 'NONE', #4723, #1050, #2685 ) ;
#2090 = FACE_BOUND ( 'NONE', #4998, .T. ) ;
#2091 = DIRECTION ( 'NONE',  ( -1.000000000000000000, 0.000000000000000000, 0.000000000000000000 ) ) ;
#2092 = EDGE_CURVE ( 'NONE', #2505, #1964, #2905, .T. ) ;
#2093 = CARTESIAN_POINT ( 'NONE',  ( -130.8196080030131441, 40.96466570714435562, 0.000000000000000000 ) ) ;
#2094 = ORIENTED_EDGE ( 'NONE', *, *, #2825, .F. ) ;
#2095 = AXIS2_PLACEMENT_3D ( 'NONE', #3686, #4507, #429 ) ;
#2096 = EDGE_CURVE ( 'NONE', #5284, #1912, #4088, .T. ) ;
#2097 = DIRECTION ( 'NONE',  ( 0.000000000000000000, 0.9538267149103732967, 0.3003574502543349678 ) ) ;
#2098 = PLANE ( 'NONE',  #2166 ) ;
#2099 = ORIENTED_EDGE ( 'NONE', *, *, #916, .T. ) ;
#2100 = PRESENTATION_STYLE_ASSIGNMENT (( #36 ) ) ;
#2101 = CARTESIAN_POINT ( 'NONE',  ( -138.3196080030131441, 20.69762783437838394, -12.63547284888469413 ) ) ;
#2102 = VECTOR ( 'NONE', #4938, 1000.000000000000114 ) ;
#2103 = ORIENTED_EDGE ( 'NONE', *, *, #4713, .F. ) ;
#2104 = AXIS2_PLACEMENT_3D ( 'NONE', #4810, #1949, #1892 ) ;
#2105 = VECTOR ( 'NONE', #2414, 1000.000000000000000 ) ;
#2106 = CIRCLE ( 'NONE', #52, 3.149999999999999911 ) ;
#2107 = VECTOR ( 'NONE', #2848, 999.9999999999998863 ) ;
#2108 = CARTESIAN_POINT ( 'NONE',  ( -126.3196080030131441, 65.83968306384814184, -12.94779258935107080 ) ) ;
#2109 = ORIENTED_EDGE ( 'NONE', *, *, #1909, .T. ) ;
#2110 = FACE_OUTER_BOUND ( 'NONE', #4705, .T. ) ;
#2111 = VECTOR ( 'NONE', #4742, 1000.000000000000000 ) ;
#2112 = ORIENTED_EDGE ( 'NONE', *, *, #3625, .T. ) ;
#2113 = CARTESIAN_POINT ( 'NONE',  ( -126.3196080030131441, 42.12507758871971220, -50.89999999999999858 ) ) ;
#2114 = CARTESIAN_POINT ( 'NONE',  ( -122.3196080030131583, 48.79174080797342583, -10.66893267680490887 ) ) ;
#2115 = CIRCLE ( 'NONE', #4174, 9.399999999999998579 ) ;
#2116 = VECTOR ( 'NONE', #5165, 1000.000000000000000 ) ;
#2117 = LINE ( 'NONE', #1796, #1411 ) ;
#2118 = ORIENTED_EDGE ( 'NONE', *, *, #4759, .F. ) ;
#2119 = CARTESIAN_POINT ( 'NONE',  ( -138.3196080030131441, 67.80056625442354346, -15.21824124829908698 ) ) ;
#2120 = DIRECTION ( 'NONE',  ( -0.000000000000000000, -0.000000000000000000, 1.000000000000000000 ) ) ;
#2121 = CARTESIAN_POINT ( 'NONE',  ( -138.3196080030131441, 67.80056625442354346, -42.83398320024904393 ) ) ;
#2122 = DIRECTION ( 'NONE',  ( -1.000000000000000000, -0.000000000000000000, -0.000000000000000000 ) ) ;
#2123 = ORIENTED_EDGE ( 'NONE', *, *, #3594, .T. ) ;
#2124 = ADVANCED_FACE ( 'NONE', ( #4459 ), #841, .T. ) ;
#2125 = AXIS2_PLACEMENT_3D ( 'NONE', #4102, #512, #2541 ) ;
#2126 =( BOUNDED_CURVE ( )  B_SPLINE_CURVE ( 3, ( #4853, #3279, #1633, #3679 ),
 .UNSPECIFIED., .F., .T. ) 
 B_SPLINE_CURVE_WITH_KNOTS ( ( 4, 4 ),
 ( 5.616342752522047732, 5.873779300196875219 ),
 .UNSPECIFIED. ) 
 CURVE ( )  GEOMETRIC_REPRESENTATION_ITEM ( )  RATIONAL_B_SPLINE_CURVE ( ( 1.000000000000000000, 0.9944848231078271539, 0.9944848231078271539, 1.000000000000000000 ) ) 
 REPRESENTATION_ITEM ( '' )  );
#2127 = DIRECTION ( 'NONE',  ( -1.000000000000000000, -0.000000000000000000, -0.000000000000000000 ) ) ;
#2128 = DIRECTION ( 'NONE',  ( 0.000000000000000000, 0.000000000000000000, -1.000000000000000000 ) ) ;
#2129 = EDGE_LOOP ( 'NONE', ( #4108, #3214, #783, #814 ) ) ;
#2130 = DIRECTION ( 'NONE',  ( 0.000000000000000000, 0.5175834996091416285, -0.8556327021171840075 ) ) ;
#2131 = PLANE ( 'NONE',  #411 ) ;
#2132 = ORIENTED_EDGE ( 'NONE', *, *, #97, .F. ) ;
#2133 = AXIS2_PLACEMENT_3D ( 'NONE', #3960, #687, #287 ) ;
#2134 = CARTESIAN_POINT ( 'NONE',  ( -133.0921974664306333, 25.20852064591848674, -51.00000000000000000 ) ) ;
#2135 = ORIENTED_EDGE ( 'NONE', *, *, #1622, .F. ) ;
#2136 = PLANE ( 'NONE',  #1406 ) ;
#2137 = EDGE_LOOP ( 'NONE', ( #5213, #2299, #2686, #1060 ) ) ;
#2138 = EDGE_CURVE ( 'NONE', #861, #1811, #1641, .T. ) ;
#2139 = ADVANCED_FACE ( 'NONE', ( #4137 ), #3291, .F. ) ;
#2140 = FACE_OUTER_BOUND ( 'NONE', #4446, .T. ) ;
#2141 = DIRECTION ( 'NONE',  ( 0.000000000000000000, 0.000000000000000000, 1.000000000000000000 ) ) ;
#2142 = CARTESIAN_POINT ( 'NONE',  ( -134.3196080030131441, 9.299951885966493137, -35.14604796487007832 ) ) ;
#2143 = EDGE_CURVE ( 'NONE', #1146, #5081, #4865, .T. ) ;
#2144 = CARTESIAN_POINT ( 'NONE',  ( -120.3196080030131583, 57.34269152771611289, -38.29604796487006979 ) ) ;
#2145 = VERTEX_POINT ( 'NONE', #465 ) ;
#2146 = EDGE_CURVE ( 'NONE', #1811, #1490, #1669, .T. ) ;
#2147 = ADVANCED_FACE ( 'NONE', ( #2425 ), #2020, .F. ) ;
#2148 = CARTESIAN_POINT ( 'NONE',  ( -144.3196080030131725, 12.25844098113098646, -38.29604796487006979 ) ) ;
#2149 = FACE_BOUND ( 'NONE', #4608, .T. ) ;
#2150 = CYLINDRICAL_SURFACE ( 'NONE', #3988, 1.499999999999999556 ) ;
#2151 = CARTESIAN_POINT ( 'NONE',  ( -134.3196080030131441, 0.000000000000000000, -35.14604796487007121 ) ) ;
#2152 = ORIENTED_EDGE ( 'NONE', *, *, #3721, .F. ) ;
#2153 = VECTOR ( 'NONE', #4962, 1000.000000000000000 ) ;
#2154 = CARTESIAN_POINT ( 'NONE',  ( -131.0696080030131441, 12.83343774122669423, -20.05274209494164595 ) ) ;
#2155 = LINE ( 'NONE', #1753, #5130 ) ;
#2156 = VERTEX_POINT ( 'NONE', #3665 ) ;
#2157 = CARTESIAN_POINT ( 'NONE',  ( -138.3196080030131441, 12.25844098113098646, -38.29604796487006979 ) ) ;
#2158 = ORIENTED_EDGE ( 'NONE', *, *, #4764, .F. ) ;
#2159 = PLANE ( 'NONE',  #50 ) ;
#2160 = ORIENTED_EDGE ( 'NONE', *, *, #850, .T. ) ;
#2161 = PLANE ( 'NONE',  #5174 ) ;
#2162 = ADVANCED_FACE ( 'NONE', ( #1623 ), #3265, .T. ) ;
#2163 = DIRECTION ( 'NONE',  ( 0.000000000000000000, -0.9997914061467753077, -0.02042410818257910099 ) ) ;
#2164 = ORIENTED_EDGE ( 'NONE', *, *, #1772, .F. ) ;
#2165 = DIRECTION ( 'NONE',  ( -1.000000000000000000, -0.000000000000000000, -0.000000000000000000 ) ) ;
#2166 = AXIS2_PLACEMENT_3D ( 'NONE', #4536, #5291, #3320 ) ;
#2167 = DIRECTION ( 'NONE',  ( -1.000000000000000000, -0.000000000000000000, -0.000000000000000000 ) ) ;
#2168 = CARTESIAN_POINT ( 'NONE',  ( -120.3196080030131583, 39.45352726980763691, -11.79540235893742306 ) ) ;
#2169 = EDGE_CURVE ( 'NONE', #282, #1443, #412, .T. ) ;
#2170 = PLANE ( 'NONE',  #5105 ) ;
#2171 = VECTOR ( 'NONE', #995, 1000.000000000000000 ) ;
#2172 = VERTEX_POINT ( 'NONE', #943 ) ;
#2173 = DIRECTION ( 'NONE',  ( 0.000000000000000000, 0.7071067811865475727, 0.7071067811865475727 ) ) ;
#2174 = VECTOR ( 'NONE', #4149, 1000.000000000000000 ) ;
#2175 = CARTESIAN_POINT ( 'NONE',  ( -132.7826965941072501, 43.55570619935977561, -50.53691140890592237 ) ) ;
#2176 = EDGE_CURVE ( 'NONE', #3367, #3219, #2510, .T. ) ;
#2177 = EDGE_CURVE ( 'NONE', #2937, #4647, #5048, .T. ) ;
#2178 = CARTESIAN_POINT ( 'NONE',  ( -131.3196080030131441, 14.75454952074163906, -46.85511708610702186 ) ) ;
#2179 = CARTESIAN_POINT ( 'NONE',  ( -144.3196080030131725, 12.25844098113098646, -38.29604796487006979 ) ) ;
#2180 = VERTEX_POINT ( 'NONE', #4617 ) ;
#2181 = DIRECTION ( 'NONE',  ( 0.000000000000000000, 0.000000000000000000, 1.000000000000000000 ) ) ;
#2182 = CARTESIAN_POINT ( 'NONE',  ( -122.3196080030131583, 2.870205214165002072, -46.14907805431299437 ) ) ;
#2183 = ORIENTED_EDGE ( 'NONE', *, *, #10, .T. ) ;
#2184 = DIRECTION ( 'NONE',  ( 0.000000000000000000, 1.000000000000000000, 0.000000000000000000 ) ) ;
#2185 = ORIENTED_EDGE ( 'NONE', *, *, #4667, .T. ) ;
#2186 = EDGE_LOOP ( 'NONE', ( #1105, #5249, #5266, #4249 ) ) ;
#2187 = FACE_OUTER_BOUND ( 'NONE', #4437, .T. ) ;
#2188 = EDGE_LOOP ( 'NONE', ( #3480, #3614, #3167, #2135, #1779, #2208, #2784, #3161, #718, #2989 ) ) ;
#2189 = DIRECTION ( 'NONE',  ( 0.000000000000000000, 0.9538267149103732967, -0.3003574502543349678 ) ) ;
#2190 = AXIS2_PLACEMENT_3D ( 'NONE', #1887, #5132, #3951 ) ;
#2191 = DIRECTION ( 'NONE',  ( -1.000000000000000000, -0.000000000000000000, -0.000000000000000000 ) ) ;
#2192 = EDGE_CURVE ( 'NONE', #4646, #976, #1003, .T. ) ;
#2193 = ORIENTED_EDGE ( 'NONE', *, *, #3503, .T. ) ;
#2194 = CIRCLE ( 'NONE', #137, 1.500000000000001332 ) ;
#2195 = CIRCLE ( 'NONE', #4758, 7.300000000000000711 ) ;
#2196 = EDGE_CURVE ( 'NONE', #1301, #2236, #4218, .T. ) ;
#2197 = CARTESIAN_POINT ( 'NONE',  ( -131.3196080030131441, -8.465984072932203119, -26.88490586776090652 ) ) ;
#2198 = CARTESIAN_POINT ( 'NONE',  ( -134.8196080030131441, 9.327675019087740438, -41.44604796487007548 ) ) ;
#2199 = LINE ( 'NONE', #3440, #117 ) ;
#2200 = VECTOR ( 'NONE', #595, 1000.000000000000000 ) ;
#2201 = CARTESIAN_POINT ( 'NONE',  ( -138.3196080030131441, 57.34269152771611289, -38.29604796487006979 ) ) ;
#2202 = VERTEX_POINT ( 'NONE', #2580 ) ;
#2203 = CARTESIAN_POINT ( 'NONE',  ( -131.0696080030131441, 28.63646680170275616, 0.000000000000000000 ) ) ;
#2204 = DIRECTION ( 'NONE',  ( -1.000000000000000000, -0.000000000000000000, -0.000000000000000000 ) ) ;
#2205 = EDGE_CURVE ( 'NONE', #3258, #5009, #5251, .T. ) ;
#2206 = LINE ( 'NONE', #1396, #304 ) ;
#2207 = FACE_OUTER_BOUND ( 'NONE', #2314, .T. ) ;
#2208 = ORIENTED_EDGE ( 'NONE', *, *, #3491, .F. ) ;
#2209 = ADVANCED_FACE ( 'NONE', ( #2934 ), #2639, .F. ) ;
#2210 = PLANE ( 'NONE',  #3395 ) ;
#2211 = CARTESIAN_POINT ( 'NONE',  ( -131.3196080030131441, 0.3277720040578234184, -34.28491950020661250 ) ) ;
#2212 = ORIENTED_EDGE ( 'NONE', *, *, #2488, .F. ) ;
#2213 = CARTESIAN_POINT ( 'NONE',  ( -138.3196080030131441, 30.14760523903947842, -11.79540235893742306 ) ) ;
#2214 = ORIENTED_EDGE ( 'NONE', *, *, #3937, .T. ) ;
#2215 = ORIENTED_EDGE ( 'NONE', *, *, #462, .F. ) ;
#2216 = EDGE_CURVE ( 'NONE', #3212, #173, #1781, .T. ) ;
#2217 = AXIS2_PLACEMENT_3D ( 'NONE', #5204, #1502, #5279 ) ;
#2218 = CARTESIAN_POINT ( 'NONE',  ( -131.0696080030131441, 23.57074262461225089, -28.49359069678928336 ) ) ;
#2219 = ORIENTED_EDGE ( 'NONE', *, *, #2422, .T. ) ;
#2220 = CARTESIAN_POINT ( 'NONE',  ( -132.4196080030131668, 37.39626248584415436, -50.89999999999999858 ) ) ;
#2221 = LINE ( 'NONE', #4627, #2420 ) ;
#2222 = ORIENTED_EDGE ( 'NONE', *, *, #2816, .T. ) ;
#2223 = DIRECTION ( 'NONE',  ( 0.000000000000000000, -1.000000000000000000, -1.178229476649152686E-15 ) ) ;
#2224 = LINE ( 'NONE', #2623, #1958 ) ;
#2225 = FACE_OUTER_BOUND ( 'NONE', #1832, .T. ) ;
#2226 = ORIENTED_EDGE ( 'NONE', *, *, #2205, .T. ) ;
#2227 = FACE_OUTER_BOUND ( 'NONE', #1638, .T. ) ;
#2228 = PLANE ( 'NONE',  #1834 ) ;
#2229 = DIRECTION ( 'NONE',  ( 0.000000000000000000, 0.000000000000000000, -1.000000000000000000 ) ) ;
#2230 = CARTESIAN_POINT ( 'NONE',  ( -131.3196080030131441, 40.96466570714435562, -15.88149908682619937 ) ) ;
#2231 = ORIENTED_EDGE ( 'NONE', *, *, #3502, .T. ) ;
#2232 = CARTESIAN_POINT ( 'NONE',  ( -0.000000000000000000, -0.1994337455764462197, -48.99999999999999289 ) ) ;
#2233 = VERTEX_POINT ( 'NONE', #522 ) ;
#2234 = CARTESIAN_POINT ( 'NONE',  ( -130.8196080030131441, 28.63646680170275616, 0.000000000000000000 ) ) ;
#2235 = VERTEX_POINT ( 'NONE', #2958 ) ;
#2236 = VERTEX_POINT ( 'NONE', #3849 ) ;
#2237 = ADVANCED_FACE ( 'NONE', ( #5022 ), #3425, .F. ) ;
#2238 = VECTOR ( 'NONE', #3978, 1000.000000000000000 ) ;
#2239 = EDGE_CURVE ( 'NONE', #4912, #2345, #2255, .T. ) ;
#2240 = CARTESIAN_POINT ( 'NONE',  ( -139.8196080030131441, 57.34269152771611289, -38.29604796487006979 ) ) ;
#2241 = ORIENTED_EDGE ( 'NONE', *, *, #471, .F. ) ;
#2242 = CARTESIAN_POINT ( 'NONE',  ( -138.3196080030131441, 65.83968306384814184, -9.947792589351072579 ) ) ;
#2243 = EDGE_CURVE ( 'NONE', #740, #946, #4275, .T. ) ;
#2244 = DIRECTION ( 'NONE',  ( -0.000000000000000000, 0.7071067811865474617, -0.7071067811865474617 ) ) ;
#2245 = ORIENTED_EDGE ( 'NONE', *, *, #1215, .T. ) ;
#2246 = DIRECTION ( 'NONE',  ( 0.000000000000000000, 0.000000000000000000, 1.000000000000000000 ) ) ;
#2247 = VECTOR ( 'NONE', #3623, 1000.000000000000000 ) ;
#2248 = LINE ( 'NONE', #4739, #760 ) ;
#2249 = CARTESIAN_POINT ( 'NONE',  ( -138.3196080030131441, 1.800566254423555446, -45.84872008806550525 ) ) ;
#2250 = ORIENTED_EDGE ( 'NONE', *, *, #670, .T. ) ;
#2251 = FACE_OUTER_BOUND ( 'NONE', #4970, .T. ) ;
#2252 = CARTESIAN_POINT ( 'NONE',  ( -144.3196080030131725, 57.34269152771611289, -47.69604796487006837 ) ) ;
#2253 = CARTESIAN_POINT ( 'NONE',  ( -139.8196080030131441, 12.25844098113098646, -49.69604796487007548 ) ) ;
#2254 = DIRECTION ( 'NONE',  ( 1.000000000000000000, -0.000000000000000000, -0.000000000000000000 ) ) ;
#2255 = CIRCLE ( 'NONE', #968, 1.499999999999999556 ) ;
#2256 = ORIENTED_EDGE ( 'NONE', *, *, #2069, .T. ) ;
#2257 = VECTOR ( 'NONE', #77, 1000.000000000000000 ) ;
#2258 = DIRECTION ( 'NONE',  ( -1.000000000000000000, -0.000000000000000000, -0.000000000000000000 ) ) ;
#2259 = ADVANCED_FACE ( 'NONE', ( #2988 ), #3041, .F. ) ;
#2260 = ORIENTED_EDGE ( 'NONE', *, *, #4952, .F. ) ;
#2261 = DIRECTION ( 'NONE',  ( -1.000000000000000000, 0.000000000000000000, 0.000000000000000000 ) ) ;
#2262 = VECTOR ( 'NONE', #3485, 1000.000000000000227 ) ;
#2263 = EDGE_LOOP ( 'NONE', ( #656, #4013 ) ) ;
#2264 = ORIENTED_EDGE ( 'NONE', *, *, #2701, .F. ) ;
#2265 = ADVANCED_FACE ( 'NONE', ( #4247 ), #2079, .T. ) ;
#2266 = DIRECTION ( 'NONE',  ( -1.000000000000000000, -0.000000000000000000, -0.000000000000000000 ) ) ;
#2267 = AXIS2_PLACEMENT_3D ( 'NONE', #3973, #2762, #1558 ) ;
#2268 = VERTEX_POINT ( 'NONE', #3769 ) ;
#2269 = CARTESIAN_POINT ( 'NONE',  ( -120.3196080030131583, 12.25844098113098646, -38.29604796487006979 ) ) ;
#2270 = EDGE_CURVE ( 'NONE', #713, #1729, #172, .T. ) ;
#2271 = CARTESIAN_POINT ( 'NONE',  ( -134.3196080030131441, 0.000000000000000000, 0.000000000000000000 ) ) ;
#2272 = VERTEX_POINT ( 'NONE', #2303 ) ;
#2273 = LINE ( 'NONE', #4738, #991 ) ;
#2274 = FACE_OUTER_BOUND ( 'NONE', #2539, .T. ) ;
#2275 = FACE_OUTER_BOUND ( 'NONE', #4515, .T. ) ;
#2276 = ORIENTED_EDGE ( 'NONE', *, *, #4832, .F. ) ;
#2277 = VECTOR ( 'NONE', #2347, 1000.000000000000000 ) ;
#2278 = DIRECTION ( 'NONE',  ( -0.000000000000000000, 0.000000000000000000, -1.000000000000000000 ) ) ;
#2279 = LINE ( 'NONE', #4366, #3718 ) ;
#2280 = DIRECTION ( 'NONE',  ( 0.000000000000000000, 0.000000000000000000, 1.000000000000000000 ) ) ;
#2281 = CARTESIAN_POINT ( 'NONE',  ( -131.0696080030131441, 56.15117675762549965, -44.29604796487007690 ) ) ;
#2282 = VECTOR ( 'NONE', #2520, 1000.000000000000000 ) ;
#2283 = EDGE_LOOP ( 'NONE', ( #4727, #1696, #66, #3071, #2611 ) ) ;
#2284 = DIRECTION ( 'NONE',  ( -1.000000000000000000, -0.000000000000000000, -0.000000000000000000 ) ) ;
#2285 = ORIENTED_EDGE ( 'NONE', *, *, #5250, .T. ) ;
#2286 = CARTESIAN_POINT ( 'NONE',  ( -126.3196080030131441, 42.12507758871971220, -46.39999999999999858 ) ) ;
#2287 = ORIENTED_EDGE ( 'NONE', *, *, #453, .T. ) ;
#2288 = ORIENTED_EDGE ( 'NONE', *, *, #2795, .T. ) ;
#2289 = EDGE_CURVE ( 'NONE', #251, #893, #1723, .T. ) ;
#2290 = FACE_OUTER_BOUND ( 'NONE', #4012, .T. ) ;
#2291 = ORIENTED_EDGE ( 'NONE', *, *, #3820, .F. ) ;
#2292 = CARTESIAN_POINT ( 'NONE',  ( -131.3196080030131441, 13.88233739052621907, -17.31978629160429861 ) ) ;
#2293 = LINE ( 'NONE', #184, #2823 ) ;
#2294 = AXIS2_PLACEMENT_3D ( 'NONE', #67, #4171, #1273 ) ;
#2295 = ORIENTED_EDGE ( 'NONE', *, *, #2370, .F. ) ;
#2296 = DIRECTION ( 'NONE',  ( 0.000000000000000000, 0.000000000000000000, -1.000000000000000000 ) ) ;
#2297 = LINE ( 'NONE', #747, #1512 ) ;
#2298 = CARTESIAN_POINT ( 'NONE',  ( -138.3196080030131441, 67.80056625442354346, -51.00000000000000000 ) ) ;
#2299 = ORIENTED_EDGE ( 'NONE', *, *, #3816, .F. ) ;
#2300 = EDGE_CURVE ( 'NONE', #5216, #2929, #4020, .T. ) ;
#2301 = DIRECTION ( 'NONE',  ( 0.000000000000000000, 0.000000000000000000, 1.000000000000000000 ) ) ;
#2302 = EDGE_CURVE ( 'NONE', #1729, #2459, #2155, .T. ) ;
#2303 = CARTESIAN_POINT ( 'NONE',  ( -120.3196080030131583, 57.34269152771611289, -44.29604796487007690 ) ) ;
#2304 = DIRECTION ( 'NONE',  ( 0.000000000000000000, 0.000000000000000000, 1.000000000000000000 ) ) ;
#2305 = CARTESIAN_POINT ( 'NONE',  ( -120.3196080030131583, 42.77130483879715683, 16.41548926283887511 ) ) ;
#2306 = EDGE_CURVE ( 'NONE', #1840, #2524, #1985, .T. ) ;
#2307 = EDGE_CURVE ( 'NONE', #3952, #3258, #2467, .T. ) ;
#2308 = CARTESIAN_POINT ( 'NONE',  ( -138.3196080030131441, 57.34269152771611289, -28.89604796487007476 ) ) ;
#2309 = VERTEX_POINT ( 'NONE', #2007 ) ;
#2310 = DIRECTION ( 'NONE',  ( -1.000000000000000000, 0.000000000000000000, 0.000000000000000000 ) ) ;
#2311 = ORIENTED_EDGE ( 'NONE', *, *, #862, .T. ) ;
#2312 = CARTESIAN_POINT ( 'NONE',  ( -131.3196080030131441, 0.000000000000000000, 0.000000000000000000 ) ) ;
#2313 = VERTEX_POINT ( 'NONE', #298 ) ;
#2314 = EDGE_LOOP ( 'NONE', ( #4932, #2612, #2395, #4977 ) ) ;
#2315 = DIRECTION ( 'NONE',  ( 0.000000000000000000, 0.000000000000000000, 1.000000000000000000 ) ) ;
#2316 = VERTEX_POINT ( 'NONE', #4798 ) ;
#2317 = CARTESIAN_POINT ( 'NONE',  ( -134.8196080030131441, 7.495518916495822914, -38.34158263530405009 ) ) ;
#2318 = PLANE ( 'NONE',  #510 ) ;
#2319 = ORIENTED_EDGE ( 'NONE', *, *, #1192, .F. ) ;
#2320 = ADVANCED_FACE ( 'NONE', ( #696 ), #376, .T. ) ;
#2321 = CARTESIAN_POINT ( 'NONE',  ( -138.3196080030131441, 57.34269152771611289, -47.69604796487006837 ) ) ;
#2322 = AXIS2_PLACEMENT_3D ( 'NONE', #724, #4318, #271 ) ;
#2323 = CARTESIAN_POINT ( 'NONE',  ( -122.3196080030131583, 34.80056625442355767, -14.63615997070125552 ) ) ;
#2324 = LINE ( 'NONE', #4386, #195 ) ;
#2325 = ORIENTED_EDGE ( 'NONE', *, *, #4531, .T. ) ;
#2326 = ADVANCED_FACE ( 'NONE', ( #2843, #1096 ), #3254, .T. ) ;
#2327 = CARTESIAN_POINT ( 'NONE',  ( -131.3196080030131441, 15.55742194466765582, -29.34931593574985698 ) ) ;
#2328 = DIRECTION ( 'NONE',  ( 0.000000000000000000, -0.9011589228679853791, 0.4334888646037086124 ) ) ;
#2329 = DIRECTION ( 'NONE',  ( 0.000000000000000000, 0.9538267149103734077, 0.3003574502543348013 ) ) ;
#2330 = CARTESIAN_POINT ( 'NONE',  ( -138.3196080030131441, 27.47605492012738893, -47.89999999999999858 ) ) ;
#2331 = LINE ( 'NONE', #2712, #3898 ) ;
#2332 = VERTEX_POINT ( 'NONE', #3175 ) ;
#2333 = LINE ( 'NONE', #1835, #3231 ) ;
#2334 = AXIS2_PLACEMENT_3D ( 'NONE', #4965, #5265, #3744 ) ;
#2335 = VERTEX_POINT ( 'NONE', #753 ) ;
#2336 = CARTESIAN_POINT ( 'NONE',  ( 0.000000000000000000, 69.80056625442354346, -2.000000000000001776 ) ) ;
#2337 = ORIENTED_EDGE ( 'NONE', *, *, #3942, .F. ) ;
#2338 = AXIS2_PLACEMENT_3D ( 'NONE', #1800, #697, #620 ) ;
#2339 = ORIENTED_EDGE ( 'NONE', *, *, #1349, .T. ) ;
#2340 = DIRECTION ( 'NONE',  ( 0.000000000000000000, 0.000000000000000000, 1.000000000000000000 ) ) ;
#2341 = ORIENTED_EDGE ( 'NONE', *, *, #1622, .T. ) ;
#2342 = DIRECTION ( 'NONE',  ( -1.000000000000000000, 0.000000000000000000, 0.000000000000000000 ) ) ;
#2343 = AXIS2_PLACEMENT_3D ( 'NONE', #208, #557, #3833 ) ;
#2344 = PLANE ( 'NONE',  #3674 ) ;
#2345 = VERTEX_POINT ( 'NONE', #2759 ) ;
#2346 = AXIS2_PLACEMENT_3D ( 'NONE', #53, #3334, #1988 ) ;
#2347 = DIRECTION ( 'NONE',  ( -0.000000000000000000, 1.000000000000000000, -0.000000000000000000 ) ) ;
#2348 = LINE ( 'NONE', #3541, #3062 ) ;
#2349 = DIRECTION ( 'NONE',  ( 0.000000000000000000, 0.02967626236838654882, 0.9995595627334284972 ) ) ;
#2350 = VERTEX_POINT ( 'NONE', #3148 ) ;
#2351 = EDGE_CURVE ( 'NONE', #2202, #2768, #2034, .T. ) ;
#2352 = VECTOR ( 'NONE', #3445, 1000.000000000000000 ) ;
#2353 = CARTESIAN_POINT ( 'NONE',  ( -131.0696080030131441, 12.83343774122669423, -20.05274209494164595 ) ) ;
#2354 = DIRECTION ( 'NONE',  ( -1.000000000000000000, 0.000000000000000000, 0.000000000000000000 ) ) ;
#2355 = FACE_OUTER_BOUND ( 'NONE', #165, .T. ) ;
#2356 = DIRECTION ( 'NONE',  ( -1.000000000000000000, 0.000000000000000000, 0.000000000000000000 ) ) ;
#2357 = AXIS2_PLACEMENT_3D ( 'NONE', #464, #3424, #2097 ) ;
#2358 = CARTESIAN_POINT ( 'NONE',  ( -135.0748578816905763, 45.01477641906353000, -48.72110671378186453 ) ) ;
#2359 = ORIENTED_EDGE ( 'NONE', *, *, #954, .F. ) ;
#2360 = AXIS2_PLACEMENT_3D ( 'NONE', #934, #3028, #4660 ) ;
#2361 = CIRCLE ( 'NONE', #311, 7.300000000000000711 ) ;
#2362 = ADVANCED_FACE ( 'NONE', ( #4472 ), #1931, .F. ) ;
#2363 = VECTOR ( 'NONE', #1, 1000.000000000000000 ) ;
#2364 = FACE_OUTER_BOUND ( 'NONE', #1565, .T. ) ;
#2365 = ORIENTED_EDGE ( 'NONE', *, *, #1710, .F. ) ;
#2366 = LINE ( 'NONE', #1160, #2238 ) ;
#2367 = VECTOR ( 'NONE', #1742, 1000.000000000000000 ) ;
#2368 = ORIENTED_EDGE ( 'NONE', *, *, #5179, .F. ) ;
#2369 = ORIENTED_EDGE ( 'NONE', *, *, #2697, .F. ) ;
#2370 = EDGE_CURVE ( 'NONE', #1912, #905, #2734, .T. ) ;
#2371 = CIRCLE ( 'NONE', #3064, 3.149999999999999911 ) ;
#2372 = CARTESIAN_POINT ( 'NONE',  ( -138.3196080030131441, 57.34269152771611289, -35.14604796487007121 ) ) ;
#2373 = ORIENTED_EDGE ( 'NONE', *, *, #1383, .F. ) ;
#2374 = CARTESIAN_POINT ( 'NONE',  ( -122.3196080030131583, 66.73092729468210393, -46.14907805431299437 ) ) ;
#2375 = VECTOR ( 'NONE', #459, 1000.000000000000114 ) ;
#2376 = DIRECTION ( 'NONE',  ( 0.000000000000000000, 1.000000000000000000, 0.000000000000000000 ) ) ;
#2377 = ADVANCED_FACE ( 'NONE', ( #4876 ), #4852, .F. ) ;
#2378 = ADVANCED_FACE ( 'NONE', ( #1555, #3228 ), #3200, .T. ) ;
#2379 = EDGE_LOOP ( 'NONE', ( #4327, #1997, #4525, #58 ) ) ;
#2380 = CARTESIAN_POINT ( 'NONE',  ( -120.3196080030131583, 0.8901690894362919160, -43.57514157680702738 ) ) ;
#2381 = DIRECTION ( 'NONE',  ( 0.000000000000000000, 0.5175834996091415174, -0.8556327021171841185 ) ) ;
#2382 = DIRECTION ( 'NONE',  ( -1.000000000000000000, -0.000000000000000000, -0.000000000000000000 ) ) ;
#2383 = EDGE_LOOP ( 'NONE', ( #3690, #1352, #523, #3891 ) ) ;
#2384 =( BOUNDED_CURVE ( )  B_SPLINE_CURVE ( 3, ( #999, #5070, #4585, #3037 ),
 .UNSPECIFIED., .F., .F. ) 
 B_SPLINE_CURVE_WITH_KNOTS ( ( 4, 4 ),
 ( 0.4094060069827115678, 0.6668425546575387219 ),
 .UNSPECIFIED. ) 
 CURVE ( )  GEOMETRIC_REPRESENTATION_ITEM ( )  RATIONAL_B_SPLINE_CURVE ( ( 1.000000000000000000, 0.9944848231078272649, 0.9944848231078272649, 1.000000000000000000 ) ) 
 REPRESENTATION_ITEM ( '' )  );
#2385 = AXIS2_PLACEMENT_3D ( 'NONE', #2083, #1282, #591 ) ;
#2386 = DIRECTION ( 'NONE',  ( -1.000000000000000000, -0.000000000000000000, -0.000000000000000000 ) ) ;
#2387 = DIRECTION ( 'NONE',  ( -1.000000000000000000, 0.000000000000000000, 0.000000000000000000 ) ) ;
#2388 = CARTESIAN_POINT ( 'NONE',  ( -120.3196080030131583, 30.14760523903947842, -10.29540235893742306 ) ) ;
#2389 = EDGE_CURVE ( 'NONE', #3258, #3458, #721, .T. ) ;
#2390 = PLANE ( 'NONE',  #566 ) ;
#2391 = CARTESIAN_POINT ( 'NONE',  ( -134.6648226641128474, 44.85162075681868998, -49.16053342985244257 ) ) ;
#2392 = VECTOR ( 'NONE', #2376, 1000.000000000000000 ) ;
#2393 = VERTEX_POINT ( 'NONE', #3650 ) ;
#2394 = DIRECTION ( 'NONE',  ( 0.000000000000000000, 0.000000000000000000, 1.000000000000000000 ) ) ;
#2395 = ORIENTED_EDGE ( 'NONE', *, *, #145, .T. ) ;
#2396 = CARTESIAN_POINT ( 'NONE',  ( -131.3196080030131441, 14.60046783209981136, -34.14846912543361412 ) ) ;
#2397 = VERTEX_POINT ( 'NONE', #2787 ) ;
#2398 = ORIENTED_EDGE ( 'NONE', *, *, #4626, .F. ) ;
#2399 = CARTESIAN_POINT ( 'NONE',  ( -144.3196080030131725, 12.25844098113098646, -38.29604796487006979 ) ) ;
#2400 = VERTEX_POINT ( 'NONE', #4422 ) ;
#2401 = CARTESIAN_POINT ( 'NONE',  ( -120.3196080030131583, -24.59971687278822117, -26.40028312721177528 ) ) ;
#2402 = CARTESIAN_POINT ( 'NONE',  ( -138.3196080030131441, 12.25844098113098646, -38.29604796487006979 ) ) ;
#2403 = EDGE_CURVE ( 'NONE', #2646, #5269, #4027, .T. ) ;
#2404 = VERTEX_POINT ( 'NONE', #3628 ) ;
#2405 = EDGE_CURVE ( 'NONE', #2016, #1814, #3492, .T. ) ;
#2406 = CARTESIAN_POINT ( 'NONE',  ( -120.3196080030131583, 27.47605492012738893, -46.39999999999999858 ) ) ;
#2407 = CARTESIAN_POINT ( 'NONE',  ( -131.3196080030131441, 50.82776590899497648, -35.49575890555243518 ) ) ;
#2408 = ORIENTED_EDGE ( 'NONE', *, *, #4309, .T. ) ;
#2409 = COLOUR_RGB ( '',0.7960784313725489669, 0.8235294117647058432, 0.9372549019607843146 ) ;
#2410 = DIRECTION ( 'NONE',  ( -1.000000000000000000, 0.000000000000000000, 0.000000000000000000 ) ) ;
#2411 = DIRECTION ( 'NONE',  ( -1.000000000000000000, 0.000000000000000000, 0.000000000000000000 ) ) ;
#2412 = CARTESIAN_POINT ( 'NONE',  ( -132.7826965941072501, 43.55570619935977561, -50.53691140890592237 ) ) ;
#2413 = CARTESIAN_POINT ( 'NONE',  ( -131.3196080030131441, 17.89385181029055261, -6.867602785786671937 ) ) ;
#2414 = DIRECTION ( 'NONE',  ( 0.000000000000000000, 0.000000000000000000, 1.000000000000000000 ) ) ;
#2415 = VERTEX_POINT ( 'NONE', #2819 ) ;
#2416 = CARTESIAN_POINT ( 'NONE',  ( -134.8196080030131441, 60.25820886366940954, -35.14604796487007121 ) ) ;
#2417 = AXIS2_PLACEMENT_3D ( 'NONE', #2029, #2839, #1629 ) ;
#2418 = ORIENTED_EDGE ( 'NONE', *, *, #4766, .F. ) ;
#2419 = FACE_OUTER_BOUND ( 'NONE', #5104, .T. ) ;
#2420 = VECTOR ( 'NONE', #5056, 1000.000000000000000 ) ;
#2421 = VERTEX_POINT ( 'NONE', #400 ) ;
#2422 = EDGE_CURVE ( 'NONE', #4244, #5131, #3384, .T. ) ;
#2423 = EDGE_CURVE ( 'NONE', #2404, #4169, #3931, .T. ) ;
#2424 = AXIS2_PLACEMENT_3D ( 'NONE', #65, #2831, #3689 ) ;
#2425 = FACE_OUTER_BOUND ( 'NONE', #1915, .T. ) ;
#2426 = ORIENTED_EDGE ( 'NONE', *, *, #4389, .F. ) ;
#2427 = CARTESIAN_POINT ( 'NONE',  ( -132.3196080030131725, 26.25199673688658564, -51.00000000000000000 ) ) ;
#2428 = CARTESIAN_POINT ( 'NONE',  ( -122.3196080030131583, 20.90793023955747998, -9.384714531282766004 ) ) ;
#2429 = AXIS2_PLACEMENT_3D ( 'NONE', #20, #2056, #1737 ) ;
#2430 = ORIENTED_EDGE ( 'NONE', *, *, #420, .T. ) ;
#2431 = EDGE_CURVE ( 'NONE', #3250, #2606, #5303, .T. ) ;
#2432 = DIRECTION ( 'NONE',  ( 1.000000000000000000, -0.000000000000000000, -0.000000000000000000 ) ) ;
#2433 = ORIENTED_EDGE ( 'NONE', *, *, #3867, .F. ) ;
#2434 = LINE ( 'NONE', #1174, #1561 ) ;
#2435 = ORIENTED_EDGE ( 'NONE', *, *, #3937, .F. ) ;
#2436 = DIRECTION ( 'NONE',  ( 0.000000000000000000, 0.000000000000000000, -1.000000000000000000 ) ) ;
#2437 = CARTESIAN_POINT ( 'NONE',  ( -138.7100973212598660, 2.191055572670235652, -43.73388330029975180 ) ) ;
#2438 = DIRECTION ( 'NONE',  ( -1.000000000000000000, 0.000000000000000000, 0.000000000000000000 ) ) ;
#2439 = LINE ( 'NONE', #4601, #4676 ) ;
#2440 = DIRECTION ( 'NONE',  ( 0.000000000000000000, -1.000000000000000000, -3.078189753531485012E-16 ) ) ;
#2441 = VERTEX_POINT ( 'NONE', #2461 ) ;
#2442 = DIRECTION ( 'NONE',  ( 1.000000000000000000, 0.000000000000000000, 0.000000000000000000 ) ) ;
#2443 = CIRCLE ( 'NONE', #136, 9.899999999999979039 ) ;
#2444 = ORIENTED_EDGE ( 'NONE', *, *, #3917, .T. ) ;
#2445 = CYLINDRICAL_SURFACE ( 'NONE', #3617, 1.499999999999999556 ) ;
#2446 = CIRCLE ( 'NONE', #2360, 12.89999999999998082 ) ;
#2447 = ORIENTED_EDGE ( 'NONE', *, *, #2930, .F. ) ;
#2448 = VECTOR ( 'NONE', #3658, 1000.000000000000114 ) ;
#2449 = DIRECTION ( 'NONE',  ( 0.000000000000000000, 1.000000000000000000, -0.000000000000000000 ) ) ;
#2450 = ORIENTED_EDGE ( 'NONE', *, *, #4458, .F. ) ;
#2451 = CARTESIAN_POINT ( 'NONE',  ( 0.000000000000000000, 0.000000000000000000, 0.000000000000000000 ) ) ;
#2452 = DIRECTION ( 'NONE',  ( -1.000000000000000000, -0.000000000000000000, -0.000000000000000000 ) ) ;
#2453 = ADVANCED_FACE ( 'NONE', ( #5006 ), #1656, .T. ) ;
#2454 = VERTEX_POINT ( 'NONE', #877 ) ;
#2455 = CIRCLE ( 'NONE', #60, 3.000000000000000888 ) ;
#2456 = CARTESIAN_POINT ( 'NONE',  ( -122.3196080030131583, 2.870205214164995411, -14.86971232810076948 ) ) ;
#2457 = EDGE_LOOP ( 'NONE', ( #149, #4618, #1874, #2193, #1890, #4771, #1539, #4198, #2690 ) ) ;
#2458 = CARTESIAN_POINT ( 'NONE',  ( -131.3196080030131441, 24.11656332651502765, -13.48559842370334749 ) ) ;
#2459 = VERTEX_POINT ( 'NONE', #4954 ) ;
#2460 = DIRECTION ( 'NONE',  ( 0.000000000000000000, 0.000000000000000000, 1.000000000000000000 ) ) ;
#2461 = CARTESIAN_POINT ( 'NONE',  ( -130.8196080030131441, 40.96466570714435562, -30.08877352584814346 ) ) ;
#2462 = LINE ( 'NONE', #4606, #1916 ) ;
#2463 = CARTESIAN_POINT ( 'NONE',  ( -139.3205483905317976, 2.801506641942195230, -45.51988972649856180 ) ) ;
#2464 = CARTESIAN_POINT ( 'NONE',  ( -138.3196080030131441, 0.000000000000000000, -51.00000000000000000 ) ) ;
#2465 = CIRCLE ( 'NONE', #3249, 9.399999999999998579 ) ;
#2466 = EDGE_CURVE ( 'NONE', #787, #2415, #3303, .T. ) ;
#2467 = CIRCLE ( 'NONE', #2217, 7.300000000000000711 ) ;
#2468 = LINE ( 'NONE', #4158, #4254 ) ;
#2469 = CARTESIAN_POINT ( 'NONE',  ( -137.5350316158769033, 52.22638591875945480, -51.00000000000000000 ) ) ;
#2470 = ADVANCED_FACE ( 'NONE', ( #3356 ), #1229, .F. ) ;
#2471 = EDGE_CURVE ( 'NONE', #5131, #1446, #2917, .T. ) ;
#2472 = PLANE ( 'NONE',  #2095 ) ;
#2473 = ORIENTED_EDGE ( 'NONE', *, *, #1416, .F. ) ;
#2474 = CARTESIAN_POINT ( 'NONE',  ( -120.3196080030131583, 54.87736900188966871, -34.22054985498792945 ) ) ;
#2475 = DIRECTION ( 'NONE',  ( 0.000000000000000000, 0.000000000000000000, -1.000000000000000000 ) ) ;
#2476 = ORIENTED_EDGE ( 'NONE', *, *, #2270, .F. ) ;
#2477 = CARTESIAN_POINT ( 'NONE',  ( -122.3196080030131583, 34.80056625442355767, -13.43563121309681385 ) ) ;
#2478 = ORIENTED_EDGE ( 'NONE', *, *, #370, .F. ) ;
#2479 = FACE_OUTER_BOUND ( 'NONE', #594, .T. ) ;
#2480 = VERTEX_POINT ( 'NONE', #1257 ) ;
#2481 = PLANE ( 'NONE',  #3470 ) ;
#2482 = ORIENTED_EDGE ( 'NONE', *, *, #1879, .F. ) ;
#2483 = CARTESIAN_POINT ( 'NONE',  ( -131.3196080030131441, 18.50501844752173852, -26.89840786773042325 ) ) ;
#2484 = LINE ( 'NONE', #4124, #2817 ) ;
#2485 = CARTESIAN_POINT ( 'NONE',  ( -131.3196080030131441, 20.69762783437838394, -19.93547284888469306 ) ) ;
#2486 = DIRECTION ( 'NONE',  ( 0.000000000000000000, 0.000000000000000000, -1.000000000000000000 ) ) ;
#2487 = EDGE_LOOP ( 'NONE', ( #3636, #2478, #1209, #4253 ) ) ;
#2488 = EDGE_CURVE ( 'NONE', #2750, #365, #4609, .T. ) ;
#2489 = CIRCLE ( 'NONE', #2751, 3.000000000000000888 ) ;
#2490 = PLANE ( 'NONE',  #3238 ) ;
#2491 = CARTESIAN_POINT ( 'NONE',  ( -134.3196080030131441, 15.18920694317424847, -35.14604796487007121 ) ) ;
#2492 = AXIS2_PLACEMENT_3D ( 'NONE', #2330, #4744, #3177 ) ;
#2493 = EDGE_LOOP ( 'NONE', ( #4686, #4566, #3100, #4067, #3566, #1863, #4025 ) ) ;
#2494 = LINE ( 'NONE', #2063, #2153 ) ;
#2495 = EDGE_LOOP ( 'NONE', ( #2903, #4972, #2756 ) ) ;
#2496 = ADVANCED_FACE ( 'NONE', ( #3701 ), #4180, .F. ) ;
#2497 = EDGE_CURVE ( 'NONE', #5222, #1404, #4570, .T. ) ;
#2498 = AXIS2_PLACEMENT_3D ( 'NONE', #2596, #265, #187 ) ;
#2499 = CARTESIAN_POINT ( 'NONE',  ( -130.3196080030131441, 28.63646680170275260, -44.29604796487008400 ) ) ;
#2500 = DIRECTION ( 'NONE',  ( 1.000000000000000000, -0.000000000000000000, -0.000000000000000000 ) ) ;
#2501 = ORIENTED_EDGE ( 'NONE', *, *, #1197, .T. ) ;
#2502 =( LENGTH_UNIT ( ) NAMED_UNIT ( * ) SI_UNIT ( .MILLI., .METRE. ) );
#2503 = CARTESIAN_POINT ( 'NONE',  ( -131.3196080030131441, 13.60761129450515305, -44.29604796487008400 ) ) ;
#2504 = VERTEX_POINT ( 'NONE', #76 ) ;
#2505 = VERTEX_POINT ( 'NONE', #853 ) ;
#2506 = B_SPLINE_CURVE_WITH_KNOTS ( 'NONE', 3,
 ( #4867, #259, #2723, #2427 ),
 .UNSPECIFIED., .F., .F.,
 ( 4, 4 ),
 ( 0.008304446710122006386, 0.008990820364242185087 ),
 .UNSPECIFIED. ) ;
#2507 = CARTESIAN_POINT ( 'NONE',  ( -131.3196080030131441, 59.80801405354255706, -42.37154607475221013 ) ) ;
#2508 = ORIENTED_EDGE ( 'NONE', *, *, #640, .T. ) ;
#2509 = CARTESIAN_POINT ( 'NONE',  ( -120.3196080030131583, 2.870205214164995411, -14.86971232810076948 ) ) ;
#2510 = CIRCLE ( 'NONE', #4388, 2.999999999999999112 ) ;
#2511 = VERTEX_POINT ( 'NONE', #4897 ) ;
#2512 = VECTOR ( 'NONE', #754, 1000.000000000000000 ) ;
#2513 = DIRECTION ( 'NONE',  ( 0.000000000000000000, 0.000000000000000000, 1.000000000000000000 ) ) ;
#2514 = DIRECTION ( 'NONE',  ( 0.000000000000000000, 1.000000000000000000, 0.000000000000000000 ) ) ;
#2515 = DIRECTION ( 'NONE',  ( 0.000000000000000000, -0.9995595627334283861, 0.02967626236838652801 ) ) ;
#2516 = AXIS2_PLACEMENT_3D ( 'NONE', #4119, #2052, #4542 ) ;
#2517 = PLANE ( 'NONE',  #892 ) ;
#2518 = VERTEX_POINT ( 'NONE', #4577 ) ;
#2519 = EDGE_CURVE ( 'NONE', #3563, #308, #4153, .T. ) ;
#2520 = DIRECTION ( 'NONE',  ( 0.000000000000000000, 0.9538267149103734077, 0.3003574502543348013 ) ) ;
#2521 = VECTOR ( 'NONE', #4879, 1000.000000000000114 ) ;
#2522 = FACE_BOUND ( 'NONE', #477, .T. ) ;
#2523 = CARTESIAN_POINT ( 'NONE',  ( -135.9739233781348844, 45.07342194867897689, -47.34568462487825258 ) ) ;
#2524 = VERTEX_POINT ( 'NONE', #3782 ) ;
#2525 = LINE ( 'NONE', #521, #4845 ) ;
#2526 = DIRECTION ( 'NONE',  ( -1.000000000000000000, 0.000000000000000000, 0.000000000000000000 ) ) ;
#2527 = ORIENTED_EDGE ( 'NONE', *, *, #1100, .T. ) ;
#2528 = DIRECTION ( 'NONE',  ( 0.000000000000000000, -0.9995595627334283861, 0.02967626236838654882 ) ) ;
#2529 = VECTOR ( 'NONE', #2933, 1000.000000000000000 ) ;
#2530 = ORIENTED_EDGE ( 'NONE', *, *, #3135, .T. ) ;
#2531 = EDGE_CURVE ( 'NONE', #2335, #3610, #2484, .T. ) ;
#2532 = VECTOR ( 'NONE', #3526, 1000.000000000000114 ) ;
#2533 = LINE ( 'NONE', #4068, #1331 ) ;
#2534 = ORIENTED_EDGE ( 'NONE', *, *, #3290, .F. ) ;
#2535 = CARTESIAN_POINT ( 'NONE',  ( -120.3196080030131583, 48.79174080797342583, -10.66893267680490887 ) ) ;
#2536 = ADVANCED_FACE ( 'NONE', ( #422 ), #902, .T. ) ;
#2537 = ADVANCED_FACE ( 'NONE', ( #4205 ), #535, .F. ) ;
#2538 = CIRCLE ( 'NONE', #1682, 9.899999999999979039 ) ;
#2539 = EDGE_LOOP ( 'NONE', ( #528, #3902, #324, #1155, #5039, #2802 ) ) ;
#2540 = CARTESIAN_POINT ( 'NONE',  ( -135.9739233781347423, 24.52771056016809226, -47.34568462487838758 ) ) ;
#2541 = DIRECTION ( 'NONE',  ( 0.000000000000000000, 0.000000000000000000, 1.000000000000000000 ) ) ;
#2542 = CARTESIAN_POINT ( 'NONE',  ( -134.8196080030131441, 0.000000000000000000, -41.44604796487007548 ) ) ;
#2543 = VECTOR ( 'NONE', #4885, 1000.000000000000000 ) ;
#2544 = CARTESIAN_POINT ( 'NONE',  ( -122.3196080030131583, 65.53092729468210109, -15.75906465691169167 ) ) ;
#2545 = VERTEX_POINT ( 'NONE', #1018 ) ;
#2546 = FACE_OUTER_BOUND ( 'NONE', #4747, .T. ) ;
#2547 = EDGE_CURVE ( 'NONE', #4512, #4795, #2248, .T. ) ;
#2548 = DIRECTION ( 'NONE',  ( 0.000000000000000000, 0.000000000000000000, -1.000000000000000000 ) ) ;
#2549 = CARTESIAN_POINT ( 'NONE',  ( -131.0696080030131441, 50.82776590899497648, -35.49575890555243518 ) ) ;
#2550 = CARTESIAN_POINT ( 'NONE',  ( -130.8196080030131441, 40.96466570714435562, -30.08877352584813636 ) ) ;
#2551 = ORIENTED_EDGE ( 'NONE', *, *, #112, .T. ) ;
#2552 =( BOUNDED_CURVE ( )  B_SPLINE_CURVE ( 3, ( #3836, #1041, #4688, #3058 ),
 .UNSPECIFIED., .F., .T. ) 
 B_SPLINE_CURVE_WITH_KNOTS ( ( 4, 4 ),
 ( 2.283164310251291074, 4.000020996928295602 ),
 .UNSPECIFIED. ) 
 CURVE ( )  GEOMETRIC_REPRESENTATION_ITEM ( )  RATIONAL_B_SPLINE_CURVE ( ( 1.000000000000000000, 0.7690851534611993223, 0.7690851534611993223, 1.000000000000000000 ) ) 
 REPRESENTATION_ITEM ( '' )  );
#2553 = EDGE_CURVE ( 'NONE', #705, #2350, #5296, .T. ) ;
#2554 = AXIS2_PLACEMENT_3D ( 'NONE', #327, #2411, #4391 ) ;
#2555 = DIRECTION ( 'NONE',  ( 0.000000000000000000, -0.4334888646037082793, 0.9011589228679856012 ) ) ;
#2556 = DIRECTION ( 'NONE',  ( 0.000000000000000000, 0.000000000000000000, 1.000000000000000000 ) ) ;
#2557 = EDGE_LOOP ( 'NONE', ( #2678, #92, #3593, #3977 ) ) ;
#2558 = PLANE ( 'NONE',  #4544 ) ;
#2559 = EDGE_LOOP ( 'NONE', ( #3586, #2801 ) ) ;
#2560 = ORIENTED_EDGE ( 'NONE', *, *, #3095, .F. ) ;
#2561 = EDGE_CURVE ( 'NONE', #5020, #1679, #5059, .T. ) ;
#2562 = DIRECTION ( 'NONE',  ( 1.000000000000000000, -0.000000000000000000, 0.000000000000000000 ) ) ;
#2563 = ORIENTED_EDGE ( 'NONE', *, *, #599, .F. ) ;
#2564 = CARTESIAN_POINT ( 'NONE',  ( -120.3196080030131583, 30.14760523903947842, -10.29540235893742306 ) ) ;
#2565 = ORIENTED_EDGE ( 'NONE', *, *, #1077, .T. ) ;
#2566 = ADVANCED_FACE ( 'NONE', ( #4288 ), #615, .T. ) ;
#2567 = EDGE_CURVE ( 'NONE', #553, #4517, #667, .T. ) ;
#2568 = CARTESIAN_POINT ( 'NONE',  ( -138.3196080030131441, 1.800566254423555446, -15.21824124829907632 ) ) ;
#2569 = DIRECTION ( 'NONE',  ( 0.000000000000000000, -0.4822079065376527751, -0.8760568102997512430 ) ) ;
#2570 = CARTESIAN_POINT ( 'NONE',  ( -134.3196080030131441, 9.916414130162165108, -42.44362680430653967 ) ) ;
#2571 = CARTESIAN_POINT ( 'NONE',  ( -139.8196080030131441, 12.25844098113098823, -26.89604796487007121 ) ) ;
#2572 = VERTEX_POINT ( 'NONE', #1768 ) ;
#2573 = CARTESIAN_POINT ( 'NONE',  ( -131.3196080030131441, 57.34269152771611289, -38.29604796487006979 ) ) ;
#2574 = DIRECTION ( 'NONE',  ( -1.000000000000000000, -0.000000000000000000, -0.000000000000000000 ) ) ;
#2575 = CARTESIAN_POINT ( 'NONE',  ( -131.0696080030131441, 40.96466570714435562, -23.66043044517396510 ) ) ;
#2576 = CARTESIAN_POINT ( 'NONE',  ( -126.3196080030131441, 65.83968306384814184, -12.94779258935107080 ) ) ;
#2577 = ORIENTED_EDGE ( 'NONE', *, *, #1062, .T. ) ;
#2578 = AXIS2_PLACEMENT_3D ( 'NONE', #4294, #1048, #1532 ) ;
#2579 = LINE ( 'NONE', #3369, #1934 ) ;
#2580 = CARTESIAN_POINT ( 'NONE',  ( -131.0696080030131441, 18.62250317291174539, -35.41499716550077181 ) ) ;
#2581 = ORIENTED_EDGE ( 'NONE', *, *, #762, .T. ) ;
#2582 = CARTESIAN_POINT ( 'NONE',  ( -132.3196080030131725, 43.34913577197199430, -51.00000000000000000 ) ) ;
#2583 = ORIENTED_EDGE ( 'NONE', *, *, #3592, .T. ) ;
#2584 = ORIENTED_EDGE ( 'NONE', *, *, #2471, .T. ) ;
#2585 = EDGE_CURVE ( 'NONE', #4646, #2236, #132, .T. ) ;
#2586 = DIRECTION ( 'NONE',  ( -1.000000000000000000, 0.000000000000000000, -0.000000000000000000 ) ) ;
#2587 = VERTEX_POINT ( 'NONE', #5036 ) ;
#2588 = FACE_OUTER_BOUND ( 'NONE', #1618, .T. ) ;
#2589 = DIRECTION ( 'NONE',  ( -1.000000000000000000, 0.000000000000000000, 0.000000000000000000 ) ) ;
#2590 = ORIENTED_EDGE ( 'NONE', *, *, #4238, .T. ) ;
#2591 = CIRCLE ( 'NONE', #964, 12.90000000000000924 ) ;
#2592 = ADVANCED_FACE ( 'NONE', ( #2274 ), #5145, .F. ) ;
#2593 = DIRECTION ( 'NONE',  ( -1.000000000000000000, 0.000000000000000000, 0.000000000000000000 ) ) ;
#2594 = VECTOR ( 'NONE', #2449, 1000.000000000000000 ) ;
#2595 = LINE ( 'NONE', #4233, #2644 ) ;
#2596 = CARTESIAN_POINT ( 'NONE',  ( -122.3196080030131583, 20.90793023955747998, -9.384714531282766004 ) ) ;
#2597 = DIRECTION ( 'NONE',  ( -0.000000000000000000, -0.9567439517003997196, 0.2909312820662345866 ) ) ;
#2598 = AXIS2_PLACEMENT_3D ( 'NONE', #2168, #3385, #1335 ) ;
#2599 = ORIENTED_EDGE ( 'NONE', *, *, #850, .F. ) ;
#2600 = EDGE_CURVE ( 'NONE', #1300, #3258, #4658, .T. ) ;
#2601 = CARTESIAN_POINT ( 'NONE',  ( -134.3196080030131441, 0.8901690894362919160, -43.57514157680702738 ) ) ;
#2602 = VECTOR ( 'NONE', #3050, 1000.000000000000000 ) ;
#2603 = FACE_OUTER_BOUND ( 'NONE', #3144, .T. ) ;
#2604 = DIRECTION ( 'NONE',  ( -0.000000000000000000, -0.5175834996091418505, 0.8556327021171838965 ) ) ;
#2605 = PLANE ( 'NONE',  #3750 ) ;
#2606 = VERTEX_POINT ( 'NONE', #4630 ) ;
#2607 = DIRECTION ( 'NONE',  ( -1.000000000000000000, -0.000000000000000000, -0.000000000000000000 ) ) ;
#2608 = DIRECTION ( 'NONE',  ( -1.000000000000000000, 0.000000000000000000, 0.000000000000000000 ) ) ;
#2609 = ORIENTED_EDGE ( 'NONE', *, *, #1211, .T. ) ;
#2610 = DIRECTION ( 'NONE',  ( -1.000000000000000000, -0.000000000000000000, -0.000000000000000000 ) ) ;
#2611 = ORIENTED_EDGE ( 'NONE', *, *, #3135, .F. ) ;
#2612 = ORIENTED_EDGE ( 'NONE', *, *, #2914, .F. ) ;
#2613 = CARTESIAN_POINT ( 'NONE',  ( -120.3196080030131583, 12.25844098113098646, -38.29604796487006979 ) ) ;
#2614 = EDGE_LOOP ( 'NONE', ( #2319, #4520, #4387, #3115, #1807 ) ) ;
#2615 = CARTESIAN_POINT ( 'NONE',  ( -130.8196080030131441, 28.63646680170275260, -38.56836720165655663 ) ) ;
#2616 = VECTOR ( 'NONE', #4726, 1000.000000000000000 ) ;
#2617 = DIRECTION ( 'NONE',  ( 1.000000000000000000, -0.000000000000000000, 0.000000000000000000 ) ) ;
#2618 = EDGE_LOOP ( 'NONE', ( #1562, #1111, #4633, #4164, #1972, #1291, #2971, #2565, #1896, #4222 ) ) ;
#2619 = VECTOR ( 'NONE', #1302, 1000.000000000000114 ) ;
#2620 = AXIS2_PLACEMENT_3D ( 'NONE', #4842, #712, #316 ) ;
#2621 = CIRCLE ( 'NONE', #3828, 12.90000000000000924 ) ;
#2622 = CARTESIAN_POINT ( 'NONE',  ( -138.3196080030131441, 48.90350467446872074, -19.93547284888469306 ) ) ;
#2623 = CARTESIAN_POINT ( 'NONE',  ( -126.3196080030131441, 39.45352726980763691, -14.79540235893742484 ) ) ;
#2624 = DIRECTION ( 'NONE',  ( -1.000000000000000000, -0.000000000000000000, -0.000000000000000000 ) ) ;
#2625 = AXIS2_PLACEMENT_3D ( 'NONE', #3089, #4719, #3469 ) ;
#2626 = FACE_OUTER_BOUND ( 'NONE', #4556, .T. ) ;
#2627 = ORIENTED_EDGE ( 'NONE', *, *, #958, .F. ) ;
#2628 = CIRCLE ( 'NONE', #323, 9.399999999999998579 ) ;
#2629 = CARTESIAN_POINT ( 'NONE',  ( -131.3196080030131441, 0.000000000000000000, 0.000000000000000000 ) ) ;
#2630 = DIRECTION ( 'NONE',  ( 1.000000000000000000, -0.000000000000000000, 0.000000000000000000 ) ) ;
#2631 = CONICAL_SURFACE ( 'NONE', #1438, 9.899999999999979039, 0.7853981633974460586 ) ;
#2632 = CARTESIAN_POINT ( 'NONE',  ( -126.3196080030131441, 65.83968306384814184, -14.44779258935107258 ) ) ;
#2633 = ADVANCED_FACE ( 'NONE', ( #956 ), #1448, .F. ) ;
#2634 = DIRECTION ( 'NONE',  ( -1.000000000000000000, 0.000000000000000000, 0.000000000000000000 ) ) ;
#2635 = EDGE_LOOP ( 'NONE', ( #947, #3349 ) ) ;
#2636 = EDGE_CURVE ( 'NONE', #89, #1014, #2224, .T. ) ;
#2637 = EDGE_CURVE ( 'NONE', #4989, #4302, #2595, .T. ) ;
#2638 = DIRECTION ( 'NONE',  ( 0.000000000000000000, 0.000000000000000000, 1.000000000000000000 ) ) ;
#2639 = PLANE ( 'NONE',  #1485 ) ;
#2640 = VERTEX_POINT ( 'NONE', #5088 ) ;
#2641 = DIRECTION ( 'NONE',  ( 1.000000000000000000, -0.000000000000000000, -0.000000000000000000 ) ) ;
#2642 = ORIENTED_EDGE ( 'NONE', *, *, #3388, .F. ) ;
#2643 = ORIENTED_EDGE ( 'NONE', *, *, #671, .F. ) ;
#2644 = VECTOR ( 'NONE', #561, 1000.000000000000000 ) ;
#2645 = CARTESIAN_POINT ( 'NONE',  ( -138.2697940824713783, 14.84995263832233192, -51.00000000000000000 ) ) ;
#2646 = VERTEX_POINT ( 'NONE', #2198 ) ;
#2647 = DIRECTION ( 'NONE',  ( -0.000000000000000000, -0.9011589228679856012, -0.4334888646037082238 ) ) ;
#2648 = CARTESIAN_POINT ( 'NONE',  ( -126.3196080030131441, 30.14760523903947842, -11.79540235893742306 ) ) ;
#2649 = VECTOR ( 'NONE', #1872, 1000.000000000000114 ) ;
#2650 = ORIENTED_EDGE ( 'NONE', *, *, #4527, .T. ) ;
#2651 = LINE ( 'NONE', #5144, #3311 ) ;
#2652 = CARTESIAN_POINT ( 'NONE',  ( -126.3196080030131441, 65.83968306384814184, -12.94779258935107080 ) ) ;
#2653 = DIRECTION ( 'NONE',  ( 0.000000000000000000, -0.8134124664989407227, 0.5816873381328748760 ) ) ;
#2654 = VERTEX_POINT ( 'NONE', #1849 ) ;
#2655 = EDGE_CURVE ( 'NONE', #3451, #1093, #4313, .T. ) ;
#2656 = CARTESIAN_POINT ( 'NONE',  ( -136.3196080030131441, 69.80056625442354346, -2.000000000000001776 ) ) ;
#2657 = FACE_OUTER_BOUND ( 'NONE', #733, .T. ) ;
#2658 = DIRECTION ( 'NONE',  ( 0.000000000000000000, 0.000000000000000000, 1.000000000000000000 ) ) ;
#2659 = FACE_OUTER_BOUND ( 'NONE', #633, .T. ) ;
#2660 = EDGE_CURVE ( 'NONE', #1056, #554, #3338, .T. ) ;
#2661 = EDGE_LOOP ( 'NONE', ( #4963, #2260, #1792, #2250, #3606 ) ) ;
#2662 = CARTESIAN_POINT ( 'NONE',  ( -131.0696080030131441, 8.197396286785746611, -32.13215923068788982 ) ) ;
#2663 = EDGE_LOOP ( 'NONE', ( #3985, #1133, #2666, #4652 ) ) ;
#2664 = LINE ( 'NONE', #1350, #1984 ) ;
#2665 = ORIENTED_EDGE ( 'NONE', *, *, #2863, .F. ) ;
#2666 = ORIENTED_EDGE ( 'NONE', *, *, #3910, .F. ) ;
#2667 = CIRCLE ( 'NONE', #1471, 2.999999999999999112 ) ;
#2668 = CIRCLE ( 'NONE', #866, 3.149999999999999911 ) ;
#2669 = CARTESIAN_POINT ( 'NONE',  ( -138.5156559678832195, 12.25844098113098646, -51.00000000000000000 ) ) ;
#2670 = ORIENTED_EDGE ( 'NONE', *, *, #2585, .F. ) ;
#2671 = CARTESIAN_POINT ( 'NONE',  ( -131.3196080030131441, 12.31571228318268929, -39.11025139846663734 ) ) ;
#2672 = CARTESIAN_POINT ( 'NONE',  ( -142.8196080030131441, 57.34269152771611289, -38.29604796487006979 ) ) ;
#2673 = ORIENTED_EDGE ( 'NONE', *, *, #4626, .T. ) ;
#2674 = CARTESIAN_POINT ( 'NONE',  ( -131.3196080030131441, 13.88233739052621907, -17.31978629160429861 ) ) ;
#2675 = AXIS2_PLACEMENT_3D ( 'NONE', #163, #5060, #1391 ) ;
#2676 = CARTESIAN_POINT ( 'NONE',  ( -120.3196080030131583, 65.83968306384814184, -11.44779258935106903 ) ) ;
#2677 = DIRECTION ( 'NONE',  ( 1.000000000000000000, -0.000000000000000000, -0.000000000000000000 ) ) ;
#2678 = ORIENTED_EDGE ( 'NONE', *, *, #3308, .T. ) ;
#2679 = EDGE_CURVE ( 'NONE', #856, #1711, #1876, .T. ) ;
#2680 = PLANE ( 'NONE',  #4589 ) ;
#2681 = PLANE ( 'NONE',  #1573 ) ;
#2682 = VECTOR ( 'NONE', #2677, 1000.000000000000000 ) ;
#2683 = CARTESIAN_POINT ( 'NONE',  ( -131.0696080030131441, 6.524151378568212145, -40.06181203573022032 ) ) ;
#2684 = EDGE_CURVE ( 'NONE', #1500, #4874, #2709, .T. ) ;
#2685 = DIRECTION ( 'NONE',  ( 0.000000000000000000, -0.9995595627334283861, 0.02967626236838652801 ) ) ;
#2686 = ORIENTED_EDGE ( 'NONE', *, *, #3382, .F. ) ;
#2687 = LINE ( 'NONE', #3506, #309 ) ;
#2688 = ORIENTED_EDGE ( 'NONE', *, *, #1897, .T. ) ;
#2689 = CARTESIAN_POINT ( 'NONE',  ( -138.3196080030131441, 1.800566254423555446, -15.21824124829907632 ) ) ;
#2690 = ORIENTED_EDGE ( 'NONE', *, *, #1015, .T. ) ;
#2691 = VERTEX_POINT ( 'NONE', #3086 ) ;
#2692 = ADVANCED_FACE ( 'NONE', ( #1877 ), #3519, .F. ) ;
#2693 = DIRECTION ( 'NONE',  ( -1.000000000000000000, 0.000000000000000000, 0.000000000000000000 ) ) ;
#2694 = ORIENTED_EDGE ( 'NONE', *, *, #2992, .F. ) ;
#2695 = DIRECTION ( 'NONE',  ( 1.000000000000000000, -0.000000000000000000, -0.000000000000000000 ) ) ;
#2696 = CARTESIAN_POINT ( 'NONE',  ( -122.3196080030131583, 4.070205214165001806, -15.75906465691169167 ) ) ;
#2697 = EDGE_CURVE ( 'NONE', #682, #2840, #5023, .T. ) ;
#2698 = ORIENTED_EDGE ( 'NONE', *, *, #2092, .F. ) ;
#2699 = VECTOR ( 'NONE', #3991, 1000.000000000000000 ) ;
#2700 = CARTESIAN_POINT ( 'NONE',  ( -131.3196080030131441, 13.60761129450515305, -44.29604796487008400 ) ) ;
#2701 = EDGE_CURVE ( 'NONE', #4888, #1261, #1549, .T. ) ;
#2702 = EDGE_CURVE ( 'NONE', #1227, #4786, #1927, .T. ) ;
#2703 = DIRECTION ( 'NONE',  ( 0.000000000000000000, 0.000000000000000000, -1.000000000000000000 ) ) ;
#2704 = LINE ( 'NONE', #3142, #4731 ) ;
#2705 = VECTOR ( 'NONE', #5217, 1000.000000000000000 ) ;
#2706 = ORIENTED_EDGE ( 'NONE', *, *, #4485, .F. ) ;
#2707 = AXIS2_PLACEMENT_3D ( 'NONE', #3884, #2593, #2246 ) ;
#2708 = CARTESIAN_POINT ( 'NONE',  ( -134.3196080030131441, 54.87736900188967581, -34.22054985498792945 ) ) ;
#2709 = CIRCLE ( 'NONE', #230, 6.000000000000005329 ) ;
#2710 = CARTESIAN_POINT ( 'NONE',  ( -130.8196080030131441, 8.197396286785750164, -32.13215923068788982 ) ) ;
#2711 = LINE ( 'NONE', #2683, #441 ) ;
#2712 = CARTESIAN_POINT ( 'NONE',  ( -122.3196080030131583, 28.67883613729080139, -14.45440985207132201 ) ) ;
#2713 = AXIS2_PLACEMENT_3D ( 'NONE', #534, #18, #511 ) ;
#2714 = ORIENTED_EDGE ( 'NONE', *, *, #1810, .T. ) ;
#2715 = CARTESIAN_POINT ( 'NONE',  ( -126.3196080030131441, 3.761449444998968161, -9.947792589351072579 ) ) ;
#2716 = ORIENTED_EDGE ( 'NONE', *, *, #4066, .T. ) ;
#2717 = CARTESIAN_POINT ( 'NONE',  ( -136.8301219877218671, 0.3110802391322626259, -11.96374522314806299 ) ) ;
#2718 = ORIENTED_EDGE ( 'NONE', *, *, #4144, .F. ) ;
#2719 = ORIENTED_EDGE ( 'NONE', *, *, #489, .T. ) ;
#2720 = EDGE_CURVE ( 'NONE', #3250, #2316, #3321, .T. ) ;
#2721 = FACE_OUTER_BOUND ( 'NONE', #4783, .T. ) ;
#2722 = VERTEX_POINT ( 'NONE', #2323 ) ;
#2723 = CARTESIAN_POINT ( 'NONE',  ( -132.4740843102522945, 26.18359792346419468, -50.84552369276089934 ) ) ;
#2724 = LINE ( 'NONE', #4357, #5034 ) ;
#2725 = VECTOR ( 'NONE', #1323, 1000.000000000000000 ) ;
#2726 = ORIENTED_EDGE ( 'NONE', *, *, #1024, .F. ) ;
#2727 = EDGE_CURVE ( 'NONE', #3156, #3219, #1091, .T. ) ;
#2728 = EDGE_CURVE ( 'NONE', #93, #1729, #1525, .T. ) ;
#2729 = DIRECTION ( 'NONE',  ( -1.000000000000000000, -0.000000000000000000, -0.000000000000000000 ) ) ;
#2730 = FACE_OUTER_BOUND ( 'NONE', #7, .T. ) ;
#2731 = DIRECTION ( 'NONE',  ( -1.000000000000000000, 0.000000000000000000, 0.000000000000000000 ) ) ;
#2732 = ORIENTED_EDGE ( 'NONE', *, *, #3522, .T. ) ;
#2733 = DIRECTION ( 'NONE',  ( 0.000000000000000000, -1.000000000000000000, 0.000000000000000000 ) ) ;
#2734 = LINE ( 'NONE', #5231, #2898 ) ;
#2735 = CARTESIAN_POINT ( 'NONE',  ( -131.0696080030131441, 28.63646680170275616, -44.29604796487008400 ) ) ;
#2736 = PLANE ( 'NONE',  #2322 ) ;
#2737 = PLANE ( 'NONE',  #2089 ) ;
#2738 = EDGE_LOOP ( 'NONE', ( #3510, #4782, #5298 ) ) ;
#2739 = PLANE ( 'NONE',  #2190 ) ;
#2740 = ORIENTED_EDGE ( 'NONE', *, *, #182, .F. ) ;
#2741 = DIRECTION ( 'NONE',  ( -1.000000000000000000, 0.000000000000000000, 0.000000000000000000 ) ) ;
#2742 = VERTEX_POINT ( 'NONE', #5199 ) ;
#2743 = ORIENTED_EDGE ( 'NONE', *, *, #4429, .T. ) ;
#2744 = ADVANCED_FACE ( 'NONE', ( #2730 ), #3141, .F. ) ;
#2745 = DIRECTION ( 'NONE',  ( 0.000000000000000000, 0.000000000000000000, 1.000000000000000000 ) ) ;
#2746 = EDGE_LOOP ( 'NONE', ( #4708, #3778, #1001, #4838, #5051, #2256, #1782 ) ) ;
#2747 = DIRECTION ( 'NONE',  ( -1.000000000000000000, -0.000000000000000000, -0.000000000000000000 ) ) ;
#2748 = CARTESIAN_POINT ( 'NONE',  ( -120.3196080030131583, 48.90350467446872074, -12.63547284888469413 ) ) ;
#2749 = ADVANCED_FACE ( 'NONE', ( #3622 ), #3222, .F. ) ;
#2750 = VERTEX_POINT ( 'NONE', #2406 ) ;
#2751 = AXIS2_PLACEMENT_3D ( 'NONE', #2213, #2261, #3452 ) ;
#2752 = CARTESIAN_POINT ( 'NONE',  ( -131.0696080030130872, 54.55884390258362515, -25.80800361527913012 ) ) ;
#2753 = VECTOR ( 'NONE', #4775, 1000.000000000000000 ) ;
#2754 = DIRECTION ( 'NONE',  ( 0.000000000000000000, 1.000000000000000000, 0.000000000000000000 ) ) ;
#2755 = DIRECTION ( 'NONE',  ( -1.000000000000000000, -0.000000000000000000, -0.000000000000000000 ) ) ;
#2756 = ORIENTED_EDGE ( 'NONE', *, *, #548, .T. ) ;
#2757 = AXIS2_PLACEMENT_3D ( 'NONE', #1202, #3223, #1144 ) ;
#2758 = CARTESIAN_POINT ( 'NONE',  ( -120.3196080030131583, 12.25844098113098646, -38.29604796487006979 ) ) ;
#2759 = CARTESIAN_POINT ( 'NONE',  ( -120.3196080030131583, 30.14760523903947842, -13.29540235893742306 ) ) ;
#2760 = CARTESIAN_POINT ( 'NONE',  ( -138.3196080030131441, 3.761449444998968161, -12.94779258935107080 ) ) ;
#2761 = CARTESIAN_POINT ( 'NONE',  ( -144.3196080030131725, 12.25844098113098823, -26.89604796487007121 ) ) ;
#2762 = DIRECTION ( 'NONE',  ( -1.000000000000000000, -0.000000000000000000, -0.000000000000000000 ) ) ;
#2763 = ADVANCED_FACE ( 'NONE', ( #2813 ), #4360, .F. ) ;
#2764 = VERTEX_POINT ( 'NONE', #1201 ) ;
#2765 = CARTESIAN_POINT ( 'NONE',  ( -120.3196080030131583, 27.47605492012738893, -47.89999999999999858 ) ) ;
#2766 = EDGE_CURVE ( 'NONE', #1490, #2640, #4413, .T. ) ;
#2767 = AXIS2_PLACEMENT_3D ( 'NONE', #1059, #2693, #2315 ) ;
#2768 = VERTEX_POINT ( 'NONE', #772 ) ;
#2769 = LINE ( 'NONE', #4401, #614 ) ;
#2770 = ORIENTED_EDGE ( 'NONE', *, *, #3318, .T. ) ;
#2771 = VECTOR ( 'NONE', #3001, 1000.000000000000000 ) ;
#2772 = ORIENTED_EDGE ( 'NONE', *, *, #1947, .T. ) ;
#2773 = CYLINDRICAL_SURFACE ( 'NONE', #819, 1.499999999999999556 ) ;
#2774 = ORIENTED_EDGE ( 'NONE', *, *, #3264, .F. ) ;
#2775 = DIRECTION ( 'NONE',  ( 0.000000000000000000, 0.000000000000000000, 1.000000000000000000 ) ) ;
#2776 = VECTOR ( 'NONE', #3329, 1000.000000000000114 ) ;
#2777 = LINE ( 'NONE', #743, #2392 ) ;
#2778 = ORIENTED_EDGE ( 'NONE', *, *, #5229, .F. ) ;
#2779 = B_SPLINE_CURVE_WITH_KNOTS ( 'NONE', 3,
 ( #2669, #5053, #3431, #2645, #3078, #3878, #555, #2994, #1410, #4197, #2134, #4306 ),
 .UNSPECIFIED., .F., .F.,
 ( 4, 2, 2, 2, 2, 4 ),
 ( 0.002244758147149744122, 0.004185987079725174767, 0.006127216012300606279, 0.01000967387745146930, 0.01389213174260232886, 0.01777458960775319188 ),
 .UNSPECIFIED. ) ;
#2780 = EDGE_CURVE ( 'NONE', #1351, #2400, #2297, .T. ) ;
#2781 = AXIS2_PLACEMENT_3D ( 'NONE', #3122, #1072, #3949 ) ;
#2782 = CARTESIAN_POINT ( 'NONE',  ( -134.3196080030131441, 63.80068792527740840, -35.11780948267900015 ) ) ;
#2783 = CARTESIAN_POINT ( 'NONE',  ( -139.8196080030131441, 12.25844098113098823, -26.89604796487007121 ) ) ;
#2784 = ORIENTED_EDGE ( 'NONE', *, *, #3522, .F. ) ;
#2785 = AXIS2_PLACEMENT_3D ( 'NONE', #141, #1428, #1776 ) ;
#2786 = CARTESIAN_POINT ( 'NONE',  ( -134.8196080030131441, 0.000000000000000000, -35.14604796487007121 ) ) ;
#2787 = CARTESIAN_POINT ( 'NONE',  ( -122.3196080030131583, 48.69320226928962825, -9.384714531282769556 ) ) ;
#2788 = DIRECTION ( 'NONE',  ( -0.000000000000000000, -4.436722895625987172E-16, 1.000000000000000000 ) ) ;
#2789 = CARTESIAN_POINT ( 'NONE',  ( -134.8196080030131441, 52.58054536856949568, -38.39333084581672040 ) ) ;
#2790 = CIRCLE ( 'NONE', #4333, 9.399999999999998579 ) ;
#2791 = CARTESIAN_POINT ( 'NONE',  ( -131.0696080030131441, 17.89385181029055261, -6.867602785786671937 ) ) ;
#2792 = ORIENTED_EDGE ( 'NONE', *, *, #2561, .T. ) ;
#2793 = AXIS2_PLACEMENT_3D ( 'NONE', #2144, #3386, #5008 ) ;
#2794 = VECTOR ( 'NONE', #3281, 1000.000000000000000 ) ;
#2795 = EDGE_CURVE ( 'NONE', #2145, #3710, #2348, .T. ) ;
#2796 = CARTESIAN_POINT ( 'NONE',  ( -136.7705182853685244, 50.44117839634301959, -51.00000000000000711 ) ) ;
#2797 = ORIENTED_EDGE ( 'NONE', *, *, #4049, .T. ) ;
#2798 = PLANE ( 'NONE',  #188 ) ;
#2799 = AXIS2_PLACEMENT_3D ( 'NONE', #3708, #2173, #4554 ) ;
#2800 = ADVANCED_FACE ( 'NONE', ( #3963 ), #4022, .T. ) ;
#2801 = ORIENTED_EDGE ( 'NONE', *, *, #782, .T. ) ;
#2802 = ORIENTED_EDGE ( 'NONE', *, *, #2992, .T. ) ;
#2803 = PRODUCT_DEFINITION ( 'General', '', #1345, #3418 ) ;
#2804 = EDGE_CURVE ( 'NONE', #3534, #1175, #5247, .T. ) ;
#2805 = PLANE ( 'NONE',  #4478 ) ;
#2806 = ORIENTED_EDGE ( 'NONE', *, *, #5195, .F. ) ;
#2807 = CARTESIAN_POINT ( 'NONE',  ( -144.3196080030131725, 57.34269152771611289, -49.69604796487007548 ) ) ;
#2808 = AXIS2_PLACEMENT_3D ( 'NONE', #4933, #2017, #2902 ) ;
#2809 = VECTOR ( 'NONE', #3188, 999.9999999999998863 ) ;
#2810 = CARTESIAN_POINT ( 'NONE',  ( -138.4490264039253020, 10.76315662897230574, -51.00000000000000000 ) ) ;
#2811 = VERTEX_POINT ( 'NONE', #5171 ) ;
#2812 = LINE ( 'NONE', #4510, #3051 ) ;
#2813 = FACE_OUTER_BOUND ( 'NONE', #2614, .T. ) ;
#2814 = CARTESIAN_POINT ( 'NONE',  ( -139.8196080030131441, 12.25844098113098646, -49.69604796487007548 ) ) ;
#2815 = EDGE_LOOP ( 'NONE', ( #1517, #1008, #4736, #1809 ) ) ;
#2816 = EDGE_CURVE ( 'NONE', #4716, #2016, #396, .T. ) ;
#2817 = VECTOR ( 'NONE', #2569, 1000.000000000000114 ) ;
#2818 = DIRECTION ( 'NONE',  ( -1.000000000000000000, -0.000000000000000000, -0.000000000000000000 ) ) ;
#2819 = CARTESIAN_POINT ( 'NONE',  ( -122.3196080030131583, 66.73092729468210393, -46.14907805431299437 ) ) ;
#2820 = DIRECTION ( 'NONE',  ( 0.000000000000000000, 0.000000000000000000, 1.000000000000000000 ) ) ;
#2821 = DIRECTION ( 'NONE',  ( 0.000000000000000000, -0.3583132270247113005, -0.9336014306646801542 ) ) ;
#2822 = DIRECTION ( 'NONE',  ( 1.000000000000000000, -0.000000000000000000, 0.000000000000000000 ) ) ;
#2823 = VECTOR ( 'NONE', #3460, 1000.000000000000114 ) ;
#2824 = EDGE_CURVE ( 'NONE', #3710, #2691, #321, .T. ) ;
#2825 = EDGE_CURVE ( 'NONE', #2309, #3974, #4872, .T. ) ;
#2826 = VERTEX_POINT ( 'NONE', #4505 ) ;
#2827 = DIRECTION ( 'NONE',  ( -1.000000000000000000, 0.000000000000000000, 0.000000000000000000 ) ) ;
#2828 = VERTEX_POINT ( 'NONE', #3787 ) ;
#2829 = ADVANCED_FACE ( 'NONE', ( #2546 ), #2490, .T. ) ;
#2830 = VERTEX_POINT ( 'NONE', #936 ) ;
#2831 = DIRECTION ( 'NONE',  ( -1.000000000000000000, -0.000000000000000000, -0.000000000000000000 ) ) ;
#2832 = ORIENTED_EDGE ( 'NONE', *, *, #3196, .F. ) ;
#2833 = DIRECTION ( 'NONE',  ( 1.000000000000000000, -0.000000000000000000, -0.000000000000000000 ) ) ;
#2834 = B_SPLINE_CURVE_WITH_KNOTS ( 'NONE', 3,
 ( #4112, #4384, #1090, #1954 ),
 .UNSPECIFIED., .F., .F.,
 ( 4, 4 ),
 ( 0.000000000000000000, 0.002179835659224644250 ),
 .UNSPECIFIED. ) ;
#2835 = CARTESIAN_POINT ( 'NONE',  ( -134.3196080030131441, 0.000000000000000000, 0.000000000000000000 ) ) ;
#2836 = ORIENTED_EDGE ( 'NONE', *, *, #1994, .T. ) ;
#2837 = CYLINDRICAL_SURFACE ( 'NONE', #1855, 1.500000000000001332 ) ;
#2838 = CARTESIAN_POINT ( 'NONE',  ( -120.3196080030131583, 34.80056625442355767, -14.63615997070125552 ) ) ;
#2839 = DIRECTION ( 'NONE',  ( 1.000000000000000000, -0.000000000000000000, -0.000000000000000000 ) ) ;
#2840 = VERTEX_POINT ( 'NONE', #1661 ) ;
#2841 = STYLED_ITEM ( 'NONE', ( #4085 ), #1134 ) ;
#2842 = CARTESIAN_POINT ( 'NONE',  ( -134.8196080030131441, 0.000000000000000000, -35.14604796487007121 ) ) ;
#2843 = FACE_OUTER_BOUND ( 'NONE', #4148, .T. ) ;
#2844 = LINE ( 'NONE', #1206, #882 ) ;
#2845 = CARTESIAN_POINT ( 'NONE',  ( -132.4196080030131668, 27.47605492012738893, -50.89999999999999858 ) ) ;
#2846 = DIRECTION ( 'NONE',  ( 0.000000000000000000, -3.078189753531485012E-16, 1.000000000000000000 ) ) ;
#2847 = EDGE_LOOP ( 'NONE', ( #4007, #73, #3737, #1763, #4201, #4691, #3521, #3343, #5187, #3442, #5113, #3587 ) ) ;
#2848 = DIRECTION ( 'NONE',  ( 0.000000000000000000, 0.8835444418056632720, 0.4683473276899517423 ) ) ;
#2849 = EDGE_CURVE ( 'NONE', #2233, #3187, #2468, .T. ) ;
#2850 = EDGE_LOOP ( 'NONE', ( #4453, #4111, #3872, #1551 ) ) ;
#2851 = CARTESIAN_POINT ( 'NONE',  ( -131.3196080030131441, 6.656832397142902202, -36.14616860272180077 ) ) ;
#2852 = ORIENTED_EDGE ( 'NONE', *, *, #408, .T. ) ;
#2853 = VECTOR ( 'NONE', #1320, 1000.000000000000000 ) ;
#2854 = CARTESIAN_POINT ( 'NONE',  ( -131.3196080030131441, 42.77130483879715683, 16.41548926283887511 ) ) ;
#2855 = ORIENTED_EDGE ( 'NONE', *, *, #961, .T. ) ;
#2856 = CARTESIAN_POINT ( 'NONE',  ( -138.3196080030131441, 12.25844098113098646, -38.29604796487006979 ) ) ;
#2857 = AXIS2_PLACEMENT_3D ( 'NONE', #4342, #1857, #2329 ) ;
#2858 = ORIENTED_EDGE ( 'NONE', *, *, #1750, .T. ) ;
#2859 = VECTOR ( 'NONE', #3570, 1000.000000000000000 ) ;
#2860 = CARTESIAN_POINT ( 'NONE',  ( -126.3196080030131441, 30.14760523903947842, -13.29540235893742306 ) ) ;
#2861 = ORIENTED_EDGE ( 'NONE', *, *, #4784, .F. ) ;
#2862 = CARTESIAN_POINT ( 'NONE',  ( -138.3196080030131441, 1.800566254423555446, -2.000000000000001776 ) ) ;
#2863 = EDGE_CURVE ( 'NONE', #808, #607, #3404, .T. ) ;
#2864 = ORIENTED_EDGE ( 'NONE', *, *, #731, .F. ) ;
#2865 = EDGE_CURVE ( 'NONE', #3611, #5292, #1432, .T. ) ;
#2866 = EDGE_CURVE ( 'NONE', #4433, #3042, #5127, .T. ) ;
#2867 = ADVANCED_FACE ( 'NONE', ( #833 ), #2924, .F. ) ;
#2868 = LINE ( 'NONE', #2916, #4770 ) ;
#2869 = DIRECTION ( 'NONE',  ( 0.000000000000000000, 0.000000000000000000, 1.000000000000000000 ) ) ;
#2870 = LINE ( 'NONE', #2388, #3550 ) ;
#2871 = DIRECTION ( 'NONE',  ( -1.000000000000000000, 0.000000000000000000, 0.000000000000000000 ) ) ;
#2872 = CARTESIAN_POINT ( 'NONE',  ( -120.3196080030131583, 55.71879511832089804, -17.31978629160429506 ) ) ;
#2873 = CARTESIAN_POINT ( 'NONE',  ( -138.1232771157899322, 54.10434730220433863, -51.00000000000001421 ) ) ;
#2874 = VECTOR ( 'NONE', #1172, 1000.000000000000000 ) ;
#2875 = EDGE_LOOP ( 'NONE', ( #5147, #152, #1819, #3083 ) ) ;
#2876 = LINE ( 'NONE', #3896, #1007 ) ;
#2877 = VECTOR ( 'NONE', #3405, 1000.000000000000000 ) ;
#2878 = EDGE_LOOP ( 'NONE', ( #1740, #3273, #3979, #1804, #3225, #4183, #609, #1843, #3190 ) ) ;
#2879 = CIRCLE ( 'NONE', #3402, 2.999999999999999112 ) ;
#2880 = CARTESIAN_POINT ( 'NONE',  ( -134.3196080030131441, 54.36794712328103429, -35.14604796487007121 ) ) ;
#2881 = CIRCLE ( 'NONE', #319, 11.40000000000000036 ) ;
#2882 = ORIENTED_EDGE ( 'NONE', *, *, #3497, .F. ) ;
#2883 = LINE ( 'NONE', #844, #1787 ) ;
#2884 = ORIENTED_EDGE ( 'NONE', *, *, #4699, .F. ) ;
#2885 = ORIENTED_EDGE ( 'NONE', *, *, #3417, .F. ) ;
#2886 = CIRCLE ( 'NONE', #399, 6.000000000000005329 ) ;
#2887 = CARTESIAN_POINT ( 'NONE',  ( -126.3196080030131441, 65.83968306384814184, -11.44779258935106903 ) ) ;
#2888 = ORIENTED_EDGE ( 'NONE', *, *, #2824, .F. ) ;
#2889 = DIRECTION ( 'NONE',  ( 0.000000000000000000, -1.000000000000000000, 0.000000000000000000 ) ) ;
#2890 = EDGE_CURVE ( 'NONE', #3498, #1261, #25, .T. ) ;
#2891 = ORIENTED_EDGE ( 'NONE', *, *, #4950, .T. ) ;
#2892 = ADVANCED_FACE ( 'NONE', ( #488 ), #909, .T. ) ;
#2893 = FACE_OUTER_BOUND ( 'NONE', #4039, .T. ) ;
#2894 = CARTESIAN_POINT ( 'NONE',  ( -132.4196080030131668, 27.47605492012738893, -50.89999999999999858 ) ) ;
#2895 = DIRECTION ( 'NONE',  ( 0.000000000000000000, 0.000000000000000000, 1.000000000000000000 ) ) ;
#2896 = DIRECTION ( 'NONE',  ( 0.000000000000000000, -0.9567439517003997196, 0.2909312820662348642 ) ) ;
#2897 = EDGE_LOOP ( 'NONE', ( #3741, #255, #2530, #3930, #3589 ) ) ;
#2898 = VECTOR ( 'NONE', #1609, 1000.000000000000000 ) ;
#2899 = CARTESIAN_POINT ( 'NONE',  ( -131.3196080030131441, 17.02136304576615089, -38.25051329443611081 ) ) ;
#2900 = LINE ( 'NONE', #4130, #315 ) ;
#2901 = ORIENTED_EDGE ( 'NONE', *, *, #3121, .T. ) ;
#2902 = DIRECTION ( 'NONE',  ( 0.000000000000000000, -0.4822079065376339568, -0.8760568102997615680 ) ) ;
#2903 = ORIENTED_EDGE ( 'NONE', *, *, #5220, .T. ) ;
#2904 = CARTESIAN_POINT ( 'NONE',  ( -131.0696080030131441, 14.80297241802944264, -25.73264359549888525 ) ) ;
#2905 = LINE ( 'NONE', #2880, #24 ) ;
#2906 = ORIENTED_EDGE ( 'NONE', *, *, #3983, .T. ) ;
#2907 = CARTESIAN_POINT ( 'NONE',  ( -131.3196080030131441, 57.34269152771611289, -44.29604796487007690 ) ) ;
#2908 = DIRECTION ( 'NONE',  ( -0.000000000000000000, -0.9011589228679854902, -0.4334888646037084459 ) ) ;
#2909 = ORIENTED_EDGE ( 'NONE', *, *, #5027, .F. ) ;
#2910 = ORIENTED_EDGE ( 'NONE', *, *, #1589, .F. ) ;
#2911 = CARTESIAN_POINT ( 'NONE',  ( -120.3196080030131583, 28.67883613729080139, -14.45440985207132201 ) ) ;
#2912 = VERTEX_POINT ( 'NONE', #3764 ) ;
#2913 = DIRECTION ( 'NONE',  ( 0.000000000000000000, 2.079713857324681502E-16, -1.000000000000000000 ) ) ;
#2914 = EDGE_CURVE ( 'NONE', #2393, #154, #2538, .T. ) ;
#2915 = VERTEX_POINT ( 'NONE', #2119 ) ;
#2916 = CARTESIAN_POINT ( 'NONE',  ( -122.3196080030131583, 48.69320226928962825, -9.384714531282769556 ) ) ;
#2917 = LINE ( 'NONE', #2973, #4697 ) ;
#2918 = DIRECTION ( 'NONE',  ( -1.000000000000000000, -0.000000000000000000, -0.000000000000000000 ) ) ;
#2919 = EDGE_CURVE ( 'NONE', #2929, #203, #4129, .T. ) ;
#2920 = CARTESIAN_POINT ( 'NONE',  ( -131.3196080030131441, 17.89385181029055261, -6.867602785786671937 ) ) ;
#2921 = ORIENTED_EDGE ( 'NONE', *, *, #1741, .T. ) ;
#2922 = AXIS2_PLACEMENT_3D ( 'NONE', #5262, #1055, #3928 ) ;
#2923 = AXIS2_PLACEMENT_3D ( 'NONE', #581, #3098, #174 ) ;
#2924 = PLANE ( 'NONE',  #2799 ) ;
#2925 = CARTESIAN_POINT ( 'NONE',  ( -126.3196080030131441, 39.45352726980763691, -11.79540235893742306 ) ) ;
#2926 = EDGE_LOOP ( 'NONE', ( #1917, #4944, #2276, #838, #4251, #1108, #4455, #3153, #1929 ) ) ;
#2927 = EDGE_CURVE ( 'NONE', #3544, #1203, #5013, .T. ) ;
#2928 = DIRECTION ( 'NONE',  ( -1.000000000000000000, -0.000000000000000000, -0.000000000000000000 ) ) ;
#2929 = VERTEX_POINT ( 'NONE', #3309 ) ;
#2930 = EDGE_CURVE ( 'NONE', #4036, #2646, #4930, .T. ) ;
#2931 = AXIS2_PLACEMENT_3D ( 'NONE', #3639, #4812, #711 ) ;
#2932 = EDGE_CURVE ( 'NONE', #4914, #5003, #1774, .T. ) ;
#2933 = DIRECTION ( 'NONE',  ( -1.000000000000000000, -0.000000000000000000, -0.000000000000000000 ) ) ;
#2934 = FACE_OUTER_BOUND ( 'NONE', #2618, .T. ) ;
#2935 = VERTEX_POINT ( 'NONE', #5041 ) ;
#2936 = DIRECTION ( 'NONE',  ( 0.000000000000000000, 0.000000000000000000, 1.000000000000000000 ) ) ;
#2937 = VERTEX_POINT ( 'NONE', #2088 ) ;
#2938 = CARTESIAN_POINT ( 'NONE',  ( -126.3196080030131441, 3.761449444998968161, -12.94779258935107080 ) ) ;
#2939 = VERTEX_POINT ( 'NONE', #2899 ) ;
#2940 = CARTESIAN_POINT ( 'NONE',  ( -131.0696080030131441, 10.57843249128782404, -32.88194108536649907 ) ) ;
#2941 = AXIS2_PLACEMENT_3D ( 'NONE', #1216, #4063, #385 ) ;
#2942 = ORIENTED_EDGE ( 'NONE', *, *, #2389, .F. ) ;
#2943 = DIRECTION ( 'NONE',  ( -1.000000000000000000, 0.000000000000000000, 0.000000000000000000 ) ) ;
#2944 = CARTESIAN_POINT ( 'NONE',  ( -126.3196080030131441, 42.12507758871971220, -50.89999999999999858 ) ) ;
#2945 = DIRECTION ( 'NONE',  ( -1.000000000000000000, -0.000000000000000000, -0.000000000000000000 ) ) ;
#2946 = VECTOR ( 'NONE', #2695, 1000.000000000000000 ) ;
#2947 = FACE_OUTER_BOUND ( 'NONE', #3720, .T. ) ;
#2948 = VERTEX_POINT ( 'NONE', #4106 ) ;
#2949 = ADVANCED_FACE ( 'NONE', ( #427 ), #825, .T. ) ;
#2950 = DIRECTION ( 'NONE',  ( -1.000000000000000000, 0.000000000000000000, 0.000000000000000000 ) ) ;
#2951 = AXIS2_PLACEMENT_3D ( 'NONE', #1233, #4901, #2013 ) ;
#2952 = DIRECTION ( 'NONE',  ( 0.000000000000000000, 0.000000000000000000, 1.000000000000000000 ) ) ;
#2953 = LINE ( 'NONE', #938, #3482 ) ;
#2954 = CARTESIAN_POINT ( 'NONE',  ( -131.0696080030131441, 58.50020612030998279, -24.56687932326735790 ) ) ;
#2955 = ADVANCED_FACE ( 'NONE', ( #2227 ), #646, .F. ) ;
#2956 = VERTEX_POINT ( 'NONE', #2708 ) ;
#2957 = CARTESIAN_POINT ( 'NONE',  ( -138.3196080030131441, 48.90350467446872074, -19.93547284888469306 ) ) ;
#2958 = CARTESIAN_POINT ( 'NONE',  ( -120.3196080030131583, 1.800566254423555446, -51.00000000000000000 ) ) ;
#2959 = ORIENTED_EDGE ( 'NONE', *, *, #1024, .T. ) ;
#2960 = APPLICATION_PROTOCOL_DEFINITION ( 'draft international standard', 'automotive_design', 1998, #5142 ) ;
#2961 = CARTESIAN_POINT ( 'NONE',  ( -120.3196080030131583, -4.118425500350480384, -2.430562951267397409 ) ) ;
#2962 = VECTOR ( 'NONE', #690, 1000.000000000000000 ) ;
#2963 = EDGE_CURVE ( 'NONE', #5003, #5269, #4636, .T. ) ;
#2964 = EDGE_CURVE ( 'NONE', #3477, #1227, #567, .T. ) ;
#2965 = ORIENTED_EDGE ( 'NONE', *, *, #267, .F. ) ;
#2966 = CARTESIAN_POINT ( 'NONE',  ( -138.3196080030131441, 1.800566254423555446, -2.000000000000001776 ) ) ;
#2967 = EDGE_LOOP ( 'NONE', ( #3584, #2984, #4352, #1950 ) ) ;
#2968 = CARTESIAN_POINT ( 'NONE',  ( -131.3196080030131441, 58.92697209478436093, -32.94534080442344504 ) ) ;
#2969 = CARTESIAN_POINT ( 'NONE',  ( -120.3196080030131583, 27.47605492012738893, -49.39999999999999858 ) ) ;
#2970 = AXIS2_PLACEMENT_3D ( 'NONE', #1799, #3499, #5125 ) ;
#2971 = ORIENTED_EDGE ( 'NONE', *, *, #2351, .T. ) ;
#2972 = CARTESIAN_POINT ( 'NONE',  ( -134.8017644469443610, 24.68908372373685722, -49.02130079591430700 ) ) ;
#2973 = CARTESIAN_POINT ( 'NONE',  ( -130.8196080030131441, 28.63646680170275260, 0.000000000000000000 ) ) ;
#2974 = DIRECTION ( 'NONE',  ( 0.000000000000000000, 0.000000000000000000, -1.000000000000000000 ) ) ;
#2975 = VECTOR ( 'NONE', #3134, 1000.000000000000000 ) ;
#2976 = DIRECTION ( 'NONE',  ( 0.000000000000000000, 0.7071067811865474617, 0.7071067811865474617 ) ) ;
#2977 = ORIENTED_EDGE ( 'NONE', *, *, #3885, .T. ) ;
#2978 = CARTESIAN_POINT ( 'NONE',  ( -120.3196080030131583, 34.80056625442355767, -13.43563121309681385 ) ) ;
#2979 = DIRECTION ( 'NONE',  ( 1.000000000000000000, -0.000000000000000000, 0.000000000000000000 ) ) ;
#2980 = FACE_OUTER_BOUND ( 'NONE', #3966, .T. ) ;
#2981 = AXIS2_PLACEMENT_3D ( 'NONE', #387, #2024, #2047 ) ;
#2982 = EDGE_CURVE ( 'NONE', #2145, #2459, #3523, .T. ) ;
#2983 = CARTESIAN_POINT ( 'NONE',  ( -131.3196080030131441, 57.34269152771611289, -44.29604796487007690 ) ) ;
#2984 = ORIENTED_EDGE ( 'NONE', *, *, #4622, .F. ) ;
#2985 = AXIS2_PLACEMENT_3D ( 'NONE', #1363, #3913, #3000 ) ;
#2986 = ADVANCED_FACE ( 'NONE', ( #2251 ), #994, .F. ) ;
#2987 = CARTESIAN_POINT ( 'NONE',  ( -120.3196080030131583, 13.88233739052621907, -17.31978629160429861 ) ) ;
#2988 = FACE_OUTER_BOUND ( 'NONE', #3260, .T. ) ;
#2989 = ORIENTED_EDGE ( 'NONE', *, *, #3382, .T. ) ;
#2990 = DIRECTION ( 'NONE',  ( 0.000000000000000000, -0.000000000000000000, 1.000000000000000000 ) ) ;
#2991 = VERTEX_POINT ( 'NONE', #1046 ) ;
#2992 = EDGE_CURVE ( 'NONE', #822, #503, #4929, .T. ) ;
#2993 = EDGE_LOOP ( 'NONE', ( #1032, #241, #732, #2627, #3509, #4216, #4678, #5234, #4121, #235, #3015, #1237 ) ) ;
#2994 = CARTESIAN_POINT ( 'NONE',  ( -135.9109551450462163, 20.85887908711398353, -51.00000000000000711 ) ) ;
#2995 = ORIENTED_EDGE ( 'NONE', *, *, #1579, .F. ) ;
#2996 = CARTESIAN_POINT ( 'NONE',  ( -120.3196080030131583, 40.63185401174214206, -13.26250413604848255 ) ) ;
#2997 = DIRECTION ( 'NONE',  ( 0.000000000000000000, 0.000000000000000000, -1.000000000000000000 ) ) ;
#2998 = VERTEX_POINT ( 'NONE', #5175 ) ;
#2999 = CARTESIAN_POINT ( 'NONE',  ( -120.3196080030131583, 59.63951516103626460, -34.12326697404127174 ) ) ;
#3000 = DIRECTION ( 'NONE',  ( 0.000000000000000000, 0.000000000000000000, 1.000000000000000000 ) ) ;
#3001 = DIRECTION ( 'NONE',  ( 1.000000000000000000, 0.000000000000000000, 0.000000000000000000 ) ) ;
#3002 = CARTESIAN_POINT ( 'NONE',  ( -122.3196080030131583, 34.80056625442355767, -14.63615997070125552 ) ) ;
#3003 = ORIENTED_EDGE ( 'NONE', *, *, #2169, .F. ) ;
#3004 = ADVANCED_FACE ( 'NONE', ( #5148 ), #1476, .F. ) ;
#3005 = DIRECTION ( 'NONE',  ( -1.000000000000000000, 0.000000000000000000, 0.000000000000000000 ) ) ;
#3006 = CARTESIAN_POINT ( 'NONE',  ( 0.000000000000000000, -0.1994337455764462197, -2.000000000000001776 ) ) ;
#3007 = DIRECTION ( 'NONE',  ( -1.000000000000000000, -0.000000000000000000, -0.000000000000000000 ) ) ;
#3008 = FACE_BOUND ( 'NONE', #2559, .T. ) ;
#3009 = EDGE_LOOP ( 'NONE', ( #3513, #3929, #4062 ) ) ;
#3010 = CIRCLE ( 'NONE', #274, 3.000000000000000888 ) ;
#3011 = CARTESIAN_POINT ( 'NONE',  ( -134.3196080030131441, 0.000000000000000000, -41.44604796487007548 ) ) ;
#3012 = DIRECTION ( 'NONE',  ( -1.000000000000000000, -0.000000000000000000, -0.000000000000000000 ) ) ;
#3013 = ORIENTED_EDGE ( 'NONE', *, *, #1523, .T. ) ;
#3014 = DIRECTION ( 'NONE',  ( 0.000000000000000000, 0.7071067811865474617, 0.7071067811865474617 ) ) ;
#3015 = ORIENTED_EDGE ( 'NONE', *, *, #3497, .T. ) ;
#3016 = ORIENTED_EDGE ( 'NONE', *, *, #1646, .T. ) ;
#3017 = CARTESIAN_POINT ( 'NONE',  ( -131.0696080030131441, 58.92697209478436093, -32.94534080442344504 ) ) ;
#3018 = ORIENTED_EDGE ( 'NONE', *, *, #688, .F. ) ;
#3019 = DIRECTION ( 'NONE',  ( 0.000000000000000000, 0.000000000000000000, 1.000000000000000000 ) ) ;
#3020 = CARTESIAN_POINT ( 'NONE',  ( -120.3196080030131583, 42.12507758871971220, -47.89999999999999858 ) ) ;
#3021 = VERTEX_POINT ( 'NONE', #4267 ) ;
#3022 = EDGE_CURVE ( 'NONE', #3697, #2313, #4692, .T. ) ;
#3023 = DIRECTION ( 'NONE',  ( 0.000000000000000000, 0.5082561830145977400, -0.8612059291641179781 ) ) ;
#3024 = VECTOR ( 'NONE', #4015, 1000.000000000000000 ) ;
#3025 = DIRECTION ( 'NONE',  ( 0.000000000000000000, 0.000000000000000000, 1.000000000000000000 ) ) ;
#3026 = DIRECTION ( 'NONE',  ( -1.000000000000000000, -0.000000000000000000, -0.000000000000000000 ) ) ;
#3027 = ADVANCED_FACE ( 'NONE', ( #3841 ), #3663, .T. ) ;
#3028 = DIRECTION ( 'NONE',  ( 1.000000000000000000, -0.000000000000000000, 0.000000000000000000 ) ) ;
#3029 = AXIS2_PLACEMENT_3D ( 'NONE', #2760, #2438, #4077 ) ;
#3030 = ORIENTED_EDGE ( 'NONE', *, *, #1520, .F. ) ;
#3031 = ADVANCED_FACE ( 'NONE', ( #5095 ), #2680, .T. ) ;
#3032 = EDGE_CURVE ( 'NONE', #2830, #2268, #1000, .T. ) ;
#3033 = CARTESIAN_POINT ( 'NONE',  ( -138.3196080030131441, 67.80056625442354346, -45.84872008806556209 ) ) ;
#3034 = AXIS2_PLACEMENT_3D ( 'NONE', #3964, #1604, #1576 ) ;
#3035 = DIRECTION ( 'NONE',  ( -1.000000000000000000, 0.000000000000000000, 0.000000000000000000 ) ) ;
#3036 = CARTESIAN_POINT ( 'NONE',  ( -131.0696080030131441, 0.000000000000000000, 0.000000000000000000 ) ) ;
#3037 = CARTESIAN_POINT ( 'NONE',  ( -139.8196080030131441, 3.300566254423556778, -31.24505651822823893 ) ) ;
#3038 = ORIENTED_EDGE ( 'NONE', *, *, #4884, .F. ) ;
#3039 = VECTOR ( 'NONE', #3839, 1000.000000000000227 ) ;
#3040 = DIRECTION ( 'NONE',  ( 0.000000000000000000, 0.000000000000000000, 1.000000000000000000 ) ) ;
#3041 = PLANE ( 'NONE',  #1911 ) ;
#3042 = VERTEX_POINT ( 'NONE', #1425 ) ;
#3043 = CARTESIAN_POINT ( 'NONE',  ( -131.0696080030131441, 61.41512328122997388, -32.16182873192050096 ) ) ;
#3044 = ORIENTED_EDGE ( 'NONE', *, *, #4761, .T. ) ;
#3045 = ORIENTED_EDGE ( 'NONE', *, *, #3502, .F. ) ;
#3046 = VECTOR ( 'NONE', #1519, 1000.000000000000000 ) ;
#3047 = ADVANCED_FACE ( 'NONE', ( #3945 ), #4239, .F. ) ;
#3048 = CARTESIAN_POINT ( 'NONE',  ( -120.3196080030131583, 1.800566254423555446, 0.000000000000000000 ) ) ;
#3049 = EDGE_LOOP ( 'NONE', ( #2046, #2508 ) ) ;
#3050 = DIRECTION ( 'NONE',  ( 0.000000000000000000, -0.9999543040532067328, -0.009559801539094768541 ) ) ;
#3051 = VECTOR ( 'NONE', #2296, 1000.000000000000000 ) ;
#3052 = DIRECTION ( 'NONE',  ( -1.000000000000000000, -0.000000000000000000, -0.000000000000000000 ) ) ;
#3053 = EDGE_CURVE ( 'NONE', #1457, #4193, #1902, .T. ) ;
#3054 = VERTEX_POINT ( 'NONE', #3892 ) ;
#3055 = AXIS2_PLACEMENT_3D ( 'NONE', #94, #4282, #1758 ) ;
#3056 = VECTOR ( 'NONE', #1182, 1000.000000000000000 ) ;
#3057 = VECTOR ( 'NONE', #3206, 1000.000000000000000 ) ;
#3058 = CARTESIAN_POINT ( 'NONE',  ( -138.3196080030131441, 67.80056625442354346, -15.21824124829908698 ) ) ;
#3059 = DIRECTION ( 'NONE',  ( 1.000000000000000000, -0.000000000000000000, -0.000000000000000000 ) ) ;
#3060 = DIRECTION ( 'NONE',  ( 0.000000000000000000, 0.000000000000000000, 1.000000000000000000 ) ) ;
#3061 = EDGE_CURVE ( 'NONE', #818, #1045, #191, .T. ) ;
#3062 = VECTOR ( 'NONE', #4847, 1000.000000000000227 ) ;
#3063 = ORIENTED_EDGE ( 'NONE', *, *, #2804, .T. ) ;
#3064 = AXIS2_PLACEMENT_3D ( 'NONE', #4822, #2033, #1501 ) ;
#3065 = CARTESIAN_POINT ( 'NONE',  ( -131.3196080030131441, 0.000000000000000000, 0.000000000000000000 ) ) ;
#3066 = CARTESIAN_POINT ( 'NONE',  ( -120.3196080030131583, 42.12507758871971220, -47.89999999999999858 ) ) ;
#3067 = VECTOR ( 'NONE', #1803, 1000.000000000000000 ) ;
#3068 = VECTOR ( 'NONE', #3691, 1000.000000000000000 ) ;
#3069 = FACE_OUTER_BOUND ( 'NONE', #3359, .T. ) ;
#3070 = CARTESIAN_POINT ( 'NONE',  ( -132.7826965941075912, 26.04542630948686366, -50.53691140890556710 ) ) ;
#3071 = ORIENTED_EDGE ( 'NONE', *, *, #2092, .T. ) ;
#3072 = DIRECTION ( 'NONE',  ( 1.000000000000000000, 0.000000000000000000, 0.000000000000000000 ) ) ;
#3073 = ORIENTED_EDGE ( 'NONE', *, *, #3821, .F. ) ;
#3074 = DIRECTION ( 'NONE',  ( -1.000000000000000000, 0.000000000000000000, 0.000000000000000000 ) ) ;
#3075 = ORIENTED_EDGE ( 'NONE', *, *, #1123, .F. ) ;
#3076 = ORIENTED_EDGE ( 'NONE', *, *, #1615, .F. ) ;
#3077 = AXIS2_PLACEMENT_3D ( 'NONE', #4548, #3278, #2869 ) ;
#3078 = CARTESIAN_POINT ( 'NONE',  ( -138.1256795023565473, 15.48540150338925336, -51.00000000000000000 ) ) ;
#3079 = ORIENTED_EDGE ( 'NONE', *, *, #3032, .F. ) ;
#3080 = DIRECTION ( 'NONE',  ( -1.000000000000000000, -0.000000000000000000, -0.000000000000000000 ) ) ;
#3081 = LINE ( 'NONE', #1013, #1648 ) ;
#3082 = CIRCLE ( 'NONE', #2620, 1.500000000000001332 ) ;
#3083 = ORIENTED_EDGE ( 'NONE', *, *, #3022, .F. ) ;
#3084 = EDGE_CURVE ( 'NONE', #1433, #2180, #3164, .T. ) ;
#3085 = DIRECTION ( 'NONE',  ( -1.000000000000000000, 0.000000000000000000, 0.000000000000000000 ) ) ;
#3086 = CARTESIAN_POINT ( 'NONE',  ( -120.3196080030131583, 4.070205214165003582, -15.75906465691168812 ) ) ;
#3087 = DIRECTION ( 'NONE',  ( 0.000000000000000000, 0.000000000000000000, 1.000000000000000000 ) ) ;
#3088 = ORIENTED_EDGE ( 'NONE', *, *, #2471, .F. ) ;
#3089 = CARTESIAN_POINT ( 'NONE',  ( -144.3196080030131725, 57.34269152771611289, -38.29604796487006979 ) ) ;
#3090 = DIRECTION ( 'NONE',  ( 0.000000000000000000, 0.3583132270247110229, 0.9336014306646802652 ) ) ;
#3091 = CARTESIAN_POINT ( 'NONE',  ( -120.3196080030131583, 12.25844098113098646, -38.29604796487006979 ) ) ;
#3092 = CARTESIAN_POINT ( 'NONE',  ( -135.5750663764307546, 45.12552294668613229, -48.06906608271744119 ) ) ;
#3093 = VERTEX_POINT ( 'NONE', #2656 ) ;
#3094 = EDGE_CURVE ( 'NONE', #4048, #1941, #802, .T. ) ;
#3095 = EDGE_CURVE ( 'NONE', #4752, #1593, #2881, .T. ) ;
#3096 = CARTESIAN_POINT ( 'NONE',  ( -134.3196080030131441, 9.299951885966493137, -35.14604796487007832 ) ) ;
#3097 = VERTEX_POINT ( 'NONE', #5277 ) ;
#3098 = DIRECTION ( 'NONE',  ( 1.000000000000000000, -0.000000000000000000, 0.000000000000000000 ) ) ;
#3099 = EDGE_LOOP ( 'NONE', ( #5295, #5124, #5300, #4804 ) ) ;
#3100 = ORIENTED_EDGE ( 'NONE', *, *, #3155, .T. ) ;
#3101 = EDGE_CURVE ( 'NONE', #5155, #2454, #3677, .T. ) ;
#3102 = VECTOR ( 'NONE', #5156, 1000.000000000000000 ) ;
#3103 = ADVANCED_FACE ( 'NONE', ( #1608 ), #3146, .F. ) ;
#3104 = DIRECTION ( 'NONE',  ( 1.000000000000000000, 0.000000000000000000, -0.000000000000000000 ) ) ;
#3105 = ORIENTED_EDGE ( 'NONE', *, *, #1062, .F. ) ;
#3106 = DIRECTION ( 'NONE',  ( 0.000000000000000000, 0.4916981210386112133, 0.8707657307032122818 ) ) ;
#3107 = DIRECTION ( 'NONE',  ( -1.000000000000000000, 0.000000000000000000, -0.000000000000000000 ) ) ;
#3108 = ORIENTED_EDGE ( 'NONE', *, *, #1785, .F. ) ;
#3109 = LINE ( 'NONE', #2197, #48 ) ;
#3110 = VECTOR ( 'NONE', #5225, 1000.000000000000000 ) ;
#3111 = CARTESIAN_POINT ( 'NONE',  ( -134.3196080030131441, 0.000000000000000000, -41.44604796487007548 ) ) ;
#3112 = CARTESIAN_POINT ( 'NONE',  ( -122.3196080030131583, 4.070205214165001806, -44.94907805431299153 ) ) ;
#3113 = EDGE_CURVE ( 'NONE', #4031, #4048, #351, .T. ) ;
#3114 = AXIS2_PLACEMENT_3D ( 'NONE', #1445, #558, #1039 ) ;
#3115 = ORIENTED_EDGE ( 'NONE', *, *, #3113, .T. ) ;
#3116 = AXIS2_PLACEMENT_3D ( 'NONE', #1270, #34, #2475 ) ;
#3117 = DIRECTION ( 'NONE',  ( 1.000000000000000000, 0.000000000000000000, -0.000000000000000000 ) ) ;
#3118 = PLANE ( 'NONE',  #704 ) ;
#3119 = AXIS2_PLACEMENT_3D ( 'NONE', #3112, #957, #1795 ) ;
#3120 = FACE_OUTER_BOUND ( 'NONE', #3468, .T. ) ;
#3121 = EDGE_CURVE ( 'NONE', #369, #2172, #2886, .T. ) ;
#3122 = CARTESIAN_POINT ( 'NONE',  ( -134.3196080030131441, 0.000000000000000000, -35.14604796487007121 ) ) ;
#3123 = ORIENTED_EDGE ( 'NONE', *, *, #3867, .T. ) ;
#3124 = CIRCLE ( 'NONE', #5085, 11.40000000000000036 ) ;
#3125 = DIRECTION ( 'NONE',  ( -1.000000000000000000, -0.000000000000000000, -0.000000000000000000 ) ) ;
#3126 = EDGE_LOOP ( 'NONE', ( #2087, #1666 ) ) ;
#3127 = EDGE_CURVE ( 'NONE', #4888, #2441, #375, .T. ) ;
#3128 = DIRECTION ( 'NONE',  ( 1.000000000000000000, 0.000000000000000000, 0.000000000000000000 ) ) ;
#3129 = EDGE_LOOP ( 'NONE', ( #1033, #2590 ) ) ;
#3130 = ORIENTED_EDGE ( 'NONE', *, *, #1422, .T. ) ;
#3131 = EDGE_CURVE ( 'NONE', #2722, #93, #5252, .T. ) ;
#3132 = DIRECTION ( 'NONE',  ( -1.000000000000000000, 0.000000000000000000, -0.000000000000000000 ) ) ;
#3133 = VERTEX_POINT ( 'NONE', #775 ) ;
#3134 = DIRECTION ( 'NONE',  ( 0.000000000000000000, -1.000000000000000000, 0.000000000000000000 ) ) ;
#3135 = EDGE_CURVE ( 'NONE', #4048, #1964, #752, .T. ) ;
#3136 = ADVANCED_FACE ( 'NONE', ( #1179 ), #1959, .T. ) ;
#3137 = CARTESIAN_POINT ( 'NONE',  ( -138.5156559678832195, 11.50993925918691829, -51.00000000000000000 ) ) ;
#3138 = EDGE_LOOP ( 'NONE', ( #4541, #2103, #5196, #5164 ) ) ;
#3139 = AXIS2_PLACEMENT_3D ( 'NONE', #146, #2555, #1780 ) ;
#3140 = LINE ( 'NONE', #4765, #734 ) ;
#3141 = PLANE ( 'NONE',  #5111 ) ;
#3142 = CARTESIAN_POINT ( 'NONE',  ( -131.0696080030131441, 40.96466570714435562, -23.66043044517396510 ) ) ;
#3143 = VECTOR ( 'NONE', #2027, 1000.000000000000000 ) ;
#3144 = EDGE_LOOP ( 'NONE', ( #14, #708, #2365, #1040 ) ) ;
#3145 = VECTOR ( 'NONE', #428, 1000.000000000000114 ) ;
#3146 = CYLINDRICAL_SURFACE ( 'NONE', #828, 3.000000000000000888 ) ;
#3147 = VECTOR ( 'NONE', #166, 1000.000000000000000 ) ;
#3148 = CARTESIAN_POINT ( 'NONE',  ( -126.3196080030131441, 65.83968306384814184, -9.947792589351072579 ) ) ;
#3149 = CARTESIAN_POINT ( 'NONE',  ( -138.3196080030131441, 46.32148346731374744, -44.99999999999996447 ) ) ;
#3150 = CARTESIAN_POINT ( 'NONE',  ( -138.3196080030131441, 59.58313851194014887, -51.00000000000000000 ) ) ;
#3151 = CARTESIAN_POINT ( 'NONE',  ( -138.3196080030131441, 3.761449444998968161, -9.947792589351072579 ) ) ;
#3152 = VECTOR ( 'NONE', #448, 1000.000000000000000 ) ;
#3153 = ORIENTED_EDGE ( 'NONE', *, *, #1178, .T. ) ;
#3154 = DIRECTION ( 'NONE',  ( 0.000000000000000000, -0.9997914061467753077, -0.02042410818257910446 ) ) ;
#3155 = EDGE_CURVE ( 'NONE', #2316, #685, #3627, .T. ) ;
#3156 = VERTEX_POINT ( 'NONE', #4052 ) ;
#3157 = CARTESIAN_POINT ( 'NONE',  ( -131.3196080030131441, 13.60761129450515305, -44.29604796487008400 ) ) ;
#3158 = ORIENTED_EDGE ( 'NONE', *, *, #1765, .T. ) ;
#3159 = ORIENTED_EDGE ( 'NONE', *, *, #5193, .F. ) ;
#3160 = FACE_BOUND ( 'NONE', #1614, .T. ) ;
#3161 = ORIENTED_EDGE ( 'NONE', *, *, #2146, .T. ) ;
#3162 = CARTESIAN_POINT ( 'NONE',  ( -131.3196080030131441, 56.57321924030494387, -31.13959425374204670 ) ) ;
#3163 = ADVANCED_FACE ( 'NONE', ( #1930 ), #3253, .F. ) ;
#3164 = B_SPLINE_CURVE_WITH_KNOTS ( 'NONE', 3,
 ( #3033, #4664, #3864, #4292 ),
 .UNSPECIFIED., .F., .F.,
 ( 4, 4 ),
 ( 0.000000000000000000, 0.002179835659224645117 ),
 .UNSPECIFIED. ) ;
#3165 = CARTESIAN_POINT ( 'NONE',  ( -131.3196080030131441, 56.76769476762042643, -20.05274209494164595 ) ) ;
#3166 = VECTOR ( 'NONE', #1196, 1000.000000000000000 ) ;
#3167 = ORIENTED_EDGE ( 'NONE', *, *, #4398, .T. ) ;
#3168 = AXIS2_PLACEMENT_3D ( 'NONE', #1309, #449, #482 ) ;
#3169 = CARTESIAN_POINT ( 'NONE',  ( -134.8196080030131441, 57.34269152771611289, -41.44604796487007548 ) ) ;
#3170 = DIRECTION ( 'NONE',  ( 0.7071067811865509034, -0.000000000000000000, 0.7071067811865442421 ) ) ;
#3171 = DIRECTION ( 'NONE',  ( 0.000000000000000000, -0.9538267149103734077, -0.3003574502543348568 ) ) ;
#3172 = EDGE_CURVE ( 'NONE', #810, #251, #4364, .T. ) ;
#3173 = ORIENTED_EDGE ( 'NONE', *, *, #894, .F. ) ;
#3174 = CYLINDRICAL_SURFACE ( 'NONE', #1773, 2.999999999999999112 ) ;
#3175 = CARTESIAN_POINT ( 'NONE',  ( -120.3196080030131583, 40.63185401174214206, -13.26250413604848255 ) ) ;
#3176 = CARTESIAN_POINT ( 'NONE',  ( -142.8196080030131441, 57.34269152771611289, -49.69604796487007548 ) ) ;
#3177 = DIRECTION ( 'NONE',  ( 0.000000000000000000, 0.000000000000000000, 1.000000000000000000 ) ) ;
#3178 = FACE_OUTER_BOUND ( 'NONE', #4150, .T. ) ;
#3179 = EDGE_LOOP ( 'NONE', ( #4383, #1957, #4836, #545, #1101, #4355 ) ) ;
#3180 = LINE ( 'NONE', #4506, #3145 ) ;
#3181 = ORIENTED_EDGE ( 'NONE', *, *, #178, .F. ) ;
#3182 = LINE ( 'NONE', #681, #4805 ) ;
#3183 = ORIENTED_EDGE ( 'NONE', *, *, #4486, .T. ) ;
#3184 = ORIENTED_EDGE ( 'NONE', *, *, #2306, .F. ) ;
#3185 = B_SPLINE_CURVE_WITH_KNOTS ( 'NONE', 3,
 ( #1169, #2810, #3137, #4439 ),
 .UNSPECIFIED., .F., .F.,
 ( 4, 4 ),
 ( 0.000000000000000000, 0.002244758147149744122 ),
 .UNSPECIFIED. ) ;
#3186 = LINE ( 'NONE', #739, #3024 ) ;
#3187 = VERTEX_POINT ( 'NONE', #3998 ) ;
#3188 = DIRECTION ( 'NONE',  ( 0.000000000000000000, -0.4916981210386088263, -0.8707657307032137251 ) ) ;
#3189 = DIRECTION ( 'NONE',  ( 1.000000000000000000, 0.000000000000000000, 0.000000000000000000 ) ) ;
#3190 = ORIENTED_EDGE ( 'NONE', *, *, #2927, .F. ) ;
#3191 = AXIS2_PLACEMENT_3D ( 'NONE', #4781, #2741, #4350 ) ;
#3192 = CARTESIAN_POINT ( 'NONE',  ( -131.3196080030131441, 52.58054536856950278, -38.39333084581673461 ) ) ;
#3193 = CARTESIAN_POINT ( 'NONE',  ( -131.0696080030131441, 47.20567209103620598, -28.12349751167933931 ) ) ;
#3194 = CARTESIAN_POINT ( 'NONE',  ( -144.3196080030131725, 12.25844098113098646, -49.69604796487007548 ) ) ;
#3195 = ORIENTED_EDGE ( 'NONE', *, *, #1914, .T. ) ;
#3196 = EDGE_CURVE ( 'NONE', #895, #1941, #2371, .T. ) ;
#3197 = AXIS2_PLACEMENT_3D ( 'NONE', #4740, #643, #3060 ) ;
#3198 = DIRECTION ( 'NONE',  ( 1.000000000000000000, -0.000000000000000000, -0.000000000000000000 ) ) ;
#3199 = EDGE_CURVE ( 'NONE', #123, #1866, #4772, .T. ) ;
#3200 = PLANE ( 'NONE',  #2554 ) ;
#3201 = CARTESIAN_POINT ( 'NONE',  ( -122.3196080030131583, 66.73092729468208972, -14.86971232810076948 ) ) ;
#3202 = DIRECTION ( 'NONE',  ( 0.000000000000000000, 0.000000000000000000, -1.000000000000000000 ) ) ;
#3203 = EDGE_CURVE ( 'NONE', #3042, #5049, #1148, .T. ) ;
#3204 = CARTESIAN_POINT ( 'NONE',  ( -131.3196080030131441, 55.04586789439593275, -42.46882895569886074 ) ) ;
#3205 = ORIENTED_EDGE ( 'NONE', *, *, #3298, .F. ) ;
#3206 = DIRECTION ( 'NONE',  ( -0.000000000000000000, -0.9538267149103736298, -0.3003574502543340241 ) ) ;
#3207 = AXIS2_PLACEMENT_3D ( 'NONE', #5176, #1403, #918 ) ;
#3208 = VERTEX_POINT ( 'NONE', #3968 ) ;
#3209 = DIRECTION ( 'NONE',  ( -0.000000000000000000, -0.9995595627334283861, -0.02967626236838652801 ) ) ;
#3210 = VERTEX_POINT ( 'NONE', #3575 ) ;
#3211 = VECTOR ( 'NONE', #3444, 1000.000000000000000 ) ;
#3212 = VERTEX_POINT ( 'NONE', #5203 ) ;
#3213 = LINE ( 'NONE', #4839, #3546 ) ;
#3214 = ORIENTED_EDGE ( 'NONE', *, *, #4429, .F. ) ;
#3215 = CARTESIAN_POINT ( 'NONE',  ( -138.5156559678832195, 57.34269152771611289, -51.00000000000000000 ) ) ;
#3216 = VECTOR ( 'NONE', #3753, 1000.000000000000000 ) ;
#3217 = DIRECTION ( 'NONE',  ( -0.000000000000000000, 0.000000000000000000, 1.000000000000000000 ) ) ;
#3218 = ADVANCED_FACE ( 'NONE', ( #1529 ), #3174, .F. ) ;
#3219 = VERTEX_POINT ( 'NONE', #2568 ) ;
#3220 = AXIS2_PLACEMENT_3D ( 'NONE', #1859, #331, #5152 ) ;
#3221 = DIRECTION ( 'NONE',  ( -1.000000000000000000, -0.000000000000000000, -0.000000000000000000 ) ) ;
#3222 = PLANE ( 'NONE',  #1860 ) ;
#3223 = DIRECTION ( 'NONE',  ( -1.000000000000000000, -0.000000000000000000, -0.000000000000000000 ) ) ;
#3224 = ADVANCED_FACE ( 'NONE', ( #4204 ), #876, .T. ) ;
#3225 = ORIENTED_EDGE ( 'NONE', *, *, #863, .F. ) ;
#3226 = ADVANCED_FACE ( 'NONE', ( #2140 ), #4576, .F. ) ;
#3227 = DIRECTION ( 'NONE',  ( 0.000000000000000000, -1.000000000000000000, 0.000000000000000000 ) ) ;
#3228 = FACE_BOUND ( 'NONE', #4624, .T. ) ;
#3229 = LINE ( 'NONE', #1531, #4651 ) ;
#3230 = DIRECTION ( 'NONE',  ( -1.000000000000000000, 0.000000000000000000, 0.000000000000000000 ) ) ;
#3231 = VECTOR ( 'NONE', #2284, 1000.000000000000000 ) ;
#3232 = B_SPLINE_CURVE_WITH_KNOTS ( 'NONE', 3,
 ( #2540, #3331, #4179, #101, #1333, #1735, #5005, #2972, #4604, #1016, #1388, #4712, #5035, #1362 ),
 .UNSPECIFIED., .F., .F.,
 ( 4, 2, 2, 2, 2, 2, 4 ),
 ( 0.000000000000000000, 0.0006275276536431686819, 0.001255055307286337364, 0.001882582960929505937, 0.002510110614572674727, 0.003765165921859066085, 0.005020221229145457875 ),
 .UNSPECIFIED. ) ;
#3233 = CARTESIAN_POINT ( 'NONE',  ( -138.3196080030131441, 67.80056625442354346, -45.84872008806556209 ) ) ;
#3234 = ORIENTED_EDGE ( 'NONE', *, *, #3619, .F. ) ;
#3235 = CARTESIAN_POINT ( 'NONE',  ( -131.0696080030131441, 13.60761129450515305, -44.29604796487008400 ) ) ;
#3236 = ORIENTED_EDGE ( 'NONE', *, *, #2307, .T. ) ;
#3237 = FACE_OUTER_BOUND ( 'NONE', #1159, .T. ) ;
#3238 = AXIS2_PLACEMENT_3D ( 'NONE', #539, #1367, #4610 ) ;
#3239 = ORIENTED_EDGE ( 'NONE', *, *, #4079, .F. ) ;
#3240 = DIRECTION ( 'NONE',  ( -1.000000000000000000, 0.000000000000000000, 0.000000000000000000 ) ) ;
#3241 = ORIENTED_EDGE ( 'NONE', *, *, #4600, .T. ) ;
#3242 = CARTESIAN_POINT ( 'NONE',  ( -138.3196080030131441, 28.24416949491412510, -44.99999999999996447 ) ) ;
#3243 = AXIS2_PLACEMENT_3D ( 'NONE', #1195, #2747, #1894 ) ;
#3244 = CARTESIAN_POINT ( 'NONE',  ( -126.3196080030131441, 65.83968306384814184, -9.947792589351072579 ) ) ;
#3245 = ORIENTED_EDGE ( 'NONE', *, *, #97, .T. ) ;
#3246 = DIRECTION ( 'NONE',  ( 0.000000000000000000, 0.000000000000000000, 1.000000000000000000 ) ) ;
#3247 = DIRECTION ( 'NONE',  ( 1.000000000000000000, -0.000000000000000000, -0.000000000000000000 ) ) ;
#3248 = LINE ( 'NONE', #1928, #2859 ) ;
#3249 = AXIS2_PLACEMENT_3D ( 'NONE', #4968, #1299, #2936 ) ;
#3250 = VERTEX_POINT ( 'NONE', #2113 ) ;
#3251 = EDGE_CURVE ( 'NONE', #4230, #515, #3383, .T. ) ;
#3252 = VECTOR ( 'NONE', #4337, 1000.000000000000000 ) ;
#3253 = PLANE ( 'NONE',  #1948 ) ;
#3254 = PLANE ( 'NONE',  #3845 ) ;
#3255 = FACE_OUTER_BOUND ( 'NONE', #2875, .T. ) ;
#3256 = FACE_OUTER_BOUND ( 'NONE', #1253, .T. ) ;
#3257 = FACE_OUTER_BOUND ( 'NONE', #3009, .T. ) ;
#3258 = VERTEX_POINT ( 'NONE', #2483 ) ;
#3259 = DIRECTION ( 'NONE',  ( -1.000000000000000000, -0.000000000000000000, -0.000000000000000000 ) ) ;
#3260 = EDGE_LOOP ( 'NONE', ( #1408, #356, #3573 ) ) ;
#3261 = CYLINDRICAL_SURFACE ( 'NONE', #4295, 3.149999999999999911 ) ;
#3262 = ADVANCED_FACE ( 'NONE', ( #5302 ), #1631, .F. ) ;
#3263 = VERTEX_POINT ( 'NONE', #4896 ) ;
#3264 = EDGE_CURVE ( 'NONE', #1093, #689, #3758, .T. ) ;
#3265 = PLANE ( 'NONE',  #4821 ) ;
#3266 = EDGE_CURVE ( 'NONE', #4196, #4244, #4953, .T. ) ;
#3267 = ORIENTED_EDGE ( 'NONE', *, *, #2065, .F. ) ;
#3268 = CARTESIAN_POINT ( 'NONE',  ( -122.3196080030131583, 40.92229637155631394, -14.45440985207132201 ) ) ;
#3269 = EDGE_CURVE ( 'NONE', #600, #3634, #2628, .T. ) ;
#3270 = ADVANCED_FACE ( 'NONE', ( #2893 ), #479, .F. ) ;
#3271 = ORIENTED_EDGE ( 'NONE', *, *, #2849, .T. ) ;
#3272 = CARTESIAN_POINT ( 'NONE',  ( -120.3196080030131583, 55.04586789439594696, -42.46882895569886074 ) ) ;
#3273 = ORIENTED_EDGE ( 'NONE', *, *, #5093, .F. ) ;
#3274 = DIRECTION ( 'NONE',  ( 1.000000000000000000, 0.000000000000000000, 0.000000000000000000 ) ) ;
#3275 = ORIENTED_EDGE ( 'NONE', *, *, #1873, .T. ) ;
#3276 = VECTOR ( 'NONE', #3525, 1000.000000000000000 ) ;
#3277 = DIRECTION ( 'NONE',  ( 0.000000000000000000, 0.000000000000000000, 1.000000000000000000 ) ) ;
#3278 = DIRECTION ( 'NONE',  ( -1.000000000000000000, 0.000000000000000000, 0.000000000000000000 ) ) ;
#3279 = CARTESIAN_POINT ( 'NONE',  ( -139.2128702026372196, 66.90730405479948217, -32.01588162117375447 ) ) ;
#3280 = EDGE_CURVE ( 'NONE', #2397, #3581, #2868, .T. ) ;
#3281 = DIRECTION ( 'NONE',  ( -1.000000000000000000, -0.000000000000000000, -0.000000000000000000 ) ) ;
#3282 = CARTESIAN_POINT ( 'NONE',  ( -144.3196080030131725, 12.25844098113098646, -38.29604796487006979 ) ) ;
#3283 = CARTESIAN_POINT ( 'NONE',  ( -133.8359834834719777, 45.44821119597068559, -51.00000000000000000 ) ) ;
#3284 = ADVANCED_FACE ( 'NONE', ( #4978 ), #75, .T. ) ;
#3285 = EDGE_LOOP ( 'NONE', ( #4009, #768, #4093 ) ) ;
#3286 = CARTESIAN_POINT ( 'NONE',  ( -130.8196080030131441, 14.75454952074163906, -46.85511708610702186 ) ) ;
#3287 = VECTOR ( 'NONE', #951, 1000.000000000000000 ) ;
#3288 = ORIENTED_EDGE ( 'NONE', *, *, #1750, .F. ) ;
#3289 = VECTOR ( 'NONE', #1374, 1000.000000000000000 ) ;
#3290 = EDGE_CURVE ( 'NONE', #2313, #1014, #2455, .T. ) ;
#3291 = CYLINDRICAL_SURFACE ( 'NONE', #2424, 3.000000000000002665 ) ;
#3292 = EDGE_LOOP ( 'NONE', ( #4315, #1720 ) ) ;
#3293 = DIRECTION ( 'NONE',  ( -0.000000000000000000, 0.8556327021171837854, 0.5175834996091419615 ) ) ;
#3294 = VECTOR ( 'NONE', #3629, 1000.000000000000114 ) ;
#3295 = ORIENTED_EDGE ( 'NONE', *, *, #4109, .F. ) ;
#3296 = VECTOR ( 'NONE', #769, 1000.000000000000114 ) ;
#3297 = CARTESIAN_POINT ( 'NONE',  ( -120.3196080030131583, 21.49167916936619704, 13.00060001146845323 ) ) ;
#3298 = EDGE_CURVE ( 'NONE', #3553, #2524, #901, .T. ) ;
#3299 = ORIENTED_EDGE ( 'NONE', *, *, #3885, .F. ) ;
#3300 = DIRECTION ( 'NONE',  ( 0.000000000000000000, 0.5175834996091415174, -0.8556327021171841185 ) ) ;
#3301 = ORIENTED_EDGE ( 'NONE', *, *, #766, .T. ) ;
#3302 = CARTESIAN_POINT ( 'NONE',  ( -138.3196080030131441, 0.000000000000000000, -44.99999999999996447 ) ) ;
#3303 = LINE ( 'NONE', #1632, #1617 ) ;
#3304 = DIRECTION ( 'NONE',  ( 0.000000000000000000, 0.000000000000000000, 1.000000000000000000 ) ) ;
#3305 = DIRECTION ( 'NONE',  ( -1.000000000000000000, 0.000000000000000000, 0.000000000000000000 ) ) ;
#3306 = ORIENTED_EDGE ( 'NONE', *, *, #32, .F. ) ;
#3307 = AXIS2_PLACEMENT_3D ( 'NONE', #3036, #1744, #4666 ) ;
#3308 = EDGE_CURVE ( 'NONE', #1945, #3772, #749, .T. ) ;
#3309 = CARTESIAN_POINT ( 'NONE',  ( -120.3196080030131583, 39.45352726980763691, -13.29540235893742306 ) ) ;
#3310 = CARTESIAN_POINT ( 'NONE',  ( -130.3196080030131441, 40.96466570714435562, -44.29604796487008400 ) ) ;
#3311 = VECTOR ( 'NONE', #3023, 1000.000000000000000 ) ;
#3312 = ORIENTED_EDGE ( 'NONE', *, *, #1262, .F. ) ;
#3313 = CARTESIAN_POINT ( 'NONE',  ( -130.3196080030131441, 0.000000000000000000, 0.000000000000000000 ) ) ;
#3314 = VECTOR ( 'NONE', #4117, 1000.000000000000000 ) ;
#3315 = CIRCLE ( 'NONE', #4926, 3.000000000000000888 ) ;
#3316 = ORIENTED_EDGE ( 'NONE', *, *, #2074, .T. ) ;
#3317 = AXIS2_PLACEMENT_3D ( 'NONE', #83, #4985, #2952 ) ;
#3318 = EDGE_CURVE ( 'NONE', #4433, #1271, #3232, .T. ) ;
#3319 = DIRECTION ( 'NONE',  ( 0.000000000000000000, 0.9997914061467753077, 0.02042410818257904201 ) ) ;
#3320 = DIRECTION ( 'NONE',  ( 1.000000000000000000, 0.000000000000000000, 0.000000000000000000 ) ) ;
#3321 = CIRCLE ( 'NONE', #55, 3.000000000000002665 ) ;
#3322 = ORIENTED_EDGE ( 'NONE', *, *, #990, .T. ) ;
#3323 = DIRECTION ( 'NONE',  ( -1.000000000000000000, -0.000000000000000000, -0.000000000000000000 ) ) ;
#3324 = ORIENTED_EDGE ( 'NONE', *, *, #4144, .T. ) ;
#3325 = AXIS2_PLACEMENT_3D ( 'NONE', #2327, #1117, #3601 ) ;
#3326 = AXIS2_PLACEMENT_3D ( 'NONE', #3313, #4456, #3 ) ;
#3327 = CARTESIAN_POINT ( 'NONE',  ( -144.3196080030131725, 57.34269152771611289, -38.29604796487006979 ) ) ;
#3328 = VERTEX_POINT ( 'NONE', #5120 ) ;
#3329 = DIRECTION ( 'NONE',  ( 0.000000000000000000, -0.9538267149103737408, 0.3003574502543336355 ) ) ;
#3330 = ORIENTED_EDGE ( 'NONE', *, *, #5301, .T. ) ;
#3331 = CARTESIAN_POINT ( 'NONE',  ( -135.8903563733012447, 24.49218723875580039, -47.53462938274295624 ) ) ;
#3332 = CARTESIAN_POINT ( 'NONE',  ( -132.4196080030131952, 32.20487002300294677, -50.89999999999999147 ) ) ;
#3333 = LINE ( 'NONE', #4955, #4990 ) ;
#3334 = DIRECTION ( 'NONE',  ( -1.000000000000000000, 0.000000000000000000, 0.000000000000000000 ) ) ;
#3335 = EDGE_LOOP ( 'NONE', ( #2059, #678, #493, #4060, #2770, #1242, #384, #2740 ) ) ;
#3336 = EDGE_CURVE ( 'NONE', #3097, #2915, #2552, .T. ) ;
#3337 = EDGE_CURVE ( 'NONE', #976, #2939, #2651, .T. ) ;
#3338 = CIRCLE ( 'NONE', #1186, 1.500000000000001332 ) ;
#3339 = CARTESIAN_POINT ( 'NONE',  ( -138.3196080030131441, 26.70794034534065631, -44.99999999999996447 ) ) ;
#3340 = FACE_OUTER_BOUND ( 'NONE', #4404, .T. ) ;
#3341 = ORIENTED_EDGE ( 'NONE', *, *, #4790, .F. ) ;
#3342 = CIRCLE ( 'NONE', #4024, 11.40000000000000036 ) ;
#3343 = ORIENTED_EDGE ( 'NONE', *, *, #1741, .F. ) ;
#3344 = CARTESIAN_POINT ( 'NONE',  ( -130.8196080030131441, 40.96466570714435562, -38.60162245699346073 ) ) ;
#3345 = DIRECTION ( 'NONE',  ( -1.000000000000000000, -0.000000000000000000, -0.000000000000000000 ) ) ;
#3346 = EDGE_LOOP ( 'NONE', ( #2921, #1786, #2774 ) ) ;
#3347 = LINE ( 'NONE', #4967, #3068 ) ;
#3348 = CYLINDRICAL_SURFACE ( 'NONE', #242, 2.999999999999999112 ) ;
#3349 = ORIENTED_EDGE ( 'NONE', *, *, #505, .T. ) ;
#3350 = EDGE_LOOP ( 'NONE', ( #2132, #4396, #1377, #4620, #2706, #5046 ) ) ;
#3351 = CARTESIAN_POINT ( 'NONE',  ( -134.3196080030131441, 0.3277720040579732430, -34.28491950020664802 ) ) ;
#3352 = ORIENTED_EDGE ( 'NONE', *, *, #3916, .F. ) ;
#3353 = CARTESIAN_POINT ( 'NONE',  ( -142.8196080030131441, 57.34269152771611289, -26.89604796487007121 ) ) ;
#3354 = ORIENTED_EDGE ( 'NONE', *, *, #2138, .T. ) ;
#3355 = CARTESIAN_POINT ( 'NONE',  ( -130.8196080030131441, 17.89385181029055261, -6.867602785786672825 ) ) ;
#3356 = FACE_OUTER_BOUND ( 'NONE', #3138, .T. ) ;
#3357 = CARTESIAN_POINT ( 'NONE',  ( -126.3196080030131441, 27.47605492012738893, -47.89999999999999858 ) ) ;
#3358 = CARTESIAN_POINT ( 'NONE',  ( -138.3196080030131441, 1.800566254423555446, -51.00000000000000000 ) ) ;
#3359 = EDGE_LOOP ( 'NONE', ( #4904, #3375, #5181, #2118 ) ) ;
#3360 = EDGE_CURVE ( 'NONE', #3664, #1642, #5189, .T. ) ;
#3361 = CIRCLE ( 'NONE', #2922, 11.40000000000000036 ) ;
#3362 = DIRECTION ( 'NONE',  ( 1.000000000000000000, -0.000000000000000000, 0.000000000000000000 ) ) ;
#3363 = LINE ( 'NONE', #4931, #1248 ) ;
#3364 = EDGE_CURVE ( 'NONE', #3600, #895, #4262, .T. ) ;
#3365 = CARTESIAN_POINT ( 'NONE',  ( -120.3196080030131583, 66.73092729468208972, -14.86971232810076948 ) ) ;
#3366 = DIRECTION ( 'NONE',  ( 1.000000000000000000, -0.000000000000000000, -0.000000000000000000 ) ) ;
#3367 = VERTEX_POINT ( 'NONE', #613 ) ;
#3368 = VECTOR ( 'NONE', #322, 1000.000000000000000 ) ;
#3369 = CARTESIAN_POINT ( 'NONE',  ( -131.3196080030131441, 40.96466570714435562, 0.000000000000000000 ) ) ;
#3370 = CARTESIAN_POINT ( 'NONE',  ( -131.0696080030131441, 14.80297241802944264, -25.73264359549888525 ) ) ;
#3371 = ORIENTED_EDGE ( 'NONE', *, *, #3127, .F. ) ;
#3372 =( NAMED_UNIT ( * ) PLANE_ANGLE_UNIT ( ) SI_UNIT ( $, .RADIAN. ) );
#3373 = LINE ( 'NONE', #2477, #1094 ) ;
#3374 = ORIENTED_EDGE ( 'NONE', *, *, #2865, .F. ) ;
#3375 = ORIENTED_EDGE ( 'NONE', *, *, #2300, .F. ) ;
#3376 = DIRECTION ( 'NONE',  ( -1.000000000000000000, 0.000000000000000000, 0.000000000000000000 ) ) ;
#3377 = CIRCLE ( 'NONE', #2338, 7.300000000000000711 ) ;
#3378 = EDGE_LOOP ( 'NONE', ( #294, #4324 ) ) ;
#3379 = CARTESIAN_POINT ( 'NONE',  ( -134.8196080030131441, 0.000000000000000000, -41.44604796487007548 ) ) ;
#3380 = CARTESIAN_POINT ( 'NONE',  ( -120.3196080030131583, 12.25844098113098823, -44.29604796487009111 ) ) ;
#3381 = ORIENTED_EDGE ( 'NONE', *, *, #2600, .F. ) ;
#3382 = EDGE_CURVE ( 'NONE', #2640, #3210, #955, .T. ) ;
#3383 = LINE ( 'NONE', #3302, #3152 ) ;
#3384 = LINE ( 'NONE', #19, #4870 ) ;
#3385 = DIRECTION ( 'NONE',  ( -1.000000000000000000, 0.000000000000000000, 0.000000000000000000 ) ) ;
#3386 = DIRECTION ( 'NONE',  ( -1.000000000000000000, -0.000000000000000000, -0.000000000000000000 ) ) ;
#3387 = ORIENTED_EDGE ( 'NONE', *, *, #657, .F. ) ;
#3388 = EDGE_CURVE ( 'NONE', #2915, #3428, #4160, .T. ) ;
#3389 = DIRECTION ( 'NONE',  ( -1.000000000000000000, -0.000000000000000000, -0.000000000000000000 ) ) ;
#3390 = DIRECTION ( 'NONE',  ( 0.000000000000000000, 0.000000000000000000, -1.000000000000000000 ) ) ;
#3391 = EDGE_CURVE ( 'NONE', #3498, #4562, #213, .T. ) ;
#3392 = PLANE ( 'NONE',  #2785 ) ;
#3393 = CARTESIAN_POINT ( 'NONE',  ( -138.3196080030131441, 30.14760523903947842, -14.79540235893742484 ) ) ;
#3394 = VERTEX_POINT ( 'NONE', #1470 ) ;
#3395 = AXIS2_PLACEMENT_3D ( 'NONE', #496, #3396, #2181 ) ;
#3396 = DIRECTION ( 'NONE',  ( -1.000000000000000000, 0.000000000000000000, 0.000000000000000000 ) ) ;
#3397 = DIRECTION ( 'NONE',  ( -1.000000000000000000, 0.000000000000000000, 0.000000000000000000 ) ) ;
#3398 = AXIS2_PLACEMENT_3D ( 'NONE', #2938, #4491, #4175 ) ;
#3399 = ORIENTED_EDGE ( 'NONE', *, *, #3203, .T. ) ;
#3400 = PLANE ( 'NONE',  #4297 ) ;
#3401 = ORIENTED_EDGE ( 'NONE', *, *, #3094, .F. ) ;
#3402 = AXIS2_PLACEMENT_3D ( 'NONE', #1637, #4083, #1210 ) ;
#3403 = ORIENTED_EDGE ( 'NONE', *, *, #4273, .T. ) ;
#3404 = CIRCLE ( 'NONE', #4851, 7.300000000000000711 ) ;
#3405 = DIRECTION ( 'NONE',  ( -1.000000000000000000, -0.000000000000000000, -0.000000000000000000 ) ) ;
#3406 = ORIENTED_EDGE ( 'NONE', *, *, #5123, .T. ) ;
#3407 = CARTESIAN_POINT ( 'NONE',  ( -122.3196080030131583, 34.80056625442355767, -13.43563121309681385 ) ) ;
#3408 = FACE_OUTER_BOUND ( 'NONE', #4490, .T. ) ;
#3409 = VECTOR ( 'NONE', #1228, 1000.000000000000114 ) ;
#3410 = ORIENTED_EDGE ( 'NONE', *, *, #641, .T. ) ;
#3411 = PLANE ( 'NONE',  #5015 ) ;
#3412 = DIRECTION ( 'NONE',  ( 0.000000000000000000, 0.4916981210386084933, 0.8707657307032138361 ) ) ;
#3413 = DIRECTION ( 'NONE',  ( 1.000000000000000000, -0.000000000000000000, -0.000000000000000000 ) ) ;
#3414 = B_SPLINE_CURVE_WITH_KNOTS ( 'NONE', 3,
 ( #3653, #2463, #1611, #4501 ),
 .UNSPECIFIED., .F., .F.,
 ( 4, 4 ),
 ( 0.000000000000000000, 0.002179835659224629071 ),
 .UNSPECIFIED. ) ;
#3415 = LINE ( 'NONE', #4208, #979 ) ;
#3416 = VERTEX_POINT ( 'NONE', #4312 ) ;
#3417 = EDGE_CURVE ( 'NONE', #5009, #3672, #1065, .T. ) ;
#3418 = PRODUCT_DEFINITION_CONTEXT ( 'detailed design', #281, 'design' ) ;
#3419 = DIRECTION ( 'NONE',  ( 0.000000000000000000, -0.5082561830145971848, 0.8612059291641182002 ) ) ;
#3420 = DIRECTION ( 'NONE',  ( 0.000000000000000000, -0.9538267149103734077, -0.3003574502543350233 ) ) ;
#3421 = LINE ( 'NONE', #4187, #1667 ) ;
#3422 = LINE ( 'NONE', #2151, #1865 ) ;
#3423 = ORIENTED_EDGE ( 'NONE', *, *, #4784, .T. ) ;
#3424 = DIRECTION ( 'NONE',  ( 0.000000000000000000, 0.3003574502543350233, -0.9538267149103734077 ) ) ;
#3425 = PLANE ( 'NONE',  #544 ) ;
#3426 = EDGE_LOOP ( 'NONE', ( #2534, #1907 ) ) ;
#3427 = CARTESIAN_POINT ( 'NONE',  ( -120.3196080030131583, 2.870205214165002072, -46.14907805431299437 ) ) ;
#3428 = VERTEX_POINT ( 'NONE', #1447 ) ;
#3429 = ORIENTED_EDGE ( 'NONE', *, *, #296, .T. ) ;
#3430 = EDGE_CURVE ( 'NONE', #2236, #976, #3109, .T. ) ;
#3431 = CARTESIAN_POINT ( 'NONE',  ( -138.4655176818278051, 13.55654421803289011, -51.00000000000000711 ) ) ;
#3432 = EDGE_LOOP ( 'NONE', ( #256, #460, #944, #3981 ) ) ;
#3433 = FACE_BOUND ( 'NONE', #538, .T. ) ;
#3434 = EDGE_CURVE ( 'NONE', #4558, #2268, #2273, .T. ) ;
#3435 = EDGE_CURVE ( 'NONE', #1146, #729, #3860, .T. ) ;
#3436 = CARTESIAN_POINT ( 'NONE',  ( -138.3196080030131441, 42.89319216350644837, -44.99999999999996447 ) ) ;
#3437 = VERTEX_POINT ( 'NONE', #1820 ) ;
#3438 = DIRECTION ( 'NONE',  ( 0.000000000000000000, -0.6180204845714755146, -0.7861619938982287170 ) ) ;
#3439 = DIRECTION ( 'NONE',  ( -1.000000000000000000, 0.000000000000000000, 0.000000000000000000 ) ) ;
#3440 = CARTESIAN_POINT ( 'NONE',  ( -131.0696080030131441, 12.83343774122669423, -20.05274209494164595 ) ) ;
#3441 = CARTESIAN_POINT ( 'NONE',  ( -122.3196080030131583, 34.80056625442355767, -13.43563121309681385 ) ) ;
#3442 = ORIENTED_EDGE ( 'NONE', *, *, #4047, .F. ) ;
#3443 = DIRECTION ( 'NONE',  ( -1.000000000000000000, 0.000000000000000000, 0.000000000000000000 ) ) ;
#3444 = DIRECTION ( 'NONE',  ( 1.000000000000000000, -0.000000000000000000, -0.000000000000000000 ) ) ;
#3445 = DIRECTION ( 'NONE',  ( -1.000000000000000000, -0.000000000000000000, -0.000000000000000000 ) ) ;
#3446 = LINE ( 'NONE', #571, #62 ) ;
#3447 = AXIS2_PLACEMENT_3D ( 'NONE', #2312, #3532, #1563 ) ;
#3448 = ORIENTED_EDGE ( 'NONE', *, *, #4987, .F. ) ;
#3449 = CARTESIAN_POINT ( 'NONE',  ( -135.9739233781348844, 45.07342194867897689, -47.34568462487825258 ) ) ;
#3450 = CARTESIAN_POINT ( 'NONE',  ( -122.3196080030131583, 28.67883613729080139, -14.45440985207132201 ) ) ;
#3451 = VERTEX_POINT ( 'NONE', #237 ) ;
#3452 = DIRECTION ( 'NONE',  ( 0.000000000000000000, 0.000000000000000000, 1.000000000000000000 ) ) ;
#3453 = EDGE_LOOP ( 'NONE', ( #3018, #1027, #5186, #4928, #1274, #2688, #4762 ) ) ;
#3454 = ORIENTED_EDGE ( 'NONE', *, *, #2585, .T. ) ;
#3455 = CONICAL_SURFACE ( 'NONE', #1129, 9.899999999999979039, 0.7853981633974460586 ) ;
#3456 = EDGE_CURVE ( 'NONE', #3187, #1300, #3912, .T. ) ;
#3457 = DIRECTION ( 'NONE',  ( 0.000000000000000000, 0.000000000000000000, 1.000000000000000000 ) ) ;
#3458 = VERTEX_POINT ( 'NONE', #4336 ) ;
#3459 = CARTESIAN_POINT ( 'NONE',  ( -144.3196080030131725, 12.25844098113098823, -28.39604796487009253 ) ) ;
#3460 = DIRECTION ( 'NONE',  ( 0.000000000000000000, 0.9538267149103730747, -0.3003574502543360225 ) ) ;
#3461 = VERTEX_POINT ( 'NONE', #666 ) ;
#3462 = EDGE_CURVE ( 'NONE', #3733, #1912, #4232, .T. ) ;
#3463 = DIRECTION ( 'NONE',  ( -1.000000000000000000, -0.000000000000000000, -0.000000000000000000 ) ) ;
#3464 = AXIS2_PLACEMENT_3D ( 'NONE', #660, #3957, #1920 ) ;
#3465 = CARTESIAN_POINT ( 'NONE',  ( -131.0696080030131441, 57.34269152771611289, -38.29604796487006979 ) ) ;
#3466 = FACE_OUTER_BOUND ( 'NONE', #2487, .T. ) ;
#3467 = VECTOR ( 'NONE', #933, 1000.000000000000000 ) ;
#3468 = EDGE_LOOP ( 'NONE', ( #2670, #4278, #650 ) ) ;
#3469 = DIRECTION ( 'NONE',  ( 0.000000000000000000, 0.000000000000000000, -1.000000000000000000 ) ) ;
#3470 = AXIS2_PLACEMENT_3D ( 'NONE', #1328, #4915, #2889 ) ;
#3471 = CARTESIAN_POINT ( 'NONE',  ( -122.3196080030131299, 0.000000000000000000, 0.000000000000000000 ) ) ;
#3472 = LINE ( 'NONE', #2575, #4843 ) ;
#3473 = FACE_OUTER_BOUND ( 'NONE', #3378, .T. ) ;
#3474 = ORIENTED_EDGE ( 'NONE', *, *, #276, .T. ) ;
#3475 = VECTOR ( 'NONE', #4476, 1000.000000000000000 ) ;
#3476 = LINE ( 'NONE', #277, #1594 ) ;
#3477 = VERTEX_POINT ( 'NONE', #1417 ) ;
#3478 = CARTESIAN_POINT ( 'NONE',  ( -144.3196080030131725, 12.25844098113098823, -28.89604796487007476 ) ) ;
#3479 = ORIENTED_EDGE ( 'NONE', *, *, #4791, .T. ) ;
#3480 = ORIENTED_EDGE ( 'NONE', *, *, #1372, .F. ) ;
#3481 = ADVANCED_FACE ( 'NONE', ( #1767 ), #3411, .T. ) ;
#3482 = VECTOR ( 'NONE', #2229, 1000.000000000000000 ) ;
#3483 = FACE_OUTER_BOUND ( 'NONE', #1599, .T. ) ;
#3484 = ORIENTED_EDGE ( 'NONE', *, *, #2701, .T. ) ;
#3485 = DIRECTION ( 'NONE',  ( 0.000000000000000000, -0.9011589228679853791, 0.4334888646037085569 ) ) ;
#3486 = VECTOR ( 'NONE', #1535, 1000.000000000000114 ) ;
#3487 = DIRECTION ( 'NONE',  ( 0.000000000000000000, -0.3583132270247115225, 0.9336014306646801542 ) ) ;
#3488 = ORIENTED_EDGE ( 'NONE', *, *, #531, .F. ) ;
#3489 = AXIS2_PLACEMENT_3D ( 'NONE', #3588, #2266, #2745 ) ;
#3490 = VECTOR ( 'NONE', #4182, 1000.000000000000227 ) ;
#3491 = EDGE_CURVE ( 'NONE', #4874, #3611, #1793, .T. ) ;
#3492 =( BOUNDED_CURVE ( )  B_SPLINE_CURVE ( 3, ( #4053, #1205, #2437, #4076 ),
 .UNSPECIFIED., .F., .F. ) 
 B_SPLINE_CURVE_WITH_KNOTS ( ( 4, 4 ),
 ( 5.616342752522047732, 5.873779300196875219 ),
 .UNSPECIFIED. ) 
 CURVE ( )  GEOMETRIC_REPRESENTATION_ITEM ( )  RATIONAL_B_SPLINE_CURVE ( ( 1.000000000000000000, 0.9944848231078271539, 0.9944848231078271539, 1.000000000000000000 ) ) 
 REPRESENTATION_ITEM ( '' )  );
#3493 = DIRECTION ( 'NONE',  ( 1.000000000000000000, -0.000000000000000000, -0.000000000000000000 ) ) ;
#3494 = DIRECTION ( 'NONE',  ( -0.5773502691896257311, 0.5773502691896257311, -0.5773502691896257311 ) ) ;
#3495 = LINE ( 'NONE', #3862, #2682 ) ;
#3496 = VECTOR ( 'NONE', #2381, 1000.000000000000114 ) ;
#3497 = EDGE_CURVE ( 'NONE', #4406, #266, #2834, .T. ) ;
#3498 = VERTEX_POINT ( 'NONE', #2752 ) ;
#3499 = DIRECTION ( 'NONE',  ( -1.000000000000000000, 0.000000000000000000, 0.000000000000000000 ) ) ;
#3500 = CARTESIAN_POINT ( 'NONE',  ( -134.3196080030131441, 60.25820886366940954, -35.14604796487007121 ) ) ;
#3501 = DIRECTION ( 'NONE',  ( 1.000000000000000000, -0.000000000000000000, -0.000000000000000000 ) ) ;
#3502 = EDGE_CURVE ( 'NONE', #4291, #4602, #433, .T. ) ;
#3503 = EDGE_CURVE ( 'NONE', #2691, #1187, #2812, .T. ) ;
#3504 = LINE ( 'NONE', #676, #1151 ) ;
#3505 = EDGE_LOOP ( 'NONE', ( #1541, #4276 ) ) ;
#3506 = CARTESIAN_POINT ( 'NONE',  ( -122.3196080030131583, 40.92229637155631394, -14.45440985207132201 ) ) ;
#3507 = VERTEX_POINT ( 'NONE', #2321 ) ;
#3508 = FACE_OUTER_BOUND ( 'NONE', #4733, .T. ) ;
#3509 = ORIENTED_EDGE ( 'NONE', *, *, #3101, .T. ) ;
#3510 = ORIENTED_EDGE ( 'NONE', *, *, #2866, .F. ) ;
#3511 = VECTOR ( 'NONE', #642, 999.9999999999998863 ) ;
#3512 = PLANE ( 'NONE',  #1398 ) ;
#3513 = ORIENTED_EDGE ( 'NONE', *, *, #2073, .F. ) ;
#3514 = CARTESIAN_POINT ( 'NONE',  ( -131.3196080030131441, 7.495518916495822026, -38.34158263530405009 ) ) ;
#3515 = CARTESIAN_POINT ( 'NONE',  ( -136.3196080030131441, 69.80056625442354346, -2.000000000000001776 ) ) ;
#3516 = ORIENTED_EDGE ( 'NONE', *, *, #3360, .T. ) ;
#3517 = ADVANCED_FACE ( 'NONE', ( #4412 ), #1898, .F. ) ;
#3518 = DIRECTION ( 'NONE',  ( -1.000000000000000000, -0.000000000000000000, -0.000000000000000000 ) ) ;
#3519 = PLANE ( 'NONE',  #745 ) ;
#3520 = CARTESIAN_POINT ( 'NONE',  ( -131.3196080030131441, 54.55884390258363936, -25.80800361527912301 ) ) ;
#3521 = ORIENTED_EDGE ( 'NONE', *, *, #389, .T. ) ;
#3522 = EDGE_CURVE ( 'NONE', #1811, #4874, #3595, .T. ) ;
#3523 = LINE ( 'NONE', #1452, #2111 ) ;
#3524 = LINE ( 'NONE', #3549, #3800 ) ;
#3525 = DIRECTION ( 'NONE',  ( -1.000000000000000000, 0.000000000000000000, 0.000000000000000000 ) ) ;
#3526 = DIRECTION ( 'NONE',  ( -0.000000000000000000, 0.3583132270247113005, 0.9336014306646801542 ) ) ;
#3527 = ORIENTED_EDGE ( 'NONE', *, *, #1429, .F. ) ;
#3528 = EDGE_CURVE ( 'NONE', #307, #4193, #715, .T. ) ;
#3529 = EDGE_CURVE ( 'NONE', #3437, #4481, #900, .T. ) ;
#3530 = LINE ( 'NONE', #3096, #3819 ) ;
#3531 = ORIENTED_EDGE ( 'NONE', *, *, #2192, .F. ) ;
#3532 = DIRECTION ( 'NONE',  ( -1.000000000000000000, 0.000000000000000000, 0.000000000000000000 ) ) ;
#3533 = VERTEX_POINT ( 'NONE', #3962 ) ;
#3534 = VERTEX_POINT ( 'NONE', #1547 ) ;
#3535 = CARTESIAN_POINT ( 'NONE',  ( -142.8196080030131441, 12.25844098113098646, -49.69604796487007548 ) ) ;
#3536 = ORIENTED_EDGE ( 'NONE', *, *, #1124, .F. ) ;
#3537 = DIRECTION ( 'NONE',  ( 0.000000000000000000, 0.000000000000000000, 1.000000000000000000 ) ) ;
#3538 = LINE ( 'NONE', #5166, #672 ) ;
#3539 = EDGE_LOOP ( 'NONE', ( #3825, #1082, #1901, #3387 ) ) ;
#3540 = CARTESIAN_POINT ( 'NONE',  ( -134.8196080030131441, 4.141010969993490907E-14, -35.14604796487009253 ) ) ;
#3541 = CARTESIAN_POINT ( 'NONE',  ( -122.3196080030131583, 20.80939170087368595, -10.66893267680490531 ) ) ;
#3542 = CARTESIAN_POINT ( 'NONE',  ( -130.8196080030131441, 28.63646680170275260, -38.56836720165655663 ) ) ;
#3543 = VECTOR ( 'NONE', #4041, 1000.000000000000227 ) ;
#3544 = VERTEX_POINT ( 'NONE', #1269 ) ;
#3545 = EDGE_CURVE ( 'NONE', #893, #3458, #4021, .T. ) ;
#3546 = VECTOR ( 'NONE', #3904, 1000.000000000000000 ) ;
#3547 = DIRECTION ( 'NONE',  ( -1.000000000000000000, -0.000000000000000000, -0.000000000000000000 ) ) ;
#3548 = CARTESIAN_POINT ( 'NONE',  ( -131.3196080030131441, 0.000000000000000000, 0.000000000000000000 ) ) ;
#3549 = CARTESIAN_POINT ( 'NONE',  ( -130.8196080030131441, 61.41512328122997388, -32.16182873192050096 ) ) ;
#3550 = VECTOR ( 'NONE', #328, 1000.000000000000000 ) ;
#3551 = CARTESIAN_POINT ( 'NONE',  ( -138.3196080030131441, 3.761449444998968161, -12.94779258935107080 ) ) ;
#3552 = CARTESIAN_POINT ( 'NONE',  ( -133.0734741901278255, 43.81814034559918980, -50.39453051709778464 ) ) ;
#3553 = VERTEX_POINT ( 'NONE', #840 ) ;
#3554 = VECTOR ( 'NONE', #1279, 1000.000000000000000 ) ;
#3555 = EDGE_CURVE ( 'NONE', #1469, #2956, #263, .T. ) ;
#3556 = LINE ( 'NONE', #5182, #3486 ) ;
#3557 = ORIENTED_EDGE ( 'NONE', *, *, #5220, .F. ) ;
#3558 = CARTESIAN_POINT ( 'NONE',  ( -139.8196080030131441, 57.34269152771611289, -49.69604796487007548 ) ) ;
#3559 = ORIENTED_EDGE ( 'NONE', *, *, #4546, .F. ) ;
#3560 = ORIENTED_EDGE ( 'NONE', *, *, #2890, .T. ) ;
#3561 = EDGE_CURVE ( 'NONE', #2268, #4966, #346, .T. ) ;
#3562 = CARTESIAN_POINT ( 'NONE',  ( -120.3196080030131583, 40.92229637155631394, -14.45440985207132201 ) ) ;
#3563 = VERTEX_POINT ( 'NONE', #3192 ) ;
#3564 = PLANE ( 'NONE',  #31 ) ;
#3565 = PLANE ( 'NONE',  #2133 ) ;
#3566 = ORIENTED_EDGE ( 'NONE', *, *, #1124, .T. ) ;
#3567 = VECTOR ( 'NONE', #3438, 1000.000000000000227 ) ;
#3568 = DIRECTION ( 'NONE',  ( -1.000000000000000000, -0.000000000000000000, -0.000000000000000000 ) ) ;
#3569 = CARTESIAN_POINT ( 'NONE',  ( -132.3196080030131725, 0.000000000000000000, -51.00000000000000000 ) ) ;
#3570 = DIRECTION ( 'NONE',  ( 1.000000000000000000, -0.000000000000000000, -0.000000000000000000 ) ) ;
#3571 = CIRCLE ( 'NONE', #3994, 3.000000000000000888 ) ;
#3572 = CIRCLE ( 'NONE', #3740, 1.500000000000001332 ) ;
#3573 = ORIENTED_EDGE ( 'NONE', *, *, #4832, .T. ) ;
#3574 = CIRCLE ( 'NONE', #392, 1.499999999999999556 ) ;
#3575 = CARTESIAN_POINT ( 'NONE',  ( -134.3196080030131441, 59.63951516103627171, -34.12326697404126463 ) ) ;
#3576 = AXIS2_PLACEMENT_3D ( 'NONE', #516, #3362, #1288 ) ;
#3577 = CARTESIAN_POINT ( 'NONE',  ( -131.3196080030131441, 0.000000000000000000, 0.000000000000000000 ) ) ;
#3578 = DIRECTION ( 'NONE',  ( 0.000000000000000000, 0.000000000000000000, 1.000000000000000000 ) ) ;
#3579 = DIRECTION ( 'NONE',  ( -1.000000000000000000, -0.000000000000000000, -0.000000000000000000 ) ) ;
#3580 = CARTESIAN_POINT ( 'NONE',  ( -135.4548150875678800, 45.11017183620563031, -48.24118663964219422 ) ) ;
#3581 = VERTEX_POINT ( 'NONE', #1574 ) ;
#3582 = AXIS2_PLACEMENT_3D ( 'NONE', #2451, #4090, #1322 ) ;
#3583 = DIRECTION ( 'NONE',  ( -1.000000000000000000, 0.000000000000000000, 0.000000000000000000 ) ) ;
#3584 = ORIENTED_EDGE ( 'NONE', *, *, #1145, .F. ) ;
#3585 = CARTESIAN_POINT ( 'NONE',  ( -130.8196080030131441, 0.000000000000000000, 0.000000000000000000 ) ) ;
#3586 = ORIENTED_EDGE ( 'NONE', *, *, #1710, .T. ) ;
#3587 = ORIENTED_EDGE ( 'NONE', *, *, #2096, .F. ) ;
#3588 = CARTESIAN_POINT ( 'NONE',  ( -126.3196080030131441, 27.47605492012738893, -47.89999999999999858 ) ) ;
#3589 = ORIENTED_EDGE ( 'NONE', *, *, #1847, .F. ) ;
#3590 = DIRECTION ( 'NONE',  ( 0.000000000000000000, 0.000000000000000000, 1.000000000000000000 ) ) ;
#3591 = DIRECTION ( 'NONE',  ( -1.000000000000000000, 0.000000000000000000, 0.000000000000000000 ) ) ;
#3592 = EDGE_CURVE ( 'NONE', #5209, #176, #907, .T. ) ;
#3593 = ORIENTED_EDGE ( 'NONE', *, *, #1570, .T. ) ;
#3594 = EDGE_CURVE ( 'NONE', #365, #4034, #3140, .T. ) ;
#3595 = LINE ( 'NONE', #3621, #2102 ) ;
#3596 = EDGE_CURVE ( 'NONE', #4169, #554, #4359, .T. ) ;
#3597 = EDGE_CURVE ( 'NONE', #410, #3733, #5198, .T. ) ;
#3598 = CARTESIAN_POINT ( 'NONE',  ( -122.3196080030131583, 4.070205214165001806, -15.75906465691169167 ) ) ;
#3599 = DIRECTION ( 'NONE',  ( 0.000000000000000000, -0.9995595627334283861, 0.02967626236838654535 ) ) ;
#3600 = VERTEX_POINT ( 'NONE', #3169 ) ;
#3601 = DIRECTION ( 'NONE',  ( 0.000000000000000000, 0.8835444418056631610, 0.4683473276899516313 ) ) ;
#3602 = CARTESIAN_POINT ( 'NONE',  ( -126.3196080030131441, 39.45352726980763691, -11.79540235893742306 ) ) ;
#3603 = LINE ( 'NONE', #3201, #1654 ) ;
#3604 = FACE_OUTER_BOUND ( 'NONE', #4881, .T. ) ;
#3605 = DIRECTION ( 'NONE',  ( -1.000000000000000000, 0.000000000000000000, 0.000000000000000000 ) ) ;
#3606 = ORIENTED_EDGE ( 'NONE', *, *, #4575, .T. ) ;
#3607 = CARTESIAN_POINT ( 'NONE',  ( -120.3196080030131583, 3.761449444998968161, -12.94779258935107080 ) ) ;
#3608 = ORIENTED_EDGE ( 'NONE', *, *, #4486, .F. ) ;
#3609 = CARTESIAN_POINT ( 'NONE',  ( -120.3196080030131583, 34.80056625442355767, -14.63615997070125552 ) ) ;
#3610 = VERTEX_POINT ( 'NONE', #4846 ) ;
#3611 = VERTEX_POINT ( 'NONE', #4792 ) ;
#3612 = ADVANCED_FACE ( 'NONE', ( #320 ), #5223, .T. ) ;
#3613 = CARTESIAN_POINT ( 'NONE',  ( -126.3196080030131441, 3.761449444998968161, -12.94779258935107080 ) ) ;
#3614 = ORIENTED_EDGE ( 'NONE', *, *, #4165, .T. ) ;
#3615 = DIRECTION ( 'NONE',  ( 0.000000000000000000, 0.4822079065376339568, 0.8760568102997615680 ) ) ;
#3616 = CARTESIAN_POINT ( 'NONE',  ( -131.3196080030131441, -0.2904678626755403115, -0.5479720933948463157 ) ) ;
#3617 = AXIS2_PLACEMENT_3D ( 'NONE', #1639, #2928, #4110 ) ;
#3618 = ORIENTED_EDGE ( 'NONE', *, *, #3875, .T. ) ;
#3619 = EDGE_CURVE ( 'NONE', #3634, #600, #3990, .T. ) ;
#3620 = AXIS2_PLACEMENT_3D ( 'NONE', #2234, #524, #2990 ) ;
#3621 = CARTESIAN_POINT ( 'NONE',  ( -131.0696080030131441, 58.92697209478436093, -32.94534080442344504 ) ) ;
#3622 = FACE_OUTER_BOUND ( 'NONE', #128, .T. ) ;
#3623 = DIRECTION ( 'NONE',  ( 1.000000000000000000, -0.000000000000000000, -0.000000000000000000 ) ) ;
#3624 = ORIENTED_EDGE ( 'NONE', *, *, #3094, .T. ) ;
#3625 = EDGE_CURVE ( 'NONE', #629, #4230, #463, .T. ) ;
#3626 = AXIS2_PLACEMENT_3D ( 'NONE', #1449, #668, #4715 ) ;
#3627 = LINE ( 'NONE', #4850, #4006 ) ;
#3628 = CARTESIAN_POINT ( 'NONE',  ( -120.3196080030131583, 42.12507758871971220, -46.39999999999999858 ) ) ;
#3629 = DIRECTION ( 'NONE',  ( 0.000000000000000000, 0.5175834996091419615, -0.8556327021171837854 ) ) ;
#3630 = CARTESIAN_POINT ( 'NONE',  ( -126.3196080030131441, 42.12507758871971220, -47.89999999999999858 ) ) ;
#3631 = CARTESIAN_POINT ( 'NONE',  ( -134.3196080030131441, 0.000000000000000000, -41.44604796487007548 ) ) ;
#3632 = EDGE_LOOP ( 'NONE', ( #1640, #4628, #1083, #2005 ) ) ;
#3633 = CARTESIAN_POINT ( 'NONE',  ( -139.8196080030131441, 12.25844098113098646, -38.29604796487006979 ) ) ;
#3634 = VERTEX_POINT ( 'NONE', #942 ) ;
#3635 = DIRECTION ( 'NONE',  ( 1.000000000000000000, -0.000000000000000000, -0.000000000000000000 ) ) ;
#3636 = ORIENTED_EDGE ( 'NONE', *, *, #622, .F. ) ;
#3637 = CARTESIAN_POINT ( 'NONE',  ( -120.3196080030131583, 14.67933619479733309, -42.39809213387258069 ) ) ;
#3638 = ORIENTED_EDGE ( 'NONE', *, *, #2927, .T. ) ;
#3639 = CARTESIAN_POINT ( 'NONE',  ( -131.0696080030131441, 12.25844098113098646, -38.29604796487006979 ) ) ;
#3640 = VECTOR ( 'NONE', #3171, 1000.000000000000114 ) ;
#3641 = DIRECTION ( 'NONE',  ( 0.000000000000000000, 0.000000000000000000, -1.000000000000000000 ) ) ;
#3642 = ADVANCED_FACE ( 'NONE', ( #4587 ), #2210, .F. ) ;
#3643 = ORIENTED_EDGE ( 'NONE', *, *, #4047, .T. ) ;
#3644 = DIRECTION ( 'NONE',  ( 0.000000000000000000, 0.000000000000000000, 1.000000000000000000 ) ) ;
#3645 = DIRECTION ( 'NONE',  ( 0.000000000000000000, 0.000000000000000000, 1.000000000000000000 ) ) ;
#3646 = CYLINDRICAL_SURFACE ( 'NONE', #3034, 9.399999999999998579 ) ;
#3647 = ORIENTED_EDGE ( 'NONE', *, *, #508, .T. ) ;
#3648 = DIRECTION ( 'NONE',  ( -1.000000000000000000, -0.000000000000000000, -0.000000000000000000 ) ) ;
#3649 = VECTOR ( 'NONE', #2050, 1000.000000000000114 ) ;
#3650 = CARTESIAN_POINT ( 'NONE',  ( -144.3196080030131725, 12.25844098113098646, -48.19604796487005416 ) ) ;
#3651 = FACE_BOUND ( 'NONE', #4373, .T. ) ;
#3652 = EDGE_CURVE ( 'NONE', #144, #3581, #3768, .T. ) ;
#3653 = CARTESIAN_POINT ( 'NONE',  ( -139.8196080030131441, 3.300566254423556778, -45.34703941151190776 ) ) ;
#3654 = AXIS2_PLACEMENT_3D ( 'NONE', #2957, #577, #1346 ) ;
#3655 = CARTESIAN_POINT ( 'NONE',  ( -120.3196080030131583, 20.69762783437838394, -19.93547284888469306 ) ) ;
#3656 = ORIENTED_EDGE ( 'NONE', *, *, #3391, .T. ) ;
#3657 = ADVANCED_FACE ( 'NONE', ( #1700 ), #4217, .F. ) ;
#3658 = DIRECTION ( 'NONE',  ( -0.000000000000000000, -0.5175834996091418505, 0.8556327021171838965 ) ) ;
#3659 = EDGE_CURVE ( 'NONE', #580, #5261, #971, .T. ) ;
#3660 = EDGE_CURVE ( 'NONE', #1642, #3664, #565, .T. ) ;
#3661 = VERTEX_POINT ( 'NONE', #2499 ) ;
#3662 = CARTESIAN_POINT ( 'NONE',  ( -136.3196080030131441, 1.800566254423555446, 0.000000000000000000 ) ) ;
#3663 = CONICAL_SURFACE ( 'NONE', #2625, 9.899999999999979039, 0.7853981633974460586 ) ;
#3664 = VERTEX_POINT ( 'NONE', #1722 ) ;
#3665 = CARTESIAN_POINT ( 'NONE',  ( -122.3196080030131583, 48.79174080797342583, -10.66893267680490887 ) ) ;
#3666 = ORIENTED_EDGE ( 'NONE', *, *, #489, .F. ) ;
#3667 = SURFACE_STYLE_FILL_AREA ( #4170 ) ;
#3668 =( GEOMETRIC_REPRESENTATION_CONTEXT ( 3 ) GLOBAL_UNCERTAINTY_ASSIGNED_CONTEXT ( ( #5064 ) ) GLOBAL_UNIT_ASSIGNED_CONTEXT ( ( #2502, #3372, #5293 ) ) REPRESENTATION_CONTEXT ( 'NONE', 'WORKASPACE' ) );
#3669 = CARTESIAN_POINT ( 'NONE',  ( -122.3196080030131583, 65.53092729468210109, -15.75906465691169167 ) ) ;
#3670 = ORIENTED_EDGE ( 'NONE', *, *, #2684, .T. ) ;
#3671 = CARTESIAN_POINT ( 'NONE',  ( -120.3196080030131583, 39.45352726980763691, -10.29540235893742306 ) ) ;
#3672 = VERTEX_POINT ( 'NONE', #2987 ) ;
#3673 = CARTESIAN_POINT ( 'NONE',  ( -144.3196080030131725, 57.34269152771611289, -38.29604796487006979 ) ) ;
#3674 = AXIS2_PLACEMENT_3D ( 'NONE', #1952, #3591, #4591 ) ;
#3675 = ORIENTED_EDGE ( 'NONE', *, *, #462, .T. ) ;
#3676 = ADVANCED_FACE ( 'NONE', ( #3848 ), #864, .F. ) ;
#3677 = LINE ( 'NONE', #1580, #1256 ) ;
#3678 = CARTESIAN_POINT ( 'NONE',  ( -131.0696080030131441, 18.62250317291174539, -35.41499716550077181 ) ) ;
#3679 = CARTESIAN_POINT ( 'NONE',  ( -138.3196080030131441, 67.80056625442354346, -33.75811272949110275 ) ) ;
#3680 = DIRECTION ( 'NONE',  ( 0.000000000000000000, 0.000000000000000000, 1.000000000000000000 ) ) ;
#3681 = DIRECTION ( 'NONE',  ( 0.000000000000000000, 0.000000000000000000, 1.000000000000000000 ) ) ;
#3682 = ORIENTED_EDGE ( 'NONE', *, *, #5274, .F. ) ;
#3683 = ADVANCED_FACE ( 'NONE', ( #4616 ), #1319, .F. ) ;
#3684 = CARTESIAN_POINT ( 'NONE',  ( -138.5156559678832195, 57.34269152771611289, -51.00000000000000000 ) ) ;
#3685 = EDGE_CURVE ( 'NONE', #261, #3933, #2579, .T. ) ;
#3686 = CARTESIAN_POINT ( 'NONE',  ( -120.3196080030131583, 0.3277720040578234184, -34.28491950020661250 ) ) ;
#3687 = DIRECTION ( 'NONE',  ( 0.000000000000000000, 0.3583132270247115225, -0.9336014306646801542 ) ) ;
#3688 = VERTEX_POINT ( 'NONE', #1373 ) ;
#3689 = DIRECTION ( 'NONE',  ( 0.000000000000000000, 0.000000000000000000, 1.000000000000000000 ) ) ;
#3690 = ORIENTED_EDGE ( 'NONE', *, *, #4530, .F. ) ;
#3691 = DIRECTION ( 'NONE',  ( 0.000000000000000000, 0.000000000000000000, 1.000000000000000000 ) ) ;
#3692 = CARTESIAN_POINT ( 'NONE',  ( -122.3196080030131583, 2.870205214165002072, -46.14907805431299437 ) ) ;
#3693 = ORIENTED_EDGE ( 'NONE', *, *, #757, .F. ) ;
#3694 = LINE ( 'NONE', #4971, #992 ) ;
#3695 = ORIENTED_EDGE ( 'NONE', *, *, #2963, .T. ) ;
#3696 = CARTESIAN_POINT ( 'NONE',  ( -144.3196080030131725, 57.34269152771611289, -26.89604796487007121 ) ) ;
#3697 = VERTEX_POINT ( 'NONE', #3822 ) ;
#3698 = ADVANCED_FACE ( 'NONE', ( #4191 ), #4136, .F. ) ;
#3699 = VECTOR ( 'NONE', #3579, 1000.000000000000000 ) ;
#3700 = DIRECTION ( 'NONE',  ( -0.5773502691896258421, 0.5773502691896258421, 0.5773502691896258421 ) ) ;
#3701 = FACE_OUTER_BOUND ( 'NONE', #1386, .T. ) ;
#3702 = CARTESIAN_POINT ( 'NONE',  ( -120.3196080030131583, 0.9002831272117776118, -50.09971687278822117 ) ) ;
#3703 = DIRECTION ( 'NONE',  ( 0.000000000000000000, 0.000000000000000000, 1.000000000000000000 ) ) ;
#3704 = LINE ( 'NONE', #4126, #3475 ) ;
#3705 = VERTEX_POINT ( 'NONE', #4641 ) ;
#3706 = EDGE_CURVE ( 'NONE', #1500, #861, #2525, .T. ) ;
#3707 = VECTOR ( 'NONE', #4877, 1000.000000000000114 ) ;
#3708 = CARTESIAN_POINT ( 'NONE',  ( 0.000000000000000000, 1.800566254423555446, -51.00000000000000000 ) ) ;
#3709 = FACE_OUTER_BOUND ( 'NONE', #473, .T. ) ;
#3710 = VERTEX_POINT ( 'NONE', #3793 ) ;
#3711 = FILL_AREA_STYLE ('',( #1266 ) ) ;
#3712 = EDGE_LOOP ( 'NONE', ( #3073, #1378, #440, #2855, #869, #4072 ) ) ;
#3713 = VECTOR ( 'NONE', #3012, 1000.000000000000000 ) ;
#3714 = DIRECTION ( 'NONE',  ( -1.000000000000000000, 0.000000000000000000, 0.000000000000000000 ) ) ;
#3715 = FACE_OUTER_BOUND ( 'NONE', #899, .T. ) ;
#3716 = ORIENTED_EDGE ( 'NONE', *, *, #4663, .F. ) ;
#3717 = CARTESIAN_POINT ( 'NONE',  ( -131.0696080030131441, 12.83343774122669423, -20.05274209494164595 ) ) ;
#3718 = VECTOR ( 'NONE', #1477, 1000.000000000000000 ) ;
#3719 = EDGE_LOOP ( 'NONE', ( #4089, #3762, #4816, #2214 ) ) ;
#3720 = EDGE_LOOP ( 'NONE', ( #4917, #914, #23, #2861, #3105, #3670 ) ) ;
#3721 = EDGE_CURVE ( 'NONE', #3507, #1325, #2790, .T. ) ;
#3722 = AXIS2_PLACEMENT_3D ( 'NONE', #45, #418, #4518 ) ;
#3723 = PLANE ( 'NONE',  #4248 ) ;
#3724 = ORIENTED_EDGE ( 'NONE', *, *, #4458, .T. ) ;
#3725 = CARTESIAN_POINT ( 'NONE',  ( -131.3196080030131441, 9.916414130162165108, -42.44362680430653967 ) ) ;
#3726 = EDGE_CURVE ( 'NONE', #810, #2811, #1294, .T. ) ;
#3727 = VERTEX_POINT ( 'NONE', #4779 ) ;
#3728 = AXIS2_PLACEMENT_3D ( 'NONE', #3358, #563, #164 ) ;
#3729 = DIRECTION ( 'NONE',  ( 0.000000000000000000, 1.000000000000000000, -0.000000000000000000 ) ) ;
#3730 = DIRECTION ( 'NONE',  ( 0.000000000000000000, 0.000000000000000000, 1.000000000000000000 ) ) ;
#3731 = FACE_OUTER_BOUND ( 'NONE', #3539, .T. ) ;
#3732 = CARTESIAN_POINT ( 'NONE',  ( -131.3196080030131441, 54.87736900188966871, -34.22054985498792945 ) ) ;
#3733 = VERTEX_POINT ( 'NONE', #3871 ) ;
#3734 = CARTESIAN_POINT ( 'NONE',  ( -120.3196080030131583, 39.45352726980763691, -13.29540235893742306 ) ) ;
#3735 = CARTESIAN_POINT ( 'NONE',  ( -138.3196080030131441, 27.47605492012738893, -44.89999999999999858 ) ) ;
#3736 = VECTOR ( 'NONE', #3463, 1000.000000000000000 ) ;
#3737 = ORIENTED_EDGE ( 'NONE', *, *, #1379, .T. ) ;
#3738 = SURFACE_SIDE_STYLE ('',( #4508 ) ) ;
#3739 = CIRCLE ( 'NONE', #1074, 2.999999999999999112 ) ;
#3740 = AXIS2_PLACEMENT_3D ( 'NONE', #3804, #4055, #831 ) ;
#3741 = ORIENTED_EDGE ( 'NONE', *, *, #4858, .F. ) ;
#3742 = VECTOR ( 'NONE', #2204, 1000.000000000000000 ) ;
#3743 = DIRECTION ( 'NONE',  ( 0.000000000000000000, -0.3583132270247115225, 0.9336014306646801542 ) ) ;
#3744 = DIRECTION ( 'NONE',  ( 0.000000000000000000, 0.9999543040532067328, 0.009559801539094768541 ) ) ;
#3745 = AXIS2_PLACEMENT_3D ( 'NONE', #4793, #691, #4045 ) ;
#3746 = ORIENTED_EDGE ( 'NONE', *, *, #4353, .T. ) ;
#3747 = DIRECTION ( 'NONE',  ( 0.000000000000000000, 0.000000000000000000, 1.000000000000000000 ) ) ;
#3748 = ORIENTED_EDGE ( 'NONE', *, *, #4241, .F. ) ;
#3749 = VECTOR ( 'NONE', #398, 1000.000000000000114 ) ;
#3750 = AXIS2_PLACEMENT_3D ( 'NONE', #2576, #4215, #543 ) ;
#3751 = LINE ( 'NONE', #3351, #3649 ) ;
#3752 = ORIENTED_EDGE ( 'NONE', *, *, #3196, .T. ) ;
#3753 = DIRECTION ( 'NONE',  ( 1.000000000000000000, -0.000000000000000000, -0.000000000000000000 ) ) ;
#3754 = EDGE_CURVE ( 'NONE', #2912, #144, #703, .T. ) ;
#3755 = ORIENTED_EDGE ( 'NONE', *, *, #5116, .F. ) ;
#3756 = EDGE_CURVE ( 'NONE', #4646, #2998, #1102, .T. ) ;
#3757 = EDGE_CURVE ( 'NONE', #3328, #3212, #3556, .T. ) ;
#3758 = LINE ( 'NONE', #4922, #4934 ) ;
#3759 = CARTESIAN_POINT ( 'NONE',  ( -120.3196080030131583, 42.12507758871971220, -47.89999999999999858 ) ) ;
#3760 = CARTESIAN_POINT ( 'NONE',  ( -120.3196080030131583, 48.90350467446872074, -19.93547284888469306 ) ) ;
#3761 = CARTESIAN_POINT ( 'NONE',  ( -120.3196080030131583, 30.14760523903947842, -11.79540235893742306 ) ) ;
#3762 = ORIENTED_EDGE ( 'NONE', *, *, #4389, .T. ) ;
#3763 = VECTOR ( 'NONE', #4522, 1000.000000000000000 ) ;
#3764 = CARTESIAN_POINT ( 'NONE',  ( -120.3196080030131583, 66.73092729468210393, -46.14907805431299437 ) ) ;
#3765 = DIRECTION ( 'NONE',  ( -0.000000000000000000, 1.000000000000000000, -0.000000000000000000 ) ) ;
#3766 = CARTESIAN_POINT ( 'NONE',  ( -122.3196080030131583, 28.96927849710496616, -13.26250413604848255 ) ) ;
#3767 = ORIENTED_EDGE ( 'NONE', *, *, #2497, .F. ) ;
#3768 = LINE ( 'NONE', #171, #4411 ) ;
#3769 = CARTESIAN_POINT ( 'NONE',  ( -134.8196080030131441, 12.25844098113098291, -35.14604796487007832 ) ) ;
#3770 = VERTEX_POINT ( 'NONE', #4372 ) ;
#3771 = DIRECTION ( 'NONE',  ( -0.000000000000000000, 0.8612059291641179781, 0.5082561830145977400 ) ) ;
#3772 = VERTEX_POINT ( 'NONE', #4299 ) ;
#3773 = ADVANCED_FACE ( 'NONE', ( #252 ), #2739, .T. ) ;
#3774 = LINE ( 'NONE', #1841, #2877 ) ;
#3775 = ORIENTED_EDGE ( 'NONE', *, *, #3561, .T. ) ;
#3776 = CARTESIAN_POINT ( 'NONE',  ( -131.3196080030131441, 50.82776590899497648, -35.49575890555243518 ) ) ;
#3777 = EDGE_CURVE ( 'NONE', #2935, #2031, #2687, .T. ) ;
#3778 = ORIENTED_EDGE ( 'NONE', *, *, #1034, .T. ) ;
#3779 = EDGE_CURVE ( 'NONE', #154, #2393, #2443, .T. ) ;
#3780 = EDGE_CURVE ( 'NONE', #3791, #1375, #2333, .T. ) ;
#3781 = DIRECTION ( 'NONE',  ( 1.000000000000000000, 0.000000000000000000, 0.000000000000000000 ) ) ;
#3782 = CARTESIAN_POINT ( 'NONE',  ( -120.3196080030131583, 67.80056625442354346, 0.000000000000000000 ) ) ;
#3783 = LINE ( 'NONE', #2542, #2257 ) ;
#3784 = DIRECTION ( 'NONE',  ( 0.000000000000000000, 0.000000000000000000, -1.000000000000000000 ) ) ;
#3785 = EDGE_LOOP ( 'NONE', ( #4087, #4209, #2070, #1212 ) ) ;
#3786 = PRESENTATION_LAYER_ASSIGNMENT (  '', '', ( #2841 ) ) ;
#3787 = CARTESIAN_POINT ( 'NONE',  ( -134.3196080030131441, 15.21693007629546379, -41.44604796487007548 ) ) ;
#3788 = FACE_OUTER_BOUND ( 'NONE', #189, .T. ) ;
#3789 = CARTESIAN_POINT ( 'NONE',  ( -120.3196080030131583, 39.45352726980763691, -11.79540235893742306 ) ) ;
#3790 = LINE ( 'NONE', #2983, #1424 ) ;
#3791 = VERTEX_POINT ( 'NONE', #2715 ) ;
#3792 = CIRCLE ( 'NONE', #1822, 6.000000000000005329 ) ;
#3793 = CARTESIAN_POINT ( 'NONE',  ( -122.3196080030131299, 4.070205214165001806, -15.75906465691169167 ) ) ;
#3794 = DIRECTION ( 'NONE',  ( -0.000000000000000000, -0.000000000000000000, 1.000000000000000000 ) ) ;
#3795 = ORIENTED_EDGE ( 'NONE', *, *, #4575, .F. ) ;
#3796 = DIRECTION ( 'NONE',  ( 0.000000000000000000, -0.2909312820662346977, 0.9567439517003998306 ) ) ;
#3797 = ORIENTED_EDGE ( 'NONE', *, *, #4920, .T. ) ;
#3798 = VECTOR ( 'NONE', #231, 1000.000000000000000 ) ;
#3799 = FACE_OUTER_BOUND ( 'NONE', #3350, .T. ) ;
#3800 = VECTOR ( 'NONE', #5149, 1000.000000000000000 ) ;
#3801 = ORIENTED_EDGE ( 'NONE', *, *, #1286, .F. ) ;
#3802 = DIRECTION ( 'NONE',  ( 0.7071067811865475727, 0.000000000000000000, 0.7071067811865475727 ) ) ;
#3803 = EDGE_CURVE ( 'NONE', #4517, #4966, #3530, .T. ) ;
#3804 = CARTESIAN_POINT ( 'NONE',  ( -120.3196080030131583, 65.83968306384814184, -12.94779258935107080 ) ) ;
#3805 = ORIENTED_EDGE ( 'NONE', *, *, #4134, .F. ) ;
#3806 = AXIS2_PLACEMENT_3D ( 'NONE', #2269, #3080, #3019 ) ;
#3807 = CARTESIAN_POINT ( 'NONE',  ( -138.3196080030131441, 1.800566254423555446, -2.000000000000001776 ) ) ;
#3808 = CARTESIAN_POINT ( 'NONE',  ( -134.3196080030131441, 4.141010969993490907E-14, -35.14604796487009253 ) ) ;
#3809 = DIRECTION ( 'NONE',  ( 1.000000000000000000, -0.000000000000000000, -0.000000000000000000 ) ) ;
#3810 = DIRECTION ( 'NONE',  ( 0.000000000000000000, 0.000000000000000000, 1.000000000000000000 ) ) ;
#3811 = ORIENTED_EDGE ( 'NONE', *, *, #2216, .T. ) ;
#3812 = DIRECTION ( 'NONE',  ( -1.000000000000000000, -0.000000000000000000, -0.000000000000000000 ) ) ;
#3813 = CARTESIAN_POINT ( 'NONE',  ( -130.3196080030131441, 40.96466570714435562, -15.88149908682619937 ) ) ;
#3814 = EDGE_CURVE ( 'NONE', #1030, #2397, #1509, .T. ) ;
#3815 = DIRECTION ( 'NONE',  ( -0.000000000000000000, -0.3276177830726028084, 0.9448103451034990385 ) ) ;
#3816 = EDGE_CURVE ( 'NONE', #3210, #2956, #3476, .T. ) ;
#3817 = CARTESIAN_POINT ( 'NONE',  ( -134.3196080030131441, 59.80801405354255706, -42.37154607475221013 ) ) ;
#3818 = ORIENTED_EDGE ( 'NONE', *, *, #4202, .F. ) ;
#3819 = VECTOR ( 'NONE', #601, 1000.000000000000000 ) ;
#3820 = EDGE_CURVE ( 'NONE', #3672, #2172, #3976, .T. ) ;
#3821 = EDGE_CURVE ( 'NONE', #3853, #3791, #1332, .T. ) ;
#3822 = CARTESIAN_POINT ( 'NONE',  ( -126.3196080030131441, 39.45352726980763691, -8.795402358937423060 ) ) ;
#3823 = CARTESIAN_POINT ( 'NONE',  ( -138.3196080030131441, 3.761449444998968161, -12.94779258935107080 ) ) ;
#3824 = VECTOR ( 'NONE', #1442, 1000.000000000000000 ) ;
#3825 = ORIENTED_EDGE ( 'NONE', *, *, #2553, .F. ) ;
#3826 = LINE ( 'NONE', #3873, #5237 ) ;
#3827 = ORIENTED_EDGE ( 'NONE', *, *, #1034, .F. ) ;
#3828 = AXIS2_PLACEMENT_3D ( 'NONE', #4803, #2061, #381 ) ;
#3829 = ORIENTED_EDGE ( 'NONE', *, *, #3757, .T. ) ;
#3830 = AXIS2_PLACEMENT_3D ( 'NONE', #1263, #4528, #56 ) ;
#3831 = DIRECTION ( 'NONE',  ( 0.000000000000000000, 0.000000000000000000, 1.000000000000000000 ) ) ;
#3832 = VERTEX_POINT ( 'NONE', #2662 ) ;
#3833 = DIRECTION ( 'NONE',  ( 0.000000000000000000, 0.000000000000000000, -1.000000000000000000 ) ) ;
#3834 = LINE ( 'NONE', #1816, #21 ) ;
#3835 = ORIENTED_EDGE ( 'NONE', *, *, #5057, .T. ) ;
#3836 = CARTESIAN_POINT ( 'NONE',  ( -138.3196080030131441, 67.80056625442354346, -10.67734393040305818 ) ) ;
#3837 = DIRECTION ( 'NONE',  ( 1.000000000000000000, -0.000000000000000000, -0.000000000000000000 ) ) ;
#3838 = DIRECTION ( 'NONE',  ( -1.000000000000000000, -0.000000000000000000, -0.000000000000000000 ) ) ;
#3839 = DIRECTION ( 'NONE',  ( -0.000000000000000000, -0.4916981210386088819, -0.8707657307032136140 ) ) ;
#3840 = ORIENTED_EDGE ( 'NONE', *, *, #3777, .F. ) ;
#3841 = FACE_OUTER_BOUND ( 'NONE', #1086, .T. ) ;
#3842 = CARTESIAN_POINT ( 'NONE',  ( -120.3196080030131583, 65.83968306384814184, -12.94779258935107080 ) ) ;
#3843 = DIRECTION ( 'NONE',  ( -1.000000000000000000, 0.000000000000000000, 0.000000000000000000 ) ) ;
#3844 = DIRECTION ( 'NONE',  ( 0.000000000000000000, -1.000000000000000000, 0.000000000000000000 ) ) ;
#3845 = AXIS2_PLACEMENT_3D ( 'NONE', #3602, #2354, #776 ) ;
#3846 = EDGE_CURVE ( 'NONE', #3451, #5092, #4672, .T. ) ;
#3847 = ORIENTED_EDGE ( 'NONE', *, *, #4363, .F. ) ;
#3848 = FACE_OUTER_BOUND ( 'NONE', #586, .T. ) ;
#3849 = CARTESIAN_POINT ( 'NONE',  ( -131.3196080030131441, 10.57843249128782404, -32.88194108536649907 ) ) ;
#3850 = EDGE_LOOP ( 'NONE', ( #764, #68, #2048, #2599 ) ) ;
#3851 = CARTESIAN_POINT ( 'NONE',  ( -126.3196080030131441, 27.47605492012738893, -47.89999999999999858 ) ) ;
#3852 = ORIENTED_EDGE ( 'NONE', *, *, #3251, .T. ) ;
#3853 = VERTEX_POINT ( 'NONE', #198 ) ;
#3854 = LINE ( 'NONE', #1135, #2705 ) ;
#3855 = ORIENTED_EDGE ( 'NONE', *, *, #4828, .T. ) ;
#3856 = CARTESIAN_POINT ( 'NONE',  ( -138.3196080030131441, 41.35696301393296892, -44.99999999999996447 ) ) ;
#3857 = DIRECTION ( 'NONE',  ( -1.000000000000000000, 0.000000000000000000, 0.000000000000000000 ) ) ;
#3858 = ORIENTED_EDGE ( 'NONE', *, *, #1524, .F. ) ;
#3859 =( BOUNDED_CURVE ( )  B_SPLINE_CURVE ( 3, ( #2689, #1537, #2717, #336 ),
 .UNSPECIFIED., .F., .F. ) 
 B_SPLINE_CURVE_WITH_KNOTS ( ( 4, 4 ),
 ( 2.283164310251298179, 4.000020996928288497 ),
 .UNSPECIFIED. ) 
 CURVE ( )  GEOMETRIC_REPRESENTATION_ITEM ( )  RATIONAL_B_SPLINE_CURVE ( ( 1.000000000000000000, 0.7690851534612028750, 0.7690851534612028750, 1.000000000000000000 ) ) 
 REPRESENTATION_ITEM ( '' )  );
#3860 = LINE ( 'NONE', #2700, #388 ) ;
#3861 = CARTESIAN_POINT ( 'NONE',  ( -126.3196080030131441, 30.14760523903947842, -11.79540235893742306 ) ) ;
#3862 = CARTESIAN_POINT ( 'NONE',  ( -131.3196080030131441, 28.63646680170275616, -15.88149908682619582 ) ) ;
#3863 = ORIENTED_EDGE ( 'NONE', *, *, #1751, .T. ) ;
#3864 = CARTESIAN_POINT ( 'NONE',  ( -139.3205483905317976, 66.79962586690490411, -45.51988972649857601 ) ) ;
#3865 = DIRECTION ( 'NONE',  ( -1.000000000000000000, 0.000000000000000000, 0.000000000000000000 ) ) ;
#3866 = DIRECTION ( 'NONE',  ( 0.000000000000000000, 0.4334888646037085569, 0.9011589228679853791 ) ) ;
#3867 = EDGE_CURVE ( 'NONE', #729, #4402, #1434, .T. ) ;
#3868 = LINE ( 'NONE', #913, #4936 ) ;
#3869 = VECTOR ( 'NONE', #3953, 1000.000000000000000 ) ;
#3870 = ORIENTED_EDGE ( 'NONE', *, *, #2964, .T. ) ;
#3871 = CARTESIAN_POINT ( 'NONE',  ( -136.3196080030131441, -0.1994337455764462197, -2.000000000000001776 ) ) ;
#3872 = ORIENTED_EDGE ( 'NONE', *, *, #4304, .F. ) ;
#3873 = CARTESIAN_POINT ( 'NONE',  ( -120.3196080030131583, 33.90028312721177173, -84.90028312721176462 ) ) ;
#3874 = ORIENTED_EDGE ( 'NONE', *, *, #1636, .T. ) ;
#3875 = EDGE_CURVE ( 'NONE', #2397, #3021, #5154, .T. ) ;
#3876 = ORIENTED_EDGE ( 'NONE', *, *, #5094, .T. ) ;
#3877 = VECTOR ( 'NONE', #1114, 1000.000000000000000 ) ;
#3878 = CARTESIAN_POINT ( 'NONE',  ( -137.5860847011068984, 17.34699599055078423, -51.00000000000000000 ) ) ;
#3879 = ORIENTED_EDGE ( 'NONE', *, *, #5143, .T. ) ;
#3880 = LINE ( 'NONE', #4653, #2262 ) ;
#3881 = FACE_OUTER_BOUND ( 'NONE', #35, .T. ) ;
#3882 = EDGE_CURVE ( 'NONE', #3952, #503, #626, .T. ) ;
#3883 = ORIENTED_EDGE ( 'NONE', *, *, #4713, .T. ) ;
#3884 = CARTESIAN_POINT ( 'NONE',  ( -138.3196080030131441, 65.83968306384814184, -12.94779258935107080 ) ) ;
#3885 = EDGE_CURVE ( 'NONE', #2268, #4481, #1484, .T. ) ;
#3886 = EDGE_CURVE ( 'NONE', #1814, #135, #224, .T. ) ;
#3887 = CIRCLE ( 'NONE', #4649, 7.300000000000000711 ) ;
#3888 = DIRECTION ( 'NONE',  ( 1.000000000000000000, 0.000000000000000000, 0.000000000000000000 ) ) ;
#3889 = CARTESIAN_POINT ( 'NONE',  ( -120.3196080030131583, 2.870205214164995411, -14.86971232810076948 ) ) ;
#3890 = AXIS2_PLACEMENT_3D ( 'NONE', #5205, #4473, #1610 ) ;
#3891 = ORIENTED_EDGE ( 'NONE', *, *, #248, .F. ) ;
#3892 = CARTESIAN_POINT ( 'NONE',  ( -134.3196080030131441, 60.25820886366940954, -35.14604796487007121 ) ) ;
#3893 = VECTOR ( 'NONE', #181, 1000.000000000000000 ) ;
#3894 = DIRECTION ( 'NONE',  ( -1.000000000000000000, -0.000000000000000000, -0.000000000000000000 ) ) ;
#3895 = CARTESIAN_POINT ( 'NONE',  ( -131.3196080030131441, 0.000000000000000000, 0.000000000000000000 ) ) ;
#3896 = CARTESIAN_POINT ( 'NONE',  ( -134.8196080030131441, 0.000000000000000000, -41.44604796487007548 ) ) ;
#3897 = ORIENTED_EDGE ( 'NONE', *, *, #3816, .T. ) ;
#3898 = VECTOR ( 'NONE', #4370, 1000.000000000000000 ) ;
#3899 = CARTESIAN_POINT ( 'NONE',  ( -120.3196080030131583, 12.25844098113098646, -35.14604796487007121 ) ) ;
#3900 = EDGE_LOOP ( 'NONE', ( #3267, #969, #627, #332, #1826, #550 ) ) ;
#3901 = DIRECTION ( 'NONE',  ( 0.000000000000000000, 0.000000000000000000, 1.000000000000000000 ) ) ;
#3902 = ORIENTED_EDGE ( 'NONE', *, *, #4543, .F. ) ;
#3903 = EDGE_LOOP ( 'NONE', ( #1564, #4260 ) ) ;
#3904 = DIRECTION ( 'NONE',  ( 1.000000000000000000, -0.000000000000000000, -0.000000000000000000 ) ) ;
#3905 = EDGE_LOOP ( 'NONE', ( #4226, #707, #1250, #3371, #3484, #4340, #3656, #1020, #559 ) ) ;
#3906 = DIRECTION ( 'NONE',  ( 0.000000000000000000, -0.9538267149103734077, -0.3003574502543350233 ) ) ;
#3907 = VECTOR ( 'NONE', #4748, 1000.000000000000227 ) ;
#3908 = LINE ( 'NONE', #3515, #4899 ) ;
#3909 = VERTEX_POINT ( 'NONE', #679 ) ;
#3910 = EDGE_CURVE ( 'NONE', #2587, #3416, #4679, .T. ) ;
#3911 = ADVANCED_FACE ( 'NONE', ( #3709 ), #1677, .T. ) ;
#3912 = LINE ( 'NONE', #1875, #3567 ) ;
#3913 = DIRECTION ( 'NONE',  ( -1.000000000000000000, -0.000000000000000000, -0.000000000000000000 ) ) ;
#3914 = CARTESIAN_POINT ( 'NONE',  ( -120.3196080030131583, 3.761449444998968161, -14.44779258935107258 ) ) ;
#3915 = ORIENTED_EDGE ( 'NONE', *, *, #2547, .T. ) ;
#3916 = EDGE_CURVE ( 'NONE', #874, #5209, #658, .T. ) ;
#3917 = EDGE_CURVE ( 'NONE', #307, #729, #1234, .T. ) ;
#3918 =( BOUNDED_CURVE ( )  B_SPLINE_CURVE ( 3, ( #2175, #139, #1775, #4159 ),
 .UNSPECIFIED., .F., .T. ) 
 B_SPLINE_CURVE_WITH_KNOTS ( ( 4, 4 ),
 ( 2.644495308074834572, 3.141592653589793116 ),
 .UNSPECIFIED. ) 
 CURVE ( )  GEOMETRIC_REPRESENTATION_ITEM ( )  RATIONAL_B_SPLINE_CURVE ( ( 1.000000000000000000, 0.9795136435040230349, 0.9795136435040230349, 1.000000000000000000 ) ) 
 REPRESENTATION_ITEM ( '' )  );
#3919 = CARTESIAN_POINT ( 'NONE',  ( -120.3196080030131583, 7.495518916495822914, -38.34158263530405009 ) ) ;
#3920 = DIRECTION ( 'NONE',  ( 0.000000000000000000, -0.6180204845714755146, -0.7861619938982287170 ) ) ;
#3921 = VECTOR ( 'NONE', #499, 1000.000000000000000 ) ;
#3922 = CARTESIAN_POINT ( 'NONE',  ( -144.3196080030131725, 12.25844098113098646, -48.19604796487005416 ) ) ;
#3923 = CARTESIAN_POINT ( 'NONE',  ( -132.4196080030131668, 27.47605492012738893, -50.89999999999999858 ) ) ;
#3924 = ORIENTED_EDGE ( 'NONE', *, *, #4014, .F. ) ;
#3925 = VECTOR ( 'NONE', #2452, 1000.000000000000000 ) ;
#3926 = DIRECTION ( 'NONE',  ( -0.000000000000000000, -4.436722895625987172E-16, 1.000000000000000000 ) ) ;
#3927 = ORIENTED_EDGE ( 'NONE', *, *, #2030, .T. ) ;
#3928 = DIRECTION ( 'NONE',  ( 0.000000000000000000, 0.000000000000000000, 1.000000000000000000 ) ) ;
#3929 = ORIENTED_EDGE ( 'NONE', *, *, #1879, .T. ) ;
#3930 = ORIENTED_EDGE ( 'NONE', *, *, #4761, .F. ) ;
#3931 = CIRCLE ( 'NONE', #929, 1.500000000000001332 ) ;
#3932 = CARTESIAN_POINT ( 'NONE',  ( -131.0696080030131441, 0.000000000000000000, 0.000000000000000000 ) ) ;
#3933 = VERTEX_POINT ( 'NONE', #4107 ) ;
#3934 = CARTESIAN_POINT ( 'NONE',  ( -135.9739233781347423, 24.52771056016809226, -47.34568462487838758 ) ) ;
#3935 = FACE_OUTER_BOUND ( 'NONE', #1754, .T. ) ;
#3936 = EDGE_CURVE ( 'NONE', #3428, #5030, #2879, .T. ) ;
#3937 = EDGE_CURVE ( 'NONE', #2998, #4517, #3180, .T. ) ;
#3938 = ORIENTED_EDGE ( 'NONE', *, *, #4600, .F. ) ;
#3939 = DIRECTION ( 'NONE',  ( 0.000000000000000000, 0.000000000000000000, 1.000000000000000000 ) ) ;
#3940 = DIRECTION ( 'NONE',  ( -1.000000000000000000, -0.000000000000000000, -0.000000000000000000 ) ) ;
#3941 = DIRECTION ( 'NONE',  ( 0.000000000000000000, 0.000000000000000000, -1.000000000000000000 ) ) ;
#3942 = EDGE_CURVE ( 'NONE', #266, #3770, #2621, .T. ) ;
#3943 = VERTEX_POINT ( 'NONE', #4008 ) ;
#3944 = ADVANCED_FACE ( 'NONE', ( #4430 ), #1965, .F. ) ;
#3945 = FACE_OUTER_BOUND ( 'NONE', #1670, .T. ) ;
#3946 = DIRECTION ( 'NONE',  ( 1.000000000000000000, -0.000000000000000000, -0.000000000000000000 ) ) ;
#3947 = LINE ( 'NONE', #2252, #3211 ) ;
#3948 = DIRECTION ( 'NONE',  ( -1.000000000000000000, -0.000000000000000000, -0.000000000000000000 ) ) ;
#3949 = DIRECTION ( 'NONE',  ( -1.000000000000000000, 0.000000000000000000, -0.000000000000000000 ) ) ;
#3950 = ORIENTED_EDGE ( 'NONE', *, *, #4043, .T. ) ;
#3951 = DIRECTION ( 'NONE',  ( 0.000000000000000000, 0.000000000000000000, 1.000000000000000000 ) ) ;
#3952 = VERTEX_POINT ( 'NONE', #4399 ) ;
#3953 = DIRECTION ( 'NONE',  ( 1.000000000000000000, -0.000000000000000000, -0.000000000000000000 ) ) ;
#3954 = ORIENTED_EDGE ( 'NONE', *, *, #3652, .T. ) ;
#3955 = ORIENTED_EDGE ( 'NONE', *, *, #670, .F. ) ;
#3956 = AXIS2_PLACEMENT_3D ( 'NONE', #1718, #542, #597 ) ;
#3957 = DIRECTION ( 'NONE',  ( -1.000000000000000000, 0.000000000000000000, 0.000000000000000000 ) ) ;
#3958 = ORIENTED_EDGE ( 'NONE', *, *, #4884, .T. ) ;
#3959 = LINE ( 'NONE', #1922, #4937 ) ;
#3960 = CARTESIAN_POINT ( 'NONE',  ( -122.3196080030131583, 34.80056625442355767, -13.43563121309681385 ) ) ;
#3961 = ORIENTED_EDGE ( 'NONE', *, *, #3596, .F. ) ;
#3962 = CARTESIAN_POINT ( 'NONE',  ( -120.3196080030131583, 62.94430011170420869, -36.14616860272179366 ) ) ;
#3963 = FACE_OUTER_BOUND ( 'NONE', #1587, .T. ) ;
#3964 = CARTESIAN_POINT ( 'NONE',  ( -144.3196080030131725, 12.25844098113098646, -38.29604796487006979 ) ) ;
#3965 = CIRCLE ( 'NONE', #3114, 1.500000000000001332 ) ;
#3966 = EDGE_LOOP ( 'NONE', ( #1886, #3045, #3755, #812 ) ) ;
#3967 = CIRCLE ( 'NONE', #3116, 12.89999999999998082 ) ;
#3968 = CARTESIAN_POINT ( 'NONE',  ( -131.3196080030131441, 62.10483768686278694, -38.19876508392353287 ) ) ;
#3969 = DIRECTION ( 'NONE',  ( 0.000000000000000000, 1.000000000000000000, -0.000000000000000000 ) ) ;
#3970 = CYLINDRICAL_SURFACE ( 'NONE', #2081, 3.000000000000000888 ) ;
#3971 = VECTOR ( 'NONE', #2515, 1000.000000000000227 ) ;
#3972 = CYLINDRICAL_SURFACE ( 'NONE', #2578, 11.40000000000000036 ) ;
#3973 = CARTESIAN_POINT ( 'NONE',  ( -120.3196080030131583, 20.69762783437838394, -19.93547284888469306 ) ) ;
#3974 = VERTEX_POINT ( 'NONE', #728 ) ;
#3975 = VECTOR ( 'NONE', #927, 1000.000000000000000 ) ;
#3976 = LINE ( 'NONE', #303, #4495 ) ;
#3977 = ORIENTED_EDGE ( 'NONE', *, *, #4791, .F. ) ;
#3978 = DIRECTION ( 'NONE',  ( -1.000000000000000000, -0.000000000000000000, -0.000000000000000000 ) ) ;
#3979 = ORIENTED_EDGE ( 'NONE', *, *, #3652, .F. ) ;
#3980 = AXIS2_PLACEMENT_3D ( 'NONE', #4632, #988, #3784 ) ;
#3981 = ORIENTED_EDGE ( 'NONE', *, *, #1778, .F. ) ;
#3982 = ADVANCED_FACE ( 'NONE', ( #2364 ), #4859, .F. ) ;
#3983 = EDGE_CURVE ( 'NONE', #3394, #5261, #5235, .T. ) ;
#3984 = FACE_BOUND ( 'NONE', #1591, .T. ) ;
#3985 = ORIENTED_EDGE ( 'NONE', *, *, #1247, .T. ) ;
#3986 = CARTESIAN_POINT ( 'NONE',  ( -138.3196080030131441, 42.12507758871971220, -47.89999999999999858 ) ) ;
#3987 = FACE_OUTER_BOUND ( 'NONE', #980, .T. ) ;
#3988 = AXIS2_PLACEMENT_3D ( 'NONE', #3789, #113, #1316 ) ;
#3989 = ORIENTED_EDGE ( 'NONE', *, *, #3814, .F. ) ;
#3990 = CIRCLE ( 'NONE', #1243, 9.399999999999998579 ) ;
#3991 = DIRECTION ( 'NONE',  ( -1.000000000000000000, 0.000000000000000000, 0.000000000000000000 ) ) ;
#3992 = DIRECTION ( 'NONE',  ( 0.000000000000000000, 0.000000000000000000, -1.000000000000000000 ) ) ;
#3993 = LINE ( 'NONE', #4046, #3877 ) ;
#3994 = AXIS2_PLACEMENT_3D ( 'NONE', #4095, #4465, #3246 ) ;
#3995 = AXIS2_PLACEMENT_3D ( 'NONE', #4854, #5281, #2163 ) ;
#3996 = ORIENTED_EDGE ( 'NONE', *, *, #1286, .T. ) ;
#3997 = VECTOR ( 'NONE', #2258, 1000.000000000000000 ) ;
#3998 = CARTESIAN_POINT ( 'NONE',  ( -131.3196080030131441, 28.63646680170275616, -22.04966218791255983 ) ) ;
#3999 = AXIS2_PLACEMENT_3D ( 'NONE', #4385, #1603, #3992 ) ;
#4000 = CARTESIAN_POINT ( 'NONE',  ( -122.3196080030131583, 34.80056625442355767, -14.63615997070125552 ) ) ;
#4001 = CARTESIAN_POINT ( 'NONE',  ( -132.3196080030131725, 43.34913577197199430, -51.00000000000000000 ) ) ;
#4002 =( BOUNDED_CURVE ( )  B_SPLINE_CURVE ( 3, ( #2845, #4104, #4826, #1152 ),
 .UNSPECIFIED., .F., .F. ) 
 B_SPLINE_CURVE_WITH_KNOTS ( ( 4, 4 ),
 ( 3.141592653589793116, 3.638689999104943507 ),
 .UNSPECIFIED. ) 
 CURVE ( )  GEOMETRIC_REPRESENTATION_ITEM ( )  RATIONAL_B_SPLINE_CURVE ( ( 1.000000000000000000, 0.9795136435040073808, 0.9795136435040073808, 1.000000000000000000 ) ) 
 REPRESENTATION_ITEM ( '' )  );
#4003 = DIRECTION ( 'NONE',  ( -1.000000000000000000, 0.000000000000000000, 0.000000000000000000 ) ) ;
#4004 = CARTESIAN_POINT ( 'NONE',  ( -120.3196080030131583, 67.80056625442354346, -51.00000000000000000 ) ) ;
#4005 = EDGE_CURVE ( 'NONE', #607, #1443, #2195, .T. ) ;
#4006 = VECTOR ( 'NONE', #2818, 1000.000000000000000 ) ;
#4007 = ORIENTED_EDGE ( 'NONE', *, *, #961, .F. ) ;
#4008 = CARTESIAN_POINT ( 'NONE',  ( -130.8196080030131441, 61.41512328122997388, -32.16182873192050806 ) ) ;
#4009 = ORIENTED_EDGE ( 'NONE', *, *, #471, .T. ) ;
#4010 = EDGE_CURVE ( 'NONE', #3563, #4729, #4032, .T. ) ;
#4011 = CARTESIAN_POINT ( 'NONE',  ( -122.3196080030131583, 66.73092729468208972, -14.86971232810076948 ) ) ;
#4012 = EDGE_LOOP ( 'NONE', ( #4597, #4856, #3354, #2732 ) ) ;
#4013 = ORIENTED_EDGE ( 'NONE', *, *, #1553, .T. ) ;
#4014 = EDGE_CURVE ( 'NONE', #4655, #682, #4454, .T. ) ;
#4015 = DIRECTION ( 'NONE',  ( 0.000000000000000000, -1.000000000000000000, 0.000000000000000000 ) ) ;
#4016 = ORIENTED_EDGE ( 'NONE', *, *, #5090, .F. ) ;
#4017 = LINE ( 'NONE', #3162, #1658 ) ;
#4018 = PLANE ( 'NONE',  #74 ) ;
#4019 = ORIENTED_EDGE ( 'NONE', *, *, #4987, .T. ) ;
#4020 = CIRCLE ( 'NONE', #839, 1.499999999999999556 ) ;
#4021 = LINE ( 'NONE', #2904, #651 ) ;
#4022 = PLANE ( 'NONE',  #3745 ) ;
#4023 = LINE ( 'NONE', #3379, #2174 ) ;
#4024 = AXIS2_PLACEMENT_3D ( 'NONE', #2402, #1138, #4813 ) ;
#4025 = ORIENTED_EDGE ( 'NONE', *, *, #4109, .T. ) ;
#4026 = DIRECTION ( 'NONE',  ( -1.000000000000000000, -0.000000000000000000, -0.000000000000000000 ) ) ;
#4027 = LINE ( 'NONE', #352, #590 ) ;
#4028 = FACE_OUTER_BOUND ( 'NONE', #5077, .T. ) ;
#4029 = DIRECTION ( 'NONE',  ( 0.000000000000000000, 0.000000000000000000, 1.000000000000000000 ) ) ;
#4030 = LINE ( 'NONE', #4004, #1165 ) ;
#4031 = VERTEX_POINT ( 'NONE', #2416 ) ;
#4032 = LINE ( 'NONE', #357, #2448 ) ;
#4033 = EDGE_CURVE ( 'NONE', #261, #618, #1616, .T. ) ;
#4034 = VERTEX_POINT ( 'NONE', #4480 ) ;
#4035 = DIRECTION ( 'NONE',  ( -1.000000000000000000, -0.000000000000000000, -0.000000000000000000 ) ) ;
#4036 = VERTEX_POINT ( 'NONE', #4555 ) ;
#4037 = ORIENTED_EDGE ( 'NONE', *, *, #1307, .F. ) ;
#4038 = CARTESIAN_POINT ( 'NONE',  ( -131.0696080030131441, 61.41512328122997388, -32.16182873192050806 ) ) ;
#4039 = EDGE_LOOP ( 'NONE', ( #4286, #1285, #897, #3271 ) ) ;
#4040 = LINE ( 'NONE', #741, #4484 ) ;
#4041 = DIRECTION ( 'NONE',  ( 0.000000000000000000, -0.3583132270247110229, -0.9336014306646802652 ) ) ;
#4042 = VERTEX_POINT ( 'NONE', #3735 ) ;
#4043 = EDGE_CURVE ( 'NONE', #4244, #3832, #1315, .T. ) ;
#4044 = EDGE_CURVE ( 'NONE', #3661, #2309, #4960, .T. ) ;
#4045 = DIRECTION ( 'NONE',  ( 0.000000000000000000, -0.000000000000000000, 1.000000000000000000 ) ) ;
#4046 = CARTESIAN_POINT ( 'NONE',  ( -134.8196080030131441, 56.57321924030494387, -31.13959425374204670 ) ) ;
#4047 = EDGE_CURVE ( 'NONE', #3733, #3451, #2900, .T. ) ;
#4048 = VERTEX_POINT ( 'NONE', #1289 ) ;
#4049 = EDGE_CURVE ( 'NONE', #3688, #203, #3574, .T. ) ;
#4050 = AXIS2_PLACEMENT_3D ( 'NONE', #717, #2349, #3599 ) ;
#4051 = ADVANCED_FACE ( 'NONE', ( #2603 ), #1717, .F. ) ;
#4052 = CARTESIAN_POINT ( 'NONE',  ( -138.3196080030131441, 1.800566254423555446, -30.74337584167463433 ) ) ;
#4053 = CARTESIAN_POINT ( 'NONE',  ( -139.8196080030131441, 3.300566254423556778, -45.34703941151190776 ) ) ;
#4054 = DIRECTION ( 'NONE',  ( 0.000000000000000000, 0.9538267149103734077, -0.3003574502543346902 ) ) ;
#4055 = DIRECTION ( 'NONE',  ( -1.000000000000000000, 0.000000000000000000, 0.000000000000000000 ) ) ;
#4056 = DIRECTION ( 'NONE',  ( -1.000000000000000000, 0.000000000000000000, 0.000000000000000000 ) ) ;
#4057 = ORIENTED_EDGE ( 'NONE', *, *, #2914, .T. ) ;
#4058 = AXIS2_PLACEMENT_3D ( 'NONE', #423, #2945, #4578 ) ;
#4059 = CARTESIAN_POINT ( 'NONE',  ( -137.0426598574682089, 51.02645760944293585, -51.00000000000000711 ) ) ;
#4060 = ORIENTED_EDGE ( 'NONE', *, *, #5026, .T. ) ;
#4061 = SURFACE_STYLE_USAGE ( .BOTH. , #3738 ) ;
#4062 = ORIENTED_EDGE ( 'NONE', *, *, #4695, .T. ) ;
#4063 = DIRECTION ( 'NONE',  ( -0.000000000000000000, 0.3003574502543346902, 0.9538267149103735187 ) ) ;
#4064 = ORIENTED_EDGE ( 'NONE', *, *, #4261, .F. ) ;
#4065 = CARTESIAN_POINT ( 'NONE',  ( -120.3196080030131583, 0.000000000000000000, -51.00000000000000000 ) ) ;
#4066 = EDGE_CURVE ( 'NONE', #2345, #1711, #3363, .T. ) ;
#4067 = ORIENTED_EDGE ( 'NONE', *, *, #987, .T. ) ;
#4068 = CARTESIAN_POINT ( 'NONE',  ( -144.3196080030131725, 57.34269152771611289, -28.89604796487007476 ) ) ;
#4069 = ORIENTED_EDGE ( 'NONE', *, *, #2196, .F. ) ;
#4070 = DIRECTION ( 'NONE',  ( 1.000000000000000000, 0.000000000000000000, 0.000000000000000000 ) ) ;
#4071 = ADVANCED_FACE ( 'NONE', ( #4240 ), #4213, .F. ) ;
#4072 = ORIENTED_EDGE ( 'NONE', *, *, #3780, .F. ) ;
#4073 = AXIS2_PLACEMENT_3D ( 'NONE', #1752, #1805, #4560 ) ;
#4074 = CARTESIAN_POINT ( 'NONE',  ( -126.3196080030131441, 30.14760523903947842, -11.79540235893742306 ) ) ;
#4075 = AXIS2_PLACEMENT_3D ( 'NONE', #4892, #472, #1707 ) ;
#4076 = CARTESIAN_POINT ( 'NONE',  ( -138.3196080030131441, 1.800566254423556778, -42.83398320024904393 ) ) ;
#4077 = DIRECTION ( 'NONE',  ( 0.000000000000000000, 0.000000000000000000, 1.000000000000000000 ) ) ;
#4078 = LINE ( 'NONE', #1634, #2794 ) ;
#4079 = EDGE_CURVE ( 'NONE', #2309, #818, #541, .T. ) ;
#4080 = DIRECTION ( 'NONE',  ( 0.000000000000000000, 0.000000000000000000, -1.000000000000000000 ) ) ;
#4081 = ORIENTED_EDGE ( 'NONE', *, *, #941, .F. ) ;
#4082 = AXIS2_PLACEMENT_3D ( 'NONE', #1143, #2002, #1955 ) ;
#4083 = DIRECTION ( 'NONE',  ( -1.000000000000000000, 0.000000000000000000, 0.000000000000000000 ) ) ;
#4084 = CARTESIAN_POINT ( 'NONE',  ( -131.0696080030130872, 56.76769476762041933, -20.05274209494164239 ) ) ;
#4085 = PRESENTATION_STYLE_ASSIGNMENT (( #4061 ) ) ;
#4086 = VECTOR ( 'NONE', #2054, 1000.000000000000114 ) ;
#4087 = ORIENTED_EDGE ( 'NONE', *, *, #2728, .F. ) ;
#4088 = LINE ( 'NONE', #4113, #4559 ) ;
#4089 = ORIENTED_EDGE ( 'NONE', *, *, #2567, .F. ) ;
#4090 = DIRECTION ( 'NONE',  ( 0.000000000000000000, 0.000000000000000000, 1.000000000000000000 ) ) ;
#4091 = CIRCLE ( 'NONE', #3243, 11.40000000000000036 ) ;
#4092 = CARTESIAN_POINT ( 'NONE',  ( -126.3196080030131441, 3.761449444998968605, -15.94779258935107080 ) ) ;
#4093 = ORIENTED_EDGE ( 'NONE', *, *, #2037, .F. ) ;
#4094 = B_SPLINE_CURVE_WITH_KNOTS ( 'NONE', 3,
 ( #4001, #1556, #4824, #2412 ),
 .UNSPECIFIED., .F., .F.,
 ( 4, 4 ),
 ( 0.000000000000000000, 0.0006863736541157653467 ),
 .UNSPECIFIED. ) ;
#4095 = CARTESIAN_POINT ( 'NONE',  ( -138.3196080030131441, 30.14760523903947842, -11.79540235893742306 ) ) ;
#4096 = ORIENTED_EDGE ( 'NONE', *, *, #4033, .F. ) ;
#4097 = LINE ( 'NONE', #2535, #975 ) ;
#4098 = VECTOR ( 'NONE', #5194, 1000.000000000000114 ) ;
#4099 = ADVANCED_FACE ( 'NONE', ( #910, #1341, #4582, #2090, #517, #2149, #4637, #3788 ), #110, .T. ) ;
#4100 = ORIENTED_EDGE ( 'NONE', *, *, #3882, .T. ) ;
#4101 = CARTESIAN_POINT ( 'NONE',  ( -120.3196080030131583, 59.40028312721176462, 8.400283127211769951 ) ) ;
#4102 = CARTESIAN_POINT ( 'NONE',  ( -126.3196080030131441, 39.45352726980763691, -11.79540235893742306 ) ) ;
#4103 = LINE ( 'NONE', #4523, #3467 ) ;
#4104 = CARTESIAN_POINT ( 'NONE',  ( -132.4196080030131100, 26.97376995079237361, -50.89999999999999147 ) ) ;
#4105 = CARTESIAN_POINT ( 'NONE',  ( -120.3196080030131583, 0.000000000000000000, -51.00000000000000000 ) ) ;
#4106 = CARTESIAN_POINT ( 'NONE',  ( -131.0696080030131441, 40.96466570714435562, -23.66043044517396510 ) ) ;
#4107 = CARTESIAN_POINT ( 'NONE',  ( -131.3196080030131441, 40.96466570714435562, -23.66043044517396510 ) ) ;
#4108 = ORIENTED_EDGE ( 'NONE', *, *, #5157, .F. ) ;
#4109 = EDGE_CURVE ( 'NONE', #415, #2606, #3918, .T. ) ;
#4110 = DIRECTION ( 'NONE',  ( 0.000000000000000000, 0.000000000000000000, 1.000000000000000000 ) ) ;
#4111 = ORIENTED_EDGE ( 'NONE', *, *, #1028, .F. ) ;
#4112 = CARTESIAN_POINT ( 'NONE',  ( -139.8196080030131441, 66.30056625442354346, -31.24505651822823893 ) ) ;
#4113 = CARTESIAN_POINT ( 'NONE',  ( -138.3196080030131441, 1.800566254423555446, -51.00000000000000000 ) ) ;
#4114 = ORIENTED_EDGE ( 'NONE', *, *, #2720, .F. ) ;
#4115 = FACE_OUTER_BOUND ( 'NONE', #3712, .T. ) ;
#4116 = EDGE_LOOP ( 'NONE', ( #3924, #2778, #4279, #2369 ) ) ;
#4117 = DIRECTION ( 'NONE',  ( 0.000000000000000000, 2.079713857324681502E-16, -1.000000000000000000 ) ) ;
#4118 = ORIENTED_EDGE ( 'NONE', *, *, #4718, .F. ) ;
#4119 = CARTESIAN_POINT ( 'NONE',  ( -120.3196080030131583, 20.69762783437838394, -19.93547284888469306 ) ) ;
#4120 = AXIS2_PLACEMENT_3D ( 'NONE', #5025, #2610, #5050 ) ;
#4121 = ORIENTED_EDGE ( 'NONE', *, *, #2547, .F. ) ;
#4122 = VECTOR ( 'NONE', #220, 999.9999999999998863 ) ;
#4123 = CARTESIAN_POINT ( 'NONE',  ( -142.8196080030131441, 12.25844098113098646, -38.29604796487006979 ) ) ;
#4124 = CARTESIAN_POINT ( 'NONE',  ( -134.8196080030131441, 63.80068792527740840, -35.11780948267900015 ) ) ;
#4125 = DIRECTION ( 'NONE',  ( -1.000000000000000000, 0.000000000000000000, -0.000000000000000000 ) ) ;
#4126 = CARTESIAN_POINT ( 'NONE',  ( -134.3196080030131441, 56.57321924030495097, -31.13959425374204670 ) ) ;
#4127 = ORIENTED_EDGE ( 'NONE', *, *, #2982, .T. ) ;
#4128 = VECTOR ( 'NONE', #2653, 1000.000000000000114 ) ;
#4129 = LINE ( 'NONE', #3734, #2367 ) ;
#4130 = CARTESIAN_POINT ( 'NONE',  ( -136.3196080030131441, -0.1994337455764462197, -51.00000000000000000 ) ) ;
#4131 = ORIENTED_EDGE ( 'NONE', *, *, #3916, .T. ) ;
#4132 = FACE_OUTER_BOUND ( 'NONE', #630, .T. ) ;
#4133 = EDGE_LOOP ( 'NONE', ( #758, #5158, #2099, #1136 ) ) ;
#4134 = EDGE_CURVE ( 'NONE', #4562, #3705, #4611, .T. ) ;
#4135 = VECTOR ( 'NONE', #3345, 1000.000000000000000 ) ;
#4136 = PLANE ( 'NONE',  #2357 ) ;
#4137 = FACE_OUTER_BOUND ( 'NONE', #2493, .T. ) ;
#4138 = ADVANCED_FACE ( 'NONE', ( #5042 ), #1368, .T. ) ;
#4139 = ORIENTED_EDGE ( 'NONE', *, *, #3269, .T. ) ;
#4140 = CARTESIAN_POINT ( 'NONE',  ( -138.3196080030131441, 1.800566254423555446, -10.67734393040306706 ) ) ;
#4141 = CARTESIAN_POINT ( 'NONE',  ( -126.3196080030131441, 3.761449444998968161, -12.94779258935107080 ) ) ;
#4142 = AXIS2_PLACEMENT_3D ( 'NONE', #3006, #965, #568 ) ;
#4143 = EDGE_CURVE ( 'NONE', #2518, #4351, #1663, .T. ) ;
#4144 = EDGE_CURVE ( 'NONE', #553, #4558, #858, .T. ) ;
#4145 = ORIENTED_EDGE ( 'NONE', *, *, #3462, .F. ) ;
#4146 = VECTOR ( 'NONE', #2382, 1000.000000000000000 ) ;
#4147 = FACE_OUTER_BOUND ( 'NONE', #3179, .T. ) ;
#4148 = EDGE_LOOP ( 'NONE', ( #3883, #1726 ) ) ;
#4149 = DIRECTION ( 'NONE',  ( 0.000000000000000000, -1.000000000000000000, 0.000000000000000000 ) ) ;
#4150 = EDGE_LOOP ( 'NONE', ( #1672, #4100, #3474, #3716, #774, #2885, #4958 ) ) ;
#4151 = AXIS2_PLACEMENT_3D ( 'NONE', #4452, #451, #2896 ) ;
#4152 = DIRECTION ( 'NONE',  ( -1.000000000000000000, -0.000000000000000000, -0.000000000000000000 ) ) ;
#4153 = LINE ( 'NONE', #932, #3763 ) ;
#4154 = CARTESIAN_POINT ( 'NONE',  ( -134.8196080030131441, 15.18920694317424847, -35.14604796487007121 ) ) ;
#4155 = LINE ( 'NONE', #1336, #4163 ) ;
#4156 = ORIENTED_EDGE ( 'NONE', *, *, #3597, .T. ) ;
#4157 = CLOSED_SHELL ( 'NONE', ( #2265, #2949, #426, #4991, #1430, #3027, #2124, #4814, #1590, #1238, #131, #4368, #1254, #4467, #736, #526, #5018, #1119, #2496, #887, #3982, #4051, #3944, #1918, #3262, #1358, #1545, #2362, #3642, #1483, #199, #2986, #2537, #3004, #343, #1552, #1868, #997, #2259, #2377, #2162, #860, #5011, #2147, #2800, #4190, #3698, #4210, #962, #1684, #2209, #1854, #5184, #1833, #1685, #2763, #4071, #2749, #4863, #1919, #177, #912, #5110, #1458, #2592, #533, #80, #3226, #4203, #1686, #1116, #4099, #2633, #1459, #3773, #2032, #636, #4450, #3047, #157, #9, #4648, #2049, #817, #3517, #751, #329, #1156, #4700, #4228, #1359, #3224, #4916, #4138, #4974, #1621, #2867, #575, #3683, #1481, #4526, #2237, #2955, #4594, #111, #4745, #4161, #4956, #1400, #2320, #2536, #3481, #1546, #4593, #347, #875, #2378, #3103, #1982, #3657, #1222, #3218, #922, #1942, #2326, #2470, #43, #2139, #2453, #1802, #3136, #4280, #1745, #3284, #4281, #2012, #1054, #205, #345, #4767, #1223, #1821, #3911, #1354, #1409, #475, #3676, #576, #2692, #2892, #2829, #4599, #1153, #4172, #701, #2744, #795, #2011, #4235, #3612, #2566, #3270, #63, #3163, #3031 ) ) ;
#4158 = CARTESIAN_POINT ( 'NONE',  ( -131.0696080030131441, 28.63646680170275971, -22.04966218791255983 ) ) ;
#4159 = CARTESIAN_POINT ( 'NONE',  ( -132.4196080030131668, 42.12507758871971220, -50.89999999999999858 ) ) ;
#4160 = CIRCLE ( 'NONE', #2707, 2.999999999999999112 ) ;
#4161 = ADVANCED_FACE ( 'NONE', ( #1695, #3340 ), #2681, .F. ) ;
#4162 = FACE_OUTER_BOUND ( 'NONE', #1214, .T. ) ;
#4163 = VECTOR ( 'NONE', #904, 999.9999999999998863 ) ;
#4164 = ORIENTED_EDGE ( 'NONE', *, *, #3435, .T. ) ;
#4165 = EDGE_CURVE ( 'NONE', #3054, #4031, #1023, .T. ) ;
#4166 = DIRECTION ( 'NONE',  ( 0.000000000000000000, 0.000000000000000000, -1.000000000000000000 ) ) ;
#4167 = DIRECTION ( 'NONE',  ( 0.000000000000000000, 0.000000000000000000, 1.000000000000000000 ) ) ;
#4168 = VECTOR ( 'NONE', #1575, 1000.000000000000114 ) ;
#4169 = VERTEX_POINT ( 'NONE', #1047 ) ;
#4170 = FILL_AREA_STYLE ('',( #2023 ) ) ;
#4171 = DIRECTION ( 'NONE',  ( 1.000000000000000000, -0.000000000000000000, 0.000000000000000000 ) ) ;
#4172 = ADVANCED_FACE ( 'NONE', ( #4720 ), #4293, .F. ) ;
#4173 = EDGE_LOOP ( 'NONE', ( #977, #3775, #278, #1628, #845 ) ) ;
#4174 = AXIS2_PLACEMENT_3D ( 'NONE', #2179, #2634, #114 ) ;
#4175 = DIRECTION ( 'NONE',  ( 0.000000000000000000, 0.000000000000000000, 1.000000000000000000 ) ) ;
#4176 = ORIENTED_EDGE ( 'NONE', *, *, #5123, .F. ) ;
#4177 = LINE ( 'NONE', #3776, #4830 ) ;
#4178 = ORIENTED_EDGE ( 'NONE', *, *, #4044, .T. ) ;
#4179 = CARTESIAN_POINT ( 'NONE',  ( -135.7903883659654696, 24.47628664754883232, -47.71965420784176359 ) ) ;
#4180 = CYLINDRICAL_SURFACE ( 'NONE', #250, 7.300000000000000711 ) ;
#4181 = CARTESIAN_POINT ( 'NONE',  ( -130.8196080030131441, 28.63646680170275971, -30.08877352584813636 ) ) ;
#4182 = DIRECTION ( 'NONE',  ( -0.000000000000000000, -0.9995595627334283861, -0.02967626236838652801 ) ) ;
#4183 = ORIENTED_EDGE ( 'NONE', *, *, #4880, .F. ) ;
#4184 = VECTOR ( 'NONE', #3412, 1000.000000000000000 ) ;
#4185 = DIRECTION ( 'NONE',  ( -1.000000000000000000, -0.000000000000000000, -0.000000000000000000 ) ) ;
#4186 = DIRECTION ( 'NONE',  ( -1.000000000000000000, -0.000000000000000000, -0.000000000000000000 ) ) ;
#4187 = CARTESIAN_POINT ( 'NONE',  ( -138.3196080030131441, 69.80056625442354346, -48.99999999999999289 ) ) ;
#4188 = CARTESIAN_POINT ( 'NONE',  ( -131.3196080030131441, 23.57074262461225445, -28.49359069678928336 ) ) ;
#4189 = ORIENTED_EDGE ( 'NONE', *, *, #5161, .T. ) ;
#4190 = ADVANCED_FACE ( 'NONE', ( #4317 ), #219, .T. ) ;
#4191 = FACE_OUTER_BOUND ( 'NONE', #3905, .T. ) ;
#4192 = CARTESIAN_POINT ( 'NONE',  ( -122.3196080030131583, 2.870205214164995411, -14.86971232810076948 ) ) ;
#4193 = VERTEX_POINT ( 'NONE', #2735 ) ;
#4194 = DIRECTION ( 'NONE',  ( 0.000000000000000000, 0.000000000000000000, 1.000000000000000000 ) ) ;
#4195 = ORIENTED_EDGE ( 'NONE', *, *, #1966, .T. ) ;
#4196 = VERTEX_POINT ( 'NONE', #245 ) ;
#4197 = CARTESIAN_POINT ( 'NONE',  ( -133.8391358566804286, 24.14862109051287220, -51.00000000000000711 ) ) ;
#4198 = ORIENTED_EDGE ( 'NONE', *, *, #4766, .T. ) ;
#4199 = CARTESIAN_POINT ( 'NONE',  ( -122.3196080030131583, 28.67883613729080139, -14.45440985207132201 ) ) ;
#4200 = CARTESIAN_POINT ( 'NONE',  ( -138.3196080030131441, 20.69762783437838394, -19.93547284888469306 ) ) ;
#4201 = ORIENTED_EDGE ( 'NONE', *, *, #3886, .F. ) ;
#4202 = EDGE_CURVE ( 'NONE', #1705, #1361, #647, .T. ) ;
#4203 = ADVANCED_FACE ( 'NONE', ( #167 ), #270, .F. ) ;
#4204 = FACE_OUTER_BOUND ( 'NONE', #3285, .T. ) ;
#4205 = FACE_OUTER_BOUND ( 'NONE', #1170, .T. ) ;
#4206 = FACE_OUTER_BOUND ( 'NONE', #2850, .T. ) ;
#4207 = EDGE_CURVE ( 'NONE', #3943, #861, #3524, .T. ) ;
#4208 = CARTESIAN_POINT ( 'NONE',  ( -136.3196080030131441, 0.8005662544235546685, -1.000000000000000888 ) ) ;
#4209 = ORIENTED_EDGE ( 'NONE', *, *, #3131, .F. ) ;
#4210 = ADVANCED_FACE ( 'NONE', ( #1828 ), #5177, .T. ) ;
#4211 = EDGE_CURVE ( 'NONE', #2826, #4886, #2279, .T. ) ;
#4212 = CARTESIAN_POINT ( 'NONE',  ( -134.3196080030131441, 9.327675019087740438, -41.44604796487007548 ) ) ;
#4213 = PLANE ( 'NONE',  #3317 ) ;
#4214 = CARTESIAN_POINT ( 'NONE',  ( -122.3196080030131583, 4.070205214165001806, -44.94907805431299153 ) ) ;
#4215 = DIRECTION ( 'NONE',  ( -1.000000000000000000, 0.000000000000000000, 0.000000000000000000 ) ) ;
#4216 = ORIENTED_EDGE ( 'NONE', *, *, #4695, .F. ) ;
#4217 = CYLINDRICAL_SURFACE ( 'NONE', #1761, 2.999999999999999112 ) ;
#4218 = LINE ( 'NONE', #119, #3713 ) ;
#4219 = EDGE_LOOP ( 'NONE', ( #3638, #2164, #2864, #1103 ) ) ;
#4220 = EDGE_CURVE ( 'NONE', #2233, #446, #1883, .T. ) ;
#4221 = FACE_OUTER_BOUND ( 'NONE', #5076, .T. ) ;
#4222 = ORIENTED_EDGE ( 'NONE', *, *, #5256, .T. ) ;
#4223 = VECTOR ( 'NONE', #3794, 1000.000000000000000 ) ;
#4224 = PLANE ( 'NONE',  #310 ) ;
#4225 = AXIS2_PLACEMENT_3D ( 'NONE', #3066, #4774, #4268 ) ;
#4226 = ORIENTED_EDGE ( 'NONE', *, *, #2216, .F. ) ;
#4227 = PLANE ( 'NONE',  #2343 ) ;
#4228 = ADVANCED_FACE ( 'NONE', ( #1097 ), #2228, .T. ) ;
#4229 = CARTESIAN_POINT ( 'NONE',  ( -138.3196080030131441, 20.69762783437838394, -27.23547284888469378 ) ) ;
#4230 = VERTEX_POINT ( 'NONE', #3149 ) ;
#4231 = AXIS2_PLACEMENT_3D ( 'NONE', #4199, #529, #1304 ) ;
#4232 = LINE ( 'NONE', #3807, #223 ) ;
#4233 = CARTESIAN_POINT ( 'NONE',  ( -144.3196080030131725, 57.34269152771611289, -48.19604796487005416 ) ) ;
#4234 = CARTESIAN_POINT ( 'NONE',  ( -120.3196080030131583, 20.69762783437838394, -12.63547284888469413 ) ) ;
#4235 = ADVANCED_FACE ( 'NONE', ( #2657 ), #3118, .F. ) ;
#4236 = FACE_OUTER_BOUND ( 'NONE', #2847, .T. ) ;
#4237 = ORIENTED_EDGE ( 'NONE', *, *, #3814, .T. ) ;
#4238 = EDGE_CURVE ( 'NONE', #4169, #2404, #1489, .T. ) ;
#4239 = CYLINDRICAL_SURFACE ( 'NONE', #4504, 3.149999999999999911 ) ;
#4240 = FACE_OUTER_BOUND ( 'NONE', #2897, .T. ) ;
#4241 = EDGE_CURVE ( 'NONE', #2654, #618, #3377, .T. ) ;
#4242 = CARTESIAN_POINT ( 'NONE',  ( -134.3196080030131441, 54.42717419176282334, -41.44604796487008258 ) ) ;
#4243 = CARTESIAN_POINT ( 'NONE',  ( -144.3196080030131725, 57.34269152771611289, -38.29604796487006979 ) ) ;
#4244 = VERTEX_POINT ( 'NONE', #2710 ) ;
#4245 = VECTOR ( 'NONE', #1029, 1000.000000000000000 ) ;
#4246 = DIRECTION ( 'NONE',  ( -0.000000000000000000, -0.9567439517003997196, 0.2909312820662348642 ) ) ;
#4247 = FACE_OUTER_BOUND ( 'NONE', #3335, .T. ) ;
#4248 = AXIS2_PLACEMENT_3D ( 'NONE', #3297, #70, #847 ) ;
#4249 = ORIENTED_EDGE ( 'NONE', *, *, #81, .F. ) ;
#4250 = DIRECTION ( 'NONE',  ( 0.000000000000000000, -0.9567439517003997196, -0.2909312820662346422 ) ) ;
#4251 = ORIENTED_EDGE ( 'NONE', *, *, #2146, .F. ) ;
#4252 = VECTOR ( 'NONE', #2120, 1000.000000000000000 ) ;
#4253 = ORIENTED_EDGE ( 'NONE', *, *, #1123, .T. ) ;
#4254 = VECTOR ( 'NONE', #4185, 1000.000000000000000 ) ;
#4255 = CARTESIAN_POINT ( 'NONE',  ( -122.3196080030131583, 34.80056625442355767, -13.43563121309681385 ) ) ;
#4256 = ORIENTED_EDGE ( 'NONE', *, *, #1731, .F. ) ;
#4257 = CARTESIAN_POINT ( 'NONE',  ( -120.3196080030131583, 0.000000000000000000, -15.88149908682619937 ) ) ;
#4258 = CARTESIAN_POINT ( 'NONE',  ( -131.0696080030131441, 56.76769476762042643, -20.05274209494164595 ) ) ;
#4259 = VECTOR ( 'NONE', #3198, 1000.000000000000000 ) ;
#4260 = ORIENTED_EDGE ( 'NONE', *, *, #3529, .F. ) ;
#4261 = EDGE_CURVE ( 'NONE', #600, #3507, #3947, .T. ) ;
#4262 = LINE ( 'NONE', #4287, #3736 ) ;
#4263 = CARTESIAN_POINT ( 'NONE',  ( -126.3196080030131441, 42.12507758871971220, -47.89999999999999858 ) ) ;
#4264 = DIRECTION ( 'NONE',  ( -1.000000000000000000, 0.000000000000000000, 0.000000000000000000 ) ) ;
#4265 = DIRECTION ( 'NONE',  ( -1.000000000000000000, -0.000000000000000000, -0.000000000000000000 ) ) ;
#4266 = ORIENTED_EDGE ( 'NONE', *, *, #4543, .T. ) ;
#4267 = CARTESIAN_POINT ( 'NONE',  ( -122.3196080030131583, 40.63185401174214206, -13.26250413604848255 ) ) ;
#4268 = DIRECTION ( 'NONE',  ( 0.000000000000000000, 0.000000000000000000, 1.000000000000000000 ) ) ;
#4269 = CYLINDRICAL_SURFACE ( 'NONE', #3956, 3.000000000000002665 ) ;
#4270 = LINE ( 'NONE', #598, #4857 ) ;
#4271 = AXIS2_PLACEMENT_3D ( 'NONE', #1043, #1390, #985 ) ;
#4272 = ORIENTED_EDGE ( 'NONE', *, *, #3298, .T. ) ;
#4273 = EDGE_CURVE ( 'NONE', #2332, #3544, #5067, .T. ) ;
#4274 = CARTESIAN_POINT ( 'NONE',  ( -144.3196080030131725, 12.25844098113098646, -38.29604796487006979 ) ) ;
#4275 = LINE ( 'NONE', #549, #4223 ) ;
#4276 = ORIENTED_EDGE ( 'NONE', *, *, #2697, .T. ) ;
#4277 = CARTESIAN_POINT ( 'NONE',  ( -120.3196080030131583, 65.53092729468210109, -15.75906465691169167 ) ) ;
#4278 = ORIENTED_EDGE ( 'NONE', *, *, #2192, .T. ) ;
#4279 = ORIENTED_EDGE ( 'NONE', *, *, #4790, .T. ) ;
#4280 = ADVANCED_FACE ( 'NONE', ( #4028 ), #1582, .F. ) ;
#4281 = ADVANCED_FACE ( 'NONE', ( #2355, #3651 ), #4898, .T. ) ;
#4282 = DIRECTION ( 'NONE',  ( 0.000000000000000000, 0.8760568102997512430, -0.4822079065376527751 ) ) ;
#4283 = ORIENTED_EDGE ( 'NONE', *, *, #1589, .T. ) ;
#4284 = PLANE ( 'NONE',  #1578 ) ;
#4285 = DIRECTION ( 'NONE',  ( 0.000000000000000000, 0.000000000000000000, -1.000000000000000000 ) ) ;
#4286 = ORIENTED_EDGE ( 'NONE', *, *, #3456, .T. ) ;
#4287 = CARTESIAN_POINT ( 'NONE',  ( -120.3196080030131583, 57.34269152771611289, -41.44604796487007548 ) ) ;
#4288 = FACE_OUTER_BOUND ( 'NONE', #431, .T. ) ;
#4289 = CARTESIAN_POINT ( 'NONE',  ( -126.3196080030131441, 30.14760523903947842, -11.79540235893742306 ) ) ;
#4290 = EDGE_CURVE ( 'NONE', #1399, #4042, #401, .T. ) ;
#4291 = VERTEX_POINT ( 'NONE', #1961 ) ;
#4292 = CARTESIAN_POINT ( 'NONE',  ( -139.8196080030131441, 66.30056625442354346, -45.34703941151190776 ) ) ;
#4293 = PLANE ( 'NONE',  #1141 ) ;
#4294 = CARTESIAN_POINT ( 'NONE',  ( -144.3196080030131725, 12.25844098113098646, -38.29604796487006979 ) ) ;
#4295 = AXIS2_PLACEMENT_3D ( 'NONE', #430, #2122, #29 ) ;
#4296 = DIRECTION ( 'NONE',  ( 0.000000000000000000, -0.9011589228679853791, 0.4334888646037085569 ) ) ;
#4297 = AXIS2_PLACEMENT_3D ( 'NONE', #3851, #3074, #1837 ) ;
#4298 = ORIENTED_EDGE ( 'NONE', *, *, #3266, .F. ) ;
#4299 = CARTESIAN_POINT ( 'NONE',  ( -142.8196080030131441, 12.25844098113098823, -26.89604796487007121 ) ) ;
#4300 = ORIENTED_EDGE ( 'NONE', *, *, #599, .T. ) ;
#4301 = FACE_BOUND ( 'NONE', #3903, .T. ) ;
#4302 = VERTEX_POINT ( 'NONE', #3176 ) ;
#4303 = ORIENTED_EDGE ( 'NONE', *, *, #1455, .F. ) ;
#4304 = EDGE_CURVE ( 'NONE', #2415, #1030, #3603, .T. ) ;
#4305 = VECTOR ( 'NONE', #3838, 1000.000000000000000 ) ;
#4306 = CARTESIAN_POINT ( 'NONE',  ( -132.3196080030131725, 26.25199673688658564, -51.00000000000000000 ) ) ;
#4307 = CARTESIAN_POINT ( 'NONE',  ( -138.3196080030131441, 23.27964904153331815, -44.99999999999996447 ) ) ;
#4308 = EDGE_CURVE ( 'NONE', #976, #2768, #2844, .T. ) ;
#4309 = EDGE_CURVE ( 'NONE', #4406, #4512, #2126, .T. ) ;
#4310 = CARTESIAN_POINT ( 'NONE',  ( -131.0696080030131441, 58.50020612030998279, -24.56687932326735790 ) ) ;
#4311 = EDGE_LOOP ( 'NONE', ( #4320, #4573, #835, #750 ) ) ;
#4312 = CARTESIAN_POINT ( 'NONE',  ( -138.3196080030131441, 12.25844098113098823, -28.89604796487007476 ) ) ;
#4313 = LINE ( 'NONE', #1472, #334 ) ;
#4314 = CARTESIAN_POINT ( 'NONE',  ( -134.3196080030131441, 0.000000000000000000, 0.000000000000000000 ) ) ;
#4315 = ORIENTED_EDGE ( 'NONE', *, *, #4622, .T. ) ;
#4316 = CARTESIAN_POINT ( 'NONE',  ( -134.8196080030131441, 12.25844098113098646, -38.29604796487006979 ) ) ;
#4317 = FACE_OUTER_BOUND ( 'NONE', #2926, .T. ) ;
#4318 = DIRECTION ( 'NONE',  ( 1.000000000000000000, -0.000000000000000000, 0.000000000000000000 ) ) ;
#4319 = PLANE ( 'NONE',  #2781 ) ;
#4320 = ORIENTED_EDGE ( 'NONE', *, *, #4864, .F. ) ;
#4321 = AXIS2_PLACEMENT_3D ( 'NONE', #4105, #2038, #2058 ) ;
#4322 = DIRECTION ( 'NONE',  ( -0.000000000000000000, -0.9011589228679856012, -0.4334888646037082238 ) ) ;
#4323 = EDGE_CURVE ( 'NONE', #1375, #3367, #1057, .T. ) ;
#4324 = ORIENTED_EDGE ( 'NONE', *, *, #2553, .T. ) ;
#4325 = CARTESIAN_POINT ( 'NONE',  ( -144.3196080030131725, 12.25844098113098646, -47.69604796487006837 ) ) ;
#4326 = EDGE_LOOP ( 'NONE', ( #4995, #1620, #202, #2287 ) ) ;
#4327 = ORIENTED_EDGE ( 'NONE', *, *, #4211, .F. ) ;
#4328 = EDGE_CURVE ( 'NONE', #4036, #4488, #4392, .T. ) ;
#4329 = VECTOR ( 'NONE', #1326, 1000.000000000000000 ) ;
#4330 = CARTESIAN_POINT ( 'NONE',  ( -139.8196080030131441, 3.300566254423556778, -45.34703941151190776 ) ) ;
#4331 = ORIENTED_EDGE ( 'NONE', *, *, #1847, .T. ) ;
#4332 = CARTESIAN_POINT ( 'NONE',  ( -138.3196080030131441, 23.27964904153331815, -44.99999999999996447 ) ) ;
#4333 = AXIS2_PLACEMENT_3D ( 'NONE', #64, #4964, #4993 ) ;
#4334 = DIRECTION ( 'NONE',  ( 0.000000000000000000, 0.000000000000000000, 1.000000000000000000 ) ) ;
#4335 = EDGE_LOOP ( 'NONE', ( #3079, #5173, #693, #3299 ) ) ;
#4336 = CARTESIAN_POINT ( 'NONE',  ( -131.3196080030131441, 14.80297241802944264, -25.73264359549888525 ) ) ;
#4337 = DIRECTION ( 'NONE',  ( -1.000000000000000000, -0.000000000000000000, -0.000000000000000000 ) ) ;
#4338 = PLANE ( 'NONE',  #3626 ) ;
#4339 = VECTOR ( 'NONE', #1113, 1000.000000000000000 ) ;
#4340 = ORIENTED_EDGE ( 'NONE', *, *, #2890, .F. ) ;
#4341 = CARTESIAN_POINT ( 'NONE',  ( -120.3196080030131583, 57.34269152771611289, -38.29604796487006979 ) ) ;
#4342 = CARTESIAN_POINT ( 'NONE',  ( -130.8196080030131441, 14.75454952074163906, -46.85511708610702186 ) ) ;
#4343 =( GEOMETRIC_REPRESENTATION_CONTEXT ( 3 ) GLOBAL_UNCERTAINTY_ASSIGNED_CONTEXT ( ( #4634 ) ) GLOBAL_UNIT_ASSIGNED_CONTEXT ( ( #467, #4889, #4941 ) ) REPRESENTATION_CONTEXT ( 'NONE', 'WORKASPACE' ) );
#4344 = CARTESIAN_POINT ( 'NONE',  ( -131.3196080030131441, 40.96466570714435562, -15.88149908682619937 ) ) ;
#4345 = CYLINDRICAL_SURFACE ( 'NONE', #2267, 7.300000000000000711 ) ;
#4346 = ORIENTED_EDGE ( 'NONE', *, *, #1607, .T. ) ;
#4347 = VECTOR ( 'NONE', #3323, 1000.000000000000000 ) ;
#4348 = DIRECTION ( 'NONE',  ( 0.000000000000000000, 0.000000000000000000, 1.000000000000000000 ) ) ;
#4349 = ORIENTED_EDGE ( 'NONE', *, *, #276, .F. ) ;
#4350 = DIRECTION ( 'NONE',  ( 0.000000000000000000, 0.000000000000000000, 1.000000000000000000 ) ) ;
#4351 = VERTEX_POINT ( 'NONE', #5304 ) ;
#4352 = ORIENTED_EDGE ( 'NONE', *, *, #129, .T. ) ;
#4353 = EDGE_CURVE ( 'NONE', #4912, #856, #2870, .T. ) ;
#4354 = DIRECTION ( 'NONE',  ( 0.000000000000000000, 0.000000000000000000, 1.000000000000000000 ) ) ;
#4355 = ORIENTED_EDGE ( 'NONE', *, *, #4328, .F. ) ;
#4356 = CARTESIAN_POINT ( 'NONE',  ( -134.8196080030131441, 29.28326388359304033, -16.53547598596063040 ) ) ;
#4357 = CARTESIAN_POINT ( 'NONE',  ( -131.0696080030131441, 56.76769476762042643, -20.05274209494164595 ) ) ;
#4358 = ORIENTED_EDGE ( 'NONE', *, *, #1262, .T. ) ;
#4359 = LINE ( 'NONE', #1112, #1673 ) ;
#4360 = PLANE ( 'NONE',  #4082 ) ;
#4361 = CARTESIAN_POINT ( 'NONE',  ( -139.8196080030131441, 3.300566254423556778, -31.24505651822823893 ) ) ;
#4362 = EDGE_LOOP ( 'NONE', ( #2215, #4256, #2433, #1789, #3406, #1683 ) ) ;
#4363 = EDGE_CURVE ( 'NONE', #5000, #3770, #1932, .T. ) ;
#4364 = LINE ( 'NONE', #4471, #3749 ) ;
#4365 = DIRECTION ( 'NONE',  ( -1.000000000000000000, 0.000000000000000000, 0.000000000000000000 ) ) ;
#4366 = CARTESIAN_POINT ( 'NONE',  ( -144.3196080030131725, 57.34269152771611289, -28.39604796487009253 ) ) ;
#4367 = CARTESIAN_POINT ( 'NONE',  ( -126.3196080030131441, 39.45352726980763691, -13.29540235893742306 ) ) ;
#4368 = ADVANCED_FACE ( 'NONE', ( #3255 ), #3970, .F. ) ;
#4369 = EDGE_CURVE ( 'NONE', #5269, #4966, #1181, .T. ) ;
#4370 = DIRECTION ( 'NONE',  ( 0.000000000000000000, -0.9011589228679853791, 0.4334888646037086124 ) ) ;
#4371 = EDGE_LOOP ( 'NONE', ( #3996, #4331, #47, #1536, #4706, #5236, #54, #3958, #4375, #3682 ) ) ;
#4372 = CARTESIAN_POINT ( 'NONE',  ( -138.3196080030131441, 57.34269152771611289, -25.39604796487006411 ) ) ;
#4373 = EDGE_LOOP ( 'NONE', ( #5108, #3234 ) ) ;
#4374 = DIRECTION ( 'NONE',  ( -0.000000000000000000, -0.4916981210386088819, -0.8707657307032136140 ) ) ;
#4375 = ORIENTED_EDGE ( 'NONE', *, *, #1785, .T. ) ;
#4376 = ORIENTED_EDGE ( 'NONE', *, *, #5206, .F. ) ;
#4377 = AXIS2_PLACEMENT_3D ( 'NONE', #3551, #1025, #1098 ) ;
#4378 = FACE_OUTER_BOUND ( 'NONE', #1514, .T. ) ;
#4379 = ORIENTED_EDGE ( 'NONE', *, *, #5040, .F. ) ;
#4380 = LINE ( 'NONE', #4841, #1923 ) ;
#4381 = DIRECTION ( 'NONE',  ( 0.000000000000000000, -0.3583132270247110229, -0.9336014306646802652 ) ) ;
#4382 = VECTOR ( 'NONE', #1657, 1000.000000000000114 ) ;
#4383 = ORIENTED_EDGE ( 'NONE', *, *, #2930, .T. ) ;
#4384 = CARTESIAN_POINT ( 'NONE',  ( -139.3205483905317976, 66.79962586690490411, -31.07220620324156712 ) ) ;
#4385 = CARTESIAN_POINT ( 'NONE',  ( -139.8196080030131441, 12.25844098113098646, -38.29604796487006979 ) ) ;
#4386 = CARTESIAN_POINT ( 'NONE',  ( -122.3196080030131583, 65.53092729468210109, -15.75906465691169167 ) ) ;
#4387 = ORIENTED_EDGE ( 'NONE', *, *, #4398, .F. ) ;
#4388 = AXIS2_PLACEMENT_3D ( 'NONE', #3823, #578, #4561 ) ;
#4389 = EDGE_CURVE ( 'NONE', #553, #2421, #3229, .T. ) ;
#4390 = DIRECTION ( 'NONE',  ( -0.5773502691896257311, -0.5773502691896257311, -0.5773502691896257311 ) ) ;
#4391 = DIRECTION ( 'NONE',  ( 0.000000000000000000, 0.000000000000000000, 1.000000000000000000 ) ) ;
#4392 = LINE ( 'NONE', #2035, #2066 ) ;
#4393 = VECTOR ( 'NONE', #3894, 1000.000000000000000 ) ;
#4394 = CARTESIAN_POINT ( 'NONE',  ( -126.3196080030131441, 27.47605492012738893, -47.89999999999999858 ) ) ;
#4395 = CARTESIAN_POINT ( 'NONE',  ( -132.7826965941072501, 43.55570619935977561, -50.53691140890592237 ) ) ;
#4396 = ORIENTED_EDGE ( 'NONE', *, *, #5206, .T. ) ;
#4397 = VECTOR ( 'NONE', #2913, 1000.000000000000000 ) ;
#4398 = EDGE_CURVE ( 'NONE', #4031, #2335, #1986, .T. ) ;
#4399 = CARTESIAN_POINT ( 'NONE',  ( -131.3196080030131441, 20.69762783437838394, -27.23547284888469378 ) ) ;
#4400 = ORIENTED_EDGE ( 'NONE', *, *, #574, .T. ) ;
#4401 = CARTESIAN_POINT ( 'NONE',  ( -131.3196080030131441, 62.94430011170420869, -36.14616860272179366 ) ) ;
#4402 = VERTEX_POINT ( 'NONE', #5253 ) ;
#4403 = VECTOR ( 'NONE', #5062, 1000.000000000000114 ) ;
#4404 = EDGE_LOOP ( 'NONE', ( #3874, #4, #4621, #1784, #2858, #826, #1303, #4237, #3618 ) ) ;
#4405 = CARTESIAN_POINT ( 'NONE',  ( -134.8196080030131441, 54.36794712328102719, -35.14604796487006411 ) ) ;
#4406 = VERTEX_POINT ( 'NONE', #1121 ) ;
#4407 = LINE ( 'NONE', #2374, #1232 ) ;
#4408 = DIRECTION ( 'NONE',  ( 0.000000000000000000, -1.000000000000000000, -3.078189753531484519E-16 ) ) ;
#4409 = CIRCLE ( 'NONE', #221, 11.40000000000000036 ) ;
#4410 = ORIENTED_EDGE ( 'NONE', *, *, #1387, .F. ) ;
#4411 = VECTOR ( 'NONE', #4246, 1000.000000000000227 ) ;
#4412 = FACE_OUTER_BOUND ( 'NONE', #386, .T. ) ;
#4413 = LINE ( 'NONE', #5224, #3496 ) ;
#4414 = FACE_OUTER_BOUND ( 'NONE', #2379, .T. ) ;
#4415 = CIRCLE ( 'NONE', #1423, 6.000000000000005329 ) ;
#4416 = VECTOR ( 'NONE', #425, 1000.000000000000000 ) ;
#4417 = ORIENTED_EDGE ( 'NONE', *, *, #4308, .F. ) ;
#4418 = VECTOR ( 'NONE', #3420, 999.9999999999998863 ) ;
#4419 = EDGE_CURVE ( 'NONE', #874, #415, #4094, .T. ) ;
#4420 = CARTESIAN_POINT ( 'NONE',  ( -126.3196080030131441, 65.83968306384814184, -12.94779258935107080 ) ) ;
#4421 = VECTOR ( 'NONE', #3547, 1000.000000000000000 ) ;
#4422 = CARTESIAN_POINT ( 'NONE',  ( -131.3196080030131441, 56.15117675762549965, -44.29604796487007690 ) ) ;
#4423 = CARTESIAN_POINT ( 'NONE',  ( -126.3196080030131441, 39.45352726980763691, -11.79540235893742306 ) ) ;
#4424 = FACE_OUTER_BOUND ( 'NONE', #2137, .T. ) ;
#4425 = CARTESIAN_POINT ( 'NONE',  ( -138.3196080030131441, 1.800566254423555446, -30.74337584167463433 ) ) ;
#4426 = AXIS2_PLACEMENT_3D ( 'NONE', #931, #3700, #4547 ) ;
#4427 = ORIENTED_EDGE ( 'NONE', *, *, #3391, .F. ) ;
#4428 = AXIS2_PLACEMENT_3D ( 'NONE', #4243, #2254, #1397 ) ;
#4429 = EDGE_CURVE ( 'NONE', #1175, #1840, #1150, .T. ) ;
#4430 = FACE_OUTER_BOUND ( 'NONE', #582, .T. ) ;
#4431 = EDGE_LOOP ( 'NONE', ( #880, #1486, #3746, #3312 ) ) ;
#4432 = DIRECTION ( 'NONE',  ( -1.000000000000000000, 0.000000000000000000, 0.000000000000000000 ) ) ;
#4433 = VERTEX_POINT ( 'NONE', #5007 ) ;
#4434 = EDGE_LOOP ( 'NONE', ( #4808, #661 ) ) ;
#4435 = EDGE_CURVE ( 'NONE', #2156, #2075, #483, .T. ) ;
#4436 = DIRECTION ( 'NONE',  ( -1.000000000000000000, -0.000000000000000000, -0.000000000000000000 ) ) ;
#4437 = EDGE_LOOP ( 'NONE', ( #2726, #4711, #885, #1836, #2341, #5202 ) ) ;
#4438 = DIRECTION ( 'NONE',  ( -1.000000000000000000, 0.000000000000000000, 0.000000000000000000 ) ) ;
#4439 = CARTESIAN_POINT ( 'NONE',  ( -138.5156559678832195, 12.25844098113098646, -51.00000000000000000 ) ) ;
#4440 = EDGE_CURVE ( 'NONE', #2202, #1457, #903, .T. ) ;
#4441 = EDGE_CURVE ( 'NONE', #4034, #2991, #4479, .T. ) ;
#4442 = EDGE_LOOP ( 'NONE', ( #2014, #1450, #3852, #4940, #1969, #4195, #5071, #4586, #3399, #3316, #3016, #1224, #5167, #1194, #1881, #5024, #1664, #5074, #3527, #983, #2642, #1975 ) ) ;
#4443 = VECTOR ( 'NONE', #803, 1000.000000000000000 ) ;
#4444 = CARTESIAN_POINT ( 'NONE',  ( -126.3196080030131441, 3.761449444998968161, -12.94779258935107080 ) ) ;
#4445 = CARTESIAN_POINT ( 'NONE',  ( -120.3196080030131583, 9.916414130162165108, -42.44362680430653967 ) ) ;
#4446 = EDGE_LOOP ( 'NONE', ( #1265, #2212, #2852, #1337 ) ) ;
#4447 = DIRECTION ( 'NONE',  ( 0.000000000000000000, -0.9538267149103734077, -0.3003574502543350233 ) ) ;
#4448 = DIRECTION ( 'NONE',  ( 0.000000000000000000, -0.9538267149103734077, 0.3003574502543350233 ) ) ;
#4449 = CARTESIAN_POINT ( 'NONE',  ( -134.8196080030131441, 22.09944660529153282, -12.47896648739213887 ) ) ;
#4450 = ADVANCED_FACE ( 'NONE', ( #1713 ), #4631, .F. ) ;
#4451 = FACE_BOUND ( 'NONE', #1653, .T. ) ;
#4452 = CARTESIAN_POINT ( 'NONE',  ( -122.3196080030131583, 48.69320226928962825, -9.384714531282769556 ) ) ;
#4453 = ORIENTED_EDGE ( 'NONE', *, *, #3754, .T. ) ;
#4454 = LINE ( 'NONE', #5286, #4502 ) ;
#4455 = ORIENTED_EDGE ( 'NONE', *, *, #4207, .F. ) ;
#4456 = DIRECTION ( 'NONE',  ( 1.000000000000000000, 0.000000000000000000, 0.000000000000000000 ) ) ;
#4457 = EDGE_LOOP ( 'NONE', ( #5100, #1463, #1366, #3693, #3076, #120, #382, #3666, #926 ) ) ;
#4458 = EDGE_CURVE ( 'NONE', #5054, #3187, #2462, .T. ) ;
#4459 = FACE_OUTER_BOUND ( 'NONE', #2557, .T. ) ;
#4460 = EDGE_LOOP ( 'NONE', ( #3205, #1507, #2241, #1005 ) ) ;
#4461 = LINE ( 'NONE', #5192, #236 ) ;
#4462 = DIRECTION ( 'NONE',  ( 1.000000000000000000, -0.000000000000000000, 0.000000000000000000 ) ) ;
#4463 = VECTOR ( 'NONE', #3128, 1000.000000000000000 ) ;
#4464 = ORIENTED_EDGE ( 'NONE', *, *, #688, .T. ) ;
#4465 = DIRECTION ( 'NONE',  ( -1.000000000000000000, 0.000000000000000000, 0.000000000000000000 ) ) ;
#4466 = EDGE_CURVE ( 'NONE', #1064, #2830, #3783, .T. ) ;
#4467 = ADVANCED_FACE ( 'NONE', ( #3731 ), #4980, .F. ) ;
#4468 = DIRECTION ( 'NONE',  ( -1.000000000000000000, 0.000000000000000000, -0.000000000000000000 ) ) ;
#4469 = LINE ( 'NONE', #2783, #3368 ) ;
#4470 = ORIENTED_EDGE ( 'NONE', *, *, #244, .T. ) ;
#4471 = CARTESIAN_POINT ( 'NONE',  ( -131.0696080030131441, 11.10092638853714142, -24.56687932326734725 ) ) ;
#4472 = FACE_OUTER_BOUND ( 'NONE', #288, .T. ) ;
#4473 = DIRECTION ( 'NONE',  ( -1.000000000000000000, 0.000000000000000000, 0.000000000000000000 ) ) ;
#4474 = CIRCLE ( 'NONE', #284, 7.300000000000000711 ) ;
#4475 = PLANE ( 'NONE',  #1246 ) ;
#4476 = DIRECTION ( 'NONE',  ( 0.000000000000000000, -0.4822079065376339568, -0.8760568102997616791 ) ) ;
#4477 = ORIENTED_EDGE ( 'NONE', *, *, #407, .F. ) ;
#4478 = AXIS2_PLACEMENT_3D ( 'NONE', #3613, #5241, #4354 ) ;
#4479 = CIRCLE ( 'NONE', #4565, 1.500000000000001332 ) ;
#4480 = CARTESIAN_POINT ( 'NONE',  ( -126.3196080030131441, 27.47605492012738893, -49.39999999999999858 ) ) ;
#4481 = VERTEX_POINT ( 'NONE', #1310 ) ;
#4482 = DIRECTION ( 'NONE',  ( 1.000000000000000000, -0.000000000000000000, -0.000000000000000000 ) ) ;
#4483 = EDGE_LOOP ( 'NONE', ( #1240, #86, #584, #4176 ) ) ;
#4484 = VECTOR ( 'NONE', #1518, 1000.000000000000114 ) ;
#4485 = EDGE_CURVE ( 'NONE', #4402, #369, #4103, .T. ) ;
#4486 = EDGE_CURVE ( 'NONE', #1446, #3263, #5037, .T. ) ;
#4487 = DIRECTION ( 'NONE',  ( 0.000000000000000000, -0.9336014306646801542, -0.3583132270247115225 ) ) ;
#4488 = VERTEX_POINT ( 'NONE', #2570 ) ;
#4489 = DIRECTION ( 'NONE',  ( 0.000000000000000000, -0.5175834996091419615, 0.8556327021171837854 ) ) ;
#4490 = EDGE_LOOP ( 'NONE', ( #3961, #4509, #2160, #4777 ) ) ;
#4491 = DIRECTION ( 'NONE',  ( 1.000000000000000000, -0.000000000000000000, -0.000000000000000000 ) ) ;
#4492 = ORIENTED_EDGE ( 'NONE', *, *, #958, .T. ) ;
#4493 = DIRECTION ( 'NONE',  ( 0.000000000000000000, 0.000000000000000000, -1.000000000000000000 ) ) ;
#4494 = ORIENTED_EDGE ( 'NONE', *, *, #3528, .F. ) ;
#4495 = VECTOR ( 'NONE', #1940, 1000.000000000000114 ) ;
#4496 = EDGE_CURVE ( 'NONE', #4989, #2826, #26, .T. ) ;
#4497 = DIRECTION ( 'NONE',  ( 1.000000000000000000, -0.000000000000000000, -0.000000000000000000 ) ) ;
#4498 = VECTOR ( 'NONE', #4516, 1000.000000000000000 ) ;
#4499 = DIRECTION ( 'NONE',  ( 0.000000000000000000, 0.8835444418056636051, -0.4683473276899507987 ) ) ;
#4500 = DIRECTION ( 'NONE',  ( 0.000000000000000000, 0.5082561830145965187, -0.8612059291641186443 ) ) ;
#4501 = CARTESIAN_POINT ( 'NONE',  ( -138.3196080030131441, 1.800566254423555446, -45.84872008806550525 ) ) ;
#4502 = VECTOR ( 'NONE', #781, 1000.000000000000000 ) ;
#4503 = CARTESIAN_POINT ( 'NONE',  ( -120.3196080030131583, 3.761449444998968161, -11.44779258935106903 ) ) ;
#4504 = AXIS2_PLACEMENT_3D ( 'NONE', #4341, #673, #2301 ) ;
#4505 = CARTESIAN_POINT ( 'NONE',  ( -144.3196080030131725, 57.34269152771611289, -28.39604796487009253 ) ) ;
#4506 = CARTESIAN_POINT ( 'NONE',  ( -134.3196080030131441, 22.09944660529153637, -12.47896648739218683 ) ) ;
#4507 = DIRECTION ( 'NONE',  ( 0.000000000000000000, -0.009559801539093318312, 0.9999543040532068439 ) ) ;
#4508 = SURFACE_STYLE_FILL_AREA ( #3711 ) ;
#4509 = ORIENTED_EDGE ( 'NONE', *, *, #2423, .F. ) ;
#4510 = CARTESIAN_POINT ( 'NONE',  ( -120.3196080030131583, 4.070205214165001806, -15.75906465691169167 ) ) ;
#4511 = CARTESIAN_POINT ( 'NONE',  ( -138.3196080030131441, 27.47605492012738893, -47.89999999999999858 ) ) ;
#4512 = VERTEX_POINT ( 'NONE', #513 ) ;
#4513 = LINE ( 'NONE', #815, #1613 ) ;
#4514 = ORIENTED_EDGE ( 'NONE', *, *, #1287, .F. ) ;
#4515 = EDGE_LOOP ( 'NONE', ( #1068, #1626, #2435, #1650, #3454, #4069, #1344, #3245, #3675, #3695 ) ) ;
#4516 = DIRECTION ( 'NONE',  ( -1.000000000000000000, -0.000000000000000000, -0.000000000000000000 ) ) ;
#4517 = VERTEX_POINT ( 'NONE', #2142 ) ;
#4518 = DIRECTION ( 'NONE',  ( 0.000000000000000000, 0.000000000000000000, 1.000000000000000000 ) ) ;
#4519 = VECTOR ( 'NONE', #1736, 1000.000000000000000 ) ;
#4520 = ORIENTED_EDGE ( 'NONE', *, *, #2531, .F. ) ;
#4521 = CARTESIAN_POINT ( 'NONE',  ( -131.0696080030131441, 28.63646680170275971, -22.04966218791255983 ) ) ;
#4522 = DIRECTION ( 'NONE',  ( -1.000000000000000000, -0.000000000000000000, -0.000000000000000000 ) ) ;
#4523 = CARTESIAN_POINT ( 'NONE',  ( -131.3196080030131441, 12.25844098113098823, -44.29604796487009111 ) ) ;
#4524 = CARTESIAN_POINT ( 'NONE',  ( -131.0696080030131441, 28.63646680170275260, -38.56836720165655663 ) ) ;
#4525 = ORIENTED_EDGE ( 'NONE', *, *, #2637, .T. ) ;
#4526 = ADVANCED_FACE ( 'NONE', ( #4206 ), #103, .F. ) ;
#4527 = EDGE_CURVE ( 'NONE', #2929, #5216, #4902, .T. ) ;
#4528 = DIRECTION ( 'NONE',  ( 1.000000000000000000, 0.000000000000000000, 0.000000000000000000 ) ) ;
#4529 = DIRECTION ( 'NONE',  ( 0.000000000000000000, 0.8835444418056636051, -0.4683473276899507987 ) ) ;
#4530 = EDGE_CURVE ( 'NONE', #5092, #2235, #1364, .T. ) ;
#4531 = EDGE_CURVE ( 'NONE', #1866, #771, #4925, .T. ) ;
#4532 = ORIENTED_EDGE ( 'NONE', *, *, #2679, .F. ) ;
#4533 = LINE ( 'NONE', #3286, #2375 ) ;
#4534 = ORIENTED_EDGE ( 'NONE', *, *, #800, .F. ) ;
#4535 = CARTESIAN_POINT ( 'NONE',  ( -131.0696080030131441, 63.12734273248970851, -39.88909863547396384 ) ) ;
#4536 = CARTESIAN_POINT ( 'NONE',  ( 0.000000000000000000, 0.000000000000000000, -51.00000000000000000 ) ) ;
#4537 = ORIENTED_EDGE ( 'NONE', *, *, #3061, .T. ) ;
#4538 = FACE_OUTER_BOUND ( 'NONE', #1393, .T. ) ;
#4539 = ORIENTED_EDGE ( 'NONE', *, *, #178, .T. ) ;
#4540 = CARTESIAN_POINT ( 'NONE',  ( -138.3196080030131441, 1.800566254423555446, -51.00000000000000000 ) ) ;
#4541 = ORIENTED_EDGE ( 'NONE', *, *, #2636, .F. ) ;
#4542 = DIRECTION ( 'NONE',  ( 0.000000000000000000, 0.000000000000000000, 1.000000000000000000 ) ) ;
#4543 = EDGE_CURVE ( 'NONE', #2511, #3952, #2000, .T. ) ;
#4544 = AXIS2_PLACEMENT_3D ( 'NONE', #1031, #3796, #121 ) ;
#4545 = ORIENTED_EDGE ( 'NONE', *, *, #2804, .F. ) ;
#4546 = EDGE_CURVE ( 'NONE', #1045, #3661, #3333, .T. ) ;
#4547 = DIRECTION ( 'NONE',  ( 0.7071067811865475727, 0.000000000000000000, 0.7071067811865475727 ) ) ;
#4548 = CARTESIAN_POINT ( 'NONE',  ( -120.3196080030131583, 27.47605492012738893, -47.89999999999999858 ) ) ;
#4549 = LINE ( 'NONE', #878, #3971 ) ;
#4550 = LINE ( 'NONE', #879, #2105 ) ;
#4551 = ORIENTED_EDGE ( 'NONE', *, *, #42, .T. ) ;
#4552 = CIRCLE ( 'NONE', #3197, 3.000000000000000888 ) ;
#4553 = EDGE_CURVE ( 'NONE', #2722, #713, #4549, .T. ) ;
#4554 = DIRECTION ( 'NONE',  ( -1.000000000000000000, 0.000000000000000000, 0.000000000000000000 ) ) ;
#4555 = CARTESIAN_POINT ( 'NONE',  ( -134.3196080030131441, 9.327675019087738661, -41.44604796487007548 ) ) ;
#4556 = EDGE_LOOP ( 'NONE', ( #305, #5159, #5191, #2408, #1702, #1771, #935, #2368 ) ) ;
#4557 =( NAMED_UNIT ( * ) SI_UNIT ( $, .STERADIAN. ) SOLID_ANGLE_UNIT ( ) );
#4558 = VERTEX_POINT ( 'NONE', #4154 ) ;
#4559 = VECTOR ( 'NONE', #767, 1000.000000000000000 ) ;
#4560 = DIRECTION ( 'NONE',  ( 0.000000000000000000, 0.000000000000000000, -1.000000000000000000 ) ) ;
#4561 = DIRECTION ( 'NONE',  ( 0.000000000000000000, 0.000000000000000000, 1.000000000000000000 ) ) ;
#4562 = VERTEX_POINT ( 'NONE', #3520 ) ;
#4563 = CARTESIAN_POINT ( 'NONE',  ( -144.3196080030131725, 12.25844098113098646, -47.69604796487006837 ) ) ;
#4564 = CARTESIAN_POINT ( 'NONE',  ( -120.3196080030131583, 65.53092729468210109, -44.94907805431299153 ) ) ;
#4565 = AXIS2_PLACEMENT_3D ( 'NONE', #3357, #3413, #133 ) ;
#4566 = ORIENTED_EDGE ( 'NONE', *, *, #317, .F. ) ;
#4567 = VERTEX_POINT ( 'NONE', #1473 ) ;
#4568 = VECTOR ( 'NONE', #5219, 1000.000000000000000 ) ;
#4569 = PLANE ( 'NONE',  #4075 ) ;
#4570 =( BOUNDED_CURVE ( )  B_SPLINE_CURVE ( 3, ( #2055, #4979, #3332, #2894 ),
 .UNSPECIFIED., .F., .T. ) 
 B_SPLINE_CURVE_WITH_KNOTS ( ( 4, 4 ),
 ( 0.2589215420061775630, 3.141592653589793116 ),
 .UNSPECIFIED. ) 
 CURVE ( )  GEOMETRIC_REPRESENTATION_ITEM ( )  RATIONAL_B_SPLINE_CURVE ( ( 1.000000000000000000, 0.4193996299157060070, 0.4193996299157060070, 1.000000000000000000 ) ) 
 REPRESENTATION_ITEM ( '' )  );
#4571 = VERTEX_POINT ( 'NONE', #2249 ) ;
#4572 = CARTESIAN_POINT ( 'NONE',  ( -139.8196080030131441, 57.34269152771611289, -38.29604796487006979 ) ) ;
#4573 = ORIENTED_EDGE ( 'NONE', *, *, #4796, .F. ) ;
#4574 = CIRCLE ( 'NONE', #1324, 3.000000000000002665 ) ;
#4575 = EDGE_CURVE ( 'NONE', #1045, #4351, #3495, .T. ) ;
#4576 = CYLINDRICAL_SURFACE ( 'NONE', #2713, 1.500000000000001332 ) ;
#4577 = CARTESIAN_POINT ( 'NONE',  ( -120.3196080030131583, 24.11656332651502765, -13.48559842370334749 ) ) ;
#4578 = DIRECTION ( 'NONE',  ( 0.000000000000000000, 0.000000000000000000, 1.000000000000000000 ) ) ;
#4579 = DIRECTION ( 'NONE',  ( 0.000000000000000000, 1.000000000000000000, 0.000000000000000000 ) ) ;
#4580 = ORIENTED_EDGE ( 'NONE', *, *, #3364, .T. ) ;
#4581 = EDGE_CURVE ( 'NONE', #893, #810, #2199, .T. ) ;
#4582 = FACE_BOUND ( 'NONE', #2635, .T. ) ;
#4583 = VECTOR ( 'NONE', #3518, 1000.000000000000000 ) ;
#4584 = CARTESIAN_POINT ( 'NONE',  ( -138.7100973212598660, 67.41007693617687835, -43.73388330029974469 ) ) ;
#4585 = CARTESIAN_POINT ( 'NONE',  ( -139.2128702026372196, 2.693828454047620280, -32.01588162117375447 ) ) ;
#4586 = ORIENTED_EDGE ( 'NONE', *, *, #2069, .F. ) ;
#4587 = FACE_OUTER_BOUND ( 'NONE', #217, .T. ) ;
#4588 = DIRECTION ( 'NONE',  ( 0.000000000000000000, 0.000000000000000000, -1.000000000000000000 ) ) ;
#4589 = AXIS2_PLACEMENT_3D ( 'NONE', #1022, #3117, #2278 ) ;
#4590 = ORIENTED_EDGE ( 'NONE', *, *, #4044, .F. ) ;
#4591 = DIRECTION ( 'NONE',  ( 0.000000000000000000, 0.000000000000000000, 1.000000000000000000 ) ) ;
#4592 = ORIENTED_EDGE ( 'NONE', *, *, #420, .F. ) ;
#4593 = ADVANCED_FACE ( 'NONE', ( #3466 ), #986, .T. ) ;
#4594 = ADVANCED_FACE ( 'NONE', ( #2225 ), #5089, .F. ) ;
#4595 = DIRECTION ( 'NONE',  ( 0.000000000000000000, 0.000000000000000000, 1.000000000000000000 ) ) ;
#4596 = PRESENTATION_LAYER_ASSIGNMENT (  '', '', ( #1440 ) ) ;
#4597 = ORIENTED_EDGE ( 'NONE', *, *, #2684, .F. ) ;
#4598 = LINE ( 'NONE', #4973, #3975 ) ;
#4599 = ADVANCED_FACE ( 'NONE', ( #239 ), #1419, .T. ) ;
#4600 = EDGE_CURVE ( 'NONE', #173, #3933, #1019, .T. ) ;
#4601 = CARTESIAN_POINT ( 'NONE',  ( -122.3196080030131583, 4.070205214165001806, -44.94907805431299153 ) ) ;
#4602 = VERTEX_POINT ( 'NONE', #1044 ) ;
#4603 = CIRCLE ( 'NONE', #2981, 1.500000000000001332 ) ;
#4604 = CARTESIAN_POINT ( 'NONE',  ( -134.6637870759417410, 24.75002256948737056, -49.16152233474082323 ) ) ;
#4605 = DIRECTION ( 'NONE',  ( 0.000000000000000000, 0.000000000000000000, 1.000000000000000000 ) ) ;
#4606 = CARTESIAN_POINT ( 'NONE',  ( -131.3196080030131441, 28.63646680170275616, 0.000000000000000000 ) ) ;
#4607 = PLANE ( 'NONE',  #3728 ) ;
#4608 = EDGE_LOOP ( 'NONE', ( #1630, #2650 ) ) ;
#4609 = CIRCLE ( 'NONE', #3077, 1.500000000000001332 ) ;
#4610 = DIRECTION ( 'NONE',  ( 0.000000000000000000, 1.000000000000000000, 1.178229476649152686E-15 ) ) ;
#4611 = LINE ( 'NONE', #1264, #4418 ) ;
#4612 = DIRECTION ( 'NONE',  ( 0.000000000000000000, 0.000000000000000000, -1.000000000000000000 ) ) ;
#4613 = LINE ( 'NONE', #2230, #494 ) ;
#4614 = ORIENTED_EDGE ( 'NONE', *, *, #1636, .F. ) ;
#4615 = EDGE_CURVE ( 'NONE', #3461, #3727, #4552, .T. ) ;
#4616 = FACE_OUTER_BOUND ( 'NONE', #1037, .T. ) ;
#4617 = CARTESIAN_POINT ( 'NONE',  ( -139.8196080030131441, 66.30056625442354346, -45.34703941151190776 ) ) ;
#4618 = ORIENTED_EDGE ( 'NONE', *, *, #2302, .T. ) ;
#4619 = FACE_OUTER_BOUND ( 'NONE', #5133, .T. ) ;
#4620 = ORIENTED_EDGE ( 'NONE', *, *, #3121, .F. ) ;
#4621 = ORIENTED_EDGE ( 'NONE', *, *, #5116, .T. ) ;
#4622 = EDGE_CURVE ( 'NONE', #3727, #3461, #1305, .T. ) ;
#4623 = CARTESIAN_POINT ( 'NONE',  ( -138.3196080030131441, 1.800566254423556778, -42.83398320024904393 ) ) ;
#4624 = EDGE_LOOP ( 'NONE', ( #4756, #4358 ) ) ;
#4625 = LINE ( 'NONE', #3459, #3893 ) ;
#4626 = EDGE_CURVE ( 'NONE', #2948, #3933, #2704, .T. ) ;
#4627 = CARTESIAN_POINT ( 'NONE',  ( -131.3196080030131441, 6.524151378568212145, -40.06181203573022032 ) ) ;
#4628 = ORIENTED_EDGE ( 'NONE', *, *, #5188, .F. ) ;
#4629 = CARTESIAN_POINT ( 'NONE',  ( -122.3196080030131583, 48.79174080797342583, -10.66893267680490887 ) ) ;
#4630 = CARTESIAN_POINT ( 'NONE',  ( -132.4196080030131668, 42.12507758871971220, -50.89999999999999858 ) ) ;
#4631 = CYLINDRICAL_SURFACE ( 'NONE', #16, 7.300000000000000711 ) ;
#4632 = CARTESIAN_POINT ( 'NONE',  ( -144.3196080030131725, 57.34269152771611289, -38.29604796487006979 ) ) ;
#4633 = ORIENTED_EDGE ( 'NONE', *, *, #2143, .F. ) ;
#4634 = UNCERTAINTY_MEASURE_WITH_UNIT (LENGTH_MEASURE( 1.000000000000000082E-05 ), #467, 'distance_accuracy_value', 'NONE');
#4635 = AXIS2_PLACEMENT_3D ( 'NONE', #621, #5178, #2280 ) ;
#4636 = LINE ( 'NONE', #3919, #4421 ) ;
#4637 = FACE_BOUND ( 'NONE', #3129, .T. ) ;
#4638 = LINE ( 'NONE', #2549, #46 ) ;
#4639 = CARTESIAN_POINT ( 'NONE',  ( -120.3196080030131583, 28.96927849710496616, -13.26250413604848255 ) ) ;
#4640 = ORIENTED_EDGE ( 'NONE', *, *, #2177, .T. ) ;
#4641 = CARTESIAN_POINT ( 'NONE',  ( -131.3196080030131441, 51.09611406132536615, -26.89840786773043746 ) ) ;
#4642 = DIRECTION ( 'NONE',  ( 0.000000000000000000, 0.4916981210386087708, 0.8707657307032136140 ) ) ;
#4643 = ORIENTED_EDGE ( 'NONE', *, *, #3545, .F. ) ;
#4644 = AXIS2_PLACEMENT_3D ( 'NONE', #2672, #5032, #1791 ) ;
#4645 = FACE_OUTER_BOUND ( 'NONE', #4434, .T. ) ;
#4646 = VERTEX_POINT ( 'NONE', #5122 ) ;
#4647 = VERTEX_POINT ( 'NONE', #3889 ) ;
#4648 = ADVANCED_FACE ( 'NONE', ( #2275 ), #4338, .F. ) ;
#4649 = AXIS2_PLACEMENT_3D ( 'NONE', #283, #3132, #1166 ) ;
#4650 = DIRECTION ( 'NONE',  ( 0.000000000000000000, 0.000000000000000000, -1.000000000000000000 ) ) ;
#4651 = VECTOR ( 'NONE', #4799, 1000.000000000000000 ) ;
#4652 = ORIENTED_EDGE ( 'NONE', *, *, #5282, .F. ) ;
#4653 = CARTESIAN_POINT ( 'NONE',  ( -122.3196080030131583, 28.96927849710496616, -13.26250413604848255 ) ) ;
#4654 = LINE ( 'NONE', #2696, #3287 ) ;
#4655 = VERTEX_POINT ( 'NONE', #3914 ) ;
#4656 = CIRCLE ( 'NONE', #2931, 6.000000000000005329 ) ;
#4657 = DIRECTION ( 'NONE',  ( 0.000000000000000000, 0.000000000000000000, 1.000000000000000000 ) ) ;
#4658 = LINE ( 'NONE', #162, #3511 ) ;
#4659 = CARTESIAN_POINT ( 'NONE',  ( -126.3196080030131441, 39.45352726980763691, -11.79540235893742306 ) ) ;
#4660 = DIRECTION ( 'NONE',  ( 0.000000000000000000, 0.000000000000000000, -1.000000000000000000 ) ) ;
#4661 = AXIS2_PLACEMENT_3D ( 'NONE', #2201, #959, #1365 ) ;
#4662 = ORIENTED_EDGE ( 'NONE', *, *, #2302, .F. ) ;
#4663 = EDGE_CURVE ( 'NONE', #1521, #822, #562, .T. ) ;
#4664 = CARTESIAN_POINT ( 'NONE',  ( -138.8204891303103068, 67.29968512712639495, -45.68676224851748913 ) ) ;
#4665 = CARTESIAN_POINT ( 'NONE',  ( -120.3196080030131583, 65.83968306384814184, -12.94779258935107080 ) ) ;
#4666 = DIRECTION ( 'NONE',  ( 0.000000000000000000, 0.000000000000000000, 1.000000000000000000 ) ) ;
#4667 = EDGE_CURVE ( 'NONE', #554, #1056, #873, .T. ) ;
#4668 = AXIS2_PLACEMENT_3D ( 'NONE', #3766, #3866, #84 ) ;
#4669 = DIRECTION ( 'NONE',  ( 0.000000000000000000, 0.000000000000000000, 1.000000000000000000 ) ) ;
#4670 = ORIENTED_EDGE ( 'NONE', *, *, #3503, .F. ) ;
#4671 = VECTOR ( 'NONE', #984, 1000.000000000000000 ) ;
#4672 = LINE ( 'NONE', #2232, #4919 ) ;
#4673 = DIRECTION ( 'NONE',  ( 1.000000000000000000, -0.000000000000000000, -0.000000000000000000 ) ) ;
#4674 = AXIS2_PLACEMENT_3D ( 'NONE', #124, #925, #179 ) ;
#4675 = ORIENTED_EDGE ( 'NONE', *, *, #1818, .T. ) ;
#4676 = VECTOR ( 'NONE', #928, 1000.000000000000000 ) ;
#4677 = CYLINDRICAL_SURFACE ( 'NONE', #4120, 1.499999999999999556 ) ;
#4678 = ORIENTED_EDGE ( 'NONE', *, *, #3084, .T. ) ;
#4679 = CIRCLE ( 'NONE', #1075, 9.399999999999998579 ) ;
#4680 = ORIENTED_EDGE ( 'NONE', *, *, #5256, .F. ) ;
#4681 = AXIS2_PLACEMENT_3D ( 'NONE', #3861, #3059, #1824 ) ;
#4682 = CARTESIAN_POINT ( 'NONE',  ( -144.3196080030131725, 12.25844098113098823, -28.89604796487007476 ) ) ;
#4683 = ORIENTED_EDGE ( 'NONE', *, *, #1646, .F. ) ;
#4684 = FACE_OUTER_BOUND ( 'NONE', #1162, .T. ) ;
#4685 = DIRECTION ( 'NONE',  ( 1.000000000000000000, -0.000000000000000000, 0.000000000000000000 ) ) ;
#4686 = ORIENTED_EDGE ( 'NONE', *, *, #2431, .F. ) ;
#4687 = VECTOR ( 'NONE', #1026, 1000.000000000000000 ) ;
#4688 = CARTESIAN_POINT ( 'NONE',  ( -136.8301219877218387, 69.29005226971486309, -13.93183995555409460 ) ) ;
#4689 = DIRECTION ( 'NONE',  ( -1.000000000000000000, -0.000000000000000000, 0.000000000000000000 ) ) ;
#4690 = LINE ( 'NONE', #2298, #1991 ) ;
#4691 = ORIENTED_EDGE ( 'NONE', *, *, #2405, .F. ) ;
#4692 = LINE ( 'NONE', #963, #487 ) ;
#4693 = DIRECTION ( 'NONE',  ( 0.000000000000000000, 0.9336014306646803762, -0.3583132270247110784 ) ) ;
#4694 = DIRECTION ( 'NONE',  ( 0.7071067811865527908, 0.000000000000000000, -0.7071067811865422437 ) ) ;
#4695 = EDGE_CURVE ( 'NONE', #1433, #2454, #4690, .T. ) ;
#4696 = DIRECTION ( 'NONE',  ( 0.000000000000000000, -1.000000000000000000, 0.000000000000000000 ) ) ;
#4697 = VECTOR ( 'NONE', #2141, 1000.000000000000000 ) ;
#4698 = EDGE_LOOP ( 'NONE', ( #2158, #1219, #2792, #358 ) ) ;
#4699 = EDGE_CURVE ( 'NONE', #5131, #1457, #1900, .T. ) ;
#4700 = ADVANCED_FACE ( 'NONE', ( #592 ), #5172, .T. ) ;
#4701 = VECTOR ( 'NONE', #1924, 1000.000000000000227 ) ;
#4702 = CARTESIAN_POINT ( 'NONE',  ( -122.3196080030131583, 40.63185401174214206, -13.26250413604848255 ) ) ;
#4703 = ORIENTED_EDGE ( 'NONE', *, *, #2243, .F. ) ;
#4704 = DIRECTION ( 'NONE',  ( 1.000000000000000000, -0.000000000000000000, -0.000000000000000000 ) ) ;
#4705 = EDGE_LOOP ( 'NONE', ( #4662, #2476, #1127, #4127 ) ) ;
#4706 = ORIENTED_EDGE ( 'NONE', *, *, #262, .F. ) ;
#4707 = FACE_OUTER_BOUND ( 'NONE', #989, .T. ) ;
#4708 = ORIENTED_EDGE ( 'NONE', *, *, #229, .F. ) ;
#4709 = CARTESIAN_POINT ( 'NONE',  ( -139.8196080030131441, 57.34269152771611289, -26.89604796487007121 ) ) ;
#4710 = LINE ( 'NONE', #4258, #484 ) ;
#4711 = ORIENTED_EDGE ( 'NONE', *, *, #2702, .F. ) ;
#4712 = CARTESIAN_POINT ( 'NONE',  ( -133.3650355989600769, 25.54945379035856234, -50.21808824046568986 ) ) ;
#4713 = EDGE_CURVE ( 'NONE', #3697, #89, #4983, .T. ) ;
#4714 = CARTESIAN_POINT ( 'NONE',  ( -131.3196080030131441, 6.524151378568212145, -40.06181203573022032 ) ) ;
#4715 = DIRECTION ( 'NONE',  ( 0.000000000000000000, -0.4916981210386095480, -0.8707657307032131699 ) ) ;
#4716 = VERTEX_POINT ( 'NONE', #2814 ) ;
#4717 = EDGE_CURVE ( 'NONE', #2180, #1058, #368, .T. ) ;
#4718 = EDGE_CURVE ( 'NONE', #1593, #2572, #4469, .T. ) ;
#4719 = DIRECTION ( 'NONE',  ( 1.000000000000000000, 0.000000000000000000, 0.000000000000000000 ) ) ;
#4720 = FACE_OUTER_BOUND ( 'NONE', #940, .T. ) ;
#4721 = FACE_OUTER_BOUND ( 'NONE', #285, .T. ) ;
#4722 = VECTOR ( 'NONE', #1665, 1000.000000000000000 ) ;
#4723 = CARTESIAN_POINT ( 'NONE',  ( -122.3196080030131583, 34.80056625442355767, -14.63615997070125552 ) ) ;
#4724 = EDGE_CURVE ( 'NONE', #4914, #4488, #1956, .T. ) ;
#4725 = EDGE_LOOP ( 'NONE', ( #4844, #3840, #125, #2028 ) ) ;
#4726 = DIRECTION ( 'NONE',  ( 0.000000000000000000, -1.000000000000000000, -3.078189753531484519E-16 ) ) ;
#4727 = ORIENTED_EDGE ( 'NONE', *, *, #3113, .F. ) ;
#4728 = PLANE ( 'NONE',  #3620 ) ;
#4729 = VERTEX_POINT ( 'NONE', #2407 ) ;
#4730 = ORIENTED_EDGE ( 'NONE', *, *, #4014, .T. ) ;
#4731 = VECTOR ( 'NONE', #2624, 1000.000000000000000 ) ;
#4732 = PLANE ( 'NONE',  #2767 ) ;
#4733 = EDGE_LOOP ( 'NONE', ( #4947, #11 ) ) ;
#4734 = CARTESIAN_POINT ( 'NONE',  ( -134.3196080030131441, 14.67933619479733309, -42.39809213387258069 ) ) ;
#4735 = DIRECTION ( 'NONE',  ( -1.000000000000000000, -0.000000000000000000, -0.000000000000000000 ) ) ;
#4736 = ORIENTED_EDGE ( 'NONE', *, *, #5179, .T. ) ;
#4737 = VECTOR ( 'NONE', #536, 1000.000000000000000 ) ;
#4738 = CARTESIAN_POINT ( 'NONE',  ( -134.8196080030131441, 4.141010969993490907E-14, -35.14604796487009253 ) ) ;
#4739 = CARTESIAN_POINT ( 'NONE',  ( -138.3196080030131441, 67.80056625442354346, -51.00000000000000000 ) ) ;
#4740 = CARTESIAN_POINT ( 'NONE',  ( -126.3196080030131441, 30.14760523903947842, -11.79540235893742306 ) ) ;
#4741 = ORIENTED_EDGE ( 'NONE', *, *, #505, .F. ) ;
#4742 = DIRECTION ( 'NONE',  ( 1.000000000000000000, -0.000000000000000000, -0.000000000000000000 ) ) ;
#4743 = CARTESIAN_POINT ( 'NONE',  ( -131.0696080030131441, 56.76769476762042643, -20.05274209494164595 ) ) ;
#4744 = DIRECTION ( 'NONE',  ( -1.000000000000000000, 0.000000000000000000, 0.000000000000000000 ) ) ;
#4745 = ADVANCED_FACE ( 'NONE', ( #4873 ), #773, .F. ) ;
#4746 = DIRECTION ( 'NONE',  ( 0.000000000000000000, -0.8134124664989407227, 0.5816873381328748760 ) ) ;
#4747 = EDGE_LOOP ( 'NONE', ( #5264, #2718, #1327, #1936, #222 ) ) ;
#4748 = DIRECTION ( 'NONE',  ( -0.000000000000000000, -0.9567439517003997196, 0.2909312820662348642 ) ) ;
#4749 = ORIENTED_EDGE ( 'NONE', *, *, #4419, .F. ) ;
#4750 = DIRECTION ( 'NONE',  ( 0.000000000000000000, 0.000000000000000000, -1.000000000000000000 ) ) ;
#4751 = VERTEX_POINT ( 'NONE', #4848 ) ;
#4752 = VERTEX_POINT ( 'NONE', #4361 ) ;
#4753 = AXIS2_PLACEMENT_3D ( 'NONE', #3011, #4166, #1402 ) ;
#4754 = AXIS2_PLACEMENT_3D ( 'NONE', #2613, #1036, #3831 ) ;
#4755 = DIRECTION ( 'NONE',  ( -1.000000000000000000, -0.000000000000000000, -0.000000000000000000 ) ) ;
#4756 = ORIENTED_EDGE ( 'NONE', *, *, #2679, .T. ) ;
#4757 = CARTESIAN_POINT ( 'NONE',  ( -120.3196080030131583, 69.80056625442354346, -48.99999999999999289 ) ) ;
#4758 = AXIS2_PLACEMENT_3D ( 'NONE', #759, #2827, #2394 ) ;
#4759 = EDGE_CURVE ( 'NONE', #203, #3688, #445, .T. ) ;
#4760 = CARTESIAN_POINT ( 'NONE',  ( -138.3196080030131441, 10.01799399690713344, -51.00000000000000000 ) ) ;
#4761 = EDGE_CURVE ( 'NONE', #308, #1964, #3993, .T. ) ;
#4762 = ORIENTED_EDGE ( 'NONE', *, *, #3660, .T. ) ;
#4763 = VECTOR ( 'NONE', #3389, 1000.000000000000000 ) ;
#4764 = EDGE_CURVE ( 'NONE', #4567, #106, #293, .T. ) ;
#4765 = CARTESIAN_POINT ( 'NONE',  ( -120.3196080030131583, 27.47605492012738893, -49.39999999999999858 ) ) ;
#4766 = EDGE_CURVE ( 'NONE', #2075, #2031, #2434, .T. ) ;
#4767 = ADVANCED_FACE ( 'NONE', ( #4414 ), #3455, .T. ) ;
#4768 = DIRECTION ( 'NONE',  ( 0.000000000000000000, -0.9995595627334283861, 0.02967626236838652801 ) ) ;
#4769 = DIRECTION ( 'NONE',  ( 0.000000000000000000, 0.000000000000000000, -1.000000000000000000 ) ) ;
#4770 = VECTOR ( 'NONE', #2082, 1000.000000000000000 ) ;
#4771 = ORIENTED_EDGE ( 'NONE', *, *, #2243, .T. ) ;
#4772 = LINE ( 'NONE', #297, #579 ) ;
#4773 = DIRECTION ( 'NONE',  ( 0.000000000000000000, 0.000000000000000000, 1.000000000000000000 ) ) ;
#4774 = DIRECTION ( 'NONE',  ( -1.000000000000000000, 0.000000000000000000, 0.000000000000000000 ) ) ;
#4775 = DIRECTION ( 'NONE',  ( 0.000000000000000000, 0.3583132270247115225, -0.9336014306646801542 ) ) ;
#4776 = CARTESIAN_POINT ( 'NONE',  ( -131.0696080030131441, 47.20567209103620598, -28.12349751167933931 ) ) ;
#4777 = ORIENTED_EDGE ( 'NONE', *, *, #4667, .F. ) ;
#4778 = AXIS2_PLACEMENT_3D ( 'NONE', #1644, #3293, #4489 ) ;
#4779 = CARTESIAN_POINT ( 'NONE',  ( -126.3196080030131441, 30.14760523903947842, -8.795402358937423060 ) ) ;
#4780 = ORIENTED_EDGE ( 'NONE', *, *, #2306, .T. ) ;
#4781 = CARTESIAN_POINT ( 'NONE',  ( -138.3196080030131441, 42.12507758871971220, -47.89999999999999858 ) ) ;
#4782 = ORIENTED_EDGE ( 'NONE', *, *, #5026, .F. ) ;
#4783 = EDGE_LOOP ( 'NONE', ( #3275, #1051 ) ) ;
#4784 = EDGE_CURVE ( 'NONE', #3533, #2272, #3792, .T. ) ;
#4785 = PLANE ( 'NONE',  #2104 ) ;
#4786 = VERTEX_POINT ( 'NONE', #1550 ) ;
#4787 = LINE ( 'NONE', #1597, #2116 ) ;
#4788 = DIRECTION ( 'NONE',  ( -1.000000000000000000, -0.000000000000000000, -0.000000000000000000 ) ) ;
#4789 = ORIENTED_EDGE ( 'NONE', *, *, #3756, .T. ) ;
#4790 = EDGE_CURVE ( 'NONE', #1510, #2840, #5299, .T. ) ;
#4791 = EDGE_CURVE ( 'NONE', #1945, #4716, #349, .T. ) ;
#4792 = CARTESIAN_POINT ( 'NONE',  ( -131.3196080030131441, 63.12734273248970851, -39.88909863547395673 ) ) ;
#4793 = CARTESIAN_POINT ( 'NONE',  ( -130.8196080030131441, 40.96466570714435562, 0.000000000000000000 ) ) ;
#4794 = CARTESIAN_POINT ( 'NONE',  ( -120.3196080030131583, 17.02136304576615089, -38.25051329443610371 ) ) ;
#4795 = VERTEX_POINT ( 'NONE', #692 ) ;
#4796 = EDGE_CURVE ( 'NONE', #771, #946, #2324, .T. ) ;
#4797 = DIRECTION ( 'NONE',  ( 0.000000000000000000, 0.000000000000000000, 1.000000000000000000 ) ) ;
#4798 = CARTESIAN_POINT ( 'NONE',  ( -126.3196080030131441, 42.12507758871971220, -44.89999999999999858 ) ) ;
#4799 = DIRECTION ( 'NONE',  ( 0.000000000000000000, -0.5082561830145937432, 0.8612059291641203096 ) ) ;
#4800 = CARTESIAN_POINT ( 'NONE',  ( -138.3196080030131441, 67.80056625442354346, -30.74337584167457749 ) ) ;
#4801 = CARTESIAN_POINT ( 'NONE',  ( -135.2052523285102268, 45.05478808855500006, -48.56632752952191368 ) ) ;
#4802 = ORIENTED_EDGE ( 'NONE', *, *, #665, .F. ) ;
#4803 = CARTESIAN_POINT ( 'NONE',  ( -138.3196080030131441, 57.34269152771611289, -38.29604796487006979 ) ) ;
#4804 = ORIENTED_EDGE ( 'NONE', *, *, #4323, .T. ) ;
#4805 = VECTOR ( 'NONE', #1968, 1000.000000000000000 ) ;
#4806 = CARTESIAN_POINT ( 'NONE',  ( -126.3196080030131441, 65.83968306384814184, -12.94779258935107080 ) ) ;
#4807 = ORIENTED_EDGE ( 'NONE', *, *, #824, .F. ) ;
#4808 = ORIENTED_EDGE ( 'NONE', *, *, #3910, .T. ) ;
#4809 = AXIS2_PLACEMENT_3D ( 'NONE', #3091, #3948, #5232 ) ;
#4810 = CARTESIAN_POINT ( 'NONE',  ( -138.3196080030131441, 0.000000000000000000, -51.00000000000000000 ) ) ;
#4811 = ORIENTED_EDGE ( 'NONE', *, *, #4581, .F. ) ;
#4812 = DIRECTION ( 'NONE',  ( -1.000000000000000000, -0.000000000000000000, -0.000000000000000000 ) ) ;
#4813 = DIRECTION ( 'NONE',  ( 0.000000000000000000, 0.000000000000000000, 1.000000000000000000 ) ) ;
#4814 = ADVANCED_FACE ( 'NONE', ( #5200 ), #3646, .F. ) ;
#4815 = VECTOR ( 'NONE', #2003, 1000.000000000000000 ) ;
#4816 = ORIENTED_EDGE ( 'NONE', *, *, #1749, .T. ) ;
#4817 = DIRECTION ( 'NONE',  ( 0.000000000000000000, 0.02042410818257904548, -0.9997914061467754188 ) ) ;
#4818 = DIRECTION ( 'NONE',  ( 0.000000000000000000, 0.8134124664989407227, -0.5816873381328748760 ) ) ;
#4819 = CARTESIAN_POINT ( 'NONE',  ( -131.3196080030131441, 14.75454952074163906, -46.85511708610702186 ) ) ;
#4820 = EDGE_LOOP ( 'NONE', ( #4869, #846, #1441, #871, #39 ) ) ;
#4821 = AXIS2_PLACEMENT_3D ( 'NONE', #2854, #4487, #813 ) ;
#4822 = CARTESIAN_POINT ( 'NONE',  ( -138.3196080030131441, 57.34269152771611289, -38.29604796487006979 ) ) ;
#4823 = CARTESIAN_POINT ( 'NONE',  ( -131.3196080030131441, -6.036674098891743334, -19.17029532596835395 ) ) ;
#4824 = CARTESIAN_POINT ( 'NONE',  ( -132.6284487034203323, 43.48638521972469562, -50.69115929959284017 ) ) ;
#4825 = AXIS2_PLACEMENT_3D ( 'NONE', #377, #804, #2820 ) ;
#4826 = CARTESIAN_POINT ( 'NONE',  ( -132.5431688448324223, 26.48691996487391975, -50.77643915818075726 ) ) ;
#4827 = DIRECTION ( 'NONE',  ( 0.000000000000000000, -0.5175834996091419615, 0.8556327021171837854 ) ) ;
#4828 = EDGE_CURVE ( 'NONE', #3021, #2332, #3248, .T. ) ;
#4829 = ORIENTED_EDGE ( 'NONE', *, *, #757, .T. ) ;
#4830 = VECTOR ( 'NONE', #1651, 1000.000000000000114 ) ;
#4831 = CARTESIAN_POINT ( 'NONE',  ( -135.2383130593381395, 47.61181032390842205, -51.00000000000000711 ) ) ;
#4832 = EDGE_CURVE ( 'NONE', #1469, #4729, #1526, .T. ) ;
#4833 = EDGE_CURVE ( 'NONE', #2939, #2480, #1978, .T. ) ;
#4834 = ORIENTED_EDGE ( 'NONE', *, *, #509, .F. ) ;
#4835 = CARTESIAN_POINT ( 'NONE',  ( -122.3196080030131583, 66.73092729468208972, -14.86971232810076948 ) ) ;
#4836 = ORIENTED_EDGE ( 'NONE', *, *, #2963, .F. ) ;
#4837 = CIRCLE ( 'NONE', #481, 11.40000000000000036 ) ;
#4838 = ORIENTED_EDGE ( 'NONE', *, *, #3318, .F. ) ;
#4839 = CARTESIAN_POINT ( 'NONE',  ( -122.3196080030131583, 2.870205214165002072, -46.14907805431299437 ) ) ;
#4840 = ORIENTED_EDGE ( 'NONE', *, *, #363, .T. ) ;
#4841 = CARTESIAN_POINT ( 'NONE',  ( -120.3196080030131583, 12.25844098113098646, -41.44604796487007548 ) ) ;
#4842 = CARTESIAN_POINT ( 'NONE',  ( -120.3196080030131583, 27.47605492012738893, -47.89999999999999858 ) ) ;
#4843 = VECTOR ( 'NONE', #4612, 1000.000000000000000 ) ;
#4844 = ORIENTED_EDGE ( 'NONE', *, *, #1015, .F. ) ;
#4845 = VECTOR ( 'NONE', #3743, 1000.000000000000114 ) ;
#4846 = CARTESIAN_POINT ( 'NONE',  ( -134.8196080030131441, 60.31743593215122701, -41.44604796487007548 ) ) ;
#4847 = DIRECTION ( 'NONE',  ( 0.000000000000000000, -0.9567439517003997196, -0.2909312820662346422 ) ) ;
#4848 = CARTESIAN_POINT ( 'NONE',  ( -126.3196080030131441, 27.47605492012738893, -50.89999999999999858 ) ) ;
#4849 = ORIENTED_EDGE ( 'NONE', *, *, #4440, .F. ) ;
#4850 = CARTESIAN_POINT ( 'NONE',  ( -126.3196080030131441, 42.12507758871971220, -44.89999999999999858 ) ) ;
#4851 = AXIS2_PLACEMENT_3D ( 'NONE', #4959, #138, #455 ) ;
#4852 = PLANE ( 'NONE',  #1017 ) ;
#4853 = CARTESIAN_POINT ( 'NONE',  ( -139.8196080030131441, 66.30056625442354346, -31.24505651822823893 ) ) ;
#4854 = CARTESIAN_POINT ( 'NONE',  ( -120.3196080030131583, 0.7216701969300161057, -35.32686247609610319 ) ) ;
#4855 = FACE_OUTER_BOUND ( 'NONE', #2064, .T. ) ;
#4856 = ORIENTED_EDGE ( 'NONE', *, *, #3706, .T. ) ;
#4857 = VECTOR ( 'NONE', #1830, 1000.000000000000000 ) ;
#4858 = EDGE_CURVE ( 'NONE', #3600, #923, #4023, .T. ) ;
#4859 = CYLINDRICAL_SURFACE ( 'NONE', #1508, 1.500000000000001332 ) ;
#4860 = ORIENTED_EDGE ( 'NONE', *, *, #1387, .T. ) ;
#4861 = LINE ( 'NONE', #784, #98 ) ;
#4862 = ORIENTED_EDGE ( 'NONE', *, *, #3886, .T. ) ;
#4863 = ADVANCED_FACE ( 'NONE', ( #5001 ), #2136, .F. ) ;
#4864 = EDGE_CURVE ( 'NONE', #946, #2075, #4097, .T. ) ;
#4865 = LINE ( 'NONE', #3637, #115 ) ;
#4866 = ORIENTED_EDGE ( 'NONE', *, *, #4759, .T. ) ;
#4867 = CARTESIAN_POINT ( 'NONE',  ( -132.7826965941075912, 26.04542630948686366, -50.53691140890556710 ) ) ;
#4868 = LINE ( 'NONE', #367, #3166 ) ;
#4869 = ORIENTED_EDGE ( 'NONE', *, *, #2816, .F. ) ;
#4870 = VECTOR ( 'NONE', #102, 1000.000000000000114 ) ;
#4871 = FACE_OUTER_BOUND ( 'NONE', #4116, .T. ) ;
#4872 = LINE ( 'NONE', #857, #4763 ) ;
#4873 = FACE_OUTER_BOUND ( 'NONE', #4219, .T. ) ;
#4874 = VERTEX_POINT ( 'NONE', #15 ) ;
#4875 = DIRECTION ( 'NONE',  ( 0.000000000000000000, -0.9448103451034990385, -0.3276177830726028084 ) ) ;
#4876 = FACE_OUTER_BOUND ( 'NONE', #1330, .T. ) ;
#4877 = DIRECTION ( 'NONE',  ( 0.000000000000000000, 0.4916981210386095480, 0.8707657307032131699 ) ) ;
#4878 = DIRECTION ( 'NONE',  ( -1.000000000000000000, 0.000000000000000000, 0.000000000000000000 ) ) ;
#4879 = DIRECTION ( 'NONE',  ( 0.000000000000000000, -0.3583132270247113005, -0.9336014306646801542 ) ) ;
#4880 = EDGE_CURVE ( 'NONE', #4647, #413, #2078, .T. ) ;
#4881 = EDGE_LOOP ( 'NONE', ( #3159, #17, #2977, #2311 ) ) ;
#4882 = CARTESIAN_POINT ( 'NONE',  ( -131.3196080030131441, 15.55742194466765582, -29.34931593574985698 ) ) ;
#4883 = ORIENTED_EDGE ( 'NONE', *, *, #1147, .F. ) ;
#4884 = EDGE_CURVE ( 'NONE', #2400, #1361, #4177, .T. ) ;
#4885 = DIRECTION ( 'NONE',  ( 0.000000000000000000, 0.000000000000000000, -1.000000000000000000 ) ) ;
#4886 = VERTEX_POINT ( 'NONE', #3353 ) ;
#4887 = LINE ( 'NONE', #1191, #2594 ) ;
#4888 = VERTEX_POINT ( 'NONE', #504 ) ;
#4889 =( NAMED_UNIT ( * ) PLANE_ANGLE_UNIT ( ) SI_UNIT ( $, .RADIAN. ) );
#4890 = FACE_OUTER_BOUND ( 'NONE', #2018, .T. ) ;
#4891 = ORIENTED_EDGE ( 'NONE', *, *, #5228, .F. ) ;
#4892 = CARTESIAN_POINT ( 'NONE',  ( -120.3196080030131583, -11.22337441595445284, -6.623676461137820048 ) ) ;
#4893 = ORIENTED_EDGE ( 'NONE', *, *, #4441, .T. ) ;
#4894 = DIRECTION ( 'NONE',  ( 0.000000000000000000, 1.000000000000000000, 0.000000000000000000 ) ) ;
#4895 = ORIENTED_EDGE ( 'NONE', *, *, #240, .F. ) ;
#4896 = CARTESIAN_POINT ( 'NONE',  ( -131.0696080030131441, 28.63646680170275260, -30.08877352584814346 ) ) ;
#4897 = CARTESIAN_POINT ( 'NONE',  ( -131.3196080030131441, 24.11656332651502765, -13.48559842370334749 ) ) ;
#4898 = PLANE ( 'NONE',  #4825 ) ;
#4899 = VECTOR ( 'NONE', #2244, 1000.000000000000114 ) ;
#4900 = DIRECTION ( 'NONE',  ( -1.000000000000000000, 0.000000000000000000, 0.000000000000000000 ) ) ;
#4901 = DIRECTION ( 'NONE',  ( -1.000000000000000000, 0.000000000000000000, 0.000000000000000000 ) ) ;
#4902 = CIRCLE ( 'NONE', #2598, 1.499999999999999556 ) ;
#4903 = CARTESIAN_POINT ( 'NONE',  ( -138.2688975899943671, 54.74636034125424544, -51.00000000000000711 ) ) ;
#4904 = ORIENTED_EDGE ( 'NONE', *, *, #2919, .F. ) ;
#4905 = ORIENTED_EDGE ( 'NONE', *, *, #4496, .T. ) ;
#4906 = AXIS2_PLACEMENT_3D ( 'NONE', #5114, #610, #1815 ) ;
#4907 = LINE ( 'NONE', #786, #5168 ) ;
#4908 = B_SPLINE_CURVE_WITH_KNOTS ( 'NONE', 3,
 ( #4395, #3552, #1935, #649, #1125, #2391, #1885, #2358, #4801, #3580, #3092, #1533, #699, #1154 ),
 .UNSPECIFIED., .F., .F.,
 ( 4, 2, 2, 2, 2, 2, 4 ),
 ( 0.000000000000000000, 0.001247503635231673536, 0.002495007270463347072, 0.003118759088079161614, 0.003742510905694977023, 0.004366262723310792432, 0.004990014540926607407 ),
 .UNSPECIFIED. ) ;
#4909 = ORIENTED_EDGE ( 'NONE', *, *, #1077, .F. ) ;
#4910 = PRODUCT_CONTEXT ( 'NONE', #5142, 'mechanical' ) ;
#4911 = PLANE ( 'NONE',  #2294 ) ;
#4912 = VERTEX_POINT ( 'NONE', #2564 ) ;
#4913 = CARTESIAN_POINT ( 'NONE',  ( -122.3196080030131583, 28.96927849710496616, -13.26250413604848255 ) ) ;
#4914 = VERTEX_POINT ( 'NONE', #3725 ) ;
#4915 = DIRECTION ( 'NONE',  ( -0.7071067811865475727, 0.000000000000000000, 0.7071067811865475727 ) ) ;
#4916 = ADVANCED_FACE ( 'NONE', ( #96 ), #2481, .T. ) ;
#4917 = ORIENTED_EDGE ( 'NONE', *, *, #3491, .T. ) ;
#4918 = EDGE_CURVE ( 'NONE', #1941, #895, #2085, .T. ) ;
#4919 = VECTOR ( 'NONE', #3072, 1000.000000000000000 ) ;
#4920 = EDGE_CURVE ( 'NONE', #1521, #2518, #719, .T. ) ;
#4921 = EDGE_CURVE ( 'NONE', #3208, #3611, #1730, .T. ) ;
#4922 = CARTESIAN_POINT ( 'NONE',  ( -138.3196080030131441, 0.000000000000000000, -51.00000000000000000 ) ) ;
#4923 = CIRCLE ( 'NONE', #3398, 1.500000000000001332 ) ;
#4924 = CARTESIAN_POINT ( 'NONE',  ( -131.3196080030131441, -0.2904678626755403115, -0.5479720933948463157 ) ) ;
#4925 = LINE ( 'NONE', #1258, #290 ) ;
#4926 = AXIS2_PLACEMENT_3D ( 'NONE', #1733, #2871, #3680 ) ;
#4927 = CARTESIAN_POINT ( 'NONE',  ( -130.8196080030131441, 28.63646680170275260, -30.08877352584813636 ) ) ;
#4928 = ORIENTED_EDGE ( 'NONE', *, *, #2169, .T. ) ;
#4929 = CIRCLE ( 'NONE', #2970, 7.300000000000000711 ) ;
#4930 = LINE ( 'NONE', #4212, #5278 ) ;
#4931 = CARTESIAN_POINT ( 'NONE',  ( -120.3196080030131583, 30.14760523903947842, -13.29540235893742306 ) ) ;
#4932 = ORIENTED_EDGE ( 'NONE', *, *, #5094, .F. ) ;
#4933 = CARTESIAN_POINT ( 'NONE',  ( -120.3196080030131583, 56.57321924030494387, -31.13959425374204670 ) ) ;
#4934 = VECTOR ( 'NONE', #3729, 1000.000000000000000 ) ;
#4935 = VERTEX_POINT ( 'NONE', #444 ) ;
#4936 = VECTOR ( 'NONE', #4296, 1000.000000000000227 ) ;
#4937 = VECTOR ( 'NONE', #2130, 1000.000000000000000 ) ;
#4938 = DIRECTION ( 'NONE',  ( 0.000000000000000000, 0.5175834996091415174, -0.8556327021171841185 ) ) ;
#4939 = DIRECTION ( 'NONE',  ( -0.7071067811865474617, -0.000000000000000000, -0.7071067811865474617 ) ) ;
#4940 = ORIENTED_EDGE ( 'NONE', *, *, #987, .F. ) ;
#4941 =( NAMED_UNIT ( * ) SI_UNIT ( $, .STERADIAN. ) SOLID_ANGLE_UNIT ( ) );
#4942 = LINE ( 'NONE', #4065, #159 ) ;
#4943 = ORIENTED_EDGE ( 'NONE', *, *, #4440, .T. ) ;
#4944 = ORIENTED_EDGE ( 'NONE', *, *, #262, .T. ) ;
#4945 = LINE ( 'NONE', #4913, #3143 ) ;
#4946 =( BOUNDED_CURVE ( )  B_SPLINE_CURVE ( 3, ( #2121, #4584, #998, #1829 ),
 .UNSPECIFIED., .F., .F. ) 
 B_SPLINE_CURVE_WITH_KNOTS ( ( 4, 4 ),
 ( 0.4094060069827109571, 0.6668425546575381668 ),
 .UNSPECIFIED. ) 
 CURVE ( )  GEOMETRIC_REPRESENTATION_ITEM ( )  RATIONAL_B_SPLINE_CURVE ( ( 1.000000000000000000, 0.9944848231078271539, 0.9944848231078271539, 1.000000000000000000 ) ) 
 REPRESENTATION_ITEM ( '' )  );
#4947 = ORIENTED_EDGE ( 'NONE', *, *, #1455, .T. ) ;
#4948 = FACE_OUTER_BOUND ( 'NONE', #40, .T. ) ;
#4949 = AXIS2_PLACEMENT_3D ( 'NONE', #2652, #3439, #3025 ) ;
#4950 = EDGE_CURVE ( 'NONE', #4488, #5081, #4598, .T. ) ;
#4951 = ORIENTED_EDGE ( 'NONE', *, *, #370, .T. ) ;
#4952 = EDGE_CURVE ( 'NONE', #2511, #2518, #872, .T. ) ;
#4953 = LINE ( 'NONE', #3355, #3409 ) ;
#4954 = CARTESIAN_POINT ( 'NONE',  ( -120.3196080030131299, 20.80939170087368595, -10.66893267680490531 ) ) ;
#4955 = CARTESIAN_POINT ( 'NONE',  ( -130.3196080030131441, 28.63646680170275260, -15.88149908682619937 ) ) ;
#4956 = ADVANCED_FACE ( 'NONE', ( #2110 ), #1251, .T. ) ;
#4957 = CARTESIAN_POINT ( 'NONE',  ( -131.3196080030131441, 58.92697209478436804, -32.94534080442342372 ) ) ;
#4958 = ORIENTED_EDGE ( 'NONE', *, *, #2205, .F. ) ;
#4959 = CARTESIAN_POINT ( 'NONE',  ( -120.3196080030131583, 48.90350467446872074, -19.93547284888469306 ) ) ;
#4960 = LINE ( 'NONE', #3310, #1427 ) ;
#4961 = ORIENTED_EDGE ( 'NONE', *, *, #1748, .F. ) ;
#4962 = DIRECTION ( 'NONE',  ( 1.000000000000000000, -0.000000000000000000, -0.000000000000000000 ) ) ;
#4963 = ORIENTED_EDGE ( 'NONE', *, *, #4143, .F. ) ;
#4964 = DIRECTION ( 'NONE',  ( -1.000000000000000000, 0.000000000000000000, 0.000000000000000000 ) ) ;
#4965 = CARTESIAN_POINT ( 'NONE',  ( -120.3196080030131583, 0.4066403667554051582, -42.53454250864558617 ) ) ;
#4966 = VERTEX_POINT ( 'NONE', #1225 ) ;
#4967 = CARTESIAN_POINT ( 'NONE',  ( -120.3196080030131583, 69.80056625442354346, -51.00000000000000000 ) ) ;
#4968 = CARTESIAN_POINT ( 'NONE',  ( -138.3196080030131441, 12.25844098113098646, -38.29604796487006979 ) ) ;
#4969 = ORIENTED_EDGE ( 'NONE', *, *, #432, .F. ) ;
#4970 = EDGE_LOOP ( 'NONE', ( #4909, #4417, #5245 ) ) ;
#4971 = CARTESIAN_POINT ( 'NONE',  ( -120.3196080030131583, -0.1994337455764462197, -51.00000000000000000 ) ) ;
#4972 = ORIENTED_EDGE ( 'NONE', *, *, #4220, .T. ) ;
#4973 = CARTESIAN_POINT ( 'NONE',  ( -134.3196080030131441, 0.4066403667554066015, -42.53454250864557906 ) ) ;
#4974 = ADVANCED_FACE ( 'NONE', ( #849 ), #2161, .T. ) ;
#4975 = AXIS2_PLACEMENT_3D ( 'NONE', #279, #3635, #4750 ) ;
#4976 = VECTOR ( 'NONE', #4250, 1000.000000000000227 ) ;
#4977 = ORIENTED_EDGE ( 'NONE', *, *, #1823, .F. ) ;
#4978 = FACE_OUTER_BOUND ( 'NONE', #2815, .T. ) ;
#4979 = CARTESIAN_POINT ( 'NONE',  ( -137.1088507356830348, 32.81535742769388975, -46.21075726733008793 ) ) ;
#4980 = CYLINDRICAL_SURFACE ( 'NONE', #4058, 2.999999999999999112 ) ;
#4981 = LINE ( 'NONE', #3441, #4403 ) ;
#4982 = ORIENTED_EDGE ( 'NONE', *, *, #248, .T. ) ;
#4983 = CIRCLE ( 'NONE', #5069, 3.000000000000000888 ) ;
#4984 = CARTESIAN_POINT ( 'NONE',  ( -135.9739233781347423, 24.52771056016809226, -47.34568462487838758 ) ) ;
#4985 = DIRECTION ( 'NONE',  ( -1.000000000000000000, 0.000000000000000000, 0.000000000000000000 ) ) ;
#4986 = LINE ( 'NONE', #3922, #1126 ) ;
#4987 = EDGE_CURVE ( 'NONE', #1301, #3832, #1680, .T. ) ;
#4988 = FACE_OUTER_BOUND ( 'NONE', #2746, .T. ) ;
#4989 = VERTEX_POINT ( 'NONE', #126 ) ;
#4990 = VECTOR ( 'NONE', #1283, 1000.000000000000000 ) ;
#4991 = ADVANCED_FACE ( 'NONE', ( #4948 ), #1838, .T. ) ;
#4992 = EDGE_CURVE ( 'NONE', #4886, #5000, #823, .T. ) ;
#4993 = DIRECTION ( 'NONE',  ( 0.000000000000000000, 0.000000000000000000, 1.000000000000000000 ) ) ;
#4994 = CARTESIAN_POINT ( 'NONE',  ( -120.3196080030131583, 39.45352726980763691, -11.79540235893742306 ) ) ;
#4995 = ORIENTED_EDGE ( 'NONE', *, *, #3127, .T. ) ;
#4996 = DIRECTION ( 'NONE',  ( 0.000000000000000000, 0.000000000000000000, -1.000000000000000000 ) ) ;
#4997 = ORIENTED_EDGE ( 'NONE', *, *, #2964, .F. ) ;
#4998 = EDGE_LOOP ( 'NONE', ( #3927, #4840 ) ) ;
#4999 = LINE ( 'NONE', #153, #4329 ) ;
#5000 = VERTEX_POINT ( 'NONE', #4709 ) ;
#5001 = FACE_OUTER_BOUND ( 'NONE', #2738, .T. ) ;
#5002 = CARTESIAN_POINT ( 'NONE',  ( -144.3196080030131725, 0.000000000000000000, 0.000000000000000000 ) ) ;
#5003 = VERTEX_POINT ( 'NONE', #3514 ) ;
#5004 = VECTOR ( 'NONE', #5257, 1000.000000000000000 ) ;
#5005 = CARTESIAN_POINT ( 'NONE',  ( -135.0714581387796613, 24.58748422422659274, -48.72503530785763104 ) ) ;
#5006 = FACE_OUTER_BOUND ( 'NONE', #2661, .T. ) ;
#5007 = CARTESIAN_POINT ( 'NONE',  ( -135.9739233781347423, 24.52771056016809226, -47.34568462487838758 ) ) ;
#5008 = DIRECTION ( 'NONE',  ( 0.000000000000000000, 0.000000000000000000, 1.000000000000000000 ) ) ;
#5009 = VERTEX_POINT ( 'NONE', #2292 ) ;
#5010 = AXIS2_PLACEMENT_3D ( 'NONE', #2380, #4817, #3319 ) ;
#5011 = ADVANCED_FACE ( 'NONE', ( #4684 ), #4284, .F. ) ;
#5012 = CONICAL_SURFACE ( 'NONE', #5103, 11.40000000000000036, 0.7853981633974506105 ) ;
#5013 = LINE ( 'NONE', #2978, #1081 ) ;
#5014 = CARTESIAN_POINT ( 'NONE',  ( -130.8196080030131441, 8.197396286785750164, -32.13215923068788271 ) ) ;
#5015 = AXIS2_PLACEMENT_3D ( 'NONE', #4629, #560, #160 ) ;
#5016 = DIRECTION ( 'NONE',  ( 0.000000000000000000, -0.9538267149103734077, -0.3003574502543348568 ) ) ;
#5017 = DIRECTION ( 'NONE',  ( 0.000000000000000000, 0.000000000000000000, -1.000000000000000000 ) ) ;
#5018 = ADVANCED_FACE ( 'NONE', ( #634 ), #950, .F. ) ;
#5019 = AXIS2_PLACEMENT_3D ( 'NONE', #2573, #2950, #881 ) ;
#5020 = VERTEX_POINT ( 'NONE', #5082 ) ;
#5021 = CARTESIAN_POINT ( 'NONE',  ( -126.3196080030131441, 3.761449444998968161, -12.94779258935107080 ) ) ;
#5022 = FACE_OUTER_BOUND ( 'NONE', #3632, .T. ) ;
#5023 = CIRCLE ( 'NONE', #2026, 1.500000000000001332 ) ;
#5024 = ORIENTED_EDGE ( 'NONE', *, *, #2096, .T. ) ;
#5025 = CARTESIAN_POINT ( 'NONE',  ( -120.3196080030131583, 30.14760523903947842, -11.79540235893742306 ) ) ;
#5026 = EDGE_CURVE ( 'NONE', #5049, #4433, #1880, .T. ) ;
#5027 = EDGE_CURVE ( 'NONE', #2606, #2504, #1548, .T. ) ;
#5028 = ORIENTED_EDGE ( 'NONE', *, *, #5276, .F. ) ;
#5029 = CARTESIAN_POINT ( 'NONE',  ( -134.8196080030131441, 21.49167916936619704, 13.00060001146845323 ) ) ;
#5030 = VERTEX_POINT ( 'NONE', #2242 ) ;
#5031 = DIRECTION ( 'NONE',  ( -1.000000000000000000, -0.000000000000000000, -0.000000000000000000 ) ) ;
#5032 = DIRECTION ( 'NONE',  ( 1.000000000000000000, 0.000000000000000000, 0.000000000000000000 ) ) ;
#5033 = ORIENTED_EDGE ( 'NONE', *, *, #531, .T. ) ;
#5034 = VECTOR ( 'NONE', #4381, 1000.000000000000227 ) ;
#5035 = CARTESIAN_POINT ( 'NONE',  ( -133.0730879661959136, 25.78334074013000432, -50.39471963382688813 ) ) ;
#5036 = CARTESIAN_POINT ( 'NONE',  ( -138.3196080030131441, 12.25844098113098646, -47.69604796487006837 ) ) ;
#5037 = LINE ( 'NONE', #4181, #4737 ) ;
#5038 = DIRECTION ( 'NONE',  ( -1.000000000000000000, 0.000000000000000000, 0.000000000000000000 ) ) ;
#5039 = ORIENTED_EDGE ( 'NONE', *, *, #4663, .T. ) ;
#5040 = EDGE_CURVE ( 'NONE', #1058, #5000, #3124, .T. ) ;
#5041 = CARTESIAN_POINT ( 'NONE',  ( -122.3196080030131583, 40.92229637155631394, -14.45440985207132201 ) ) ;
#5042 = FACE_OUTER_BOUND ( 'NONE', #2129, .T. ) ;
#5043 = CARTESIAN_POINT ( 'NONE',  ( -126.3196080030131441, 39.45352726980763691, -14.79540235893742484 ) ) ;
#5044 = EDGE_CURVE ( 'NONE', #3705, #173, #1467, .T. ) ;
#5045 = DIRECTION ( 'NONE',  ( 1.000000000000000000, 0.000000000000000000, 0.000000000000000000 ) ) ;
#5046 = ORIENTED_EDGE ( 'NONE', *, *, #1731, .T. ) ;
#5047 = CARTESIAN_POINT ( 'NONE',  ( -144.3196080030131725, 57.34269152771611289, -38.29604796487006979 ) ) ;
#5048 = LINE ( 'NONE', #4192, #3289 ) ;
#5049 = VERTEX_POINT ( 'NONE', #4307 ) ;
#5050 = DIRECTION ( 'NONE',  ( 0.000000000000000000, 0.000000000000000000, 1.000000000000000000 ) ) ;
#5051 = ORIENTED_EDGE ( 'NONE', *, *, #2866, .T. ) ;
#5052 = ORIENTED_EDGE ( 'NONE', *, *, #1520, .T. ) ;
#5053 = CARTESIAN_POINT ( 'NONE',  ( -138.5156559678832195, 12.90573262836937296, -51.00000000000000711 ) ) ;
#5054 = VERTEX_POINT ( 'NONE', #1444 ) ;
#5055 = CARTESIAN_POINT ( 'NONE',  ( -130.8196080030131441, -6.036674098891743334, -19.17029532596835395 ) ) ;
#5056 = DIRECTION ( 'NONE',  ( 0.000000000000000000, 0.4916981210386084933, 0.8707657307032138361 ) ) ;
#5057 = EDGE_CURVE ( 'NONE', #5081, #2828, #1871, .T. ) ;
#5058 = ORIENTED_EDGE ( 'NONE', *, *, #1416, .T. ) ;
#5059 = LINE ( 'NONE', #2676, #3252 ) ;
#5060 = DIRECTION ( 'NONE',  ( 0.000000000000000000, 0.7071067811865475727, -0.7071067811865475727 ) ) ;
#5061 = VECTOR ( 'NONE', #2184, 1000.000000000000000 ) ;
#5062 = DIRECTION ( 'NONE',  ( -0.000000000000000000, -0.9995595627334283861, -0.02967626236838656964 ) ) ;
#5063 = ORIENTED_EDGE ( 'NONE', *, *, #3155, .F. ) ;
#5064 = UNCERTAINTY_MEASURE_WITH_UNIT (LENGTH_MEASURE( 1.000000000000000082E-05 ), #2502, 'distance_accuracy_value', 'NONE');
#5065 = CIRCLE ( 'NONE', #4377, 2.999999999999999112 ) ;
#5066 = DIRECTION ( 'NONE',  ( 0.000000000000000000, -1.000000000000000000, -2.079713857324681502E-16 ) ) ;
#5067 = LINE ( 'NONE', #1230, #1401 ) ;
#5068 = FACE_OUTER_BOUND ( 'NONE', #3126, .T. ) ;
#5069 = AXIS2_PLACEMENT_3D ( 'NONE', #4659, #4264, #5248 ) ;
#5070 = CARTESIAN_POINT ( 'NONE',  ( -138.7100973212598376, 2.191055572670236984, -32.85821262944039489 ) ) ;
#5071 = ORIENTED_EDGE ( 'NONE', *, *, #244, .F. ) ;
#5072 = CARTESIAN_POINT ( 'NONE',  ( -138.3196080030131441, 46.32148346731374744, -44.99999999999996447 ) ) ;
#5073 = DIRECTION ( 'NONE',  ( 0.000000000000000000, 0.9999543040532067328, 0.009559801539093316577 ) ) ;
#5074 = ORIENTED_EDGE ( 'NONE', *, *, #801, .T. ) ;
#5075 = FACE_BOUND ( 'NONE', #5275, .T. ) ;
#5076 = EDGE_LOOP ( 'NONE', ( #5084, #2716, #4532, #1698 ) ) ;
#5077 = EDGE_LOOP ( 'NONE', ( #1921, #3915 ) ) ;
#5078 = VECTOR ( 'NONE', #1869, 1000.000000000000000 ) ;
#5079 = DIRECTION ( 'NONE',  ( -1.000000000000000000, -0.000000000000000000, -0.000000000000000000 ) ) ;
#5080 = VECTOR ( 'NONE', #457, 1000.000000000000000 ) ;
#5081 = VERTEX_POINT ( 'NONE', #4734 ) ;
#5082 = CARTESIAN_POINT ( 'NONE',  ( -120.3196080030131583, 65.83968306384814184, -11.44779258935106903 ) ) ;
#5083 = CARTESIAN_POINT ( 'NONE',  ( -134.3196080030131441, 15.18920694317424847, -35.14604796487007121 ) ) ;
#5084 = ORIENTED_EDGE ( 'NONE', *, *, #1553, .F. ) ;
#5085 = AXIS2_PLACEMENT_3D ( 'NONE', #233, #5031, #1760 ) ;
#5086 = EDGE_CURVE ( 'NONE', #2826, #4989, #1494, .T. ) ;
#5087 = DIRECTION ( 'NONE',  ( -0.000000000000000000, -0.4916981210386088819, -0.8707657307032136140 ) ) ;
#5088 = CARTESIAN_POINT ( 'NONE',  ( -131.3196080030131441, 59.63951516103626460, -34.12326697404127174 ) ) ;
#5089 = PLANE ( 'NONE',  #2498 ) ;
#5090 = EDGE_CURVE ( 'NONE', #1870, #3544, #1844, .T. ) ;
#5091 = AXIS2_PLACEMENT_3D ( 'NONE', #3761, #5038, #3810 ) ;
#5092 = VERTEX_POINT ( 'NONE', #1357 ) ;
#5093 = EDGE_CURVE ( 'NONE', #3581, #2332, #1382, .T. ) ;
#5094 = EDGE_CURVE ( 'NONE', #154, #3772, #4625, .T. ) ;
#5095 = FACE_OUTER_BOUND ( 'NONE', #726, .T. ) ;
#5096 = CARTESIAN_POINT ( 'NONE',  ( -130.8196080030131441, 0.000000000000000000, 0.000000000000000000 ) ) ;
#5097 = FACE_OUTER_BOUND ( 'NONE', #2495, .T. ) ;
#5098 = VECTOR ( 'NONE', #5016, 1000.000000000000114 ) ;
#5099 = DIRECTION ( 'NONE',  ( 1.000000000000000000, -0.000000000000000000, -0.000000000000000000 ) ) ;
#5100 = ORIENTED_EDGE ( 'NONE', *, *, #1338, .F. ) ;
#5101 = VECTOR ( 'NONE', #2607, 1000.000000000000000 ) ;
#5102 = CARTESIAN_POINT ( 'NONE',  ( -131.3196080030131441, 1.363516409674022847E-14, -44.29604796487009111 ) ) ;
#5103 = AXIS2_PLACEMENT_3D ( 'NONE', #2240, #527, #4650 ) ;
#5104 = EDGE_LOOP ( 'NONE', ( #3044, #2698, #702, #683, #2806, #1132 ) ) ;
#5105 = AXIS2_PLACEMENT_3D ( 'NONE', #2544, #4579, #1311 ) ;
#5106 = AXIS2_PLACEMENT_3D ( 'NONE', #1987, #99, #3202 ) ;
#5107 = LINE ( 'NONE', #5134, #1296 ) ;
#5108 = ORIENTED_EDGE ( 'NONE', *, *, #3269, .F. ) ;
#5109 = ORIENTED_EDGE ( 'NONE', *, *, #4833, .F. ) ;
#5110 = ADVANCED_FACE ( 'NONE', ( #3433, #2588 ), #4227, .F. ) ;
#5111 = AXIS2_PLACEMENT_3D ( 'NONE', #3193, #1899, #4818 ) ;
#5112 = PLANE ( 'NONE',  #3055 ) ;
#5113 = ORIENTED_EDGE ( 'NONE', *, *, #3462, .T. ) ;
#5114 = CARTESIAN_POINT ( 'NONE',  ( -144.3196080030131725, 57.34269152771611289, -38.29604796487006979 ) ) ;
#5115 = PLANE ( 'NONE',  #109 ) ;
#5116 = EDGE_CURVE ( 'NONE', #1946, #4291, #3880, .T. ) ;
#5117 = ORIENTED_EDGE ( 'NONE', *, *, #3360, .F. ) ;
#5118 = VECTOR ( 'NONE', #4482, 1000.000000000000000 ) ;
#5119 = CIRCLE ( 'NONE', #1259, 3.149999999999999911 ) ;
#5120 = CARTESIAN_POINT ( 'NONE',  ( -131.0696080030130872, 40.96466570714435562, -30.08877352584813636 ) ) ;
#5121 = DIRECTION ( 'NONE',  ( 0.000000000000000000, -1.156482317317870344E-14, -1.000000000000000000 ) ) ;
#5122 = CARTESIAN_POINT ( 'NONE',  ( -131.3196080030131441, 9.837545767464639823, -34.19400379586757310 ) ) ;
#5123 = EDGE_CURVE ( 'NONE', #1146, #4914, #1413, .T. ) ;
#5124 = ORIENTED_EDGE ( 'NONE', *, *, #1873, .F. ) ;
#5125 = DIRECTION ( 'NONE',  ( 0.000000000000000000, 0.000000000000000000, 1.000000000000000000 ) ) ;
#5126 = CARTESIAN_POINT ( 'NONE',  ( -131.3196080030131441, 0.8901690894362919160, -43.57514157680702738 ) ) ;
#5127 =( BOUNDED_CURVE ( )  B_SPLINE_CURVE ( 3, ( #4984, #1314, #1716, #3339 ),
 .UNSPECIFIED., .F., .T. ) 
 B_SPLINE_CURVE_WITH_KNOTS ( ( 4, 4 ),
 ( 4.898228631092436558, 6.024263765173408558 ),
 .UNSPECIFIED. ) 
 CURVE ( )  GEOMETRIC_REPRESENTATION_ITEM ( )  RATIONAL_B_SPLINE_CURVE ( ( 1.000000000000000000, 0.8970989107037895538, 0.8970989107037895538, 1.000000000000000000 ) ) 
 REPRESENTATION_ITEM ( '' )  );
#5128 = DIRECTION ( 'NONE',  ( 1.000000000000000000, -0.000000000000000000, -0.000000000000000000 ) ) ;
#5129 = LINE ( 'NONE', #2791, #2532 ) ;
#5130 = VECTOR ( 'NONE', #2328, 1000.000000000000000 ) ;
#5131 = VERTEX_POINT ( 'NONE', #2615 ) ;
#5132 = DIRECTION ( 'NONE',  ( 0.000000000000000000, 1.000000000000000000, -0.000000000000000000 ) ) ;
#5133 = EDGE_LOOP ( 'NONE', ( #3173, #337, #2288, #360 ) ) ;
#5134 = CARTESIAN_POINT ( 'NONE',  ( -131.3196080030131441, 45.48456918233206636, -13.48559842370335460 ) ) ;
#5135 = ORIENTED_EDGE ( 'NONE', *, *, #1914, .F. ) ;
#5136 = ORIENTED_EDGE ( 'NONE', *, *, #665, .T. ) ;
#5137 = DIRECTION ( 'NONE',  ( -0.000000000000000000, 0.000000000000000000, -1.000000000000000000 ) ) ;
#5138 = ORIENTED_EDGE ( 'NONE', *, *, #1028, .T. ) ;
#5139 = CARTESIAN_POINT ( 'NONE',  ( -136.7604766236715932, 24.13049688702517059, -46.55913137934155088 ) ) ;
#5140 = DIRECTION ( 'NONE',  ( 0.000000000000000000, 0.000000000000000000, 1.000000000000000000 ) ) ;
#5141 = ORIENTED_EDGE ( 'NONE', *, *, #3779, .T. ) ;
#5142 = APPLICATION_CONTEXT ( 'automotive_design' ) ;
#5143 = EDGE_CURVE ( 'NONE', #4351, #100, #587, .T. ) ;
#5144 = CARTESIAN_POINT ( 'NONE',  ( -131.3196080030131441, -4.118425500350480384, -2.430562951267397409 ) ) ;
#5145 = CYLINDRICAL_SURFACE ( 'NONE', #2985, 7.300000000000000711 ) ;
#5146 = DIRECTION ( 'NONE',  ( 0.000000000000000000, 0.000000000000000000, -1.000000000000000000 ) ) ;
#5147 = ORIENTED_EDGE ( 'NONE', *, *, #247, .F. ) ;
#5148 = FACE_OUTER_BOUND ( 'NONE', #466, .T. ) ;
#5149 = DIRECTION ( 'NONE',  ( -1.000000000000000000, -0.000000000000000000, -0.000000000000000000 ) ) ;
#5150 = CARTESIAN_POINT ( 'NONE',  ( 0.000000000000000000, 1.800566254423555446, -51.00000000000000000 ) ) ;
#5151 = MECHANICAL_DESIGN_GEOMETRIC_PRESENTATION_REPRESENTATION (  '', ( #2841 ), #1721 ) ;
#5152 = DIRECTION ( 'NONE',  ( 0.000000000000000000, 1.000000000000000000, 0.000000000000000000 ) ) ;
#5153 = ORIENTED_EDGE ( 'NONE', *, *, #954, .T. ) ;
#5154 = LINE ( 'NONE', #4702, #569 ) ;
#5155 = VERTEX_POINT ( 'NONE', #341 ) ;
#5156 = DIRECTION ( 'NONE',  ( -1.000000000000000000, -0.000000000000000000, -0.000000000000000000 ) ) ;
#5157 = EDGE_CURVE ( 'NONE', #1840, #410, #788, .T. ) ;
#5158 = ORIENTED_EDGE ( 'NONE', *, *, #1145, .T. ) ;
#5159 = ORIENTED_EDGE ( 'NONE', *, *, #4992, .T. ) ;
#5160 = EDGE_CURVE ( 'NONE', #2268, #2830, #5259, .T. ) ;
#5161 = EDGE_CURVE ( 'NONE', #3208, #1705, #4040, .T. ) ;
#5162 = LINE ( 'NONE', #312, #480 ) ;
#5163 = CIRCLE ( 'NONE', #4644, 11.40000000000000036 ) ;
#5164 = ORIENTED_EDGE ( 'NONE', *, *, #3290, .T. ) ;
#5165 = DIRECTION ( 'NONE',  ( 0.000000000000000000, 8.631419086290590552E-16, 1.000000000000000000 ) ) ;
#5166 = CARTESIAN_POINT ( 'NONE',  ( -120.3196080030131583, 48.90350467446872074, -27.23547284888469378 ) ) ;
#5167 = ORIENTED_EDGE ( 'NONE', *, *, #2176, .F. ) ;
#5168 = VECTOR ( 'NONE', #4939, 1000.000000000000114 ) ;
#5169 = VECTOR ( 'NONE', #1769, 1000.000000000000227 ) ;
#5170 = DIRECTION ( 'NONE',  ( 0.000000000000000000, -1.000000000000000000, -1.178229476649152686E-15 ) ) ;
#5171 = CARTESIAN_POINT ( 'NONE',  ( -131.3196080030131441, 12.83343774122669423, -20.05274209494164595 ) ) ;
#5172 = PLANE ( 'NONE',  #2675 ) ;
#5173 = ORIENTED_EDGE ( 'NONE', *, *, #5193, .T. ) ;
#5174 = AXIS2_PLACEMENT_3D ( 'NONE', #2862, #71, #3802 ) ;
#5175 = CARTESIAN_POINT ( 'NONE',  ( -134.3196080030131441, 9.837545767464636270, -34.19400379586757310 ) ) ;
#5176 = CARTESIAN_POINT ( 'NONE',  ( -131.3196080030131441, 20.69762783437838394, -19.93547284888469306 ) ) ;
#5177 = PLANE ( 'NONE',  #714 ) ;
#5178 = DIRECTION ( 'NONE',  ( -1.000000000000000000, 0.000000000000000000, 0.000000000000000000 ) ) ;
#5179 = EDGE_CURVE ( 'NONE', #4302, #1058, #366, .T. ) ;
#5180 = CARTESIAN_POINT ( 'NONE',  ( -138.8204891303103068, 2.301447381720712393, -30.90533368122268598 ) ) ;
#5181 = ORIENTED_EDGE ( 'NONE', *, *, #1778, .T. ) ;
#5182 = CARTESIAN_POINT ( 'NONE',  ( -131.0696080030131441, 40.96466570714435562, -30.08877352584813636 ) ) ;
#5183 = ORIENTED_EDGE ( 'NONE', *, *, #4880, .T. ) ;
#5184 = ADVANCED_FACE ( 'NONE', ( #1168 ), #3564, .F. ) ;
#5185 = LINE ( 'NONE', #4011, #3869 ) ;
#5186 = ORIENTED_EDGE ( 'NONE', *, *, #1981, .F. ) ;
#5187 = ORIENTED_EDGE ( 'NONE', *, *, #2655, .F. ) ;
#5188 = EDGE_CURVE ( 'NONE', #2415, #2912, #4407, .T. ) ;
#5189 = CIRCLE ( 'NONE', #1421, 7.300000000000000711 ) ;
#5190 = DIRECTION ( 'NONE',  ( -1.000000000000000000, -0.000000000000000000, -0.000000000000000000 ) ) ;
#5191 = ORIENTED_EDGE ( 'NONE', *, *, #5228, .T. ) ;
#5192 = CARTESIAN_POINT ( 'NONE',  ( -136.3196080030131441, 69.80056625442354346, -2.000000000000001776 ) ) ;
#5193 = EDGE_CURVE ( 'NONE', #2830, #3437, #4380, .T. ) ;
#5194 = DIRECTION ( 'NONE',  ( 0.000000000000000000, -0.9567439517003997196, -0.2909312820662346977 ) ) ;
#5195 = EDGE_CURVE ( 'NONE', #3563, #1469, #4017, .T. ) ;
#5196 = ORIENTED_EDGE ( 'NONE', *, *, #3022, .T. ) ;
#5197 = VECTOR ( 'NONE', #3648, 1000.000000000000000 ) ;
#5198 = LINE ( 'NONE', #1522, #2699 ) ;
#5199 = CARTESIAN_POINT ( 'NONE',  ( -132.3196080030131725, 26.25199673688658564, -51.00000000000000000 ) ) ;
#5200 = FACE_OUTER_BOUND ( 'NONE', #2663, .T. ) ;
#5201 = VECTOR ( 'NONE', #720, 1000.000000000000000 ) ;
#5202 = ORIENTED_EDGE ( 'NONE', *, *, #2531, .T. ) ;
#5203 = CARTESIAN_POINT ( 'NONE',  ( -131.0696080030131441, 47.20567209103620598, -28.12349751167933931 ) ) ;
#5204 = CARTESIAN_POINT ( 'NONE',  ( -131.3196080030131441, 20.69762783437838394, -19.93547284888469306 ) ) ;
#5205 = CARTESIAN_POINT ( 'NONE',  ( -138.3196080030131441, 0.000000000000000000, 0.000000000000000000 ) ) ;
#5206 = EDGE_CURVE ( 'NONE', #313, #2764, #4656, .T. ) ;
#5207 = LINE ( 'NONE', #2253, #190 ) ;
#5208 = PLANE ( 'NONE',  #216 ) ;
#5209 = VERTEX_POINT ( 'NONE', #3215 ) ;
#5210 = CARTESIAN_POINT ( 'NONE',  ( -120.3196080030131583, 66.73092729468208972, -14.86971232810076948 ) ) ;
#5211 = EDGE_CURVE ( 'NONE', #3093, #905, #4461, .T. ) ;
#5212 = AXIS2_PLACEMENT_3D ( 'NONE', #3577, #2387, #4773 ) ;
#5213 = ORIENTED_EDGE ( 'NONE', *, *, #3555, .T. ) ;
#5214 = CARTESIAN_POINT ( 'NONE',  ( -138.3196080030131441, 39.45352726980763691, -14.79540235893742484 ) ) ;
#5215 = ORIENTED_EDGE ( 'NONE', *, *, #2431, .T. ) ;
#5216 = VERTEX_POINT ( 'NONE', #5267 ) ;
#5217 = DIRECTION ( 'NONE',  ( 0.000000000000000000, -1.000000000000000000, -3.078189753531484519E-16 ) ) ;
#5218 = ORIENTED_EDGE ( 'NONE', *, *, #2289, .F. ) ;
#5219 = DIRECTION ( 'NONE',  ( 0.000000000000000000, 1.000000000000000000, 0.000000000000000000 ) ) ;
#5220 = EDGE_CURVE ( 'NONE', #3263, #2233, #4787, .T. ) ;
#5221 = CARTESIAN_POINT ( 'NONE',  ( -135.9739233781348844, 45.07342194867897689, -47.34568462487825258 ) ) ;
#5222 = VERTEX_POINT ( 'NONE', #3242 ) ;
#5223 = PLANE ( 'NONE',  #4073 ) ;
#5224 = CARTESIAN_POINT ( 'NONE',  ( -131.3196080030131441, 58.92697209478436093, -32.94534080442344504 ) ) ;
#5225 = DIRECTION ( 'NONE',  ( -1.000000000000000000, -0.000000000000000000, -0.000000000000000000 ) ) ;
#5226 = EDGE_CURVE ( 'NONE', #1271, #2742, #2506, .T. ) ;
#5227 = ORIENTED_EDGE ( 'NONE', *, *, #5143, .F. ) ;
#5228 = EDGE_CURVE ( 'NONE', #5000, #4406, #4091, .T. ) ;
#5229 = EDGE_CURVE ( 'NONE', #1510, #4655, #915, .T. ) ;
#5230 = CARTESIAN_POINT ( 'NONE',  ( -120.3196080030131583, 57.34269152771611289, -35.14604796487007121 ) ) ;
#5231 = CARTESIAN_POINT ( 'NONE',  ( -138.3196080030131441, 69.80056625442354346, -2.000000000000001776 ) ) ;
#5232 = DIRECTION ( 'NONE',  ( 0.000000000000000000, 0.000000000000000000, 1.000000000000000000 ) ) ;
#5233 = PLANE ( 'NONE',  #3220 ) ;
#5234 = ORIENTED_EDGE ( 'NONE', *, *, #104, .F. ) ;
#5235 = LINE ( 'NONE', #1560, #3057 ) ;
#5236 = ORIENTED_EDGE ( 'NONE', *, *, #112, .F. ) ;
#5237 = VECTOR ( 'NONE', #3014, 1000.000000000000114 ) ;
#5238 = DIRECTION ( 'NONE',  ( 1.000000000000000000, -0.000000000000000000, 0.000000000000000000 ) ) ;
#5239 = ORIENTED_EDGE ( 'NONE', *, *, #916, .F. ) ;
#5240 = ORIENTED_EDGE ( 'NONE', *, *, #5093, .T. ) ;
#5241 = DIRECTION ( 'NONE',  ( -1.000000000000000000, 0.000000000000000000, 0.000000000000000000 ) ) ;
#5242 = VERTEX_POINT ( 'NONE', #4757 ) ;
#5243 = CARTESIAN_POINT ( 'NONE',  ( -134.8196080030131441, 0.000000000000000000, 0.000000000000000000 ) ) ;
#5244 = LINE ( 'NONE', #3616, #4701 ) ;
#5245 = ORIENTED_EDGE ( 'NONE', *, *, #3337, .T. ) ;
#5246 = CARTESIAN_POINT ( 'NONE',  ( -138.3841292386032933, 59.21163945618314273, -51.00000000000000711 ) ) ;
#5247 = LINE ( 'NONE', #1977, #1600 ) ;
#5248 = DIRECTION ( 'NONE',  ( 0.000000000000000000, 0.000000000000000000, 1.000000000000000000 ) ) ;
#5249 = ORIENTED_EDGE ( 'NONE', *, *, #1349, .F. ) ;
#5250 = EDGE_CURVE ( 'NONE', #2830, #2646, #1493, .T. ) ;
#5251 = CIRCLE ( 'NONE', #3207, 7.300000000000000711 ) ;
#5252 = LINE ( 'NONE', #326, #4259 ) ;
#5253 = CARTESIAN_POINT ( 'NONE',  ( -131.3196080030131441, 12.25844098113098823, -44.29604796487009111 ) ) ;
#5254 = CARTESIAN_POINT ( 'NONE',  ( -131.0696080030131441, 13.60761129450515305, -44.29604796487008400 ) ) ;
#5255 = EDGE_CURVE ( 'NONE', #2504, #685, #5285, .T. ) ;
#5256 = EDGE_CURVE ( 'NONE', #2480, #1064, #1542, .T. ) ;
#5257 = DIRECTION ( 'NONE',  ( 0.000000000000000000, -1.000000000000000000, 0.000000000000000000 ) ) ;
#5258 = ORIENTED_EDGE ( 'NONE', *, *, #3721, .T. ) ;
#5259 = CIRCLE ( 'NONE', #638, 3.149999999999999911 ) ;
#5260 = DIRECTION ( 'NONE',  ( 0.000000000000000000, 0.000000000000000000, -1.000000000000000000 ) ) ;
#5261 = VERTEX_POINT ( 'NONE', #686 ) ;
#5262 = CARTESIAN_POINT ( 'NONE',  ( -142.8196080030131441, 57.34269152771611289, -38.29604796487006979 ) ) ;
#5263 = VECTOR ( 'NONE', #4746, 1000.000000000000114 ) ;
#5264 = ORIENTED_EDGE ( 'NONE', *, *, #3434, .F. ) ;
#5265 = DIRECTION ( 'NONE',  ( 0.000000000000000000, 0.009559801539094770276, -0.9999543040532068439 ) ) ;
#5266 = ORIENTED_EDGE ( 'NONE', *, *, #3101, .F. ) ;
#5267 = CARTESIAN_POINT ( 'NONE',  ( -120.3196080030131583, 39.45352726980763691, -10.29540235893742306 ) ) ;
#5268 = FACE_OUTER_BOUND ( 'NONE', #625, .T. ) ;
#5269 = VERTEX_POINT ( 'NONE', #2317 ) ;
#5270 = VECTOR ( 'NONE', #5170, 1000.000000000000000 ) ;
#5271 = LINE ( 'NONE', #4540, #1937 ) ;
#5272 = DIRECTION ( 'NONE',  ( 0.000000000000000000, 0.000000000000000000, 1.000000000000000000 ) ) ;
#5273 = CARTESIAN_POINT ( 'NONE',  ( -120.3196080030131583, 3.761449444998968161, -11.44779258935106903 ) ) ;
#5274 = EDGE_CURVE ( 'NONE', #122, #3477, #3959, .T. ) ;
#5275 = EDGE_LOOP ( 'NONE', ( #573, #4893 ) ) ;
#5276 = EDGE_CURVE ( 'NONE', #4048, #3600, #5119, .T. ) ;
#5277 = CARTESIAN_POINT ( 'NONE',  ( -138.3196080030131441, 67.80056625442354346, -10.67734393040305818 ) ) ;
#5278 = VECTOR ( 'NONE', #3812, 1000.000000000000000 ) ;
#5279 = DIRECTION ( 'NONE',  ( 0.000000000000000000, 0.000000000000000000, -1.000000000000000000 ) ) ;
#5280 = DIRECTION ( 'NONE',  ( -0.000000000000000000, -0.9995595627334283861, -0.02967626236838656964 ) ) ;
#5281 = DIRECTION ( 'NONE',  ( 0.000000000000000000, -0.02042410818257910446, 0.9997914061467754188 ) ) ;
#5282 = EDGE_CURVE ( 'NONE', #1009, #2587, #843, .T. ) ;
#5283 = FACE_OUTER_BOUND ( 'NONE', #232, .T. ) ;
#5284 = VERTEX_POINT ( 'NONE', #4140 ) ;
#5285 = CIRCLE ( 'NONE', #495, 3.000000000000002665 ) ;
#5286 = CARTESIAN_POINT ( 'NONE',  ( -120.3196080030131583, 3.761449444998968161, -14.44779258935107258 ) ) ;
#5287 = EDGE_LOOP ( 'NONE', ( #3038, #350, #3374, #1348, #4189, #1461 ) ) ;
#5288 = CARTESIAN_POINT ( 'NONE',  ( -120.3196080030131583, 4.070205214165001806, -44.94907805431299153 ) ) ;
#5289 = ORIENTED_EDGE ( 'NONE', *, *, #3625, .F. ) ;
#5290 = VECTOR ( 'NONE', #2908, 1000.000000000000114 ) ;
#5291 = DIRECTION ( 'NONE',  ( -0.000000000000000000, 0.000000000000000000, 1.000000000000000000 ) ) ;
#5292 = VERTEX_POINT ( 'NONE', #2907 ) ;
#5293 =( NAMED_UNIT ( * ) SI_UNIT ( $, .STERADIAN. ) SOLID_ANGLE_UNIT ( ) );
#5294 = DIRECTION ( 'NONE',  ( -1.000000000000000000, -0.000000000000000000, -0.000000000000000000 ) ) ;
#5295 = ORIENTED_EDGE ( 'NONE', *, *, #735, .F. ) ;
#5296 = CIRCLE ( 'NONE', #4949, 2.999999999999999112 ) ;
#5297 = LINE ( 'NONE', #3272, #1675 ) ;
#5298 = ORIENTED_EDGE ( 'NONE', *, *, #3203, .F. ) ;
#5299 = LINE ( 'NONE', #5273, #4815 ) ;
#5300 = ORIENTED_EDGE ( 'NONE', *, *, #3780, .T. ) ;
#5301 = EDGE_CURVE ( 'NONE', #5242, #3553, #3347, .T. ) ;
#5302 = FACE_OUTER_BOUND ( 'NONE', #3850, .T. ) ;
#5303 = LINE ( 'NONE', #2944, #4519 ) ;
#5304 = CARTESIAN_POINT ( 'NONE',  ( -120.3196080030131583, 28.63646680170275616, -15.88149908682619582 ) ) ;
#5305 = CARTESIAN_POINT ( 'NONE',  ( -138.5156559678832195, 12.25844098113098646, -51.00000000000000000 ) ) ;
#5306 = CARTESIAN_POINT ( 'NONE',  ( -131.0696080030131441, 62.94430011170420869, -36.14616860272179366 ) ) ;
ENDSEC;
END-ISO-10303-21;
