ISO-10303-21;
HEADER;
FILE_DESCRIPTION (( 'STEP AP214' ),
    '1' );
FILE_NAME ('heatsink_external_70x70x3-6mm.STEP',
    '2026-08-21T18:09:47',
    ( '' ),
    ( '' ),
    'SwSTEP 2.0',
    'SolidWorks 2025',
    '' );
FILE_SCHEMA (( 'AUTOMOTIVE_DESIGN' ));
ENDSEC;

DATA;
#1 = ADVANCED_FACE ( 'NONE', ( #2617 ), #4389, .F. ) ;
#2 = LINE ( 'NONE', #1746, #1987 ) ;
#3 = AXIS2_PLACEMENT_3D ( 'NONE', #4372, #1086, #2559 ) ;
#4 = DIRECTION ( 'NONE',  ( -9.912705577010325549E-17, 1.000000000000000000, 0.000000000000000000 ) ) ;
#5 = ORIENTED_EDGE ( 'NONE', *, *, #2343, .T. ) ;
#6 = CARTESIAN_POINT ( 'NONE',  ( 69.00000000000000000, 0.5000000000000004441, 6.000000000000000000 ) ) ;
#7 = EDGE_CURVE ( 'NONE', #1778, #2858, #716, .T. ) ;
#8 = VECTOR ( 'NONE', #3564, 1000.000000000000000 ) ;
#9 = DIRECTION ( 'NONE',  ( -1.486905836551548586E-16, 1.000000000000000000, 0.000000000000000000 ) ) ;
#10 = CARTESIAN_POINT ( 'NONE',  ( 33.77702694990786370, 69.00000000000000000, 5.500000000000000000 ) ) ;
#11 = VECTOR ( 'NONE', #1312, 1000.000000000000000 ) ;
#12 = ORIENTED_EDGE ( 'NONE', *, *, #1723, .T. ) ;
#13 = ORIENTED_EDGE ( 'NONE', *, *, #79, .F. ) ;
#14 = VECTOR ( 'NONE', #4547, 1000.000000000000000 ) ;
#15 = DIRECTION ( 'NONE',  ( -1.000000000000000000, 0.000000000000000000, 0.000000000000000000 ) ) ;
#16 = VERTEX_POINT ( 'NONE', #2205 ) ;
#17 = LINE ( 'NONE', #1873, #2359 ) ;
#18 = ORIENTED_EDGE ( 'NONE', *, *, #2369, .F. ) ;
#19 = EDGE_CURVE ( 'NONE', #1750, #2303, #2302, .T. ) ;
#20 = VECTOR ( 'NONE', #2417, 1000.000000000000000 ) ;
#21 = DIRECTION ( 'NONE',  ( -0.000000000000000000, -0.000000000000000000, 1.000000000000000000 ) ) ;
#22 = EDGE_CURVE ( 'NONE', #3908, #2469, #2351, .T. ) ;
#23 = FACE_OUTER_BOUND ( 'NONE', #3190, .T. ) ;
#24 = ORIENTED_EDGE ( 'NONE', *, *, #3712, .T. ) ;
#25 = DIRECTION ( 'NONE',  ( 0.000000000000000000, 0.000000000000000000, -1.000000000000000000 ) ) ;
#26 = ORIENTED_EDGE ( 'NONE', *, *, #480, .F. ) ;
#27 = AXIS2_PLACEMENT_3D ( 'NONE', #332, #3296, #3678 ) ;
#28 = CARTESIAN_POINT ( 'NONE',  ( 0.000000000000000000, 0.000000000000000000, 0.000000000000000000 ) ) ;
#29 = CIRCLE ( 'NONE', #2736, 1.000000000000000888 ) ;
#30 = ORIENTED_EDGE ( 'NONE', *, *, #1849, .T. ) ;
#31 = DIRECTION ( 'NONE',  ( 1.000000000000000000, 0.000000000000000000, 0.000000000000000000 ) ) ;
#32 = LINE ( 'NONE', #1962, #1342 ) ;
#33 = LINE ( 'NONE', #1168, #3031 ) ;
#34 = ORIENTED_EDGE ( 'NONE', *, *, #2868, .T. ) ;
#35 = ORIENTED_EDGE ( 'NONE', *, *, #1440, .T. ) ;
#36 = EDGE_CURVE ( 'NONE', #2618, #1750, #3731, .T. ) ;
#37 = AXIS2_PLACEMENT_3D ( 'NONE', #628, #2834, #2101 ) ;
#38 = CARTESIAN_POINT ( 'NONE',  ( 2.874999999999999112, 65.50000000000001421, 5.499999999999993783 ) ) ;
#39 = EDGE_LOOP ( 'NONE', ( #321, #1072, #452, #671 ) ) ;
#40 = CARTESIAN_POINT ( 'NONE',  ( 43.52871631261518104, 69.00000000000000000, 5.500000000000000000 ) ) ;
#41 = ORIENTED_EDGE ( 'NONE', *, *, #1634, .T. ) ;
#42 = AXIS2_PLACEMENT_3D ( 'NONE', #3457, #2759, #2705 ) ;
#43 = AXIS2_PLACEMENT_3D ( 'NONE', #436, #1906, #1620 ) ;
#44 = CARTESIAN_POINT ( 'NONE',  ( 11.85979716233876680, 1.000000000000000888, 3.000000000000000000 ) ) ;
#45 = FACE_OUTER_BOUND ( 'NONE', #1845, .T. ) ;
#46 = ORIENTED_EDGE ( 'NONE', *, *, #2183, .F. ) ;
#47 = CARTESIAN_POINT ( 'NONE',  ( 21.61148652504606815, 69.00000000000000000, 5.500000000000000000 ) ) ;
#48 = ORIENTED_EDGE ( 'NONE', *, *, #1512, .T. ) ;
#49 = EDGE_CURVE ( 'NONE', #2288, #1991, #3469, .T. ) ;
#50 =( NAMED_UNIT ( * ) PLANE_ANGLE_UNIT ( ) SI_UNIT ( $, .RADIAN. ) );
#51 = PLANE ( 'NONE',  #3565 ) ;
#52 = ORIENTED_EDGE ( 'NONE', *, *, #4551, .F. ) ;
#53 = VECTOR ( 'NONE', #577, 1000.000000000000114 ) ;
#54 = CIRCLE ( 'NONE', #2761, 0.5000000000000004441 ) ;
#55 = DIRECTION ( 'NONE',  ( -0.000000000000000000, 0.000000000000000000, -1.000000000000000000 ) ) ;
#56 = PRESENTATION_LAYER_ASSIGNMENT (  '', '', ( #2063 ) ) ;
#57 = DIRECTION ( 'NONE',  ( 1.486905836551548832E-16, -1.000000000000000000, 0.000000000000000000 ) ) ;
#58 = CARTESIAN_POINT ( 'NONE',  ( 65.50000000000000000, 4.500000000000003553, 0.000000000000000000 ) ) ;
#59 = LINE ( 'NONE', #158, #1474 ) ;
#60 = ORIENTED_EDGE ( 'NONE', *, *, #2627, .T. ) ;
#61 = DIRECTION ( 'NONE',  ( -1.000000000000000000, -0.000000000000000000, -0.000000000000000000 ) ) ;
#62 = ADVANCED_FACE ( 'NONE', ( #4524 ), #2774, .T. ) ;
#63 = AXIS2_PLACEMENT_3D ( 'NONE', #4717, #1519, #4309 ) ;
#64 = DIRECTION ( 'NONE',  ( -1.000000000000000000, 0.000000000000000000, -0.000000000000000000 ) ) ;
#65 = ORIENTED_EDGE ( 'NONE', *, *, #4325, .F. ) ;
#66 = DIRECTION ( 'NONE',  ( 0.000000000000000000, 0.000000000000000000, -1.000000000000000000 ) ) ;
#67 = ORIENTED_EDGE ( 'NONE', *, *, #3247, .F. ) ;
#68 = CARTESIAN_POINT ( 'NONE',  ( 14.30574326252304473, 1.000000000000000000, 6.000000000000000000 ) ) ;
#69 = CARTESIAN_POINT ( 'NONE',  ( 14.30574326252303408, 70.00000000000000000, 5.500000000000027534 ) ) ;
#70 = ORIENTED_EDGE ( 'NONE', *, *, #2932, .F. ) ;
#71 = LINE ( 'NONE', #818, #1585 ) ;
#72 = ORIENTED_EDGE ( 'NONE', *, *, #3247, .T. ) ;
#73 = DIRECTION ( 'NONE',  ( -1.000000000000000000, 0.000000000000000000, 0.000000000000000000 ) ) ;
#74 = DIRECTION ( 'NONE',  ( 0.000000000000000000, 0.000000000000000000, 1.000000000000000000 ) ) ;
#75 = VERTEX_POINT ( 'NONE', #2668 ) ;
#76 = LINE ( 'NONE', #3080, #3812 ) ;
#77 = AXIS2_PLACEMENT_3D ( 'NONE', #4353, #2153, #1042 ) ;
#78 = EDGE_CURVE ( 'NONE', #4404, #2878, #1554, .T. ) ;
#79 = EDGE_CURVE ( 'NONE', #3763, #2726, #83, .T. ) ;
#80 = CYLINDRICAL_SURFACE ( 'NONE', #4582, 1.000000000000000888 ) ;
#81 = EDGE_CURVE ( 'NONE', #2228, #3460, #1943, .T. ) ;
#82 = CARTESIAN_POINT ( 'NONE',  ( 21.61148652504607881, 0.000000000000000000, 6.000000000000000000 ) ) ;
#83 = LINE ( 'NONE', #1217, #4241 ) ;
#84 = AXIS2_PLACEMENT_3D ( 'NONE', #3835, #1966, #1916 ) ;
#85 = ORIENTED_EDGE ( 'NONE', *, *, #3340, .T. ) ;
#86 = CARTESIAN_POINT ( 'NONE',  ( 1.000000000000000000, 70.00000000000000000, 6.000000000000000000 ) ) ;
#87 = EDGE_CURVE ( 'NONE', #783, #4204, #4564, .T. ) ;
#88 = CONICAL_SURFACE ( 'NONE', #4483, 1.625000000000001332, 0.7853981633974285170 ) ;
#89 = CARTESIAN_POINT ( 'NONE',  ( 28.91722978756911644, 0.5000000000000004441, 6.000000000000000000 ) ) ;
#90 = VERTEX_POINT ( 'NONE', #131 ) ;
#91 = EDGE_CURVE ( 'NONE', #4238, #2892, #59, .T. ) ;
#92 = DIRECTION ( 'NONE',  ( -0.000000000000000000, -0.000000000000000000, 1.000000000000000000 ) ) ;
#93 = ORIENTED_EDGE ( 'NONE', *, *, #4641, .F. ) ;
#94 = DIRECTION ( 'NONE',  ( -1.000000000000000000, 0.000000000000000000, 0.000000000000000000 ) ) ;
#95 = CARTESIAN_POINT ( 'NONE',  ( 28.91722978756911644, 1.000000000000000000, 6.000000000000000000 ) ) ;
#96 = ORIENTED_EDGE ( 'NONE', *, *, #2519, .F. ) ;
#97 = CARTESIAN_POINT ( 'NONE',  ( 55.69425673747696948, 69.00000000000000000, 6.000000000000000000 ) ) ;
#98 = ORIENTED_EDGE ( 'NONE', *, *, #2658, .T. ) ;
#99 =( NAMED_UNIT ( * ) SI_UNIT ( $, .STERADIAN. ) SOLID_ANGLE_UNIT ( ) );
#100 = AXIS2_PLACEMENT_3D ( 'NONE', #604, #3937, #3528 ) ;
#101 = PLANE ( 'NONE',  #1884 ) ;
#102 = AXIS2_PLACEMENT_3D ( 'NONE', #4088, #4113, #2640 ) ;
#103 = DIRECTION ( 'NONE',  ( -1.000000000000000000, 0.000000000000000000, 0.000000000000000000 ) ) ;
#104 = ORIENTED_EDGE ( 'NONE', *, *, #3340, .F. ) ;
#105 = DIRECTION ( 'NONE',  ( 9.912705577010325549E-17, -1.000000000000000000, 0.000000000000000000 ) ) ;
#106 = CARTESIAN_POINT ( 'NONE',  ( 29.41722978756911644, 4.374065066631458817E-15, 6.000000000000000000 ) ) ;
#107 = DIRECTION ( 'NONE',  ( -1.000000000000000000, 0.000000000000000000, 0.000000000000000000 ) ) ;
#108 = DIRECTION ( 'NONE',  ( -0.000000000000000000, 0.000000000000000000, -1.000000000000000000 ) ) ;
#109 = ORIENTED_EDGE ( 'NONE', *, *, #1523, .T. ) ;
#110 = DIRECTION ( 'NONE',  ( -0.000000000000000000, 0.000000000000000000, -1.000000000000000000 ) ) ;
#111 = EDGE_CURVE ( 'NONE', #669, #2724, #2326, .T. ) ;
#112 = DIRECTION ( 'NONE',  ( -1.000000000000000000, 0.000000000000000000, 0.000000000000000000 ) ) ;
#113 = VERTEX_POINT ( 'NONE', #1629 ) ;
#114 = CARTESIAN_POINT ( 'NONE',  ( 37.22297305009214341, 70.00000000000000000, 3.000000000000000000 ) ) ;
#115 = VERTEX_POINT ( 'NONE', #4503 ) ;
#116 = ADVANCED_FACE ( 'NONE', ( #3014 ), #4336, .T. ) ;
#117 = CARTESIAN_POINT ( 'NONE',  ( 28.91722978756911644, 0.000000000000000000, 6.000000000000000000 ) ) ;
#118 = CARTESIAN_POINT ( 'NONE',  ( 37.22297305009214341, 70.00000000000000000, 5.500000000000000000 ) ) ;
#119 = ORIENTED_EDGE ( 'NONE', *, *, #3996, .F. ) ;
#120 = DIRECTION ( 'NONE',  ( -0.000000000000000000, -0.000000000000000000, 1.000000000000000000 ) ) ;
#121 = ORIENTED_EDGE ( 'NONE', *, *, #3948, .F. ) ;
#122 = AXIS2_PLACEMENT_3D ( 'NONE', #1327, #1035, #2809 ) ;
#123 = EDGE_CURVE ( 'NONE', #3008, #3095, #446, .T. ) ;
#124 = CARTESIAN_POINT ( 'NONE',  ( 32.77702694990786370, 70.00000000000000000, 5.500000000000000000 ) ) ;
#125 = CARTESIAN_POINT ( 'NONE',  ( 54.69425673747697658, 1.000000000000000888, 3.000000000000000000 ) ) ;
#126 = ORIENTED_EDGE ( 'NONE', *, *, #1076, .F. ) ;
#127 = CARTESIAN_POINT ( 'NONE',  ( 55.69425673747697658, 1.000000000000000888, 5.500000000000000000 ) ) ;
#128 = EDGE_CURVE ( 'NONE', #1437, #2584, #4140, .T. ) ;
#129 = CARTESIAN_POINT ( 'NONE',  ( 26.47128368738483672, 1.000000000000000888, 3.000000000000000000 ) ) ;
#130 = LINE ( 'NONE', #781, #1755 ) ;
#131 = CARTESIAN_POINT ( 'NONE',  ( 29.41722978756910578, 69.00000000000000000, 6.000000000000000000 ) ) ;
#132 = ORIENTED_EDGE ( 'NONE', *, *, #4496, .T. ) ;
#133 = VECTOR ( 'NONE', #2800, 1000.000000000000000 ) ;
#134 = DIRECTION ( 'NONE',  ( -1.000000000000000000, 0.000000000000000000, 0.000000000000000000 ) ) ;
#135 = VECTOR ( 'NONE', #3089, 1000.000000000000000 ) ;
#136 = DIRECTION ( 'NONE',  ( 0.000000000000000000, 0.000000000000000000, -1.000000000000000000 ) ) ;
#137 = ADVANCED_FACE ( 'NONE', ( #1239 ), #2643, .F. ) ;
#138 = VERTEX_POINT ( 'NONE', #4574 ) ;
#139 = LINE ( 'NONE', #3449, #4526 ) ;
#140 = CIRCLE ( 'NONE', #1137, 0.5000000000000004441 ) ;
#141 = EDGE_LOOP ( 'NONE', ( #3588, #2264, #4340, #1622, #2352, #24, #839, #833 ) ) ;
#142 = AXIS2_PLACEMENT_3D ( 'NONE', #1898, #1251, #506 ) ;
#143 = VECTOR ( 'NONE', #686, 1000.000000000000000 ) ;
#144 = DIRECTION ( 'NONE',  ( 1.000000000000000000, 0.000000000000000000, 0.000000000000000000 ) ) ;
#145 = DIRECTION ( 'NONE',  ( 0.000000000000000000, 0.000000000000000000, 1.000000000000000000 ) ) ;
#146 = EDGE_LOOP ( 'NONE', ( #1176, #3085, #486, #3302 ) ) ;
#147 = EDGE_CURVE ( 'NONE', #2017, #1388, #470, .T. ) ;
#148 = DIRECTION ( 'NONE',  ( 1.000000000000000000, 0.000000000000000000, 0.000000000000000000 ) ) ;
#149 = VERTEX_POINT ( 'NONE', #520 ) ;
#150 = EDGE_CURVE ( 'NONE', #3577, #3327, #4169, .T. ) ;
#151 = CARTESIAN_POINT ( 'NONE',  ( 69.00000000000000000, 1.000000000000000000, 0.000000000000000000 ) ) ;
#152 = CARTESIAN_POINT ( 'NONE',  ( 59.14020283766124919, 69.00000000000000000, 3.000000000000000000 ) ) ;
#153 = ORIENTED_EDGE ( 'NONE', *, *, #1422, .T. ) ;
#154 = DIRECTION ( 'NONE',  ( -1.000000000000000000, 0.000000000000000000, 0.000000000000000000 ) ) ;
#155 = CARTESIAN_POINT ( 'NONE',  ( 50.83445957513821156, 69.00000000000000000, 5.500000000000000000 ) ) ;
#156 = DIRECTION ( 'NONE',  ( -1.000000000000000000, 0.000000000000000000, 0.000000000000000000 ) ) ;
#157 = EDGE_CURVE ( 'NONE', #2240, #4778, #496, .T. ) ;
#158 = CARTESIAN_POINT ( 'NONE',  ( 32.77702694990786370, 70.00000000000000000, 3.000000000000000000 ) ) ;
#159 = ORIENTED_EDGE ( 'NONE', *, *, #1863, .T. ) ;
#160 = CARTESIAN_POINT ( 'NONE',  ( 36.72297305009214341, 69.00000000000000000, 6.000000000000000000 ) ) ;
#161 = VECTOR ( 'NONE', #3601, 1000.000000000000000 ) ;
#162 = EDGE_CURVE ( 'NONE', #1870, #2528, #4645, .T. ) ;
#163 = DIRECTION ( 'NONE',  ( 0.000000000000000000, 0.7071067811865475727, -0.7071067811865475727 ) ) ;
#164 = ORIENTED_EDGE ( 'NONE', *, *, #4239, .F. ) ;
#165 = CONICAL_SURFACE ( 'NONE', #4475, 0.5000000000000004441, 0.7853981633974482790 ) ;
#166 = PLANE ( 'NONE',  #213 ) ;
#167 = ORIENTED_EDGE ( 'NONE', *, *, #1146, .T. ) ;
#168 = CARTESIAN_POINT ( 'NONE',  ( 0.000000000000000000, 0.000000000000000000, 5.500000000000000000 ) ) ;
#169 = AXIS2_PLACEMENT_3D ( 'NONE', #887, #4529, #3087 ) ;
#170 = DIRECTION ( 'NONE',  ( 0.000000000000000000, 1.000000000000000000, 0.000000000000000000 ) ) ;
#171 = ORIENTED_EDGE ( 'NONE', *, *, #3550, .F. ) ;
#172 = CYLINDRICAL_SURFACE ( 'NONE', #2610, 1.000000000000000888 ) ;
#173 = ORIENTED_EDGE ( 'NONE', *, *, #2176, .F. ) ;
#174 = CIRCLE ( 'NONE', #1017, 1.000000000000000888 ) ;
#175 = EDGE_CURVE ( 'NONE', #3095, #1388, #4311, .T. ) ;
#176 = EDGE_CURVE ( 'NONE', #2188, #3701, #2423, .T. ) ;
#177 = DIRECTION ( 'NONE',  ( -1.000000000000000000, 0.000000000000000000, 0.000000000000000000 ) ) ;
#178 = AXIS2_PLACEMENT_3D ( 'NONE', #1578, #3418, #4523 ) ;
#179 = CARTESIAN_POINT ( 'NONE',  ( 37.22297305009214341, 70.00000000000000000, 5.500000000000000000 ) ) ;
#180 = VERTEX_POINT ( 'NONE', #2793 ) ;
#181 = CARTESIAN_POINT ( 'NONE',  ( 70.00000000000000000, 1.000000000000000000, 5.500000000000000000 ) ) ;
#182 = DIRECTION ( 'NONE',  ( 0.000000000000000000, 0.000000000000000000, -1.000000000000000000 ) ) ;
#183 = CARTESIAN_POINT ( 'NONE',  ( 43.52871631261518104, 70.00000000000000000, 3.000000000000000000 ) ) ;
#184 = FACE_OUTER_BOUND ( 'NONE', #3975, .T. ) ;
#185 = ORIENTED_EDGE ( 'NONE', *, *, #3075, .T. ) ;
#186 = AXIS2_PLACEMENT_3D ( 'NONE', #3275, #3660, #4743 ) ;
#187 = CYLINDRICAL_SURFACE ( 'NONE', #2914, 1.000000000000000888 ) ;
#188 = DIRECTION ( 'NONE',  ( 0.000000000000000000, 0.000000000000000000, 1.000000000000000000 ) ) ;
#189 = VERTEX_POINT ( 'NONE', #1678 ) ;
#190 = DIRECTION ( 'NONE',  ( -1.000000000000000000, 0.000000000000000000, 0.000000000000000000 ) ) ;
#191 = ORIENTED_EDGE ( 'NONE', *, *, #3137, .T. ) ;
#192 = CIRCLE ( 'NONE', #4661, 0.5000000000000004441 ) ;
#193 = DIRECTION ( 'NONE',  ( 1.000000000000000000, 0.000000000000000000, 0.000000000000000000 ) ) ;
#194 = DIRECTION ( 'NONE',  ( 1.000000000000000000, 1.239088197126290570E-16, 0.000000000000000000 ) ) ;
#195 = ORIENTED_EDGE ( 'NONE', *, *, #2152, .T. ) ;
#196 = DIRECTION ( 'NONE',  ( 0.000000000000000000, 0.000000000000000000, -1.000000000000000000 ) ) ;
#197 = DIRECTION ( 'NONE',  ( 0.000000000000000000, 0.000000000000000000, 1.000000000000000000 ) ) ;
#198 = AXIS2_PLACEMENT_3D ( 'NONE', #1231, #2007, #4497 ) ;
#199 = CYLINDRICAL_SURFACE ( 'NONE', #2565, 1.000000000000000888 ) ;
#200 = DIRECTION ( 'NONE',  ( 0.000000000000000000, 0.000000000000000000, -1.000000000000000000 ) ) ;
#201 = LINE ( 'NONE', #3467, #1263 ) ;
#202 = CARTESIAN_POINT ( 'NONE',  ( 65.50000000000000000, 4.500000000000003553, 6.000000000000000000 ) ) ;
#203 = CARTESIAN_POINT ( 'NONE',  ( 63.87500000000000000, 65.50000000000000000, 6.000000000000000000 ) ) ;
#204 = ORIENTED_EDGE ( 'NONE', *, *, #4125, .T. ) ;
#205 = DIRECTION ( 'NONE',  ( 1.486905836551548586E-16, -1.000000000000000000, 0.000000000000000000 ) ) ;
#206 = DIRECTION ( 'NONE',  ( -0.7071067811865475727, -7.009341333409709641E-17, -0.7071067811865475727 ) ) ;
#207 = VERTEX_POINT ( 'NONE', #4267 ) ;
#208 = CIRCLE ( 'NONE', #3991, 1.000000000000000888 ) ;
#209 = DIRECTION ( 'NONE',  ( -0.000000000000000000, -0.000000000000000000, 1.000000000000000000 ) ) ;
#210 = ORIENTED_EDGE ( 'NONE', *, *, #3012, .T. ) ;
#211 = EDGE_CURVE ( 'NONE', #1109, #2522, #174, .T. ) ;
#212 = CIRCLE ( 'NONE', #4227, 1.000000000000000888 ) ;
#213 = AXIS2_PLACEMENT_3D ( 'NONE', #114, #812, #1637 ) ;
#214 = CYLINDRICAL_SURFACE ( 'NONE', #1546, 1.625000000000001332 ) ;
#215 = ADVANCED_FACE ( 'NONE', ( #906 ), #974, .F. ) ;
#216 = CARTESIAN_POINT ( 'NONE',  ( 21.61148652504607881, 1.000000000000000000, 5.500000000000000000 ) ) ;
#217 = VERTEX_POINT ( 'NONE', #4621 ) ;
#218 = CIRCLE ( 'NONE', #1759, 0.5000000000000004441 ) ;
#219 = DIRECTION ( 'NONE',  ( 0.000000000000000000, 0.000000000000000000, -1.000000000000000000 ) ) ;
#220 = VECTOR ( 'NONE', #4491, 1000.000000000000114 ) ;
#221 = EDGE_CURVE ( 'NONE', #3047, #863, #3945, .T. ) ;
#222 = DIRECTION ( 'NONE',  ( 1.000000000000000000, 0.000000000000000000, 0.000000000000000000 ) ) ;
#223 = AXIS2_PLACEMENT_3D ( 'NONE', #47, #1158, #2631 ) ;
#224 = DIRECTION ( 'NONE',  ( -1.000000000000000000, 0.000000000000000000, 0.000000000000000000 ) ) ;
#225 = CARTESIAN_POINT ( 'NONE',  ( 59.14020283766124919, 70.00000000000000000, 3.000000000000000000 ) ) ;
#226 = PLANE ( 'NONE',  #2798 ) ;
#227 = CARTESIAN_POINT ( 'NONE',  ( 33.77702694990787791, 0.000000000000000000, 5.500000000000000000 ) ) ;
#228 = ORIENTED_EDGE ( 'NONE', *, *, #2603, .F. ) ;
#229 = CARTESIAN_POINT ( 'NONE',  ( 32.77702694990787791, 1.000000000000000888, 3.000000000000000000 ) ) ;
#230 = EDGE_CURVE ( 'NONE', #1165, #2296, #254, .T. ) ;
#231 = EDGE_CURVE ( 'NONE', #2618, #1785, #587, .T. ) ;
#232 = EDGE_CURVE ( 'NONE', #3658, #4368, #2447, .T. ) ;
#233 = CARTESIAN_POINT ( 'NONE',  ( 65.50000000000000000, 4.500000000000003553, 5.499999999999996447 ) ) ;
#234 = ORIENTED_EDGE ( 'NONE', *, *, #2807, .T. ) ;
#235 = CARTESIAN_POINT ( 'NONE',  ( 25.47128368738482607, 70.00000000000000000, 3.000000000000000000 ) ) ;
#236 = ORIENTED_EDGE ( 'NONE', *, *, #732, .T. ) ;
#237 = ADVANCED_FACE ( 'NONE', ( #184 ), #1507, .T. ) ;
#238 = AXIS2_PLACEMENT_3D ( 'NONE', #1468, #2950, #1063 ) ;
#239 = DIRECTION ( 'NONE',  ( -0.000000000000000000, -0.000000000000000000, -1.000000000000000000 ) ) ;
#240 = CARTESIAN_POINT ( 'NONE',  ( 22.61148652504606815, 69.00000000000000000, 3.000000000000000000 ) ) ;
#241 = EDGE_LOOP ( 'NONE', ( #3133, #2880, #4622, #1960 ) ) ;
#242 = LINE ( 'NONE', #2030, #355 ) ;
#243 = VECTOR ( 'NONE', #9, 1000.000000000000000 ) ;
#244 = EDGE_CURVE ( 'NONE', #618, #1398, #511, .T. ) ;
#245 = DIRECTION ( 'NONE',  ( 0.000000000000000000, 0.7071067811865474617, 0.7071067811865474617 ) ) ;
#246 = ORIENTED_EDGE ( 'NONE', *, *, #2948, .T. ) ;
#247 = AXIS2_PLACEMENT_3D ( 'NONE', #3369, #3395, #3084 ) ;
#248 = DIRECTION ( 'NONE',  ( 0.000000000000000000, -1.000000000000000000, 0.000000000000000000 ) ) ;
#249 = CARTESIAN_POINT ( 'NONE',  ( 50.83445957513821867, 1.000000000000000000, 5.500000000000000000 ) ) ;
#250 = VECTOR ( 'NONE', #1140, 1000.000000000000000 ) ;
#251 = DIRECTION ( 'NONE',  ( -1.000000000000000000, 0.000000000000000000, 0.000000000000000000 ) ) ;
#252 = CARTESIAN_POINT ( 'NONE',  ( 0.000000000000000000, 0.5000000000000004441, 6.000000000000000000 ) ) ;
#253 = AXIS2_PLACEMENT_3D ( 'NONE', #4498, #74, #2687 ) ;
#254 = LINE ( 'NONE', #543, #1859 ) ;
#255 = EDGE_LOOP ( 'NONE', ( #811, #3796, #801, #567 ) ) ;
#256 = CARTESIAN_POINT ( 'NONE',  ( 4.500000000000000888, 65.50000000000001421, 0.000000000000000000 ) ) ;
#257 = AXIS2_PLACEMENT_3D ( 'NONE', #3896, #3169, #2885 ) ;
#258 = CARTESIAN_POINT ( 'NONE',  ( 50.83445957513821156, 69.50000000000000000, 6.000000000000000000 ) ) ;
#259 = ORIENTED_EDGE ( 'NONE', *, *, #1354, .F. ) ;
#260 = DIRECTION ( 'NONE',  ( -1.000000000000000000, 0.000000000000000000, 0.000000000000000000 ) ) ;
#261 = CIRCLE ( 'NONE', #2728, 1.000000000000000888 ) ;
#262 = ORIENTED_EDGE ( 'NONE', *, *, #1363, .T. ) ;
#263 = EDGE_LOOP ( 'NONE', ( #3634, #3815, #900, #3060, #1028, #2357, #4631, #234 ) ) ;
#264 = EDGE_CURVE ( 'NONE', #3569, #1410, #4594, .T. ) ;
#265 = CARTESIAN_POINT ( 'NONE',  ( 33.77702694990786370, 70.00000000000000000, 3.000000000000000000 ) ) ;
#266 = ORIENTED_EDGE ( 'NONE', *, *, #4600, .T. ) ;
#267 = CARTESIAN_POINT ( 'NONE',  ( 7.000000000000008882, 0.000000000000000000, 5.500000000000000000 ) ) ;
#268 = AXIS2_PLACEMENT_3D ( 'NONE', #3232, #2964, #3256 ) ;
#269 = ORIENTED_EDGE ( 'NONE', *, *, #2806, .F. ) ;
#270 = CARTESIAN_POINT ( 'NONE',  ( 40.08277021243089422, 70.00000000000000000, 5.500000000000000000 ) ) ;
#271 = DIRECTION ( 'NONE',  ( 0.000000000000000000, 0.000000000000000000, -1.000000000000000000 ) ) ;
#272 = CARTESIAN_POINT ( 'NONE',  ( 33.77702694990787791, 1.000000000000000888, 6.000000000000000000 ) ) ;
#273 = VECTOR ( 'NONE', #2345, 1000.000000000000114 ) ;
#274 = DIRECTION ( 'NONE',  ( 0.000000000000000000, 0.000000000000000000, 1.000000000000000000 ) ) ;
#275 = LINE ( 'NONE', #3657, #2882 ) ;
#276 = ORIENTED_EDGE ( 'NONE', *, *, #3452, .F. ) ;
#277 = CARTESIAN_POINT ( 'NONE',  ( 6.125000000000001776, 65.50000000000001421, 0.000000000000000000 ) ) ;
#278 = AXIS2_PLACEMENT_3D ( 'NONE', #1279, #120, #1180 ) ;
#279 = CIRCLE ( 'NONE', #3594, 1.000000000000000888 ) ;
#280 = DIRECTION ( 'NONE',  ( -0.000000000000000000, -0.000000000000000000, -1.000000000000000000 ) ) ;
#281 = ORIENTED_EDGE ( 'NONE', *, *, #2747, .F. ) ;
#282 = CARTESIAN_POINT ( 'NONE',  ( 15.30574326252303408, 70.00000000000000000, 3.000000000000000000 ) ) ;
#283 = EDGE_LOOP ( 'NONE', ( #2669, #2255, #2373, #907 ) ) ;
#284 = ORIENTED_EDGE ( 'NONE', *, *, #2787, .T. ) ;
#285 = CARTESIAN_POINT ( 'NONE',  ( 69.00000000000000000, 0.5000000000000004441, 6.000000000000000000 ) ) ;
#286 = ORIENTED_EDGE ( 'NONE', *, *, #4425, .T. ) ;
#287 = LINE ( 'NONE', #2857, #3286 ) ;
#288 = AXIS2_PLACEMENT_3D ( 'NONE', #4359, #2569, #4063 ) ;
#289 = ORIENTED_EDGE ( 'NONE', *, *, #324, .F. ) ;
#290 = CONICAL_SURFACE ( 'NONE', #2994, 0.5000000000000143219, 0.7853981633974613796 ) ;
#291 = AXIS2_PLACEMENT_3D ( 'NONE', #3698, #845, #1931 ) ;
#292 = EDGE_CURVE ( 'NONE', #1889, #1426, #2402, .T. ) ;
#293 = EDGE_CURVE ( 'NONE', #651, #454, #3513, .T. ) ;
#294 = CARTESIAN_POINT ( 'NONE',  ( 48.38851347495394606, 1.000000000000000888, 3.000000000000000000 ) ) ;
#295 = AXIS2_PLACEMENT_3D ( 'NONE', #1112, #3334, #344 ) ;
#296 = DIRECTION ( 'NONE',  ( 0.000000000000000000, 0.000000000000000000, -1.000000000000000000 ) ) ;
#297 = VERTEX_POINT ( 'NONE', #227 ) ;
#298 = ADVANCED_FACE ( 'NONE', ( #1339 ), #1698, .T. ) ;
#299 = LINE ( 'NONE', #4758, #3171 ) ;
#300 = DIRECTION ( 'NONE',  ( 1.000000000000000000, -0.000000000000000000, 0.000000000000000000 ) ) ;
#301 = VECTOR ( 'NONE', #1653, 1000.000000000000000 ) ;
#302 = CARTESIAN_POINT ( 'NONE',  ( 26.47128368738483672, 1.000000000000000888, 5.500000000000000000 ) ) ;
#303 = DIRECTION ( 'NONE',  ( 0.000000000000000000, 0.000000000000000000, -1.000000000000000000 ) ) ;
#304 = EDGE_LOOP ( 'NONE', ( #770, #460, #342, #3934 ) ) ;
#305 = VECTOR ( 'NONE', #1964, 1000.000000000000114 ) ;
#306 = FACE_OUTER_BOUND ( 'NONE', #1493, .T. ) ;
#307 = EDGE_CURVE ( 'NONE', #3420, #4049, #279, .T. ) ;
#308 = DIRECTION ( 'NONE',  ( 0.000000000000000000, 0.000000000000000000, -1.000000000000000000 ) ) ;
#309 = ORIENTED_EDGE ( 'NONE', *, *, #2420, .F. ) ;
#310 = CARTESIAN_POINT ( 'NONE',  ( 29.91722978756910578, 70.00000000000000000, 5.500000000000000000 ) ) ;
#311 = ORIENTED_EDGE ( 'NONE', *, *, #1673, .T. ) ;
#312 = ORIENTED_EDGE ( 'NONE', *, *, #2086, .T. ) ;
#313 = EDGE_CURVE ( 'NONE', #3944, #4543, #3830, .T. ) ;
#314 = DIRECTION ( 'NONE',  ( 1.000000000000000000, 0.000000000000000000, 0.000000000000000000 ) ) ;
#315 = ORIENTED_EDGE ( 'NONE', *, *, #1115, .F. ) ;
#316 = DIRECTION ( 'NONE',  ( -0.000000000000000000, -0.000000000000000000, -1.000000000000000000 ) ) ;
#317 = EDGE_LOOP ( 'NONE', ( #648, #2410, #3603, #702 ) ) ;
#318 = AXIS2_PLACEMENT_3D ( 'NONE', #3820, #3067, #4534 ) ;
#319 = DIRECTION ( 'NONE',  ( 0.000000000000000000, -0.7071067811865474617, -0.7071067811865474617 ) ) ;
#320 = DIRECTION ( 'NONE',  ( 0.000000000000000000, 0.000000000000000000, -1.000000000000000000 ) ) ;
#321 = ORIENTED_EDGE ( 'NONE', *, *, #2576, .T. ) ;
#322 = CONICAL_SURFACE ( 'NONE', #4259, 0.5000000000000004441, 0.7853981633974473908 ) ;
#323 = FACE_OUTER_BOUND ( 'NONE', #1548, .T. ) ;
#324 = EDGE_CURVE ( 'NONE', #2060, #3420, #487, .T. ) ;
#325 = PLANE ( 'NONE',  #753 ) ;
#326 = AXIS2_PLACEMENT_3D ( 'NONE', #2142, #2554, #3239 ) ;
#327 = LINE ( 'NONE', #3003, #2221 ) ;
#328 = DIRECTION ( 'NONE',  ( 0.000000000000000000, 0.000000000000000000, -1.000000000000000000 ) ) ;
#329 = ORIENTED_EDGE ( 'NONE', *, *, #2707, .F. ) ;
#330 = ORIENTED_EDGE ( 'NONE', *, *, #3205, .F. ) ;
#331 = CIRCLE ( 'NONE', #4263, 0.5000000000000004441 ) ;
#332 = CARTESIAN_POINT ( 'NONE',  ( 62.00000000000000711, 70.00000000000000000, 5.500000000000000000 ) ) ;
#333 = ADVANCED_FACE ( 'NONE', ( #1255 ), #924, .T. ) ;
#334 = CARTESIAN_POINT ( 'NONE',  ( 55.69425673747696948, 70.00000000000000000, 5.500000000000000000 ) ) ;
#335 = COLOUR_RGB ( '',0.7764705882352941346, 0.7568627450980391913, 0.7372549019607843590 ) ;
#336 = LINE ( 'NONE', #3639, #4757 ) ;
#337 = ORIENTED_EDGE ( 'NONE', *, *, #4160, .F. ) ;
#338 = EDGE_LOOP ( 'NONE', ( #2342, #3290, #1567, #478 ) ) ;
#339 = DIRECTION ( 'NONE',  ( 0.000000000000000000, 0.000000000000000000, -1.000000000000000000 ) ) ;
#340 = ORIENTED_EDGE ( 'NONE', *, *, #1721, .F. ) ;
#341 = DIRECTION ( 'NONE',  ( -0.000000000000000000, -0.000000000000000000, 1.000000000000000000 ) ) ;
#342 = ORIENTED_EDGE ( 'NONE', *, *, #3137, .F. ) ;
#343 = FACE_OUTER_BOUND ( 'NONE', #3323, .T. ) ;
#344 = DIRECTION ( 'NONE',  ( -1.000000000000000000, 0.000000000000000000, -0.000000000000000000 ) ) ;
#345 = EDGE_LOOP ( 'NONE', ( #3818, #93, #2388, #4762 ) ) ;
#346 = CARTESIAN_POINT ( 'NONE',  ( 51.33445957513821156, 69.00000000000000000, 6.000000000000000000 ) ) ;
#347 = CARTESIAN_POINT ( 'NONE',  ( 55.69425673747697658, 1.000000000000000888, 6.000000000000000000 ) ) ;
#348 = CARTESIAN_POINT ( 'NONE',  ( 1.000000000000000000, 70.00000000000000000, 5.500000000000000000 ) ) ;
#349 = VERTEX_POINT ( 'NONE', #4518 ) ;
#350 = DIRECTION ( 'NONE',  ( 1.000000000000000000, 0.000000000000000000, 0.000000000000000000 ) ) ;
#351 = CARTESIAN_POINT ( 'NONE',  ( 0.000000000000000000, 69.50000000000000000, 6.000000000000000000 ) ) ;
#352 = DIRECTION ( 'NONE',  ( -1.000000000000000000, 0.000000000000000000, 0.000000000000000000 ) ) ;
#353 = ORIENTED_EDGE ( 'NONE', *, *, #4085, .T. ) ;
#354 = ORIENTED_EDGE ( 'NONE', *, *, #677, .F. ) ;
#355 = VECTOR ( 'NONE', #2098, 1000.000000000000000 ) ;
#356 = DIRECTION ( 'NONE',  ( -1.000000000000000000, 0.000000000000000000, 0.000000000000000000 ) ) ;
#357 = ORIENTED_EDGE ( 'NONE', *, *, #3868, .F. ) ;
#358 = LINE ( 'NONE', #1153, #3056 ) ;
#359 = EDGE_CURVE ( 'NONE', #4579, #3825, #3077, .T. ) ;
#360 = ORIENTED_EDGE ( 'NONE', *, *, #1162, .F. ) ;
#361 = DIRECTION ( 'NONE',  ( 1.000000000000000000, 9.912705577010325549E-17, 0.000000000000000000 ) ) ;
#362 = CYLINDRICAL_SURFACE ( 'NONE', #4308, 1.000000000000000888 ) ;
#363 = ORIENTED_EDGE ( 'NONE', *, *, #3597, .T. ) ;
#364 = VECTOR ( 'NONE', #1732, 1000.000000000000000 ) ;
#365 = DIRECTION ( 'NONE',  ( -1.486905836551548586E-16, 1.000000000000000000, 0.000000000000000000 ) ) ;
#366 = DIRECTION ( 'NONE',  ( -1.000000000000000000, 0.000000000000000000, 0.000000000000000000 ) ) ;
#367 = AXIS2_PLACEMENT_3D ( 'NONE', #1806, #3668, #889 ) ;
#368 = CYLINDRICAL_SURFACE ( 'NONE', #2026, 1.000000000000000888 ) ;
#369 = ORIENTED_EDGE ( 'NONE', *, *, #2897, .F. ) ;
#370 = ORIENTED_EDGE ( 'NONE', *, *, #3205, .T. ) ;
#371 = VECTOR ( 'NONE', #3844, 1000.000000000000000 ) ;
#372 = CARTESIAN_POINT ( 'NONE',  ( 54.69425673747697658, 1.000000000000000888, 3.000000000000000000 ) ) ;
#373 = CARTESIAN_POINT ( 'NONE',  ( 67.12500000000000000, 4.500000000000003553, 5.499999999999996447 ) ) ;
#374 = CARTESIAN_POINT ( 'NONE',  ( 48.38851347495393895, 70.00000000000000000, 5.500000000000000000 ) ) ;
#375 = ORIENTED_EDGE ( 'NONE', *, *, #2502, .T. ) ;
#376 = ORIENTED_EDGE ( 'NONE', *, *, #2031, .F. ) ;
#377 = EDGE_CURVE ( 'NONE', #1272, #919, #2126, .T. ) ;
#378 = EDGE_CURVE ( 'NONE', #138, #2813, #3747, .T. ) ;
#379 = CARTESIAN_POINT ( 'NONE',  ( 21.61148652504607881, 1.000000000000000000, 3.000000000000000000 ) ) ;
#380 = ORIENTED_EDGE ( 'NONE', *, *, #111, .T. ) ;
#381 = DIRECTION ( 'NONE',  ( -1.000000000000000000, 0.000000000000000000, 0.000000000000000000 ) ) ;
#382 = EDGE_LOOP ( 'NONE', ( #1580, #1378, #3301, #1191 ) ) ;
#383 = EDGE_CURVE ( 'NONE', #3279, #4112, #1044, .T. ) ;
#384 = CARTESIAN_POINT ( 'NONE',  ( 7.000000000000008882, 1.000000000000000000, 6.000000000000000000 ) ) ;
#385 = DIRECTION ( 'NONE',  ( -1.982541115402065110E-16, 1.000000000000000000, 0.000000000000000000 ) ) ;
#386 = EDGE_LOOP ( 'NONE', ( #1065, #3240, #4286, #1122 ) ) ;
#387 = EDGE_LOOP ( 'NONE', ( #844, #932, #4028, #4273 ) ) ;
#388 = CARTESIAN_POINT ( 'NONE',  ( 55.69425673747697658, 0.000000000000000000, 5.500000000000000000 ) ) ;
#389 = AXIS2_PLACEMENT_3D ( 'NONE', #294, #4710, #3651 ) ;
#390 = DIRECTION ( 'NONE',  ( 0.000000000000000000, 0.000000000000000000, 1.000000000000000000 ) ) ;
#391 = ORIENTED_EDGE ( 'NONE', *, *, #1212, .T. ) ;
#392 = LINE ( 'NONE', #690, #4145 ) ;
#393 = VECTOR ( 'NONE', #136, 1000.000000000000000 ) ;
#394 = FACE_OUTER_BOUND ( 'NONE', #1978, .T. ) ;
#395 = CARTESIAN_POINT ( 'NONE',  ( 55.19425673747697658, 5.471244165805278062E-15, 6.000000000000000000 ) ) ;
#396 = VECTOR ( 'NONE', #108, 1000.000000000000000 ) ;
#397 = ORIENTED_EDGE ( 'NONE', *, *, #1586, .T. ) ;
#398 = ORIENTED_EDGE ( 'NONE', *, *, #923, .T. ) ;
#399 = AXIS2_PLACEMENT_3D ( 'NONE', #1069, #328, #1795 ) ;
#400 = CARTESIAN_POINT ( 'NONE',  ( 21.61148652504607881, 0.5000000000000004441, 6.000000000000000000 ) ) ;
#401 = ORIENTED_EDGE ( 'NONE', *, *, #1723, .F. ) ;
#403 = EDGE_CURVE ( 'NONE', #3356, #2618, #2978, .T. ) ;
#402 = DIRECTION ( 'NONE',  ( 0.000000000000000000, 0.000000000000000000, -1.000000000000000000 ) ) ;
#404 = EDGE_CURVE ( 'NONE', #1361, #2195, #4565, .T. ) ;
#405 = ORIENTED_EDGE ( 'NONE', *, *, #2015, .T. ) ;
#406 = CARTESIAN_POINT ( 'NONE',  ( 33.27702694990786370, 69.00000000000000000, 6.000000000000000000 ) ) ;
#407 = CARTESIAN_POINT ( 'NONE',  ( 7.000000000000000000, 69.00000000000000000, 3.000000000000000000 ) ) ;
#408 = VERTEX_POINT ( 'NONE', #1958 ) ;
#409 = CARTESIAN_POINT ( 'NONE',  ( 0.000000000000000000, 70.00000000000000000, 5.500000000000000000 ) ) ;
#410 = EDGE_LOOP ( 'NONE', ( #3781, #1034, #1252, #4689 ) ) ;
#411 = AXIS2_PLACEMENT_3D ( 'NONE', #4570, #3173, #1695 ) ;
#412 = CARTESIAN_POINT ( 'NONE',  ( 26.47128368738483672, 0.000000000000000000, 3.000000000000000000 ) ) ;
#413 = EDGE_LOOP ( 'NONE', ( #2046, #3002, #3580, #1133 ) ) ;
#414 = EDGE_CURVE ( 'NONE', #4625, #888, #2762, .T. ) ;
#415 = CARTESIAN_POINT ( 'NONE',  ( 8.000000000000000000, 70.00000000000000000, 3.000000000000000000 ) ) ;
#416 = CARTESIAN_POINT ( 'NONE',  ( 50.83445957513821156, 70.00000000000000000, 5.500000000000000000 ) ) ;
#417 = LINE ( 'NONE', #854, #14 ) ;
#418 = ADVANCED_FACE ( 'NONE', ( #4132 ), #2509, .T. ) ;
#419 = DIRECTION ( 'NONE',  ( 0.000000000000000000, 0.000000000000000000, 1.000000000000000000 ) ) ;
#420 = ORIENTED_EDGE ( 'NONE', *, *, #307, .T. ) ;
#421 = LINE ( 'NONE', #1192, #1676 ) ;
#422 = CARTESIAN_POINT ( 'NONE',  ( 36.22297305009215052, 0.5000000000000004441, 6.000000000000000000 ) ) ;
#423 = ORIENTED_EDGE ( 'NONE', *, *, #78, .F. ) ;
#424 = CARTESIAN_POINT ( 'NONE',  ( 62.50000000000000000, 69.00000000000000000, 6.000000000000000000 ) ) ;
#425 = ORIENTED_EDGE ( 'NONE', *, *, #1634, .F. ) ;
#426 = VECTOR ( 'NONE', #2040, 1000.000000000000114 ) ;
#427 = FACE_OUTER_BOUND ( 'NONE', #3649, .T. ) ;
#428 = CARTESIAN_POINT ( 'NONE',  ( 33.77702694990786370, 70.00000000000000000, 5.500000000000000000 ) ) ;
#429 = EDGE_LOOP ( 'NONE', ( #3259, #3233, #1375, #3253 ) ) ;
#430 = PLANE ( 'NONE',  #1992 ) ;
#431 = ORIENTED_EDGE ( 'NONE', *, *, #1448, .T. ) ;
#432 = CYLINDRICAL_SURFACE ( 'NONE', #291, 1.000000000000000888 ) ;
#433 = ADVANCED_FACE ( 'NONE', ( #3437 ), #3774, .T. ) ;
#434 = ADVANCED_FACE ( 'NONE', ( #462 ), #101, .F. ) ;
#435 = EDGE_CURVE ( 'NONE', #2163, #4048, #1645, .T. ) ;
#436 = CARTESIAN_POINT ( 'NONE',  ( 21.61148652504607881, 1.000000000000000000, 6.000000000000000000 ) ) ;
#437 = CARTESIAN_POINT ( 'NONE',  ( 63.00000000000000000, 1.000000000000000888, 6.000000000000000000 ) ) ;
#438 = ORIENTED_EDGE ( 'NONE', *, *, #2005, .T. ) ;
#439 = CIRCLE ( 'NONE', #2992, 0.5000000000000004441 ) ;
#440 = VECTOR ( 'NONE', #61, 1000.000000000000000 ) ;
#441 = PLANE ( 'NONE',  #1257 ) ;
#442 = CONICAL_SURFACE ( 'NONE', #3148, 0.5000000000000004441, 0.7853981633974473908 ) ;
#443 = EDGE_CURVE ( 'NONE', #4581, #4625, #3589, .T. ) ;
#444 = DIRECTION ( 'NONE',  ( -1.000000000000000000, 0.000000000000000000, 0.000000000000000000 ) ) ;
#445 = FACE_BOUND ( 'NONE', #1504, .T. ) ;
#446 = LINE ( 'NONE', #4548, #2094 ) ;
#447 = EDGE_LOOP ( 'NONE', ( #3852, #3932, #544, #3925 ) ) ;
#448 = DIRECTION ( 'NONE',  ( 0.000000000000000000, 0.000000000000000000, -1.000000000000000000 ) ) ;
#449 = EDGE_CURVE ( 'NONE', #2651, #3641, #3052, .T. ) ;
#450 = CIRCLE ( 'NONE', #1528, 1.000000000000000888 ) ;
#451 = CARTESIAN_POINT ( 'NONE',  ( 21.61148652504606815, 70.00000000000000000, 3.000000000000000000 ) ) ;
#452 = ORIENTED_EDGE ( 'NONE', *, *, #2571, .T. ) ;
#453 = CARTESIAN_POINT ( 'NONE',  ( 58.14020283766124919, 69.00000000000000000, 3.000000000000000000 ) ) ;
#454 = VERTEX_POINT ( 'NONE', #2316 ) ;
#455 = VECTOR ( 'NONE', #1888, 1000.000000000000114 ) ;
#456 = CARTESIAN_POINT ( 'NONE',  ( 48.38851347495393895, 70.00000000000000000, 5.500000000000000000 ) ) ;
#457 = DIRECTION ( 'NONE',  ( -0.000000000000000000, -0.000000000000000000, 1.000000000000000000 ) ) ;
#458 = ORIENTED_EDGE ( 'NONE', *, *, #584, .T. ) ;
#459 = DIRECTION ( 'NONE',  ( 0.000000000000000000, 0.000000000000000000, 1.000000000000000000 ) ) ;
#460 = ORIENTED_EDGE ( 'NONE', *, *, #2730, .F. ) ;
#461 = SHAPE_DEFINITION_REPRESENTATION ( #614, #3466 ) ;
#462 = FACE_OUTER_BOUND ( 'NONE', #3390, .T. ) ;
#463 = DIRECTION ( 'NONE',  ( -0.000000000000000000, -1.000000000000000000, -0.000000000000000000 ) ) ;
#464 = EDGE_CURVE ( 'NONE', #534, #1418, #1500, .T. ) ;
#465 = EDGE_LOOP ( 'NONE', ( #2973, #4728, #3063, #3981 ) ) ;
#466 = CARTESIAN_POINT ( 'NONE',  ( 48.38851347495393895, 69.50000000000000000, 6.000000000000000000 ) ) ;
#467 = AXIS2_PLACEMENT_3D ( 'NONE', #4775, #2485, #4057 ) ;
#468 = CARTESIAN_POINT ( 'NONE',  ( 19.16554042486179199, 70.00000000000000000, 5.500000000000000000 ) ) ;
#469 = CARTESIAN_POINT ( 'NONE',  ( 63.00000000000000000, 0.000000000000000000, 5.500000000000000000 ) ) ;
#470 = LINE ( 'NONE', #1914, #2947 ) ;
#471 = AXIS2_PLACEMENT_3D ( 'NONE', #3397, #1581, #473 ) ;
#472 = ORIENTED_EDGE ( 'NONE', *, *, #1967, .T. ) ;
#473 = DIRECTION ( 'NONE',  ( 1.000000000000000000, 0.000000000000000000, 0.000000000000000000 ) ) ;
#474 = AXIS2_PLACEMENT_3D ( 'NONE', #3062, #3376, #64 ) ;
#475 = PLANE ( 'NONE',  #4716 ) ;
#476 = ORIENTED_EDGE ( 'NONE', *, *, #1261, .F. ) ;
#477 = CARTESIAN_POINT ( 'NONE',  ( 1.000000000000000000, 0.5000000000000004441, 6.000000000000000000 ) ) ;
#478 = ORIENTED_EDGE ( 'NONE', *, *, #221, .F. ) ;
#479 = EDGE_CURVE ( 'NONE', #2858, #1908, #3972, .T. ) ;
#480 = EDGE_CURVE ( 'NONE', #4279, #3118, #2123, .T. ) ;
#481 = VECTOR ( 'NONE', #3345, 1000.000000000000114 ) ;
#482 = CYLINDRICAL_SURFACE ( 'NONE', #1394, 0.9999999999999991118 ) ;
#483 = LINE ( 'NONE', #2703, #4377 ) ;
#484 = ORIENTED_EDGE ( 'NONE', *, *, #479, .T. ) ;
#485 = DIRECTION ( 'NONE',  ( -9.912705577010325549E-17, 1.000000000000000000, 0.000000000000000000 ) ) ;
#486 = ORIENTED_EDGE ( 'NONE', *, *, #2503, .F. ) ;
#487 = LINE ( 'NONE', #3799, #2983 ) ;
#488 = AXIS2_PLACEMENT_3D ( 'NONE', #415, #1885, #1909 ) ;
#489 = CARTESIAN_POINT ( 'NONE',  ( 54.69425673747696948, 69.00000000000000000, 3.000000000000000000 ) ) ;
#490 = ORIENTED_EDGE ( 'NONE', *, *, #414, .F. ) ;
#491 = CARTESIAN_POINT ( 'NONE',  ( 55.69425673747696948, 70.00000000000000000, 5.500000000000000000 ) ) ;
#492 = ADVANCED_FACE ( 'NONE', ( #2859 ), #947, .F. ) ;
#493 = AXIS2_PLACEMENT_3D ( 'NONE', #225, #3831, #1264 ) ;
#494 = CARTESIAN_POINT ( 'NONE',  ( 50.83445957513821156, 70.00000000000000000, 6.000000000000000000 ) ) ;
#495 = DIRECTION ( 'NONE',  ( -1.000000000000000000, 0.000000000000000000, 0.000000000000000000 ) ) ;
#496 = LINE ( 'NONE', #1579, #4183 ) ;
#497 = ORIENTED_EDGE ( 'NONE', *, *, #2635, .F. ) ;
#498 = DIRECTION ( 'NONE',  ( 1.000000000000000000, 0.000000000000000000, 0.000000000000000000 ) ) ;
#499 = EDGE_CURVE ( 'NONE', #4702, #2651, #2334, .T. ) ;
#500 = ADVANCED_FACE ( 'NONE', ( #2486 ), #4189, .T. ) ;
#501 = CARTESIAN_POINT ( 'NONE',  ( 25.47128368738483672, 1.000000000000000888, 5.500000000000000000 ) ) ;
#502 = VERTEX_POINT ( 'NONE', #1715 ) ;
#503 = DIRECTION ( 'NONE',  ( 0.000000000000000000, -0.7071067811865474617, 0.7071067811865474617 ) ) ;
#504 = ORIENTED_EDGE ( 'NONE', *, *, #3231, .T. ) ;
#505 = CARTESIAN_POINT ( 'NONE',  ( 29.91722978756910578, 69.00000000000000000, 5.500000000000000000 ) ) ;
#506 = DIRECTION ( 'NONE',  ( -1.000000000000000000, 0.000000000000000000, 0.000000000000000000 ) ) ;
#507 = ORIENTED_EDGE ( 'NONE', *, *, #4159, .F. ) ;
#508 = LINE ( 'NONE', #4205, #3850 ) ;
#509 = VERTEX_POINT ( 'NONE', #3194 ) ;
#510 = AXIS2_PLACEMENT_3D ( 'NONE', #2972, #4751, #4464 ) ;
#511 = CIRCLE ( 'NONE', #664, 0.5000000000000125455 ) ;
#512 = CARTESIAN_POINT ( 'NONE',  ( 19.16554042486180265, 1.000000000000000888, 5.500000000000000000 ) ) ;
#513 = DIRECTION ( 'NONE',  ( -1.000000000000000000, 0.000000000000000000, 0.000000000000000000 ) ) ;
#514 = VERTEX_POINT ( 'NONE', #580 ) ;
#515 = ADVANCED_FACE ( 'NONE', ( #1402 ), #2808, .T. ) ;
#516 = DIRECTION ( 'NONE',  ( 0.000000000000000000, -0.7071067811865474617, 0.7071067811865474617 ) ) ;
#517 = CARTESIAN_POINT ( 'NONE',  ( 63.00000000000000000, 0.000000000000000000, 3.000000000000000000 ) ) ;
#518 = VECTOR ( 'NONE', #2018, 1000.000000000000114 ) ;
#519 = CARTESIAN_POINT ( 'NONE',  ( 8.000000000000008882, 0.000000000000000000, 3.000000000000000000 ) ) ;
#520 = CARTESIAN_POINT ( 'NONE',  ( 55.69425673747697658, 0.5000000000000013323, 6.000000000000000000 ) ) ;
#521 = ORIENTED_EDGE ( 'NONE', *, *, #19, .T. ) ;
#522 = VECTOR ( 'NONE', #1963, 1000.000000000000000 ) ;
#523 = CARTESIAN_POINT ( 'NONE',  ( 55.69425673747696948, 70.00000000000000000, 3.000000000000000000 ) ) ;
#524 = CARTESIAN_POINT ( 'NONE',  ( 51.83445957513821156, 69.00000000000000000, 3.000000000000000000 ) ) ;
#525 = EDGE_LOOP ( 'NONE', ( #4084, #1727, #3623, #738 ) ) ;
#526 = CARTESIAN_POINT ( 'NONE',  ( 1.000000000000000000, 69.00000000000000000, 6.000000000000000000 ) ) ;
#527 = MECHANICAL_DESIGN_GEOMETRIC_PRESENTATION_REPRESENTATION (  '', ( #2063 ), #1213 ) ;
#528 = EDGE_CURVE ( 'NONE', #2066, #3953, #4636, .T. ) ;
#529 = ORIENTED_EDGE ( 'NONE', *, *, #768, .T. ) ;
#530 = ADVANCED_FACE ( 'NONE', ( #3552 ), #4350, .T. ) ;
#531 = VECTOR ( 'NONE', #3870, 1000.000000000000000 ) ;
#532 = DIRECTION ( 'NONE',  ( -0.000000000000000000, -0.000000000000000000, -1.000000000000000000 ) ) ;
#533 = CARTESIAN_POINT ( 'NONE',  ( 14.30574326252303408, 70.00000000000000000, 3.000000000000000000 ) ) ;
#534 = VERTEX_POINT ( 'NONE', #2784 ) ;
#535 = LINE ( 'NONE', #2733, #531 ) ;
#536 = ORIENTED_EDGE ( 'NONE', *, *, #443, .T. ) ;
#537 = DIRECTION ( 'NONE',  ( 0.000000000000000000, 0.000000000000000000, -1.000000000000000000 ) ) ;
#538 = PRESENTATION_STYLE_ASSIGNMENT (( #2346 ) ) ;
#539 = ORIENTED_EDGE ( 'NONE', *, *, #2949, .T. ) ;
#540 = DIRECTION ( 'NONE',  ( -0.000000000000000000, -0.000000000000000000, 1.000000000000000000 ) ) ;
#541 = DIRECTION ( 'NONE',  ( -0.7071067811865335839, 8.659560562354762760E-17, 0.7071067811865615615 ) ) ;
#542 = DIRECTION ( 'NONE',  ( 0.7071067811865474617, 0.000000000000000000, -0.7071067811865474617 ) ) ;
#543 = CARTESIAN_POINT ( 'NONE',  ( 15.30574326252303408, 69.00000000000000000, 5.500000000000027534 ) ) ;
#544 = ORIENTED_EDGE ( 'NONE', *, *, #3304, .F. ) ;
#545 = LINE ( 'NONE', #2749, #518 ) ;
#546 = VECTOR ( 'NONE', #2702, 1000.000000000000000 ) ;
#547 = LINE ( 'NONE', #1269, #3407 ) ;
#548 = ORIENTED_EDGE ( 'NONE', *, *, #3496, .F. ) ;
#549 = LINE ( 'NONE', #4677, #1520 ) ;
#550 = ORIENTED_EDGE ( 'NONE', *, *, #1333, .F. ) ;
#551 = AXIS2_PLACEMENT_3D ( 'NONE', #3308, #1106, #2877 ) ;
#552 = LINE ( 'NONE', #2027, #1163 ) ;
#553 = EDGE_CURVE ( 'NONE', #4650, #217, #2394, .T. ) ;
#554 = AXIS2_PLACEMENT_3D ( 'NONE', #4247, #206, #1343 ) ;
#555 = LINE ( 'NONE', #2071, #53 ) ;
#556 = ORIENTED_EDGE ( 'NONE', *, *, #4289, .T. ) ;
#557 = DIRECTION ( 'NONE',  ( 0.000000000000000000, 0.000000000000000000, 1.000000000000000000 ) ) ;
#558 = VECTOR ( 'NONE', #4643, 1000.000000000000000 ) ;
#559 = PLANE ( 'NONE',  #100 ) ;
#560 = VECTOR ( 'NONE', #2418, 1000.000000000000000 ) ;
#561 = DIRECTION ( 'NONE',  ( 9.912705577010325549E-17, -1.000000000000000000, 0.000000000000000000 ) ) ;
#562 = CARTESIAN_POINT ( 'NONE',  ( 63.00000000000000000, 70.00000000000000000, 5.500000000000000000 ) ) ;
#563 = EDGE_CURVE ( 'NONE', #2460, #3763, #1352, .T. ) ;
#564 = CARTESIAN_POINT ( 'NONE',  ( 29.91722978756910578, 69.00000000000000000, 5.500000000000000000 ) ) ;
#565 = CARTESIAN_POINT ( 'NONE',  ( 62.00000000000000000, 1.000000000000000888, 5.500000000000000000 ) ) ;
#566 = CARTESIAN_POINT ( 'NONE',  ( 0.000000000000000000, 70.00000000000000000, 5.500000000000000000 ) ) ;
#567 = ORIENTED_EDGE ( 'NONE', *, *, #789, .F. ) ;
#568 = VECTOR ( 'NONE', #105, 1000.000000000000000 ) ;
#569 = CARTESIAN_POINT ( 'NONE',  ( 18.16554042486179199, 70.00000000000000000, 5.500000000000000000 ) ) ;
#570 = ADVANCED_FACE ( 'NONE', ( #2437 ), #3873, .T. ) ;
#571 = CARTESIAN_POINT ( 'NONE',  ( 50.83445957513821867, 0.000000000000000000, 5.500000000000000000 ) ) ;
#572 = ORIENTED_EDGE ( 'NONE', *, *, #859, .F. ) ;
#573 = FACE_OUTER_BOUND ( 'NONE', #2251, .T. ) ;
#574 = ORIENTED_EDGE ( 'NONE', *, *, #859, .T. ) ;
#575 = AXIS2_PLACEMENT_3D ( 'NONE', #4477, #1167, #805 ) ;
#576 = CARTESIAN_POINT ( 'NONE',  ( 29.91722978756911644, 1.000000000000000888, 3.000000000000000000 ) ) ;
#577 = DIRECTION ( 'NONE',  ( 0.000000000000000000, -0.7071067811865474617, -0.7071067811865474617 ) ) ;
#578 = ORIENTED_EDGE ( 'NONE', *, *, #928, .T. ) ;
#579 = CARTESIAN_POINT ( 'NONE',  ( 48.38851347495394606, 1.000000000000000888, 6.000000000000000000 ) ) ;
#580 = CARTESIAN_POINT ( 'NONE',  ( 44.02871631261518814, 1.000000000000000888, 6.000000000000000000 ) ) ;
#581 = SURFACE_SIDE_STYLE ('',( #2009 ) ) ;
#582 = EDGE_CURVE ( 'NONE', #2199, #4587, #2812, .T. ) ;
#583 = CARTESIAN_POINT ( 'NONE',  ( 41.08277021243090843, 1.000000000000000888, 6.000000000000000000 ) ) ;
#584 = EDGE_CURVE ( 'NONE', #4316, #2143, #1741, .T. ) ;
#585 = FACE_OUTER_BOUND ( 'NONE', #1113, .T. ) ;
#586 = DIRECTION ( 'NONE',  ( -1.000000000000000000, 0.000000000000000000, 0.000000000000000000 ) ) ;
#587 = LINE ( 'NONE', #2016, #1633 ) ;
#588 = ORIENTED_EDGE ( 'NONE', *, *, #3346, .F. ) ;
#589 = FACE_OUTER_BOUND ( 'NONE', #1973, .T. ) ;
#590 = ADVANCED_FACE ( 'NONE', ( #990 ), #559, .F. ) ;
#591 = DIRECTION ( 'NONE',  ( 1.000000000000000000, 0.000000000000000000, 0.000000000000000000 ) ) ;
#592 = ORIENTED_EDGE ( 'NONE', *, *, #2650, .F. ) ;
#593 = CIRCLE ( 'NONE', #2138, 1.000000000000000888 ) ;
#594 = DIRECTION ( 'NONE',  ( -1.000000000000000000, 0.000000000000000000, 0.000000000000000000 ) ) ;
#595 = ORIENTED_EDGE ( 'NONE', *, *, #3739, .T. ) ;
#596 = VECTOR ( 'NONE', #1751, 1000.000000000000000 ) ;
#597 = AXIS2_PLACEMENT_3D ( 'NONE', #40, #4771, #1082 ) ;
#598 = CARTESIAN_POINT ( 'NONE',  ( 11.85979716233875791, 70.00000000000000000, 5.500000000000027534 ) ) ;
#599 = CARTESIAN_POINT ( 'NONE',  ( 25.97128368738483672, 1.000000000000000888, 6.000000000000000000 ) ) ;
#600 = VERTEX_POINT ( 'NONE', #2033 ) ;
#601 = AXIS2_PLACEMENT_3D ( 'NONE', #2154, #2129, #2956 ) ;
#602 = DIRECTION ( 'NONE',  ( 0.000000000000000000, 0.000000000000000000, 1.000000000000000000 ) ) ;
#603 = CIRCLE ( 'NONE', #3920, 1.000000000000000888 ) ;
#604 = CARTESIAN_POINT ( 'NONE',  ( 0.000000000000000000, 0.000000000000000000, 6.000000000000000000 ) ) ;
#605 = ORIENTED_EDGE ( 'NONE', *, *, #739, .T. ) ;
#606 = CIRCLE ( 'NONE', #3386, 1.000000000000000888 ) ;
#607 = DIRECTION ( 'NONE',  ( 0.000000000000000000, 0.000000000000000000, -1.000000000000000000 ) ) ;
#608 = EDGE_CURVE ( 'NONE', #2552, #2513, #3147, .T. ) ;
#609 = LINE ( 'NONE', #2080, #916 ) ;
#610 = FACE_OUTER_BOUND ( 'NONE', #1951, .T. ) ;
#611 = CARTESIAN_POINT ( 'NONE',  ( 58.14020283766125630, 1.000000000000000000, 3.000000000000000000 ) ) ;
#612 = ORIENTED_EDGE ( 'NONE', *, *, #3198, .F. ) ;
#613 = CARTESIAN_POINT ( 'NONE',  ( 55.19425673747697658, 1.000000000000000888, 6.000000000000000000 ) ) ;
#614 = PRODUCT_DEFINITION_SHAPE ( 'NONE', 'NONE',  #1477 ) ;
#615 = LINE ( 'NONE', #4675, #2321 ) ;
#616 = ORIENTED_EDGE ( 'NONE', *, *, #999, .T. ) ;
#617 = FACE_OUTER_BOUND ( 'NONE', #3929, .T. ) ;
#618 = VERTEX_POINT ( 'NONE', #4662 ) ;
#619 = ORIENTED_EDGE ( 'NONE', *, *, #4083, .T. ) ;
#620 = VECTOR ( 'NONE', #2908, 1000.000000000000000 ) ;
#621 = DIRECTION ( 'NONE',  ( -1.000000000000000000, 0.000000000000000000, 0.000000000000000000 ) ) ;
#622 = EDGE_LOOP ( 'NONE', ( #2630, #3325, #1373, #173 ) ) ;
#623 = DIRECTION ( 'NONE',  ( 0.000000000000000000, 0.000000000000000000, -1.000000000000000000 ) ) ;
#624 = ADVANCED_FACE ( 'NONE', ( #1377 ), #4326, .F. ) ;
#625 = ADVANCED_FACE ( 'NONE', ( #769 ), #1760, .F. ) ;
#626 = ORIENTED_EDGE ( 'NONE', *, *, #3304, .T. ) ;
#627 = AXIS2_PLACEMENT_3D ( 'NONE', #4603, #188, #912 ) ;
#628 = CARTESIAN_POINT ( 'NONE',  ( 58.14020283766124919, 69.00000000000000000, 6.000000000000000000 ) ) ;
#629 = ORIENTED_EDGE ( 'NONE', *, *, #2420, .T. ) ;
#630 = VECTOR ( 'NONE', #4192, 1000.000000000000000 ) ;
#631 = ADVANCED_FACE ( 'NONE', ( #1516 ), #2173, .F. ) ;
#632 = DIRECTION ( 'NONE',  ( 1.000000000000000000, 0.000000000000000000, 0.000000000000000000 ) ) ;
#633 = LINE ( 'NONE', #4378, #2289 ) ;
#634 = AXIS2_PLACEMENT_3D ( 'NONE', #660, #1773, #2198 ) ;
#635 = CARTESIAN_POINT ( 'NONE',  ( 65.50000000000000000, 4.500000000000003553, 6.000000000000000000 ) ) ;
#636 = FACE_OUTER_BOUND ( 'NONE', #1107, .T. ) ;
#637 = ORIENTED_EDGE ( 'NONE', *, *, #4551, .T. ) ;
#638 = DIRECTION ( 'NONE',  ( 0.000000000000000000, -0.7071067811865474617, -0.7071067811865474617 ) ) ;
#639 = CYLINDRICAL_SURFACE ( 'NONE', #1242, 1.625000000000001332 ) ;
#640 = ORIENTED_EDGE ( 'NONE', *, *, #4144, .T. ) ;
#641 = LINE ( 'NONE', #937, #4375 ) ;
#642 = VECTOR ( 'NONE', #3391, 1000.000000000000000 ) ;
#643 = ORIENTED_EDGE ( 'NONE', *, *, #4144, .F. ) ;
#644 = ORIENTED_EDGE ( 'NONE', *, *, #2458, .F. ) ;
#645 = EDGE_CURVE ( 'NONE', #3309, #1254, #3983, .T. ) ;
#646 = ADVANCED_FACE ( 'NONE', ( #4080 ), #2194, .F. ) ;
#647 = DIRECTION ( 'NONE',  ( -0.000000000000000000, 0.000000000000000000, -1.000000000000000000 ) ) ;
#648 = ORIENTED_EDGE ( 'NONE', *, *, #2183, .T. ) ;
#649 = DIRECTION ( 'NONE',  ( 1.000000000000000000, -0.000000000000000000, 0.000000000000000000 ) ) ;
#650 = CIRCLE ( 'NONE', #4738, 1.000000000000000888 ) ;
#651 = VERTEX_POINT ( 'NONE', #2237 ) ;
#652 = PLANE ( 'NONE',  #4089 ) ;
#653 = DIRECTION ( 'NONE',  ( -1.000000000000000000, 0.000000000000000000, 0.000000000000000000 ) ) ;
#654 = LINE ( 'NONE', #3246, #4417 ) ;
#655 = CARTESIAN_POINT ( 'NONE',  ( 2.874999999999999112, 65.50000000000001421, 6.000000000000000000 ) ) ;
#656 = EDGE_CURVE ( 'NONE', #3953, #349, #2212, .T. ) ;
#657 = VECTOR ( 'NONE', #1980, 1000.000000000000114 ) ;
#658 = ADVANCED_FACE ( 'NONE', ( #23 ), #1040, .T. ) ;
#659 = LINE ( 'NONE', #3632, #2537 ) ;
#660 = CARTESIAN_POINT ( 'NONE',  ( 40.08277021243089422, 70.00000000000000000, 3.000000000000000000 ) ) ;
#661 = EDGE_LOOP ( 'NONE', ( #1200, #536, #2224, #1734 ) ) ;
#662 = CARTESIAN_POINT ( 'NONE',  ( 65.50000000000000000, 65.50000000000000000, 6.000000000000000000 ) ) ;
#663 = CIRCLE ( 'NONE', #122, 1.000000000000000000 ) ;
#664 = AXIS2_PLACEMENT_3D ( 'NONE', #1360, #4599, #2842 ) ;
#665 = DIRECTION ( 'NONE',  ( -1.000000000000000000, 0.000000000000000000, 0.000000000000000000 ) ) ;
#666 = ORIENTED_EDGE ( 'NONE', *, *, #910, .T. ) ;
#667 = DIRECTION ( 'NONE',  ( -0.000000000000000000, 0.000000000000000000, -1.000000000000000000 ) ) ;
#668 = VERTEX_POINT ( 'NONE', #3628 ) ;
#669 = VERTEX_POINT ( 'NONE', #2583 ) ;
#670 = FACE_OUTER_BOUND ( 'NONE', #3021, .T. ) ;
#671 = ORIENTED_EDGE ( 'NONE', *, *, #1306, .F. ) ;
#672 = ADVANCED_FACE ( 'NONE', ( #2512 ), #1600, .T. ) ;
#674 = EDGE_CURVE ( 'NONE', #2429, #3577, #1787, .T. ) ;
#673 = CARTESIAN_POINT ( 'NONE',  ( 0.000000000000000000, 70.00000000000000000, 6.000000000000000000 ) ) ;
#675 = VECTOR ( 'NONE', #4672, 1000.000000000000000 ) ;
#676 = ORIENTED_EDGE ( 'NONE', *, *, #3599, .F. ) ;
#677 = EDGE_CURVE ( 'NONE', #1344, #4141, #2999, .T. ) ;
#678 = CIRCLE ( 'NONE', #1292, 1.000000000000000888 ) ;
#679 = CIRCLE ( 'NONE', #601, 1.000000000000000888 ) ;
#680 = CARTESIAN_POINT ( 'NONE',  ( 33.77702694990787791, 1.000000000000000888, 6.000000000000000000 ) ) ;
#681 = DIRECTION ( 'NONE',  ( -0.000000000000000000, 0.000000000000000000, 1.000000000000000000 ) ) ;
#682 = ORIENTED_EDGE ( 'NONE', *, *, #3051, .T. ) ;
#683 = DIRECTION ( 'NONE',  ( -1.000000000000000000, 0.000000000000000000, 0.000000000000000000 ) ) ;
#684 = CARTESIAN_POINT ( 'NONE',  ( 6.624999999999976019, 4.500000000000007105, 6.000000000000000000 ) ) ;
#685 = AXIS2_PLACEMENT_3D ( 'NONE', #635, #1856, #771 ) ;
#686 = DIRECTION ( 'NONE',  ( 1.000000000000000000, 0.000000000000000000, 0.000000000000000000 ) ) ;
#687 = CARTESIAN_POINT ( 'NONE',  ( 62.00000000000000711, 70.00000000000000000, 5.500000000000000000 ) ) ;
#688 = ADVANCED_FACE ( 'NONE', ( #45 ), #3001, .T. ) ;
#689 = ORIENTED_EDGE ( 'NONE', *, *, #2534, .F. ) ;
#690 = CARTESIAN_POINT ( 'NONE',  ( 15.30574326252304473, 1.000000000000000888, 3.000000000000000000 ) ) ;
#691 = FACE_OUTER_BOUND ( 'NONE', #1997, .T. ) ;
#692 = CARTESIAN_POINT ( 'NONE',  ( 48.38851347495393895, 69.00000000000000000, 3.000000000000000000 ) ) ;
#693 = ORIENTED_EDGE ( 'NONE', *, *, #4207, .T. ) ;
#694 = ORIENTED_EDGE ( 'NONE', *, *, #4380, .T. ) ;
#695 = CYLINDRICAL_SURFACE ( 'NONE', #3638, 1.000000000000000888 ) ;
#696 = ORIENTED_EDGE ( 'NONE', *, *, #2958, .T. ) ;
#697 = CARTESIAN_POINT ( 'NONE',  ( 29.91722978756911644, 1.000000000000000888, 5.500000000000000000 ) ) ;
#698 = ORIENTED_EDGE ( 'NONE', *, *, #879, .T. ) ;
#699 = AXIS2_PLACEMENT_3D ( 'NONE', #384, #21, #2926 ) ;
#700 = PLANE ( 'NONE',  #4628 ) ;
#701 = FACE_OUTER_BOUND ( 'NONE', #447, .T. ) ;
#702 = ORIENTED_EDGE ( 'NONE', *, *, #2741, .F. ) ;
#703 = VECTOR ( 'NONE', #4629, 1000.000000000000000 ) ;
#704 = CARTESIAN_POINT ( 'NONE',  ( 65.50000000000000000, 65.50000000000000000, 5.500000000000023981 ) ) ;
#705 = VECTOR ( 'NONE', #1193, 1000.000000000000000 ) ;
#706 = LINE ( 'NONE', #3631, #911 ) ;
#707 = VECTOR ( 'NONE', #3689, 1000.000000000000000 ) ;
#708 = CARTESIAN_POINT ( 'NONE',  ( 22.61148652504607881, 1.000000000000000888, 5.500000000000000000 ) ) ;
#709 = ORIENTED_EDGE ( 'NONE', *, *, #3947, .F. ) ;
#710 = VECTOR ( 'NONE', #2422, 1000.000000000000000 ) ;
#711 = DIRECTION ( 'NONE',  ( 0.000000000000000000, 0.000000000000000000, 1.000000000000000000 ) ) ;
#712 = EDGE_CURVE ( 'NONE', #1484, #4750, #4735, .T. ) ;
#713 = DIRECTION ( 'NONE',  ( 0.000000000000000000, -0.7071067811865474617, 0.7071067811865474617 ) ) ;
#714 = AXIS2_PLACEMENT_3D ( 'NONE', #876, #2078, #513 ) ;
#715 = CARTESIAN_POINT ( 'NONE',  ( 19.16554042486180265, 1.000000000000000888, 3.000000000000000000 ) ) ;
#716 = LINE ( 'NONE', #2187, #2541 ) ;
#717 = VERTEX_POINT ( 'NONE', #2906 ) ;
#718 = ADVANCED_FACE ( 'NONE', ( #701 ), #4754, .T. ) ;
#719 = LINE ( 'NONE', #4391, #1937 ) ;
#720 = EDGE_LOOP ( 'NONE', ( #3178, #2928, #2966, #4347, #3338, #2308, #4712, #2414 ) ) ;
#721 = LINE ( 'NONE', #1824, #1602 ) ;
#722 = EDGE_CURVE ( 'NONE', #4245, #2240, #4397, .T. ) ;
#723 = VERTEX_POINT ( 'NONE', #4034 ) ;
#724 = LINE ( 'NONE', #2884, #3476 ) ;
#725 = VECTOR ( 'NONE', #2692, 1000.000000000000000 ) ;
#726 = CARTESIAN_POINT ( 'NONE',  ( 40.08277021243089422, 70.00000000000000000, 5.500000000000000000 ) ) ;
#727 = EDGE_LOOP ( 'NONE', ( #2408, #2463, #1944, #2506 ) ) ;
#728 = PLANE ( 'NONE',  #1946 ) ;
#729 = DIRECTION ( 'NONE',  ( 0.7071067811865474617, 0.000000000000000000, -0.7071067811865474617 ) ) ;
#730 = ADVANCED_FACE ( 'NONE', ( #3672 ), #362, .T. ) ;
#731 = PLANE ( 'NONE',  #399 ) ;
#732 = EDGE_CURVE ( 'NONE', #4231, #4681, #4559, .T. ) ;
#733 = ORIENTED_EDGE ( 'NONE', *, *, #1294, .F. ) ;
#734 = EDGE_LOOP ( 'NONE', ( #3054, #1630, #1895, #1754, #1642, #1965, #3520, #35 ) ) ;
#735 = LINE ( 'NONE', #4696, #3071 ) ;
#736 = DIRECTION ( 'NONE',  ( 0.000000000000000000, 0.000000000000000000, -1.000000000000000000 ) ) ;
#737 = CARTESIAN_POINT ( 'NONE',  ( 28.91722978756910578, 69.00000000000000000, 5.500000000000000000 ) ) ;
#738 = ORIENTED_EDGE ( 'NONE', *, *, #3158, .F. ) ;
#739 = EDGE_CURVE ( 'NONE', #4767, #2776, #4203, .T. ) ;
#740 = ORIENTED_EDGE ( 'NONE', *, *, #1208, .T. ) ;
#741 = AXIS2_PLACEMENT_3D ( 'NONE', #2312, #1955, #148 ) ;
#742 = CARTESIAN_POINT ( 'NONE',  ( 69.50000000000000000, 1.000000000000000000, 6.000000000000000000 ) ) ;
#743 = EDGE_LOOP ( 'NONE', ( #4708, #619, #2922, #4363, #438, #1340, #574, #3494 ) ) ;
#744 = DIRECTION ( 'NONE',  ( 0.000000000000000000, -1.000000000000000000, 0.000000000000000000 ) ) ;
#745 = ORIENTED_EDGE ( 'NONE', *, *, #4161, .F. ) ;
#746 = CARTESIAN_POINT ( 'NONE',  ( 44.52871631261518104, 70.00000000000000000, 3.000000000000000000 ) ) ;
#747 = DIRECTION ( 'NONE',  ( -0.000000000000000000, 0.000000000000000000, 1.000000000000000000 ) ) ;
#748 = ORIENTED_EDGE ( 'NONE', *, *, #4674, .F. ) ;
#749 = VECTOR ( 'NONE', #667, 1000.000000000000000 ) ;
#750 = EDGE_LOOP ( 'NONE', ( #405, #96, #1893, #1690 ) ) ;
#751 = AXIS2_PLACEMENT_3D ( 'NONE', #407, #1492, #1879 ) ;
#752 = AXIS2_PLACEMENT_3D ( 'NONE', #1920, #66, #862 ) ;
#753 = AXIS2_PLACEMENT_3D ( 'NONE', #1791, #3272, #366 ) ;
#754 = LINE ( 'NONE', #28, #2407 ) ;
#755 = VERTEX_POINT ( 'NONE', #4179 ) ;
#756 = DIRECTION ( 'NONE',  ( -0.000000000000000000, -0.7071067811865475727, -0.7071067811865475727 ) ) ;
#757 = VECTOR ( 'NONE', #3481, 1000.000000000000000 ) ;
#758 = ADVANCED_FACE ( 'NONE', ( #2261 ), #1615, .F. ) ;
#759 = DIRECTION ( 'NONE',  ( 0.000000000000000000, -0.7071067811865474617, 0.7071067811865474617 ) ) ;
#760 = DIRECTION ( 'NONE',  ( 1.486905836551548586E-16, -1.000000000000000000, 0.000000000000000000 ) ) ;
#761 = ORIENTED_EDGE ( 'NONE', *, *, #739, .F. ) ;
#762 = ORIENTED_EDGE ( 'NONE', *, *, #4161, .T. ) ;
#763 = LINE ( 'NONE', #1969, #393 ) ;
#764 = ORIENTED_EDGE ( 'NONE', *, *, #1843, .F. ) ;
#765 = DIRECTION ( 'NONE',  ( -0.000000000000000000, -0.000000000000000000, 1.000000000000000000 ) ) ;
#766 = VERTEX_POINT ( 'NONE', #1564 ) ;
#767 = CARTESIAN_POINT ( 'NONE',  ( 19.16554042486180265, 0.5000000000000013323, 6.000000000000000000 ) ) ;
#768 = EDGE_CURVE ( 'NONE', #4773, #408, #831, .T. ) ;
#769 = FACE_OUTER_BOUND ( 'NONE', #1521, .T. ) ;
#770 = ORIENTED_EDGE ( 'NONE', *, *, #819, .F. ) ;
#771 = DIRECTION ( 'NONE',  ( -1.000000000000000000, 0.000000000000000000, 0.000000000000000000 ) ) ;
#772 = ORIENTED_EDGE ( 'NONE', *, *, #2147, .F. ) ;
#773 = VECTOR ( 'NONE', #1428, 1000.000000000000114 ) ;
#774 = EDGE_CURVE ( 'NONE', #1104, #3569, #3068, .T. ) ;
#775 = AXIS2_PLACEMENT_3D ( 'NONE', #891, #3843, #193 ) ;
#776 = DIRECTION ( 'NONE',  ( -0.000000000000000000, -0.000000000000000000, 1.000000000000000000 ) ) ;
#777 = ORIENTED_EDGE ( 'NONE', *, *, #2894, .F. ) ;
#778 = CARTESIAN_POINT ( 'NONE',  ( 21.61148652504606815, 70.00000000000000000, 5.500000000000000000 ) ) ;
#779 = VECTOR ( 'NONE', #2428, 1000.000000000000000 ) ;
#780 = DIRECTION ( 'NONE',  ( -0.000000000000000000, -0.000000000000000000, -1.000000000000000000 ) ) ;
#781 = CARTESIAN_POINT ( 'NONE',  ( 44.02871631261518104, 69.00000000000000000, 6.000000000000000000 ) ) ;
#782 = CARTESIAN_POINT ( 'NONE',  ( 48.38851347495393895, 70.00000000000000000, 6.000000000000000000 ) ) ;
#783 = VERTEX_POINT ( 'NONE', #533 ) ;
#784 = CARTESIAN_POINT ( 'NONE',  ( 2.874999999999987121, 4.500000000000007105, 0.000000000000000000 ) ) ;
#785 = VECTOR ( 'NONE', #905, 1000.000000000000000 ) ;
#786 = DIRECTION ( 'NONE',  ( 0.000000000000000000, 0.000000000000000000, 1.000000000000000000 ) ) ;
#787 = ORIENTED_EDGE ( 'NONE', *, *, #1968, .T. ) ;
#788 = LINE ( 'NONE', #2700, #984 ) ;
#789 = EDGE_CURVE ( 'NONE', #1398, #2364, #868, .T. ) ;
#790 = EDGE_CURVE ( 'NONE', #1096, #2331, #3307, .T. ) ;
#791 = ORIENTED_EDGE ( 'NONE', *, *, #608, .F. ) ;
#792 = EDGE_CURVE ( 'NONE', #4128, #2195, #3533, .T. ) ;
#793 = LINE ( 'NONE', #2653, #546 ) ;
#794 = FACE_OUTER_BOUND ( 'NONE', #1686, .T. ) ;
#795 = ORIENTED_EDGE ( 'NONE', *, *, #232, .F. ) ;
#796 = CARTESIAN_POINT ( 'NONE',  ( 7.500000000000007994, 9.293161478447189878E-16, 6.000000000000000000 ) ) ;
#797 = ORIENTED_EDGE ( 'NONE', *, *, #404, .F. ) ;
#798 = ADVANCED_FACE ( 'NONE', ( #794 ), #1975, .T. ) ;
#799 = FILL_AREA_STYLE ('',( #3050 ) ) ;
#800 = DIRECTION ( 'NONE',  ( -1.000000000000000000, 0.000000000000000000, 0.000000000000000000 ) ) ;
#801 = ORIENTED_EDGE ( 'NONE', *, *, #3807, .F. ) ;
#802 = VECTOR ( 'NONE', #4431, 1000.000000000000000 ) ;
#803 = ADVANCED_FACE ( 'NONE', ( #3382 ), #1216, .T. ) ;
#804 = CARTESIAN_POINT ( 'NONE',  ( 63.00000000000000000, 0.000000000000000000, 6.000000000000000000 ) ) ;
#805 = DIRECTION ( 'NONE',  ( -1.000000000000000000, 0.000000000000000000, 0.000000000000000000 ) ) ;
#806 = LINE ( 'NONE', #3809, #4185 ) ;
#807 = DIRECTION ( 'NONE',  ( 0.000000000000000000, 0.7071067811865475727, -0.7071067811865475727 ) ) ;
#808 = ORIENTED_EDGE ( 'NONE', *, *, #3534, .T. ) ;
#809 = FACE_OUTER_BOUND ( 'NONE', #622, .T. ) ;
#810 = CARTESIAN_POINT ( 'NONE',  ( 63.00000000000000000, 70.00000000000000000, 5.500000000000000000 ) ) ;
#811 = ORIENTED_EDGE ( 'NONE', *, *, #1407, .T. ) ;
#812 = DIRECTION ( 'NONE',  ( -1.000000000000000000, -9.912705577010325549E-17, 0.000000000000000000 ) ) ;
#813 = ORIENTED_EDGE ( 'NONE', *, *, #1259, .F. ) ;
#814 = DIRECTION ( 'NONE',  ( -1.000000000000000000, 0.000000000000000000, 0.000000000000000000 ) ) ;
#815 = EDGE_CURVE ( 'NONE', #1769, #1437, #603, .T. ) ;
#816 = LINE ( 'NONE', #4513, #4533 ) ;
#817 = EDGE_LOOP ( 'NONE', ( #2099, #3709, #2751, #67 ) ) ;
#818 = CARTESIAN_POINT ( 'NONE',  ( 47.38851347495394606, 1.000000000000000888, 3.000000000000000000 ) ) ;
#819 = EDGE_CURVE ( 'NONE', #2448, #115, #1156, .T. ) ;
#820 = VERTEX_POINT ( 'NONE', #3479 ) ;
#821 = DIRECTION ( 'NONE',  ( -1.000000000000000000, 0.000000000000000000, 0.000000000000000000 ) ) ;
#822 = FACE_OUTER_BOUND ( 'NONE', #975, .T. ) ;
#823 = VERTEX_POINT ( 'NONE', #1591 ) ;
#824 = VECTOR ( 'NONE', #1362, 1000.000000000000000 ) ;
#825 = LINE ( 'NONE', #4136, #568 ) ;
#826 = AXIS2_PLACEMENT_3D ( 'NONE', #3787, #1560, #2649 ) ;
#827 = COLOUR_RGB ( '',0.7764705882352941346, 0.7568627450980391913, 0.7372549019607843590 ) ;
#828 = CARTESIAN_POINT ( 'NONE',  ( 33.77702694990786370, 69.00000000000000000, 6.000000000000000000 ) ) ;
#829 = EDGE_CURVE ( 'NONE', #2188, #4627, #816, .T. ) ;
#830 = CARTESIAN_POINT ( 'NONE',  ( 1.000000000000000000, 0.000000000000000000, 0.000000000000000000 ) ) ;
#831 = CIRCLE ( 'NONE', #1605, 0.5000000000000004441 ) ;
#832 = CARTESIAN_POINT ( 'NONE',  ( 29.91722978756910578, 70.00000000000000000, 5.500000000000000000 ) ) ;
#833 = ORIENTED_EDGE ( 'NONE', *, *, #4697, .T. ) ;
#834 = FACE_OUTER_BOUND ( 'NONE', #3667, .T. ) ;
#835 = AXIS2_PLACEMENT_3D ( 'NONE', #3719, #274, #4693 ) ;
#836 = CARTESIAN_POINT ( 'NONE',  ( 50.83445957513821867, 1.000000000000000000, 6.000000000000000000 ) ) ;
#837 = EDGE_LOOP ( 'NONE', ( #1347, #521, #4059, #2924 ) ) ;
#838 = FACE_OUTER_BOUND ( 'NONE', #1838, .T. ) ;
#839 = ORIENTED_EDGE ( 'NONE', *, *, #4065, .T. ) ;
#840 = DIRECTION ( 'NONE',  ( 0.000000000000000000, 0.000000000000000000, -1.000000000000000000 ) ) ;
#841 = DIRECTION ( 'NONE',  ( -1.000000000000000000, 0.000000000000000000, 0.000000000000000000 ) ) ;
#842 = ORIENTED_EDGE ( 'NONE', *, *, #2043, .F. ) ;
#843 = CYLINDRICAL_SURFACE ( 'NONE', #741, 1.000000000000000888 ) ;
#844 = ORIENTED_EDGE ( 'NONE', *, *, #150, .F. ) ;
#845 = DIRECTION ( 'NONE',  ( 0.000000000000000000, 0.000000000000000000, 1.000000000000000000 ) ) ;
#846 = DIRECTION ( 'NONE',  ( 1.000000000000000000, 0.000000000000000000, 0.000000000000000000 ) ) ;
#847 = DIRECTION ( 'NONE',  ( -1.000000000000000000, 0.000000000000000000, 0.000000000000000000 ) ) ;
#848 = EDGE_LOOP ( 'NONE', ( #2942, #4256, #3163, #3692 ) ) ;
#849 = EDGE_CURVE ( 'NONE', #919, #180, #2363, .T. ) ;
#850 = FACE_OUTER_BOUND ( 'NONE', #1304, .T. ) ;
#851 = EDGE_CURVE ( 'NONE', #2651, #4777, #1539, .T. ) ;
#852 = CIRCLE ( 'NONE', #3864, 1.625000000000001332 ) ;
#853 = PLANE ( 'NONE',  #4120 ) ;
#854 = CARTESIAN_POINT ( 'NONE',  ( 47.38851347495393895, 70.00000000000000000, 5.500000000000000000 ) ) ;
#855 = DIRECTION ( 'NONE',  ( -1.000000000000000000, 0.000000000000000000, 0.000000000000000000 ) ) ;
#856 = ORIENTED_EDGE ( 'NONE', *, *, #1094, .F. ) ;
#857 = CARTESIAN_POINT ( 'NONE',  ( 0.000000000000000000, 0.5000000000000004441, 6.000000000000000000 ) ) ;
#858 = CIRCLE ( 'NONE', #169, 0.5000000000000143219 ) ;
#859 = EDGE_CURVE ( 'NONE', #4345, #3279, #2655, .T. ) ;
#860 = DIRECTION ( 'NONE',  ( -1.000000000000000000, 0.000000000000000000, 0.000000000000000000 ) ) ;
#861 = ORIENTED_EDGE ( 'NONE', *, *, #2715, .T. ) ;
#862 = DIRECTION ( 'NONE',  ( -1.000000000000000000, 0.000000000000000000, 0.000000000000000000 ) ) ;
#863 = VERTEX_POINT ( 'NONE', #2283 ) ;
#864 = EDGE_CURVE ( 'NONE', #1740, #3470, #4153, .T. ) ;
#865 = AXIS2_PLACEMENT_3D ( 'NONE', #973, #3106, #2744 ) ;
#866 = DIRECTION ( 'NONE',  ( 0.000000000000000000, 0.000000000000000000, -1.000000000000000000 ) ) ;
#867 = EDGE_CURVE ( 'NONE', #1218, #2066, #483, .T. ) ;
#868 = LINE ( 'NONE', #1926, #2920 ) ;
#869 = ORIENTED_EDGE ( 'NONE', *, *, #2628, .F. ) ;
#870 = CARTESIAN_POINT ( 'NONE',  ( 62.00000000000000711, 70.00000000000000000, 3.000000000000000000 ) ) ;
#871 = CIRCLE ( 'NONE', #3571, 1.000000000000000888 ) ;
#872 = EDGE_LOOP ( 'NONE', ( #1823, #309, #1505, #4124 ) ) ;
#873 = AXIS2_PLACEMENT_3D ( 'NONE', #4615, #3961, #4688 ) ;
#874 = DIRECTION ( 'NONE',  ( 0.000000000000000000, 0.000000000000000000, -1.000000000000000000 ) ) ;
#875 = CIRCLE ( 'NONE', #1722, 1.000000000000000888 ) ;
#876 = CARTESIAN_POINT ( 'NONE',  ( 50.83445957513821867, 1.000000000000000000, 3.000000000000000000 ) ) ;
#877 = ORIENTED_EDGE ( 'NONE', *, *, #4098, .F. ) ;
#878 = FACE_OUTER_BOUND ( 'NONE', #2190, .T. ) ;
#879 = EDGE_CURVE ( 'NONE', #4301, #1104, #439, .T. ) ;
#880 = EDGE_CURVE ( 'NONE', #3101, #2060, #2367, .T. ) ;
#881 = AXIS2_PLACEMENT_3D ( 'NONE', #3615, #1050, #3998 ) ;
#882 = DIRECTION ( 'NONE',  ( 1.000000000000000000, 0.000000000000000000, 0.000000000000000000 ) ) ;
#883 = DIRECTION ( 'NONE',  ( -0.000000000000000000, 0.000000000000000000, 1.000000000000000000 ) ) ;
#884 = CARTESIAN_POINT ( 'NONE',  ( 29.91722978756910578, 69.00000000000000000, 3.000000000000000000 ) ) ;
#885 = ORIENTED_EDGE ( 'NONE', *, *, #4658, .T. ) ;
#886 = LINE ( 'NONE', #2670, #2993 ) ;
#887 = CARTESIAN_POINT ( 'NONE',  ( 14.30574326252303408, 69.00000000000000000, 6.000000000000000000 ) ) ;
#888 = VERTEX_POINT ( 'NONE', #2391 ) ;
#889 = DIRECTION ( 'NONE',  ( -1.000000000000000000, 0.000000000000000000, 0.000000000000000000 ) ) ;
#890 = ORIENTED_EDGE ( 'NONE', *, *, #4641, .T. ) ;
#891 = CARTESIAN_POINT ( 'NONE',  ( 63.00000000000000000, 69.00000000000000000, 6.000000000000000000 ) ) ;
#892 = DIRECTION ( 'NONE',  ( 0.000000000000000000, 0.000000000000000000, 1.000000000000000000 ) ) ;
#893 = ORIENTED_EDGE ( 'NONE', *, *, #22, .F. ) ;
#894 = CARTESIAN_POINT ( 'NONE',  ( 2.375000000000012434, 65.50000000000001421, 6.000000000000000000 ) ) ;
#895 = EDGE_CURVE ( 'NONE', #4245, #1778, #4226, .T. ) ;
#896 = ORIENTED_EDGE ( 'NONE', *, *, #157, .F. ) ;
#897 = AXIS2_PLACEMENT_3D ( 'NONE', #97, #1617, #3384 ) ;
#898 = CARTESIAN_POINT ( 'NONE',  ( 0.000000000000000000, 70.00000000000000000, 5.500000000000000000 ) ) ;
#899 = CARTESIAN_POINT ( 'NONE',  ( 21.61148652504607881, 0.000000000000000000, 3.000000000000000000 ) ) ;
#900 = ORIENTED_EDGE ( 'NONE', *, *, #3075, .F. ) ;
#901 = CARTESIAN_POINT ( 'NONE',  ( 41.08277021243090843, 0.000000000000000000, 6.000000000000000000 ) ) ;
#903 = AXIS2_PLACEMENT_3D ( 'NONE', #3595, #3955, #3910 ) ;
#902 = DIRECTION ( 'NONE',  ( 1.000000000000000000, 0.000000000000000000, 0.000000000000000000 ) ) ;
#904 = AXIS2_PLACEMENT_3D ( 'NONE', #3614, #2912, #4044 ) ;
#905 = DIRECTION ( 'NONE',  ( 0.000000000000000000, -0.000000000000000000, 1.000000000000000000 ) ) ;
#906 = FACE_OUTER_BOUND ( 'NONE', #3280, .T. ) ;
#907 = ORIENTED_EDGE ( 'NONE', *, *, #2693, .F. ) ;
#908 = AXIS2_PLACEMENT_3D ( 'NONE', #4198, #209, #2090 ) ;
#909 = CARTESIAN_POINT ( 'NONE',  ( 8.000000000000000000, 69.00000000000000000, 3.000000000000000000 ) ) ;
#910 = EDGE_CURVE ( 'NONE', #1202, #2060, #555, .T. ) ;
#911 = VECTOR ( 'NONE', #2544, 1000.000000000000114 ) ;
#912 = DIRECTION ( 'NONE',  ( -1.000000000000000000, 0.000000000000000000, 0.000000000000000000 ) ) ;
#913 = ORIENTED_EDGE ( 'NONE', *, *, #2440, .F. ) ;
#914 = CARTESIAN_POINT ( 'NONE',  ( 59.14020283766124919, 69.00000000000000000, 5.500000000000000000 ) ) ;
#915 = ORIENTED_EDGE ( 'NONE', *, *, #2519, .T. ) ;
#916 = VECTOR ( 'NONE', #1358, 1000.000000000000000 ) ;
#917 = LINE ( 'NONE', #2390, #3174 ) ;
#918 = LINE ( 'NONE', #941, #3759 ) ;
#919 = VERTEX_POINT ( 'NONE', #240 ) ;
#920 = FACE_OUTER_BOUND ( 'NONE', #1684, .T. ) ;
#921 = VECTOR ( 'NONE', #419, 1000.000000000000000 ) ;
#922 = ADVANCED_FACE ( 'NONE', ( #1303 ), #1277, .T. ) ;
#923 = EDGE_CURVE ( 'NONE', #4392, #2813, #2760, .T. ) ;
#924 = CYLINDRICAL_SURFACE ( 'NONE', #43, 1.000000000000000888 ) ;
#925 = CARTESIAN_POINT ( 'NONE',  ( 50.83445957513821867, 0.5000000000000004441, 6.000000000000000000 ) ) ;
#926 = ORIENTED_EDGE ( 'NONE', *, *, #3478, .T. ) ;
#927 = FACE_OUTER_BOUND ( 'NONE', #4678, .T. ) ;
#928 = EDGE_CURVE ( 'NONE', #4301, #2092, #2117, .T. ) ;
#929 = CARTESIAN_POINT ( 'NONE',  ( 29.91722978756911644, 1.000000000000000888, 3.000000000000000000 ) ) ;
#930 = LINE ( 'NONE', #252, #558 ) ;
#931 = DIRECTION ( 'NONE',  ( -1.000000000000000000, 0.000000000000000000, 0.000000000000000000 ) ) ;
#932 = ORIENTED_EDGE ( 'NONE', *, *, #1949, .T. ) ;
#933 = LINE ( 'NONE', #2405, #824 ) ;
#934 = VECTOR ( 'NONE', #2236, 1000.000000000000114 ) ;
#935 = DIRECTION ( 'NONE',  ( 0.000000000000000000, 0.000000000000000000, 1.000000000000000000 ) ) ;
#936 = VECTOR ( 'NONE', #3165, 1000.000000000000114 ) ;
#937 = CARTESIAN_POINT ( 'NONE',  ( 8.000000000000008882, 1.000000000000000888, 3.000000000000000000 ) ) ;
#938 = ORIENTED_EDGE ( 'NONE', *, *, #3741, .T. ) ;
#939 = CONICAL_SURFACE ( 'NONE', #551, 0.5000000000000125455, 0.7853981633974621568 ) ;
#940 = CARTESIAN_POINT ( 'NONE',  ( 65.50000000000000000, 65.50000000000000000, 6.000000000000000000 ) ) ;
#941 = CARTESIAN_POINT ( 'NONE',  ( 11.85979716233876680, 0.000000000000000000, 6.000000000000000000 ) ) ;
#942 = ORIENTED_EDGE ( 'NONE', *, *, #87, .F. ) ;
#943 = ADVANCED_FACE ( 'NONE', ( #3117 ), #2780, .F. ) ;
#944 = CARTESIAN_POINT ( 'NONE',  ( 41.08277021243090843, 0.5000000000000013323, 6.000000000000000000 ) ) ;
#945 = ADVANCED_FACE ( 'NONE', ( #1007 ), #3987, .T. ) ;
#946 = CIRCLE ( 'NONE', #4640, 1.625000000000001332 ) ;
#947 = PLANE ( 'NONE',  #3575 ) ;
#948 = VECTOR ( 'NONE', #3722, 1000.000000000000000 ) ;
#949 = EDGE_CURVE ( 'NONE', #1104, #4591, #2096, .T. ) ;
#950 =( NAMED_UNIT ( * ) SI_UNIT ( $, .STERADIAN. ) SOLID_ANGLE_UNIT ( ) );
#951 = CARTESIAN_POINT ( 'NONE',  ( 1.000000000000000000, 1.000000000000000000, 5.500000000000000000 ) ) ;
#952 = CARTESIAN_POINT ( 'NONE',  ( 67.12500000000000000, 4.500000000000003553, 0.000000000000000000 ) ) ;
#953 = DIRECTION ( 'NONE',  ( 0.000000000000000000, 0.000000000000000000, -1.000000000000000000 ) ) ;
#954 = DIRECTION ( 'NONE',  ( 0.000000000000000000, -0.000000000000000000, 1.000000000000000000 ) ) ;
#955 = ORIENTED_EDGE ( 'NONE', *, *, #3070, .F. ) ;
#956 = DIRECTION ( 'NONE',  ( -1.000000000000000000, 0.000000000000000000, 0.000000000000000000 ) ) ;
#957 = DIRECTION ( 'NONE',  ( 1.000000000000000000, -0.000000000000000000, 0.000000000000000000 ) ) ;
#958 = VERTEX_POINT ( 'NONE', #599 ) ;
#959 = CARTESIAN_POINT ( 'NONE',  ( 4.500000000000000888, 65.50000000000001421, 5.499999999999993783 ) ) ;
#960 = VERTEX_POINT ( 'NONE', #265 ) ;
#961 = LINE ( 'NONE', #1709, #936 ) ;
#962 = CARTESIAN_POINT ( 'NONE',  ( 36.22297305009214341, 69.00000000000000000, 3.000000000000000000 ) ) ;
#963 = ORIENTED_EDGE ( 'NONE', *, *, #2482, .T. ) ;
#964 = DIRECTION ( 'NONE',  ( 0.000000000000000000, 0.7071067811865475727, -0.7071067811865475727 ) ) ;
#965 = EDGE_CURVE ( 'NONE', #1096, #723, #918, .T. ) ;
#966 = DIRECTION ( 'NONE',  ( -0.000000000000000000, -0.000000000000000000, -1.000000000000000000 ) ) ;
#967 = ORIENTED_EDGE ( 'NONE', *, *, #1589, .T. ) ;
#968 = LINE ( 'NONE', #2396, #2957 ) ;
#969 = AXIS2_PLACEMENT_3D ( 'NONE', #1128, #4415, #2945 ) ;
#970 = DIRECTION ( 'NONE',  ( -1.000000000000000000, 0.000000000000000000, 0.000000000000000000 ) ) ;
#971 = ADVANCED_FACE ( 'NONE', ( #3502 ), #3166, .F. ) ;
#972 = DIRECTION ( 'NONE',  ( 0.000000000000000000, 0.000000000000000000, -1.000000000000000000 ) ) ;
#973 = CARTESIAN_POINT ( 'NONE',  ( 22.61148652504606815, 70.00000000000000000, 5.500000000000000000 ) ) ;
#974 = PLANE ( 'NONE',  #1244 ) ;
#975 = EDGE_LOOP ( 'NONE', ( #2233, #2025, #3065, #2347 ) ) ;
#976 = DIRECTION ( 'NONE',  ( -0.000000000000000000, -0.000000000000000000, -1.000000000000000000 ) ) ;
#977 = ADVANCED_FACE ( 'NONE', ( #4321 ), #1325, .F. ) ;
#978 = LINE ( 'NONE', #2088, #8 ) ;
#979 = ORIENTED_EDGE ( 'NONE', *, *, #2627, .F. ) ;
#980 = VECTOR ( 'NONE', #2917, 1000.000000000000000 ) ;
#981 = CARTESIAN_POINT ( 'NONE',  ( 0.000000000000000000, 70.00000000000000000, 5.500000000000027534 ) ) ;
#982 = ORIENTED_EDGE ( 'NONE', *, *, #3496, .T. ) ;
#983 = EDGE_LOOP ( 'NONE', ( #1248, #2739, #1588, #3840 ) ) ;
#984 = VECTOR ( 'NONE', #3839, 1000.000000000000114 ) ;
#985 = DIRECTION ( 'NONE',  ( 0.7071067811865474617, 0.000000000000000000, -0.7071067811865474617 ) ) ;
#986 = ORIENTED_EDGE ( 'NONE', *, *, #645, .F. ) ;
#987 = AXIS2_PLACEMENT_3D ( 'NONE', #1382, #1019, #2104 ) ;
#988 = DIRECTION ( 'NONE',  ( 0.000000000000000000, -0.000000000000000000, 1.000000000000000000 ) ) ;
#989 = VECTOR ( 'NONE', #3795, 1000.000000000000000 ) ;
#990 = FACE_OUTER_BOUND ( 'NONE', #2758, .T. ) ;
#991 = ADVANCED_FACE ( 'NONE', ( #4255 ), #2479, .T. ) ;
#992 = DIRECTION ( 'NONE',  ( -0.000000000000000000, -0.000000000000000000, 1.000000000000000000 ) ) ;
#993 = DIRECTION ( 'NONE',  ( -0.000000000000000000, -0.000000000000000000, -1.000000000000000000 ) ) ;
#994 = CARTESIAN_POINT ( 'NONE',  ( 63.87500000000000000, 65.50000000000000000, 5.500000000000023981 ) ) ;
#995 = EDGE_CURVE ( 'NONE', #1118, #1218, #3189, .T. ) ;
#996 = CYLINDRICAL_SURFACE ( 'NONE', #4566, 1.625000000000001332 ) ;
#997 = CARTESIAN_POINT ( 'NONE',  ( 58.14020283766124919, 69.00000000000000000, 5.500000000000000000 ) ) ;
#998 = EDGE_LOOP ( 'NONE', ( #4193, #1041, #4271, #1466 ) ) ;
#999 = EDGE_CURVE ( 'NONE', #1850, #4702, #1735, .T. ) ;
#1000 = DIRECTION ( 'NONE',  ( -1.000000000000000000, -0.000000000000000000, -0.000000000000000000 ) ) ;
#1001 = DIRECTION ( 'NONE',  ( -1.486905836551548832E-16, 1.000000000000000000, -0.000000000000000000 ) ) ;
#1002 = ORIENTED_EDGE ( 'NONE', *, *, #4045, .T. ) ;
#1003 = LINE ( 'NONE', #282, #3526 ) ;
#1004 = EDGE_LOOP ( 'NONE', ( #2944, #284, #795, #3766 ) ) ;
#1005 = ORIENTED_EDGE ( 'NONE', *, *, #1968, .F. ) ;
#1006 = CONICAL_SURFACE ( 'NONE', #1161, 0.5000000000000004441, 0.7853981633974482790 ) ;
#1007 = FACE_OUTER_BOUND ( 'NONE', #3647, .T. ) ;
#1008 = ORIENTED_EDGE ( 'NONE', *, *, #2031, .T. ) ;
#1009 = LINE ( 'NONE', #1350, #2829 ) ;
#1010 = VERTEX_POINT ( 'NONE', #1417 ) ;
#1011 = EDGE_CURVE ( 'NONE', #4199, #4081, #4022, .T. ) ;
#1012 = ADVANCED_FACE ( 'NONE', ( #2531 ), #4413, .F. ) ;
#1013 = AXIS2_PLACEMENT_3D ( 'NONE', #2254, #786, #860 ) ;
#1014 = FACE_OUTER_BOUND ( 'NONE', #4003, .T. ) ;
#1015 = CARTESIAN_POINT ( 'NONE',  ( 6.125000000000001776, 65.50000000000001421, 5.499999999999993783 ) ) ;
#1016 = ORIENTED_EDGE ( 'NONE', *, *, #528, .T. ) ;
#1017 = AXIS2_PLACEMENT_3D ( 'NONE', #997, #4670, #4217 ) ;
#1018 = LINE ( 'NONE', #3985, #2314 ) ;
#1019 = DIRECTION ( 'NONE',  ( -0.000000000000000000, -0.000000000000000000, 1.000000000000000000 ) ) ;
#1020 = VECTOR ( 'NONE', #542, 1000.000000000000114 ) ;
#1021 = LINE ( 'NONE', #4082, #4766 ) ;
#1022 = CYLINDRICAL_SURFACE ( 'NONE', #3800, 1.625000000000001332 ) ;
#1023 = ORIENTED_EDGE ( 'NONE', *, *, #1940, .F. ) ;
#1024 = CARTESIAN_POINT ( 'NONE',  ( 0.000000000000000000, 0.000000000000000000, 6.000000000000000000 ) ) ;
#1025 = EDGE_CURVE ( 'NONE', #2195, #115, #719, .T. ) ;
#1026 = EDGE_CURVE ( 'NONE', #3038, #1118, #4261, .T. ) ;
#1027 = LINE ( 'NONE', #3299, #2344 ) ;
#1028 = ORIENTED_EDGE ( 'NONE', *, *, #3789, .F. ) ;
#1029 = CARTESIAN_POINT ( 'NONE',  ( 0.000000000000000000, 1.000000000000000000, 0.000000000000000000 ) ) ;
#1030 = CIRCLE ( 'NONE', #3727, 0.5000000000000004441 ) ;
#1031 = ORIENTED_EDGE ( 'NONE', *, *, #1067, .F. ) ;
#1032 = ORIENTED_EDGE ( 'NONE', *, *, #1159, .T. ) ;
#1033 = CARTESIAN_POINT ( 'NONE',  ( 2.874999999999987121, 4.500000000000007105, 6.000000000000000000 ) ) ;
#1034 = ORIENTED_EDGE ( 'NONE', *, *, #1351, .F. ) ;
#1035 = DIRECTION ( 'NONE',  ( 0.000000000000000000, 0.000000000000000000, -1.000000000000000000 ) ) ;
#1036 = VECTOR ( 'NONE', #57, 1000.000000000000000 ) ;
#1037 = EDGE_LOOP ( 'NONE', ( #2494, #3769, #3620, #259 ) ) ;
#1038 = PLANE ( 'NONE',  #1391 ) ;
#1039 = EDGE_CURVE ( 'NONE', #1803, #1418, #4769, .T. ) ;
#1040 = CYLINDRICAL_SURFACE ( 'NONE', #2841, 1.000000000000000888 ) ;
#1041 = ORIENTED_EDGE ( 'NONE', *, *, #4426, .F. ) ;
#1042 = DIRECTION ( 'NONE',  ( 1.486905836551548586E-16, -1.000000000000000000, 0.000000000000000000 ) ) ;
#1043 = CARTESIAN_POINT ( 'NONE',  ( 14.80574326252305895, 1.000000000000000444, 6.000000000000000000 ) ) ;
#1044 = CIRCLE ( 'NONE', #198, 1.000000000000000888 ) ;
#1045 = CARTESIAN_POINT ( 'NONE',  ( 15.30574326252304473, 0.000000000000000000, 3.000000000000000000 ) ) ;
#1046 = CARTESIAN_POINT ( 'NONE',  ( 43.52871631261518104, 70.00000000000000000, 5.500000000000000000 ) ) ;
#1047 = VERTEX_POINT ( 'NONE', #3708 ) ;
#1048 = CARTESIAN_POINT ( 'NONE',  ( 7.000000000000008882, 0.000000000000000000, 3.000000000000000000 ) ) ;
#1049 = AXIS2_PLACEMENT_3D ( 'NONE', #3072, #1541, #4129 ) ;
#1050 = DIRECTION ( 'NONE',  ( 0.000000000000000000, 0.000000000000000000, -1.000000000000000000 ) ) ;
#1051 = DIRECTION ( 'NONE',  ( 9.912705577010325549E-17, -1.000000000000000000, 0.000000000000000000 ) ) ;
#1052 = ORIENTED_EDGE ( 'NONE', *, *, #2951, .F. ) ;
#1053 = ORIENTED_EDGE ( 'NONE', *, *, #3361, .T. ) ;
#1054 = VECTOR ( 'NONE', #4387, 1000.000000000000114 ) ;
#1055 = DIRECTION ( 'NONE',  ( 1.000000000000000000, 0.000000000000000000, 0.000000000000000000 ) ) ;
#1056 = ORIENTED_EDGE ( 'NONE', *, *, #1212, .F. ) ;
#1057 = CARTESIAN_POINT ( 'NONE',  ( 28.91722978756911644, 1.000000000000000000, 6.000000000000000000 ) ) ;
#1058 = VECTOR ( 'NONE', #985, 1000.000000000000114 ) ;
#1059 = CIRCLE ( 'NONE', #3681, 1.000000000000000888 ) ;
#1060 = EDGE_LOOP ( 'NONE', ( #1583, #2805, #2333, #3033 ) ) ;
#1061 = AXIS2_PLACEMENT_3D ( 'NONE', #1057, #341, #2191 ) ;
#1062 = CIRCLE ( 'NONE', #4455, 0.5000000000000004441 ) ;
#1063 = DIRECTION ( 'NONE',  ( -1.000000000000000000, 0.000000000000000000, 0.000000000000000000 ) ) ;
#1064 = CARTESIAN_POINT ( 'NONE',  ( 0.000000000000000000, 0.000000000000000000, 5.500000000000000000 ) ) ;
#1065 = ORIENTED_EDGE ( 'NONE', *, *, #3361, .F. ) ;
#1066 = CARTESIAN_POINT ( 'NONE',  ( 41.08277021243090843, 1.000000000000000888, 3.000000000000000000 ) ) ;
#1067 = EDGE_CURVE ( 'NONE', #2701, #113, #4051, .T. ) ;
#1068 = CARTESIAN_POINT ( 'NONE',  ( 11.85979716233875791, 70.00000000000000000, 3.000000000000000000 ) ) ;
#1069 = CARTESIAN_POINT ( 'NONE',  ( 0.000000000000000000, 0.000000000000000000, 3.000000000000000000 ) ) ;
#1070 = ORIENTED_EDGE ( 'NONE', *, *, #2355, .F. ) ;
#1071 = ADVANCED_FACE ( 'NONE', ( #1761 ), #2403, .T. ) ;
#1072 = ORIENTED_EDGE ( 'NONE', *, *, #1721, .T. ) ;
#1073 = ADVANCED_FACE ( 'NONE', ( #2505 ), #2632, .T. ) ;
#1074 = CARTESIAN_POINT ( 'NONE',  ( 36.22297305009214341, 69.00000000000000000, 6.000000000000000000 ) ) ;
#1075 = ADVANCED_FACE ( 'NONE', ( #1462 ), #939, .T. ) ;
#1076 = EDGE_CURVE ( 'NONE', #4076, #4081, #4344, .T. ) ;
#1077 = CARTESIAN_POINT ( 'NONE',  ( 40.08277021243089422, 69.00000000000000000, 3.000000000000000000 ) ) ;
#1078 = CARTESIAN_POINT ( 'NONE',  ( 0.000000000000000000, 69.50000000000000000, 6.000000000000000000 ) ) ;
#1079 = ORIENTED_EDGE ( 'NONE', *, *, #965, .T. ) ;
#1080 = DIRECTION ( 'NONE',  ( 0.000000000000000000, 0.000000000000000000, 1.000000000000000000 ) ) ;
#1081 = ORIENTED_EDGE ( 'NONE', *, *, #4439, .F. ) ;
#1082 = DIRECTION ( 'NONE',  ( -1.000000000000000000, 0.000000000000000000, 0.000000000000000000 ) ) ;
#1083 = EDGE_LOOP ( 'NONE', ( #3705, #2875, #4706, #3285 ) ) ;
#1084 = AXIS2_PLACEMENT_3D ( 'NONE', #1404, #271, #2887 ) ;
#1085 = ADVANCED_FACE ( 'NONE', ( #670 ), #88, .F. ) ;
#1086 = DIRECTION ( 'NONE',  ( 0.000000000000000000, 0.000000000000000000, 1.000000000000000000 ) ) ;
#1087 = CARTESIAN_POINT ( 'NONE',  ( 58.14020283766125630, 0.5000000000000004441, 6.000000000000000000 ) ) ;
#1088 = ORIENTED_EDGE ( 'NONE', *, *, #2257, .F. ) ;
#1089 = ADVANCED_FACE ( 'NONE', ( #1782 ), #695, .T. ) ;
#1090 = AXIS2_PLACEMENT_3D ( 'NONE', #4584, #1302, #4655 ) ;
#1091 = CARTESIAN_POINT ( 'NONE',  ( 54.69425673747696948, 70.00000000000000000, 5.500000000000000000 ) ) ;
#1092 = CIRCLE ( 'NONE', #2241, 1.000000000000000888 ) ;
#1093 = PLANE ( 'NONE',  #4304 ) ;
#1094 = EDGE_CURVE ( 'NONE', #2143, #4072, #2577, .T. ) ;
#1095 = DIRECTION ( 'NONE',  ( 0.000000000000000000, 0.000000000000000000, 1.000000000000000000 ) ) ;
#1096 = VERTEX_POINT ( 'NONE', #3281 ) ;
#1097 = ORIENTED_EDGE ( 'NONE', *, *, #3510, .F. ) ;
#1098 = AXIS2_PLACEMENT_3D ( 'NONE', #4116, #2301, #107 ) ;
#1099 = FACE_OUTER_BOUND ( 'NONE', #1152, .T. ) ;
#1100 = DIRECTION ( 'NONE',  ( -1.000000000000000000, 0.000000000000000000, 0.000000000000000000 ) ) ;
#1101 = VECTOR ( 'NONE', #3530, 1000.000000000000000 ) ;
#1102 = FACE_OUTER_BOUND ( 'NONE', #837, .T. ) ;
#1103 = ORIENTED_EDGE ( 'NONE', *, *, #3871, .T. ) ;
#1104 = VERTEX_POINT ( 'NONE', #742 ) ;
#1105 = VECTOR ( 'NONE', #1936, 1000.000000000000000 ) ;
#1106 = DIRECTION ( 'NONE',  ( 0.000000000000000000, 0.000000000000000000, -1.000000000000000000 ) ) ;
#1107 = EDGE_LOOP ( 'NONE', ( #1485, #204, #4182, #3951 ) ) ;
#1108 = CARTESIAN_POINT ( 'NONE',  ( 0.000000000000000000, 69.50000000000000000, 6.000000000000000000 ) ) ;
#1109 = VERTEX_POINT ( 'NONE', #3646 ) ;
#1110 = FACE_OUTER_BOUND ( 'NONE', #4005, .T. ) ;
#1111 = CIRCLE ( 'NONE', #4461, 1.000000000000000000 ) ;
#1112 = CARTESIAN_POINT ( 'NONE',  ( 0.000000000000000000, 0.000000000000000000, 6.000000000000000000 ) ) ;
#1113 = EDGE_LOOP ( 'NONE', ( #3208, #4471, #1826, #4351 ) ) ;
#1114 = ORIENTED_EDGE ( 'NONE', *, *, #1851, .F. ) ;
#1115 = EDGE_CURVE ( 'NONE', #4225, #3353, #4407, .T. ) ;
#1116 = FACE_OUTER_BOUND ( 'NONE', #338, .T. ) ;
#1117 = CARTESIAN_POINT ( 'NONE',  ( 50.83445957513821867, 0.5000000000000004441, 6.000000000000000000 ) ) ;
#1118 = VERTEX_POINT ( 'NONE', #3666 ) ;
#1119 = FACE_OUTER_BOUND ( 'NONE', #1416, .T. ) ;
#1120 = LINE ( 'NONE', #2593, #2816 ) ;
#1121 = CARTESIAN_POINT ( 'NONE',  ( 10.85979716233875791, 69.00000000000000000, 3.000000000000000000 ) ) ;
#1122 = ORIENTED_EDGE ( 'NONE', *, *, #377, .F. ) ;
#1123 = ORIENTED_EDGE ( 'NONE', *, *, #3379, .T. ) ;
#1124 = CONICAL_SURFACE ( 'NONE', #3829, 0.5000000000000004441, 0.7853981633974473908 ) ;
#1125 = ADVANCED_FACE ( 'NONE', ( #1846 ), #2557, .T. ) ;
#1126 = DIRECTION ( 'NONE',  ( 0.000000000000000000, 0.000000000000000000, -1.000000000000000000 ) ) ;
#1127 = ORIENTED_EDGE ( 'NONE', *, *, #4450, .T. ) ;
#1128 = CARTESIAN_POINT ( 'NONE',  ( 7.000000000000008882, 1.000000000000000000, 5.500000000000000000 ) ) ;
#1129 = ORIENTED_EDGE ( 'NONE', *, *, #2451, .T. ) ;
#1130 = EDGE_CURVE ( 'NONE', #960, #3356, #1487, .T. ) ;
#1131 = CARTESIAN_POINT ( 'NONE',  ( 1.000000000000000000, 1.000000000000000000, 0.000000000000000000 ) ) ;
#1132 = CARTESIAN_POINT ( 'NONE',  ( 19.16554042486179199, 70.00000000000000000, 6.000000000000000000 ) ) ;
#1133 = ORIENTED_EDGE ( 'NONE', *, *, #3664, .F. ) ;
#1134 = FACE_OUTER_BOUND ( 'NONE', #1915, .T. ) ;
#1135 = AXIS2_PLACEMENT_3D ( 'NONE', #4272, #1661, #594 ) ;
#1136 = ORIENTED_EDGE ( 'NONE', *, *, #867, .T. ) ;
#1137 = AXIS2_PLACEMENT_3D ( 'NONE', #583, #2817, #970 ) ;
#1138 = PRESENTATION_STYLE_ASSIGNMENT (( #1203 ) ) ;
#1139 = AXIS2_PLACEMENT_3D ( 'NONE', #726, #2952, #385 ) ;
#1140 = DIRECTION ( 'NONE',  ( 0.000000000000000000, -0.000000000000000000, 1.000000000000000000 ) ) ;
#1141 = ORIENTED_EDGE ( 'NONE', *, *, #2715, .F. ) ;
#1142 = DIRECTION ( 'NONE',  ( -1.000000000000000000, 0.000000000000000000, 0.000000000000000000 ) ) ;
#1143 = AXIS2_PLACEMENT_3D ( 'NONE', #2286, #1901, #485 ) ;
#1144 = EDGE_CURVE ( 'NONE', #4591, #3944, #763, .T. ) ;
#1145 = CARTESIAN_POINT ( 'NONE',  ( 26.47128368738482607, 69.00000000000000000, 5.500000000000000000 ) ) ;
#1146 = EDGE_CURVE ( 'NONE', #217, #4777, #3447, .T. ) ;
#1147 = DIRECTION ( 'NONE',  ( -0.000000000000000000, -0.000000000000000000, -1.000000000000000000 ) ) ;
#1148 = CLOSED_SHELL ( 'NONE', ( #2160, #4394, #1085, #4660, #3875, #1427, #943, #3097, #4476, #590, #215, #646, #4635, #1575, #2155, #2691, #4166, #2937, #3436, #4288, #2203, #2268, #4252, #3423, #3027, #1496, #2087, #1708, #3806, #1393, #2564, #3186, #3656, #3694, #4069, #3123, #2488, #492, #1508, #2783, #1012, #2580, #3164, #1568, #2032, #4721, #1280, #4490, #971, #1229, #730, #4186, #4511, #658, #1802, #3883, #570, #433, #1739, #991, #688, #4403, #798, #3360, #3936, #298, #3836, #530, #4583, #1986, #2518, #3159, #4314, #333, #2002, #3292, #922, #3238, #1570, #1089, #3248, #4135, #1925, #2069, #718, #4774, #2095, #1938, #4331, #2588, #116, #4011, #1866, #3824, #3643, #1381, #1073, #3450, #3508, #515, #4517, #3612, #1833, #4172, #2230, #137, #2019, #500, #3543, #1380, #1438, #1465, #3793, #4571, #624, #4733, #3642, #2980, #1, #418, #1648, #434, #4352, #3699, #4371, #1301, #758, #1071, #4306, #977, #4772, #1816, #2291, #4050, #2742, #803, #2075, #4727, #4201, #1439, #3854, #3010, #3305, #672, #62, #1766, #1797, #1075, #945, #631, #3570, #2590, #1125, #3626, #2201, #237, #2504, #2335, #3083, #1679, #3753, #625 ) ) ;
#1149 = ORIENTED_EDGE ( 'NONE', *, *, #1306, .T. ) ;
#1150 = EDGE_LOOP ( 'NONE', ( #2644, #3848, #1476, #3838 ) ) ;
#1151 = DIRECTION ( 'NONE',  ( -0.7071067811865573427, 0.000000000000000000, -0.7071067811865376918 ) ) ;
#1152 = EDGE_LOOP ( 'NONE', ( #1451, #1736, #2112, #1463 ) ) ;
#1153 = CARTESIAN_POINT ( 'NONE',  ( 48.38851347495394606, 0.000000000000000000, 6.000000000000000000 ) ) ;
#1154 = ORIENTED_EDGE ( 'NONE', *, *, #674, .T. ) ;
#1155 = CARTESIAN_POINT ( 'NONE',  ( 40.08277021243089422, 69.00000000000000000, 5.500000000000000000 ) ) ;
#1156 = LINE ( 'NONE', #428, #3688 ) ;
#1157 = ORIENTED_EDGE ( 'NONE', *, *, #3070, .T. ) ;
#1158 = DIRECTION ( 'NONE',  ( 0.000000000000000000, 0.000000000000000000, -1.000000000000000000 ) ) ;
#1159 = EDGE_CURVE ( 'NONE', #4575, #1542, #1509, .T. ) ;
#1160 = ORIENTED_EDGE ( 'NONE', *, *, #722, .F. ) ;
#1161 = AXIS2_PLACEMENT_3D ( 'NONE', #2281, #1952, #814 ) ;
#1162 = EDGE_CURVE ( 'NONE', #2296, #2776, #858, .T. ) ;
#1163 = VECTOR ( 'NONE', #1945, 1000.000000000000114 ) ;
#1164 = CARTESIAN_POINT ( 'NONE',  ( 63.00000000000000000, 1.000000000000000888, 5.500000000000000000 ) ) ;
#1165 = VERTEX_POINT ( 'NONE', #4147 ) ;
#1166 = LINE ( 'NONE', #4474, #4652 ) ;
#1167 = DIRECTION ( 'NONE',  ( 0.000000000000000000, 0.000000000000000000, -1.000000000000000000 ) ) ;
#1168 = CARTESIAN_POINT ( 'NONE',  ( 43.52871631261518104, 70.00000000000000000, 5.500000000000000000 ) ) ;
#1169 = CARTESIAN_POINT ( 'NONE',  ( 62.00000000000000711, 70.00000000000000000, 3.000000000000000000 ) ) ;
#1170 = ORIENTED_EDGE ( 'NONE', *, *, #582, .T. ) ;
#1171 = DIRECTION ( 'NONE',  ( 1.000000000000000000, 0.000000000000000000, 0.000000000000000000 ) ) ;
#1172 = EDGE_CURVE ( 'NONE', #3112, #2188, #1472, .T. ) ;
#1173 = DIRECTION ( 'NONE',  ( 1.000000000000000000, 0.000000000000000000, 0.000000000000000000 ) ) ;
#1174 = VERTEX_POINT ( 'NONE', #38 ) ;
#1175 = DIRECTION ( 'NONE',  ( 0.000000000000000000, 0.000000000000000000, -1.000000000000000000 ) ) ;
#1176 = ORIENTED_EDGE ( 'NONE', *, *, #2660, .F. ) ;
#1177 = DIRECTION ( 'NONE',  ( -0.7071067811865474617, 0.000000000000000000, 0.7071067811865474617 ) ) ;
#1178 = DIRECTION ( 'NONE',  ( 0.000000000000000000, 0.000000000000000000, -1.000000000000000000 ) ) ;
#1179 = ORIENTED_EDGE ( 'NONE', *, *, #2713, .F. ) ;
#1180 = DIRECTION ( 'NONE',  ( -1.000000000000000000, 0.000000000000000000, 0.000000000000000000 ) ) ;
#1181 = EDGE_LOOP ( 'NONE', ( #3425, #3124, #3591, #2827 ) ) ;
#1182 =( NAMED_UNIT ( * ) PLANE_ANGLE_UNIT ( ) SI_UNIT ( $, .RADIAN. ) );
#1183 = DIRECTION ( 'NONE',  ( 0.000000000000000000, 0.000000000000000000, -1.000000000000000000 ) ) ;
#1184 = CARTESIAN_POINT ( 'NONE',  ( 26.47128368738483672, 1.000000000000000888, 3.000000000000000000 ) ) ;
#1185 = VERTEX_POINT ( 'NONE', #501 ) ;
#1186 = AXIS2_PLACEMENT_3D ( 'NONE', #129, #1911, #3081 ) ;
#1187 = CARTESIAN_POINT ( 'NONE',  ( 48.38851347495394606, 0.5000000000000013323, 6.000000000000000000 ) ) ;
#1188 = CARTESIAN_POINT ( 'NONE',  ( 58.14020283766125630, 1.000000000000000000, 5.500000000000000000 ) ) ;
#1189 = DIRECTION ( 'NONE',  ( 0.7071067811865474617, 0.000000000000000000, -0.7071067811865474617 ) ) ;
#1190 = DIRECTION ( 'NONE',  ( 0.000000000000000000, 0.7071067811865474617, -0.7071067811865474617 ) ) ;
#1191 = ORIENTED_EDGE ( 'NONE', *, *, #3138, .F. ) ;
#1192 = CARTESIAN_POINT ( 'NONE',  ( 29.91722978756911644, 1.000000000000000888, 5.500000000000000000 ) ) ;
#1193 = DIRECTION ( 'NONE',  ( 0.7071067811865335839, 0.000000000000000000, 0.7071067811865615615 ) ) ;
#1194 = ORIENTED_EDGE ( 'NONE', *, *, #1094, .T. ) ;
#1195 = DIRECTION ( 'NONE',  ( 1.000000000000000000, 0.000000000000000000, 0.000000000000000000 ) ) ;
#1196 = AXIS2_PLACEMENT_3D ( 'NONE', #4346, #196, #2782 ) ;
#1197 = ORIENTED_EDGE ( 'NONE', *, *, #867, .F. ) ;
#1198 = LINE ( 'NONE', #117, #4328 ) ;
#1199 = CARTESIAN_POINT ( 'NONE',  ( 36.22297305009215052, 0.000000000000000000, 6.000000000000000000 ) ) ;
#1200 = ORIENTED_EDGE ( 'NONE', *, *, #3871, .F. ) ;
#1201 = DIRECTION ( 'NONE',  ( 0.000000000000000000, -0.000000000000000000, 1.000000000000000000 ) ) ;
#1202 = VERTEX_POINT ( 'NONE', #400 ) ;
#1203 = SURFACE_STYLE_USAGE ( .BOTH. , #2265 ) ;
#1204 = DIRECTION ( 'NONE',  ( 0.000000000000000000, 0.000000000000000000, -1.000000000000000000 ) ) ;
#1205 = VECTOR ( 'NONE', #1147, 1000.000000000000000 ) ;
#1206 = DIRECTION ( 'NONE',  ( 0.000000000000000000, 0.000000000000000000, 1.000000000000000000 ) ) ;
#1207 = ORIENTED_EDGE ( 'NONE', *, *, #3599, .T. ) ;
#1208 = EDGE_CURVE ( 'NONE', #3118, #3038, #4552, .T. ) ;
#1209 = VECTOR ( 'NONE', #1865, 1000.000000000000000 ) ;
#1210 = CYLINDRICAL_SURFACE ( 'NONE', #102, 1.000000000000000000 ) ;
#1211 = VECTOR ( 'NONE', #316, 1000.000000000000000 ) ;
#1212 = EDGE_CURVE ( 'NONE', #4587, #2091, #4332, .T. ) ;
#1213 =( GEOMETRIC_REPRESENTATION_CONTEXT ( 3 ) GLOBAL_UNCERTAINTY_ASSIGNED_CONTEXT ( ( #2735 ) ) GLOBAL_UNIT_ASSIGNED_CONTEXT ( ( #2684, #1182, #2290 ) ) REPRESENTATION_CONTEXT ( 'NONE', 'WORKASPACE' ) );
#1214 = CARTESIAN_POINT ( 'NONE',  ( 0.000000000000000000, 0.000000000000000000, 5.500000000000027534 ) ) ;
#1215 = DIRECTION ( 'NONE',  ( 0.000000000000000000, -0.7071067811865474617, 0.7071067811865474617 ) ) ;
#1216 = CONICAL_SURFACE ( 'NONE', #1834, 0.5000000000000004441, 0.7853981633974473908 ) ;
#1217 = CARTESIAN_POINT ( 'NONE',  ( 40.08277021243089422, 69.00000000000000000, 3.000000000000000000 ) ) ;
#1218 = VERTEX_POINT ( 'NONE', #3017 ) ;
#1219 = DIRECTION ( 'NONE',  ( 0.000000000000000000, 0.7071067811865475727, -0.7071067811865475727 ) ) ;
#1220 = DIRECTION ( 'NONE',  ( -1.000000000000000000, 0.000000000000000000, 0.000000000000000000 ) ) ;
#1221 = ORIENTED_EDGE ( 'NONE', *, *, #2542, .T. ) ;
#1222 = FACE_OUTER_BOUND ( 'NONE', #4218, .T. ) ;
#1223 = ORIENTED_EDGE ( 'NONE', *, *, #4540, .T. ) ;
#1224 = DIRECTION ( 'NONE',  ( 0.000000000000000000, 0.000000000000000000, 1.000000000000000000 ) ) ;
#1225 = CARTESIAN_POINT ( 'NONE',  ( 69.50000000000000000, 0.000000000000000000, 6.000000000000000000 ) ) ;
#1226 = ORIENTED_EDGE ( 'NONE', *, *, #111, .F. ) ;
#1227 = CARTESIAN_POINT ( 'NONE',  ( 55.19425673747696948, 69.00000000000000000, 6.000000000000000000 ) ) ;
#1228 = ORIENTED_EDGE ( 'NONE', *, *, #1011, .T. ) ;
#1229 = ADVANCED_FACE ( 'NONE', ( #2723 ), #475, .T. ) ;
#1230 = EDGE_CURVE ( 'NONE', #618, #2331, #4462, .T. ) ;
#1231 = CARTESIAN_POINT ( 'NONE',  ( 55.69425673747696948, 69.00000000000000000, 3.000000000000000000 ) ) ;
#1232 = LINE ( 'NONE', #3801, #1553 ) ;
#1233 = ORIENTED_EDGE ( 'NONE', *, *, #3714, .F. ) ;
#1234 = CYLINDRICAL_SURFACE ( 'NONE', #4114, 1.000000000000000888 ) ;
#1235 = EDGE_CURVE ( 'NONE', #408, #3956, #4121, .T. ) ;
#1236 = VECTOR ( 'NONE', #319, 1000.000000000000114 ) ;
#1237 = DIRECTION ( 'NONE',  ( 0.000000000000000000, 0.000000000000000000, -1.000000000000000000 ) ) ;
#1238 = CARTESIAN_POINT ( 'NONE',  ( 54.69425673747697658, 1.000000000000000888, 5.500000000000000000 ) ) ;
#1239 = FACE_OUTER_BOUND ( 'NONE', #1150, .T. ) ;
#1240 = ORIENTED_EDGE ( 'NONE', *, *, #3098, .F. ) ;
#1241 = CARTESIAN_POINT ( 'NONE',  ( 48.38851347495394606, 0.000000000000000000, 5.500000000000000000 ) ) ;
#1242 = AXIS2_PLACEMENT_3D ( 'NONE', #3683, #280, #4408 ) ;
#1243 = EDGE_CURVE ( 'NONE', #4625, #3351, #1534, .T. ) ;
#1244 = AXIS2_PLACEMENT_3D ( 'NONE', #2059, #1726, #2379 ) ;
#1245 = DIRECTION ( 'NONE',  ( -1.000000000000000000, 0.000000000000000000, 0.000000000000000000 ) ) ;
#1246 = ORIENTED_EDGE ( 'NONE', *, *, #1039, .T. ) ;
#1247 = DIRECTION ( 'NONE',  ( 1.000000000000000000, 0.000000000000000000, 0.000000000000000000 ) ) ;
#1248 = ORIENTED_EDGE ( 'NONE', *, *, #4686, .T. ) ;
#1249 = AXIS2_PLACEMENT_3D ( 'NONE', #58, #3013, #4478 ) ;
#1250 = DIRECTION ( 'NONE',  ( 0.7071067811865474617, 0.000000000000000000, 0.7071067811865474617 ) ) ;
#1251 = DIRECTION ( 'NONE',  ( -0.000000000000000000, -0.000000000000000000, 1.000000000000000000 ) ) ;
#1252 = ORIENTED_EDGE ( 'NONE', *, *, #1294, .T. ) ;
#1253 = DIRECTION ( 'NONE',  ( -9.912705577010325549E-17, 1.000000000000000000, 0.000000000000000000 ) ) ;
#1254 = VERTEX_POINT ( 'NONE', #2698 ) ;
#1255 = FACE_OUTER_BOUND ( 'NONE', #1513, .T. ) ;
#1256 = APPLICATION_CONTEXT ( 'automotive_design' ) ;
#1257 = AXIS2_PLACEMENT_3D ( 'NONE', #3055, #4521, #3440 ) ;
#1258 = CARTESIAN_POINT ( 'NONE',  ( 37.22297305009214341, 70.00000000000000000, 3.000000000000000000 ) ) ;
#1259 = EDGE_CURVE ( 'NONE', #3411, #4279, #3762, .T. ) ;
#1260 = ORIENTED_EDGE ( 'NONE', *, *, #4295, .F. ) ;
#1261 = EDGE_CURVE ( 'NONE', #1484, #4076, #2634, .T. ) ;
#1262 = DIRECTION ( 'NONE',  ( 1.000000000000000000, 0.000000000000000000, 0.000000000000000000 ) ) ;
#1263 = VECTOR ( 'NONE', #541, 1000.000000000000000 ) ;
#1264 = DIRECTION ( 'NONE',  ( 9.912705577010325549E-17, -1.000000000000000000, 0.000000000000000000 ) ) ;
#1265 = CARTESIAN_POINT ( 'NONE',  ( 1.000000000000000000, 69.50000000000000000, 6.000000000000000000 ) ) ;
#1266 = DIRECTION ( 'NONE',  ( 0.000000000000000000, 0.000000000000000000, -1.000000000000000000 ) ) ;
#1267 = ORIENTED_EDGE ( 'NONE', *, *, #3040, .T. ) ;
#1268 = DIRECTION ( 'NONE',  ( 0.000000000000000000, 0.000000000000000000, -1.000000000000000000 ) ) ;
#1269 = CARTESIAN_POINT ( 'NONE',  ( 67.12500000000000000, 4.500000000000003553, 6.000000000000000000 ) ) ;
#1270 = ORIENTED_EDGE ( 'NONE', *, *, #1586, .F. ) ;
#1271 = DIRECTION ( 'NONE',  ( -1.000000000000000000, -9.912705577010325549E-17, 0.000000000000000000 ) ) ;
#1272 = VERTEX_POINT ( 'NONE', #451 ) ;
#1273 = EDGE_CURVE ( 'NONE', #1740, #4487, #1947, .T. ) ;
#1274 = EDGE_CURVE ( 'NONE', #1278, #1254, #1092, .T. ) ;
#1275 = AXIS2_PLACEMENT_3D ( 'NONE', #2370, #537, #177 ) ;
#1276 = FACE_OUTER_BOUND ( 'NONE', #146, .T. ) ;
#1277 = CYLINDRICAL_SURFACE ( 'NONE', #1515, 1.000000000000000888 ) ;
#1278 = VERTEX_POINT ( 'NONE', #3398 ) ;
#1279 = CARTESIAN_POINT ( 'NONE',  ( 19.16554042486179199, 69.00000000000000000, 6.000000000000000000 ) ) ;
#1280 = ADVANCED_FACE ( 'NONE', ( #3735 ), #1892, .F. ) ;
#1281 = CIRCLE ( 'NONE', #3977, 1.000000000000000888 ) ;
#1282 = CARTESIAN_POINT ( 'NONE',  ( 28.91722978756910578, 69.00000000000000000, 3.000000000000000000 ) ) ;
#1283 = CARTESIAN_POINT ( 'NONE',  ( 63.00000000000000000, 69.50000000000000000, 6.000000000000000000 ) ) ;
#1284 = ORIENTED_EDGE ( 'NONE', *, *, #4744, .F. ) ;
#1285 = FACE_OUTER_BOUND ( 'NONE', #1699, .T. ) ;
#1287 = AXIS2_PLACEMENT_3D ( 'NONE', #3523, #2804, #4275 ) ;
#1286 = DIRECTION ( 'NONE',  ( 1.000000000000000000, 0.000000000000000000, 0.000000000000000000 ) ) ;
#1288 = VECTOR ( 'NONE', #1000, 1000.000000000000000 ) ;
#1289 = CARTESIAN_POINT ( 'NONE',  ( 65.50000000000000000, 4.500000000000003553, 5.499999999999996447 ) ) ;
#1290 = DIRECTION ( 'NONE',  ( 1.486905836551548832E-16, -1.000000000000000000, 0.000000000000000000 ) ) ;
#1291 = VERTEX_POINT ( 'NONE', #89 ) ;
#1292 = AXIS2_PLACEMENT_3D ( 'NONE', #737, #4432, #1818 ) ;
#1293 = DIRECTION ( 'NONE',  ( -1.000000000000000000, 0.000000000000000000, -0.000000000000000000 ) ) ;
#1294 = EDGE_CURVE ( 'NONE', #1471, #3079, #3041, .T. ) ;
#1295 = EDGE_CURVE ( 'NONE', #2284, #1396, #2671, .T. ) ;
#1296 = PLANE ( 'NONE',  #554 ) ;
#1297 = ORIENTED_EDGE ( 'NONE', *, *, #2854, .T. ) ;
#1298 = DIRECTION ( 'NONE',  ( 0.000000000000000000, 0.000000000000000000, 1.000000000000000000 ) ) ;
#1299 = VERTEX_POINT ( 'NONE', #571 ) ;
#1300 = AXIS2_PLACEMENT_3D ( 'NONE', #4215, #4642, #902 ) ;
#1301 = ADVANCED_FACE ( 'NONE', ( #1635 ), #3132, .F. ) ;
#1302 = DIRECTION ( 'NONE',  ( 0.000000000000000000, 0.000000000000000000, -1.000000000000000000 ) ) ;
#1303 = FACE_OUTER_BOUND ( 'NONE', #413, .T. ) ;
#1304 = EDGE_LOOP ( 'NONE', ( #2010, #1490, #1056, #3906 ) ) ;
#1305 = CARTESIAN_POINT ( 'NONE',  ( 7.500000000000007994, 1.000000000000000888, 6.000000000000000000 ) ) ;
#1306 = EDGE_CURVE ( 'NONE', #4141, #1882, #978, .T. ) ;
#1307 = CARTESIAN_POINT ( 'NONE',  ( 1.000000000000000000, 0.000000000000000000, 5.500000000000000000 ) ) ;
#1308 =( LENGTH_UNIT ( ) NAMED_UNIT ( * ) SI_UNIT ( .MILLI., .METRE. ) );
#1309 = LINE ( 'NONE', #4212, #3578 ) ;
#1310 = DIRECTION ( 'NONE',  ( -1.239088197126290570E-16, 1.000000000000000000, 0.000000000000000000 ) ) ;
#1311 = FACE_OUTER_BOUND ( 'NONE', #4118, .T. ) ;
#1312 = DIRECTION ( 'NONE',  ( -0.000000000000000000, -0.000000000000000000, -1.000000000000000000 ) ) ;
#1313 = ORIENTED_EDGE ( 'NONE', *, *, #2883, .T. ) ;
#1314 = DIRECTION ( 'NONE',  ( -0.000000000000000000, 0.000000000000000000, 1.000000000000000000 ) ) ;
#1315 = CIRCLE ( 'NONE', #2164, 2.124999999999988010 ) ;
#1316 = DIRECTION ( 'NONE',  ( -0.000000000000000000, -0.000000000000000000, -1.000000000000000000 ) ) ;
#1317 = ORIENTED_EDGE ( 'NONE', *, *, #910, .F. ) ;
#1318 = CIRCLE ( 'NONE', #3022, 2.124999999999988010 ) ;
#1319 = CARTESIAN_POINT ( 'NONE',  ( 0.000000000000000000, 1.000000000000000000, 5.500000000000000000 ) ) ;
#1320 = EDGE_LOOP ( 'NONE', ( #167, #2211, #4035, #2638 ) ) ;
#1321 = EDGE_CURVE ( 'NONE', #3090, #4549, #4624, .T. ) ;
#1322 = VECTOR ( 'NONE', #4270, 1000.000000000000114 ) ;
#1323 = AXIS2_PLACEMENT_3D ( 'NONE', #4705, #1126, #1804 ) ;
#1324 = DIRECTION ( 'NONE',  ( -1.000000000000000000, 0.000000000000000000, 0.000000000000000000 ) ) ;
#1325 = PLANE ( 'NONE',  #1675 ) ;
#1326 = ORIENTED_EDGE ( 'NONE', *, *, #2319, .F. ) ;
#1327 = CARTESIAN_POINT ( 'NONE',  ( 7.000000000000000000, 69.00000000000000000, 5.500000000000000000 ) ) ;
#1328 = VECTOR ( 'NONE', #1498, 1000.000000000000000 ) ;
#1329 = CARTESIAN_POINT ( 'NONE',  ( 0.000000000000000000, 0.5000000000000004441, 6.000000000000000000 ) ) ;
#1330 = VECTOR ( 'NONE', #248, 1000.000000000000000 ) ;
#1331 = VERTEX_POINT ( 'NONE', #4222 ) ;
#1332 = CARTESIAN_POINT ( 'NONE',  ( 41.08277021243089422, 70.00000000000000000, 3.000000000000000000 ) ) ;
#1333 = EDGE_CURVE ( 'NONE', #1426, #4549, #3905, .T. ) ;
#1334 = EDGE_CURVE ( 'NONE', #1471, #1814, #547, .T. ) ;
#1335 = CARTESIAN_POINT ( 'NONE',  ( 69.00000000000000000, 69.00000000000000000, 5.500000000000000000 ) ) ;
#1336 = VECTOR ( 'NONE', #4453, 1000.000000000000114 ) ;
#1337 = LINE ( 'NONE', #2056, #3539 ) ;
#1338 = LINE ( 'NONE', #2058, #710 ) ;
#1339 = FACE_OUTER_BOUND ( 'NONE', #4553, .T. ) ;
#1340 = ORIENTED_EDGE ( 'NONE', *, *, #2466, .T. ) ;
#1341 = FACE_OUTER_BOUND ( 'NONE', #720, .T. ) ;
#1342 = VECTOR ( 'NONE', #3442, 1000.000000000000000 ) ;
#1343 = DIRECTION ( 'NONE',  ( 9.912705577010325549E-17, -1.000000000000000000, 0.000000000000000000 ) ) ;
#1344 = VERTEX_POINT ( 'NONE', #2021 ) ;
#1345 = CARTESIAN_POINT ( 'NONE',  ( 41.08277021243090843, 0.000000000000000000, 5.500000000000000000 ) ) ;
#1346 = ORIENTED_EDGE ( 'NONE', *, *, #3040, .F. ) ;
#1347 = ORIENTED_EDGE ( 'NONE', *, *, #36, .T. ) ;
#1348 = CARTESIAN_POINT ( 'NONE',  ( 44.52871631261518104, 69.00000000000000000, 3.000000000000000000 ) ) ;
#1349 = ORIENTED_EDGE ( 'NONE', *, *, #2148, .T. ) ;
#1350 = CARTESIAN_POINT ( 'NONE',  ( 51.83445957513821156, 69.00000000000000000, 3.000000000000000000 ) ) ;
#1351 = EDGE_CURVE ( 'NONE', #1471, #1706, #2712, .T. ) ;
#1352 = LINE ( 'NONE', #270, #3191 ) ;
#1353 = VERTEX_POINT ( 'NONE', #258 ) ;
#1354 = EDGE_CURVE ( 'NONE', #1706, #4324, #2384, .T. ) ;
#1355 = DIRECTION ( 'NONE',  ( -1.000000000000000000, 0.000000000000000000, 0.000000000000000000 ) ) ;
#1356 = AXIS2_PLACEMENT_3D ( 'NONE', #1712, #3504, #2879 ) ;
#1357 = CARTESIAN_POINT ( 'NONE',  ( 69.00000000000000000, 0.000000000000000000, 0.000000000000000000 ) ) ;
#1358 = DIRECTION ( 'NONE',  ( 9.912705577010325549E-17, -1.000000000000000000, 0.000000000000000000 ) ) ;
#1359 = FACE_OUTER_BOUND ( 'NONE', #2220, .T. ) ;
#1360 = CARTESIAN_POINT ( 'NONE',  ( 11.85979716233876680, 1.000000000000000888, 6.000000000000000000 ) ) ;
#1361 = VERTEX_POINT ( 'NONE', #3180 ) ;
#1362 = DIRECTION ( 'NONE',  ( 1.000000000000000000, 0.000000000000000000, 0.000000000000000000 ) ) ;
#1363 = EDGE_CURVE ( 'NONE', #2624, #1740, #3837, .T. ) ;
#1364 = DIRECTION ( 'NONE',  ( 0.7071067811865474617, 0.000000000000000000, -0.7071067811865474617 ) ) ;
#1365 = ORIENTED_EDGE ( 'NONE', *, *, #608, .T. ) ;
#1366 = CIRCLE ( 'NONE', #3842, 1.000000000000000888 ) ;
#1367 = CARTESIAN_POINT ( 'NONE',  ( 29.91722978756910578, 69.00000000000000000, 3.000000000000000000 ) ) ;
#1368 = ORIENTED_EDGE ( 'NONE', *, *, #3284, .F. ) ;
#1369 = VERTEX_POINT ( 'NONE', #524 ) ;
#1370 = AXIS2_PLACEMENT_3D ( 'NONE', #2216, #320, #3289 ) ;
#1371 = CIRCLE ( 'NONE', #367, 0.5000000000000004441 ) ;
#1372 = DIRECTION ( 'NONE',  ( 0.000000000000000000, 0.000000000000000000, 1.000000000000000000 ) ) ;
#1373 = ORIENTED_EDGE ( 'NONE', *, *, #2677, .F. ) ;
#1374 = CARTESIAN_POINT ( 'NONE',  ( 28.91722978756910578, 70.00000000000000000, 5.500000000000000000 ) ) ;
#1375 = ORIENTED_EDGE ( 'NONE', *, *, #3051, .F. ) ;
#1376 = CIRCLE ( 'NONE', #4157, 1.000000000000000888 ) ;
#1377 = FACE_OUTER_BOUND ( 'NONE', #3771, .T. ) ;
#1378 = ORIENTED_EDGE ( 'NONE', *, *, #2949, .F. ) ;
#1379 = FACE_OUTER_BOUND ( 'NONE', #1703, .T. ) ;
#1380 = ADVANCED_FACE ( 'NONE', ( #2775 ), #1296, .F. ) ;
#1381 = ADVANCED_FACE ( 'NONE', ( #2797 ), #4102, .F. ) ;
#1382 = CARTESIAN_POINT ( 'NONE',  ( 26.47128368738483672, 1.000000000000000888, 6.000000000000000000 ) ) ;
#1383 = CARTESIAN_POINT ( 'NONE',  ( 63.00000000000000000, 69.00000000000000000, 3.000000000000000000 ) ) ;
#1384 = CARTESIAN_POINT ( 'NONE',  ( 25.47128368738483672, 1.000000000000000888, 3.000000000000000000 ) ) ;
#1385 = EDGE_LOOP ( 'NONE', ( #312, #3545, #3736, #1260 ) ) ;
#1386 = CARTESIAN_POINT ( 'NONE',  ( 21.61148652504607881, 1.000000000000000000, 6.000000000000000000 ) ) ;
#1387 = CARTESIAN_POINT ( 'NONE',  ( 0.000000000000000000, 1.000000000000000000, 6.000000000000000000 ) ) ;
#1388 = VERTEX_POINT ( 'NONE', #2406 ) ;
#1389 = LINE ( 'NONE', #1121, #2371 ) ;
#1390 = ORIENTED_EDGE ( 'NONE', *, *, #1649, .F. ) ;
#1391 = AXIS2_PLACEMENT_3D ( 'NONE', #4753, #1829, #4396 ) ;
#1392 = EDGE_LOOP ( 'NONE', ( #1535, #2918, #764, #2558 ) ) ;
#1393 = ADVANCED_FACE ( 'NONE', ( #4315 ), #3887, .F. ) ;
#1394 = AXIS2_PLACEMENT_3D ( 'NONE', #3429, #1224, #2338 ) ;
#1395 = CARTESIAN_POINT ( 'NONE',  ( 70.00000000000000000, 69.00000000000000000, 6.000000000000000000 ) ) ;
#1396 = VERTEX_POINT ( 'NONE', #1683 ) ;
#1397 = FACE_OUTER_BOUND ( 'NONE', #1919, .T. ) ;
#1398 = VERTEX_POINT ( 'NONE', #3160 ) ;
#1399 = EDGE_CURVE ( 'NONE', #2900, #4211, #1730, .T. ) ;
#1400 = VECTOR ( 'NONE', #3111, 1000.000000000000000 ) ;
#1401 = DIRECTION ( 'NONE',  ( 0.000000000000000000, 0.000000000000000000, -1.000000000000000000 ) ) ;
#1402 = FACE_OUTER_BOUND ( 'NONE', #1478, .T. ) ;
#1403 = ORIENTED_EDGE ( 'NONE', *, *, #3725, .T. ) ;
#1404 = CARTESIAN_POINT ( 'NONE',  ( 48.38851347495393895, 69.00000000000000000, 6.000000000000000000 ) ) ;
#1405 = DIRECTION ( 'NONE',  ( -0.000000000000000000, -0.000000000000000000, 1.000000000000000000 ) ) ;
#1406 = VECTOR ( 'NONE', #3943, 1000.000000000000000 ) ;
#1407 = EDGE_CURVE ( 'NONE', #1398, #1096, #1702, .T. ) ;
#1408 = DIRECTION ( 'NONE',  ( -1.000000000000000000, 0.000000000000000000, 0.000000000000000000 ) ) ;
#1409 = CARTESIAN_POINT ( 'NONE',  ( 0.5000000000000004441, 0.000000000000000000, 6.000000000000000000 ) ) ;
#1410 = VERTEX_POINT ( 'NONE', #2453 ) ;
#1411 = LINE ( 'NONE', #2869, #3298 ) ;
#1412 = LINE ( 'NONE', #3277, #3734 ) ;
#1413 = DIRECTION ( 'NONE',  ( 0.000000000000000000, 0.000000000000000000, -1.000000000000000000 ) ) ;
#1414 = CONICAL_SURFACE ( 'NONE', #2184, 1.625000000000001332, 0.7853981633974282950 ) ;
#1415 = ORIENTED_EDGE ( 'NONE', *, *, #2086, .F. ) ;
#1416 = EDGE_LOOP ( 'NONE', ( #550, #4001, #4646, #2976 ) ) ;
#1417 = CARTESIAN_POINT ( 'NONE',  ( 59.14020283766125630, 1.000000000000000888, 5.500000000000000000 ) ) ;
#1418 = VERTEX_POINT ( 'NONE', #3928 ) ;
#1419 = DIRECTION ( 'NONE',  ( -1.000000000000000000, 0.000000000000000000, 0.000000000000000000 ) ) ;
#1420 = AXIS2_PLACEMENT_3D ( 'NONE', #4067, #2324, #3703 ) ;
#1421 = EDGE_CURVE ( 'NONE', #651, #3101, #615, .T. ) ;
#1422 = EDGE_CURVE ( 'NONE', #4049, #1278, #2848, .T. ) ;
#1423 = EDGE_LOOP ( 'NONE', ( #1461, #1097, #1246, #4499 ) ) ;
#1424 = DIRECTION ( 'NONE',  ( -9.912705577010325549E-17, 1.000000000000000000, 0.000000000000000000 ) ) ;
#1425 = DIRECTION ( 'NONE',  ( 0.7071067811865531239, 0.000000000000000000, 0.7071067811865417996 ) ) ;
#1426 = VERTEX_POINT ( 'NONE', #4764 ) ;
#1427 = ADVANCED_FACE ( 'NONE', ( #2938 ), #639, .F. ) ;
#1428 = DIRECTION ( 'NONE',  ( 0.7071067811865474617, 0.000000000000000000, -0.7071067811865474617 ) ) ;
#1429 = DIRECTION ( 'NONE',  ( -0.000000000000000000, -0.000000000000000000, -1.000000000000000000 ) ) ;
#1430 = DIRECTION ( 'NONE',  ( -1.000000000000000000, 0.000000000000000000, 0.000000000000000000 ) ) ;
#1431 = ORIENTED_EDGE ( 'NONE', *, *, #3198, .T. ) ;
#1432 = ORIENTED_EDGE ( 'NONE', *, *, #1273, .T. ) ;
#1433 = CARTESIAN_POINT ( 'NONE',  ( 14.30574326252304473, 0.000000000000000000, 5.500000000000027534 ) ) ;
#1434 = DIRECTION ( 'NONE',  ( 1.000000000000000000, 1.982541115402065110E-16, 0.000000000000000000 ) ) ;
#1435 = DIRECTION ( 'NONE',  ( 0.000000000000000000, 0.000000000000000000, -1.000000000000000000 ) ) ;
#1436 = EDGE_LOOP ( 'NONE', ( #375, #1228 ) ) ;
#1437 = VERTEX_POINT ( 'NONE', #2525 ) ;
#1438 = ADVANCED_FACE ( 'NONE', ( #4046 ), #2497, .F. ) ;
#1439 = ADVANCED_FACE ( 'NONE', ( #691 ), #4428, .T. ) ;
#1440 = EDGE_CURVE ( 'NONE', #4549, #3596, #2260, .T. ) ;
#1441 = VECTOR ( 'NONE', #1705, 1000.000000000000000 ) ;
#1442 = DIRECTION ( 'NONE',  ( 0.000000000000000000, 0.7071067811865474617, 0.7071067811865474617 ) ) ;
#1443 = ORIENTED_EDGE ( 'NONE', *, *, #722, .T. ) ;
#1444 = CARTESIAN_POINT ( 'NONE',  ( 50.83445957513821867, 0.000000000000000000, 3.000000000000000000 ) ) ;
#1445 = AXIS2_PLACEMENT_3D ( 'NONE', #662, #3321, #3702 ) ;
#1446 = ORIENTED_EDGE ( 'NONE', *, *, #128, .T. ) ;
#1447 = VECTOR ( 'NONE', #1195, 1000.000000000000000 ) ;
#1448 = EDGE_CURVE ( 'NONE', #2143, #2552, #1412, .T. ) ;
#1449 = CARTESIAN_POINT ( 'NONE',  ( 47.38851347495393895, 70.00000000000000000, 3.000000000000000000 ) ) ;
#1450 = DIRECTION ( 'NONE',  ( 1.000000000000000000, 0.000000000000000000, 0.000000000000000000 ) ) ;
#1451 = ORIENTED_EDGE ( 'NONE', *, *, #4509, .F. ) ;
#1452 = AXIS2_PLACEMENT_3D ( 'NONE', #4106, #892, #3408 ) ;
#1453 = LINE ( 'NONE', #3674, #4015 ) ;
#1454 = CARTESIAN_POINT ( 'NONE',  ( 47.88851347495394606, 1.000000000000000888, 6.000000000000000000 ) ) ;
#1455 = DIRECTION ( 'NONE',  ( -9.912705577010325549E-17, 1.000000000000000000, 0.000000000000000000 ) ) ;
#1456 = ORIENTED_EDGE ( 'NONE', *, *, #2005, .F. ) ;
#1457 = DIRECTION ( 'NONE',  ( 0.000000000000000000, -0.000000000000000000, -1.000000000000000000 ) ) ;
#1458 = FACE_OUTER_BOUND ( 'NONE', #2435, .T. ) ;
#1459 = CARTESIAN_POINT ( 'NONE',  ( 51.83445957513821156, 70.00000000000000000, 3.000000000000000000 ) ) ;
#1460 = ORIENTED_EDGE ( 'NONE', *, *, #1172, .F. ) ;
#1461 = ORIENTED_EDGE ( 'NONE', *, *, #4282, .F. ) ;
#1462 = FACE_OUTER_BOUND ( 'NONE', #2633, .T. ) ;
#1463 = ORIENTED_EDGE ( 'NONE', *, *, #1525, .F. ) ;
#1465 = ADVANCED_FACE ( 'NONE', ( #1458 ), #3120, .T. ) ;
#1464 = LINE ( 'NONE', #1511, #2604 ) ;
#1466 = ORIENTED_EDGE ( 'NONE', *, *, #4756, .F. ) ;
#1467 = CIRCLE ( 'NONE', #2085, 0.5000000000000143219 ) ;
#1468 = CARTESIAN_POINT ( 'NONE',  ( 36.22297305009214341, 69.00000000000000000, 3.000000000000000000 ) ) ;
#1469 = DIRECTION ( 'NONE',  ( 1.000000000000000000, 0.000000000000000000, 0.000000000000000000 ) ) ;
#1470 = ORIENTED_EDGE ( 'NONE', *, *, #2451, .F. ) ;
#1471 = VERTEX_POINT ( 'NONE', #373 ) ;
#1472 = CIRCLE ( 'NONE', #3794, 0.5000000000000004441 ) ;
#1473 = CARTESIAN_POINT ( 'NONE',  ( 48.38851347495394606, 0.5000000000000013323, 6.000000000000000000 ) ) ;
#1474 = VECTOR ( 'NONE', #2250, 1000.000000000000000 ) ;
#1475 = CARTESIAN_POINT ( 'NONE',  ( 10.85979716233875791, 70.00000000000000000, 3.000000000000000000 ) ) ;
#1476 = ORIENTED_EDGE ( 'NONE', *, *, #3389, .F. ) ;
#1477 = PRODUCT_DEFINITION ( 'General', '', #1828, #2006 ) ;
#1478 = EDGE_LOOP ( 'NONE', ( #1443, #3561, #1052, #2077 ) ) ;
#1479 = VECTOR ( 'NONE', #1887, 1000.000000000000000 ) ;
#1480 = PLANE ( 'NONE',  #1486 ) ;
#1481 = FACE_OUTER_BOUND ( 'NONE', #241, .T. ) ;
#1482 = VECTOR ( 'NONE', #3196, 1000.000000000000000 ) ;
#1483 = FACE_OUTER_BOUND ( 'NONE', #2041, .T. ) ;
#1484 = VERTEX_POINT ( 'NONE', #2161 ) ;
#1485 = ORIENTED_EDGE ( 'NONE', *, *, #3895, .F. ) ;
#1486 = AXIS2_PLACEMENT_3D ( 'NONE', #4430, #756, #2225 ) ;
#1487 = LINE ( 'NONE', #2598, #2477 ) ;
#1488 = EDGE_LOOP ( 'NONE', ( #4312, #693 ) ) ;
#1489 = DIRECTION ( 'NONE',  ( 0.000000000000000000, 0.000000000000000000, -1.000000000000000000 ) ) ;
#1490 = ORIENTED_EDGE ( 'NONE', *, *, #3996, .T. ) ;
#1491 = CARTESIAN_POINT ( 'NONE',  ( 33.77702694990787791, 1.000000000000000888, 5.500000000000000000 ) ) ;
#1492 = DIRECTION ( 'NONE',  ( 0.000000000000000000, -0.000000000000000000, -1.000000000000000000 ) ) ;
#1493 = EDGE_LOOP ( 'NONE', ( #2904, #1847, #797, #955 ) ) ;
#1494 = DIRECTION ( 'NONE',  ( -0.7071067811865474617, -6.133173666733491622E-16, 0.7071067811865474617 ) ) ;
#1495 = ORIENTED_EDGE ( 'NONE', *, *, #479, .F. ) ;
#1496 = ADVANCED_FACE ( 'NONE', ( #1841 ), #1776, .F. ) ;
#1497 = EDGE_CURVE ( 'NONE', #4238, #4579, #2549, .T. ) ;
#1498 = DIRECTION ( 'NONE',  ( -0.000000000000000000, -0.000000000000000000, -1.000000000000000000 ) ) ;
#1499 = ORIENTED_EDGE ( 'NONE', *, *, #2128, .F. ) ;
#1500 = CIRCLE ( 'NONE', #4590, 2.124999999999988010 ) ;
#1501 = DIRECTION ( 'NONE',  ( 0.000000000000000000, 0.000000000000000000, 1.000000000000000000 ) ) ;
#1502 = CARTESIAN_POINT ( 'NONE',  ( 1.000000000000000000, 69.00000000000000000, 6.000000000000000000 ) ) ;
#1503 = DIRECTION ( 'NONE',  ( 0.000000000000000000, 0.000000000000000000, -1.000000000000000000 ) ) ;
#1504 = EDGE_LOOP ( 'NONE', ( #3971, #4520 ) ) ;
#1505 = ORIENTED_EDGE ( 'NONE', *, *, #2231, .F. ) ;
#1506 = AXIS2_PLACEMENT_3D ( 'NONE', #579, #219, #1691 ) ;
#1507 = CONICAL_SURFACE ( 'NONE', #3213, 0.5000000000000004441, 0.7853981633974473908 ) ;
#1508 = ADVANCED_FACE ( 'NONE', ( #1481 ), #2111, .F. ) ;
#1509 = LINE ( 'NONE', #1609, #1935 ) ;
#1510 = VERTEX_POINT ( 'NONE', #4360 ) ;
#1511 = CARTESIAN_POINT ( 'NONE',  ( 51.83445957513821867, 1.000000000000000888, 3.000000000000000000 ) ) ;
#1512 = EDGE_CURVE ( 'NONE', #4459, #3399, #4386, .T. ) ;
#1513 = EDGE_LOOP ( 'NONE', ( #1555, #4187, #2621, #315 ) ) ;
#1514 = DIRECTION ( 'NONE',  ( 0.000000000000000000, -0.000000000000000000, 1.000000000000000000 ) ) ;
#1515 = AXIS2_PLACEMENT_3D ( 'NONE', #962, #1372, #3933 ) ;
#1516 = FACE_OUTER_BOUND ( 'NONE', #255, .T. ) ;
#1517 = EDGE_LOOP ( 'NONE', ( #1081, #4473, #1762, #4154 ) ) ;
#1518 = AXIS2_PLACEMENT_3D ( 'NONE', #3495, #1268, #1682 ) ;
#1519 = DIRECTION ( 'NONE',  ( -0.000000000000000000, -0.7071067811865475727, -0.7071067811865475727 ) ) ;
#1520 = VECTOR ( 'NONE', #3590, 1000.000000000000000 ) ;
#1521 = EDGE_LOOP ( 'NONE', ( #709, #476, #2223, #548 ) ) ;
#1522 = VECTOR ( 'NONE', #1425, 1000.000000000000114 ) ;
#1523 = EDGE_CURVE ( 'NONE', #2683, #2624, #3637, .T. ) ;
#1524 = DIRECTION ( 'NONE',  ( 0.000000000000000000, 0.000000000000000000, 1.000000000000000000 ) ) ;
#1525 = EDGE_CURVE ( 'NONE', #668, #1889, #192, .T. ) ;
#1526 = ORIENTED_EDGE ( 'NONE', *, *, #1351, .T. ) ;
#1527 = FACE_BOUND ( 'NONE', #3044, .T. ) ;
#1528 = AXIS2_PLACEMENT_3D ( 'NONE', #1988, #182, #251 ) ;
#1529 = DIRECTION ( 'NONE',  ( -1.000000000000000000, 0.000000000000000000, 0.000000000000000000 ) ) ;
#1530 = CARTESIAN_POINT ( 'NONE',  ( 58.64020283766124919, 69.00000000000000000, 6.000000000000000000 ) ) ;
#1531 = DIRECTION ( 'NONE',  ( 1.000000000000000000, 0.000000000000000000, 0.000000000000000000 ) ) ;
#1532 = EDGE_LOOP ( 'NONE', ( #4606, #5, #1693, #4122 ) ) ;
#1533 = CARTESIAN_POINT ( 'NONE',  ( 28.91722978756911644, 1.000000000000000000, 5.500000000000000000 ) ) ;
#1534 = LINE ( 'NONE', #810, #3878 ) ;
#1535 = ORIENTED_EDGE ( 'NONE', *, *, #965, .F. ) ;
#1536 = DIRECTION ( 'NONE',  ( 1.000000000000000000, 0.000000000000000000, 0.000000000000000000 ) ) ;
#1537 = ORIENTED_EDGE ( 'NONE', *, *, #123, .T. ) ;
#1538 = DIRECTION ( 'NONE',  ( -1.239088197126290570E-16, 1.000000000000000000, 0.000000000000000000 ) ) ;
#1539 = LINE ( 'NONE', #1199, #371 ) ;
#1540 = EDGE_LOOP ( 'NONE', ( #2801, #2967, #1103, #1899 ) ) ;
#1541 = DIRECTION ( 'NONE',  ( 0.000000000000000000, 0.000000000000000000, -1.000000000000000000 ) ) ;
#1542 = VERTEX_POINT ( 'NONE', #2185 ) ;
#1543 = CIRCLE ( 'NONE', #4253, 0.9999999999999991118 ) ;
#1544 = CARTESIAN_POINT ( 'NONE',  ( 36.22297305009215052, 0.000000000000000000, 5.500000000000000000 ) ) ;
#1545 = CARTESIAN_POINT ( 'NONE',  ( 47.38851347495393895, 69.00000000000000000, 5.500000000000000000 ) ) ;
#1546 = AXIS2_PLACEMENT_3D ( 'NONE', #2070, #239, #3501 ) ;
#1547 = CARTESIAN_POINT ( 'NONE',  ( 33.77702694990787791, 1.000000000000000888, 3.000000000000000000 ) ) ;
#1548 = EDGE_LOOP ( 'NONE', ( #3242, #281, #3161, #612 ) ) ;
#1549 = CARTESIAN_POINT ( 'NONE',  ( 6.125000000000001776, 65.50000000000001421, 6.000000000000000000 ) ) ;
#1550 = AXIS2_PLACEMENT_3D ( 'NONE', #2970, #1080, #1055 ) ;
#1551 = LINE ( 'NONE', #2987, #2496 ) ;
#1552 = CARTESIAN_POINT ( 'NONE',  ( 21.61148652504606815, 69.50000000000000000, 6.000000000000000000 ) ) ;
#1553 = VECTOR ( 'NONE', #2222, 1000.000000000000114 ) ;
#1554 = LINE ( 'NONE', #3780, #455 ) ;
#1555 = ORIENTED_EDGE ( 'NONE', *, *, #1658, .F. ) ;
#1556 = CARTESIAN_POINT ( 'NONE',  ( 4.500000000000000888, 65.50000000000001421, 0.000000000000000000 ) ) ;
#1557 = AXIS2_PLACEMENT_3D ( 'NONE', #2663, #2266, #4133 ) ;
#1558 = CARTESIAN_POINT ( 'NONE',  ( 4.500000000000000888, 65.50000000000001421, 6.000000000000000000 ) ) ;
#1559 = ORIENTED_EDGE ( 'NONE', *, *, #3019, .T. ) ;
#1560 = DIRECTION ( 'NONE',  ( 0.000000000000000000, 0.000000000000000000, -1.000000000000000000 ) ) ;
#1561 = ORIENTED_EDGE ( 'NONE', *, *, #175, .F. ) ;
#1562 = FACE_OUTER_BOUND ( 'NONE', #3220, .T. ) ;
#1563 = EDGE_CURVE ( 'NONE', #1299, #4087, #1027, .T. ) ;
#1564 = CARTESIAN_POINT ( 'NONE',  ( 2.375000000000000444, 4.500000000000007105, 6.000000000000000000 ) ) ;
#1565 = EDGE_LOOP ( 'NONE', ( #4560, #4176, #3236, #126 ) ) ;
#1566 = PLANE ( 'NONE',  #42 ) ;
#1567 = ORIENTED_EDGE ( 'NONE', *, *, #1793, .F. ) ;
#1568 = ADVANCED_FACE ( 'NONE', ( #4338 ), #2136, .F. ) ;
#1569 = CARTESIAN_POINT ( 'NONE',  ( 0.000000000000000000, 0.000000000000000000, 0.000000000000000000 ) ) ;
#1570 = ADVANCED_FACE ( 'NONE', ( #4167 ), #80, .T. ) ;
#1571 = DIRECTION ( 'NONE',  ( 0.000000000000000000, 0.000000000000000000, -1.000000000000000000 ) ) ;
#1572 = LINE ( 'NONE', #4542, #4412 ) ;
#1573 = EDGE_CURVE ( 'NONE', #3353, #3327, #1551, .T. ) ;
#1574 = ORIENTED_EDGE ( 'NONE', *, *, #3019, .F. ) ;
#1575 = ADVANCED_FACE ( 'NONE', ( #3729 ), #853, .F. ) ;
#1576 = LINE ( 'NONE', #1187, #1336 ) ;
#1577 = LINE ( 'NONE', #468, #2110 ) ;
#1578 = CARTESIAN_POINT ( 'NONE',  ( 4.499999999999988454, 4.500000000000007105, 5.500000000000021316 ) ) ;
#1579 = CARTESIAN_POINT ( 'NONE',  ( 0.000000000000000000, 0.000000000000000000, 5.500000000000000000 ) ) ;
#1580 = ORIENTED_EDGE ( 'NONE', *, *, #2969, .T. ) ;
#1581 = DIRECTION ( 'NONE',  ( 0.000000000000000000, 0.000000000000000000, 1.000000000000000000 ) ) ;
#1582 = CARTESIAN_POINT ( 'NONE',  ( 0.000000000000000000, 69.00000000000000000, 5.500000000000000000 ) ) ;
#1583 = ORIENTED_EDGE ( 'NONE', *, *, #2677, .T. ) ;
#1584 = CYLINDRICAL_SURFACE ( 'NONE', #3375, 1.000000000000000888 ) ;
#1585 = VECTOR ( 'NONE', #1201, 1000.000000000000000 ) ;
#1586 = EDGE_CURVE ( 'NONE', #4395, #90, #1886, .T. ) ;
#1587 = EDGE_CURVE ( 'NONE', #1254, #3890, #1577, .T. ) ;
#1588 = ORIENTED_EDGE ( 'NONE', *, *, #1230, .F. ) ;
#1589 = EDGE_CURVE ( 'NONE', #113, #4591, #4501, .T. ) ;
#1590 = PLANE ( 'NONE',  #3096 ) ;
#1591 = CARTESIAN_POINT ( 'NONE',  ( 19.16554042486180265, 0.000000000000000000, 3.000000000000000000 ) ) ;
#1592 = ORIENTED_EDGE ( 'NONE', *, *, #2707, .T. ) ;
#1593 = CYLINDRICAL_SURFACE ( 'NONE', #3235, 1.000000000000000888 ) ;
#1594 = VERTEX_POINT ( 'NONE', #2641 ) ;
#1595 = EDGE_CURVE ( 'NONE', #919, #4225, #2300, .T. ) ;
#1596 = DIRECTION ( 'NONE',  ( -1.982541115402065110E-16, 1.000000000000000000, 0.000000000000000000 ) ) ;
#1597 = AXIS2_PLACEMENT_3D ( 'NONE', #959, #1298, #4317 ) ;
#1598 = LINE ( 'NONE', #2611, #2639 ) ;
#1599 = ORIENTED_EDGE ( 'NONE', *, *, #1235, .T. ) ;
#1600 = CONICAL_SURFACE ( 'NONE', #1370, 0.5000000000000004441, 0.7853981633974473908 ) ;
#1601 = DIRECTION ( 'NONE',  ( 0.000000000000000000, 0.000000000000000000, -1.000000000000000000 ) ) ;
#1602 = VECTOR ( 'NONE', #3624, 1000.000000000000114 ) ;
#1603 = DIRECTION ( 'NONE',  ( 0.000000000000000000, -1.000000000000000000, 0.000000000000000000 ) ) ;
#1604 = CARTESIAN_POINT ( 'NONE',  ( 37.22297305009214341, 69.00000000000000000, 5.500000000000000000 ) ) ;
#1605 = AXIS2_PLACEMENT_3D ( 'NONE', #3821, #457, #2339 ) ;
#1606 = CARTESIAN_POINT ( 'NONE',  ( 11.85979716233875791, 69.00000000000000000, 6.000000000000000000 ) ) ;
#1607 = ORIENTED_EDGE ( 'NONE', *, *, #2440, .T. ) ;
#1608 = DIRECTION ( 'NONE',  ( -0.000000000000000000, -0.000000000000000000, 1.000000000000000000 ) ) ;
#1609 = CARTESIAN_POINT ( 'NONE',  ( 29.91722978756911644, 0.000000000000000000, 3.000000000000000000 ) ) ;
#1610 = EDGE_LOOP ( 'NONE', ( #2902, #4180, #2852, #2048, #353, #4390, #3074, #4703, #1903, #1221, #3396, #276, #1995, #1758, #1053, #2822, #3514, #3456, #3723, #3155, #3018, #1157, #2971, #1499, #2765, #2120, #740, #228, #380, #2206, #41, #164, #2656, #4452, #808, #1927 ) ) ;
#1611 = CARTESIAN_POINT ( 'NONE',  ( 50.83445957513821156, 69.00000000000000000, 6.000000000000000000 ) ) ;
#1612 = ORIENTED_EDGE ( 'NONE', *, *, #4448, .F. ) ;
#1613 = LINE ( 'NONE', #456, #934 ) ;
#1614 = EDGE_CURVE ( 'NONE', #1426, #4025, #29, .T. ) ;
#1615 = PLANE ( 'NONE',  #2685 ) ;
#1616 = VERTEX_POINT ( 'NONE', #2615 ) ;
#1617 = DIRECTION ( 'NONE',  ( -0.000000000000000000, -0.000000000000000000, 1.000000000000000000 ) ) ;
#1618 = ORIENTED_EDGE ( 'NONE', *, *, #2868, .F. ) ;
#1619 = UNCERTAINTY_MEASURE_WITH_UNIT (LENGTH_MEASURE( 1.000000000000000082E-05 ), #1308, 'distance_accuracy_value', 'NONE');
#1620 = DIRECTION ( 'NONE',  ( 1.000000000000000000, 0.000000000000000000, 0.000000000000000000 ) ) ;
#1621 = FACE_OUTER_BOUND ( 'NONE', #1517, .T. ) ;
#1622 = ORIENTED_EDGE ( 'NONE', *, *, #792, .T. ) ;
#1623 = DIRECTION ( 'NONE',  ( -1.000000000000000000, 0.000000000000000000, 0.000000000000000000 ) ) ;
#1624 = AXIS2_PLACEMENT_3D ( 'NONE', #3963, #992, #2929 ) ;
#1625 = EDGE_CURVE ( 'NONE', #4676, #4679, #1878, .T. ) ;
#1626 = DIRECTION ( 'NONE',  ( -0.000000000000000000, -0.7071067811865376918, -0.7071067811865573427 ) ) ;
#1627 = EDGE_CURVE ( 'NONE', #1010, #2240, #650, .T. ) ;
#1628 = PLANE ( 'NONE',  #865 ) ;
#1629 = CARTESIAN_POINT ( 'NONE',  ( 70.00000000000000000, 69.00000000000000000, 5.500000000000000000 ) ) ;
#1630 = ORIENTED_EDGE ( 'NONE', *, *, #377, .T. ) ;
#1631 = CYLINDRICAL_SURFACE ( 'NONE', #4379, 1.000000000000000888 ) ;
#1632 = VECTOR ( 'NONE', #2356, 1000.000000000000114 ) ;
#1633 = VECTOR ( 'NONE', #1290, 1000.000000000000000 ) ;
#1634 = EDGE_CURVE ( 'NONE', #820, #1594, #4090, .T. ) ;
#1635 = FACE_OUTER_BOUND ( 'NONE', #3245, .T. ) ;
#1636 = EDGE_LOOP ( 'NONE', ( #3885, #2137, #4297, #4537 ) ) ;
#1637 = DIRECTION ( 'NONE',  ( 9.912705577010325549E-17, -1.000000000000000000, 0.000000000000000000 ) ) ;
#1638 = ORIENTED_EDGE ( 'NONE', *, *, #244, .F. ) ;
#1639 = CIRCLE ( 'NONE', #1098, 1.000000000000000888 ) ;
#1640 = CARTESIAN_POINT ( 'NONE',  ( 0.000000000000000000, 1.000000000000000000, 5.500000000000000000 ) ) ;
#1641 = CARTESIAN_POINT ( 'NONE',  ( 11.85979716233876680, 1.000000000000000888, 5.500000000000027534 ) ) ;
#1642 = ORIENTED_EDGE ( 'NONE', *, *, #1573, .T. ) ;
#1643 = CARTESIAN_POINT ( 'NONE',  ( 21.61148652504606815, 69.00000000000000000, 3.000000000000000000 ) ) ;
#1644 = VERTEX_POINT ( 'NONE', #3057 ) ;
#1645 = LINE ( 'NONE', #3121, #2121 ) ;
#1646 = CONICAL_SURFACE ( 'NONE', #2963, 0.5000000000000004441, 0.7853981633974473908 ) ;
#1647 = ORIENTED_EDGE ( 'NONE', *, *, #4540, .F. ) ;
#1648 = ADVANCED_FACE ( 'NONE', ( #3011 ), #3349, .T. ) ;
#1649 = EDGE_CURVE ( 'NONE', #820, #1353, #4522, .T. ) ;
#1650 = DIRECTION ( 'NONE',  ( -1.000000000000000000, 0.000000000000000000, 0.000000000000000000 ) ) ;
#1651 = EDGE_CURVE ( 'NONE', #4368, #1096, #2270, .T. ) ;
#1652 = VECTOR ( 'NONE', #780, 1000.000000000000000 ) ;
#1653 = DIRECTION ( 'NONE',  ( 0.000000000000000000, -0.000000000000000000, 1.000000000000000000 ) ) ;
#1654 = CARTESIAN_POINT ( 'NONE',  ( 33.77702694990787791, 0.5000000000000013323, 6.000000000000000000 ) ) ;
#1655 = CARTESIAN_POINT ( 'NONE',  ( 7.000000000000000000, 69.00000000000000000, 6.000000000000000000 ) ) ;
#1656 = ORIENTED_EDGE ( 'NONE', *, *, #1793, .T. ) ;
#1657 = DIRECTION ( 'NONE',  ( 0.000000000000000000, 0.000000000000000000, 1.000000000000000000 ) ) ;
#1658 = EDGE_CURVE ( 'NONE', #3101, #4225, #32, .T. ) ;
#1659 = DIRECTION ( 'NONE',  ( 0.000000000000000000, 1.000000000000000000, 0.000000000000000000 ) ) ;
#1660 = ORIENTED_EDGE ( 'NONE', *, *, #3521, .T. ) ;
#1661 = DIRECTION ( 'NONE',  ( 0.000000000000000000, 0.000000000000000000, -1.000000000000000000 ) ) ;
#1662 = EDGE_LOOP ( 'NONE', ( #370, #18, #3568, #4539 ) ) ;
#1663 = EDGE_CURVE ( 'NONE', #3327, #3090, #3276, .T. ) ;
#1664 = CARTESIAN_POINT ( 'NONE',  ( 70.00000000000000000, 1.000000000000000000, 0.000000000000000000 ) ) ;
#1665 = DIRECTION ( 'NONE',  ( -0.000000000000000000, -0.000000000000000000, 1.000000000000000000 ) ) ;
#1666 = ORIENTED_EDGE ( 'NONE', *, *, #1658, .T. ) ;
#1667 = DIRECTION ( 'NONE',  ( -1.000000000000000000, 0.000000000000000000, 0.000000000000000000 ) ) ;
#1668 = CONICAL_SURFACE ( 'NONE', #4593, 1.625000000000001332, 0.7853981633974562726 ) ;
#1669 = DIRECTION ( 'NONE',  ( 0.7071067811865334729, 0.000000000000000000, 0.7071067811865617836 ) ) ;
#1670 = DIRECTION ( 'NONE',  ( -1.000000000000000000, -0.000000000000000000, -0.000000000000000000 ) ) ;
#1671 = DIRECTION ( 'NONE',  ( -0.000000000000000000, 0.000000000000000000, -1.000000000000000000 ) ) ;
#1672 = AXIS2_PLACEMENT_3D ( 'NONE', #2409, #1271, #4292 ) ;
#1673 = EDGE_CURVE ( 'NONE', #3090, #1185, #1120, .T. ) ;
#1675 = AXIS2_PLACEMENT_3D ( 'NONE', #3141, #4611, #3547 ) ;
#1674 = CARTESIAN_POINT ( 'NONE',  ( 0.000000000000000000, 69.50000000000001421, 6.000000000000000000 ) ) ;
#1676 = VECTOR ( 'NONE', #1891, 1000.000000000000114 ) ;
#1677 = DIRECTION ( 'NONE',  ( -0.000000000000000000, -0.000000000000000000, -1.000000000000000000 ) ) ;
#1678 = CARTESIAN_POINT ( 'NONE',  ( 18.16554042486180265, 1.000000000000000888, 3.000000000000000000 ) ) ;
#1679 = ADVANCED_FACE ( 'NONE', ( #394 ), #4042, .T. ) ;
#1680 = ORIENTED_EDGE ( 'NONE', *, *, #2470, .F. ) ;
#1681 = AXIS2_PLACEMENT_3D ( 'NONE', #453, #1175, #2673 ) ;
#1682 = DIRECTION ( 'NONE',  ( -1.000000000000000000, 0.000000000000000000, 0.000000000000000000 ) ) ;
#1683 = CARTESIAN_POINT ( 'NONE',  ( 37.22297305009214341, 69.00000000000000000, 5.500000000000000000 ) ) ;
#1684 = EDGE_LOOP ( 'NONE', ( #1922, #4663, #3687, #3270 ) ) ;
#1685 = CARTESIAN_POINT ( 'NONE',  ( 62.00000000000000711, 69.00000000000000000, 3.000000000000000000 ) ) ;
#1686 = EDGE_LOOP ( 'NONE', ( #2679, #4174, #2849, #354 ) ) ;
#1687 = CIRCLE ( 'NONE', #685, 2.124999999999988010 ) ;
#1688 = DIRECTION ( 'NONE',  ( -1.000000000000000000, 0.000000000000000000, 0.000000000000000000 ) ) ;
#1689 = DIRECTION ( 'NONE',  ( -1.000000000000000000, 0.000000000000000000, 0.000000000000000000 ) ) ;
#1690 = ORIENTED_EDGE ( 'NONE', *, *, #443, .F. ) ;
#1691 = DIRECTION ( 'NONE',  ( -1.000000000000000000, 0.000000000000000000, 0.000000000000000000 ) ) ;
#1692 = CARTESIAN_POINT ( 'NONE',  ( 44.52871631261518814, 1.000000000000000888, 3.000000000000000000 ) ) ;
#1693 = ORIENTED_EDGE ( 'NONE', *, *, #995, .F. ) ;
#1694 = CARTESIAN_POINT ( 'NONE',  ( 28.91722978756910578, 70.00000000000000000, 3.000000000000000000 ) ) ;
#1695 = DIRECTION ( 'NONE',  ( 1.000000000000000000, 0.000000000000000000, 0.000000000000000000 ) ) ;
#1696 = CARTESIAN_POINT ( 'NONE',  ( 10.85979716233875791, 70.00000000000000000, 5.500000000000027534 ) ) ;
#1697 = DIRECTION ( 'NONE',  ( 0.000000000000000000, 0.000000000000000000, -1.000000000000000000 ) ) ;
#1698 = CYLINDRICAL_SURFACE ( 'NONE', #1745, 1.000000000000000888 ) ;
#1699 = EDGE_LOOP ( 'NONE', ( #2596, #3592, #913, #4747 ) ) ;
#1700 = LINE ( 'NONE', #2382, #2285 ) ;
#1701 = VECTOR ( 'NONE', #632, 1000.000000000000000 ) ;
#1702 = LINE ( 'NONE', #3472, #1322 ) ;
#1703 = EDGE_LOOP ( 'NONE', ( #2781, #896, #1160, #3451 ) ) ;
#1704 = AXIS2_PLACEMENT_3D ( 'NONE', #857, #1219, #3110 ) ;
#1705 = DIRECTION ( 'NONE',  ( -1.000000000000000000, 0.000000000000000000, 0.000000000000000000 ) ) ;
#1706 = VERTEX_POINT ( 'NONE', #3393 ) ;
#1707 = AXIS2_PLACEMENT_3D ( 'NONE', #1558, #1871, #1245 ) ;
#1708 = ADVANCED_FACE ( 'NONE', ( #585 ), #4190, .F. ) ;
#1709 = CARTESIAN_POINT ( 'NONE',  ( 22.11148652504606815, 69.00000000000000000, 6.000000000000000000 ) ) ;
#1710 = DIRECTION ( 'NONE',  ( 0.000000000000000000, -0.7071067811865474617, -0.7071067811865474617 ) ) ;
#1711 = EDGE_LOOP ( 'NONE', ( #2828, #3434, #1179, #3025 ) ) ;
#1712 = CARTESIAN_POINT ( 'NONE',  ( 70.00000000000000000, 0.000000000000000000, 6.000000000000000000 ) ) ;
#1713 = VECTOR ( 'NONE', #883, 1000.000000000000000 ) ;
#1714 = EDGE_CURVE ( 'NONE', #1706, #2599, #201, .T. ) ;
#1715 = CARTESIAN_POINT ( 'NONE',  ( 40.58277021243089422, 69.00000000000000000, 6.000000000000000000 ) ) ;
#1716 = AXIS2_PLACEMENT_3D ( 'NONE', #3316, #4376, #2543 ) ;
#1717 = VERTEX_POINT ( 'NONE', #4546 ) ;
#1718 = CARTESIAN_POINT ( 'NONE',  ( 55.69425673747696948, 69.50000000000000000, 6.000000000000000000 ) ) ;
#1719 = VECTOR ( 'NONE', #4278, 1000.000000000000000 ) ;
#1720 = DIRECTION ( 'NONE',  ( 0.000000000000000000, 0.000000000000000000, 1.000000000000000000 ) ) ;
#1721 = EDGE_CURVE ( 'NONE', #4510, #755, #3855, .T. ) ;
#1722 = AXIS2_PLACEMENT_3D ( 'NONE', #249, #2011, #1623 ) ;
#1723 = EDGE_CURVE ( 'NONE', #1882, #4316, #1111, .T. ) ;
#1724 = DIRECTION ( 'NONE',  ( -0.000000000000000000, -0.000000000000000000, -1.000000000000000000 ) ) ;
#1725 = FACE_BOUND ( 'NONE', #1488, .T. ) ;
#1726 = DIRECTION ( 'NONE',  ( 0.000000000000000000, 0.000000000000000000, -1.000000000000000000 ) ) ;
#1727 = ORIENTED_EDGE ( 'NONE', *, *, #3728, .T. ) ;
#1728 = DIRECTION ( 'NONE',  ( 1.000000000000000000, 0.000000000000000000, 0.000000000000000000 ) ) ;
#1729 = AXIS2_PLACEMENT_3D ( 'NONE', #1502, #3752, #444 ) ;
#1730 = LINE ( 'NONE', #4290, #3711 ) ;
#1731 = ORIENTED_EDGE ( 'NONE', *, *, #293, .F. ) ;
#1732 = DIRECTION ( 'NONE',  ( 0.000000000000000000, 0.000000000000000000, 1.000000000000000000 ) ) ;
#1733 = ORIENTED_EDGE ( 'NONE', *, *, #1243, .T. ) ;
#1734 = ORIENTED_EDGE ( 'NONE', *, *, #1917, .F. ) ;
#1735 = LINE ( 'NONE', #3214, #2794 ) ;
#1736 = ORIENTED_EDGE ( 'NONE', *, *, #1614, .F. ) ;
#1737 = EDGE_CURVE ( 'NONE', #138, #4134, #1337, .T. ) ;
#1739 = ADVANCED_FACE ( 'NONE', ( #3152 ), #2743, .T. ) ;
#1738 = CARTESIAN_POINT ( 'NONE',  ( 44.52871631261518104, 70.00000000000000000, 3.000000000000000000 ) ) ;
#1740 = VERTEX_POINT ( 'NONE', #4619 ) ;
#1741 = LINE ( 'NONE', #3915, #2179 ) ;
#1742 = ORIENTED_EDGE ( 'NONE', *, *, #2245, .F. ) ;
#1743 = LINE ( 'NONE', #4713, #2708 ) ;
#1744 = VECTOR ( 'NONE', #3216, 1000.000000000000000 ) ;
#1745 = AXIS2_PLACEMENT_3D ( 'NONE', #2821, #4285, #3030 ) ;
#1746 = CARTESIAN_POINT ( 'NONE',  ( 69.50000000000000000, 69.00000000000000000, 6.000000000000000000 ) ) ;
#1747 = PLANE ( 'NONE',  #4388 ) ;
#1748 = DIRECTION ( 'NONE',  ( -1.000000000000000000, 0.000000000000000000, 0.000000000000000000 ) ) ;
#1749 = EDGE_CURVE ( 'NONE', #820, #4637, #1376, .T. ) ;
#1750 = VERTEX_POINT ( 'NONE', #564 ) ;
#1751 = DIRECTION ( 'NONE',  ( -1.000000000000000000, 0.000000000000000000, 0.000000000000000000 ) ) ;
#1752 = VECTOR ( 'NONE', #205, 1000.000000000000000 ) ;
#1753 = DIRECTION ( 'NONE',  ( -0.000000000000000000, -0.7071067811865475727, -0.7071067811865475727 ) ) ;
#1754 = ORIENTED_EDGE ( 'NONE', *, *, #1115, .T. ) ;
#1755 = VECTOR ( 'NONE', #1189, 1000.000000000000114 ) ;
#1756 = CARTESIAN_POINT ( 'NONE',  ( 63.87500000000000000, 65.50000000000000000, 0.000000000000000000 ) ) ;
#1757 = ORIENTED_EDGE ( 'NONE', *, *, #2336, .T. ) ;
#1758 = ORIENTED_EDGE ( 'NONE', *, *, #4234, .T. ) ;
#1759 = AXIS2_PLACEMENT_3D ( 'NONE', #272, #2197, #2931 ) ;
#1760 = CONICAL_SURFACE ( 'NONE', #4456, 1.625000000000001332, 0.7853981633974562726 ) ;
#1761 = FACE_OUTER_BOUND ( 'NONE', #1320, .T. ) ;
#1762 = ORIENTED_EDGE ( 'NONE', *, *, #4664, .T. ) ;
#1763 = CARTESIAN_POINT ( 'NONE',  ( 51.33445957513821867, 1.000000000000000888, 6.000000000000000000 ) ) ;
#1764 = ORIENTED_EDGE ( 'NONE', *, *, #4756, .T. ) ;
#1765 = CIRCLE ( 'NONE', #897, 0.5000000000000004441 ) ;
#1766 = ADVANCED_FACE ( 'NONE', ( #4242 ), #2349, .F. ) ;
#1767 = FACE_OUTER_BOUND ( 'NONE', #3130, .T. ) ;
#1768 = DIRECTION ( 'NONE',  ( 0.000000000000000000, 0.000000000000000000, -1.000000000000000000 ) ) ;
#1769 = VERTEX_POINT ( 'NONE', #517 ) ;
#1770 = CARTESIAN_POINT ( 'NONE',  ( 69.50000000000000000, 69.00000000000000000, 6.000000000000000000 ) ) ;
#1771 = DIRECTION ( 'NONE',  ( 0.000000000000000000, 0.000000000000000000, -1.000000000000000000 ) ) ;
#1772 = DIRECTION ( 'NONE',  ( 0.000000000000000000, 0.000000000000000000, -1.000000000000000000 ) ) ;
#1773 = DIRECTION ( 'NONE',  ( 1.000000000000000000, 1.982541115402065110E-16, 0.000000000000000000 ) ) ;
#1774 = EDGE_LOOP ( 'NONE', ( #4755, #963, #4568, #398, #3204, #2209, #1819, #3237 ) ) ;
#1775 = CARTESIAN_POINT ( 'NONE',  ( 26.47128368738483672, 0.5000000000000013323, 6.000000000000000000 ) ) ;
#1776 = CYLINDRICAL_SURFACE ( 'NONE', #1957, 1.625000000000001332 ) ;
#1777 = CARTESIAN_POINT ( 'NONE',  ( 29.91722978756910578, 70.00000000000000000, 3.000000000000000000 ) ) ;
#1778 = VERTEX_POINT ( 'NONE', #3489 ) ;
#1779 = VECTOR ( 'NONE', #2193, 1000.000000000000000 ) ;
#1780 = EDGE_LOOP ( 'NONE', ( #4410, #3827, #2529, #269 ) ) ;
#1781 = EDGE_CURVE ( 'NONE', #4591, #2092, #450, .T. ) ;
#1782 = FACE_OUTER_BOUND ( 'NONE', #3785, .T. ) ;
#1783 = ORIENTED_EDGE ( 'NONE', *, *, #553, .F. ) ;
#1784 = DIRECTION ( 'NONE',  ( -1.000000000000000000, 0.000000000000000000, 0.000000000000000000 ) ) ;
#1785 = VERTEX_POINT ( 'NONE', #929 ) ;
#1786 = DIRECTION ( 'NONE',  ( -0.7071067811865475727, -7.009341333409709641E-17, -0.7071067811865475727 ) ) ;
#1787 = LINE ( 'NONE', #1064, #4687 ) ;
#1788 = EDGE_LOOP ( 'NONE', ( #2404, #1240, #761, #2279 ) ) ;
#1789 = AXIS2_PLACEMENT_3D ( 'NONE', #2960, #303, #1430 ) ;
#1790 = CARTESIAN_POINT ( 'NONE',  ( 43.52871631261518814, 0.5000000000000004441, 6.000000000000000000 ) ) ;
#1791 = CARTESIAN_POINT ( 'NONE',  ( 0.000000000000000000, 69.50000000000000000, 6.000000000000000000 ) ) ;
#1792 = VECTOR ( 'NONE', #4617, 1000.000000000000114 ) ;
#1793 = EDGE_CURVE ( 'NONE', #863, #2240, #2377, .T. ) ;
#1794 = EDGE_CURVE ( 'NONE', #4025, #2163, #4597, .T. ) ;
#1795 = DIRECTION ( 'NONE',  ( -1.000000000000000000, 0.000000000000000000, -0.000000000000000000 ) ) ;
#1796 = ORIENTED_EDGE ( 'NONE', *, *, #4365, .F. ) ;
#1797 = ADVANCED_FACE ( 'NONE', ( #3535 ), #2818, .F. ) ;
#1798 = DIRECTION ( 'NONE',  ( -1.000000000000000000, 0.000000000000000000, 0.000000000000000000 ) ) ;
#1799 = DIRECTION ( 'NONE',  ( -0.000000000000000000, -0.000000000000000000, 1.000000000000000000 ) ) ;
#1800 = FACE_BOUND ( 'NONE', #2595, .T. ) ;
#1801 = ORIENTED_EDGE ( 'NONE', *, *, #584, .F. ) ;
#1802 = ADVANCED_FACE ( 'NONE', ( #3105 ), #4572, .T. ) ;
#1803 = VERTEX_POINT ( 'NONE', #2768 ) ;
#1804 = DIRECTION ( 'NONE',  ( -1.000000000000000000, 0.000000000000000000, 0.000000000000000000 ) ) ;
#1805 = ORIENTED_EDGE ( 'NONE', *, *, #2369, .T. ) ;
#1806 = CARTESIAN_POINT ( 'NONE',  ( 28.91722978756910578, 69.00000000000000000, 6.000000000000000000 ) ) ;
#1807 = EDGE_LOOP ( 'NONE', ( #578, #2267, #2438, #1820 ) ) ;
#1808 = DIRECTION ( 'NONE',  ( 0.000000000000000000, 0.000000000000000000, -1.000000000000000000 ) ) ;
#1809 = DIRECTION ( 'NONE',  ( 0.000000000000000000, 0.000000000000000000, -1.000000000000000000 ) ) ;
#1810 = VERTEX_POINT ( 'NONE', #2791 ) ;
#1811 = CARTESIAN_POINT ( 'NONE',  ( 26.47128368738482607, 70.00000000000000000, 3.000000000000000000 ) ) ;
#1812 = DIRECTION ( 'NONE',  ( -0.000000000000000000, -0.000000000000000000, 1.000000000000000000 ) ) ;
#1813 = LINE ( 'NONE', #687, #3950 ) ;
#1814 = VERTEX_POINT ( 'NONE', #952 ) ;
#1815 = LINE ( 'NONE', #2495, #3607 ) ;
#1816 = ADVANCED_FACE ( 'NONE', ( #2421 ), #4074, .T. ) ;
#1817 = DIRECTION ( 'NONE',  ( -1.000000000000000000, 0.000000000000000000, 0.000000000000000000 ) ) ;
#1818 = DIRECTION ( 'NONE',  ( -1.000000000000000000, 0.000000000000000000, 0.000000000000000000 ) ) ;
#1819 = ORIENTED_EDGE ( 'NONE', *, *, #2293, .T. ) ;
#1820 = ORIENTED_EDGE ( 'NONE', *, *, #879, .F. ) ;
#1821 = CONICAL_SURFACE ( 'NONE', #3913, 0.4999999999999995559, 0.7853981633974482790 ) ;
#1822 = CARTESIAN_POINT ( 'NONE',  ( 43.52871631261518104, 69.00000000000000000, 3.000000000000000000 ) ) ;
#1823 = ORIENTED_EDGE ( 'NONE', *, *, #4685, .F. ) ;
#1824 = CARTESIAN_POINT ( 'NONE',  ( 69.00000000000000000, 70.00000000000000000, 5.500000000000000000 ) ) ;
#1825 = AXIS2_PLACEMENT_3D ( 'NONE', #2252, #2328, #3039 ) ;
#1826 = ORIENTED_EDGE ( 'NONE', *, *, #4669, .T. ) ;
#1827 = CIRCLE ( 'NONE', #2213, 0.4999999999999995559 ) ;
#1828 = PRODUCT_DEFINITION_FORMATION_WITH_SPECIFIED_SOURCE ( 'Symmetric', '', #2044, .NOT_KNOWN. ) ;
#1829 = DIRECTION ( 'NONE',  ( -0.7071067811865475727, -8.761676666762137052E-17, -0.7071067811865475727 ) ) ;
#1830 = EDGE_CURVE ( 'NONE', #3402, #3047, #609, .T. ) ;
#1831 = CARTESIAN_POINT ( 'NONE',  ( 41.08277021243089422, 69.00000000000000000, 6.000000000000000000 ) ) ;
#1832 = EDGE_LOOP ( 'NONE', ( #3776, #121, #4000, #2277 ) ) ;
#1833 = ADVANCED_FACE ( 'NONE', ( #3992 ), #2106, .F. ) ;
#1834 = AXIS2_PLACEMENT_3D ( 'NONE', #95, #3046, #1953 ) ;
#1835 = CARTESIAN_POINT ( 'NONE',  ( 0.000000000000000000, 0.5000000000000004441, 6.000000000000000000 ) ) ;
#1836 = DIRECTION ( 'NONE',  ( -1.000000000000000000, 0.000000000000000000, 0.000000000000000000 ) ) ;
#1837 = DIRECTION ( 'NONE',  ( 0.7071067811865475727, 0.000000000000000000, -0.7071067811865475727 ) ) ;
#1838 = EDGE_LOOP ( 'NONE', ( #3619, #2711, #616, #2843 ) ) ;
#1839 = ORIENTED_EDGE ( 'NONE', *, *, #3218, .T. ) ;
#1840 = DIRECTION ( 'NONE',  ( -0.000000000000000000, -0.000000000000000000, -1.000000000000000000 ) ) ;
#1841 = FACE_OUTER_BOUND ( 'NONE', #1181, .T. ) ;
#1842 = DIRECTION ( 'NONE',  ( -1.000000000000000000, 0.000000000000000000, -0.000000000000000000 ) ) ;
#1843 = EDGE_CURVE ( 'NONE', #3542, #2331, #327, .T. ) ;
#1844 = ORIENTED_EDGE ( 'NONE', *, *, #2292, .F. ) ;
#1845 = EDGE_LOOP ( 'NONE', ( #3380, #2181, #3182, #2001 ) ) ;
#1846 = FACE_OUTER_BOUND ( 'NONE', #3335, .T. ) ;
#1847 = ORIENTED_EDGE ( 'NONE', *, *, #1025, .F. ) ;
#1848 = CARTESIAN_POINT ( 'NONE',  ( 14.30574326252304473, 0.4999999999999865663, 6.000000000000000000 ) ) ;
#1849 = EDGE_CURVE ( 'NONE', #4767, #1165, #2298, .T. ) ;
#1850 = VERTEX_POINT ( 'NONE', #3357 ) ;
#1851 = EDGE_CURVE ( 'NONE', #4404, #180, #3156, .T. ) ;
#1852 = VECTOR ( 'NONE', #1924, 1000.000000000000000 ) ;
#1853 = DIRECTION ( 'NONE',  ( -1.000000000000000000, 0.000000000000000000, 0.000000000000000000 ) ) ;
#1854 = DIRECTION ( 'NONE',  ( 0.000000000000000000, 0.000000000000000000, 1.000000000000000000 ) ) ;
#1855 = ORIENTED_EDGE ( 'NONE', *, *, #2441, .T. ) ;
#1856 = DIRECTION ( 'NONE',  ( 0.000000000000000000, 0.000000000000000000, -1.000000000000000000 ) ) ;
#1857 = ORIENTED_EDGE ( 'NONE', *, *, #2730, .T. ) ;
#1858 = AXIS2_PLACEMENT_3D ( 'NONE', #3326, #4749, #15 ) ;
#1859 = VECTOR ( 'NONE', #3857, 1000.000000000000114 ) ;
#1860 = DIRECTION ( 'NONE',  ( -0.000000000000000000, -0.000000000000000000, 1.000000000000000000 ) ) ;
#1861 = ORIENTED_EDGE ( 'NONE', *, *, #1448, .F. ) ;
#1862 = EDGE_LOOP ( 'NONE', ( #3858, #60, #1226, #3004 ) ) ;
#1863 = EDGE_CURVE ( 'NONE', #2108, #3916, #4108, .T. ) ;
#1864 = VECTOR ( 'NONE', #1989, 1000.000000000000114 ) ;
#1865 = DIRECTION ( 'NONE',  ( -1.000000000000000000, -0.000000000000000000, -0.000000000000000000 ) ) ;
#1866 = ADVANCED_FACE ( 'NONE', ( #3744 ), #430, .F. ) ;
#1867 = DIRECTION ( 'NONE',  ( 1.000000000000000000, 0.000000000000000000, 0.000000000000000000 ) ) ;
#1868 = PLANE ( 'NONE',  #2763 ) ;
#1869 = ORIENTED_EDGE ( 'NONE', *, *, #19, .F. ) ;
#1870 = VERTEX_POINT ( 'NONE', #994 ) ;
#1871 = DIRECTION ( 'NONE',  ( 0.000000000000000000, 0.000000000000000000, -1.000000000000000000 ) ) ;
#1872 = EDGE_LOOP ( 'NONE', ( #425, #3341, #46, #4342 ) ) ;
#1873 = CARTESIAN_POINT ( 'NONE',  ( 0.000000000000000000, 0.5000000000000004441, 6.000000000000000000 ) ) ;
#1874 = ORIENTED_EDGE ( 'NONE', *, *, #2833, .T. ) ;
#1875 = EDGE_CURVE ( 'NONE', #2552, #2872, #2492, .T. ) ;
#1876 = DIRECTION ( 'NONE',  ( -1.000000000000000000, 0.000000000000000000, 0.000000000000000000 ) ) ;
#1877 = EDGE_CURVE ( 'NONE', #4459, #1109, #2467, .T. ) ;
#1878 = CIRCLE ( 'NONE', #1420, 0.5000000000000004441 ) ;
#1879 = DIRECTION ( 'NONE',  ( 1.000000000000000000, 0.000000000000000000, 0.000000000000000000 ) ) ;
#1880 = EDGE_LOOP ( 'NONE', ( #4612, #2115, #171, #4752 ) ) ;
#1881 = DIRECTION ( 'NONE',  ( -1.000000000000000000, 0.000000000000000000, 0.000000000000000000 ) ) ;
#1882 = VERTEX_POINT ( 'NONE', #3336 ) ;
#1883 = DIRECTION ( 'NONE',  ( 0.000000000000000000, 0.000000000000000000, -1.000000000000000000 ) ) ;
#1884 = AXIS2_PLACEMENT_3D ( 'NONE', #124, #3484, #1596 ) ;
#1885 = DIRECTION ( 'NONE',  ( -1.000000000000000000, -1.239088197126290570E-16, 0.000000000000000000 ) ) ;
#1886 = LINE ( 'NONE', #106, #4200 ) ;
#1887 = DIRECTION ( 'NONE',  ( 1.982541115402065110E-16, -1.000000000000000000, 0.000000000000000000 ) ) ;
#1888 = DIRECTION ( 'NONE',  ( 0.000000000000000000, -0.7071067811865474617, 0.7071067811865474617 ) ) ;
#1889 = VERTEX_POINT ( 'NONE', #3251 ) ;
#1890 = AXIS2_PLACEMENT_3D ( 'NONE', #3525, #3598, #3143 ) ;
#1891 = DIRECTION ( 'NONE',  ( -0.7071067811865474617, -6.133173666733491622E-16, 0.7071067811865474617 ) ) ;
#1892 = PLANE ( 'NONE',  #474 ) ;
#1893 = ORIENTED_EDGE ( 'NONE', *, *, #1243, .F. ) ;
#1894 = DIRECTION ( 'NONE',  ( -1.000000000000000000, 0.000000000000000000, 0.000000000000000000 ) ) ;
#1895 = ORIENTED_EDGE ( 'NONE', *, *, #1595, .T. ) ;
#1896 = DIRECTION ( 'NONE',  ( -1.000000000000000000, 0.000000000000000000, -0.000000000000000000 ) ) ;
#1897 = AXIS2_PLACEMENT_3D ( 'NONE', #2459, #2413, #2050 ) ;
#1898 = CARTESIAN_POINT ( 'NONE',  ( 36.22297305009214341, 69.00000000000000000, 6.000000000000000000 ) ) ;
#1899 = ORIENTED_EDGE ( 'NONE', *, *, #128, .F. ) ;
#1900 = AXIS2_PLACEMENT_3D ( 'NONE', #4505, #3758, #134 ) ;
#1901 = DIRECTION ( 'NONE',  ( 0.7071067811865475727, 7.009341333409709641E-17, -0.7071067811865475727 ) ) ;
#1902 = AXIS2_PLACEMENT_3D ( 'NONE', #4138, #1503, #495 ) ;
#1903 = ORIENTED_EDGE ( 'NONE', *, *, #2503, .T. ) ;
#1904 = AXIS2_PLACEMENT_3D ( 'NONE', #4639, #3125, #4666 ) ;
#1905 =( LENGTH_UNIT ( ) NAMED_UNIT ( * ) SI_UNIT ( .MILLI., .METRE. ) );
#1906 = DIRECTION ( 'NONE',  ( 0.000000000000000000, 0.000000000000000000, 1.000000000000000000 ) ) ;
#1907 = DIRECTION ( 'NONE',  ( 1.000000000000000000, 0.000000000000000000, 0.000000000000000000 ) ) ;
#1908 = VERTEX_POINT ( 'NONE', #4446 ) ;
#1909 = DIRECTION ( 'NONE',  ( 1.239088197126290570E-16, -1.000000000000000000, 0.000000000000000000 ) ) ;
#1910 = AXIS2_PLACEMENT_3D ( 'NONE', #4667, #25, #1881 ) ;
#1911 = DIRECTION ( 'NONE',  ( 0.000000000000000000, 0.000000000000000000, -1.000000000000000000 ) ) ;
#1912 = CARTESIAN_POINT ( 'NONE',  ( 36.22297305009214341, 70.00000000000000000, 6.000000000000000000 ) ) ;
#1913 = AXIS2_PLACEMENT_3D ( 'NONE', #1606, #3444, #3059 ) ;
#1914 = CARTESIAN_POINT ( 'NONE',  ( 7.000000000000000000, 69.50000000000000000, 6.000000000000000000 ) ) ;
#1915 = EDGE_LOOP ( 'NONE', ( #4100, #1223, #4601, #3215 ) ) ;
#1916 = DIRECTION ( 'NONE',  ( 0.000000000000000000, 1.000000000000000000, 0.000000000000000000 ) ) ;
#1917 = EDGE_CURVE ( 'NONE', #2584, #75, #4236, .T. ) ;
#1918 = DIRECTION ( 'NONE',  ( -1.000000000000000000, 0.000000000000000000, 0.000000000000000000 ) ) ;
#1919 = EDGE_LOOP ( 'NONE', ( #3042, #967, #1983, #185 ) ) ;
#1920 = CARTESIAN_POINT ( 'NONE',  ( 41.08277021243090843, 1.000000000000000888, 5.500000000000000000 ) ) ;
#1921 = EDGE_CURVE ( 'NONE', #1850, #3295, #659, .T. ) ;
#1922 = ORIENTED_EDGE ( 'NONE', *, *, #3636, .F. ) ;
#1923 = EDGE_CURVE ( 'NONE', #2599, #3079, #1687, .T. ) ;
#1924 = DIRECTION ( 'NONE',  ( -0.000000000000000000, 0.000000000000000000, 1.000000000000000000 ) ) ;
#1925 = ADVANCED_FACE ( 'NONE', ( #1134 ), #3583, .T. ) ;
#1926 = CARTESIAN_POINT ( 'NONE',  ( 0.000000000000000000, 0.4999999999999865663, 6.000000000000000000 ) ) ;
#1927 = ORIENTED_EDGE ( 'NONE', *, *, #4289, .F. ) ;
#1928 = FACE_OUTER_BOUND ( 'NONE', #1004, .T. ) ;
#1929 = ORIENTED_EDGE ( 'NONE', *, *, #435, .F. ) ;
#1930 = CIRCLE ( 'NONE', #389, 1.000000000000000888 ) ;
#1931 = DIRECTION ( 'NONE',  ( 1.000000000000000000, 0.000000000000000000, 0.000000000000000000 ) ) ;
#1932 = CARTESIAN_POINT ( 'NONE',  ( 63.00000000000000000, 69.00000000000000000, 5.500000000000000000 ) ) ;
#1933 = DIRECTION ( 'NONE',  ( -0.000000000000000000, -0.000000000000000000, -1.000000000000000000 ) ) ;
#1934 = EDGE_LOOP ( 'NONE', ( #1607, #772, #2165, #748 ) ) ;
#1935 = VECTOR ( 'NONE', #1173, 1000.000000000000000 ) ;
#1936 = DIRECTION ( 'NONE',  ( -0.000000000000000000, -0.000000000000000000, -1.000000000000000000 ) ) ;
#1937 = VECTOR ( 'NONE', #356, 1000.000000000000000 ) ;
#1938 = ADVANCED_FACE ( 'NONE', ( #2520 ), #1747, .F. ) ;
#1939 = DIRECTION ( 'NONE',  ( 0.000000000000000000, -0.7071067811865474617, 0.7071067811865474617 ) ) ;
#1940 = EDGE_CURVE ( 'NONE', #2513, #4072, #1021, .T. ) ;
#1941 = DIRECTION ( 'NONE',  ( -0.7071067811865474617, 0.000000000000000000, 0.7071067811865474617 ) ) ;
#1942 = VECTOR ( 'NONE', #1933, 1000.000000000000000 ) ;
#1943 = LINE ( 'NONE', #2746, #2323 ) ;
#1944 = ORIENTED_EDGE ( 'NONE', *, *, #79, .T. ) ;
#1945 = DIRECTION ( 'NONE',  ( 0.000000000000000000, -0.7071067811865474617, 0.7071067811865474617 ) ) ;
#1946 = AXIS2_PLACEMENT_3D ( 'NONE', #1835, #4012, #3291 ) ;
#1947 = LINE ( 'NONE', #1582, #4178 ) ;
#1948 = ORIENTED_EDGE ( 'NONE', *, *, #4282, .T. ) ;
#1949 = EDGE_CURVE ( 'NONE', #3577, #1185, #606, .T. ) ;
#1950 = FACE_OUTER_BOUND ( 'NONE', #2535, .T. ) ;
#1951 = EDGE_LOOP ( 'NONE', ( #1660, #1197, #3968, #4770 ) ) ;
#1952 = DIRECTION ( 'NONE',  ( 0.000000000000000000, 0.000000000000000000, -1.000000000000000000 ) ) ;
#1953 = DIRECTION ( 'NONE',  ( -1.000000000000000000, 0.000000000000000000, 0.000000000000000000 ) ) ;
#1954 = ORIENTED_EDGE ( 'NONE', *, *, #3789, .T. ) ;
#1955 = DIRECTION ( 'NONE',  ( 0.000000000000000000, 0.000000000000000000, 1.000000000000000000 ) ) ;
#1956 = ORIENTED_EDGE ( 'NONE', *, *, #162, .T. ) ;
#1957 = AXIS2_PLACEMENT_3D ( 'NONE', #2472, #3949, #4699 ) ;
#1958 = CARTESIAN_POINT ( 'NONE',  ( 43.52871631261518104, 69.50000000000000000, 6.000000000000000000 ) ) ;
#1959 = LINE ( 'NONE', #4061, #1328 ) ;
#1960 = ORIENTED_EDGE ( 'NONE', *, *, #91, .F. ) ;
#1961 = CARTESIAN_POINT ( 'NONE',  ( 22.61148652504606815, 70.00000000000000000, 5.500000000000000000 ) ) ;
#1962 = CARTESIAN_POINT ( 'NONE',  ( 22.61148652504607881, 1.000000000000000888, 3.000000000000000000 ) ) ;
#1963 = DIRECTION ( 'NONE',  ( 0.000000000000000000, -0.000000000000000000, 1.000000000000000000 ) ) ;
#1964 = DIRECTION ( 'NONE',  ( 0.000000000000000000, -0.7071067811865573427, 0.7071067811865376918 ) ) ;
#1965 = ORIENTED_EDGE ( 'NONE', *, *, #1663, .T. ) ;
#1966 = DIRECTION ( 'NONE',  ( -0.7071067811865475727, 0.000000000000000000, -0.7071067811865475727 ) ) ;
#1967 = EDGE_CURVE ( 'NONE', #3658, #823, #4355, .T. ) ;
#1968 = EDGE_CURVE ( 'NONE', #2878, #3890, #2608, .T. ) ;
#1969 = CARTESIAN_POINT ( 'NONE',  ( 70.00000000000000000, 1.000000000000000000, 6.000000000000000000 ) ) ;
#1970 = ORIENTED_EDGE ( 'NONE', *, *, #1595, .F. ) ;
#1971 = CARTESIAN_POINT ( 'NONE',  ( 28.91722978756910578, 69.00000000000000000, 3.000000000000000000 ) ) ;
#1972 = CIRCLE ( 'NONE', #510, 1.625000000000001332 ) ;
#1973 = EDGE_LOOP ( 'NONE', ( #3264, #3984, #1618, #2089 ) ) ;
#1974 = DIRECTION ( 'NONE',  ( -1.000000000000000000, 0.000000000000000000, 0.000000000000000000 ) ) ;
#1975 = CYLINDRICAL_SURFACE ( 'NONE', #1452, 1.000000000000000000 ) ;
#1976 = EDGE_LOOP ( 'NONE', ( #3464, #1857, #1680, #2457 ) ) ;
#1977 = FACE_OUTER_BOUND ( 'NONE', #2674, .T. ) ;
#1978 = EDGE_LOOP ( 'NONE', ( #1537, #1326, #1432, #4768 ) ) ;
#1979 = EDGE_CURVE ( 'NONE', #4250, #2940, #4233, .T. ) ;
#1980 = DIRECTION ( 'NONE',  ( 0.000000000000000000, -0.7071067811865474617, 0.7071067811865474617 ) ) ;
#1981 = CIRCLE ( 'NONE', #4142, 0.4999999999999995559 ) ;
#1982 = CARTESIAN_POINT ( 'NONE',  ( 19.16554042486180265, 0.000000000000000000, 5.500000000000000000 ) ) ;
#1983 = ORIENTED_EDGE ( 'NONE', *, *, #1144, .T. ) ;
#1984 = CARTESIAN_POINT ( 'NONE',  ( 28.91722978756911644, 0.000000000000000000, 3.000000000000000000 ) ) ;
#1985 = CIRCLE ( 'NONE', #1061, 0.5000000000000004441 ) ;
#1986 = ADVANCED_FACE ( 'NONE', ( #1928 ), #172, .T. ) ;
#1987 = VECTOR ( 'NONE', #729, 1000.000000000000114 ) ;
#1988 = CARTESIAN_POINT ( 'NONE',  ( 69.00000000000000000, 1.000000000000000000, 5.500000000000000000 ) ) ;
#1989 = DIRECTION ( 'NONE',  ( 0.7071067811865474617, 0.000000000000000000, 0.7071067811865474617 ) ) ;
#1990 = CARTESIAN_POINT ( 'NONE',  ( 11.85979716233875791, 70.00000000000000000, 5.500000000000027534 ) ) ;
#1991 = VERTEX_POINT ( 'NONE', #1227 ) ;
#1992 = AXIS2_PLACEMENT_3D ( 'NONE', #3201, #2839, #1408 ) ;
#1993 = DIRECTION ( 'NONE',  ( -1.000000000000000000, 0.000000000000000000, 0.000000000000000000 ) ) ;
#1994 = CARTESIAN_POINT ( 'NONE',  ( 18.16554042486179199, 70.00000000000000000, 5.500000000000000000 ) ) ;
#1995 = ORIENTED_EDGE ( 'NONE', *, *, #645, .T. ) ;
#1996 = CARTESIAN_POINT ( 'NONE',  ( 43.52871631261518814, 0.5000000000000004441, 6.000000000000000000 ) ) ;
#1997 = EDGE_LOOP ( 'NONE', ( #666, #3503, #2424, #65 ) ) ;
#1998 = APPLICATION_CONTEXT ( 'automotive_design' ) ;
#1999 = CARTESIAN_POINT ( 'NONE',  ( 63.00000000000000000, 70.00000000000000000, 6.000000000000000000 ) ) ;
#2000 = CARTESIAN_POINT ( 'NONE',  ( 0.000000000000000000, 69.00000000000000000, 6.000000000000000000 ) ) ;
#2001 = ORIENTED_EDGE ( 'NONE', *, *, #3869, .F. ) ;
#2002 = ADVANCED_FACE ( 'NONE', ( #2681 ), #1593, .T. ) ;
#2003 = CARTESIAN_POINT ( 'NONE',  ( 63.00000000000000000, 1.000000000000000888, 6.000000000000000000 ) ) ;
#2004 = ORIENTED_EDGE ( 'NONE', *, *, #123, .F. ) ;
#2005 = EDGE_CURVE ( 'NONE', #2311, #2229, #508, .T. ) ;
#2006 = PRODUCT_DEFINITION_CONTEXT ( 'detailed design', #1256, 'design' ) ;
#2007 = DIRECTION ( 'NONE',  ( 0.000000000000000000, 0.000000000000000000, -1.000000000000000000 ) ) ;
#2008 = AXIS2_PLACEMENT_3D ( 'NONE', #4349, #2149, #3693 ) ;
#2009 = SURFACE_STYLE_FILL_AREA ( #4280 ) ;
#2010 = ORIENTED_EDGE ( 'NONE', *, *, #3329, .F. ) ;
#2011 = DIRECTION ( 'NONE',  ( 0.000000000000000000, 0.000000000000000000, -1.000000000000000000 ) ) ;
#2012 = VECTOR ( 'NONE', #2259, 1000.000000000000000 ) ;
#2013 = CARTESIAN_POINT ( 'NONE',  ( 69.00000000000000000, 1.000000000000000000, 6.000000000000000000 ) ) ;
#2014 = DIRECTION ( 'NONE',  ( -1.000000000000000000, 0.000000000000000000, -0.000000000000000000 ) ) ;
#2015 = EDGE_CURVE ( 'NONE', #4581, #2475, #535, .T. ) ;
#2016 = CARTESIAN_POINT ( 'NONE',  ( 29.91722978756910578, 70.00000000000000000, 3.000000000000000000 ) ) ;
#2017 = VERTEX_POINT ( 'NONE', #2393 ) ;
#2018 = DIRECTION ( 'NONE',  ( 0.7071067811865474617, 0.000000000000000000, -0.7071067811865474617 ) ) ;
#2019 = ADVANCED_FACE ( 'NONE', ( #4561 ), #2657, .F. ) ;
#2020 = AXIS2_PLACEMENT_3D ( 'NONE', #233, #935, #591 ) ;
#2021 = CARTESIAN_POINT ( 'NONE',  ( 7.000000000000000000, 70.00000000000000000, 3.000000000000000000 ) ) ;
#2022 = AXIS2_PLACEMENT_3D ( 'NONE', #3252, #3967, #3633 ) ;
#2023 = EDGE_LOOP ( 'NONE', ( #3210, #4054, #4736, #2856, #472, #2581, #2102, #2574 ) ) ;
#2024 = LINE ( 'NONE', #3234, #2055 ) ;
#2025 = ORIENTED_EDGE ( 'NONE', *, *, #2147, .T. ) ;
#2026 = AXIS2_PLACEMENT_3D ( 'NONE', #4402, #1095, #2567 ) ;
#2027 = CARTESIAN_POINT ( 'NONE',  ( 58.14020283766124919, 70.00000000000000000, 5.500000000000000000 ) ) ;
#2028 = CARTESIAN_POINT ( 'NONE',  ( 48.38851347495393895, 69.00000000000000000, 6.000000000000000000 ) ) ;
#2029 = ORIENTED_EDGE ( 'NONE', *, *, #3807, .T. ) ;
#2030 = CARTESIAN_POINT ( 'NONE',  ( 25.97128368738483672, 3.861685329750853956E-15, 6.000000000000000000 ) ) ;
#2031 = EDGE_CURVE ( 'NONE', #3399, #1991, #1765, .T. ) ;
#2032 = ADVANCED_FACE ( 'NONE', ( #1977 ), #1566, .F. ) ;
#2033 = CARTESIAN_POINT ( 'NONE',  ( 11.35979716233874370, 69.00000000000000000, 6.000000000000000000 ) ) ;
#2034 = VECTOR ( 'NONE', #2376, 1000.000000000000000 ) ;
#2035 = FACE_OUTER_BOUND ( 'NONE', #4383, .T. ) ;
#2036 = DIRECTION ( 'NONE',  ( 1.000000000000000000, -0.000000000000000000, 0.000000000000000000 ) ) ;
#2037 = VECTOR ( 'NONE', #713, 1000.000000000000114 ) ;
#2038 = DIRECTION ( 'NONE',  ( 0.000000000000000000, -0.000000000000000000, -1.000000000000000000 ) ) ;
#2039 = DIRECTION ( 'NONE',  ( -0.7071067811865475727, -7.009341333409709641E-17, -0.7071067811865475727 ) ) ;
#2040 = DIRECTION ( 'NONE',  ( -0.7071067811865474617, 0.000000000000000000, -0.7071067811865474617 ) ) ;
#2041 = EDGE_LOOP ( 'NONE', ( #595, #1270, #3979, #1869 ) ) ;
#2042 = PLANE ( 'NONE',  #2680 ) ;
#2043 = EDGE_CURVE ( 'NONE', #2091, #4587, #2515, .T. ) ;
#2044 = PRODUCT ( 'heatsink_external_70x70x3-6mm', 'heatsink_external_70x70x3-6mm', '', ( #3359 ) ) ;
#2045 = CARTESIAN_POINT ( 'NONE',  ( 54.69425673747696948, 70.00000000000000000, 3.000000000000000000 ) ) ;
#2046 = ORIENTED_EDGE ( 'NONE', *, *, #2865, .F. ) ;
#2047 = PLANE ( 'NONE',  #3608 ) ;
#2048 = ORIENTED_EDGE ( 'NONE', *, *, #1979, .T. ) ;
#2049 = LINE ( 'NONE', #1640, #3255 ) ;
#2050 = DIRECTION ( 'NONE',  ( -1.000000000000000000, 0.000000000000000000, 0.000000000000000000 ) ) ;
#2051 = ORIENTED_EDGE ( 'NONE', *, *, #677, .T. ) ;
#2052 = LINE ( 'NONE', #3241, #3670 ) ;
#2053 = DIRECTION ( 'NONE',  ( -1.982541115402065110E-16, 1.000000000000000000, 0.000000000000000000 ) ) ;
#2054 = PLANE ( 'NONE',  #4194 ) ;
#2055 = VECTOR ( 'NONE', #2386, 1000.000000000000000 ) ;
#2056 = CARTESIAN_POINT ( 'NONE',  ( 47.38851347495393895, 69.00000000000000000, 3.000000000000000000 ) ) ;
#2057 = VECTOR ( 'NONE', #4623, 1000.000000000000000 ) ;
#2058 = CARTESIAN_POINT ( 'NONE',  ( 59.14020283766125630, 0.000000000000000000, 3.000000000000000000 ) ) ;
#2059 = CARTESIAN_POINT ( 'NONE',  ( 0.000000000000000000, 0.000000000000000000, 6.000000000000000000 ) ) ;
#2060 = VERTEX_POINT ( 'NONE', #3048 ) ;
#2061 = AXIS2_PLACEMENT_3D ( 'NONE', #1108, #3648, #3352 ) ;
#2062 = CARTESIAN_POINT ( 'NONE',  ( 15.30574326252304473, 1.000000000000000888, 5.500000000000027534 ) ) ;
#2063 = STYLED_ITEM ( 'NONE', ( #1138 ), #3466 ) ;
#2064 = AXIS2_PLACEMENT_3D ( 'NONE', #1641, #1178, #841 ) ;
#2065 = CARTESIAN_POINT ( 'NONE',  ( 37.22297305009214341, 69.00000000000000000, 3.000000000000000000 ) ) ;
#2066 = VERTEX_POINT ( 'NONE', #4515 ) ;
#2067 = PLANE ( 'NONE',  #1672 ) ;
#2068 = ORIENTED_EDGE ( 'NONE', *, *, #1923, .T. ) ;
#2069 = ADVANCED_FACE ( 'NONE', ( #4155 ), #843, .T. ) ;
#2070 = CARTESIAN_POINT ( 'NONE',  ( 4.499999999999988454, 4.500000000000007105, 6.000000000000000000 ) ) ;
#2071 = CARTESIAN_POINT ( 'NONE',  ( 21.61148652504607881, 0.5000000000000004441, 6.000000000000000000 ) ) ;
#2072 = ORIENTED_EDGE ( 'NONE', *, *, #1649, .T. ) ;
#2073 = CARTESIAN_POINT ( 'NONE',  ( 36.22297305009214341, 69.50000000000000000, 6.000000000000000000 ) ) ;
#2074 = EDGE_CURVE ( 'NONE', #3890, #3282, #3748, .T. ) ;
#2075 = ADVANCED_FACE ( 'NONE', ( #920 ), #2753, .T. ) ;
#2076 = DIRECTION ( 'NONE',  ( -1.000000000000000000, 0.000000000000000000, 0.000000000000000000 ) ) ;
#2077 = ORIENTED_EDGE ( 'NONE', *, *, #895, .F. ) ;
#2078 = DIRECTION ( 'NONE',  ( 0.000000000000000000, 0.000000000000000000, -1.000000000000000000 ) ) ;
#2079 = CARTESIAN_POINT ( 'NONE',  ( 32.77702694990787791, 1.000000000000000888, 5.500000000000000000 ) ) ;
#2080 = CARTESIAN_POINT ( 'NONE',  ( 59.14020283766124919, 70.00000000000000000, 3.000000000000000000 ) ) ;
#2081 = LINE ( 'NONE', #1654, #3720 ) ;
#2082 = DIRECTION ( 'NONE',  ( 0.000000000000000000, 0.000000000000000000, -1.000000000000000000 ) ) ;
#2083 = ORIENTED_EDGE ( 'NONE', *, *, #2820, .T. ) ;
#2084 = PLANE ( 'NONE',  #4608 ) ;
#2085 = AXIS2_PLACEMENT_3D ( 'NONE', #68, #4489, #94 ) ;
#2086 = EDGE_CURVE ( 'NONE', #1717, #1331, #71, .T. ) ;
#2087 = ADVANCED_FACE ( 'NONE', ( #4538 ), #4181, .F. ) ;
#2088 = CARTESIAN_POINT ( 'NONE',  ( 8.000000000000000000, 70.00000000000000000, 3.000000000000000000 ) ) ;
#2089 = ORIENTED_EDGE ( 'NONE', *, *, #1422, .F. ) ;
#2090 = DIRECTION ( 'NONE',  ( -1.000000000000000000, 0.000000000000000000, 0.000000000000000000 ) ) ;
#2091 = VERTEX_POINT ( 'NONE', #894 ) ;
#2092 = VERTEX_POINT ( 'NONE', #2365 ) ;
#2093 = AXIS2_PLACEMENT_3D ( 'NONE', #3860, #163, #957 ) ;
#2094 = VECTOR ( 'NONE', #4479, 1000.000000000000114 ) ;
#2095 = ADVANCED_FACE ( 'NONE', ( #3847 ), #3593, .T. ) ;
#2096 = LINE ( 'NONE', #3573, #1058 ) ;
#2097 = ORIENTED_EDGE ( 'NONE', *, *, #324, .T. ) ;
#2098 = DIRECTION ( 'NONE',  ( 1.486905836551548586E-16, -1.000000000000000000, 0.000000000000000000 ) ) ;
#2099 = ORIENTED_EDGE ( 'NONE', *, *, #2969, .F. ) ;
#2100 = CIRCLE ( 'NONE', #1249, 1.625000000000001332 ) ;
#2101 = DIRECTION ( 'NONE',  ( -1.000000000000000000, 0.000000000000000000, 0.000000000000000000 ) ) ;
#2102 = ORIENTED_EDGE ( 'NONE', *, *, #2458, .T. ) ;
#2103 = DIRECTION ( 'NONE',  ( 0.7071067811865474617, 0.000000000000000000, -0.7071067811865474617 ) ) ;
#2104 = DIRECTION ( 'NONE',  ( -1.000000000000000000, 0.000000000000000000, 0.000000000000000000 ) ) ;
#2105 = CIRCLE ( 'NONE', #2491, 1.625000000000001332 ) ;
#2106 = PLANE ( 'NONE',  #63 ) ;
#2107 = FACE_OUTER_BOUND ( 'NONE', #848, .T. ) ;
#2108 = VERTEX_POINT ( 'NONE', #1305 ) ;
#2109 = FACE_OUTER_BOUND ( 'NONE', #4384, .T. ) ;
#2110 = VECTOR ( 'NONE', #1939, 1000.000000000000114 ) ;
#2111 = PLANE ( 'NONE',  #2968 ) ;
#2112 = ORIENTED_EDGE ( 'NONE', *, *, #292, .F. ) ;
#2113 = CARTESIAN_POINT ( 'NONE',  ( 44.52871631261518104, 70.00000000000000000, 3.000000000000000000 ) ) ;
#2114 = EDGE_LOOP ( 'NONE', ( #1742, #861, #1415, #4732 ) ) ;
#2115 = ORIENTED_EDGE ( 'NONE', *, *, #4435, .F. ) ;
#2116 = EDGE_CURVE ( 'NONE', #1388, #4510, #663, .T. ) ;
#2117 = LINE ( 'NONE', #285, #3145 ) ;
#2118 = ORIENTED_EDGE ( 'NONE', *, *, #2958, .F. ) ;
#2119 = PLANE ( 'NONE',  #1356 ) ;
#2120 = ORIENTED_EDGE ( 'NONE', *, *, #480, .T. ) ;
#2121 = VECTOR ( 'NONE', #4589, 1000.000000000000114 ) ;
#2122 = CARTESIAN_POINT ( 'NONE',  ( 28.91722978756910578, 70.00000000000000000, 6.000000000000000000 ) ) ;
#2123 = LINE ( 'NONE', #4300, #1719 ) ;
#2124 = ORIENTED_EDGE ( 'NONE', *, *, #3659, .T. ) ;
#2125 = DIRECTION ( 'NONE',  ( -1.000000000000000000, 0.000000000000000000, 0.000000000000000000 ) ) ;
#2126 = CIRCLE ( 'NONE', #2754, 1.000000000000000888 ) ;
#2127 = EDGE_CURVE ( 'NONE', #1889, #958, #242, .T. ) ;
#2128 = EDGE_CURVE ( 'NONE', #3411, #2704, #3576, .T. ) ;
#2129 = DIRECTION ( 'NONE',  ( 0.000000000000000000, 0.000000000000000000, -1.000000000000000000 ) ) ;
#2130 = DIRECTION ( 'NONE',  ( 1.000000000000000000, 0.000000000000000000, 0.000000000000000000 ) ) ;
#2131 = DIRECTION ( 'NONE',  ( -0.7071067811865474617, 0.000000000000000000, -0.7071067811865474617 ) ) ;
#2132 = VERTEX_POINT ( 'NONE', #2507 ) ;
#2133 = CYLINDRICAL_SURFACE ( 'NONE', #904, 1.000000000000000888 ) ;
#2134 = AXIS2_PLACEMENT_3D ( 'NONE', #216, #4680, #1689 ) ;
#2135 = AXIS2_PLACEMENT_3D ( 'NONE', #1024, #2548, #2592 ) ;
#2136 = PLANE ( 'NONE',  #881 ) ;
#2137 = ORIENTED_EDGE ( 'NONE', *, *, #1589, .F. ) ;
#2138 = AXIS2_PLACEMENT_3D ( 'NONE', #4725, #1413, #2898 ) ;
#2139 = DIRECTION ( 'NONE',  ( -1.000000000000000000, 0.000000000000000000, 0.000000000000000000 ) ) ;
#2140 = ORIENTED_EDGE ( 'NONE', *, *, #3312, .F. ) ;
#2141 = ORIENTED_EDGE ( 'NONE', *, *, #1625, .F. ) ;
#2142 = CARTESIAN_POINT ( 'NONE',  ( 36.22297305009215052, 1.000000000000000000, 6.000000000000000000 ) ) ;
#2143 = VERTEX_POINT ( 'NONE', #267 ) ;
#2144 = CARTESIAN_POINT ( 'NONE',  ( 28.91722978756910578, 69.00000000000000000, 6.000000000000000000 ) ) ;
#2145 = ORIENTED_EDGE ( 'NONE', *, *, #3490, .T. ) ;
#2146 = AXIS2_PLACEMENT_3D ( 'NONE', #2013, #972, #3558 ) ;
#2147 = EDGE_CURVE ( 'NONE', #2066, #3195, #1281, .T. ) ;
#2148 = EDGE_CURVE ( 'NONE', #1118, #3953, #3894, .T. ) ;
#2149 = DIRECTION ( 'NONE',  ( -0.000000000000000000, -0.000000000000000000, 1.000000000000000000 ) ) ;
#2150 = CARTESIAN_POINT ( 'NONE',  ( 0.000000000000000000, 0.4999999999999865663, 6.000000000000000000 ) ) ;
#2151 = ORIENTED_EDGE ( 'NONE', *, *, #3790, .F. ) ;
#2152 = EDGE_CURVE ( 'NONE', #189, #4049, #2052, .T. ) ;
#2153 = DIRECTION ( 'NONE',  ( -0.7071067811865376918, -1.051401200011441655E-16, -0.7071067811865573427 ) ) ;
#2154 = CARTESIAN_POINT ( 'NONE',  ( 11.85979716233875791, 69.00000000000000000, 5.500000000000027534 ) ) ;
#2155 = ADVANCED_FACE ( 'NONE', ( #4632 ), #2461, .F. ) ;
#2156 = CARTESIAN_POINT ( 'NONE',  ( 0.000000000000000000, 69.50000000000000000, 6.000000000000000000 ) ) ;
#2157 = CARTESIAN_POINT ( 'NONE',  ( 65.50000000000000000, 65.50000000000000000, 6.000000000000000000 ) ) ;
#2158 = ORIENTED_EDGE ( 'NONE', *, *, #78, .T. ) ;
#2159 = FACE_OUTER_BOUND ( 'NONE', #382, .T. ) ;
#2160 = ADVANCED_FACE ( 'NONE', ( #2436 ), #1668, .F. ) ;
#2161 = CARTESIAN_POINT ( 'NONE',  ( 6.124999999999990230, 4.500000000000007105, 5.500000000000021316 ) ) ;
#2162 = DIRECTION ( 'NONE',  ( -0.000000000000000000, -0.000000000000000000, -1.000000000000000000 ) ) ;
#2163 = VERTEX_POINT ( 'NONE', #1374 ) ;
#2164 = AXIS2_PLACEMENT_3D ( 'NONE', #4399, #3939, #1355 ) ;
#2165 = ORIENTED_EDGE ( 'NONE', *, *, #3521, .F. ) ;
#2166 = AXIS2_PLACEMENT_3D ( 'NONE', #2756, #2412, #3139 ) ;
#2167 = CARTESIAN_POINT ( 'NONE',  ( 36.22297305009215052, 1.000000000000000000, 6.000000000000000000 ) ) ;
#2168 = ORIENTED_EDGE ( 'NONE', *, *, #2935, .T. ) ;
#2169 = CARTESIAN_POINT ( 'NONE',  ( 18.16554042486179199, 69.00000000000000000, 3.000000000000000000 ) ) ;
#2170 = ORIENTED_EDGE ( 'NONE', *, *, #499, .F. ) ;
#2171 = AXIS2_PLACEMENT_3D ( 'NONE', #4027, #2943, #2901 ) ;
#2172 = DIRECTION ( 'NONE',  ( -1.000000000000000000, -9.912705577010325549E-17, 0.000000000000000000 ) ) ;
#2173 = PLANE ( 'NONE',  #2602 ) ;
#2174 = ORIENTED_EDGE ( 'NONE', *, *, #3988, .F. ) ;
#2175 = CARTESIAN_POINT ( 'NONE',  ( 0.000000000000000000, 0.5000000000000004441, 6.000000000000000000 ) ) ;
#2176 = EDGE_CURVE ( 'NONE', #4357, #1291, #287, .T. ) ;
#2177 = CARTESIAN_POINT ( 'NONE',  ( 37.22297305009215052, 1.000000000000000888, 3.000000000000000000 ) ) ;
#2178 = STYLED_ITEM ( 'NONE', ( #538 ), #3392 ) ;
#2179 = VECTOR ( 'NONE', #2462, 1000.000000000000000 ) ;
#2180 = CARTESIAN_POINT ( 'NONE',  ( 33.27702694990786370, 69.00000000000000000, 6.000000000000000000 ) ) ;
#2181 = ORIENTED_EDGE ( 'NONE', *, *, #4535, .T. ) ;
#2182 = PLANE ( 'NONE',  #2135 ) ;
#2183 = EDGE_CURVE ( 'NONE', #1369, #4637, #1009, .T. ) ;
#2184 = AXIS2_PLACEMENT_3D ( 'NONE', #2613, #3804, #31 ) ;
#2185 = CARTESIAN_POINT ( 'NONE',  ( 33.77702694990787791, 0.000000000000000000, 3.000000000000000000 ) ) ;
#2186 = DIRECTION ( 'NONE',  ( -1.000000000000000000, 0.000000000000000000, 0.000000000000000000 ) ) ;
#2187 = CARTESIAN_POINT ( 'NONE',  ( 58.64020283766125630, 5.812830657059014636E-15, 6.000000000000000000 ) ) ;
#2188 = VERTEX_POINT ( 'NONE', #1763 ) ;
#2189 = DIRECTION ( 'NONE',  ( 0.000000000000000000, 0.000000000000000000, 1.000000000000000000 ) ) ;
#2190 = EDGE_LOOP ( 'NONE', ( #4276, #376, #4092, #869 ) ) ;
#2191 = DIRECTION ( 'NONE',  ( -1.000000000000000000, 0.000000000000000000, 0.000000000000000000 ) ) ;
#2192 = EDGE_LOOP ( 'NONE', ( #3383, #357, #2591, #369 ) ) ;
#2193 = DIRECTION ( 'NONE',  ( -1.000000000000000000, 0.000000000000000000, 0.000000000000000000 ) ) ;
#2194 = PLANE ( 'NONE',  #295 ) ;
#2195 = VERTEX_POINT ( 'NONE', #2073 ) ;
#2196 = DIRECTION ( 'NONE',  ( -1.000000000000000000, 0.000000000000000000, 0.000000000000000000 ) ) ;
#2197 = DIRECTION ( 'NONE',  ( -0.000000000000000000, -0.000000000000000000, 1.000000000000000000 ) ) ;
#2198 = DIRECTION ( 'NONE',  ( -1.982541115402065110E-16, 1.000000000000000000, 0.000000000000000000 ) ) ;
#2199 = VERTEX_POINT ( 'NONE', #3549 ) ;
#2200 = DIRECTION ( 'NONE',  ( -0.000000000000000000, -0.000000000000000000, -1.000000000000000000 ) ) ;
#2201 = ADVANCED_FACE ( 'NONE', ( #4614 ), #2481, .F. ) ;
#2202 = DIRECTION ( 'NONE',  ( -1.000000000000000000, 0.000000000000000000, 0.000000000000000000 ) ) ;
#2203 = ADVANCED_FACE ( 'NONE', ( #1397 ), #2119, .F. ) ;
#2204 = DIRECTION ( 'NONE',  ( -0.000000000000000000, -0.000000000000000000, 1.000000000000000000 ) ) ;
#2205 = CARTESIAN_POINT ( 'NONE',  ( 48.38851347495394606, 0.000000000000000000, 3.000000000000000000 ) ) ;
#2206 = ORIENTED_EDGE ( 'NONE', *, *, #3404, .T. ) ;
#2207 = CIRCLE ( 'NONE', #3453, 1.000000000000000888 ) ;
#2208 = CARTESIAN_POINT ( 'NONE',  ( 67.12500000000000000, 65.50000000000000000, 5.500000000000023981 ) ) ;
#2209 = ORIENTED_EDGE ( 'NONE', *, *, #1625, .T. ) ;
#2210 = FACE_OUTER_BOUND ( 'NONE', #4433, .T. ) ;
#2211 = ORIENTED_EDGE ( 'NONE', *, *, #3199, .F. ) ;
#2212 = CIRCLE ( 'NONE', #2375, 1.000000000000000888 ) ;
#2213 = AXIS2_PLACEMENT_3D ( 'NONE', #526, #3737, #4508 ) ;
#2214 = CIRCLE ( 'NONE', #3226, 0.5000000000000004441 ) ;
#2215 = CARTESIAN_POINT ( 'NONE',  ( 51.83445957513821867, 1.000000000000000888, 5.500000000000000000 ) ) ;
#2216 = CARTESIAN_POINT ( 'NONE',  ( 21.61148652504606815, 69.00000000000000000, 6.000000000000000000 ) ) ;
#2217 = ORIENTED_EDGE ( 'NONE', *, *, #2343, .F. ) ;
#2218 = VECTOR ( 'NONE', #170, 1000.000000000000000 ) ;
#2219 = EDGE_CURVE ( 'NONE', #2313, #3309, #4056, .T. ) ;
#2220 = EDGE_LOOP ( 'NONE', ( #3931, #2609, #2174, #1731 ) ) ;
#2221 = VECTOR ( 'NONE', #4470, 1000.000000000000000 ) ;
#2222 = DIRECTION ( 'NONE',  ( 0.7071067811865474617, 0.000000000000000000, -0.7071067811865474617 ) ) ;
#2223 = ORIENTED_EDGE ( 'NONE', *, *, #712, .T. ) ;
#2224 = ORIENTED_EDGE ( 'NONE', *, *, #3922, .F. ) ;
#2225 = DIRECTION ( 'NONE',  ( -1.000000000000000000, 0.000000000000000000, 0.000000000000000000 ) ) ;
#2226 = DIRECTION ( 'NONE',  ( 0.000000000000000000, 0.000000000000000000, -1.000000000000000000 ) ) ;
#2227 = LINE ( 'NONE', #395, #2675 ) ;
#2228 = VERTEX_POINT ( 'NONE', #944 ) ;
#2229 = VERTEX_POINT ( 'NONE', #4257 ) ;
#2230 = ADVANCED_FACE ( 'NONE', ( #2415 ), #2433, .T. ) ;
#2231 = EDGE_CURVE ( 'NONE', #2228, #2612, #3168, .T. ) ;
#2232 = DIRECTION ( 'NONE',  ( -1.000000000000000000, 0.000000000000000000, 0.000000000000000000 ) ) ;
#2233 = ORIENTED_EDGE ( 'NONE', *, *, #528, .F. ) ;
#2234 = CARTESIAN_POINT ( 'NONE',  ( 10.85979716233876680, 1.000000000000000888, 5.500000000000027534 ) ) ;
#2235 = ORIENTED_EDGE ( 'NONE', *, *, #4664, .F. ) ;
#2236 = DIRECTION ( 'NONE',  ( 0.000000000000000000, -0.7071067811865474617, 0.7071067811865474617 ) ) ;
#2237 = CARTESIAN_POINT ( 'NONE',  ( 22.11148652504607881, 1.000000000000000888, 6.000000000000000000 ) ) ;
#2238 = ORIENTED_EDGE ( 'NONE', *, *, #147, .T. ) ;
#2239 = DIRECTION ( 'NONE',  ( 0.000000000000000000, 0.7071067811865475727, -0.7071067811865475727 ) ) ;
#2240 = VERTEX_POINT ( 'NONE', #4004 ) ;
#2241 = AXIS2_PLACEMENT_3D ( 'NONE', #4196, #3424, #1918 ) ;
#2242 = VECTOR ( 'NONE', #3924, 1000.000000000000000 ) ;
#2243 = DIRECTION ( 'NONE',  ( 0.000000000000000000, 0.000000000000000000, 1.000000000000000000 ) ) ;
#2244 = ORIENTED_EDGE ( 'NONE', *, *, #2336, .F. ) ;
#2245 = EDGE_CURVE ( 'NONE', #4087, #16, #358, .T. ) ;
#2246 = VECTOR ( 'NONE', #3491, 1000.000000000000000 ) ;
#2247 = FACE_OUTER_BOUND ( 'NONE', #4465, .T. ) ;
#2248 = DIRECTION ( 'NONE',  ( 0.000000000000000000, -0.000000000000000000, 1.000000000000000000 ) ) ;
#2249 = CARTESIAN_POINT ( 'NONE',  ( 40.58277021243090843, 8.045701052305847103E-15, 6.000000000000000000 ) ) ;
#2250 = DIRECTION ( 'NONE',  ( -1.982541115402065110E-16, 1.000000000000000000, -0.000000000000000000 ) ) ;
#2251 = EDGE_LOOP ( 'NONE', ( #311, #363, #3500, #2934 ) ) ;
#2252 = CARTESIAN_POINT ( 'NONE',  ( 0.000000000000000000, 0.000000000000000000, 3.000000000000000000 ) ) ;
#2253 = CIRCLE ( 'NONE', #1904, 2.124999999999988010 ) ;
#2254 = CARTESIAN_POINT ( 'NONE',  ( 4.499999999999988454, 4.500000000000007105, 5.500000000000021316 ) ) ;
#2255 = ORIENTED_EDGE ( 'NONE', *, *, #2389, .F. ) ;
#2257 = EDGE_CURVE ( 'NONE', #2132, #2528, #1972, .T. ) ;
#2256 = CARTESIAN_POINT ( 'NONE',  ( 18.16554042486179199, 70.00000000000000000, 3.000000000000000000 ) ) ;
#2258 = ORIENTED_EDGE ( 'NONE', *, *, #1917, .T. ) ;
#2259 = DIRECTION ( 'NONE',  ( 9.912705577010325549E-17, -1.000000000000000000, 0.000000000000000000 ) ) ;
#2260 = CIRCLE ( 'NONE', #3428, 1.000000000000000888 ) ;
#2261 = FACE_OUTER_BOUND ( 'NONE', #1083, .T. ) ;
#2262 = ORIENTED_EDGE ( 'NONE', *, *, #91, .T. ) ;
#2263 = DIRECTION ( 'NONE',  ( -1.239088197126290570E-16, 1.000000000000000000, 0.000000000000000000 ) ) ;
#2264 = ORIENTED_EDGE ( 'NONE', *, *, #4366, .T. ) ;
#2265 = SURFACE_SIDE_STYLE ('',( #4131 ) ) ;
#2266 = DIRECTION ( 'NONE',  ( 0.000000000000000000, 0.000000000000000000, -1.000000000000000000 ) ) ;
#2267 = ORIENTED_EDGE ( 'NONE', *, *, #1781, .F. ) ;
#2268 = ADVANCED_FACE ( 'NONE', ( #3710 ), #4438, .F. ) ;
#2269 = DIRECTION ( 'NONE',  ( 0.000000000000000000, 0.000000000000000000, -1.000000000000000000 ) ) ;
#2270 = LINE ( 'NONE', #1214, #725 ) ;
#2271 = FACE_BOUND ( 'NONE', #3756, .T. ) ;
#2272 = EDGE_CURVE ( 'NONE', #755, #2143, #3904, .T. ) ;
#2273 = DIRECTION ( 'NONE',  ( 1.000000000000000000, -0.000000000000000000, 0.000000000000000000 ) ) ;
#2274 = ORIENTED_EDGE ( 'NONE', *, *, #2299, .F. ) ;
#2275 = DIRECTION ( 'NONE',  ( 0.000000000000000000, 0.000000000000000000, 1.000000000000000000 ) ) ;
#2276 = DIRECTION ( 'NONE',  ( -0.000000000000000000, -0.000000000000000000, -1.000000000000000000 ) ) ;
#2277 = ORIENTED_EDGE ( 'NONE', *, *, #2948, .F. ) ;
#2278 = LINE ( 'NONE', #3764, #135 ) ;
#2279 = ORIENTED_EDGE ( 'NONE', *, *, #2542, .F. ) ;
#2280 = AXIS2_PLACEMENT_3D ( 'NONE', #3499, #2850, #190 ) ;
#2281 = CARTESIAN_POINT ( 'NONE',  ( 41.08277021243090843, 1.000000000000000888, 6.000000000000000000 ) ) ;
#2282 = AXIS2_PLACEMENT_3D ( 'NONE', #2028, #4630, #2855 ) ;
#2283 = CARTESIAN_POINT ( 'NONE',  ( 58.14020283766125630, 0.000000000000000000, 3.000000000000000000 ) ) ;
#2284 = VERTEX_POINT ( 'NONE', #3980 ) ;
#2285 = VECTOR ( 'NONE', #976, 1000.000000000000000 ) ;
#2286 = CARTESIAN_POINT ( 'NONE',  ( 47.38851347495393895, 70.00000000000000000, 5.500000000000000000 ) ) ;
#2287 = CIRCLE ( 'NONE', #1681, 1.000000000000000888 ) ;
#2288 = VERTEX_POINT ( 'NONE', #4053 ) ;
#2289 = VECTOR ( 'NONE', #4739, 1000.000000000000114 ) ;
#2290 =( NAMED_UNIT ( * ) SI_UNIT ( $, .STERADIAN. ) SOLID_ANGLE_UNIT ( ) );
#2291 = ADVANCED_FACE ( 'NONE', ( #4077 ), #1124, .T. ) ;
#2292 = EDGE_CURVE ( 'NONE', #3916, #2017, #3212, .T. ) ;
#2293 = EDGE_CURVE ( 'NONE', #4679, #3112, #17, .T. ) ;
#2294 = DIRECTION ( 'NONE',  ( -1.000000000000000000, 0.000000000000000000, 0.000000000000000000 ) ) ;
#2295 = CARTESIAN_POINT ( 'NONE',  ( 33.77702694990787791, 0.000000000000000000, 6.000000000000000000 ) ) ;
#2296 = VERTEX_POINT ( 'NONE', #3691 ) ;
#2297 = FACE_OUTER_BOUND ( 'NONE', #465, .T. ) ;
#2298 = CIRCLE ( 'NONE', #1910, 1.000000000000000888 ) ;
#2299 = EDGE_CURVE ( 'NONE', #888, #1410, #721, .T. ) ;
#2300 = LINE ( 'NONE', #4115, #1036 ) ;
#2301 = DIRECTION ( 'NONE',  ( 0.000000000000000000, 0.000000000000000000, -1.000000000000000000 ) ) ;
#2302 = LINE ( 'NONE', #832, #2383 ) ;
#2303 = VERTEX_POINT ( 'NONE', #697 ) ;
#2304 = CARTESIAN_POINT ( 'NONE',  ( 47.38851347495393895, 69.00000000000000000, 3.000000000000000000 ) ) ;
#2305 = DIRECTION ( 'NONE',  ( -0.000000000000000000, -0.000000000000000000, 1.000000000000000000 ) ) ;
#2306 = ORIENTED_EDGE ( 'NONE', *, *, #3158, .T. ) ;
#2307 = DIRECTION ( 'NONE',  ( 0.000000000000000000, 0.000000000000000000, -1.000000000000000000 ) ) ;
#2308 = ORIENTED_EDGE ( 'NONE', *, *, #3312, .T. ) ;
#2309 = DIRECTION ( 'NONE',  ( -1.000000000000000000, 0.000000000000000000, 0.000000000000000000 ) ) ;
#2310 = DIRECTION ( 'NONE',  ( 0.000000000000000000, -0.7071067811865474617, 0.7071067811865474617 ) ) ;
#2311 = VERTEX_POINT ( 'NONE', #1444 ) ;
#2312 = CARTESIAN_POINT ( 'NONE',  ( 48.38851347495394606, 1.000000000000000888, 3.000000000000000000 ) ) ;
#2313 = VERTEX_POINT ( 'NONE', #2169 ) ;
#2314 = VECTOR ( 'NONE', #2196, 1000.000000000000000 ) ;
#2315 = APPLICATION_PROTOCOL_DEFINITION ( 'draft international standard', 'automotive_design', 1998, #1998 ) ;
#2316 = CARTESIAN_POINT ( 'NONE',  ( 22.11148652504606815, 69.00000000000000000, 6.000000000000000000 ) ) ;
#2317 = CIRCLE ( 'NONE', #3990, 1.625000000000001332 ) ;
#2318 = DIRECTION ( 'NONE',  ( 0.000000000000000000, -0.7071067811865474617, -0.7071067811865474617 ) ) ;
#2319 = EDGE_CURVE ( 'NONE', #1740, #3095, #2449, .T. ) ;
#2320 = ORIENTED_EDGE ( 'NONE', *, *, #849, .T. ) ;
#2321 = VECTOR ( 'NONE', #1364, 1000.000000000000114 ) ;
#2322 = FACE_OUTER_BOUND ( 'NONE', #39, .T. ) ;
#2323 = VECTOR ( 'NONE', #1531, 1000.000000000000000 ) ;
#2324 = DIRECTION ( 'NONE',  ( -0.000000000000000000, -0.000000000000000000, 1.000000000000000000 ) ) ;
#2325 = LINE ( 'NONE', #82, #522 ) ;
#2326 = LINE ( 'NONE', #782, #3104 ) ;
#2327 = ORIENTED_EDGE ( 'NONE', *, *, #1573, .F. ) ;
#2328 = DIRECTION ( 'NONE',  ( 0.000000000000000000, 0.000000000000000000, -1.000000000000000000 ) ) ;
#2329 = CIRCLE ( 'NONE', #4494, 0.5000000000000143219 ) ;
#2330 = DIRECTION ( 'NONE',  ( 0.7071067811865474617, 0.000000000000000000, 0.7071067811865474617 ) ) ;
#2331 = VERTEX_POINT ( 'NONE', #2234 ) ;
#2332 = CARTESIAN_POINT ( 'NONE',  ( 11.85979716233875791, 69.50000000000001421, 6.000000000000000000 ) ) ;
#2333 = ORIENTED_EDGE ( 'NONE', *, *, #4095, .T. ) ;
#2334 = CIRCLE ( 'NONE', #4032, 1.000000000000000888 ) ;
#2335 = ADVANCED_FACE ( 'NONE', ( #2210 ), #4029, .F. ) ;
#2336 = EDGE_CURVE ( 'NONE', #1278, #2313, #3283, .T. ) ;
#2337 = AXIS2_PLACEMENT_3D ( 'NONE', #3254, #711, #1798 ) ;
#2338 = DIRECTION ( 'NONE',  ( 1.000000000000000000, 0.000000000000000000, 0.000000000000000000 ) ) ;
#2339 = DIRECTION ( 'NONE',  ( -1.000000000000000000, 0.000000000000000000, 0.000000000000000000 ) ) ;
#2340 = ORIENTED_EDGE ( 'NONE', *, *, #1863, .F. ) ;
#2341 = DIRECTION ( 'NONE',  ( -1.000000000000000000, 0.000000000000000000, 0.000000000000000000 ) ) ;
#2342 = ORIENTED_EDGE ( 'NONE', *, *, #4669, .F. ) ;
#2343 = EDGE_CURVE ( 'NONE', #3118, #1218, #4528, .T. ) ;
#2344 = VECTOR ( 'NONE', #2871, 1000.000000000000000 ) ;
#2345 = DIRECTION ( 'NONE',  ( 0.7071067811865474617, 0.000000000000000000, 0.7071067811865474617 ) ) ;
#2346 = SURFACE_STYLE_USAGE ( .BOTH. , #581 ) ;
#2347 = ORIENTED_EDGE ( 'NONE', *, *, #656, .F. ) ;
#2348 = CARTESIAN_POINT ( 'NONE',  ( 40.08277021243089422, 70.00000000000000000, 3.000000000000000000 ) ) ;
#2349 = PLANE ( 'NONE',  #2381 ) ;
#2350 = LINE ( 'NONE', #2249, #1479 ) ;
#2351 = LINE ( 'NONE', #1990, #305 ) ;
#2352 = ORIENTED_EDGE ( 'NONE', *, *, #1025, .T. ) ;
#2353 = CARTESIAN_POINT ( 'NONE',  ( 28.91722978756910578, 69.50000000000000000, 6.000000000000000000 ) ) ;
#2354 = EDGE_CURVE ( 'NONE', #3701, #2946, #1464, .T. ) ;
#2355 = EDGE_CURVE ( 'NONE', #1353, #4392, #2533, .T. ) ;
#2356 = DIRECTION ( 'NONE',  ( 0.000000000000000000, -0.7071067811865474617, -0.7071067811865474617 ) ) ;
#2357 = ORIENTED_EDGE ( 'NONE', *, *, #3869, .T. ) ;
#2358 = CARTESIAN_POINT ( 'NONE',  ( 40.08277021243090843, 1.000000000000000888, 5.500000000000000000 ) ) ;
#2359 = VECTOR ( 'NONE', #2923, 1000.000000000000000 ) ;
#2360 = AXIS2_PLACEMENT_3D ( 'NONE', #151, #3412, #2737 ) ;
#2361 = ORIENTED_EDGE ( 'NONE', *, *, #3572, .F. ) ;
#2362 = FACE_OUTER_BOUND ( 'NONE', #1565, .T. ) ;
#2363 = LINE ( 'NONE', #3024, #2452 ) ;
#2364 = VERTEX_POINT ( 'NONE', #1848 ) ;
#2365 = CARTESIAN_POINT ( 'NONE',  ( 69.00000000000000000, 0.000000000000000000, 5.500000000000000000 ) ) ;
#2366 = EDGE_LOOP ( 'NONE', ( #3629, #3696, #4463, #3995 ) ) ;
#2367 = CIRCLE ( 'NONE', #2134, 1.000000000000000888 ) ;
#2368 = VECTOR ( 'NONE', #1608, 1000.000000000000000 ) ;
#2369 = EDGE_CURVE ( 'NONE', #3956, #502, #4760, .T. ) ;
#2370 = CARTESIAN_POINT ( 'NONE',  ( 69.00000000000000000, 69.00000000000000000, 6.000000000000000000 ) ) ;
#2371 = VECTOR ( 'NONE', #2162, 1000.000000000000000 ) ;
#2372 = DIRECTION ( 'NONE',  ( 1.000000000000000000, 0.000000000000000000, 0.000000000000000000 ) ) ;
#2373 = ORIENTED_EDGE ( 'NONE', *, *, #3739, .F. ) ;
#2374 = CONICAL_SURFACE ( 'NONE', #3918, 1.625000000000001332, 0.7853981633974560506 ) ;
#2375 = AXIS2_PLACEMENT_3D ( 'NONE', #4009, #1809, #3717 ) ;
#2376 = DIRECTION ( 'NONE',  ( 0.000000000000000000, -0.000000000000000000, 1.000000000000000000 ) ) ;
#2377 = LINE ( 'NONE', #3881, #301 ) ;
#2378 = LINE ( 'NONE', #565, #1864 ) ;
#2379 = DIRECTION ( 'NONE',  ( -1.000000000000000000, 0.000000000000000000, -0.000000000000000000 ) ) ;
#2380 = ORIENTED_EDGE ( 'NONE', *, *, #2127, .T. ) ;
#2381 = AXIS2_PLACEMENT_3D ( 'NONE', #1696, #2717, #1310 ) ;
#2382 = CARTESIAN_POINT ( 'NONE',  ( 14.30574326252303408, 70.00000000000000000, 6.000000000000000000 ) ) ;
#2383 = VECTOR ( 'NONE', #4117, 1000.000000000000000 ) ;
#2384 = LINE ( 'NONE', #4649, #779 ) ;
#2385 = ORIENTED_EDGE ( 'NONE', *, *, #3306, .T. ) ;
#2386 = DIRECTION ( 'NONE',  ( -1.000000000000000000, 0.000000000000000000, 0.000000000000000000 ) ) ;
#2387 = EDGE_CURVE ( 'NONE', #1291, #4395, #1985, .T. ) ;
#2388 = ORIENTED_EDGE ( 'NONE', *, *, #2299, .T. ) ;
#2389 = EDGE_CURVE ( 'NONE', #90, #4048, #1371, .T. ) ;
#2390 = CARTESIAN_POINT ( 'NONE',  ( 59.14020283766124919, 70.00000000000000000, 5.500000000000000000 ) ) ;
#2391 = CARTESIAN_POINT ( 'NONE',  ( 69.00000000000000000, 70.00000000000000000, 5.500000000000000000 ) ) ;
#2392 = ORIENTED_EDGE ( 'NONE', *, *, #2814, .T. ) ;
#2393 = CARTESIAN_POINT ( 'NONE',  ( 7.000000000000000000, 69.50000000000000000, 6.000000000000000000 ) ) ;
#2394 = LINE ( 'NONE', #1329, #20 ) ;
#2395 = CONICAL_SURFACE ( 'NONE', #318, 1.625000000000001332, 0.7853981633974282950 ) ;
#2396 = CARTESIAN_POINT ( 'NONE',  ( 8.000000000000000000, 70.00000000000000000, 3.000000000000000000 ) ) ;
#2397 = ORIENTED_EDGE ( 'NONE', *, *, #1026, .T. ) ;
#2398 = CARTESIAN_POINT ( 'NONE',  ( 55.69425673747696948, 69.00000000000000000, 6.000000000000000000 ) ) ;
#2399 = CIRCLE ( 'NONE', #1090, 1.000000000000000888 ) ;
#2400 = DIRECTION ( 'NONE',  ( 1.239088197126290570E-16, -1.000000000000000000, 0.000000000000000000 ) ) ;
#2401 = LINE ( 'NONE', #3923, #2719 ) ;
#2402 = LINE ( 'NONE', #3884, #426 ) ;
#2403 = CONICAL_SURFACE ( 'NONE', #326, 0.5000000000000004441, 0.7853981633974473908 ) ;
#2404 = ORIENTED_EDGE ( 'NONE', *, *, #22, .T. ) ;
#2405 = CARTESIAN_POINT ( 'NONE',  ( 0.000000000000000000, 70.00000000000000000, 5.500000000000000000 ) ) ;
#2406 = CARTESIAN_POINT ( 'NONE',  ( 7.000000000000000000, 70.00000000000000000, 5.500000000000000000 ) ) ;
#2407 = VECTOR ( 'NONE', #463, 1000.000000000000000 ) ;
#2408 = ORIENTED_EDGE ( 'NONE', *, *, #4038, .T. ) ;
#2409 = CARTESIAN_POINT ( 'NONE',  ( 51.83445957513821156, 70.00000000000000000, 3.000000000000000000 ) ) ;
#2410 = ORIENTED_EDGE ( 'NONE', *, *, #4435, .T. ) ;
#2411 = VECTOR ( 'NONE', #4210, 1000.000000000000114 ) ;
#2412 = DIRECTION ( 'NONE',  ( -0.000000000000000000, 0.000000000000000000, 1.000000000000000000 ) ) ;
#2413 = DIRECTION ( 'NONE',  ( 0.000000000000000000, 0.000000000000000000, -1.000000000000000000 ) ) ;
#2414 = ORIENTED_EDGE ( 'NONE', *, *, #244, .T. ) ;
#2415 = FACE_OUTER_BOUND ( 'NONE', #4062, .T. ) ;
#2416 = EDGE_CURVE ( 'NONE', #4250, #2701, #4690, .T. ) ;
#2417 = DIRECTION ( 'NONE',  ( 1.000000000000000000, 0.000000000000000000, 0.000000000000000000 ) ) ;
#2418 = DIRECTION ( 'NONE',  ( -0.000000000000000000, -0.000000000000000000, -1.000000000000000000 ) ) ;
#2419 = CARTESIAN_POINT ( 'NONE',  ( 62.00000000000000711, 69.00000000000000000, 5.500000000000000000 ) ) ;
#2420 = EDGE_CURVE ( 'NONE', #2612, #2460, #3073, .T. ) ;
#2421 = FACE_OUTER_BOUND ( 'NONE', #3600, .T. ) ;
#2422 = DIRECTION ( 'NONE',  ( 1.000000000000000000, 0.000000000000000000, 0.000000000000000000 ) ) ;
#2423 = LINE ( 'NONE', #3177, #2716 ) ;
#2424 = ORIENTED_EDGE ( 'NONE', *, *, #1421, .F. ) ;
#2425 = CARTESIAN_POINT ( 'NONE',  ( 15.30574326252303408, 70.00000000000000000, 5.500000000000027534 ) ) ;
#2426 = EDGE_CURVE ( 'NONE', #4671, #4579, #788, .T. ) ;
#2427 = EDGE_CURVE ( 'NONE', #3008, #4487, #1827, .T. ) ;
#2428 = DIRECTION ( 'NONE',  ( -0.000000000000000000, -0.000000000000000000, -1.000000000000000000 ) ) ;
#2429 = VERTEX_POINT ( 'NONE', #3401 ) ;
#2430 = FACE_OUTER_BOUND ( 'NONE', #1807, .T. ) ;
#2431 = EDGE_LOOP ( 'NONE', ( #329, #420, #2734, #4268 ) ) ;
#2432 = CYLINDRICAL_SURFACE ( 'NONE', #2166, 1.000000000000000888 ) ;
#2433 = CONICAL_SURFACE ( 'NONE', #1506, 0.5000000000000004441, 0.7853981633974482790 ) ;
#2434 = DIRECTION ( 'NONE',  ( -1.239088197126290570E-16, 1.000000000000000000, 0.000000000000000000 ) ) ;
#2435 = EDGE_LOOP ( 'NONE', ( #4485, #4291, #2072, #3707 ) ) ;
#2436 = FACE_OUTER_BOUND ( 'NONE', #2366, .T. ) ;
#2437 = FACE_OUTER_BOUND ( 'NONE', #4495, .T. ) ;
#2438 = ORIENTED_EDGE ( 'NONE', *, *, #949, .F. ) ;
#2439 = FILL_AREA_STYLE_COLOUR ( '', #335 ) ;
#2440 = EDGE_CURVE ( 'NONE', #3460, #3195, #3113, .T. ) ;
#2441 = EDGE_CURVE ( 'NONE', #349, #16, #3020, .T. ) ;
#2442 = FACE_OUTER_BOUND ( 'NONE', #4654, .T. ) ;
#2443 = CIRCLE ( 'NONE', #908, 0.5000000000000004441 ) ;
#2444 = DIRECTION ( 'NONE',  ( 0.000000000000000000, 0.000000000000000000, -1.000000000000000000 ) ) ;
#2445 = CONICAL_SURFACE ( 'NONE', #1518, 0.5000000000000004441, 0.7853981633974473908 ) ;
#2446 = DIRECTION ( 'NONE',  ( 0.000000000000000000, -0.7071067811865474617, -0.7071067811865474617 ) ) ;
#2447 = LINE ( 'NONE', #3493, #2516 ) ;
#2448 = VERTEX_POINT ( 'NONE', #4175 ) ;
#2449 = CIRCLE ( 'NONE', #2916, 1.000000000000000000 ) ;
#2450 = CARTESIAN_POINT ( 'NONE',  ( 6.124999999999990230, 4.500000000000007105, 0.000000000000000000 ) ) ;
#2451 = EDGE_CURVE ( 'NONE', #1810, #3402, #2287, .T. ) ;
#2452 = VECTOR ( 'NONE', #145, 1000.000000000000000 ) ;
#2453 = CARTESIAN_POINT ( 'NONE',  ( 69.00000000000000000, 69.50000000000000000, 6.000000000000000000 ) ) ;
#2454 = EDGE_LOOP ( 'NONE', ( #1123, #2051, #1149, #12, #2392, #938, #2306, #2825 ) ) ;
#2455 = CARTESIAN_POINT ( 'NONE',  ( 8.000000000000000000, 69.00000000000000000, 3.000000000000000000 ) ) ;
#2456 = ORIENTED_EDGE ( 'NONE', *, *, #1830, .T. ) ;
#2457 = ORIENTED_EDGE ( 'NONE', *, *, #2991, .F. ) ;
#2458 = EDGE_CURVE ( 'NONE', #189, #2313, #3064, .T. ) ;
#2459 = CARTESIAN_POINT ( 'NONE',  ( 14.30574326252303408, 69.00000000000000000, 6.000000000000000000 ) ) ;
#2460 = VERTEX_POINT ( 'NONE', #2358 ) ;
#2461 = PLANE ( 'NONE',  #1890 ) ;
#2462 = DIRECTION ( 'NONE',  ( 0.000000000000000000, -0.000000000000000000, 1.000000000000000000 ) ) ;
#2463 = ORIENTED_EDGE ( 'NONE', *, *, #563, .T. ) ;
#2464 = DIRECTION ( 'NONE',  ( -1.000000000000000000, -0.000000000000000000, -0.000000000000000000 ) ) ;
#2465 = LINE ( 'NONE', #2788, #2034 ) ;
#2466 = EDGE_CURVE ( 'NONE', #2229, #4345, #3529, .T. ) ;
#2467 = LINE ( 'NONE', #409, #2772 ) ;
#2468 = LINE ( 'NONE', #3202, #1406 ) ;
#2469 = VERTEX_POINT ( 'NONE', #2332 ) ;
#2470 = EDGE_CURVE ( 'NONE', #960, #2448, #3474, .T. ) ;
#2471 = LINE ( 'NONE', #3946, #3527 ) ;
#2472 = CARTESIAN_POINT ( 'NONE',  ( 4.499999999999988454, 4.500000000000007105, 6.000000000000000000 ) ) ;
#2473 = EDGE_LOOP ( 'NONE', ( #2385, #640, #2755, #592 ) ) ;
#2474 = DIRECTION ( 'NONE',  ( 1.000000000000000000, 0.000000000000000000, 0.000000000000000000 ) ) ;
#2475 = VERTEX_POINT ( 'NONE', #424 ) ;
#2476 = ORIENTED_EDGE ( 'NONE', *, *, #2534, .T. ) ;
#2477 = VECTOR ( 'NONE', #4075, 1000.000000000000000 ) ;
#2478 = AXIS2_PLACEMENT_3D ( 'NONE', #2720, #807, #2273 ) ;
#2479 = CYLINDRICAL_SURFACE ( 'NONE', #1287, 1.000000000000000888 ) ;
#2480 = ORIENTED_EDGE ( 'NONE', *, *, #81, .T. ) ;
#2481 = PLANE ( 'NONE',  #2587 ) ;
#2482 = EDGE_CURVE ( 'NONE', #4627, #1353, #3917, .T. ) ;
#2483 = ORIENTED_EDGE ( 'NONE', *, *, #403, .F. ) ;
#2484 = VECTOR ( 'NONE', #4382, 1000.000000000000000 ) ;
#2485 = DIRECTION ( 'NONE',  ( 0.000000000000000000, 0.000000000000000000, -1.000000000000000000 ) ) ;
#2486 = FACE_OUTER_BOUND ( 'NONE', #3266, .T. ) ;
#2487 = ORIENTED_EDGE ( 'NONE', *, *, #1949, .F. ) ;
#2488 = ADVANCED_FACE ( 'NONE', ( #838 ), #166, .F. ) ;
#2489 = PLANE ( 'NONE',  #3400 ) ;
#2490 = CARTESIAN_POINT ( 'NONE',  ( 0.000000000000000000, 0.5000000000000004441, 6.000000000000000000 ) ) ;
#2491 = AXIS2_PLACEMENT_3D ( 'NONE', #3200, #1720, #1262 ) ;
#2492 = LINE ( 'NONE', #3609, #3618 ) ;
#2493 = CARTESIAN_POINT ( 'NONE',  ( 54.69425673747696948, 70.00000000000000000, 5.500000000000000000 ) ) ;
#2494 = ORIENTED_EDGE ( 'NONE', *, *, #2981, .T. ) ;
#2495 = CARTESIAN_POINT ( 'NONE',  ( 6.124999999999990230, 4.500000000000007105, 6.000000000000000000 ) ) ;
#2496 = VECTOR ( 'NONE', #3417, 1000.000000000000000 ) ;
#2497 = PLANE ( 'NONE',  #3330 ) ;
#2498 = ORIENTED_EDGE ( 'NONE', *, *, #383, .F. ) ;
#2499 = CARTESIAN_POINT ( 'NONE',  ( 70.00000000000000000, 69.00000000000000000, 0.000000000000000000 ) ) ;
#2500 = ORIENTED_EDGE ( 'NONE', *, *, #1940, .T. ) ;
#2501 = EDGE_LOOP ( 'NONE', ( #4343, #4429, #3574, #3315 ) ) ;
#2502 = EDGE_CURVE ( 'NONE', #4081, #4199, #4146, .T. ) ;
#2503 = EDGE_CURVE ( 'NONE', #4720, #3908, #2278, .T. ) ;
#2504 = ADVANCED_FACE ( 'NONE', ( #1222 ), #1821, .T. ) ;
#2505 = FACE_OUTER_BOUND ( 'NONE', #998, .T. ) ;
#2506 = ORIENTED_EDGE ( 'NONE', *, *, #4450, .F. ) ;
#2507 = CARTESIAN_POINT ( 'NONE',  ( 67.12500000000000000, 65.50000000000000000, 0.000000000000000000 ) ) ;
#2508 = ORIENTED_EDGE ( 'NONE', *, *, #4325, .T. ) ;
#2509 = CONICAL_SURFACE ( 'NONE', #3745, 0.5000000000000004441, 0.7853981633974473908 ) ;
#2510 = EDGE_CURVE ( 'NONE', #4279, #3956, #139, .T. ) ;
#2511 = CARTESIAN_POINT ( 'NONE',  ( 15.30574326252304473, 1.000000000000000888, 3.000000000000000000 ) ) ;
#2512 = FACE_OUTER_BOUND ( 'NONE', #3524, .T. ) ;
#2513 = VERTEX_POINT ( 'NONE', #477 ) ;
#2514 = DIRECTION ( 'NONE',  ( -9.912705577010325549E-17, 1.000000000000000000, 0.000000000000000000 ) ) ;
#2515 = CIRCLE ( 'NONE', #2982, 2.124999999999988010 ) ;
#2516 = VECTOR ( 'NONE', #954, 1000.000000000000000 ) ;
#2517 = CARTESIAN_POINT ( 'NONE',  ( 14.30574326252303408, 70.00000000000000000, 5.500000000000027534 ) ) ;
#2518 = ADVANCED_FACE ( 'NONE', ( #1950 ), #1584, .T. ) ;
#2519 = EDGE_CURVE ( 'NONE', #3351, #2475, #2443, .T. ) ;
#2520 = FACE_OUTER_BOUND ( 'NONE', #1832, .T. ) ;
#2521 = FACE_OUTER_BOUND ( 'NONE', #727, .T. ) ;
#2522 = VERTEX_POINT ( 'NONE', #914 ) ;
#2523 = DIRECTION ( 'NONE',  ( -0.000000000000000000, -0.000000000000000000, 1.000000000000000000 ) ) ;
#2524 = CIRCLE ( 'NONE', #1900, 1.000000000000000888 ) ;
#2525 = CARTESIAN_POINT ( 'NONE',  ( 62.00000000000001421, 1.000000000000000888, 3.000000000000000000 ) ) ;
#2526 = VECTOR ( 'NONE', #1941, 1000.000000000000114 ) ;
#2527 = DIRECTION ( 'NONE',  ( -1.000000000000000000, 0.000000000000000000, 0.000000000000000000 ) ) ;
#2528 = VERTEX_POINT ( 'NONE', #1756 ) ;
#2529 = ORIENTED_EDGE ( 'NONE', *, *, #2847, .F. ) ;
#2530 = AXIS2_PLACEMENT_3D ( 'NONE', #2490, #4424, #300 ) ;
#2531 = FACE_OUTER_BOUND ( 'NONE', #4318, .T. ) ;
#2532 = ORIENTED_EDGE ( 'NONE', *, *, #4251, .F. ) ;
#2534 = EDGE_CURVE ( 'NONE', #4048, #668, #2024, .T. ) ;
#2533 = LINE ( 'NONE', #2997, #4302 ) ;
#2535 = EDGE_LOOP ( 'NONE', ( #2546, #4741, #4421, #2483 ) ) ;
#2536 = EDGE_CURVE ( 'NONE', #4777, #297, #2777, .T. ) ;
#2537 = VECTOR ( 'NONE', #1494, 1000.000000000000114 ) ;
#2538 = LINE ( 'NONE', #4419, #1236 ) ;
#2539 = DIRECTION ( 'NONE',  ( 1.000000000000000000, 0.000000000000000000, 0.000000000000000000 ) ) ;
#2540 = ORIENTED_EDGE ( 'NONE', *, *, #2176, .T. ) ;
#2541 = VECTOR ( 'NONE', #3663, 1000.000000000000000 ) ;
#2542 = EDGE_CURVE ( 'NONE', #3908, #4767, #4249, .T. ) ;
#2543 = DIRECTION ( 'NONE',  ( 0.000000000000000000, 0.000000000000000000, -1.000000000000000000 ) ) ;
#2544 = DIRECTION ( 'NONE',  ( 0.7071067811865474617, 0.000000000000000000, 0.7071067811865474617 ) ) ;
#2545 = CARTESIAN_POINT ( 'NONE',  ( 40.08277021243089422, 69.00000000000000000, 5.500000000000000000 ) ) ;
#2546 = ORIENTED_EDGE ( 'NONE', *, *, #3644, .F. ) ;
#2547 = EDGE_LOOP ( 'NONE', ( #2659, #484, #3069, #1008, #3414, #1764, #3962, #3738 ) ) ;
#2548 = DIRECTION ( 'NONE',  ( 0.000000000000000000, 1.000000000000000000, 0.000000000000000000 ) ) ;
#2549 = LINE ( 'NONE', #4021, #802 ) ;
#2550 = PLANE ( 'NONE',  #4684 ) ;
#2551 = DIRECTION ( 'NONE',  ( -0.000000000000000000, -0.7071067811865475727, -0.7071067811865475727 ) ) ;
#2552 = VERTEX_POINT ( 'NONE', #2826 ) ;
#2553 = VECTOR ( 'NONE', #3891, 1000.000000000000114 ) ;
#2554 = DIRECTION ( 'NONE',  ( 0.000000000000000000, 0.000000000000000000, -1.000000000000000000 ) ) ;
#2555 = ORIENTED_EDGE ( 'NONE', *, *, #3805, .T. ) ;
#2556 = DIRECTION ( 'NONE',  ( -1.000000000000000000, 0.000000000000000000, 0.000000000000000000 ) ) ;
#2557 = CONICAL_SURFACE ( 'NONE', #1858, 0.4999999999999995559, 0.7853981633974482790 ) ;
#2558 = ORIENTED_EDGE ( 'NONE', *, *, #3741, .F. ) ;
#2559 = DIRECTION ( 'NONE',  ( 1.000000000000000000, 0.000000000000000000, 0.000000000000000000 ) ) ;
#2560 = DIRECTION ( 'NONE',  ( 0.000000000000000000, -0.7071067811865474617, -0.7071067811865474617 ) ) ;
#2561 = ORIENTED_EDGE ( 'NONE', *, *, #3725, .F. ) ;
#2562 = DIRECTION ( 'NONE',  ( 0.7071067811865475727, 7.009341333409709641E-17, -0.7071067811865475727 ) ) ;
#2563 = PLANE ( 'NONE',  #2530 ) ;
#2564 = ADVANCED_FACE ( 'NONE', ( #4224 ), #2067, .F. ) ;
#2565 = AXIS2_PLACEMENT_3D ( 'NONE', #3485, #3172, #2372 ) ;
#2566 = VECTOR ( 'NONE', #966, 1000.000000000000000 ) ;
#2567 = DIRECTION ( 'NONE',  ( 1.000000000000000000, 0.000000000000000000, 0.000000000000000000 ) ) ;
#2568 = EDGE_LOOP ( 'NONE', ( #3798, #3902, #3377, #915, #539, #72, #246, #698 ) ) ;
#2569 = DIRECTION ( 'NONE',  ( 0.000000000000000000, 0.000000000000000000, -1.000000000000000000 ) ) ;
#2570 = AXIS2_PLACEMENT_3D ( 'NONE', #951, #4618, #4281 ) ;
#2571 = EDGE_CURVE ( 'NONE', #755, #1882, #641, .T. ) ;
#2572 = CARTESIAN_POINT ( 'NONE',  ( 26.47128368738482607, 69.00000000000000000, 3.000000000000000000 ) ) ;
#2573 = DIRECTION ( 'NONE',  ( 1.486905836551548586E-16, -1.000000000000000000, 0.000000000000000000 ) ) ;
#2574 = ORIENTED_EDGE ( 'NONE', *, *, #2219, .T. ) ;
#2575 = ORIENTED_EDGE ( 'NONE', *, *, #211, .T. ) ;
#2576 = EDGE_CURVE ( 'NONE', #4141, #4510, #3183, .T. ) ;
#2577 = LINE ( 'NONE', #4367, #3028 ) ;
#2578 = ORIENTED_EDGE ( 'NONE', *, *, #3664, .T. ) ;
#2579 = DIRECTION ( 'NONE',  ( -0.000000000000000000, -0.000000000000000000, -1.000000000000000000 ) ) ;
#2580 = ADVANCED_FACE ( 'NONE', ( #573 ), #2047, .F. ) ;
#2581 = ORIENTED_EDGE ( 'NONE', *, *, #2727, .T. ) ;
#2582 = FACE_OUTER_BOUND ( 'NONE', #1385, .T. ) ;
#2583 = CARTESIAN_POINT ( 'NONE',  ( 48.38851347495393895, 70.00000000000000000, 3.000000000000000000 ) ) ;
#2584 = VERTEX_POINT ( 'NONE', #1685 ) ;
#2585 = ORIENTED_EDGE ( 'NONE', *, *, #815, .T. ) ;
#2586 = CARTESIAN_POINT ( 'NONE',  ( 33.27702694990787791, 1.000000000000000888, 6.000000000000000000 ) ) ;
#2587 = AXIS2_PLACEMENT_3D ( 'NONE', #3957, #964, #649 ) ;
#2588 = ADVANCED_FACE ( 'NONE', ( #2430 ), #442, .T. ) ;
#2589 = PLANE ( 'NONE',  #634 ) ;
#2590 = ADVANCED_FACE ( 'NONE', ( #617 ), #290, .T. ) ;
#2591 = ORIENTED_EDGE ( 'NONE', *, *, #378, .F. ) ;
#2592 = DIRECTION ( 'NONE',  ( 0.000000000000000000, -0.000000000000000000, 1.000000000000000000 ) ) ;
#2593 = CARTESIAN_POINT ( 'NONE',  ( 25.47128368738483672, 1.000000000000000888, 3.000000000000000000 ) ) ;
#2594 = CARTESIAN_POINT ( 'NONE',  ( 19.16554042486180265, 0.000000000000000000, 6.000000000000000000 ) ) ;
#2595 = EDGE_LOOP ( 'NONE', ( #286, #2068 ) ) ;
#2596 = ORIENTED_EDGE ( 'NONE', *, *, #2231, .T. ) ;
#2597 = VECTOR ( 'NONE', #4091, 1000.000000000000000 ) ;
#2598 = CARTESIAN_POINT ( 'NONE',  ( 29.91722978756910578, 70.00000000000000000, 3.000000000000000000 ) ) ;
#2599 = VERTEX_POINT ( 'NONE', #2752 ) ;
#2600 = DIRECTION ( 'NONE',  ( 0.000000000000000000, -0.000000000000000000, -1.000000000000000000 ) ) ;
#2601 = ORIENTED_EDGE ( 'NONE', *, *, #1651, .T. ) ;
#2602 = AXIS2_PLACEMENT_3D ( 'NONE', #2150, #2606, #4420 ) ;
#2603 = EDGE_CURVE ( 'NONE', #669, #3038, #4626, .T. ) ;
#2604 = VECTOR ( 'NONE', #2579, 1000.000000000000000 ) ;
#2605 = FACE_OUTER_BOUND ( 'NONE', #345, .T. ) ;
#2606 = DIRECTION ( 'NONE',  ( 0.000000000000000000, 0.7071067811865376918, -0.7071067811865573427 ) ) ;
#2607 = VERTEX_POINT ( 'NONE', #3209 ) ;
#2608 = LINE ( 'NONE', #2156, #2851 ) ;
#2609 = ORIENTED_EDGE ( 'NONE', *, *, #4496, .F. ) ;
#2610 = AXIS2_PLACEMENT_3D ( 'NONE', #3433, #4493, #3410 ) ;
#2611 = CARTESIAN_POINT ( 'NONE',  ( 15.30574326252303408, 69.00000000000000000, 3.000000000000000000 ) ) ;
#2612 = VERTEX_POINT ( 'NONE', #1345 ) ;
#2613 = CARTESIAN_POINT ( 'NONE',  ( 4.500000000000000888, 65.50000000000001421, 5.499999999999993783 ) ) ;
#2614 = EDGE_CURVE ( 'NONE', #4681, #2296, #549, .T. ) ;
#2615 = CARTESIAN_POINT ( 'NONE',  ( 40.58277021243090843, 1.000000000000000888, 6.000000000000000000 ) ) ;
#2616 = CARTESIAN_POINT ( 'NONE',  ( 19.16554042486180265, 0.5000000000000013323, 6.000000000000000000 ) ) ;
#2617 = FACE_OUTER_BOUND ( 'NONE', #3673, .T. ) ;
#2618 = VERTEX_POINT ( 'NONE', #1367 ) ;
#2619 = CARTESIAN_POINT ( 'NONE',  ( 33.27702694990787791, 6.597307412653494171E-15, 6.000000000000000000 ) ) ;
#2620 = DIRECTION ( 'NONE',  ( 0.000000000000000000, -0.7071067811865474617, 0.7071067811865474617 ) ) ;
#2621 = ORIENTED_EDGE ( 'NONE', *, *, #2833, .F. ) ;
#2622 = CIRCLE ( 'NONE', #699, 0.4999999999999995559 ) ;
#2623 = DIRECTION ( 'NONE',  ( 0.000000000000000000, 0.000000000000000000, -1.000000000000000000 ) ) ;
#2624 = VERTEX_POINT ( 'NONE', #1319 ) ;
#2625 = VECTOR ( 'NONE', #1688, 1000.000000000000000 ) ;
#2626 = LINE ( 'NONE', #4105, #3872 ) ;
#2627 = EDGE_CURVE ( 'NONE', #138, #2724, #4064, .T. ) ;
#2628 = EDGE_CURVE ( 'NONE', #2288, #4459, #3224, .T. ) ;
#2629 = DIRECTION ( 'NONE',  ( -9.912705577010325549E-17, 1.000000000000000000, 0.000000000000000000 ) ) ;
#2630 = ORIENTED_EDGE ( 'NONE', *, *, #4251, .T. ) ;
#2631 = DIRECTION ( 'NONE',  ( -1.000000000000000000, 0.000000000000000000, 0.000000000000000000 ) ) ;
#2632 = CONICAL_SURFACE ( 'NONE', #1323, 0.5000000000000004441, 0.7853981633974482790 ) ;
#2633 = EDGE_LOOP ( 'NONE', ( #3822, #4481, #3274, #1638 ) ) ;
#2634 = CIRCLE ( 'NONE', #1013, 1.625000000000001332 ) ;
#2635 = EDGE_CURVE ( 'NONE', #2199, #1174, #2838, .T. ) ;
#2636 = AXIS2_PLACEMENT_3D ( 'NONE', #1409, #1837, #4427 ) ;
#2637 = CYLINDRICAL_SURFACE ( 'NONE', #2954, 1.000000000000000888 ) ;
#2638 = ORIENTED_EDGE ( 'NONE', *, *, #4366, .F. ) ;
#2639 = VECTOR ( 'NONE', #1524, 1000.000000000000000 ) ;
#2640 = DIRECTION ( 'NONE',  ( -1.000000000000000000, 0.000000000000000000, 0.000000000000000000 ) ) ;
#2641 = CARTESIAN_POINT ( 'NONE',  ( 50.83445957513821156, 70.00000000000000000, 3.000000000000000000 ) ) ;
#2642 = LINE ( 'NONE', #3058, #481 ) ;
#2643 = PLANE ( 'NONE',  #2478 ) ;
#2644 = ORIENTED_EDGE ( 'NONE', *, *, #4448, .T. ) ;
#2645 = LINE ( 'NONE', #3733, #3791 ) ;
#2646 = AXIS2_PLACEMENT_3D ( 'NONE', #2665, #2269, #3751 ) ;
#2647 = CARTESIAN_POINT ( 'NONE',  ( 11.35979716233875259, 1.000000000000000888, 6.000000000000000000 ) ) ;
#2648 = ORIENTED_EDGE ( 'NONE', *, *, #1587, .F. ) ;
#2649 = DIRECTION ( 'NONE',  ( -1.000000000000000000, 0.000000000000000000, 0.000000000000000000 ) ) ;
#2650 = EDGE_CURVE ( 'NONE', #4204, #3697, #1003, .T. ) ;
#2651 = VERTEX_POINT ( 'NONE', #3134 ) ;
#2652 = EDGE_CURVE ( 'NONE', #207, #2513, #1981, .T. ) ;
#2653 = CARTESIAN_POINT ( 'NONE',  ( 0.000000000000000000, 0.000000000000000000, 0.000000000000000000 ) ) ;
#2654 = VECTOR ( 'NONE', #759, 1000.000000000000114 ) ;
#2655 = LINE ( 'NONE', #2678, #3076 ) ;
#2656 = ORIENTED_EDGE ( 'NONE', *, *, #3790, .T. ) ;
#2657 = PLANE ( 'NONE',  #1143 ) ;
#2658 = EDGE_CURVE ( 'NONE', #4134, #669, #1366, .T. ) ;
#2659 = ORIENTED_EDGE ( 'NONE', *, *, #7, .T. ) ;
#2660 = EDGE_CURVE ( 'NONE', #3015, #3109, #1389, .T. ) ;
#2661 = DIRECTION ( 'NONE',  ( 1.000000000000000000, 0.000000000000000000, 0.000000000000000000 ) ) ;
#2662 = DIRECTION ( 'NONE',  ( 1.000000000000000000, 0.000000000000000000, 0.000000000000000000 ) ) ;
#2663 = CARTESIAN_POINT ( 'NONE',  ( 41.08277021243089422, 69.00000000000000000, 3.000000000000000000 ) ) ;
#2664 = EDGE_LOOP ( 'NONE', ( #3802, #689, #1929, #4516 ) ) ;
#2665 = CARTESIAN_POINT ( 'NONE',  ( 65.50000000000000000, 4.500000000000003553, 6.000000000000000000 ) ) ;
#2666 = CARTESIAN_POINT ( 'NONE',  ( 0.000000000000000000, 0.000000000000000000, 6.000000000000000000 ) ) ;
#2667 = DIRECTION ( 'NONE',  ( 0.000000000000000000, 0.000000000000000000, -1.000000000000000000 ) ) ;
#2668 = CARTESIAN_POINT ( 'NONE',  ( 63.00000000000000000, 70.00000000000000000, 3.000000000000000000 ) ) ;
#2669 = ORIENTED_EDGE ( 'NONE', *, *, #435, .T. ) ;
#2670 = CARTESIAN_POINT ( 'NONE',  ( 58.64020283766124919, 69.00000000000000000, 6.000000000000000000 ) ) ;
#2671 = LINE ( 'NONE', #2065, #1400 ) ;
#2672 = ORIENTED_EDGE ( 'NONE', *, *, #2814, .F. ) ;
#2673 = DIRECTION ( 'NONE',  ( -1.000000000000000000, 0.000000000000000000, 0.000000000000000000 ) ) ;
#2674 = EDGE_LOOP ( 'NONE', ( #195, #153, #1757, #644 ) ) ;
#2675 = VECTOR ( 'NONE', #1051, 1000.000000000000000 ) ;
#2676 = LINE ( 'NONE', #3000, #1852 ) ;
#2677 = EDGE_CURVE ( 'NONE', #1291, #2429, #4746, .T. ) ;
#2678 = CARTESIAN_POINT ( 'NONE',  ( 54.69425673747696948, 70.00000000000000000, 3.000000000000000000 ) ) ;
#2679 = ORIENTED_EDGE ( 'NONE', *, *, #2810, .F. ) ;
#2680 = AXIS2_PLACEMENT_3D ( 'NONE', #569, #3157, #3563 ) ;
#2681 = FACE_OUTER_BOUND ( 'NONE', #386, .T. ) ;
#2682 = AXIS2_PLACEMENT_3D ( 'NONE', #3378, #4531, #1536 ) ;
#2683 = VERTEX_POINT ( 'NONE', #1029 ) ;
#2684 =( LENGTH_UNIT ( ) NAMED_UNIT ( * ) SI_UNIT ( .MILLI., .METRE. ) );
#2685 = AXIS2_PLACEMENT_3D ( 'NONE', #118, #3431, #3768 ) ;
#2686 = CARTESIAN_POINT ( 'NONE',  ( 37.22297305009215052, 0.000000000000000000, 3.000000000000000000 ) ) ;
#2687 = DIRECTION ( 'NONE',  ( -1.000000000000000000, 0.000000000000000000, 0.000000000000000000 ) ) ;
#2688 = ORIENTED_EDGE ( 'NONE', *, *, #1587, .T. ) ;
#2689 = CARTESIAN_POINT ( 'NONE',  ( 0.5000000000000004441, 69.00000000000000000, 6.000000000000000000 ) ) ;
#2690 = AXIS2_PLACEMENT_3D ( 'NONE', #3899, #2444, #3921 ) ;
#2691 = ADVANCED_FACE ( 'NONE', ( #2939, #3662, #1800 ), #1868, .F. ) ;
#2692 = DIRECTION ( 'NONE',  ( -1.000000000000000000, 0.000000000000000000, 0.000000000000000000 ) ) ;
#2693 = EDGE_CURVE ( 'NONE', #2163, #1750, #678, .T. ) ;
#2694 = DIRECTION ( 'NONE',  ( 1.486905836551548586E-16, -1.000000000000000000, 0.000000000000000000 ) ) ;
#2695 = CARTESIAN_POINT ( 'NONE',  ( 14.30574326252303408, 69.00000000000000000, 3.000000000000000000 ) ) ;
#2696 = ORIENTED_EDGE ( 'NONE', *, *, #2652, .T. ) ;
#2697 = DIRECTION ( 'NONE',  ( 1.982541115402065110E-16, -1.000000000000000000, 0.000000000000000000 ) ) ;
#2698 = CARTESIAN_POINT ( 'NONE',  ( 19.16554042486179199, 70.00000000000000000, 5.500000000000000000 ) ) ;
#2699 = ORIENTED_EDGE ( 'NONE', *, *, #2292, .T. ) ;
#2700 = CARTESIAN_POINT ( 'NONE',  ( 33.27702694990787791, 1.000000000000000888, 6.000000000000000000 ) ) ;
#2701 = VERTEX_POINT ( 'NONE', #2499 ) ;
#2702 = DIRECTION ( 'NONE',  ( 1.000000000000000000, 0.000000000000000000, 0.000000000000000000 ) ) ;
#2703 = CARTESIAN_POINT ( 'NONE',  ( 44.52871631261518104, 70.00000000000000000, 5.500000000000000000 ) ) ;
#2704 = VERTEX_POINT ( 'NONE', #3322 ) ;
#2705 = DIRECTION ( 'NONE',  ( -1.486905836551548586E-16, 1.000000000000000000, 0.000000000000000000 ) ) ;
#2706 = ORIENTED_EDGE ( 'NONE', *, *, #2245, .T. ) ;
#2707 = EDGE_CURVE ( 'NONE', #3420, #823, #3973, .T. ) ;
#2708 = VECTOR ( 'NONE', #2103, 1000.000000000000114 ) ;
#2709 = DIRECTION ( 'NONE',  ( 0.000000000000000000, 0.000000000000000000, -1.000000000000000000 ) ) ;
#2710 =( NAMED_UNIT ( * ) PLANE_ANGLE_UNIT ( ) SI_UNIT ( $, .RADIAN. ) );
#2711 = ORIENTED_EDGE ( 'NONE', *, *, #3374, .T. ) ;
#2712 = CIRCLE ( 'NONE', #627, 1.625000000000001332 ) ;
#2713 = EDGE_CURVE ( 'NONE', #1437, #1510, #336, .T. ) ;
#2714 = CARTESIAN_POINT ( 'NONE',  ( 43.52871631261518104, 69.00000000000000000, 3.000000000000000000 ) ) ;
#2715 = EDGE_CURVE ( 'NONE', #4087, #1331, #208, .T. ) ;
#2716 = VECTOR ( 'NONE', #4244, 1000.000000000000114 ) ;
#2717 = DIRECTION ( 'NONE',  ( 0.7071067811865376918, 8.761676666762013792E-17, -0.7071067811865573427 ) ) ;
#2718 = LINE ( 'NONE', #4191, #1713 ) ;
#2719 = VECTOR ( 'NONE', #4598, 1000.000000000000114 ) ;
#2720 = CARTESIAN_POINT ( 'NONE',  ( 0.000000000000000000, 0.5000000000000004441, 6.000000000000000000 ) ) ;
#2721 = ORIENTED_EDGE ( 'NONE', *, *, #2894, .T. ) ;
#2722 = LINE ( 'NONE', #4195, #440 ) ;
#2723 = FACE_OUTER_BOUND ( 'NONE', #2454, .T. ) ;
#2724 = VERTEX_POINT ( 'NONE', #374 ) ;
#2725 = DIRECTION ( 'NONE',  ( -1.486905836551548832E-16, 1.000000000000000000, -0.000000000000000000 ) ) ;
#2726 = VERTEX_POINT ( 'NONE', #1077 ) ;
#2727 = EDGE_CURVE ( 'NONE', #823, #189, #2913, .T. ) ;
#2728 = AXIS2_PLACEMENT_3D ( 'NONE', #127, #1601, #4500 ) ;
#2729 = CYLINDRICAL_SURFACE ( 'NONE', #775, 1.000000000000000888 ) ;
#2730 = EDGE_CURVE ( 'NONE', #3825, #2448, #3679, .T. ) ;
#2731 = DIRECTION ( 'NONE',  ( -0.7071067811865573427, -6.133173666733747016E-16, 0.7071067811865376918 ) ) ;
#2732 = ORIENTED_EDGE ( 'NONE', *, *, #2272, .F. ) ;
#2733 = CARTESIAN_POINT ( 'NONE',  ( 62.00000000000000711, 69.00000000000000000, 5.500000000000000000 ) ) ;
#2734 = ORIENTED_EDGE ( 'NONE', *, *, #2152, .F. ) ;
#2735 = UNCERTAINTY_MEASURE_WITH_UNIT (LENGTH_MEASURE( 1.000000000000000082E-05 ), #2684, 'distance_accuracy_value', 'NONE');
#2736 = AXIS2_PLACEMENT_3D ( 'NONE', #1145, #2226, #3035 ) ;
#2737 = DIRECTION ( 'NONE',  ( -1.000000000000000000, 0.000000000000000000, 0.000000000000000000 ) ) ;
#2738 = LINE ( 'NONE', #4237, #2411 ) ;
#2739 = ORIENTED_EDGE ( 'NONE', *, *, #3728, .F. ) ;
#2740 = LINE ( 'NONE', #901, #3115 ) ;
#2741 = EDGE_CURVE ( 'NONE', #1369, #2946, #4409, .T. ) ;
#2742 = ADVANCED_FACE ( 'NONE', ( #1483 ), #3617, .F. ) ;
#2743 = CYLINDRICAL_SURFACE ( 'NONE', #2146, 1.000000000000000888 ) ;
#2744 = DIRECTION ( 'NONE',  ( 1.486905836551548586E-16, -1.000000000000000000, 0.000000000000000000 ) ) ;
#2745 = AXIS2_PLACEMENT_3D ( 'NONE', #1932, #1571, #4235 ) ;
#2746 = CARTESIAN_POINT ( 'NONE',  ( 0.000000000000000000, 0.5000000000000004441, 6.000000000000000000 ) ) ;
#2747 = EDGE_CURVE ( 'NONE', #1991, #4211, #2227, .T. ) ;
#2748 = ORIENTED_EDGE ( 'NONE', *, *, #1130, .T. ) ;
#2749 = CARTESIAN_POINT ( 'NONE',  ( 7.500000000000000000, 69.00000000000000000, 6.000000000000000000 ) ) ;
#2750 = DIRECTION ( 'NONE',  ( -0.000000000000000000, -0.000000000000000000, -1.000000000000000000 ) ) ;
#2751 = ORIENTED_EDGE ( 'NONE', *, *, #3680, .F. ) ;
#2752 = CARTESIAN_POINT ( 'NONE',  ( 63.37500000000001421, 4.500000000000003553, 6.000000000000000000 ) ) ;
#2753 = CONICAL_SURFACE ( 'NONE', #1049, 0.5000000000000004441, 0.7853981633974482790 ) ;
#2754 = AXIS2_PLACEMENT_3D ( 'NONE', #4208, #3387, #73 ) ;
#2755 = ORIENTED_EDGE ( 'NONE', *, *, #4258, .T. ) ;
#2756 = CARTESIAN_POINT ( 'NONE',  ( 11.85979716233875791, 69.00000000000000000, 6.000000000000000000 ) ) ;
#2757 = DIRECTION ( 'NONE',  ( -0.000000000000000000, -0.000000000000000000, -1.000000000000000000 ) ) ;
#2758 = EDGE_LOOP ( 'NONE', ( #2853, #2145, #787, #3718, #3184, #2953, #696, #2508 ) ) ;
#2759 = DIRECTION ( 'NONE',  ( 1.000000000000000000, 1.486905836551548586E-16, 0.000000000000000000 ) ) ;
#2760 = CIRCLE ( 'NONE', #2282, 0.5000000000000004441 ) ;
#2761 = AXIS2_PLACEMENT_3D ( 'NONE', #1386, #2523, #3969 ) ;
#2762 = LINE ( 'NONE', #898, #4361 ) ;
#2763 = AXIS2_PLACEMENT_3D ( 'NONE', #4023, #2873, #1842 ) ;
#2764 = DIRECTION ( 'NONE',  ( -0.000000000000000000, -0.000000000000000000, -1.000000000000000000 ) ) ;
#2765 = ORIENTED_EDGE ( 'NONE', *, *, #1259, .T. ) ;
#2766 = VECTOR ( 'NONE', #3582, 1000.000000000000000 ) ;
#2767 = CARTESIAN_POINT ( 'NONE',  ( 51.33445957513821156, 69.00000000000000000, 6.000000000000000000 ) ) ;
#2768 = CARTESIAN_POINT ( 'NONE',  ( 67.12500000000000000, 65.50000000000000000, 5.500000000000023981 ) ) ;
#2769 = CARTESIAN_POINT ( 'NONE',  ( 44.52871631261518104, 70.00000000000000000, 5.500000000000000000 ) ) ;
#2770 = CARTESIAN_POINT ( 'NONE',  ( 69.00000000000000000, 69.00000000000000000, 6.000000000000000000 ) ) ;
#2771 = ORIENTED_EDGE ( 'NONE', *, *, #2389, .T. ) ;
#2772 = VECTOR ( 'NONE', #3966, 1000.000000000000000 ) ;
#2773 = FACE_OUTER_BOUND ( 'NONE', #1862, .T. ) ;
#2774 = CONICAL_SURFACE ( 'NONE', #1913, 0.5000000000000143219, 0.7853981633974613796 ) ;
#2775 = FACE_OUTER_BOUND ( 'NONE', #1880, .T. ) ;
#2776 = VERTEX_POINT ( 'NONE', #3704 ) ;
#2777 = LINE ( 'NONE', #3952, #1441 ) ;
#2778 = ORIENTED_EDGE ( 'NONE', *, *, #2427, .T. ) ;
#2779 = LINE ( 'NONE', #1999, #703 ) ;
#2780 = CYLINDRICAL_SURFACE ( 'NONE', #3372, 1.625000000000001332 ) ;
#2781 = ORIENTED_EDGE ( 'NONE', *, *, #3221, .T. ) ;
#2782 = DIRECTION ( 'NONE',  ( -1.000000000000000000, 0.000000000000000000, 0.000000000000000000 ) ) ;
#2783 = ADVANCED_FACE ( 'NONE', ( #1102 ), #2550, .F. ) ;
#2784 = CARTESIAN_POINT ( 'NONE',  ( 63.37500000000001421, 65.50000000000000000, 6.000000000000000000 ) ) ;
#2785 = CONICAL_SURFACE ( 'NONE', #467, 0.5000000000000004441, 0.7853981633974473908 ) ;
#2786 = LINE ( 'NONE', #925, #1792 ) ;
#2787 = EDGE_CURVE ( 'NONE', #4231, #4368, #593, .T. ) ;
#2788 = CARTESIAN_POINT ( 'NONE',  ( 50.83445957513821867, 0.000000000000000000, 6.000000000000000000 ) ) ;
#2789 = EDGE_CURVE ( 'NONE', #3195, #2612, #4047, .T. ) ;
#2790 = CIRCLE ( 'NONE', #4019, 1.000000000000000000 ) ;
#2791 = CARTESIAN_POINT ( 'NONE',  ( 58.14020283766124919, 70.00000000000000000, 3.000000000000000000 ) ) ;
#2792 = CARTESIAN_POINT ( 'NONE',  ( 0.000000000000000000, 70.00000000000000000, 5.500000000000000000 ) ) ;
#2793 = CARTESIAN_POINT ( 'NONE',  ( 22.61148652504606815, 69.00000000000000000, 5.500000000000000000 ) ) ;
#2794 = VECTOR ( 'NONE', #4296, 1000.000000000000000 ) ;
#2795 = ORIENTED_EDGE ( 'NONE', *, *, #2571, .F. ) ;
#2796 = CARTESIAN_POINT ( 'NONE',  ( 58.14020283766125630, 0.5000000000000004441, 6.000000000000000000 ) ) ;
#2797 = FACE_OUTER_BOUND ( 'NONE', #410, .T. ) ;
#2798 = AXIS2_PLACEMENT_3D ( 'NONE', #2769, #2039, #4284 ) ;
#2799 = ORIENTED_EDGE ( 'NONE', *, *, #464, .T. ) ;
#2800 = DIRECTION ( 'NONE',  ( -1.000000000000000000, -0.000000000000000000, -0.000000000000000000 ) ) ;
#2801 = ORIENTED_EDGE ( 'NONE', *, *, #2713, .T. ) ;
#2802 = CIRCLE ( 'NONE', #714, 1.000000000000000888 ) ;
#2803 = LINE ( 'NONE', #3116, #3483 ) ;
#2804 = DIRECTION ( 'NONE',  ( 0.000000000000000000, 0.000000000000000000, 1.000000000000000000 ) ) ;
#2805 = ORIENTED_EDGE ( 'NONE', *, *, #4125, .F. ) ;
#2806 = EDGE_CURVE ( 'NONE', #1361, #1396, #2207, .T. ) ;
#2807 = EDGE_CURVE ( 'NONE', #3470, #2940, #3297, .T. ) ;
#2808 = CONICAL_SURFACE ( 'NONE', #257, 0.5000000000000004441, 0.7853981633974473908 ) ;
#2809 = DIRECTION ( 'NONE',  ( -1.000000000000000000, 0.000000000000000000, 0.000000000000000000 ) ) ;
#2810 = EDGE_CURVE ( 'NONE', #1388, #1344, #2988, .T. ) ;
#2811 = CIRCLE ( 'NONE', #2646, 2.124999999999988010 ) ;
#2812 = LINE ( 'NONE', #1015, #2959 ) ;
#2813 = VERTEX_POINT ( 'NONE', #3754 ) ;
#2814 = EDGE_CURVE ( 'NONE', #4316, #723, #4502, .T. ) ;
#2815 = CYLINDRICAL_SURFACE ( 'NONE', #3803, 1.625000000000001332 ) ;
#2816 = VECTOR ( 'NONE', #2248, 1000.000000000000000 ) ;
#2817 = DIRECTION ( 'NONE',  ( -0.000000000000000000, -0.000000000000000000, 1.000000000000000000 ) ) ;
#2818 = PLANE ( 'NONE',  #3772 ) ;
#2819 = LINE ( 'NONE', #4216, #1020 ) ;
#2820 = EDGE_CURVE ( 'NONE', #3743, #3420, #3779, .T. ) ;
#2821 = CARTESIAN_POINT ( 'NONE',  ( 19.16554042486179199, 69.00000000000000000, 6.000000000000000000 ) ) ;
#2822 = ORIENTED_EDGE ( 'NONE', *, *, #4097, .F. ) ;
#2823 = CARTESIAN_POINT ( 'NONE',  ( 0.000000000000000000, 69.50000000000000000, 6.000000000000000000 ) ) ;
#2824 = DIRECTION ( 'NONE',  ( -9.912705577010325549E-17, 1.000000000000000000, 0.000000000000000000 ) ) ;
#2825 = ORIENTED_EDGE ( 'NONE', *, *, #4305, .T. ) ;
#2826 = CARTESIAN_POINT ( 'NONE',  ( 1.000000000000000000, 0.000000000000000000, 5.500000000000000000 ) ) ;
#2827 = ORIENTED_EDGE ( 'NONE', *, *, #1011, .F. ) ;
#2828 = ORIENTED_EDGE ( 'NONE', *, *, #4380, .F. ) ;
#2829 = VECTOR ( 'NONE', #602, 1000.000000000000000 ) ;
#2830 = DIRECTION ( 'NONE',  ( 0.000000000000000000, 0.000000000000000000, 1.000000000000000000 ) ) ;
#2831 = VERTEX_POINT ( 'NONE', #469 ) ;
#2832 = DIRECTION ( 'NONE',  ( 0.000000000000000000, 0.000000000000000000, -1.000000000000000000 ) ) ;
#2833 = EDGE_CURVE ( 'NONE', #3353, #2060, #2325, .T. ) ;
#2834 = DIRECTION ( 'NONE',  ( -0.000000000000000000, -0.000000000000000000, 1.000000000000000000 ) ) ;
#2835 = EDGE_LOOP ( 'NONE', ( #266, #982 ) ) ;
#2836 = DIRECTION ( 'NONE',  ( 0.000000000000000000, 0.000000000000000000, -1.000000000000000000 ) ) ;
#2837 = CARTESIAN_POINT ( 'NONE',  ( 0.000000000000000000, 0.000000000000000000, 6.000000000000000000 ) ) ;
#2838 = CIRCLE ( 'NONE', #1597, 1.625000000000001332 ) ;
#2839 = DIRECTION ( 'NONE',  ( -0.000000000000000000, -0.7071067811865475727, -0.7071067811865475727 ) ) ;
#2840 = LINE ( 'NONE', #4265, #785 ) ;
#2841 = AXIS2_PLACEMENT_3D ( 'NONE', #3355, #747, #4373 ) ;
#2842 = DIRECTION ( 'NONE',  ( -1.000000000000000000, 0.000000000000000000, 0.000000000000000000 ) ) ;
#2843 = ORIENTED_EDGE ( 'NONE', *, *, #3435, .F. ) ;
#2844 = AXIS2_PLACEMENT_3D ( 'NONE', #2903, #3328, #4369 ) ;
#2845 = LINE ( 'NONE', #3515, #1288 ) ;
#2846 = PRODUCT_RELATED_PRODUCT_CATEGORY ( 'part', '', ( #2044 ) ) ;
#2847 = EDGE_CURVE ( 'NONE', #1396, #4128, #3394, .T. ) ;
#2848 = LINE ( 'NONE', #1994, #243 ) ;
#2849 = ORIENTED_EDGE ( 'NONE', *, *, #2576, .F. ) ;
#2850 = DIRECTION ( 'NONE',  ( 0.000000000000000000, 0.000000000000000000, -1.000000000000000000 ) ) ;
#2851 = VECTOR ( 'NONE', #2341, 1000.000000000000000 ) ;
#2852 = ORIENTED_EDGE ( 'NONE', *, *, #4159, .T. ) ;
#2853 = ORIENTED_EDGE ( 'NONE', *, *, #293, .T. ) ;
#2854 = EDGE_CURVE ( 'NONE', #4773, #1218, #130, .T. ) ;
#2855 = DIRECTION ( 'NONE',  ( -1.000000000000000000, 0.000000000000000000, 0.000000000000000000 ) ) ;
#2856 = ORIENTED_EDGE ( 'NONE', *, *, #4006, .T. ) ;
#2857 = CARTESIAN_POINT ( 'NONE',  ( 0.000000000000000000, 0.5000000000000004441, 6.000000000000000000 ) ) ;
#2858 = VERTEX_POINT ( 'NONE', #1530 ) ;
#2859 = FACE_OUTER_BOUND ( 'NONE', #4748, .T. ) ;
#2860 = EDGE_LOOP ( 'NONE', ( #1733, #337, #2274, #490 ) ) ;
#2861 = FACE_OUTER_BOUND ( 'NONE', #4398, .T. ) ;
#2862 = CARTESIAN_POINT ( 'NONE',  ( 15.30574326252303408, 70.00000000000000000, 3.000000000000000000 ) ) ;
#2863 = CIRCLE ( 'NONE', #2008, 0.5000000000000004441 ) ;
#2864 = DIRECTION ( 'NONE',  ( -1.000000000000000000, 0.000000000000000000, 0.000000000000000000 ) ) ;
#2865 = EDGE_CURVE ( 'NONE', #1361, #2704, #3368, .T. ) ;
#2866 = PLANE ( 'NONE',  #2022 ) ;
#2867 = ORIENTED_EDGE ( 'NONE', *, *, #1235, .F. ) ;
#2868 = EDGE_CURVE ( 'NONE', #1278, #3282, #2642, .T. ) ;
#2869 = CARTESIAN_POINT ( 'NONE',  ( 63.87500000000000000, 65.50000000000000000, 5.500000000000023981 ) ) ;
#2870 = CIRCLE ( 'NONE', #1624, 0.5000000000000004441 ) ;
#2871 = DIRECTION ( 'NONE',  ( -1.000000000000000000, 0.000000000000000000, 0.000000000000000000 ) ) ;
#2872 = VERTEX_POINT ( 'NONE', #830 ) ;
#2873 = DIRECTION ( 'NONE',  ( 0.000000000000000000, 0.000000000000000000, -1.000000000000000000 ) ) ;
#2874 = EDGE_LOOP ( 'NONE', ( #4103, #2886, #694, #1574, #1656, #2899, #1002, #1456, #3867, #4556, #2706, #3548, #210, #3893, #3170, #4416, #3348, #3861, #3653, #4683, #3732, #1154, #3566, #2327, #1874, #2097, #1592, #2989, #3677, #2601, #1079, #2672, #458, #431, #3863, #1954 ) ) ;
#2875 = ORIENTED_EDGE ( 'NONE', *, *, #4221, .F. ) ;
#2876 = VECTOR ( 'NONE', #1316, 1000.000000000000000 ) ;
#2877 = DIRECTION ( 'NONE',  ( -1.000000000000000000, 0.000000000000000000, 0.000000000000000000 ) ) ;
#2878 = VERTEX_POINT ( 'NONE', #1552 ) ;
#2879 = DIRECTION ( 'NONE',  ( 0.000000000000000000, 0.000000000000000000, 1.000000000000000000 ) ) ;
#2880 = ORIENTED_EDGE ( 'NONE', *, *, #359, .T. ) ;
#2881 = EDGE_CURVE ( 'NONE', #4076, #1484, #3645, .T. ) ;
#2882 = VECTOR ( 'NONE', #4694, 1000.000000000000000 ) ;
#2883 = EDGE_CURVE ( 'NONE', #1542, #4238, #1639, .T. ) ;
#2884 = CARTESIAN_POINT ( 'NONE',  ( 18.16554042486180265, 1.000000000000000888, 5.500000000000000000 ) ) ;
#2885 = DIRECTION ( 'NONE',  ( -1.000000000000000000, 0.000000000000000000, 0.000000000000000000 ) ) ;
#2886 = ORIENTED_EDGE ( 'NONE', *, *, #3948, .T. ) ;
#2887 = DIRECTION ( 'NONE',  ( -1.000000000000000000, 0.000000000000000000, 0.000000000000000000 ) ) ;
#2888 = LINE ( 'NONE', #3249, #3461 ) ;
#2889 = AXIS2_PLACEMENT_3D ( 'NONE', #1074, #4018, #1142 ) ;
#2890 = DIRECTION ( 'NONE',  ( -1.000000000000000000, 0.000000000000000000, 0.000000000000000000 ) ) ;
#2891 = DIRECTION ( 'NONE',  ( -9.912705577010325549E-17, 1.000000000000000000, 0.000000000000000000 ) ) ;
#2892 = VERTEX_POINT ( 'NONE', #4168 ) ;
#2893 = DIRECTION ( 'NONE',  ( -9.912705577010325549E-17, 1.000000000000000000, -0.000000000000000000 ) ) ;
#2894 = EDGE_CURVE ( 'NONE', #3118, #408, #33, .T. ) ;
#2895 = EDGE_CURVE ( 'NONE', #3282, #1047, #806, .T. ) ;
#2896 = DIRECTION ( 'NONE',  ( -1.982541115402065110E-16, 1.000000000000000000, 0.000000000000000000 ) ) ;
#2897 = EDGE_CURVE ( 'NONE', #1331, #138, #417, .T. ) ;
#2898 = DIRECTION ( 'NONE',  ( -1.000000000000000000, 0.000000000000000000, 0.000000000000000000 ) ) ;
#2899 = ORIENTED_EDGE ( 'NONE', *, *, #157, .T. ) ;
#2900 = VERTEX_POINT ( 'NONE', #1238 ) ;
#2901 = DIRECTION ( 'NONE',  ( -1.000000000000000000, 0.000000000000000000, -0.000000000000000000 ) ) ;
#2902 = ORIENTED_EDGE ( 'NONE', *, *, #3922, .T. ) ;
#2903 = CARTESIAN_POINT ( 'NONE',  ( 41.08277021243089422, 69.00000000000000000, 6.000000000000000000 ) ) ;
#2904 = ORIENTED_EDGE ( 'NONE', *, *, #819, .T. ) ;
#2905 = DIRECTION ( 'NONE',  ( 9.912705577010325549E-17, -1.000000000000000000, 0.000000000000000000 ) ) ;
#2906 = CARTESIAN_POINT ( 'NONE',  ( 62.50000000000000000, 1.000000000000000888, 6.000000000000000000 ) ) ;
#2907 = EDGE_LOOP ( 'NONE', ( #34, #4170, #2648, #4445 ) ) ;
#2908 = DIRECTION ( 'NONE',  ( -0.000000000000000000, -0.000000000000000000, -1.000000000000000000 ) ) ;
#2909 = CARTESIAN_POINT ( 'NONE',  ( 59.14020283766125630, 1.000000000000000888, 3.000000000000000000 ) ) ;
#2910 = LINE ( 'NONE', #2545, #4488 ) ;
#2911 = ORIENTED_EDGE ( 'NONE', *, *, #2116, .F. ) ;
#2912 = DIRECTION ( 'NONE',  ( -0.000000000000000000, 0.000000000000000000, 1.000000000000000000 ) ) ;
#2913 = CIRCLE ( 'NONE', #3757, 1.000000000000000888 ) ;
#2914 = AXIS2_PLACEMENT_3D ( 'NONE', #4287, #1314, #1728 ) ;
#2915 = CARTESIAN_POINT ( 'NONE',  ( 32.77702694990786370, 70.00000000000000000, 3.000000000000000000 ) ) ;
#2916 = AXIS2_PLACEMENT_3D ( 'NONE', #3310, #1489, #2556 ) ;
#2917 = DIRECTION ( 'NONE',  ( 9.912705577010325549E-17, -1.000000000000000000, 0.000000000000000000 ) ) ;
#2918 = ORIENTED_EDGE ( 'NONE', *, *, #790, .T. ) ;
#2919 = ORIENTED_EDGE ( 'NONE', *, *, #313, .F. ) ;
#2920 = VECTOR ( 'NONE', #4536, 1000.000000000000000 ) ;
#2921 = DIRECTION ( 'NONE',  ( -1.000000000000000000, 0.000000000000000000, 0.000000000000000000 ) ) ;
#2922 = ORIENTED_EDGE ( 'NONE', *, *, #2741, .T. ) ;
#2923 = DIRECTION ( 'NONE',  ( 1.000000000000000000, 0.000000000000000000, 0.000000000000000000 ) ) ;
#2924 = ORIENTED_EDGE ( 'NONE', *, *, #231, .F. ) ;
#2925 = AXIS2_PLACEMENT_3D ( 'NONE', #1383, #3942, #2864 ) ;
#2926 = DIRECTION ( 'NONE',  ( -1.000000000000000000, 0.000000000000000000, 0.000000000000000000 ) ) ;
#2927 = CARTESIAN_POINT ( 'NONE',  ( 55.69425673747697658, 1.000000000000000888, 3.000000000000000000 ) ) ;
#2928 = ORIENTED_EDGE ( 'NONE', *, *, #3783, .T. ) ;
#2929 = DIRECTION ( 'NONE',  ( -1.000000000000000000, 0.000000000000000000, 0.000000000000000000 ) ) ;
#2930 = EDGE_CURVE ( 'NONE', #3596, #4025, #2718, .T. ) ;
#2931 = DIRECTION ( 'NONE',  ( -1.000000000000000000, 0.000000000000000000, 0.000000000000000000 ) ) ;
#2932 = EDGE_CURVE ( 'NONE', #502, #1616, #2350, .T. ) ;
#2933 = LINE ( 'NONE', #1475, #4109 ) ;
#2934 = ORIENTED_EDGE ( 'NONE', *, *, #1321, .F. ) ;
#2935 = EDGE_CURVE ( 'NONE', #1814, #4324, #2100, .T. ) ;
#2936 = PLANE ( 'NONE',  #27 ) ;
#2937 = ADVANCED_FACE ( 'NONE', ( #2271, #445, #3036, #1725, #3900 ), #3468, .T. ) ;
#2938 = FACE_OUTER_BOUND ( 'NONE', #1037, .T. ) ;
#2939 = FACE_OUTER_BOUND ( 'NONE', #2568, .T. ) ;
#2940 = VERTEX_POINT ( 'NONE', #4573 ) ;
#2941 = AXIS2_PLACEMENT_3D ( 'NONE', #1491, #1808, #3288 ) ;
#2942 = ORIENTED_EDGE ( 'NONE', *, *, #4365, .T. ) ;
#2943 = DIRECTION ( 'NONE',  ( 0.000000000000000000, 0.000000000000000000, -1.000000000000000000 ) ) ;
#2944 = ORIENTED_EDGE ( 'NONE', *, *, #4258, .F. ) ;
#2945 = DIRECTION ( 'NONE',  ( -1.000000000000000000, 0.000000000000000000, 0.000000000000000000 ) ) ;
#2946 = VERTEX_POINT ( 'NONE', #3882 ) ;
#2947 = VECTOR ( 'NONE', #1190, 1000.000000000000114 ) ;
#2948 = EDGE_CURVE ( 'NONE', #2607, #4301, #930, .T. ) ;
#2949 = EDGE_CURVE ( 'NONE', #2475, #717, #2468, .T. ) ;
#2950 = DIRECTION ( 'NONE',  ( 0.000000000000000000, 0.000000000000000000, -1.000000000000000000 ) ) ;
#2951 = EDGE_CURVE ( 'NONE', #1778, #1010, #2819, .T. ) ;
#2952 = DIRECTION ( 'NONE',  ( 0.7071067811865475727, 1.401868266681941928E-16, -0.7071067811865475727 ) ) ;
#2953 = ORIENTED_EDGE ( 'NONE', *, *, #4596, .T. ) ;
#2954 = AXIS2_PLACEMENT_3D ( 'NONE', #1184, #2243, #3438 ) ;
#2955 = ORIENTED_EDGE ( 'NONE', *, *, #2603, .T. ) ;
#2956 = DIRECTION ( 'NONE',  ( -1.000000000000000000, 0.000000000000000000, 0.000000000000000000 ) ) ;
#2957 = VECTOR ( 'NONE', #1670, 1000.000000000000000 ) ;
#2958 = EDGE_CURVE ( 'NONE', #3743, #1202, #3153, .T. ) ;
#2959 = VECTOR ( 'NONE', #1669, 999.9999999999998863 ) ;
#2960 = CARTESIAN_POINT ( 'NONE',  ( 36.22297305009215052, 1.000000000000000000, 5.500000000000000000 ) ) ;
#2961 = ORIENTED_EDGE ( 'NONE', *, *, #3430, .T. ) ;
#2962 = DIRECTION ( 'NONE',  ( -0.7071067811865531239, 8.659560562355001884E-17, 0.7071067811865420216 ) ) ;
#2963 = AXIS2_PLACEMENT_3D ( 'NONE', #2398, #607, #154 ) ;
#2964 = DIRECTION ( 'NONE',  ( 0.000000000000000000, 0.000000000000000000, -1.000000000000000000 ) ) ;
#2965 = DIRECTION ( 'NONE',  ( -0.7071067811865475727, -1.051401200011456323E-16, -0.7071067811865475727 ) ) ;
#2966 = ORIENTED_EDGE ( 'NONE', *, *, #2614, .T. ) ;
#2967 = ORIENTED_EDGE ( 'NONE', *, *, #3138, .T. ) ;
#2968 = AXIS2_PLACEMENT_3D ( 'NONE', #2915, #1434, #2896 ) ;
#2969 = EDGE_CURVE ( 'NONE', #1510, #717, #2378, .T. ) ;
#2970 = CARTESIAN_POINT ( 'NONE',  ( 4.499999999999988454, 4.500000000000007105, 0.000000000000000000 ) ) ;
#2971 = ORIENTED_EDGE ( 'NONE', *, *, #2865, .T. ) ;
#2972 = CARTESIAN_POINT ( 'NONE',  ( 65.50000000000000000, 65.50000000000000000, 0.000000000000000000 ) ) ;
#2973 = ORIENTED_EDGE ( 'NONE', *, *, #864, .F. ) ;
#2974 = LINE ( 'NONE', #3627, #1779 ) ;
#2975 = DIRECTION ( 'NONE',  ( 0.000000000000000000, 0.000000000000000000, -1.000000000000000000 ) ) ;
#2976 = ORIENTED_EDGE ( 'NONE', *, *, #1440, .F. ) ;
#2977 = DIRECTION ( 'NONE',  ( 1.000000000000000000, -0.000000000000000000, 0.000000000000000000 ) ) ;
#2978 = CIRCLE ( 'NONE', #3128, 1.000000000000000888 ) ;
#2979 = ORIENTED_EDGE ( 'NONE', *, *, #3478, .F. ) ;
#2980 = ADVANCED_FACE ( 'NONE', ( #610 ), #226, .F. ) ;
#2981 = EDGE_CURVE ( 'NONE', #1706, #1471, #946, .T. ) ;
#2982 = AXIS2_PLACEMENT_3D ( 'NONE', #3026, #3797, #4588 ) ;
#2983 = VECTOR ( 'NONE', #2294, 1000.000000000000000 ) ;
#2984 = LINE ( 'NONE', #4449, #1942 ) ;
#2985 = ORIENTED_EDGE ( 'NONE', *, *, #563, .F. ) ;
#2986 = DIRECTION ( 'NONE',  ( -1.982541115402065110E-16, 1.000000000000000000, -0.000000000000000000 ) ) ;
#2987 = CARTESIAN_POINT ( 'NONE',  ( 22.61148652504607881, 0.000000000000000000, 3.000000000000000000 ) ) ;
#2988 = LINE ( 'NONE', #4458, #1205 ) ;
#2989 = ORIENTED_EDGE ( 'NONE', *, *, #1967, .F. ) ;
#2990 = ORIENTED_EDGE ( 'NONE', *, *, #4425, .F. ) ;
#2991 = EDGE_CURVE ( 'NONE', #2892, #960, #4104, .T. ) ;
#2992 = AXIS2_PLACEMENT_3D ( 'NONE', #4656, #1665, #621 ) ;
#2993 = VECTOR ( 'NONE', #4143, 1000.000000000000114 ) ;
#2994 = AXIS2_PLACEMENT_3D ( 'NONE', #3567, #3544, #260 ) ;
#2995 = DIRECTION ( 'NONE',  ( 1.000000000000000000, 0.000000000000000000, 0.000000000000000000 ) ) ;
#2996 = ORIENTED_EDGE ( 'NONE', *, *, #3231, .F. ) ;
#2997 = CARTESIAN_POINT ( 'NONE',  ( 0.000000000000000000, 69.50000000000000000, 6.000000000000000000 ) ) ;
#2998 = ORIENTED_EDGE ( 'NONE', *, *, #4685, .T. ) ;
#2999 = CIRCLE ( 'NONE', #751, 1.000000000000000000 ) ;
#3000 = CARTESIAN_POINT ( 'NONE',  ( 55.69425673747696948, 70.00000000000000000, 6.000000000000000000 ) ) ;
#3001 = CYLINDRICAL_SURFACE ( 'NONE', #3458, 1.000000000000000000 ) ;
#3002 = ORIENTED_EDGE ( 'NONE', *, *, #2806, .T. ) ;
#3003 = CARTESIAN_POINT ( 'NONE',  ( 10.85979716233876680, 1.000000000000000888, 3.000000000000000000 ) ) ;
#3004 = ORIENTED_EDGE ( 'NONE', *, *, #2658, .F. ) ;
#3005 = VECTOR ( 'NONE', #1286, 1000.000000000000000 ) ;
#3006 = AXIS2_PLACEMENT_3D ( 'NONE', #1078, #2551, #4024 ) ;
#3007 = DIRECTION ( 'NONE',  ( -0.000000000000000000, -0.7071067811865475727, -0.7071067811865475727 ) ) ;
#3008 = VERTEX_POINT ( 'NONE', #1265 ) ;
#3009 = LINE ( 'NONE', #1961, #642 ) ;
#3010 = ADVANCED_FACE ( 'NONE', ( #1359 ), #1628, .F. ) ;
#3011 = FACE_OUTER_BOUND ( 'NONE', #304, .T. ) ;
#3012 = EDGE_CURVE ( 'NONE', #349, #3195, #2840, .T. ) ;
#3013 = DIRECTION ( 'NONE',  ( 0.000000000000000000, 0.000000000000000000, 1.000000000000000000 ) ) ;
#3014 = FACE_OUTER_BOUND ( 'NONE', #750, .T. ) ;
#3015 = VERTEX_POINT ( 'NONE', #4310 ) ;
#3016 = CARTESIAN_POINT ( 'NONE',  ( 41.08277021243090843, 1.000000000000000888, 3.000000000000000000 ) ) ;
#3017 = CARTESIAN_POINT ( 'NONE',  ( 44.52871631261518104, 69.00000000000000000, 5.500000000000000000 ) ) ;
#3018 = ORIENTED_EDGE ( 'NONE', *, *, #2470, .T. ) ;
#3019 = EDGE_CURVE ( 'NONE', #863, #1769, #1338, .T. ) ;
#3020 = LINE ( 'NONE', #3426, #1447 ) ;
#3021 = EDGE_LOOP ( 'NONE', ( #3347, #4094, #2990, #733 ) ) ;
#3022 = AXIS2_PLACEMENT_3D ( 'NONE', #940, #4229, #1324 ) ;
#3023 = LINE ( 'NONE', #505, #3554 ) ;
#3024 = CARTESIAN_POINT ( 'NONE',  ( 22.61148652504606815, 69.00000000000000000, 3.000000000000000000 ) ) ;
#3025 = ORIENTED_EDGE ( 'NONE', *, *, #815, .F. ) ;
#3026 = CARTESIAN_POINT ( 'NONE',  ( 4.500000000000000888, 65.50000000000001421, 6.000000000000000000 ) ) ;
#3027 = ADVANCED_FACE ( 'NONE', ( #1311 ), #996, .F. ) ;
#3028 = VECTOR ( 'NONE', #1442, 1000.000000000000114 ) ;
#3029 = ORIENTED_EDGE ( 'NONE', *, *, #2043, .T. ) ;
#3030 = DIRECTION ( 'NONE',  ( 1.000000000000000000, 0.000000000000000000, 0.000000000000000000 ) ) ;
#3031 = VECTOR ( 'NONE', #1215, 1000.000000000000114 ) ;
#3032 = LINE ( 'NONE', #2295, #948 ) ;
#3033 = ORIENTED_EDGE ( 'NONE', *, *, #2387, .F. ) ;
#3034 = DIRECTION ( 'NONE',  ( 0.000000000000000000, 0.000000000000000000, 1.000000000000000000 ) ) ;
#3035 = DIRECTION ( 'NONE',  ( -1.000000000000000000, 0.000000000000000000, 0.000000000000000000 ) ) ;
#3036 = FACE_OUTER_BOUND ( 'NONE', #263, .T. ) ;
#3037 = DIRECTION ( 'NONE',  ( -1.000000000000000000, 0.000000000000000000, 0.000000000000000000 ) ) ;
#3038 = VERTEX_POINT ( 'NONE', #183 ) ;
#3039 = DIRECTION ( 'NONE',  ( -1.000000000000000000, 0.000000000000000000, -0.000000000000000000 ) ) ;
#3040 = EDGE_CURVE ( 'NONE', #4650, #297, #2081, .T. ) ;
#3041 = LINE ( 'NONE', #4506, #705 ) ;
#3042 = ORIENTED_EDGE ( 'NONE', *, *, #1067, .T. ) ;
#3043 = CARTESIAN_POINT ( 'NONE',  ( 1.000000000000000000, 1.000000000000000000, 6.000000000000000000 ) ) ;
#3044 = EDGE_LOOP ( 'NONE', ( #391, #3029 ) ) ;
#3045 = CARTESIAN_POINT ( 'NONE',  ( 0.000000000000000000, 0.000000000000000000, 3.000000000000000000 ) ) ;
#3046 = DIRECTION ( 'NONE',  ( 0.000000000000000000, 0.000000000000000000, -1.000000000000000000 ) ) ;
#3047 = VERTEX_POINT ( 'NONE', #3127 ) ;
#3048 = CARTESIAN_POINT ( 'NONE',  ( 21.61148652504607881, 0.000000000000000000, 5.500000000000000000 ) ) ;
#3049 = ORIENTED_EDGE ( 'NONE', *, *, #403, .T. ) ;
#3050 = FILL_AREA_STYLE_COLOUR ( '', #827 ) ;
#3051 = EDGE_CURVE ( 'NONE', #958, #1185, #2401, .T. ) ;
#3052 = LINE ( 'NONE', #2686, #4209 ) ;
#3053 = CARTESIAN_POINT ( 'NONE',  ( 36.72297305009215052, 1.000000000000000444, 6.000000000000000000 ) ) ;
#3054 = ORIENTED_EDGE ( 'NONE', *, *, #4097, .T. ) ;
#3055 = CARTESIAN_POINT ( 'NONE',  ( 0.000000000000000000, 0.000000000000000000, 6.000000000000000000 ) ) ;
#3056 = VECTOR ( 'NONE', #4731, 1000.000000000000000 ) ;
#3057 = CARTESIAN_POINT ( 'NONE',  ( 40.08277021243090843, 1.000000000000000888, 3.000000000000000000 ) ) ;
#3058 = CARTESIAN_POINT ( 'NONE',  ( 18.16554042486179199, 69.00000000000000000, 5.500000000000000000 ) ) ;
#3059 = DIRECTION ( 'NONE',  ( -1.000000000000000000, 0.000000000000000000, 0.000000000000000000 ) ) ;
#3060 = ORIENTED_EDGE ( 'NONE', *, *, #313, .T. ) ;
#3061 = PLANE ( 'NONE',  #1704 ) ;
#3062 = CARTESIAN_POINT ( 'NONE',  ( 0.000000000000000000, 0.000000000000000000, 3.000000000000000000 ) ) ;
#3063 = ORIENTED_EDGE ( 'NONE', *, *, #4085, .F. ) ;
#3064 = LINE ( 'NONE', #2256, #3459 ) ;
#3065 = ORIENTED_EDGE ( 'NONE', *, *, #3012, .F. ) ;
#3066 = AXIS2_PLACEMENT_3D ( 'NONE', #10, #4070, #2186 ) ;
#3067 = DIRECTION ( 'NONE',  ( 0.000000000000000000, 0.000000000000000000, 1.000000000000000000 ) ) ;
#3068 = LINE ( 'NONE', #1225, #2218 ) ;
#3069 = ORIENTED_EDGE ( 'NONE', *, *, #3572, .T. ) ;
#3070 = EDGE_CURVE ( 'NONE', #2448, #1361, #4620, .T. ) ;
#3071 = VECTOR ( 'NONE', #2893, 1000.000000000000000 ) ;
#3072 = CARTESIAN_POINT ( 'NONE',  ( 19.16554042486180265, 1.000000000000000888, 6.000000000000000000 ) ) ;
#3073 = CIRCLE ( 'NONE', #752, 1.000000000000000888 ) ;
#3074 = ORIENTED_EDGE ( 'NONE', *, *, #2810, .T. ) ;
#3075 = EDGE_CURVE ( 'NONE', #3944, #2701, #3176, .T. ) ;
#3076 = VECTOR ( 'NONE', #4127, 1000.000000000000000 ) ;
#3077 = LINE ( 'NONE', #3099, #4214 ) ;
#3078 = FACE_OUTER_BOUND ( 'NONE', #387, .T. ) ;
#3079 = VERTEX_POINT ( 'NONE', #3994 ) ;
#3080 = CARTESIAN_POINT ( 'NONE',  ( 26.47128368738482607, 70.00000000000000000, 5.500000000000000000 ) ) ;
#3081 = DIRECTION ( 'NONE',  ( -1.000000000000000000, 0.000000000000000000, 0.000000000000000000 ) ) ;
#3082 = DIRECTION ( 'NONE',  ( -0.000000000000000000, -0.000000000000000000, -1.000000000000000000 ) ) ;
#3083 = ADVANCED_FACE ( 'NONE', ( #4334 ), #3294, .F. ) ;
#3084 = DIRECTION ( 'NONE',  ( -1.000000000000000000, 0.000000000000000000, 0.000000000000000000 ) ) ;
#3085 = ORIENTED_EDGE ( 'NONE', *, *, #4718, .T. ) ;
#3086 = CARTESIAN_POINT ( 'NONE',  ( 2.874999999999987121, 4.500000000000007105, 5.500000000000021316 ) ) ;
#3087 = DIRECTION ( 'NONE',  ( -1.000000000000000000, 0.000000000000000000, 0.000000000000000000 ) ) ;
#3088 = ORIENTED_EDGE ( 'NONE', *, *, #3534, .F. ) ;
#3089 = DIRECTION ( 'NONE',  ( -0.000000000000000000, 0.000000000000000000, 1.000000000000000000 ) ) ;
#3090 = VERTEX_POINT ( 'NONE', #1384 ) ;
#3091 = LINE ( 'NONE', #3477, #2553 ) ;
#3092 = DIRECTION ( 'NONE',  ( -1.000000000000000000, 0.000000000000000000, 0.000000000000000000 ) ) ;
#3093 = EDGE_LOOP ( 'NONE', ( #3432, #4525, #4223, #1495 ) ) ;
#3094 = DIRECTION ( 'NONE',  ( 1.000000000000000000, 9.912705577010325549E-17, 0.000000000000000000 ) ) ;
#3095 = VERTEX_POINT ( 'NONE', #348 ) ;
#3096 = AXIS2_PLACEMENT_3D ( 'NONE', #3045, #3406, #1896 ) ;
#3097 = ADVANCED_FACE ( 'NONE', ( #2107 ), #1022, .F. ) ;
#3098 = EDGE_CURVE ( 'NONE', #2776, #2469, #275, .T. ) ;
#3099 = CARTESIAN_POINT ( 'NONE',  ( 32.77702694990786370, 70.00000000000000000, 5.500000000000000000 ) ) ;
#3100 = LINE ( 'NONE', #3555, #1330 ) ;
#3101 = VERTEX_POINT ( 'NONE', #708 ) ;
#3102 = VECTOR ( 'NONE', #1220, 1000.000000000000000 ) ;
#3103 = FACE_OUTER_BOUND ( 'NONE', #2431, .T. ) ;
#3104 = VECTOR ( 'NONE', #3755, 1000.000000000000000 ) ;
#3105 = FACE_OUTER_BOUND ( 'NONE', #1872, .T. ) ;
#3106 = DIRECTION ( 'NONE',  ( -0.7071067811865475727, -1.051401200011456323E-16, -0.7071067811865475727 ) ) ;
#3107 = AXIS2_PLACEMENT_3D ( 'NONE', #1547, #390, #1907 ) ;
#3108 = DIRECTION ( 'NONE',  ( 0.7071067811865474617, 0.000000000000000000, 0.7071067811865474617 ) ) ;
#3109 = VERTEX_POINT ( 'NONE', #4719 ) ;
#3110 = DIRECTION ( 'NONE',  ( 1.000000000000000000, -0.000000000000000000, 0.000000000000000000 ) ) ;
#3111 = DIRECTION ( 'NONE',  ( 0.000000000000000000, 0.000000000000000000, 1.000000000000000000 ) ) ;
#3112 = VERTEX_POINT ( 'NONE', #1117 ) ;
#3113 = LINE ( 'NONE', #1996, #3761 ) ;
#3114 = ORIENTED_EDGE ( 'NONE', *, *, #1525, .T. ) ;
#3115 = VECTOR ( 'NONE', #1671, 1000.000000000000000 ) ;
#3116 = CARTESIAN_POINT ( 'NONE',  ( 2.874999999999999112, 65.50000000000001421, 5.499999999999993783 ) ) ;
#3117 = FACE_OUTER_BOUND ( 'NONE', #3845, .T. ) ;
#3118 = VERTEX_POINT ( 'NONE', #1046 ) ;
#3119 = DIRECTION ( 'NONE',  ( 1.000000000000000000, 0.000000000000000000, 0.000000000000000000 ) ) ;
#3120 = CONICAL_SURFACE ( 'NONE', #3197, 0.5000000000000004441, 0.7853981633974473908 ) ;
#3121 = CARTESIAN_POINT ( 'NONE',  ( 28.91722978756910578, 70.00000000000000000, 5.500000000000000000 ) ) ;
#3122 = CARTESIAN_POINT ( 'NONE',  ( 4.500000000000000888, 65.50000000000001421, 6.000000000000000000 ) ) ;
#3123 = ADVANCED_FACE ( 'NONE', ( #2521 ), #2589, .F. ) ;
#3124 = ORIENTED_EDGE ( 'NONE', *, *, #1261, .T. ) ;
#3125 = DIRECTION ( 'NONE',  ( 0.000000000000000000, 0.000000000000000000, -1.000000000000000000 ) ) ;
#3126 = DIRECTION ( 'NONE',  ( -1.000000000000000000, 0.000000000000000000, 0.000000000000000000 ) ) ;
#3127 = CARTESIAN_POINT ( 'NONE',  ( 59.14020283766125630, 1.000000000000000888, 3.000000000000000000 ) ) ;
#3128 = AXIS2_PLACEMENT_3D ( 'NONE', #1282, #1183, #3849 ) ;
#3129 = DIRECTION ( 'NONE',  ( 0.000000000000000000, 0.000000000000000000, -1.000000000000000000 ) ) ;
#3130 = EDGE_LOOP ( 'NONE', ( #3954, #4532, #877, #4017 ) ) ;
#3131 = CARTESIAN_POINT ( 'NONE',  ( 28.91722978756911644, 1.000000000000000000, 3.000000000000000000 ) ) ;
#3132 = PLANE ( 'NONE',  #2093 ) ;
#3133 = ORIENTED_EDGE ( 'NONE', *, *, #1497, .T. ) ;
#3134 = CARTESIAN_POINT ( 'NONE',  ( 36.22297305009215052, 0.000000000000000000, 3.000000000000000000 ) ) ;
#3135 = VECTOR ( 'NONE', #4659, 1000.000000000000114 ) ;
#3136 = ORIENTED_EDGE ( 'NONE', *, *, #2148, .F. ) ;
#3137 = EDGE_CURVE ( 'NONE', #3746, #3825, #3584, .T. ) ;
#3138 = EDGE_CURVE ( 'NONE', #1510, #4581, #1813, .T. ) ;
#3139 = DIRECTION ( 'NONE',  ( 1.000000000000000000, 0.000000000000000000, 0.000000000000000000 ) ) ;
#3140 = EDGE_CURVE ( 'NONE', #514, #4773, #4761, .T. ) ;
#3141 = CARTESIAN_POINT ( 'NONE',  ( 25.47128368738482607, 70.00000000000000000, 5.500000000000000000 ) ) ;
#3142 = ORIENTED_EDGE ( 'NONE', *, *, #3926, .F. ) ;
#3143 = DIRECTION ( 'NONE',  ( -1.000000000000000000, 0.000000000000000000, -0.000000000000000000 ) ) ;
#3144 = VECTOR ( 'NONE', #2474, 1000.000000000000000 ) ;
#3145 = VECTOR ( 'NONE', #1710, 1000.000000000000114 ) ;
#3146 = CIRCLE ( 'NONE', #3760, 1.625000000000001332 ) ;
#3147 = LINE ( 'NONE', #1307, #3611 ) ;
#3148 = AXIS2_PLACEMENT_3D ( 'NONE', #3162, #3889, #3930 ) ;
#3149 = CARTESIAN_POINT ( 'NONE',  ( 0.000000000000000000, 70.00000000000000000, 5.500000000000000000 ) ) ;
#3150 = CONICAL_SURFACE ( 'NONE', #3993, 0.5000000000000004441, 0.7853981633974473908 ) ;
#3151 = DIRECTION ( 'NONE',  ( -1.000000000000000000, 0.000000000000000000, 0.000000000000000000 ) ) ;
#3152 = FACE_OUTER_BOUND ( 'NONE', #3538, .T. ) ;
#3153 = LINE ( 'NONE', #3512, #2246 ) ;
#3154 = CARTESIAN_POINT ( 'NONE',  ( 22.11148652504607881, 3.287769836892193131E-15, 6.000000000000000000 ) ) ;
#3155 = ORIENTED_EDGE ( 'NONE', *, *, #1130, .F. ) ;
#3156 = CIRCLE ( 'NONE', #223, 1.000000000000000888 ) ;
#3157 = DIRECTION ( 'NONE',  ( 0.7071067811865475727, 1.051401200011456323E-16, -0.7071067811865475727 ) ) ;
#3158 = EDGE_CURVE ( 'NONE', #3542, #3109, #2933, .T. ) ;
#3159 = ADVANCED_FACE ( 'NONE', ( #636 ), #368, .T. ) ;
#3160 = CARTESIAN_POINT ( 'NONE',  ( 11.85979716233876680, 0.4999999999999874545, 6.000000000000000000 ) ) ;
#3161 = ORIENTED_EDGE ( 'NONE', *, *, #49, .F. ) ;
#3162 = CARTESIAN_POINT ( 'NONE',  ( 69.00000000000000000, 1.000000000000000000, 6.000000000000000000 ) ) ;
#3163 = ORIENTED_EDGE ( 'NONE', *, *, #4585, .F. ) ;
#3164 = ADVANCED_FACE ( 'NONE', ( #4040 ), #2866, .F. ) ;
#3165 = DIRECTION ( 'NONE',  ( 0.7071067811865474617, 0.000000000000000000, -0.7071067811865474617 ) ) ;
#3166 = PLANE ( 'NONE',  #4607 ) ;
#3167 = ORIENTED_EDGE ( 'NONE', *, *, #230, .T. ) ;
#3168 = LINE ( 'NONE', #3192, #3135 ) ;
#3169 = DIRECTION ( 'NONE',  ( 0.000000000000000000, 0.000000000000000000, -1.000000000000000000 ) ) ;
#3170 = ORIENTED_EDGE ( 'NONE', *, *, #4595, .T. ) ;
#3171 = VECTOR ( 'NONE', #4691, 1000.000000000000000 ) ;
#3172 = DIRECTION ( 'NONE',  ( 0.000000000000000000, 0.000000000000000000, 1.000000000000000000 ) ) ;
#3173 = DIRECTION ( 'NONE',  ( 0.000000000000000000, 0.000000000000000000, 1.000000000000000000 ) ) ;
#3174 = VECTOR ( 'NONE', #3865, 1000.000000000000000 ) ;
#3175 = DIRECTION ( 'NONE',  ( -1.000000000000000000, 0.000000000000000000, 0.000000000000000000 ) ) ;
#3176 = LINE ( 'NONE', #3227, #2484 ) ;
#3177 = CARTESIAN_POINT ( 'NONE',  ( 51.33445957513821867, 1.000000000000000888, 6.000000000000000000 ) ) ;
#3178 = ORIENTED_EDGE ( 'NONE', *, *, #789, .T. ) ;
#3179 = CARTESIAN_POINT ( 'NONE',  ( 69.00000000000000000, 70.00000000000000000, 6.000000000000000000 ) ) ;
#3180 = CARTESIAN_POINT ( 'NONE',  ( 36.22297305009214341, 70.00000000000000000, 5.500000000000000000 ) ) ;
#3181 = VECTOR ( 'NONE', #4, 1000.000000000000000 ) ;
#3182 = ORIENTED_EDGE ( 'NONE', *, *, #1523, .F. ) ;
#3183 = LINE ( 'NONE', #2455, #364 ) ;
#3184 = ORIENTED_EDGE ( 'NONE', *, *, #2895, .T. ) ;
#3185 = ORIENTED_EDGE ( 'NONE', *, *, #4718, .F. ) ;
#3186 = ADVANCED_FACE ( 'NONE', ( #4356 ), #731, .F. ) ;
#3187 =( GEOMETRIC_REPRESENTATION_CONTEXT ( 3 ) GLOBAL_UNCERTAINTY_ASSIGNED_CONTEXT ( ( #1619 ) ) GLOBAL_UNIT_ASSIGNED_CONTEXT ( ( #1308, #2710, #950 ) ) REPRESENTATION_CONTEXT ( 'NONE', 'WORKASPACE' ) );
#3188 = DIRECTION ( 'NONE',  ( -0.7071067811865334729, 8.659560562354760295E-17, 0.7071067811865617836 ) ) ;
#3189 = LINE ( 'NONE', #1348, #3605 ) ;
#3190 = EDGE_LOOP ( 'NONE', ( #52, #4206, #2151, #2498 ) ) ;
#3191 = VECTOR ( 'NONE', #2053, 1000.000000000000000 ) ;
#3192 = CARTESIAN_POINT ( 'NONE',  ( 41.08277021243090843, 0.5000000000000013323, 6.000000000000000000 ) ) ;
#3193 = VECTOR ( 'NONE', #55, 1000.000000000000000 ) ;
#3194 = CARTESIAN_POINT ( 'NONE',  ( 2.874999999999999112, 65.50000000000001421, 0.000000000000000000 ) ) ;
#3195 = VERTEX_POINT ( 'NONE', #3273 ) ;
#3196 = DIRECTION ( 'NONE',  ( 9.912705577010325549E-17, -1.000000000000000000, 0.000000000000000000 ) ) ;
#3197 = AXIS2_PLACEMENT_3D ( 'NONE', #3661, #308, #3970 ) ;
#3198 = EDGE_CURVE ( 'NONE', #2900, #2288, #3319, .T. ) ;
#3199 = EDGE_CURVE ( 'NONE', #1850, #4777, #3880, .T. ) ;
#3200 = CARTESIAN_POINT ( 'NONE',  ( 65.50000000000000000, 65.50000000000000000, 0.000000000000000000 ) ) ;
#3201 = CARTESIAN_POINT ( 'NONE',  ( 0.000000000000000000, 69.50000000000000000, 6.000000000000000000 ) ) ;
#3202 = CARTESIAN_POINT ( 'NONE',  ( 62.50000000000000000, 6.195440985631453345E-15, 6.000000000000000000 ) ) ;
#3203 = DIRECTION ( 'NONE',  ( -1.000000000000000000, 0.000000000000000000, 0.000000000000000000 ) ) ;
#3204 = ORIENTED_EDGE ( 'NONE', *, *, #3868, .T. ) ;
#3205 = EDGE_CURVE ( 'NONE', #3763, #502, #2910, .T. ) ;
#3206 = DIRECTION ( 'NONE',  ( 0.000000000000000000, 0.000000000000000000, -1.000000000000000000 ) ) ;
#3207 = DIRECTION ( 'NONE',  ( 0.7071067811865474617, 0.000000000000000000, 0.7071067811865474617 ) ) ;
#3208 = ORIENTED_EDGE ( 'NONE', *, *, #4466, .T. ) ;
#3209 = CARTESIAN_POINT ( 'NONE',  ( 63.00000000000000000, 0.5000000000000013323, 6.000000000000000000 ) ) ;
#3210 = ORIENTED_EDGE ( 'NONE', *, *, #3452, .T. ) ;
#3211 = ORIENTED_EDGE ( 'NONE', *, *, #4038, .F. ) ;
#3212 = CIRCLE ( 'NONE', #4441, 0.5000000000000004441 ) ;
#3213 = AXIS2_PLACEMENT_3D ( 'NONE', #1655, #3129, #3203 ) ;
#3214 = CARTESIAN_POINT ( 'NONE',  ( 37.22297305009215052, 1.000000000000000888, 3.000000000000000000 ) ) ;
#3215 = ORIENTED_EDGE ( 'NONE', *, *, #3403, .F. ) ;
#3216 = DIRECTION ( 'NONE',  ( 9.912705577010325549E-17, -1.000000000000000000, 0.000000000000000000 ) ) ;
#3217 = ORIENTED_EDGE ( 'NONE', *, *, #3306, .F. ) ;
#3218 = EDGE_CURVE ( 'NONE', #3470, #2683, #754, .T. ) ;
#3219 = DIRECTION ( 'NONE',  ( -1.000000000000000000, 0.000000000000000000, 0.000000000000000000 ) ) ;
#3220 = EDGE_LOOP ( 'NONE', ( #119, #497, #1170, #842 ) ) ;
#3221 = EDGE_CURVE ( 'NONE', #149, #4778, #1572, .T. ) ;
#3222 = LINE ( 'NONE', #3271, #620 ) ;
#3223 = LINE ( 'NONE', #2909, #2766 ) ;
#3224 = CIRCLE ( 'NONE', #2280, 1.000000000000000888 ) ;
#3225 = DIRECTION ( 'NONE',  ( 0.000000000000000000, 0.000000000000000000, -1.000000000000000000 ) ) ;
#3226 = AXIS2_PLACEMENT_3D ( 'NONE', #3293, #1405, #1836 ) ;
#3227 = CARTESIAN_POINT ( 'NONE',  ( 70.00000000000000000, 0.000000000000000000, 0.000000000000000000 ) ) ;
#3228 = AXIS2_PLACEMENT_3D ( 'NONE', #2927, #3652, #1450 ) ;
#3229 = ORIENTED_EDGE ( 'NONE', *, *, #768, .F. ) ;
#3230 = DIRECTION ( 'NONE',  ( 0.000000000000000000, 0.000000000000000000, -1.000000000000000000 ) ) ;
#3231 = EDGE_CURVE ( 'NONE', #2108, #755, #1232, .T. ) ;
#3232 = CARTESIAN_POINT ( 'NONE',  ( 21.61148652504607881, 1.000000000000000000, 6.000000000000000000 ) ) ;
#3233 = ORIENTED_EDGE ( 'NONE', *, *, #3597, .F. ) ;
#3234 = CARTESIAN_POINT ( 'NONE',  ( 0.000000000000000000, 69.50000000000000000, 6.000000000000000000 ) ) ;
#3235 = AXIS2_PLACEMENT_3D ( 'NONE', #1643, #459, #3823 ) ;
#3236 = ORIENTED_EDGE ( 'NONE', *, *, #2502, .F. ) ;
#3237 = ORIENTED_EDGE ( 'NONE', *, *, #1172, .T. ) ;
#3238 = ADVANCED_FACE ( 'NONE', ( #3700 ), #3775, .T. ) ;
#3239 = DIRECTION ( 'NONE',  ( -1.000000000000000000, 0.000000000000000000, 0.000000000000000000 ) ) ;
#3240 = ORIENTED_EDGE ( 'NONE', *, *, #1851, .T. ) ;
#3241 = CARTESIAN_POINT ( 'NONE',  ( 18.16554042486180265, 1.000000000000000888, 3.000000000000000000 ) ) ;
#3242 = ORIENTED_EDGE ( 'NONE', *, *, #1399, .T. ) ;
#3243 = PLANE ( 'NONE',  #3786 ) ;
#3244 = CARTESIAN_POINT ( 'NONE',  ( 50.83445957513821867, 1.000000000000000000, 6.000000000000000000 ) ) ;
#3245 = EDGE_LOOP ( 'NONE', ( #1267, #4319, #4414, #1783 ) ) ;
#3246 = CARTESIAN_POINT ( 'NONE',  ( 15.30574326252303408, 70.00000000000000000, 3.000000000000000000 ) ) ;
#3247 = EDGE_CURVE ( 'NONE', #717, #2607, #331, .T. ) ;
#3248 = ADVANCED_FACE ( 'NONE', ( #822 ), #3388, .T. ) ;
#3249 = CARTESIAN_POINT ( 'NONE',  ( 69.00000000000000000, 0.000000000000000000, 6.000000000000000000 ) ) ;
#3250 = VECTOR ( 'NONE', #1538, 1000.000000000000000 ) ;
#3251 = CARTESIAN_POINT ( 'NONE',  ( 25.97128368738482607, 69.00000000000000000, 6.000000000000000000 ) ) ;
#3252 = CARTESIAN_POINT ( 'NONE',  ( 22.61148652504606815, 70.00000000000000000, 3.000000000000000000 ) ) ;
#3253 = ORIENTED_EDGE ( 'NONE', *, *, #2127, .F. ) ;
#3254 = CARTESIAN_POINT ( 'NONE',  ( 65.50000000000000000, 65.50000000000000000, 5.500000000000023981 ) ) ;
#3255 = VECTOR ( 'NONE', #1250, 1000.000000000000114 ) ;
#3256 = DIRECTION ( 'NONE',  ( -1.000000000000000000, 0.000000000000000000, 0.000000000000000000 ) ) ;
#3257 = VECTOR ( 'NONE', #4436, 999.9999999999998863 ) ;
#3258 = DIRECTION ( 'NONE',  ( -1.000000000000000000, -1.486905836551548586E-16, 0.000000000000000000 ) ) ;
#3259 = ORIENTED_EDGE ( 'NONE', *, *, #292, .T. ) ;
#3260 = EDGE_LOOP ( 'NONE', ( #507, #890, #1031, #3473 ) ) ;
#3261 = AXIS2_PLACEMENT_3D ( 'NONE', #2045, #3541, #2824 ) ;
#3262 = AXIS2_PLACEMENT_3D ( 'NONE', #4243, #953, #586 ) ;
#3263 = DIRECTION ( 'NONE',  ( 0.000000000000000000, 0.000000000000000000, 1.000000000000000000 ) ) ;
#3264 = ORIENTED_EDGE ( 'NONE', *, *, #3636, .T. ) ;
#3265 = CARTESIAN_POINT ( 'NONE',  ( 18.16554042486179199, 69.00000000000000000, 3.000000000000000000 ) ) ;
#3266 = EDGE_LOOP ( 'NONE', ( #4653, #1647, #4411, #1460 ) ) ;
#3267 = MECHANICAL_DESIGN_GEOMETRIC_PRESENTATION_REPRESENTATION (  '', ( #2178 ), #3187 ) ;
#3268 = CARTESIAN_POINT ( 'NONE',  ( 41.08277021243090843, 0.000000000000000000, 3.000000000000000000 ) ) ;
#3269 = CARTESIAN_POINT ( 'NONE',  ( 1.000000000000000000, 1.000000000000000000, 6.000000000000000000 ) ) ;
#3270 = ORIENTED_EDGE ( 'NONE', *, *, #4596, .F. ) ;
#3271 = CARTESIAN_POINT ( 'NONE',  ( 58.14020283766124919, 70.00000000000000000, 6.000000000000000000 ) ) ;
#3272 = DIRECTION ( 'NONE',  ( -0.000000000000000000, -0.7071067811865475727, -0.7071067811865475727 ) ) ;
#3273 = CARTESIAN_POINT ( 'NONE',  ( 43.52871631261518814, 0.000000000000000000, 5.500000000000000000 ) ) ;
#3274 = ORIENTED_EDGE ( 'NONE', *, *, #1407, .F. ) ;
#3275 = CARTESIAN_POINT ( 'NONE',  ( 36.22297305009215052, 1.000000000000000000, 6.000000000000000000 ) ) ;
#3276 = CIRCLE ( 'NONE', #1186, 1.000000000000000888 ) ;
#3277 = CARTESIAN_POINT ( 'NONE',  ( 0.000000000000000000, 0.000000000000000000, 5.500000000000000000 ) ) ;
#3278 = DIRECTION ( 'NONE',  ( -1.000000000000000000, 0.000000000000000000, 0.000000000000000000 ) ) ;
#3279 = VERTEX_POINT ( 'NONE', #489 ) ;
#3280 = EDGE_LOOP ( 'NONE', ( #2540, #4010, #397, #2771, #2476, #3114, #2380, #4364 ) ) ;
#3281 = CARTESIAN_POINT ( 'NONE',  ( 11.85979716233876680, 0.000000000000000000, 5.500000000000027534 ) ) ;
#3282 = VERTEX_POINT ( 'NONE', #4163 ) ;
#3283 = LINE ( 'NONE', #3265, #1211 ) ;
#3284 = EDGE_CURVE ( 'NONE', #1803, #2132, #1959, .T. ) ;
#3285 = ORIENTED_EDGE ( 'NONE', *, *, #3374, .F. ) ;
#3286 = VECTOR ( 'NONE', #4323, 1000.000000000000000 ) ;
#3287 = EDGE_CURVE ( 'NONE', #3825, #2892, #2984, .T. ) ;
#3288 = DIRECTION ( 'NONE',  ( -1.000000000000000000, 0.000000000000000000, 0.000000000000000000 ) ) ;
#3289 = DIRECTION ( 'NONE',  ( -1.000000000000000000, 0.000000000000000000, 0.000000000000000000 ) ) ;
#3290 = ORIENTED_EDGE ( 'NONE', *, *, #1627, .T. ) ;
#3291 = DIRECTION ( 'NONE',  ( 1.000000000000000000, -0.000000000000000000, 0.000000000000000000 ) ) ;
#3292 = ADVANCED_FACE ( 'NONE', ( #3078 ), #2637, .T. ) ;
#3293 = CARTESIAN_POINT ( 'NONE',  ( 43.52871631261518814, 1.000000000000000000, 6.000000000000000000 ) ) ;
#3294 = PLANE ( 'NONE',  #2636 ) ;
#3295 = VERTEX_POINT ( 'NONE', #3053 ) ;
#3296 = DIRECTION ( 'NONE',  ( 0.7071067811865573427, 7.009341333409807016E-17, -0.7071067811865378028 ) ) ;
#3297 = CIRCLE ( 'NONE', #1902, 1.000000000000000000 ) ;
#3298 = VECTOR ( 'NONE', #2962, 999.9999999999998863 ) ;
#3299 = CARTESIAN_POINT ( 'NONE',  ( 0.000000000000000000, 0.000000000000000000, 5.500000000000000000 ) ) ;
#3300 = DIRECTION ( 'NONE',  ( 0.000000000000000000, -0.000000000000000000, 1.000000000000000000 ) ) ;
#3301 = ORIENTED_EDGE ( 'NONE', *, *, #2015, .F. ) ;
#3302 = ORIENTED_EDGE ( 'NONE', *, *, #4305, .F. ) ;
#3303 =( GEOMETRIC_REPRESENTATION_CONTEXT ( 3 ) GLOBAL_UNCERTAINTY_ASSIGNED_CONTEXT ( ( #4563 ) ) GLOBAL_UNIT_ASSIGNED_CONTEXT ( ( #1905, #50, #99 ) ) REPRESENTATION_CONTEXT ( 'NONE', 'WORKASPACE' ) );
#3304 = EDGE_CURVE ( 'NONE', #4345, #2900, #4111, .T. ) ;
#3305 = ADVANCED_FACE ( 'NONE', ( #4519 ), #51, .F. ) ;
#3306 = EDGE_CURVE ( 'NONE', #4204, #1165, #1598, .T. ) ;
#3307 = CIRCLE ( 'NONE', #2064, 0.9999999999999991118 ) ;
#3308 = CARTESIAN_POINT ( 'NONE',  ( 11.85979716233876680, 1.000000000000000888, 6.000000000000000000 ) ) ;
#3309 = VERTEX_POINT ( 'NONE', #3413 ) ;
#3310 = CARTESIAN_POINT ( 'NONE',  ( 1.000000000000000000, 69.00000000000000000, 5.500000000000000000 ) ) ;
#3311 = ORIENTED_EDGE ( 'NONE', *, *, #3988, .T. ) ;
#3312 = EDGE_CURVE ( 'NONE', #2469, #600, #2329, .T. ) ;
#3313 = FACE_OUTER_BOUND ( 'NONE', #1662, .T. ) ;
#3314 = DIRECTION ( 'NONE',  ( -0.000000000000000000, 0.000000000000000000, 1.000000000000000000 ) ) ;
#3315 = ORIENTED_EDGE ( 'NONE', *, *, #1363, .F. ) ;
#3316 = CARTESIAN_POINT ( 'NONE',  ( 0.000000000000000000, 0.000000000000000000, 6.000000000000000000 ) ) ;
#3317 = CARTESIAN_POINT ( 'NONE',  ( 44.02871631261518104, 69.00000000000000000, 6.000000000000000000 ) ) ;
#3318 = EDGE_CURVE ( 'NONE', #297, #1542, #3032, .T. ) ;
#3319 = LINE ( 'NONE', #2493, #3181 ) ;
#3320 = ORIENTED_EDGE ( 'NONE', *, *, #221, .T. ) ;
#3321 = DIRECTION ( 'NONE',  ( -0.000000000000000000, -0.000000000000000000, -1.000000000000000000 ) ) ;
#3322 = CARTESIAN_POINT ( 'NONE',  ( 36.22297305009214341, 70.00000000000000000, 3.000000000000000000 ) ) ;
#3323 = EDGE_LOOP ( 'NONE', ( #4507, #1233, #1346, #4374 ) ) ;
#3324 = CONICAL_SURFACE ( 'NONE', #3, 1.625000000000001332, 0.7853981633974560506 ) ;
#3325 = ORIENTED_EDGE ( 'NONE', *, *, #674, .F. ) ;
#3326 = CARTESIAN_POINT ( 'NONE',  ( 7.000000000000008882, 1.000000000000000000, 6.000000000000000000 ) ) ;
#3327 = VERTEX_POINT ( 'NONE', #412 ) ;
#3329 = EDGE_CURVE ( 'NONE', #1174, #2199, #3650, .T. ) ;
#3328 = DIRECTION ( 'NONE',  ( -0.000000000000000000, -0.000000000000000000, 1.000000000000000000 ) ) ;
#3330 = AXIS2_PLACEMENT_3D ( 'NONE', #351, #1753, #1100 ) ;
#3331 = EDGE_CURVE ( 'NONE', #2831, #1510, #3415, .T. ) ;
#3332 = ORIENTED_EDGE ( 'NONE', *, *, #2935, .F. ) ;
#3333 = LINE ( 'NONE', #3740, #3250 ) ;
#3334 = DIRECTION ( 'NONE',  ( 0.000000000000000000, 0.000000000000000000, -1.000000000000000000 ) ) ;
#3335 = EDGE_LOOP ( 'NONE', ( #856, #2732, #2996, #2561 ) ) ;
#3336 = CARTESIAN_POINT ( 'NONE',  ( 8.000000000000008882, 1.000000000000000888, 3.000000000000000000 ) ) ;
#3337 = VECTOR ( 'NONE', #2131, 1000.000000000000114 ) ;
#3338 = ORIENTED_EDGE ( 'NONE', *, *, #3098, .T. ) ;
#3339 = CARTESIAN_POINT ( 'NONE',  ( 43.52871631261518814, 1.000000000000000000, 6.000000000000000000 ) ) ;
#3340 = EDGE_CURVE ( 'NONE', #2726, #3411, #4266, .T. ) ;
#3341 = ORIENTED_EDGE ( 'NONE', *, *, #1749, .T. ) ;
#3342 = LINE ( 'NONE', #804, #3193 ) ;
#3343 = CIRCLE ( 'NONE', #2570, 1.000000000000000000 ) ;
#3344 = DIRECTION ( 'NONE',  ( -1.486905836551548586E-16, 1.000000000000000000, 0.000000000000000000 ) ) ;
#3345 = DIRECTION ( 'NONE',  ( 0.7071067811865474617, 0.000000000000000000, 0.7071067811865474617 ) ) ;
#3346 = EDGE_CURVE ( 'NONE', #1331, #4676, #2738, .T. ) ;
#3347 = ORIENTED_EDGE ( 'NONE', *, *, #2981, .F. ) ;
#3348 = ORIENTED_EDGE ( 'NONE', *, *, #851, .T. ) ;
#3349 = CONICAL_SURFACE ( 'NONE', #575, 0.5000000000000004441, 0.7853981633974473908 ) ;
#3350 = CARTESIAN_POINT ( 'NONE',  ( 0.000000000000000000, 0.000000000000000000, 3.000000000000000000 ) ) ;
#3351 = VERTEX_POINT ( 'NONE', #1283 ) ;
#3352 = DIRECTION ( 'NONE',  ( -1.000000000000000000, 0.000000000000000000, 0.000000000000000000 ) ) ;
#3353 = VERTEX_POINT ( 'NONE', #899 ) ;
#3354 = FACE_OUTER_BOUND ( 'NONE', #2907, .T. ) ;
#3355 = CARTESIAN_POINT ( 'NONE',  ( 55.69425673747696948, 69.00000000000000000, 6.000000000000000000 ) ) ;
#3356 = VERTEX_POINT ( 'NONE', #1694 ) ;
#3357 = CARTESIAN_POINT ( 'NONE',  ( 37.22297305009215052, 1.000000000000000888, 5.500000000000000000 ) ) ;
#3358 = ORIENTED_EDGE ( 'NONE', *, *, #4686, .F. ) ;
#3359 = PRODUCT_CONTEXT ( 'NONE', #1998, 'mechanical' ) ;
#3360 = ADVANCED_FACE ( 'NONE', ( #4665 ), #199, .T. ) ;
#3361 = EDGE_CURVE ( 'NONE', #4404, #1272, #3463, .T. ) ;
#3362 = VECTOR ( 'NONE', #4298, 1000.000000000000000 ) ;
#3363 = VECTOR ( 'NONE', #3537, 1000.000000000000000 ) ;
#3364 = CARTESIAN_POINT ( 'NONE',  ( 0.000000000000000000, 69.50000000000000000, 6.000000000000000000 ) ) ;
#3365 = ORIENTED_EDGE ( 'NONE', *, *, #999, .F. ) ;
#3366 = CARTESIAN_POINT ( 'NONE',  ( 29.41722978756911644, 1.000000000000000444, 6.000000000000000000 ) ) ;
#3367 = DIRECTION ( 'NONE',  ( -0.000000000000000000, 0.000000000000000000, 1.000000000000000000 ) ) ;
#3368 = LINE ( 'NONE', #1912, #4454 ) ;
#3369 = CARTESIAN_POINT ( 'NONE',  ( 63.00000000000000000, 69.00000000000000000, 6.000000000000000000 ) ) ;
#3370 = ORIENTED_EDGE ( 'NONE', *, *, #1849, .F. ) ;
#3371 = CARTESIAN_POINT ( 'NONE',  ( 26.47128368738482607, 70.00000000000000000, 5.500000000000000000 ) ) ;
#3372 = AXIS2_PLACEMENT_3D ( 'NONE', #4586, #2757, #4230 ) ;
#3373 = AXIS2_PLACEMENT_3D ( 'NONE', #1533, #448, #1993 ) ;
#3374 = EDGE_CURVE ( 'NONE', #1396, #1850, #3851, .T. ) ;
#3375 = AXIS2_PLACEMENT_3D ( 'NONE', #1971, #4555, #1247 ) ;
#3376 = DIRECTION ( 'NONE',  ( 0.000000000000000000, 0.000000000000000000, -1.000000000000000000 ) ) ;
#3377 = ORIENTED_EDGE ( 'NONE', *, *, #4160, .T. ) ;
#3378 = CARTESIAN_POINT ( 'NONE',  ( 4.499999999999988454, 4.500000000000007105, 0.000000000000000000 ) ) ;
#3379 = EDGE_CURVE ( 'NONE', #4720, #1344, #968, .T. ) ;
#3380 = ORIENTED_EDGE ( 'NONE', *, *, #1875, .F. ) ;
#3381 = LINE ( 'NONE', #4512, #3706 ) ;
#3382 = FACE_OUTER_BOUND ( 'NONE', #1060, .T. ) ;
#3383 = ORIENTED_EDGE ( 'NONE', *, *, #3346, .T. ) ;
#3384 = DIRECTION ( 'NONE',  ( -1.000000000000000000, 0.000000000000000000, 0.000000000000000000 ) ) ;
#3385 = ORIENTED_EDGE ( 'NONE', *, *, #995, .T. ) ;
#3386 = AXIS2_PLACEMENT_3D ( 'NONE', #302, #1772, #2890 ) ;
#3387 = DIRECTION ( 'NONE',  ( 0.000000000000000000, 0.000000000000000000, -1.000000000000000000 ) ) ;
#3388 = CYLINDRICAL_SURFACE ( 'NONE', #4026, 1.000000000000000888 ) ;
#3389 = EDGE_CURVE ( 'NONE', #3112, #1299, #2786, .T. ) ;
#3390 = EDGE_LOOP ( 'NONE', ( #191, #3427, #3788, #3553 ) ) ;
#3391 = DIRECTION ( 'NONE',  ( 1.486905836551548586E-16, -1.000000000000000000, 0.000000000000000000 ) ) ;
#3392 = MANIFOLD_SOLID_BREP ( 'Chamfer1', #1148 ) ;
#3393 = CARTESIAN_POINT ( 'NONE',  ( 63.87500000000000000, 4.500000000000003553, 5.499999999999996447 ) ) ;
#3394 = LINE ( 'NONE', #1604, #2526 ) ;
#3395 = DIRECTION ( 'NONE',  ( 0.000000000000000000, 0.000000000000000000, -1.000000000000000000 ) ) ;
#3396 = ORIENTED_EDGE ( 'NONE', *, *, #4139, .T. ) ;
#3397 = CARTESIAN_POINT ( 'NONE',  ( 65.50000000000000000, 4.500000000000003553, 0.000000000000000000 ) ) ;
#3398 = CARTESIAN_POINT ( 'NONE',  ( 18.16554042486179199, 69.00000000000000000, 5.500000000000000000 ) ) ;
#3399 = VERTEX_POINT ( 'NONE', #1718 ) ;
#3400 = AXIS2_PLACEMENT_3D ( 'NONE', #1091, #2562, #2514 ) ;
#3401 = CARTESIAN_POINT ( 'NONE',  ( 28.91722978756911644, 0.000000000000000000, 5.500000000000000000 ) ) ;
#3402 = VERTEX_POINT ( 'NONE', #152 ) ;
#3403 = EDGE_CURVE ( 'NONE', #2946, #2311, #2802, .T. ) ;
#3404 = EDGE_CURVE ( 'NONE', #2724, #820, #4638, .T. ) ;
#3405 = CIRCLE ( 'NONE', #471, 1.625000000000001332 ) ;
#3406 = DIRECTION ( 'NONE',  ( 0.000000000000000000, 0.000000000000000000, -1.000000000000000000 ) ) ;
#3407 = VECTOR ( 'NONE', #2750, 1000.000000000000000 ) ;
#3408 = DIRECTION ( 'NONE',  ( 1.000000000000000000, 0.000000000000000000, 0.000000000000000000 ) ) ;
#3409 = ORIENTED_EDGE ( 'NONE', *, *, #499, .T. ) ;
#3410 = DIRECTION ( 'NONE',  ( 1.000000000000000000, 0.000000000000000000, 0.000000000000000000 ) ) ;
#3411 = VERTEX_POINT ( 'NONE', #1332 ) ;
#3412 = DIRECTION ( 'NONE',  ( 0.000000000000000000, 0.000000000000000000, -1.000000000000000000 ) ) ;
#3413 = CARTESIAN_POINT ( 'NONE',  ( 19.16554042486179199, 70.00000000000000000, 3.000000000000000000 ) ) ;
#3414 = ORIENTED_EDGE ( 'NONE', *, *, #2747, .T. ) ;
#3415 = CIRCLE ( 'NONE', #4644, 1.000000000000000888 ) ;
#3416 = LINE ( 'NONE', #1549, #1105 ) ;
#3417 = DIRECTION ( 'NONE',  ( 1.000000000000000000, 0.000000000000000000, 0.000000000000000000 ) ) ;
#3418 = DIRECTION ( 'NONE',  ( 0.000000000000000000, 0.000000000000000000, 1.000000000000000000 ) ) ;
#3419 = CARTESIAN_POINT ( 'NONE',  ( 26.47128368738483672, 0.000000000000000000, 6.000000000000000000 ) ) ;
#3420 = VERTEX_POINT ( 'NONE', #1982 ) ;
#3421 = VECTOR ( 'NONE', #2986, 1000.000000000000000 ) ;
#3422 = FACE_OUTER_BOUND ( 'NONE', #1636, .T. ) ;
#3423 = ADVANCED_FACE ( 'NONE', ( #1621 ), #2815, .F. ) ;
#3424 = DIRECTION ( 'NONE',  ( 0.000000000000000000, 0.000000000000000000, -1.000000000000000000 ) ) ;
#3425 = ORIENTED_EDGE ( 'NONE', *, *, #4320, .F. ) ;
#3426 = CARTESIAN_POINT ( 'NONE',  ( 44.52871631261518814, 0.000000000000000000, 3.000000000000000000 ) ) ;
#3427 = ORIENTED_EDGE ( 'NONE', *, *, #359, .F. ) ;
#3428 = AXIS2_PLACEMENT_3D ( 'NONE', #2572, #736, #1817 ) ;
#3429 = CARTESIAN_POINT ( 'NONE',  ( 11.85979716233876680, 1.000000000000000888, 3.000000000000000000 ) ) ;
#3430 = EDGE_CURVE ( 'NONE', #4487, #207, #3100, .T. ) ;
#3431 = DIRECTION ( 'NONE',  ( -0.7071067811865475727, -7.009341333409709641E-17, -0.7071067811865475727 ) ) ;
#3432 = ORIENTED_EDGE ( 'NONE', *, *, #4098, .T. ) ;
#3433 = CARTESIAN_POINT ( 'NONE',  ( 14.30574326252304473, 1.000000000000000000, 6.000000000000000000 ) ) ;
#3434 = ORIENTED_EDGE ( 'NONE', *, *, #3331, .T. ) ;
#3435 = EDGE_CURVE ( 'NONE', #2284, #4702, #4567, .T. ) ;
#3436 = ADVANCED_FACE ( 'NONE', ( #2035 ), #3507, .F. ) ;
#3437 = FACE_OUTER_BOUND ( 'NONE', #3260, .T. ) ;
#3438 = DIRECTION ( 'NONE',  ( 1.000000000000000000, 0.000000000000000000, 0.000000000000000000 ) ) ;
#3439 = ORIENTED_EDGE ( 'NONE', *, *, #3435, .T. ) ;
#3440 = DIRECTION ( 'NONE',  ( -1.000000000000000000, 0.000000000000000000, -0.000000000000000000 ) ) ;
#3441 = AXIS2_PLACEMENT_3D ( 'NONE', #2003, #2832, #1667 ) ;
#3442 = DIRECTION ( 'NONE',  ( -0.000000000000000000, -0.000000000000000000, -1.000000000000000000 ) ) ;
#3443 = DIRECTION ( 'NONE',  ( 0.000000000000000000, -0.7071067811865474617, -0.7071067811865474617 ) ) ;
#3444 = DIRECTION ( 'NONE',  ( 0.000000000000000000, 0.000000000000000000, -1.000000000000000000 ) ) ;
#3445 = EDGE_LOOP ( 'NONE', ( #13, #3640, #813, #104 ) ) ;
#3446 = DIRECTION ( 'NONE',  ( 0.000000000000000000, -0.000000000000000000, 1.000000000000000000 ) ) ;
#3447 = LINE ( 'NONE', #422, #1632 ) ;
#3448 = ORIENTED_EDGE ( 'NONE', *, *, #449, .T. ) ;
#3449 = CARTESIAN_POINT ( 'NONE',  ( 41.08277021243089422, 70.00000000000000000, 5.500000000000000000 ) ) ;
#3450 = ADVANCED_FACE ( 'NONE', ( #1379 ), #728, .F. ) ;
#3451 = ORIENTED_EDGE ( 'NONE', *, *, #3516, .F. ) ;
#3452 = EDGE_CURVE ( 'NONE', #3309, #783, #654, .T. ) ;
#3453 = AXIS2_PLACEMENT_3D ( 'NONE', #3730, #2667, #3832 ) ;
#3454 = LINE ( 'NONE', #4443, #2012 ) ;
#3455 = DIRECTION ( 'NONE',  ( 0.000000000000000000, 0.000000000000000000, -1.000000000000000000 ) ) ;
#3456 = ORIENTED_EDGE ( 'NONE', *, *, #1794, .T. ) ;
#3457 = CARTESIAN_POINT ( 'NONE',  ( 18.16554042486179199, 70.00000000000000000, 3.000000000000000000 ) ) ;
#3458 = AXIS2_PLACEMENT_3D ( 'NONE', #3269, #2975, #4444 ) ;
#3459 = VECTOR ( 'NONE', #2725, 1000.000000000000000 ) ;
#3460 = VERTEX_POINT ( 'NONE', #1790 ) ;
#3461 = VECTOR ( 'NONE', #4013, 1000.000000000000000 ) ;
#3462 = CARTESIAN_POINT ( 'NONE',  ( 43.52871631261518104, 69.00000000000000000, 6.000000000000000000 ) ) ;
#3463 = LINE ( 'NONE', #3897, #560 ) ;
#3464 = ORIENTED_EDGE ( 'NONE', *, *, #3287, .F. ) ;
#3465 = CYLINDRICAL_SURFACE ( 'NONE', #411, 1.000000000000000888 ) ;
#3466 = ADVANCED_BREP_SHAPE_REPRESENTATION ( 'heatsink_external_70x70x3-6mm', ( #3392, #3765 ), #3303 ) ;
#3467 = CARTESIAN_POINT ( 'NONE',  ( 63.87500000000000000, 4.500000000000003553, 5.499999999999996447 ) ) ;
#3468 = PLANE ( 'NONE',  #4339 ) ;
#3469 = LINE ( 'NONE', #3833, #3621 ) ;
#3470 = VERTEX_POINT ( 'NONE', #4303 ) ;
#3471 = PLANE ( 'NONE',  #84 ) ;
#3472 = CARTESIAN_POINT ( 'NONE',  ( 11.85979716233876680, 0.4999999999999874545, 6.000000000000000000 ) ) ;
#3473 = ORIENTED_EDGE ( 'NONE', *, *, #2416, .F. ) ;
#3474 = LINE ( 'NONE', #4123, #4068 ) ;
#3475 = ORIENTED_EDGE ( 'NONE', *, *, #2128, .T. ) ;
#3476 = VECTOR ( 'NONE', #3671, 1000.000000000000114 ) ;
#3477 = CARTESIAN_POINT ( 'NONE',  ( 2.874999999999987121, 4.500000000000007105, 5.500000000000021316 ) ) ;
#3478 = EDGE_CURVE ( 'NONE', #3641, #1644, #871, .T. ) ;
#3479 = CARTESIAN_POINT ( 'NONE',  ( 50.83445957513821156, 70.00000000000000000, 5.500000000000000000 ) ) ;
#3480 = ORIENTED_EDGE ( 'NONE', *, *, #1877, .F. ) ;
#3481 = DIRECTION ( 'NONE',  ( -1.000000000000000000, -0.000000000000000000, -0.000000000000000000 ) ) ;
#3482 = EDGE_LOOP ( 'NONE', ( #3625, #4440, #4164, #979 ) ) ;
#3483 = VECTOR ( 'NONE', #3188, 999.9999999999998863 ) ;
#3484 = DIRECTION ( 'NONE',  ( 0.7071067811865475727, 1.401868266681941928E-16, -0.7071067811865475727 ) ) ;
#3485 = CARTESIAN_POINT ( 'NONE',  ( 14.30574326252303408, 69.00000000000000000, 3.000000000000000000 ) ) ;
#3486 = ORIENTED_EDGE ( 'NONE', *, *, #2219, .F. ) ;
#3487 = VECTOR ( 'NONE', #1659, 1000.000000000000000 ) ;
#3488 = DIRECTION ( 'NONE',  ( 0.000000000000000000, 0.000000000000000000, -1.000000000000000000 ) ) ;
#3489 = CARTESIAN_POINT ( 'NONE',  ( 58.64020283766125630, 1.000000000000000888, 6.000000000000000000 ) ) ;
#3490 = EDGE_CURVE ( 'NONE', #454, #2878, #2870, .T. ) ;
#3491 = DIRECTION ( 'NONE',  ( 1.000000000000000000, 0.000000000000000000, 0.000000000000000000 ) ) ;
#3492 = VECTOR ( 'NONE', #1455, 1000.000000000000000 ) ;
#3493 = CARTESIAN_POINT ( 'NONE',  ( 14.30574326252304473, 0.000000000000000000, 6.000000000000000000 ) ) ;
#3494 = ORIENTED_EDGE ( 'NONE', *, *, #383, .T. ) ;
#3495 = CARTESIAN_POINT ( 'NONE',  ( 58.14020283766124919, 69.00000000000000000, 6.000000000000000000 ) ) ;
#3496 = EDGE_CURVE ( 'NONE', #766, #4750, #1315, .T. ) ;
#3497 = CARTESIAN_POINT ( 'NONE',  ( 25.47128368738482607, 69.00000000000000000, 3.000000000000000000 ) ) ;
#3498 = ORIENTED_EDGE ( 'NONE', *, *, #1274, .T. ) ;
#3499 = CARTESIAN_POINT ( 'NONE',  ( 55.69425673747696948, 69.00000000000000000, 5.500000000000000000 ) ) ;
#3500 = ORIENTED_EDGE ( 'NONE', *, *, #1333, .T. ) ;
#3501 = DIRECTION ( 'NONE',  ( -1.000000000000000000, 0.000000000000000000, 0.000000000000000000 ) ) ;
#3502 = FACE_OUTER_BOUND ( 'NONE', #525, .T. ) ;
#3503 = ORIENTED_EDGE ( 'NONE', *, *, #880, .F. ) ;
#3504 = DIRECTION ( 'NONE',  ( -1.000000000000000000, 0.000000000000000000, 0.000000000000000000 ) ) ;
#3505 = VECTOR ( 'NONE', #1603, 1000.000000000000000 ) ;
#3506 = CARTESIAN_POINT ( 'NONE',  ( 7.000000000000008882, 1.000000000000000000, 6.000000000000000000 ) ) ;
#3507 = PLANE ( 'NONE',  #1716 ) ;
#3508 = ADVANCED_FACE ( 'NONE', ( #323 ), #2489, .F. ) ;
#3509 = CARTESIAN_POINT ( 'NONE',  ( 51.83445957513821156, 69.00000000000000000, 5.500000000000000000 ) ) ;
#3510 = EDGE_CURVE ( 'NONE', #1803, #1870, #852, .T. ) ;
#3511 = CARTESIAN_POINT ( 'NONE',  ( 0.000000000000000000, 70.00000000000000000, 5.500000000000000000 ) ) ;
#3512 = CARTESIAN_POINT ( 'NONE',  ( 0.000000000000000000, 0.5000000000000004441, 6.000000000000000000 ) ) ;
#3513 = LINE ( 'NONE', #3154, #3363 ) ;
#3514 = ORIENTED_EDGE ( 'NONE', *, *, #2930, .T. ) ;
#3515 = CARTESIAN_POINT ( 'NONE',  ( 51.83445957513821156, 70.00000000000000000, 3.000000000000000000 ) ) ;
#3516 = EDGE_CURVE ( 'NONE', #149, #4245, #4036, .T. ) ;
#3517 = CARTESIAN_POINT ( 'NONE',  ( 0.000000000000000000, 0.000000000000000000, 5.500000000000000000 ) ) ;
#3518 = ORIENTED_EDGE ( 'NONE', *, *, #4234, .F. ) ;
#3519 = DIRECTION ( 'NONE',  ( -1.486905836551548586E-16, 1.000000000000000000, 0.000000000000000000 ) ) ;
#3520 = ORIENTED_EDGE ( 'NONE', *, *, #1321, .T. ) ;
#3521 = EDGE_CURVE ( 'NONE', #514, #2066, #1743, .T. ) ;
#3522 = CARTESIAN_POINT ( 'NONE',  ( 41.08277021243089422, 69.50000000000000000, 6.000000000000000000 ) ) ;
#3523 = CARTESIAN_POINT ( 'NONE',  ( 63.00000000000000000, 1.000000000000000888, 3.000000000000000000 ) ) ;
#3524 = EDGE_LOOP ( 'NONE', ( #3311, #1114, #2158, #4504 ) ) ;
#3525 = CARTESIAN_POINT ( 'NONE',  ( 0.000000000000000000, 0.000000000000000000, 6.000000000000000000 ) ) ;
#3526 = VECTOR ( 'NONE', #3907, 1000.000000000000000 ) ;
#3527 = VECTOR ( 'NONE', #638, 1000.000000000000114 ) ;
#3528 = DIRECTION ( 'NONE',  ( -1.000000000000000000, 0.000000000000000000, -0.000000000000000000 ) ) ;
#3529 = CIRCLE ( 'NONE', #4381, 1.000000000000000888 ) ;
#3530 = DIRECTION ( 'NONE',  ( 1.000000000000000000, 0.000000000000000000, 0.000000000000000000 ) ) ;
#3531 = VECTOR ( 'NONE', #1429, 1000.000000000000000 ) ;
#3532 = CARTESIAN_POINT ( 'NONE',  ( 0.000000000000000000, 0.5000000000000004441, 6.000000000000000000 ) ) ;
#3533 = CIRCLE ( 'NONE', #142, 0.5000000000000004441 ) ;
#3534 = EDGE_CURVE ( 'NONE', #1109, #1810, #3222, .T. ) ;
#3535 = FACE_OUTER_BOUND ( 'NONE', #1788, .T. ) ;
#3536 = DIRECTION ( 'NONE',  ( 1.000000000000000000, 0.000000000000000000, 0.000000000000000000 ) ) ;
#3537 = DIRECTION ( 'NONE',  ( -1.486905836551548586E-16, 1.000000000000000000, 0.000000000000000000 ) ) ;
#3538 = EDGE_LOOP ( 'NONE', ( #4110, #3669, #1284, #2919 ) ) ;
#3539 = VECTOR ( 'NONE', #1724, 1000.000000000000000 ) ;
#3540 = FACE_OUTER_BOUND ( 'NONE', #3093, .T. ) ;
#3541 = DIRECTION ( 'NONE',  ( 1.000000000000000000, 9.912705577010325549E-17, 0.000000000000000000 ) ) ;
#3542 = VERTEX_POINT ( 'NONE', #3581 ) ;
#3543 = ADVANCED_FACE ( 'NONE', ( #3604 ), #4554, .T. ) ;
#3544 = DIRECTION ( 'NONE',  ( 0.000000000000000000, 0.000000000000000000, -1.000000000000000000 ) ) ;
#3545 = ORIENTED_EDGE ( 'NONE', *, *, #2897, .T. ) ;
#3546 = CARTESIAN_POINT ( 'NONE',  ( 19.16554042486179199, 69.50000000000000000, 6.000000000000000000 ) ) ;
#3547 = DIRECTION ( 'NONE',  ( -1.486905836551548586E-16, 1.000000000000000000, 0.000000000000000000 ) ) ;
#3548 = ORIENTED_EDGE ( 'NONE', *, *, #2441, .F. ) ;
#3549 = CARTESIAN_POINT ( 'NONE',  ( 6.125000000000001776, 65.50000000000001421, 5.499999999999993783 ) ) ;
#3550 = EDGE_CURVE ( 'NONE', #4627, #4637, #3654, .T. ) ;
#3551 = EDGE_CURVE ( 'NONE', #600, #618, #299, .T. ) ;
#3552 = FACE_OUTER_BOUND ( 'NONE', #4447, .T. ) ;
#3553 = ORIENTED_EDGE ( 'NONE', *, *, #4065, .F. ) ;
#3554 = VECTOR ( 'NONE', #1177, 1000.000000000000114 ) ;
#3555 = CARTESIAN_POINT ( 'NONE',  ( 0.5000000000000004441, 0.000000000000000000, 6.000000000000000000 ) ) ;
#3556 = PLANE ( 'NONE',  #4073 ) ;
#3557 = VECTOR ( 'NONE', #2276, 1000.000000000000000 ) ;
#3558 = DIRECTION ( 'NONE',  ( -1.000000000000000000, 0.000000000000000000, 0.000000000000000000 ) ) ;
#3559 = CARTESIAN_POINT ( 'NONE',  ( 0.000000000000000000, 0.000000000000000000, 0.000000000000000000 ) ) ;
#3560 = DIRECTION ( 'NONE',  ( -1.000000000000000000, 0.000000000000000000, 0.000000000000000000 ) ) ;
#3561 = ORIENTED_EDGE ( 'NONE', *, *, #1627, .F. ) ;
#3562 = AXIS2_PLACEMENT_3D ( 'NONE', #2695, #1266, #3037 ) ;
#3563 = DIRECTION ( 'NONE',  ( -1.486905836551548586E-16, 1.000000000000000000, 0.000000000000000000 ) ) ;
#3564 = DIRECTION ( 'NONE',  ( 1.239088197126290570E-16, -1.000000000000000000, 0.000000000000000000 ) ) ;
#3565 = AXIS2_PLACEMENT_3D ( 'NONE', #3364, #3007, #103 ) ;
#3566 = ORIENTED_EDGE ( 'NONE', *, *, #150, .T. ) ;
#3567 = CARTESIAN_POINT ( 'NONE',  ( 14.30574326252304473, 1.000000000000000000, 6.000000000000000000 ) ) ;
#3568 = ORIENTED_EDGE ( 'NONE', *, *, #2510, .F. ) ;
#3569 = VERTEX_POINT ( 'NONE', #1770 ) ;
#3570 = ADVANCED_FACE ( 'NONE', ( #2861 ), #4329, .F. ) ;
#3571 = AXIS2_PLACEMENT_3D ( 'NONE', #1066, #2836, #683 ) ;
#3572 = EDGE_CURVE ( 'NONE', #1908, #3399, #1018, .T. ) ;
#3573 = CARTESIAN_POINT ( 'NONE',  ( 69.50000000000000000, 1.000000000000000000, 6.000000000000000000 ) ) ;
#3574 = ORIENTED_EDGE ( 'NONE', *, *, #1273, .F. ) ;
#3575 = AXIS2_PLACEMENT_3D ( 'NONE', #3602, #296, #4260 ) ;
#3576 = LINE ( 'NONE', #4277, #3362 ) ;
#3577 = VERTEX_POINT ( 'NONE', #4737 ) ;
#3578 = VECTOR ( 'NONE', #993, 1000.000000000000000 ) ;
#3579 = CARTESIAN_POINT ( 'NONE',  ( 36.22297305009215052, 1.000000000000000000, 3.000000000000000000 ) ) ;
#3580 = ORIENTED_EDGE ( 'NONE', *, *, #1295, .F. ) ;
#3581 = CARTESIAN_POINT ( 'NONE',  ( 10.85979716233876680, 1.000000000000000888, 3.000000000000000000 ) ) ;
#3582 = DIRECTION ( 'NONE',  ( -0.000000000000000000, -0.000000000000000000, -1.000000000000000000 ) ) ;
#3583 = CYLINDRICAL_SURFACE ( 'NONE', #835, 1.000000000000000888 ) ;
#3584 = LINE ( 'NONE', #2180, #3337 ) ;
#3585 = ORIENTED_EDGE ( 'NONE', *, *, #4698, .F. ) ;
#3586 = CYLINDRICAL_SURFACE ( 'NONE', #1445, 1.625000000000001332 ) ;
#3587 = CARTESIAN_POINT ( 'NONE',  ( 26.47128368738482607, 69.00000000000000000, 6.000000000000000000 ) ) ;
#3588 = ORIENTED_EDGE ( 'NONE', *, *, #553, .T. ) ;
#3589 = CIRCLE ( 'NONE', #2745, 1.000000000000000888 ) ;
#3590 = DIRECTION ( 'NONE',  ( -1.486905836551548586E-16, 1.000000000000000000, 0.000000000000000000 ) ) ;
#3591 = ORIENTED_EDGE ( 'NONE', *, *, #1076, .T. ) ;
#3592 = ORIENTED_EDGE ( 'NONE', *, *, #2789, .F. ) ;
#3593 = CONICAL_SURFACE ( 'NONE', #3441, 0.5000000000000004441, 0.7853981633974482790 ) ;
#3594 = AXIS2_PLACEMENT_3D ( 'NONE', #512, #874, #4184 ) ;
#3595 = CARTESIAN_POINT ( 'NONE',  ( 58.14020283766125630, 1.000000000000000000, 6.000000000000000000 ) ) ;
#3596 = VERTEX_POINT ( 'NONE', #1811 ) ;
#3597 = EDGE_CURVE ( 'NONE', #1185, #1426, #1453, .T. ) ;
#3599 = EDGE_CURVE ( 'NONE', #2017, #3008, #2974, .T. ) ;
#3598 = DIRECTION ( 'NONE',  ( 0.000000000000000000, 0.000000000000000000, -1.000000000000000000 ) ) ;
#3600 = EDGE_LOOP ( 'NONE', ( #682, #2487, #2532, #3585 ) ) ;
#3601 = DIRECTION ( 'NONE',  ( -0.000000000000000000, -0.000000000000000000, -1.000000000000000000 ) ) ;
#3602 = CARTESIAN_POINT ( 'NONE',  ( 0.000000000000000000, 0.000000000000000000, 3.000000000000000000 ) ) ;
#3603 = ORIENTED_EDGE ( 'NONE', *, *, #2354, .T. ) ;
#3604 = FACE_OUTER_BOUND ( 'NONE', #3482, .T. ) ;
#3605 = VECTOR ( 'NONE', #2830, 1000.000000000000000 ) ;
#3606 = DIRECTION ( 'NONE',  ( -1.000000000000000000, -1.486905836551548586E-16, 0.000000000000000000 ) ) ;
#3607 = VECTOR ( 'NONE', #2200, 1000.000000000000000 ) ;
#3608 = AXIS2_PLACEMENT_3D ( 'NONE', #235, #4651, #3519 ) ;
#3609 = CARTESIAN_POINT ( 'NONE',  ( 1.000000000000000000, 0.000000000000000000, 6.000000000000000000 ) ) ;
#3610 = CARTESIAN_POINT ( 'NONE',  ( 44.02871631261518814, 4.364437017406660125E-15, 6.000000000000000000 ) ) ;
#3611 = VECTOR ( 'NONE', #245, 1000.000000000000114 ) ;
#3612 = ADVANCED_FACE ( 'NONE', ( #1767 ), #3243, .F. ) ;
#3613 = ORIENTED_EDGE ( 'NONE', *, *, #2272, .T. ) ;
#3614 = CARTESIAN_POINT ( 'NONE',  ( 26.47128368738482607, 69.00000000000000000, 6.000000000000000000 ) ) ;
#3615 = CARTESIAN_POINT ( 'NONE',  ( 0.000000000000000000, 0.000000000000000000, 3.000000000000000000 ) ) ;
#3616 = ORIENTED_EDGE ( 'NONE', *, *, #3783, .F. ) ;
#3617 = PLANE ( 'NONE',  #4228 ) ;
#3618 = VECTOR ( 'NONE', #3225, 1000.000000000000000 ) ;
#3619 = ORIENTED_EDGE ( 'NONE', *, *, #1295, .T. ) ;
#3620 = ORIENTED_EDGE ( 'NONE', *, *, #4014, .F. ) ;
#3621 = VECTOR ( 'NONE', #3108, 1000.000000000000114 ) ;
#3622 = CARTESIAN_POINT ( 'NONE',  ( 65.50000000000000000, 4.500000000000003553, 5.499999999999996447 ) ) ;
#3623 = ORIENTED_EDGE ( 'NONE', *, *, #2660, .T. ) ;
#3624 = DIRECTION ( 'NONE',  ( 0.000000000000000000, -0.7071067811865474617, 0.7071067811865474617 ) ) ;
#3625 = ORIENTED_EDGE ( 'NONE', *, *, #378, .T. ) ;
#3626 = ADVANCED_FACE ( 'NONE', ( #1014 ), #1038, .F. ) ;
#3627 = CARTESIAN_POINT ( 'NONE',  ( 0.000000000000000000, 69.50000000000000000, 6.000000000000000000 ) ) ;
#3628 = CARTESIAN_POINT ( 'NONE',  ( 26.47128368738482607, 69.50000000000000000, 6.000000000000000000 ) ) ;
#3629 = ORIENTED_EDGE ( 'NONE', *, *, #2881, .F. ) ;
#3630 = DIRECTION ( 'NONE',  ( 0.000000000000000000, 0.000000000000000000, 1.000000000000000000 ) ) ;
#3631 = CARTESIAN_POINT ( 'NONE',  ( 40.08277021243090843, 1.000000000000000888, 5.500000000000000000 ) ) ;
#3632 = CARTESIAN_POINT ( 'NONE',  ( 37.22297305009215052, 1.000000000000000888, 5.500000000000000000 ) ) ;
#3633 = DIRECTION ( 'NONE',  ( 1.486905836551548586E-16, -1.000000000000000000, 0.000000000000000000 ) ) ;
#3634 = ORIENTED_EDGE ( 'NONE', *, *, #1979, .F. ) ;
#3635 = FACE_OUTER_BOUND ( 'NONE', #2874, .T. ) ;
#3636 = EDGE_CURVE ( 'NONE', #4049, #1047, #724, .T. ) ;
#3637 = LINE ( 'NONE', #1387, #3819 ) ;
#3638 = AXIS2_PLACEMENT_3D ( 'NONE', #2167, #3263, #4729 ) ;
#3639 = CARTESIAN_POINT ( 'NONE',  ( 62.00000000000001421, 1.000000000000000888, 3.000000000000000000 ) ) ;
#3640 = ORIENTED_EDGE ( 'NONE', *, *, #4569, .T. ) ;
#3641 = VERTEX_POINT ( 'NONE', #3268 ) ;
#3642 = ADVANCED_FACE ( 'NONE', ( #3313 ), #2785, .T. ) ;
#3643 = ADVANCED_FACE ( 'NONE', ( #4734 ), #3324, .F. ) ;
#3644 = EDGE_CURVE ( 'NONE', #2163, #3356, #3960, .T. ) ;
#3645 = CIRCLE ( 'NONE', #178, 1.625000000000001332 ) ;
#3646 = CARTESIAN_POINT ( 'NONE',  ( 58.14020283766124919, 70.00000000000000000, 5.500000000000000000 ) ) ;
#3647 = EDGE_LOOP ( 'NONE', ( #605, #360, #4742, #3370 ) ) ;
#3648 = DIRECTION ( 'NONE',  ( -0.000000000000000000, -0.7071067811865475727, -0.7071067811865475727 ) ) ;
#3649 = EDGE_LOOP ( 'NONE', ( #556, #1129, #2456, #3320, #1559, #2585, #1446, #2258 ) ) ;
#3650 = CIRCLE ( 'NONE', #253, 1.625000000000001332 ) ;
#3651 = DIRECTION ( 'NONE',  ( -1.000000000000000000, 0.000000000000000000, 0.000000000000000000 ) ) ;
#3652 = DIRECTION ( 'NONE',  ( 0.000000000000000000, 0.000000000000000000, 1.000000000000000000 ) ) ;
#3653 = ORIENTED_EDGE ( 'NONE', *, *, #3318, .T. ) ;
#3654 = LINE ( 'NONE', #346, #773 ) ;
#3655 = FACE_OUTER_BOUND ( 'NONE', #1934, .T. ) ;
#3656 = ADVANCED_FACE ( 'NONE', ( #2582 ), #652, .F. ) ;
#3657 = CARTESIAN_POINT ( 'NONE',  ( 0.000000000000000000, 69.50000000000001421, 6.000000000000000000 ) ) ;
#3658 = VERTEX_POINT ( 'NONE', #4008 ) ;
#3659 = EDGE_CURVE ( 'NONE', #16, #1717, #1930, .T. ) ;
#3660 = DIRECTION ( 'NONE',  ( -0.000000000000000000, -0.000000000000000000, 1.000000000000000000 ) ) ;
#3661 = CARTESIAN_POINT ( 'NONE',  ( 50.83445957513821156, 69.00000000000000000, 6.000000000000000000 ) ) ;
#3662 = FACE_BOUND ( 'NONE', #3811, .T. ) ;
#3663 = DIRECTION ( 'NONE',  ( -9.912705577010325549E-17, 1.000000000000000000, 0.000000000000000000 ) ) ;
#3664 = EDGE_CURVE ( 'NONE', #2704, #2284, #4401, .T. ) ;
#3665 = ORIENTED_EDGE ( 'NONE', *, *, #864, .T. ) ;
#3666 = CARTESIAN_POINT ( 'NONE',  ( 44.52871631261518104, 69.00000000000000000, 3.000000000000000000 ) ) ;
#3667 = EDGE_LOOP ( 'NONE', ( #3888, #629, #3211, #2979 ) ) ;
#3668 = DIRECTION ( 'NONE',  ( -0.000000000000000000, -0.000000000000000000, 1.000000000000000000 ) ) ;
#3669 = ORIENTED_EDGE ( 'NONE', *, *, #1781, .T. ) ;
#3670 = VECTOR ( 'NONE', #988, 1000.000000000000000 ) ;
#3671 = DIRECTION ( 'NONE',  ( 0.7071067811865474617, 0.000000000000000000, 0.7071067811865474617 ) ) ;
#3672 = FACE_OUTER_BOUND ( 'NONE', #3445, .T. ) ;
#3673 = EDGE_LOOP ( 'NONE', ( #4370, #2867, #777, #26 ) ) ;
#3674 = CARTESIAN_POINT ( 'NONE',  ( 25.47128368738482607, 70.00000000000000000, 5.500000000000000000 ) ) ;
#3675 = DIRECTION ( 'NONE',  ( -1.000000000000000000, 0.000000000000000000, 0.000000000000000000 ) ) ;
#3676 = DIRECTION ( 'NONE',  ( -0.000000000000000000, -0.000000000000000000, -1.000000000000000000 ) ) ;
#3677 = ORIENTED_EDGE ( 'NONE', *, *, #232, .T. ) ;
#3678 = DIRECTION ( 'NONE',  ( -9.912705577010325549E-17, 1.000000000000000000, 0.000000000000000000 ) ) ;
#3679 = CIRCLE ( 'NONE', #3066, 1.000000000000000888 ) ;
#3680 = EDGE_CURVE ( 'NONE', #2607, #2831, #2538, .T. ) ;
#3681 = AXIS2_PLACEMENT_3D ( 'NONE', #4763, #1457, #350 ) ;
#3682 = VECTOR ( 'NONE', #681, 1000.000000000000000 ) ;
#3683 = CARTESIAN_POINT ( 'NONE',  ( 65.50000000000000000, 4.500000000000003553, 6.000000000000000000 ) ) ;
#3684 = AXIS2_PLACEMENT_3D ( 'NONE', #1611, #92, #1894 ) ;
#3685 = DIRECTION ( 'NONE',  ( 0.000000000000000000, 0.000000000000000000, -1.000000000000000000 ) ) ;
#3686 = ORIENTED_EDGE ( 'NONE', *, *, #4674, .T. ) ;
#3687 = ORIENTED_EDGE ( 'NONE', *, *, #2820, .F. ) ;
#3688 = VECTOR ( 'NONE', #2310, 1000.000000000000114 ) ;
#3689 = DIRECTION ( 'NONE',  ( -0.000000000000000000, -0.000000000000000000, 1.000000000000000000 ) ) ;
#3690 = EDGE_LOOP ( 'NONE', ( #1297, #2217, #2721, #3229 ) ) ;
#3691 = CARTESIAN_POINT ( 'NONE',  ( 14.80574326252304829, 69.00000000000000000, 6.000000000000000000 ) ) ;
#3692 = ORIENTED_EDGE ( 'NONE', *, *, #162, .F. ) ;
#3693 = DIRECTION ( 'NONE',  ( -1.000000000000000000, 0.000000000000000000, 0.000000000000000000 ) ) ;
#3694 = ADVANCED_FACE ( 'NONE', ( #1110 ), #700, .F. ) ;
#3695 = DIRECTION ( 'NONE',  ( -1.000000000000000000, 0.000000000000000000, 0.000000000000000000 ) ) ;
#3696 = ORIENTED_EDGE ( 'NONE', *, *, #3947, .T. ) ;
#3697 = VERTEX_POINT ( 'NONE', #2511 ) ;
#3698 = CARTESIAN_POINT ( 'NONE',  ( 58.14020283766125630, 1.000000000000000000, 6.000000000000000000 ) ) ;
#3699 = ADVANCED_FACE ( 'NONE', ( #343 ), #165, .T. ) ;
#3700 = FACE_OUTER_BOUND ( 'NONE', #4530, .T. ) ;
#3701 = VERTEX_POINT ( 'NONE', #2215 ) ;
#3702 = DIRECTION ( 'NONE',  ( -1.000000000000000000, 0.000000000000000000, 0.000000000000000000 ) ) ;
#3703 = DIRECTION ( 'NONE',  ( -1.000000000000000000, 0.000000000000000000, 0.000000000000000000 ) ) ;
#3704 = CARTESIAN_POINT ( 'NONE',  ( 14.30574326252303408, 69.50000000000001421, 6.000000000000000000 ) ) ;
#3705 = ORIENTED_EDGE ( 'NONE', *, *, #2847, .T. ) ;
#3706 = VECTOR ( 'NONE', #3716, 1000.000000000000114 ) ;
#3707 = ORIENTED_EDGE ( 'NONE', *, *, #2482, .F. ) ;
#3708 = CARTESIAN_POINT ( 'NONE',  ( 18.66554042486180265, 1.000000000000000888, 6.000000000000000000 ) ) ;
#3709 = ORIENTED_EDGE ( 'NONE', *, *, #3331, .F. ) ;
#3710 = FACE_OUTER_BOUND ( 'NONE', #1610, .T. ) ;
#3711 = VECTOR ( 'NONE', #3207, 1000.000000000000114 ) ;
#3712 = EDGE_CURVE ( 'NONE', #115, #3746, #2863, .T. ) ;
#3713 = EDGE_LOOP ( 'NONE', ( #4130, #30, #3217, #942 ) ) ;
#3714 = EDGE_CURVE ( 'NONE', #297, #4579, #4709, .T. ) ;
#3715 = AXIS2_PLACEMENT_3D ( 'NONE', #611, #2082, #3560 ) ;
#3716 = DIRECTION ( 'NONE',  ( 0.000000000000000000, -0.7071067811865573427, -0.7071067811865376918 ) ) ;
#3717 = DIRECTION ( 'NONE',  ( -1.000000000000000000, 0.000000000000000000, 0.000000000000000000 ) ) ;
#3718 = ORIENTED_EDGE ( 'NONE', *, *, #2074, .T. ) ;
#3719 = CARTESIAN_POINT ( 'NONE',  ( 50.83445957513821867, 1.000000000000000000, 6.000000000000000000 ) ) ;
#3720 = VECTOR ( 'NONE', #2446, 1000.000000000000114 ) ;
#3721 = ORIENTED_EDGE ( 'NONE', *, *, #4055, .F. ) ;
#3722 = DIRECTION ( 'NONE',  ( -0.000000000000000000, 0.000000000000000000, -1.000000000000000000 ) ) ;
#3723 = ORIENTED_EDGE ( 'NONE', *, *, #3644, .T. ) ;
#3724 = ORIENTED_EDGE ( 'NONE', *, *, #4466, .F. ) ;
#3725 = EDGE_CURVE ( 'NONE', #4072, #2108, #2622, .T. ) ;
#3726 = PLANE ( 'NONE',  #488 ) ;
#3727 = AXIS2_PLACEMENT_3D ( 'NONE', #3853, #540, #1650 ) ;
#3728 = EDGE_CURVE ( 'NONE', #2331, #3015, #3333, .T. ) ;
#3729 = FACE_OUTER_BOUND ( 'NONE', #1774, .T. ) ;
#3730 = CARTESIAN_POINT ( 'NONE',  ( 36.22297305009214341, 69.00000000000000000, 5.500000000000000000 ) ) ;
#3731 = LINE ( 'NONE', #884, #921 ) ;
#3732 = ORIENTED_EDGE ( 'NONE', *, *, #3816, .T. ) ;
#3733 = CARTESIAN_POINT ( 'NONE',  ( 40.08277021243090843, 1.000000000000000888, 3.000000000000000000 ) ) ;
#3734 = VECTOR ( 'NONE', #2202, 1000.000000000000000 ) ;
#3735 = FACE_OUTER_BOUND ( 'NONE', #2023, .T. ) ;
#3736 = ORIENTED_EDGE ( 'NONE', *, *, #1737, .T. ) ;
#3737 = DIRECTION ( 'NONE',  ( -0.000000000000000000, -0.000000000000000000, 1.000000000000000000 ) ) ;
#3738 = ORIENTED_EDGE ( 'NONE', *, *, #895, .T. ) ;
#3739 = EDGE_CURVE ( 'NONE', #1750, #90, #3023, .T. ) ;
#3740 = CARTESIAN_POINT ( 'NONE',  ( 10.85979716233875791, 70.00000000000000000, 5.500000000000027534 ) ) ;
#3741 = EDGE_CURVE ( 'NONE', #723, #3542, #1543, .T. ) ;
#3742 = CARTESIAN_POINT ( 'NONE',  ( 15.30574326252304473, 1.000000000000000888, 5.500000000000027534 ) ) ;
#3743 = VERTEX_POINT ( 'NONE', #767 ) ;
#3744 = FACE_OUTER_BOUND ( 'NONE', #2860, .T. ) ;
#3745 = AXIS2_PLACEMENT_3D ( 'NONE', #3462, #1204, #821 ) ;
#3746 = VERTEX_POINT ( 'NONE', #406 ) ;
#3747 = LINE ( 'NONE', #1545, #273 ) ;
#3748 = CIRCLE ( 'NONE', #278, 0.5000000000000004441 ) ;
#3749 = DIRECTION ( 'NONE',  ( 1.000000000000000000, 0.000000000000000000, 0.000000000000000000 ) ) ;
#3750 = ORIENTED_EDGE ( 'NONE', *, *, #2614, .F. ) ;
#3751 = DIRECTION ( 'NONE',  ( -1.000000000000000000, 0.000000000000000000, 0.000000000000000000 ) ) ;
#3752 = DIRECTION ( 'NONE',  ( 0.000000000000000000, 0.000000000000000000, -1.000000000000000000 ) ) ;
#3753 = ADVANCED_FACE ( 'NONE', ( #1562 ), #2395, .F. ) ;
#3754 = CARTESIAN_POINT ( 'NONE',  ( 47.88851347495393895, 69.00000000000000000, 6.000000000000000000 ) ) ;
#3755 = DIRECTION ( 'NONE',  ( -0.000000000000000000, 0.000000000000000000, 1.000000000000000000 ) ) ;
#3756 = EDGE_LOOP ( 'NONE', ( #4358, #2168 ) ) ;
#3757 = AXIS2_PLACEMENT_3D ( 'NONE', #715, #4341, #2139 ) ;
#3758 = DIRECTION ( 'NONE',  ( 0.000000000000000000, 0.000000000000000000, -1.000000000000000000 ) ) ;
#3759 = VECTOR ( 'NONE', #647, 1000.000000000000000 ) ;
#3760 = AXIS2_PLACEMENT_3D ( 'NONE', #256, #1657, #4313 ) ;
#3761 = VECTOR ( 'NONE', #4580, 1000.000000000000114 ) ;
#3762 = LINE ( 'NONE', #3814, #3941 ) ;
#3763 = VERTEX_POINT ( 'NONE', #1155 ) ;
#3764 = CARTESIAN_POINT ( 'NONE',  ( 11.85979716233875791, 70.00000000000000000, 6.000000000000000000 ) ) ;
#3765 = AXIS2_PLACEMENT_3D ( 'NONE', #1569, #4158, #2661 ) ;
#3766 = ORIENTED_EDGE ( 'NONE', *, *, #4006, .F. ) ;
#3767 = DIRECTION ( 'NONE',  ( 0.000000000000000000, -0.000000000000000000, -1.000000000000000000 ) ) ;
#3768 = DIRECTION ( 'NONE',  ( 9.912705577010325549E-17, -1.000000000000000000, 0.000000000000000000 ) ) ;
#3769 = ORIENTED_EDGE ( 'NONE', *, *, #1334, .T. ) ;
#3770 = CARTESIAN_POINT ( 'NONE',  ( 0.000000000000000000, 70.00000000000000000, 0.000000000000000000 ) ) ;
#3771 = EDGE_LOOP ( 'NONE', ( #2998, #70, #330, #2985 ) ) ;
#3772 = AXIS2_PLACEMENT_3D ( 'NONE', #1674, #1626, #3175 ) ;
#3773 = APPLICATION_PROTOCOL_DEFINITION ( 'draft international standard', 'automotive_design', 1998, #1256 ) ;
#3774 = CYLINDRICAL_SURFACE ( 'NONE', #1275, 1.000000000000000888 ) ;
#3775 = CYLINDRICAL_SURFACE ( 'NONE', #3107, 1.000000000000000888 ) ;
#3776 = ORIENTED_EDGE ( 'NONE', *, *, #3680, .T. ) ;
#3777 = FACE_BOUND ( 'NONE', #2835, .T. ) ;
#3778 = DIRECTION ( 'NONE',  ( 0.000000000000000000, 0.000000000000000000, -1.000000000000000000 ) ) ;
#3779 = LINE ( 'NONE', #2616, #4609 ) ;
#3780 = CARTESIAN_POINT ( 'NONE',  ( 21.61148652504606815, 70.00000000000000000, 5.500000000000000000 ) ) ;
#3781 = ORIENTED_EDGE ( 'NONE', *, *, #1714, .F. ) ;
#3782 = CARTESIAN_POINT ( 'NONE',  ( 55.69425673747697658, 0.000000000000000000, 6.000000000000000000 ) ) ;
#3783 = EDGE_CURVE ( 'NONE', #2364, #4681, #1467, .T. ) ;
#3784 = CARTESIAN_POINT ( 'NONE',  ( 43.52871631261518104, 70.00000000000000000, 6.000000000000000000 ) ) ;
#3785 = EDGE_LOOP ( 'NONE', ( #3365, #3938, #4322, #2170 ) ) ;
#3786 = AXIS2_PLACEMENT_3D ( 'NONE', #4033, #1786, #2905 ) ;
#3787 = CARTESIAN_POINT ( 'NONE',  ( 69.00000000000000000, 69.00000000000000000, 0.000000000000000000 ) ) ;
#3788 = ORIENTED_EDGE ( 'NONE', *, *, #2426, .F. ) ;
#3789 = EDGE_CURVE ( 'NONE', #2872, #4543, #793, .T. ) ;
#3790 = EDGE_CURVE ( 'NONE', #4112, #4459, #2676, .T. ) ;
#3791 = VECTOR ( 'NONE', #3446, 1000.000000000000000 ) ;
#3792 = FACE_OUTER_BOUND ( 'NONE', #1392, .T. ) ;
#3793 = ADVANCED_FACE ( 'NONE', ( #4126 ), #1006, .T. ) ;
#3794 = AXIS2_PLACEMENT_3D ( 'NONE', #836, #2305, #112 ) ;
#3795 = DIRECTION ( 'NONE',  ( 0.000000000000000000, 0.000000000000000000, -1.000000000000000000 ) ) ;
#3796 = ORIENTED_EDGE ( 'NONE', *, *, #1651, .F. ) ;
#3797 = DIRECTION ( 'NONE',  ( 0.000000000000000000, 0.000000000000000000, -1.000000000000000000 ) ) ;
#3798 = ORIENTED_EDGE ( 'NONE', *, *, #774, .T. ) ;
#3799 = CARTESIAN_POINT ( 'NONE',  ( 0.000000000000000000, 0.000000000000000000, 5.500000000000000000 ) ) ;
#3800 = AXIS2_PLACEMENT_3D ( 'NONE', #2157, #3676, #1748 ) ;
#3801 = CARTESIAN_POINT ( 'NONE',  ( 7.500000000000007994, 1.000000000000000888, 6.000000000000000000 ) ) ;
#3802 = ORIENTED_EDGE ( 'NONE', *, *, #4509, .T. ) ;
#3803 = AXIS2_PLACEMENT_3D ( 'NONE', #3122, #2764, #3876 ) ;
#3804 = DIRECTION ( 'NONE',  ( 0.000000000000000000, 0.000000000000000000, 1.000000000000000000 ) ) ;
#3805 = EDGE_CURVE ( 'NONE', #2724, #4392, #1613, .T. ) ;
#3806 = ADVANCED_FACE ( 'NONE', ( #427 ), #1590, .F. ) ;
#3807 = EDGE_CURVE ( 'NONE', #2364, #4368, #3381, .T. ) ;
#3808 = DIRECTION ( 'NONE',  ( 0.000000000000000000, 0.000000000000000000, -1.000000000000000000 ) ) ;
#3809 = CARTESIAN_POINT ( 'NONE',  ( 18.66554042486180265, 2.775390100011589060E-15, 6.000000000000000000 ) ) ;
#3810 = DIRECTION ( 'NONE',  ( -0.000000000000000000, -0.000000000000000000, -1.000000000000000000 ) ) ;
#3811 = EDGE_LOOP ( 'NONE', ( #4562, #2799 ) ) ;
#3812 = VECTOR ( 'NONE', #516, 1000.000000000000114 ) ;
#3813 = CARTESIAN_POINT ( 'NONE',  ( 7.000000000000008882, 0.5000000000000004441, 6.000000000000000000 ) ) ;
#3814 = CARTESIAN_POINT ( 'NONE',  ( 41.08277021243089422, 70.00000000000000000, 6.000000000000000000 ) ) ;
#3815 = ORIENTED_EDGE ( 'NONE', *, *, #2416, .T. ) ;
#3816 = EDGE_CURVE ( 'NONE', #4575, #2429, #1198, .T. ) ;
#3817 = DIRECTION ( 'NONE',  ( -1.000000000000000000, 0.000000000000000000, 0.000000000000000000 ) ) ;
#3818 = ORIENTED_EDGE ( 'NONE', *, *, #4704, .T. ) ;
#3819 = VECTOR ( 'NONE', #1799, 1000.000000000000000 ) ;
#3820 = CARTESIAN_POINT ( 'NONE',  ( 4.500000000000000888, 65.50000000000001421, 5.499999999999993783 ) ) ;
#3821 = CARTESIAN_POINT ( 'NONE',  ( 43.52871631261518104, 69.00000000000000000, 6.000000000000000000 ) ) ;
#3822 = ORIENTED_EDGE ( 'NONE', *, *, #1230, .T. ) ;
#3823 = DIRECTION ( 'NONE',  ( 1.000000000000000000, 0.000000000000000000, 0.000000000000000000 ) ) ;
#3824 = ADVANCED_FACE ( 'NONE', ( #2605 ), #322, .T. ) ;
#3825 = VERTEX_POINT ( 'NONE', #4467 ) ;
#3826 = CARTESIAN_POINT ( 'NONE',  ( 36.22297305009214341, 70.00000000000000000, 5.500000000000000000 ) ) ;
#3827 = ORIENTED_EDGE ( 'NONE', *, *, #792, .F. ) ;
#3828 = FACE_OUTER_BOUND ( 'NONE', #1532, .T. ) ;
#3829 = AXIS2_PLACEMENT_3D ( 'NONE', #2144, #402, #1784 ) ;
#3830 = CIRCLE ( 'NONE', #2360, 1.000000000000000888 ) ;
#3831 = DIRECTION ( 'NONE',  ( -1.000000000000000000, -9.912705577010325549E-17, 0.000000000000000000 ) ) ;
#3832 = DIRECTION ( 'NONE',  ( -1.000000000000000000, 0.000000000000000000, 0.000000000000000000 ) ) ;
#3833 = CARTESIAN_POINT ( 'NONE',  ( 54.69425673747696948, 69.00000000000000000, 5.500000000000000000 ) ) ;
#3834 = EDGE_LOOP ( 'NONE', ( #1194, #1023, #791, #1861 ) ) ;
#3835 = CARTESIAN_POINT ( 'NONE',  ( 69.50000000000000000, 0.000000000000000000, 6.000000000000000000 ) ) ;
#3836 = ADVANCED_FACE ( 'NONE', ( #3792 ), #482, .T. ) ;
#3837 = LINE ( 'NONE', #3517, #3487 ) ;
#3838 = ORIENTED_EDGE ( 'NONE', *, *, #2293, .F. ) ;
#3839 = DIRECTION ( 'NONE',  ( -0.7071067811865474617, 0.000000000000000000, -0.7071067811865474617 ) ) ;
#3840 = ORIENTED_EDGE ( 'NONE', *, *, #3551, .F. ) ;
#3841 = CIRCLE ( 'NONE', #3373, 1.000000000000000888 ) ;
#3842 = AXIS2_PLACEMENT_3D ( 'NONE', #692, #3685, #352 ) ;
#3843 = DIRECTION ( 'NONE',  ( -0.000000000000000000, 0.000000000000000000, 1.000000000000000000 ) ) ;
#3844 = DIRECTION ( 'NONE',  ( 0.000000000000000000, -0.000000000000000000, 1.000000000000000000 ) ) ;
#3845 = EDGE_LOOP ( 'NONE', ( #4434, #4107, #3721, #2235 ) ) ;
#3846 = AXIS2_PLACEMENT_3D ( 'NONE', #1335, #200, #3151 ) ;
#3847 = FACE_OUTER_BOUND ( 'NONE', #817, .T. ) ;
#3848 = ORIENTED_EDGE ( 'NONE', *, *, #1563, .F. ) ;
#3849 = DIRECTION ( 'NONE',  ( -1.000000000000000000, 0.000000000000000000, 0.000000000000000000 ) ) ;
#3850 = VECTOR ( 'NONE', #3119, 1000.000000000000000 ) ;
#3851 = LINE ( 'NONE', #179, #1482 ) ;
#3852 = ORIENTED_EDGE ( 'NONE', *, *, #4045, .F. ) ;
#3853 = CARTESIAN_POINT ( 'NONE',  ( 19.16554042486180265, 1.000000000000000888, 6.000000000000000000 ) ) ;
#3854 = ADVANCED_FACE ( 'NONE', ( #3354 ), #4093, .T. ) ;
#3855 = LINE ( 'NONE', #4283, #3964 ) ;
#3856 = DIRECTION ( 'NONE',  ( -1.000000000000000000, 0.000000000000000000, 0.000000000000000000 ) ) ;
#3857 = DIRECTION ( 'NONE',  ( -0.7071067811865573427, 0.000000000000000000, 0.7071067811865376918 ) ) ;
#3858 = ORIENTED_EDGE ( 'NONE', *, *, #1737, .F. ) ;
#3859 = LINE ( 'NONE', #2425, #1752 ) ;
#3860 = CARTESIAN_POINT ( 'NONE',  ( 0.000000000000000000, 0.5000000000000004441, 6.000000000000000000 ) ) ;
#3861 = ORIENTED_EDGE ( 'NONE', *, *, #2536, .T. ) ;
#3862 = DIRECTION ( 'NONE',  ( -0.000000000000000000, -0.000000000000000000, -1.000000000000000000 ) ) ;
#3863 = ORIENTED_EDGE ( 'NONE', *, *, #1875, .T. ) ;
#3864 = AXIS2_PLACEMENT_3D ( 'NONE', #704, #3630, #2125 ) ;
#3865 = DIRECTION ( 'NONE',  ( 9.912705577010325549E-17, -1.000000000000000000, 0.000000000000000000 ) ) ;
#3866 = CARTESIAN_POINT ( 'NONE',  ( 10.85979716233875791, 70.00000000000000000, 3.000000000000000000 ) ) ;
#3867 = ORIENTED_EDGE ( 'NONE', *, *, #4545, .T. ) ;
#3868 = EDGE_CURVE ( 'NONE', #2813, #4676, #3454, .T. ) ;
#3869 = EDGE_CURVE ( 'NONE', #2872, #2683, #2790, .T. ) ;
#3870 = DIRECTION ( 'NONE',  ( 0.7071067811865378028, 0.000000000000000000, 0.7071067811865573427 ) ) ;
#3871 = EDGE_CURVE ( 'NONE', #4581, #2584, #2626, .T. ) ;
#3872 = VECTOR ( 'NONE', #4274, 1000.000000000000000 ) ;
#3873 = CYLINDRICAL_SURFACE ( 'NONE', #873, 1.000000000000000888 ) ;
#3874 = VECTOR ( 'NONE', #3978, 1000.000000000000000 ) ;
#3875 = ADVANCED_FACE ( 'NONE', ( #2362 ), #214, .F. ) ;
#3876 = DIRECTION ( 'NONE',  ( -1.000000000000000000, 0.000000000000000000, 0.000000000000000000 ) ) ;
#3877 = EDGE_LOOP ( 'NONE', ( #2083, #289, #1317, #2118 ) ) ;
#3878 = VECTOR ( 'NONE', #2620, 1000.000000000000114 ) ;
#3879 = DIRECTION ( 'NONE',  ( 0.000000000000000000, 0.000000000000000000, -1.000000000000000000 ) ) ;
#3880 = CIRCLE ( 'NONE', #1789, 1.000000000000000888 ) ;
#3881 = CARTESIAN_POINT ( 'NONE',  ( 58.14020283766125630, 0.000000000000000000, 6.000000000000000000 ) ) ;
#3882 = CARTESIAN_POINT ( 'NONE',  ( 51.83445957513821867, 1.000000000000000888, 3.000000000000000000 ) ) ;
#3883 = ADVANCED_FACE ( 'NONE', ( #4557 ), #2729, .T. ) ;
#3884 = CARTESIAN_POINT ( 'NONE',  ( 25.97128368738482607, 69.00000000000000000, 6.000000000000000000 ) ) ;
#3885 = ORIENTED_EDGE ( 'NONE', *, *, #949, .T. ) ;
#3886 = CARTESIAN_POINT ( 'NONE',  ( 22.61148652504607881, 1.000000000000000888, 3.000000000000000000 ) ) ;
#3887 = PLANE ( 'NONE',  #3261 ) ;
#3888 = ORIENTED_EDGE ( 'NONE', *, *, #4595, .F. ) ;
#3889 = DIRECTION ( 'NONE',  ( 0.000000000000000000, 0.000000000000000000, -1.000000000000000000 ) ) ;
#3890 = VERTEX_POINT ( 'NONE', #3546 ) ;
#3891 = DIRECTION ( 'NONE',  ( -0.7071067811865531239, 8.659560562355004349E-17, 0.7071067811865417996 ) ) ;
#3892 = DIRECTION ( 'NONE',  ( 9.912705577010325549E-17, -1.000000000000000000, 0.000000000000000000 ) ) ;
#3893 = ORIENTED_EDGE ( 'NONE', *, *, #2789, .T. ) ;
#3894 = LINE ( 'NONE', #1738, #1744 ) ;
#3895 = EDGE_CURVE ( 'NONE', #2303, #1785, #4254, .T. ) ;
#3896 = CARTESIAN_POINT ( 'NONE',  ( 58.14020283766125630, 1.000000000000000000, 6.000000000000000000 ) ) ;
#3897 = CARTESIAN_POINT ( 'NONE',  ( 21.61148652504606815, 70.00000000000000000, 6.000000000000000000 ) ) ;
#3898 = DIRECTION ( 'NONE',  ( -1.000000000000000000, 0.000000000000000000, -0.000000000000000000 ) ) ;
#3899 = CARTESIAN_POINT ( 'NONE',  ( 26.47128368738483672, 1.000000000000000888, 6.000000000000000000 ) ) ;
#3900 = FACE_BOUND ( 'NONE', #1436, .T. ) ;
#3901 = DIRECTION ( 'NONE',  ( -0.000000000000000000, -0.000000000000000000, 1.000000000000000000 ) ) ;
#3902 = ORIENTED_EDGE ( 'NONE', *, *, #264, .T. ) ;
#3903 = LINE ( 'NONE', #3179, #2057 ) ;
#3904 = CIRCLE ( 'NONE', #969, 1.000000000000000000 ) ;
#3905 = LINE ( 'NONE', #3497, #2876 ) ;
#3906 = ORIENTED_EDGE ( 'NONE', *, *, #582, .F. ) ;
#3907 = DIRECTION ( 'NONE',  ( 1.486905836551548832E-16, -1.000000000000000000, 0.000000000000000000 ) ) ;
#3908 = VERTEX_POINT ( 'NONE', #598 ) ;
#3909 = CARTESIAN_POINT ( 'NONE',  ( 7.500000000000000000, 69.00000000000000000, 6.000000000000000000 ) ) ;
#3910 = DIRECTION ( 'NONE',  ( -1.000000000000000000, 0.000000000000000000, 0.000000000000000000 ) ) ;
#3911 = ORIENTED_EDGE ( 'NONE', *, *, #4295, .T. ) ;
#3912 = CARTESIAN_POINT ( 'NONE',  ( 43.52871631261518814, 1.000000000000000000, 5.500000000000000000 ) ) ;
#3913 = AXIS2_PLACEMENT_3D ( 'NONE', #3043, #2307, #3817 ) ;
#3914 = VECTOR ( 'NONE', #2697, 1000.000000000000000 ) ;
#3915 = CARTESIAN_POINT ( 'NONE',  ( 7.000000000000008882, 0.000000000000000000, 6.000000000000000000 ) ) ;
#3916 = VERTEX_POINT ( 'NONE', #3909 ) ;
#3917 = CIRCLE ( 'NONE', #3684, 0.5000000000000004441 ) ;
#3918 = AXIS2_PLACEMENT_3D ( 'NONE', #3919, #4759, #4692 ) ;
#3919 = CARTESIAN_POINT ( 'NONE',  ( 65.50000000000000000, 65.50000000000000000, 5.500000000000023981 ) ) ;
#3920 = AXIS2_PLACEMENT_3D ( 'NONE', #4468, #3455, #3092 ) ;
#3921 = DIRECTION ( 'NONE',  ( -1.000000000000000000, 0.000000000000000000, 0.000000000000000000 ) ) ;
#3922 = EDGE_CURVE ( 'NONE', #75, #4625, #2779, .T. ) ;
#3923 = CARTESIAN_POINT ( 'NONE',  ( 25.97128368738483672, 1.000000000000000888, 6.000000000000000000 ) ) ;
#3924 = DIRECTION ( 'NONE',  ( 1.000000000000000000, 0.000000000000000000, 0.000000000000000000 ) ) ;
#3925 = ORIENTED_EDGE ( 'NONE', *, *, #2466, .F. ) ;
#3926 = EDGE_CURVE ( 'NONE', #1418, #534, #1318, .T. ) ;
#3927 = CARTESIAN_POINT ( 'NONE',  ( 15.30574326252303408, 69.00000000000000000, 3.000000000000000000 ) ) ;
#3928 = CARTESIAN_POINT ( 'NONE',  ( 67.62499999999998579, 65.50000000000000000, 6.000000000000000000 ) ) ;
#3929 = EDGE_LOOP ( 'NONE', ( #2029, #3958, #236, #3616 ) ) ;
#3930 = DIRECTION ( 'NONE',  ( -1.000000000000000000, 0.000000000000000000, 0.000000000000000000 ) ) ;
#3931 = ORIENTED_EDGE ( 'NONE', *, *, #1421, .T. ) ;
#3932 = ORIENTED_EDGE ( 'NONE', *, *, #4426, .T. ) ;
#3933 = DIRECTION ( 'NONE',  ( 1.000000000000000000, 0.000000000000000000, 0.000000000000000000 ) ) ;
#3934 = ORIENTED_EDGE ( 'NONE', *, *, #3712, .F. ) ;
#3935 = DIRECTION ( 'NONE',  ( -1.000000000000000000, 0.000000000000000000, 0.000000000000000000 ) ) ;
#3936 = ADVANCED_FACE ( 'NONE', ( #1276 ), #2432, .T. ) ;
#3937 = DIRECTION ( 'NONE',  ( 0.000000000000000000, 0.000000000000000000, -1.000000000000000000 ) ) ;
#3938 = ORIENTED_EDGE ( 'NONE', *, *, #3199, .T. ) ;
#3939 = DIRECTION ( 'NONE',  ( 0.000000000000000000, 0.000000000000000000, -1.000000000000000000 ) ) ;
#3940 = CARTESIAN_POINT ( 'NONE',  ( 25.47128368738482607, 69.00000000000000000, 3.000000000000000000 ) ) ;
#3941 = VECTOR ( 'NONE', #4099, 1000.000000000000000 ) ;
#3942 = DIRECTION ( 'NONE',  ( 0.000000000000000000, 0.000000000000000000, -1.000000000000000000 ) ) ;
#3943 = DIRECTION ( 'NONE',  ( 9.912705577010325549E-17, -1.000000000000000000, 0.000000000000000000 ) ) ;
#3944 = VERTEX_POINT ( 'NONE', #1664 ) ;
#3945 = CIRCLE ( 'NONE', #3715, 1.000000000000000888 ) ;
#3946 = CARTESIAN_POINT ( 'NONE',  ( 26.47128368738483672, 0.5000000000000013323, 6.000000000000000000 ) ) ;
#3947 = EDGE_CURVE ( 'NONE', #4076, #766, #3091, .T. ) ;
#3948 = EDGE_CURVE ( 'NONE', #2092, #2831, #4202, .T. ) ;
#3949 = DIRECTION ( 'NONE',  ( -0.000000000000000000, -0.000000000000000000, -1.000000000000000000 ) ) ;
#3950 = VECTOR ( 'NONE', #2891, 1000.000000000000000 ) ;
#3951 = ORIENTED_EDGE ( 'NONE', *, *, #4220, .F. ) ;
#3952 = CARTESIAN_POINT ( 'NONE',  ( 0.000000000000000000, 0.000000000000000000, 5.500000000000000000 ) ) ;
#3953 = VERTEX_POINT ( 'NONE', #4610 ) ;
#3954 = ORIENTED_EDGE ( 'NONE', *, *, #2951, .T. ) ;
#3955 = DIRECTION ( 'NONE',  ( -0.000000000000000000, -0.000000000000000000, 1.000000000000000000 ) ) ;
#3956 = VERTEX_POINT ( 'NONE', #3522 ) ;
#3957 = CARTESIAN_POINT ( 'NONE',  ( 0.000000000000000000, 0.5000000000000004441, 6.000000000000000000 ) ) ;
#3958 = ORIENTED_EDGE ( 'NONE', *, *, #2787, .F. ) ;
#3959 = AXIS2_PLACEMENT_3D ( 'NONE', #4262, #3488, #224 ) ;
#3960 = LINE ( 'NONE', #2122, #161 ) ;
#3961 = DIRECTION ( 'NONE',  ( 0.000000000000000000, 0.000000000000000000, 1.000000000000000000 ) ) ;
#3962 = ORIENTED_EDGE ( 'NONE', *, *, #3516, .T. ) ;
#3963 = CARTESIAN_POINT ( 'NONE',  ( 21.61148652504606815, 69.00000000000000000, 6.000000000000000000 ) ) ;
#3964 = VECTOR ( 'NONE', #2400, 1000.000000000000000 ) ;
#3965 = LINE ( 'NONE', #655, #3531 ) ;
#3966 = DIRECTION ( 'NONE',  ( 1.000000000000000000, 0.000000000000000000, 0.000000000000000000 ) ) ;
#3967 = DIRECTION ( 'NONE',  ( -1.000000000000000000, -1.486905836551548586E-16, 0.000000000000000000 ) ) ;
#3968 = ORIENTED_EDGE ( 'NONE', *, *, #2854, .F. ) ;
#3969 = DIRECTION ( 'NONE',  ( -1.000000000000000000, 0.000000000000000000, 0.000000000000000000 ) ) ;
#3970 = DIRECTION ( 'NONE',  ( -1.000000000000000000, 0.000000000000000000, 0.000000000000000000 ) ) ;
#3971 = ORIENTED_EDGE ( 'NONE', *, *, #4585, .T. ) ;
#3972 = CIRCLE ( 'NONE', #37, 0.5000000000000004441 ) ;
#3973 = LINE ( 'NONE', #2594, #749 ) ;
#3974 = ORIENTED_EDGE ( 'NONE', *, *, #147, .F. ) ;
#3975 = EDGE_LOOP ( 'NONE', ( #762, #2911, #3974, #1844 ) ) ;
#3976 = EDGE_CURVE ( 'NONE', #2624, #207, #2049, .T. ) ;
#3977 = AXIS2_PLACEMENT_3D ( 'NONE', #3912, #623, #3935 ) ;
#3978 = DIRECTION ( 'NONE',  ( -0.000000000000000000, -0.000000000000000000, -1.000000000000000000 ) ) ;
#3979 = ORIENTED_EDGE ( 'NONE', *, *, #4095, .F. ) ;
#3980 = CARTESIAN_POINT ( 'NONE',  ( 37.22297305009214341, 69.00000000000000000, 3.000000000000000000 ) ) ;
#3981 = ORIENTED_EDGE ( 'NONE', *, *, #2807, .F. ) ;
#3982 = DIRECTION ( 'NONE',  ( 9.912705577010325549E-17, -1.000000000000000000, 0.000000000000000000 ) ) ;
#3983 = LINE ( 'NONE', #1132, #3682 ) ;
#3984 = ORIENTED_EDGE ( 'NONE', *, *, #2895, .F. ) ;
#3985 = CARTESIAN_POINT ( 'NONE',  ( 0.000000000000000000, 69.50000000000000000, 6.000000000000000000 ) ) ;
#3986 = EDGE_CURVE ( 'NONE', #2522, #1010, #917, .T. ) ;
#3987 = CONICAL_SURFACE ( 'NONE', #1897, 0.5000000000000143219, 0.7853981633974613796 ) ;
#3988 = EDGE_CURVE ( 'NONE', #454, #180, #961, .T. ) ;
#3989 = FACE_OUTER_BOUND ( 'NONE', #2664, .T. ) ;
#3990 = AXIS2_PLACEMENT_3D ( 'NONE', #1556, #2275, #498 ) ;
#3991 = AXIS2_PLACEMENT_3D ( 'NONE', #4701, #1435, #4765 ) ;
#3992 = FACE_OUTER_BOUND ( 'NONE', #4041, .T. ) ;
#3993 = AXIS2_PLACEMENT_3D ( 'NONE', #4039, #1771, #3675 ) ;
#3994 = CARTESIAN_POINT ( 'NONE',  ( 67.62499999999998579, 4.500000000000003553, 6.000000000000000000 ) ) ;
#3995 = ORIENTED_EDGE ( 'NONE', *, *, #712, .F. ) ;
#3996 = EDGE_CURVE ( 'NONE', #1174, #2091, #2803, .T. ) ;
#3997 = CARTESIAN_POINT ( 'NONE',  ( 63.87500000000000000, 4.500000000000003553, 0.000000000000000000 ) ) ;
#3998 = DIRECTION ( 'NONE',  ( -1.000000000000000000, 0.000000000000000000, -0.000000000000000000 ) ) ;
#3999 = CARTESIAN_POINT ( 'NONE',  ( 28.91722978756911644, 0.5000000000000004441, 6.000000000000000000 ) ) ;
#4000 = ORIENTED_EDGE ( 'NONE', *, *, #928, .F. ) ;
#4001 = ORIENTED_EDGE ( 'NONE', *, *, #1614, .T. ) ;
#4002 = DIRECTION ( 'NONE',  ( 0.000000000000000000, 0.000000000000000000, -1.000000000000000000 ) ) ;
#4003 = EDGE_LOOP ( 'NONE', ( #504, #340, #745, #2340 ) ) ;
#4004 = CARTESIAN_POINT ( 'NONE',  ( 58.14020283766125630, 0.000000000000000000, 5.500000000000000000 ) ) ;
#4005 = EDGE_LOOP ( 'NONE', ( #3385, #1136, #1016, #3136 ) ) ;
#4006 = EDGE_CURVE ( 'NONE', #3697, #3658, #2399, .T. ) ;
#4007 = EDGE_CURVE ( 'NONE', #1109, #1908, #552, .T. ) ;
#4008 = CARTESIAN_POINT ( 'NONE',  ( 14.30574326252304473, 0.000000000000000000, 3.000000000000000000 ) ) ;
#4009 = CARTESIAN_POINT ( 'NONE',  ( 43.52871631261518814, 1.000000000000000000, 3.000000000000000000 ) ) ;
#4010 = ORIENTED_EDGE ( 'NONE', *, *, #2387, .T. ) ;
#4011 = ADVANCED_FACE ( 'NONE', ( #3422 ), #3471, .F. ) ;
#4012 = DIRECTION ( 'NONE',  ( 0.000000000000000000, 0.7071067811865475727, -0.7071067811865475727 ) ) ;
#4013 = DIRECTION ( 'NONE',  ( -0.000000000000000000, -0.000000000000000000, 1.000000000000000000 ) ) ;
#4014 = EDGE_CURVE ( 'NONE', #4324, #1814, #3405, .T. ) ;
#4015 = VECTOR ( 'NONE', #365, 1000.000000000000000 ) ;
#4016 = DIRECTION ( 'NONE',  ( 0.7071067811865474617, 0.000000000000000000, 0.7071067811865474617 ) ) ;
#4017 = ORIENTED_EDGE ( 'NONE', *, *, #7, .F. ) ;
#4018 = DIRECTION ( 'NONE',  ( 0.000000000000000000, 0.000000000000000000, -1.000000000000000000 ) ) ;
#4019 = AXIS2_PLACEMENT_3D ( 'NONE', #1131, #4079, #1876 ) ;
#4020 = AXIS2_PLACEMENT_3D ( 'NONE', #379, #339, #2921 ) ;
#4021 = CARTESIAN_POINT ( 'NONE',  ( 32.77702694990787791, 1.000000000000000888, 3.000000000000000000 ) ) ;
#4022 = CIRCLE ( 'NONE', #1550, 1.625000000000001332 ) ;
#4023 = CARTESIAN_POINT ( 'NONE',  ( 0.000000000000000000, 0.000000000000000000, 6.000000000000000000 ) ) ;
#4024 = DIRECTION ( 'NONE',  ( -1.000000000000000000, 0.000000000000000000, 0.000000000000000000 ) ) ;
#4025 = VERTEX_POINT ( 'NONE', #3371 ) ;
#4026 = AXIS2_PLACEMENT_3D ( 'NONE', #3339, #1206, #3749 ) ;
#4027 = CARTESIAN_POINT ( 'NONE',  ( 0.000000000000000000, 0.000000000000000000, 3.000000000000000000 ) ) ;
#4028 = ORIENTED_EDGE ( 'NONE', *, *, #1673, .F. ) ;
#4029 = PLANE ( 'NONE',  #2061 ) ;
#4030 = EDGE_LOOP ( 'NONE', ( #2555, #1070, #1390, #4492 ) ) ;
#4031 = VECTOR ( 'NONE', #561, 1000.000000000000000 ) ;
#4032 = AXIS2_PLACEMENT_3D ( 'NONE', #3579, #1768, #2076 ) ;
#4033 = CARTESIAN_POINT ( 'NONE',  ( 59.14020283766124919, 70.00000000000000000, 5.500000000000000000 ) ) ;
#4034 = CARTESIAN_POINT ( 'NONE',  ( 11.85979716233876680, 0.000000000000000000, 3.000000000000000000 ) ) ;
#4035 = ORIENTED_EDGE ( 'NONE', *, *, #1921, .T. ) ;
#4036 = LINE ( 'NONE', #2175, #1701 ) ;
#4037 = CIRCLE ( 'NONE', #186, 0.5000000000000004441 ) ;
#4038 = EDGE_CURVE ( 'NONE', #1644, #2460, #2645, .T. ) ;
#4039 = CARTESIAN_POINT ( 'NONE',  ( 43.52871631261518814, 1.000000000000000000, 6.000000000000000000 ) ) ;
#4040 = FACE_OUTER_BOUND ( 'NONE', #4460, .T. ) ;
#4041 = EDGE_LOOP ( 'NONE', ( #48, #2361, #4514, #3480 ) ) ;
#4042 = CONICAL_SURFACE ( 'NONE', #1729, 0.4999999999999995559, 0.7853981633974482790 ) ;
#4043 = ORIENTED_EDGE ( 'NONE', *, *, #1354, .T. ) ;
#4044 = DIRECTION ( 'NONE',  ( 1.000000000000000000, 0.000000000000000000, 0.000000000000000000 ) ) ;
#4045 = EDGE_CURVE ( 'NONE', #4778, #2229, #4119, .T. ) ;
#4046 = FACE_OUTER_BOUND ( 'NONE', #4030, .T. ) ;
#4047 = LINE ( 'NONE', #4362, #4299 ) ;
#4048 = VERTEX_POINT ( 'NONE', #2353 ) ;
#4049 = VERTEX_POINT ( 'NONE', #4527 ) ;
#4050 = ADVANCED_FACE ( 'NONE', ( #809 ), #3061, .F. ) ;
#4051 = LINE ( 'NONE', #1395, #707 ) ;
#4052 = ORIENTED_EDGE ( 'NONE', *, *, #2991, .T. ) ;
#4053 = CARTESIAN_POINT ( 'NONE',  ( 54.69425673747696948, 69.00000000000000000, 5.500000000000000000 ) ) ;
#4054 = ORIENTED_EDGE ( 'NONE', *, *, #87, .T. ) ;
#4055 = EDGE_CURVE ( 'NONE', #509, #4156, #2317, .T. ) ;
#4056 = CIRCLE ( 'NONE', #1196, 1.000000000000000888 ) ;
#4057 = DIRECTION ( 'NONE',  ( -1.000000000000000000, 0.000000000000000000, 0.000000000000000000 ) ) ;
#4058 = CARTESIAN_POINT ( 'NONE',  ( 4.499999999999988454, 4.500000000000007105, 5.500000000000021316 ) ) ;
#4059 = ORIENTED_EDGE ( 'NONE', *, *, #3895, .T. ) ;
#4060 = ORIENTED_EDGE ( 'NONE', *, *, #732, .F. ) ;
#4061 = CARTESIAN_POINT ( 'NONE',  ( 67.12500000000000000, 65.50000000000000000, 6.000000000000000000 ) ) ;
#4062 = EDGE_LOOP ( 'NONE', ( #588, #1141, #1612, #2141 ) ) ;
#4063 = DIRECTION ( 'NONE',  ( -1.000000000000000000, 0.000000000000000000, 0.000000000000000000 ) ) ;
#4064 = CIRCLE ( 'NONE', #1135, 1.000000000000000888 ) ;
#4065 = EDGE_CURVE ( 'NONE', #3746, #4671, #4577, .T. ) ;
#4066 = VECTOR ( 'NONE', #2560, 1000.000000000000114 ) ;
#4067 = CARTESIAN_POINT ( 'NONE',  ( 48.38851347495394606, 1.000000000000000888, 6.000000000000000000 ) ) ;
#4068 = VECTOR ( 'NONE', #4101, 1000.000000000000000 ) ;
#4069 = ADVANCED_FACE ( 'NONE', ( #4171 ), #4096, .F. ) ;
#4070 = DIRECTION ( 'NONE',  ( 0.000000000000000000, 0.000000000000000000, -1.000000000000000000 ) ) ;
#4071 = ORIENTED_EDGE ( 'NONE', *, *, #2652, .F. ) ;
#4072 = VERTEX_POINT ( 'NONE', #3813 ) ;
#4073 = AXIS2_PLACEMENT_3D ( 'NONE', #2837, #3879, #3898 ) ;
#4074 = CONICAL_SURFACE ( 'NONE', #2690, 0.5000000000000004441, 0.7853981633974482790 ) ;
#4075 = DIRECTION ( 'NONE',  ( -1.000000000000000000, -0.000000000000000000, -0.000000000000000000 ) ) ;
#4076 = VERTEX_POINT ( 'NONE', #3086 ) ;
#4077 = FACE_OUTER_BOUND ( 'NONE', #283, .T. ) ;
#4078 = EDGE_LOOP ( 'NONE', ( #626, #1431, #637, #572 ) ) ;
#4079 = DIRECTION ( 'NONE',  ( 0.000000000000000000, 0.000000000000000000, -1.000000000000000000 ) ) ;
#4080 = FACE_OUTER_BOUND ( 'NONE', #141, .T. ) ;
#4081 = VERTEX_POINT ( 'NONE', #784 ) ;
#4082 = CARTESIAN_POINT ( 'NONE',  ( 0.000000000000000000, 0.5000000000000004441, 6.000000000000000000 ) ) ;
#4083 = EDGE_CURVE ( 'NONE', #1594, #1369, #2524, .T. ) ;
#4084 = ORIENTED_EDGE ( 'NONE', *, *, #1843, .T. ) ;
#4085 = EDGE_CURVE ( 'NONE', #2940, #3095, #4550, .T. ) ;
#4086 = CARTESIAN_POINT ( 'NONE',  ( 11.85979716233875791, 69.00000000000000000, 6.000000000000000000 ) ) ;
#4087 = VERTEX_POINT ( 'NONE', #1241 ) ;
#4088 = CARTESIAN_POINT ( 'NONE',  ( 1.000000000000000000, 69.00000000000000000, 6.000000000000000000 ) ) ;
#4089 = AXIS2_PLACEMENT_3D ( 'NONE', #1449, #361, #1424 ) ;
#4090 = LINE ( 'NONE', #494, #1652 ) ;
#4091 = DIRECTION ( 'NONE',  ( 1.000000000000000000, 0.000000000000000000, 0.000000000000000000 ) ) ;
#4092 = ORIENTED_EDGE ( 'NONE', *, *, #1512, .F. ) ;
#4093 = CONICAL_SURFACE ( 'NONE', #4633, 0.5000000000000004441, 0.7853981633974473908 ) ;
#4094 = ORIENTED_EDGE ( 'NONE', *, *, #1714, .T. ) ;
#4095 = EDGE_CURVE ( 'NONE', #2303, #4395, #421, .T. ) ;
#4096 = PLANE ( 'NONE',  #1825 ) ;
#4097 = EDGE_CURVE ( 'NONE', #3596, #1272, #2722, .T. ) ;
#4098 = EDGE_CURVE ( 'NONE', #2858, #2522, #886, .T. ) ;
#4099 = DIRECTION ( 'NONE',  ( -0.000000000000000000, 0.000000000000000000, 1.000000000000000000 ) ) ;
#4100 = ORIENTED_EDGE ( 'NONE', *, *, #2354, .F. ) ;
#4101 = DIRECTION ( 'NONE',  ( -0.000000000000000000, 0.000000000000000000, 1.000000000000000000 ) ) ;
#4102 = CONICAL_SURFACE ( 'NONE', #2020, 1.625000000000001332, 0.7853981633974285170 ) ;
#4103 = ORIENTED_EDGE ( 'NONE', *, *, #4744, .T. ) ;
#4104 = CIRCLE ( 'NONE', #3262, 1.000000000000000888 ) ;
#4105 = CARTESIAN_POINT ( 'NONE',  ( 62.00000000000000711, 69.00000000000000000, 3.000000000000000000 ) ) ;
#4106 = CARTESIAN_POINT ( 'NONE',  ( 7.000000000000000000, 69.00000000000000000, 3.000000000000000000 ) ) ;
#4107 = ORIENTED_EDGE ( 'NONE', *, *, #4439, .T. ) ;
#4108 = LINE ( 'NONE', #796, #4616 ) ;
#4109 = VECTOR ( 'NONE', #4740, 1000.000000000000000 ) ;
#4110 = ORIENTED_EDGE ( 'NONE', *, *, #1144, .F. ) ;
#4111 = LINE ( 'NONE', #125, #250 ) ;
#4112 = VERTEX_POINT ( 'NONE', #523 ) ;
#4113 = DIRECTION ( 'NONE',  ( 0.000000000000000000, 0.000000000000000000, -1.000000000000000000 ) ) ;
#4114 = AXIS2_PLACEMENT_3D ( 'NONE', #2714, #3034, #4188 ) ;
#4115 = CARTESIAN_POINT ( 'NONE',  ( 22.61148652504606815, 70.00000000000000000, 3.000000000000000000 ) ) ;
#4116 = CARTESIAN_POINT ( 'NONE',  ( 33.77702694990787791, 1.000000000000000888, 3.000000000000000000 ) ) ;
#4117 = DIRECTION ( 'NONE',  ( 1.486905836551548586E-16, -1.000000000000000000, 0.000000000000000000 ) ) ;
#4118 = EDGE_LOOP ( 'NONE', ( #4469, #1526, #4043, #3332 ) ) ;
#4119 = LINE ( 'NONE', #3782, #4406 ) ;
#4120 = AXIS2_PLACEMENT_3D ( 'NONE', #2666, #3808, #4457 ) ;
#4121 = LINE ( 'NONE', #4173, #3102 ) ;
#4122 = ORIENTED_EDGE ( 'NONE', *, *, #1026, .F. ) ;
#4123 = CARTESIAN_POINT ( 'NONE',  ( 33.77702694990786370, 70.00000000000000000, 6.000000000000000000 ) ) ;
#4124 = ORIENTED_EDGE ( 'NONE', *, *, #4658, .F. ) ;
#4125 = EDGE_CURVE ( 'NONE', #2303, #2429, #3841, .T. ) ;
#4126 = FACE_OUTER_BOUND ( 'NONE', #872, .T. ) ;
#4127 = DIRECTION ( 'NONE',  ( -9.912705577010325549E-17, 1.000000000000000000, -0.000000000000000000 ) ) ;
#4128 = VERTEX_POINT ( 'NONE', #160 ) ;
#4129 = DIRECTION ( 'NONE',  ( -1.000000000000000000, 0.000000000000000000, 0.000000000000000000 ) ) ;
#4130 = ORIENTED_EDGE ( 'NONE', *, *, #4139, .F. ) ;
#4131 = SURFACE_STYLE_FILL_AREA ( #799 ) ;
#4132 = FACE_OUTER_BOUND ( 'NONE', #3690, .T. ) ;
#4133 = DIRECTION ( 'NONE',  ( -1.000000000000000000, 0.000000000000000000, 0.000000000000000000 ) ) ;
#4134 = VERTEX_POINT ( 'NONE', #2304 ) ;
#4135 = ADVANCED_FACE ( 'NONE', ( #834 ), #1631, .T. ) ;
#4136 = CARTESIAN_POINT ( 'NONE',  ( 51.83445957513821156, 70.00000000000000000, 5.500000000000000000 ) ) ;
#4137 = CARTESIAN_POINT ( 'NONE',  ( 70.00000000000000000, 0.000000000000000000, 5.500000000000000000 ) ) ;
#4138 = CARTESIAN_POINT ( 'NONE',  ( 1.000000000000000000, 69.00000000000000000, 0.000000000000000000 ) ) ;
#4139 = EDGE_CURVE ( 'NONE', #4767, #783, #1700, .T. ) ;
#4140 = LINE ( 'NONE', #1169, #630 ) ;
#4141 = VERTEX_POINT ( 'NONE', #909 ) ;
#4142 = AXIS2_PLACEMENT_3D ( 'NONE', #4605, #2204, #3278 ) ;
#4143 = DIRECTION ( 'NONE',  ( 0.7071067811865474617, 0.000000000000000000, -0.7071067811865474617 ) ) ;
#4144 = EDGE_CURVE ( 'NONE', #1165, #4231, #3859, .T. ) ;
#4145 = VECTOR ( 'NONE', #1840, 1000.000000000000000 ) ;
#4146 = CIRCLE ( 'NONE', #2682, 1.625000000000001332 ) ;
#4147 = CARTESIAN_POINT ( 'NONE',  ( 15.30574326252303408, 69.00000000000000000, 5.500000000000027534 ) ) ;
#4148 = ORIENTED_EDGE ( 'NONE', *, *, #3976, .F. ) ;
#4149 = DIRECTION ( 'NONE',  ( -1.000000000000000000, 0.000000000000000000, 0.000000000000000000 ) ) ;
#4150 = ORIENTED_EDGE ( 'NONE', *, *, #656, .T. ) ;
#4151 = VECTOR ( 'NONE', #2731, 1000.000000000000114 ) ;
#4152 = CARTESIAN_POINT ( 'NONE',  ( 69.00000000000000000, 69.00000000000000000, 6.000000000000000000 ) ) ;
#4153 = LINE ( 'NONE', #2000, #989 ) ;
#4154 = ORIENTED_EDGE ( 'NONE', *, *, #4207, .F. ) ;
#4155 = FACE_OUTER_BOUND ( 'NONE', #2114, .T. ) ;
#4156 = VERTEX_POINT ( 'NONE', #277 ) ;
#4157 = AXIS2_PLACEMENT_3D ( 'NONE', #155, #1237, #3126 ) ;
#4158 = DIRECTION ( 'NONE',  ( 0.000000000000000000, 0.000000000000000000, 1.000000000000000000 ) ) ;
#4159 = EDGE_CURVE ( 'NONE', #888, #4250, #3903, .T. ) ;
#4160 = EDGE_CURVE ( 'NONE', #1410, #3351, #4647, .T. ) ;
#4161 = EDGE_CURVE ( 'NONE', #3916, #4510, #545, .T. ) ;
#4162 = DIRECTION ( 'NONE',  ( -1.982541115402065110E-16, 1.000000000000000000, 0.000000000000000000 ) ) ;
#4163 = CARTESIAN_POINT ( 'NONE',  ( 18.66554042486179199, 69.00000000000000000, 6.000000000000000000 ) ) ;
#4164 = ORIENTED_EDGE ( 'NONE', *, *, #3805, .F. ) ;
#4165 = LINE ( 'NONE', #2348, #3421 ) ;
#4166 = ADVANCED_FACE ( 'NONE', ( #1341 ), #2084, .F. ) ;
#4167 = FACE_OUTER_BOUND ( 'NONE', #1976, .T. ) ;
#4168 = CARTESIAN_POINT ( 'NONE',  ( 32.77702694990786370, 69.00000000000000000, 3.000000000000000000 ) ) ;
#4169 = LINE ( 'NONE', #3419, #396 ) ;
#4170 = ORIENTED_EDGE ( 'NONE', *, *, #2074, .F. ) ;
#4171 = FACE_OUTER_BOUND ( 'NONE', #4335, .T. ) ;
#4172 = ADVANCED_FACE ( 'NONE', ( #3540 ), #2445, .T. ) ;
#4173 = CARTESIAN_POINT ( 'NONE',  ( 0.000000000000000000, 69.50000000000000000, 6.000000000000000000 ) ) ;
#4174 = ORIENTED_EDGE ( 'NONE', *, *, #2116, .T. ) ;
#4175 = CARTESIAN_POINT ( 'NONE',  ( 33.77702694990786370, 70.00000000000000000, 5.500000000000000000 ) ) ;
#4176 = ORIENTED_EDGE ( 'NONE', *, *, #4320, .T. ) ;
#4177 = CARTESIAN_POINT ( 'NONE',  ( 19.16554042486179199, 69.00000000000000000, 6.000000000000000000 ) ) ;
#4178 = VECTOR ( 'NONE', #2330, 1000.000000000000114 ) ;
#4179 = CARTESIAN_POINT ( 'NONE',  ( 8.000000000000008882, 1.000000000000000888, 5.500000000000000000 ) ) ;
#4180 = ORIENTED_EDGE ( 'NONE', *, *, #414, .T. ) ;
#4181 = PLANE ( 'NONE',  #4673 ) ;
#4182 = ORIENTED_EDGE ( 'NONE', *, *, #3816, .F. ) ;
#4183 = VECTOR ( 'NONE', #855, 1000.000000000000000 ) ;
#4184 = DIRECTION ( 'NONE',  ( -1.000000000000000000, 0.000000000000000000, 0.000000000000000000 ) ) ;
#4185 = VECTOR ( 'NONE', #2694, 1000.000000000000000 ) ;
#4186 = ADVANCED_FACE ( 'NONE', ( #2773 ), #187, .T. ) ;
#4187 = ORIENTED_EDGE ( 'NONE', *, *, #880, .T. ) ;
#4188 = DIRECTION ( 'NONE',  ( 1.000000000000000000, 0.000000000000000000, 0.000000000000000000 ) ) ;
#4189 = CONICAL_SURFACE ( 'NONE', #4648, 0.5000000000000004441, 0.7853981633974473908 ) ;
#4190 = PLANE ( 'NONE',  #493 ) ;
#4191 = CARTESIAN_POINT ( 'NONE',  ( 26.47128368738482607, 70.00000000000000000, 6.000000000000000000 ) ) ;
#4192 = DIRECTION ( 'NONE',  ( -9.912705577010325549E-17, 1.000000000000000000, -0.000000000000000000 ) ) ;
#4193 = ORIENTED_EDGE ( 'NONE', *, *, #1399, .F. ) ;
#4194 = AXIS2_PLACEMENT_3D ( 'NONE', #3532, #4592, #2036 ) ;
#4195 = CARTESIAN_POINT ( 'NONE',  ( 22.61148652504606815, 70.00000000000000000, 3.000000000000000000 ) ) ;
#4196 = CARTESIAN_POINT ( 'NONE',  ( 19.16554042486179199, 69.00000000000000000, 5.500000000000000000 ) ) ;
#4197 = ORIENTED_EDGE ( 'NONE', *, *, #1039, .F. ) ;
#4198 = CARTESIAN_POINT ( 'NONE',  ( 63.00000000000000000, 69.00000000000000000, 6.000000000000000000 ) ) ;
#4199 = VERTEX_POINT ( 'NONE', #2450 ) ;
#4200 = VECTOR ( 'NONE', #3344, 1000.000000000000000 ) ;
#4201 = ADVANCED_FACE ( 'NONE', ( #589 ), #2042, .F. ) ;
#4202 = LINE ( 'NONE', #168, #2625 ) ;
#4203 = LINE ( 'NONE', #69, #220 ) ;
#4204 = VERTEX_POINT ( 'NONE', #3927 ) ;
#4205 = CARTESIAN_POINT ( 'NONE',  ( 51.83445957513821867, 0.000000000000000000, 3.000000000000000000 ) ) ;
#4206 = ORIENTED_EDGE ( 'NONE', *, *, #2628, .T. ) ;
#4207 = EDGE_CURVE ( 'NONE', #4156, #509, #3146, .T. ) ;
#4208 = CARTESIAN_POINT ( 'NONE',  ( 21.61148652504606815, 69.00000000000000000, 3.000000000000000000 ) ) ;
#4209 = VECTOR ( 'NONE', #846, 1000.000000000000000 ) ;
#4210 = DIRECTION ( 'NONE',  ( 0.7071067811865474617, 0.000000000000000000, 0.7071067811865474617 ) ) ;
#4211 = VERTEX_POINT ( 'NONE', #613 ) ;
#4212 = CARTESIAN_POINT ( 'NONE',  ( 54.69425673747696948, 69.00000000000000000, 3.000000000000000000 ) ) ;
#4213 = AXIS2_PLACEMENT_3D ( 'NONE', #673, #744, #2600 ) ;
#4214 = VECTOR ( 'NONE', #4162, 1000.000000000000000 ) ;
#4215 = CARTESIAN_POINT ( 'NONE',  ( 50.83445957513821156, 69.00000000000000000, 3.000000000000000000 ) ) ;
#4216 = CARTESIAN_POINT ( 'NONE',  ( 58.64020283766125630, 1.000000000000000888, 6.000000000000000000 ) ) ;
#4217 = DIRECTION ( 'NONE',  ( -1.000000000000000000, 0.000000000000000000, 0.000000000000000000 ) ) ;
#4218 = EDGE_LOOP ( 'NONE', ( #1365, #4071, #4148, #4327 ) ) ;
#4219 = CARTESIAN_POINT ( 'NONE',  ( 0.000000000000000000, 0.000000000000000000, 6.000000000000000000 ) ) ;
#4220 = EDGE_CURVE ( 'NONE', #1785, #4575, #212, .T. ) ;
#4221 = EDGE_CURVE ( 'NONE', #3295, #4128, #4602, .T. ) ;
#4222 = CARTESIAN_POINT ( 'NONE',  ( 47.38851347495394606, 1.000000000000000888, 5.500000000000000000 ) ) ;
#4223 = ORIENTED_EDGE ( 'NONE', *, *, #4007, .T. ) ;
#4224 = FACE_OUTER_BOUND ( 'NONE', #317, .T. ) ;
#4225 = VERTEX_POINT ( 'NONE', #3886 ) ;
#4226 = CIRCLE ( 'NONE', #903, 0.5000000000000004441 ) ;
#4227 = AXIS2_PLACEMENT_3D ( 'NONE', #3131, #3206, #956 ) ;
#4228 = AXIS2_PLACEMENT_3D ( 'NONE', #310, #2965, #760 ) ;
#4229 = DIRECTION ( 'NONE',  ( 0.000000000000000000, 0.000000000000000000, -1.000000000000000000 ) ) ;
#4230 = DIRECTION ( 'NONE',  ( -1.000000000000000000, 0.000000000000000000, 0.000000000000000000 ) ) ;
#4231 = VERTEX_POINT ( 'NONE', #2062 ) ;
#4232 = CIRCLE ( 'NONE', #3846, 1.000000000000000888 ) ;
#4233 = LINE ( 'NONE', #3770, #757 ) ;
#4234 = EDGE_CURVE ( 'NONE', #1254, #4404, #933, .T. ) ;
#4235 = DIRECTION ( 'NONE',  ( -1.000000000000000000, 0.000000000000000000, 0.000000000000000000 ) ) ;
#4236 = CIRCLE ( 'NONE', #2925, 1.000000000000000888 ) ;
#4237 = CARTESIAN_POINT ( 'NONE',  ( 47.38851347495394606, 1.000000000000000888, 5.500000000000000000 ) ) ;
#4238 = VERTEX_POINT ( 'NONE', #229 ) ;
#4239 = EDGE_CURVE ( 'NONE', #4112, #1594, #2845, .T. ) ;
#4240 = CARTESIAN_POINT ( 'NONE',  ( 6.624999999999988454, 65.50000000000001421, 6.000000000000000000 ) ) ;
#4241 = VECTOR ( 'NONE', #3810, 1000.000000000000000 ) ;
#4242 = FACE_OUTER_BOUND ( 'NONE', #983, .T. ) ;
#4243 = CARTESIAN_POINT ( 'NONE',  ( 33.77702694990786370, 69.00000000000000000, 3.000000000000000000 ) ) ;
#4244 = DIRECTION ( 'NONE',  ( 0.7071067811865474617, 0.000000000000000000, -0.7071067811865474617 ) ) ;
#4245 = VERTEX_POINT ( 'NONE', #2796 ) ;
#4246 = CARTESIAN_POINT ( 'NONE',  ( 36.72297305009215052, 3.640240197580483264E-15, 6.000000000000000000 ) ) ;
#4247 = CARTESIAN_POINT ( 'NONE',  ( 51.83445957513821156, 70.00000000000000000, 5.500000000000000000 ) ) ;
#4248 = EDGE_LOOP ( 'NONE', ( #2688, #1005, #423, #3518 ) ) ;
#4249 = LINE ( 'NONE', #981, #3144 ) ;
#4250 = VERTEX_POINT ( 'NONE', #4269 ) ;
#4251 = EDGE_CURVE ( 'NONE', #4357, #3577, #2471, .T. ) ;
#4252 = ADVANCED_FACE ( 'NONE', ( #2109 ), #3586, .F. ) ;
#4253 = AXIS2_PLACEMENT_3D ( 'NONE', #44, #3767, #144 ) ;
#4254 = LINE ( 'NONE', #576, #4480 ) ;
#4255 = FACE_OUTER_BOUND ( 'NONE', #1711, .T. ) ;
#4256 = ORIENTED_EDGE ( 'NONE', *, *, #3284, .T. ) ;
#4257 = CARTESIAN_POINT ( 'NONE',  ( 55.69425673747697658, 0.000000000000000000, 3.000000000000000000 ) ) ;
#4258 = EDGE_CURVE ( 'NONE', #4231, #3697, #392, .T. ) ;
#4259 = AXIS2_PLACEMENT_3D ( 'NONE', #4152, #840, #2309 ) ;
#4260 = DIRECTION ( 'NONE',  ( -1.000000000000000000, 0.000000000000000000, -0.000000000000000000 ) ) ;
#4261 = CIRCLE ( 'NONE', #4715, 1.000000000000000888 ) ;
#4262 = CARTESIAN_POINT ( 'NONE',  ( 41.08277021243089422, 69.00000000000000000, 5.500000000000000000 ) ) ;
#4263 = AXIS2_PLACEMENT_3D ( 'NONE', #437, #1860, #847 ) ;
#4264 = CARTESIAN_POINT ( 'NONE',  ( 7.000000000000008882, 1.000000000000000000, 3.000000000000000000 ) ) ;
#4265 = CARTESIAN_POINT ( 'NONE',  ( 43.52871631261518814, 0.000000000000000000, 6.000000000000000000 ) ) ;
#4266 = CIRCLE ( 'NONE', #1557, 1.000000000000000888 ) ;
#4267 = CARTESIAN_POINT ( 'NONE',  ( 0.5000000000000004441, 1.000000000000000000, 6.000000000000000000 ) ) ;
#4268 = ORIENTED_EDGE ( 'NONE', *, *, #2727, .F. ) ;
#4269 = CARTESIAN_POINT ( 'NONE',  ( 69.00000000000000000, 70.00000000000000000, 0.000000000000000000 ) ) ;
#4270 = DIRECTION ( 'NONE',  ( 0.000000000000000000, -0.7071067811865573427, -0.7071067811865376918 ) ) ;
#4271 = ORIENTED_EDGE ( 'NONE', *, *, #3221, .F. ) ;
#4272 = CARTESIAN_POINT ( 'NONE',  ( 48.38851347495393895, 69.00000000000000000, 5.500000000000000000 ) ) ;
#4273 = ORIENTED_EDGE ( 'NONE', *, *, #1663, .F. ) ;
#4274 = DIRECTION ( 'NONE',  ( -0.000000000000000000, -0.000000000000000000, -1.000000000000000000 ) ) ;
#4275 = DIRECTION ( 'NONE',  ( 1.000000000000000000, 0.000000000000000000, 0.000000000000000000 ) ) ;
#4276 = ORIENTED_EDGE ( 'NONE', *, *, #49, .T. ) ;
#4277 = CARTESIAN_POINT ( 'NONE',  ( 37.22297305009214341, 70.00000000000000000, 3.000000000000000000 ) ) ;
#4278 = DIRECTION ( 'NONE',  ( 1.000000000000000000, 0.000000000000000000, 0.000000000000000000 ) ) ;
#4279 = VERTEX_POINT ( 'NONE', #4723 ) ;
#4280 = FILL_AREA_STYLE ('',( #2439 ) ) ;
#4281 = DIRECTION ( 'NONE',  ( -1.000000000000000000, 0.000000000000000000, 0.000000000000000000 ) ) ;
#4282 = EDGE_CURVE ( 'NONE', #1870, #534, #1411, .T. ) ;
#4283 = CARTESIAN_POINT ( 'NONE',  ( 8.000000000000000000, 70.00000000000000000, 5.500000000000000000 ) ) ;
#4284 = DIRECTION ( 'NONE',  ( 9.912705577010325549E-17, -1.000000000000000000, 0.000000000000000000 ) ) ;
#4285 = DIRECTION ( 'NONE',  ( -0.000000000000000000, 0.000000000000000000, 1.000000000000000000 ) ) ;
#4286 = ORIENTED_EDGE ( 'NONE', *, *, #849, .F. ) ;
#4287 = CARTESIAN_POINT ( 'NONE',  ( 48.38851347495393895, 69.00000000000000000, 6.000000000000000000 ) ) ;
#4288 = ADVANCED_FACE ( 'NONE', ( #3635 ), #2182, .F. ) ;
#4289 = EDGE_CURVE ( 'NONE', #75, #1810, #4337, .T. ) ;
#4290 = CARTESIAN_POINT ( 'NONE',  ( 54.69425673747697658, 1.000000000000000888, 5.500000000000000000 ) ) ;
#4291 = ORIENTED_EDGE ( 'NONE', *, *, #1749, .F. ) ;
#4292 = DIRECTION ( 'NONE',  ( 9.912705577010325549E-17, -1.000000000000000000, 0.000000000000000000 ) ) ;
#4293 = ORIENTED_EDGE ( 'NONE', *, *, #4220, .T. ) ;
#4294 = EDGE_LOOP ( 'NONE', ( #893, #3185, #3358, #2140 ) ) ;
#4295 = EDGE_CURVE ( 'NONE', #1717, #4134, #735, .T. ) ;
#4296 = DIRECTION ( 'NONE',  ( -0.000000000000000000, -0.000000000000000000, -1.000000000000000000 ) ) ;
#4297 = ORIENTED_EDGE ( 'NONE', *, *, #4704, .F. ) ;
#4298 = DIRECTION ( 'NONE',  ( -1.000000000000000000, -0.000000000000000000, -0.000000000000000000 ) ) ;
#4299 = VECTOR ( 'NONE', #2527, 1000.000000000000000 ) ;
#4300 = CARTESIAN_POINT ( 'NONE',  ( 0.000000000000000000, 70.00000000000000000, 5.500000000000000000 ) ) ;
#4301 = VERTEX_POINT ( 'NONE', #6 ) ;
#4302 = VECTOR ( 'NONE', #381, 1000.000000000000000 ) ;
#4303 = CARTESIAN_POINT ( 'NONE',  ( 0.000000000000000000, 69.00000000000000000, 0.000000000000000000 ) ) ;
#4304 = AXIS2_PLACEMENT_3D ( 'NONE', #2862, #3606, #4330 ) ;
#4305 = EDGE_CURVE ( 'NONE', #3109, #4720, #1059, .T. ) ;
#4306 = ADVANCED_FACE ( 'NONE', ( #1099 ), #4451, .T. ) ;
#4307 = CARTESIAN_POINT ( 'NONE',  ( 33.77702694990787791, 0.5000000000000013323, 6.000000000000000000 ) ) ;
#4308 = AXIS2_PLACEMENT_3D ( 'NONE', #1831, #3314, #1469 ) ;
#4309 = DIRECTION ( 'NONE',  ( -1.000000000000000000, 0.000000000000000000, 0.000000000000000000 ) ) ;
#4310 = CARTESIAN_POINT ( 'NONE',  ( 10.85979716233875791, 69.00000000000000000, 5.500000000000027534 ) ) ;
#4311 = LINE ( 'NONE', #566, #2242 ) ;
#4312 = ORIENTED_EDGE ( 'NONE', *, *, #4055, .T. ) ;
#4313 = DIRECTION ( 'NONE',  ( 1.000000000000000000, 0.000000000000000000, 0.000000000000000000 ) ) ;
#4314 = ADVANCED_FACE ( 'NONE', ( #1119 ), #2133, .T. ) ;
#4315 = FACE_OUTER_BOUND ( 'NONE', #4078, .T. ) ;
#4316 = VERTEX_POINT ( 'NONE', #1048 ) ;
#4317 = DIRECTION ( 'NONE',  ( -1.000000000000000000, 0.000000000000000000, 0.000000000000000000 ) ) ;
#4318 = EDGE_LOOP ( 'NONE', ( #2748, #3049, #4657, #4293, #1032, #1313, #2262, #4052 ) ) ;
#4319 = ORIENTED_EDGE ( 'NONE', *, *, #2536, .F. ) ;
#4320 = EDGE_CURVE ( 'NONE', #1484, #4199, #1815, .T. ) ;
#4321 = FACE_OUTER_BOUND ( 'NONE', #429, .T. ) ;
#4322 = ORIENTED_EDGE ( 'NONE', *, *, #851, .F. ) ;
#4323 = DIRECTION ( 'NONE',  ( 1.000000000000000000, 0.000000000000000000, 0.000000000000000000 ) ) ;
#4324 = VERTEX_POINT ( 'NONE', #3997 ) ;
#4325 = EDGE_CURVE ( 'NONE', #1202, #651, #54, .T. ) ;
#4326 = PLANE ( 'NONE',  #1139 ) ;
#4327 = ORIENTED_EDGE ( 'NONE', *, *, #4535, .F. ) ;
#4328 = VECTOR ( 'NONE', #1514, 1000.000000000000000 ) ;
#4329 = PLANE ( 'NONE',  #77 ) ;
#4330 = DIRECTION ( 'NONE',  ( 1.486905836551548586E-16, -1.000000000000000000, 0.000000000000000000 ) ) ;
#4331 = ADVANCED_FACE ( 'NONE', ( #2159 ), #2936, .F. ) ;
#4332 = CIRCLE ( 'NONE', #1707, 2.124999999999988010 ) ;
#4333 = CARTESIAN_POINT ( 'NONE',  ( 0.000000000000000000, 0.5000000000000004441, 6.000000000000000000 ) ) ;
#4334 = FACE_OUTER_BOUND ( 'NONE', #2501, .T. ) ;
#4335 = EDGE_LOOP ( 'NONE', ( #2955, #2397, #1349, #4150, #1855, #2124, #3911, #98 ) ) ;
#4336 = CONICAL_SURFACE ( 'NONE', #247, 0.5000000000000004441, 0.7853981633974473908 ) ;
#4337 = LINE ( 'NONE', #4405, #1209 ) ;
#4338 = FACE_OUTER_BOUND ( 'NONE', #734, .T. ) ;
#4339 = AXIS2_PLACEMENT_3D ( 'NONE', #3559, #1697, #2014 ) ;
#4340 = ORIENTED_EDGE ( 'NONE', *, *, #4221, .T. ) ;
#4341 = DIRECTION ( 'NONE',  ( 0.000000000000000000, 0.000000000000000000, -1.000000000000000000 ) ) ;
#4342 = ORIENTED_EDGE ( 'NONE', *, *, #4083, .F. ) ;
#4343 = ORIENTED_EDGE ( 'NONE', *, *, #3976, .T. ) ;
#4344 = LINE ( 'NONE', #1033, #3874 ) ;
#4345 = VERTEX_POINT ( 'NONE', #372 ) ;
#4346 = CARTESIAN_POINT ( 'NONE',  ( 19.16554042486179199, 69.00000000000000000, 3.000000000000000000 ) ) ;
#4347 = ORIENTED_EDGE ( 'NONE', *, *, #1162, .T. ) ;
#4348 = CONICAL_SURFACE ( 'NONE', #2889, 0.5000000000000004441, 0.7853981633974473908 ) ;
#4349 = CARTESIAN_POINT ( 'NONE',  ( 33.77702694990786370, 69.00000000000000000, 6.000000000000000000 ) ) ;
#4350 = CYLINDRICAL_SURFACE ( 'NONE', #4418, 1.000000000000000000 ) ;
#4351 = ORIENTED_EDGE ( 'NONE', *, *, #1830, .F. ) ;
#4352 = ADVANCED_FACE ( 'NONE', ( #306 ), #1480, .F. ) ;
#4353 = CARTESIAN_POINT ( 'NONE',  ( 15.30574326252303408, 70.00000000000000000, 5.500000000000027534 ) ) ;
#4354 = DIRECTION ( 'NONE',  ( -1.000000000000000000, 0.000000000000000000, 0.000000000000000000 ) ) ;
#4355 = LINE ( 'NONE', #1045, #143 ) ;
#4356 = FACE_OUTER_BOUND ( 'NONE', #743, .T. ) ;
#4357 = VERTEX_POINT ( 'NONE', #1775 ) ;
#4358 = ORIENTED_EDGE ( 'NONE', *, *, #4014, .T. ) ;
#4359 = CARTESIAN_POINT ( 'NONE',  ( 26.47128368738482607, 69.00000000000000000, 6.000000000000000000 ) ) ;
#4360 = CARTESIAN_POINT ( 'NONE',  ( 62.00000000000001421, 1.000000000000000888, 5.500000000000000000 ) ) ;
#4361 = VECTOR ( 'NONE', #2662, 1000.000000000000000 ) ;
#4362 = CARTESIAN_POINT ( 'NONE',  ( 0.000000000000000000, 0.000000000000000000, 5.500000000000000000 ) ) ;
#4363 = ORIENTED_EDGE ( 'NONE', *, *, #3403, .T. ) ;
#4364 = ORIENTED_EDGE ( 'NONE', *, *, #4698, .T. ) ;
#4365 = EDGE_CURVE ( 'NONE', #1870, #1803, #4576, .T. ) ;
#4366 = EDGE_CURVE ( 'NONE', #217, #3295, #4037, .T. ) ;
#4367 = CARTESIAN_POINT ( 'NONE',  ( 7.000000000000008882, 0.000000000000000000, 5.500000000000000000 ) ) ;
#4368 = VERTEX_POINT ( 'NONE', #1433 ) ;
#4369 = DIRECTION ( 'NONE',  ( -1.000000000000000000, 0.000000000000000000, 0.000000000000000000 ) ) ;
#4370 = ORIENTED_EDGE ( 'NONE', *, *, #2510, .T. ) ;
#4371 = ADVANCED_FACE ( 'NONE', ( #4385 ), #4348, .T. ) ;
#4372 = CARTESIAN_POINT ( 'NONE',  ( 65.50000000000000000, 65.50000000000000000, 5.500000000000023981 ) ) ;
#4373 = DIRECTION ( 'NONE',  ( 1.000000000000000000, 0.000000000000000000, 0.000000000000000000 ) ) ;
#4374 = ORIENTED_EDGE ( 'NONE', *, *, #4697, .F. ) ;
#4375 = VECTOR ( 'NONE', #3862, 1000.000000000000000 ) ;
#4376 = DIRECTION ( 'NONE',  ( 1.000000000000000000, 0.000000000000000000, 0.000000000000000000 ) ) ;
#4377 = VECTOR ( 'NONE', #3892, 1000.000000000000000 ) ;
#4378 = CARTESIAN_POINT ( 'NONE',  ( 11.35979716233874370, 69.00000000000000000, 6.000000000000000000 ) ) ;
#4379 = AXIS2_PLACEMENT_3D ( 'NONE', #3016, #4482, #1171 ) ;
#4380 = EDGE_CURVE ( 'NONE', #2831, #1769, #3342, .T. ) ;
#4381 = AXIS2_PLACEMENT_3D ( 'NONE', #4486, #2623, #4149 ) ;
#4382 = DIRECTION ( 'NONE',  ( 0.000000000000000000, 1.000000000000000000, 0.000000000000000000 ) ) ;
#4383 = EDGE_LOOP ( 'NONE', ( #109, #262, #3665, #1839 ) ) ;
#4384 = EDGE_LOOP ( 'NONE', ( #1368, #4437, #1956, #1088 ) ) ;
#4385 = FACE_OUTER_BOUND ( 'NONE', #1780, .T. ) ;
#4386 = LINE ( 'NONE', #334, #2037 ) ;
#4387 = DIRECTION ( 'NONE',  ( 0.000000000000000000, -0.7071067811865474617, -0.7071067811865474617 ) ) ;
#4388 = AXIS2_PLACEMENT_3D ( 'NONE', #4333, #2239, #2977 ) ;
#4389 = PLANE ( 'NONE',  #3006 ) ;
#4390 = ORIENTED_EDGE ( 'NONE', *, *, #175, .T. ) ;
#4391 = CARTESIAN_POINT ( 'NONE',  ( 0.000000000000000000, 69.50000000000000000, 6.000000000000000000 ) ) ;
#4392 = VERTEX_POINT ( 'NONE', #466 ) ;
#4394 = ADVANCED_FACE ( 'NONE', ( #850 ), #1414, .F. ) ;
#4393 = CARTESIAN_POINT ( 'NONE',  ( 7.000000000000000000, 69.00000000000000000, 6.000000000000000000 ) ) ;
#4395 = VERTEX_POINT ( 'NONE', #3366 ) ;
#4396 = DIRECTION ( 'NONE',  ( 1.239088197126290570E-16, -1.000000000000000000, 0.000000000000000000 ) ) ;
#4397 = LINE ( 'NONE', #1087, #4066 ) ;
#4398 = EDGE_LOOP ( 'NONE', ( #3167, #3750, #4060, #643 ) ) ;
#4399 = CARTESIAN_POINT ( 'NONE',  ( 4.499999999999988454, 4.500000000000007105, 6.000000000000000000 ) ) ;
#4400 = FACE_OUTER_BOUND ( 'NONE', #2473, .T. ) ;
#4401 = CIRCLE ( 'NONE', #238, 1.000000000000000888 ) ;
#4402 = CARTESIAN_POINT ( 'NONE',  ( 28.91722978756911644, 1.000000000000000000, 6.000000000000000000 ) ) ;
#4403 = ADVANCED_FACE ( 'NONE', ( #2297 ), #1210, .T. ) ;
#4404 = VERTEX_POINT ( 'NONE', #778 ) ;
#4405 = CARTESIAN_POINT ( 'NONE',  ( 59.14020283766124919, 70.00000000000000000, 3.000000000000000000 ) ) ;
#4406 = VECTOR ( 'NONE', #110, 1000.000000000000000 ) ;
#4407 = CIRCLE ( 'NONE', #4020, 1.000000000000000888 ) ;
#4408 = DIRECTION ( 'NONE',  ( -1.000000000000000000, 0.000000000000000000, 0.000000000000000000 ) ) ;
#4409 = LINE ( 'NONE', #1459, #980 ) ;
#4410 = ORIENTED_EDGE ( 'NONE', *, *, #404, .T. ) ;
#4411 = ORIENTED_EDGE ( 'NONE', *, *, #176, .F. ) ;
#4412 = VECTOR ( 'NONE', #2318, 1000.000000000000114 ) ;
#4413 = PLANE ( 'NONE',  #2171 ) ;
#4414 = ORIENTED_EDGE ( 'NONE', *, *, #1146, .F. ) ;
#4415 = DIRECTION ( 'NONE',  ( 0.000000000000000000, 0.000000000000000000, -1.000000000000000000 ) ) ;
#4416 = ORIENTED_EDGE ( 'NONE', *, *, #449, .F. ) ;
#4417 = VECTOR ( 'NONE', #2464, 1000.000000000000000 ) ;
#4418 = AXIS2_PLACEMENT_3D ( 'NONE', #3506, #197, #222 ) ;
#4419 = CARTESIAN_POINT ( 'NONE',  ( 63.00000000000000000, 0.5000000000000013323, 6.000000000000000000 ) ) ;
#4420 = DIRECTION ( 'NONE',  ( 1.000000000000000000, -0.000000000000000000, 0.000000000000000000 ) ) ;
#4421 = ORIENTED_EDGE ( 'NONE', *, *, #36, .F. ) ;
#4422 = ORIENTED_EDGE ( 'NONE', *, *, #3714, .T. ) ;
#4423 = CIRCLE ( 'NONE', #3959, 1.000000000000000888 ) ;
#4424 = DIRECTION ( 'NONE',  ( 0.000000000000000000, 0.7071067811865475727, -0.7071067811865475727 ) ) ;
#4425 = EDGE_CURVE ( 'NONE', #3079, #2599, #2811, .T. ) ;
#4426 = EDGE_CURVE ( 'NONE', #4778, #2900, #261, .T. ) ;
#4427 = DIRECTION ( 'NONE',  ( 0.000000000000000000, -1.000000000000000000, 0.000000000000000000 ) ) ;
#4428 = CONICAL_SURFACE ( 'NONE', #268, 0.5000000000000004441, 0.7853981633974473908 ) ;
#4429 = ORIENTED_EDGE ( 'NONE', *, *, #3430, .F. ) ;
#4430 = CARTESIAN_POINT ( 'NONE',  ( 0.000000000000000000, 69.50000000000000000, 6.000000000000000000 ) ) ;
#4431 = DIRECTION ( 'NONE',  ( 0.000000000000000000, -0.000000000000000000, 1.000000000000000000 ) ) ;
#4432 = DIRECTION ( 'NONE',  ( 0.000000000000000000, 0.000000000000000000, -1.000000000000000000 ) ) ;
#4433 = EDGE_LOOP ( 'NONE', ( #2238, #1561, #2004, #676 ) ) ;
#4434 = ORIENTED_EDGE ( 'NONE', *, *, #3329, .T. ) ;
#4435 = EDGE_CURVE ( 'NONE', #4637, #3701, #825, .T. ) ;
#4436 = DIRECTION ( 'NONE',  ( 0.7071067811865531239, 0.000000000000000000, 0.7071067811865420216 ) ) ;
#4437 = ORIENTED_EDGE ( 'NONE', *, *, #3510, .T. ) ;
#4438 = PLANE ( 'NONE',  #4213 ) ;
#4439 = EDGE_CURVE ( 'NONE', #2199, #4156, #3416, .T. ) ;
#4440 = ORIENTED_EDGE ( 'NONE', *, *, #923, .F. ) ;
#4441 = AXIS2_PLACEMENT_3D ( 'NONE', #4393, #765, #1419 ) ;
#4442 = AXIS2_PLACEMENT_3D ( 'NONE', #2770, #3901, #931 ) ;
#4443 = CARTESIAN_POINT ( 'NONE',  ( 47.88851347495394606, 4.747047345979100412E-15, 6.000000000000000000 ) ) ;
#4444 = DIRECTION ( 'NONE',  ( -1.000000000000000000, 0.000000000000000000, 0.000000000000000000 ) ) ;
#4445 = ORIENTED_EDGE ( 'NONE', *, *, #1274, .F. ) ;
#4446 = CARTESIAN_POINT ( 'NONE',  ( 58.14020283766124919, 69.50000000000000000, 6.000000000000000000 ) ) ;
#4447 = EDGE_LOOP ( 'NONE', ( #2795, #3613, #1801, #401 ) ) ;
#4448 = EDGE_CURVE ( 'NONE', #4679, #4087, #1576, .T. ) ;
#4449 = CARTESIAN_POINT ( 'NONE',  ( 32.77702694990786370, 69.00000000000000000, 3.000000000000000000 ) ) ;
#4450 = EDGE_CURVE ( 'NONE', #1644, #2726, #4165, .T. ) ;
#4451 = CONICAL_SURFACE ( 'NONE', #288, 0.5000000000000004441, 0.7853981633974473908 ) ;
#4452 = ORIENTED_EDGE ( 'NONE', *, *, #1877, .T. ) ;
#4453 = DIRECTION ( 'NONE',  ( 0.000000000000000000, -0.7071067811865474617, -0.7071067811865474617 ) ) ;
#4454 = VECTOR ( 'NONE', #3082, 1000.000000000000000 ) ;
#4455 = AXIS2_PLACEMENT_3D ( 'NONE', #347, #1812, #4354 ) ;
#4456 = AXIS2_PLACEMENT_3D ( 'NONE', #4058, #1854, #2539 ) ;
#4457 = DIRECTION ( 'NONE',  ( -1.000000000000000000, 0.000000000000000000, -0.000000000000000000 ) ) ;
#4458 = CARTESIAN_POINT ( 'NONE',  ( 7.000000000000000000, 70.00000000000000000, 6.000000000000000000 ) ) ;
#4459 = VERTEX_POINT ( 'NONE', #491 ) ;
#4460 = EDGE_LOOP ( 'NONE', ( #2320, #132, #1666, #1970 ) ) ;
#4461 = AXIS2_PLACEMENT_3D ( 'NONE', #4264, #2038, #882 ) ;
#4462 = LINE ( 'NONE', #2647, #4558 ) ;
#4463 = ORIENTED_EDGE ( 'NONE', *, *, #4600, .F. ) ;
#4464 = DIRECTION ( 'NONE',  ( 1.000000000000000000, 0.000000000000000000, 0.000000000000000000 ) ) ;
#4465 = EDGE_LOOP ( 'NONE', ( #1207, #2778, #2961, #2696, #2500, #1403, #159, #2699 ) ) ;
#4466 = EDGE_CURVE ( 'NONE', #3402, #2522, #1166, .T. ) ;
#4467 = CARTESIAN_POINT ( 'NONE',  ( 32.77702694990786370, 69.00000000000000000, 5.500000000000000000 ) ) ;
#4468 = CARTESIAN_POINT ( 'NONE',  ( 63.00000000000000000, 1.000000000000000888, 3.000000000000000000 ) ) ;
#4469 = ORIENTED_EDGE ( 'NONE', *, *, #1334, .F. ) ;
#4470 = DIRECTION ( 'NONE',  ( 0.000000000000000000, -0.000000000000000000, 1.000000000000000000 ) ) ;
#4471 = ORIENTED_EDGE ( 'NONE', *, *, #3986, .T. ) ;
#4472 = DIRECTION ( 'NONE',  ( -1.000000000000000000, 0.000000000000000000, 0.000000000000000000 ) ) ;
#4473 = ORIENTED_EDGE ( 'NONE', *, *, #2635, .T. ) ;
#4474 = CARTESIAN_POINT ( 'NONE',  ( 59.14020283766124919, 69.00000000000000000, 3.000000000000000000 ) ) ;
#4475 = AXIS2_PLACEMENT_3D ( 'NONE', #680, #1401, #1853 ) ;
#4476 = ADVANCED_FACE ( 'NONE', ( #2247, #1527, #3777 ), #441, .F. ) ;
#4477 = CARTESIAN_POINT ( 'NONE',  ( 33.77702694990786370, 69.00000000000000000, 6.000000000000000000 ) ) ;
#4478 = DIRECTION ( 'NONE',  ( 1.000000000000000000, 0.000000000000000000, 0.000000000000000000 ) ) ;
#4479 = DIRECTION ( 'NONE',  ( 0.000000000000000000, 0.7071067811865474617, -0.7071067811865474617 ) ) ;
#4480 = VECTOR ( 'NONE', #532, 1000.000000000000000 ) ;
#4481 = ORIENTED_EDGE ( 'NONE', *, *, #790, .F. ) ;
#4482 = DIRECTION ( 'NONE',  ( 0.000000000000000000, 0.000000000000000000, 1.000000000000000000 ) ) ;
#4483 = AXIS2_PLACEMENT_3D ( 'NONE', #3622, #2189, #314 ) ;
#4484 = DIRECTION ( 'NONE',  ( -0.000000000000000000, 0.000000000000000000, 1.000000000000000000 ) ) ;
#4485 = ORIENTED_EDGE ( 'NONE', *, *, #3550, .T. ) ;
#4486 = CARTESIAN_POINT ( 'NONE',  ( 55.69425673747697658, 1.000000000000000888, 3.000000000000000000 ) ) ;
#4487 = VERTEX_POINT ( 'NONE', #2689 ) ;
#4488 = VECTOR ( 'NONE', #4016, 1000.000000000000114 ) ;
#4489 = DIRECTION ( 'NONE',  ( -0.000000000000000000, -0.000000000000000000, 1.000000000000000000 ) ) ;
#4490 = ADVANCED_FACE ( 'NONE', ( #2322 ), #3726, .F. ) ;
#4491 = DIRECTION ( 'NONE',  ( 0.000000000000000000, -0.7071067811865573427, 0.7071067811865376918 ) ) ;
#4492 = ORIENTED_EDGE ( 'NONE', *, *, #3404, .F. ) ;
#4493 = DIRECTION ( 'NONE',  ( 0.000000000000000000, 0.000000000000000000, 1.000000000000000000 ) ) ;
#4494 = AXIS2_PLACEMENT_3D ( 'NONE', #4086, #776, #4472 ) ;
#4495 = EDGE_LOOP ( 'NONE', ( #3088, #2575, #3724, #1470 ) ) ;
#4496 = EDGE_CURVE ( 'NONE', #180, #3101, #3009, .T. ) ;
#4497 = DIRECTION ( 'NONE',  ( -1.000000000000000000, 0.000000000000000000, 0.000000000000000000 ) ) ;
#4498 = CARTESIAN_POINT ( 'NONE',  ( 4.500000000000000888, 65.50000000000001421, 5.499999999999993783 ) ) ;
#4499 = ORIENTED_EDGE ( 'NONE', *, *, #464, .F. ) ;
#4500 = DIRECTION ( 'NONE',  ( -1.000000000000000000, 0.000000000000000000, 0.000000000000000000 ) ) ;
#4501 = LINE ( 'NONE', #4137, #3505 ) ;
#4502 = LINE ( 'NONE', #519, #2597 ) ;
#4503 = CARTESIAN_POINT ( 'NONE',  ( 33.77702694990786370, 69.50000000000000000, 6.000000000000000000 ) ) ;
#4504 = ORIENTED_EDGE ( 'NONE', *, *, #3490, .F. ) ;
#4505 = CARTESIAN_POINT ( 'NONE',  ( 50.83445957513821156, 69.00000000000000000, 3.000000000000000000 ) ) ;
#4506 = CARTESIAN_POINT ( 'NONE',  ( 67.12500000000000000, 4.500000000000003553, 5.499999999999996447 ) ) ;
#4507 = ORIENTED_EDGE ( 'NONE', *, *, #2426, .T. ) ;
#4508 = DIRECTION ( 'NONE',  ( -1.000000000000000000, 0.000000000000000000, 0.000000000000000000 ) ) ;
#4509 = EDGE_CURVE ( 'NONE', #4025, #668, #76, .T. ) ;
#4510 = VERTEX_POINT ( 'NONE', #4544 ) ;
#4511 = ADVANCED_FACE ( 'NONE', ( #3828 ), #1234, .T. ) ;
#4512 = CARTESIAN_POINT ( 'NONE',  ( 14.30574326252304473, 0.4999999999999865663, 6.000000000000000000 ) ) ;
#4513 = CARTESIAN_POINT ( 'NONE',  ( 51.33445957513821867, 5.088633837232837775E-15, 6.000000000000000000 ) ) ;
#4514 = ORIENTED_EDGE ( 'NONE', *, *, #4007, .F. ) ;
#4515 = CARTESIAN_POINT ( 'NONE',  ( 44.52871631261518814, 1.000000000000000888, 5.500000000000000000 ) ) ;
#4516 = ORIENTED_EDGE ( 'NONE', *, *, #1794, .F. ) ;
#4517 = ADVANCED_FACE ( 'NONE', ( #878 ), #1646, .T. ) ;
#4518 = CARTESIAN_POINT ( 'NONE',  ( 43.52871631261518814, 0.000000000000000000, 3.000000000000000000 ) ) ;
#4519 = FACE_OUTER_BOUND ( 'NONE', #4248, .T. ) ;
#4520 = ORIENTED_EDGE ( 'NONE', *, *, #2257, .T. ) ;
#4521 = DIRECTION ( 'NONE',  ( 0.000000000000000000, 0.000000000000000000, -1.000000000000000000 ) ) ;
#4522 = LINE ( 'NONE', #416, #2654 ) ;
#4523 = DIRECTION ( 'NONE',  ( -1.000000000000000000, 0.000000000000000000, 0.000000000000000000 ) ) ;
#4524 = FACE_OUTER_BOUND ( 'NONE', #4294, .T. ) ;
#4525 = ORIENTED_EDGE ( 'NONE', *, *, #211, .F. ) ;
#4526 = VECTOR ( 'NONE', #503, 1000.000000000000114 ) ;
#4527 = CARTESIAN_POINT ( 'NONE',  ( 18.16554042486180265, 1.000000000000000888, 5.500000000000000000 ) ) ;
#4528 = CIRCLE ( 'NONE', #597, 1.000000000000000888 ) ;
#4529 = DIRECTION ( 'NONE',  ( -0.000000000000000000, -0.000000000000000000, 1.000000000000000000 ) ) ;
#4530 = EDGE_LOOP ( 'NONE', ( #4730, #4422, #4700, #4726 ) ) ;
#4531 = DIRECTION ( 'NONE',  ( 0.000000000000000000, 0.000000000000000000, 1.000000000000000000 ) ) ;
#4532 = ORIENTED_EDGE ( 'NONE', *, *, #3986, .F. ) ;
#4533 = VECTOR ( 'NONE', #2629, 1000.000000000000000 ) ;
#4534 = DIRECTION ( 'NONE',  ( 1.000000000000000000, 0.000000000000000000, 0.000000000000000000 ) ) ;
#4535 = EDGE_CURVE ( 'NONE', #2552, #2624, #3343, .T. ) ;
#4536 = DIRECTION ( 'NONE',  ( 1.000000000000000000, 0.000000000000000000, 0.000000000000000000 ) ) ;
#4537 = ORIENTED_EDGE ( 'NONE', *, *, #774, .F. ) ;
#4538 = FACE_OUTER_BOUND ( 'NONE', #1540, .T. ) ;
#4539 = ORIENTED_EDGE ( 'NONE', *, *, #4569, .F. ) ;
#4540 = EDGE_CURVE ( 'NONE', #3701, #1299, #875, .T. ) ;
#4541 = CARTESIAN_POINT ( 'NONE',  ( 65.50000000000000000, 65.50000000000000000, 6.000000000000000000 ) ) ;
#4542 = CARTESIAN_POINT ( 'NONE',  ( 55.69425673747697658, 0.5000000000000013323, 6.000000000000000000 ) ) ;
#4543 = VERTEX_POINT ( 'NONE', #1357 ) ;
#4544 = CARTESIAN_POINT ( 'NONE',  ( 8.000000000000000000, 69.00000000000000000, 5.500000000000000000 ) ) ;
#4545 = EDGE_CURVE ( 'NONE', #2311, #1299, #2465, .T. ) ;
#4546 = CARTESIAN_POINT ( 'NONE',  ( 47.38851347495394606, 1.000000000000000888, 3.000000000000000000 ) ) ;
#4547 = DIRECTION ( 'NONE',  ( -9.912705577010325549E-17, 1.000000000000000000, 0.000000000000000000 ) ) ;
#4548 = CARTESIAN_POINT ( 'NONE',  ( 1.000000000000000000, 69.50000000000000000, 6.000000000000000000 ) ) ;
#4549 = VERTEX_POINT ( 'NONE', #3940 ) ;
#4550 = LINE ( 'NONE', #86, #2368 ) ;
#4551 = EDGE_CURVE ( 'NONE', #2288, #3279, #1309, .T. ) ;
#4552 = LINE ( 'NONE', #3784, #3557 ) ;
#4553 = EDGE_LOOP ( 'NONE', ( #2244, #3498, #986, #3486 ) ) ;
#4554 = CONICAL_SURFACE ( 'NONE', #1084, 0.5000000000000004441, 0.7853981633974473908 ) ;
#4555 = DIRECTION ( 'NONE',  ( 0.000000000000000000, 0.000000000000000000, 1.000000000000000000 ) ) ;
#4556 = ORIENTED_EDGE ( 'NONE', *, *, #1563, .T. ) ;
#4557 = FACE_OUTER_BOUND ( 'NONE', #661, .T. ) ;
#4558 = VECTOR ( 'NONE', #1151, 1000.000000000000114 ) ;
#4559 = LINE ( 'NONE', #3742, #4151 ) ;
#4560 = ORIENTED_EDGE ( 'NONE', *, *, #2881, .T. ) ;
#4561 = FACE_OUTER_BOUND ( 'NONE', #2192, .T. ) ;
#4562 = ORIENTED_EDGE ( 'NONE', *, *, #3926, .T. ) ;
#4563 = UNCERTAINTY_MEASURE_WITH_UNIT (LENGTH_MEASURE( 1.000000000000000082E-05 ), #1905, 'distance_accuracy_value', 'NONE');
#4564 = CIRCLE ( 'NONE', #3562, 1.000000000000000888 ) ;
#4565 = LINE ( 'NONE', #3826, #657 ) ;
#4566 = AXIS2_PLACEMENT_3D ( 'NONE', #202, #1677, #3856 ) ;
#4567 = LINE ( 'NONE', #1258, #4031 ) ;
#4568 = ORIENTED_EDGE ( 'NONE', *, *, #2355, .T. ) ;
#4569 = EDGE_CURVE ( 'NONE', #3763, #4279, #4423, .T. ) ;
#4570 = CARTESIAN_POINT ( 'NONE',  ( 19.16554042486180265, 1.000000000000000888, 3.000000000000000000 ) ) ;
#4571 = ADVANCED_FACE ( 'NONE', ( #1285 ), #2054, .F. ) ;
#4572 = CYLINDRICAL_SURFACE ( 'NONE', #1300, 1.000000000000000888 ) ;
#4573 = CARTESIAN_POINT ( 'NONE',  ( 1.000000000000000000, 70.00000000000000000, 0.000000000000000000 ) ) ;
#4574 = CARTESIAN_POINT ( 'NONE',  ( 47.38851347495393895, 69.00000000000000000, 5.500000000000000000 ) ) ;
#4575 = VERTEX_POINT ( 'NONE', #1984 ) ;
#4576 = CIRCLE ( 'NONE', #2337, 1.625000000000001332 ) ;
#4577 = LINE ( 'NONE', #2619, #3914 ) ;
#4578 = CARTESIAN_POINT ( 'NONE',  ( 25.47128368738482607, 70.00000000000000000, 3.000000000000000000 ) ) ;
#4579 = VERTEX_POINT ( 'NONE', #2079 ) ;
#4580 = DIRECTION ( 'NONE',  ( 0.000000000000000000, -0.7071067811865474617, -0.7071067811865474617 ) ) ;
#4581 = VERTEX_POINT ( 'NONE', #2419 ) ;
#4582 = AXIS2_PLACEMENT_3D ( 'NONE', #828, #3367, #1867 ) ;
#4583 = ADVANCED_FACE ( 'NONE', ( #3103 ), #3465, .T. ) ;
#4584 = CARTESIAN_POINT ( 'NONE',  ( 14.30574326252304473, 1.000000000000000000, 3.000000000000000000 ) ) ;
#4585 = EDGE_CURVE ( 'NONE', #2528, #2132, #2105, .T. ) ;
#4586 = CARTESIAN_POINT ( 'NONE',  ( 4.500000000000000888, 65.50000000000001421, 6.000000000000000000 ) ) ;
#4587 = VERTEX_POINT ( 'NONE', #4240 ) ;
#4588 = DIRECTION ( 'NONE',  ( -1.000000000000000000, 0.000000000000000000, 0.000000000000000000 ) ) ;
#4589 = DIRECTION ( 'NONE',  ( 0.000000000000000000, -0.7071067811865474617, 0.7071067811865474617 ) ) ;
#4590 = AXIS2_PLACEMENT_3D ( 'NONE', #4541, #2709, #3219 ) ;
#4591 = VERTEX_POINT ( 'NONE', #181 ) ;
#4592 = DIRECTION ( 'NONE',  ( 0.000000000000000000, 0.7071067811865475727, -0.7071067811865475727 ) ) ;
#4593 = AXIS2_PLACEMENT_3D ( 'NONE', #4707, #557, #4682 ) ;
#4594 = CIRCLE ( 'NONE', #4442, 0.5000000000000004441 ) ;
#4595 = EDGE_CURVE ( 'NONE', #2612, #3641, #2740, .T. ) ;
#4596 = EDGE_CURVE ( 'NONE', #1047, #3743, #1030, .T. ) ;
#4597 = LINE ( 'NONE', #3511, #3005 ) ;
#4598 = DIRECTION ( 'NONE',  ( -0.7071067811865474617, 0.000000000000000000, -0.7071067811865474617 ) ) ;
#4599 = DIRECTION ( 'NONE',  ( -0.000000000000000000, -0.000000000000000000, 1.000000000000000000 ) ) ;
#4600 = EDGE_CURVE ( 'NONE', #4750, #766, #2253, .T. ) ;
#4601 = ORIENTED_EDGE ( 'NONE', *, *, #4545, .F. ) ;
#4602 = LINE ( 'NONE', #4246, #675 ) ;
#4603 = CARTESIAN_POINT ( 'NONE',  ( 65.50000000000000000, 4.500000000000003553, 5.499999999999996447 ) ) ;
#4604 = ORIENTED_EDGE ( 'NONE', *, *, #2932, .T. ) ;
#4605 = CARTESIAN_POINT ( 'NONE',  ( 1.000000000000000000, 1.000000000000000000, 6.000000000000000000 ) ) ;
#4606 = ORIENTED_EDGE ( 'NONE', *, *, #1208, .F. ) ;
#4607 = AXIS2_PLACEMENT_3D ( 'NONE', #3866, #194, #2434 ) ;
#4608 = AXIS2_PLACEMENT_3D ( 'NONE', #4219, #3230, #1293 ) ;
#4609 = VECTOR ( 'NONE', #3443, 1000.000000000000114 ) ;
#4610 = CARTESIAN_POINT ( 'NONE',  ( 44.52871631261518814, 1.000000000000000888, 3.000000000000000000 ) ) ;
#4611 = DIRECTION ( 'NONE',  ( 0.7071067811865475727, 1.051401200011456323E-16, -0.7071067811865475727 ) ) ;
#4612 = ORIENTED_EDGE ( 'NONE', *, *, #176, .T. ) ;
#4613 = CIRCLE ( 'NONE', #987, 0.5000000000000004441 ) ;
#4614 = FACE_OUTER_BOUND ( 'NONE', #3834, .T. ) ;
#4615 = CARTESIAN_POINT ( 'NONE',  ( 58.14020283766124919, 69.00000000000000000, 3.000000000000000000 ) ) ;
#4616 = VECTOR ( 'NONE', #2263, 1000.000000000000000 ) ;
#4617 = DIRECTION ( 'NONE',  ( 0.000000000000000000, -0.7071067811865474617, -0.7071067811865474617 ) ) ;
#4618 = DIRECTION ( 'NONE',  ( 0.000000000000000000, 0.000000000000000000, -1.000000000000000000 ) ) ;
#4619 = CARTESIAN_POINT ( 'NONE',  ( 0.000000000000000000, 69.00000000000000000, 5.500000000000000000 ) ) ;
#4620 = LINE ( 'NONE', #2792, #4722 ) ;
#4621 = CARTESIAN_POINT ( 'NONE',  ( 36.22297305009215052, 0.5000000000000004441, 6.000000000000000000 ) ) ;
#4622 = ORIENTED_EDGE ( 'NONE', *, *, #3287, .T. ) ;
#4623 = DIRECTION ( 'NONE',  ( 0.000000000000000000, 0.000000000000000000, -1.000000000000000000 ) ) ;
#4624 = LINE ( 'NONE', #4578, #4634 ) ;
#4625 = VERTEX_POINT ( 'NONE', #562 ) ;
#4626 = LINE ( 'NONE', #2113, #133 ) ;
#4627 = VERTEX_POINT ( 'NONE', #2767 ) ;
#4628 = AXIS2_PLACEMENT_3D ( 'NONE', #746, #2172, #3982 ) ;
#4629 = DIRECTION ( 'NONE',  ( -0.000000000000000000, 0.000000000000000000, 1.000000000000000000 ) ) ;
#4630 = DIRECTION ( 'NONE',  ( -0.000000000000000000, -0.000000000000000000, 1.000000000000000000 ) ) ;
#4631 = ORIENTED_EDGE ( 'NONE', *, *, #3218, .F. ) ;
#4632 = FACE_OUTER_BOUND ( 'NONE', #2547, .T. ) ;
#4633 = AXIS2_PLACEMENT_3D ( 'NONE', #4177, #866, #1974 ) ;
#4634 = VECTOR ( 'NONE', #1001, 1000.000000000000000 ) ;
#4635 = ADVANCED_FACE ( 'NONE', ( #927 ), #3556, .F. ) ;
#4636 = LINE ( 'NONE', #1692, #2566 ) ;
#4637 = VERTEX_POINT ( 'NONE', #3509 ) ;
#4638 = LINE ( 'NONE', #3149, #1101 ) ;
#4639 = CARTESIAN_POINT ( 'NONE',  ( 4.499999999999988454, 4.500000000000007105, 6.000000000000000000 ) ) ;
#4640 = AXIS2_PLACEMENT_3D ( 'NONE', #1289, #4668, #156 ) ;
#4641 = EDGE_CURVE ( 'NONE', #888, #113, #4232, .T. ) ;
#4642 = DIRECTION ( 'NONE',  ( 0.000000000000000000, 0.000000000000000000, 1.000000000000000000 ) ) ;
#4643 = DIRECTION ( 'NONE',  ( 1.000000000000000000, 0.000000000000000000, 0.000000000000000000 ) ) ;
#4644 = AXIS2_PLACEMENT_3D ( 'NONE', #1164, #1883, #800 ) ;
#4645 = LINE ( 'NONE', #203, #11 ) ;
#4646 = ORIENTED_EDGE ( 'NONE', *, *, #2930, .F. ) ;
#4647 = LINE ( 'NONE', #2823, #596 ) ;
#4648 = AXIS2_PLACEMENT_3D ( 'NONE', #3244, #4711, #653 ) ;
#4649 = CARTESIAN_POINT ( 'NONE',  ( 63.87500000000000000, 4.500000000000003553, 6.000000000000000000 ) ) ;
#4650 = VERTEX_POINT ( 'NONE', #4307 ) ;
#4651 = DIRECTION ( 'NONE',  ( 1.000000000000000000, 1.486905836551548586E-16, 0.000000000000000000 ) ) ;
#4652 = VECTOR ( 'NONE', #1501, 1000.000000000000000 ) ;
#4653 = ORIENTED_EDGE ( 'NONE', *, *, #3389, .T. ) ;
#4654 = EDGE_LOOP ( 'NONE', ( #1796, #1948, #3142, #4197 ) ) ;
#4655 = DIRECTION ( 'NONE',  ( -1.000000000000000000, 0.000000000000000000, 0.000000000000000000 ) ) ;
#4656 = CARTESIAN_POINT ( 'NONE',  ( 69.00000000000000000, 1.000000000000000000, 6.000000000000000000 ) ) ;
#4657 = ORIENTED_EDGE ( 'NONE', *, *, #231, .T. ) ;
#4658 = EDGE_CURVE ( 'NONE', #1616, #2228, #140, .T. ) ;
#4660 = ADVANCED_FACE ( 'NONE', ( #2442 ), #2374, .F. ) ;
#4659 = DIRECTION ( 'NONE',  ( 0.000000000000000000, -0.7071067811865474617, -0.7071067811865474617 ) ) ;
#4661 = AXIS2_PLACEMENT_3D ( 'NONE', #3587, #4745, #665 ) ;
#4662 = CARTESIAN_POINT ( 'NONE',  ( 11.35979716233875259, 1.000000000000000888, 6.000000000000000000 ) ) ;
#4663 = ORIENTED_EDGE ( 'NONE', *, *, #307, .F. ) ;
#4664 = EDGE_CURVE ( 'NONE', #1174, #509, #3965, .T. ) ;
#4665 = FACE_OUTER_BOUND ( 'NONE', #3713, .T. ) ;
#4666 = DIRECTION ( 'NONE',  ( -1.000000000000000000, 0.000000000000000000, 0.000000000000000000 ) ) ;
#4667 = CARTESIAN_POINT ( 'NONE',  ( 14.30574326252303408, 69.00000000000000000, 5.500000000000027534 ) ) ;
#4668 = DIRECTION ( 'NONE',  ( 0.000000000000000000, 0.000000000000000000, 1.000000000000000000 ) ) ;
#4669 = EDGE_CURVE ( 'NONE', #1010, #3047, #3223, .T. ) ;
#4670 = DIRECTION ( 'NONE',  ( 0.000000000000000000, 0.000000000000000000, -1.000000000000000000 ) ) ;
#4671 = VERTEX_POINT ( 'NONE', #2586 ) ;
#4672 = DIRECTION ( 'NONE',  ( -9.912705577010325549E-17, 1.000000000000000000, 0.000000000000000000 ) ) ;
#4673 = AXIS2_PLACEMENT_3D ( 'NONE', #870, #3094, #1253 ) ;
#4674 = EDGE_CURVE ( 'NONE', #3460, #514, #2214, .T. ) ;
#4675 = CARTESIAN_POINT ( 'NONE',  ( 22.11148652504607881, 1.000000000000000888, 6.000000000000000000 ) ) ;
#4676 = VERTEX_POINT ( 'NONE', #1454 ) ;
#4677 = CARTESIAN_POINT ( 'NONE',  ( 14.80574326252305895, 2.201474607152930206E-15, 6.000000000000000000 ) ) ;
#4678 = EDGE_LOOP ( 'NONE', ( #4695, #529, #1599, #1805, #4604, #885, #2480, #3686 ) ) ;
#4679 = VERTEX_POINT ( 'NONE', #1473 ) ;
#4680 = DIRECTION ( 'NONE',  ( 0.000000000000000000, 0.000000000000000000, -1.000000000000000000 ) ) ;
#4681 = VERTEX_POINT ( 'NONE', #1043 ) ;
#4682 = DIRECTION ( 'NONE',  ( 1.000000000000000000, 0.000000000000000000, 0.000000000000000000 ) ) ;
#4683 = ORIENTED_EDGE ( 'NONE', *, *, #1159, .F. ) ;
#4684 = AXIS2_PLACEMENT_3D ( 'NONE', #1777, #3258, #2573 ) ;
#4685 = EDGE_CURVE ( 'NONE', #2460, #1616, #706, .T. ) ;
#4686 = EDGE_CURVE ( 'NONE', #600, #3015, #633, .T. ) ;
#4687 = VECTOR ( 'NONE', #3695, 1000.000000000000000 ) ;
#4688 = DIRECTION ( 'NONE',  ( 1.000000000000000000, 0.000000000000000000, 0.000000000000000000 ) ) ;
#4689 = ORIENTED_EDGE ( 'NONE', *, *, #1923, .F. ) ;
#4690 = CIRCLE ( 'NONE', #826, 1.000000000000000888 ) ;
#4691 = DIRECTION ( 'NONE',  ( 1.239088197126290570E-16, -1.000000000000000000, 0.000000000000000000 ) ) ;
#4692 = DIRECTION ( 'NONE',  ( 1.000000000000000000, 0.000000000000000000, 0.000000000000000000 ) ) ;
#4693 = DIRECTION ( 'NONE',  ( 1.000000000000000000, 0.000000000000000000, 0.000000000000000000 ) ) ;
#4694 = DIRECTION ( 'NONE',  ( -1.000000000000000000, 0.000000000000000000, 0.000000000000000000 ) ) ;
#4695 = ORIENTED_EDGE ( 'NONE', *, *, #3140, .T. ) ;
#4696 = CARTESIAN_POINT ( 'NONE',  ( 47.38851347495393895, 70.00000000000000000, 3.000000000000000000 ) ) ;
#4697 = EDGE_CURVE ( 'NONE', #4671, #4650, #218, .T. ) ;
#4698 = EDGE_CURVE ( 'NONE', #958, #4357, #4613, .T. ) ;
#4699 = DIRECTION ( 'NONE',  ( -1.000000000000000000, 0.000000000000000000, 0.000000000000000000 ) ) ;
#4700 = ORIENTED_EDGE ( 'NONE', *, *, #1497, .F. ) ;
#4701 = CARTESIAN_POINT ( 'NONE',  ( 48.38851347495394606, 1.000000000000000888, 5.500000000000000000 ) ) ;
#4702 = VERTEX_POINT ( 'NONE', #2177 ) ;
#4703 = ORIENTED_EDGE ( 'NONE', *, *, #3379, .F. ) ;
#4704 = EDGE_CURVE ( 'NONE', #3569, #113, #2, .T. ) ;
#4705 = CARTESIAN_POINT ( 'NONE',  ( 55.69425673747697658, 1.000000000000000888, 6.000000000000000000 ) ) ;
#4706 = ORIENTED_EDGE ( 'NONE', *, *, #1921, .F. ) ;
#4707 = CARTESIAN_POINT ( 'NONE',  ( 4.499999999999988454, 4.500000000000007105, 5.500000000000021316 ) ) ;
#4708 = ORIENTED_EDGE ( 'NONE', *, *, #4239, .T. ) ;
#4709 = CIRCLE ( 'NONE', #2941, 1.000000000000000888 ) ;
#4710 = DIRECTION ( 'NONE',  ( 0.000000000000000000, 0.000000000000000000, -1.000000000000000000 ) ) ;
#4711 = DIRECTION ( 'NONE',  ( 0.000000000000000000, 0.000000000000000000, -1.000000000000000000 ) ) ;
#4712 = ORIENTED_EDGE ( 'NONE', *, *, #3551, .T. ) ;
#4713 = CARTESIAN_POINT ( 'NONE',  ( 44.02871631261518814, 1.000000000000000888, 6.000000000000000000 ) ) ;
#4714 = FACE_OUTER_BOUND ( 'NONE', #3877, .T. ) ;
#4715 = AXIS2_PLACEMENT_3D ( 'NONE', #1822, #4002, #2232 ) ;
#4716 = AXIS2_PLACEMENT_3D ( 'NONE', #3350, #4484, #2995 ) ;
#4717 = CARTESIAN_POINT ( 'NONE',  ( 0.000000000000000000, 69.50000000000000000, 6.000000000000000000 ) ) ;
#4718 = EDGE_CURVE ( 'NONE', #3015, #3908, #679, .T. ) ;
#4719 = CARTESIAN_POINT ( 'NONE',  ( 10.85979716233875791, 69.00000000000000000, 3.000000000000000000 ) ) ;
#4720 = VERTEX_POINT ( 'NONE', #1068 ) ;
#4721 = ADVANCED_FACE ( 'NONE', ( #4400 ), #1093, .F. ) ;
#4722 = VECTOR ( 'NONE', #3536, 1000.000000000000000 ) ;
#4723 = CARTESIAN_POINT ( 'NONE',  ( 41.08277021243089422, 70.00000000000000000, 5.500000000000000000 ) ) ;
#4724 = PRESENTATION_LAYER_ASSIGNMENT (  '', '', ( #2178 ) ) ;
#4725 = CARTESIAN_POINT ( 'NONE',  ( 14.30574326252304473, 1.000000000000000000, 5.500000000000027534 ) ) ;
#4726 = ORIENTED_EDGE ( 'NONE', *, *, #2883, .F. ) ;
#4727 = ADVANCED_FACE ( 'NONE', ( #4714 ), #2563, .F. ) ;
#4728 = ORIENTED_EDGE ( 'NONE', *, *, #2319, .T. ) ;
#4729 = DIRECTION ( 'NONE',  ( 1.000000000000000000, 0.000000000000000000, 0.000000000000000000 ) ) ;
#4730 = ORIENTED_EDGE ( 'NONE', *, *, #3318, .F. ) ;
#4731 = DIRECTION ( 'NONE',  ( -0.000000000000000000, 0.000000000000000000, -1.000000000000000000 ) ) ;
#4732 = ORIENTED_EDGE ( 'NONE', *, *, #3659, .F. ) ;
#4733 = ADVANCED_FACE ( 'NONE', ( #3655 ), #3150, .T. ) ;
#4734 = FACE_OUTER_BOUND ( 'NONE', #1423, .T. ) ;
#4735 = LINE ( 'NONE', #4776, #1522 ) ;
#4736 = ORIENTED_EDGE ( 'NONE', *, *, #2650, .T. ) ;
#4737 = CARTESIAN_POINT ( 'NONE',  ( 26.47128368738483672, 0.000000000000000000, 5.500000000000000000 ) ) ;
#4738 = AXIS2_PLACEMENT_3D ( 'NONE', #1188, #3778, #1529 ) ;
#4739 = DIRECTION ( 'NONE',  ( -0.7071067811865573427, 0.000000000000000000, -0.7071067811865376918 ) ) ;
#4740 = DIRECTION ( 'NONE',  ( -1.239088197126290570E-16, 1.000000000000000000, -0.000000000000000000 ) ) ;
#4741 = ORIENTED_EDGE ( 'NONE', *, *, #2693, .T. ) ;
#4742 = ORIENTED_EDGE ( 'NONE', *, *, #230, .F. ) ;
#4743 = DIRECTION ( 'NONE',  ( -1.000000000000000000, 0.000000000000000000, 0.000000000000000000 ) ) ;
#4744 = EDGE_CURVE ( 'NONE', #4543, #2092, #2888, .T. ) ;
#4745 = DIRECTION ( 'NONE',  ( -0.000000000000000000, -0.000000000000000000, 1.000000000000000000 ) ) ;
#4746 = LINE ( 'NONE', #3999, #1054 ) ;
#4747 = ORIENTED_EDGE ( 'NONE', *, *, #81, .F. ) ;
#4748 = EDGE_LOOP ( 'NONE', ( #3475, #2578, #3439, #3409, #3448, #926, #1127, #85 ) ) ;
#4749 = DIRECTION ( 'NONE',  ( 0.000000000000000000, 0.000000000000000000, -1.000000000000000000 ) ) ;
#4750 = VERTEX_POINT ( 'NONE', #684 ) ;
#4751 = DIRECTION ( 'NONE',  ( 0.000000000000000000, 0.000000000000000000, 1.000000000000000000 ) ) ;
#4752 = ORIENTED_EDGE ( 'NONE', *, *, #829, .F. ) ;
#4753 = CARTESIAN_POINT ( 'NONE',  ( 8.000000000000000000, 70.00000000000000000, 5.500000000000000000 ) ) ;
#4754 = CYLINDRICAL_SURFACE ( 'NONE', #3228, 1.000000000000000888 ) ;
#4755 = ORIENTED_EDGE ( 'NONE', *, *, #829, .T. ) ;
#4756 = EDGE_CURVE ( 'NONE', #4211, #149, #1062, .T. ) ;
#4757 = VECTOR ( 'NONE', #3300, 1000.000000000000000 ) ;
#4758 = CARTESIAN_POINT ( 'NONE',  ( 11.35979716233875259, 1.407579058560267769E-15, 6.000000000000000000 ) ) ;
#4759 = DIRECTION ( 'NONE',  ( 0.000000000000000000, 0.000000000000000000, 1.000000000000000000 ) ) ;
#4760 = CIRCLE ( 'NONE', #2844, 0.5000000000000004441 ) ;
#4761 = LINE ( 'NONE', #3610, #3492 ) ;
#4762 = ORIENTED_EDGE ( 'NONE', *, *, #264, .F. ) ;
#4763 = CARTESIAN_POINT ( 'NONE',  ( 11.85979716233875791, 69.00000000000000000, 3.000000000000000000 ) ) ;
#4764 = CARTESIAN_POINT ( 'NONE',  ( 25.47128368738482607, 69.00000000000000000, 5.500000000000000000 ) ) ;
#4765 = DIRECTION ( 'NONE',  ( -1.000000000000000000, 0.000000000000000000, 0.000000000000000000 ) ) ;
#4766 = VECTOR ( 'NONE', #2130, 1000.000000000000000 ) ;
#4767 = VERTEX_POINT ( 'NONE', #2517 ) ;
#4768 = ORIENTED_EDGE ( 'NONE', *, *, #2427, .F. ) ;
#4769 = LINE ( 'NONE', #2208, #3257 ) ;
#4770 = ORIENTED_EDGE ( 'NONE', *, *, #3140, .F. ) ;
#4771 = DIRECTION ( 'NONE',  ( 0.000000000000000000, 0.000000000000000000, -1.000000000000000000 ) ) ;
#4772 = ADVANCED_FACE ( 'NONE', ( #3989 ), #325, .F. ) ;
#4773 = VERTEX_POINT ( 'NONE', #3317 ) ;
#4774 = ADVANCED_FACE ( 'NONE', ( #1116 ), #432, .T. ) ;
#4775 = CARTESIAN_POINT ( 'NONE',  ( 41.08277021243089422, 69.00000000000000000, 6.000000000000000000 ) ) ;
#4776 = CARTESIAN_POINT ( 'NONE',  ( 6.124999999999990230, 4.500000000000007105, 5.500000000000021316 ) ) ;
#4777 = VERTEX_POINT ( 'NONE', #1544 ) ;
#4778 = VERTEX_POINT ( 'NONE', #388 ) ;
ENDSEC;
END-ISO-10303-21;
