ISO-10303-21;
HEADER;
FILE_DESCRIPTION (( 'STEP AP214' ),
    '1' );
FILE_NAME ('Part5^enclosure.STEP',
    '2026-07-13T19:17:14',
    ( '' ),
    ( '' ),
    'SwSTEP 2.0',
    'SolidWorks 2025',
    '' );
FILE_SCHEMA (( 'AUTOMOTIVE_DESIGN' ));
ENDSEC;

DATA;
#1 = CARTESIAN_POINT ( 'NONE',  ( 17.00000000000000355, 16.60000000000000142, 0.000000000000000000 ) ) ;
#2 =( GEOMETRIC_REPRESENTATION_CONTEXT ( 3 ) GLOBAL_UNCERTAINTY_ASSIGNED_CONTEXT ( ( #1523 ) ) GLOBAL_UNIT_ASSIGNED_CONTEXT ( ( #318, #1145, #1115 ) ) REPRESENTATION_CONTEXT ( 'NONE', 'WORKASPACE' ) );
#3 = ORIENTED_EDGE ( 'NONE', *, *, #1533, .T. ) ;
#4 = CARTESIAN_POINT ( 'NONE',  ( 4.697443180117587325, -4.617893218813449607, 3.207106781186548350 ) ) ;
#5 = CARTESIAN_POINT ( 'NONE',  ( -1.844981324026180019E-15, 18.82499999999999929, 1.585786437626895751 ) ) ;
#6 = VECTOR ( 'NONE', #2395, 1000.000000000000000 ) ;
#7 = ORIENTED_EDGE ( 'NONE', *, *, #3430, .F. ) ;
#8 = ORIENTED_EDGE ( 'NONE', *, *, #646, .F. ) ;
#9 = CARTESIAN_POINT ( 'NONE',  ( 33.17717264988952763, 18.75848044460914821, 3.066519555390855079 ) ) ;
#10 = CYLINDRICAL_SURFACE ( 'NONE', #452, 1.000000000000000000 ) ;
#11 = ORIENTED_EDGE ( 'NONE', *, *, #2437, .F. ) ;
#12 = AXIS2_PLACEMENT_3D ( 'NONE', #1490, #2484, #3090 ) ;
#13 = DIRECTION ( 'NONE',  ( -1.000000000000000000, 0.000000000000000000, 0.000000000000000000 ) ) ;
#14 = EDGE_LOOP ( 'NONE', ( #118, #2201, #1184, #1928 ) ) ;
#15 = PLANE ( 'NONE',  #328 ) ;
#16 = ORIENTED_EDGE ( 'NONE', *, *, #806, .T. ) ;
#17 = LINE ( 'NONE', #1658, #3209 ) ;
#18 = ORIENTED_EDGE ( 'NONE', *, *, #2758, .F. ) ;
#19 = CARTESIAN_POINT ( 'NONE',  ( 24.00000000000000000, 19.82500000000000284, 0.000000000000000000 ) ) ;
#20 = EDGE_CURVE ( 'NONE', #1374, #1441, #443, .T. ) ;
#21 = CARTESIAN_POINT ( 'NONE',  ( 27.73337390086054555, 18.22820950011272245, 3.456692217977336945 ) ) ;
#22 = VECTOR ( 'NONE', #2174, 1000.000000000000000 ) ;
#23 = EDGE_CURVE ( 'NONE', #1903, #1318, #3202, .T. ) ;
#24 = ORIENTED_EDGE ( 'NONE', *, *, #2038, .T. ) ;
#25 = CARTESIAN_POINT ( 'NONE',  ( 32.48175518439645515, 18.99307997398622305, 2.831920026013771352 ) ) ;
#26 = DIRECTION ( 'NONE',  ( 0.000000000000000000, 0.000000000000000000, 1.000000000000000000 ) ) ;
#27 = ORIENTED_EDGE ( 'NONE', *, *, #1416, .F. ) ;
#28 = DIRECTION ( 'NONE',  ( -1.000000000000000000, -1.352610897447802050E-16, -0.000000000000000000 ) ) ;
#29 = ORIENTED_EDGE ( 'NONE', *, *, #3430, .T. ) ;
#30 = LINE ( 'NONE', #768, #1524 ) ;
#31 = EDGE_LOOP ( 'NONE', ( #1532, #1127, #2231, #2066, #1758, #1292, #1080 ) ) ;
#32 = VERTEX_POINT ( 'NONE', #3115 ) ;
#33 = EDGE_CURVE ( 'NONE', #223, #687, #3126, .T. ) ;
#34 = PLANE ( 'NONE',  #3164 ) ;
#35 = VECTOR ( 'NONE', #1668, 999.9999999999998863 ) ;
#36 = DIRECTION ( 'NONE',  ( 0.000000000000000000, -1.000000000000000000, 0.000000000000000000 ) ) ;
#37 = CIRCLE ( 'NONE', #258, 1.000000000000000888 ) ;
#38 = LINE ( 'NONE', #808, #2904 ) ;
#39 = VERTEX_POINT ( 'NONE', #202 ) ;
#40 = LINE ( 'NONE', #1604, #1994 ) ;
#41 = DIRECTION ( 'NONE',  ( 0.7071067811865483499, 0.000000000000000000, 0.7071067811865467956 ) ) ;
#42 = VECTOR ( 'NONE', #1794, 1000.000000000000000 ) ;
#43 = LINE ( 'NONE', #1652, #1276 ) ;
#44 = VERTEX_POINT ( 'NONE', #711 ) ;
#45 = EDGE_LOOP ( 'NONE', ( #3029, #797, #1474, #2719, #2494, #2969, #3041, #3138 ) ) ;
#46 = CARTESIAN_POINT ( 'NONE',  ( 31.48097678064683436, -5.197427175578159364, 2.627572824421839481 ) ) ;
#47 = DIRECTION ( 'NONE',  ( 0.000000000000000000, 0.000000000000000000, 1.000000000000000000 ) ) ;
#48 = CARTESIAN_POINT ( 'NONE',  ( 33.00000000000000000, 14.00000000000000000, 1.500000000000000000 ) ) ;
#49 = EDGE_CURVE ( 'NONE', #451, #2262, #291, .T. ) ;
#50 = CARTESIAN_POINT ( 'NONE',  ( 3.562983300020111432, 19.04098723878103883, 2.784012761218967125 ) ) ;
#51 = FACE_BOUND ( 'NONE', #1099, .T. ) ;
#52 = ORIENTED_EDGE ( 'NONE', *, *, #3360, .T. ) ;
#53 = DIRECTION ( 'NONE',  ( -1.000000000000000000, 0.000000000000000000, 0.000000000000000000 ) ) ;
#54 = PLANE ( 'NONE',  #2930 ) ;
#55 = AXIS2_PLACEMENT_3D ( 'NONE', #2468, #918, #656 ) ;
#56 = ORIENTED_EDGE ( 'NONE', *, *, #20, .T. ) ;
#57 = ORIENTED_EDGE ( 'NONE', *, *, #2505, .F. ) ;
#58 = CIRCLE ( 'NONE', #619, 1.000000000000000000 ) ;
#59 = PLANE ( 'NONE',  #1493 ) ;
#60 = CARTESIAN_POINT ( 'NONE',  ( 18.00000000000001066, -4.162499999999990763, 3.662500000000005418 ) ) ;
#61 = EDGE_CURVE ( 'NONE', #2414, #1388, #1898, .T. ) ;
#62 = VERTEX_POINT ( 'NONE', #2662 ) ;
#63 = DIRECTION ( 'NONE',  ( -1.000000000000000000, -9.800697604388740006E-17, -0.000000000000000000 ) ) ;
#64 = FACE_OUTER_BOUND ( 'NONE', #31, .T. ) ;
#65 = VECTOR ( 'NONE', #2100, 1000.000000000000000 ) ;
#66 = LINE ( 'NONE', #364, #664 ) ;
#67 = EDGE_CURVE ( 'NONE', #2065, #3344, #1796, .T. ) ;
#68 = ORIENTED_EDGE ( 'NONE', *, *, #1395, .T. ) ;
#69 = VECTOR ( 'NONE', #2430, 1000.000000000000000 ) ;
#70 = AXIS2_PLACEMENT_3D ( 'NONE', #119, #3012, #824 ) ;
#71 = DIRECTION ( 'NONE',  ( -0.000000000000000000, -0.000000000000000000, -1.000000000000000000 ) ) ;
#72 = ADVANCED_FACE ( 'NONE', ( #2167 ), #730, .F. ) ;
#73 = FACE_OUTER_BOUND ( 'NONE', #317, .T. ) ;
#74 = ORIENTED_EDGE ( 'NONE', *, *, #2635, .T. ) ;
#75 = ORIENTED_EDGE ( 'NONE', *, *, #1261, .F. ) ;
#76 = DIRECTION ( 'NONE',  ( -6.930139736422062677E-17, 0.7071067811865509034, 0.7071067811865442421 ) ) ;
#77 = LINE ( 'NONE', #1689, #2313 ) ;
#78 = LINE ( 'NONE', #3028, #1102 ) ;
#79 = EDGE_LOOP ( 'NONE', ( #2346, #2454, #2841, #830, #151, #239, #1765 ) ) ;
#80 = CARTESIAN_POINT ( 'NONE',  ( 17.00000000000000711, -1.599999999999985212, 3.500000000000000000 ) ) ;
#81 = DIRECTION ( 'NONE',  ( 0.000000000000000000, 1.000000000000000000, -0.000000000000000000 ) ) ;
#82 = CARTESIAN_POINT ( 'NONE',  ( -0.000000000000000000, 15.60000000000000142, 0.000000000000000000 ) ) ;
#83 = VECTOR ( 'NONE', #284, 1000.000000000000000 ) ;
#84 = EDGE_CURVE ( 'NONE', #358, #2464, #2056, .T. ) ;
#85 = ORIENTED_EDGE ( 'NONE', *, *, #3133, .F. ) ;
#86 = DIRECTION ( 'NONE',  ( 0.000000000000000000, -1.000000000000000000, 0.000000000000000000 ) ) ;
#87 = CARTESIAN_POINT ( 'NONE',  ( 10.00000000000000000, 15.60000000000000142, 3.500000000000000000 ) ) ;
#88 = CIRCLE ( 'NONE', #1661, 0.9999999999999991118 ) ;
#89 = EDGE_LOOP ( 'NONE', ( #2805, #130, #2639, #1133 ) ) ;
#90 = AXIS2_PLACEMENT_3D ( 'NONE', #1086, #1645, #2961 ) ;
#91 =( NAMED_UNIT ( * ) PLANE_ANGLE_UNIT ( ) SI_UNIT ( $, .RADIAN. ) );
#92 = CARTESIAN_POINT ( 'NONE',  ( -1.199999999999999067, -2.996682145780322770, 3.228697616962730166 ) ) ;
#93 = CARTESIAN_POINT ( 'NONE',  ( 24.00000000000000355, 3.246266153874725116E-15, 3.500000000000000000 ) ) ;
#94 = CARTESIAN_POINT ( 'NONE',  ( 5.001770847025964528, 18.45443756367772892, 3.348840960988709092 ) ) ;
#95 = VERTEX_POINT ( 'NONE', #1597 ) ;
#96 = VERTEX_POINT ( 'NONE', #790 ) ;
#97 = CARTESIAN_POINT ( 'NONE',  ( 27.60902804039451652, -4.084128488416339131, 3.500000000000000000 ) ) ;
#98 = DIRECTION ( 'NONE',  ( 1.000000000000000000, 9.800697604388740006E-17, 0.000000000000000000 ) ) ;
#99 = CARTESIAN_POINT ( 'NONE',  ( 23.00000000000000000, 16.60000000000000142, 0.000000000000000000 ) ) ;
#100 =( NAMED_UNIT ( * ) PLANE_ANGLE_UNIT ( ) SI_UNIT ( $, .RADIAN. ) );
#101 = VERTEX_POINT ( 'NONE', #1860 ) ;
#102 = CONICAL_SURFACE ( 'NONE', #1010, 1.625000000000001332, 0.7853981633974492782 ) ;
#103 = DIRECTION ( 'NONE',  ( -1.000000000000000000, -9.800697604388740006E-17, 0.000000000000000000 ) ) ;
#104 = AXIS2_PLACEMENT_3D ( 'NONE', #1534, #2341, #1266 ) ;
#105 = DIRECTION ( 'NONE',  ( 1.000000000000000000, 0.000000000000000000, 0.000000000000000000 ) ) ;
#106 = DIRECTION ( 'NONE',  ( 1.000000000000000000, 0.000000000000000000, 0.000000000000000000 ) ) ;
#107 = AXIS2_PLACEMENT_3D ( 'NONE', #1249, #2309, #2051 ) ;
#108 = VERTEX_POINT ( 'NONE', #1873 ) ;
#109 = VERTEX_POINT ( 'NONE', #2647 ) ;
#110 = VERTEX_POINT ( 'NONE', #1327 ) ;
#111 = CARTESIAN_POINT ( 'NONE',  ( 1.514910254337428208, -5.196931837642740248, 2.628068162357259041 ) ) ;
#112 = B_SPLINE_CURVE_WITH_KNOTS ( 'NONE', 3,
 ( #1535, #2586, #1857, #2428, #2366, #2383, #2401, #1309, #788, #46, #2098, #1067, #3431, #2925, #505, #1577 ),
 .UNSPECIFIED., .F., .F.,
 ( 4, 2, 2, 2, 2, 2, 2, 4 ),
 ( 0.0006913382732638472059, 0.001459640554714509899, 0.002227942836165172809, 0.002996245117615835285, 0.003764547399066498629, 0.004532849680517170646, 0.005301151961967844398, 0.006837756524869190167 ),
 .UNSPECIFIED. ) ;
#113 = CARTESIAN_POINT ( 'NONE',  ( 21.00000000000000000, 18.61789321881345671, 3.207106781186544353 ) ) ;
#114 = DIRECTION ( 'NONE',  ( 0.000000000000000000, 0.000000000000000000, 1.000000000000000000 ) ) ;
#115 = DIRECTION ( 'NONE',  ( -0.000000000000000000, 0.000000000000000000, 1.000000000000000000 ) ) ;
#116 = VERTEX_POINT ( 'NONE', #2926 ) ;
#117 = AXIS2_PLACEMENT_3D ( 'NONE', #2512, #591, #3053 ) ;
#118 = ORIENTED_EDGE ( 'NONE', *, *, #3398, .F. ) ;
#119 = CARTESIAN_POINT ( 'NONE',  ( 2.125000000000000000, 16.50000000000000000, 0.000000000000000000 ) ) ;
#120 = CARTESIAN_POINT ( 'NONE',  ( 0.000000000000000000, -5.825000000000009059, 0.000000000000000000 ) ) ;
#121 = LINE ( 'NONE', #952, #394 ) ;
#122 = CYLINDRICAL_SURFACE ( 'NONE', #609, 1.000000000000000888 ) ;
#123 = ORIENTED_EDGE ( 'NONE', *, *, #178, .T. ) ;
#124 = AXIS2_PLACEMENT_3D ( 'NONE', #2973, #2134, #1629 ) ;
#125 = DIRECTION ( 'NONE',  ( 0.000000000000000000, -0.000000000000000000, -1.000000000000000000 ) ) ;
#126 = CARTESIAN_POINT ( 'NONE',  ( 0.000000000000000000, -5.825000000000009059, 1.999999999999991784 ) ) ;
#127 = EDGE_CURVE ( 'NONE', #982, #2412, #273, .T. ) ;
#128 = ORIENTED_EDGE ( 'NONE', *, *, #1053, .F. ) ;
#129 = EDGE_CURVE ( 'NONE', #1423, #3137, #1657, .T. ) ;
#130 = ORIENTED_EDGE ( 'NONE', *, *, #638, .F. ) ;
#131 = CARTESIAN_POINT ( 'NONE',  ( 3.060761937082512762, -5.150317674503607002, 2.674682325496390956 ) ) ;
#132 = LINE ( 'NONE', #2864, #731 ) ;
#133 = CIRCLE ( 'NONE', #70, 1.625000000000000666 ) ;
#134 = CARTESIAN_POINT ( 'NONE',  ( 12.00000000000000355, -3.910786437626903034, 2.500000000000000000 ) ) ;
#135 = ORIENTED_EDGE ( 'NONE', *, *, #1587, .F. ) ;
#136 = VERTEX_POINT ( 'NONE', #1117 ) ;
#137 = CARTESIAN_POINT ( 'NONE',  ( -1.199999999999999734, 12.00000000000000000, 0.000000000000000000 ) ) ;
#138 = DIRECTION ( 'NONE',  ( -1.000000000000000000, 0.000000000000000000, 0.000000000000000000 ) ) ;
#139 = DIRECTION ( 'NONE',  ( 1.000000000000000000, 0.000000000000000000, 0.000000000000000000 ) ) ;
#140 = LINE ( 'NONE', #363, #1447 ) ;
#141 = CARTESIAN_POINT ( 'NONE',  ( 10.00000000000000178, -1.599999999999985212, 0.000000000000000000 ) ) ;
#142 = CARTESIAN_POINT ( 'NONE',  ( 21.00000000000000000, 19.53210678118655252, 2.292893218813439216 ) ) ;
#143 = CARTESIAN_POINT ( 'NONE',  ( 9.000000000000003553, -4.617893218813449607, 3.207106781186548350 ) ) ;
#144 = VECTOR ( 'NONE', #2979, 1000.000000000000000 ) ;
#145 = ORIENTED_EDGE ( 'NONE', *, *, #2629, .F. ) ;
#146 = ORIENTED_EDGE ( 'NONE', *, *, #204, .F. ) ;
#147 = VECTOR ( 'NONE', #2069, 1000.000000000000000 ) ;
#148 = DIRECTION ( 'NONE',  ( 1.000000000000000000, 0.000000000000000000, 0.000000000000000000 ) ) ;
#149 = VECTOR ( 'NONE', #2989, 1000.000000000000000 ) ;
#150 = LINE ( 'NONE', #1710, #2656 ) ;
#151 = ORIENTED_EDGE ( 'NONE', *, *, #910, .T. ) ;
#152 = ORIENTED_EDGE ( 'NONE', *, *, #2410, .F. ) ;
#153 = DIRECTION ( 'NONE',  ( 0.000000000000000000, 0.000000000000000000, 1.000000000000000000 ) ) ;
#154 = CARTESIAN_POINT ( 'NONE',  ( 23.00000000000000000, 15.60000000000000142, 3.500000000000000000 ) ) ;
#155 = EDGE_CURVE ( 'NONE', #1182, #2432, #2181, .T. ) ;
#156 = CARTESIAN_POINT ( 'NONE',  ( 0.000000000000000000, -1.599999999999985212, -0.5000000000000000000 ) ) ;
#157 = VECTOR ( 'NONE', #3338, 1000.000000000000000 ) ;
#158 = ORIENTED_EDGE ( 'NONE', *, *, #2625, .T. ) ;
#159 = ADVANCED_FACE ( 'NONE', ( #3289 ), #864, .T. ) ;
#160 = LINE ( 'NONE', #1008, #599 ) ;
#161 = FACE_OUTER_BOUND ( 'NONE', #2770, .T. ) ;
#162 = FACE_OUTER_BOUND ( 'NONE', #2209, .T. ) ;
#163 = VERTEX_POINT ( 'NONE', #1147 ) ;
#164 = EDGE_CURVE ( 'NONE', #488, #1906, #698, .T. ) ;
#165 = STYLED_ITEM ( 'NONE', ( #1966 ), #2612 ) ;
#166 = CARTESIAN_POINT ( 'NONE',  ( 12.00000000000000355, -5.825000000000009059, 1.585786437626895751 ) ) ;
#167 = ORIENTED_EDGE ( 'NONE', *, *, #896, .T. ) ;
#168 = VERTEX_POINT ( 'NONE', #2767 ) ;
#169 = AXIS2_PLACEMENT_3D ( 'NONE', #2658, #1336, #781 ) ;
#170 = CARTESIAN_POINT ( 'NONE',  ( 10.00000000000000000, 16.60000000000000142, 0.000000000000000000 ) ) ;
#171 = CARTESIAN_POINT ( 'NONE',  ( -1.942988300070067370E-15, 19.82499999999999929, 1.585786437626895751 ) ) ;
#172 = DIRECTION ( 'NONE',  ( -0.000000000000000000, -0.000000000000000000, -1.000000000000000000 ) ) ;
#173 = EDGE_LOOP ( 'NONE', ( #1687, #1602, #1754, #2392 ) ) ;
#174 = EDGE_LOOP ( 'NONE', ( #3343, #2281, #3181, #1045 ) ) ;
#175 = CARTESIAN_POINT ( 'NONE',  ( 34.20000000000000284, -3.943952907819407105, 3.500000000000000000 ) ) ;
#176 = DIRECTION ( 'NONE',  ( 0.000000000000000000, 0.000000000000000000, 1.000000000000000000 ) ) ;
#177 = DIRECTION ( 'NONE',  ( 0.000000000000000000, 0.000000000000000000, 1.000000000000000000 ) ) ;
#178 = EDGE_CURVE ( 'NONE', #537, #163, #77, .T. ) ;
#179 = VERTEX_POINT ( 'NONE', #3222 ) ;
#180 = AXIS2_PLACEMENT_3D ( 'NONE', #2386, #2135, #3193 ) ;
#181 = VECTOR ( 'NONE', #936, 1000.000000000000000 ) ;
#182 = CARTESIAN_POINT ( 'NONE',  ( 21.00000000000000355, -2.599999999999984990, 0.000000000000000000 ) ) ;
#183 = VERTEX_POINT ( 'NONE', #2743 ) ;
#184 = DIRECTION ( 'NONE',  ( 1.000000000000000000, 0.000000000000000000, 0.000000000000000000 ) ) ;
#185 = ORIENTED_EDGE ( 'NONE', *, *, #1545, .T. ) ;
#186 = EDGE_CURVE ( 'NONE', #2822, #2481, #3234, .T. ) ;
#187 = UNCERTAINTY_MEASURE_WITH_UNIT (LENGTH_MEASURE( 1.000000000000000082E-05 ), #2985, 'distance_accuracy_value', 'NONE');
#188 = ORIENTED_EDGE ( 'NONE', *, *, #3240, .F. ) ;
#189 = ADVANCED_FACE ( 'NONE', ( #903 ), #852, .F. ) ;
#190 = CARTESIAN_POINT ( 'NONE',  ( 33.00000000000000000, 3.499999999999999556, 1.500000000000000000 ) ) ;
#191 = LINE ( 'NONE', #471, #1332 ) ;
#192 = DIRECTION ( 'NONE',  ( 0.000000000000000000, 0.000000000000000000, -1.000000000000000000 ) ) ;
#193 = CARTESIAN_POINT ( 'NONE',  ( 27.53579251507067127, 17.91078643762690348, 3.500000000000000000 ) ) ;
#194 = ORIENTED_EDGE ( 'NONE', *, *, #2104, .T. ) ;
#195 = ORIENTED_EDGE ( 'NONE', *, *, #543, .F. ) ;
#196 = DIRECTION ( 'NONE',  ( 2.705221794895604099E-16, -1.000000000000000000, 0.000000000000000000 ) ) ;
#197 = CARTESIAN_POINT ( 'NONE',  ( 12.00000000000000355, -4.162499999999992539, 3.662500000000003642 ) ) ;
#198 = AXIS2_PLACEMENT_3D ( 'NONE', #2497, #1982, #1440 ) ;
#199 = DIRECTION ( 'NONE',  ( 0.000000000000000000, 0.000000000000000000, 1.000000000000000000 ) ) ;
#200 = CYLINDRICAL_SURFACE ( 'NONE', #746, 1.000000000000000888 ) ;
#201 = CARTESIAN_POINT ( 'NONE',  ( 33.00000000000000000, 0.000000000000000000, 0.000000000000000000 ) ) ;
#202 = CARTESIAN_POINT ( 'NONE',  ( 24.00000000000000000, 16.60000000000000142, 0.000000000000000000 ) ) ;
#203 = ORIENTED_EDGE ( 'NONE', *, *, #1013, .F. ) ;
#204 = EDGE_CURVE ( 'NONE', #1779, #766, #2987, .T. ) ;
#205 = ORIENTED_EDGE ( 'NONE', *, *, #1842, .F. ) ;
#206 = LINE ( 'NONE', #2362, #2603 ) ;
#207 = DIRECTION ( 'NONE',  ( 1.000000000000000000, 9.800697604388740006E-17, 0.000000000000000000 ) ) ;
#208 = DIRECTION ( 'NONE',  ( 0.000000000000000000, -1.000000000000000000, 0.000000000000000000 ) ) ;
#209 = DIRECTION ( 'NONE',  ( 0.000000000000000000, -1.000000000000000000, -1.734723475976805517E-15 ) ) ;
#210 = CIRCLE ( 'NONE', #1376, 1.000000000000000000 ) ;
#211 = ORIENTED_EDGE ( 'NONE', *, *, #1280, .F. ) ;
#212 = ORIENTED_EDGE ( 'NONE', *, *, #3067, .F. ) ;
#213 = CARTESIAN_POINT ( 'NONE',  ( 12.00000000000000355, 1.623133076937362953E-15, -0.5000000000000000000 ) ) ;
#214 = CIRCLE ( 'NONE', #721, 1.000000000000000888 ) ;
#215 = CARTESIAN_POINT ( 'NONE',  ( 18.00000000000000711, 17.91078643762690348, 3.500000000000000000 ) ) ;
#216 = CARTESIAN_POINT ( 'NONE',  ( -1.199999999999999734, 16.25056390435021569, 3.199999999999978417 ) ) ;
#217 = CIRCLE ( 'NONE', #2487, 1.000000000000000888 ) ;
#218 = CIRCLE ( 'NONE', #2171, 1.000000000000000888 ) ;
#219 = ORIENTED_EDGE ( 'NONE', *, *, #3384, .T. ) ;
#220 = ORIENTED_EDGE ( 'NONE', *, *, #1272, .T. ) ;
#221 = CARTESIAN_POINT ( 'NONE',  ( 11.00000000000000355, -1.599999999999985212, 3.500000000000000000 ) ) ;
#222 = DIRECTION ( 'NONE',  ( 1.000000000000000000, 0.000000000000000000, 0.000000000000000000 ) ) ;
#223 = VERTEX_POINT ( 'NONE', #1905 ) ;
#224 = ORIENTED_EDGE ( 'NONE', *, *, #1649, .T. ) ;
#225 = DIRECTION ( 'NONE',  ( -1.000000000000000000, -1.352610897447802050E-16, 0.000000000000000000 ) ) ;
#226 = ADVANCED_FACE ( 'NONE', ( #608 ), #320, .F. ) ;
#227 = LINE ( 'NONE', #2897, #2845 ) ;
#228 = CARTESIAN_POINT ( 'NONE',  ( 0.000000000000000000, -5.825000000000009059, 3.500000000000000000 ) ) ;
#229 = FACE_OUTER_BOUND ( 'NONE', #2869, .T. ) ;
#230 = EDGE_CURVE ( 'NONE', #2270, #451, #350, .T. ) ;
#231 = ADVANCED_FACE ( 'NONE', ( #575 ), #1673, .T. ) ;
#232 = VERTEX_POINT ( 'NONE', #1189 ) ;
#233 = AXIS2_PLACEMENT_3D ( 'NONE', #2615, #2599, #1033 ) ;
#234 = ADVANCED_FACE ( 'NONE', ( #2212 ), #2446, .T. ) ;
#235 = ORIENTED_EDGE ( 'NONE', *, *, #129, .F. ) ;
#236 = AXIS2_PLACEMENT_3D ( 'NONE', #2057, #2816, #3158 ) ;
#237 = FACE_OUTER_BOUND ( 'NONE', #1354, .T. ) ;
#238 = ORIENTED_EDGE ( 'NONE', *, *, #127, .F. ) ;
#239 = ORIENTED_EDGE ( 'NONE', *, *, #1106, .T. ) ;
#240 = FACE_BOUND ( 'NONE', #1124, .T. ) ;
#241 = LINE ( 'NONE', #1310, #147 ) ;
#242 = DIRECTION ( 'NONE',  ( -1.000000000000000000, 0.000000000000000000, 0.000000000000000000 ) ) ;
#243 = EDGE_CURVE ( 'NONE', #2141, #481, #1377, .T. ) ;
#244 = DIRECTION ( 'NONE',  ( -1.000000000000000000, 0.000000000000000000, 0.000000000000000000 ) ) ;
#246 = AXIS2_PLACEMENT_3D ( 'NONE', #625, #3027, #373 ) ;
#245 = CARTESIAN_POINT ( 'NONE',  ( 0.000000000000000000, 14.00000000000000000, 0.000000000000000000 ) ) ;
#247 = ORIENTED_EDGE ( 'NONE', *, *, #2917, .F. ) ;
#248 = ORIENTED_EDGE ( 'NONE', *, *, #2739, .T. ) ;
#249 = LINE ( 'NONE', #1320, #2978 ) ;
#250 = PLANE ( 'NONE',  #169 ) ;
#251 = EDGE_LOOP ( 'NONE', ( #2614, #3389, #3332, #567 ) ) ;
#252 = ORIENTED_EDGE ( 'NONE', *, *, #281, .T. ) ;
#253 = CARTESIAN_POINT ( 'NONE',  ( 27.74290804732682503, 18.61789321881345671, 3.207106781186544797 ) ) ;
#254 = DIRECTION ( 'NONE',  ( -0.000000000000000000, 0.000000000000000000, 1.000000000000000000 ) ) ;
#255 = DIRECTION ( 'NONE',  ( -1.000000000000000000, 0.000000000000000000, 0.000000000000000000 ) ) ;
#256 = FACE_OUTER_BOUND ( 'NONE', #2221, .T. ) ;
#257 = DIRECTION ( 'NONE',  ( -0.000000000000000000, -0.000000000000000000, -1.000000000000000000 ) ) ;
#258 = AXIS2_PLACEMENT_3D ( 'NONE', #985, #2582, #1550 ) ;
#259 = VERTEX_POINT ( 'NONE', #48 ) ;
#260 = ADVANCED_FACE ( 'NONE', ( #2197 ), #1108, .F. ) ;
#261 = EDGE_CURVE ( 'NONE', #3023, #1962, #2335, .T. ) ;
#262 = DIRECTION ( 'NONE',  ( -0.000000000000000000, 0.000000000000000000, 1.000000000000000000 ) ) ;
#263 = ADVANCED_FACE ( 'NONE', ( #2846 ), #2321, .T. ) ;
#264 = EDGE_LOOP ( 'NONE', ( #747, #1241, #3084, #520 ) ) ;
#265 = CARTESIAN_POINT ( 'NONE',  ( 30.70628644840721577, 19.22846100624417431, 2.596538993755826308 ) ) ;
#266 = CARTESIAN_POINT ( 'NONE',  ( 12.00000000000000355, -3.910786437626903034, 3.500000000000000000 ) ) ;
#267 = AXIS2_PLACEMENT_3D ( 'NONE', #2079, #2303, #3085 ) ;
#268 = ORIENTED_EDGE ( 'NONE', *, *, #725, .T. ) ;
#269 = LINE ( 'NONE', #829, #1481 ) ;
#270 = ORIENTED_EDGE ( 'NONE', *, *, #3366, .F. ) ;
#271 = VECTOR ( 'NONE', #3312, 1000.000000000000000 ) ;
#272 = DIRECTION ( 'NONE',  ( 0.000000000000000000, -0.000000000000000000, -1.000000000000000000 ) ) ;
#273 = LINE ( 'NONE', #1342, #524 ) ;
#274 = EDGE_CURVE ( 'NONE', #687, #895, #1069, .T. ) ;
#275 = DIRECTION ( 'NONE',  ( -0.000000000000000000, 0.000000000000000000, 1.000000000000000000 ) ) ;
#276 = EDGE_CURVE ( 'NONE', #1692, #1139, #3125, .T. ) ;
#277 = CARTESIAN_POINT ( 'NONE',  ( -0.6037185704441272449, 18.55681697695453281, 3.268183023045469593 ) ) ;
#278 = EDGE_CURVE ( 'NONE', #1544, #1692, #218, .T. ) ;
#279 = VECTOR ( 'NONE', #2670, 1000.000000000000000 ) ;
#280 = VECTOR ( 'NONE', #3416, 1000.000000000000000 ) ;
#281 = EDGE_CURVE ( 'NONE', #1870, #967, #412, .T. ) ;
#282 = ORIENTED_EDGE ( 'NONE', *, *, #3120, .T. ) ;
#283 = EDGE_CURVE ( 'NONE', #949, #44, #2554, .T. ) ;
#284 = DIRECTION ( 'NONE',  ( -0.000000000000000000, -0.000000000000000000, -1.000000000000000000 ) ) ;
#285 = LINE ( 'NONE', #3441, #2495 ) ;
#286 = ADVANCED_FACE ( 'NONE', ( #1262 ), #984, .T. ) ;
#287 = ORIENTED_EDGE ( 'NONE', *, *, #1892, .F. ) ;
#288 = AXIS2_PLACEMENT_3D ( 'NONE', #3134, #771, #244 ) ;
#289 = ORIENTED_EDGE ( 'NONE', *, *, #3366, .T. ) ;
#290 = DIRECTION ( 'NONE',  ( -0.000000000000000000, 0.000000000000000000, 1.000000000000000000 ) ) ;
#291 = LINE ( 'NONE', #2075, #1792 ) ;
#292 = DIRECTION ( 'NONE',  ( -9.564403378921579222E-17, 0.7071067811865441310, -0.7071067811865507924 ) ) ;
#293 = ORIENTED_EDGE ( 'NONE', *, *, #1815, .T. ) ;
#294 = DIRECTION ( 'NONE',  ( 1.352610897447801803E-16, -1.000000000000000000, 0.000000000000000000 ) ) ;
#295 = CARTESIAN_POINT ( 'NONE',  ( 28.00135277960130153, 18.45654131755400940, 3.347448530337994388 ) ) ;
#296 = EDGE_CURVE ( 'NONE', #3039, #1639, #1938, .T. ) ;
#297 = CONICAL_SURFACE ( 'NONE', #2685, 1.625000000000000666, 0.7853981633974430610 ) ;
#298 = CARTESIAN_POINT ( 'NONE',  ( 33.00000000000000000, 3.499999999999999556, 0.000000000000000000 ) ) ;
#299 = EDGE_LOOP ( 'NONE', ( #1686, #2175, #75, #1171 ) ) ;
#300 = PLANE ( 'NONE',  #2651 ) ;
#301 = CARTESIAN_POINT ( 'NONE',  ( 30.87500000000000000, 16.50000000000000000, 1.499999999999998224 ) ) ;
#302 = LINE ( 'NONE', #2980, #1433 ) ;
#303 = ORIENTED_EDGE ( 'NONE', *, *, #775, .F. ) ;
#304 = VERTEX_POINT ( 'NONE', #472 ) ;
#305 = DIRECTION ( 'NONE',  ( 1.352610897447802050E-16, -1.000000000000000000, 0.000000000000000000 ) ) ;
#306 = DIRECTION ( 'NONE',  ( 1.000000000000000000, 9.800697604388740006E-17, 0.000000000000000000 ) ) ;
#307 = VECTOR ( 'NONE', #1986, 1000.000000000000000 ) ;
#308 = DIRECTION ( 'NONE',  ( 4.782201689460790227E-17, -0.7071067811865441310, 0.7071067811865507924 ) ) ;
#309 = CARTESIAN_POINT ( 'NONE',  ( -0.000000000000000000, 15.60000000000000142, 0.000000000000000000 ) ) ;
#310 = CARTESIAN_POINT ( 'NONE',  ( 4.263098721885541842, 18.81044836000877396, 3.014551639991222665 ) ) ;
#311 = VECTOR ( 'NONE', #1278, 1000.000000000000000 ) ;
#312 = CIRCLE ( 'NONE', #490, 1.000000000000000888 ) ;
#313 = ORIENTED_EDGE ( 'NONE', *, *, #2018, .F. ) ;
#314 = FACE_OUTER_BOUND ( 'NONE', #1828, .T. ) ;
#315 = CARTESIAN_POINT ( 'NONE',  ( 17.00000000000000355, 15.60000000000000142, 3.500000000000000000 ) ) ;
#316 = ORIENTED_EDGE ( 'NONE', *, *, #1679, .F. ) ;
#317 = EDGE_LOOP ( 'NONE', ( #2352, #219, #622, #571, #2737, #2448, #3143, #1887, #388, #986, #145, #2715 ) ) ;
#318 =( LENGTH_UNIT ( ) NAMED_UNIT ( * ) SI_UNIT ( .MILLI., .METRE. ) );
#319 = CARTESIAN_POINT ( 'NONE',  ( -1.795977836004236541E-15, 18.32499999999999929, 3.500000000000000000 ) ) ;
#320 = CYLINDRICAL_SURFACE ( 'NONE', #3245, 1.625000000000000666 ) ;
#321 = LINE ( 'NONE', #1328, #1833 ) ;
#322 = VECTOR ( 'NONE', #2326, 1000.000000000000000 ) ;
#323 = VERTEX_POINT ( 'NONE', #1549 ) ;
#324 = ORIENTED_EDGE ( 'NONE', *, *, #1364, .T. ) ;
#325 = ADVANCED_FACE ( 'NONE', ( #2249 ), #3086, .F. ) ;
#326 = DIRECTION ( 'NONE',  ( -0.000000000000000000, -0.000000000000000000, 1.000000000000000000 ) ) ;
#327 = CARTESIAN_POINT ( 'NONE',  ( -1.942988300070067370E-15, 19.82499999999999929, 1.585786437626895751 ) ) ;
#328 = AXIS2_PLACEMENT_3D ( 'NONE', #2112, #1047, #816 ) ;
#329 = EDGE_CURVE ( 'NONE', #435, #2061, #2267, .T. ) ;
#330 = VECTOR ( 'NONE', #799, 1000.000000000000000 ) ;
#331 = EDGE_CURVE ( 'NONE', #862, #847, #391, .T. ) ;
#332 = ORIENTED_EDGE ( 'NONE', *, *, #3180, .T. ) ;
#333 = CARTESIAN_POINT ( 'NONE',  ( 18.00000000000001066, -5.825000000000009059, 0.000000000000000000 ) ) ;
#334 = EDGE_CURVE ( 'NONE', #2541, #2293, #2523, .T. ) ;
#335 = LINE ( 'NONE', #3022, #35 ) ;
#336 = VECTOR ( 'NONE', #1683, 1000.000000000000000 ) ;
#337 = ORIENTED_EDGE ( 'NONE', *, *, #2553, .T. ) ;
#338 = ORIENTED_EDGE ( 'NONE', *, *, #757, .T. ) ;
#339 = CARTESIAN_POINT ( 'NONE',  ( 0.000000000000000000, 0.000000000000000000, 0.000000000000000000 ) ) ;
#340 = FACE_OUTER_BOUND ( 'NONE', #1315, .T. ) ;
#341 = CARTESIAN_POINT ( 'NONE',  ( -1.795977836004236541E-15, 18.32499999999999929, 3.500000000000000000 ) ) ;
#342 = LINE ( 'NONE', #2786, #870 ) ;
#343 = VERTEX_POINT ( 'NONE', #947 ) ;
#344 = LINE ( 'NONE', #1412, #3232 ) ;
#345 = AXIS2_PLACEMENT_3D ( 'NONE', #1346, #2434, #1118 ) ;
#346 = ADVANCED_FACE ( 'NONE', ( #2005 ), #3066, .T. ) ;
#347 = CARTESIAN_POINT ( 'NONE',  ( 0.000000000000000000, 0.000000000000000000, 1.500000000000000000 ) ) ;
#348 = CARTESIAN_POINT ( 'NONE',  ( 30.87500000000000000, -2.500000000000002220, 0.000000000000000000 ) ) ;
#349 = ORIENTED_EDGE ( 'NONE', *, *, #1875, .F. ) ;
#350 = CIRCLE ( 'NONE', #2637, 1.000000000000000000 ) ;
#351 = AXIS2_PLACEMENT_3D ( 'NONE', #2756, #2493, #106 ) ;
#352 = FACE_OUTER_BOUND ( 'NONE', #928, .T. ) ;
#353 = LINE ( 'NONE', #87, #995 ) ;
#354 = ORIENTED_EDGE ( 'NONE', *, *, #204, .T. ) ;
#355 = CARTESIAN_POINT ( 'NONE',  ( 9.000000000000001776, 18.82499999999999929, 1.585786437626895751 ) ) ;
#356 = DIRECTION ( 'NONE',  ( 0.000000000000000000, -1.000000000000000000, 0.000000000000000000 ) ) ;
#357 = DIRECTION ( 'NONE',  ( -1.000000000000000000, -1.352610897447802050E-16, -0.000000000000000000 ) ) ;
#358 = VERTEX_POINT ( 'NONE', #298 ) ;
#359 = EDGE_LOOP ( 'NONE', ( #3106, #293, #2652, #475, #400, #2702, #1865 ) ) ;
#360 = DIRECTION ( 'NONE',  ( 0.000000000000000000, -0.000000000000000000, -1.000000000000000000 ) ) ;
#361 = DIRECTION ( 'NONE',  ( 0.000000000000000000, 1.000000000000000000, 0.000000000000000000 ) ) ;
#362 = CARTESIAN_POINT ( 'NONE',  ( 12.00000000000000178, 16.60000000000000142, 0.000000000000000000 ) ) ;
#363 = CARTESIAN_POINT ( 'NONE',  ( 0.000000000000000000, -5.532106781186556077, 2.292893218813444101 ) ) ;
#364 = CARTESIAN_POINT ( 'NONE',  ( 0.000000000000000000, -5.532106781186556077, 2.292893218813444101 ) ) ;
#365 = DIRECTION ( 'NONE',  ( -0.000000000000000000, 0.000000000000000000, 1.000000000000000000 ) ) ;
#366 = AXIS2_PLACEMENT_3D ( 'NONE', #2355, #2911, #1035 ) ;
#367 = ORIENTED_EDGE ( 'NONE', *, *, #1987, .T. ) ;
#368 = DIRECTION ( 'NONE',  ( 0.000000000000000000, 0.000000000000000000, -1.000000000000000000 ) ) ;
#369 = ORIENTED_EDGE ( 'NONE', *, *, #2650, .T. ) ;
#370 = CARTESIAN_POINT ( 'NONE',  ( 0.7616563790542761891, -5.060205163447509591, 2.764794836552490143 ) ) ;
#371 = DIRECTION ( 'NONE',  ( -1.000000000000000000, 0.000000000000000000, 0.000000000000000000 ) ) ;
#372 = AXIS2_PLACEMENT_3D ( 'NONE', #3252, #1931, #3268 ) ;
#373 = DIRECTION ( 'NONE',  ( -1.000000000000000000, 0.000000000000000000, 0.000000000000000000 ) ) ;
#374 = LINE ( 'NONE', #1988, #596 ) ;
#375 = ORIENTED_EDGE ( 'NONE', *, *, #2275, .F. ) ;
#376 = ORIENTED_EDGE ( 'NONE', *, *, #879, .T. ) ;
#377 = CARTESIAN_POINT ( 'NONE',  ( 11.00000000000000178, 15.60000000000000142, 3.500000000000000000 ) ) ;
#378 = DIRECTION ( 'NONE',  ( 1.000000000000000000, 9.800697604388740006E-17, -0.000000000000000000 ) ) ;
#379 = FACE_OUTER_BOUND ( 'NONE', #1014, .T. ) ;
#380 = DIRECTION ( 'NONE',  ( 0.000000000000000000, -1.000000000000000000, 0.000000000000000000 ) ) ;
#381 = EDGE_CURVE ( 'NONE', #2747, #323, #2453, .T. ) ;
#382 = ORIENTED_EDGE ( 'NONE', *, *, #595, .T. ) ;
#383 = EDGE_CURVE ( 'NONE', #3439, #168, #38, .T. ) ;
#384 = PLANE ( 'NONE',  #2109 ) ;
#385 = CONICAL_SURFACE ( 'NONE', #2713, 1.625000000000001332, 0.7853981633974492782 ) ;
#386 = DIRECTION ( 'NONE',  ( 0.000000000000000000, -0.7071067811865466846, 0.7071067811865483499 ) ) ;
#387 = EDGE_LOOP ( 'NONE', ( #573, #2681, #774, #1469 ) ) ;
#388 = ORIENTED_EDGE ( 'NONE', *, *, #1679, .T. ) ;
#389 = CARTESIAN_POINT ( 'NONE',  ( 1.261424766814390974, -5.162310085044005348, 2.662689914955992165 ) ) ;
#390 = DIRECTION ( 'NONE',  ( 0.000000000000000000, -1.000000000000000000, 0.000000000000000000 ) ) ;
#391 = LINE ( 'NONE', #1465, #1859 ) ;
#392 = DIRECTION ( 'NONE',  ( 0.000000000000000000, 0.000000000000000000, -1.000000000000000000 ) ) ;
#393 = ORIENTED_EDGE ( 'NONE', *, *, #67, .T. ) ;
#394 = VECTOR ( 'NONE', #3256, 1000.000000000000000 ) ;
#395 = ORIENTED_EDGE ( 'NONE', *, *, #2013, .T. ) ;
#396 = CARTESIAN_POINT ( 'NONE',  ( 27.53579251507067127, 17.91078643762690348, 3.500000000000000000 ) ) ;
#397 = CARTESIAN_POINT ( 'NONE',  ( 15.00000000000000355, 18.61789321881345316, 3.207106781186546574 ) ) ;
#398 = CARTESIAN_POINT ( 'NONE',  ( 9.000000000000003553, 6.086749038515111072E-16, 0.000000000000000000 ) ) ;
#399 = DIRECTION ( 'NONE',  ( 0.000000000000000000, 0.000000000000000000, -1.000000000000000000 ) ) ;
#400 = ORIENTED_EDGE ( 'NONE', *, *, #1261, .T. ) ;
#401 = VECTOR ( 'NONE', #3378, 999.9999999999998863 ) ;
#402 = DIRECTION ( 'NONE',  ( 0.000000000000000000, -1.000000000000000000, 0.000000000000000000 ) ) ;
#403 = LINE ( 'NONE', #3057, #965 ) ;
#404 = LINE ( 'NONE', #1580, #401 ) ;
#405 = ORIENTED_EDGE ( 'NONE', *, *, #1557, .T. ) ;
#406 = EDGE_CURVE ( 'NONE', #482, #223, #1366, .T. ) ;
#407 = EDGE_LOOP ( 'NONE', ( #1191, #85, #2103, #1594 ) ) ;
#408 = EDGE_CURVE ( 'NONE', #3070, #1082, #2963, .T. ) ;
#409 = AXIS2_PLACEMENT_3D ( 'NONE', #804, #1517, #2574 ) ;
#410 = LINE ( 'NONE', #1484, #2664 ) ;
#411 = ADVANCED_FACE ( 'NONE', ( #51, #2696, #1122 ), #3242, .F. ) ;
#412 = LINE ( 'NONE', #1746, #666 ) ;
#413 = CARTESIAN_POINT ( 'NONE',  ( 9.000000000000001776, 19.82499999999999929, 1.585786437626895751 ) ) ;
#414 = ORIENTED_EDGE ( 'NONE', *, *, #2867, .T. ) ;
#415 = ORIENTED_EDGE ( 'NONE', *, *, #908, .T. ) ;
#416 = DIRECTION ( 'NONE',  ( 0.000000000000000000, 0.000000000000000000, -1.000000000000000000 ) ) ;
#417 = CARTESIAN_POINT ( 'NONE',  ( 12.00000000000000355, 1.623133076937362953E-15, 3.500000000000000000 ) ) ;
#418 = CARTESIAN_POINT ( 'NONE',  ( 11.00000000000000355, -1.599999999999985212, 0.000000000000000000 ) ) ;
#419 = ORIENTED_EDGE ( 'NONE', *, *, #278, .T. ) ;
#420 = CARTESIAN_POINT ( 'NONE',  ( 29.24999999999999645, 16.50000000000000000, 1.499999999999998224 ) ) ;
#421 = LINE ( 'NONE', #2295, #181 ) ;
#422 = CARTESIAN_POINT ( 'NONE',  ( 2.124999999999999112, -2.499999999999998224, 1.499999999999964917 ) ) ;
#423 = CIRCLE ( 'NONE', #2373, 1.000000000000000888 ) ;
#424 = VERTEX_POINT ( 'NONE', #1877 ) ;
#425 = FILL_AREA_STYLE_COLOUR ( '', #1896 ) ;
#426 = VERTEX_POINT ( 'NONE', #1197 ) ;
#427 = ORIENTED_EDGE ( 'NONE', *, *, #2629, .T. ) ;
#428 = EDGE_CURVE ( 'NONE', #3320, #2361, #403, .T. ) ;
#429 = CARTESIAN_POINT ( 'NONE',  ( 11.00000000000000178, 15.60000000000000142, 0.000000000000000000 ) ) ;
#430 = PLANE ( 'NONE',  #880 ) ;
#431 = VECTOR ( 'NONE', #2914, 1000.000000000000000 ) ;
#432 = DIRECTION ( 'NONE',  ( -1.000000000000000000, -1.690763621809753178E-17, 0.000000000000000000 ) ) ;
#433 = DIRECTION ( 'NONE',  ( -1.000000000000000000, 0.000000000000000000, 0.000000000000000000 ) ) ;
#434 = EDGE_LOOP ( 'NONE', ( #1208, #1603, #585, #1807, #3302, #1019, #3169 ) ) ;
#435 = VERTEX_POINT ( 'NONE', #142 ) ;
#436 = DIRECTION ( 'NONE',  ( 1.690763621809753178E-17, -1.000000000000000000, 0.000000000000000000 ) ) ;
#437 = DIRECTION ( 'NONE',  ( 1.352610897447801803E-16, -1.000000000000000000, 0.000000000000000000 ) ) ;
#438 = CARTESIAN_POINT ( 'NONE',  ( -0.000000000000000000, 15.60000000000000142, 0.000000000000000000 ) ) ;
#439 = ORIENTED_EDGE ( 'NONE', *, *, #2149, .T. ) ;
#440 = ADVANCED_FACE ( 'NONE', ( #2259 ), #1720, .T. ) ;
#441 = LINE ( 'NONE', #201, #2707 ) ;
#442 = ADVANCED_FACE ( 'NONE', ( #161 ), #3315, .T. ) ;
#443 = LINE ( 'NONE', #818, #1334 ) ;
#444 = CARTESIAN_POINT ( 'NONE',  ( -0.000000000000000000, 2.000000000000000000, 0.000000000000000000 ) ) ;
#445 = AXIS2_PLACEMENT_3D ( 'NONE', #2320, #3383, #2043 ) ;
#446 = EDGE_CURVE ( 'NONE', #2132, #3337, #1700, .T. ) ;
#447 = AXIS2_PLACEMENT_3D ( 'NONE', #1973, #98, #2543 ) ;
#448 = ORIENTED_EDGE ( 'NONE', *, *, #522, .T. ) ;
#449 = B_SPLINE_CURVE_WITH_KNOTS ( 'NONE', 3,
 ( #2286, #1748, #2804, #3347, #3087, #2724 ),
 .UNSPECIFIED., .F., .F.,
 ( 4, 2, 4 ),
 ( 0.001475035705018702247, 0.002212108037124155269, 0.002949180369229607857 ),
 .UNSPECIFIED. ) ;
#450 = AXIS2_PLACEMENT_3D ( 'NONE', #339, #605, #1707 ) ;
#451 = VERTEX_POINT ( 'NONE', #1998 ) ;
#452 = AXIS2_PLACEMENT_3D ( 'NONE', #2935, #1078, #3197 ) ;
#453 = DIRECTION ( 'NONE',  ( 1.352610897447802050E-16, -1.000000000000000000, 0.000000000000000000 ) ) ;
#454 = LINE ( 'NONE', #1504, #3277 ) ;
#455 = CARTESIAN_POINT ( 'NONE',  ( 0.000000000000000000, -1.599999999999985212, -0.5000000000000000000 ) ) ;
#456 = DIRECTION ( 'NONE',  ( 0.000000000000000000, -1.000000000000000000, -7.155734338404322954E-15 ) ) ;
#457 = VERTEX_POINT ( 'NONE', #1216 ) ;
#458 = VERTEX_POINT ( 'NONE', #1740 ) ;
#459 = DIRECTION ( 'NONE',  ( -9.564403378921637154E-17, 0.7071067811865483499, 0.7071067811865466846 ) ) ;
#460 = VECTOR ( 'NONE', #1904, 1000.000000000000000 ) ;
#461 = LINE ( 'NONE', #3157, #2496 ) ;
#462 = VECTOR ( 'NONE', #3391, 1000.000000000000000 ) ;
#463 = CARTESIAN_POINT ( 'NONE',  ( 9.000000000000001776, 18.61789321881345316, 3.207106781186545685 ) ) ;
#464 = CARTESIAN_POINT ( 'NONE',  ( -1.199999999999999734, 15.05604709218059867, 3.500000000000000000 ) ) ;
#465 = ADVANCED_FACE ( 'NONE', ( #1457 ), #956, .T. ) ;
#466 = ORIENTED_EDGE ( 'NONE', *, *, #1015, .T. ) ;
#467 = VECTOR ( 'NONE', #630, 1000.000000000000000 ) ;
#468 = ORIENTED_EDGE ( 'NONE', *, *, #329, .T. ) ;
#469 = ORIENTED_EDGE ( 'NONE', *, *, #3258, .F. ) ;
#470 = CARTESIAN_POINT ( 'NONE',  ( 0.000000000000000000, -5.825000000000009059, 1.585786437626895751 ) ) ;
#471 = CARTESIAN_POINT ( 'NONE',  ( 17.00000000000000711, -1.599999999999985212, 3.500000000000000000 ) ) ;
#472 = CARTESIAN_POINT ( 'NONE',  ( 0.000000000000000000, 3.500000000000000000, 1.500000000000000000 ) ) ;
#473 = DIRECTION ( 'NONE',  ( -0.000000000000000000, 0.000000000000000000, 1.000000000000000000 ) ) ;
#474 = ORIENTED_EDGE ( 'NONE', *, *, #2666, .T. ) ;
#475 = ORIENTED_EDGE ( 'NONE', *, *, #3241, .T. ) ;
#476 = CARTESIAN_POINT ( 'NONE',  ( 32.50000000000000000, -2.500000000000002220, 3.500000000000000000 ) ) ;
#477 = CIRCLE ( 'NONE', #2967, 0.9999999999999991118 ) ;
#478 = LINE ( 'NONE', #2646, #322 ) ;
#479 = CARTESIAN_POINT ( 'NONE',  ( -1.199999999999999512, -2.028916346171703013E-17, 3.500000000000000000 ) ) ;
#480 = DIRECTION ( 'NONE',  ( 1.000000000000000000, 0.000000000000000000, 0.000000000000000000 ) ) ;
#481 = VERTEX_POINT ( 'NONE', #2492 ) ;
#482 = VERTEX_POINT ( 'NONE', #2516 ) ;
#483 = LINE ( 'NONE', #221, #657 ) ;
#484 = DIRECTION ( 'NONE',  ( 0.000000000000000000, 0.000000000000000000, -1.000000000000000000 ) ) ;
#485 = AXIS2_PLACEMENT_3D ( 'NONE', #1, #254, #2851 ) ;
#486 = EDGE_LOOP ( 'NONE', ( #2339, #2908, #1265, #11 ) ) ;
#487 = EDGE_CURVE ( 'NONE', #3137, #2246, #2185, .T. ) ;
#488 = VERTEX_POINT ( 'NONE', #2014 ) ;
#489 = LINE ( 'NONE', #2354, #280 ) ;
#490 = AXIS2_PLACEMENT_3D ( 'NONE', #3387, #1000, #456 ) ;
#491 = DIRECTION ( 'NONE',  ( 0.000000000000000000, -0.7071067811865483499, -0.7071067811865466846 ) ) ;
#492 = EDGE_CURVE ( 'NONE', #907, #679, #2796, .T. ) ;
#493 = CARTESIAN_POINT ( 'NONE',  ( 17.00000000000000711, -2.599999999999984990, -0.5000000000000000000 ) ) ;
#494 = DIRECTION ( 'NONE',  ( -9.800697604388740006E-17, 1.000000000000000000, 0.000000000000000000 ) ) ;
#495 = AXIS2_PLACEMENT_3D ( 'NONE', #1755, #935, #103 ) ;
#496 = EDGE_CURVE ( 'NONE', #2414, #110, #421, .T. ) ;
#497 = ORIENTED_EDGE ( 'NONE', *, *, #2732, .F. ) ;
#498 = AXIS2_PLACEMENT_3D ( 'NONE', #1694, #3275, #153 ) ;
#499 = VERTEX_POINT ( 'NONE', #1179 ) ;
#500 = LINE ( 'NONE', #2843, #2159 ) ;
#501 = CARTESIAN_POINT ( 'NONE',  ( 12.00000000000000355, 1.623133076937362953E-15, 3.500000000000000000 ) ) ;
#502 = EDGE_CURVE ( 'NONE', #2389, #2903, #1104, .T. ) ;
#503 = ORIENTED_EDGE ( 'NONE', *, *, #3117, .T. ) ;
#504 = ORIENTED_EDGE ( 'NONE', *, *, #3000, .F. ) ;
#505 = CARTESIAN_POINT ( 'NONE',  ( 33.60371857044413701, -4.556816976954528364, 3.268183023045470037 ) ) ;
#506 = DIRECTION ( 'NONE',  ( -1.000000000000000000, 0.000000000000000000, 0.000000000000000000 ) ) ;
#507 = CARTESIAN_POINT ( 'NONE',  ( 27.74290804732681437, -3.910786437626903034, 3.500000000000000000 ) ) ;
#508 = CARTESIAN_POINT ( 'NONE',  ( 16.00000000000000000, 16.60000000000000142, -0.5000000000000000000 ) ) ;
#509 = CARTESIAN_POINT ( 'NONE',  ( -1.199999999999999734, 10.16250000000008491, 11.66249999999999076 ) ) ;
#510 = AXIS2_PLACEMENT_3D ( 'NONE', #2755, #700, #737 ) ;
#511 = ORIENTED_EDGE ( 'NONE', *, *, #751, .T. ) ;
#512 = VERTEX_POINT ( 'NONE', #3300 ) ;
#513 = CIRCLE ( 'NONE', #1584, 1.625000000000004885 ) ;
#514 = LINE ( 'NONE', #1589, #2763 ) ;
#515 = PLANE ( 'NONE',  #785 ) ;
#516 = VERTEX_POINT ( 'NONE', #3018 ) ;
#517 = VERTEX_POINT ( 'NONE', #976 ) ;
#518 = CARTESIAN_POINT ( 'NONE',  ( -1.200000000000000178, 17.94395290781940133, 3.500000000000000000 ) ) ;
#519 = CARTESIAN_POINT ( 'NONE',  ( 0.000000000000000000, -1.599999999999985212, 0.000000000000000000 ) ) ;
#520 = ORIENTED_EDGE ( 'NONE', *, *, #1769, .F. ) ;
#521 = CARTESIAN_POINT ( 'NONE',  ( 34.20000000000000284, -5.825000000000009059, 0.000000000000000000 ) ) ;
#522 = EDGE_CURVE ( 'NONE', #961, #2318, #2035, .T. ) ;
#524 = VECTOR ( 'NONE', #588, 1000.000000000000000 ) ;
#523 = CARTESIAN_POINT ( 'NONE',  ( 21.00000000000000355, 2.840482884640384575E-15, -0.5000000000000000000 ) ) ;
#525 = AXIS2_PLACEMENT_3D ( 'NONE', #1961, #3316, #1721 ) ;
#526 = ADVANCED_FACE ( 'NONE', ( #1417 ), #2299, .F. ) ;
#527 = EDGE_CURVE ( 'NONE', #426, #828, #1157, .T. ) ;
#528 = ORIENTED_EDGE ( 'NONE', *, *, #796, .T. ) ;
#529 = EDGE_CURVE ( 'NONE', #1031, #1648, #1978, .T. ) ;
#530 = EDGE_LOOP ( 'NONE', ( #405, #2659, #1970, #235 ) ) ;
#531 = CARTESIAN_POINT ( 'NONE',  ( 12.00000000000000000, 19.82499999999999929, 1.585786437626895751 ) ) ;
#532 = CARTESIAN_POINT ( 'NONE',  ( -1.199999999999999734, 16.50000000000000000, 3.199999999999981970 ) ) ;
#533 = ADVANCED_FACE ( 'NONE', ( #2778 ), #635, .T. ) ;
#534 = ADVANCED_FACE ( 'NONE', ( #1463 ), #2580, .T. ) ;
#535 = ORIENTED_EDGE ( 'NONE', *, *, #1280, .T. ) ;
#536 = ADVANCED_FACE ( 'NONE', ( #983 ), #1820, .F. ) ;
#537 = VERTEX_POINT ( 'NONE', #1548 ) ;
#538 = FACE_OUTER_BOUND ( 'NONE', #89, .T. ) ;
#539 = AXIS2_PLACEMENT_3D ( 'NONE', #1638, #1142, #2425 ) ;
#540 = DIRECTION ( 'NONE',  ( -1.195550422365205106E-17, 0.7071067811865483499, 0.7071067811865466846 ) ) ;
#541 = DIRECTION ( 'NONE',  ( 1.000000000000000000, 9.800697604388740006E-17, 0.000000000000000000 ) ) ;
#542 = EDGE_CURVE ( 'NONE', #168, #3231, #3141, .T. ) ;
#543 = EDGE_CURVE ( 'NONE', #3151, #1275, #2842, .T. ) ;
#544 = LINE ( 'NONE', #1088, #3026 ) ;
#545 = VECTOR ( 'NONE', #561, 1000.000000000000000 ) ;
#546 = ORIENTED_EDGE ( 'NONE', *, *, #894, .F. ) ;
#547 = EDGE_CURVE ( 'NONE', #2318, #1337, #1224, .T. ) ;
#548 = ORIENTED_EDGE ( 'NONE', *, *, #67, .F. ) ;
#549 = CARTESIAN_POINT ( 'NONE',  ( 28.51663655227913097, 18.71894054864928947, 3.106059451350707157 ) ) ;
#550 = LINE ( 'NONE', #1621, #279 ) ;
#551 = VECTOR ( 'NONE', #1745, 1000.000000000000000 ) ;
#552 = ORIENTED_EDGE ( 'NONE', *, *, #155, .T. ) ;
#553 = CARTESIAN_POINT ( 'NONE',  ( 18.00000000000001066, -4.617893218813449607, 3.207106781186548350 ) ) ;
#554 = EDGE_LOOP ( 'NONE', ( #1628, #2597, #1939, #1356 ) ) ;
#555 = AXIS2_PLACEMENT_3D ( 'NONE', #3297, #913, #1554 ) ;
#556 = DIRECTION ( 'NONE',  ( 1.000000000000000000, 0.000000000000000000, 0.000000000000000000 ) ) ;
#557 = VECTOR ( 'NONE', #2312, 1000.000000000000000 ) ;
#558 = EDGE_LOOP ( 'NONE', ( #1513, #678, #1159, #3429, #1284, #685, #1576 ) ) ;
#559 = EDGE_CURVE ( 'NONE', #1094, #95, #1940, .T. ) ;
#560 = ORIENTED_EDGE ( 'NONE', *, *, #1258, .F. ) ;
#561 = DIRECTION ( 'NONE',  ( -0.000000000000000000, -0.000000000000000000, -1.000000000000000000 ) ) ;
#562 = EDGE_CURVE ( 'NONE', #3282, #3189, #191, .T. ) ;
#563 = CARTESIAN_POINT ( 'NONE',  ( 34.20000000000000284, 15.52523041815250870, 3.331971625163204997 ) ) ;
#564 = CYLINDRICAL_SURFACE ( 'NONE', #1362, 1.625000000000004885 ) ;
#565 = ADVANCED_FACE ( 'NONE', ( #3365 ), #102, .F. ) ;
#566 = VECTOR ( 'NONE', #1823, 1000.000000000000000 ) ;
#567 = ORIENTED_EDGE ( 'NONE', *, *, #2927, .F. ) ;
#568 = CARTESIAN_POINT ( 'NONE',  ( 12.00000000000000355, 1.623133076937362953E-15, 0.000000000000000000 ) ) ;
#569 = CARTESIAN_POINT ( 'NONE',  ( 15.00000000000000355, 17.91078643762689993, 3.500000000000000000 ) ) ;
#570 = DIRECTION ( 'NONE',  ( 0.000000000000000000, -1.000000000000000000, 0.000000000000000000 ) ) ;
#571 = ORIENTED_EDGE ( 'NONE', *, *, #2348, .T. ) ;
#572 = LINE ( 'NONE', #553, #921 ) ;
#573 = ORIENTED_EDGE ( 'NONE', *, *, #2958, .F. ) ;
#574 = CARTESIAN_POINT ( 'NONE',  ( 15.00000000000000533, 2.028916346171703888E-15, 3.500000000000000000 ) ) ;
#575 = FACE_OUTER_BOUND ( 'NONE', #784, .T. ) ;
#576 = DIRECTION ( 'NONE',  ( -0.000000000000000000, -0.000000000000000000, -1.000000000000000000 ) ) ;
#577 = DIRECTION ( 'NONE',  ( -1.000000000000000000, -6.763054487239010248E-17, 0.000000000000000000 ) ) ;
#578 = CARTESIAN_POINT ( 'NONE',  ( 34.20000000000000284, 15.05604709218061288, 3.500000000000000000 ) ) ;
#579 = CIRCLE ( 'NONE', #2036, 1.500000000000000000 ) ;
#580 = CARTESIAN_POINT ( 'NONE',  ( 24.00000000000000000, 19.82500000000000284, -0.5000000000000000000 ) ) ;
#581 = ORIENTED_EDGE ( 'NONE', *, *, #276, .F. ) ;
#582 = CARTESIAN_POINT ( 'NONE',  ( 11.00000000000000178, 16.60000000000000142, -0.5000000000000000000 ) ) ;
#583 = EDGE_CURVE ( 'NONE', #1962, #2270, #1763, .T. ) ;
#584 = DIRECTION ( 'NONE',  ( -0.000000000000000000, 0.000000000000000000, 1.000000000000000000 ) ) ;
#585 = ORIENTED_EDGE ( 'NONE', *, *, #186, .F. ) ;
#586 = ORIENTED_EDGE ( 'NONE', *, *, #607, .F. ) ;
#587 = DIRECTION ( 'NONE',  ( -1.000000000000000000, 0.000000000000000000, 0.000000000000000000 ) ) ;
#588 = DIRECTION ( 'NONE',  ( -0.000000000000000000, -0.000000000000000000, -1.000000000000000000 ) ) ;
#589 = CIRCLE ( 'NONE', #3318, 1.000000000000000888 ) ;
#590 = ADVANCED_FACE ( 'NONE', ( #2284 ), #963, .F. ) ;
#591 = DIRECTION ( 'NONE',  ( 1.000000000000000000, 9.800697604388740006E-17, 0.000000000000000000 ) ) ;
#592 = EDGE_CURVE ( 'NONE', #2426, #1200, #1017, .T. ) ;
#593 = VECTOR ( 'NONE', #2319, 1000.000000000000000 ) ;
#594 = ADVANCED_FACE ( 'NONE', ( #3102 ), #430, .F. ) ;
#595 = EDGE_CURVE ( 'NONE', #1296, #603, #454, .T. ) ;
#596 = VECTOR ( 'NONE', #2507, 1000.000000000000000 ) ;
#597 = ORIENTED_EDGE ( 'NONE', *, *, #383, .F. ) ;
#598 = CARTESIAN_POINT ( 'NONE',  ( 0.4999999999999995559, -2.499999999999998224, 0.000000000000000000 ) ) ;
#599 = VECTOR ( 'NONE', #480, 1000.000000000000000 ) ;
#600 = AXIS2_PLACEMENT_3D ( 'NONE', #2046, #682, #667 ) ;
#601 = CARTESIAN_POINT ( 'NONE',  ( 34.20000000000000284, -2.500000000000002220, 3.199999999999988631 ) ) ;
#602 = VERTEX_POINT ( 'NONE', #2560 ) ;
#603 = VERTEX_POINT ( 'NONE', #2522 ) ;
#604 = B_SPLINE_CURVE_WITH_KNOTS ( 'NONE', 3,
 ( #2700, #2224, #873, #3248, #845, #601 ),
 .UNSPECIFIED., .F., .F.,
 ( 4, 2, 4 ),
 ( 0.000000000000000000, 0.0007375178525093518825, 0.001475035705018703765 ),
 .UNSPECIFIED. ) ;
#605 = DIRECTION ( 'NONE',  ( 0.000000000000000000, 0.000000000000000000, 1.000000000000000000 ) ) ;
#606 = DIRECTION ( 'NONE',  ( -1.000000000000000000, 0.000000000000000000, 0.000000000000000000 ) ) ;
#607 = EDGE_CURVE ( 'NONE', #623, #3421, #132, .T. ) ;
#608 = FACE_OUTER_BOUND ( 'NONE', #486, .T. ) ;
#609 = AXIS2_PLACEMENT_3D ( 'NONE', #2291, #177, #2310 ) ;
#610 = EDGE_LOOP ( 'NONE', ( #3015, #1711, #1500, #382 ) ) ;
#611 = DIRECTION ( 'NONE',  ( 1.352610897447801803E-16, -1.000000000000000000, 0.000000000000000000 ) ) ;
#612 = CARTESIAN_POINT ( 'NONE',  ( 0.000000000000000000, -5.825000000000009059, 1.585786437626895751 ) ) ;
#613 = PRODUCT_DEFINITION_FORMATION_WITH_SPECIFIED_SOURCE ( 'ANY', '', #2333, .NOT_KNOWN. ) ;
#614 = VECTOR ( 'NONE', #2922, 1000.000000000000000 ) ;
#615 = DIRECTION ( 'NONE',  ( 0.000000000000000000, 0.000000000000000000, 1.000000000000000000 ) ) ;
#616 = CARTESIAN_POINT ( 'NONE',  ( 21.00000000000000355, -5.825000000000007283, 1.999999999999993117 ) ) ;
#617 = EDGE_LOOP ( 'NONE', ( #1558, #1551, #24, #1027 ) ) ;
#618 = VECTOR ( 'NONE', #459, 1000.000000000000000 ) ;
#619 = AXIS2_PLACEMENT_3D ( 'NONE', #1934, #3033, #1211 ) ;
#620 = PLANE ( 'NONE',  #539 ) ;
#621 = AXIS2_PLACEMENT_3D ( 'NONE', #126, #386, #3097 ) ;
#622 = ORIENTED_EDGE ( 'NONE', *, *, #2666, .F. ) ;
#623 = VERTEX_POINT ( 'NONE', #3065 ) ;
#624 = DIRECTION ( 'NONE',  ( -6.930139736422062677E-17, 0.7071067811865509034, 0.7071067811865442421 ) ) ;
#625 = CARTESIAN_POINT ( 'NONE',  ( 30.87500000000000000, -2.500000000000002220, 3.500000000000000000 ) ) ;
#626 = CARTESIAN_POINT ( 'NONE',  ( 5.390971959605476371, 18.08412848841634002, 3.500000000000000444 ) ) ;
#627 = VERTEX_POINT ( 'NONE', #2266 ) ;
#628 = ORIENTED_EDGE ( 'NONE', *, *, #2437, .T. ) ;
#629 = FACE_OUTER_BOUND ( 'NONE', #1358, .T. ) ;
#630 = DIRECTION ( 'NONE',  ( 0.000000000000000000, -1.000000000000000000, 0.000000000000000000 ) ) ;
#631 = LINE ( 'NONE', #3296, #1183 ) ;
#632 = ORIENTED_EDGE ( 'NONE', *, *, #2817, .T. ) ;
#633 = LINE ( 'NONE', #347, #3336 ) ;
#634 = EDGE_CURVE ( 'NONE', #1318, #1368, #681, .T. ) ;
#635 = PLANE ( 'NONE',  #510 ) ;
#636 = DIRECTION ( 'NONE',  ( 0.000000000000000000, -1.000000000000000000, 0.000000000000000000 ) ) ;
#637 = VERTEX_POINT ( 'NONE', #2801 ) ;
#638 = EDGE_CURVE ( 'NONE', #3421, #2306, #410, .T. ) ;
#639 = AXIS2_PLACEMENT_3D ( 'NONE', #3311, #930, #36 ) ;
#640 = CARTESIAN_POINT ( 'NONE',  ( -1.199999999999999512, -1.056047092180596225, 3.500000000000000000 ) ) ;
#641 = CARTESIAN_POINT ( 'NONE',  ( 17.00000000000000711, -2.599999999999984990, 0.000000000000000000 ) ) ;
#642 = VERTEX_POINT ( 'NONE', #2160 ) ;
#643 = EDGE_CURVE ( 'NONE', #1031, #62, #285, .T. ) ;
#644 = DIRECTION ( 'NONE',  ( 1.000000000000000000, 6.763054487239010248E-17, 0.000000000000000000 ) ) ;
#645 = CARTESIAN_POINT ( 'NONE',  ( 23.00000000000000355, -2.599999999999984990, -0.5000000000000000000 ) ) ;
#646 = EDGE_CURVE ( 'NONE', #232, #537, #2944, .T. ) ;
#647 = CYLINDRICAL_SURFACE ( 'NONE', #3328, 1.000000000000000000 ) ;
#648 = ORIENTED_EDGE ( 'NONE', *, *, #2779, .T. ) ;
#649 = ORIENTED_EDGE ( 'NONE', *, *, #1214, .F. ) ;
#650 = CARTESIAN_POINT ( 'NONE',  ( 9.000000000000001776, -5.825000000000009059, -0.5000000000000000000 ) ) ;
#651 = DIRECTION ( 'NONE',  ( 0.000000000000000000, -1.000000000000000000, 0.000000000000000000 ) ) ;
#652 = DIRECTION ( 'NONE',  ( -0.000000000000000000, 0.000000000000000000, 1.000000000000000000 ) ) ;
#653 = FACE_OUTER_BOUND ( 'NONE', #2081, .T. ) ;
#654 = B_SPLINE_CURVE_WITH_KNOTS ( 'NONE', 3,
 ( #2483, #97, #1173, #1209, #2233, #909 ),
 .UNSPECIFIED., .F., .F.,
 ( 4, 2, 4 ),
 ( 0.000000000000000000, 0.0005526349263993708249, 0.001105269852798741650 ),
 .UNSPECIFIED. ) ;
#655 = CARTESIAN_POINT ( 'NONE',  ( 24.00000000000000000, 18.82500000000000284, 1.585786437626895751 ) ) ;
#656 = DIRECTION ( 'NONE',  ( 1.000000000000000000, 0.000000000000000000, 0.000000000000000000 ) ) ;
#657 = VECTOR ( 'NONE', #1802, 1000.000000000000000 ) ;
#658 = EDGE_LOOP ( 'NONE', ( #52, #3291, #1884, #2261 ) ) ;
#659 = EDGE_CURVE ( 'NONE', #1389, #2318, #2350, .T. ) ;
#660 = VECTOR ( 'NONE', #1131, 1000.000000000000000 ) ;
#661 = DIRECTION ( 'NONE',  ( -1.000000000000000000, 0.000000000000000000, 0.000000000000000000 ) ) ;
#662 = ORIENTED_EDGE ( 'NONE', *, *, #1079, .F. ) ;
#663 = EDGE_LOOP ( 'NONE', ( #2365, #1322, #2890, #762, #2576, #1945 ) ) ;
#664 = VECTOR ( 'NONE', #2237, 1000.000000000000000 ) ;
#665 = CARTESIAN_POINT ( 'NONE',  ( 0.000000000000000000, 0.000000000000000000, 1.500000000000000000 ) ) ;
#666 = VECTOR ( 'NONE', #2803, 1000.000000000000000 ) ;
#667 = DIRECTION ( 'NONE',  ( 1.000000000000000000, 0.000000000000000000, 0.000000000000000000 ) ) ;
#668 = DIRECTION ( 'NONE',  ( -1.000000000000000000, 0.000000000000000000, 0.000000000000000000 ) ) ;
#669 = ORIENTED_EDGE ( 'NONE', *, *, #2045, .F. ) ;
#670 = VERTEX_POINT ( 'NONE', #2143 ) ;
#671 = DIRECTION ( 'NONE',  ( 0.000000000000000000, -1.000000000000000000, 0.000000000000000000 ) ) ;
#672 = CARTESIAN_POINT ( 'NONE',  ( 5.750000000000015099, 16.50000000000000000, 3.500000000000000000 ) ) ;
#673 = CARTESIAN_POINT ( 'NONE',  ( 2.124999999999999112, -2.499999999999998224, 1.499999999999964917 ) ) ;
#674 = CARTESIAN_POINT ( 'NONE',  ( -1.942988300070067370E-15, 19.82499999999999929, 1.500000000000000000 ) ) ;
#675 = LINE ( 'NONE', #917, #2332 ) ;
#676 = CARTESIAN_POINT ( 'NONE',  ( -1.755382017319682934E-15, 17.91078643762689993, 2.500000000000000000 ) ) ;
#677 = DIRECTION ( 'NONE',  ( 0.000000000000000000, 0.000000000000000000, -1.000000000000000000 ) ) ;
#678 = ORIENTED_EDGE ( 'NONE', *, *, #2206, .T. ) ;
#679 = VERTEX_POINT ( 'NONE', #2409 ) ;
#680 = ORIENTED_EDGE ( 'NONE', *, *, #2398, .F. ) ;
#681 = LINE ( 'NONE', #2003, #551 ) ;
#682 = DIRECTION ( 'NONE',  ( -0.000000000000000000, 0.000000000000000000, 1.000000000000000000 ) ) ;
#683 = AXIS2_PLACEMENT_3D ( 'NONE', #676, #3340, #1435 ) ;
#684 = DIRECTION ( 'NONE',  ( -0.000000000000000000, 0.000000000000000000, 1.000000000000000000 ) ) ;
#685 = ORIENTED_EDGE ( 'NONE', *, *, #3144, .F. ) ;
#686 = AXIS2_PLACEMENT_3D ( 'NONE', #213, #225, #989 ) ;
#687 = VERTEX_POINT ( 'NONE', #1093 ) ;
#688 = CYLINDRICAL_SURFACE ( 'NONE', #3239, 1.624999999999999778 ) ;
#689 = CARTESIAN_POINT ( 'NONE',  ( 34.20000000000000284, 3.499999999999999556, 1.500000000000000000 ) ) ;
#690 = CARTESIAN_POINT ( 'NONE',  ( 9.000000000000001776, 16.60000000000000142, 0.000000000000000000 ) ) ;
#691 = CIRCLE ( 'NONE', #124, 1.000000000000000888 ) ;
#692 = DIRECTION ( 'NONE',  ( -1.000000000000000000, 0.000000000000000000, 0.000000000000000000 ) ) ;
#693 = CARTESIAN_POINT ( 'NONE',  ( 34.20000000000000284, 17.71246570023100020, 3.407791275442694001 ) ) ;
#694 = FACE_OUTER_BOUND ( 'NONE', #2757, .T. ) ;
#695 = ADVANCED_FACE ( 'NONE', ( #1868 ), #1574, .F. ) ;
#696 = ORIENTED_EDGE ( 'NONE', *, *, #2902, .F. ) ;
#697 = EDGE_LOOP ( 'NONE', ( #303, #3286, #2888, #414 ) ) ;
#698 = CIRCLE ( 'NONE', #246, 3.625000000000016875 ) ;
#699 = EDGE_LOOP ( 'NONE', ( #3020, #2565, #2555, #2829, #1330, #3254, #960 ) ) ;
#700 = DIRECTION ( 'NONE',  ( 1.000000000000000000, 0.000000000000000000, -0.000000000000000000 ) ) ;
#701 = ADVANCED_FACE ( 'NONE', ( #2622 ), #515, .F. ) ;
#702 = DIRECTION ( 'NONE',  ( 1.000000000000000000, 0.000000000000000000, 0.000000000000000000 ) ) ;
#703 = DIRECTION ( 'NONE',  ( -9.564403378921580455E-17, 0.7071067811865441310, -0.7071067811865507924 ) ) ;
#704 = ORIENTED_EDGE ( 'NONE', *, *, #2191, .T. ) ;
#705 = ORIENTED_EDGE ( 'NONE', *, *, #1408, .F. ) ;
#706 = CARTESIAN_POINT ( 'NONE',  ( -1.199999999999999512, -2.028916346171703013E-17, 1.500000000000000000 ) ) ;
#707 = PLANE ( 'NONE',  #686 ) ;
#708 = FACE_OUTER_BOUND ( 'NONE', #251, .T. ) ;
#709 = EDGE_CURVE ( 'NONE', #2913, #2400, #1338, .T. ) ;
#710 = CARTESIAN_POINT ( 'NONE',  ( 9.000000000000001776, 17.91078643762689993, 2.500000000000000000 ) ) ;
#711 = CARTESIAN_POINT ( 'NONE',  ( 27.24999999999998579, -2.500000000000001776, 3.500000000000000000 ) ) ;
#712 = CARTESIAN_POINT ( 'NONE',  ( -1.199999999999999512, -2.028916346171703013E-17, 3.500000000000000000 ) ) ;
#713 = ORIENTED_EDGE ( 'NONE', *, *, #3132, .T. ) ;
#714 = FILL_AREA_STYLE_COLOUR ( '', #1176 ) ;
#715 = AXIS2_PLACEMENT_3D ( 'NONE', #3440, #2120, #3185 ) ;
#716 = PRODUCT_DEFINITION_CONTEXT ( 'detailed design', #1662, 'design' ) ;
#717 = ORIENTED_EDGE ( 'NONE', *, *, #261, .F. ) ;
#718 = ORIENTED_EDGE ( 'NONE', *, *, #898, .T. ) ;
#719 = DIRECTION ( 'NONE',  ( 0.000000000000000000, -1.000000000000000000, 0.000000000000000000 ) ) ;
#720 = CARTESIAN_POINT ( 'NONE',  ( 0.000000000000000000, 0.000000000000000000, 3.500000000000000000 ) ) ;
#721 = AXIS2_PLACEMENT_3D ( 'NONE', #2230, #3290, #209 ) ;
#722 = DIRECTION ( 'NONE',  ( 0.000000000000000000, 0.000000000000000000, -1.000000000000000000 ) ) ;
#723 = VERTEX_POINT ( 'NONE', #1043 ) ;
#724 = ORIENTED_EDGE ( 'NONE', *, *, #2137, .F. ) ;
#725 = EDGE_CURVE ( 'NONE', #627, #2541, #1321, .T. ) ;
#726 = LINE ( 'NONE', #197, #618 ) ;
#727 = DIRECTION ( 'NONE',  ( -1.912880675784316091E-16, 0.7071067811865441310, -0.7071067811865507924 ) ) ;
#728 = CARTESIAN_POINT ( 'NONE',  ( 15.00000000000000355, 17.91078643762689993, 2.500000000000000000 ) ) ;
#729 = DIRECTION ( 'NONE',  ( 1.000000000000000000, 0.000000000000000000, 0.000000000000000000 ) ) ;
#730 = CYLINDRICAL_SURFACE ( 'NONE', #409, 1.000000000000000888 ) ;
#731 = VECTOR ( 'NONE', #1204, 1000.000000000000000 ) ;
#732 = AXIS2_PLACEMENT_3D ( 'NONE', #969, #3071, #651 ) ;
#733 = ORIENTED_EDGE ( 'NONE', *, *, #3375, .T. ) ;
#734 = APPLICATION_CONTEXT ( 'automotive_design' ) ;
#735 = ORIENTED_EDGE ( 'NONE', *, *, #1307, .F. ) ;
#736 = LINE ( 'NONE', #2579, #2476 ) ;
#737 = DIRECTION ( 'NONE',  ( -0.000000000000000000, 0.000000000000000000, -1.000000000000000000 ) ) ;
#738 = DIRECTION ( 'NONE',  ( -1.000000000000000000, -2.705221794895604099E-16, 0.000000000000000000 ) ) ;
#739 = CARTESIAN_POINT ( 'NONE',  ( 0.000000000000000000, 14.00000000000000000, 1.500000000000000000 ) ) ;
#740 = ORIENTED_EDGE ( 'NONE', *, *, #3427, .F. ) ;
#741 = VERTEX_POINT ( 'NONE', #266 ) ;
#742 = FACE_OUTER_BOUND ( 'NONE', #1572, .T. ) ;
#743 = DIRECTION ( 'NONE',  ( 1.000000000000000000, 0.000000000000000000, 0.000000000000000000 ) ) ;
#744 = AXIS2_PLACEMENT_3D ( 'NONE', #3108, #2342, #3406 ) ;
#745 = FACE_OUTER_BOUND ( 'NONE', #3200, .T. ) ;
#746 = AXIS2_PLACEMENT_3D ( 'NONE', #493, #1569, #1844 ) ;
#747 = ORIENTED_EDGE ( 'NONE', *, *, #2472, .F. ) ;
#748 = ORIENTED_EDGE ( 'NONE', *, *, #916, .T. ) ;
#749 = CARTESIAN_POINT ( 'NONE',  ( 24.00000000000000000, 17.91078643762690348, 2.500000000000000000 ) ) ;
#750 = DIRECTION ( 'NONE',  ( -1.000000000000000000, -9.800697604388740006E-17, -0.000000000000000000 ) ) ;
#751 = EDGE_CURVE ( 'NONE', #3409, #2710, #1590, .T. ) ;
#752 = ORIENTED_EDGE ( 'NONE', *, *, #492, .F. ) ;
#753 = ORIENTED_EDGE ( 'NONE', *, *, #49, .T. ) ;
#754 = CARTESIAN_POINT ( 'NONE',  ( 34.20000000000000284, -3.712346827163988117, 3.407743924515576506 ) ) ;
#755 = DIRECTION ( 'NONE',  ( 0.000000000000000000, -1.000000000000000000, 2.602085213965210642E-15 ) ) ;
#756 = PLANE ( 'NONE',  #1830 ) ;
#757 = EDGE_CURVE ( 'NONE', #3320, #1929, #2094, .T. ) ;
#758 = PLANE ( 'NONE',  #3411 ) ;
#759 = CARTESIAN_POINT ( 'NONE',  ( -1.199999999999999734, 16.50000000000000000, 3.199999999999981970 ) ) ;
#760 = EDGE_LOOP ( 'NONE', ( #3410, #628 ) ) ;
#761 = AXIS2_PLACEMENT_3D ( 'NONE', #1359, #2447, #3235 ) ;
#762 = ORIENTED_EDGE ( 'NONE', *, *, #1583, .T. ) ;
#763 = CARTESIAN_POINT ( 'NONE',  ( 4.697443180117587325, -4.617893218813449607, 3.207106781186548350 ) ) ;
#764 = DIRECTION ( 'NONE',  ( -0.000000000000000000, -0.000000000000000000, -1.000000000000000000 ) ) ;
#765 = AXIS2_PLACEMENT_3D ( 'NONE', #2824, #1293, #2093 ) ;
#766 = VERTEX_POINT ( 'NONE', #532 ) ;
#767 = EDGE_LOOP ( 'NONE', ( #1675, #1163, #1468, #581 ) ) ;
#768 = CARTESIAN_POINT ( 'NONE',  ( 34.20000000000000284, 0.000000000000000000, 0.000000000000000000 ) ) ;
#769 = CARTESIAN_POINT ( 'NONE',  ( 9.000000000000001776, -5.825000000000009059, 1.585786437626895751 ) ) ;
#770 = LINE ( 'NONE', #3177, #974 ) ;
#771 = DIRECTION ( 'NONE',  ( 0.000000000000000000, 0.000000000000000000, -1.000000000000000000 ) ) ;
#772 = LINE ( 'NONE', #2900, #42 ) ;
#773 = AXIS2_PLACEMENT_3D ( 'NONE', #710, #2835, #2602 ) ;
#774 = ORIENTED_EDGE ( 'NONE', *, *, #1236, .F. ) ;
#775 = EDGE_CURVE ( 'NONE', #343, #1344, #3152, .T. ) ;
#776 = STYLED_ITEM ( 'NONE', ( #2833 ), #1829 ) ;
#777 = B_SPLINE_CURVE_WITH_KNOTS ( 'NONE', 3,
 ( #3007, #626, #2745, #94, #905, #1169 ),
 .UNSPECIFIED., .F., .F.,
 ( 4, 2, 4 ),
 ( 0.000000000000000000, 0.0005526349263993745112, 0.001105269852798749022 ),
 .UNSPECIFIED. ) ;
#778 = ORIENTED_EDGE ( 'NONE', *, *, #2393, .T. ) ;
#779 = CARTESIAN_POINT ( 'NONE',  ( 28.30255681988242955, 18.61789321881345671, 3.207106781186545241 ) ) ;
#780 =( GEOMETRIC_REPRESENTATION_CONTEXT ( 3 ) GLOBAL_UNCERTAINTY_ASSIGNED_CONTEXT ( ( #187 ) ) GLOBAL_UNIT_ASSIGNED_CONTEXT ( ( #2985, #91, #2227 ) ) REPRESENTATION_CONTEXT ( 'NONE', 'WORKASPACE' ) );
#781 = DIRECTION ( 'NONE',  ( 0.000000000000000000, -0.000000000000000000, -1.000000000000000000 ) ) ;
#782 = B_SPLINE_CURVE_WITH_KNOTS ( 'NONE', 3,
 ( #3405, #2585, #1020, #3107, #754, #175 ),
 .UNSPECIFIED., .F., .F.,
 ( 4, 2, 4 ),
 ( 0.001475035705018703765, 0.002212108037124157003, 0.002949180369229610459 ),
 .UNSPECIFIED. ) ;
#783 = EDGE_CURVE ( 'NONE', #883, #163, #3283, .T. ) ;
#784 = EDGE_LOOP ( 'NONE', ( #1684, #3428, #2660, #2195 ) ) ;
#785 = AXIS2_PLACEMENT_3D ( 'NONE', #1062, #1294, #1030 ) ;
#786 = ORIENTED_EDGE ( 'NONE', *, *, #2241, .F. ) ;
#787 = ADVANCED_FACE ( 'NONE', ( #1606 ), #250, .T. ) ;
#788 = CARTESIAN_POINT ( 'NONE',  ( 30.96458904847271754, -5.230379621548514102, 2.594620378451485188 ) ) ;
#789 = CARTESIAN_POINT ( 'NONE',  ( 9.000000000000003553, -2.599999999999984990, 3.500000000000000000 ) ) ;
#790 = CARTESIAN_POINT ( 'NONE',  ( 15.00000000000000533, -5.532106781186556077, 2.292893218813444101 ) ) ;
#791 = DIRECTION ( 'NONE',  ( 1.690763621809753178E-17, -1.000000000000000000, 0.000000000000000000 ) ) ;
#792 = CARTESIAN_POINT ( 'NONE',  ( 0.000000000000000000, -5.532106781186556077, 2.292893218813444101 ) ) ;
#793 = CARTESIAN_POINT ( 'NONE',  ( -1.007091952673181634, 18.32499999999999929, 3.500000000000000000 ) ) ;
#794 = VECTOR ( 'NONE', #2653, 1000.000000000000000 ) ;
#795 = ORIENTED_EDGE ( 'NONE', *, *, #978, .F. ) ;
#796 = EDGE_CURVE ( 'NONE', #2252, #2913, #1835, .T. ) ;
#797 = ORIENTED_EDGE ( 'NONE', *, *, #2317, .T. ) ;
#798 = CARTESIAN_POINT ( 'NONE',  ( 33.60410806323082511, 18.55659313709711000, 3.268406862902883514 ) ) ;
#799 = DIRECTION ( 'NONE',  ( 0.000000000000000000, 0.000000000000000000, 1.000000000000000000 ) ) ;
#800 = ORIENTED_EDGE ( 'NONE', *, *, #1795, .F. ) ;
#801 = ORIENTED_EDGE ( 'NONE', *, *, #3218, .T. ) ;
#802 = DIRECTION ( 'NONE',  ( -1.000000000000000000, 0.000000000000000000, 0.000000000000000000 ) ) ;
#803 = ADVANCED_FACE ( 'NONE', ( #237 ), #10, .T. ) ;
#804 = CARTESIAN_POINT ( 'NONE',  ( 22.00000000000000711, -2.599999999999984990, -0.5000000000000000000 ) ) ;
#805 = CARTESIAN_POINT ( 'NONE',  ( 1.519023219353159426, 19.19742717557815581, 2.627572824421831044 ) ) ;
#806 = EDGE_CURVE ( 'NONE', #1624, #2589, #1798, .T. ) ;
#807 = EDGE_LOOP ( 'NONE', ( #717, #1799, #2642, #2288 ) ) ;
#808 = CARTESIAN_POINT ( 'NONE',  ( 0.000000000000000000, 0.000000000000000000, 1.500000000000000000 ) ) ;
#809 = ORIENTED_EDGE ( 'NONE', *, *, #2087, .T. ) ;
#810 = CARTESIAN_POINT ( 'NONE',  ( 18.00000000000001066, -4.825000000000009059, 1.585786437626895751 ) ) ;
#811 = CARTESIAN_POINT ( 'NONE',  ( 30.87500000000000000, 16.50000000000000000, 3.500000000000000000 ) ) ;
#812 = B_SPLINE_CURVE_WITH_KNOTS ( 'NONE', 3,
 ( #1954, #1470, #295, #21, #2510, #396 ),
 .UNSPECIFIED., .F., .F.,
 ( 4, 2, 4 ),
 ( 5.373378579016038822E-15, 0.0005501471029212101453, 0.001100294205837046768 ),
 .UNSPECIFIED. ) ;
#813 = ORIENTED_EDGE ( 'NONE', *, *, #2347, .T. ) ;
#814 = DIRECTION ( 'NONE',  ( 1.000000000000000000, 0.000000000000000000, 0.000000000000000000 ) ) ;
#815 = ORIENTED_EDGE ( 'NONE', *, *, #877, .F. ) ;
#816 = DIRECTION ( 'NONE',  ( 1.000000000000000000, 0.000000000000000000, 0.000000000000000000 ) ) ;
#817 = AXIS2_PLACEMENT_3D ( 'NONE', #2336, #3140, #3400 ) ;
#818 = CARTESIAN_POINT ( 'NONE',  ( 5.257091952673181190, -4.617893218813449607, 3.207106781186548350 ) ) ;
#819 = CARTESIAN_POINT ( 'NONE',  ( 9.000000000000001776, 17.91078643762689993, 3.500000000000000000 ) ) ;
#820 = EDGE_CURVE ( 'NONE', #1374, #3023, #550, .T. ) ;
#821 = CARTESIAN_POINT ( 'NONE',  ( 0.4999999999999995559, 16.50000000000000000, 0.000000000000000000 ) ) ;
#822 = CARTESIAN_POINT ( 'NONE',  ( 34.20000000000000284, 16.50000000000000000, 3.199999999999992184 ) ) ;
#823 = VECTOR ( 'NONE', #2588, 1000.000000000000114 ) ;
#824 = DIRECTION ( 'NONE',  ( 1.000000000000000000, 0.000000000000000000, 0.000000000000000000 ) ) ;
#825 = EDGE_LOOP ( 'NONE', ( #2050, #1561, #3069, #1971, #2283 ) ) ;
#826 = CARTESIAN_POINT ( 'NONE',  ( 15.00000000000000533, -3.910786437626903034, 3.500000000000000000 ) ) ;
#827 = DIRECTION ( 'NONE',  ( -0.000000000000000000, -0.000000000000000000, -1.000000000000000000 ) ) ;
#828 = VERTEX_POINT ( 'NONE', #1370 ) ;
#829 = CARTESIAN_POINT ( 'NONE',  ( 9.000000000000003553, 6.086749038515111072E-16, 0.000000000000000000 ) ) ;
#830 = ORIENTED_EDGE ( 'NONE', *, *, #2705, .T. ) ;
#831 = VECTOR ( 'NONE', #2568, 1000.000000000000000 ) ;
#832 = CYLINDRICAL_SURFACE ( 'NONE', #1515, 1.000000000000000888 ) ;
#833 = AXIS2_PLACEMENT_3D ( 'NONE', #1253, #3396, #2151 ) ;
#834 = DIRECTION ( 'NONE',  ( -6.930139736422062677E-17, 0.7071067811865509034, 0.7071067811865442421 ) ) ;
#835 = LINE ( 'NONE', #1393, #1827 ) ;
#836 = ORIENTED_EDGE ( 'NONE', *, *, #446, .T. ) ;
#837 = LINE ( 'NONE', #1920, #2519 ) ;
#838 = PLANE ( 'NONE',  #2186 ) ;
#839 = LINE ( 'NONE', #3017, #157 ) ;
#840 = ADVANCED_FACE ( 'NONE', ( #2424 ), #2439, .F. ) ;
#841 = VECTOR ( 'NONE', #2882, 1000.000000000000000 ) ;
#842 = ORIENTED_EDGE ( 'NONE', *, *, #3404, .T. ) ;
#843 = CARTESIAN_POINT ( 'NONE',  ( 11.00000000000000178, 15.60000000000000142, -0.5000000000000000000 ) ) ;
#844 = ADVANCED_FACE ( 'NONE', ( #314 ), #2965, .F. ) ;
#845 = CARTESIAN_POINT ( 'NONE',  ( 34.20000000000000284, -2.250563904350216582, 3.199999999999984635 ) ) ;
#846 = EDGE_CURVE ( 'NONE', #3236, #2780, #1674, .T. ) ;
#847 = VERTEX_POINT ( 'NONE', #3228 ) ;
#848 = CIRCLE ( 'NONE', #3298, 1.000000000000000888 ) ;
#849 = EDGE_LOOP ( 'NONE', ( #376, #332, #943, #1109 ) ) ;
#850 = SURFACE_STYLE_USAGE ( .BOTH. , #1946 ) ;
#851 = CARTESIAN_POINT ( 'NONE',  ( -1.795977836004236541E-15, 18.32499999999999929, 3.500000000000000000 ) ) ;
#852 = CYLINDRICAL_SURFACE ( 'NONE', #3092, 1.000000000000000888 ) ;
#853 = EDGE_CURVE ( 'NONE', #3236, #2903, #2190, .T. ) ;
#854 = CARTESIAN_POINT ( 'NONE',  ( 0.000000000000000000, -5.825000000000009059, 1.585786437626895751 ) ) ;
#855 = DIRECTION ( 'NONE',  ( 0.000000000000000000, 0.000000000000000000, 1.000000000000000000 ) ) ;
#856 = VECTOR ( 'NONE', #3176, 1000.000000000000000 ) ;
#857 = EDGE_CURVE ( 'NONE', #2400, #2082, #2716, .T. ) ;
#858 = ORIENTED_EDGE ( 'NONE', *, *, #1059, .T. ) ;
#859 = CARTESIAN_POINT ( 'NONE',  ( 17.00000000000000355, 16.60000000000000142, -0.5000000000000000000 ) ) ;
#860 = CARTESIAN_POINT ( 'NONE',  ( -1.199999999999999734, 15.05604709218059867, 3.500000000000000000 ) ) ;
#861 = ORIENTED_EDGE ( 'NONE', *, *, #1631, .T. ) ;
#862 = VERTEX_POINT ( 'NONE', #333 ) ;
#863 = CARTESIAN_POINT ( 'NONE',  ( -1.942988300070067370E-15, 19.82499999999999929, 0.000000000000000000 ) ) ;
#864 = CYLINDRICAL_SURFACE ( 'NONE', #980, 1.000000000000000000 ) ;
#865 = CIRCLE ( 'NONE', #1213, 3.625000000000010214 ) ;
#866 = EDGE_LOOP ( 'NONE', ( #2613, #439, #2021, #511 ) ) ;
#867 = DIRECTION ( 'NONE',  ( -0.000000000000000000, -0.000000000000000000, -1.000000000000000000 ) ) ;
#868 = LINE ( 'NONE', #612, #2515 ) ;
#869 = DIRECTION ( 'NONE',  ( -1.000000000000000000, -1.352610897447801803E-16, -0.000000000000000000 ) ) ;
#870 = VECTOR ( 'NONE', #703, 1000.000000000000114 ) ;
#871 = CARTESIAN_POINT ( 'NONE',  ( 0.000000000000000000, -5.825000000000009059, 1.999999999999991784 ) ) ;
#872 = ORIENTED_EDGE ( 'NONE', *, *, #607, .T. ) ;
#873 = CARTESIAN_POINT ( 'NONE',  ( 34.20000000000000284, -1.522760524111754332, 3.332685865621533239 ) ) ;
#874 = VERTEX_POINT ( 'NONE', #569 ) ;
#875 = ORIENTED_EDGE ( 'NONE', *, *, #1416, .T. ) ;
#876 = CARTESIAN_POINT ( 'NONE',  ( 33.00000000000000000, 10.50000000000000178, 1.500000000000000000 ) ) ;
#877 = EDGE_CURVE ( 'NONE', #602, #929, #2455, .T. ) ;
#878 = CARTESIAN_POINT ( 'NONE',  ( 9.000000000000003553, -4.825000000000009059, 1.585786437626895751 ) ) ;
#879 = EDGE_CURVE ( 'NONE', #2361, #2968, #1912, .T. ) ;
#880 = AXIS2_PLACEMENT_3D ( 'NONE', #720, #2844, #2023 ) ;
#881 = DIRECTION ( 'NONE',  ( 9.564403378921579222E-17, -0.7071067811865441310, 0.7071067811865507924 ) ) ;
#882 = CIRCLE ( 'NONE', #555, 1.000000000000000888 ) ;
#883 = VERTEX_POINT ( 'NONE', #598 ) ;
#884 = EDGE_CURVE ( 'NONE', #895, #1525, #1665, .T. ) ;
#885 = ORIENTED_EDGE ( 'NONE', *, *, #164, .T. ) ;
#886 = DIRECTION ( 'NONE',  ( -1.690763621809753178E-17, 1.000000000000000000, 0.000000000000000000 ) ) ;
#887 = CARTESIAN_POINT ( 'NONE',  ( 0.000000000000000000, 14.00000000000000000, 1.500000000000000000 ) ) ;
#888 = CARTESIAN_POINT ( 'NONE',  ( 12.00000000000000178, 17.91078643762689993, 2.500000000000000000 ) ) ;
#889 = VECTOR ( 'NONE', #2416, 1000.000000000000000 ) ;
#890 = AXIS2_PLACEMENT_3D ( 'NONE', #811, #1305, #1881 ) ;
#891 = DIRECTION ( 'NONE',  ( -0.7071067811865483499, 8.659560562354942719E-17, 0.7071067811865467956 ) ) ;
#892 = CARTESIAN_POINT ( 'NONE',  ( 5.257091952673182078, 17.91078643762689993, 3.500000000000000000 ) ) ;
#893 = CARTESIAN_POINT ( 'NONE',  ( 33.00000000000000000, 0.000000000000000000, 1.500000000000000000 ) ) ;
#894 = EDGE_CURVE ( 'NONE', #2481, #3344, #423, .T. ) ;
#895 = VERTEX_POINT ( 'NONE', #1187 ) ;
#896 = EDGE_CURVE ( 'NONE', #2589, #1283, #865, .T. ) ;
#897 = VECTOR ( 'NONE', #305, 1000.000000000000000 ) ;
#898 = EDGE_CURVE ( 'NONE', #1876, #602, #3267, .T. ) ;
#899 = DIRECTION ( 'NONE',  ( -1.000000000000000000, 0.000000000000000000, 0.000000000000000000 ) ) ;
#900 = DIRECTION ( 'NONE',  ( 0.000000000000000000, 1.000000000000000000, -0.000000000000000000 ) ) ;
#901 = ORIENTED_EDGE ( 'NONE', *, *, #1064, .F. ) ;
#902 = CARTESIAN_POINT ( 'NONE',  ( 0.000000000000000000, -5.825000000000009059, 3.500000000000000000 ) ) ;
#903 = FACE_OUTER_BOUND ( 'NONE', #1264, .T. ) ;
#904 = VECTOR ( 'NONE', #1496, 1000.000000000000000 ) ;
#905 = CARTESIAN_POINT ( 'NONE',  ( 4.852237719668270444, 18.54482896971499173, 3.280171030285005784 ) ) ;
#906 = ORIENTED_EDGE ( 'NONE', *, *, #2193, .T. ) ;
#907 = VERTEX_POINT ( 'NONE', #3005 ) ;
#908 = EDGE_CURVE ( 'NONE', #232, #883, #2211, .T. ) ;
#909 = CARTESIAN_POINT ( 'NONE',  ( 28.30255681988201033, -4.617893218814294265, 3.207106781185703692 ) ) ;
#910 = EDGE_CURVE ( 'NONE', #1139, #2734, #589, .T. ) ;
#911 = PLANE ( 'NONE',  #12 ) ;
#912 = DIRECTION ( 'NONE',  ( 0.000000000000000000, 0.000000000000000000, -1.000000000000000000 ) ) ;
#913 = DIRECTION ( 'NONE',  ( 1.000000000000000000, 1.352610897447801803E-16, 0.000000000000000000 ) ) ;
#914 = ORIENTED_EDGE ( 'NONE', *, *, #2488, .T. ) ;
#915 = EDGE_CURVE ( 'NONE', #1876, #979, #1967, .T. ) ;
#916 = EDGE_CURVE ( 'NONE', #670, #2618, #1146, .T. ) ;
#917 = CARTESIAN_POINT ( 'NONE',  ( 12.00000000000000355, -2.599999999999984990, 0.000000000000000000 ) ) ;
#918 = DIRECTION ( 'NONE',  ( 0.000000000000000000, 0.000000000000000000, 1.000000000000000000 ) ) ;
#919 = DIRECTION ( 'NONE',  ( -0.000000000000000000, -0.000000000000000000, -1.000000000000000000 ) ) ;
#920 = ORIENTED_EDGE ( 'NONE', *, *, #2818, .T. ) ;
#921 = VECTOR ( 'NONE', #2399, 1000.000000000000000 ) ;
#922 = ORIENTED_EDGE ( 'NONE', *, *, #496, .F. ) ;
#923 = CARTESIAN_POINT ( 'NONE',  ( 2.808258906454633053, -5.188242797917706817, 2.636757202082292917 ) ) ;
#924 = CARTESIAN_POINT ( 'NONE',  ( -1.199999999999999512, -2.749436095649784306, 3.199999999999977529 ) ) ;
#925 = ADVANCED_FACE ( 'NONE', ( #340 ), #59, .T. ) ;
#926 = CARTESIAN_POINT ( 'NONE',  ( -1.914282721390401188E-15, 19.53210678118654897, 2.292893218813439216 ) ) ;
#927 = FACE_OUTER_BOUND ( 'NONE', #807, .T. ) ;
#928 = EDGE_LOOP ( 'NONE', ( #705, #354, #1419, #2359, #2202 ) ) ;
#929 = VERTEX_POINT ( 'NONE', #2459 ) ;
#930 = DIRECTION ( 'NONE',  ( -1.000000000000000000, -1.352610897447802050E-16, -0.000000000000000000 ) ) ;
#931 = CARTESIAN_POINT ( 'NONE',  ( -1.199999999999999956, 19.82499999999999929, 1.585786437626895751 ) ) ;
#932 = DIRECTION ( 'NONE',  ( 1.352610897447801803E-16, -1.000000000000000000, 0.000000000000000000 ) ) ;
#933 = CARTESIAN_POINT ( 'NONE',  ( 34.20000000000000284, 18.32500000000000284, 3.500000000000000000 ) ) ;
#934 = ADVANCED_FACE ( 'NONE', ( #2986 ), #1672, .T. ) ;
#935 = DIRECTION ( 'NONE',  ( -9.800697604388740006E-17, 1.000000000000000000, 0.000000000000000000 ) ) ;
#936 = DIRECTION ( 'NONE',  ( 1.000000000000000000, 0.000000000000000000, 0.000000000000000000 ) ) ;
#937 = LINE ( 'NONE', #3019, #3093 ) ;
#938 = CIRCLE ( 'NONE', #485, 1.000000000000000888 ) ;
#939 = CARTESIAN_POINT ( 'NONE',  ( -1.200000000000000178, 17.94395290781940133, 3.500000000000000000 ) ) ;
#940 = ORIENTED_EDGE ( 'NONE', *, *, #2127, .F. ) ;
#941 = AXIS2_PLACEMENT_3D ( 'NONE', #2540, #684, #1969 ) ;
#942 = ORIENTED_EDGE ( 'NONE', *, *, #3427, .T. ) ;
#943 = ORIENTED_EDGE ( 'NONE', *, *, #2013, .F. ) ;
#944 = CARTESIAN_POINT ( 'NONE',  ( 4.261818575794800168, -4.810993719401838398, 3.014006280598159560 ) ) ;
#945 = VECTOR ( 'NONE', #1997, 1000.000000000000000 ) ;
#946 = DIRECTION ( 'NONE',  ( -6.930139736422062677E-17, 0.7071067811865509034, 0.7071067811865442421 ) ) ;
#947 = CARTESIAN_POINT ( 'NONE',  ( 34.20000000000000284, -5.825000000000010836, 1.585786437626895751 ) ) ;
#948 = DIRECTION ( 'NONE',  ( 1.000000000000000000, 0.000000000000000000, 0.000000000000000000 ) ) ;
#949 = VERTEX_POINT ( 'NONE', #2722 ) ;
#950 = ORIENTED_EDGE ( 'NONE', *, *, #2517, .T. ) ;
#951 = DIRECTION ( 'NONE',  ( 0.000000000000000000, -0.000000000000000000, 1.000000000000000000 ) ) ;
#952 = CARTESIAN_POINT ( 'NONE',  ( -0.000000000000000000, 15.60000000000000142, 3.500000000000000000 ) ) ;
#953 = LINE ( 'NONE', #2032, #3445 ) ;
#954 = VERTEX_POINT ( 'NONE', #1406 ) ;
#955 = CYLINDRICAL_SURFACE ( 'NONE', #3438, 1.500000000000000000 ) ;
#956 = PLANE ( 'NONE',  #3353 ) ;
#957 = DIRECTION ( 'NONE',  ( 0.000000000000000000, 0.000000000000000000, 1.000000000000000000 ) ) ;
#958 = ORIENTED_EDGE ( 'NONE', *, *, #1408, .T. ) ;
#959 = ADVANCED_FACE ( 'NONE', ( #2478 ), #2766, .T. ) ;
#960 = ORIENTED_EDGE ( 'NONE', *, *, #972, .T. ) ;
#961 = VERTEX_POINT ( 'NONE', #876 ) ;
#962 = EDGE_CURVE ( 'NONE', #2671, #3402, #3243, .T. ) ;
#963 = PLANE ( 'NONE',  #445 ) ;
#964 = ADVANCED_FACE ( 'NONE', ( #2228 ), #3287, .T. ) ;
#965 = VECTOR ( 'NONE', #2533, 1000.000000000000000 ) ;
#966 = DIRECTION ( 'NONE',  ( 0.000000000000000000, -1.000000000000000000, 0.000000000000000000 ) ) ;
#967 = VERTEX_POINT ( 'NONE', #113 ) ;
#968 = ORIENTED_EDGE ( 'NONE', *, *, #1271, .T. ) ;
#969 = CARTESIAN_POINT ( 'NONE',  ( 15.00000000000000533, -3.910786437626903034, 2.500000000000000000 ) ) ;
#970 = CARTESIAN_POINT ( 'NONE',  ( 34.20000000000000284, -4.825000000000009059, 1.585786437626895751 ) ) ;
#971 = DIRECTION ( 'NONE',  ( 1.000000000000000000, 0.000000000000000000, 0.000000000000000000 ) ) ;
#972 = EDGE_CURVE ( 'NONE', #2364, #2747, #3426, .T. ) ;
#973 = ORIENTED_EDGE ( 'NONE', *, *, #2067, .F. ) ;
#974 = VECTOR ( 'NONE', #3058, 1000.000000000000000 ) ;
#975 = DIRECTION ( 'NONE',  ( -1.000000000000000000, 0.000000000000000000, 0.000000000000000000 ) ) ;
#976 = CARTESIAN_POINT ( 'NONE',  ( 34.00709195267317142, 18.32500000000000284, 3.500000000000000000 ) ) ;
#977 = ORIENTED_EDGE ( 'NONE', *, *, #2490, .F. ) ;
#978 = EDGE_CURVE ( 'NONE', #1501, #1779, #2823, .T. ) ;
#979 = VERTEX_POINT ( 'NONE', #2970 ) ;
#980 = AXIS2_PLACEMENT_3D ( 'NONE', #2479, #1445, #1643 ) ;
#981 = VECTOR ( 'NONE', #1450, 1000.000000000000000 ) ;
#982 = VERTEX_POINT ( 'NONE', #1655 ) ;
#983 = FACE_OUTER_BOUND ( 'NONE', #1164, .T. ) ;
#984 = PLANE ( 'NONE',  #2709 ) ;
#985 = CARTESIAN_POINT ( 'NONE',  ( 16.00000000000000000, 16.60000000000000142, 3.500000000000000000 ) ) ;
#986 = ORIENTED_EDGE ( 'NONE', *, *, #446, .F. ) ;
#987 = VERTEX_POINT ( 'NONE', #2704 ) ;
#988 = CARTESIAN_POINT ( 'NONE',  ( 18.00000000000001066, 4.869399230812089647E-15, 0.000000000000000000 ) ) ;
#989 = DIRECTION ( 'NONE',  ( 1.352610897447802050E-16, -1.000000000000000000, 0.000000000000000000 ) ) ;
#990 = PLANE ( 'NONE',  #2895 ) ;
#991 = CARTESIAN_POINT ( 'NONE',  ( -1.007091952673181634, 18.32499999999999929, 3.500000000000000000 ) ) ;
#992 = ORIENTED_EDGE ( 'NONE', *, *, #559, .F. ) ;
#993 = CARTESIAN_POINT ( 'NONE',  ( 2.124999999999999112, -2.499999999999998224, 3.500000000000000000 ) ) ;
#994 = ORIENTED_EDGE ( 'NONE', *, *, #1780, .T. ) ;
#995 = VECTOR ( 'NONE', #1913, 1000.000000000000000 ) ;
#996 = EDGE_LOOP ( 'NONE', ( #2475, #1808 ) ) ;
#997 = CARTESIAN_POINT ( 'NONE',  ( 5.390817348046486934, -4.084494440386965408, 3.500000000000530687 ) ) ;
#998 = DIRECTION ( 'NONE',  ( 1.000000000000000000, 2.605123775248693438E-26, 0.000000000000000000 ) ) ;
#999 = DIRECTION ( 'NONE',  ( 1.000000000000000000, 9.800697604388740006E-17, 0.000000000000000000 ) ) ;
#1000 = DIRECTION ( 'NONE',  ( 1.000000000000000000, 1.352610897447802050E-16, 0.000000000000000000 ) ) ;
#1001 = AXIS2_PLACEMENT_3D ( 'NONE', #1719, #402, #2277 ) ;
#1002 = ORIENTED_EDGE ( 'NONE', *, *, #1578, .T. ) ;
#1003 = ORIENTED_EDGE ( 'NONE', *, *, #2045, .T. ) ;
#1004 = LINE ( 'NONE', #1499, #1232 ) ;
#1005 = CARTESIAN_POINT ( 'NONE',  ( 15.00000000000000178, 19.82499999999999929, -0.5000000000000000000 ) ) ;
#1006 = CARTESIAN_POINT ( 'NONE',  ( 0.000000000000000000, 0.000000000000000000, 1.500000000000000000 ) ) ;
#1007 = CYLINDRICAL_SURFACE ( 'NONE', #3139, 1.000000000000000888 ) ;
#1008 = CARTESIAN_POINT ( 'NONE',  ( 0.000000000000000000, -5.825000000000009059, 0.000000000000000000 ) ) ;
#1009 = CARTESIAN_POINT ( 'NONE',  ( -0.000000000000000000, 3.499999999999999556, 0.000000000000000000 ) ) ;
#1010 = AXIS2_PLACEMENT_3D ( 'NONE', #1260, #3346, #2063 ) ;
#1011 = AXIS2_PLACEMENT_3D ( 'NONE', #2749, #361, #951 ) ;
#1012 = ORIENTED_EDGE ( 'NONE', *, *, #406, .T. ) ;
#1013 = EDGE_CURVE ( 'NONE', #516, #2017, #1390, .T. ) ;
#1014 = EDGE_LOOP ( 'NONE', ( #8, #3217, #3260, #504, #3352, #194, #313, #3080 ) ) ;
#1015 = EDGE_CURVE ( 'NONE', #1501, #1639, #835, .T. ) ;
#1016 = LINE ( 'NONE', #2078, #593 ) ;
#1017 = LINE ( 'NONE', #3327, #2387 ) ;
#1018 = EDGE_LOOP ( 'NONE', ( #1626, #27, #1405, #3142, #649 ) ) ;
#1019 = ORIENTED_EDGE ( 'NONE', *, *, #2695, .T. ) ;
#1020 = CARTESIAN_POINT ( 'NONE',  ( 34.20000000000000284, -2.993781541649549904, 3.228251748730206039 ) ) ;
#1021 = LINE ( 'NONE', #3072, #2675 ) ;
#1022 = CARTESIAN_POINT ( 'NONE',  ( 33.00000000000000000, 0.000000000000000000, 1.500000000000000000 ) ) ;
#1023 = CIRCLE ( 'NONE', #2351, 1.000000000000000888 ) ;
#1024 = FACE_OUTER_BOUND ( 'NONE', #3089, .T. ) ;
#1025 = CARTESIAN_POINT ( 'NONE',  ( -1.200000000000000400, 15.28753429976898559, 3.407791275442692669 ) ) ;
#1026 = VECTOR ( 'NONE', #63, 1000.000000000000000 ) ;
#1027 = ORIENTED_EDGE ( 'NONE', *, *, #383, .T. ) ;
#1028 = EDGE_LOOP ( 'NONE', ( #2687, #3436, #3105, #2110, #2937, #16, #167, #1488, #2868, #2397, #548, #324, #586, #1459, #2836, #1588, #2536, #535, #3361, #248, #528, #2941, #3227, #1497, #3171, #2331, #3303, #861, #2703, #3264, #3310, #2340, #152, #3293, #2269, #1980, #801, #704, #2049, #3349, #2933, #1247, #748, #3100, #3166, #2991, #1012, #2301 ) ) ;
#1029 = LINE ( 'NONE', #2878, #2105 ) ;
#1030 = DIRECTION ( 'NONE',  ( -1.000000000000000000, 0.000000000000000000, -0.000000000000000000 ) ) ;
#1031 = VERTEX_POINT ( 'NONE', #819 ) ;
#1032 = EDGE_LOOP ( 'NONE', ( #1766, #1540, #2508, #1901 ) ) ;
#1033 = DIRECTION ( 'NONE',  ( 6.763054487239010248E-17, -1.000000000000000000, 0.000000000000000000 ) ) ;
#1034 = AXIS2_PLACEMENT_3D ( 'NONE', #1886, #28, #1339 ) ;
#1035 = DIRECTION ( 'NONE',  ( -1.000000000000000000, 0.000000000000000000, 0.000000000000000000 ) ) ;
#1036 = DIRECTION ( 'NONE',  ( 0.000000000000000000, -1.000000000000000000, 1.084202172485503487E-14 ) ) ;
#1037 = ADVANCED_FACE ( 'NONE', ( #256 ), #1100, .F. ) ;
#1038 = CARTESIAN_POINT ( 'NONE',  ( 12.00000000000000355, -2.599999999999984990, 3.500000000000000000 ) ) ;
#1039 = ORIENTED_EDGE ( 'NONE', *, *, #274, .T. ) ;
#1040 = VECTOR ( 'NONE', #2950, 1000.000000000000000 ) ;
#1041 = ORIENTED_EDGE ( 'NONE', *, *, #2994, .T. ) ;
#1042 = DIRECTION ( 'NONE',  ( 0.7071067811865483499, 0.000000000000000000, 0.7071067811865467956 ) ) ;
#1043 = CARTESIAN_POINT ( 'NONE',  ( 12.00000000000000355, -5.532106781186556077, 2.292893218813444101 ) ) ;
#1044 = AXIS2_PLACEMENT_3D ( 'NONE', #1834, #2062, #2621 ) ;
#1045 = ORIENTED_EDGE ( 'NONE', *, *, #2490, .T. ) ;
#1046 = VERTEX_POINT ( 'NONE', #2169 ) ;
#1047 = DIRECTION ( 'NONE',  ( -0.000000000000000000, 0.000000000000000000, 1.000000000000000000 ) ) ;
#1048 = AXIS2_PLACEMENT_3D ( 'NONE', #134, #357, #966 ) ;
#1049 = DIRECTION ( 'NONE',  ( -1.000000000000000000, 0.000000000000000000, 0.000000000000000000 ) ) ;
#1050 = DIRECTION ( 'NONE',  ( 1.690763621809753178E-17, -1.000000000000000000, 0.000000000000000000 ) ) ;
#1051 = CARTESIAN_POINT ( 'NONE',  ( 2.125000000000000000, 16.50000000000000000, 3.500000000000000000 ) ) ;
#1052 = CARTESIAN_POINT ( 'NONE',  ( 0.5225489973138712774, 18.99439037157371502, 2.830609628426286939 ) ) ;
#1053 = EDGE_CURVE ( 'NONE', #1368, #627, #2694, .T. ) ;
#1054 = ORIENTED_EDGE ( 'NONE', *, *, #2604, .T. ) ;
#1055 = AXIS2_PLACEMENT_3D ( 'NONE', #170, #1279, #1527 ) ;
#1056 = VECTOR ( 'NONE', #3013, 1000.000000000000000 ) ;
#1057 = EDGE_CURVE ( 'NONE', #108, #3116, #17, .T. ) ;
#1058 = ORIENTED_EDGE ( 'NONE', *, *, #1181, .F. ) ;
#1059 = EDGE_CURVE ( 'NONE', #2999, #1389, #1085, .T. ) ;
#1060 = CARTESIAN_POINT ( 'NONE',  ( 29.93923806291750012, 19.15031767450360789, 2.674682325496394508 ) ) ;
#1061 = AXIS2_PLACEMENT_3D ( 'NONE', #970, #3371, #176 ) ;
#1062 = CARTESIAN_POINT ( 'NONE',  ( 0.000000000000000000, 0.000000000000000000, 3.500000000000000000 ) ) ;
#1063 = ORIENTED_EDGE ( 'NONE', *, *, #1214, .T. ) ;
#1064 = EDGE_CURVE ( 'NONE', #961, #1410, #2199, .T. ) ;
#1065 = AXIS2_PLACEMENT_3D ( 'NONE', #859, #2176, #1650 ) ;
#1066 = EDGE_LOOP ( 'NONE', ( #992, #1172, #2501, #375 ) ) ;
#1067 = CARTESIAN_POINT ( 'NONE',  ( 32.23243893206833377, -5.061640642618371544, 2.763359357381627301 ) ) ;
#1068 = CYLINDRICAL_SURFACE ( 'NONE', #3161, 1.000000000000000000 ) ;
#1069 = LINE ( 'NONE', #1226, #1287 ) ;
#1070 = CARTESIAN_POINT ( 'NONE',  ( -1.795977836004236541E-15, 18.32499999999999929, 3.500000000000000000 ) ) ;
#1071 = VECTOR ( 'NONE', #556, 1000.000000000000000 ) ;
#1072 = DIRECTION ( 'NONE',  ( 1.000000000000000000, 9.800697604388740006E-17, -0.000000000000000000 ) ) ;
#1073 = CARTESIAN_POINT ( 'NONE',  ( 3.064758957580562271, 19.14967063995385033, 2.675329360046137417 ) ) ;
#1074 = CIRCLE ( 'NONE', #2794, 1.000000000000000888 ) ;
#1075 = ORIENTED_EDGE ( 'NONE', *, *, #646, .T. ) ;
#1076 = ORIENTED_EDGE ( 'NONE', *, *, #879, .F. ) ;
#1077 = DIRECTION ( 'NONE',  ( 1.352610897447802050E-16, -1.000000000000000000, 0.000000000000000000 ) ) ;
#1078 = DIRECTION ( 'NONE',  ( -1.000000000000000000, 0.000000000000000000, 0.000000000000000000 ) ) ;
#1079 = EDGE_CURVE ( 'NONE', #687, #954, #2708, .T. ) ;
#1080 = ORIENTED_EDGE ( 'NONE', *, *, #1809, .T. ) ;
#1081 = CARTESIAN_POINT ( 'NONE',  ( -1.942988300070067370E-15, 19.82499999999999929, 1.500000000000000000 ) ) ;
#1082 = VERTEX_POINT ( 'NONE', #3253 ) ;
#1083 = LINE ( 'NONE', #1357, #1345 ) ;
#1084 = DIRECTION ( 'NONE',  ( 0.000000000000000000, 0.000000000000000000, -1.000000000000000000 ) ) ;
#1085 = LINE ( 'NONE', #1644, #660 ) ;
#1086 = CARTESIAN_POINT ( 'NONE',  ( 2.124999999999999112, -2.499999999999998224, 3.500000000000000000 ) ) ;
#1087 = CIRCLE ( 'NONE', #351, 1.000000000000000888 ) ;
#1088 = CARTESIAN_POINT ( 'NONE',  ( -1.914282721390401188E-15, 19.53210678118654897, 2.292893218813439216 ) ) ;
#1089 = FACE_OUTER_BOUND ( 'NONE', #866, .T. ) ;
#1090 = DIRECTION ( 'NONE',  ( 9.564403378921635921E-17, -0.7071067811865483499, -0.7071067811865466846 ) ) ;
#1091 = ORIENTED_EDGE ( 'NONE', *, *, #3420, .T. ) ;
#1092 = CARTESIAN_POINT ( 'NONE',  ( 28.73818142420521937, 18.81099371940184639, 3.014006280598158227 ) ) ;
#1093 = CARTESIAN_POINT ( 'NONE',  ( 24.00000000000000355, -2.599999999999984990, 3.500000000000000000 ) ) ;
#1094 = VERTEX_POINT ( 'NONE', #3203 ) ;
#1095 = DIRECTION ( 'NONE',  ( -9.800697604388740006E-17, 1.000000000000000000, 0.000000000000000000 ) ) ;
#1096 = ORIENTED_EDGE ( 'NONE', *, *, #2654, .F. ) ;
#1097 = CARTESIAN_POINT ( 'NONE',  ( 3.749999999999999112, -2.499999999999998224, 1.499999999999964917 ) ) ;
#1098 = VECTOR ( 'NONE', #1526, 1000.000000000000000 ) ;
#1099 = EDGE_LOOP ( 'NONE', ( #2040, #942 ) ) ;
#1100 = PLANE ( 'NONE',  #761 ) ;
#1101 = CARTESIAN_POINT ( 'NONE',  ( 0.000000000000000000, 2.000000000000000000, 0.000000000000000000 ) ) ;
#1102 = VECTOR ( 'NONE', #2213, 1000.000000000000000 ) ;
#1103 = CARTESIAN_POINT ( 'NONE',  ( 34.20000000000000284, 16.25071458391641599, 3.199999999999988187 ) ) ;
#1104 = B_SPLINE_CURVE_WITH_KNOTS ( 'NONE', 3,
 ( #1495, #693, #2278, #1756, #3355, #2239 ),
 .UNSPECIFIED., .F., .F.,
 ( 4, 2, 4 ),
 ( 0.000000000000000000, 0.0007375178525093423415, 0.001475035705018684683 ),
 .UNSPECIFIED. ) ;
#1105 = VECTOR ( 'NONE', #2854, 1000.000000000000000 ) ;
#1106 = EDGE_CURVE ( 'NONE', #2734, #2001, #321, .T. ) ;
#1107 = LINE ( 'NONE', #650, #2742 ) ;
#1108 = CONICAL_SURFACE ( 'NONE', #372, 1.625000000000000666, 0.7853981633974430610 ) ;
#1109 = ORIENTED_EDGE ( 'NONE', *, *, #1120, .T. ) ;
#1110 = DIRECTION ( 'NONE',  ( 1.000000000000000000, 0.000000000000000000, 0.000000000000000000 ) ) ;
#1111 = EDGE_CURVE ( 'NONE', #1856, #517, #1378, .T. ) ;
#1112 = LINE ( 'NONE', #2966, #3388 ) ;
#1113 = EDGE_LOOP ( 'NONE', ( #203, #1091, #3095, #1149, #1129, #369 ) ) ;
#1114 = ORIENTED_EDGE ( 'NONE', *, *, #3060, .T. ) ;
#1115 =( NAMED_UNIT ( * ) SI_UNIT ( $, .STERADIAN. ) SOLID_ANGLE_UNIT ( ) );
#1116 = DIRECTION ( 'NONE',  ( -2.605123775248693438E-26, 1.000000000000000000, 0.000000000000000000 ) ) ;
#1117 = CARTESIAN_POINT ( 'NONE',  ( 12.00000000000000000, 18.61789321881345316, 3.207106781186547018 ) ) ;
#1118 = DIRECTION ( 'NONE',  ( 0.000000000000000000, -1.000000000000000000, 0.000000000000000000 ) ) ;
#1119 = CARTESIAN_POINT ( 'NONE',  ( 4.697443180117986117, 18.61789321881429871, 3.207106781185700140 ) ) ;
#1120 = EDGE_CURVE ( 'NONE', #828, #2361, #150, .T. ) ;
#1121 = VECTOR ( 'NONE', #1960, 1000.000000000000000 ) ;
#1122 = FACE_OUTER_BOUND ( 'NONE', #2783, .T. ) ;
#1123 = CIRCLE ( 'NONE', #1681, 1.625000000000001332 ) ;
#1124 = EDGE_LOOP ( 'NONE', ( #2932, #2458 ) ) ;
#1125 = CARTESIAN_POINT ( 'NONE',  ( 15.00000000000000355, -5.825000000000009059, -0.5000000000000000000 ) ) ;
#1126 = LINE ( 'NONE', #2192, #1201 ) ;
#1127 = ORIENTED_EDGE ( 'NONE', *, *, #2241, .T. ) ;
#1128 = VECTOR ( 'NONE', #3112, 1000.000000000000000 ) ;
#1129 = ORIENTED_EDGE ( 'NONE', *, *, #2087, .F. ) ;
#1130 = CARTESIAN_POINT ( 'NONE',  ( 2.125000000000000000, 16.50000000000000000, 1.500000000000000000 ) ) ;
#1131 = DIRECTION ( 'NONE',  ( 1.000000000000000000, 0.000000000000000000, 0.000000000000000000 ) ) ;
#1132 = ORIENTED_EDGE ( 'NONE', *, *, #1895, .F. ) ;
#1133 = ORIENTED_EDGE ( 'NONE', *, *, #2124, .F. ) ;
#1134 = CARTESIAN_POINT ( 'NONE',  ( 34.20000000000000284, 3.499999999999999556, 1.500000000000000000 ) ) ;
#1135 = CARTESIAN_POINT ( 'NONE',  ( 18.00000000000001066, 4.869399230812089647E-15, -0.5000000000000000000 ) ) ;
#1136 = AXIS2_PLACEMENT_3D ( 'NONE', #2229, #2723, #114 ) ;
#1137 = AXIS2_PLACEMENT_3D ( 'NONE', #2735, #368, #899 ) ;
#1138 = LINE ( 'NONE', #2345, #1105 ) ;
#1139 = VERTEX_POINT ( 'NONE', #413 ) ;
#1140 = EDGE_CURVE ( 'NONE', #1200, #741, #2218, .T. ) ;
#1141 = ADVANCED_FACE ( 'NONE', ( #1486 ), #2768, .F. ) ;
#1142 = DIRECTION ( 'NONE',  ( 0.000000000000000000, 0.000000000000000000, -1.000000000000000000 ) ) ;
#1143 = EDGE_LOOP ( 'NONE', ( #2920, #735, #901, #448 ) ) ;
#1144 = ORIENTED_EDGE ( 'NONE', *, *, #2138, .T. ) ;
#1145 =( NAMED_UNIT ( * ) PLANE_ANGLE_UNIT ( ) SI_UNIT ( $, .RADIAN. ) );
#1146 = LINE ( 'NONE', #1947, #2537 ) ;
#1147 = CARTESIAN_POINT ( 'NONE',  ( 3.749999999999999112, -2.499999999999998224, 0.000000000000000000 ) ) ;
#1148 = DIRECTION ( 'NONE',  ( 1.000000000000000000, 9.800697604388740006E-17, 0.000000000000000000 ) ) ;
#1149 = ORIENTED_EDGE ( 'NONE', *, *, #1111, .F. ) ;
#1150 = CARTESIAN_POINT ( 'NONE',  ( 0.4999999999999995559, 16.50000000000000000, 1.499999999999964917 ) ) ;
#1151 = FACE_OUTER_BOUND ( 'NONE', #2881, .T. ) ;
#1152 = CIRCLE ( 'NONE', #715, 1.000000000000000000 ) ;
#1153 = ADVANCED_FACE ( 'NONE', ( #927 ), #647, .T. ) ;
#1154 = EDGE_CURVE ( 'NONE', #1692, #1182, #374, .T. ) ;
#1155 = LINE ( 'NONE', #1476, #2168 ) ;
#1156 = AXIS2_PLACEMENT_3D ( 'NONE', #1918, #275, #2404 ) ;
#1157 = LINE ( 'NONE', #2220, #2019 ) ;
#1158 = AXIS2_PLACEMENT_3D ( 'NONE', #1977, #692, #2777 ) ;
#1159 = ORIENTED_EDGE ( 'NONE', *, *, #820, .T. ) ;
#1160 = DIRECTION ( 'NONE',  ( 1.000000000000000000, 1.690763621809753178E-17, -0.000000000000000000 ) ) ;
#1161 = EDGE_CURVE ( 'NONE', #426, #1839, #3162, .T. ) ;
#1162 = CARTESIAN_POINT ( 'NONE',  ( -1.199999999999999512, -4.324999999999997513, 3.500000000000000000 ) ) ;
#1163 = ORIENTED_EDGE ( 'NONE', *, *, #1583, .F. ) ;
#1164 = EDGE_LOOP ( 'NONE', ( #1295, #1761, #497, #1849 ) ) ;
#1165 = CARTESIAN_POINT ( 'NONE',  ( -1.199999999999999512, -2.499999999999998224, 3.199999999999981970 ) ) ;
#1166 = DIRECTION ( 'NONE',  ( 0.000000000000000000, 0.000000000000000000, -1.000000000000000000 ) ) ;
#1167 = AXIS2_PLACEMENT_3D ( 'NONE', #1782, #946, #207 ) ;
#1168 = ADVANCED_FACE ( 'NONE', ( #3330 ), #2006, .T. ) ;
#1169 = CARTESIAN_POINT ( 'NONE',  ( 4.697443180117986117, 18.61789321881429871, 3.207106781185700140 ) ) ;
#1170 = VECTOR ( 'NONE', #196, 1000.000000000000000 ) ;
#1171 = ORIENTED_EDGE ( 'NONE', *, *, #2298, .F. ) ;
#1172 = ORIENTED_EDGE ( 'NONE', *, *, #1831, .F. ) ;
#1173 = CARTESIAN_POINT ( 'NONE',  ( 27.73063243460206451, -4.225303553292260261, 3.457688105732817263 ) ) ;
#1174 = CARTESIAN_POINT ( 'NONE',  ( 0.000000000000000000, 14.00000000000000000, 1.500000000000000000 ) ) ;
#1175 = DIRECTION ( 'NONE',  ( -1.000000000000000000, -2.705221794895604099E-16, 0.000000000000000000 ) ) ;
#1176 = COLOUR_RGB ( '',0.7960784313725489669, 0.8235294117647058432, 0.9372549019607843146 ) ;
#1177 = DIRECTION ( 'NONE',  ( 0.000000000000000000, -1.000000000000000000, 2.602085213965210642E-15 ) ) ;
#1178 = CARTESIAN_POINT ( 'NONE',  ( 0.000000000000000000, 10.50000000000000000, 0.000000000000000000 ) ) ;
#1179 = CARTESIAN_POINT ( 'NONE',  ( 34.20000000000000284, -5.532106781186556077, 2.292893218813444101 ) ) ;
#1180 = CARTESIAN_POINT ( 'NONE',  ( -1.199999999999999512, 2.000000000000000000, 0.000000000000000000 ) ) ;
#1181 = EDGE_CURVE ( 'NONE', #435, #967, #3308, .T. ) ;
#1182 = VERTEX_POINT ( 'NONE', #2250 ) ;
#1183 = VECTOR ( 'NONE', #932, 1000.000000000000000 ) ;
#1184 = ORIENTED_EDGE ( 'NONE', *, *, #3375, .F. ) ;
#1185 = ORIENTED_EDGE ( 'NONE', *, *, #502, .F. ) ;
#1186 = DIRECTION ( 'NONE',  ( -0.000000000000000000, -0.000000000000000000, -1.000000000000000000 ) ) ;
#1187 = CARTESIAN_POINT ( 'NONE',  ( 24.00000000000000355, -2.599999999999984990, 0.000000000000000000 ) ) ;
#1188 = EDGE_CURVE ( 'NONE', #2858, #2806, #1996, .T. ) ;
#1189 = CARTESIAN_POINT ( 'NONE',  ( 0.4999999999999995559, -2.499999999999998224, 1.499999999999964917 ) ) ;
#1190 = AXIS2_PLACEMENT_3D ( 'NONE', #993, #2648, #1311 ) ;
#1191 = ORIENTED_EDGE ( 'NONE', *, *, #3110, .F. ) ;
#1192 = VERTEX_POINT ( 'NONE', #3068 ) ;
#1193 = DIRECTION ( 'NONE',  ( 1.352610897447801803E-16, -1.000000000000000000, 0.000000000000000000 ) ) ;
#1194 = CARTESIAN_POINT ( 'NONE',  ( 30.87500000000000000, -2.500000000000002220, 0.000000000000000000 ) ) ;
#1195 = FACE_OUTER_BOUND ( 'NONE', #1018, .T. ) ;
#1196 = FACE_OUTER_BOUND ( 'NONE', #1506, .T. ) ;
#1197 = CARTESIAN_POINT ( 'NONE',  ( 12.00000000000000355, -2.599999999999984990, 0.000000000000000000 ) ) ;
#1198 = DIRECTION ( 'NONE',  ( 1.000000000000000000, 0.000000000000000000, 0.000000000000000000 ) ) ;
#1199 = CARTESIAN_POINT ( 'NONE',  ( -1.199999999999999734, 16.74928541608358756, 3.199999999999977529 ) ) ;
#1200 = VERTEX_POINT ( 'NONE', #1730 ) ;
#1201 = VECTOR ( 'NONE', #570, 1000.000000000000000 ) ;
#1202 = ORIENTED_EDGE ( 'NONE', *, *, #2779, .F. ) ;
#1203 = CARTESIAN_POINT ( 'NONE',  ( -0.6041080632308432063, -4.556593137097115331, 3.268406862902881294 ) ) ;
#1204 = DIRECTION ( 'NONE',  ( 1.352610897447801803E-16, -1.000000000000000000, 0.000000000000000000 ) ) ;
#1205 = DIRECTION ( 'NONE',  ( -1.000000000000000000, 0.000000000000000000, 0.000000000000000000 ) ) ;
#1206 = CARTESIAN_POINT ( 'NONE',  ( 0.000000000000000000, -4.825000000000009059, 1.585786437626895751 ) ) ;
#1207 = ORIENTED_EDGE ( 'NONE', *, *, #522, .F. ) ;
#1208 = ORIENTED_EDGE ( 'NONE', *, *, #1587, .T. ) ;
#1209 = CARTESIAN_POINT ( 'NONE',  ( 27.99822915297402659, -4.454437563677726253, 3.348840960988710869 ) ) ;
#1210 = CARTESIAN_POINT ( 'NONE',  ( 30.87500000000000000, -2.500000000000002220, 1.499999999999994449 ) ) ;
#1211 = DIRECTION ( 'NONE',  ( 0.000000000000000000, -1.000000000000000000, 0.000000000000000000 ) ) ;
#1212 =( NAMED_UNIT ( * ) SI_UNIT ( $, .STERADIAN. ) SOLID_ANGLE_UNIT ( ) );
#1213 = AXIS2_PLACEMENT_3D ( 'NONE', #2445, #1425, #371 ) ;
#1214 = EDGE_CURVE ( 'NONE', #3402, #2592, #449, .T. ) ;
#1215 = DIRECTION ( 'NONE',  ( 0.000000000000000000, -0.000000000000000000, 1.000000000000000000 ) ) ;
#1216 = CARTESIAN_POINT ( 'NONE',  ( 9.000000000000003553, -5.825000000000009059, 0.000000000000000000 ) ) ;
#1217 = LINE ( 'NONE', #2260, #1812 ) ;
#1218 = EDGE_CURVE ( 'NONE', #136, #603, #342, .T. ) ;
#1219 = ORIENTED_EDGE ( 'NONE', *, *, #1771, .T. ) ;
#1220 = EDGE_CURVE ( 'NONE', #637, #62, #88, .T. ) ;
#1221 = ORIENTED_EDGE ( 'NONE', *, *, #1545, .F. ) ;
#1222 = CIRCLE ( 'NONE', #1564, 1.000000000000000888 ) ;
#1223 = EDGE_CURVE ( 'NONE', #2780, #2232, #78, .T. ) ;
#1224 = LINE ( 'NONE', #2538, #1789 ) ;
#1225 = EDGE_CURVE ( 'NONE', #259, #961, #3270, .T. ) ;
#1226 = CARTESIAN_POINT ( 'NONE',  ( 24.00000000000000355, -2.599999999999984990, 0.000000000000000000 ) ) ;
#1227 = CARTESIAN_POINT ( 'NONE',  ( 16.00000000000000355, -2.599999999999984990, -0.5000000000000000000 ) ) ;
#1228 = ORIENTED_EDGE ( 'NONE', *, *, #3000, .T. ) ;
#1229 = ORIENTED_EDGE ( 'NONE', *, *, #49, .F. ) ;
#1230 = DIRECTION ( 'NONE',  ( -0.000000000000000000, -0.000000000000000000, -1.000000000000000000 ) ) ;
#1231 = LINE ( 'NONE', #2290, #3182 ) ;
#1232 = VECTOR ( 'NONE', #2557, 1000.000000000000000 ) ;
#1233 = ORIENTED_EDGE ( 'NONE', *, *, #1475, .T. ) ;
#1234 = DIRECTION ( 'NONE',  ( 0.000000000000000000, 0.000000000000000000, 1.000000000000000000 ) ) ;
#1235 = AXIS2_PLACEMENT_3D ( 'NONE', #3190, #3173, #802 ) ;
#1236 = EDGE_CURVE ( 'NONE', #1648, #2330, #777, .T. ) ;
#1237 = DIRECTION ( 'NONE',  ( 1.000000000000000000, 0.000000000000000000, 0.000000000000000000 ) ) ;
#1238 = CARTESIAN_POINT ( 'NONE',  ( 0.000000000000000000, -5.825000000000009059, 1.999999999999991784 ) ) ;
#1239 = AXIS2_PLACEMENT_3D ( 'NONE', #582, #3246, #1110 ) ;
#1240 = ORIENTED_EDGE ( 'NONE', *, *, #230, .T. ) ;
#1241 = ORIENTED_EDGE ( 'NONE', *, *, #857, .F. ) ;
#1242 = ORIENTED_EDGE ( 'NONE', *, *, #1586, .F. ) ;
#1243 = CARTESIAN_POINT ( 'NONE',  ( 5.464207484929333170, -3.910786437626903034, 3.500000000000000000 ) ) ;
#1244 = DIRECTION ( 'NONE',  ( 0.000000000000000000, 0.000000000000000000, 1.000000000000000000 ) ) ;
#1245 = AXIS2_PLACEMENT_3D ( 'NONE', #2714, #262, #2139 ) ;
#1246 = LINE ( 'NONE', #2037, #431 ) ;
#1247 = ORIENTED_EDGE ( 'NONE', *, *, #2917, .T. ) ;
#1248 = ORIENTED_EDGE ( 'NONE', *, *, #1547, .T. ) ;
#1249 = CARTESIAN_POINT ( 'NONE',  ( 18.00000000000000711, 17.91078643762690348, 2.500000000000000000 ) ) ;
#1250 = CARTESIAN_POINT ( 'NONE',  ( 18.00000000000000355, 19.82500000000000284, 0.000000000000000000 ) ) ;
#1251 = CARTESIAN_POINT ( 'NONE',  ( -1.942988300070067370E-15, 19.82499999999999929, 1.500000000000000000 ) ) ;
#1252 = PRODUCT_DEFINITION_SHAPE ( 'NONE', 'NONE',  #2624 ) ;
#1253 = CARTESIAN_POINT ( 'NONE',  ( -1.199999999999999734, 10.50000000000000000, 0.000000000000000000 ) ) ;
#1254 = CARTESIAN_POINT ( 'NONE',  ( -1.199999999999999734, 16.50000000000000000, 3.199999999999981970 ) ) ;
#1255 = ORIENTED_EDGE ( 'NONE', *, *, #3261, .F. ) ;
#1256 = ORIENTED_EDGE ( 'NONE', *, *, #61, .T. ) ;
#1257 = CIRCLE ( 'NONE', #3149, 1.000000000000000888 ) ;
#1258 = EDGE_CURVE ( 'NONE', #967, #623, #214, .T. ) ;
#1259 = CARTESIAN_POINT ( 'NONE',  ( 22.00000000000000355, 15.60000000000000142, 3.500000000000000000 ) ) ;
#1260 = CARTESIAN_POINT ( 'NONE',  ( 30.87500000000000000, 16.50000000000000000, 1.499999999999998224 ) ) ;
#1261 = EDGE_CURVE ( 'NONE', #2163, #1296, #312, .T. ) ;
#1262 = FACE_OUTER_BOUND ( 'NONE', #2287, .T. ) ;
#1263 = LINE ( 'NONE', #739, #1935 ) ;
#1264 = EDGE_LOOP ( 'NONE', ( #2787, #2469, #2952, #1778 ) ) ;
#1265 = ORIENTED_EDGE ( 'NONE', *, *, #1875, .T. ) ;
#1266 = DIRECTION ( 'NONE',  ( -1.000000000000000000, 0.000000000000000000, 0.000000000000000000 ) ) ;
#1267 = LINE ( 'NONE', #417, #1959 ) ;
#1268 = EDGE_CURVE ( 'NONE', #1897, #3409, #2059, .T. ) ;
#1269 = DIRECTION ( 'NONE',  ( 9.564403378921580455E-17, -0.7071067811865441310, 0.7071067811865507924 ) ) ;
#1270 = DIRECTION ( 'NONE',  ( 0.000000000000000000, 1.000000000000000000, -0.000000000000000000 ) ) ;
#1271 = EDGE_CURVE ( 'NONE', #1856, #2389, #1764, .T. ) ;
#1272 = EDGE_CURVE ( 'NONE', #895, #1192, #2834, .T. ) ;
#1273 = VERTEX_POINT ( 'NONE', #2047 ) ;
#1274 = ADVANCED_FACE ( 'NONE', ( #3103 ), #1529, .F. ) ;
#1275 = VERTEX_POINT ( 'NONE', #3368 ) ;
#1276 = VECTOR ( 'NONE', #900, 1000.000000000000000 ) ;
#1277 = ORIENTED_EDGE ( 'NONE', *, *, #1815, .F. ) ;
#1278 = DIRECTION ( 'NONE',  ( -1.000000000000000000, 0.000000000000000000, 0.000000000000000000 ) ) ;
#1279 = DIRECTION ( 'NONE',  ( -0.000000000000000000, 0.000000000000000000, 1.000000000000000000 ) ) ;
#1280 = EDGE_CURVE ( 'NONE', #2541, #1911, #37, .T. ) ;
#1281 = DIRECTION ( 'NONE',  ( -0.000000000000000000, -0.000000000000000000, -1.000000000000000000 ) ) ;
#1282 = AXIS2_PLACEMENT_3D ( 'NONE', #3419, #1234, #729 ) ;
#1283 = VERTEX_POINT ( 'NONE', #193 ) ;
#1284 = ORIENTED_EDGE ( 'NONE', *, *, #2436, .F. ) ;
#1285 = CARTESIAN_POINT ( 'NONE',  ( 33.00000000000000000, 8.596908458320688689E-25, 0.000000000000000000 ) ) ;
#1286 = EDGE_CURVE ( 'NONE', #1669, #2999, #1263, .T. ) ;
#1287 = VECTOR ( 'NONE', #1528, 1000.000000000000000 ) ;
#1288 = DIRECTION ( 'NONE',  ( -0.000000000000000000, -0.000000000000000000, -1.000000000000000000 ) ) ;
#1289 = CARTESIAN_POINT ( 'NONE',  ( 23.00000000000000000, 16.60000000000000142, -0.5000000000000000000 ) ) ;
#1290 = CARTESIAN_POINT ( 'NONE',  ( -1.199999999999999734, 16.00331785421968078, 3.228697616962731498 ) ) ;
#1291 = ORIENTED_EDGE ( 'NONE', *, *, #2393, .F. ) ;
#1292 = ORIENTED_EDGE ( 'NONE', *, *, #2988, .T. ) ;
#1293 = DIRECTION ( 'NONE',  ( 0.000000000000000000, -0.7071067811865466846, 0.7071067811865483499 ) ) ;
#1294 = DIRECTION ( 'NONE',  ( 0.000000000000000000, 0.000000000000000000, -1.000000000000000000 ) ) ;
#1295 = ORIENTED_EDGE ( 'NONE', *, *, #61, .F. ) ;
#1296 = VERTEX_POINT ( 'NONE', #1806 ) ;
#1297 = DIRECTION ( 'NONE',  ( -0.000000000000000000, -0.000000000000000000, 1.000000000000000000 ) ) ;
#1298 = CARTESIAN_POINT ( 'NONE',  ( 30.87500000000000000, -2.500000000000002220, 1.499999999999994893 ) ) ;
#1299 = AXIS2_PLACEMENT_3D ( 'NONE', #673, #2529, #139 ) ;
#1300 = CARTESIAN_POINT ( 'NONE',  ( -1.942988300070067370E-15, 19.82499999999999929, 0.000000000000000000 ) ) ;
#1301 = VECTOR ( 'NONE', #3434, 1000.000000000000000 ) ;
#1302 = VERTEX_POINT ( 'NONE', #2338 ) ;
#1303 = ORIENTED_EDGE ( 'NONE', *, *, #2775, .F. ) ;
#1304 = DIRECTION ( 'NONE',  ( -0.000000000000000000, -0.000000000000000000, -1.000000000000000000 ) ) ;
#1305 = DIRECTION ( 'NONE',  ( 0.000000000000000000, 0.000000000000000000, -1.000000000000000000 ) ) ;
#1306 = VERTEX_POINT ( 'NONE', #1505 ) ;
#1307 = EDGE_CURVE ( 'NONE', #1410, #1337, #2827, .T. ) ;
#1308 = ORIENTED_EDGE ( 'NONE', *, *, #2753, .F. ) ;
#1309 = CARTESIAN_POINT ( 'NONE',  ( 30.70108318198086295, -5.228264820663492074, 2.596735179336508104 ) ) ;
#1310 = CARTESIAN_POINT ( 'NONE',  ( 18.00000000000000355, 19.82500000000000284, -0.5000000000000000000 ) ) ;
#1311 = DIRECTION ( 'NONE',  ( -1.000000000000000000, 0.000000000000000000, 0.000000000000000000 ) ) ;
#1312 = DIRECTION ( 'NONE',  ( 0.000000000000000000, 0.000000000000000000, 1.000000000000000000 ) ) ;
#1313 = CARTESIAN_POINT ( 'NONE',  ( 1.265651255888577298, 19.16293974264487687, 2.662060257355114423 ) ) ;
#1314 = EDGE_CURVE ( 'NONE', #2828, #2364, #1246, .T. ) ;
#1315 = EDGE_LOOP ( 'NONE', ( #1801, #597, #3191, #1816 ) ) ;
#1316 = AXIS2_PLACEMENT_3D ( 'NONE', #2248, #2785, #390 ) ;
#1317 = EDGE_CURVE ( 'NONE', #1520, #3414, #3356, .T. ) ;
#1318 = VERTEX_POINT ( 'NONE', #2016 ) ;
#1319 = EDGE_CURVE ( 'NONE', #954, #949, #3098, .T. ) ;
#1320 = CARTESIAN_POINT ( 'NONE',  ( 0.000000000000000000, -5.825000000000009059, 0.000000000000000000 ) ) ;
#1321 = LINE ( 'NONE', #1900, #330 ) ;
#1322 = ORIENTED_EDGE ( 'NONE', *, *, #1473, .T. ) ;
#1323 = ORIENTED_EDGE ( 'NONE', *, *, #915, .T. ) ;
#1324 = CARTESIAN_POINT ( 'NONE',  ( 21.00000000000000000, 16.60000000000000142, 3.500000000000000000 ) ) ;
#1325 = AXIS2_PLACEMENT_3D ( 'NONE', #2268, #115, #3048 ) ;
#1326 = FACE_OUTER_BOUND ( 'NONE', #2422, .T. ) ;
#1327 = CARTESIAN_POINT ( 'NONE',  ( 0.000000000000000000, 12.00000000000000000, 0.000000000000000000 ) ) ;
#1328 = CARTESIAN_POINT ( 'NONE',  ( 9.000000000000001776, 18.32499999999999929, 3.500000000000000000 ) ) ;
#1329 = CARTESIAN_POINT ( 'NONE',  ( 23.00000000000000000, 15.60000000000000142, -0.5000000000000000000 ) ) ;
#1330 = ORIENTED_EDGE ( 'NONE', *, *, #1560, .T. ) ;
#1331 = EDGE_CURVE ( 'NONE', #2636, #2983, #2837, .T. ) ;
#1332 = VECTOR ( 'NONE', #1244, 1000.000000000000000 ) ;
#1333 = ORIENTED_EDGE ( 'NONE', *, *, #3376, .F. ) ;
#1334 = VECTOR ( 'NONE', #1612, 1000.000000000000000 ) ;
#1335 = DIRECTION ( 'NONE',  ( 1.000000000000000000, 9.800697604388740006E-17, 0.000000000000000000 ) ) ;
#1336 = DIRECTION ( 'NONE',  ( 0.000000000000000000, -1.000000000000000000, 0.000000000000000000 ) ) ;
#1337 = VERTEX_POINT ( 'NONE', #2114 ) ;
#1338 = CIRCLE ( 'NONE', #2390, 0.9999999999999991118 ) ;
#1339 = DIRECTION ( 'NONE',  ( 0.000000000000000000, -1.000000000000000000, 0.000000000000000000 ) ) ;
#1340 = ORIENTED_EDGE ( 'NONE', *, *, #2104, .F. ) ;
#1341 = FACE_OUTER_BOUND ( 'NONE', #3030, .T. ) ;
#1342 = CARTESIAN_POINT ( 'NONE',  ( 34.20000000000000284, 19.82500000000000284, 1.500000000000000000 ) ) ;
#1343 = CARTESIAN_POINT ( 'NONE',  ( 24.00000000000000355, 11.16250000000008846, 10.66249999999998188 ) ) ;
#1344 = VERTEX_POINT ( 'NONE', #521 ) ;
#1345 = VECTOR ( 'NONE', #2896, 1000.000000000000000 ) ;
#1346 = CARTESIAN_POINT ( 'NONE',  ( 18.00000000000000711, 18.82500000000000284, 1.585786437626895751 ) ) ;
#1347 = CARTESIAN_POINT ( 'NONE',  ( 9.000000000000003553, -5.532106781186556077, 2.292893218813444545 ) ) ;
#1348 = CIRCLE ( 'NONE', #3292, 3.625000000000013767 ) ;
#1349 = CARTESIAN_POINT ( 'NONE',  ( 0.000000000000000000, -1.599999999999985212, -0.5000000000000000000 ) ) ;
#1350 = VECTOR ( 'NONE', #1072, 1000.000000000000000 ) ;
#1351 = ORIENTED_EDGE ( 'NONE', *, *, #2994, .F. ) ;
#1352 = CARTESIAN_POINT ( 'NONE',  ( 30.19174109354538160, 19.18824279791770948, 2.636757202082294693 ) ) ;
#1353 = DIRECTION ( 'NONE',  ( -1.000000000000000000, 0.000000000000000000, 0.000000000000000000 ) ) ;
#1354 = EDGE_LOOP ( 'NONE', ( #469, #3194, #786, #973 ) ) ;
#1355 = DIRECTION ( 'NONE',  ( -0.000000000000000000, 0.000000000000000000, -1.000000000000000000 ) ) ;
#1356 = ORIENTED_EDGE ( 'NONE', *, *, #2739, .F. ) ;
#1357 = CARTESIAN_POINT ( 'NONE',  ( 15.00000000000000533, -5.825000000000008171, 1.999999999999992673 ) ) ;
#1358 = EDGE_LOOP ( 'NONE', ( #1822, #224, #2022, #2746 ) ) ;
#1359 = CARTESIAN_POINT ( 'NONE',  ( 34.20000000000000284, 0.000000000000000000, 1.500000000000000000 ) ) ;
#1360 = ORIENTED_EDGE ( 'NONE', *, *, #3363, .T. ) ;
#1361 = CARTESIAN_POINT ( 'NONE',  ( 18.00000000000001066, 4.869399230812089647E-15, 3.500000000000000000 ) ) ;
#1362 = AXIS2_PLACEMENT_3D ( 'NONE', #3031, #2947, #1693 ) ;
#1363 = CARTESIAN_POINT ( 'NONE',  ( -1.199999999999999512, -2.028916346171703013E-17, 1.500000000000000000 ) ) ;
#1364 = EDGE_CURVE ( 'NONE', #2065, #3421, #3046, .T. ) ;
#1365 = CARTESIAN_POINT ( 'NONE',  ( 9.000000000000001776, 19.82499999999999929, 0.000000000000000000 ) ) ;
#1366 = LINE ( 'NONE', #2421, #794 ) ;
#1367 = ADVANCED_FACE ( 'NONE', ( #162 ), #1598, .T. ) ;
#1368 = VERTEX_POINT ( 'NONE', #1741 ) ;
#1369 = LINE ( 'NONE', #826, #1559 ) ;
#1370 = CARTESIAN_POINT ( 'NONE',  ( 12.00000000000000355, -5.825000000000009059, 0.000000000000000000 ) ) ;
#1371 = VECTOR ( 'NONE', #292, 1000.000000000000114 ) ;
#1372 = DIRECTION ( 'NONE',  ( 1.000000000000000000, 0.000000000000000000, 0.000000000000000000 ) ) ;
#1373 = VERTEX_POINT ( 'NONE', #2296 ) ;
#1374 = VERTEX_POINT ( 'NONE', #143 ) ;
#1375 = DIRECTION ( 'NONE',  ( 0.7071067811865439090, 0.000000000000000000, 0.7071067811865512365 ) ) ;
#1376 = AXIS2_PLACEMENT_3D ( 'NONE', #2042, #1573, #719 ) ;
#1377 = LINE ( 'NONE', #60, #69 ) ;
#1378 = LINE ( 'NONE', #1070, #1382 ) ;
#1379 = ORIENTED_EDGE ( 'NONE', *, *, #3180, .F. ) ;
#1380 = DIRECTION ( 'NONE',  ( 1.000000000000000000, 0.000000000000000000, 0.000000000000000000 ) ) ;
#1381 = CARTESIAN_POINT ( 'NONE',  ( 3.803301946672378087, 18.97143631600183866, 2.853563683998167733 ) ) ;
#1382 = VECTOR ( 'NONE', #2133, 1000.000000000000000 ) ;
#1383 = VECTOR ( 'NONE', #2311, 1000.000000000000000 ) ;
#1384 = ORIENTED_EDGE ( 'NONE', *, *, #562, .T. ) ;
#1385 = DIRECTION ( 'NONE',  ( 0.000000000000000000, 0.000000000000000000, 1.000000000000000000 ) ) ;
#1386 = AXIS2_PLACEMENT_3D ( 'NONE', #706, #2511, #436 ) ;
#1387 = LINE ( 'NONE', #2177, #3207 ) ;
#1388 = VERTEX_POINT ( 'NONE', #1843 ) ;
#1389 = VERTEX_POINT ( 'NONE', #3341 ) ;
#1390 = LINE ( 'NONE', #1343, #1371 ) ;
#1391 = ADVANCED_FACE ( 'NONE', ( #694 ), #3433, .F. ) ;
#1392 = DIRECTION ( 'NONE',  ( -1.000000000000000000, -1.690763621809753178E-17, 0.000000000000000000 ) ) ;
#1393 = CARTESIAN_POINT ( 'NONE',  ( 3.750000000000000888, 16.50000000000000000, 1.500000000000000000 ) ) ;
#1394 = ORIENTED_EDGE ( 'NONE', *, *, #2811, .F. ) ;
#1395 = EDGE_CURVE ( 'NONE', #1906, #987, #770, .T. ) ;
#1396 = LINE ( 'NONE', #2449, #1026 ) ;
#1397 = DIRECTION ( 'NONE',  ( -1.000000000000000000, -0.000000000000000000, 0.000000000000000000 ) ) ;
#1398 = EDGE_CURVE ( 'NONE', #766, #3414, #1907, .T. ) ;
#1399 = DIRECTION ( 'NONE',  ( 0.000000000000000000, -0.7071067811865466846, 0.7071067811865483499 ) ) ;
#1400 = ORIENTED_EDGE ( 'NONE', *, *, #2374, .T. ) ;
#1401 = EDGE_CURVE ( 'NONE', #1501, #1622, #404, .T. ) ;
#1402 = CARTESIAN_POINT ( 'NONE',  ( 24.00000000000000355, 3.246266153874725116E-15, 0.000000000000000000 ) ) ;
#1403 = CARTESIAN_POINT ( 'NONE',  ( 33.00000000000000000, 10.50000000000000178, 0.000000000000000000 ) ) ;
#1404 = EDGE_LOOP ( 'NONE', ( #885, #68, #2894 ) ) ;
#1405 = ORIENTED_EDGE ( 'NONE', *, *, #3379, .T. ) ;
#1406 = CARTESIAN_POINT ( 'NONE',  ( 24.00000000000000355, -3.910786437626903034, 3.500000000000000000 ) ) ;
#1407 = DIRECTION ( 'NONE',  ( 1.000000000000000000, 9.800697604388740006E-17, 0.000000000000000000 ) ) ;
#1408 = EDGE_CURVE ( 'NONE', #1779, #1501, #2356, .T. ) ;
#1409 = DIRECTION ( 'NONE',  ( 0.000000000000000000, 0.000000000000000000, 1.000000000000000000 ) ) ;
#1410 = VERTEX_POINT ( 'NONE', #2632 ) ;
#1411 = CARTESIAN_POINT ( 'NONE',  ( 24.00000000000000355, 3.246266153874725116E-15, -0.5000000000000000000 ) ) ;
#1412 = CARTESIAN_POINT ( 'NONE',  ( -1.199999999999999512, -2.028916346171703013E-17, 0.000000000000000000 ) ) ;
#1413 = VECTOR ( 'NONE', #2462, 1000.000000000000000 ) ;
#1414 = AXIS2_PLACEMENT_3D ( 'NONE', #1623, #2672, #13 ) ;
#1415 = CARTESIAN_POINT ( 'NONE',  ( 12.00000000000000178, 17.91078643762689993, 3.500000000000000000 ) ) ;
#1416 = EDGE_CURVE ( 'NONE', #537, #232, #1963, .T. ) ;
#1417 = FACE_OUTER_BOUND ( 'NONE', #45, .T. ) ;
#1418 = EDGE_CURVE ( 'NONE', #488, #987, #1861, .T. ) ;
#1419 = ORIENTED_EDGE ( 'NONE', *, *, #2813, .F. ) ;
#1420 = EDGE_CURVE ( 'NONE', #2382, #2592, #1217, .T. ) ;
#1421 = DIRECTION ( 'NONE',  ( 1.000000000000000000, 0.000000000000000000, 0.000000000000000000 ) ) ;
#1422 = DIRECTION ( 'NONE',  ( 1.000000000000000000, 9.800697604388740006E-17, 0.000000000000000000 ) ) ;
#1423 = VERTEX_POINT ( 'NONE', #1478 ) ;
#1424 = ORIENTED_EDGE ( 'NONE', *, *, #2138, .F. ) ;
#1425 = DIRECTION ( 'NONE',  ( 0.000000000000000000, 0.000000000000000000, -1.000000000000000000 ) ) ;
#1426 = CARTESIAN_POINT ( 'NONE',  ( -1.942988300070067370E-15, 19.82499999999999929, 0.000000000000000000 ) ) ;
#1427 = CARTESIAN_POINT ( 'NONE',  ( -1.844981324026180019E-15, 18.82499999999999929, 1.585786437626895751 ) ) ;
#1428 = ORIENTED_EDGE ( 'NONE', *, *, #2981, .F. ) ;
#1429 = ORIENTED_EDGE ( 'NONE', *, *, #2149, .F. ) ;
#1430 = CARTESIAN_POINT ( 'NONE',  ( 24.00000000000000355, 3.246266153874725116E-15, -0.5000000000000000000 ) ) ;
#1431 = CARTESIAN_POINT ( 'NONE',  ( 2.125000000000000000, 16.50000000000000000, 3.500000000000000000 ) ) ;
#1432 = DIRECTION ( 'NONE',  ( -1.690763621809753178E-17, 1.000000000000000000, 0.000000000000000000 ) ) ;
#1433 = VECTOR ( 'NONE', #1422, 1000.000000000000000 ) ;
#1434 = DIRECTION ( 'NONE',  ( 0.000000000000000000, -1.000000000000000000, 0.000000000000000000 ) ) ;
#1435 = DIRECTION ( 'NONE',  ( -9.800697604388719052E-17, 1.000000000000000000, 0.000000000000000000 ) ) ;
#1436 = DIRECTION ( 'NONE',  ( 0.000000000000000000, 1.000000000000000000, -0.000000000000000000 ) ) ;
#1437 = CIRCLE ( 'NONE', #3395, 1.625000000000004885 ) ;
#1438 = ADVANCED_FACE ( 'NONE', ( #3317 ), #1999, .F. ) ;
#1439 = ORIENTED_EDGE ( 'NONE', *, *, #1161, .F. ) ;
#1440 = DIRECTION ( 'NONE',  ( 0.000000000000000000, 0.000000000000000000, -1.000000000000000000 ) ) ;
#1441 = VERTEX_POINT ( 'NONE', #4 ) ;
#1442 = EDGE_LOOP ( 'NONE', ( #733, #2443, #3249, #648, #3381, #395, #778 ) ) ;
#1443 = APPLICATION_PROTOCOL_DEFINITION ( 'draft international standard', 'automotive_design', 1998, #734 ) ;
#1444 = DIRECTION ( 'NONE',  ( 1.000000000000000000, 9.800697604388740006E-17, 0.000000000000000000 ) ) ;
#1445 = DIRECTION ( 'NONE',  ( -1.000000000000000000, 0.000000000000000000, 0.000000000000000000 ) ) ;
#1446 = CARTESIAN_POINT ( 'NONE',  ( 21.00000000000000000, 18.32500000000000284, 3.499999999999999556 ) ) ;
#1447 = VECTOR ( 'NONE', #3335, 1000.000000000000000 ) ;
#1448 = ORIENTED_EDGE ( 'NONE', *, *, #2200, .T. ) ;
#1449 = VERTEX_POINT ( 'NONE', #1862 ) ;
#1450 = DIRECTION ( 'NONE',  ( 1.000000000000000000, 0.000000000000000000, 0.000000000000000000 ) ) ;
#1451 = DIRECTION ( 'NONE',  ( 0.000000000000000000, 0.000000000000000000, 1.000000000000000000 ) ) ;
#1452 = FACE_OUTER_BOUND ( 'NONE', #554, .T. ) ;
#1453 = CLOSED_SHELL ( 'NONE', ( #2562, #2910, #3136, #526, #1391, #325, #2643, #3064, #594, #2872, #1882, #2759, #465, #964, #1489, #3385, #590, #695, #701, #2471, #3035, #1037, #2499, #1777, #1438, #226, #1274, #2730, #411, #1883, #2243, #787, #2452, #1627, #1738, #2048, #925, #533, #1932, #3175, #565, #260, #2433, #1676, #3016, #1846, #3082, #2187, #263, #2466, #2292, #2977, #1599, #2741, #2053, #286, #2690, #3321, #3326, #3422, #959, #234, #1367, #2150, #346, #440, #934, #534, #159, #2744, #803, #1737, #231, #2015, #1854, #1153, #189, #1521, #3423, #72, #1141, #1848, #3393, #1530, #1516, #840, #844, #1508, #2123, #2990, #3165, #1697, #3074, #3215, #442, #1168, #2729, #536 ) ) ;
#1454 = DIRECTION ( 'NONE',  ( 1.000000000000000000, 0.000000000000000000, 0.000000000000000000 ) ) ;
#1455 = ORIENTED_EDGE ( 'NONE', *, *, #84, .T. ) ;
#1456 = CARTESIAN_POINT ( 'NONE',  ( 0.000000000000000000, 15.60000000000000142, -0.5000000000000000000 ) ) ;
#1457 = FACE_OUTER_BOUND ( 'NONE', #697, .T. ) ;
#1458 = CARTESIAN_POINT ( 'NONE',  ( 18.00000000000001066, -3.910786437626903034, 3.500000000000000000 ) ) ;
#1459 = ORIENTED_EDGE ( 'NONE', *, *, #3067, .T. ) ;
#1460 = CONICAL_SURFACE ( 'NONE', #1299, 1.624999999999999778, 0.7853981633974430610 ) ;
#1461 = EDGE_LOOP ( 'NONE', ( #2500, #1866, #2619 ) ) ;
#1462 = CARTESIAN_POINT ( 'NONE',  ( 2.029755971298850437, -5.230247257161950714, 2.594752742838048576 ) ) ;
#1463 = FACE_OUTER_BOUND ( 'NONE', #1113, .T. ) ;
#1464 = EDGE_CURVE ( 'NONE', #723, #96, #1813, .T. ) ;
#1465 = CARTESIAN_POINT ( 'NONE',  ( 18.00000000000001066, -5.825000000000009059, -0.5000000000000000000 ) ) ;
#1466 = AXIS2_PLACEMENT_3D ( 'NONE', #1411, #3192, #3350 ) ;
#1467 = DIRECTION ( 'NONE',  ( -1.000000000000000000, 0.000000000000000000, 0.000000000000000000 ) ) ;
#1468 = ORIENTED_EDGE ( 'NONE', *, *, #910, .F. ) ;
#1469 = ORIENTED_EDGE ( 'NONE', *, *, #529, .F. ) ;
#1470 = CARTESIAN_POINT ( 'NONE',  ( 28.14785212525701041, 18.54487137723472401, 3.280128622765278834 ) ) ;
#1471 = DIRECTION ( 'NONE',  ( -1.000000000000000000, 0.000000000000000000, 0.000000000000000000 ) ) ;
#1472 = CARTESIAN_POINT ( 'NONE',  ( -1.755382017319682934E-15, 17.91078643762689993, 2.500000000000000000 ) ) ;
#1473 = EDGE_CURVE ( 'NONE', #2330, #2001, #2357, .T. ) ;
#1474 = ORIENTED_EDGE ( 'NONE', *, *, #283, .F. ) ;
#1475 = EDGE_CURVE ( 'NONE', #2671, #2262, #3159, .T. ) ;
#1476 = CARTESIAN_POINT ( 'NONE',  ( 29.24999999999999645, 16.50000000000000000, 1.499999999999998224 ) ) ;
#1477 = DIRECTION ( 'NONE',  ( 0.000000000000000000, -0.000000000000000000, -1.000000000000000000 ) ) ;
#1478 = CARTESIAN_POINT ( 'NONE',  ( 29.24999999999999645, -2.500000000000002220, 1.499999999999994449 ) ) ;
#1479 = EDGE_CURVE ( 'NONE', #32, #874, #848, .T. ) ;
#1480 = EDGE_LOOP ( 'NONE', ( #752, #2607, #393, #1041 ) ) ;
#1481 = VECTOR ( 'NONE', #2938, 1000.000000000000000 ) ;
#1482 = ORIENTED_EDGE ( 'NONE', *, *, #2206, .F. ) ;
#1483 = ORIENTED_EDGE ( 'NONE', *, *, #915, .F. ) ;
#1484 = CARTESIAN_POINT ( 'NONE',  ( 21.00000000000000000, 16.60000000000000142, 0.000000000000000000 ) ) ;
#1485 = DIRECTION ( 'NONE',  ( -0.000000000000000000, -0.000000000000000000, -1.000000000000000000 ) ) ;
#1486 = FACE_OUTER_BOUND ( 'NONE', #2477, .T. ) ;
#1487 = VERTEX_POINT ( 'NONE', #1555 ) ;
#1488 = ORIENTED_EDGE ( 'NONE', *, *, #2684, .T. ) ;
#1489 = ADVANCED_FACE ( 'NONE', ( #3147 ), #758, .T. ) ;
#1490 = CARTESIAN_POINT ( 'NONE',  ( 12.00000000000000355, 1.623133076937362953E-15, -0.5000000000000000000 ) ) ;
#1491 = DIRECTION ( 'NONE',  ( 1.000000000000000000, 0.000000000000000000, 0.000000000000000000 ) ) ;
#1492 = SURFACE_STYLE_USAGE ( .BOTH. , #2513 ) ;
#1493 = AXIS2_PLACEMENT_3D ( 'NONE', #665, #1116, #3251 ) ;
#1494 = CARTESIAN_POINT ( 'NONE',  ( 0.000000000000000000, 3.500000000000000000, 0.000000000000000000 ) ) ;
#1495 = CARTESIAN_POINT ( 'NONE',  ( 34.20000000000000284, 17.94395290781938712, 3.500000000000000000 ) ) ;
#1496 = DIRECTION ( 'NONE',  ( 0.000000000000000000, -1.000000000000000000, 0.000000000000000000 ) ) ;
#1497 = ORIENTED_EDGE ( 'NONE', *, *, #1220, .T. ) ;
#1498 = VECTOR ( 'NONE', #1784, 1000.000000000000000 ) ;
#1499 = CARTESIAN_POINT ( 'NONE',  ( 15.00000000000000355, 16.60000000000000142, 0.000000000000000000 ) ) ;
#1500 = ORIENTED_EDGE ( 'NONE', *, *, #1922, .F. ) ;
#1501 = VERTEX_POINT ( 'NONE', #2601 ) ;
#1502 = VECTOR ( 'NONE', #257, 1000.000000000000000 ) ;
#1503 = FACE_OUTER_BOUND ( 'NONE', #387, .T. ) ;
#1504 = CARTESIAN_POINT ( 'NONE',  ( -1.914282721390400794E-15, 19.53210678118654897, 2.292893218813440992 ) ) ;
#1505 = CARTESIAN_POINT ( 'NONE',  ( 32.50000000000000000, -2.500000000000002220, 1.499999999999994449 ) ) ;
#1506 = EDGE_LOOP ( 'NONE', ( #2210, #268, #1965, #1144 ) ) ;
#1507 = ORIENTED_EDGE ( 'NONE', *, *, #2572, .F. ) ;
#1508 = ADVANCED_FACE ( 'NONE', ( #1024 ), #1600, .F. ) ;
#1509 = DIRECTION ( 'NONE',  ( -1.000000000000000000, 0.000000000000000000, 0.000000000000000000 ) ) ;
#1510 = CARTESIAN_POINT ( 'NONE',  ( 21.00000000000000355, -4.825000000000009059, 1.585786437626895751 ) ) ;
#1511 = PLANE ( 'NONE',  #3123 ) ;
#1512 = AXIS2_PLACEMENT_3D ( 'NONE', #1803, #2594, #2337 ) ;
#1513 = ORIENTED_EDGE ( 'NONE', *, *, #2410, .T. ) ;
#1514 = LINE ( 'NONE', #1845, #2431 ) ;
#1515 = AXIS2_PLACEMENT_3D ( 'NONE', #1642, #1888, #1625 ) ;
#1516 = ADVANCED_FACE ( 'NONE', ( #2370 ), #2884, .F. ) ;
#1517 = DIRECTION ( 'NONE',  ( 0.000000000000000000, 0.000000000000000000, 1.000000000000000000 ) ) ;
#1518 = DIRECTION ( 'NONE',  ( 1.000000000000000000, 0.000000000000000000, 0.000000000000000000 ) ) ;
#1519 = AXIS2_PLACEMENT_3D ( 'NONE', #3413, #2906, #3425 ) ;
#1520 = VERTEX_POINT ( 'NONE', #2853 ) ;
#1521 = ADVANCED_FACE ( 'NONE', ( #1538 ), #200, .F. ) ;
#1522 = SURFACE_STYLE_FILL_AREA ( #2444 ) ;
#1523 = UNCERTAINTY_MEASURE_WITH_UNIT (LENGTH_MEASURE( 1.000000000000000082E-05 ), #318, 'distance_accuracy_value', 'NONE');
#1524 = VECTOR ( 'NONE', #3221, 1000.000000000000000 ) ;
#1525 = VERTEX_POINT ( 'NONE', #2327 ) ;
#1526 = DIRECTION ( 'NONE',  ( 0.000000000000000000, 0.000000000000000000, 1.000000000000000000 ) ) ;
#1527 = DIRECTION ( 'NONE',  ( 1.000000000000000000, 0.000000000000000000, 0.000000000000000000 ) ) ;
#1528 = DIRECTION ( 'NONE',  ( -0.000000000000000000, -0.000000000000000000, -1.000000000000000000 ) ) ;
#1529 = CYLINDRICAL_SURFACE ( 'NONE', #1718, 1.625000000000004885 ) ;
#1530 = ADVANCED_FACE ( 'NONE', ( #2899 ), #1007, .F. ) ;
#1531 = VERTEX_POINT ( 'NONE', #2873 ) ;
#1532 = ORIENTED_EDGE ( 'NONE', *, *, #331, .T. ) ;
#1533 = EDGE_CURVE ( 'NONE', #2876, #1520, #1581, .T. ) ;
#1534 = CARTESIAN_POINT ( 'NONE',  ( 17.00000000000000355, 16.60000000000000142, 3.500000000000000000 ) ) ;
#1535 = CARTESIAN_POINT ( 'NONE',  ( 28.30255681988201033, -4.617893218814294265, 3.207106781185703692 ) ) ;
#1536 = DIRECTION ( 'NONE',  ( 0.000000000000000000, 0.000000000000000000, 1.000000000000000000 ) ) ;
#1537 = EDGE_CURVE ( 'NONE', #1648, #1622, #2799, .T. ) ;
#1538 = FACE_OUTER_BOUND ( 'NONE', #1952, .T. ) ;
#1539 = CARTESIAN_POINT ( 'NONE',  ( 24.00000000000000000, 17.91078643762690348, 3.500000000000000000 ) ) ;
#1540 = ORIENTED_EDGE ( 'NONE', *, *, #2153, .F. ) ;
#1541 = ORIENTED_EDGE ( 'NONE', *, *, #1053, .T. ) ;
#1542 = EDGE_CURVE ( 'NONE', #95, #2082, #1659, .T. ) ;
#1543 = EDGE_CURVE ( 'NONE', #343, #3151, #2203, .T. ) ;
#1544 = VERTEX_POINT ( 'NONE', #3204 ) ;
#1545 = EDGE_CURVE ( 'NONE', #2061, #512, #2244, .T. ) ;
#1546 = AXIS2_PLACEMENT_3D ( 'NONE', #1979, #919, #3038 ) ;
#1547 = EDGE_CURVE ( 'NONE', #3116, #3320, #691, .T. ) ;
#1548 = CARTESIAN_POINT ( 'NONE',  ( 3.749999999999999112, -2.499999999999998224, 1.499999999999964917 ) ) ;
#1549 = CARTESIAN_POINT ( 'NONE',  ( 21.00000000000000355, -5.532106781186556077, 2.292893218813444101 ) ) ;
#1550 = DIRECTION ( 'NONE',  ( -1.000000000000000000, 0.000000000000000000, 0.000000000000000000 ) ) ;
#1551 = ORIENTED_EDGE ( 'NONE', *, *, #2547, .T. ) ;
#1552 = EDGE_LOOP ( 'NONE', ( #3250, #1732, #2096, #994 ) ) ;
#1553 = LINE ( 'NONE', #2030, #462 ) ;
#1554 = DIRECTION ( 'NONE',  ( 0.000000000000000000, -1.000000000000000000, 0.000000000000000000 ) ) ;
#1555 = CARTESIAN_POINT ( 'NONE',  ( -1.199999999999999512, 3.500000000000000000, 1.500000000000000000 ) ) ;
#1556 = DIRECTION ( 'NONE',  ( -0.000000000000000000, -0.000000000000000000, 1.000000000000000000 ) ) ;
#1557 = EDGE_CURVE ( 'NONE', #1423, #1306, #2025, .T. ) ;
#1558 = ORIENTED_EDGE ( 'NONE', *, *, #2376, .F. ) ;
#1559 = VECTOR ( 'NONE', #1899, 1000.000000000000000 ) ;
#1560 = EDGE_CURVE ( 'NONE', #2806, #2828, #2677, .T. ) ;
#1561 = ORIENTED_EDGE ( 'NONE', *, *, #1649, .F. ) ;
#1562 = PLANE ( 'NONE',  #765 ) ;
#1563 = CARTESIAN_POINT ( 'NONE',  ( 34.20000000000000284, -5.825000000000010836, 3.500000000000000000 ) ) ;
#1564 = AXIS2_PLACEMENT_3D ( 'NONE', #1772, #2073, #975 ) ;
#1565 = EDGE_LOOP ( 'NONE', ( #2165, #252, #1058, #468 ) ) ;
#1566 = VERTEX_POINT ( 'NONE', #2172 ) ;
#1567 = CARTESIAN_POINT ( 'NONE',  ( 15.00000000000000533, -2.599999999999984990, 0.000000000000000000 ) ) ;
#1568 = LINE ( 'NONE', #2384, #1605 ) ;
#1569 = DIRECTION ( 'NONE',  ( 0.000000000000000000, 0.000000000000000000, -1.000000000000000000 ) ) ;
#1570 = DIRECTION ( 'NONE',  ( -1.000000000000000000, -9.800697604388740006E-17, 0.000000000000000000 ) ) ;
#1571 = ORIENTED_EDGE ( 'NONE', *, *, #2031, .T. ) ;
#1572 = EDGE_LOOP ( 'NONE', ( #2668, #2147, #2525, #282, #2316, #914, #1394 ) ) ;
#1573 = DIRECTION ( 'NONE',  ( -1.000000000000000000, -2.705221794895604099E-16, -0.000000000000000000 ) ) ;
#1574 = PLANE ( 'NONE',  #1519 ) ;
#1575 = ORIENTED_EDGE ( 'NONE', *, *, #846, .T. ) ;
#1576 = ORIENTED_EDGE ( 'NONE', *, *, #2927, .T. ) ;
#1577 = CARTESIAN_POINT ( 'NONE',  ( 34.00709195267318563, -4.324999999999997513, 3.500000000000000000 ) ) ;
#1578 = EDGE_CURVE ( 'NONE', #979, #109, #837, .T. ) ;
#1579 = LINE ( 'NONE', #1006, #1880 ) ;
#1580 = CARTESIAN_POINT ( 'NONE',  ( 3.750000000000000888, 16.50000000000000000, 1.499999999999964917 ) ) ;
#1581 = LINE ( 'NONE', #2633, #1301 ) ;
#1582 = CYLINDRICAL_SURFACE ( 'NONE', #1613, 1.000000000000000888 ) ;
#1583 = EDGE_CURVE ( 'NONE', #2734, #1544, #1396, .T. ) ;
#1584 = AXIS2_PLACEMENT_3D ( 'NONE', #1210, #2009, #1509 ) ;
#1585 = ORIENTED_EDGE ( 'NONE', *, *, #659, .F. ) ;
#1586 = EDGE_CURVE ( 'NONE', #3337, #2464, #3255, .T. ) ;
#1587 = EDGE_CURVE ( 'NONE', #3070, #39, #1614, .T. ) ;
#1588 = ORIENTED_EDGE ( 'NONE', *, *, #1795, .T. ) ;
#1589 = CARTESIAN_POINT ( 'NONE',  ( 32.50000000000000000, 16.50000000000000000, 1.500000000000000000 ) ) ;
#1590 = LINE ( 'NONE', #2892, #2852 ) ;
#1591 = AXIS2_PLACEMENT_3D ( 'NONE', #341, #834, #306 ) ;
#1592 = AXIS2_PLACEMENT_3D ( 'NONE', #1349, #671, #360 ) ;
#1593 = ORIENTED_EDGE ( 'NONE', *, *, #1885, .T. ) ;
#1594 = ORIENTED_EDGE ( 'NONE', *, *, #1319, .F. ) ;
#1595 = LINE ( 'NONE', #253, #1957 ) ;
#1596 = CARTESIAN_POINT ( 'NONE',  ( 12.00000000000000000, 19.82499999999999929, 0.000000000000000000 ) ) ;
#1597 = CARTESIAN_POINT ( 'NONE',  ( 10.00000000000000000, 15.60000000000000142, 0.000000000000000000 ) ) ;
#1598 = PLANE ( 'NONE',  #2605 ) ;
#1599 = ADVANCED_FACE ( 'NONE', ( #1677 ), #2726, .T. ) ;
#1600 = CYLINDRICAL_SURFACE ( 'NONE', #1747, 1.000000000000000888 ) ;
#1601 = LINE ( 'NONE', #1361, #2552 ) ;
#1602 = ORIENTED_EDGE ( 'NONE', *, *, #1936, .T. ) ;
#1603 = ORIENTED_EDGE ( 'NONE', *, *, #3265, .T. ) ;
#1604 = CARTESIAN_POINT ( 'NONE',  ( -1.942988300070067370E-15, 19.82499999999999929, 1.585786437626895751 ) ) ;
#1605 = VECTOR ( 'NONE', #2099, 1000.000000000000000 ) ;
#1606 = FACE_OUTER_BOUND ( 'NONE', #1923, .T. ) ;
#1607 = ORIENTED_EDGE ( 'NONE', *, *, #281, .F. ) ;
#1608 = PLANE ( 'NONE',  #2590 ) ;
#1609 = EDGE_LOOP ( 'NONE', ( #858, #2861, #1989, #2526 ) ) ;
#1610 = FACE_OUTER_BOUND ( 'NONE', #2297, .T. ) ;
#1611 = AXIS2_PLACEMENT_3D ( 'NONE', #1427, #1148, #1690 ) ;
#1612 = DIRECTION ( 'NONE',  ( -1.000000000000000000, -0.000000000000000000, 0.000000000000000000 ) ) ;
#1613 = AXIS2_PLACEMENT_3D ( 'NONE', #5, #541, #1891 ) ;
#1614 = LINE ( 'NONE', #2992, #2631 ) ;
#1615 = FACE_OUTER_BOUND ( 'NONE', #767, .T. ) ;
#1616 = ORIENTED_EDGE ( 'NONE', *, *, #296, .F. ) ;
#1617 = VECTOR ( 'NONE', #998, 1000.000000000000000 ) ;
#1618 = VECTOR ( 'NONE', #1451, 1000.000000000000000 ) ;
#1619 = ORIENTED_EDGE ( 'NONE', *, *, #2830, .T. ) ;
#1620 = CARTESIAN_POINT ( 'NONE',  ( 29.20002627842211496, 18.97250350452891965, 2.852496495471077864 ) ) ;
#1621 = CARTESIAN_POINT ( 'NONE',  ( 9.000000000000003553, -5.825000000000009059, 1.999999999999992228 ) ) ;
#1622 = VERTEX_POINT ( 'NONE', #672 ) ;
#1623 = CARTESIAN_POINT ( 'NONE',  ( 30.87500000000000000, -2.500000000000002220, 3.500000000000000000 ) ) ;
#1624 = VERTEX_POINT ( 'NONE', #2807 ) ;
#1625 = DIRECTION ( 'NONE',  ( -1.000000000000000000, 0.000000000000000000, 0.000000000000000000 ) ) ;
#1626 = ORIENTED_EDGE ( 'NONE', *, *, #2371, .F. ) ;
#1627 = ADVANCED_FACE ( 'NONE', ( #1714 ), #688, .F. ) ;
#1628 = ORIENTED_EDGE ( 'NONE', *, *, #1479, .F. ) ;
#1629 = DIRECTION ( 'NONE',  ( 1.000000000000000000, 0.000000000000000000, 0.000000000000000000 ) ) ;
#1630 = CARTESIAN_POINT ( 'NONE',  ( 30.87500000000000000, 16.50000000000000000, 1.499999999999998224 ) ) ;
#1631 = EDGE_CURVE ( 'NONE', #1622, #2382, #1910, .T. ) ;
#1632 = VECTOR ( 'NONE', #2204, 1000.000000000000000 ) ;
#1633 = FACE_OUTER_BOUND ( 'NONE', #2334, .T. ) ;
#1634 = VECTOR ( 'NONE', #1380, 1000.000000000000000 ) ;
#1635 = ORIENTED_EDGE ( 'NONE', *, *, #559, .T. ) ;
#1636 = LINE ( 'NONE', #2682, #2698 ) ;
#1637 = CARTESIAN_POINT ( 'NONE',  ( 23.00000000000000000, 16.60000000000000142, 3.500000000000000000 ) ) ;
#1638 = CARTESIAN_POINT ( 'NONE',  ( 0.000000000000000000, 0.000000000000000000, 1.500000000000000000 ) ) ;
#1639 = VERTEX_POINT ( 'NONE', #3032 ) ;
#1640 = FACE_OUTER_BOUND ( 'NONE', #1943, .T. ) ;
#1641 = ORIENTED_EDGE ( 'NONE', *, *, #1948, .F. ) ;
#1642 = CARTESIAN_POINT ( 'NONE',  ( 11.00000000000000355, -2.599999999999984990, -0.5000000000000000000 ) ) ;
#1643 = DIRECTION ( 'NONE',  ( 0.000000000000000000, 0.000000000000000000, 1.000000000000000000 ) ) ;
#1644 = CARTESIAN_POINT ( 'NONE',  ( -0.000000000000000000, 14.00000000000000000, 0.000000000000000000 ) ) ;
#1645 = DIRECTION ( 'NONE',  ( 0.000000000000000000, 0.000000000000000000, -1.000000000000000000 ) ) ;
#1646 = VECTOR ( 'NONE', #2420, 1000.000000000000000 ) ;
#1647 = DIRECTION ( 'NONE',  ( -0.000000000000000000, -0.000000000000000000, 1.000000000000000000 ) ) ;
#1648 = VERTEX_POINT ( 'NONE', #2528 ) ;
#1649 = EDGE_CURVE ( 'NONE', #1306, #1423, #513, .T. ) ;
#1650 = DIRECTION ( 'NONE',  ( 1.000000000000000000, 0.000000000000000000, 0.000000000000000000 ) ) ;
#1651 = VECTOR ( 'NONE', #3233, 1000.000000000000000 ) ;
#1652 = CARTESIAN_POINT ( 'NONE',  ( 34.20000000000000284, 0.000000000000000000, 0.000000000000000000 ) ) ;
#1653 = ORIENTED_EDGE ( 'NONE', *, *, #2962, .F. ) ;
#1654 = ORIENTED_EDGE ( 'NONE', *, *, #1420, .F. ) ;
#1655 = CARTESIAN_POINT ( 'NONE',  ( 34.20000000000000284, 19.82500000000000284, 1.585786437626895751 ) ) ;
#1656 = VECTOR ( 'NONE', #727, 1000.000000000000114 ) ;
#1657 = LINE ( 'NONE', #3006, #2360 ) ;
#1658 = CARTESIAN_POINT ( 'NONE',  ( 16.00000000000000355, -1.599999999999985212, -0.5000000000000000000 ) ) ;
#1659 = LINE ( 'NONE', #309, #1634 ) ;
#1660 = DIRECTION ( 'NONE',  ( -1.000000000000000000, 0.000000000000000000, 0.000000000000000000 ) ) ;
#1661 = AXIS2_PLACEMENT_3D ( 'NONE', #2463, #392, #1467 ) ;
#1662 = APPLICATION_CONTEXT ( 'automotive_design' ) ;
#1663 = VECTOR ( 'NONE', #2532, 1000.000000000000000 ) ;
#1664 = ORIENTED_EDGE ( 'NONE', *, *, #1223, .F. ) ;
#1665 = LINE ( 'NONE', #1402, #1040 ) ;
#1666 = EDGE_CURVE ( 'NONE', #136, #32, #1767, .T. ) ;
#1667 = MECHANICAL_DESIGN_GEOMETRIC_PRESENTATION_REPRESENTATION (  '', ( #776 ), #2117 ) ;
#1668 = DIRECTION ( 'NONE',  ( -0.7071067811865439090, 8.659560562354888485E-17, 0.7071067811865512365 ) ) ;
#1669 = VERTEX_POINT ( 'NONE', #1174 ) ;
#1670 = ORIENTED_EDGE ( 'NONE', *, *, #2137, .T. ) ;
#1671 = PRODUCT_CONTEXT ( 'NONE', #734, 'mechanical' ) ;
#1672 = PLANE ( 'NONE',  #2975 ) ;
#1673 = CYLINDRICAL_SURFACE ( 'NONE', #1136, 1.000000000000000000 ) ;
#1674 = CIRCLE ( 'NONE', #2717, 1.625000000000004885 ) ;
#1675 = ORIENTED_EDGE ( 'NONE', *, *, #278, .F. ) ;
#1676 = ADVANCED_FACE ( 'NONE', ( #2254 ), #911, .T. ) ;
#1677 = FACE_OUTER_BOUND ( 'NONE', #434, .T. ) ;
#1678 = DIRECTION ( 'NONE',  ( 1.000000000000000000, 9.800697604388740006E-17, 0.000000000000000000 ) ) ;
#1679 = EDGE_CURVE ( 'NONE', #1410, #3337, #2216, .T. ) ;
#1680 = CARTESIAN_POINT ( 'NONE',  ( 21.00000000000000355, -4.617893218813449607, 3.207106781186547906 ) ) ;
#1681 = AXIS2_PLACEMENT_3D ( 'NONE', #1752, #2808, #1491 ) ;
#1682 = AXIS2_PLACEMENT_3D ( 'NONE', #348, #365, #1237 ) ;
#1683 = DIRECTION ( 'NONE',  ( -0.000000000000000000, -0.000000000000000000, -1.000000000000000000 ) ) ;
#1684 = ORIENTED_EDGE ( 'NONE', *, *, #1140, .F. ) ;
#1685 = CARTESIAN_POINT ( 'NONE',  ( -1.199999999999999734, -5.825000000000009059, 1.585786437626895751 ) ) ;
#1686 = ORIENTED_EDGE ( 'NONE', *, *, #2488, .F. ) ;
#1687 = ORIENTED_EDGE ( 'NONE', *, *, #2802, .T. ) ;
#1688 = CARTESIAN_POINT ( 'NONE',  ( -1.199999999999999734, -3.712465700231017074, 3.407791275442692225 ) ) ;
#1689 = CARTESIAN_POINT ( 'NONE',  ( 3.749999999999999112, -2.499999999999998224, 3.500000000000000000 ) ) ;
#1690 = DIRECTION ( 'NONE',  ( -9.800697604388719052E-17, 1.000000000000000000, 0.000000000000000000 ) ) ;
#1691 = ORIENTED_EDGE ( 'NONE', *, *, #2553, .F. ) ;
#1692 = VERTEX_POINT ( 'NONE', #931 ) ;
#1693 = DIRECTION ( 'NONE',  ( -1.000000000000000000, 0.000000000000000000, 0.000000000000000000 ) ) ;
#1694 = CARTESIAN_POINT ( 'NONE',  ( 0.000000000000000000, -3.910786437626903034, 2.500000000000000000 ) ) ;
#1695 = LINE ( 'NONE', #2750, #2577 ) ;
#1696 = CARTESIAN_POINT ( 'NONE',  ( 0.000000000000000000, 0.000000000000000000, 3.500000000000000000 ) ) ;
#1697 = ADVANCED_FACE ( 'NONE', ( #1734 ), #2566, .T. ) ;
#1698 = CIRCLE ( 'NONE', #525, 1.000000000000000000 ) ;
#1699 = FACE_OUTER_BOUND ( 'NONE', #3010, .T. ) ;
#1700 = LINE ( 'NONE', #2733, #3075 ) ;
#1701 = LINE ( 'NONE', #893, #1869 ) ;
#1702 = ORIENTED_EDGE ( 'NONE', *, *, #2391, .F. ) ;
#1703 = CARTESIAN_POINT ( 'NONE',  ( 22.00000000000000355, 16.60000000000000142, 0.000000000000000000 ) ) ;
#1704 = CARTESIAN_POINT ( 'NONE',  ( 12.00000000000000178, 17.91078643762689993, 3.500000000000000000 ) ) ;
#1705 = ORIENTED_EDGE ( 'NONE', *, *, #1181, .T. ) ;
#1706 = CARTESIAN_POINT ( 'NONE',  ( -1.007091952673182078, -4.324999999999997513, 3.500000000000000000 ) ) ;
#1707 = DIRECTION ( 'NONE',  ( 1.000000000000000000, 0.000000000000000000, 0.000000000000000000 ) ) ;
#1708 = DIRECTION ( 'NONE',  ( 0.000000000000000000, -1.000000000000000000, 0.000000000000000000 ) ) ;
#1709 = DIRECTION ( 'NONE',  ( -1.000000000000000000, 0.000000000000000000, 0.000000000000000000 ) ) ;
#1710 = CARTESIAN_POINT ( 'NONE',  ( 0.000000000000000000, -5.825000000000009059, 0.000000000000000000 ) ) ;
#1711 = ORIENTED_EDGE ( 'NONE', *, *, #1666, .T. ) ;
#1712 = ORIENTED_EDGE ( 'NONE', *, *, #1895, .T. ) ;
#1713 = PLANE ( 'NONE',  #2919 ) ;
#1714 = FACE_OUTER_BOUND ( 'NONE', #3369, .T. ) ;
#1715 = DIRECTION ( 'NONE',  ( 1.000000000000000000, 0.000000000000000000, 0.000000000000000000 ) ) ;
#1716 = CIRCLE ( 'NONE', #817, 1.000000000000000888 ) ;
#1717 = CARTESIAN_POINT ( 'NONE',  ( 2.124999999999999112, -2.499999999999998224, 0.000000000000000000 ) ) ;
#1718 = AXIS2_PLACEMENT_3D ( 'NONE', #2847, #1281, #433 ) ;
#1719 = CARTESIAN_POINT ( 'NONE',  ( 0.000000000000000000, 15.60000000000000142, -0.5000000000000000000 ) ) ;
#1720 = PLANE ( 'NONE',  #621 ) ;
#1721 = DIRECTION ( 'NONE',  ( 0.000000000000000000, -3.469446951953614189E-15, 1.000000000000000000 ) ) ;
#1722 = AXIS2_PLACEMENT_3D ( 'NONE', #1178, #2205, #2514 ) ;
#1723 = ORIENTED_EDGE ( 'NONE', *, *, #3187, .F. ) ;
#1724 = AXIS2_PLACEMENT_3D ( 'NONE', #455, #208, #2865 ) ;
#1725 = CARTESIAN_POINT ( 'NONE',  ( 2.125000000000000000, 16.50000000000000000, 1.499999999999964917 ) ) ;
#1726 = ORIENTED_EDGE ( 'NONE', *, *, #1223, .T. ) ;
#1727 = ORIENTED_EDGE ( 'NONE', *, *, #1838, .T. ) ;
#1728 = CARTESIAN_POINT ( 'NONE',  ( -1.199999999999999512, -3.943952907819400000, 3.500000000000000000 ) ) ;
#1729 = DIRECTION ( 'NONE',  ( -1.000000000000000000, -9.800697604388740006E-17, -0.000000000000000000 ) ) ;
#1730 = CARTESIAN_POINT ( 'NONE',  ( 12.00000000000000355, -4.617893218813449607, 3.207106781186547906 ) ) ;
#1731 = ORIENTED_EDGE ( 'NONE', *, *, #127, .T. ) ;
#1732 = ORIENTED_EDGE ( 'NONE', *, *, #2067, .T. ) ;
#1733 = LINE ( 'NONE', #1894, #981 ) ;
#1734 = FACE_OUTER_BOUND ( 'NONE', #299, .T. ) ;
#1735 = DIRECTION ( 'NONE',  ( 2.705221794895604099E-16, -1.000000000000000000, 0.000000000000000000 ) ) ;
#1736 =( LENGTH_UNIT ( ) NAMED_UNIT ( * ) SI_UNIT ( .MILLI., .METRE. ) );
#1737 = ADVANCED_FACE ( 'NONE', ( #2831 ), #3333, .T. ) ;
#1738 = ADVANCED_FACE ( 'NONE', ( #2234 ), #1955, .T. ) ;
#1739 = DIRECTION ( 'NONE',  ( -1.000000000000000000, 0.000000000000000000, 0.000000000000000000 ) ) ;
#1740 = CARTESIAN_POINT ( 'NONE',  ( 32.50000000000000000, 16.50000000000000000, 0.000000000000000000 ) ) ;
#1741 = CARTESIAN_POINT ( 'NONE',  ( 15.00000000000000355, 16.60000000000000142, 0.000000000000000000 ) ) ;
#1742 = EDGE_LOOP ( 'NONE', ( #2918, #1219, #2417, #2907, #1076, #3348, #338 ) ) ;
#1743 = CONICAL_SURFACE ( 'NONE', #2956, 1.624999999999999778, 0.7853981633974430610 ) ;
#1744 = ORIENTED_EDGE ( 'NONE', *, *, #1987, .F. ) ;
#1745 = DIRECTION ( 'NONE',  ( 1.352610897447802050E-16, -1.000000000000000000, 0.000000000000000000 ) ) ;
#1746 = CARTESIAN_POINT ( 'NONE',  ( 21.00000000000000000, 18.61789321881345671, 3.207106781186544353 ) ) ;
#1747 = AXIS2_PLACEMENT_3D ( 'NONE', #1289, #1312, #1825 ) ;
#1748 = CARTESIAN_POINT ( 'NONE',  ( -1.199999999999999734, -2.250714583916411549, 3.199999999999977085 ) ) ;
#1749 = ORIENTED_EDGE ( 'NONE', *, *, #1057, .F. ) ;
#1750 = ORIENTED_EDGE ( 'NONE', *, *, #2811, .T. ) ;
#1751 = PLANE ( 'NONE',  #1386 ) ;
#1752 = CARTESIAN_POINT ( 'NONE',  ( 30.87500000000000000, 16.50000000000000000, 0.000000000000000000 ) ) ;
#1753 = DIRECTION ( 'NONE',  ( 0.000000000000000000, 0.000000000000000000, 1.000000000000000000 ) ) ;
#1754 = ORIENTED_EDGE ( 'NONE', *, *, #406, .F. ) ;
#1755 = CARTESIAN_POINT ( 'NONE',  ( -1.942988300070067370E-15, 19.82499999999999929, 1.500000000000000000 ) ) ;
#1756 = CARTESIAN_POINT ( 'NONE',  ( 34.20000000000000284, 16.99668214578031922, 3.228697616962739048 ) ) ;
#1757 = CARTESIAN_POINT ( 'NONE',  ( -1.199999999999999734, 17.71234682716398723, 3.407743924515572509 ) ) ;
#1758 = ORIENTED_EDGE ( 'NONE', *, *, #916, .F. ) ;
#1759 = FILL_AREA_STYLE ('',( #425 ) ) ;
#1760 = ORIENTED_EDGE ( 'NONE', *, *, #3360, .F. ) ;
#1761 = ORIENTED_EDGE ( 'NONE', *, *, #496, .T. ) ;
#1762 = CARTESIAN_POINT ( 'NONE',  ( 18.00000000000001066, -5.532106781186556077, 2.292893218813443657 ) ) ;
#1763 = LINE ( 'NONE', #2879, #2070 ) ;
#1764 = LINE ( 'NONE', #3127, #1498 ) ;
#1765 = ORIENTED_EDGE ( 'NONE', *, *, #2958, .T. ) ;
#1766 = ORIENTED_EDGE ( 'NONE', *, *, #1188, .F. ) ;
#1767 = LINE ( 'NONE', #397, #1864 ) ;
#1768 = LINE ( 'NONE', #3091, #841 ) ;
#1769 = EDGE_CURVE ( 'NONE', #3119, #2913, #2289, .T. ) ;
#1770 = EDGE_CURVE ( 'NONE', #1669, #259, #3052, .T. ) ;
#1771 = EDGE_CURVE ( 'NONE', #424, #2426, #3172, .T. ) ;
#1772 = CARTESIAN_POINT ( 'NONE',  ( 17.00000000000000711, -2.599999999999984990, 3.500000000000000000 ) ) ;
#1773 = ORIENTED_EDGE ( 'NONE', *, *, #2092, .F. ) ;
#1774 = DIRECTION ( 'NONE',  ( 1.000000000000000000, 0.000000000000000000, 0.000000000000000000 ) ) ;
#1775 = ORIENTED_EDGE ( 'NONE', *, *, #3265, .F. ) ;
#1776 = VECTOR ( 'NONE', #1518, 1000.000000000000000 ) ;
#1777 = ADVANCED_FACE ( 'NONE', ( #2029 ), #1751, .T. ) ;
#1778 = ORIENTED_EDGE ( 'NONE', *, *, #1936, .F. ) ;
#1779 = VERTEX_POINT ( 'NONE', #1150 ) ;
#1780 = EDGE_CURVE ( 'NONE', #862, #1373, #3295, .T. ) ;
#1781 = CARTESIAN_POINT ( 'NONE',  ( 22.00000000000000355, 15.60000000000000142, 3.500000000000000000 ) ) ;
#1782 = CARTESIAN_POINT ( 'NONE',  ( -1.795977836004236541E-15, 18.32499999999999929, 3.500000000000000000 ) ) ;
#1783 = DIRECTION ( 'NONE',  ( -1.000000000000000000, 0.000000000000000000, 0.000000000000000000 ) ) ;
#1784 = DIRECTION ( 'NONE',  ( 0.000000000000000000, -1.000000000000000000, 0.000000000000000000 ) ) ;
#1785 = ORIENTED_EDGE ( 'NONE', *, *, #853, .F. ) ;
#1786 = ORIENTED_EDGE ( 'NONE', *, *, #1395, .F. ) ;
#1787 = LINE ( 'NONE', #1005, #2623 ) ;
#1788 = DIRECTION ( 'NONE',  ( 0.000000000000000000, -1.000000000000000000, 0.000000000000000000 ) ) ;
#1789 = VECTOR ( 'NONE', #148, 1000.000000000000000 ) ;
#1790 = PRESENTATION_LAYER_ASSIGNMENT (  '', '', ( #776 ) ) ;
#1791 = EDGE_CURVE ( 'NONE', #2246, #3137, #2561, .T. ) ;
#1792 = VECTOR ( 'NONE', #540, 1000.000000000000000 ) ;
#1793 = DIRECTION ( 'NONE',  ( 0.000000000000000000, -1.000000000000000000, 0.000000000000000000 ) ) ;
#1794 = DIRECTION ( 'NONE',  ( 0.000000000000000000, 0.000000000000000000, 1.000000000000000000 ) ) ;
#1795 = EDGE_CURVE ( 'NONE', #929, #2293, #2285, .T. ) ;
#1796 = LINE ( 'NONE', #3377, #889 ) ;
#1797 = EDGE_CURVE ( 'NONE', #1531, #488, #782, .T. ) ;
#1798 = CIRCLE ( 'NONE', #890, 3.625000000000010214 ) ;
#1799 = ORIENTED_EDGE ( 'NONE', *, *, #1885, .F. ) ;
#1800 = CIRCLE ( 'NONE', #107, 1.000000000000000888 ) ;
#1801 = ORIENTED_EDGE ( 'NONE', *, *, #542, .F. ) ;
#1802 = DIRECTION ( 'NONE',  ( 0.000000000000000000, 0.000000000000000000, 1.000000000000000000 ) ) ;
#1803 = CARTESIAN_POINT ( 'NONE',  ( 24.00000000000000355, -4.825000000000009059, 1.585786437626895751 ) ) ;
#1804 = AXIS2_PLACEMENT_3D ( 'NONE', #1135, #1175, #1735 ) ;
#1805 = DIRECTION ( 'NONE',  ( 2.705221794895604099E-16, -1.000000000000000000, 0.000000000000000000 ) ) ;
#1806 = CARTESIAN_POINT ( 'NONE',  ( 15.00000000000000355, 19.53210678118654897, 2.292893218813441880 ) ) ;
#1807 = ORIENTED_EDGE ( 'NONE', *, *, #2127, .T. ) ;
#1808 = ORIENTED_EDGE ( 'NONE', *, *, #1791, .T. ) ;
#1809 = EDGE_CURVE ( 'NONE', #2189, #862, #2308, .T. ) ;
#1810 = CARTESIAN_POINT ( 'NONE',  ( 17.00000000000000711, -1.599999999999985212, 0.000000000000000000 ) ) ;
#1811 = CARTESIAN_POINT ( 'NONE',  ( 21.00000000000000355, -5.825000000000009059, 1.585786437626895751 ) ) ;
#1812 = VECTOR ( 'NONE', #1050, 1000.000000000000000 ) ;
#1813 = LINE ( 'NONE', #792, #65 ) ;
#1814 = CARTESIAN_POINT ( 'NONE',  ( 22.00000000000000711, -2.599999999999984990, 3.500000000000000000 ) ) ;
#1815 = EDGE_CURVE ( 'NONE', #1911, #1368, #1004, .T. ) ;
#1816 = ORIENTED_EDGE ( 'NONE', *, *, #1926, .T. ) ;
#1817 = ORIENTED_EDGE ( 'NONE', *, *, #23, .F. ) ;
#1818 = CIRCLE ( 'NONE', #2314, 3.625000000000014655 ) ;
#1819 = DIRECTION ( 'NONE',  ( 0.000000000000000000, -1.000000000000000000, 0.000000000000000000 ) ) ;
#1820 = CYLINDRICAL_SURFACE ( 'NONE', #267, 1.500000000000000000 ) ;
#1821 = ORIENTED_EDGE ( 'NONE', *, *, #2398, .T. ) ;
#1822 = ORIENTED_EDGE ( 'NONE', *, *, #3319, .F. ) ;
#1823 = DIRECTION ( 'NONE',  ( -0.000000000000000000, -0.000000000000000000, -1.000000000000000000 ) ) ;
#1824 = FACE_OUTER_BOUND ( 'NONE', #825, .T. ) ;
#1825 = DIRECTION ( 'NONE',  ( 1.000000000000000000, 0.000000000000000000, 0.000000000000000000 ) ) ;
#1826 = FACE_OUTER_BOUND ( 'NONE', #2125, .T. ) ;
#1827 = VECTOR ( 'NONE', #576, 1000.000000000000000 ) ;
#1828 = EDGE_LOOP ( 'NONE', ( #1744, #1424, #800, #815 ) ) ;
#1829 = MANIFOLD_SOLID_BREP ( 'Fillet2', #1453 ) ;
#1830 = AXIS2_PLACEMENT_3D ( 'NONE', #2113, #1981, #453 ) ;
#1831 = EDGE_CURVE ( 'NONE', #62, #1094, #3094, .T. ) ;
#1832 = ORIENTED_EDGE ( 'NONE', *, *, #3144, .T. ) ;
#1833 = VECTOR ( 'NONE', #308, 1000.000000000000114 ) ;
#1834 = CARTESIAN_POINT ( 'NONE',  ( -1.755382017319682934E-15, 17.91078643762689993, 2.500000000000000000 ) ) ;
#1835 = LINE ( 'NONE', #501, #6 ) ;
#1836 = VECTOR ( 'NONE', #2358, 1000.000000000000000 ) ;
#1837 = VERTEX_POINT ( 'NONE', #166 ) ;
#1838 = EDGE_CURVE ( 'NONE', #627, #2520, #2486, .T. ) ;
#1839 = VERTEX_POINT ( 'NONE', #418 ) ;
#1840 = LINE ( 'NONE', #2628, #460 ) ;
#1841 = LINE ( 'NONE', #2883, #1847 ) ;
#1842 = EDGE_CURVE ( 'NONE', #163, #883, #2004, .T. ) ;
#1843 = CARTESIAN_POINT ( 'NONE',  ( -1.199999999999999734, 10.50000000000000000, 1.500000000000000000 ) ) ;
#1844 = DIRECTION ( 'NONE',  ( -1.000000000000000000, 0.000000000000000000, 0.000000000000000000 ) ) ;
#1845 = CARTESIAN_POINT ( 'NONE',  ( -1.199999999999999734, -5.825000000000009059, 3.500000000000000000 ) ) ;
#1846 = ADVANCED_FACE ( 'NONE', ( #2546 ), #1511, .T. ) ;
#1847 = VECTOR ( 'NONE', #491, 1000.000000000000000 ) ;
#1848 = ADVANCED_FACE ( 'NONE', ( #708 ), #122, .F. ) ;
#1849 = ORIENTED_EDGE ( 'NONE', *, *, #2348, .F. ) ;
#1850 = VECTOR ( 'NONE', #2108, 1000.000000000000000 ) ;
#1851 = ORIENTED_EDGE ( 'NONE', *, *, #2302, .T. ) ;
#1852 = CARTESIAN_POINT ( 'NONE',  ( 34.00709195267317142, 18.32500000000000284, 3.500000000000000000 ) ) ;
#1853 = DIRECTION ( 'NONE',  ( 6.763054487239010248E-17, -1.000000000000000000, 0.000000000000000000 ) ) ;
#1854 = ADVANCED_FACE ( 'NONE', ( #653 ), #2274, .T. ) ;
#1855 = ORIENTED_EDGE ( 'NONE', *, *, #583, .T. ) ;
#1856 = VERTEX_POINT ( 'NONE', #933 ) ;
#1857 = CARTESIAN_POINT ( 'NONE',  ( 28.73690127811445905, -4.810448360008767743, 3.014551639991230214 ) ) ;
#1858 = CARTESIAN_POINT ( 'NONE',  ( 15.00000000000000355, 16.60000000000000142, 3.500000000000000000 ) ) ;
#1859 = VECTOR ( 'NONE', #3329, 1000.000000000000000 ) ;
#1860 = CARTESIAN_POINT ( 'NONE',  ( 24.00000000000000355, -4.617893218813449607, 3.207106781186548350 ) ) ;
#1861 = LINE ( 'NONE', #2368, #904 ) ;
#1862 = CARTESIAN_POINT ( 'NONE',  ( 9.000000000000003553, -2.599999999999984990, 0.000000000000000000 ) ) ;
#1863 = FACE_OUTER_BOUND ( 'NONE', #3099, .T. ) ;
#1864 = VECTOR ( 'NONE', #378, 1000.000000000000000 ) ;
#1865 = ORIENTED_EDGE ( 'NONE', *, *, #1479, .T. ) ;
#1866 = ORIENTED_EDGE ( 'NONE', *, *, #1111, .T. ) ;
#1867 = DIRECTION ( 'NONE',  ( 1.000000000000000000, 0.000000000000000000, 0.000000000000000000 ) ) ;
#1868 = FACE_OUTER_BOUND ( 'NONE', #1461, .T. ) ;
#1869 = VECTOR ( 'NONE', #1436, 1000.000000000000000 ) ;
#1870 = VERTEX_POINT ( 'NONE', #1975 ) ;
#1871 = ORIENTED_EDGE ( 'NONE', *, *, #1547, .F. ) ;
#1872 = DIRECTION ( 'NONE',  ( 1.000000000000000000, 9.800697604388740006E-17, -0.000000000000000000 ) ) ;
#1873 = CARTESIAN_POINT ( 'NONE',  ( 16.00000000000000355, -1.599999999999985212, 3.500000000000000000 ) ) ;
#1874 = LINE ( 'NONE', #2663, #2859 ) ;
#1875 = EDGE_CURVE ( 'NONE', #1779, #3039, #953, .T. ) ;
#1876 = VERTEX_POINT ( 'NONE', #1250 ) ;
#1877 = CARTESIAN_POINT ( 'NONE',  ( 15.00000000000000533, -3.910786437626903034, 3.500000000000000000 ) ) ;
#1878 = ORIENTED_EDGE ( 'NONE', *, *, #2775, .T. ) ;
#1879 = CARTESIAN_POINT ( 'NONE',  ( 31.73857523318561391, 19.16231008504400535, 2.662689914955998383 ) ) ;
#1880 = VECTOR ( 'NONE', #1788, 1000.000000000000000 ) ;
#1881 = DIRECTION ( 'NONE',  ( -1.000000000000000000, 0.000000000000000000, 0.000000000000000000 ) ) ;
#1882 = ADVANCED_FACE ( 'NONE', ( #3054 ), #990, .T. ) ;
#1883 = ADVANCED_FACE ( 'NONE', ( #2792 ), #2052, .F. ) ;
#1884 = ORIENTED_EDGE ( 'NONE', *, *, #2754, .F. ) ;
#1885 = EDGE_CURVE ( 'NONE', #451, #3023, #140, .T. ) ;
#1886 = CARTESIAN_POINT ( 'NONE',  ( 12.00000000000000178, 18.82499999999999929, 1.585786437626895751 ) ) ;
#1887 = ORIENTED_EDGE ( 'NONE', *, *, #1064, .T. ) ;
#1888 = DIRECTION ( 'NONE',  ( 0.000000000000000000, 0.000000000000000000, -1.000000000000000000 ) ) ;
#1889 = EDGE_LOOP ( 'NONE', ( #3062, #1207, #2214, #950 ) ) ;
#1890 = VECTOR ( 'NONE', #1556, 1000.000000000000000 ) ;
#1891 = DIRECTION ( 'NONE',  ( -9.800697604388719052E-17, 1.000000000000000000, 0.000000000000000000 ) ) ;
#1892 = EDGE_CURVE ( 'NONE', #96, #2968, #2945, .T. ) ;
#1893 = CARTESIAN_POINT ( 'NONE',  ( 34.19999999999999574, 16.00621845835046031, 3.228251748730207371 ) ) ;
#1894 = CARTESIAN_POINT ( 'NONE',  ( 0.000000000000000000, -1.599999999999985212, 3.500000000000000000 ) ) ;
#1895 = EDGE_CURVE ( 'NONE', #109, #435, #882, .T. ) ;
#1896 = COLOUR_RGB ( '',0.7960784313725489669, 0.8235294117647058432, 0.9372549019607843146 ) ;
#1897 = VERTEX_POINT ( 'NONE', #789 ) ;
#1898 = CIRCLE ( 'NONE', #833, 1.499999999999999556 ) ;
#1899 = DIRECTION ( 'NONE',  ( 1.000000000000000000, 0.000000000000000000, 0.000000000000000000 ) ) ;
#1900 = CARTESIAN_POINT ( 'NONE',  ( 16.00000000000000000, 15.60000000000000142, 3.500000000000000000 ) ) ;
#1901 = ORIENTED_EDGE ( 'NONE', *, *, #1560, .F. ) ;
#1902 = DIRECTION ( 'NONE',  ( -1.000000000000000000, -9.800697604388740006E-17, 0.000000000000000000 ) ) ;
#1903 = VERTEX_POINT ( 'NONE', #1596 ) ;
#1904 = DIRECTION ( 'NONE',  ( -1.000000000000000000, -0.000000000000000000, -0.000000000000000000 ) ) ;
#1905 = CARTESIAN_POINT ( 'NONE',  ( 23.00000000000000355, -1.599999999999985212, 3.500000000000000000 ) ) ;
#1906 = VERTEX_POINT ( 'NONE', #3131 ) ;
#1907 = B_SPLINE_CURVE_WITH_KNOTS ( 'NONE', 3,
 ( #1254, #1199, #2797, #2315, #1757, #939 ),
 .UNSPECIFIED., .F., .F.,
 ( 4, 2, 4 ),
 ( 0.001475035705018701163, 0.002212108037124153534, 0.002949180369229606122 ),
 .UNSPECIFIED. ) ;
#1908 = CARTESIAN_POINT ( 'NONE',  ( 9.000000000000003553, 6.086749038515111072E-16, -0.5000000000000000000 ) ) ;
#1909 = CIRCLE ( 'NONE', #744, 3.625000000000010214 ) ;
#1910 = CIRCLE ( 'NONE', #3081, 3.625000000000014655 ) ;
#1911 = VERTEX_POINT ( 'NONE', #1858 ) ;
#1912 = LINE ( 'NONE', #1125, #144 ) ;
#1913 = DIRECTION ( 'NONE',  ( 0.000000000000000000, 0.000000000000000000, 1.000000000000000000 ) ) ;
#1914 = VERTEX_POINT ( 'NONE', #215 ) ;
#1915 = ORIENTED_EDGE ( 'NONE', *, *, #2860, .T. ) ;
#1916 = DIRECTION ( 'NONE',  ( 0.000000000000000000, 0.000000000000000000, -1.000000000000000000 ) ) ;
#1917 = DIRECTION ( 'NONE',  ( -1.000000000000000000, 0.000000000000000000, 0.000000000000000000 ) ) ;
#1918 = CARTESIAN_POINT ( 'NONE',  ( 16.00000000000000000, 16.60000000000000142, 0.000000000000000000 ) ) ;
#1919 = ORIENTED_EDGE ( 'NONE', *, *, #2200, .F. ) ;
#1920 = CARTESIAN_POINT ( 'NONE',  ( 21.00000000000000000, 19.82500000000000284, -0.5000000000000000000 ) ) ;
#1921 = FACE_OUTER_BOUND ( 'NONE', #1143, .T. ) ;
#1922 = EDGE_CURVE ( 'NONE', #1296, #32, #461, .T. ) ;
#1923 = EDGE_LOOP ( 'NONE', ( #3003, #1855, #1619, #1448 ) ) ;
#1924 = CARTESIAN_POINT ( 'NONE',  ( 32.50000000000000000, 16.50000000000000000, 1.499999999999998224 ) ) ;
#1925 = VECTOR ( 'NONE', #2699, 1000.000000000000000 ) ;
#1926 = EDGE_CURVE ( 'NONE', #1302, #3231, #227, .T. ) ;
#1927 = LINE ( 'NONE', #2718, #1646 ) ;
#1928 = ORIENTED_EDGE ( 'NONE', *, *, #1464, .T. ) ;
#1929 = VERTEX_POINT ( 'NONE', #2630 ) ;
#1930 = CARTESIAN_POINT ( 'NONE',  ( 18.00000000000001066, 4.869399230812089647E-15, 0.000000000000000000 ) ) ;
#1931 = DIRECTION ( 'NONE',  ( 0.000000000000000000, 0.000000000000000000, 1.000000000000000000 ) ) ;
#1932 = ADVANCED_FACE ( 'NONE', ( #1824 ), #385, .F. ) ;
#1933 = ORIENTED_EDGE ( 'NONE', *, *, #1154, .F. ) ;
#1934 = CARTESIAN_POINT ( 'NONE',  ( 24.00000000000000355, -3.910786437626903034, 2.500000000000000000 ) ) ;
#1935 = VECTOR ( 'NONE', #2322, 1000.000000000000000 ) ;
#1936 = EDGE_CURVE ( 'NONE', #1192, #223, #478, .T. ) ;
#1937 = LINE ( 'NONE', #1415, #945 ) ;
#1938 = CIRCLE ( 'NONE', #600, 1.625000000000000666 ) ;
#1939 = ORIENTED_EDGE ( 'NONE', *, *, #3120, .F. ) ;
#1940 = CIRCLE ( 'NONE', #1055, 0.9999999999999991118 ) ;
#1941 = AXIS2_PLACEMENT_3D ( 'NONE', #1696, #399, #2751 ) ;
#1942 = CARTESIAN_POINT ( 'NONE',  ( 15.00000000000000533, -5.825000000000009059, 0.000000000000000000 ) ) ;
#1943 = EDGE_LOOP ( 'NONE', ( #1933, #2381, #2039, #3266 ) ) ;
#1944 = PRESENTATION_LAYER_ASSIGNMENT (  '', '', ( #165 ) ) ;
#1945 = ORIENTED_EDGE ( 'NONE', *, *, #1533, .F. ) ;
#1946 = SURFACE_SIDE_STYLE ('',( #1522 ) ) ;
#1947 = CARTESIAN_POINT ( 'NONE',  ( 18.00000000000001066, 4.869399230812089647E-15, 3.500000000000000000 ) ) ;
#1948 = EDGE_CURVE ( 'NONE', #2710, #1839, #2871, .T. ) ;
#1949 = DIRECTION ( 'NONE',  ( 1.000000000000000000, 6.763054487239010248E-17, 0.000000000000000000 ) ) ;
#1950 = AXIS2_PLACEMENT_3D ( 'NONE', #3168, #2611, #222 ) ;
#1951 = DIRECTION ( 'NONE',  ( 0.000000000000000000, -1.000000000000000000, 0.000000000000000000 ) ) ;
#1952 = EDGE_LOOP ( 'NONE', ( #2263, #2028, #247, #3188 ) ) ;
#1953 = ORIENTED_EDGE ( 'NONE', *, *, #3170, .T. ) ;
#1954 = CARTESIAN_POINT ( 'NONE',  ( 28.30255681988242955, 18.61789321881345671, 3.207106781186545241 ) ) ;
#1955 = PLANE ( 'NONE',  #1011 ) ;
#1956 = CARTESIAN_POINT ( 'NONE',  ( -1.844981324026180019E-15, 18.82499999999999929, 1.585786437626895751 ) ) ;
#1957 = VECTOR ( 'NONE', #1872, 1000.000000000000000 ) ;
#1958 = FACE_OUTER_BOUND ( 'NONE', #1609, .T. ) ;
#1959 = VECTOR ( 'NONE', #3130, 1000.000000000000000 ) ;
#1960 = DIRECTION ( 'NONE',  ( -1.000000000000000000, -9.800697604388740006E-17, 0.000000000000000000 ) ) ;
#1961 = CARTESIAN_POINT ( 'NONE',  ( 34.20000000000000284, 18.82500000000000284, 1.585786437626895751 ) ) ;
#1962 = VERTEX_POINT ( 'NONE', #769 ) ;
#1963 = CIRCLE ( 'NONE', #2862, 1.624999999999999778 ) ;
#1964 = DIRECTION ( 'NONE',  ( 1.000000000000000000, -0.000000000000000000, 0.000000000000000000 ) ) ;
#1965 = ORIENTED_EDGE ( 'NONE', *, *, #334, .T. ) ;
#1966 = PRESENTATION_STYLE_ASSIGNMENT (( #850 ) ) ;
#1967 = LINE ( 'NONE', #863, #2102 ) ;
#1968 = DIRECTION ( 'NONE',  ( -0.000000000000000000, -0.000000000000000000, -1.000000000000000000 ) ) ;
#1969 = DIRECTION ( 'NONE',  ( 1.000000000000000000, 0.000000000000000000, 0.000000000000000000 ) ) ;
#1970 = ORIENTED_EDGE ( 'NONE', *, *, #487, .F. ) ;
#1971 = ORIENTED_EDGE ( 'NONE', *, *, #2302, .F. ) ;
#1972 = DIRECTION ( 'NONE',  ( 6.763054487239010248E-17, -1.000000000000000000, 0.000000000000000000 ) ) ;
#1973 = CARTESIAN_POINT ( 'NONE',  ( -1.844981324026180019E-15, 18.82499999999999929, 1.585786437626895751 ) ) ;
#1974 = DIRECTION ( 'NONE',  ( 1.000000000000000000, 0.000000000000000000, 0.000000000000000000 ) ) ;
#1975 = CARTESIAN_POINT ( 'NONE',  ( 18.00000000000000355, 18.61789321881345671, 3.207106781186545685 ) ) ;
#1976 = VECTOR ( 'NONE', #1972, 1000.000000000000000 ) ;
#1977 = CARTESIAN_POINT ( 'NONE',  ( 0.000000000000000000, -4.825000000000009059, 1.585786437626895751 ) ) ;
#1978 = LINE ( 'NONE', #892, #1121 ) ;
#1979 = CARTESIAN_POINT ( 'NONE',  ( 30.87500000000000000, 16.50000000000000000, 1.500000000000000000 ) ) ;
#1980 = ORIENTED_EDGE ( 'NONE', *, *, #2092, .T. ) ;
#1981 = DIRECTION ( 'NONE',  ( -1.000000000000000000, -1.352610897447802050E-16, 0.000000000000000000 ) ) ;
#1982 = DIRECTION ( 'NONE',  ( -1.000000000000000000, -0.000000000000000000, 0.000000000000000000 ) ) ;
#1983 = ORIENTED_EDGE ( 'NONE', *, *, #725, .F. ) ;
#1984 = ORIENTED_EDGE ( 'NONE', *, *, #962, .T. ) ;
#1985 = EDGE_CURVE ( 'NONE', #987, #499, #1841, .T. ) ;
#1986 = DIRECTION ( 'NONE',  ( 2.705221794895604099E-16, -1.000000000000000000, 0.000000000000000000 ) ) ;
#1987 = EDGE_CURVE ( 'NONE', #2520, #602, #938, .T. ) ;
#1988 = CARTESIAN_POINT ( 'NONE',  ( -1.199999999999999956, 19.82499999999999929, 1.500000000000000000 ) ) ;
#1989 = ORIENTED_EDGE ( 'NONE', *, *, #1770, .F. ) ;
#1990 = ORIENTED_EDGE ( 'NONE', *, *, #2802, .F. ) ;
#1991 = CARTESIAN_POINT ( 'NONE',  ( 15.00000000000000533, -4.617893218813449607, 3.207106781186547906 ) ) ;
#1992 = CARTESIAN_POINT ( 'NONE',  ( 2.124999999999999112, -2.499999999999998224, 3.500000000000000000 ) ) ;
#1993 = CARTESIAN_POINT ( 'NONE',  ( 29.24999999999999645, -2.500000000000002220, 0.000000000000000000 ) ) ;
#1994 = VECTOR ( 'NONE', #1335, 1000.000000000000000 ) ;
#1995 = DIRECTION ( 'NONE',  ( -0.000000000000000000, -0.000000000000000000, -1.000000000000000000 ) ) ;
#1996 = CIRCLE ( 'NONE', #941, 1.000000000000000888 ) ;
#1997 = DIRECTION ( 'NONE',  ( -1.000000000000000000, -9.800697604388740006E-17, 0.000000000000000000 ) ) ;
#1998 = CARTESIAN_POINT ( 'NONE',  ( -1.199999999999999512, -5.532106781186556077, 2.292893218813444101 ) ) ;
#1999 = PLANE ( 'NONE',  #2304 ) ;
#2000 = CONICAL_SURFACE ( 'NONE', #1282, 1.625000000000001332, 0.7853981633974492782 ) ;
#2001 = VERTEX_POINT ( 'NONE', #2587 ) ;
#2002 = ORIENTED_EDGE ( 'NONE', *, *, #1985, .F. ) ;
#2003 = CARTESIAN_POINT ( 'NONE',  ( 15.00000000000000533, 2.028916346171703888E-15, 0.000000000000000000 ) ) ;
#2004 = CIRCLE ( 'NONE', #2997, 1.624999999999999778 ) ;
#2005 = FACE_OUTER_BOUND ( 'NONE', #174, .T. ) ;
#2006 = CYLINDRICAL_SURFACE ( 'NONE', #1611, 1.000000000000000888 ) ;
#2007 = ORIENTED_EDGE ( 'NONE', *, *, #23, .T. ) ;
#2008 = ORIENTED_EDGE ( 'NONE', *, *, #492, .T. ) ;
#2009 = DIRECTION ( 'NONE',  ( 0.000000000000000000, 0.000000000000000000, 1.000000000000000000 ) ) ;
#2010 = DIRECTION ( 'NONE',  ( 1.000000000000000000, 9.800697604388740006E-17, 0.000000000000000000 ) ) ;
#2011 = DIRECTION ( 'NONE',  ( -9.800697604388740006E-17, 1.000000000000000000, 0.000000000000000000 ) ) ;
#2012 = CYLINDRICAL_SURFACE ( 'NONE', #1158, 1.000000000000000000 ) ;
#2013 = EDGE_CURVE ( 'NONE', #828, #1837, #1568, .T. ) ;
#2014 = CARTESIAN_POINT ( 'NONE',  ( 34.20000000000000284, -3.943952907819407105, 3.500000000000000000 ) ) ;
#2015 = ADVANCED_FACE ( 'NONE', ( #1326 ), #1068, .T. ) ;
#2016 = CARTESIAN_POINT ( 'NONE',  ( 15.00000000000000178, 19.82499999999999929, 0.000000000000000000 ) ) ;
#2017 = VERTEX_POINT ( 'NONE', #2616 ) ;
#2018 = EDGE_CURVE ( 'NONE', #1273, #179, #3323, .T. ) ;
#2019 = VECTOR ( 'NONE', #3281, 1000.000000000000000 ) ;
#2020 = AXIS2_PLACEMENT_3D ( 'NONE', #1510, #2850, #755 ) ;
#2021 = ORIENTED_EDGE ( 'NONE', *, *, #2024, .F. ) ;
#2022 = ORIENTED_EDGE ( 'NONE', *, *, #129, .T. ) ;
#2023 = DIRECTION ( 'NONE',  ( -1.000000000000000000, 0.000000000000000000, -0.000000000000000000 ) ) ;
#2024 = EDGE_CURVE ( 'NONE', #3409, #183, #3407, .T. ) ;
#2025 = CIRCLE ( 'NONE', #2085, 1.625000000000004885 ) ;
#2026 = DIRECTION ( 'NONE',  ( 1.000000000000000000, 0.000000000000000000, 0.000000000000000000 ) ) ;
#2027 = ORIENTED_EDGE ( 'NONE', *, *, #1317, .T. ) ;
#2028 = ORIENTED_EDGE ( 'NONE', *, *, #2988, .F. ) ;
#2029 = FACE_OUTER_BOUND ( 'NONE', #2407, .T. ) ;
#2030 = CARTESIAN_POINT ( 'NONE',  ( 24.00000000000000355, -4.162499999999991651, 3.662500000000005418 ) ) ;
#2031 = EDGE_CURVE ( 'NONE', #1870, #2061, #2130, .T. ) ;
#2032 = CARTESIAN_POINT ( 'NONE',  ( 0.4999999999999995559, 16.50000000000000000, 1.500000000000000000 ) ) ;
#2033 = EDGE_LOOP ( 'NONE', ( #3390, #906, #2848, #1664 ) ) ;
#2034 = CARTESIAN_POINT ( 'NONE',  ( 21.00000000000000355, -2.599999999999984990, 3.500000000000000000 ) ) ;
#2035 = LINE ( 'NONE', #3037, #336 ) ;
#2036 = AXIS2_PLACEMENT_3D ( 'NONE', #3040, #1160, #86 ) ;
#2037 = CARTESIAN_POINT ( 'NONE',  ( 21.00000000000000355, 2.840482884640384575E-15, 3.500000000000000000 ) ) ;
#2038 = EDGE_CURVE ( 'NONE', #304, #3439, #1579, .T. ) ;
#2039 = ORIENTED_EDGE ( 'NONE', *, *, #2705, .F. ) ;
#2040 = ORIENTED_EDGE ( 'NONE', *, *, #3339, .T. ) ;
#2041 = VERTEX_POINT ( 'NONE', #1811 ) ;
#2042 = CARTESIAN_POINT ( 'NONE',  ( 18.00000000000001066, -3.910786437626903034, 2.500000000000000000 ) ) ;
#2043 = DIRECTION ( 'NONE',  ( -1.000000000000000000, 0.000000000000000000, -0.000000000000000000 ) ) ;
#2044 = B_SPLINE_CURVE_WITH_KNOTS ( 'NONE', 3,
 ( #822, #1103, #1893, #563, #2419, #578 ),
 .UNSPECIFIED., .F., .F.,
 ( 4, 2, 4 ),
 ( 0.001475035705018684683, 0.002212108037124127513, 0.002949180369229574897 ),
 .UNSPECIFIED. ) ;
#2045 = EDGE_CURVE ( 'NONE', #1876, #512, #241, .T. ) ;
#2046 = CARTESIAN_POINT ( 'NONE',  ( 2.125000000000000000, 16.50000000000000000, 0.000000000000000000 ) ) ;
#2047 = CARTESIAN_POINT ( 'NONE',  ( 5.750000000000014211, -2.499999999999998224, 3.500000000000000000 ) ) ;
#2048 = ADVANCED_FACE ( 'NONE', ( #2367 ), #3432, .T. ) ;
#2049 = ORIENTED_EDGE ( 'NONE', *, *, #3437, .F. ) ;
#2050 = ORIENTED_EDGE ( 'NONE', *, *, #2317, .F. ) ;
#2051 = DIRECTION ( 'NONE',  ( 0.000000000000000000, -1.000000000000000000, 0.000000000000000000 ) ) ;
#2052 = PLANE ( 'NONE',  #1941 ) ;
#2053 = ADVANCED_FACE ( 'NONE', ( #3146 ), #756, .F. ) ;
#2054 = LINE ( 'NONE', #3113, #1836 ) ;
#2055 = AXIS2_PLACEMENT_3D ( 'NONE', #810, #2208, #3262 ) ;
#2056 = LINE ( 'NONE', #1009, #856 ) ;
#2057 = CARTESIAN_POINT ( 'NONE',  ( 2.125000000000000000, 16.50000000000000000, 1.499999999999964917 ) ) ;
#2058 = ORIENTED_EDGE ( 'NONE', *, *, #2650, .F. ) ;
#2059 = CIRCLE ( 'NONE', #2982, 1.000000000000000888 ) ;
#2060 = VECTOR ( 'NONE', #2467, 1000.000000000000000 ) ;
#2061 = VERTEX_POINT ( 'NONE', #2349 ) ;
#2062 = DIRECTION ( 'NONE',  ( 1.000000000000000000, 9.800697604388740006E-17, 0.000000000000000000 ) ) ;
#2063 = DIRECTION ( 'NONE',  ( 1.000000000000000000, 0.000000000000000000, 0.000000000000000000 ) ) ;
#2064 = CARTESIAN_POINT ( 'NONE',  ( 10.00000000000000178, -2.599999999999984990, 3.500000000000000000 ) ) ;
#2065 = VERTEX_POINT ( 'NONE', #1259 ) ;
#2066 = ORIENTED_EDGE ( 'NONE', *, *, #2089, .T. ) ;
#2067 = EDGE_CURVE ( 'NONE', #2041, #847, #2593, .T. ) ;
#2068 = LINE ( 'NONE', #2325, #2080 ) ;
#2069 = DIRECTION ( 'NONE',  ( -0.000000000000000000, -0.000000000000000000, 1.000000000000000000 ) ) ;
#2070 = VECTOR ( 'NONE', #3401, 1000.000000000000000 ) ;
#2071 = AXIS2_PLACEMENT_3D ( 'NONE', #3073, #2256, #1753 ) ;
#2072 = DIRECTION ( 'NONE',  ( 0.000000000000000000, 0.000000000000000000, -1.000000000000000000 ) ) ;
#2073 = DIRECTION ( 'NONE',  ( 0.000000000000000000, 0.000000000000000000, -1.000000000000000000 ) ) ;
#2074 = CIRCLE ( 'NONE', #1061, 1.000000000000000000 ) ;
#2075 = CARTESIAN_POINT ( 'NONE',  ( -1.199999999999999512, -3.162499999999993427, 4.662500000000000533 ) ) ;
#2076 = ORIENTED_EDGE ( 'NONE', *, *, #634, .T. ) ;
#2077 = EDGE_LOOP ( 'NONE', ( #1233, #2118, #1228 ) ) ;
#2078 = CARTESIAN_POINT ( 'NONE',  ( 21.00000000000000355, -5.825000000000009059, -0.5000000000000000000 ) ) ;
#2079 = CARTESIAN_POINT ( 'NONE',  ( 0.000000000000000000, 10.50000000000000000, 0.000000000000000000 ) ) ;
#2080 = VECTOR ( 'NONE', #437, 1000.000000000000000 ) ;
#2081 = EDGE_LOOP ( 'NONE', ( #1340, #3244, #1482, #696 ) ) ;
#2082 = VERTEX_POINT ( 'NONE', #429 ) ;
#2083 = DIRECTION ( 'NONE',  ( -9.800697604388719052E-17, 1.000000000000000000, 0.000000000000000000 ) ) ;
#2084 = DIRECTION ( 'NONE',  ( 0.000000000000000000, 0.000000000000000000, 1.000000000000000000 ) ) ;
#2085 = AXIS2_PLACEMENT_3D ( 'NONE', #2960, #2183, #2928 ) ;
#2086 = LINE ( 'NONE', #2874, #2889 ) ;
#2087 = EDGE_CURVE ( 'NONE', #1566, #1856, #206, .T. ) ;
#2088 = ORIENTED_EDGE ( 'NONE', *, *, #1236, .T. ) ;
#2089 = EDGE_CURVE ( 'NONE', #481, #2618, #210, .T. ) ;
#2090 = EDGE_LOOP ( 'NONE', ( #1333, #2923, #188, #1878, #2002, #1786 ) ) ;
#2091 = CIRCLE ( 'NONE', #1414, 3.625000000000016875 ) ;
#2092 = EDGE_CURVE ( 'NONE', #183, #2924, #1716, .T. ) ;
#2093 = DIRECTION ( 'NONE',  ( 1.000000000000000000, 0.000000000000000000, 0.000000000000000000 ) ) ;
#2094 = LINE ( 'NONE', #2641, #614 ) ;
#2095 = EDGE_CURVE ( 'NONE', #1373, #2041, #1016, .T. ) ;
#2096 = ORIENTED_EDGE ( 'NONE', *, *, #331, .F. ) ;
#2097 = VERTEX_POINT ( 'NONE', #3121 ) ;
#2098 = CARTESIAN_POINT ( 'NONE',  ( 31.73434874411141493, -5.162939742644875984, 2.662060257355121085 ) ) ;
#2099 = DIRECTION ( 'NONE',  ( -0.000000000000000000, -0.000000000000000000, 1.000000000000000000 ) ) ;
#2100 = DIRECTION ( 'NONE',  ( 1.000000000000000000, -0.000000000000000000, -0.000000000000000000 ) ) ;
#2101 = CARTESIAN_POINT ( 'NONE',  ( 22.00000000000000711, -1.599999999999985212, 0.000000000000000000 ) ) ;
#2102 = VECTOR ( 'NONE', #3305, 1000.000000000000000 ) ;
#2103 = ORIENTED_EDGE ( 'NONE', *, *, #2470, .F. ) ;
#2104 = EDGE_CURVE ( 'NONE', #1441, #179, #2764, .T. ) ;
#2105 = VECTOR ( 'NONE', #1042, 1000.000000000000000 ) ;
#2106 = AXIS2_PLACEMENT_3D ( 'NONE', #1227, #1409, #948 ) ;
#2107 = DIRECTION ( 'NONE',  ( -0.000000000000000000, -0.000000000000000000, -1.000000000000000000 ) ) ;
#2108 = DIRECTION ( 'NONE',  ( -0.000000000000000000, -0.000000000000000000, -1.000000000000000000 ) ) ;
#2109 = AXIS2_PLACEMENT_3D ( 'NONE', #1456, #1434, #125 ) ;
#2110 = ORIENTED_EDGE ( 'NONE', *, *, #2498, .T. ) ;
#2111 = ORIENTED_EDGE ( 'NONE', *, *, #1154, .T. ) ;
#2112 = CARTESIAN_POINT ( 'NONE',  ( 0.000000000000000000, 0.000000000000000000, 0.000000000000000000 ) ) ;
#2113 = CARTESIAN_POINT ( 'NONE',  ( 15.00000000000000533, 2.028916346171703888E-15, -0.5000000000000000000 ) ) ;
#2114 = CARTESIAN_POINT ( 'NONE',  ( 34.20000000000000284, 10.50000000000000178, 0.000000000000000000 ) ) ;
#2115 = DIRECTION ( 'NONE',  ( 0.000000000000000000, 0.000000000000000000, -1.000000000000000000 ) ) ;
#2116 = CARTESIAN_POINT ( 'NONE',  ( -0.1759052928640405244, 18.75918824751586200, 3.065811752484148389 ) ) ;
#2117 =( GEOMETRIC_REPRESENTATION_CONTEXT ( 3 ) GLOBAL_UNCERTAINTY_ASSIGNED_CONTEXT ( ( #2840 ) ) GLOBAL_UNIT_ASSIGNED_CONTEXT ( ( #1736, #100, #1212 ) ) REPRESENTATION_CONTEXT ( 'NONE', 'WORKASPACE' ) );
#2118 = ORIENTED_EDGE ( 'NONE', *, *, #2753, .T. ) ;
#2119 = EDGE_LOOP ( 'NONE', ( #2839, #3, #2027 ) ) ;
#2120 = DIRECTION ( 'NONE',  ( 1.000000000000000000, 6.763054487239010248E-17, 0.000000000000000000 ) ) ;
#2121 = CARTESIAN_POINT ( 'NONE',  ( 2.124999999999999112, -2.499999999999998224, 1.499999999999964917 ) ) ;
#2122 = VECTOR ( 'NONE', #1375, 999.9999999999998863 ) ;
#2123 = ADVANCED_FACE ( 'NONE', ( #1503 ), #2891, .T. ) ;
#2124 = EDGE_CURVE ( 'NONE', #907, #2065, #2559, .T. ) ;
#2125 = EDGE_LOOP ( 'NONE', ( #1750, #2535, #3183, #1817 ) ) ;
#2126 = EDGE_LOOP ( 'NONE', ( #1653, #2136, #427, #1670 ) ) ;
#2127 = EDGE_CURVE ( 'NONE', #2822, #516, #3042, .T. ) ;
#2128 = FACE_OUTER_BOUND ( 'NONE', #2788, .T. ) ;
#2129 = AXIS2_PLACEMENT_3D ( 'NONE', #1472, #2010, #2993 ) ;
#2130 = LINE ( 'NONE', #3392, #1656 ) ;
#2131 = VECTOR ( 'NONE', #1090, 1000.000000000000000 ) ;
#2132 = VERTEX_POINT ( 'NONE', #190 ) ;
#2133 = DIRECTION ( 'NONE',  ( -1.000000000000000000, -9.800697604388740006E-17, 0.000000000000000000 ) ) ;
#2134 = DIRECTION ( 'NONE',  ( -0.000000000000000000, 0.000000000000000000, 1.000000000000000000 ) ) ;
#2135 = DIRECTION ( 'NONE',  ( -0.000000000000000000, -0.000000000000000000, -1.000000000000000000 ) ) ;
#2136 = ORIENTED_EDGE ( 'NONE', *, *, #1926, .F. ) ;
#2137 = EDGE_CURVE ( 'NONE', #2132, #358, #500, .T. ) ;
#2138 = EDGE_CURVE ( 'NONE', #2293, #2520, #736, .T. ) ;
#2139 = DIRECTION ( 'NONE',  ( 1.000000000000000000, 0.000000000000000000, 0.000000000000000000 ) ) ;
#2140 = EDGE_CURVE ( 'NONE', #1306, #1531, #1029, .T. ) ;
#2141 = VERTEX_POINT ( 'NONE', #1762 ) ;
#2142 = LINE ( 'NONE', #568, #2545 ) ;
#2143 = CARTESIAN_POINT ( 'NONE',  ( 18.00000000000001066, -2.599999999999984546, 3.500000000000000000 ) ) ;
#2144 = AXIS2_PLACEMENT_3D ( 'NONE', #2146, #2164, #1355 ) ;
#2145 = EDGE_LOOP ( 'NONE', ( #1003, #3285, #3008, #1483 ) ) ;
#2146 = CARTESIAN_POINT ( 'NONE',  ( 33.00000000000000000, 0.000000000000000000, 1.500000000000000000 ) ) ;
#2147 = ORIENTED_EDGE ( 'NONE', *, *, #1769, .T. ) ;
#2148 = CARTESIAN_POINT ( 'NONE',  ( 0.000000000000000000, 15.60000000000000142, -0.5000000000000000000 ) ) ;
#2149 = EDGE_CURVE ( 'NONE', #1839, #183, #483, .T. ) ;
#2150 = ADVANCED_FACE ( 'NONE', ( #2863 ), #1562, .T. ) ;
#2151 = DIRECTION ( 'NONE',  ( 0.000000000000000000, -1.000000000000000000, 0.000000000000000000 ) ) ;
#2152 = CARTESIAN_POINT ( 'NONE',  ( 0.000000000000000000, 10.50000000000000178, 1.500000000000000000 ) ) ;
#2153 = EDGE_CURVE ( 'NONE', #482, #2858, #3364, .T. ) ;
#2154 = FACE_OUTER_BOUND ( 'NONE', #3150, .T. ) ;
#2155 = EDGE_CURVE ( 'NONE', #517, #1046, #2931, .T. ) ;
#2156 = CARTESIAN_POINT ( 'NONE',  ( 9.000000000000003553, 6.086749038515111072E-16, 3.500000000000000000 ) ) ;
#2157 = VERTEX_POINT ( 'NONE', #531 ) ;
#2158 = CARTESIAN_POINT ( 'NONE',  ( 18.00000000000001066, -2.599999999999984546, 0.000000000000000000 ) ) ;
#2159 = VECTOR ( 'NONE', #2107, 1000.000000000000000 ) ;
#2160 = CARTESIAN_POINT ( 'NONE',  ( 9.000000000000003553, -3.910786437626903034, 3.500000000000000000 ) ) ;
#2161 = EDGE_CURVE ( 'NONE', #512, #109, #40, .T. ) ;
#2162 = AXIS2_PLACEMENT_3D ( 'NONE', #3079, #677, #2551 ) ;
#2163 = VERTEX_POINT ( 'NONE', #2408 ) ;
#2164 = DIRECTION ( 'NONE',  ( 1.000000000000000000, 0.000000000000000000, -0.000000000000000000 ) ) ;
#2165 = ORIENTED_EDGE ( 'NONE', *, *, #2031, .F. ) ;
#2166 = CARTESIAN_POINT ( 'NONE',  ( -1.199999999999999512, -2.499999999999998224, 3.199999999999981970 ) ) ;
#2167 = FACE_OUTER_BOUND ( 'NONE', #1032, .T. ) ;
#2168 = VECTOR ( 'NONE', #891, 999.9999999999998863 ) ;
#2169 = CARTESIAN_POINT ( 'NONE',  ( 28.30255681988242955, 18.61789321881345671, 3.207106781186545241 ) ) ;
#2170 = EDGE_CURVE ( 'NONE', #2618, #2364, #1636, .T. ) ;
#2171 = AXIS2_PLACEMENT_3D ( 'NONE', #2581, #432, #3367 ) ;
#2172 = CARTESIAN_POINT ( 'NONE',  ( 34.20000000000000284, 19.53210678118655252, 2.292893218813438772 ) ) ;
#2173 = LINE ( 'NONE', #1329, #545 ) ;
#2174 = DIRECTION ( 'NONE',  ( 1.690763621809753178E-17, -1.000000000000000000, 0.000000000000000000 ) ) ;
#2175 = ORIENTED_EDGE ( 'NONE', *, *, #595, .F. ) ;
#2176 = DIRECTION ( 'NONE',  ( 0.000000000000000000, 0.000000000000000000, 1.000000000000000000 ) ) ;
#2177 = CARTESIAN_POINT ( 'NONE',  ( 0.000000000000000000, 10.50000000000000000, 1.500000000000000000 ) ) ;
#2178 = ORIENTED_EDGE ( 'NONE', *, *, #1331, .T. ) ;
#2179 = ORIENTED_EDGE ( 'NONE', *, *, #3187, .T. ) ;
#2180 = CARTESIAN_POINT ( 'NONE',  ( 0.4999999999999995559, -2.499999999999998224, 3.500000000000000000 ) ) ;
#2181 = LINE ( 'NONE', #1426, #2460 ) ;
#2182 = EDGE_LOOP ( 'NONE', ( #1221, #3362, #1132, #2893 ) ) ;
#2183 = DIRECTION ( 'NONE',  ( 0.000000000000000000, 0.000000000000000000, 1.000000000000000000 ) ) ;
#2184 = CARTESIAN_POINT ( 'NONE',  ( 2.298916818019133501, 19.22826482066349740, 2.596735179336498334 ) ) ;
#2185 = CIRCLE ( 'NONE', #1682, 1.625000000000001332 ) ;
#2186 = AXIS2_PLACEMENT_3D ( 'NONE', #1908, #577, #2435 ) ;
#2187 = ADVANCED_FACE ( 'NONE', ( #2394 ), #300, .F. ) ;
#2188 = VECTOR ( 'NONE', #3224, 1000.000000000000000 ) ;
#2189 = VERTEX_POINT ( 'NONE', #2158 ) ;
#2190 = LINE ( 'NONE', #1924, #2569 ) ;
#2191 = EDGE_CURVE ( 'NONE', #741, #424, #1369, .T. ) ;
#2192 = CARTESIAN_POINT ( 'NONE',  ( -0.000000000000000000, 0.000000000000000000, 0.000000000000000000 ) ) ;
#2193 = EDGE_CURVE ( 'NONE', #3236, #458, #514, .T. ) ;
#2194 = ORIENTED_EDGE ( 'NONE', *, *, #2170, .F. ) ;
#2195 = ORIENTED_EDGE ( 'NONE', *, *, #2191, .F. ) ;
#2196 = DIRECTION ( 'NONE',  ( 0.000000000000000000, -1.000000000000000000, 1.734723475976805517E-15 ) ) ;
#2197 = FACE_OUTER_BOUND ( 'NONE', #3370, .T. ) ;
#2198 = EDGE_CURVE ( 'NONE', #1903, #3119, #2142, .T. ) ;
#2199 = LINE ( 'NONE', #2152, #2887 ) ;
#2200 = EDGE_CURVE ( 'NONE', #116, #457, #249, .T. ) ;
#2201 = ORIENTED_EDGE ( 'NONE', *, *, #592, .T. ) ;
#2202 = ORIENTED_EDGE ( 'NONE', *, *, #1401, .F. ) ;
#2203 = LINE ( 'NONE', #854, #2188 ) ;
#2204 = DIRECTION ( 'NONE',  ( 6.763054487239010248E-17, -1.000000000000000000, 0.000000000000000000 ) ) ;
#2205 = DIRECTION ( 'NONE',  ( -1.000000000000000000, 0.000000000000000000, 0.000000000000000000 ) ) ;
#2206 = EDGE_CURVE ( 'NONE', #642, #1374, #1152, .T. ) ;
#2207 = ORIENTED_EDGE ( 'NONE', *, *, #428, .T. ) ;
#2208 = DIRECTION ( 'NONE',  ( -1.000000000000000000, -2.705221794895604099E-16, -0.000000000000000000 ) ) ;
#2209 = EDGE_LOOP ( 'NONE', ( #3211, #56, #57, #1308, #1229, #1593 ) ) ;
#2210 = ORIENTED_EDGE ( 'NONE', *, *, #1838, .F. ) ;
#2211 = LINE ( 'NONE', #2180, #1651 ) ;
#2212 = FACE_OUTER_BOUND ( 'NONE', #1565, .T. ) ;
#2213 = DIRECTION ( 'NONE',  ( -0.000000000000000000, -0.000000000000000000, -1.000000000000000000 ) ) ;
#2214 = ORIENTED_EDGE ( 'NONE', *, *, #1225, .F. ) ;
#2215 = CARTESIAN_POINT ( 'NONE',  ( 34.20000000000000284, 17.94395290781938712, 3.500000000000000000 ) ) ;
#2216 = LINE ( 'NONE', #2271, #467 ) ;
#2217 = CYLINDRICAL_SURFACE ( 'NONE', #3009, 1.000000000000000888 ) ;
#2218 = CIRCLE ( 'NONE', #1048, 1.000000000000000000 ) ;
#2219 = FACE_OUTER_BOUND ( 'NONE', #1480, .T. ) ;
#2220 = CARTESIAN_POINT ( 'NONE',  ( 12.00000000000000355, 1.623133076937362953E-15, 0.000000000000000000 ) ) ;
#2221 = EDGE_LOOP ( 'NONE', ( #2509, #1360, #3357, #813, #1242, #316, #3444, #29, #238, #2798, #809, #968, #3443, #2300, #158, #1851, #2282, #2518 ) ) ;
#2222 = AXIS2_PLACEMENT_3D ( 'NONE', #1194, #2790, #2598 ) ;
#2223 = CARTESIAN_POINT ( 'NONE',  ( 27.24999999999998934, 16.50000000000000000, 3.500000000000000000 ) ) ;
#2224 = CARTESIAN_POINT ( 'NONE',  ( 34.20000000000000284, -1.287534299768980040, 3.407791275442692669 ) ) ;
#2225 = ORIENTED_EDGE ( 'NONE', *, *, #3420, .F. ) ;
#2226 = ORIENTED_EDGE ( 'NONE', *, *, #2347, .F. ) ;
#2227 =( NAMED_UNIT ( * ) SI_UNIT ( $, .STERADIAN. ) SOLID_ANGLE_UNIT ( ) );
#2228 = FACE_OUTER_BOUND ( 'NONE', #1552, .T. ) ;
#2229 = CARTESIAN_POINT ( 'NONE',  ( 0.000000000000000000, -3.910786437626903034, 2.500000000000000000 ) ) ;
#2230 = CARTESIAN_POINT ( 'NONE',  ( 21.00000000000000000, 17.91078643762690348, 2.500000000000000000 ) ) ;
#2231 = ORIENTED_EDGE ( 'NONE', *, *, #243, .T. ) ;
#2232 = VERTEX_POINT ( 'NONE', #3196 ) ;
#2233 = CARTESIAN_POINT ( 'NONE',  ( 28.14776228033173666, -4.544828969714991729, 3.280171030285007117 ) ) ;
#2234 = FACE_OUTER_BOUND ( 'NONE', #2984, .T. ) ;
#2235 = LINE ( 'NONE', #327, #2402 ) ;
#2236 = DIRECTION ( 'NONE',  ( -1.000000000000000000, -9.800697604388740006E-17, 0.000000000000000000 ) ) ;
#2237 = DIRECTION ( 'NONE',  ( 1.000000000000000000, -0.000000000000000000, -0.000000000000000000 ) ) ;
#2238 = CIRCLE ( 'NONE', #2020, 1.000000000000000000 ) ;
#2239 = CARTESIAN_POINT ( 'NONE',  ( 34.20000000000000284, 16.50000000000000000, 3.199999999999992184 ) ) ;
#2240 = FACE_OUTER_BOUND ( 'NONE', #2033, .T. ) ;
#2241 = EDGE_CURVE ( 'NONE', #847, #2141, #3104, .T. ) ;
#2242 = ORIENTED_EDGE ( 'NONE', *, *, #2391, .T. ) ;
#2243 = ADVANCED_FACE ( 'NONE', ( #73 ), #620, .T. ) ;
#2244 = CIRCLE ( 'NONE', #345, 1.000000000000000888 ) ;
#2245 = ORIENTED_EDGE ( 'NONE', *, *, #2198, .F. ) ;
#2246 = VERTEX_POINT ( 'NONE', #2441 ) ;
#2247 = CARTESIAN_POINT ( 'NONE',  ( 17.00000000000000355, 15.60000000000000142, 0.000000000000000000 ) ) ;
#2248 = CARTESIAN_POINT ( 'NONE',  ( 21.00000000000000355, -3.910786437626903034, 2.500000000000000000 ) ) ;
#2249 = FACE_OUTER_BOUND ( 'NONE', #530, .T. ) ;
#2250 = CARTESIAN_POINT ( 'NONE',  ( -1.199999999999999956, 19.82499999999999929, 0.000000000000000000 ) ) ;
#2251 = ORIENTED_EDGE ( 'NONE', *, *, #1543, .F. ) ;
#2252 = VERTEX_POINT ( 'NONE', #1704 ) ;
#2253 = LINE ( 'NONE', #3274, #2257 ) ;
#2254 = FACE_OUTER_BOUND ( 'NONE', #1442, .T. ) ;
#2255 = CARTESIAN_POINT ( 'NONE',  ( 24.00000000000000355, -5.825000000000009059, 1.585786437626895751 ) ) ;
#2256 = DIRECTION ( 'NONE',  ( -1.000000000000000000, 0.000000000000000000, 0.000000000000000000 ) ) ;
#2257 = VECTOR ( 'NONE', #886, 1000.000000000000000 ) ;
#2258 = PLANE ( 'NONE',  #495 ) ;
#2259 = FACE_OUTER_BOUND ( 'NONE', #14, .T. ) ;
#2260 = CARTESIAN_POINT ( 'NONE',  ( -1.199999999999999512, -2.028916346171703013E-17, 3.500000000000000000 ) ) ;
#2261 = ORIENTED_EDGE ( 'NONE', *, *, #2732, .T. ) ;
#2262 = VERTEX_POINT ( 'NONE', #1162 ) ;
#2263 = ORIENTED_EDGE ( 'NONE', *, *, #2374, .F. ) ;
#2264 = CARTESIAN_POINT ( 'NONE',  ( 3.557201480155089079, -5.042468988552597509, 2.782531011447402225 ) ) ;
#2265 = AXIS2_PLACEMENT_3D ( 'NONE', #902, #1708, #2504 ) ;
#2266 = CARTESIAN_POINT ( 'NONE',  ( 16.00000000000000000, 15.60000000000000142, 0.000000000000000000 ) ) ;
#2267 = LINE ( 'NONE', #926, #2838 ) ;
#2268 = CARTESIAN_POINT ( 'NONE',  ( 11.00000000000000355, -2.599999999999984990, 0.000000000000000000 ) ) ;
#2269 = ORIENTED_EDGE ( 'NONE', *, *, #2024, .T. ) ;
#2270 = VERTEX_POINT ( 'NONE', #1685 ) ;
#2271 = CARTESIAN_POINT ( 'NONE',  ( 34.20000000000000284, 0.000000000000000000, 1.500000000000000000 ) ) ;
#2272 = CARTESIAN_POINT ( 'NONE',  ( 16.00000000000000355, -1.599999999999985212, 0.000000000000000000 ) ) ;
#2273 = VECTOR ( 'NONE', #3417, 1000.000000000000000 ) ;
#2274 = CYLINDRICAL_SURFACE ( 'NONE', #2071, 1.000000000000000000 ) ;
#2275 = EDGE_CURVE ( 'NONE', #95, #637, #353, .T. ) ;
#2276 = AXIS2_PLACEMENT_3D ( 'NONE', #2595, #473, #2305 ) ;
#2277 = DIRECTION ( 'NONE',  ( 0.000000000000000000, -0.000000000000000000, -1.000000000000000000 ) ) ;
#2278 = CARTESIAN_POINT ( 'NONE',  ( 34.20000000000000284, 17.47723947588824700, 3.332685865621533683 ) ) ;
#2279 = DIRECTION ( 'NONE',  ( -1.000000000000000000, 0.000000000000000000, 0.000000000000000000 ) ) ;
#2280 = CIRCLE ( 'NONE', #773, 1.000000000000000888 ) ;
#2281 = ORIENTED_EDGE ( 'NONE', *, *, #3288, .T. ) ;
#2282 = ORIENTED_EDGE ( 'NONE', *, *, #1797, .T. ) ;
#2283 = ORIENTED_EDGE ( 'NONE', *, *, #2498, .F. ) ;
#2284 = FACE_OUTER_BOUND ( 'NONE', #1404, .T. ) ;
#2285 = CIRCLE ( 'NONE', #104, 1.000000000000000888 ) ;
#2286 = CARTESIAN_POINT ( 'NONE',  ( -1.199999999999999512, -2.499999999999998224, 3.199999999999981970 ) ) ;
#2287 = EDGE_LOOP ( 'NONE', ( #718, #3101, #1428, #289, #1571, #185, #669 ) ) ;
#2288 = ORIENTED_EDGE ( 'NONE', *, *, #583, .F. ) ;
#2289 = LINE ( 'NONE', #2772, #1618 ) ;
#2290 = CARTESIAN_POINT ( 'NONE',  ( 0.000000000000000000, 0.000000000000000000, 0.000000000000000000 ) ) ;
#2291 = CARTESIAN_POINT ( 'NONE',  ( 10.00000000000000178, -2.599999999999984990, -0.5000000000000000000 ) ) ;
#2292 = ADVANCED_FACE ( 'NONE', ( #2736 ), #54, .F. ) ;
#2293 = VERTEX_POINT ( 'NONE', #315 ) ;
#2294 = CARTESIAN_POINT ( 'NONE',  ( 12.00000000000000178, 16.60000000000000142, 3.500000000000000000 ) ) ;
#2295 = CARTESIAN_POINT ( 'NONE',  ( -0.000000000000000000, 12.00000000000000000, 0.000000000000000000 ) ) ;
#2296 = CARTESIAN_POINT ( 'NONE',  ( 21.00000000000000355, -5.825000000000009059, 0.000000000000000000 ) ) ;
#2297 = EDGE_LOOP ( 'NONE', ( #2584, #3198, #1953, #3059 ) ) ;
#2298 = EDGE_CURVE ( 'NONE', #2157, #2163, #302, .T. ) ;
#2299 = CONICAL_SURFACE ( 'NONE', #55, 1.625000000000001332, 0.7853981633974492782 ) ;
#2300 = ORIENTED_EDGE ( 'NONE', *, *, #2654, .T. ) ;
#2301 = ORIENTED_EDGE ( 'NONE', *, *, #33, .T. ) ;
#2302 = EDGE_CURVE ( 'NONE', #2427, #1531, #604, .T. ) ;
#2303 = DIRECTION ( 'NONE',  ( 1.000000000000000000, -0.000000000000000000, 0.000000000000000000 ) ) ;
#2304 = AXIS2_PLACEMENT_3D ( 'NONE', #2534, #2279, #957 ) ;
#2305 = DIRECTION ( 'NONE',  ( 1.000000000000000000, 0.000000000000000000, 0.000000000000000000 ) ) ;
#2306 = VERTEX_POINT ( 'NONE', #2474 ) ;
#2307 = ORIENTED_EDGE ( 'NONE', *, *, #2606, .F. ) ;
#2308 = LINE ( 'NONE', #988, #1170 ) ;
#2309 = DIRECTION ( 'NONE',  ( -1.000000000000000000, -2.705221794895604099E-16, -0.000000000000000000 ) ) ;
#2310 = DIRECTION ( 'NONE',  ( 1.000000000000000000, 0.000000000000000000, 0.000000000000000000 ) ) ;
#2311 = DIRECTION ( 'NONE',  ( 1.000000000000000000, 9.800697604388740006E-17, 0.000000000000000000 ) ) ;
#2312 = DIRECTION ( 'NONE',  ( 1.000000000000000000, 9.800697604388740006E-17, 0.000000000000000000 ) ) ;
#2313 = VECTOR ( 'NONE', #2706, 1000.000000000000000 ) ;
#2314 = AXIS2_PLACEMENT_3D ( 'NONE', #3021, #2473, #661 ) ;
#2315 = CARTESIAN_POINT ( 'NONE',  ( -1.199999999999999512, 17.47476958184749662, 3.331971625163198336 ) ) ;
#2316 = ORIENTED_EDGE ( 'NONE', *, *, #1218, .T. ) ;
#2317 = EDGE_CURVE ( 'NONE', #1423, #44, #1112, .T. ) ;
#2318 = VERTEX_POINT ( 'NONE', #1403 ) ;
#2319 = DIRECTION ( 'NONE',  ( -0.000000000000000000, -0.000000000000000000, 1.000000000000000000 ) ) ;
#2320 = CARTESIAN_POINT ( 'NONE',  ( 0.000000000000000000, 0.000000000000000000, 3.500000000000000000 ) ) ;
#2321 = PLANE ( 'NONE',  #1724 ) ;
#2322 = DIRECTION ( 'NONE',  ( -0.000000000000000000, -0.000000000000000000, -1.000000000000000000 ) ) ;
#2323 = ORIENTED_EDGE ( 'NONE', *, *, #757, .F. ) ;
#2324 = ORIENTED_EDGE ( 'NONE', *, *, #2547, .F. ) ;
#2325 = CARTESIAN_POINT ( 'NONE',  ( 21.00000000000000355, 2.840482884640384575E-15, 0.000000000000000000 ) ) ;
#2326 = DIRECTION ( 'NONE',  ( 0.000000000000000000, 0.000000000000000000, 1.000000000000000000 ) ) ;
#2327 = CARTESIAN_POINT ( 'NONE',  ( 24.00000000000000355, -5.825000000000009059, 0.000000000000000000 ) ) ;
#2328 = DIRECTION ( 'NONE',  ( 0.000000000000000000, 0.000000000000000000, -1.000000000000000000 ) ) ;
#2329 = AXIS2_PLACEMENT_3D ( 'NONE', #1022, #1049, #2084 ) ;
#2330 = VERTEX_POINT ( 'NONE', #2456 ) ;
#2331 = ORIENTED_EDGE ( 'NONE', *, *, #529, .T. ) ;
#2332 = VECTOR ( 'NONE', #2814, 1000.000000000000000 ) ;
#2333 = PRODUCT ( 'Part5^enclosure', 'Part5^enclosure', '', ( #1671 ) ) ;
#2334 = EDGE_LOOP ( 'NONE', ( #2558, #2438, #662, #1039, #3004, #632, #2644 ) ) ;
#2335 = CIRCLE ( 'NONE', #2776, 1.000000000000000000 ) ;
#2336 = CARTESIAN_POINT ( 'NONE',  ( 11.00000000000000355, -2.599999999999984990, 3.500000000000000000 ) ) ;
#2337 = DIRECTION ( 'NONE',  ( 0.000000000000000000, -1.000000000000000000, 0.000000000000000000 ) ) ;
#2338 = CARTESIAN_POINT ( 'NONE',  ( 33.00000000000000000, 8.596908458320688689E-25, 1.500000000000000000 ) ) ;
#2339 = ORIENTED_EDGE ( 'NONE', *, *, #1015, .F. ) ;
#2340 = ORIENTED_EDGE ( 'NONE', *, *, #2902, .T. ) ;
#2341 = DIRECTION ( 'NONE',  ( 0.000000000000000000, 0.000000000000000000, -1.000000000000000000 ) ) ;
#2342 = DIRECTION ( 'NONE',  ( 0.000000000000000000, 0.000000000000000000, -1.000000000000000000 ) ) ;
#2343 = CARTESIAN_POINT ( 'NONE',  ( 0.000000000000000000, -4.825000000000009059, 1.585786437626895751 ) ) ;
#2344 = AXIS2_PLACEMENT_3D ( 'NONE', #2676, #1084, #255 ) ;
#2345 = CARTESIAN_POINT ( 'NONE',  ( 0.000000000000000000, -1.599999999999985212, 0.000000000000000000 ) ) ;
#2346 = ORIENTED_EDGE ( 'NONE', *, *, #643, .T. ) ;
#2347 = EDGE_CURVE ( 'NONE', #1344, #2464, #43, .T. ) ;
#2348 = EDGE_CURVE ( 'NONE', #1388, #2097, #1387, .T. ) ;
#2349 = CARTESIAN_POINT ( 'NONE',  ( 18.00000000000000355, 19.53210678118655252, 2.292893218813440104 ) ) ;
#2350 = LINE ( 'NONE', #2380, #3442 ) ;
#2351 = AXIS2_PLACEMENT_3D ( 'NONE', #99, #652, #1715 ) ;
#2352 = ORIENTED_EDGE ( 'NONE', *, *, #2038, .F. ) ;
#2353 = ORIENTED_EDGE ( 'NONE', *, *, #84, .F. ) ;
#2354 = CARTESIAN_POINT ( 'NONE',  ( 15.00000000000000533, 2.028916346171703888E-15, 3.500000000000000000 ) ) ;
#2355 = CARTESIAN_POINT ( 'NONE',  ( 2.124999999999999112, -2.499999999999998224, 3.500000000000000000 ) ) ;
#2356 = CIRCLE ( 'NONE', #236, 1.625000000000000666 ) ;
#2357 = LINE ( 'NONE', #463, #1350 ) ;
#2358 = DIRECTION ( 'NONE',  ( 1.000000000000000000, 0.000000000000000000, 0.000000000000000000 ) ) ;
#2359 = ORIENTED_EDGE ( 'NONE', *, *, #1631, .F. ) ;
#2360 = VECTOR ( 'NONE', #1968, 1000.000000000000000 ) ;
#2361 = VERTEX_POINT ( 'NONE', #1942 ) ;
#2362 = CARTESIAN_POINT ( 'NONE',  ( 34.20000000000000284, 18.32499999999999929, 3.500000000000001776 ) ) ;
#2363 = DIRECTION ( 'NONE',  ( 0.000000000000000000, -1.000000000000000000, 0.000000000000000000 ) ) ;
#2364 = VERTEX_POINT ( 'NONE', #3229 ) ;
#2365 = ORIENTED_EDGE ( 'NONE', *, *, #3060, .F. ) ;
#2366 = CARTESIAN_POINT ( 'NONE',  ( 29.43701669997989256, -5.040987238781026392, 2.784012761218974674 ) ) ;
#2367 = FACE_OUTER_BOUND ( 'NONE', #2126, .T. ) ;
#2368 = CARTESIAN_POINT ( 'NONE',  ( 34.20000000000000284, 0.000000000000000000, 3.500000000000000000 ) ) ;
#2369 = PRODUCT_RELATED_PRODUCT_CATEGORY ( 'part', '', ( #2333 ) ) ;
#2370 = FACE_OUTER_BOUND ( 'NONE', #1066, .T. ) ;
#2371 = EDGE_CURVE ( 'NONE', #232, #3402, #335, .T. ) ;
#2372 = DIRECTION ( 'NONE',  ( -1.000000000000000000, 0.000000000000000000, 0.000000000000000000 ) ) ;
#2373 = AXIS2_PLACEMENT_3D ( 'NONE', #1637, #1916, #606 ) ;
#2374 = EDGE_CURVE ( 'NONE', #2189, #3282, #1257, .T. ) ;
#2375 = ORIENTED_EDGE ( 'NONE', *, *, #853, .T. ) ;
#2376 = EDGE_CURVE ( 'NONE', #2983, #168, #1126, .T. ) ;
#2377 = ORIENTED_EDGE ( 'NONE', *, *, #3404, .F. ) ;
#2378 = VECTOR ( 'NONE', #791, 1000.000000000000000 ) ;
#2379 = DIRECTION ( 'NONE',  ( 1.000000000000000000, 0.000000000000000000, 0.000000000000000000 ) ) ;
#2380 = CARTESIAN_POINT ( 'NONE',  ( 33.00000000000000000, 0.000000000000000000, 0.000000000000000000 ) ) ;
#2381 = ORIENTED_EDGE ( 'NONE', *, *, #276, .T. ) ;
#2382 = VERTEX_POINT ( 'NONE', #860 ) ;
#2383 = CARTESIAN_POINT ( 'NONE',  ( 29.93524104241943817, -5.149670639953853879, 2.675329360046146299 ) ) ;
#2384 = CARTESIAN_POINT ( 'NONE',  ( 12.00000000000000355, -5.825000000000009059, -0.5000000000000000000 ) ) ;
#2385 = ORIENTED_EDGE ( 'NONE', *, *, #1059, .F. ) ;
#2386 = CARTESIAN_POINT ( 'NONE',  ( 2.125000000000000000, 16.50000000000000000, 1.500000000000000000 ) ) ;
#2387 = VECTOR ( 'NONE', #3122, 1000.000000000000000 ) ;
#2388 = EDGE_CURVE ( 'NONE', #3439, #1302, #1927, .T. ) ;
#2389 = VERTEX_POINT ( 'NONE', #2215 ) ;
#2390 = AXIS2_PLACEMENT_3D ( 'NONE', #3213, #484, #3186 ) ;
#2391 = EDGE_CURVE ( 'NONE', #116, #2636, #2253, .T. ) ;
#2392 = ORIENTED_EDGE ( 'NONE', *, *, #2153, .T. ) ;
#2393 = EDGE_CURVE ( 'NONE', #1837, #723, #2461, .T. ) ;
#2394 = FACE_OUTER_BOUND ( 'NONE', #1742, .T. ) ;
#2395 = DIRECTION ( 'NONE',  ( 1.352610897447802050E-16, -1.000000000000000000, 0.000000000000000000 ) ) ;
#2396 = AXIS2_PLACEMENT_3D ( 'NONE', #2674, #290, #2415 ) ;
#2397 = ORIENTED_EDGE ( 'NONE', *, *, #894, .T. ) ;
#2398 = EDGE_CURVE ( 'NONE', #1046, #1283, #812, .T. ) ;
#2399 = DIRECTION ( 'NONE',  ( -1.000000000000000000, -0.000000000000000000, 0.000000000000000000 ) ) ;
#2400 = VERTEX_POINT ( 'NONE', #377 ) ;
#2401 = CARTESIAN_POINT ( 'NONE',  ( 30.18792197993265702, -5.187730036620395779, 2.637269963379605731 ) ) ;
#2402 = VECTOR ( 'NONE', #1678, 1000.000000000000000 ) ;
#2403 = ORIENTED_EDGE ( 'NONE', *, *, #2489, .T. ) ;
#2404 = DIRECTION ( 'NONE',  ( 1.000000000000000000, 0.000000000000000000, 0.000000000000000000 ) ) ;
#2405 = DIRECTION ( 'NONE',  ( -1.000000000000000000, -9.800697604388740006E-17, 0.000000000000000000 ) ) ;
#2406 = CARTESIAN_POINT ( 'NONE',  ( 34.20000000000000284, 19.82500000000000284, 0.000000000000000000 ) ) ;
#2407 = EDGE_LOOP ( 'NONE', ( #3050, #1240, #753, #3088, #1984, #1063, #1654, #2819, #2542, #2686, #1915, #419, #2111, #1723, #1256, #474, #337, #1702 ) ) ;
#2408 = CARTESIAN_POINT ( 'NONE',  ( 15.00000000000000178, 19.82499999999999929, 1.585786437626895751 ) ) ;
#2409 = CARTESIAN_POINT ( 'NONE',  ( 23.00000000000000000, 15.60000000000000142, 0.000000000000000000 ) ) ;
#2410 = EDGE_CURVE ( 'NONE', #1897, #642, #2527, .T. ) ;
#2411 = CIRCLE ( 'NONE', #1034, 1.000000000000000888 ) ;
#2412 = VERTEX_POINT ( 'NONE', #2406 ) ;
#2413 = CARTESIAN_POINT ( 'NONE',  ( 24.00000000000000000, 16.60000000000000142, 3.500000000000000000 ) ) ;
#2414 = VERTEX_POINT ( 'NONE', #137 ) ;
#2415 = DIRECTION ( 'NONE',  ( 1.000000000000000000, 0.000000000000000000, 0.000000000000000000 ) ) ;
#2416 = DIRECTION ( 'NONE',  ( 1.000000000000000000, 0.000000000000000000, 0.000000000000000000 ) ) ;
#2417 = ORIENTED_EDGE ( 'NONE', *, *, #3398, .T. ) ;
#2418 = FACE_OUTER_BOUND ( 'NONE', #558, .T. ) ;
#2419 = CARTESIAN_POINT ( 'NONE',  ( 34.20000000000000995, 15.28765317283603054, 3.407743924515576062 ) ) ;
#2420 = DIRECTION ( 'NONE',  ( 1.000000000000000000, 2.605123775248693438E-26, 0.000000000000000000 ) ) ;
#2421 = CARTESIAN_POINT ( 'NONE',  ( 0.000000000000000000, -1.599999999999985212, 3.500000000000000000 ) ) ;
#2422 = EDGE_LOOP ( 'NONE', ( #287, #3397, #1291, #1379 ) ) ;
#2423 = CARTESIAN_POINT ( 'NONE',  ( 15.00000000000000533, 2.028916346171703888E-15, -0.5000000000000000000 ) ) ;
#2424 = FACE_OUTER_BOUND ( 'NONE', #264, .T. ) ;
#2425 = DIRECTION ( 'NONE',  ( -1.000000000000000000, 0.000000000000000000, -0.000000000000000000 ) ) ;
#2426 = VERTEX_POINT ( 'NONE', #1991 ) ;
#2427 = VERTEX_POINT ( 'NONE', #3051 ) ;
#2428 = CARTESIAN_POINT ( 'NONE',  ( 29.19669805332760859, -4.971436316001823563, 2.853563683998175282 ) ) ;
#2429 = CARTESIAN_POINT ( 'NONE',  ( 2.125000000000000000, 16.50000000000000000, 1.499999999999964917 ) ) ;
#2430 = DIRECTION ( 'NONE',  ( -1.912880675784327431E-16, 0.7071067811865483499, 0.7071067811865466846 ) ) ;
#2431 = VECTOR ( 'NONE', #2885, 1000.000000000000000 ) ;
#2432 = VERTEX_POINT ( 'NONE', #1365 ) ;
#2433 = ADVANCED_FACE ( 'NONE', ( #1089 ), #3294, .T. ) ;
#2434 = DIRECTION ( 'NONE',  ( -1.000000000000000000, -2.705221794895604099E-16, -0.000000000000000000 ) ) ;
#2435 = DIRECTION ( 'NONE',  ( 6.763054487239010248E-17, -1.000000000000000000, 0.000000000000000000 ) ) ;
#2436 = EDGE_CURVE ( 'NONE', #457, #1962, #1107, .T. ) ;
#2437 = EDGE_CURVE ( 'NONE', #1639, #3039, #133, .T. ) ;
#2438 = ORIENTED_EDGE ( 'NONE', *, *, #3110, .T. ) ;
#2439 = CYLINDRICAL_SURFACE ( 'NONE', #1239, 0.9999999999999991118 ) ;
#2440 = EDGE_CURVE ( 'NONE', #108, #3189, #1733, .T. ) ;
#2441 = CARTESIAN_POINT ( 'NONE',  ( 32.50000000000000000, -2.500000000000002220, 0.000000000000000000 ) ) ;
#2442 = ORIENTED_EDGE ( 'NONE', *, *, #1398, .F. ) ;
#2443 = ORIENTED_EDGE ( 'NONE', *, *, #1140, .T. ) ;
#2444 = FILL_AREA_STYLE ('',( #714 ) ) ;
#2445 = CARTESIAN_POINT ( 'NONE',  ( 30.87500000000000000, 16.50000000000000000, 3.500000000000000000 ) ) ;
#2446 = PLANE ( 'NONE',  #1591 ) ;
#2447 = DIRECTION ( 'NONE',  ( -1.000000000000000000, 0.000000000000000000, 0.000000000000000000 ) ) ;
#2448 = ORIENTED_EDGE ( 'NONE', *, *, #1770, .T. ) ;
#2449 = CARTESIAN_POINT ( 'NONE',  ( -1.914282721390400794E-15, 19.53210678118654897, 2.292893218813440104 ) ) ;
#2450 = CARTESIAN_POINT ( 'NONE',  ( 2.124999999999999112, -2.499999999999998224, 1.499999999999964917 ) ) ;
#2451 = AXIS2_PLACEMENT_3D ( 'NONE', #871, #1399, #2667 ) ;
#2452 = ADVANCED_FACE ( 'NONE', ( #629 ), #564, .F. ) ;
#2453 = LINE ( 'NONE', #616, #2131 ) ;
#2454 = ORIENTED_EDGE ( 'NONE', *, *, #1831, .T. ) ;
#2455 = LINE ( 'NONE', #2683, #1925 ) ;
#2456 = CARTESIAN_POINT ( 'NONE',  ( 4.697443180117986117, 18.61789321881429871, 3.207106781185700140 ) ) ;
#2457 = EDGE_LOOP ( 'NONE', ( #1691, #2849, #2324, #2609 ) ) ;
#2458 = ORIENTED_EDGE ( 'NONE', *, *, #1842, .T. ) ;
#2459 = CARTESIAN_POINT ( 'NONE',  ( 18.00000000000000711, 16.60000000000000142, 3.500000000000000000 ) ) ;
#2460 = VECTOR ( 'NONE', #1407, 1000.000000000000000 ) ;
#2461 = CIRCLE ( 'NONE', #639, 1.000000000000000000 ) ;
#2462 = DIRECTION ( 'NONE',  ( 1.352610897447801803E-16, -1.000000000000000000, 0.000000000000000000 ) ) ;
#2463 = CARTESIAN_POINT ( 'NONE',  ( 10.00000000000000000, 16.60000000000000142, 3.500000000000000000 ) ) ;
#2464 = VERTEX_POINT ( 'NONE', #2748 ) ;
#2465 = CYLINDRICAL_SURFACE ( 'NONE', #2129, 1.000000000000000888 ) ;
#2466 = ADVANCED_FACE ( 'NONE', ( #1633 ), #1713, .T. ) ;
#2467 = DIRECTION ( 'NONE',  ( 1.000000000000000000, 0.000000000000000000, 0.000000000000000000 ) ) ;
#2468 = CARTESIAN_POINT ( 'NONE',  ( 30.87500000000000000, -2.500000000000002220, 1.499999999999994893 ) ) ;
#2469 = ORIENTED_EDGE ( 'NONE', *, *, #274, .F. ) ;
#2470 = EDGE_CURVE ( 'NONE', #949, #2655, #654, .T. ) ;
#2471 = ADVANCED_FACE ( 'NONE', ( #2771 ), #3219, .F. ) ;
#2472 = EDGE_CURVE ( 'NONE', #2082, #3119, #477, .T. ) ;
#2473 = DIRECTION ( 'NONE',  ( 0.000000000000000000, 0.000000000000000000, -1.000000000000000000 ) ) ;
#2474 = CARTESIAN_POINT ( 'NONE',  ( 21.00000000000000000, 16.60000000000000142, 0.000000000000000000 ) ) ;
#2475 = ORIENTED_EDGE ( 'NONE', *, *, #487, .T. ) ;
#2476 = VECTOR ( 'NONE', #1304, 1000.000000000000000 ) ;
#2477 = EDGE_LOOP ( 'NONE', ( #1871, #1749, #1507, #2323 ) ) ;
#2478 = FACE_OUTER_BOUND ( 'NONE', #610, .T. ) ;
#2479 = CARTESIAN_POINT ( 'NONE',  ( 0.000000000000000000, -3.910786437626903034, 2.500000000000000000 ) ) ;
#2480 = CARTESIAN_POINT ( 'NONE',  ( 33.00000000000000000, 0.000000000000000000, 1.500000000000000000 ) ) ;
#2481 = VERTEX_POINT ( 'NONE', #2413 ) ;
#2482 = ORIENTED_EDGE ( 'NONE', *, *, #542, .T. ) ;
#2483 = CARTESIAN_POINT ( 'NONE',  ( 27.53579251507066061, -3.910786437626903034, 3.500000000000000000 ) ) ;
#2484 = DIRECTION ( 'NONE',  ( -1.000000000000000000, -1.352610897447802050E-16, 0.000000000000000000 ) ) ;
#2485 = DIRECTION ( 'NONE',  ( 1.000000000000000000, 9.800697604388740006E-17, 0.000000000000000000 ) ) ;
#2486 = LINE ( 'NONE', #438, #2665 ) ;
#2487 = AXIS2_PLACEMENT_3D ( 'NONE', #655, #869, #2996 ) ;
#2488 = EDGE_CURVE ( 'NONE', #603, #2157, #2411, .T. ) ;
#2489 = EDGE_CURVE ( 'NONE', #2432, #1094, #269, .T. ) ;
#2490 = EDGE_CURVE ( 'NONE', #2747, #481, #572, .T. ) ;
#2491 = PLANE ( 'NONE',  #1001 ) ;
#2492 = CARTESIAN_POINT ( 'NONE',  ( 18.00000000000001066, -4.617893218813449607, 3.207106781186547906 ) ) ;
#2493 = DIRECTION ( 'NONE',  ( -0.000000000000000000, 0.000000000000000000, 1.000000000000000000 ) ) ;
#2494 = ORIENTED_EDGE ( 'NONE', *, *, #3376, .T. ) ;
#2495 = VECTOR ( 'NONE', #1853, 1000.000000000000000 ) ;
#2496 = VECTOR ( 'NONE', #1269, 1000.000000000000114 ) ;
#2497 = CARTESIAN_POINT ( 'NONE',  ( 0.000000000000000000, 3.500000000000000000, 0.000000000000000000 ) ) ;
#2498 = EDGE_CURVE ( 'NONE', #44, #2427, #2091, .T. ) ;
#2499 = ADVANCED_FACE ( 'NONE', ( #1640 ), #1608, .T. ) ;
#2500 = ORIENTED_EDGE ( 'NONE', *, *, #1271, .F. ) ;
#2501 = ORIENTED_EDGE ( 'NONE', *, *, #1220, .F. ) ;
#2502 = CARTESIAN_POINT ( 'NONE',  ( 0.5182448156035309728, -4.993079973986233711, 2.831920026013766467 ) ) ;
#2503 = SHAPE_DEFINITION_REPRESENTATION ( #1252, #2612 ) ;
#2504 = DIRECTION ( 'NONE',  ( 0.000000000000000000, -0.000000000000000000, -1.000000000000000000 ) ) ;
#2505 = EDGE_CURVE ( 'NONE', #2964, #1441, #3061, .T. ) ;
#2506 = CARTESIAN_POINT ( 'NONE',  ( -1.199999999999999512, -4.825000000000009059, 1.585786437626895751 ) ) ;
#2507 = DIRECTION ( 'NONE',  ( -0.000000000000000000, -0.000000000000000000, -1.000000000000000000 ) ) ;
#2508 = ORIENTED_EDGE ( 'NONE', *, *, #2857, .F. ) ;
#2509 = ORIENTED_EDGE ( 'NONE', *, *, #1985, .T. ) ;
#2510 = CARTESIAN_POINT ( 'NONE',  ( 27.60918265195351395, 18.08449444038697251, 3.500000000000530243 ) ) ;
#2511 = DIRECTION ( 'NONE',  ( -1.000000000000000000, -1.690763621809753178E-17, 0.000000000000000000 ) ) ;
#2512 = CARTESIAN_POINT ( 'NONE',  ( -1.755382017319682934E-15, 17.91078643762689993, 2.500000000000000000 ) ) ;
#2513 = SURFACE_SIDE_STYLE ('',( #2820 ) ) ;
#2514 = DIRECTION ( 'NONE',  ( 0.000000000000000000, 0.000000000000000000, 1.000000000000000000 ) ) ;
#2515 = VECTOR ( 'NONE', #2727, 1000.000000000000000 ) ;
#2516 = CARTESIAN_POINT ( 'NONE',  ( 22.00000000000000711, -1.599999999999985212, 3.500000000000000000 ) ) ;
#2517 = EDGE_CURVE ( 'NONE', #259, #1389, #3024, .T. ) ;
#2518 = ORIENTED_EDGE ( 'NONE', *, *, #1418, .T. ) ;
#2519 = VECTOR ( 'NONE', #326, 1000.000000000000000 ) ;
#2520 = VERTEX_POINT ( 'NONE', #2247 ) ;
#2521 = CARTESIAN_POINT ( 'NONE',  ( 2.293713551592789557, -5.228461006244176978, 2.596538993755821867 ) ) ;
#2522 = CARTESIAN_POINT ( 'NONE',  ( 12.00000000000000000, 19.53210678118654897, 2.292893218813441880 ) ) ;
#2523 = LINE ( 'NONE', #2539, #2728 ) ;
#2524 = DIRECTION ( 'NONE',  ( 0.000000000000000000, 0.000000000000000000, 1.000000000000000000 ) ) ;
#2525 = ORIENTED_EDGE ( 'NONE', *, *, #796, .F. ) ;
#2526 = ORIENTED_EDGE ( 'NONE', *, *, #1286, .T. ) ;
#2527 = LINE ( 'NONE', #2156, #1976 ) ;
#2528 = CARTESIAN_POINT ( 'NONE',  ( 5.464207484929336722, 17.91078643762689993, 3.500000000000000000 ) ) ;
#2529 = DIRECTION ( 'NONE',  ( 0.000000000000000000, 0.000000000000000000, 1.000000000000000000 ) ) ;
#2530 = DIRECTION ( 'NONE',  ( -0.000000000000000000, 0.000000000000000000, 1.000000000000000000 ) ) ;
#2531 = CIRCLE ( 'NONE', #3372, 1.000000000000000888 ) ;
#2532 = DIRECTION ( 'NONE',  ( -0.000000000000000000, -0.000000000000000000, 1.000000000000000000 ) ) ;
#2533 = DIRECTION ( 'NONE',  ( 1.352610897447802050E-16, -1.000000000000000000, 0.000000000000000000 ) ) ;
#2534 = CARTESIAN_POINT ( 'NONE',  ( 0.000000000000000000, 0.000000000000000000, 1.500000000000000000 ) ) ;
#2535 = ORIENTED_EDGE ( 'NONE', *, *, #2298, .T. ) ;
#2536 = ORIENTED_EDGE ( 'NONE', *, *, #334, .F. ) ;
#2537 = VECTOR ( 'NONE', #3045, 1000.000000000000000 ) ;
#2538 = CARTESIAN_POINT ( 'NONE',  ( -0.000000000000000000, 10.50000000000000178, 0.000000000000000000 ) ) ;
#2539 = CARTESIAN_POINT ( 'NONE',  ( -0.000000000000000000, 15.60000000000000142, 3.500000000000000000 ) ) ;
#2540 = CARTESIAN_POINT ( 'NONE',  ( 22.00000000000000711, -2.599999999999984990, 0.000000000000000000 ) ) ;
#2541 = VERTEX_POINT ( 'NONE', #3304 ) ;
#2542 = ORIENTED_EDGE ( 'NONE', *, *, #1398, .T. ) ;
#2543 = DIRECTION ( 'NONE',  ( -9.800697604388719052E-17, 1.000000000000000000, 0.000000000000000000 ) ) ;
#2544 = LINE ( 'NONE', #476, #566 ) ;
#2545 = VECTOR ( 'NONE', #2640, 1000.000000000000000 ) ;
#2546 = FACE_OUTER_BOUND ( 'NONE', #2877, .T. ) ;
#2547 = EDGE_CURVE ( 'NONE', #2983, #304, #2875, .T. ) ;
#2548 = VECTOR ( 'NONE', #1951, 1000.000000000000000 ) ;
#2549 = LINE ( 'NONE', #509, #823 ) ;
#2550 = DIRECTION ( 'NONE',  ( 0.000000000000000000, -1.000000000000000000, 0.000000000000000000 ) ) ;
#2551 = DIRECTION ( 'NONE',  ( -1.000000000000000000, 0.000000000000000000, 0.000000000000000000 ) ) ;
#2552 = VECTOR ( 'NONE', #2943, 1000.000000000000000 ) ;
#2553 = EDGE_CURVE ( 'NONE', #1487, #2636, #579, .T. ) ;
#2554 = CIRCLE ( 'NONE', #3271, 3.625000000000016875 ) ;
#2555 = ORIENTED_EDGE ( 'NONE', *, *, #2095, .F. ) ;
#2556 = EDGE_CURVE ( 'NONE', #3414, #2876, #1818, .T. ) ;
#2557 = DIRECTION ( 'NONE',  ( -0.000000000000000000, -0.000000000000000000, -1.000000000000000000 ) ) ;
#2558 = ORIENTED_EDGE ( 'NONE', *, *, #3240, .T. ) ;
#2559 = LINE ( 'NONE', #1781, #1098 ) ;
#2560 = CARTESIAN_POINT ( 'NONE',  ( 18.00000000000000711, 16.60000000000000142, 0.000000000000000000 ) ) ;
#2561 = CIRCLE ( 'NONE', #2222, 1.625000000000001332 ) ;
#2562 = ADVANCED_FACE ( 'NONE', ( #352 ), #297, .F. ) ;
#2563 = CARTESIAN_POINT ( 'NONE',  ( 34.20000000000000284, 10.50000000000000178, 1.500000000000000000 ) ) ;
#2564 = ORIENTED_EDGE ( 'NONE', *, *, #2472, .T. ) ;
#2565 = ORIENTED_EDGE ( 'NONE', *, *, #3258, .T. ) ;
#2566 = CYLINDRICAL_SURFACE ( 'NONE', #447, 1.000000000000000888 ) ;
#2567 = FACE_OUTER_BOUND ( 'NONE', #79, .T. ) ;
#2568 = DIRECTION ( 'NONE',  ( -0.000000000000000000, -0.000000000000000000, -1.000000000000000000 ) ) ;
#2569 = VECTOR ( 'NONE', #41, 999.9999999999998863 ) ;
#2570 = ORIENTED_EDGE ( 'NONE', *, *, #898, .F. ) ;
#2571 = CARTESIAN_POINT ( 'NONE',  ( -1.199999999999999956, 15.52276052411175122, 3.332685865621527022 ) ) ;
#2572 = EDGE_CURVE ( 'NONE', #1929, #108, #2638, .T. ) ;
#2573 = CIRCLE ( 'NONE', #2396, 1.625000000000001332 ) ;
#2574 = DIRECTION ( 'NONE',  ( 1.000000000000000000, 0.000000000000000000, 0.000000000000000000 ) ) ;
#2575 = DIRECTION ( 'NONE',  ( 0.000000000000000000, -0.7071067811865466846, 0.7071067811865483499 ) ) ;
#2576 = ORIENTED_EDGE ( 'NONE', *, *, #2860, .F. ) ;
#2577 = VECTOR ( 'NONE', #1397, 1000.000000000000000 ) ;
#2578 = ORIENTED_EDGE ( 'NONE', *, *, #2556, .F. ) ;
#2579 = CARTESIAN_POINT ( 'NONE',  ( 17.00000000000000355, 15.60000000000000142, -0.5000000000000000000 ) ) ;
#2580 = PLANE ( 'NONE',  #1167 ) ;
#2581 = CARTESIAN_POINT ( 'NONE',  ( -1.199999999999999734, 18.82499999999999929, 1.585786437626895751 ) ) ;
#2582 = DIRECTION ( 'NONE',  ( 0.000000000000000000, 0.000000000000000000, -1.000000000000000000 ) ) ;
#2583 = ORIENTED_EDGE ( 'NONE', *, *, #1780, .F. ) ;
#2584 = ORIENTED_EDGE ( 'NONE', *, *, #1542, .F. ) ;
#2585 = CARTESIAN_POINT ( 'NONE',  ( 34.20000000000000284, -2.749285416083588451, 3.199999999999983746 ) ) ;
#2586 = CARTESIAN_POINT ( 'NONE',  ( 28.51609089998584068, -4.718682996443668287, 3.106317003556328782 ) ) ;
#2587 = CARTESIAN_POINT ( 'NONE',  ( 9.000000000000001776, 18.61789321881345316, 3.207106781186545241 ) ) ;
#2588 = DIRECTION ( 'NONE',  ( -1.195550422365198019E-17, 0.7071067811865441310, -0.7071067811865507924 ) ) ;
#2589 = VERTEX_POINT ( 'NONE', #2223 ) ;
#2590 = AXIS2_PLACEMENT_3D ( 'NONE', #1081, #1095, #1902 ) ;
#2591 = ORIENTED_EDGE ( 'NONE', *, *, #638, .T. ) ;
#2592 = VERTEX_POINT ( 'NONE', #640 ) ;
#2593 = LINE ( 'NONE', #470, #311 ) ;
#2594 = DIRECTION ( 'NONE',  ( -1.000000000000000000, -1.352610897447801803E-16, -0.000000000000000000 ) ) ;
#2595 = CARTESIAN_POINT ( 'NONE',  ( 23.00000000000000355, -2.599999999999984990, 0.000000000000000000 ) ) ;
#2596 = ORIENTED_EDGE ( 'NONE', *, *, #3363, .F. ) ;
#2597 = ORIENTED_EDGE ( 'NONE', *, *, #1666, .F. ) ;
#2598 = DIRECTION ( 'NONE',  ( 1.000000000000000000, 0.000000000000000000, 0.000000000000000000 ) ) ;
#2599 = DIRECTION ( 'NONE',  ( -1.000000000000000000, -6.763054487239010248E-17, 0.000000000000000000 ) ) ;
#2600 = DIRECTION ( 'NONE',  ( 1.000000000000000000, 0.000000000000000000, 0.000000000000000000 ) ) ;
#2601 = CARTESIAN_POINT ( 'NONE',  ( 3.750000000000000888, 16.50000000000000000, 1.499999999999964917 ) ) ;
#2602 = DIRECTION ( 'NONE',  ( 0.000000000000000000, -1.000000000000000000, -5.204170427930416550E-15 ) ) ;
#2603 = VECTOR ( 'NONE', #3167, 1000.000000000000114 ) ;
#2604 = EDGE_CURVE ( 'NONE', #2306, #907, #2531, .T. ) ;
#2605 = AXIS2_PLACEMENT_3D ( 'NONE', #1238, #2575, #184 ) ;
#2606 = EDGE_CURVE ( 'NONE', #982, #1566, #1698, .T. ) ;
#2607 = ORIENTED_EDGE ( 'NONE', *, *, #2124, .T. ) ;
#2608 = CIRCLE ( 'NONE', #1722, 1.500000000000000000 ) ;
#2609 = ORIENTED_EDGE ( 'NONE', *, *, #1331, .F. ) ;
#2610 = CARTESIAN_POINT ( 'NONE',  ( 5.266626099139459782, -4.228209500112714458, 3.456692217977338277 ) ) ;
#2611 = DIRECTION ( 'NONE',  ( -0.000000000000000000, 0.000000000000000000, 1.000000000000000000 ) ) ;
#2612 = ADVANCED_BREP_SHAPE_REPRESENTATION ( 'Part5^enclosure', ( #1829, #450 ), #2 ) ;
#2613 = ORIENTED_EDGE ( 'NONE', *, *, #1948, .T. ) ;
#2614 = ORIENTED_EDGE ( 'NONE', *, *, #2635, .F. ) ;
#2615 = CARTESIAN_POINT ( 'NONE',  ( 9.000000000000003553, 6.086749038515111072E-16, -0.5000000000000000000 ) ) ;
#2616 = CARTESIAN_POINT ( 'NONE',  ( 24.00000000000000355, 19.53210678118655252, 2.292893218813440104 ) ) ;
#2617 = CARTESIAN_POINT ( 'NONE',  ( 34.20000000000000284, 16.50000000000000000, 3.199999999999992184 ) ) ;
#2618 = VERTEX_POINT ( 'NONE', #1458 ) ;
#2619 = ORIENTED_EDGE ( 'NONE', *, *, #3261, .T. ) ;
#2620 = VECTOR ( 'NONE', #105, 1000.000000000000000 ) ;
#2621 = DIRECTION ( 'NONE',  ( -9.800697604388719052E-17, 1.000000000000000000, 0.000000000000000000 ) ) ;
#2622 = FACE_OUTER_BOUND ( 'NONE', #2077, .T. ) ;
#2623 = VECTOR ( 'NONE', #1297, 1000.000000000000000 ) ;
#2624 = PRODUCT_DEFINITION ( 'UNKNOWN', '', #613, #716 ) ;
#2625 = EDGE_CURVE ( 'NONE', #1624, #2427, #937, .T. ) ;
#2626 = ORIENTED_EDGE ( 'NONE', *, *, #783, .F. ) ;
#2627 = ORIENTED_EDGE ( 'NONE', *, *, #2758, .T. ) ;
#2628 = CARTESIAN_POINT ( 'NONE',  ( -1.199999999999999512, 3.500000000000000000, 1.500000000000000000 ) ) ;
#2629 = EDGE_CURVE ( 'NONE', #1302, #2132, #1701, .T. ) ;
#2630 = CARTESIAN_POINT ( 'NONE',  ( 15.00000000000000533, -2.599999999999984990, 3.500000000000000000 ) ) ;
#2631 = VECTOR ( 'NONE', #611, 1000.000000000000000 ) ;
#2632 = CARTESIAN_POINT ( 'NONE',  ( 34.20000000000000284, 10.50000000000000178, 1.500000000000000000 ) ) ;
#2633 = CARTESIAN_POINT ( 'NONE',  ( -1.795977836004236541E-15, 18.32499999999999929, 3.500000000000000000 ) ) ;
#2634 = CARTESIAN_POINT ( 'NONE',  ( 2.035410951527284684, 19.23037962154851144, 2.594620378451476306 ) ) ;
#2635 = EDGE_CURVE ( 'NONE', #2710, #1449, #1087, .T. ) ;
#2636 = VERTEX_POINT ( 'NONE', #1180 ) ;
#2637 = AXIS2_PLACEMENT_3D ( 'NONE', #2506, #1392, #356 ) ;
#2638 = CIRCLE ( 'NONE', #1137, 1.000000000000000888 ) ;
#2639 = ORIENTED_EDGE ( 'NONE', *, *, #1364, .F. ) ;
#2640 = DIRECTION ( 'NONE',  ( 1.352610897447802050E-16, -1.000000000000000000, 0.000000000000000000 ) ) ;
#2641 = CARTESIAN_POINT ( 'NONE',  ( 15.00000000000000533, -2.599999999999984990, -0.5000000000000000000 ) ) ;
#2642 = ORIENTED_EDGE ( 'NONE', *, *, #230, .F. ) ;
#2643 = ADVANCED_FACE ( 'NONE', ( #2240 ), #3301, .F. ) ;
#2644 = ORIENTED_EDGE ( 'NONE', *, *, #543, .T. ) ;
#2645 = CYLINDRICAL_SURFACE ( 'NONE', #1235, 1.000000000000000888 ) ;
#2646 = CARTESIAN_POINT ( 'NONE',  ( 23.00000000000000355, -1.599999999999985212, 3.500000000000000000 ) ) ;
#2647 = CARTESIAN_POINT ( 'NONE',  ( 21.00000000000000000, 19.82500000000000284, 1.585786437626895751 ) ) ;
#2648 = DIRECTION ( 'NONE',  ( -0.000000000000000000, -0.000000000000000000, -1.000000000000000000 ) ) ;
#2649 = CARTESIAN_POINT ( 'NONE',  ( 18.00000000000001066, -2.599999999999984546, 0.000000000000000000 ) ) ;
#2650 = EDGE_CURVE ( 'NONE', #1566, #2017, #544, .T. ) ;
#2651 = AXIS2_PLACEMENT_3D ( 'NONE', #2423, #2921, #1077 ) ;
#2652 = ORIENTED_EDGE ( 'NONE', *, *, #634, .F. ) ;
#2653 = DIRECTION ( 'NONE',  ( 1.000000000000000000, 0.000000000000000000, 0.000000000000000000 ) ) ;
#2654 = EDGE_CURVE ( 'NONE', #2903, #1624, #2044, .T. ) ;
#2655 = VERTEX_POINT ( 'NONE', #2946 ) ;
#2656 = VECTOR ( 'NONE', #2026, 1000.000000000000000 ) ;
#2657 = CARTESIAN_POINT ( 'NONE',  ( 30.97024402870116333, 19.23024725716194894, 2.594752742838053017 ) ) ;
#2658 = CARTESIAN_POINT ( 'NONE',  ( 0.000000000000000000, -5.825000000000009059, 3.500000000000000000 ) ) ;
#2659 = ORIENTED_EDGE ( 'NONE', *, *, #3319, .T. ) ;
#2660 = ORIENTED_EDGE ( 'NONE', *, *, #1771, .F. ) ;
#2661 = PLANE ( 'NONE',  #2998 ) ;
#2662 = CARTESIAN_POINT ( 'NONE',  ( 9.000000000000001776, 16.60000000000000142, 3.500000000000000000 ) ) ;
#2663 = CARTESIAN_POINT ( 'NONE',  ( 18.00000000000000711, 17.91078643762690348, 3.500000000000000000 ) ) ;
#2664 = VECTOR ( 'NONE', #764, 1000.000000000000000 ) ;
#2665 = VECTOR ( 'NONE', #1454, 1000.000000000000000 ) ;
#2666 = EDGE_CURVE ( 'NONE', #1388, #1487, #2680, .T. ) ;
#2667 = DIRECTION ( 'NONE',  ( 1.000000000000000000, 0.000000000000000000, 0.000000000000000000 ) ) ;
#2668 = ORIENTED_EDGE ( 'NONE', *, *, #2198, .T. ) ;
#2669 = CARTESIAN_POINT ( 'NONE',  ( 29.44279851984492069, 19.04246898855259218, 2.782531011447403557 ) ) ;
#2670 = DIRECTION ( 'NONE',  ( 4.782201689460818577E-17, -0.7071067811865483499, -0.7071067811865466846 ) ) ;
#2671 = VERTEX_POINT ( 'NONE', #3226 ) ;
#2672 = DIRECTION ( 'NONE',  ( 0.000000000000000000, 0.000000000000000000, -1.000000000000000000 ) ) ;
#2673 = ORIENTED_EDGE ( 'NONE', *, *, #2193, .F. ) ;
#2674 = CARTESIAN_POINT ( 'NONE',  ( 30.87500000000000000, 16.50000000000000000, 0.000000000000000000 ) ) ;
#2675 = VECTOR ( 'NONE', #2832, 1000.000000000000000 ) ;
#2676 = CARTESIAN_POINT ( 'NONE',  ( 23.00000000000000355, -2.599999999999984990, 3.500000000000000000 ) ) ;
#2677 = LINE ( 'NONE', #2711, #2679 ) ;
#2678 = PLANE ( 'NONE',  #3077 ) ;
#2679 = VECTOR ( 'NONE', #3237, 1000.000000000000000 ) ;
#2680 = LINE ( 'NONE', #1363, #22 ) ;
#2681 = ORIENTED_EDGE ( 'NONE', *, *, #1473, .F. ) ;
#2682 = CARTESIAN_POINT ( 'NONE',  ( 21.00000000000000355, -3.910786437626903034, 3.500000000000000000 ) ) ;
#2683 = CARTESIAN_POINT ( 'NONE',  ( 18.00000000000000711, 16.60000000000000142, -0.5000000000000000000 ) ) ;
#2684 = EDGE_CURVE ( 'NONE', #1283, #2822, #839, .T. ) ;
#2685 = AXIS2_PLACEMENT_3D ( 'NONE', #1725, #2781, #1421 ) ;
#2686 = ORIENTED_EDGE ( 'NONE', *, *, #1317, .F. ) ;
#2687 = ORIENTED_EDGE ( 'NONE', *, *, #1079, .T. ) ;
#2688 = DIRECTION ( 'NONE',  ( 0.000000000000000000, -1.000000000000000000, 0.000000000000000000 ) ) ;
#2689 = DIRECTION ( 'NONE',  ( -0.000000000000000000, -0.000000000000000000, -1.000000000000000000 ) ) ;
#2690 = ADVANCED_FACE ( 'NONE', ( #1196 ), #384, .F. ) ;
#2691 = DIRECTION ( 'NONE',  ( -0.000000000000000000, -0.000000000000000000, -1.000000000000000000 ) ) ;
#2692 = DIRECTION ( 'NONE',  ( -1.000000000000000000, 0.000000000000000000, 0.000000000000000000 ) ) ;
#2693 = DIRECTION ( 'NONE',  ( 0.000000000000000000, 1.000000000000000000, 0.000000000000000000 ) ) ;
#2694 = CIRCLE ( 'NONE', #1156, 1.000000000000000888 ) ;
#2695 = EDGE_CURVE ( 'NONE', #2017, #1082, #217, .T. ) ;
#2696 = FACE_BOUND ( 'NONE', #760, .T. ) ;
#2697 = ORIENTED_EDGE ( 'NONE', *, *, #178, .F. ) ;
#2698 = VECTOR ( 'NONE', #1867, 1000.000000000000000 ) ;
#2699 = DIRECTION ( 'NONE',  ( 0.000000000000000000, 0.000000000000000000, 1.000000000000000000 ) ) ;
#2700 = CARTESIAN_POINT ( 'NONE',  ( 34.20000000000000284, -1.056047092180597335, 3.500000000000000000 ) ) ;
#2701 = VECTOR ( 'NONE', #881, 1000.000000000000114 ) ;
#2702 = ORIENTED_EDGE ( 'NONE', *, *, #1922, .T. ) ;
#2703 = ORIENTED_EDGE ( 'NONE', *, *, #1420, .T. ) ;
#2704 = CARTESIAN_POINT ( 'NONE',  ( 34.20000000000000284, -4.324999999999997513, 3.500000000000000000 ) ) ;
#2705 = EDGE_CURVE ( 'NONE', #2432, #1139, #2731, .T. ) ;
#2706 = DIRECTION ( 'NONE',  ( -0.000000000000000000, -0.000000000000000000, -1.000000000000000000 ) ) ;
#2707 = VECTOR ( 'NONE', #1270, 1000.000000000000000 ) ;
#2708 = LINE ( 'NONE', #3223, #149 ) ;
#2709 = AXIS2_PLACEMENT_3D ( 'NONE', #3386, #738, #1805 ) ;
#2710 = VERTEX_POINT ( 'NONE', #141 ) ;
#2711 = CARTESIAN_POINT ( 'NONE',  ( 21.00000000000000355, -2.599999999999984990, -0.5000000000000000000 ) ) ;
#2712 = DIRECTION ( 'NONE',  ( -1.000000000000000000, -1.352610897447802050E-16, -0.000000000000000000 ) ) ;
#2713 = AXIS2_PLACEMENT_3D ( 'NONE', #1298, #1536, #2600 ) ;
#2714 = CARTESIAN_POINT ( 'NONE',  ( 0.000000000000000000, 0.000000000000000000, 0.000000000000000000 ) ) ;
#2715 = ORIENTED_EDGE ( 'NONE', *, *, #2388, .F. ) ;
#2716 = LINE ( 'NONE', #843, #3001 ) ;
#2717 = AXIS2_PLACEMENT_3D ( 'NONE', #301, #1385, #53 ) ;
#2718 = CARTESIAN_POINT ( 'NONE',  ( 0.000000000000000000, 0.000000000000000000, 1.500000000000000000 ) ) ;
#2719 = ORIENTED_EDGE ( 'NONE', *, *, #2470, .T. ) ;
#2720 = ORIENTED_EDGE ( 'NONE', *, *, #1120, .F. ) ;
#2721 = APPLICATION_PROTOCOL_DEFINITION ( 'draft international standard', 'automotive_design', 1998, #1662 ) ;
#2722 = CARTESIAN_POINT ( 'NONE',  ( 27.53579251507066061, -3.910786437626903034, 3.500000000000000000 ) ) ;
#2723 = DIRECTION ( 'NONE',  ( -1.000000000000000000, 0.000000000000000000, 0.000000000000000000 ) ) ;
#2724 = CARTESIAN_POINT ( 'NONE',  ( -1.199999999999999512, -1.056047092180596225, 3.500000000000000000 ) ) ;
#2725 = ORIENTED_EDGE ( 'NONE', *, *, #1586, .T. ) ;
#2726 = PLANE ( 'NONE',  #1466 ) ;
#2727 = DIRECTION ( 'NONE',  ( -1.000000000000000000, 0.000000000000000000, 0.000000000000000000 ) ) ;
#2728 = VECTOR ( 'NONE', #702, 1000.000000000000000 ) ;
#2729 = ADVANCED_FACE ( 'NONE', ( #3314 ), #955, .F. ) ;
#2730 = ADVANCED_FACE ( 'NONE', ( #1958 ), #3076, .F. ) ;
#2731 = LINE ( 'NONE', #3299, #1663 ) ;
#2732 = EDGE_CURVE ( 'NONE', #2097, #110, #2608, .T. ) ;
#2733 = CARTESIAN_POINT ( 'NONE',  ( 0.000000000000000000, 3.499999999999999556, 1.500000000000000000 ) ) ;
#2734 = VERTEX_POINT ( 'NONE', #3278 ) ;
#2735 = CARTESIAN_POINT ( 'NONE',  ( 16.00000000000000355, -2.599999999999984990, 3.500000000000000000 ) ) ;
#2736 = FACE_OUTER_BOUND ( 'NONE', #699, .T. ) ;
#2737 = ORIENTED_EDGE ( 'NONE', *, *, #2754, .T. ) ;
#2738 = ORIENTED_EDGE ( 'NONE', *, *, #972, .F. ) ;
#2739 = EDGE_CURVE ( 'NONE', #874, #2252, #1937, .T. ) ;
#2740 = DIRECTION ( 'NONE',  ( 1.000000000000000000, 9.800697604388740006E-17, 0.000000000000000000 ) ) ;
#2741 = ADVANCED_FACE ( 'NONE', ( #2219 ), #2491, .F. ) ;
#2742 = VECTOR ( 'NONE', #3208, 1000.000000000000000 ) ;
#2743 = CARTESIAN_POINT ( 'NONE',  ( 11.00000000000000355, -1.599999999999985212, 3.500000000000000000 ) ) ;
#2744 = ADVANCED_FACE ( 'NONE', ( #3036 ), #2012, .T. ) ;
#2745 = CARTESIAN_POINT ( 'NONE',  ( 5.269367565397939046, 18.22530355329226381, 3.457688105732816375 ) ) ;
#2746 = ORIENTED_EDGE ( 'NONE', *, *, #1791, .F. ) ;
#2747 = VERTEX_POINT ( 'NONE', #1680 ) ;
#2748 = CARTESIAN_POINT ( 'NONE',  ( 34.20000000000000284, 3.499999999999999556, 0.000000000000000000 ) ) ;
#2749 = CARTESIAN_POINT ( 'NONE',  ( 0.000000000000000000, 3.499999999999999556, 1.500000000000000000 ) ) ;
#2750 = CARTESIAN_POINT ( 'NONE',  ( 24.00000000000000355, -4.617893218813449607, 3.207106781186548350 ) ) ;
#2751 = DIRECTION ( 'NONE',  ( -1.000000000000000000, 0.000000000000000000, -0.000000000000000000 ) ) ;
#2752 = CARTESIAN_POINT ( 'NONE',  ( 0.000000000000000000, 14.00000000000000000, 1.500000000000000000 ) ) ;
#2753 = EDGE_CURVE ( 'NONE', #2262, #2964, #3259, .T. ) ;
#2754 = EDGE_CURVE ( 'NONE', #2097, #1669, #633, .T. ) ;
#2755 = CARTESIAN_POINT ( 'NONE',  ( 0.000000000000000000, 0.000000000000000000, 1.500000000000000000 ) ) ;
#2756 = CARTESIAN_POINT ( 'NONE',  ( 10.00000000000000178, -2.599999999999984990, 0.000000000000000000 ) ) ;
#2757 = EDGE_LOOP ( 'NONE', ( #1075, #123, #2626, #3129 ) ) ;
#2758 = EDGE_CURVE ( 'NONE', #2780, #2589, #1155, .T. ) ;
#2759 = ADVANCED_FACE ( 'NONE', ( #1699 ), #2258, .T. ) ;
#2760 = DIRECTION ( 'NONE',  ( -0.000000000000000000, 0.000000000000000000, 1.000000000000000000 ) ) ;
#2761 = CARTESIAN_POINT ( 'NONE',  ( 21.00000000000000355, 2.840482884640384575E-15, -0.5000000000000000000 ) ) ;
#2762 = EDGE_LOOP ( 'NONE', ( #2673, #1575, #1726, #740 ) ) ;
#2763 = VECTOR ( 'NONE', #2949, 1000.000000000000000 ) ;
#2764 = B_SPLINE_CURVE_WITH_KNOTS ( 'NONE', 3,
 ( #763, #3412, #3424, #2610, #997, #1243 ),
 .UNSPECIFIED., .F., .F.,
 ( 4, 2, 4 ),
 ( 5.374048405895871582E-15, 0.0005501471029212040738, 0.001100294205837033974 ),
 .UNSPECIFIED. ) ;
#2765 = CARTESIAN_POINT ( 'NONE',  ( 33.00000000000000000, 14.00000000000000000, 1.500000000000000000 ) ) ;
#2766 = PLANE ( 'NONE',  #3153 ) ;
#2767 = CARTESIAN_POINT ( 'NONE',  ( 0.000000000000000000, 0.000000000000000000, 0.000000000000000000 ) ) ;
#2768 = CYLINDRICAL_SURFACE ( 'NONE', #2106, 1.000000000000000888 ) ;
#2769 = EDGE_LOOP ( 'NONE', ( #18, #2800, #2375, #1185, #1255, #3220, #1821, #3272 ) ) ;
#2770 = EDGE_LOOP ( 'NONE', ( #560, #1607, #270, #212 ) ) ;
#2771 = FACE_OUTER_BOUND ( 'NONE', #1889, .T. ) ;
#2772 = CARTESIAN_POINT ( 'NONE',  ( 12.00000000000000178, 16.60000000000000142, -0.5000000000000000000 ) ) ;
#2773 = DIRECTION ( 'NONE',  ( 0.000000000000000000, 0.000000000000000000, 1.000000000000000000 ) ) ;
#2774 = AXIS2_PLACEMENT_3D ( 'NONE', #1251, #494, #1570 ) ;
#2775 = EDGE_CURVE ( 'NONE', #1275, #499, #66, .T. ) ;
#2776 = AXIS2_PLACEMENT_3D ( 'NONE', #878, #1949, #2826 ) ;
#2777 = DIRECTION ( 'NONE',  ( 0.000000000000000000, 0.000000000000000000, 1.000000000000000000 ) ) ;
#2778 = FACE_OUTER_BOUND ( 'NONE', #617, .T. ) ;
#2779 = EDGE_CURVE ( 'NONE', #2924, #426, #675, .T. ) ;
#2780 = VERTEX_POINT ( 'NONE', #420 ) ;
#2781 = DIRECTION ( 'NONE',  ( 0.000000000000000000, 0.000000000000000000, 1.000000000000000000 ) ) ;
#2782 = ORIENTED_EDGE ( 'NONE', *, *, #2376, .T. ) ;
#2783 = EDGE_LOOP ( 'NONE', ( #552, #2403, #1635, #2976, #2564, #2245, #2007, #2076, #1541, #1727, #367, #2570, #1323, #2948, #1054, #2008, #713, #135, #920, #7, #2901, #1585, #2385, #1760, #922, #2179 ) ) ;
#2784 = CARTESIAN_POINT ( 'NONE',  ( -0.1771726498895383473, -4.758480444609148208, 3.066519555390850638 ) ) ;
#2785 = DIRECTION ( 'NONE',  ( 1.000000000000000000, 1.352610897447801803E-16, 0.000000000000000000 ) ) ;
#2786 = CARTESIAN_POINT ( 'NONE',  ( 12.00000000000000178, 11.16250000000008669, 10.66249999999998188 ) ) ;
#2787 = ORIENTED_EDGE ( 'NONE', *, *, #1272, .F. ) ;
#2788 = EDGE_LOOP ( 'NONE', ( #3415, #220, #1990, #2954, #503, #2583, #2942, #1400, #2377, #1248, #2207, #2720, #2959, #3403, #1641, #74, #1832, #1919, #2242, #2178, #2782, #2482, #3163, #1455, #2226, #2939 ) ) ;
#2789 = DIRECTION ( 'NONE',  ( -1.000000000000000000, -1.352610897447801803E-16, 0.000000000000000000 ) ) ;
#2790 = DIRECTION ( 'NONE',  ( -0.000000000000000000, 0.000000000000000000, 1.000000000000000000 ) ) ;
#2791 = LINE ( 'NONE', #398, #1632 ) ;
#2792 = FACE_OUTER_BOUND ( 'NONE', #2119, .T. ) ;
#2793 = DIRECTION ( 'NONE',  ( 0.000000000000000000, 1.000000000000000000, 0.000000000000000000 ) ) ;
#2794 = AXIS2_PLACEMENT_3D ( 'NONE', #888, #2712, #3334 ) ;
#2795 = AXIS2_PLACEMENT_3D ( 'NONE', #3307, #1485, #1205 ) ;
#2796 = LINE ( 'NONE', #82, #2620 ) ;
#2797 = CARTESIAN_POINT ( 'NONE',  ( -1.199999999999999734, 16.99378154164954324, 3.228251748730199377 ) ) ;
#2798 = ORIENTED_EDGE ( 'NONE', *, *, #2606, .T. ) ;
#2799 = CIRCLE ( 'NONE', #3359, 3.625000000000014655 ) ;
#2800 = ORIENTED_EDGE ( 'NONE', *, *, #846, .F. ) ;
#2801 = CARTESIAN_POINT ( 'NONE',  ( 10.00000000000000000, 15.60000000000000142, 3.500000000000000000 ) ) ;
#2802 = EDGE_CURVE ( 'NONE', #2858, #1192, #1138, .T. ) ;
#2803 = DIRECTION ( 'NONE',  ( 1.000000000000000000, 9.800697604388740006E-17, -0.000000000000000000 ) ) ;
#2804 = CARTESIAN_POINT ( 'NONE',  ( -1.199999999999999512, -2.006218458350451428, 3.228251748730197601 ) ) ;
#2805 = ORIENTED_EDGE ( 'NONE', *, *, #2604, .F. ) ;
#2806 = VERTEX_POINT ( 'NONE', #182 ) ;
#2807 = CARTESIAN_POINT ( 'NONE',  ( 34.20000000000000284, 15.05604709218061288, 3.500000000000000000 ) ) ;
#2808 = DIRECTION ( 'NONE',  ( -0.000000000000000000, 0.000000000000000000, 1.000000000000000000 ) ) ;
#2809 = VECTOR ( 'NONE', #2971, 999.9999999999998863 ) ;
#2810 = DIRECTION ( 'NONE',  ( 1.000000000000000000, 1.352610897447802050E-16, 0.000000000000000000 ) ) ;
#2811 = EDGE_CURVE ( 'NONE', #1903, #2157, #3374, .T. ) ;
#2812 = ORIENTED_EDGE ( 'NONE', *, *, #3269, .F. ) ;
#2813 = EDGE_CURVE ( 'NONE', #2382, #766, #3124, .T. ) ;
#2814 = DIRECTION ( 'NONE',  ( -0.000000000000000000, -0.000000000000000000, -1.000000000000000000 ) ) ;
#2815 = CARTESIAN_POINT ( 'NONE',  ( 0.000000000000000000, -5.825000000000009059, 3.500000000000000000 ) ) ;
#2816 = DIRECTION ( 'NONE',  ( 0.000000000000000000, 0.000000000000000000, 1.000000000000000000 ) ) ;
#2817 = EDGE_CURVE ( 'NONE', #1525, #3151, #2086, .T. ) ;
#2818 = EDGE_CURVE ( 'NONE', #3070, #2412, #3354, .T. ) ;
#2819 = ORIENTED_EDGE ( 'NONE', *, *, #2813, .T. ) ;
#2820 = SURFACE_STYLE_FILL_AREA ( #1759 ) ;
#2821 = ORIENTED_EDGE ( 'NONE', *, *, #2695, .F. ) ;
#2822 = VERTEX_POINT ( 'NONE', #1539 ) ;
#2823 = CIRCLE ( 'NONE', #3257, 1.625000000000000666 ) ;
#2824 = CARTESIAN_POINT ( 'NONE',  ( 0.000000000000000000, -5.825000000000009059, 1.999999999999991784 ) ) ;
#2825 = CARTESIAN_POINT ( 'NONE',  ( 0.000000000000000000, 0.000000000000000000, 0.000000000000000000 ) ) ;
#2826 = DIRECTION ( 'NONE',  ( 0.000000000000000000, -1.000000000000000000, -8.890457814381136359E-15 ) ) ;
#2827 = LINE ( 'NONE', #2563, #3111 ) ;
#2828 = VERTEX_POINT ( 'NONE', #2034 ) ;
#2829 = ORIENTED_EDGE ( 'NONE', *, *, #3117, .F. ) ;
#2830 = EDGE_CURVE ( 'NONE', #2270, #116, #1514, .T. ) ;
#2831 = FACE_OUTER_BOUND ( 'NONE', #3049, .T. ) ;
#2832 = DIRECTION ( 'NONE',  ( 0.000000000000000000, 0.000000000000000000, 1.000000000000000000 ) ) ;
#2833 = PRESENTATION_STYLE_ASSIGNMENT (( #1492 ) ) ;
#2834 = CIRCLE ( 'NONE', #2276, 1.000000000000000888 ) ;
#2835 = DIRECTION ( 'NONE',  ( 1.000000000000000000, 6.763054487239010248E-17, 0.000000000000000000 ) ) ;
#2836 = ORIENTED_EDGE ( 'NONE', *, *, #2981, .T. ) ;
#2837 = LINE ( 'NONE', #444, #1776 ) ;
#2838 = VECTOR ( 'NONE', #1729, 1000.000000000000000 ) ;
#2839 = ORIENTED_EDGE ( 'NONE', *, *, #2556, .T. ) ;
#2840 = UNCERTAINTY_MEASURE_WITH_UNIT (LENGTH_MEASURE( 1.000000000000000082E-05 ), #1736, 'distance_accuracy_value', 'NONE');
#2841 = ORIENTED_EDGE ( 'NONE', *, *, #2489, .F. ) ;
#2842 = CIRCLE ( 'NONE', #1512, 1.000000000000000000 ) ;
#2843 = CARTESIAN_POINT ( 'NONE',  ( 33.00000000000000000, 3.499999999999999556, 1.500000000000000000 ) ) ;
#2844 = DIRECTION ( 'NONE',  ( 0.000000000000000000, 0.000000000000000000, -1.000000000000000000 ) ) ;
#2845 = VECTOR ( 'NONE', #1288, 1000.000000000000000 ) ;
#2846 = FACE_OUTER_BOUND ( 'NONE', #173, .T. ) ;
#2847 = CARTESIAN_POINT ( 'NONE',  ( 30.87500000000000000, 16.50000000000000000, 1.500000000000000000 ) ) ;
#2848 = ORIENTED_EDGE ( 'NONE', *, *, #3339, .F. ) ;
#2849 = ORIENTED_EDGE ( 'NONE', *, *, #3384, .F. ) ;
#2850 = DIRECTION ( 'NONE',  ( 1.000000000000000000, 1.352610897447801803E-16, 0.000000000000000000 ) ) ;
#2851 = DIRECTION ( 'NONE',  ( 1.000000000000000000, 0.000000000000000000, 0.000000000000000000 ) ) ;
#2852 = VECTOR ( 'NONE', #827, 1000.000000000000000 ) ;
#2853 = CARTESIAN_POINT ( 'NONE',  ( -1.199999999999999734, 18.32499999999999929, 3.500000000000000000 ) ) ;
#2854 = DIRECTION ( 'NONE',  ( 1.000000000000000000, 0.000000000000000000, 0.000000000000000000 ) ) ;
#2855 = MECHANICAL_DESIGN_GEOMETRIC_PRESENTATION_REPRESENTATION (  '', ( #165 ), #780 ) ;
#2856 = CARTESIAN_POINT ( 'NONE',  ( -1.942988300070067370E-15, 19.82499999999999929, 0.000000000000000000 ) ) ;
#2857 = EDGE_CURVE ( 'NONE', #2828, #482, #2936, .T. ) ;
#2858 = VERTEX_POINT ( 'NONE', #2101 ) ;
#2859 = VECTOR ( 'NONE', #2405, 1000.000000000000000 ) ;
#2860 = EDGE_CURVE ( 'NONE', #1520, #1544, #2549, .T. ) ;
#2861 = ORIENTED_EDGE ( 'NONE', *, *, #2517, .F. ) ;
#2862 = AXIS2_PLACEMENT_3D ( 'NONE', #422, #2898, #242 ) ;
#2863 = FACE_OUTER_BOUND ( 'NONE', #2090, .T. ) ;
#2864 = CARTESIAN_POINT ( 'NONE',  ( 21.00000000000000355, 2.840482884640384575E-15, 3.500000000000000000 ) ) ;
#2865 = DIRECTION ( 'NONE',  ( 0.000000000000000000, -0.000000000000000000, -1.000000000000000000 ) ) ;
#2866 = DIRECTION ( 'NONE',  ( -1.000000000000000000, 0.000000000000000000, 0.000000000000000000 ) ) ;
#2867 = EDGE_CURVE ( 'NONE', #1525, #1344, #160, .T. ) ;
#2868 = ORIENTED_EDGE ( 'NONE', *, *, #186, .T. ) ;
#2869 = EDGE_LOOP ( 'NONE', ( #3083, #2627, #3331, #1096, #1785 ) ) ;
#2870 = CARTESIAN_POINT ( 'NONE',  ( 32.50000000000000000, 16.50000000000000000, 1.499999999999998224 ) ) ;
#2871 = LINE ( 'NONE', #519, #3279 ) ;
#2872 = ADVANCED_FACE ( 'NONE', ( #1826 ), #3096, .T. ) ;
#2873 = CARTESIAN_POINT ( 'NONE',  ( 34.20000000000000284, -2.500000000000002220, 3.199999999999988631 ) ) ;
#2874 = CARTESIAN_POINT ( 'NONE',  ( 24.00000000000000355, -5.825000000000009059, -0.5000000000000000000 ) ) ;
#2875 = CIRCLE ( 'NONE', #198, 1.500000000000000000 ) ;
#2876 = VERTEX_POINT ( 'NONE', #991 ) ;
#2877 = EDGE_LOOP ( 'NONE', ( #842, #1384, #3399, #3128 ) ) ;
#2878 = CARTESIAN_POINT ( 'NONE',  ( 32.50000000000000000, -2.500000000000002220, 1.499999999999994893 ) ) ;
#2879 = CARTESIAN_POINT ( 'NONE',  ( 0.000000000000000000, -5.825000000000009059, 1.585786437626895751 ) ) ;
#2880 = ORIENTED_EDGE ( 'NONE', *, *, #3132, .F. ) ;
#2881 = EDGE_LOOP ( 'NONE', ( #2821, #2058, #2307, #3155 ) ) ;
#2882 = DIRECTION ( 'NONE',  ( 1.000000000000000000, -0.000000000000000000, -0.000000000000000000 ) ) ;
#2883 = CARTESIAN_POINT ( 'NONE',  ( 34.20000000000000284, -5.825000000000009059, 1.999999999999991784 ) ) ;
#2884 = CYLINDRICAL_SURFACE ( 'NONE', #288, 0.9999999999999991118 ) ;
#2885 = DIRECTION ( 'NONE',  ( -0.000000000000000000, -0.000000000000000000, -1.000000000000000000 ) ) ;
#2886 = AXIS2_PLACEMENT_3D ( 'NONE', #749, #3382, #1819 ) ;
#2887 = VECTOR ( 'NONE', #2972, 1000.000000000000000 ) ;
#2888 = ORIENTED_EDGE ( 'NONE', *, *, #2817, .F. ) ;
#2889 = VECTOR ( 'NONE', #3160, 1000.000000000000000 ) ;
#2890 = ORIENTED_EDGE ( 'NONE', *, *, #1106, .F. ) ;
#2891 = CYLINDRICAL_SURFACE ( 'NONE', #1044, 1.000000000000000888 ) ;
#2892 = CARTESIAN_POINT ( 'NONE',  ( 10.00000000000000178, -1.599999999999985212, -0.5000000000000000000 ) ) ;
#2893 = ORIENTED_EDGE ( 'NONE', *, *, #2161, .F. ) ;
#2894 = ORIENTED_EDGE ( 'NONE', *, *, #1418, .F. ) ;
#2895 = AXIS2_PLACEMENT_3D ( 'NONE', #674, #2011, #2236 ) ;
#2896 = DIRECTION ( 'NONE',  ( 9.564403378921637154E-17, -0.7071067811865483499, -0.7071067811865466846 ) ) ;
#2897 = CARTESIAN_POINT ( 'NONE',  ( 33.00000000000000000, 8.596908458320688689E-25, 1.500000000000000000 ) ) ;
#2898 = DIRECTION ( 'NONE',  ( 0.000000000000000000, 0.000000000000000000, 1.000000000000000000 ) ) ;
#2899 = FACE_OUTER_BOUND ( 'NONE', #3380, .T. ) ;
#2900 = CARTESIAN_POINT ( 'NONE',  ( 9.000000000000003553, -2.599999999999984990, -0.5000000000000000000 ) ) ;
#2901 = ORIENTED_EDGE ( 'NONE', *, *, #547, .F. ) ;
#2902 = EDGE_CURVE ( 'NONE', #179, #642, #2054, .T. ) ;
#2903 = VERTEX_POINT ( 'NONE', #2617 ) ;
#2904 = VECTOR ( 'NONE', #3210, 1000.000000000000000 ) ;
#2905 = CARTESIAN_POINT ( 'NONE',  ( 32.23834362094572725, 19.06020516344750959, 2.764794836552495028 ) ) ;
#2906 = DIRECTION ( 'NONE',  ( 0.000000000000000000, 0.000000000000000000, -1.000000000000000000 ) ) ;
#2907 = ORIENTED_EDGE ( 'NONE', *, *, #1892, .T. ) ;
#2908 = ORIENTED_EDGE ( 'NONE', *, *, #978, .T. ) ;
#2909 = LINE ( 'NONE', #2940, #1071 ) ;
#2910 = ADVANCED_FACE ( 'NONE', ( #229 ), #2000, .F. ) ;
#2911 = DIRECTION ( 'NONE',  ( 0.000000000000000000, 0.000000000000000000, -1.000000000000000000 ) ) ;
#2912 = VECTOR ( 'NONE', #867, 1000.000000000000000 ) ;
#2913 = VERTEX_POINT ( 'NONE', #2294 ) ;
#2914 = DIRECTION ( 'NONE',  ( 1.352610897447801803E-16, -1.000000000000000000, 0.000000000000000000 ) ) ;
#2915 = DIRECTION ( 'NONE',  ( 1.000000000000000000, 1.352610897447802050E-16, 0.000000000000000000 ) ) ;
#2916 = CYLINDRICAL_SURFACE ( 'NONE', #180, 1.625000000000000666 ) ;
#2917 = EDGE_CURVE ( 'NONE', #3189, #670, #1222, .T. ) ;
#2918 = ORIENTED_EDGE ( 'NONE', *, *, #3437, .T. ) ;
#2919 = AXIS2_PLACEMENT_3D ( 'NONE', #1430, #2789, #1193 ) ;
#2920 = ORIENTED_EDGE ( 'NONE', *, *, #547, .T. ) ;
#2921 = DIRECTION ( 'NONE',  ( -1.000000000000000000, -1.352610897447802050E-16, 0.000000000000000000 ) ) ;
#2922 = DIRECTION ( 'NONE',  ( 0.000000000000000000, 0.000000000000000000, 1.000000000000000000 ) ) ;
#2923 = ORIENTED_EDGE ( 'NONE', *, *, #3133, .T. ) ;
#2924 = VERTEX_POINT ( 'NONE', #1038 ) ;
#2925 = CARTESIAN_POINT ( 'NONE',  ( 33.17590529286404433, -4.759188247515846015, 3.065811752484151942 ) ) ;
#2926 = CARTESIAN_POINT ( 'NONE',  ( -1.199999999999999512, -5.825000000000009059, 0.000000000000000000 ) ) ;
#2927 = EDGE_CURVE ( 'NONE', #1449, #1897, #772, .T. ) ;
#2928 = DIRECTION ( 'NONE',  ( -1.000000000000000000, 0.000000000000000000, 0.000000000000000000 ) ) ;
#2929 = CARTESIAN_POINT ( 'NONE',  ( 0.000000000000000000, 10.50000000000000178, 1.500000000000000000 ) ) ;
#2930 = AXIS2_PLACEMENT_3D ( 'NONE', #2761, #2951, #3002 ) ;
#2931 = B_SPLINE_CURVE_WITH_KNOTS ( 'NONE', 3,
 ( #1852, #798, #9, #25, #2905, #1879, #3212, #2657, #265, #1352, #1060, #2669, #1620, #1092, #549, #779 ),
 .UNSPECIFIED., .F., .F.,
 ( 4, 2, 2, 2, 2, 2, 2, 4 ),
 ( 0.000000000000000000, 0.001536905292375220691, 0.002305357938562832554, 0.003073810584750443983, 0.003842263230938076229, 0.004610715877125708476, 0.005379168523313340722, 0.006147621169500972968 ),
 .UNSPECIFIED. ) ;
#2932 = ORIENTED_EDGE ( 'NONE', *, *, #783, .T. ) ;
#2933 = ORIENTED_EDGE ( 'NONE', *, *, #2440, .T. ) ;
#2934 = CARTESIAN_POINT ( 'NONE',  ( 22.00000000000000711, -1.599999999999985212, -0.5000000000000000000 ) ) ;
#2935 = CARTESIAN_POINT ( 'NONE',  ( 0.000000000000000000, -4.825000000000009059, 1.585786437626895751 ) ) ;
#2936 = CIRCLE ( 'NONE', #3055, 1.000000000000000888 ) ;
#2937 = ORIENTED_EDGE ( 'NONE', *, *, #2625, .F. ) ;
#2938 = DIRECTION ( 'NONE',  ( 6.763054487239010248E-17, -1.000000000000000000, 0.000000000000000000 ) ) ;
#2939 = ORIENTED_EDGE ( 'NONE', *, *, #2867, .F. ) ;
#2940 = CARTESIAN_POINT ( 'NONE',  ( 0.000000000000000000, -1.599999999999985212, 0.000000000000000000 ) ) ;
#2941 = ORIENTED_EDGE ( 'NONE', *, *, #709, .T. ) ;
#2942 = ORIENTED_EDGE ( 'NONE', *, *, #1809, .F. ) ;
#2943 = DIRECTION ( 'NONE',  ( 2.705221794895604099E-16, -1.000000000000000000, 0.000000000000000000 ) ) ;
#2944 = CIRCLE ( 'NONE', #2995, 1.624999999999999778 ) ;
#2945 = CIRCLE ( 'NONE', #3342, 1.000000000000000000 ) ;
#2946 = CARTESIAN_POINT ( 'NONE',  ( 28.30255681988201033, -4.617893218814294265, 3.207106781185703692 ) ) ;
#2947 = DIRECTION ( 'NONE',  ( -0.000000000000000000, -0.000000000000000000, -1.000000000000000000 ) ) ;
#2948 = ORIENTED_EDGE ( 'NONE', *, *, #3269, .T. ) ;
#2949 = DIRECTION ( 'NONE',  ( -0.000000000000000000, -0.000000000000000000, -1.000000000000000000 ) ) ;
#2950 = DIRECTION ( 'NONE',  ( 1.352610897447801803E-16, -1.000000000000000000, 0.000000000000000000 ) ) ;
#2951 = DIRECTION ( 'NONE',  ( -1.000000000000000000, -1.352610897447801803E-16, 0.000000000000000000 ) ) ;
#2952 = ORIENTED_EDGE ( 'NONE', *, *, #33, .F. ) ;
#2953 = CARTESIAN_POINT ( 'NONE',  ( 11.00000000000000178, 16.60000000000000142, 0.000000000000000000 ) ) ;
#2954 = ORIENTED_EDGE ( 'NONE', *, *, #1188, .T. ) ;
#2955 = LINE ( 'NONE', #574, #897 ) ;
#2956 = AXIS2_PLACEMENT_3D ( 'NONE', #2450, #2773, #1974 ) ;
#2957 = CARTESIAN_POINT ( 'NONE',  ( 0.4999999999999995559, 16.50000000000000000, 1.499999999999964917 ) ) ;
#2958 = EDGE_CURVE ( 'NONE', #2001, #1031, #2280, .T. ) ;
#2959 = ORIENTED_EDGE ( 'NONE', *, *, #527, .F. ) ;
#2960 = CARTESIAN_POINT ( 'NONE',  ( 30.87500000000000000, -2.500000000000002220, 1.499999999999994449 ) ) ;
#2961 = DIRECTION ( 'NONE',  ( -1.000000000000000000, 0.000000000000000000, 0.000000000000000000 ) ) ;
#2962 = EDGE_CURVE ( 'NONE', #3231, #358, #441, .T. ) ;
#2963 = LINE ( 'NONE', #580, #3184 ) ;
#2964 = VERTEX_POINT ( 'NONE', #3394 ) ;
#2965 = CYLINDRICAL_SURFACE ( 'NONE', #1065, 1.000000000000000888 ) ;
#2966 = CARTESIAN_POINT ( 'NONE',  ( 29.24999999999999645, -2.500000000000002220, 1.499999999999994893 ) ) ;
#2967 = AXIS2_PLACEMENT_3D ( 'NONE', #2953, #3199, #814 ) ;
#2968 = VERTEX_POINT ( 'NONE', #3135 ) ;
#2969 = ORIENTED_EDGE ( 'NONE', *, *, #164, .F. ) ;
#2970 = CARTESIAN_POINT ( 'NONE',  ( 21.00000000000000000, 19.82500000000000284, 0.000000000000000000 ) ) ;
#2971 = DIRECTION ( 'NONE',  ( -0.7071067811865439090, 8.659560562354888485E-17, 0.7071067811865512365 ) ) ;
#2972 = DIRECTION ( 'NONE',  ( 1.000000000000000000, 0.000000000000000000, 0.000000000000000000 ) ) ;
#2973 = CARTESIAN_POINT ( 'NONE',  ( 16.00000000000000355, -2.599999999999984990, 0.000000000000000000 ) ) ;
#2974 = DIRECTION ( 'NONE',  ( 0.000000000000000000, -0.000000000000000000, 1.000000000000000000 ) ) ;
#2975 = AXIS2_PLACEMENT_3D ( 'NONE', #851, #624, #1444 ) ;
#2976 = ORIENTED_EDGE ( 'NONE', *, *, #1542, .T. ) ;
#2977 = ADVANCED_FACE ( 'NONE', ( #745 ), #34, .F. ) ;
#2978 = VECTOR ( 'NONE', #2379, 1000.000000000000000 ) ;
#2979 = DIRECTION ( 'NONE',  ( -0.000000000000000000, -0.000000000000000000, 1.000000000000000000 ) ) ;
#2980 = CARTESIAN_POINT ( 'NONE',  ( -1.942988300070067370E-15, 19.82499999999999929, 1.585786437626895751 ) ) ;
#2981 = EDGE_CURVE ( 'NONE', #1914, #929, #1601, .T. ) ;
#2982 = AXIS2_PLACEMENT_3D ( 'NONE', #2064, #722, #2866 ) ;
#2983 = VERTEX_POINT ( 'NONE', #1101 ) ;
#2984 = EDGE_LOOP ( 'NONE', ( #2353, #724, #836, #2725 ) ) ;
#2985 =( LENGTH_UNIT ( ) NAMED_UNIT ( * ) SI_UNIT ( .MILLI., .METRE. ) );
#2986 = FACE_OUTER_BOUND ( 'NONE', #663, .T. ) ;
#2987 = LINE ( 'NONE', #2957, #2809 ) ;
#2988 = EDGE_CURVE ( 'NONE', #670, #2189, #3205, .T. ) ;
#2989 = DIRECTION ( 'NONE',  ( 1.352610897447801803E-16, -1.000000000000000000, 0.000000000000000000 ) ) ;
#2990 = ADVANCED_FACE ( 'NONE', ( #1615 ), #1582, .T. ) ;
#2991 = ORIENTED_EDGE ( 'NONE', *, *, #2857, .T. ) ;
#2992 = CARTESIAN_POINT ( 'NONE',  ( 24.00000000000000355, 3.246266153874725116E-15, 0.000000000000000000 ) ) ;
#2993 = DIRECTION ( 'NONE',  ( -9.800697604388719052E-17, 1.000000000000000000, 0.000000000000000000 ) ) ;
#2994 = EDGE_CURVE ( 'NONE', #3344, #679, #2173, .T. ) ;
#2995 = AXIS2_PLACEMENT_3D ( 'NONE', #2121, #26, #1353 ) ;
#2996 = DIRECTION ( 'NONE',  ( 0.000000000000000000, -1.000000000000000000, 0.000000000000000000 ) ) ;
#2997 = AXIS2_PLACEMENT_3D ( 'NONE', #1717, #2530, #971 ) ;
#2998 = AXIS2_PLACEMENT_3D ( 'NONE', #2148, #2688, #272 ) ;
#2999 = VERTEX_POINT ( 'NONE', #245 ) ;
#3000 = EDGE_CURVE ( 'NONE', #2964, #2671, #3114, .T. ) ;
#3001 = VECTOR ( 'NONE', #71, 1000.000000000000000 ) ;
#3002 = DIRECTION ( 'NONE',  ( 1.352610897447801803E-16, -1.000000000000000000, 0.000000000000000000 ) ) ;
#3003 = ORIENTED_EDGE ( 'NONE', *, *, #2436, .T. ) ;
#3004 = ORIENTED_EDGE ( 'NONE', *, *, #884, .T. ) ;
#3005 = CARTESIAN_POINT ( 'NONE',  ( 22.00000000000000355, 15.60000000000000142, 0.000000000000000000 ) ) ;
#3006 = CARTESIAN_POINT ( 'NONE',  ( 29.24999999999999645, -2.500000000000002220, 3.500000000000000000 ) ) ;
#3007 = CARTESIAN_POINT ( 'NONE',  ( 5.464207484929336722, 17.91078643762689993, 3.500000000000000000 ) ) ;
#3008 = ORIENTED_EDGE ( 'NONE', *, *, #1578, .F. ) ;
#3009 = AXIS2_PLACEMENT_3D ( 'NONE', #1956, #2485, #2083 ) ;
#3010 = EDGE_LOOP ( 'NONE', ( #3273, #3195, #1731, #3043 ) ) ;
#3011 = EDGE_CURVE ( 'NONE', #2780, #3236, #1437, .T. ) ;
#3012 = DIRECTION ( 'NONE',  ( -0.000000000000000000, 0.000000000000000000, 1.000000000000000000 ) ) ;
#3013 = DIRECTION ( 'NONE',  ( 1.000000000000000000, 0.000000000000000000, 0.000000000000000000 ) ) ;
#3014 = CARTESIAN_POINT ( 'NONE',  ( 2.124999999999999112, -2.499999999999998224, 3.500000000000000000 ) ) ;
#3015 = ORIENTED_EDGE ( 'NONE', *, *, #1218, .F. ) ;
#3016 = ADVANCED_FACE ( 'NONE', ( #2418 ), #838, .F. ) ;
#3017 = CARTESIAN_POINT ( 'NONE',  ( 24.00000000000000000, 17.91078643762690348, 3.500000000000000000 ) ) ;
#3018 = CARTESIAN_POINT ( 'NONE',  ( 24.00000000000000355, 18.61789321881345671, 3.207106781186544797 ) ) ;
#3019 = CARTESIAN_POINT ( 'NONE',  ( 34.20000000000000284, 0.000000000000000000, 3.500000000000000000 ) ) ;
#3020 = ORIENTED_EDGE ( 'NONE', *, *, #381, .T. ) ;
#3021 = CARTESIAN_POINT ( 'NONE',  ( 2.125000000000000000, 16.50000000000000000, 3.500000000000000000 ) ) ;
#3022 = CARTESIAN_POINT ( 'NONE',  ( 0.4999999999999995559, -2.499999999999998224, 1.499999999999964917 ) ) ;
#3023 = VERTEX_POINT ( 'NONE', #1347 ) ;
#3024 = LINE ( 'NONE', #2765, #3306 ) ;
#3025 = CARTESIAN_POINT ( 'NONE',  ( -1.199999999999999734, -3.477239475888247444, 3.332685865621527022 ) ) ;
#3026 = VECTOR ( 'NONE', #3206, 1000.000000000000000 ) ;
#3027 = DIRECTION ( 'NONE',  ( 0.000000000000000000, 0.000000000000000000, -1.000000000000000000 ) ) ;
#3028 = CARTESIAN_POINT ( 'NONE',  ( 29.24999999999999645, 16.50000000000000000, 1.500000000000000000 ) ) ;
#3029 = ORIENTED_EDGE ( 'NONE', *, *, #1557, .F. ) ;
#3030 = EDGE_LOOP ( 'NONE', ( #1439, #1202, #1773, #1429 ) ) ;
#3031 = CARTESIAN_POINT ( 'NONE',  ( 30.87500000000000000, -2.500000000000002220, 3.500000000000000000 ) ) ;
#3032 = CARTESIAN_POINT ( 'NONE',  ( 3.750000000000000888, 16.50000000000000000, 0.000000000000000000 ) ) ;
#3033 = DIRECTION ( 'NONE',  ( -1.000000000000000000, -1.352610897447801803E-16, -0.000000000000000000 ) ) ;
#3034 = CARTESIAN_POINT ( 'NONE',  ( 15.00000000000000533, -4.825000000000009059, 1.585786437626895751 ) ) ;
#3035 = ADVANCED_FACE ( 'NONE', ( #1921 ), #2678, .F. ) ;
#3036 = FACE_OUTER_BOUND ( 'NONE', #3324, .T. ) ;
#3037 = CARTESIAN_POINT ( 'NONE',  ( 33.00000000000000000, 10.50000000000000178, 1.500000000000000000 ) ) ;
#3038 = DIRECTION ( 'NONE',  ( -1.000000000000000000, 0.000000000000000000, 0.000000000000000000 ) ) ;
#3039 = VERTEX_POINT ( 'NONE', #821 ) ;
#3040 = CARTESIAN_POINT ( 'NONE',  ( -1.199999999999999512, 3.500000000000000000, 0.000000000000000000 ) ) ;
#3041 = ORIENTED_EDGE ( 'NONE', *, *, #1797, .F. ) ;
#3042 = CIRCLE ( 'NONE', #2886, 1.000000000000000888 ) ;
#3043 = ORIENTED_EDGE ( 'NONE', *, *, #2818, .F. ) ;
#3044 = CARTESIAN_POINT ( 'NONE',  ( 4.483363447720876138, -4.718940548649287692, 3.106059451350709821 ) ) ;
#3045 = DIRECTION ( 'NONE',  ( 2.705221794895604099E-16, -1.000000000000000000, 0.000000000000000000 ) ) ;
#3046 = CIRCLE ( 'NONE', #2162, 1.000000000000000888 ) ;
#3047 = CARTESIAN_POINT ( 'NONE',  ( 30.87500000000000000, -2.500000000000002220, 3.500000000000000000 ) ) ;
#3048 = DIRECTION ( 'NONE',  ( 1.000000000000000000, 0.000000000000000000, 0.000000000000000000 ) ) ;
#3049 = EDGE_LOOP ( 'NONE', ( #3322, #977, #2738, #2194 ) ) ;
#3050 = ORIENTED_EDGE ( 'NONE', *, *, #2830, .F. ) ;
#3051 = CARTESIAN_POINT ( 'NONE',  ( 34.20000000000000284, -1.056047092180597335, 3.500000000000000000 ) ) ;
#3052 = LINE ( 'NONE', #887, #1056 ) ;
#3053 = DIRECTION ( 'NONE',  ( -9.800697604388719052E-17, 1.000000000000000000, 0.000000000000000000 ) ) ;
#3054 = FACE_OUTER_BOUND ( 'NONE', #2145, .T. ) ;
#3055 = AXIS2_PLACEMENT_3D ( 'NONE', #1814, #2328, #3148 ) ;
#3056 = CARTESIAN_POINT ( 'NONE',  ( 0.000000000000000000, -4.324999999999997513, 3.500000000000000000 ) ) ;
#3057 = CARTESIAN_POINT ( 'NONE',  ( 15.00000000000000533, 2.028916346171703888E-15, 0.000000000000000000 ) ) ;
#3058 = DIRECTION ( 'NONE',  ( 1.000000000000000000, 0.000000000000000000, 0.000000000000000000 ) ) ;
#3059 = ORIENTED_EDGE ( 'NONE', *, *, #857, .T. ) ;
#3060 = EDGE_CURVE ( 'NONE', #2330, #2876, #3280, .T. ) ;
#3061 = B_SPLINE_CURVE_WITH_KNOTS ( 'NONE', 3,
 ( #1706, #1203, #2784, #2502, #370, #389, #111, #1462, #2521, #923, #131, #2264, #3325, #944, #3044, #3063 ),
 .UNSPECIFIED., .F., .F.,
 ( 4, 2, 2, 2, 2, 2, 2, 4 ),
 ( 0.000000000000000000, 0.001536905292375252783, 0.002305357938562879391, 0.003073810584750505566, 0.003842263230938131741, 0.004610715877125758783, 0.005379168523313384957, 0.006147621169501009397 ),
 .UNSPECIFIED. ) ;
#3062 = ORIENTED_EDGE ( 'NONE', *, *, #659, .T. ) ;
#3063 = CARTESIAN_POINT ( 'NONE',  ( 4.697443180117587325, -4.617893218813449607, 3.207106781186548350 ) ) ;
#3064 = ADVANCED_FACE ( 'NONE', ( #1863 ), #2916, .F. ) ;
#3065 = CARTESIAN_POINT ( 'NONE',  ( 21.00000000000000000, 17.91078643762690348, 3.500000000000000000 ) ) ;
#3066 = PLANE ( 'NONE',  #2451 ) ;
#3067 = EDGE_CURVE ( 'NONE', #623, #1914, #1874, .T. ) ;
#3068 = CARTESIAN_POINT ( 'NONE',  ( 23.00000000000000355, -1.599999999999985212, 0.000000000000000000 ) ) ;
#3069 = ORIENTED_EDGE ( 'NONE', *, *, #2140, .T. ) ;
#3070 = VERTEX_POINT ( 'NONE', #19 ) ;
#3071 = DIRECTION ( 'NONE',  ( 1.000000000000000000, 1.352610897447802050E-16, 0.000000000000000000 ) ) ;
#3072 = CARTESIAN_POINT ( 'NONE',  ( 24.00000000000000000, 16.60000000000000142, -0.5000000000000000000 ) ) ;
#3073 = CARTESIAN_POINT ( 'NONE',  ( 0.000000000000000000, -3.910786437626903034, 2.500000000000000000 ) ) ;
#3074 = ADVANCED_FACE ( 'NONE', ( #2154 ), #2465, .T. ) ;
#3075 = VECTOR ( 'NONE', #3078, 1000.000000000000000 ) ;
#3076 = PLANE ( 'NONE',  #3214 ) ;
#3077 = AXIS2_PLACEMENT_3D ( 'NONE', #2929, #2693, #2974 ) ;
#3078 = DIRECTION ( 'NONE',  ( 1.000000000000000000, 0.000000000000000000, 0.000000000000000000 ) ) ;
#3079 = CARTESIAN_POINT ( 'NONE',  ( 22.00000000000000355, 16.60000000000000142, 3.500000000000000000 ) ) ;
#3080 = ORIENTED_EDGE ( 'NONE', *, *, #3379, .F. ) ;
#3081 = AXIS2_PLACEMENT_3D ( 'NONE', #1431, #416, #138 ) ;
#3082 = ADVANCED_FACE ( 'NONE', ( #64 ), #3276, .T. ) ;
#3083 = ORIENTED_EDGE ( 'NONE', *, *, #3011, .F. ) ;
#3084 = ORIENTED_EDGE ( 'NONE', *, *, #709, .F. ) ;
#3085 = DIRECTION ( 'NONE',  ( 0.000000000000000000, 0.000000000000000000, -1.000000000000000000 ) ) ;
#3086 = CYLINDRICAL_SURFACE ( 'NONE', #2795, 1.625000000000004885 ) ;
#3087 = CARTESIAN_POINT ( 'NONE',  ( -1.199999999999999512, -1.287653172836012994, 3.407743924515573397 ) ) ;
#3088 = ORIENTED_EDGE ( 'NONE', *, *, #1475, .F. ) ;
#3089 = EDGE_LOOP ( 'NONE', ( #2880, #1351, #546, #1775 ) ) ;
#3090 = DIRECTION ( 'NONE',  ( 1.352610897447802050E-16, -1.000000000000000000, 0.000000000000000000 ) ) ;
#3091 = CARTESIAN_POINT ( 'NONE',  ( 0.000000000000000000, -5.532106781186556077, 2.292893218813444101 ) ) ;
#3092 = AXIS2_PLACEMENT_3D ( 'NONE', #645, #1166, #1917 ) ;
#3093 = VECTOR ( 'NONE', #636, 1000.000000000000000 ) ;
#3094 = LINE ( 'NONE', #690, #831 ) ;
#3095 = ORIENTED_EDGE ( 'NONE', *, *, #2155, .F. ) ;
#3096 = PLANE ( 'NONE',  #2774 ) ;
#3097 = DIRECTION ( 'NONE',  ( 1.000000000000000000, 0.000000000000000000, 0.000000000000000000 ) ) ;
#3098 = LINE ( 'NONE', #507, #3263 ) ;
#3099 = EDGE_LOOP ( 'NONE', ( #958, #466, #1616, #349 ) ) ;
#3100 = ORIENTED_EDGE ( 'NONE', *, *, #2170, .T. ) ;
#3101 = ORIENTED_EDGE ( 'NONE', *, *, #877, .T. ) ;
#3102 = FACE_OUTER_BOUND ( 'NONE', #1028, .T. ) ;
#3103 = FACE_OUTER_BOUND ( 'NONE', #2762, .T. ) ;
#3104 = CIRCLE ( 'NONE', #2055, 1.000000000000000000 ) ;
#3105 = ORIENTED_EDGE ( 'NONE', *, *, #283, .T. ) ;
#3106 = ORIENTED_EDGE ( 'NONE', *, *, #3247, .T. ) ;
#3107 = CARTESIAN_POINT ( 'NONE',  ( 34.20000000000000284, -3.474769581847506839, 3.331971625163205442 ) ) ;
#3108 = CARTESIAN_POINT ( 'NONE',  ( 30.87500000000000000, 16.50000000000000000, 3.500000000000000000 ) ) ;
#3109 = EDGE_CURVE ( 'NONE', #1082, #982, #2235, .T. ) ;
#3110 = EDGE_CURVE ( 'NONE', #101, #954, #58, .T. ) ;
#3111 = VECTOR ( 'NONE', #172, 1000.000000000000000 ) ;
#3112 = DIRECTION ( 'NONE',  ( 1.690763621809753178E-17, -1.000000000000000000, 0.000000000000000000 ) ) ;
#3113 = CARTESIAN_POINT ( 'NONE',  ( 9.000000000000003553, -3.910786437626903034, 3.500000000000000000 ) ) ;
#3114 = CIRCLE ( 'NONE', #90, 3.625000000000013767 ) ;
#3115 = CARTESIAN_POINT ( 'NONE',  ( 15.00000000000000355, 18.61789321881345316, 3.207106781186547018 ) ) ;
#3116 = VERTEX_POINT ( 'NONE', #2272 ) ;
#3117 = EDGE_CURVE ( 'NONE', #2806, #1373, #631, .T. ) ;
#3118 = EDGE_CURVE ( 'NONE', #2592, #1273, #1348, .T. ) ;
#3119 = VERTEX_POINT ( 'NONE', #362 ) ;
#3120 = EDGE_CURVE ( 'NONE', #2252, #136, #1074, .T. ) ;
#3121 = CARTESIAN_POINT ( 'NONE',  ( 0.000000000000000000, 10.50000000000000000, 1.500000000000000000 ) ) ;
#3122 = DIRECTION ( 'NONE',  ( -1.000000000000000000, -0.000000000000000000, 0.000000000000000000 ) ) ;
#3123 = AXIS2_PLACEMENT_3D ( 'NONE', #156, #380, #3373 ) ;
#3124 = B_SPLINE_CURVE_WITH_KNOTS ( 'NONE', 3,
 ( #464, #1025, #2571, #1290, #216, #759 ),
 .UNSPECIFIED., .F., .F.,
 ( 4, 2, 4 ),
 ( 0.000000000000000000, 0.0007375178525093531836, 0.001475035705018701163 ),
 .UNSPECIFIED. ) ;
#3125 = LINE ( 'NONE', #171, #3216 ) ;
#3126 = CIRCLE ( 'NONE', #2344, 1.000000000000000888 ) ;
#3127 = CARTESIAN_POINT ( 'NONE',  ( 34.20000000000000284, 0.000000000000000000, 3.500000000000000000 ) ) ;
#3128 = ORIENTED_EDGE ( 'NONE', *, *, #1057, .T. ) ;
#3129 = ORIENTED_EDGE ( 'NONE', *, *, #908, .F. ) ;
#3130 = DIRECTION ( 'NONE',  ( 1.352610897447802050E-16, -1.000000000000000000, 0.000000000000000000 ) ) ;
#3131 = CARTESIAN_POINT ( 'NONE',  ( 34.00709195267318563, -4.324999999999997513, 3.500000000000000000 ) ) ;
#3132 = EDGE_CURVE ( 'NONE', #679, #39, #1023, .T. ) ;
#3133 = EDGE_CURVE ( 'NONE', #2655, #101, #1695, .T. ) ;
#3134 = CARTESIAN_POINT ( 'NONE',  ( 10.00000000000000000, 16.60000000000000142, -0.5000000000000000000 ) ) ;
#3135 = CARTESIAN_POINT ( 'NONE',  ( 15.00000000000000355, -5.825000000000009059, 1.585786437626895751 ) ) ;
#3136 = ADVANCED_FACE ( 'NONE', ( #379 ), #1743, .F. ) ;
#3137 = VERTEX_POINT ( 'NONE', #1993 ) ;
#3138 = ORIENTED_EDGE ( 'NONE', *, *, #2140, .F. ) ;
#3139 = AXIS2_PLACEMENT_3D ( 'NONE', #508, #2072, #3178 ) ;
#3140 = DIRECTION ( 'NONE',  ( 0.000000000000000000, 0.000000000000000000, -1.000000000000000000 ) ) ;
#3141 = LINE ( 'NONE', #2825, #1617 ) ;
#3142 = ORIENTED_EDGE ( 'NONE', *, *, #3118, .F. ) ;
#3143 = ORIENTED_EDGE ( 'NONE', *, *, #1225, .T. ) ;
#3144 = EDGE_CURVE ( 'NONE', #1449, #457, #2791, .T. ) ;
#3145 = PLANE ( 'NONE',  #233 ) ;
#3146 = FACE_OUTER_BOUND ( 'NONE', #359, .T. ) ;
#3147 = FACE_OUTER_BOUND ( 'NONE', #849, .T. ) ;
#3148 = DIRECTION ( 'NONE',  ( -1.000000000000000000, 0.000000000000000000, 0.000000000000000000 ) ) ;
#3149 = AXIS2_PLACEMENT_3D ( 'NONE', #641, #584, #1372 ) ;
#3150 = EDGE_LOOP ( 'NONE', ( #680, #2225, #940, #3154 ) ) ;
#3151 = VERTEX_POINT ( 'NONE', #2255 ) ;
#3152 = LINE ( 'NONE', #1563, #1850 ) ;
#3153 = AXIS2_PLACEMENT_3D ( 'NONE', #319, #76, #2740 ) ;
#3154 = ORIENTED_EDGE ( 'NONE', *, *, #2684, .F. ) ;
#3155 = ORIENTED_EDGE ( 'NONE', *, *, #3109, .F. ) ;
#3156 = CARTESIAN_POINT ( 'NONE',  ( 10.00000000000000178, -1.599999999999985212, 3.500000000000000000 ) ) ;
#3157 = CARTESIAN_POINT ( 'NONE',  ( 15.00000000000000355, 18.32500000000000284, 3.499999999999999556 ) ) ;
#3158 = DIRECTION ( 'NONE',  ( -1.000000000000000000, 0.000000000000000000, 0.000000000000000000 ) ) ;
#3159 = LINE ( 'NONE', #479, #1128 ) ;
#3160 = DIRECTION ( 'NONE',  ( -0.000000000000000000, -0.000000000000000000, 1.000000000000000000 ) ) ;
#3161 = AXIS2_PLACEMENT_3D ( 'NONE', #2343, #506, #199 ) ;
#3162 = CIRCLE ( 'NONE', #1325, 1.000000000000000888 ) ;
#3163 = ORIENTED_EDGE ( 'NONE', *, *, #2962, .T. ) ;
#3164 = AXIS2_PLACEMENT_3D ( 'NONE', #523, #3225, #294 ) ;
#3165 = ADVANCED_FACE ( 'NONE', ( #1452 ), #3313, .T. ) ;
#3166 = ORIENTED_EDGE ( 'NONE', *, *, #1314, .F. ) ;
#3167 = DIRECTION ( 'NONE',  ( 0.000000000000000000, -0.7071067811865441310, 0.7071067811865507924 ) ) ;
#3168 = CARTESIAN_POINT ( 'NONE',  ( 2.124999999999999112, -2.499999999999998224, 0.000000000000000000 ) ) ;
#3169 = ORIENTED_EDGE ( 'NONE', *, *, #408, .F. ) ;
#3170 = EDGE_CURVE ( 'NONE', #637, #2400, #121, .T. ) ;
#3171 = ORIENTED_EDGE ( 'NONE', *, *, #643, .F. ) ;
#3172 = CIRCLE ( 'NONE', #732, 1.000000000000000000 ) ;
#3173 = DIRECTION ( 'NONE',  ( 0.000000000000000000, 0.000000000000000000, -1.000000000000000000 ) ) ;
#3174 = CARTESIAN_POINT ( 'NONE',  ( 0.000000000000000000, -1.599999999999985212, 3.500000000000000000 ) ) ;
#3175 = ADVANCED_FACE ( 'NONE', ( #1195 ), #1460, .F. ) ;
#3176 = DIRECTION ( 'NONE',  ( 1.000000000000000000, 0.000000000000000000, 0.000000000000000000 ) ) ;
#3177 = CARTESIAN_POINT ( 'NONE',  ( 0.000000000000000000, -4.324999999999997513, 3.500000000000000000 ) ) ;
#3178 = DIRECTION ( 'NONE',  ( -1.000000000000000000, 0.000000000000000000, 0.000000000000000000 ) ) ;
#3179 = CARTESIAN_POINT ( 'NONE',  ( 4.483909100014157545, 18.71868299644367539, 3.106317003556324341 ) ) ;
#3180 = EDGE_CURVE ( 'NONE', #2968, #1837, #868, .T. ) ;
#3181 = ORIENTED_EDGE ( 'NONE', *, *, #381, .F. ) ;
#3182 = VECTOR ( 'NONE', #3351, 1000.000000000000000 ) ;
#3183 = ORIENTED_EDGE ( 'NONE', *, *, #3241, .F. ) ;
#3184 = VECTOR ( 'NONE', #1647, 1000.000000000000000 ) ;
#3185 = DIRECTION ( 'NONE',  ( 0.000000000000000000, -1.000000000000000000, -1.734723475976807094E-15 ) ) ;
#3186 = DIRECTION ( 'NONE',  ( -1.000000000000000000, 0.000000000000000000, 0.000000000000000000 ) ) ;
#3187 = EDGE_CURVE ( 'NONE', #2414, #1182, #344, .T. ) ;
#3188 = ORIENTED_EDGE ( 'NONE', *, *, #562, .F. ) ;
#3189 = VERTEX_POINT ( 'NONE', #80 ) ;
#3190 = CARTESIAN_POINT ( 'NONE',  ( 22.00000000000000355, 16.60000000000000142, -0.5000000000000000000 ) ) ;
#3191 = ORIENTED_EDGE ( 'NONE', *, *, #2388, .T. ) ;
#3192 = DIRECTION ( 'NONE',  ( -1.000000000000000000, -1.352610897447801803E-16, 0.000000000000000000 ) ) ;
#3193 = DIRECTION ( 'NONE',  ( -1.000000000000000000, 0.000000000000000000, 0.000000000000000000 ) ) ;
#3194 = ORIENTED_EDGE ( 'NONE', *, *, #3288, .F. ) ;
#3195 = ORIENTED_EDGE ( 'NONE', *, *, #3109, .T. ) ;
#3196 = CARTESIAN_POINT ( 'NONE',  ( 29.24999999999999645, 16.50000000000000000, 0.000000000000000000 ) ) ;
#3197 = DIRECTION ( 'NONE',  ( 0.000000000000000000, 0.000000000000000000, 1.000000000000000000 ) ) ;
#3198 = ORIENTED_EDGE ( 'NONE', *, *, #2275, .T. ) ;
#3199 = DIRECTION ( 'NONE',  ( -0.000000000000000000, 0.000000000000000000, 1.000000000000000000 ) ) ;
#3200 = EDGE_LOOP ( 'NONE', ( #872, #2591, #2812, #1002, #1712, #1705, #3309 ) ) ;
#3201 = FACE_BOUND ( 'NONE', #996, .T. ) ;
#3202 = LINE ( 'NONE', #2856, #557 ) ;
#3203 = CARTESIAN_POINT ( 'NONE',  ( 9.000000000000001776, 16.60000000000000142, 0.000000000000000000 ) ) ;
#3204 = CARTESIAN_POINT ( 'NONE',  ( -1.199999999999999956, 19.53210678118654897, 2.292893218813438772 ) ) ;
#3205 = LINE ( 'NONE', #2649, #1502 ) ;
#3206 = DIRECTION ( 'NONE',  ( -1.000000000000000000, -9.800697604388740006E-17, -0.000000000000000000 ) ) ;
#3207 = VECTOR ( 'NONE', #1964, 1000.000000000000000 ) ;
#3208 = DIRECTION ( 'NONE',  ( -0.000000000000000000, -0.000000000000000000, 1.000000000000000000 ) ) ;
#3209 = VECTOR ( 'NONE', #2691, 1000.000000000000000 ) ;
#3210 = DIRECTION ( 'NONE',  ( -0.000000000000000000, -0.000000000000000000, -1.000000000000000000 ) ) ;
#3211 = ORIENTED_EDGE ( 'NONE', *, *, #820, .F. ) ;
#3212 = CARTESIAN_POINT ( 'NONE',  ( 31.48508974566256668, 19.19693183764273314, 2.628068162357263926 ) ) ;
#3213 = CARTESIAN_POINT ( 'NONE',  ( 11.00000000000000178, 16.60000000000000142, 3.500000000000000000 ) ) ;
#3214 = AXIS2_PLACEMENT_3D ( 'NONE', #2752, #2793, #1215 ) ;
#3215 = ADVANCED_FACE ( 'NONE', ( #1151 ), #2217, .T. ) ;
#3216 = VECTOR ( 'NONE', #999, 1000.000000000000000 ) ;
#3217 = ORIENTED_EDGE ( 'NONE', *, *, #2371, .T. ) ;
#3218 = EDGE_CURVE ( 'NONE', #2924, #741, #1267, .T. ) ;
#3219 = PLANE ( 'NONE',  #2144 ) ;
#3220 = ORIENTED_EDGE ( 'NONE', *, *, #2155, .T. ) ;
#3221 = DIRECTION ( 'NONE',  ( 0.000000000000000000, 1.000000000000000000, -0.000000000000000000 ) ) ;
#3222 = CARTESIAN_POINT ( 'NONE',  ( 5.464207484929333170, -3.910786437626903034, 3.500000000000000000 ) ) ;
#3223 = CARTESIAN_POINT ( 'NONE',  ( 24.00000000000000355, 3.246266153874725116E-15, 3.500000000000000000 ) ) ;
#3224 = DIRECTION ( 'NONE',  ( -1.000000000000000000, 0.000000000000000000, 0.000000000000000000 ) ) ;
#3225 = DIRECTION ( 'NONE',  ( -1.000000000000000000, -1.352610897447801803E-16, 0.000000000000000000 ) ) ;
#3226 = CARTESIAN_POINT ( 'NONE',  ( -1.199999999999999512, -3.943952907819400000, 3.500000000000000000 ) ) ;
#3227 = ORIENTED_EDGE ( 'NONE', *, *, #3170, .F. ) ;
#3228 = CARTESIAN_POINT ( 'NONE',  ( 18.00000000000001066, -5.825000000000009059, 1.585786437626895751 ) ) ;
#3229 = CARTESIAN_POINT ( 'NONE',  ( 21.00000000000000355, -3.910786437626903034, 3.500000000000000000 ) ) ;
#3230 = ORIENTED_EDGE ( 'NONE', *, *, #1537, .F. ) ;
#3231 = VERTEX_POINT ( 'NONE', #1285 ) ;
#3232 = VECTOR ( 'NONE', #1432, 1000.000000000000000 ) ;
#3233 = DIRECTION ( 'NONE',  ( -0.000000000000000000, -0.000000000000000000, -1.000000000000000000 ) ) ;
#3234 = LINE ( 'NONE', #93, #1413 ) ;
#3235 = DIRECTION ( 'NONE',  ( 0.000000000000000000, 0.000000000000000000, 1.000000000000000000 ) ) ;
#3236 = VERTEX_POINT ( 'NONE', #2870 ) ;
#3237 = DIRECTION ( 'NONE',  ( 0.000000000000000000, 0.000000000000000000, 1.000000000000000000 ) ) ;
#3238 = CARTESIAN_POINT ( 'NONE',  ( 2.812078020067351414, 19.18773003662039400, 2.637269963379596849 ) ) ;
#3239 = AXIS2_PLACEMENT_3D ( 'NONE', #1992, #1230, #1471 ) ;
#3240 = EDGE_CURVE ( 'NONE', #1275, #101, #1553, .T. ) ;
#3241 = EDGE_CURVE ( 'NONE', #1318, #2163, #1787, .T. ) ;
#3242 = PLANE ( 'NONE',  #1245 ) ;
#3243 = B_SPLINE_CURVE_WITH_KNOTS ( 'NONE', 3,
 ( #1728, #1688, #3025, #92, #924, #1165 ),
 .UNSPECIFIED., .F., .F.,
 ( 4, 2, 4 ),
 ( 0.000000000000000000, 0.0007375178525093511236, 0.001475035705018702247 ),
 .UNSPECIFIED. ) ;
#3244 = ORIENTED_EDGE ( 'NONE', *, *, #20, .F. ) ;
#3245 = AXIS2_PLACEMENT_3D ( 'NONE', #1130, #2689, #1709 ) ;
#3246 = DIRECTION ( 'NONE',  ( 0.000000000000000000, 0.000000000000000000, 1.000000000000000000 ) ) ;
#3247 = EDGE_CURVE ( 'NONE', #874, #1911, #489, .T. ) ;
#3248 = CARTESIAN_POINT ( 'NONE',  ( 34.20000000000000284, -2.003317854219678118, 3.228697616962736383 ) ) ;
#3249 = ORIENTED_EDGE ( 'NONE', *, *, #3218, .F. ) ;
#3250 = ORIENTED_EDGE ( 'NONE', *, *, #2095, .T. ) ;
#3251 = DIRECTION ( 'NONE',  ( -1.000000000000000000, -2.605123775248693438E-26, 0.000000000000000000 ) ) ;
#3252 = CARTESIAN_POINT ( 'NONE',  ( 2.125000000000000000, 16.50000000000000000, 1.499999999999964917 ) ) ;
#3253 = CARTESIAN_POINT ( 'NONE',  ( 24.00000000000000000, 19.82500000000000284, 1.585786437626895751 ) ) ;
#3254 = ORIENTED_EDGE ( 'NONE', *, *, #1314, .T. ) ;
#3255 = LINE ( 'NONE', #1134, #2912 ) ;
#3256 = DIRECTION ( 'NONE',  ( 1.000000000000000000, 0.000000000000000000, 0.000000000000000000 ) ) ;
#3257 = AXIS2_PLACEMENT_3D ( 'NONE', #2429, #47, #587 ) ;
#3258 = EDGE_CURVE ( 'NONE', #323, #2041, #2238, .T. ) ;
#3259 = LINE ( 'NONE', #3056, #2060 ) ;
#3260 = ORIENTED_EDGE ( 'NONE', *, *, #962, .F. ) ;
#3261 = EDGE_CURVE ( 'NONE', #517, #2389, #1909, .T. ) ;
#3262 = DIRECTION ( 'NONE',  ( 0.000000000000000000, -1.000000000000000000, 0.000000000000000000 ) ) ;
#3263 = VECTOR ( 'NONE', #1774, 1000.000000000000000 ) ;
#3264 = ORIENTED_EDGE ( 'NONE', *, *, #3118, .T. ) ;
#3265 = EDGE_CURVE ( 'NONE', #39, #2481, #1021, .T. ) ;
#3266 = ORIENTED_EDGE ( 'NONE', *, *, #155, .F. ) ;
#3267 = LINE ( 'NONE', #1930, #307 ) ;
#3268 = DIRECTION ( 'NONE',  ( 1.000000000000000000, 0.000000000000000000, 0.000000000000000000 ) ) ;
#3269 = EDGE_CURVE ( 'NONE', #979, #2306, #2068, .T. ) ;
#3270 = LINE ( 'NONE', #2480, #2548 ) ;
#3271 = AXIS2_PLACEMENT_3D ( 'NONE', #3047, #192, #1783 ) ;
#3272 = ORIENTED_EDGE ( 'NONE', *, *, #896, .F. ) ;
#3273 = ORIENTED_EDGE ( 'NONE', *, *, #408, .T. ) ;
#3274 = CARTESIAN_POINT ( 'NONE',  ( -1.199999999999999512, -2.028916346171703013E-17, 0.000000000000000000 ) ) ;
#3275 = DIRECTION ( 'NONE',  ( -1.000000000000000000, 0.000000000000000000, 0.000000000000000000 ) ) ;
#3276 = PLANE ( 'NONE',  #1804 ) ;
#3277 = VECTOR ( 'NONE', #750, 1000.000000000000000 ) ;
#3278 = CARTESIAN_POINT ( 'NONE',  ( 9.000000000000001776, 19.53210678118654897, 2.292893218813439660 ) ) ;
#3279 = VECTOR ( 'NONE', #743, 1000.000000000000000 ) ;
#3280 = B_SPLINE_CURVE_WITH_KNOTS ( 'NONE', 3,
 ( #1119, #3179, #310, #1381, #50, #1073, #3238, #2184, #2634, #805, #1313, #3435, #1052, #2116, #277, #793 ),
 .UNSPECIFIED., .F., .F.,
 ( 4, 2, 2, 2, 2, 2, 2, 4 ),
 ( 0.0006913382732638487238, 0.001459640554714513802, 0.002227942836165180615, 0.002996245117615846994, 0.003764547399066513374, 0.004532849680517180187, 0.005301151961967846132, 0.006837756524869182360 ),
 .UNSPECIFIED. ) ;
#3281 = DIRECTION ( 'NONE',  ( 1.352610897447802050E-16, -1.000000000000000000, 0.000000000000000000 ) ) ;
#3282 = VERTEX_POINT ( 'NONE', #1810 ) ;
#3283 = CIRCLE ( 'NONE', #1950, 1.624999999999999778 ) ;
#3284 = DIRECTION ( 'NONE',  ( -0.7071067811865483499, 8.659560562354942719E-17, 0.7071067811865467956 ) ) ;
#3285 = ORIENTED_EDGE ( 'NONE', *, *, #2161, .T. ) ;
#3286 = ORIENTED_EDGE ( 'NONE', *, *, #1543, .T. ) ;
#3287 = PLANE ( 'NONE',  #2265 ) ;
#3288 = EDGE_CURVE ( 'NONE', #2141, #323, #1768, .T. ) ;
#3289 = FACE_OUTER_BOUND ( 'NONE', #407, .T. ) ;
#3290 = DIRECTION ( 'NONE',  ( 1.000000000000000000, 1.352610897447801803E-16, 0.000000000000000000 ) ) ;
#3291 = ORIENTED_EDGE ( 'NONE', *, *, #1286, .F. ) ;
#3292 = AXIS2_PLACEMENT_3D ( 'NONE', #3014, #912, #1660 ) ;
#3293 = ORIENTED_EDGE ( 'NONE', *, *, #1268, .T. ) ;
#3294 = PLANE ( 'NONE',  #1592 ) ;
#3295 = LINE ( 'NONE', #120, #271 ) ;
#3296 = CARTESIAN_POINT ( 'NONE',  ( 21.00000000000000355, 2.840482884640384575E-15, 0.000000000000000000 ) ) ;
#3297 = CARTESIAN_POINT ( 'NONE',  ( 21.00000000000000000, 18.82500000000000284, 1.585786437626895751 ) ) ;
#3298 = AXIS2_PLACEMENT_3D ( 'NONE', #728, #2915, #1036 ) ;
#3299 = CARTESIAN_POINT ( 'NONE',  ( 9.000000000000001776, 19.82499999999999929, -0.5000000000000000000 ) ) ;
#3300 = CARTESIAN_POINT ( 'NONE',  ( 18.00000000000000355, 19.82500000000000284, 1.585786437626895751 ) ) ;
#3301 = CYLINDRICAL_SURFACE ( 'NONE', #1546, 1.625000000000004885 ) ;
#3302 = ORIENTED_EDGE ( 'NONE', *, *, #1013, .T. ) ;
#3303 = ORIENTED_EDGE ( 'NONE', *, *, #1537, .T. ) ;
#3304 = CARTESIAN_POINT ( 'NONE',  ( 16.00000000000000000, 15.60000000000000142, 3.500000000000000000 ) ) ;
#3305 = DIRECTION ( 'NONE',  ( 1.000000000000000000, 9.800697604388740006E-17, 0.000000000000000000 ) ) ;
#3306 = VECTOR ( 'NONE', #1186, 1000.000000000000000 ) ;
#3307 = CARTESIAN_POINT ( 'NONE',  ( 30.87500000000000000, -2.500000000000002220, 3.500000000000000000 ) ) ;
#3308 = LINE ( 'NONE', #1446, #2701 ) ;
#3309 = ORIENTED_EDGE ( 'NONE', *, *, #1258, .T. ) ;
#3310 = ORIENTED_EDGE ( 'NONE', *, *, #2018, .T. ) ;
#3311 = CARTESIAN_POINT ( 'NONE',  ( 12.00000000000000355, -4.825000000000009059, 1.585786437626895751 ) ) ;
#3312 = DIRECTION ( 'NONE',  ( 1.000000000000000000, 0.000000000000000000, 0.000000000000000000 ) ) ;
#3313 = CYLINDRICAL_SURFACE ( 'NONE', #117, 1.000000000000000888 ) ;
#3314 = FACE_OUTER_BOUND ( 'NONE', #2457, .T. ) ;
#3315 = CYLINDRICAL_SURFACE ( 'NONE', #683, 1.000000000000000888 ) ;
#3316 = DIRECTION ( 'NONE',  ( 1.000000000000000000, -0.000000000000000000, -0.000000000000000000 ) ) ;
#3317 = FACE_OUTER_BOUND ( 'NONE', #658, .T. ) ;
#3318 = AXIS2_PLACEMENT_3D ( 'NONE', #355, #644, #2196 ) ;
#3319 = EDGE_CURVE ( 'NONE', #1306, #2246, #2544, .T. ) ;
#3320 = VERTEX_POINT ( 'NONE', #1567 ) ;
#3321 = ADVANCED_FACE ( 'NONE', ( #2567 ), #3145, .F. ) ;
#3322 = ORIENTED_EDGE ( 'NONE', *, *, #2089, .F. ) ;
#3323 = CIRCLE ( 'NONE', #366, 3.625000000000013767 ) ;
#3324 = EDGE_LOOP ( 'NONE', ( #2596, #1303, #195, #2251 ) ) ;
#3325 = CARTESIAN_POINT ( 'NONE',  ( 3.799973721577901475, -4.972503504528919649, 2.852496495471077864 ) ) ;
#3326 = ADVANCED_FACE ( 'NONE', ( #742 ), #707, .T. ) ;
#3327 = CARTESIAN_POINT ( 'NONE',  ( 12.00000000000000355, -4.617893218813449607, 3.207106781186548350 ) ) ;
#3328 = AXIS2_PLACEMENT_3D ( 'NONE', #1206, #668, #2524 ) ;
#3329 = DIRECTION ( 'NONE',  ( -0.000000000000000000, -0.000000000000000000, 1.000000000000000000 ) ) ;
#3330 = FACE_OUTER_BOUND ( 'NONE', #2182, .T. ) ;
#3331 = ORIENTED_EDGE ( 'NONE', *, *, #806, .F. ) ;
#3332 = ORIENTED_EDGE ( 'NONE', *, *, #1268, .F. ) ;
#3333 = CYLINDRICAL_SURFACE ( 'NONE', #498, 1.000000000000000000 ) ;
#3334 = DIRECTION ( 'NONE',  ( 0.000000000000000000, -1.000000000000000000, 0.000000000000000000 ) ) ;
#3335 = DIRECTION ( 'NONE',  ( 1.000000000000000000, -0.000000000000000000, -0.000000000000000000 ) ) ;
#3336 = VECTOR ( 'NONE', #81, 1000.000000000000000 ) ;
#3337 = VERTEX_POINT ( 'NONE', #689 ) ;
#3338 = DIRECTION ( 'NONE',  ( -1.000000000000000000, -9.800697604388740006E-17, 0.000000000000000000 ) ) ;
#3339 = EDGE_CURVE ( 'NONE', #2232, #458, #1123, .T. ) ;
#3340 = DIRECTION ( 'NONE',  ( 1.000000000000000000, 9.800697604388740006E-17, 0.000000000000000000 ) ) ;
#3341 = CARTESIAN_POINT ( 'NONE',  ( 33.00000000000000000, 14.00000000000000000, 0.000000000000000000 ) ) ;
#3342 = AXIS2_PLACEMENT_3D ( 'NONE', #3034, #2810, #1177 ) ;
#3343 = ORIENTED_EDGE ( 'NONE', *, *, #243, .F. ) ;
#3344 = VERTEX_POINT ( 'NONE', #154 ) ;
#3345 = ORIENTED_EDGE ( 'NONE', *, *, #1401, .T. ) ;
#3346 = DIRECTION ( 'NONE',  ( 0.000000000000000000, 0.000000000000000000, 1.000000000000000000 ) ) ;
#3347 = CARTESIAN_POINT ( 'NONE',  ( -1.199999999999999067, -1.525230418152494272, 3.331971625163199668 ) ) ;
#3348 = ORIENTED_EDGE ( 'NONE', *, *, #428, .F. ) ;
#3349 = ORIENTED_EDGE ( 'NONE', *, *, #2572, .T. ) ;
#3350 = DIRECTION ( 'NONE',  ( 1.352610897447801803E-16, -1.000000000000000000, 0.000000000000000000 ) ) ;
#3351 = DIRECTION ( 'NONE',  ( 0.000000000000000000, 1.000000000000000000, -0.000000000000000000 ) ) ;
#3352 = ORIENTED_EDGE ( 'NONE', *, *, #2505, .T. ) ;
#3353 = AXIS2_PLACEMENT_3D ( 'NONE', #2815, #2550, #1477 ) ;
#3354 = LINE ( 'NONE', #1300, #1383 ) ;
#3355 = CARTESIAN_POINT ( 'NONE',  ( 34.20000000000000284, 16.74943609564979141, 3.199999999999988631 ) ) ;
#3356 = LINE ( 'NONE', #712, #2378 ) ;
#3357 = ORIENTED_EDGE ( 'NONE', *, *, #775, .T. ) ;
#3358 = CARTESIAN_POINT ( 'NONE',  ( 0.000000000000000000, 0.000000000000000000, 1.500000000000000000 ) ) ;
#3359 = AXIS2_PLACEMENT_3D ( 'NONE', #1051, #2115, #2692 ) ;
#3360 = EDGE_CURVE ( 'NONE', #110, #2999, #1231, .T. ) ;
#3361 = ORIENTED_EDGE ( 'NONE', *, *, #3247, .F. ) ;
#3362 = ORIENTED_EDGE ( 'NONE', *, *, #329, .F. ) ;
#3363 = EDGE_CURVE ( 'NONE', #499, #343, #2074, .T. ) ;
#3364 = LINE ( 'NONE', #2934, #83 ) ;
#3365 = FACE_OUTER_BOUND ( 'NONE', #2769, .T. ) ;
#3366 = EDGE_CURVE ( 'NONE', #1914, #1870, #1800, .T. ) ;
#3367 = DIRECTION ( 'NONE',  ( 0.000000000000000000, -1.000000000000000000, 0.000000000000000000 ) ) ;
#3368 = CARTESIAN_POINT ( 'NONE',  ( 24.00000000000000355, -5.532106781186556077, 2.292893218813444545 ) ) ;
#3369 = EDGE_LOOP ( 'NONE', ( #2697, #875, #415, #205 ) ) ;
#3370 = EDGE_LOOP ( 'NONE', ( #146, #795, #3345, #3230, #2088, #1114, #2578, #2442 ) ) ;
#3371 = DIRECTION ( 'NONE',  ( 1.000000000000000000, -0.000000000000000000, -0.000000000000000000 ) ) ;
#3372 = AXIS2_PLACEMENT_3D ( 'NONE', #1703, #2760, #1198 ) ;
#3373 = DIRECTION ( 'NONE',  ( 0.000000000000000000, -0.000000000000000000, -1.000000000000000000 ) ) ;
#3374 = LINE ( 'NONE', #3408, #1890 ) ;
#3375 = EDGE_CURVE ( 'NONE', #723, #1200, #726, .T. ) ;
#3376 = EDGE_CURVE ( 'NONE', #2655, #1906, #112, .T. ) ;
#3377 = CARTESIAN_POINT ( 'NONE',  ( -0.000000000000000000, 15.60000000000000142, 3.500000000000000000 ) ) ;
#3378 = DIRECTION ( 'NONE',  ( 0.7071067811865439090, 0.000000000000000000, 0.7071067811865512365 ) ) ;
#3379 = EDGE_CURVE ( 'NONE', #537, #1273, #3446, .T. ) ;
#3380 = EDGE_LOOP ( 'NONE', ( #128, #1277, #211, #1983 ) ) ;
#3381 = ORIENTED_EDGE ( 'NONE', *, *, #527, .T. ) ;
#3382 = DIRECTION ( 'NONE',  ( -1.000000000000000000, -1.352610897447801803E-16, -0.000000000000000000 ) ) ;
#3383 = DIRECTION ( 'NONE',  ( 0.000000000000000000, 0.000000000000000000, -1.000000000000000000 ) ) ;
#3384 = EDGE_CURVE ( 'NONE', #304, #1487, #1840, .T. ) ;
#3385 = ADVANCED_FACE ( 'NONE', ( #3201, #240, #2128 ), #15, .F. ) ;
#3386 = CARTESIAN_POINT ( 'NONE',  ( 18.00000000000001066, 4.869399230812089647E-15, -0.5000000000000000000 ) ) ;
#3387 = CARTESIAN_POINT ( 'NONE',  ( 15.00000000000000355, 18.82499999999999929, 1.585786437626895751 ) ) ;
#3388 = VECTOR ( 'NONE', #3284, 1000.000000000000000 ) ;
#3389 = ORIENTED_EDGE ( 'NONE', *, *, #751, .F. ) ;
#3390 = ORIENTED_EDGE ( 'NONE', *, *, #3011, .T. ) ;
#3391 = DIRECTION ( 'NONE',  ( -9.564403378921635921E-17, 0.7071067811865483499, 0.7071067811865466846 ) ) ;
#3392 = CARTESIAN_POINT ( 'NONE',  ( 18.00000000000000711, 11.16250000000009024, 10.66249999999998188 ) ) ;
#3393 = ADVANCED_FACE ( 'NONE', ( #538 ), #2645, .F. ) ;
#3394 = CARTESIAN_POINT ( 'NONE',  ( -1.007091952673182078, -4.324999999999997513, 3.500000000000000000 ) ) ;
#3395 = AXIS2_PLACEMENT_3D ( 'NONE', #1630, #855, #2372 ) ;
#3396 = DIRECTION ( 'NONE',  ( 1.000000000000000000, 1.690763621809753178E-17, -0.000000000000000000 ) ) ;
#3397 = ORIENTED_EDGE ( 'NONE', *, *, #1464, .F. ) ;
#3398 = EDGE_CURVE ( 'NONE', #2426, #96, #1083, .T. ) ;
#3399 = ORIENTED_EDGE ( 'NONE', *, *, #2440, .F. ) ;
#3400 = DIRECTION ( 'NONE',  ( -1.000000000000000000, 0.000000000000000000, 0.000000000000000000 ) ) ;
#3401 = DIRECTION ( 'NONE',  ( -1.000000000000000000, 0.000000000000000000, 0.000000000000000000 ) ) ;
#3402 = VERTEX_POINT ( 'NONE', #2166 ) ;
#3403 = ORIENTED_EDGE ( 'NONE', *, *, #1161, .T. ) ;
#3404 = EDGE_CURVE ( 'NONE', #3116, #3282, #2909, .T. ) ;
#3405 = CARTESIAN_POINT ( 'NONE',  ( 34.20000000000000284, -2.500000000000002220, 3.199999999999988631 ) ) ;
#3406 = DIRECTION ( 'NONE',  ( -1.000000000000000000, 0.000000000000000000, 0.000000000000000000 ) ) ;
#3407 = LINE ( 'NONE', #3174, #2273 ) ;
#3408 = CARTESIAN_POINT ( 'NONE',  ( 12.00000000000000000, 19.82499999999999929, -0.5000000000000000000 ) ) ;
#3409 = VERTEX_POINT ( 'NONE', #3156 ) ;
#3410 = ORIENTED_EDGE ( 'NONE', *, *, #296, .T. ) ;
#3411 = AXIS2_PLACEMENT_3D ( 'NONE', #228, #1793, #3418 ) ;
#3412 = CARTESIAN_POINT ( 'NONE',  ( 4.852147874742999356, -4.544871377234716014, 3.280128622765282831 ) ) ;
#3413 = CARTESIAN_POINT ( 'NONE',  ( 0.000000000000000000, 0.000000000000000000, 3.500000000000000000 ) ) ;
#3414 = VERTEX_POINT ( 'NONE', #518 ) ;
#3415 = ORIENTED_EDGE ( 'NONE', *, *, #884, .F. ) ;
#3416 = DIRECTION ( 'NONE',  ( 1.352610897447802050E-16, -1.000000000000000000, 0.000000000000000000 ) ) ;
#3417 = DIRECTION ( 'NONE',  ( 1.000000000000000000, 0.000000000000000000, 0.000000000000000000 ) ) ;
#3418 = DIRECTION ( 'NONE',  ( 0.000000000000000000, -0.000000000000000000, -1.000000000000000000 ) ) ;
#3419 = CARTESIAN_POINT ( 'NONE',  ( 30.87500000000000000, 16.50000000000000000, 1.499999999999998224 ) ) ;
#3420 = EDGE_CURVE ( 'NONE', #516, #1046, #1595, .T. ) ;
#3421 = VERTEX_POINT ( 'NONE', #1324 ) ;
#3422 = ADVANCED_FACE ( 'NONE', ( #1610 ), #2661, .F. ) ;
#3423 = ADVANCED_FACE ( 'NONE', ( #1341 ), #832, .F. ) ;
#3424 = CARTESIAN_POINT ( 'NONE',  ( 4.998647220398707347, -4.456541317554000514, 3.347448530337997941 ) ) ;
#3425 = DIRECTION ( 'NONE',  ( -1.000000000000000000, 0.000000000000000000, -0.000000000000000000 ) ) ;
#3426 = CIRCLE ( 'NONE', #1316, 1.000000000000000000 ) ;
#3427 = EDGE_CURVE ( 'NONE', #458, #2232, #2573, .T. ) ;
#3428 = ORIENTED_EDGE ( 'NONE', *, *, #592, .F. ) ;
#3429 = ORIENTED_EDGE ( 'NONE', *, *, #261, .T. ) ;
#3430 = EDGE_CURVE ( 'NONE', #1337, #2412, #30, .T. ) ;
#3431 = CARTESIAN_POINT ( 'NONE',  ( 32.47745100268613783, -4.994390371573705245, 2.830609628426293156 ) ) ;
#3432 = PLANE ( 'NONE',  #2329 ) ;
#3433 = CYLINDRICAL_SURFACE ( 'NONE', #1190, 1.624999999999999778 ) ;
#3434 = DIRECTION ( 'NONE',  ( -1.000000000000000000, -9.800697604388740006E-17, 0.000000000000000000 ) ) ;
#3435 = CARTESIAN_POINT ( 'NONE',  ( 0.7675610679316740015, 19.06164064261837154, 2.763359357381621084 ) ) ;
#3436 = ORIENTED_EDGE ( 'NONE', *, *, #1319, .T. ) ;
#3437 = EDGE_CURVE ( 'NONE', #1929, #424, #2955, .T. ) ;
#3438 = AXIS2_PLACEMENT_3D ( 'NONE', #1494, #1739, #615 ) ;
#3439 = VERTEX_POINT ( 'NONE', #3358 ) ;
#3440 = CARTESIAN_POINT ( 'NONE',  ( 9.000000000000003553, -3.910786437626903034, 2.500000000000000000 ) ) ;
#3441 = CARTESIAN_POINT ( 'NONE',  ( 9.000000000000003553, 6.086749038515111072E-16, 3.500000000000000000 ) ) ;
#3442 = VECTOR ( 'NONE', #2363, 1000.000000000000000 ) ;
#3443 = ORIENTED_EDGE ( 'NONE', *, *, #502, .T. ) ;
#3444 = ORIENTED_EDGE ( 'NONE', *, *, #1307, .T. ) ;
#3445 = VECTOR ( 'NONE', #1995, 1000.000000000000000 ) ;
#3446 = LINE ( 'NONE', #1097, #2122 ) ;
ENDSEC;
END-ISO-10303-21;
